maze,agent,seed,episode,steps,total_reward,reached_goal,optimal_steps
small26_opt,qlearning,0,0,100,-100.0,False,9
small26_opt,qlearning,0,1,100,-100.0,False,9
small26_opt,qlearning,0,2,29,-18.0,True,9
small26_opt,qlearning,0,3,9,2.0,True,9
small26_opt,qlearning,0,4,9,2.0,True,9
small26_opt,qlearning,0,5,9,2.0,True,9
small26_opt,qlearning,0,6,94,-83.0,True,9
small26_opt,qlearning,0,7,11,0.0,True,9
small26_opt,qlearning,0,8,64,-53.0,True,9
small26_opt,qlearning,0,9,9,2.0,True,9
small26_opt,qlearning,0,10,9,2.0,True,9
small26_opt,qlearning,0,11,9,2.0,True,9
small26_opt,qlearning,0,12,21,-10.0,True,9
small26_opt,qlearning,0,13,9,2.0,True,9
small26_opt,qlearning,0,14,9,2.0,True,9
small26_opt,qlearning,0,15,9,2.0,True,9
small26_opt,qlearning,0,16,11,0.0,True,9
small26_opt,qlearning,0,17,9,2.0,True,9
small26_opt,qlearning,0,18,9,2.0,True,9
small26_opt,qlearning,0,19,9,2.0,True,9
small26_opt,qlearning,0,20,9,2.0,True,9
small26_opt,qlearning,0,21,10,1.0,True,9
small26_opt,qlearning,0,22,9,2.0,True,9
small26_opt,qlearning,0,23,9,2.0,True,9
small26_opt,qlearning,0,24,9,2.0,True,9
small26_opt,qlearning,0,25,9,2.0,True,9
small26_opt,qlearning,0,26,9,2.0,True,9
small26_opt,qlearning,0,27,9,2.0,True,9
small26_opt,qlearning,0,28,9,2.0,True,9
small26_opt,qlearning,0,29,9,2.0,True,9
small26_opt,qlearning,0,30,9,2.0,True,9
small26_opt,qlearning,0,31,9,2.0,True,9
small26_opt,qlearning,0,32,11,0.0,True,9
small26_opt,qlearning,0,33,9,2.0,True,9
small26_opt,qlearning,0,34,9,2.0,True,9
small26_opt,qlearning,0,35,11,0.0,True,9
small26_opt,qlearning,0,36,11,0.0,True,9
small26_opt,qlearning,0,37,9,2.0,True,9
small26_opt,qlearning,0,38,10,1.0,True,9
small26_opt,qlearning,0,39,9,2.0,True,9
small26_opt,qlearning,0,40,10,1.0,True,9
small26_opt,qlearning,0,41,9,2.0,True,9
small26_opt,qlearning,0,42,9,2.0,True,9
small26_opt,qlearning,0,43,9,2.0,True,9
small26_opt,qlearning,0,44,9,2.0,True,9
small26_opt,qlearning,0,45,9,2.0,True,9
small26_opt,qlearning,0,46,9,2.0,True,9
small26_opt,qlearning,0,47,9,2.0,True,9
small26_opt,qlearning,0,48,9,2.0,True,9
small26_opt,qlearning,0,49,9,2.0,True,9
small26_opt,qlearning,0,50,9,2.0,True,9
small26_opt,qlearning,0,51,9,2.0,True,9
small26_opt,qlearning,0,52,9,2.0,True,9
small26_opt,qlearning,0,53,9,2.0,True,9
small26_opt,qlearning,0,54,9,2.0,True,9
small26_opt,qlearning,0,55,11,0.0,True,9
small26_opt,qlearning,0,56,9,2.0,True,9
small26_opt,qlearning,0,57,9,2.0,True,9
small26_opt,qlearning,0,58,9,2.0,True,9
small26_opt,qlearning,0,59,9,2.0,True,9
small26_opt,qlearning,0,60,9,2.0,True,9
small26_opt,qlearning,0,61,9,2.0,True,9
small26_opt,qlearning,0,62,9,2.0,True,9
small26_opt,qlearning,0,63,9,2.0,True,9
small26_opt,qlearning,0,64,11,0.0,True,9
small26_opt,qlearning,0,65,9,2.0,True,9
small26_opt,qlearning,0,66,9,2.0,True,9
small26_opt,qlearning,0,67,11,0.0,True,9
small26_opt,qlearning,0,68,9,2.0,True,9
small26_opt,qlearning,0,69,10,1.0,True,9
small26_opt,qlearning,0,70,9,2.0,True,9
small26_opt,qlearning,0,71,9,2.0,True,9
small26_opt,qlearning,0,72,9,2.0,True,9
small26_opt,qlearning,0,73,9,2.0,True,9
small26_opt,qlearning,0,74,9,2.0,True,9
small26_opt,qlearning,0,75,9,2.0,True,9
small26_opt,qlearning,0,76,9,2.0,True,9
small26_opt,qlearning,0,77,9,2.0,True,9
small26_opt,qlearning,0,78,9,2.0,True,9
small26_opt,qlearning,0,79,9,2.0,True,9
small26_opt,qlearning,0,80,9,2.0,True,9
small26_opt,qlearning,0,81,9,2.0,True,9
small26_opt,qlearning,0,82,11,0.0,True,9
small26_opt,qlearning,0,83,9,2.0,True,9
small26_opt,qlearning,0,84,9,2.0,True,9
small26_opt,qlearning,0,85,9,2.0,True,9
small26_opt,qlearning,0,86,9,2.0,True,9
small26_opt,qlearning,0,87,9,2.0,True,9
small26_opt,qlearning,0,88,9,2.0,True,9
small26_opt,qlearning,0,89,9,2.0,True,9
small26_opt,qlearning,0,90,11,0.0,True,9
small26_opt,qlearning,0,91,9,2.0,True,9
small26_opt,qlearning,0,92,9,2.0,True,9
small26_opt,qlearning,0,93,9,2.0,True,9
small26_opt,qlearning,0,94,9,2.0,True,9
small26_opt,qlearning,0,95,9,2.0,True,9
small26_opt,qlearning,0,96,9,2.0,True,9
small26_opt,qlearning,0,97,9,2.0,True,9
small26_opt,qlearning,0,98,10,1.0,True,9
small26_opt,qlearning,0,99,9,2.0,True,9
small26_opt,qlearning,0,100,9,2.0,True,9
small26_opt,qlearning,0,101,9,2.0,True,9
small26_opt,qlearning,0,102,9,2.0,True,9
small26_opt,qlearning,0,103,9,2.0,True,9
small26_opt,qlearning,0,104,9,2.0,True,9
small26_opt,qlearning,0,105,9,2.0,True,9
small26_opt,qlearning,0,106,9,2.0,True,9
small26_opt,qlearning,0,107,9,2.0,True,9
small26_opt,qlearning,0,108,9,2.0,True,9
small26_opt,qlearning,0,109,9,2.0,True,9
small26_opt,qlearning,0,110,9,2.0,True,9
small26_opt,qlearning,0,111,9,2.0,True,9
small26_opt,qlearning,0,112,9,2.0,True,9
small26_opt,qlearning,0,113,9,2.0,True,9
small26_opt,qlearning,0,114,9,2.0,True,9
small26_opt,qlearning,0,115,9,2.0,True,9
small26_opt,qlearning,0,116,9,2.0,True,9
small26_opt,qlearning,0,117,9,2.0,True,9
small26_opt,qlearning,0,118,9,2.0,True,9
small26_opt,qlearning,0,119,9,2.0,True,9
small26_opt,qlearning,0,120,9,2.0,True,9
small26_opt,qlearning,0,121,9,2.0,True,9
small26_opt,qlearning,0,122,9,2.0,True,9
small26_opt,qlearning,0,123,11,0.0,True,9
small26_opt,qlearning,0,124,9,2.0,True,9
small26_opt,qlearning,0,125,9,2.0,True,9
small26_opt,qlearning,0,126,9,2.0,True,9
small26_opt,qlearning,0,127,9,2.0,True,9
small26_opt,qlearning,0,128,9,2.0,True,9
small26_opt,qlearning,0,129,9,2.0,True,9
small26_opt,qlearning,0,130,9,2.0,True,9
small26_opt,qlearning,0,131,9,2.0,True,9
small26_opt,qlearning,0,132,9,2.0,True,9
small26_opt,qlearning,0,133,9,2.0,True,9
small26_opt,qlearning,0,134,9,2.0,True,9
small26_opt,qlearning,0,135,9,2.0,True,9
small26_opt,qlearning,0,136,9,2.0,True,9
small26_opt,qlearning,0,137,9,2.0,True,9
small26_opt,qlearning,0,138,9,2.0,True,9
small26_opt,qlearning,0,139,9,2.0,True,9
small26_opt,qlearning,0,140,11,0.0,True,9
small26_opt,qlearning,0,141,9,2.0,True,9
small26_opt,qlearning,0,142,10,1.0,True,9
small26_opt,qlearning,0,143,9,2.0,True,9
small26_opt,qlearning,0,144,9,2.0,True,9
small26_opt,qlearning,0,145,9,2.0,True,9
small26_opt,qlearning,0,146,9,2.0,True,9
small26_opt,qlearning,0,147,9,2.0,True,9
small26_opt,qlearning,0,148,9,2.0,True,9
small26_opt,qlearning,0,149,9,2.0,True,9
small26_opt,qlearning,0,150,9,2.0,True,9
small26_opt,qlearning,0,151,9,2.0,True,9
small26_opt,qlearning,0,152,9,2.0,True,9
small26_opt,qlearning,0,153,9,2.0,True,9
small26_opt,qlearning,0,154,9,2.0,True,9
small26_opt,qlearning,0,155,10,1.0,True,9
small26_opt,qlearning,0,156,9,2.0,True,9
small26_opt,qlearning,0,157,9,2.0,True,9
small26_opt,qlearning,0,158,9,2.0,True,9
small26_opt,qlearning,0,159,9,2.0,True,9
small26_opt,qlearning,0,160,9,2.0,True,9
small26_opt,qlearning,0,161,9,2.0,True,9
small26_opt,qlearning,0,162,9,2.0,True,9
small26_opt,qlearning,0,163,9,2.0,True,9
small26_opt,qlearning,0,164,9,2.0,True,9
small26_opt,qlearning,0,165,9,2.0,True,9
small26_opt,qlearning,0,166,9,2.0,True,9
small26_opt,qlearning,0,167,11,0.0,True,9
small26_opt,qlearning,0,168,9,2.0,True,9
small26_opt,qlearning,0,169,9,2.0,True,9
small26_opt,qlearning,0,170,9,2.0,True,9
small26_opt,qlearning,0,171,9,2.0,True,9
small26_opt,qlearning,0,172,11,0.0,True,9
small26_opt,qlearning,0,173,9,2.0,True,9
small26_opt,qlearning,0,174,9,2.0,True,9
small26_opt,qlearning,0,175,9,2.0,True,9
small26_opt,qlearning,0,176,9,2.0,True,9
small26_opt,qlearning,0,177,9,2.0,True,9
small26_opt,qlearning,0,178,9,2.0,True,9
small26_opt,qlearning,0,179,9,2.0,True,9
small26_opt,qlearning,0,180,9,2.0,True,9
small26_opt,qlearning,0,181,9,2.0,True,9
small26_opt,qlearning,0,182,9,2.0,True,9
small26_opt,qlearning,0,183,9,2.0,True,9
small26_opt,qlearning,0,184,9,2.0,True,9
small26_opt,qlearning,0,185,9,2.0,True,9
small26_opt,qlearning,0,186,9,2.0,True,9
small26_opt,qlearning,0,187,9,2.0,True,9
small26_opt,qlearning,0,188,9,2.0,True,9
small26_opt,qlearning,0,189,9,2.0,True,9
small26_opt,qlearning,0,190,9,2.0,True,9
small26_opt,qlearning,0,191,9,2.0,True,9
small26_opt,qlearning,0,192,9,2.0,True,9
small26_opt,qlearning,0,193,9,2.0,True,9
small26_opt,qlearning,0,194,9,2.0,True,9
small26_opt,qlearning,0,195,9,2.0,True,9
small26_opt,qlearning,0,196,9,2.0,True,9
small26_opt,qlearning,0,197,9,2.0,True,9
small26_opt,qlearning,0,198,10,1.0,True,9
small26_opt,qlearning,0,199,9,2.0,True,9
small26_opt,qlearning,0,200,9,2.0,True,9
small26_opt,qlearning,0,201,9,2.0,True,9
small26_opt,qlearning,0,202,9,2.0,True,9
small26_opt,qlearning,0,203,9,2.0,True,9
small26_opt,qlearning,0,204,9,2.0,True,9
small26_opt,qlearning,0,205,9,2.0,True,9
small26_opt,qlearning,0,206,9,2.0,True,9
small26_opt,qlearning,0,207,9,2.0,True,9
small26_opt,qlearning,0,208,9,2.0,True,9
small26_opt,qlearning,0,209,11,0.0,True,9
small26_opt,qlearning,0,210,9,2.0,True,9
small26_opt,qlearning,0,211,10,1.0,True,9
small26_opt,qlearning,0,212,9,2.0,True,9
small26_opt,qlearning,0,213,9,2.0,True,9
small26_opt,qlearning,0,214,9,2.0,True,9
small26_opt,qlearning,0,215,9,2.0,True,9
small26_opt,qlearning,0,216,9,2.0,True,9
small26_opt,qlearning,0,217,9,2.0,True,9
small26_opt,qlearning,0,218,9,2.0,True,9
small26_opt,qlearning,0,219,9,2.0,True,9
small26_opt,qlearning,0,220,9,2.0,True,9
small26_opt,qlearning,0,221,9,2.0,True,9
small26_opt,qlearning,0,222,9,2.0,True,9
small26_opt,qlearning,0,223,9,2.0,True,9
small26_opt,qlearning,0,224,9,2.0,True,9
small26_opt,qlearning,0,225,9,2.0,True,9
small26_opt,qlearning,0,226,10,1.0,True,9
small26_opt,qlearning,0,227,9,2.0,True,9
small26_opt,qlearning,0,228,9,2.0,True,9
small26_opt,qlearning,0,229,9,2.0,True,9
small26_opt,qlearning,0,230,9,2.0,True,9
small26_opt,qlearning,0,231,9,2.0,True,9
small26_opt,qlearning,0,232,9,2.0,True,9
small26_opt,qlearning,0,233,9,2.0,True,9
small26_opt,qlearning,0,234,9,2.0,True,9
small26_opt,qlearning,0,235,9,2.0,True,9
small26_opt,qlearning,0,236,9,2.0,True,9
small26_opt,qlearning,0,237,9,2.0,True,9
small26_opt,qlearning,0,238,9,2.0,True,9
small26_opt,qlearning,0,239,9,2.0,True,9
small26_opt,qlearning,0,240,9,2.0,True,9
small26_opt,qlearning,0,241,9,2.0,True,9
small26_opt,qlearning,0,242,9,2.0,True,9
small26_opt,qlearning,0,243,9,2.0,True,9
small26_opt,qlearning,0,244,9,2.0,True,9
small26_opt,qlearning,0,245,9,2.0,True,9
small26_opt,qlearning,0,246,9,2.0,True,9
small26_opt,qlearning,0,247,9,2.0,True,9
small26_opt,qlearning,0,248,9,2.0,True,9
small26_opt,qlearning,0,249,9,2.0,True,9
small26_opt,qlearning,0,250,9,2.0,True,9
small26_opt,qlearning,0,251,9,2.0,True,9
small26_opt,qlearning,0,252,9,2.0,True,9
small26_opt,qlearning,0,253,9,2.0,True,9
small26_opt,qlearning,0,254,9,2.0,True,9
small26_opt,qlearning,0,255,9,2.0,True,9
small26_opt,qlearning,0,256,9,2.0,True,9
small26_opt,qlearning,0,257,9,2.0,True,9
small26_opt,qlearning,0,258,9,2.0,True,9
small26_opt,qlearning,0,259,9,2.0,True,9
small26_opt,qlearning,0,260,9,2.0,True,9
small26_opt,qlearning,0,261,9,2.0,True,9
small26_opt,qlearning,0,262,9,2.0,True,9
small26_opt,qlearning,0,263,9,2.0,True,9
small26_opt,qlearning,0,264,9,2.0,True,9
small26_opt,qlearning,0,265,9,2.0,True,9
small26_opt,qlearning,0,266,9,2.0,True,9
small26_opt,qlearning,0,267,9,2.0,True,9
small26_opt,qlearning,0,268,9,2.0,True,9
small26_opt,qlearning,0,269,9,2.0,True,9
small26_opt,qlearning,0,270,9,2.0,True,9
small26_opt,qlearning,0,271,9,2.0,True,9
small26_opt,qlearning,0,272,9,2.0,True,9
small26_opt,qlearning,0,273,9,2.0,True,9
small26_opt,qlearning,0,274,9,2.0,True,9
small26_opt,qlearning,0,275,9,2.0,True,9
small26_opt,qlearning,0,276,9,2.0,True,9
small26_opt,qlearning,0,277,9,2.0,True,9
small26_opt,qlearning,0,278,9,2.0,True,9
small26_opt,qlearning,0,279,9,2.0,True,9
small26_opt,qlearning,0,280,9,2.0,True,9
small26_opt,qlearning,0,281,11,0.0,True,9
small26_opt,qlearning,0,282,9,2.0,True,9
small26_opt,qlearning,0,283,9,2.0,True,9
small26_opt,qlearning,0,284,9,2.0,True,9
small26_opt,qlearning,0,285,9,2.0,True,9
small26_opt,qlearning,0,286,9,2.0,True,9
small26_opt,qlearning,0,287,9,2.0,True,9
small26_opt,qlearning,0,288,9,2.0,True,9
small26_opt,qlearning,0,289,9,2.0,True,9
small26_opt,qlearning,0,290,9,2.0,True,9
small26_opt,qlearning,0,291,11,0.0,True,9
small26_opt,qlearning,0,292,9,2.0,True,9
small26_opt,qlearning,0,293,9,2.0,True,9
small26_opt,qlearning,0,294,9,2.0,True,9
small26_opt,qlearning,0,295,9,2.0,True,9
small26_opt,qlearning,0,296,9,2.0,True,9
small26_opt,qlearning,0,297,9,2.0,True,9
small26_opt,qlearning,0,298,9,2.0,True,9
small26_opt,qlearning,0,299,9,2.0,True,9
small26_opt,qlearning,0,300,9,2.0,True,9
small26_opt,qlearning,0,301,9,2.0,True,9
small26_opt,qlearning,0,302,9,2.0,True,9
small26_opt,qlearning,0,303,9,2.0,True,9
small26_opt,qlearning,0,304,9,2.0,True,9
small26_opt,qlearning,0,305,9,2.0,True,9
small26_opt,qlearning,0,306,9,2.0,True,9
small26_opt,qlearning,0,307,9,2.0,True,9
small26_opt,qlearning,0,308,9,2.0,True,9
small26_opt,qlearning,0,309,9,2.0,True,9
small26_opt,qlearning,0,310,9,2.0,True,9
small26_opt,qlearning,0,311,9,2.0,True,9
small26_opt,qlearning,0,312,9,2.0,True,9
small26_opt,qlearning,0,313,9,2.0,True,9
small26_opt,qlearning,0,314,9,2.0,True,9
small26_opt,qlearning,0,315,9,2.0,True,9
small26_opt,qlearning,0,316,9,2.0,True,9
small26_opt,qlearning,0,317,9,2.0,True,9
small26_opt,qlearning,0,318,9,2.0,True,9
small26_opt,qlearning,0,319,9,2.0,True,9
small26_opt,qlearning,0,320,9,2.0,True,9
small26_opt,qlearning,0,321,9,2.0,True,9
small26_opt,qlearning,0,322,9,2.0,True,9
small26_opt,qlearning,0,323,9,2.0,True,9
small26_opt,qlearning,0,324,9,2.0,True,9
small26_opt,qlearning,0,325,9,2.0,True,9
small26_opt,qlearning,0,326,9,2.0,True,9
small26_opt,qlearning,0,327,9,2.0,True,9
small26_opt,qlearning,0,328,9,2.0,True,9
small26_opt,qlearning,0,329,9,2.0,True,9
small26_opt,qlearning,0,330,9,2.0,True,9
small26_opt,qlearning,0,331,9,2.0,True,9
small26_opt,qlearning,0,332,9,2.0,True,9
small26_opt,qlearning,0,333,9,2.0,True,9
small26_opt,qlearning,0,334,9,2.0,True,9
small26_opt,qlearning,0,335,9,2.0,True,9
small26_opt,qlearning,0,336,9,2.0,True,9
small26_opt,qlearning,0,337,11,0.0,True,9
small26_opt,qlearning,0,338,9,2.0,True,9
small26_opt,qlearning,0,339,9,2.0,True,9
small26_opt,qlearning,0,340,9,2.0,True,9
small26_opt,qlearning,0,341,9,2.0,True,9
small26_opt,qlearning,0,342,9,2.0,True,9
small26_opt,qlearning,0,343,9,2.0,True,9
small26_opt,qlearning,0,344,9,2.0,True,9
small26_opt,qlearning,0,345,9,2.0,True,9
small26_opt,qlearning,0,346,9,2.0,True,9
small26_opt,qlearning,0,347,9,2.0,True,9
small26_opt,qlearning,0,348,9,2.0,True,9
small26_opt,qlearning,0,349,9,2.0,True,9
small26_opt,qlearning,0,350,9,2.0,True,9
small26_opt,qlearning,0,351,9,2.0,True,9
small26_opt,qlearning,0,352,9,2.0,True,9
small26_opt,qlearning,0,353,9,2.0,True,9
small26_opt,qlearning,0,354,9,2.0,True,9
small26_opt,qlearning,0,355,9,2.0,True,9
small26_opt,qlearning,0,356,9,2.0,True,9
small26_opt,qlearning,0,357,11,0.0,True,9
small26_opt,qlearning,0,358,9,2.0,True,9
small26_opt,qlearning,0,359,10,1.0,True,9
small26_opt,qlearning,0,360,9,2.0,True,9
small26_opt,qlearning,0,361,9,2.0,True,9
small26_opt,qlearning,0,362,9,2.0,True,9
small26_opt,qlearning,0,363,9,2.0,True,9
small26_opt,qlearning,0,364,9,2.0,True,9
small26_opt,qlearning,0,365,9,2.0,True,9
small26_opt,qlearning,0,366,9,2.0,True,9
small26_opt,qlearning,0,367,9,2.0,True,9
small26_opt,qlearning,0,368,9,2.0,True,9
small26_opt,qlearning,0,369,9,2.0,True,9
small26_opt,qlearning,0,370,9,2.0,True,9
small26_opt,qlearning,0,371,9,2.0,True,9
small26_opt,qlearning,0,372,9,2.0,True,9
small26_opt,qlearning,0,373,9,2.0,True,9
small26_opt,qlearning,0,374,9,2.0,True,9
small26_opt,qlearning,0,375,9,2.0,True,9
small26_opt,qlearning,0,376,9,2.0,True,9
small26_opt,qlearning,0,377,9,2.0,True,9
small26_opt,qlearning,0,378,9,2.0,True,9
small26_opt,qlearning,0,379,9,2.0,True,9
small26_opt,qlearning,0,380,9,2.0,True,9
small26_opt,qlearning,0,381,9,2.0,True,9
small26_opt,qlearning,0,382,9,2.0,True,9
small26_opt,qlearning,0,383,9,2.0,True,9
small26_opt,qlearning,0,384,9,2.0,True,9
small26_opt,qlearning,0,385,9,2.0,True,9
small26_opt,qlearning,0,386,9,2.0,True,9
small26_opt,qlearning,0,387,9,2.0,True,9
small26_opt,qlearning,0,388,9,2.0,True,9
small26_opt,qlearning,0,389,9,2.0,True,9
small26_opt,qlearning,0,390,9,2.0,True,9
small26_opt,qlearning,0,391,9,2.0,True,9
small26_opt,qlearning,0,392,9,2.0,True,9
small26_opt,qlearning,0,393,9,2.0,True,9
small26_opt,qlearning,0,394,9,2.0,True,9
small26_opt,qlearning,0,395,9,2.0,True,9
small26_opt,qlearning,0,396,9,2.0,True,9
small26_opt,qlearning,0,397,9,2.0,True,9
small26_opt,qlearning,0,398,9,2.0,True,9
small26_opt,qlearning,0,399,9,2.0,True,9
small26_opt,mlp,0,0,100,-100.0,False,9
small26_opt,mlp,0,1,100,-100.0,False,9
small26_opt,mlp,0,2,100,-100.0,False,9
small26_opt,mlp,0,3,100,-100.0,False,9
small26_opt,mlp,0,4,38,-27.0,True,9
small26_opt,mlp,0,5,32,-21.0,True,9
small26_opt,mlp,0,6,9,2.0,True,9
small26_opt,mlp,0,7,11,0.0,True,9
small26_opt,mlp,0,8,9,2.0,True,9
small26_opt,mlp,0,9,9,2.0,True,9
small26_opt,mlp,0,10,20,-9.0,True,9
small26_opt,mlp,0,11,100,-100.0,False,9
small26_opt,mlp,0,12,28,-17.0,True,9
small26_opt,mlp,0,13,15,-4.0,True,9
small26_opt,mlp,0,14,10,1.0,True,9
small26_opt,mlp,0,15,9,2.0,True,9
small26_opt,mlp,0,16,9,2.0,True,9
small26_opt,mlp,0,17,10,1.0,True,9
small26_opt,mlp,0,18,11,0.0,True,9
small26_opt,mlp,0,19,9,2.0,True,9
small26_opt,mlp,0,20,9,2.0,True,9
small26_opt,mlp,0,21,9,2.0,True,9
small26_opt,mlp,0,22,10,1.0,True,9
small26_opt,mlp,0,23,9,2.0,True,9
small26_opt,mlp,0,24,9,2.0,True,9
small26_opt,mlp,0,25,9,2.0,True,9
small26_opt,mlp,0,26,9,2.0,True,9
small26_opt,mlp,0,27,9,2.0,True,9
small26_opt,mlp,0,28,9,2.0,True,9
small26_opt,mlp,0,29,9,2.0,True,9
small26_opt,mlp,0,30,9,2.0,True,9
small26_opt,mlp,0,31,9,2.0,True,9
small26_opt,mlp,0,32,9,2.0,True,9
small26_opt,mlp,0,33,10,1.0,True,9
small26_opt,mlp,0,34,9,2.0,True,9
small26_opt,mlp,0,35,100,-100.0,False,9
small26_opt,mlp,0,36,16,-5.0,True,9
small26_opt,mlp,0,37,11,0.0,True,9
small26_opt,mlp,0,38,100,-100.0,False,9
small26_opt,mlp,0,39,9,2.0,True,9
small26_opt,mlp,0,40,9,2.0,True,9
small26_opt,mlp,0,41,9,2.0,True,9
small26_opt,mlp,0,42,10,1.0,True,9
small26_opt,mlp,0,43,9,2.0,True,9
small26_opt,mlp,0,44,9,2.0,True,9
small26_opt,mlp,0,45,9,2.0,True,9
small26_opt,mlp,0,46,9,2.0,True,9
small26_opt,mlp,0,47,9,2.0,True,9
small26_opt,mlp,0,48,11,0.0,True,9
small26_opt,mlp,0,49,9,2.0,True,9
small26_opt,mlp,0,50,9,2.0,True,9
small26_opt,mlp,0,51,9,2.0,True,9
small26_opt,mlp,0,52,9,2.0,True,9
small26_opt,mlp,0,53,9,2.0,True,9
small26_opt,mlp,0,54,9,2.0,True,9
small26_opt,mlp,0,55,9,2.0,True,9
small26_opt,mlp,0,56,9,2.0,True,9
small26_opt,mlp,0,57,9,2.0,True,9
small26_opt,mlp,0,58,12,-1.0,True,9
small26_opt,mlp,0,59,9,2.0,True,9
small26_opt,mlp,0,60,17,-6.0,True,9
small26_opt,mlp,0,61,10,1.0,True,9
small26_opt,mlp,0,62,9,2.0,True,9
small26_opt,mlp,0,63,9,2.0,True,9
small26_opt,mlp,0,64,10,1.0,True,9
small26_opt,mlp,0,65,9,2.0,True,9
small26_opt,mlp,0,66,9,2.0,True,9
small26_opt,mlp,0,67,9,2.0,True,9
small26_opt,mlp,0,68,9,2.0,True,9
small26_opt,mlp,0,69,21,-10.0,True,9
small26_opt,mlp,0,70,11,0.0,True,9
small26_opt,mlp,0,71,9,2.0,True,9
small26_opt,mlp,0,72,9,2.0,True,9
small26_opt,mlp,0,73,13,-2.0,True,9
small26_opt,mlp,0,74,9,2.0,True,9
small26_opt,mlp,0,75,10,1.0,True,9
small26_opt,mlp,0,76,9,2.0,True,9
small26_opt,mlp,0,77,15,-4.0,True,9
small26_opt,mlp,0,78,9,2.0,True,9
small26_opt,mlp,0,79,9,2.0,True,9
small26_opt,mlp,0,80,9,2.0,True,9
small26_opt,mlp,0,81,9,2.0,True,9
small26_opt,mlp,0,82,17,-6.0,True,9
small26_opt,mlp,0,83,9,2.0,True,9
small26_opt,mlp,0,84,9,2.0,True,9
small26_opt,mlp,0,85,9,2.0,True,9
small26_opt,mlp,0,86,9,2.0,True,9
small26_opt,mlp,0,87,9,2.0,True,9
small26_opt,mlp,0,88,9,2.0,True,9
small26_opt,mlp,0,89,9,2.0,True,9
small26_opt,mlp,0,90,9,2.0,True,9
small26_opt,mlp,0,91,9,2.0,True,9
small26_opt,mlp,0,92,9,2.0,True,9
small26_opt,mlp,0,93,9,2.0,True,9
small26_opt,mlp,0,94,9,2.0,True,9
small26_opt,mlp,0,95,9,2.0,True,9
small26_opt,mlp,0,96,9,2.0,True,9
small26_opt,mlp,0,97,9,2.0,True,9
small26_opt,mlp,0,98,9,2.0,True,9
small26_opt,mlp,0,99,9,2.0,True,9
small26_opt,mlp,0,100,9,2.0,True,9
small26_opt,mlp,0,101,9,2.0,True,9
small26_opt,mlp,0,102,9,2.0,True,9
small26_opt,mlp,0,103,9,2.0,True,9
small26_opt,mlp,0,104,9,2.0,True,9
small26_opt,mlp,0,105,9,2.0,True,9
small26_opt,mlp,0,106,9,2.0,True,9
small26_opt,mlp,0,107,9,2.0,True,9
small26_opt,mlp,0,108,9,2.0,True,9
small26_opt,mlp,0,109,9,2.0,True,9
small26_opt,mlp,0,110,9,2.0,True,9
small26_opt,mlp,0,111,9,2.0,True,9
small26_opt,mlp,0,112,11,0.0,True,9
small26_opt,mlp,0,113,9,2.0,True,9
small26_opt,mlp,0,114,10,1.0,True,9
small26_opt,mlp,0,115,14,-3.0,True,9
small26_opt,mlp,0,116,9,2.0,True,9
small26_opt,mlp,0,117,9,2.0,True,9
small26_opt,mlp,0,118,9,2.0,True,9
small26_opt,mlp,0,119,9,2.0,True,9
small26_opt,mlp,0,120,9,2.0,True,9
small26_opt,mlp,0,121,9,2.0,True,9
small26_opt,mlp,0,122,11,0.0,True,9
small26_opt,mlp,0,123,9,2.0,True,9
small26_opt,mlp,0,124,9,2.0,True,9
small26_opt,mlp,0,125,20,-9.0,True,9
small26_opt,mlp,0,126,16,-5.0,True,9
small26_opt,mlp,0,127,9,2.0,True,9
small26_opt,mlp,0,128,9,2.0,True,9
small26_opt,mlp,0,129,9,2.0,True,9
small26_opt,mlp,0,130,9,2.0,True,9
small26_opt,mlp,0,131,9,2.0,True,9
small26_opt,mlp,0,132,9,2.0,True,9
small26_opt,mlp,0,133,9,2.0,True,9
small26_opt,mlp,0,134,9,2.0,True,9
small26_opt,mlp,0,135,9,2.0,True,9
small26_opt,mlp,0,136,9,2.0,True,9
small26_opt,mlp,0,137,9,2.0,True,9
small26_opt,mlp,0,138,9,2.0,True,9
small26_opt,mlp,0,139,9,2.0,True,9
small26_opt,mlp,0,140,9,2.0,True,9
small26_opt,mlp,0,141,9,2.0,True,9
small26_opt,mlp,0,142,9,2.0,True,9
small26_opt,mlp,0,143,9,2.0,True,9
small26_opt,mlp,0,144,9,2.0,True,9
small26_opt,mlp,0,145,9,2.0,True,9
small26_opt,mlp,0,146,10,1.0,True,9
small26_opt,mlp,0,147,9,2.0,True,9
small26_opt,mlp,0,148,9,2.0,True,9
small26_opt,mlp,0,149,9,2.0,True,9
small26_opt,mlp,0,150,9,2.0,True,9
small26_opt,mlp,0,151,9,2.0,True,9
small26_opt,mlp,0,152,9,2.0,True,9
small26_opt,mlp,0,153,9,2.0,True,9
small26_opt,mlp,0,154,9,2.0,True,9
small26_opt,mlp,0,155,9,2.0,True,9
small26_opt,mlp,0,156,9,2.0,True,9
small26_opt,mlp,0,157,9,2.0,True,9
small26_opt,mlp,0,158,9,2.0,True,9
small26_opt,mlp,0,159,9,2.0,True,9
small26_opt,mlp,0,160,9,2.0,True,9
small26_opt,mlp,0,161,9,2.0,True,9
small26_opt,mlp,0,162,9,2.0,True,9
small26_opt,mlp,0,163,9,2.0,True,9
small26_opt,mlp,0,164,9,2.0,True,9
small26_opt,mlp,0,165,9,2.0,True,9
small26_opt,mlp,0,166,9,2.0,True,9
small26_opt,mlp,0,167,9,2.0,True,9
small26_opt,mlp,0,168,9,2.0,True,9
small26_opt,mlp,0,169,9,2.0,True,9
small26_opt,mlp,0,170,9,2.0,True,9
small26_opt,mlp,0,171,9,2.0,True,9
small26_opt,mlp,0,172,9,2.0,True,9
small26_opt,mlp,0,173,9,2.0,True,9
small26_opt,mlp,0,174,9,2.0,True,9
small26_opt,mlp,0,175,9,2.0,True,9
small26_opt,mlp,0,176,9,2.0,True,9
small26_opt,mlp,0,177,9,2.0,True,9
small26_opt,mlp,0,178,9,2.0,True,9
small26_opt,mlp,0,179,9,2.0,True,9
small26_opt,mlp,0,180,9,2.0,True,9
small26_opt,mlp,0,181,9,2.0,True,9
small26_opt,mlp,0,182,9,2.0,True,9
small26_opt,mlp,0,183,9,2.0,True,9
small26_opt,mlp,0,184,9,2.0,True,9
small26_opt,mlp,0,185,9,2.0,True,9
small26_opt,mlp,0,186,9,2.0,True,9
small26_opt,mlp,0,187,9,2.0,True,9
small26_opt,mlp,0,188,9,2.0,True,9
small26_opt,mlp,0,189,9,2.0,True,9
small26_opt,mlp,0,190,9,2.0,True,9
small26_opt,mlp,0,191,9,2.0,True,9
small26_opt,mlp,0,192,9,2.0,True,9
small26_opt,mlp,0,193,9,2.0,True,9
small26_opt,mlp,0,194,9,2.0,True,9
small26_opt,mlp,0,195,9,2.0,True,9
small26_opt,mlp,0,196,9,2.0,True,9
small26_opt,mlp,0,197,9,2.0,True,9
small26_opt,mlp,0,198,9,2.0,True,9
small26_opt,mlp,0,199,9,2.0,True,9
small26_opt,mlp,0,200,9,2.0,True,9
small26_opt,mlp,0,201,9,2.0,True,9
small26_opt,mlp,0,202,9,2.0,True,9
small26_opt,mlp,0,203,9,2.0,True,9
small26_opt,mlp,0,204,9,2.0,True,9
small26_opt,mlp,0,205,9,2.0,True,9
small26_opt,mlp,0,206,9,2.0,True,9
small26_opt,mlp,0,207,9,2.0,True,9
small26_opt,mlp,0,208,9,2.0,True,9
small26_opt,mlp,0,209,9,2.0,True,9
small26_opt,mlp,0,210,9,2.0,True,9
small26_opt,mlp,0,211,9,2.0,True,9
small26_opt,mlp,0,212,9,2.0,True,9
small26_opt,mlp,0,213,9,2.0,True,9
small26_opt,mlp,0,214,9,2.0,True,9
small26_opt,mlp,0,215,9,2.0,True,9
small26_opt,mlp,0,216,9,2.0,True,9
small26_opt,mlp,0,217,9,2.0,True,9
small26_opt,mlp,0,218,9,2.0,True,9
small26_opt,mlp,0,219,9,2.0,True,9
small26_opt,mlp,0,220,9,2.0,True,9
small26_opt,mlp,0,221,9,2.0,True,9
small26_opt,mlp,0,222,9,2.0,True,9
small26_opt,mlp,0,223,9,2.0,True,9
small26_opt,mlp,0,224,9,2.0,True,9
small26_opt,mlp,0,225,9,2.0,True,9
small26_opt,mlp,0,226,9,2.0,True,9
small26_opt,mlp,0,227,9,2.0,True,9
small26_opt,mlp,0,228,9,2.0,True,9
small26_opt,mlp,0,229,9,2.0,True,9
small26_opt,mlp,0,230,9,2.0,True,9
small26_opt,mlp,0,231,9,2.0,True,9
small26_opt,mlp,0,232,9,2.0,True,9
small26_opt,mlp,0,233,9,2.0,True,9
small26_opt,mlp,0,234,9,2.0,True,9
small26_opt,mlp,0,235,9,2.0,True,9
small26_opt,mlp,0,236,9,2.0,True,9
small26_opt,mlp,0,237,9,2.0,True,9
small26_opt,mlp,0,238,9,2.0,True,9
small26_opt,mlp,0,239,9,2.0,True,9
small26_opt,mlp,0,240,9,2.0,True,9
small26_opt,mlp,0,241,9,2.0,True,9
small26_opt,mlp,0,242,9,2.0,True,9
small26_opt,mlp,0,243,9,2.0,True,9
small26_opt,mlp,0,244,9,2.0,True,9
small26_opt,mlp,0,245,10,1.0,True,9
small26_opt,mlp,0,246,9,2.0,True,9
small26_opt,mlp,0,247,9,2.0,True,9
small26_opt,mlp,0,248,9,2.0,True,9
small26_opt,mlp,0,249,9,2.0,True,9
small26_opt,mlp,0,250,9,2.0,True,9
small26_opt,mlp,0,251,9,2.0,True,9
small26_opt,mlp,0,252,9,2.0,True,9
small26_opt,mlp,0,253,9,2.0,True,9
small26_opt,mlp,0,254,11,0.0,True,9
small26_opt,mlp,0,255,9,2.0,True,9
small26_opt,mlp,0,256,9,2.0,True,9
small26_opt,mlp,0,257,9,2.0,True,9
small26_opt,mlp,0,258,9,2.0,True,9
small26_opt,mlp,0,259,9,2.0,True,9
small26_opt,mlp,0,260,11,0.0,True,9
small26_opt,mlp,0,261,9,2.0,True,9
small26_opt,mlp,0,262,9,2.0,True,9
small26_opt,mlp,0,263,9,2.0,True,9
small26_opt,mlp,0,264,9,2.0,True,9
small26_opt,mlp,0,265,9,2.0,True,9
small26_opt,mlp,0,266,9,2.0,True,9
small26_opt,mlp,0,267,9,2.0,True,9
small26_opt,mlp,0,268,9,2.0,True,9
small26_opt,mlp,0,269,9,2.0,True,9
small26_opt,mlp,0,270,9,2.0,True,9
small26_opt,mlp,0,271,9,2.0,True,9
small26_opt,mlp,0,272,9,2.0,True,9
small26_opt,mlp,0,273,9,2.0,True,9
small26_opt,mlp,0,274,9,2.0,True,9
small26_opt,mlp,0,275,9,2.0,True,9
small26_opt,mlp,0,276,9,2.0,True,9
small26_opt,mlp,0,277,9,2.0,True,9
small26_opt,mlp,0,278,9,2.0,True,9
small26_opt,mlp,0,279,9,2.0,True,9
small26_opt,mlp,0,280,10,1.0,True,9
small26_opt,mlp,0,281,9,2.0,True,9
small26_opt,mlp,0,282,9,2.0,True,9
small26_opt,mlp,0,283,10,1.0,True,9
small26_opt,mlp,0,284,9,2.0,True,9
small26_opt,mlp,0,285,9,2.0,True,9
small26_opt,mlp,0,286,9,2.0,True,9
small26_opt,mlp,0,287,9,2.0,True,9
small26_opt,mlp,0,288,9,2.0,True,9
small26_opt,mlp,0,289,9,2.0,True,9
small26_opt,mlp,0,290,9,2.0,True,9
small26_opt,mlp,0,291,9,2.0,True,9
small26_opt,mlp,0,292,9,2.0,True,9
small26_opt,mlp,0,293,9,2.0,True,9
small26_opt,mlp,0,294,9,2.0,True,9
small26_opt,mlp,0,295,9,2.0,True,9
small26_opt,mlp,0,296,10,1.0,True,9
small26_opt,mlp,0,297,9,2.0,True,9
small26_opt,mlp,0,298,9,2.0,True,9
small26_opt,mlp,0,299,9,2.0,True,9
small26_opt,mlp,0,300,9,2.0,True,9
small26_opt,mlp,0,301,9,2.0,True,9
small26_opt,mlp,0,302,9,2.0,True,9
small26_opt,mlp,0,303,9,2.0,True,9
small26_opt,mlp,0,304,9,2.0,True,9
small26_opt,mlp,0,305,9,2.0,True,9
small26_opt,mlp,0,306,9,2.0,True,9
small26_opt,mlp,0,307,9,2.0,True,9
small26_opt,mlp,0,308,9,2.0,True,9
small26_opt,mlp,0,309,9,2.0,True,9
small26_opt,mlp,0,310,11,0.0,True,9
small26_opt,mlp,0,311,9,2.0,True,9
small26_opt,mlp,0,312,9,2.0,True,9
small26_opt,mlp,0,313,9,2.0,True,9
small26_opt,mlp,0,314,9,2.0,True,9
small26_opt,mlp,0,315,10,1.0,True,9
small26_opt,mlp,0,316,9,2.0,True,9
small26_opt,mlp,0,317,9,2.0,True,9
small26_opt,mlp,0,318,9,2.0,True,9
small26_opt,mlp,0,319,9,2.0,True,9
small26_opt,mlp,0,320,9,2.0,True,9
small26_opt,mlp,0,321,9,2.0,True,9
small26_opt,mlp,0,322,9,2.0,True,9
small26_opt,mlp,0,323,9,2.0,True,9
small26_opt,mlp,0,324,9,2.0,True,9
small26_opt,mlp,0,325,9,2.0,True,9
small26_opt,mlp,0,326,9,2.0,True,9
small26_opt,mlp,0,327,9,2.0,True,9
small26_opt,mlp,0,328,9,2.0,True,9
small26_opt,mlp,0,329,9,2.0,True,9
small26_opt,mlp,0,330,9,2.0,True,9
small26_opt,mlp,0,331,9,2.0,True,9
small26_opt,mlp,0,332,9,2.0,True,9
small26_opt,mlp,0,333,9,2.0,True,9
small26_opt,mlp,0,334,9,2.0,True,9
small26_opt,mlp,0,335,9,2.0,True,9
small26_opt,mlp,0,336,9,2.0,True,9
small26_opt,mlp,0,337,9,2.0,True,9
small26_opt,mlp,0,338,9,2.0,True,9
small26_opt,mlp,0,339,9,2.0,True,9
small26_opt,mlp,0,340,9,2.0,True,9
small26_opt,mlp,0,341,9,2.0,True,9
small26_opt,mlp,0,342,9,2.0,True,9
small26_opt,mlp,0,343,9,2.0,True,9
small26_opt,mlp,0,344,9,2.0,True,9
small26_opt,mlp,0,345,9,2.0,True,9
small26_opt,mlp,0,346,11,0.0,True,9
small26_opt,mlp,0,347,9,2.0,True,9
small26_opt,mlp,0,348,9,2.0,True,9
small26_opt,mlp,0,349,9,2.0,True,9
small26_opt,mlp,0,350,9,2.0,True,9
small26_opt,mlp,0,351,9,2.0,True,9
small26_opt,mlp,0,352,9,2.0,True,9
small26_opt,mlp,0,353,9,2.0,True,9
small26_opt,mlp,0,354,9,2.0,True,9
small26_opt,mlp,0,355,9,2.0,True,9
small26_opt,mlp,0,356,9,2.0,True,9
small26_opt,mlp,0,357,11,0.0,True,9
small26_opt,mlp,0,358,9,2.0,True,9
small26_opt,mlp,0,359,9,2.0,True,9
small26_opt,mlp,0,360,10,1.0,True,9
small26_opt,mlp,0,361,9,2.0,True,9
small26_opt,mlp,0,362,9,2.0,True,9
small26_opt,mlp,0,363,9,2.0,True,9
small26_opt,mlp,0,364,9,2.0,True,9
small26_opt,mlp,0,365,9,2.0,True,9
small26_opt,mlp,0,366,9,2.0,True,9
small26_opt,mlp,0,367,9,2.0,True,9
small26_opt,mlp,0,368,9,2.0,True,9
small26_opt,mlp,0,369,9,2.0,True,9
small26_opt,mlp,0,370,9,2.0,True,9
small26_opt,mlp,0,371,9,2.0,True,9
small26_opt,mlp,0,372,9,2.0,True,9
small26_opt,mlp,0,373,9,2.0,True,9
small26_opt,mlp,0,374,9,2.0,True,9
small26_opt,mlp,0,375,9,2.0,True,9
small26_opt,mlp,0,376,9,2.0,True,9
small26_opt,mlp,0,377,9,2.0,True,9
small26_opt,mlp,0,378,9,2.0,True,9
small26_opt,mlp,0,379,9,2.0,True,9
small26_opt,mlp,0,380,9,2.0,True,9
small26_opt,mlp,0,381,9,2.0,True,9
small26_opt,mlp,0,382,9,2.0,True,9
small26_opt,mlp,0,383,9,2.0,True,9
small26_opt,mlp,0,384,9,2.0,True,9
small26_opt,mlp,0,385,9,2.0,True,9
small26_opt,mlp,0,386,9,2.0,True,9
small26_opt,mlp,0,387,9,2.0,True,9
small26_opt,mlp,0,388,9,2.0,True,9
small26_opt,mlp,0,389,9,2.0,True,9
small26_opt,mlp,0,390,9,2.0,True,9
small26_opt,mlp,0,391,9,2.0,True,9
small26_opt,mlp,0,392,9,2.0,True,9
small26_opt,mlp,0,393,9,2.0,True,9
small26_opt,mlp,0,394,11,0.0,True,9
small26_opt,mlp,0,395,9,2.0,True,9
small26_opt,mlp,0,396,9,2.0,True,9
small26_opt,mlp,0,397,9,2.0,True,9
small26_opt,mlp,0,398,9,2.0,True,9
small26_opt,mlp,0,399,9,2.0,True,9
small26_opt,khot,0,0,100,-100.0,False,9
small26_opt,khot,0,1,100,-100.0,False,9
small26_opt,khot,0,2,68,-57.0,True,9
small26_opt,khot,0,3,9,2.0,True,9
small26_opt,khot,0,4,9,2.0,True,9
small26_opt,khot,0,5,10,1.0,True,9
small26_opt,khot,0,6,29,-18.0,True,9
small26_opt,khot,0,7,10,1.0,True,9
small26_opt,khot,0,8,9,2.0,True,9
small26_opt,khot,0,9,9,2.0,True,9
small26_opt,khot,0,10,10,1.0,True,9
small26_opt,khot,0,11,9,2.0,True,9
small26_opt,khot,0,12,35,-24.0,True,9
small26_opt,khot,0,13,9,2.0,True,9
small26_opt,khot,0,14,9,2.0,True,9
small26_opt,khot,0,15,12,-1.0,True,9
small26_opt,khot,0,16,10,1.0,True,9
small26_opt,khot,0,17,9,2.0,True,9
small26_opt,khot,0,18,9,2.0,True,9
small26_opt,khot,0,19,9,2.0,True,9
small26_opt,khot,0,20,11,0.0,True,9
small26_opt,khot,0,21,9,2.0,True,9
small26_opt,khot,0,22,9,2.0,True,9
small26_opt,khot,0,23,9,2.0,True,9
small26_opt,khot,0,24,9,2.0,True,9
small26_opt,khot,0,25,9,2.0,True,9
small26_opt,khot,0,26,9,2.0,True,9
small26_opt,khot,0,27,9,2.0,True,9
small26_opt,khot,0,28,9,2.0,True,9
small26_opt,khot,0,29,9,2.0,True,9
small26_opt,khot,0,30,9,2.0,True,9
small26_opt,khot,0,31,11,0.0,True,9
small26_opt,khot,0,32,9,2.0,True,9
small26_opt,khot,0,33,9,2.0,True,9
small26_opt,khot,0,34,9,2.0,True,9
small26_opt,khot,0,35,12,-1.0,True,9
small26_opt,khot,0,36,9,2.0,True,9
small26_opt,khot,0,37,9,2.0,True,9
small26_opt,khot,0,38,11,0.0,True,9
small26_opt,khot,0,39,11,0.0,True,9
small26_opt,khot,0,40,9,2.0,True,9
small26_opt,khot,0,41,9,2.0,True,9
small26_opt,khot,0,42,9,2.0,True,9
small26_opt,khot,0,43,9,2.0,True,9
small26_opt,khot,0,44,9,2.0,True,9
small26_opt,khot,0,45,9,2.0,True,9
small26_opt,khot,0,46,9,2.0,True,9
small26_opt,khot,0,47,9,2.0,True,9
small26_opt,khot,0,48,9,2.0,True,9
small26_opt,khot,0,49,9,2.0,True,9
small26_opt,khot,0,50,9,2.0,True,9
small26_opt,khot,0,51,9,2.0,True,9
small26_opt,khot,0,52,10,1.0,True,9
small26_opt,khot,0,53,9,2.0,True,9
small26_opt,khot,0,54,11,0.0,True,9
small26_opt,khot,0,55,9,2.0,True,9
small26_opt,khot,0,56,9,2.0,True,9
small26_opt,khot,0,57,9,2.0,True,9
small26_opt,khot,0,58,9,2.0,True,9
small26_opt,khot,0,59,10,1.0,True,9
small26_opt,khot,0,60,9,2.0,True,9
small26_opt,khot,0,61,9,2.0,True,9
small26_opt,khot,0,62,9,2.0,True,9
small26_opt,khot,0,63,11,0.0,True,9
small26_opt,khot,0,64,9,2.0,True,9
small26_opt,khot,0,65,9,2.0,True,9
small26_opt,khot,0,66,10,1.0,True,9
small26_opt,khot,0,67,9,2.0,True,9
small26_opt,khot,0,68,11,0.0,True,9
small26_opt,khot,0,69,9,2.0,True,9
small26_opt,khot,0,70,9,2.0,True,9
small26_opt,khot,0,71,9,2.0,True,9
small26_opt,khot,0,72,9,2.0,True,9
small26_opt,khot,0,73,9,2.0,True,9
small26_opt,khot,0,74,9,2.0,True,9
small26_opt,khot,0,75,9,2.0,True,9
small26_opt,khot,0,76,9,2.0,True,9
small26_opt,khot,0,77,9,2.0,True,9
small26_opt,khot,0,78,9,2.0,True,9
small26_opt,khot,0,79,9,2.0,True,9
small26_opt,khot,0,80,9,2.0,True,9
small26_opt,khot,0,81,11,0.0,True,9
small26_opt,khot,0,82,9,2.0,True,9
small26_opt,khot,0,83,9,2.0,True,9
small26_opt,khot,0,84,9,2.0,True,9
small26_opt,khot,0,85,9,2.0,True,9
small26_opt,khot,0,86,9,2.0,True,9
small26_opt,khot,0,87,9,2.0,True,9
small26_opt,khot,0,88,9,2.0,True,9
small26_opt,khot,0,89,12,-1.0,True,9
small26_opt,khot,0,90,9,2.0,True,9
small26_opt,khot,0,91,9,2.0,True,9
small26_opt,khot,0,92,9,2.0,True,9
small26_opt,khot,0,93,9,2.0,True,9
small26_opt,khot,0,94,9,2.0,True,9
small26_opt,khot,0,95,9,2.0,True,9
small26_opt,khot,0,96,11,0.0,True,9
small26_opt,khot,0,97,9,2.0,True,9
small26_opt,khot,0,98,9,2.0,True,9
small26_opt,khot,0,99,9,2.0,True,9
small26_opt,khot,0,100,9,2.0,True,9
small26_opt,khot,0,101,9,2.0,True,9
small26_opt,khot,0,102,9,2.0,True,9
small26_opt,khot,0,103,9,2.0,True,9
small26_opt,khot,0,104,9,2.0,True,9
small26_opt,khot,0,105,9,2.0,True,9
small26_opt,khot,0,106,9,2.0,True,9
small26_opt,khot,0,107,9,2.0,True,9
small26_opt,khot,0,108,9,2.0,True,9
small26_opt,khot,0,109,9,2.0,True,9
small26_opt,khot,0,110,9,2.0,True,9
small26_opt,khot,0,111,9,2.0,True,9
small26_opt,khot,0,112,9,2.0,True,9
small26_opt,khot,0,113,9,2.0,True,9
small26_opt,khot,0,114,9,2.0,True,9
small26_opt,khot,0,115,9,2.0,True,9
small26_opt,khot,0,116,9,2.0,True,9
small26_opt,khot,0,117,9,2.0,True,9
small26_opt,khot,0,118,9,2.0,True,9
small26_opt,khot,0,119,9,2.0,True,9
small26_opt,khot,0,120,9,2.0,True,9
small26_opt,khot,0,121,11,0.0,True,9
small26_opt,khot,0,122,9,2.0,True,9
small26_opt,khot,0,123,9,2.0,True,9
small26_opt,khot,0,124,9,2.0,True,9
small26_opt,khot,0,125,10,1.0,True,9
small26_opt,khot,0,126,9,2.0,True,9
small26_opt,khot,0,127,9,2.0,True,9
small26_opt,khot,0,128,9,2.0,True,9
small26_opt,khot,0,129,9,2.0,True,9
small26_opt,khot,0,130,9,2.0,True,9
small26_opt,khot,0,131,9,2.0,True,9
small26_opt,khot,0,132,9,2.0,True,9
small26_opt,khot,0,133,9,2.0,True,9
small26_opt,khot,0,134,9,2.0,True,9
small26_opt,khot,0,135,100,-100.0,False,9
small26_opt,khot,0,136,9,2.0,True,9
small26_opt,khot,0,137,9,2.0,True,9
small26_opt,khot,0,138,9,2.0,True,9
small26_opt,khot,0,139,10,1.0,True,9
small26_opt,khot,0,140,9,2.0,True,9
small26_opt,khot,0,141,11,0.0,True,9
small26_opt,khot,0,142,9,2.0,True,9
small26_opt,khot,0,143,9,2.0,True,9
small26_opt,khot,0,144,9,2.0,True,9
small26_opt,khot,0,145,9,2.0,True,9
small26_opt,khot,0,146,9,2.0,True,9
small26_opt,khot,0,147,9,2.0,True,9
small26_opt,khot,0,148,9,2.0,True,9
small26_opt,khot,0,149,9,2.0,True,9
small26_opt,khot,0,150,9,2.0,True,9
small26_opt,khot,0,151,9,2.0,True,9
small26_opt,khot,0,152,9,2.0,True,9
small26_opt,khot,0,153,9,2.0,True,9
small26_opt,khot,0,154,11,0.0,True,9
small26_opt,khot,0,155,9,2.0,True,9
small26_opt,khot,0,156,9,2.0,True,9
small26_opt,khot,0,157,9,2.0,True,9
small26_opt,khot,0,158,9,2.0,True,9
small26_opt,khot,0,159,9,2.0,True,9
small26_opt,khot,0,160,9,2.0,True,9
small26_opt,khot,0,161,9,2.0,True,9
small26_opt,khot,0,162,10,1.0,True,9
small26_opt,khot,0,163,9,2.0,True,9
small26_opt,khot,0,164,9,2.0,True,9
small26_opt,khot,0,165,16,-5.0,True,9
small26_opt,khot,0,166,9,2.0,True,9
small26_opt,khot,0,167,9,2.0,True,9
small26_opt,khot,0,168,9,2.0,True,9
small26_opt,khot,0,169,9,2.0,True,9
small26_opt,khot,0,170,9,2.0,True,9
small26_opt,khot,0,171,11,0.0,True,9
small26_opt,khot,0,172,9,2.0,True,9
small26_opt,khot,0,173,9,2.0,True,9
small26_opt,khot,0,174,9,2.0,True,9
small26_opt,khot,0,175,9,2.0,True,9
small26_opt,khot,0,176,9,2.0,True,9
small26_opt,khot,0,177,9,2.0,True,9
small26_opt,khot,0,178,9,2.0,True,9
small26_opt,khot,0,179,9,2.0,True,9
small26_opt,khot,0,180,9,2.0,True,9
small26_opt,khot,0,181,9,2.0,True,9
small26_opt,khot,0,182,9,2.0,True,9
small26_opt,khot,0,183,9,2.0,True,9
small26_opt,khot,0,184,9,2.0,True,9
small26_opt,khot,0,185,9,2.0,True,9
small26_opt,khot,0,186,9,2.0,True,9
small26_opt,khot,0,187,9,2.0,True,9
small26_opt,khot,0,188,9,2.0,True,9
small26_opt,khot,0,189,9,2.0,True,9
small26_opt,khot,0,190,9,2.0,True,9
small26_opt,khot,0,191,9,2.0,True,9
small26_opt,khot,0,192,9,2.0,True,9
small26_opt,khot,0,193,9,2.0,True,9
small26_opt,khot,0,194,9,2.0,True,9
small26_opt,khot,0,195,9,2.0,True,9
small26_opt,khot,0,196,11,0.0,True,9
small26_opt,khot,0,197,9,2.0,True,9
small26_opt,khot,0,198,9,2.0,True,9
small26_opt,khot,0,199,9,2.0,True,9
small26_opt,khot,0,200,9,2.0,True,9
small26_opt,khot,0,201,9,2.0,True,9
small26_opt,khot,0,202,9,2.0,True,9
small26_opt,khot,0,203,9,2.0,True,9
small26_opt,khot,0,204,9,2.0,True,9
small26_opt,khot,0,205,9,2.0,True,9
small26_opt,khot,0,206,9,2.0,True,9
small26_opt,khot,0,207,9,2.0,True,9
small26_opt,khot,0,208,11,0.0,True,9
small26_opt,khot,0,209,9,2.0,True,9
small26_opt,khot,0,210,11,0.0,True,9
small26_opt,khot,0,211,9,2.0,True,9
small26_opt,khot,0,212,9,2.0,True,9
small26_opt,khot,0,213,9,2.0,True,9
small26_opt,khot,0,214,9,2.0,True,9
small26_opt,khot,0,215,9,2.0,True,9
small26_opt,khot,0,216,9,2.0,True,9
small26_opt,khot,0,217,9,2.0,True,9
small26_opt,khot,0,218,9,2.0,True,9
small26_opt,khot,0,219,9,2.0,True,9
small26_opt,khot,0,220,9,2.0,True,9
small26_opt,khot,0,221,9,2.0,True,9
small26_opt,khot,0,222,9,2.0,True,9
small26_opt,khot,0,223,9,2.0,True,9
small26_opt,khot,0,224,9,2.0,True,9
small26_opt,khot,0,225,11,0.0,True,9
small26_opt,khot,0,226,9,2.0,True,9
small26_opt,khot,0,227,9,2.0,True,9
small26_opt,khot,0,228,9,2.0,True,9
small26_opt,khot,0,229,9,2.0,True,9
small26_opt,khot,0,230,9,2.0,True,9
small26_opt,khot,0,231,9,2.0,True,9
small26_opt,khot,0,232,9,2.0,True,9
small26_opt,khot,0,233,9,2.0,True,9
small26_opt,khot,0,234,9,2.0,True,9
small26_opt,khot,0,235,9,2.0,True,9
small26_opt,khot,0,236,9,2.0,True,9
small26_opt,khot,0,237,9,2.0,True,9
small26_opt,khot,0,238,9,2.0,True,9
small26_opt,khot,0,239,9,2.0,True,9
small26_opt,khot,0,240,9,2.0,True,9
small26_opt,khot,0,241,9,2.0,True,9
small26_opt,khot,0,242,9,2.0,True,9
small26_opt,khot,0,243,9,2.0,True,9
small26_opt,khot,0,244,9,2.0,True,9
small26_opt,khot,0,245,9,2.0,True,9
small26_opt,khot,0,246,9,2.0,True,9
small26_opt,khot,0,247,9,2.0,True,9
small26_opt,khot,0,248,9,2.0,True,9
small26_opt,khot,0,249,9,2.0,True,9
small26_opt,khot,0,250,9,2.0,True,9
small26_opt,khot,0,251,9,2.0,True,9
small26_opt,khot,0,252,9,2.0,True,9
small26_opt,khot,0,253,9,2.0,True,9
small26_opt,khot,0,254,9,2.0,True,9
small26_opt,khot,0,255,9,2.0,True,9
small26_opt,khot,0,256,9,2.0,True,9
small26_opt,khot,0,257,9,2.0,True,9
small26_opt,khot,0,258,9,2.0,True,9
small26_opt,khot,0,259,9,2.0,True,9
small26_opt,khot,0,260,9,2.0,True,9
small26_opt,khot,0,261,9,2.0,True,9
small26_opt,khot,0,262,9,2.0,True,9
small26_opt,khot,0,263,9,2.0,True,9
small26_opt,khot,0,264,9,2.0,True,9
small26_opt,khot,0,265,9,2.0,True,9
small26_opt,khot,0,266,9,2.0,True,9
small26_opt,khot,0,267,9,2.0,True,9
small26_opt,khot,0,268,9,2.0,True,9
small26_opt,khot,0,269,9,2.0,True,9
small26_opt,khot,0,270,9,2.0,True,9
small26_opt,khot,0,271,9,2.0,True,9
small26_opt,khot,0,272,9,2.0,True,9
small26_opt,khot,0,273,9,2.0,True,9
small26_opt,khot,0,274,9,2.0,True,9
small26_opt,khot,0,275,9,2.0,True,9
small26_opt,khot,0,276,9,2.0,True,9
small26_opt,khot,0,277,9,2.0,True,9
small26_opt,khot,0,278,9,2.0,True,9
small26_opt,khot,0,279,9,2.0,True,9
small26_opt,khot,0,280,11,0.0,True,9
small26_opt,khot,0,281,9,2.0,True,9
small26_opt,khot,0,282,9,2.0,True,9
small26_opt,khot,0,283,9,2.0,True,9
small26_opt,khot,0,284,9,2.0,True,9
small26_opt,khot,0,285,9,2.0,True,9
small26_opt,khot,0,286,9,2.0,True,9
small26_opt,khot,0,287,9,2.0,True,9
small26_opt,khot,0,288,9,2.0,True,9
small26_opt,khot,0,289,9,2.0,True,9
small26_opt,khot,0,290,10,1.0,True,9
small26_opt,khot,0,291,9,2.0,True,9
small26_opt,khot,0,292,9,2.0,True,9
small26_opt,khot,0,293,9,2.0,True,9
small26_opt,khot,0,294,9,2.0,True,9
small26_opt,khot,0,295,9,2.0,True,9
small26_opt,khot,0,296,9,2.0,True,9
small26_opt,khot,0,297,10,1.0,True,9
small26_opt,khot,0,298,9,2.0,True,9
small26_opt,khot,0,299,9,2.0,True,9
small26_opt,khot,0,300,9,2.0,True,9
small26_opt,khot,0,301,9,2.0,True,9
small26_opt,khot,0,302,9,2.0,True,9
small26_opt,khot,0,303,9,2.0,True,9
small26_opt,khot,0,304,9,2.0,True,9
small26_opt,khot,0,305,9,2.0,True,9
small26_opt,khot,0,306,9,2.0,True,9
small26_opt,khot,0,307,9,2.0,True,9
small26_opt,khot,0,308,9,2.0,True,9
small26_opt,khot,0,309,9,2.0,True,9
small26_opt,khot,0,310,9,2.0,True,9
small26_opt,khot,0,311,9,2.0,True,9
small26_opt,khot,0,312,9,2.0,True,9
small26_opt,khot,0,313,9,2.0,True,9
small26_opt,khot,0,314,9,2.0,True,9
small26_opt,khot,0,315,9,2.0,True,9
small26_opt,khot,0,316,9,2.0,True,9
small26_opt,khot,0,317,9,2.0,True,9
small26_opt,khot,0,318,9,2.0,True,9
small26_opt,khot,0,319,9,2.0,True,9
small26_opt,khot,0,320,9,2.0,True,9
small26_opt,khot,0,321,9,2.0,True,9
small26_opt,khot,0,322,9,2.0,True,9
small26_opt,khot,0,323,9,2.0,True,9
small26_opt,khot,0,324,9,2.0,True,9
small26_opt,khot,0,325,9,2.0,True,9
small26_opt,khot,0,326,9,2.0,True,9
small26_opt,khot,0,327,9,2.0,True,9
small26_opt,khot,0,328,9,2.0,True,9
small26_opt,khot,0,329,9,2.0,True,9
small26_opt,khot,0,330,9,2.0,True,9
small26_opt,khot,0,331,9,2.0,True,9
small26_opt,khot,0,332,9,2.0,True,9
small26_opt,khot,0,333,9,2.0,True,9
small26_opt,khot,0,334,9,2.0,True,9
small26_opt,khot,0,335,9,2.0,True,9
small26_opt,khot,0,336,10,1.0,True,9
small26_opt,khot,0,337,9,2.0,True,9
small26_opt,khot,0,338,9,2.0,True,9
small26_opt,khot,0,339,9,2.0,True,9
small26_opt,khot,0,340,9,2.0,True,9
small26_opt,khot,0,341,9,2.0,True,9
small26_opt,khot,0,342,9,2.0,True,9
small26_opt,khot,0,343,9,2.0,True,9
small26_opt,khot,0,344,9,2.0,True,9
small26_opt,khot,0,345,9,2.0,True,9
small26_opt,khot,0,346,9,2.0,True,9
small26_opt,khot,0,347,9,2.0,True,9
small26_opt,khot,0,348,9,2.0,True,9
small26_opt,khot,0,349,9,2.0,True,9
small26_opt,khot,0,350,9,2.0,True,9
small26_opt,khot,0,351,9,2.0,True,9
small26_opt,khot,0,352,9,2.0,True,9
small26_opt,khot,0,353,9,2.0,True,9
small26_opt,khot,0,354,9,2.0,True,9
small26_opt,khot,0,355,9,2.0,True,9
small26_opt,khot,0,356,10,1.0,True,9
small26_opt,khot,0,357,9,2.0,True,9
small26_opt,khot,0,358,11,0.0,True,9
small26_opt,khot,0,359,9,2.0,True,9
small26_opt,khot,0,360,9,2.0,True,9
small26_opt,khot,0,361,9,2.0,True,9
small26_opt,khot,0,362,9,2.0,True,9
small26_opt,khot,0,363,9,2.0,True,9
small26_opt,khot,0,364,9,2.0,True,9
small26_opt,khot,0,365,9,2.0,True,9
small26_opt,khot,0,366,9,2.0,True,9
small26_opt,khot,0,367,9,2.0,True,9
small26_opt,khot,0,368,9,2.0,True,9
small26_opt,khot,0,369,9,2.0,True,9
small26_opt,khot,0,370,9,2.0,True,9
small26_opt,khot,0,371,9,2.0,True,9
small26_opt,khot,0,372,10,1.0,True,9
small26_opt,khot,0,373,9,2.0,True,9
small26_opt,khot,0,374,9,2.0,True,9
small26_opt,khot,0,375,9,2.0,True,9
small26_opt,khot,0,376,9,2.0,True,9
small26_opt,khot,0,377,9,2.0,True,9
small26_opt,khot,0,378,9,2.0,True,9
small26_opt,khot,0,379,9,2.0,True,9
small26_opt,khot,0,380,9,2.0,True,9
small26_opt,khot,0,381,9,2.0,True,9
small26_opt,khot,0,382,9,2.0,True,9
small26_opt,khot,0,383,9,2.0,True,9
small26_opt,khot,0,384,9,2.0,True,9
small26_opt,khot,0,385,9,2.0,True,9
small26_opt,khot,0,386,9,2.0,True,9
small26_opt,khot,0,387,9,2.0,True,9
small26_opt,khot,0,388,9,2.0,True,9
small26_opt,khot,0,389,9,2.0,True,9
small26_opt,khot,0,390,9,2.0,True,9
small26_opt,khot,0,391,9,2.0,True,9
small26_opt,khot,0,392,9,2.0,True,9
small26_opt,khot,0,393,9,2.0,True,9
small26_opt,khot,0,394,9,2.0,True,9
small26_opt,khot,0,395,9,2.0,True,9
small26_opt,khot,0,396,9,2.0,True,9
small26_opt,khot,0,397,9,2.0,True,9
small26_opt,khot,0,398,9,2.0,True,9
small26_opt,khot,0,399,9,2.0,True,9
small26_opt,qlearning,1,0,100,-100.0,False,9
small26_opt,qlearning,1,1,100,-100.0,False,9
small26_opt,qlearning,1,2,23,-12.0,True,9
small26_opt,qlearning,1,3,9,2.0,True,9
small26_opt,qlearning,1,4,9,2.0,True,9
small26_opt,qlearning,1,5,9,2.0,True,9
small26_opt,qlearning,1,6,9,2.0,True,9
small26_opt,qlearning,1,7,73,-62.0,True,9
small26_opt,qlearning,1,8,9,2.0,True,9
small26_opt,qlearning,1,9,10,1.0,True,9
small26_opt,qlearning,1,10,10,1.0,True,9
small26_opt,qlearning,1,11,9,2.0,True,9
small26_opt,qlearning,1,12,9,2.0,True,9
small26_opt,qlearning,1,13,9,2.0,True,9
small26_opt,qlearning,1,14,9,2.0,True,9
small26_opt,qlearning,1,15,9,2.0,True,9
small26_opt,qlearning,1,16,9,2.0,True,9
small26_opt,qlearning,1,17,9,2.0,True,9
small26_opt,qlearning,1,18,9,2.0,True,9
small26_opt,qlearning,1,19,9,2.0,True,9
small26_opt,qlearning,1,20,9,2.0,True,9
small26_opt,qlearning,1,21,94,-83.0,True,9
small26_opt,qlearning,1,22,9,2.0,True,9
small26_opt,qlearning,1,23,9,2.0,True,9
small26_opt,qlearning,1,24,9,2.0,True,9
small26_opt,qlearning,1,25,10,1.0,True,9
small26_opt,qlearning,1,26,10,1.0,True,9
small26_opt,qlearning,1,27,10,1.0,True,9
small26_opt,qlearning,1,28,9,2.0,True,9
small26_opt,qlearning,1,29,10,1.0,True,9
small26_opt,qlearning,1,30,9,2.0,True,9
small26_opt,qlearning,1,31,10,1.0,True,9
small26_opt,qlearning,1,32,9,2.0,True,9
small26_opt,qlearning,1,33,9,2.0,True,9
small26_opt,qlearning,1,34,9,2.0,True,9
small26_opt,qlearning,1,35,10,1.0,True,9
small26_opt,qlearning,1,36,9,2.0,True,9
small26_opt,qlearning,1,37,9,2.0,True,9
small26_opt,qlearning,1,38,9,2.0,True,9
small26_opt,qlearning,1,39,10,1.0,True,9
small26_opt,qlearning,1,40,9,2.0,True,9
small26_opt,qlearning,1,41,9,2.0,True,9
small26_opt,qlearning,1,42,9,2.0,True,9
small26_opt,qlearning,1,43,9,2.0,True,9
small26_opt,qlearning,1,44,9,2.0,True,9
small26_opt,qlearning,1,45,31,-20.0,True,9
small26_opt,qlearning,1,46,9,2.0,True,9
small26_opt,qlearning,1,47,9,2.0,True,9
small26_opt,qlearning,1,48,9,2.0,True,9
small26_opt,qlearning,1,49,9,2.0,True,9
small26_opt,qlearning,1,50,9,2.0,True,9
small26_opt,qlearning,1,51,9,2.0,True,9
small26_opt,qlearning,1,52,12,-1.0,True,9
small26_opt,qlearning,1,53,9,2.0,True,9
small26_opt,qlearning,1,54,10,1.0,True,9
small26_opt,qlearning,1,55,9,2.0,True,9
small26_opt,qlearning,1,56,9,2.0,True,9
small26_opt,qlearning,1,57,9,2.0,True,9
small26_opt,qlearning,1,58,9,2.0,True,9
small26_opt,qlearning,1,59,9,2.0,True,9
small26_opt,qlearning,1,60,9,2.0,True,9
small26_opt,qlearning,1,61,9,2.0,True,9
small26_opt,qlearning,1,62,9,2.0,True,9
small26_opt,qlearning,1,63,9,2.0,True,9
small26_opt,qlearning,1,64,9,2.0,True,9
small26_opt,qlearning,1,65,9,2.0,True,9
small26_opt,qlearning,1,66,9,2.0,True,9
small26_opt,qlearning,1,67,9,2.0,True,9
small26_opt,qlearning,1,68,9,2.0,True,9
small26_opt,qlearning,1,69,9,2.0,True,9
small26_opt,qlearning,1,70,9,2.0,True,9
small26_opt,qlearning,1,71,9,2.0,True,9
small26_opt,qlearning,1,72,9,2.0,True,9
small26_opt,qlearning,1,73,9,2.0,True,9
small26_opt,qlearning,1,74,9,2.0,True,9
small26_opt,qlearning,1,75,9,2.0,True,9
small26_opt,qlearning,1,76,9,2.0,True,9
small26_opt,qlearning,1,77,9,2.0,True,9
small26_opt,qlearning,1,78,9,2.0,True,9
small26_opt,qlearning,1,79,9,2.0,True,9
small26_opt,qlearning,1,80,9,2.0,True,9
small26_opt,qlearning,1,81,9,2.0,True,9
small26_opt,qlearning,1,82,9,2.0,True,9
small26_opt,qlearning,1,83,9,2.0,True,9
small26_opt,qlearning,1,84,11,0.0,True,9
small26_opt,qlearning,1,85,9,2.0,True,9
small26_opt,qlearning,1,86,11,0.0,True,9
small26_opt,qlearning,1,87,9,2.0,True,9
small26_opt,qlearning,1,88,9,2.0,True,9
small26_opt,qlearning,1,89,10,1.0,True,9
small26_opt,qlearning,1,90,9,2.0,True,9
small26_opt,qlearning,1,91,9,2.0,True,9
small26_opt,qlearning,1,92,9,2.0,True,9
small26_opt,qlearning,1,93,9,2.0,True,9
small26_opt,qlearning,1,94,9,2.0,True,9
small26_opt,qlearning,1,95,9,2.0,True,9
small26_opt,qlearning,1,96,9,2.0,True,9
small26_opt,qlearning,1,97,11,0.0,True,9
small26_opt,qlearning,1,98,9,2.0,True,9
small26_opt,qlearning,1,99,9,2.0,True,9
small26_opt,qlearning,1,100,9,2.0,True,9
small26_opt,qlearning,1,101,9,2.0,True,9
small26_opt,qlearning,1,102,9,2.0,True,9
small26_opt,qlearning,1,103,9,2.0,True,9
small26_opt,qlearning,1,104,9,2.0,True,9
small26_opt,qlearning,1,105,9,2.0,True,9
small26_opt,qlearning,1,106,9,2.0,True,9
small26_opt,qlearning,1,107,9,2.0,True,9
small26_opt,qlearning,1,108,9,2.0,True,9
small26_opt,qlearning,1,109,9,2.0,True,9
small26_opt,qlearning,1,110,9,2.0,True,9
small26_opt,qlearning,1,111,9,2.0,True,9
small26_opt,qlearning,1,112,9,2.0,True,9
small26_opt,qlearning,1,113,9,2.0,True,9
small26_opt,qlearning,1,114,9,2.0,True,9
small26_opt,qlearning,1,115,9,2.0,True,9
small26_opt,qlearning,1,116,9,2.0,True,9
small26_opt,qlearning,1,117,9,2.0,True,9
small26_opt,qlearning,1,118,9,2.0,True,9
small26_opt,qlearning,1,119,9,2.0,True,9
small26_opt,qlearning,1,120,9,2.0,True,9
small26_opt,qlearning,1,121,9,2.0,True,9
small26_opt,qlearning,1,122,9,2.0,True,9
small26_opt,qlearning,1,123,9,2.0,True,9
small26_opt,qlearning,1,124,9,2.0,True,9
small26_opt,qlearning,1,125,9,2.0,True,9
small26_opt,qlearning,1,126,9,2.0,True,9
small26_opt,qlearning,1,127,9,2.0,True,9
small26_opt,qlearning,1,128,9,2.0,True,9
small26_opt,qlearning,1,129,9,2.0,True,9
small26_opt,qlearning,1,130,9,2.0,True,9
small26_opt,qlearning,1,131,9,2.0,True,9
small26_opt,qlearning,1,132,9,2.0,True,9
small26_opt,qlearning,1,133,9,2.0,True,9
small26_opt,qlearning,1,134,9,2.0,True,9
small26_opt,qlearning,1,135,9,2.0,True,9
small26_opt,qlearning,1,136,9,2.0,True,9
small26_opt,qlearning,1,137,9,2.0,True,9
small26_opt,qlearning,1,138,9,2.0,True,9
small26_opt,qlearning,1,139,9,2.0,True,9
small26_opt,qlearning,1,140,9,2.0,True,9
small26_opt,qlearning,1,141,9,2.0,True,9
small26_opt,qlearning,1,142,9,2.0,True,9
small26_opt,qlearning,1,143,9,2.0,True,9
small26_opt,qlearning,1,144,11,0.0,True,9
small26_opt,qlearning,1,145,10,1.0,True,9
small26_opt,qlearning,1,146,9,2.0,True,9
small26_opt,qlearning,1,147,9,2.0,True,9
small26_opt,qlearning,1,148,9,2.0,True,9
small26_opt,qlearning,1,149,9,2.0,True,9
small26_opt,qlearning,1,150,9,2.0,True,9
small26_opt,qlearning,1,151,9,2.0,True,9
small26_opt,qlearning,1,152,9,2.0,True,9
small26_opt,qlearning,1,153,9,2.0,True,9
small26_opt,qlearning,1,154,9,2.0,True,9
small26_opt,qlearning,1,155,9,2.0,True,9
small26_opt,qlearning,1,156,9,2.0,True,9
small26_opt,qlearning,1,157,9,2.0,True,9
small26_opt,qlearning,1,158,9,2.0,True,9
small26_opt,qlearning,1,159,9,2.0,True,9
small26_opt,qlearning,1,160,9,2.0,True,9
small26_opt,qlearning,1,161,9,2.0,True,9
small26_opt,qlearning,1,162,9,2.0,True,9
small26_opt,qlearning,1,163,9,2.0,True,9
small26_opt,qlearning,1,164,11,0.0,True,9
small26_opt,qlearning,1,165,11,0.0,True,9
small26_opt,qlearning,1,166,9,2.0,True,9
small26_opt,qlearning,1,167,9,2.0,True,9
small26_opt,qlearning,1,168,9,2.0,True,9
small26_opt,qlearning,1,169,9,2.0,True,9
small26_opt,qlearning,1,170,9,2.0,True,9
small26_opt,qlearning,1,171,11,0.0,True,9
small26_opt,qlearning,1,172,9,2.0,True,9
small26_opt,qlearning,1,173,9,2.0,True,9
small26_opt,qlearning,1,174,9,2.0,True,9
small26_opt,qlearning,1,175,9,2.0,True,9
small26_opt,qlearning,1,176,9,2.0,True,9
small26_opt,qlearning,1,177,9,2.0,True,9
small26_opt,qlearning,1,178,9,2.0,True,9
small26_opt,qlearning,1,179,9,2.0,True,9
small26_opt,qlearning,1,180,9,2.0,True,9
small26_opt,qlearning,1,181,9,2.0,True,9
small26_opt,qlearning,1,182,9,2.0,True,9
small26_opt,qlearning,1,183,9,2.0,True,9
small26_opt,qlearning,1,184,9,2.0,True,9
small26_opt,qlearning,1,185,9,2.0,True,9
small26_opt,qlearning,1,186,9,2.0,True,9
small26_opt,qlearning,1,187,11,0.0,True,9
small26_opt,qlearning,1,188,9,2.0,True,9
small26_opt,qlearning,1,189,9,2.0,True,9
small26_opt,qlearning,1,190,9,2.0,True,9
small26_opt,qlearning,1,191,9,2.0,True,9
small26_opt,qlearning,1,192,9,2.0,True,9
small26_opt,qlearning,1,193,9,2.0,True,9
small26_opt,qlearning,1,194,9,2.0,True,9
small26_opt,qlearning,1,195,9,2.0,True,9
small26_opt,qlearning,1,196,9,2.0,True,9
small26_opt,qlearning,1,197,9,2.0,True,9
small26_opt,qlearning,1,198,9,2.0,True,9
small26_opt,qlearning,1,199,9,2.0,True,9
small26_opt,qlearning,1,200,9,2.0,True,9
small26_opt,qlearning,1,201,9,2.0,True,9
small26_opt,qlearning,1,202,9,2.0,True,9
small26_opt,qlearning,1,203,9,2.0,True,9
small26_opt,qlearning,1,204,9,2.0,True,9
small26_opt,qlearning,1,205,9,2.0,True,9
small26_opt,qlearning,1,206,9,2.0,True,9
small26_opt,qlearning,1,207,9,2.0,True,9
small26_opt,qlearning,1,208,9,2.0,True,9
small26_opt,qlearning,1,209,9,2.0,True,9
small26_opt,qlearning,1,210,9,2.0,True,9
small26_opt,qlearning,1,211,9,2.0,True,9
small26_opt,qlearning,1,212,9,2.0,True,9
small26_opt,qlearning,1,213,9,2.0,True,9
small26_opt,qlearning,1,214,9,2.0,True,9
small26_opt,qlearning,1,215,9,2.0,True,9
small26_opt,qlearning,1,216,9,2.0,True,9
small26_opt,qlearning,1,217,9,2.0,True,9
small26_opt,qlearning,1,218,9,2.0,True,9
small26_opt,qlearning,1,219,9,2.0,True,9
small26_opt,qlearning,1,220,9,2.0,True,9
small26_opt,qlearning,1,221,9,2.0,True,9
small26_opt,qlearning,1,222,9,2.0,True,9
small26_opt,qlearning,1,223,9,2.0,True,9
small26_opt,qlearning,1,224,9,2.0,True,9
small26_opt,qlearning,1,225,9,2.0,True,9
small26_opt,qlearning,1,226,9,2.0,True,9
small26_opt,qlearning,1,227,9,2.0,True,9
small26_opt,qlearning,1,228,9,2.0,True,9
small26_opt,qlearning,1,229,9,2.0,True,9
small26_opt,qlearning,1,230,10,1.0,True,9
small26_opt,qlearning,1,231,9,2.0,True,9
small26_opt,qlearning,1,232,9,2.0,True,9
small26_opt,qlearning,1,233,9,2.0,True,9
small26_opt,qlearning,1,234,9,2.0,True,9
small26_opt,qlearning,1,235,9,2.0,True,9
small26_opt,qlearning,1,236,9,2.0,True,9
small26_opt,qlearning,1,237,9,2.0,True,9
small26_opt,qlearning,1,238,9,2.0,True,9
small26_opt,qlearning,1,239,9,2.0,True,9
small26_opt,qlearning,1,240,9,2.0,True,9
small26_opt,qlearning,1,241,9,2.0,True,9
small26_opt,qlearning,1,242,9,2.0,True,9
small26_opt,qlearning,1,243,9,2.0,True,9
small26_opt,qlearning,1,244,9,2.0,True,9
small26_opt,qlearning,1,245,9,2.0,True,9
small26_opt,qlearning,1,246,9,2.0,True,9
small26_opt,qlearning,1,247,9,2.0,True,9
small26_opt,qlearning,1,248,9,2.0,True,9
small26_opt,qlearning,1,249,9,2.0,True,9
small26_opt,qlearning,1,250,9,2.0,True,9
small26_opt,qlearning,1,251,9,2.0,True,9
small26_opt,qlearning,1,252,9,2.0,True,9
small26_opt,qlearning,1,253,9,2.0,True,9
small26_opt,qlearning,1,254,9,2.0,True,9
small26_opt,qlearning,1,255,9,2.0,True,9
small26_opt,qlearning,1,256,9,2.0,True,9
small26_opt,qlearning,1,257,9,2.0,True,9
small26_opt,qlearning,1,258,9,2.0,True,9
small26_opt,qlearning,1,259,9,2.0,True,9
small26_opt,qlearning,1,260,9,2.0,True,9
small26_opt,qlearning,1,261,9,2.0,True,9
small26_opt,qlearning,1,262,9,2.0,True,9
small26_opt,qlearning,1,263,9,2.0,True,9
small26_opt,qlearning,1,264,9,2.0,True,9
small26_opt,qlearning,1,265,9,2.0,True,9
small26_opt,qlearning,1,266,9,2.0,True,9
small26_opt,qlearning,1,267,9,2.0,True,9
small26_opt,qlearning,1,268,9,2.0,True,9
small26_opt,qlearning,1,269,9,2.0,True,9
small26_opt,qlearning,1,270,9,2.0,True,9
small26_opt,qlearning,1,271,9,2.0,True,9
small26_opt,qlearning,1,272,9,2.0,True,9
small26_opt,qlearning,1,273,9,2.0,True,9
small26_opt,qlearning,1,274,9,2.0,True,9
small26_opt,qlearning,1,275,9,2.0,True,9
small26_opt,qlearning,1,276,10,1.0,True,9
small26_opt,qlearning,1,277,9,2.0,True,9
small26_opt,qlearning,1,278,9,2.0,True,9
small26_opt,qlearning,1,279,9,2.0,True,9
small26_opt,qlearning,1,280,9,2.0,True,9
small26_opt,qlearning,1,281,9,2.0,True,9
small26_opt,qlearning,1,282,9,2.0,True,9
small26_opt,qlearning,1,283,9,2.0,True,9
small26_opt,qlearning,1,284,9,2.0,True,9
small26_opt,qlearning,1,285,9,2.0,True,9
small26_opt,qlearning,1,286,11,0.0,True,9
small26_opt,qlearning,1,287,9,2.0,True,9
small26_opt,qlearning,1,288,9,2.0,True,9
small26_opt,qlearning,1,289,9,2.0,True,9
small26_opt,qlearning,1,290,9,2.0,True,9
small26_opt,qlearning,1,291,9,2.0,True,9
small26_opt,qlearning,1,292,9,2.0,True,9
small26_opt,qlearning,1,293,9,2.0,True,9
small26_opt,qlearning,1,294,9,2.0,True,9
small26_opt,qlearning,1,295,9,2.0,True,9
small26_opt,qlearning,1,296,9,2.0,True,9
small26_opt,qlearning,1,297,9,2.0,True,9
small26_opt,qlearning,1,298,9,2.0,True,9
small26_opt,qlearning,1,299,9,2.0,True,9
small26_opt,qlearning,1,300,11,0.0,True,9
small26_opt,qlearning,1,301,9,2.0,True,9
small26_opt,qlearning,1,302,9,2.0,True,9
small26_opt,qlearning,1,303,10,1.0,True,9
small26_opt,qlearning,1,304,9,2.0,True,9
small26_opt,qlearning,1,305,9,2.0,True,9
small26_opt,qlearning,1,306,9,2.0,True,9
small26_opt,qlearning,1,307,9,2.0,True,9
small26_opt,qlearning,1,308,9,2.0,True,9
small26_opt,qlearning,1,309,9,2.0,True,9
small26_opt,qlearning,1,310,9,2.0,True,9
small26_opt,qlearning,1,311,9,2.0,True,9
small26_opt,qlearning,1,312,9,2.0,True,9
small26_opt,qlearning,1,313,9,2.0,True,9
small26_opt,qlearning,1,314,9,2.0,True,9
small26_opt,qlearning,1,315,9,2.0,True,9
small26_opt,qlearning,1,316,9,2.0,True,9
small26_opt,qlearning,1,317,9,2.0,True,9
small26_opt,qlearning,1,318,9,2.0,True,9
small26_opt,qlearning,1,319,9,2.0,True,9
small26_opt,qlearning,1,320,9,2.0,True,9
small26_opt,qlearning,1,321,9,2.0,True,9
small26_opt,qlearning,1,322,9,2.0,True,9
small26_opt,qlearning,1,323,9,2.0,True,9
small26_opt,qlearning,1,324,9,2.0,True,9
small26_opt,qlearning,1,325,9,2.0,True,9
small26_opt,qlearning,1,326,9,2.0,True,9
small26_opt,qlearning,1,327,11,0.0,True,9
small26_opt,qlearning,1,328,9,2.0,True,9
small26_opt,qlearning,1,329,9,2.0,True,9
small26_opt,qlearning,1,330,9,2.0,True,9
small26_opt,qlearning,1,331,9,2.0,True,9
small26_opt,qlearning,1,332,9,2.0,True,9
small26_opt,qlearning,1,333,9,2.0,True,9
small26_opt,qlearning,1,334,9,2.0,True,9
small26_opt,qlearning,1,335,9,2.0,True,9
small26_opt,qlearning,1,336,9,2.0,True,9
small26_opt,qlearning,1,337,9,2.0,True,9
small26_opt,qlearning,1,338,9,2.0,True,9
small26_opt,qlearning,1,339,9,2.0,True,9
small26_opt,qlearning,1,340,9,2.0,True,9
small26_opt,qlearning,1,341,9,2.0,True,9
small26_opt,qlearning,1,342,9,2.0,True,9
small26_opt,qlearning,1,343,9,2.0,True,9
small26_opt,qlearning,1,344,9,2.0,True,9
small26_opt,qlearning,1,345,10,1.0,True,9
small26_opt,qlearning,1,346,9,2.0,True,9
small26_opt,qlearning,1,347,9,2.0,True,9
small26_opt,qlearning,1,348,9,2.0,True,9
small26_opt,qlearning,1,349,10,1.0,True,9
small26_opt,qlearning,1,350,9,2.0,True,9
small26_opt,qlearning,1,351,9,2.0,True,9
small26_opt,qlearning,1,352,10,1.0,True,9
small26_opt,qlearning,1,353,9,2.0,True,9
small26_opt,qlearning,1,354,9,2.0,True,9
small26_opt,qlearning,1,355,11,0.0,True,9
small26_opt,qlearning,1,356,9,2.0,True,9
small26_opt,qlearning,1,357,9,2.0,True,9
small26_opt,qlearning,1,358,9,2.0,True,9
small26_opt,qlearning,1,359,9,2.0,True,9
small26_opt,qlearning,1,360,9,2.0,True,9
small26_opt,qlearning,1,361,9,2.0,True,9
small26_opt,qlearning,1,362,9,2.0,True,9
small26_opt,qlearning,1,363,9,2.0,True,9
small26_opt,qlearning,1,364,9,2.0,True,9
small26_opt,qlearning,1,365,9,2.0,True,9
small26_opt,qlearning,1,366,9,2.0,True,9
small26_opt,qlearning,1,367,9,2.0,True,9
small26_opt,qlearning,1,368,9,2.0,True,9
small26_opt,qlearning,1,369,9,2.0,True,9
small26_opt,qlearning,1,370,9,2.0,True,9
small26_opt,qlearning,1,371,9,2.0,True,9
small26_opt,qlearning,1,372,9,2.0,True,9
small26_opt,qlearning,1,373,9,2.0,True,9
small26_opt,qlearning,1,374,11,0.0,True,9
small26_opt,qlearning,1,375,9,2.0,True,9
small26_opt,qlearning,1,376,9,2.0,True,9
small26_opt,qlearning,1,377,9,2.0,True,9
small26_opt,qlearning,1,378,9,2.0,True,9
small26_opt,qlearning,1,379,9,2.0,True,9
small26_opt,qlearning,1,380,9,2.0,True,9
small26_opt,qlearning,1,381,9,2.0,True,9
small26_opt,qlearning,1,382,9,2.0,True,9
small26_opt,qlearning,1,383,9,2.0,True,9
small26_opt,qlearning,1,384,9,2.0,True,9
small26_opt,qlearning,1,385,9,2.0,True,9
small26_opt,qlearning,1,386,9,2.0,True,9
small26_opt,qlearning,1,387,9,2.0,True,9
small26_opt,qlearning,1,388,9,2.0,True,9
small26_opt,qlearning,1,389,9,2.0,True,9
small26_opt,qlearning,1,390,9,2.0,True,9
small26_opt,qlearning,1,391,9,2.0,True,9
small26_opt,qlearning,1,392,9,2.0,True,9
small26_opt,qlearning,1,393,9,2.0,True,9
small26_opt,qlearning,1,394,9,2.0,True,9
small26_opt,qlearning,1,395,9,2.0,True,9
small26_opt,qlearning,1,396,9,2.0,True,9
small26_opt,qlearning,1,397,9,2.0,True,9
small26_opt,qlearning,1,398,9,2.0,True,9
small26_opt,qlearning,1,399,9,2.0,True,9
small26_opt,mlp,1,0,100,-100.0,False,9
small26_opt,mlp,1,1,100,-100.0,False,9
small26_opt,mlp,1,2,100,-100.0,False,9
small26_opt,mlp,1,3,100,-100.0,False,9
small26_opt,mlp,1,4,41,-30.0,True,9
small26_opt,mlp,1,5,9,2.0,True,9
small26_opt,mlp,1,6,9,2.0,True,9
small26_opt,mlp,1,7,21,-10.0,True,9
small26_opt,mlp,1,8,13,-2.0,True,9
small26_opt,mlp,1,9,9,2.0,True,9
small26_opt,mlp,1,10,11,0.0,True,9
small26_opt,mlp,1,11,9,2.0,True,9
small26_opt,mlp,1,12,100,-100.0,False,9
small26_opt,mlp,1,13,22,-11.0,True,9
small26_opt,mlp,1,14,14,-3.0,True,9
small26_opt,mlp,1,15,9,2.0,True,9
small26_opt,mlp,1,16,24,-13.0,True,9
small26_opt,mlp,1,17,100,-100.0,False,9
small26_opt,mlp,1,18,11,0.0,True,9
small26_opt,mlp,1,19,18,-7.0,True,9
small26_opt,mlp,1,20,12,-1.0,True,9
small26_opt,mlp,1,21,9,2.0,True,9
small26_opt,mlp,1,22,9,2.0,True,9
small26_opt,mlp,1,23,11,0.0,True,9
small26_opt,mlp,1,24,9,2.0,True,9
small26_opt,mlp,1,25,9,2.0,True,9
small26_opt,mlp,1,26,10,1.0,True,9
small26_opt,mlp,1,27,16,-5.0,True,9
small26_opt,mlp,1,28,9,2.0,True,9
small26_opt,mlp,1,29,9,2.0,True,9
small26_opt,mlp,1,30,10,1.0,True,9
small26_opt,mlp,1,31,9,2.0,True,9
small26_opt,mlp,1,32,9,2.0,True,9
small26_opt,mlp,1,33,12,-1.0,True,9
small26_opt,mlp,1,34,32,-21.0,True,9
small26_opt,mlp,1,35,15,-4.0,True,9
small26_opt,mlp,1,36,11,0.0,True,9
small26_opt,mlp,1,37,11,0.0,True,9
small26_opt,mlp,1,38,10,1.0,True,9
small26_opt,mlp,1,39,9,2.0,True,9
small26_opt,mlp,1,40,65,-54.0,True,9
small26_opt,mlp,1,41,9,2.0,True,9
small26_opt,mlp,1,42,9,2.0,True,9
small26_opt,mlp,1,43,9,2.0,True,9
small26_opt,mlp,1,44,9,2.0,True,9
small26_opt,mlp,1,45,14,-3.0,True,9
small26_opt,mlp,1,46,11,0.0,True,9
small26_opt,mlp,1,47,9,2.0,True,9
small26_opt,mlp,1,48,11,0.0,True,9
small26_opt,mlp,1,49,9,2.0,True,9
small26_opt,mlp,1,50,9,2.0,True,9
small26_opt,mlp,1,51,9,2.0,True,9
small26_opt,mlp,1,52,9,2.0,True,9
small26_opt,mlp,1,53,13,-2.0,True,9
small26_opt,mlp,1,54,9,2.0,True,9
small26_opt,mlp,1,55,9,2.0,True,9
small26_opt,mlp,1,56,11,0.0,True,9
small26_opt,mlp,1,57,9,2.0,True,9
small26_opt,mlp,1,58,9,2.0,True,9
small26_opt,mlp,1,59,10,1.0,True,9
small26_opt,mlp,1,60,9,2.0,True,9
small26_opt,mlp,1,61,9,2.0,True,9
small26_opt,mlp,1,62,9,2.0,True,9
small26_opt,mlp,1,63,9,2.0,True,9
small26_opt,mlp,1,64,9,2.0,True,9
small26_opt,mlp,1,65,9,2.0,True,9
small26_opt,mlp,1,66,9,2.0,True,9
small26_opt,mlp,1,67,9,2.0,True,9
small26_opt,mlp,1,68,9,2.0,True,9
small26_opt,mlp,1,69,9,2.0,True,9
small26_opt,mlp,1,70,9,2.0,True,9
small26_opt,mlp,1,71,9,2.0,True,9
small26_opt,mlp,1,72,9,2.0,True,9
small26_opt,mlp,1,73,9,2.0,True,9
small26_opt,mlp,1,74,9,2.0,True,9
small26_opt,mlp,1,75,9,2.0,True,9
small26_opt,mlp,1,76,9,2.0,True,9
small26_opt,mlp,1,77,9,2.0,True,9
small26_opt,mlp,1,78,9,2.0,True,9
small26_opt,mlp,1,79,9,2.0,True,9
small26_opt,mlp,1,80,9,2.0,True,9
small26_opt,mlp,1,81,9,2.0,True,9
small26_opt,mlp,1,82,11,0.0,True,9
small26_opt,mlp,1,83,9,2.0,True,9
small26_opt,mlp,1,84,9,2.0,True,9
small26_opt,mlp,1,85,9,2.0,True,9
small26_opt,mlp,1,86,9,2.0,True,9
small26_opt,mlp,1,87,9,2.0,True,9
small26_opt,mlp,1,88,9,2.0,True,9
small26_opt,mlp,1,89,9,2.0,True,9
small26_opt,mlp,1,90,9,2.0,True,9
small26_opt,mlp,1,91,9,2.0,True,9
small26_opt,mlp,1,92,9,2.0,True,9
small26_opt,mlp,1,93,9,2.0,True,9
small26_opt,mlp,1,94,9,2.0,True,9
small26_opt,mlp,1,95,9,2.0,True,9
small26_opt,mlp,1,96,9,2.0,True,9
small26_opt,mlp,1,97,9,2.0,True,9
small26_opt,mlp,1,98,10,1.0,True,9
small26_opt,mlp,1,99,9,2.0,True,9
small26_opt,mlp,1,100,9,2.0,True,9
small26_opt,mlp,1,101,9,2.0,True,9
small26_opt,mlp,1,102,9,2.0,True,9
small26_opt,mlp,1,103,9,2.0,True,9
small26_opt,mlp,1,104,9,2.0,True,9
small26_opt,mlp,1,105,9,2.0,True,9
small26_opt,mlp,1,106,11,0.0,True,9
small26_opt,mlp,1,107,9,2.0,True,9
small26_opt,mlp,1,108,9,2.0,True,9
small26_opt,mlp,1,109,9,2.0,True,9
small26_opt,mlp,1,110,9,2.0,True,9
small26_opt,mlp,1,111,9,2.0,True,9
small26_opt,mlp,1,112,9,2.0,True,9
small26_opt,mlp,1,113,9,2.0,True,9
small26_opt,mlp,1,114,9,2.0,True,9
small26_opt,mlp,1,115,9,2.0,True,9
small26_opt,mlp,1,116,9,2.0,True,9
small26_opt,mlp,1,117,9,2.0,True,9
small26_opt,mlp,1,118,9,2.0,True,9
small26_opt,mlp,1,119,9,2.0,True,9
small26_opt,mlp,1,120,9,2.0,True,9
small26_opt,mlp,1,121,9,2.0,True,9
small26_opt,mlp,1,122,9,2.0,True,9
small26_opt,mlp,1,123,9,2.0,True,9
small26_opt,mlp,1,124,9,2.0,True,9
small26_opt,mlp,1,125,9,2.0,True,9
small26_opt,mlp,1,126,9,2.0,True,9
small26_opt,mlp,1,127,9,2.0,True,9
small26_opt,mlp,1,128,9,2.0,True,9
small26_opt,mlp,1,129,9,2.0,True,9
small26_opt,mlp,1,130,9,2.0,True,9
small26_opt,mlp,1,131,9,2.0,True,9
small26_opt,mlp,1,132,9,2.0,True,9
small26_opt,mlp,1,133,9,2.0,True,9
small26_opt,mlp,1,134,9,2.0,True,9
small26_opt,mlp,1,135,9,2.0,True,9
small26_opt,mlp,1,136,9,2.0,True,9
small26_opt,mlp,1,137,9,2.0,True,9
small26_opt,mlp,1,138,9,2.0,True,9
small26_opt,mlp,1,139,11,0.0,True,9
small26_opt,mlp,1,140,9,2.0,True,9
small26_opt,mlp,1,141,9,2.0,True,9
small26_opt,mlp,1,142,9,2.0,True,9
small26_opt,mlp,1,143,9,2.0,True,9
small26_opt,mlp,1,144,9,2.0,True,9
small26_opt,mlp,1,145,9,2.0,True,9
small26_opt,mlp,1,146,9,2.0,True,9
small26_opt,mlp,1,147,9,2.0,True,9
small26_opt,mlp,1,148,9,2.0,True,9
small26_opt,mlp,1,149,9,2.0,True,9
small26_opt,mlp,1,150,9,2.0,True,9
small26_opt,mlp,1,151,9,2.0,True,9
small26_opt,mlp,1,152,9,2.0,True,9
small26_opt,mlp,1,153,9,2.0,True,9
small26_opt,mlp,1,154,9,2.0,True,9
small26_opt,mlp,1,155,9,2.0,True,9
small26_opt,mlp,1,156,9,2.0,True,9
small26_opt,mlp,1,157,9,2.0,True,9
small26_opt,mlp,1,158,9,2.0,True,9
small26_opt,mlp,1,159,9,2.0,True,9
small26_opt,mlp,1,160,9,2.0,True,9
small26_opt,mlp,1,161,9,2.0,True,9
small26_opt,mlp,1,162,9,2.0,True,9
small26_opt,mlp,1,163,9,2.0,True,9
small26_opt,mlp,1,164,9,2.0,True,9
small26_opt,mlp,1,165,9,2.0,True,9
small26_opt,mlp,1,166,9,2.0,True,9
small26_opt,mlp,1,167,10,1.0,True,9
small26_opt,mlp,1,168,9,2.0,True,9
small26_opt,mlp,1,169,9,2.0,True,9
small26_opt,mlp,1,170,9,2.0,True,9
small26_opt,mlp,1,171,9,2.0,True,9
small26_opt,mlp,1,172,9,2.0,True,9
small26_opt,mlp,1,173,9,2.0,True,9
small26_opt,mlp,1,174,9,2.0,True,9
small26_opt,mlp,1,175,9,2.0,True,9
small26_opt,mlp,1,176,10,1.0,True,9
small26_opt,mlp,1,177,9,2.0,True,9
small26_opt,mlp,1,178,9,2.0,True,9
small26_opt,mlp,1,179,9,2.0,True,9
small26_opt,mlp,1,180,9,2.0,True,9
small26_opt,mlp,1,181,9,2.0,True,9
small26_opt,mlp,1,182,9,2.0,True,9
small26_opt,mlp,1,183,9,2.0,True,9
small26_opt,mlp,1,184,9,2.0,True,9
small26_opt,mlp,1,185,9,2.0,True,9
small26_opt,mlp,1,186,9,2.0,True,9
small26_opt,mlp,1,187,9,2.0,True,9
small26_opt,mlp,1,188,9,2.0,True,9
small26_opt,mlp,1,189,9,2.0,True,9
small26_opt,mlp,1,190,9,2.0,True,9
small26_opt,mlp,1,191,9,2.0,True,9
small26_opt,mlp,1,192,9,2.0,True,9
small26_opt,mlp,1,193,9,2.0,True,9
small26_opt,mlp,1,194,9,2.0,True,9
small26_opt,mlp,1,195,9,2.0,True,9
small26_opt,mlp,1,196,9,2.0,True,9
small26_opt,mlp,1,197,9,2.0,True,9
small26_opt,mlp,1,198,11,0.0,True,9
small26_opt,mlp,1,199,9,2.0,True,9
small26_opt,mlp,1,200,9,2.0,True,9
small26_opt,mlp,1,201,9,2.0,True,9
small26_opt,mlp,1,202,9,2.0,True,9
small26_opt,mlp,1,203,9,2.0,True,9
small26_opt,mlp,1,204,9,2.0,True,9
small26_opt,mlp,1,205,9,2.0,True,9
small26_opt,mlp,1,206,9,2.0,True,9
small26_opt,mlp,1,207,9,2.0,True,9
small26_opt,mlp,1,208,9,2.0,True,9
small26_opt,mlp,1,209,9,2.0,True,9
small26_opt,mlp,1,210,9,2.0,True,9
small26_opt,mlp,1,211,9,2.0,True,9
small26_opt,mlp,1,212,9,2.0,True,9
small26_opt,mlp,1,213,9,2.0,True,9
small26_opt,mlp,1,214,9,2.0,True,9
small26_opt,mlp,1,215,9,2.0,True,9
small26_opt,mlp,1,216,9,2.0,True,9
small26_opt,mlp,1,217,9,2.0,True,9
small26_opt,mlp,1,218,9,2.0,True,9
small26_opt,mlp,1,219,9,2.0,True,9
small26_opt,mlp,1,220,9,2.0,True,9
small26_opt,mlp,1,221,9,2.0,True,9
small26_opt,mlp,1,222,9,2.0,True,9
small26_opt,mlp,1,223,9,2.0,True,9
small26_opt,mlp,1,224,9,2.0,True,9
small26_opt,mlp,1,225,9,2.0,True,9
small26_opt,mlp,1,226,9,2.0,True,9
small26_opt,mlp,1,227,9,2.0,True,9
small26_opt,mlp,1,228,9,2.0,True,9
small26_opt,mlp,1,229,9,2.0,True,9
small26_opt,mlp,1,230,9,2.0,True,9
small26_opt,mlp,1,231,11,0.0,True,9
small26_opt,mlp,1,232,9,2.0,True,9
small26_opt,mlp,1,233,9,2.0,True,9
small26_opt,mlp,1,234,9,2.0,True,9
small26_opt,mlp,1,235,9,2.0,True,9
small26_opt,mlp,1,236,9,2.0,True,9
small26_opt,mlp,1,237,9,2.0,True,9
small26_opt,mlp,1,238,9,2.0,True,9
small26_opt,mlp,1,239,9,2.0,True,9
small26_opt,mlp,1,240,9,2.0,True,9
small26_opt,mlp,1,241,9,2.0,True,9
small26_opt,mlp,1,242,9,2.0,True,9
small26_opt,mlp,1,243,9,2.0,True,9
small26_opt,mlp,1,244,9,2.0,True,9
small26_opt,mlp,1,245,9,2.0,True,9
small26_opt,mlp,1,246,9,2.0,True,9
small26_opt,mlp,1,247,9,2.0,True,9
small26_opt,mlp,1,248,9,2.0,True,9
small26_opt,mlp,1,249,9,2.0,True,9
small26_opt,mlp,1,250,9,2.0,True,9
small26_opt,mlp,1,251,9,2.0,True,9
small26_opt,mlp,1,252,9,2.0,True,9
small26_opt,mlp,1,253,9,2.0,True,9
small26_opt,mlp,1,254,9,2.0,True,9
small26_opt,mlp,1,255,9,2.0,True,9
small26_opt,mlp,1,256,9,2.0,True,9
small26_opt,mlp,1,257,9,2.0,True,9
small26_opt,mlp,1,258,9,2.0,True,9
small26_opt,mlp,1,259,9,2.0,True,9
small26_opt,mlp,1,260,9,2.0,True,9
small26_opt,mlp,1,261,9,2.0,True,9
small26_opt,mlp,1,262,9,2.0,True,9
small26_opt,mlp,1,263,9,2.0,True,9
small26_opt,mlp,1,264,9,2.0,True,9
small26_opt,mlp,1,265,9,2.0,True,9
small26_opt,mlp,1,266,10,1.0,True,9
small26_opt,mlp,1,267,9,2.0,True,9
small26_opt,mlp,1,268,9,2.0,True,9
small26_opt,mlp,1,269,9,2.0,True,9
small26_opt,mlp,1,270,9,2.0,True,9
small26_opt,mlp,1,271,9,2.0,True,9
small26_opt,mlp,1,272,9,2.0,True,9
small26_opt,mlp,1,273,9,2.0,True,9
small26_opt,mlp,1,274,9,2.0,True,9
small26_opt,mlp,1,275,9,2.0,True,9
small26_opt,mlp,1,276,9,2.0,True,9
small26_opt,mlp,1,277,10,1.0,True,9
small26_opt,mlp,1,278,9,2.0,True,9
small26_opt,mlp,1,279,9,2.0,True,9
small26_opt,mlp,1,280,9,2.0,True,9
small26_opt,mlp,1,281,9,2.0,True,9
small26_opt,mlp,1,282,9,2.0,True,9
small26_opt,mlp,1,283,9,2.0,True,9
small26_opt,mlp,1,284,9,2.0,True,9
small26_opt,mlp,1,285,9,2.0,True,9
small26_opt,mlp,1,286,9,2.0,True,9
small26_opt,mlp,1,287,9,2.0,True,9
small26_opt,mlp,1,288,9,2.0,True,9
small26_opt,mlp,1,289,9,2.0,True,9
small26_opt,mlp,1,290,9,2.0,True,9
small26_opt,mlp,1,291,9,2.0,True,9
small26_opt,mlp,1,292,9,2.0,True,9
small26_opt,mlp,1,293,9,2.0,True,9
small26_opt,mlp,1,294,9,2.0,True,9
small26_opt,mlp,1,295,9,2.0,True,9
small26_opt,mlp,1,296,9,2.0,True,9
small26_opt,mlp,1,297,9,2.0,True,9
small26_opt,mlp,1,298,9,2.0,True,9
small26_opt,mlp,1,299,9,2.0,True,9
small26_opt,mlp,1,300,9,2.0,True,9
small26_opt,mlp,1,301,9,2.0,True,9
small26_opt,mlp,1,302,9,2.0,True,9
small26_opt,mlp,1,303,9,2.0,True,9
small26_opt,mlp,1,304,9,2.0,True,9
small26_opt,mlp,1,305,9,2.0,True,9
small26_opt,mlp,1,306,9,2.0,True,9
small26_opt,mlp,1,307,9,2.0,True,9
small26_opt,mlp,1,308,9,2.0,True,9
small26_opt,mlp,1,309,12,-1.0,True,9
small26_opt,mlp,1,310,9,2.0,True,9
small26_opt,mlp,1,311,9,2.0,True,9
small26_opt,mlp,1,312,10,1.0,True,9
small26_opt,mlp,1,313,9,2.0,True,9
small26_opt,mlp,1,314,9,2.0,True,9
small26_opt,mlp,1,315,9,2.0,True,9
small26_opt,mlp,1,316,9,2.0,True,9
small26_opt,mlp,1,317,9,2.0,True,9
small26_opt,mlp,1,318,9,2.0,True,9
small26_opt,mlp,1,319,9,2.0,True,9
small26_opt,mlp,1,320,9,2.0,True,9
small26_opt,mlp,1,321,9,2.0,True,9
small26_opt,mlp,1,322,9,2.0,True,9
small26_opt,mlp,1,323,11,0.0,True,9
small26_opt,mlp,1,324,9,2.0,True,9
small26_opt,mlp,1,325,9,2.0,True,9
small26_opt,mlp,1,326,9,2.0,True,9
small26_opt,mlp,1,327,9,2.0,True,9
small26_opt,mlp,1,328,9,2.0,True,9
small26_opt,mlp,1,329,9,2.0,True,9
small26_opt,mlp,1,330,9,2.0,True,9
small26_opt,mlp,1,331,9,2.0,True,9
small26_opt,mlp,1,332,9,2.0,True,9
small26_opt,mlp,1,333,9,2.0,True,9
small26_opt,mlp,1,334,11,0.0,True,9
small26_opt,mlp,1,335,10,1.0,True,9
small26_opt,mlp,1,336,9,2.0,True,9
small26_opt,mlp,1,337,9,2.0,True,9
small26_opt,mlp,1,338,9,2.0,True,9
small26_opt,mlp,1,339,9,2.0,True,9
small26_opt,mlp,1,340,12,-1.0,True,9
small26_opt,mlp,1,341,9,2.0,True,9
small26_opt,mlp,1,342,9,2.0,True,9
small26_opt,mlp,1,343,11,0.0,True,9
small26_opt,mlp,1,344,10,1.0,True,9
small26_opt,mlp,1,345,9,2.0,True,9
small26_opt,mlp,1,346,9,2.0,True,9
small26_opt,mlp,1,347,9,2.0,True,9
small26_opt,mlp,1,348,9,2.0,True,9
small26_opt,mlp,1,349,9,2.0,True,9
small26_opt,mlp,1,350,9,2.0,True,9
small26_opt,mlp,1,351,9,2.0,True,9
small26_opt,mlp,1,352,9,2.0,True,9
small26_opt,mlp,1,353,9,2.0,True,9
small26_opt,mlp,1,354,9,2.0,True,9
small26_opt,mlp,1,355,9,2.0,True,9
small26_opt,mlp,1,356,9,2.0,True,9
small26_opt,mlp,1,357,9,2.0,True,9
small26_opt,mlp,1,358,9,2.0,True,9
small26_opt,mlp,1,359,9,2.0,True,9
small26_opt,mlp,1,360,9,2.0,True,9
small26_opt,mlp,1,361,9,2.0,True,9
small26_opt,mlp,1,362,9,2.0,True,9
small26_opt,mlp,1,363,9,2.0,True,9
small26_opt,mlp,1,364,9,2.0,True,9
small26_opt,mlp,1,365,9,2.0,True,9
small26_opt,mlp,1,366,9,2.0,True,9
small26_opt,mlp,1,367,9,2.0,True,9
small26_opt,mlp,1,368,9,2.0,True,9
small26_opt,mlp,1,369,9,2.0,True,9
small26_opt,mlp,1,370,9,2.0,True,9
small26_opt,mlp,1,371,9,2.0,True,9
small26_opt,mlp,1,372,9,2.0,True,9
small26_opt,mlp,1,373,9,2.0,True,9
small26_opt,mlp,1,374,9,2.0,True,9
small26_opt,mlp,1,375,9,2.0,True,9
small26_opt,mlp,1,376,9,2.0,True,9
small26_opt,mlp,1,377,9,2.0,True,9
small26_opt,mlp,1,378,11,0.0,True,9
small26_opt,mlp,1,379,9,2.0,True,9
small26_opt,mlp,1,380,9,2.0,True,9
small26_opt,mlp,1,381,9,2.0,True,9
small26_opt,mlp,1,382,9,2.0,True,9
small26_opt,mlp,1,383,9,2.0,True,9
small26_opt,mlp,1,384,9,2.0,True,9
small26_opt,mlp,1,385,9,2.0,True,9
small26_opt,mlp,1,386,9,2.0,True,9
small26_opt,mlp,1,387,9,2.0,True,9
small26_opt,mlp,1,388,9,2.0,True,9
small26_opt,mlp,1,389,9,2.0,True,9
small26_opt,mlp,1,390,9,2.0,True,9
small26_opt,mlp,1,391,9,2.0,True,9
small26_opt,mlp,1,392,9,2.0,True,9
small26_opt,mlp,1,393,9,2.0,True,9
small26_opt,mlp,1,394,9,2.0,True,9
small26_opt,mlp,1,395,9,2.0,True,9
small26_opt,mlp,1,396,9,2.0,True,9
small26_opt,mlp,1,397,9,2.0,True,9
small26_opt,mlp,1,398,9,2.0,True,9
small26_opt,mlp,1,399,9,2.0,True,9
small26_opt,khot,1,0,100,-100.0,False,9
small26_opt,khot,1,1,100,-100.0,False,9
small26_opt,khot,1,2,63,-52.0,True,9
small26_opt,khot,1,3,9,2.0,True,9
small26_opt,khot,1,4,9,2.0,True,9
small26_opt,khot,1,5,11,0.0,True,9
small26_opt,khot,1,6,9,2.0,True,9
small26_opt,khot,1,7,10,1.0,True,9
small26_opt,khot,1,8,9,2.0,True,9
small26_opt,khot,1,9,10,1.0,True,9
small26_opt,khot,1,10,10,1.0,True,9
small26_opt,khot,1,11,9,2.0,True,9
small26_opt,khot,1,12,9,2.0,True,9
small26_opt,khot,1,13,9,2.0,True,9
small26_opt,khot,1,14,9,2.0,True,9
small26_opt,khot,1,15,9,2.0,True,9
small26_opt,khot,1,16,9,2.0,True,9
small26_opt,khot,1,17,9,2.0,True,9
small26_opt,khot,1,18,9,2.0,True,9
small26_opt,khot,1,19,10,1.0,True,9
small26_opt,khot,1,20,9,2.0,True,9
small26_opt,khot,1,21,10,1.0,True,9
small26_opt,khot,1,22,9,2.0,True,9
small26_opt,khot,1,23,9,2.0,True,9
small26_opt,khot,1,24,100,-100.0,False,9
small26_opt,khot,1,25,31,-20.0,True,9
small26_opt,khot,1,26,23,-12.0,True,9
small26_opt,khot,1,27,11,0.0,True,9
small26_opt,khot,1,28,11,0.0,True,9
small26_opt,khot,1,29,9,2.0,True,9
small26_opt,khot,1,30,11,0.0,True,9
small26_opt,khot,1,31,9,2.0,True,9
small26_opt,khot,1,32,9,2.0,True,9
small26_opt,khot,1,33,9,2.0,True,9
small26_opt,khot,1,34,10,1.0,True,9
small26_opt,khot,1,35,9,2.0,True,9
small26_opt,khot,1,36,9,2.0,True,9
small26_opt,khot,1,37,9,2.0,True,9
small26_opt,khot,1,38,11,0.0,True,9
small26_opt,khot,1,39,9,2.0,True,9
small26_opt,khot,1,40,9,2.0,True,9
small26_opt,khot,1,41,9,2.0,True,9
small26_opt,khot,1,42,9,2.0,True,9
small26_opt,khot,1,43,9,2.0,True,9
small26_opt,khot,1,44,9,2.0,True,9
small26_opt,khot,1,45,9,2.0,True,9
small26_opt,khot,1,46,9,2.0,True,9
small26_opt,khot,1,47,9,2.0,True,9
small26_opt,khot,1,48,9,2.0,True,9
small26_opt,khot,1,49,9,2.0,True,9
small26_opt,khot,1,50,9,2.0,True,9
small26_opt,khot,1,51,24,-13.0,True,9
small26_opt,khot,1,52,10,1.0,True,9
small26_opt,khot,1,53,11,0.0,True,9
small26_opt,khot,1,54,9,2.0,True,9
small26_opt,khot,1,55,9,2.0,True,9
small26_opt,khot,1,56,9,2.0,True,9
small26_opt,khot,1,57,9,2.0,True,9
small26_opt,khot,1,58,9,2.0,True,9
small26_opt,khot,1,59,9,2.0,True,9
small26_opt,khot,1,60,9,2.0,True,9
small26_opt,khot,1,61,9,2.0,True,9
small26_opt,khot,1,62,9,2.0,True,9
small26_opt,khot,1,63,9,2.0,True,9
small26_opt,khot,1,64,9,2.0,True,9
small26_opt,khot,1,65,9,2.0,True,9
small26_opt,khot,1,66,9,2.0,True,9
small26_opt,khot,1,67,9,2.0,True,9
small26_opt,khot,1,68,9,2.0,True,9
small26_opt,khot,1,69,9,2.0,True,9
small26_opt,khot,1,70,9,2.0,True,9
small26_opt,khot,1,71,9,2.0,True,9
small26_opt,khot,1,72,9,2.0,True,9
small26_opt,khot,1,73,9,2.0,True,9
small26_opt,khot,1,74,9,2.0,True,9
small26_opt,khot,1,75,9,2.0,True,9
small26_opt,khot,1,76,9,2.0,True,9
small26_opt,khot,1,77,9,2.0,True,9
small26_opt,khot,1,78,9,2.0,True,9
small26_opt,khot,1,79,9,2.0,True,9
small26_opt,khot,1,80,9,2.0,True,9
small26_opt,khot,1,81,9,2.0,True,9
small26_opt,khot,1,82,9,2.0,True,9
small26_opt,khot,1,83,11,0.0,True,9
small26_opt,khot,1,84,9,2.0,True,9
small26_opt,khot,1,85,9,2.0,True,9
small26_opt,khot,1,86,10,1.0,True,9
small26_opt,khot,1,87,10,1.0,True,9
small26_opt,khot,1,88,9,2.0,True,9
small26_opt,khot,1,89,11,0.0,True,9
small26_opt,khot,1,90,9,2.0,True,9
small26_opt,khot,1,91,9,2.0,True,9
small26_opt,khot,1,92,9,2.0,True,9
small26_opt,khot,1,93,9,2.0,True,9
small26_opt,khot,1,94,9,2.0,True,9
small26_opt,khot,1,95,9,2.0,True,9
small26_opt,khot,1,96,11,0.0,True,9
small26_opt,khot,1,97,9,2.0,True,9
small26_opt,khot,1,98,9,2.0,True,9
small26_opt,khot,1,99,9,2.0,True,9
small26_opt,khot,1,100,9,2.0,True,9
small26_opt,khot,1,101,9,2.0,True,9
small26_opt,khot,1,102,9,2.0,True,9
small26_opt,khot,1,103,9,2.0,True,9
small26_opt,khot,1,104,9,2.0,True,9
small26_opt,khot,1,105,9,2.0,True,9
small26_opt,khot,1,106,9,2.0,True,9
small26_opt,khot,1,107,9,2.0,True,9
small26_opt,khot,1,108,9,2.0,True,9
small26_opt,khot,1,109,9,2.0,True,9
small26_opt,khot,1,110,9,2.0,True,9
small26_opt,khot,1,111,9,2.0,True,9
small26_opt,khot,1,112,9,2.0,True,9
small26_opt,khot,1,113,9,2.0,True,9
small26_opt,khot,1,114,9,2.0,True,9
small26_opt,khot,1,115,9,2.0,True,9
small26_opt,khot,1,116,9,2.0,True,9
small26_opt,khot,1,117,9,2.0,True,9
small26_opt,khot,1,118,9,2.0,True,9
small26_opt,khot,1,119,9,2.0,True,9
small26_opt,khot,1,120,9,2.0,True,9
small26_opt,khot,1,121,9,2.0,True,9
small26_opt,khot,1,122,9,2.0,True,9
small26_opt,khot,1,123,9,2.0,True,9
small26_opt,khot,1,124,9,2.0,True,9
small26_opt,khot,1,125,9,2.0,True,9
small26_opt,khot,1,126,9,2.0,True,9
small26_opt,khot,1,127,9,2.0,True,9
small26_opt,khot,1,128,9,2.0,True,9
small26_opt,khot,1,129,9,2.0,True,9
small26_opt,khot,1,130,9,2.0,True,9
small26_opt,khot,1,131,9,2.0,True,9
small26_opt,khot,1,132,9,2.0,True,9
small26_opt,khot,1,133,9,2.0,True,9
small26_opt,khot,1,134,9,2.0,True,9
small26_opt,khot,1,135,9,2.0,True,9
small26_opt,khot,1,136,9,2.0,True,9
small26_opt,khot,1,137,9,2.0,True,9
small26_opt,khot,1,138,9,2.0,True,9
small26_opt,khot,1,139,9,2.0,True,9
small26_opt,khot,1,140,9,2.0,True,9
small26_opt,khot,1,141,9,2.0,True,9
small26_opt,khot,1,142,9,2.0,True,9
small26_opt,khot,1,143,9,2.0,True,9
small26_opt,khot,1,144,12,-1.0,True,9
small26_opt,khot,1,145,9,2.0,True,9
small26_opt,khot,1,146,10,1.0,True,9
small26_opt,khot,1,147,9,2.0,True,9
small26_opt,khot,1,148,9,2.0,True,9
small26_opt,khot,1,149,9,2.0,True,9
small26_opt,khot,1,150,9,2.0,True,9
small26_opt,khot,1,151,9,2.0,True,9
small26_opt,khot,1,152,9,2.0,True,9
small26_opt,khot,1,153,9,2.0,True,9
small26_opt,khot,1,154,9,2.0,True,9
small26_opt,khot,1,155,9,2.0,True,9
small26_opt,khot,1,156,9,2.0,True,9
small26_opt,khot,1,157,9,2.0,True,9
small26_opt,khot,1,158,9,2.0,True,9
small26_opt,khot,1,159,9,2.0,True,9
small26_opt,khot,1,160,9,2.0,True,9
small26_opt,khot,1,161,9,2.0,True,9
small26_opt,khot,1,162,9,2.0,True,9
small26_opt,khot,1,163,9,2.0,True,9
small26_opt,khot,1,164,10,1.0,True,9
small26_opt,khot,1,165,9,2.0,True,9
small26_opt,khot,1,166,9,2.0,True,9
small26_opt,khot,1,167,9,2.0,True,9
small26_opt,khot,1,168,9,2.0,True,9
small26_opt,khot,1,169,9,2.0,True,9
small26_opt,khot,1,170,9,2.0,True,9
small26_opt,khot,1,171,9,2.0,True,9
small26_opt,khot,1,172,9,2.0,True,9
small26_opt,khot,1,173,9,2.0,True,9
small26_opt,khot,1,174,9,2.0,True,9
small26_opt,khot,1,175,9,2.0,True,9
small26_opt,khot,1,176,9,2.0,True,9
small26_opt,khot,1,177,9,2.0,True,9
small26_opt,khot,1,178,9,2.0,True,9
small26_opt,khot,1,179,9,2.0,True,9
small26_opt,khot,1,180,9,2.0,True,9
small26_opt,khot,1,181,9,2.0,True,9
small26_opt,khot,1,182,9,2.0,True,9
small26_opt,khot,1,183,9,2.0,True,9
small26_opt,khot,1,184,9,2.0,True,9
small26_opt,khot,1,185,9,2.0,True,9
small26_opt,khot,1,186,9,2.0,True,9
small26_opt,khot,1,187,77,-66.0,True,9
small26_opt,khot,1,188,13,-2.0,True,9
small26_opt,khot,1,189,9,2.0,True,9
small26_opt,khot,1,190,9,2.0,True,9
small26_opt,khot,1,191,9,2.0,True,9
small26_opt,khot,1,192,9,2.0,True,9
small26_opt,khot,1,193,9,2.0,True,9
small26_opt,khot,1,194,9,2.0,True,9
small26_opt,khot,1,195,10,1.0,True,9
small26_opt,khot,1,196,9,2.0,True,9
small26_opt,khot,1,197,9,2.0,True,9
small26_opt,khot,1,198,9,2.0,True,9
small26_opt,khot,1,199,9,2.0,True,9
small26_opt,khot,1,200,9,2.0,True,9
small26_opt,khot,1,201,9,2.0,True,9
small26_opt,khot,1,202,9,2.0,True,9
small26_opt,khot,1,203,9,2.0,True,9
small26_opt,khot,1,204,9,2.0,True,9
small26_opt,khot,1,205,9,2.0,True,9
small26_opt,khot,1,206,9,2.0,True,9
small26_opt,khot,1,207,9,2.0,True,9
small26_opt,khot,1,208,9,2.0,True,9
small26_opt,khot,1,209,9,2.0,True,9
small26_opt,khot,1,210,9,2.0,True,9
small26_opt,khot,1,211,9,2.0,True,9
small26_opt,khot,1,212,9,2.0,True,9
small26_opt,khot,1,213,9,2.0,True,9
small26_opt,khot,1,214,9,2.0,True,9
small26_opt,khot,1,215,9,2.0,True,9
small26_opt,khot,1,216,9,2.0,True,9
small26_opt,khot,1,217,9,2.0,True,9
small26_opt,khot,1,218,9,2.0,True,9
small26_opt,khot,1,219,9,2.0,True,9
small26_opt,khot,1,220,9,2.0,True,9
small26_opt,khot,1,221,9,2.0,True,9
small26_opt,khot,1,222,10,1.0,True,9
small26_opt,khot,1,223,9,2.0,True,9
small26_opt,khot,1,224,9,2.0,True,9
small26_opt,khot,1,225,9,2.0,True,9
small26_opt,khot,1,226,9,2.0,True,9
small26_opt,khot,1,227,9,2.0,True,9
small26_opt,khot,1,228,9,2.0,True,9
small26_opt,khot,1,229,10,1.0,True,9
small26_opt,khot,1,230,9,2.0,True,9
small26_opt,khot,1,231,9,2.0,True,9
small26_opt,khot,1,232,9,2.0,True,9
small26_opt,khot,1,233,9,2.0,True,9
small26_opt,khot,1,234,9,2.0,True,9
small26_opt,khot,1,235,9,2.0,True,9
small26_opt,khot,1,236,9,2.0,True,9
small26_opt,khot,1,237,9,2.0,True,9
small26_opt,khot,1,238,9,2.0,True,9
small26_opt,khot,1,239,9,2.0,True,9
small26_opt,khot,1,240,9,2.0,True,9
small26_opt,khot,1,241,9,2.0,True,9
small26_opt,khot,1,242,9,2.0,True,9
small26_opt,khot,1,243,9,2.0,True,9
small26_opt,khot,1,244,9,2.0,True,9
small26_opt,khot,1,245,9,2.0,True,9
small26_opt,khot,1,246,9,2.0,True,9
small26_opt,khot,1,247,9,2.0,True,9
small26_opt,khot,1,248,9,2.0,True,9
small26_opt,khot,1,249,9,2.0,True,9
small26_opt,khot,1,250,9,2.0,True,9
small26_opt,khot,1,251,9,2.0,True,9
small26_opt,khot,1,252,9,2.0,True,9
small26_opt,khot,1,253,9,2.0,True,9
small26_opt,khot,1,254,9,2.0,True,9
small26_opt,khot,1,255,9,2.0,True,9
small26_opt,khot,1,256,9,2.0,True,9
small26_opt,khot,1,257,9,2.0,True,9
small26_opt,khot,1,258,9,2.0,True,9
small26_opt,khot,1,259,9,2.0,True,9
small26_opt,khot,1,260,9,2.0,True,9
small26_opt,khot,1,261,9,2.0,True,9
small26_opt,khot,1,262,9,2.0,True,9
small26_opt,khot,1,263,9,2.0,True,9
small26_opt,khot,1,264,9,2.0,True,9
small26_opt,khot,1,265,9,2.0,True,9
small26_opt,khot,1,266,9,2.0,True,9
small26_opt,khot,1,267,9,2.0,True,9
small26_opt,khot,1,268,9,2.0,True,9
small26_opt,khot,1,269,9,2.0,True,9
small26_opt,khot,1,270,9,2.0,True,9
small26_opt,khot,1,271,9,2.0,True,9
small26_opt,khot,1,272,9,2.0,True,9
small26_opt,khot,1,273,9,2.0,True,9
small26_opt,khot,1,274,9,2.0,True,9
small26_opt,khot,1,275,11,0.0,True,9
small26_opt,khot,1,276,9,2.0,True,9
small26_opt,khot,1,277,9,2.0,True,9
small26_opt,khot,1,278,9,2.0,True,9
small26_opt,khot,1,279,9,2.0,True,9
small26_opt,khot,1,280,9,2.0,True,9
small26_opt,khot,1,281,9,2.0,True,9
small26_opt,khot,1,282,9,2.0,True,9
small26_opt,khot,1,283,9,2.0,True,9
small26_opt,khot,1,284,9,2.0,True,9
small26_opt,khot,1,285,9,2.0,True,9
small26_opt,khot,1,286,10,1.0,True,9
small26_opt,khot,1,287,10,1.0,True,9
small26_opt,khot,1,288,9,2.0,True,9
small26_opt,khot,1,289,9,2.0,True,9
small26_opt,khot,1,290,9,2.0,True,9
small26_opt,khot,1,291,9,2.0,True,9
small26_opt,khot,1,292,9,2.0,True,9
small26_opt,khot,1,293,9,2.0,True,9
small26_opt,khot,1,294,9,2.0,True,9
small26_opt,khot,1,295,9,2.0,True,9
small26_opt,khot,1,296,9,2.0,True,9
small26_opt,khot,1,297,9,2.0,True,9
small26_opt,khot,1,298,9,2.0,True,9
small26_opt,khot,1,299,11,0.0,True,9
small26_opt,khot,1,300,9,2.0,True,9
small26_opt,khot,1,301,9,2.0,True,9
small26_opt,khot,1,302,10,1.0,True,9
small26_opt,khot,1,303,9,2.0,True,9
small26_opt,khot,1,304,9,2.0,True,9
small26_opt,khot,1,305,9,2.0,True,9
small26_opt,khot,1,306,9,2.0,True,9
small26_opt,khot,1,307,9,2.0,True,9
small26_opt,khot,1,308,9,2.0,True,9
small26_opt,khot,1,309,9,2.0,True,9
small26_opt,khot,1,310,9,2.0,True,9
small26_opt,khot,1,311,9,2.0,True,9
small26_opt,khot,1,312,9,2.0,True,9
small26_opt,khot,1,313,9,2.0,True,9
small26_opt,khot,1,314,9,2.0,True,9
small26_opt,khot,1,315,9,2.0,True,9
small26_opt,khot,1,316,9,2.0,True,9
small26_opt,khot,1,317,9,2.0,True,9
small26_opt,khot,1,318,9,2.0,True,9
small26_opt,khot,1,319,9,2.0,True,9
small26_opt,khot,1,320,9,2.0,True,9
small26_opt,khot,1,321,9,2.0,True,9
small26_opt,khot,1,322,9,2.0,True,9
small26_opt,khot,1,323,9,2.0,True,9
small26_opt,khot,1,324,9,2.0,True,9
small26_opt,khot,1,325,9,2.0,True,9
small26_opt,khot,1,326,11,0.0,True,9
small26_opt,khot,1,327,9,2.0,True,9
small26_opt,khot,1,328,9,2.0,True,9
small26_opt,khot,1,329,9,2.0,True,9
small26_opt,khot,1,330,9,2.0,True,9
small26_opt,khot,1,331,9,2.0,True,9
small26_opt,khot,1,332,9,2.0,True,9
small26_opt,khot,1,333,9,2.0,True,9
small26_opt,khot,1,334,9,2.0,True,9
small26_opt,khot,1,335,9,2.0,True,9
small26_opt,khot,1,336,9,2.0,True,9
small26_opt,khot,1,337,9,2.0,True,9
small26_opt,khot,1,338,9,2.0,True,9
small26_opt,khot,1,339,9,2.0,True,9
small26_opt,khot,1,340,9,2.0,True,9
small26_opt,khot,1,341,9,2.0,True,9
small26_opt,khot,1,342,9,2.0,True,9
small26_opt,khot,1,343,9,2.0,True,9
small26_opt,khot,1,344,11,0.0,True,9
small26_opt,khot,1,345,13,-2.0,True,9
small26_opt,khot,1,346,9,2.0,True,9
small26_opt,khot,1,347,9,2.0,True,9
small26_opt,khot,1,348,11,0.0,True,9
small26_opt,khot,1,349,9,2.0,True,9
small26_opt,khot,1,350,9,2.0,True,9
small26_opt,khot,1,351,9,2.0,True,9
small26_opt,khot,1,352,9,2.0,True,9
small26_opt,khot,1,353,9,2.0,True,9
small26_opt,khot,1,354,9,2.0,True,9
small26_opt,khot,1,355,9,2.0,True,9
small26_opt,khot,1,356,9,2.0,True,9
small26_opt,khot,1,357,9,2.0,True,9
small26_opt,khot,1,358,9,2.0,True,9
small26_opt,khot,1,359,9,2.0,True,9
small26_opt,khot,1,360,9,2.0,True,9
small26_opt,khot,1,361,9,2.0,True,9
small26_opt,khot,1,362,9,2.0,True,9
small26_opt,khot,1,363,9,2.0,True,9
small26_opt,khot,1,364,9,2.0,True,9
small26_opt,khot,1,365,9,2.0,True,9
small26_opt,khot,1,366,9,2.0,True,9
small26_opt,khot,1,367,9,2.0,True,9
small26_opt,khot,1,368,9,2.0,True,9
small26_opt,khot,1,369,9,2.0,True,9
small26_opt,khot,1,370,9,2.0,True,9
small26_opt,khot,1,371,9,2.0,True,9
small26_opt,khot,1,372,9,2.0,True,9
small26_opt,khot,1,373,11,0.0,True,9
small26_opt,khot,1,374,9,2.0,True,9
small26_opt,khot,1,375,9,2.0,True,9
small26_opt,khot,1,376,9,2.0,True,9
small26_opt,khot,1,377,9,2.0,True,9
small26_opt,khot,1,378,9,2.0,True,9
small26_opt,khot,1,379,9,2.0,True,9
small26_opt,khot,1,380,9,2.0,True,9
small26_opt,khot,1,381,9,2.0,True,9
small26_opt,khot,1,382,9,2.0,True,9
small26_opt,khot,1,383,9,2.0,True,9
small26_opt,khot,1,384,9,2.0,True,9
small26_opt,khot,1,385,9,2.0,True,9
small26_opt,khot,1,386,9,2.0,True,9
small26_opt,khot,1,387,9,2.0,True,9
small26_opt,khot,1,388,9,2.0,True,9
small26_opt,khot,1,389,9,2.0,True,9
small26_opt,khot,1,390,9,2.0,True,9
small26_opt,khot,1,391,9,2.0,True,9
small26_opt,khot,1,392,9,2.0,True,9
small26_opt,khot,1,393,9,2.0,True,9
small26_opt,khot,1,394,9,2.0,True,9
small26_opt,khot,1,395,9,2.0,True,9
small26_opt,khot,1,396,9,2.0,True,9
small26_opt,khot,1,397,9,2.0,True,9
small26_opt,khot,1,398,9,2.0,True,9
small26_opt,khot,1,399,9,2.0,True,9
small26_opt,qlearning,2,0,100,-100.0,False,9
small26_opt,qlearning,2,1,100,-100.0,False,9
small26_opt,qlearning,2,2,24,-13.0,True,9
small26_opt,qlearning,2,3,9,2.0,True,9
small26_opt,qlearning,2,4,9,2.0,True,9
small26_opt,qlearning,2,5,9,2.0,True,9
small26_opt,qlearning,2,6,9,2.0,True,9
small26_opt,qlearning,2,7,65,-54.0,True,9
small26_opt,qlearning,2,8,10,1.0,True,9
small26_opt,qlearning,2,9,9,2.0,True,9
small26_opt,qlearning,2,10,13,-2.0,True,9
small26_opt,qlearning,2,11,11,0.0,True,9
small26_opt,qlearning,2,12,10,1.0,True,9
small26_opt,qlearning,2,13,9,2.0,True,9
small26_opt,qlearning,2,14,9,2.0,True,9
small26_opt,qlearning,2,15,11,0.0,True,9
small26_opt,qlearning,2,16,9,2.0,True,9
small26_opt,qlearning,2,17,9,2.0,True,9
small26_opt,qlearning,2,18,9,2.0,True,9
small26_opt,qlearning,2,19,9,2.0,True,9
small26_opt,qlearning,2,20,10,1.0,True,9
small26_opt,qlearning,2,21,9,2.0,True,9
small26_opt,qlearning,2,22,10,1.0,True,9
small26_opt,qlearning,2,23,9,2.0,True,9
small26_opt,qlearning,2,24,9,2.0,True,9
small26_opt,qlearning,2,25,9,2.0,True,9
small26_opt,qlearning,2,26,9,2.0,True,9
small26_opt,qlearning,2,27,9,2.0,True,9
small26_opt,qlearning,2,28,9,2.0,True,9
small26_opt,qlearning,2,29,10,1.0,True,9
small26_opt,qlearning,2,30,9,2.0,True,9
small26_opt,qlearning,2,31,9,2.0,True,9
small26_opt,qlearning,2,32,9,2.0,True,9
small26_opt,qlearning,2,33,9,2.0,True,9
small26_opt,qlearning,2,34,9,2.0,True,9
small26_opt,qlearning,2,35,9,2.0,True,9
small26_opt,qlearning,2,36,9,2.0,True,9
small26_opt,qlearning,2,37,9,2.0,True,9
small26_opt,qlearning,2,38,9,2.0,True,9
small26_opt,qlearning,2,39,9,2.0,True,9
small26_opt,qlearning,2,40,11,0.0,True,9
small26_opt,qlearning,2,41,9,2.0,True,9
small26_opt,qlearning,2,42,9,2.0,True,9
small26_opt,qlearning,2,43,9,2.0,True,9
small26_opt,qlearning,2,44,9,2.0,True,9
small26_opt,qlearning,2,45,16,-5.0,True,9
small26_opt,qlearning,2,46,11,0.0,True,9
small26_opt,qlearning,2,47,9,2.0,True,9
small26_opt,qlearning,2,48,9,2.0,True,9
small26_opt,qlearning,2,49,11,0.0,True,9
small26_opt,qlearning,2,50,9,2.0,True,9
small26_opt,qlearning,2,51,11,0.0,True,9
small26_opt,qlearning,2,52,9,2.0,True,9
small26_opt,qlearning,2,53,9,2.0,True,9
small26_opt,qlearning,2,54,9,2.0,True,9
small26_opt,qlearning,2,55,10,1.0,True,9
small26_opt,qlearning,2,56,9,2.0,True,9
small26_opt,qlearning,2,57,9,2.0,True,9
small26_opt,qlearning,2,58,9,2.0,True,9
small26_opt,qlearning,2,59,9,2.0,True,9
small26_opt,qlearning,2,60,9,2.0,True,9
small26_opt,qlearning,2,61,9,2.0,True,9
small26_opt,qlearning,2,62,9,2.0,True,9
small26_opt,qlearning,2,63,9,2.0,True,9
small26_opt,qlearning,2,64,9,2.0,True,9
small26_opt,qlearning,2,65,9,2.0,True,9
small26_opt,qlearning,2,66,9,2.0,True,9
small26_opt,qlearning,2,67,9,2.0,True,9
small26_opt,qlearning,2,68,9,2.0,True,9
small26_opt,qlearning,2,69,9,2.0,True,9
small26_opt,qlearning,2,70,9,2.0,True,9
small26_opt,qlearning,2,71,9,2.0,True,9
small26_opt,qlearning,2,72,9,2.0,True,9
small26_opt,qlearning,2,73,9,2.0,True,9
small26_opt,qlearning,2,74,9,2.0,True,9
small26_opt,qlearning,2,75,9,2.0,True,9
small26_opt,qlearning,2,76,9,2.0,True,9
small26_opt,qlearning,2,77,9,2.0,True,9
small26_opt,qlearning,2,78,9,2.0,True,9
small26_opt,qlearning,2,79,9,2.0,True,9
small26_opt,qlearning,2,80,9,2.0,True,9
small26_opt,qlearning,2,81,9,2.0,True,9
small26_opt,qlearning,2,82,9,2.0,True,9
small26_opt,qlearning,2,83,9,2.0,True,9
small26_opt,qlearning,2,84,9,2.0,True,9
small26_opt,qlearning,2,85,9,2.0,True,9
small26_opt,qlearning,2,86,9,2.0,True,9
small26_opt,qlearning,2,87,9,2.0,True,9
small26_opt,qlearning,2,88,11,0.0,True,9
small26_opt,qlearning,2,89,9,2.0,True,9
small26_opt,qlearning,2,90,9,2.0,True,9
small26_opt,qlearning,2,91,9,2.0,True,9
small26_opt,qlearning,2,92,9,2.0,True,9
small26_opt,qlearning,2,93,9,2.0,True,9
small26_opt,qlearning,2,94,9,2.0,True,9
small26_opt,qlearning,2,95,9,2.0,True,9
small26_opt,qlearning,2,96,9,2.0,True,9
small26_opt,qlearning,2,97,10,1.0,True,9
small26_opt,qlearning,2,98,9,2.0,True,9
small26_opt,qlearning,2,99,9,2.0,True,9
small26_opt,qlearning,2,100,9,2.0,True,9
small26_opt,qlearning,2,101,9,2.0,True,9
small26_opt,qlearning,2,102,9,2.0,True,9
small26_opt,qlearning,2,103,9,2.0,True,9
small26_opt,qlearning,2,104,9,2.0,True,9
small26_opt,qlearning,2,105,9,2.0,True,9
small26_opt,qlearning,2,106,9,2.0,True,9
small26_opt,qlearning,2,107,9,2.0,True,9
small26_opt,qlearning,2,108,9,2.0,True,9
small26_opt,qlearning,2,109,9,2.0,True,9
small26_opt,qlearning,2,110,9,2.0,True,9
small26_opt,qlearning,2,111,9,2.0,True,9
small26_opt,qlearning,2,112,9,2.0,True,9
small26_opt,qlearning,2,113,9,2.0,True,9
small26_opt,qlearning,2,114,9,2.0,True,9
small26_opt,qlearning,2,115,9,2.0,True,9
small26_opt,qlearning,2,116,9,2.0,True,9
small26_opt,qlearning,2,117,9,2.0,True,9
small26_opt,qlearning,2,118,9,2.0,True,9
small26_opt,qlearning,2,119,9,2.0,True,9
small26_opt,qlearning,2,120,9,2.0,True,9
small26_opt,qlearning,2,121,9,2.0,True,9
small26_opt,qlearning,2,122,9,2.0,True,9
small26_opt,qlearning,2,123,9,2.0,True,9
small26_opt,qlearning,2,124,9,2.0,True,9
small26_opt,qlearning,2,125,9,2.0,True,9
small26_opt,qlearning,2,126,10,1.0,True,9
small26_opt,qlearning,2,127,9,2.0,True,9
small26_opt,qlearning,2,128,10,1.0,True,9
small26_opt,qlearning,2,129,9,2.0,True,9
small26_opt,qlearning,2,130,10,1.0,True,9
small26_opt,qlearning,2,131,9,2.0,True,9
small26_opt,qlearning,2,132,9,2.0,True,9
small26_opt,qlearning,2,133,9,2.0,True,9
small26_opt,qlearning,2,134,9,2.0,True,9
small26_opt,qlearning,2,135,94,-83.0,True,9
small26_opt,qlearning,2,136,9,2.0,True,9
small26_opt,qlearning,2,137,9,2.0,True,9
small26_opt,qlearning,2,138,9,2.0,True,9
small26_opt,qlearning,2,139,9,2.0,True,9
small26_opt,qlearning,2,140,9,2.0,True,9
small26_opt,qlearning,2,141,9,2.0,True,9
small26_opt,qlearning,2,142,9,2.0,True,9
small26_opt,qlearning,2,143,9,2.0,True,9
small26_opt,qlearning,2,144,9,2.0,True,9
small26_opt,qlearning,2,145,9,2.0,True,9
small26_opt,qlearning,2,146,9,2.0,True,9
small26_opt,qlearning,2,147,9,2.0,True,9
small26_opt,qlearning,2,148,9,2.0,True,9
small26_opt,qlearning,2,149,9,2.0,True,9
small26_opt,qlearning,2,150,9,2.0,True,9
small26_opt,qlearning,2,151,9,2.0,True,9
small26_opt,qlearning,2,152,9,2.0,True,9
small26_opt,qlearning,2,153,9,2.0,True,9
small26_opt,qlearning,2,154,9,2.0,True,9
small26_opt,qlearning,2,155,10,1.0,True,9
small26_opt,qlearning,2,156,9,2.0,True,9
small26_opt,qlearning,2,157,9,2.0,True,9
small26_opt,qlearning,2,158,9,2.0,True,9
small26_opt,qlearning,2,159,9,2.0,True,9
small26_opt,qlearning,2,160,11,0.0,True,9
small26_opt,qlearning,2,161,9,2.0,True,9
small26_opt,qlearning,2,162,9,2.0,True,9
small26_opt,qlearning,2,163,9,2.0,True,9
small26_opt,qlearning,2,164,9,2.0,True,9
small26_opt,qlearning,2,165,9,2.0,True,9
small26_opt,qlearning,2,166,11,0.0,True,9
small26_opt,qlearning,2,167,9,2.0,True,9
small26_opt,qlearning,2,168,9,2.0,True,9
small26_opt,qlearning,2,169,9,2.0,True,9
small26_opt,qlearning,2,170,10,1.0,True,9
small26_opt,qlearning,2,171,9,2.0,True,9
small26_opt,qlearning,2,172,9,2.0,True,9
small26_opt,qlearning,2,173,9,2.0,True,9
small26_opt,qlearning,2,174,9,2.0,True,9
small26_opt,qlearning,2,175,9,2.0,True,9
small26_opt,qlearning,2,176,9,2.0,True,9
small26_opt,qlearning,2,177,9,2.0,True,9
small26_opt,qlearning,2,178,9,2.0,True,9
small26_opt,qlearning,2,179,9,2.0,True,9
small26_opt,qlearning,2,180,9,2.0,True,9
small26_opt,qlearning,2,181,9,2.0,True,9
small26_opt,qlearning,2,182,9,2.0,True,9
small26_opt,qlearning,2,183,9,2.0,True,9
small26_opt,qlearning,2,184,9,2.0,True,9
small26_opt,qlearning,2,185,9,2.0,True,9
small26_opt,qlearning,2,186,9,2.0,True,9
small26_opt,qlearning,2,187,31,-20.0,True,9
small26_opt,qlearning,2,188,9,2.0,True,9
small26_opt,qlearning,2,189,9,2.0,True,9
small26_opt,qlearning,2,190,9,2.0,True,9
small26_opt,qlearning,2,191,9,2.0,True,9
small26_opt,qlearning,2,192,9,2.0,True,9
small26_opt,qlearning,2,193,9,2.0,True,9
small26_opt,qlearning,2,194,9,2.0,True,9
small26_opt,qlearning,2,195,9,2.0,True,9
small26_opt,qlearning,2,196,9,2.0,True,9
small26_opt,qlearning,2,197,10,1.0,True,9
small26_opt,qlearning,2,198,10,1.0,True,9
small26_opt,qlearning,2,199,9,2.0,True,9
small26_opt,qlearning,2,200,9,2.0,True,9
small26_opt,qlearning,2,201,9,2.0,True,9
small26_opt,qlearning,2,202,9,2.0,True,9
small26_opt,qlearning,2,203,9,2.0,True,9
small26_opt,qlearning,2,204,9,2.0,True,9
small26_opt,qlearning,2,205,9,2.0,True,9
small26_opt,qlearning,2,206,11,0.0,True,9
small26_opt,qlearning,2,207,9,2.0,True,9
small26_opt,qlearning,2,208,9,2.0,True,9
small26_opt,qlearning,2,209,9,2.0,True,9
small26_opt,qlearning,2,210,9,2.0,True,9
small26_opt,qlearning,2,211,9,2.0,True,9
small26_opt,qlearning,2,212,9,2.0,True,9
small26_opt,qlearning,2,213,11,0.0,True,9
small26_opt,qlearning,2,214,9,2.0,True,9
small26_opt,qlearning,2,215,9,2.0,True,9
small26_opt,qlearning,2,216,9,2.0,True,9
small26_opt,qlearning,2,217,9,2.0,True,9
small26_opt,qlearning,2,218,9,2.0,True,9
small26_opt,qlearning,2,219,9,2.0,True,9
small26_opt,qlearning,2,220,9,2.0,True,9
small26_opt,qlearning,2,221,9,2.0,True,9
small26_opt,qlearning,2,222,9,2.0,True,9
small26_opt,qlearning,2,223,9,2.0,True,9
small26_opt,qlearning,2,224,9,2.0,True,9
small26_opt,qlearning,2,225,9,2.0,True,9
small26_opt,qlearning,2,226,9,2.0,True,9
small26_opt,qlearning,2,227,9,2.0,True,9
small26_opt,qlearning,2,228,9,2.0,True,9
small26_opt,qlearning,2,229,9,2.0,True,9
small26_opt,qlearning,2,230,9,2.0,True,9
small26_opt,qlearning,2,231,9,2.0,True,9
small26_opt,qlearning,2,232,9,2.0,True,9
small26_opt,qlearning,2,233,9,2.0,True,9
small26_opt,qlearning,2,234,9,2.0,True,9
small26_opt,qlearning,2,235,9,2.0,True,9
small26_opt,qlearning,2,236,9,2.0,True,9
small26_opt,qlearning,2,237,9,2.0,True,9
small26_opt,qlearning,2,238,9,2.0,True,9
small26_opt,qlearning,2,239,9,2.0,True,9
small26_opt,qlearning,2,240,9,2.0,True,9
small26_opt,qlearning,2,241,9,2.0,True,9
small26_opt,qlearning,2,242,9,2.0,True,9
small26_opt,qlearning,2,243,9,2.0,True,9
small26_opt,qlearning,2,244,9,2.0,True,9
small26_opt,qlearning,2,245,9,2.0,True,9
small26_opt,qlearning,2,246,9,2.0,True,9
small26_opt,qlearning,2,247,9,2.0,True,9
small26_opt,qlearning,2,248,9,2.0,True,9
small26_opt,qlearning,2,249,9,2.0,True,9
small26_opt,qlearning,2,250,9,2.0,True,9
small26_opt,qlearning,2,251,9,2.0,True,9
small26_opt,qlearning,2,252,9,2.0,True,9
small26_opt,qlearning,2,253,9,2.0,True,9
small26_opt,qlearning,2,254,9,2.0,True,9
small26_opt,qlearning,2,255,9,2.0,True,9
small26_opt,qlearning,2,256,10,1.0,True,9
small26_opt,qlearning,2,257,9,2.0,True,9
small26_opt,qlearning,2,258,9,2.0,True,9
small26_opt,qlearning,2,259,9,2.0,True,9
small26_opt,qlearning,2,260,9,2.0,True,9
small26_opt,qlearning,2,261,9,2.0,True,9
small26_opt,qlearning,2,262,9,2.0,True,9
small26_opt,qlearning,2,263,9,2.0,True,9
small26_opt,qlearning,2,264,9,2.0,True,9
small26_opt,qlearning,2,265,9,2.0,True,9
small26_opt,qlearning,2,266,9,2.0,True,9
small26_opt,qlearning,2,267,9,2.0,True,9
small26_opt,qlearning,2,268,9,2.0,True,9
small26_opt,qlearning,2,269,9,2.0,True,9
small26_opt,qlearning,2,270,9,2.0,True,9
small26_opt,qlearning,2,271,9,2.0,True,9
small26_opt,qlearning,2,272,9,2.0,True,9
small26_opt,qlearning,2,273,9,2.0,True,9
small26_opt,qlearning,2,274,9,2.0,True,9
small26_opt,qlearning,2,275,9,2.0,True,9
small26_opt,qlearning,2,276,9,2.0,True,9
small26_opt,qlearning,2,277,9,2.0,True,9
small26_opt,qlearning,2,278,9,2.0,True,9
small26_opt,qlearning,2,279,9,2.0,True,9
small26_opt,qlearning,2,280,9,2.0,True,9
small26_opt,qlearning,2,281,9,2.0,True,9
small26_opt,qlearning,2,282,9,2.0,True,9
small26_opt,qlearning,2,283,9,2.0,True,9
small26_opt,qlearning,2,284,9,2.0,True,9
small26_opt,qlearning,2,285,9,2.0,True,9
small26_opt,qlearning,2,286,9,2.0,True,9
small26_opt,qlearning,2,287,9,2.0,True,9
small26_opt,qlearning,2,288,9,2.0,True,9
small26_opt,qlearning,2,289,9,2.0,True,9
small26_opt,qlearning,2,290,9,2.0,True,9
small26_opt,qlearning,2,291,9,2.0,True,9
small26_opt,qlearning,2,292,9,2.0,True,9
small26_opt,qlearning,2,293,9,2.0,True,9
small26_opt,qlearning,2,294,9,2.0,True,9
small26_opt,qlearning,2,295,9,2.0,True,9
small26_opt,qlearning,2,296,9,2.0,True,9
small26_opt,qlearning,2,297,9,2.0,True,9
small26_opt,qlearning,2,298,9,2.0,True,9
small26_opt,qlearning,2,299,9,2.0,True,9
small26_opt,qlearning,2,300,9,2.0,True,9
small26_opt,qlearning,2,301,9,2.0,True,9
small26_opt,qlearning,2,302,9,2.0,True,9
small26_opt,qlearning,2,303,9,2.0,True,9
small26_opt,qlearning,2,304,9,2.0,True,9
small26_opt,qlearning,2,305,9,2.0,True,9
small26_opt,qlearning,2,306,9,2.0,True,9
small26_opt,qlearning,2,307,9,2.0,True,9
small26_opt,qlearning,2,308,9,2.0,True,9
small26_opt,qlearning,2,309,10,1.0,True,9
small26_opt,qlearning,2,310,9,2.0,True,9
small26_opt,qlearning,2,311,9,2.0,True,9
small26_opt,qlearning,2,312,9,2.0,True,9
small26_opt,qlearning,2,313,9,2.0,True,9
small26_opt,qlearning,2,314,9,2.0,True,9
small26_opt,qlearning,2,315,9,2.0,True,9
small26_opt,qlearning,2,316,9,2.0,True,9
small26_opt,qlearning,2,317,9,2.0,True,9
small26_opt,qlearning,2,318,9,2.0,True,9
small26_opt,qlearning,2,319,9,2.0,True,9
small26_opt,qlearning,2,320,9,2.0,True,9
small26_opt,qlearning,2,321,11,0.0,True,9
small26_opt,qlearning,2,322,9,2.0,True,9
small26_opt,qlearning,2,323,9,2.0,True,9
small26_opt,qlearning,2,324,9,2.0,True,9
small26_opt,qlearning,2,325,9,2.0,True,9
small26_opt,qlearning,2,326,9,2.0,True,9
small26_opt,qlearning,2,327,9,2.0,True,9
small26_opt,qlearning,2,328,9,2.0,True,9
small26_opt,qlearning,2,329,9,2.0,True,9
small26_opt,qlearning,2,330,9,2.0,True,9
small26_opt,qlearning,2,331,9,2.0,True,9
small26_opt,qlearning,2,332,9,2.0,True,9
small26_opt,qlearning,2,333,9,2.0,True,9
small26_opt,qlearning,2,334,9,2.0,True,9
small26_opt,qlearning,2,335,9,2.0,True,9
small26_opt,qlearning,2,336,9,2.0,True,9
small26_opt,qlearning,2,337,9,2.0,True,9
small26_opt,qlearning,2,338,9,2.0,True,9
small26_opt,qlearning,2,339,9,2.0,True,9
small26_opt,qlearning,2,340,9,2.0,True,9
small26_opt,qlearning,2,341,9,2.0,True,9
small26_opt,qlearning,2,342,9,2.0,True,9
small26_opt,qlearning,2,343,9,2.0,True,9
small26_opt,qlearning,2,344,9,2.0,True,9
small26_opt,qlearning,2,345,9,2.0,True,9
small26_opt,qlearning,2,346,10,1.0,True,9
small26_opt,qlearning,2,347,9,2.0,True,9
small26_opt,qlearning,2,348,9,2.0,True,9
small26_opt,qlearning,2,349,9,2.0,True,9
small26_opt,qlearning,2,350,9,2.0,True,9
small26_opt,qlearning,2,351,9,2.0,True,9
small26_opt,qlearning,2,352,9,2.0,True,9
small26_opt,qlearning,2,353,9,2.0,True,9
small26_opt,qlearning,2,354,9,2.0,True,9
small26_opt,qlearning,2,355,9,2.0,True,9
small26_opt,qlearning,2,356,9,2.0,True,9
small26_opt,qlearning,2,357,9,2.0,True,9
small26_opt,qlearning,2,358,9,2.0,True,9
small26_opt,qlearning,2,359,9,2.0,True,9
small26_opt,qlearning,2,360,9,2.0,True,9
small26_opt,qlearning,2,361,9,2.0,True,9
small26_opt,qlearning,2,362,9,2.0,True,9
small26_opt,qlearning,2,363,9,2.0,True,9
small26_opt,qlearning,2,364,9,2.0,True,9
small26_opt,qlearning,2,365,9,2.0,True,9
small26_opt,qlearning,2,366,9,2.0,True,9
small26_opt,qlearning,2,367,9,2.0,True,9
small26_opt,qlearning,2,368,9,2.0,True,9
small26_opt,qlearning,2,369,9,2.0,True,9
small26_opt,qlearning,2,370,9,2.0,True,9
small26_opt,qlearning,2,371,9,2.0,True,9
small26_opt,qlearning,2,372,9,2.0,True,9
small26_opt,qlearning,2,373,9,2.0,True,9
small26_opt,qlearning,2,374,9,2.0,True,9
small26_opt,qlearning,2,375,9,2.0,True,9
small26_opt,qlearning,2,376,9,2.0,True,9
small26_opt,qlearning,2,377,9,2.0,True,9
small26_opt,qlearning,2,378,9,2.0,True,9
small26_opt,qlearning,2,379,9,2.0,True,9
small26_opt,qlearning,2,380,9,2.0,True,9
small26_opt,qlearning,2,381,9,2.0,True,9
small26_opt,qlearning,2,382,9,2.0,True,9
small26_opt,qlearning,2,383,9,2.0,True,9
small26_opt,qlearning,2,384,9,2.0,True,9
small26_opt,qlearning,2,385,9,2.0,True,9
small26_opt,qlearning,2,386,9,2.0,True,9
small26_opt,qlearning,2,387,9,2.0,True,9
small26_opt,qlearning,2,388,9,2.0,True,9
small26_opt,qlearning,2,389,9,2.0,True,9
small26_opt,qlearning,2,390,9,2.0,True,9
small26_opt,qlearning,2,391,9,2.0,True,9
small26_opt,qlearning,2,392,9,2.0,True,9
small26_opt,qlearning,2,393,9,2.0,True,9
small26_opt,qlearning,2,394,9,2.0,True,9
small26_opt,qlearning,2,395,9,2.0,True,9
small26_opt,qlearning,2,396,11,0.0,True,9
small26_opt,qlearning,2,397,9,2.0,True,9
small26_opt,qlearning,2,398,9,2.0,True,9
small26_opt,qlearning,2,399,9,2.0,True,9
small26_opt,mlp,2,0,100,-100.0,False,9
small26_opt,mlp,2,1,100,-100.0,False,9
small26_opt,mlp,2,2,100,-100.0,False,9
small26_opt,mlp,2,3,100,-100.0,False,9
small26_opt,mlp,2,4,19,-8.0,True,9
small26_opt,mlp,2,5,30,-19.0,True,9
small26_opt,mlp,2,6,9,2.0,True,9
small26_opt,mlp,2,7,9,2.0,True,9
small26_opt,mlp,2,8,9,2.0,True,9
small26_opt,mlp,2,9,11,0.0,True,9
small26_opt,mlp,2,10,34,-23.0,True,9
small26_opt,mlp,2,11,100,-100.0,False,9
small26_opt,mlp,2,12,20,-9.0,True,9
small26_opt,mlp,2,13,31,-20.0,True,9
small26_opt,mlp,2,14,23,-12.0,True,9
small26_opt,mlp,2,15,11,0.0,True,9
small26_opt,mlp,2,16,9,2.0,True,9
small26_opt,mlp,2,17,15,-4.0,True,9
small26_opt,mlp,2,18,100,-100.0,False,9
small26_opt,mlp,2,19,14,-3.0,True,9
small26_opt,mlp,2,20,10,1.0,True,9
small26_opt,mlp,2,21,9,2.0,True,9
small26_opt,mlp,2,22,9,2.0,True,9
small26_opt,mlp,2,23,11,0.0,True,9
small26_opt,mlp,2,24,9,2.0,True,9
small26_opt,mlp,2,25,10,1.0,True,9
small26_opt,mlp,2,26,12,-1.0,True,9
small26_opt,mlp,2,27,9,2.0,True,9
small26_opt,mlp,2,28,10,1.0,True,9
small26_opt,mlp,2,29,9,2.0,True,9
small26_opt,mlp,2,30,11,0.0,True,9
small26_opt,mlp,2,31,11,0.0,True,9
small26_opt,mlp,2,32,10,1.0,True,9
small26_opt,mlp,2,33,9,2.0,True,9
small26_opt,mlp,2,34,17,-6.0,True,9
small26_opt,mlp,2,35,14,-3.0,True,9
small26_opt,mlp,2,36,9,2.0,True,9
small26_opt,mlp,2,37,9,2.0,True,9
small26_opt,mlp,2,38,9,2.0,True,9
small26_opt,mlp,2,39,9,2.0,True,9
small26_opt,mlp,2,40,9,2.0,True,9
small26_opt,mlp,2,41,9,2.0,True,9
small26_opt,mlp,2,42,9,2.0,True,9
small26_opt,mlp,2,43,9,2.0,True,9
small26_opt,mlp,2,44,9,2.0,True,9
small26_opt,mlp,2,45,11,0.0,True,9
small26_opt,mlp,2,46,9,2.0,True,9
small26_opt,mlp,2,47,9,2.0,True,9
small26_opt,mlp,2,48,11,0.0,True,9
small26_opt,mlp,2,49,10,1.0,True,9
small26_opt,mlp,2,50,9,2.0,True,9
small26_opt,mlp,2,51,9,2.0,True,9
small26_opt,mlp,2,52,9,2.0,True,9
small26_opt,mlp,2,53,9,2.0,True,9
small26_opt,mlp,2,54,11,0.0,True,9
small26_opt,mlp,2,55,9,2.0,True,9
small26_opt,mlp,2,56,9,2.0,True,9
small26_opt,mlp,2,57,9,2.0,True,9
small26_opt,mlp,2,58,9,2.0,True,9
small26_opt,mlp,2,59,9,2.0,True,9
small26_opt,mlp,2,60,9,2.0,True,9
small26_opt,mlp,2,61,9,2.0,True,9
small26_opt,mlp,2,62,9,2.0,True,9
small26_opt,mlp,2,63,9,2.0,True,9
small26_opt,mlp,2,64,9,2.0,True,9
small26_opt,mlp,2,65,9,2.0,True,9
small26_opt,mlp,2,66,9,2.0,True,9
small26_opt,mlp,2,67,9,2.0,True,9
small26_opt,mlp,2,68,9,2.0,True,9
small26_opt,mlp,2,69,9,2.0,True,9
small26_opt,mlp,2,70,9,2.0,True,9
small26_opt,mlp,2,71,9,2.0,True,9
small26_opt,mlp,2,72,9,2.0,True,9
small26_opt,mlp,2,73,9,2.0,True,9
small26_opt,mlp,2,74,9,2.0,True,9
small26_opt,mlp,2,75,9,2.0,True,9
small26_opt,mlp,2,76,9,2.0,True,9
small26_opt,mlp,2,77,9,2.0,True,9
small26_opt,mlp,2,78,9,2.0,True,9
small26_opt,mlp,2,79,11,0.0,True,9
small26_opt,mlp,2,80,9,2.0,True,9
small26_opt,mlp,2,81,9,2.0,True,9
small26_opt,mlp,2,82,9,2.0,True,9
small26_opt,mlp,2,83,9,2.0,True,9
small26_opt,mlp,2,84,9,2.0,True,9
small26_opt,mlp,2,85,9,2.0,True,9
small26_opt,mlp,2,86,9,2.0,True,9
small26_opt,mlp,2,87,9,2.0,True,9
small26_opt,mlp,2,88,9,2.0,True,9
small26_opt,mlp,2,89,11,0.0,True,9
small26_opt,mlp,2,90,9,2.0,True,9
small26_opt,mlp,2,91,9,2.0,True,9
small26_opt,mlp,2,92,9,2.0,True,9
small26_opt,mlp,2,93,9,2.0,True,9
small26_opt,mlp,2,94,9,2.0,True,9
small26_opt,mlp,2,95,11,0.0,True,9
small26_opt,mlp,2,96,9,2.0,True,9
small26_opt,mlp,2,97,9,2.0,True,9
small26_opt,mlp,2,98,11,0.0,True,9
small26_opt,mlp,2,99,10,1.0,True,9
small26_opt,mlp,2,100,9,2.0,True,9
small26_opt,mlp,2,101,9,2.0,True,9
small26_opt,mlp,2,102,9,2.0,True,9
small26_opt,mlp,2,103,9,2.0,True,9
small26_opt,mlp,2,104,9,2.0,True,9
small26_opt,mlp,2,105,9,2.0,True,9
small26_opt,mlp,2,106,9,2.0,True,9
small26_opt,mlp,2,107,9,2.0,True,9
small26_opt,mlp,2,108,9,2.0,True,9
small26_opt,mlp,2,109,9,2.0,True,9
small26_opt,mlp,2,110,9,2.0,True,9
small26_opt,mlp,2,111,9,2.0,True,9
small26_opt,mlp,2,112,9,2.0,True,9
small26_opt,mlp,2,113,9,2.0,True,9
small26_opt,mlp,2,114,9,2.0,True,9
small26_opt,mlp,2,115,9,2.0,True,9
small26_opt,mlp,2,116,9,2.0,True,9
small26_opt,mlp,2,117,9,2.0,True,9
small26_opt,mlp,2,118,9,2.0,True,9
small26_opt,mlp,2,119,9,2.0,True,9
small26_opt,mlp,2,120,9,2.0,True,9
small26_opt,mlp,2,121,9,2.0,True,9
small26_opt,mlp,2,122,9,2.0,True,9
small26_opt,mlp,2,123,9,2.0,True,9
small26_opt,mlp,2,124,9,2.0,True,9
small26_opt,mlp,2,125,9,2.0,True,9
small26_opt,mlp,2,126,9,2.0,True,9
small26_opt,mlp,2,127,9,2.0,True,9
small26_opt,mlp,2,128,9,2.0,True,9
small26_opt,mlp,2,129,9,2.0,True,9
small26_opt,mlp,2,130,9,2.0,True,9
small26_opt,mlp,2,131,9,2.0,True,9
small26_opt,mlp,2,132,9,2.0,True,9
small26_opt,mlp,2,133,11,0.0,True,9
small26_opt,mlp,2,134,9,2.0,True,9
small26_opt,mlp,2,135,9,2.0,True,9
small26_opt,mlp,2,136,9,2.0,True,9
small26_opt,mlp,2,137,9,2.0,True,9
small26_opt,mlp,2,138,9,2.0,True,9
small26_opt,mlp,2,139,9,2.0,True,9
small26_opt,mlp,2,140,9,2.0,True,9
small26_opt,mlp,2,141,9,2.0,True,9
small26_opt,mlp,2,142,9,2.0,True,9
small26_opt,mlp,2,143,9,2.0,True,9
small26_opt,mlp,2,144,9,2.0,True,9
small26_opt,mlp,2,145,9,2.0,True,9
small26_opt,mlp,2,146,9,2.0,True,9
small26_opt,mlp,2,147,9,2.0,True,9
small26_opt,mlp,2,148,9,2.0,True,9
small26_opt,mlp,2,149,9,2.0,True,9
small26_opt,mlp,2,150,10,1.0,True,9
small26_opt,mlp,2,151,9,2.0,True,9
small26_opt,mlp,2,152,9,2.0,True,9
small26_opt,mlp,2,153,9,2.0,True,9
small26_opt,mlp,2,154,9,2.0,True,9
small26_opt,mlp,2,155,9,2.0,True,9
small26_opt,mlp,2,156,9,2.0,True,9
small26_opt,mlp,2,157,9,2.0,True,9
small26_opt,mlp,2,158,11,0.0,True,9
small26_opt,mlp,2,159,9,2.0,True,9
small26_opt,mlp,2,160,9,2.0,True,9
small26_opt,mlp,2,161,9,2.0,True,9
small26_opt,mlp,2,162,9,2.0,True,9
small26_opt,mlp,2,163,9,2.0,True,9
small26_opt,mlp,2,164,9,2.0,True,9
small26_opt,mlp,2,165,9,2.0,True,9
small26_opt,mlp,2,166,15,-4.0,True,9
small26_opt,mlp,2,167,9,2.0,True,9
small26_opt,mlp,2,168,9,2.0,True,9
small26_opt,mlp,2,169,9,2.0,True,9
small26_opt,mlp,2,170,9,2.0,True,9
small26_opt,mlp,2,171,11,0.0,True,9
small26_opt,mlp,2,172,9,2.0,True,9
small26_opt,mlp,2,173,9,2.0,True,9
small26_opt,mlp,2,174,9,2.0,True,9
small26_opt,mlp,2,175,9,2.0,True,9
small26_opt,mlp,2,176,9,2.0,True,9
small26_opt,mlp,2,177,9,2.0,True,9
small26_opt,mlp,2,178,10,1.0,True,9
small26_opt,mlp,2,179,9,2.0,True,9
small26_opt,mlp,2,180,9,2.0,True,9
small26_opt,mlp,2,181,9,2.0,True,9
small26_opt,mlp,2,182,9,2.0,True,9
small26_opt,mlp,2,183,9,2.0,True,9
small26_opt,mlp,2,184,9,2.0,True,9
small26_opt,mlp,2,185,9,2.0,True,9
small26_opt,mlp,2,186,9,2.0,True,9
small26_opt,mlp,2,187,9,2.0,True,9
small26_opt,mlp,2,188,9,2.0,True,9
small26_opt,mlp,2,189,9,2.0,True,9
small26_opt,mlp,2,190,9,2.0,True,9
small26_opt,mlp,2,191,9,2.0,True,9
small26_opt,mlp,2,192,9,2.0,True,9
small26_opt,mlp,2,193,9,2.0,True,9
small26_opt,mlp,2,194,9,2.0,True,9
small26_opt,mlp,2,195,9,2.0,True,9
small26_opt,mlp,2,196,9,2.0,True,9
small26_opt,mlp,2,197,9,2.0,True,9
small26_opt,mlp,2,198,9,2.0,True,9
small26_opt,mlp,2,199,9,2.0,True,9
small26_opt,mlp,2,200,9,2.0,True,9
small26_opt,mlp,2,201,9,2.0,True,9
small26_opt,mlp,2,202,9,2.0,True,9
small26_opt,mlp,2,203,9,2.0,True,9
small26_opt,mlp,2,204,9,2.0,True,9
small26_opt,mlp,2,205,9,2.0,True,9
small26_opt,mlp,2,206,9,2.0,True,9
small26_opt,mlp,2,207,9,2.0,True,9
small26_opt,mlp,2,208,9,2.0,True,9
small26_opt,mlp,2,209,9,2.0,True,9
small26_opt,mlp,2,210,9,2.0,True,9
small26_opt,mlp,2,211,9,2.0,True,9
small26_opt,mlp,2,212,9,2.0,True,9
small26_opt,mlp,2,213,9,2.0,True,9
small26_opt,mlp,2,214,9,2.0,True,9
small26_opt,mlp,2,215,9,2.0,True,9
small26_opt,mlp,2,216,9,2.0,True,9
small26_opt,mlp,2,217,9,2.0,True,9
small26_opt,mlp,2,218,9,2.0,True,9
small26_opt,mlp,2,219,9,2.0,True,9
small26_opt,mlp,2,220,9,2.0,True,9
small26_opt,mlp,2,221,10,1.0,True,9
small26_opt,mlp,2,222,11,0.0,True,9
small26_opt,mlp,2,223,9,2.0,True,9
small26_opt,mlp,2,224,9,2.0,True,9
small26_opt,mlp,2,225,9,2.0,True,9
small26_opt,mlp,2,226,9,2.0,True,9
small26_opt,mlp,2,227,9,2.0,True,9
small26_opt,mlp,2,228,9,2.0,True,9
small26_opt,mlp,2,229,9,2.0,True,9
small26_opt,mlp,2,230,9,2.0,True,9
small26_opt,mlp,2,231,9,2.0,True,9
small26_opt,mlp,2,232,9,2.0,True,9
small26_opt,mlp,2,233,9,2.0,True,9
small26_opt,mlp,2,234,9,2.0,True,9
small26_opt,mlp,2,235,9,2.0,True,9
small26_opt,mlp,2,236,9,2.0,True,9
small26_opt,mlp,2,237,9,2.0,True,9
small26_opt,mlp,2,238,9,2.0,True,9
small26_opt,mlp,2,239,9,2.0,True,9
small26_opt,mlp,2,240,9,2.0,True,9
small26_opt,mlp,2,241,9,2.0,True,9
small26_opt,mlp,2,242,9,2.0,True,9
small26_opt,mlp,2,243,9,2.0,True,9
small26_opt,mlp,2,244,9,2.0,True,9
small26_opt,mlp,2,245,9,2.0,True,9
small26_opt,mlp,2,246,11,0.0,True,9
small26_opt,mlp,2,247,9,2.0,True,9
small26_opt,mlp,2,248,9,2.0,True,9
small26_opt,mlp,2,249,9,2.0,True,9
small26_opt,mlp,2,250,9,2.0,True,9
small26_opt,mlp,2,251,9,2.0,True,9
small26_opt,mlp,2,252,9,2.0,True,9
small26_opt,mlp,2,253,9,2.0,True,9
small26_opt,mlp,2,254,9,2.0,True,9
small26_opt,mlp,2,255,9,2.0,True,9
small26_opt,mlp,2,256,9,2.0,True,9
small26_opt,mlp,2,257,9,2.0,True,9
small26_opt,mlp,2,258,9,2.0,True,9
small26_opt,mlp,2,259,9,2.0,True,9
small26_opt,mlp,2,260,9,2.0,True,9
small26_opt,mlp,2,261,9,2.0,True,9
small26_opt,mlp,2,262,11,0.0,True,9
small26_opt,mlp,2,263,9,2.0,True,9
small26_opt,mlp,2,264,9,2.0,True,9
small26_opt,mlp,2,265,9,2.0,True,9
small26_opt,mlp,2,266,9,2.0,True,9
small26_opt,mlp,2,267,9,2.0,True,9
small26_opt,mlp,2,268,9,2.0,True,9
small26_opt,mlp,2,269,9,2.0,True,9
small26_opt,mlp,2,270,9,2.0,True,9
small26_opt,mlp,2,271,9,2.0,True,9
small26_opt,mlp,2,272,9,2.0,True,9
small26_opt,mlp,2,273,9,2.0,True,9
small26_opt,mlp,2,274,9,2.0,True,9
small26_opt,mlp,2,275,11,0.0,True,9
small26_opt,mlp,2,276,9,2.0,True,9
small26_opt,mlp,2,277,9,2.0,True,9
small26_opt,mlp,2,278,9,2.0,True,9
small26_opt,mlp,2,279,9,2.0,True,9
small26_opt,mlp,2,280,9,2.0,True,9
small26_opt,mlp,2,281,9,2.0,True,9
small26_opt,mlp,2,282,9,2.0,True,9
small26_opt,mlp,2,283,9,2.0,True,9
small26_opt,mlp,2,284,9,2.0,True,9
small26_opt,mlp,2,285,9,2.0,True,9
small26_opt,mlp,2,286,9,2.0,True,9
small26_opt,mlp,2,287,9,2.0,True,9
small26_opt,mlp,2,288,9,2.0,True,9
small26_opt,mlp,2,289,9,2.0,True,9
small26_opt,mlp,2,290,9,2.0,True,9
small26_opt,mlp,2,291,9,2.0,True,9
small26_opt,mlp,2,292,9,2.0,True,9
small26_opt,mlp,2,293,9,2.0,True,9
small26_opt,mlp,2,294,9,2.0,True,9
small26_opt,mlp,2,295,9,2.0,True,9
small26_opt,mlp,2,296,9,2.0,True,9
small26_opt,mlp,2,297,9,2.0,True,9
small26_opt,mlp,2,298,9,2.0,True,9
small26_opt,mlp,2,299,9,2.0,True,9
small26_opt,mlp,2,300,9,2.0,True,9
small26_opt,mlp,2,301,9,2.0,True,9
small26_opt,mlp,2,302,9,2.0,True,9
small26_opt,mlp,2,303,9,2.0,True,9
small26_opt,mlp,2,304,9,2.0,True,9
small26_opt,mlp,2,305,9,2.0,True,9
small26_opt,mlp,2,306,9,2.0,True,9
small26_opt,mlp,2,307,9,2.0,True,9
small26_opt,mlp,2,308,9,2.0,True,9
small26_opt,mlp,2,309,9,2.0,True,9
small26_opt,mlp,2,310,9,2.0,True,9
small26_opt,mlp,2,311,9,2.0,True,9
small26_opt,mlp,2,312,9,2.0,True,9
small26_opt,mlp,2,313,9,2.0,True,9
small26_opt,mlp,2,314,9,2.0,True,9
small26_opt,mlp,2,315,9,2.0,True,9
small26_opt,mlp,2,316,9,2.0,True,9
small26_opt,mlp,2,317,9,2.0,True,9
small26_opt,mlp,2,318,9,2.0,True,9
small26_opt,mlp,2,319,9,2.0,True,9
small26_opt,mlp,2,320,9,2.0,True,9
small26_opt,mlp,2,321,11,0.0,True,9
small26_opt,mlp,2,322,9,2.0,True,9
small26_opt,mlp,2,323,9,2.0,True,9
small26_opt,mlp,2,324,9,2.0,True,9
small26_opt,mlp,2,325,9,2.0,True,9
small26_opt,mlp,2,326,9,2.0,True,9
small26_opt,mlp,2,327,9,2.0,True,9
small26_opt,mlp,2,328,9,2.0,True,9
small26_opt,mlp,2,329,9,2.0,True,9
small26_opt,mlp,2,330,9,2.0,True,9
small26_opt,mlp,2,331,9,2.0,True,9
small26_opt,mlp,2,332,9,2.0,True,9
small26_opt,mlp,2,333,9,2.0,True,9
small26_opt,mlp,2,334,9,2.0,True,9
small26_opt,mlp,2,335,9,2.0,True,9
small26_opt,mlp,2,336,9,2.0,True,9
small26_opt,mlp,2,337,9,2.0,True,9
small26_opt,mlp,2,338,10,1.0,True,9
small26_opt,mlp,2,339,9,2.0,True,9
small26_opt,mlp,2,340,9,2.0,True,9
small26_opt,mlp,2,341,9,2.0,True,9
small26_opt,mlp,2,342,9,2.0,True,9
small26_opt,mlp,2,343,9,2.0,True,9
small26_opt,mlp,2,344,9,2.0,True,9
small26_opt,mlp,2,345,9,2.0,True,9
small26_opt,mlp,2,346,9,2.0,True,9
small26_opt,mlp,2,347,9,2.0,True,9
small26_opt,mlp,2,348,9,2.0,True,9
small26_opt,mlp,2,349,9,2.0,True,9
small26_opt,mlp,2,350,9,2.0,True,9
small26_opt,mlp,2,351,9,2.0,True,9
small26_opt,mlp,2,352,9,2.0,True,9
small26_opt,mlp,2,353,9,2.0,True,9
small26_opt,mlp,2,354,9,2.0,True,9
small26_opt,mlp,2,355,9,2.0,True,9
small26_opt,mlp,2,356,9,2.0,True,9
small26_opt,mlp,2,357,9,2.0,True,9
small26_opt,mlp,2,358,9,2.0,True,9
small26_opt,mlp,2,359,10,1.0,True,9
small26_opt,mlp,2,360,9,2.0,True,9
small26_opt,mlp,2,361,10,1.0,True,9
small26_opt,mlp,2,362,9,2.0,True,9
small26_opt,mlp,2,363,9,2.0,True,9
small26_opt,mlp,2,364,9,2.0,True,9
small26_opt,mlp,2,365,9,2.0,True,9
small26_opt,mlp,2,366,9,2.0,True,9
small26_opt,mlp,2,367,9,2.0,True,9
small26_opt,mlp,2,368,9,2.0,True,9
small26_opt,mlp,2,369,9,2.0,True,9
small26_opt,mlp,2,370,9,2.0,True,9
small26_opt,mlp,2,371,9,2.0,True,9
small26_opt,mlp,2,372,9,2.0,True,9
small26_opt,mlp,2,373,9,2.0,True,9
small26_opt,mlp,2,374,9,2.0,True,9
small26_opt,mlp,2,375,9,2.0,True,9
small26_opt,mlp,2,376,9,2.0,True,9
small26_opt,mlp,2,377,9,2.0,True,9
small26_opt,mlp,2,378,9,2.0,True,9
small26_opt,mlp,2,379,9,2.0,True,9
small26_opt,mlp,2,380,9,2.0,True,9
small26_opt,mlp,2,381,9,2.0,True,9
small26_opt,mlp,2,382,9,2.0,True,9
small26_opt,mlp,2,383,9,2.0,True,9
small26_opt,mlp,2,384,9,2.0,True,9
small26_opt,mlp,2,385,10,1.0,True,9
small26_opt,mlp,2,386,9,2.0,True,9
small26_opt,mlp,2,387,9,2.0,True,9
small26_opt,mlp,2,388,9,2.0,True,9
small26_opt,mlp,2,389,9,2.0,True,9
small26_opt,mlp,2,390,9,2.0,True,9
small26_opt,mlp,2,391,9,2.0,True,9
small26_opt,mlp,2,392,9,2.0,True,9
small26_opt,mlp,2,393,9,2.0,True,9
small26_opt,mlp,2,394,9,2.0,True,9
small26_opt,mlp,2,395,9,2.0,True,9
small26_opt,mlp,2,396,9,2.0,True,9
small26_opt,mlp,2,397,9,2.0,True,9
small26_opt,mlp,2,398,9,2.0,True,9
small26_opt,mlp,2,399,9,2.0,True,9
small26_opt,khot,2,0,100,-100.0,False,9
small26_opt,khot,2,1,100,-100.0,False,9
small26_opt,khot,2,2,64,-53.0,True,9
small26_opt,khot,2,3,9,2.0,True,9
small26_opt,khot,2,4,9,2.0,True,9
small26_opt,khot,2,5,9,2.0,True,9
small26_opt,khot,2,6,11,0.0,True,9
small26_opt,khot,2,7,9,2.0,True,9
small26_opt,khot,2,8,10,1.0,True,9
small26_opt,khot,2,9,9,2.0,True,9
small26_opt,khot,2,10,13,-2.0,True,9
small26_opt,khot,2,11,15,-4.0,True,9
small26_opt,khot,2,12,9,2.0,True,9
small26_opt,khot,2,13,9,2.0,True,9
small26_opt,khot,2,14,55,-44.0,True,9
small26_opt,khot,2,15,9,2.0,True,9
small26_opt,khot,2,16,9,2.0,True,9
small26_opt,khot,2,17,9,2.0,True,9
small26_opt,khot,2,18,9,2.0,True,9
small26_opt,khot,2,19,11,0.0,True,9
small26_opt,khot,2,20,9,2.0,True,9
small26_opt,khot,2,21,9,2.0,True,9
small26_opt,khot,2,22,11,0.0,True,9
small26_opt,khot,2,23,9,2.0,True,9
small26_opt,khot,2,24,9,2.0,True,9
small26_opt,khot,2,25,9,2.0,True,9
small26_opt,khot,2,26,9,2.0,True,9
small26_opt,khot,2,27,9,2.0,True,9
small26_opt,khot,2,28,9,2.0,True,9
small26_opt,khot,2,29,10,1.0,True,9
small26_opt,khot,2,30,9,2.0,True,9
small26_opt,khot,2,31,9,2.0,True,9
small26_opt,khot,2,32,9,2.0,True,9
small26_opt,khot,2,33,9,2.0,True,9
small26_opt,khot,2,34,9,2.0,True,9
small26_opt,khot,2,35,9,2.0,True,9
small26_opt,khot,2,36,9,2.0,True,9
small26_opt,khot,2,37,9,2.0,True,9
small26_opt,khot,2,38,9,2.0,True,9
small26_opt,khot,2,39,9,2.0,True,9
small26_opt,khot,2,40,12,-1.0,True,9
small26_opt,khot,2,41,9,2.0,True,9
small26_opt,khot,2,42,9,2.0,True,9
small26_opt,khot,2,43,9,2.0,True,9
small26_opt,khot,2,44,9,2.0,True,9
small26_opt,khot,2,45,9,2.0,True,9
small26_opt,khot,2,46,11,0.0,True,9
small26_opt,khot,2,47,9,2.0,True,9
small26_opt,khot,2,48,9,2.0,True,9
small26_opt,khot,2,49,10,1.0,True,9
small26_opt,khot,2,50,9,2.0,True,9
small26_opt,khot,2,51,10,1.0,True,9
small26_opt,khot,2,52,9,2.0,True,9
small26_opt,khot,2,53,9,2.0,True,9
small26_opt,khot,2,54,9,2.0,True,9
small26_opt,khot,2,55,31,-20.0,True,9
small26_opt,khot,2,56,9,2.0,True,9
small26_opt,khot,2,57,9,2.0,True,9
small26_opt,khot,2,58,11,0.0,True,9
small26_opt,khot,2,59,9,2.0,True,9
small26_opt,khot,2,60,9,2.0,True,9
small26_opt,khot,2,61,9,2.0,True,9
small26_opt,khot,2,62,9,2.0,True,9
small26_opt,khot,2,63,9,2.0,True,9
small26_opt,khot,2,64,9,2.0,True,9
small26_opt,khot,2,65,9,2.0,True,9
small26_opt,khot,2,66,9,2.0,True,9
small26_opt,khot,2,67,9,2.0,True,9
small26_opt,khot,2,68,9,2.0,True,9
small26_opt,khot,2,69,9,2.0,True,9
small26_opt,khot,2,70,9,2.0,True,9
small26_opt,khot,2,71,9,2.0,True,9
small26_opt,khot,2,72,9,2.0,True,9
small26_opt,khot,2,73,9,2.0,True,9
small26_opt,khot,2,74,9,2.0,True,9
small26_opt,khot,2,75,9,2.0,True,9
small26_opt,khot,2,76,9,2.0,True,9
small26_opt,khot,2,77,9,2.0,True,9
small26_opt,khot,2,78,9,2.0,True,9
small26_opt,khot,2,79,9,2.0,True,9
small26_opt,khot,2,80,9,2.0,True,9
small26_opt,khot,2,81,9,2.0,True,9
small26_opt,khot,2,82,9,2.0,True,9
small26_opt,khot,2,83,9,2.0,True,9
small26_opt,khot,2,84,9,2.0,True,9
small26_opt,khot,2,85,9,2.0,True,9
small26_opt,khot,2,86,9,2.0,True,9
small26_opt,khot,2,87,9,2.0,True,9
small26_opt,khot,2,88,11,0.0,True,9
small26_opt,khot,2,89,9,2.0,True,9
small26_opt,khot,2,90,9,2.0,True,9
small26_opt,khot,2,91,9,2.0,True,9
small26_opt,khot,2,92,9,2.0,True,9
small26_opt,khot,2,93,9,2.0,True,9
small26_opt,khot,2,94,9,2.0,True,9
small26_opt,khot,2,95,9,2.0,True,9
small26_opt,khot,2,96,9,2.0,True,9
small26_opt,khot,2,97,11,0.0,True,9
small26_opt,khot,2,98,9,2.0,True,9
small26_opt,khot,2,99,9,2.0,True,9
small26_opt,khot,2,100,9,2.0,True,9
small26_opt,khot,2,101,9,2.0,True,9
small26_opt,khot,2,102,9,2.0,True,9
small26_opt,khot,2,103,9,2.0,True,9
small26_opt,khot,2,104,9,2.0,True,9
small26_opt,khot,2,105,9,2.0,True,9
small26_opt,khot,2,106,9,2.0,True,9
small26_opt,khot,2,107,9,2.0,True,9
small26_opt,khot,2,108,9,2.0,True,9
small26_opt,khot,2,109,9,2.0,True,9
small26_opt,khot,2,110,9,2.0,True,9
small26_opt,khot,2,111,9,2.0,True,9
small26_opt,khot,2,112,9,2.0,True,9
small26_opt,khot,2,113,9,2.0,True,9
small26_opt,khot,2,114,9,2.0,True,9
small26_opt,khot,2,115,9,2.0,True,9
small26_opt,khot,2,116,9,2.0,True,9
small26_opt,khot,2,117,9,2.0,True,9
small26_opt,khot,2,118,9,2.0,True,9
small26_opt,khot,2,119,9,2.0,True,9
small26_opt,khot,2,120,9,2.0,True,9
small26_opt,khot,2,121,9,2.0,True,9
small26_opt,khot,2,122,9,2.0,True,9
small26_opt,khot,2,123,9,2.0,True,9
small26_opt,khot,2,124,9,2.0,True,9
small26_opt,khot,2,125,9,2.0,True,9
small26_opt,khot,2,126,11,0.0,True,9
small26_opt,khot,2,127,11,0.0,True,9
small26_opt,khot,2,128,9,2.0,True,9
small26_opt,khot,2,129,11,0.0,True,9
small26_opt,khot,2,130,9,2.0,True,9
small26_opt,khot,2,131,9,2.0,True,9
small26_opt,khot,2,132,9,2.0,True,9
small26_opt,khot,2,133,9,2.0,True,9
small26_opt,khot,2,134,10,1.0,True,9
small26_opt,khot,2,135,9,2.0,True,9
small26_opt,khot,2,136,9,2.0,True,9
small26_opt,khot,2,137,9,2.0,True,9
small26_opt,khot,2,138,9,2.0,True,9
small26_opt,khot,2,139,9,2.0,True,9
small26_opt,khot,2,140,9,2.0,True,9
small26_opt,khot,2,141,9,2.0,True,9
small26_opt,khot,2,142,9,2.0,True,9
small26_opt,khot,2,143,9,2.0,True,9
small26_opt,khot,2,144,9,2.0,True,9
small26_opt,khot,2,145,9,2.0,True,9
small26_opt,khot,2,146,9,2.0,True,9
small26_opt,khot,2,147,9,2.0,True,9
small26_opt,khot,2,148,9,2.0,True,9
small26_opt,khot,2,149,9,2.0,True,9
small26_opt,khot,2,150,9,2.0,True,9
small26_opt,khot,2,151,9,2.0,True,9
small26_opt,khot,2,152,9,2.0,True,9
small26_opt,khot,2,153,9,2.0,True,9
small26_opt,khot,2,154,11,0.0,True,9
small26_opt,khot,2,155,9,2.0,True,9
small26_opt,khot,2,156,9,2.0,True,9
small26_opt,khot,2,157,9,2.0,True,9
small26_opt,khot,2,158,9,2.0,True,9
small26_opt,khot,2,159,10,1.0,True,9
small26_opt,khot,2,160,9,2.0,True,9
small26_opt,khot,2,161,9,2.0,True,9
small26_opt,khot,2,162,9,2.0,True,9
small26_opt,khot,2,163,9,2.0,True,9
small26_opt,khot,2,164,9,2.0,True,9
small26_opt,khot,2,165,11,0.0,True,9
small26_opt,khot,2,166,9,2.0,True,9
small26_opt,khot,2,167,9,2.0,True,9
small26_opt,khot,2,168,9,2.0,True,9
small26_opt,khot,2,169,11,0.0,True,9
small26_opt,khot,2,170,9,2.0,True,9
small26_opt,khot,2,171,9,2.0,True,9
small26_opt,khot,2,172,9,2.0,True,9
small26_opt,khot,2,173,10,1.0,True,9
small26_opt,khot,2,174,9,2.0,True,9
small26_opt,khot,2,175,9,2.0,True,9
small26_opt,khot,2,176,9,2.0,True,9
small26_opt,khot,2,177,9,2.0,True,9
small26_opt,khot,2,178,9,2.0,True,9
small26_opt,khot,2,179,9,2.0,True,9
small26_opt,khot,2,180,9,2.0,True,9
small26_opt,khot,2,181,9,2.0,True,9
small26_opt,khot,2,182,9,2.0,True,9
small26_opt,khot,2,183,9,2.0,True,9
small26_opt,khot,2,184,9,2.0,True,9
small26_opt,khot,2,185,9,2.0,True,9
small26_opt,khot,2,186,9,2.0,True,9
small26_opt,khot,2,187,9,2.0,True,9
small26_opt,khot,2,188,9,2.0,True,9
small26_opt,khot,2,189,9,2.0,True,9
small26_opt,khot,2,190,9,2.0,True,9
small26_opt,khot,2,191,9,2.0,True,9
small26_opt,khot,2,192,9,2.0,True,9
small26_opt,khot,2,193,9,2.0,True,9
small26_opt,khot,2,194,9,2.0,True,9
small26_opt,khot,2,195,11,0.0,True,9
small26_opt,khot,2,196,9,2.0,True,9
small26_opt,khot,2,197,10,1.0,True,9
small26_opt,khot,2,198,9,2.0,True,9
small26_opt,khot,2,199,9,2.0,True,9
small26_opt,khot,2,200,9,2.0,True,9
small26_opt,khot,2,201,9,2.0,True,9
small26_opt,khot,2,202,9,2.0,True,9
small26_opt,khot,2,203,9,2.0,True,9
small26_opt,khot,2,204,9,2.0,True,9
small26_opt,khot,2,205,11,0.0,True,9
small26_opt,khot,2,206,9,2.0,True,9
small26_opt,khot,2,207,9,2.0,True,9
small26_opt,khot,2,208,9,2.0,True,9
small26_opt,khot,2,209,9,2.0,True,9
small26_opt,khot,2,210,9,2.0,True,9
small26_opt,khot,2,211,9,2.0,True,9
small26_opt,khot,2,212,11,0.0,True,9
small26_opt,khot,2,213,9,2.0,True,9
small26_opt,khot,2,214,9,2.0,True,9
small26_opt,khot,2,215,9,2.0,True,9
small26_opt,khot,2,216,9,2.0,True,9
small26_opt,khot,2,217,9,2.0,True,9
small26_opt,khot,2,218,9,2.0,True,9
small26_opt,khot,2,219,9,2.0,True,9
small26_opt,khot,2,220,9,2.0,True,9
small26_opt,khot,2,221,9,2.0,True,9
small26_opt,khot,2,222,9,2.0,True,9
small26_opt,khot,2,223,9,2.0,True,9
small26_opt,khot,2,224,9,2.0,True,9
small26_opt,khot,2,225,9,2.0,True,9
small26_opt,khot,2,226,9,2.0,True,9
small26_opt,khot,2,227,9,2.0,True,9
small26_opt,khot,2,228,9,2.0,True,9
small26_opt,khot,2,229,9,2.0,True,9
small26_opt,khot,2,230,9,2.0,True,9
small26_opt,khot,2,231,9,2.0,True,9
small26_opt,khot,2,232,9,2.0,True,9
small26_opt,khot,2,233,9,2.0,True,9
small26_opt,khot,2,234,9,2.0,True,9
small26_opt,khot,2,235,9,2.0,True,9
small26_opt,khot,2,236,9,2.0,True,9
small26_opt,khot,2,237,9,2.0,True,9
small26_opt,khot,2,238,9,2.0,True,9
small26_opt,khot,2,239,9,2.0,True,9
small26_opt,khot,2,240,9,2.0,True,9
small26_opt,khot,2,241,9,2.0,True,9
small26_opt,khot,2,242,9,2.0,True,9
small26_opt,khot,2,243,9,2.0,True,9
small26_opt,khot,2,244,9,2.0,True,9
small26_opt,khot,2,245,9,2.0,True,9
small26_opt,khot,2,246,9,2.0,True,9
small26_opt,khot,2,247,9,2.0,True,9
small26_opt,khot,2,248,9,2.0,True,9
small26_opt,khot,2,249,9,2.0,True,9
small26_opt,khot,2,250,9,2.0,True,9
small26_opt,khot,2,251,9,2.0,True,9
small26_opt,khot,2,252,9,2.0,True,9
small26_opt,khot,2,253,9,2.0,True,9
small26_opt,khot,2,254,9,2.0,True,9
small26_opt,khot,2,255,11,0.0,True,9
small26_opt,khot,2,256,9,2.0,True,9
small26_opt,khot,2,257,9,2.0,True,9
small26_opt,khot,2,258,9,2.0,True,9
small26_opt,khot,2,259,9,2.0,True,9
small26_opt,khot,2,260,9,2.0,True,9
small26_opt,khot,2,261,9,2.0,True,9
small26_opt,khot,2,262,9,2.0,True,9
small26_opt,khot,2,263,9,2.0,True,9
small26_opt,khot,2,264,9,2.0,True,9
small26_opt,khot,2,265,9,2.0,True,9
small26_opt,khot,2,266,9,2.0,True,9
small26_opt,khot,2,267,9,2.0,True,9
small26_opt,khot,2,268,9,2.0,True,9
small26_opt,khot,2,269,9,2.0,True,9
small26_opt,khot,2,270,9,2.0,True,9
small26_opt,khot,2,271,9,2.0,True,9
small26_opt,khot,2,272,9,2.0,True,9
small26_opt,khot,2,273,9,2.0,True,9
small26_opt,khot,2,274,9,2.0,True,9
small26_opt,khot,2,275,9,2.0,True,9
small26_opt,khot,2,276,9,2.0,True,9
small26_opt,khot,2,277,9,2.0,True,9
small26_opt,khot,2,278,9,2.0,True,9
small26_opt,khot,2,279,9,2.0,True,9
small26_opt,khot,2,280,9,2.0,True,9
small26_opt,khot,2,281,9,2.0,True,9
small26_opt,khot,2,282,9,2.0,True,9
small26_opt,khot,2,283,9,2.0,True,9
small26_opt,khot,2,284,9,2.0,True,9
small26_opt,khot,2,285,9,2.0,True,9
small26_opt,khot,2,286,9,2.0,True,9
small26_opt,khot,2,287,9,2.0,True,9
small26_opt,khot,2,288,9,2.0,True,9
small26_opt,khot,2,289,9,2.0,True,9
small26_opt,khot,2,290,9,2.0,True,9
small26_opt,khot,2,291,9,2.0,True,9
small26_opt,khot,2,292,9,2.0,True,9
small26_opt,khot,2,293,9,2.0,True,9
small26_opt,khot,2,294,9,2.0,True,9
small26_opt,khot,2,295,9,2.0,True,9
small26_opt,khot,2,296,9,2.0,True,9
small26_opt,khot,2,297,9,2.0,True,9
small26_opt,khot,2,298,9,2.0,True,9
small26_opt,khot,2,299,9,2.0,True,9
small26_opt,khot,2,300,9,2.0,True,9
small26_opt,khot,2,301,9,2.0,True,9
small26_opt,khot,2,302,9,2.0,True,9
small26_opt,khot,2,303,9,2.0,True,9
small26_opt,khot,2,304,9,2.0,True,9
small26_opt,khot,2,305,10,1.0,True,9
small26_opt,khot,2,306,9,2.0,True,9
small26_opt,khot,2,307,9,2.0,True,9
small26_opt,khot,2,308,9,2.0,True,9
small26_opt,khot,2,309,9,2.0,True,9
small26_opt,khot,2,310,9,2.0,True,9
small26_opt,khot,2,311,9,2.0,True,9
small26_opt,khot,2,312,9,2.0,True,9
small26_opt,khot,2,313,9,2.0,True,9
small26_opt,khot,2,314,9,2.0,True,9
small26_opt,khot,2,315,9,2.0,True,9
small26_opt,khot,2,316,9,2.0,True,9
small26_opt,khot,2,317,9,2.0,True,9
small26_opt,khot,2,318,9,2.0,True,9
small26_opt,khot,2,319,9,2.0,True,9
small26_opt,khot,2,320,11,0.0,True,9
small26_opt,khot,2,321,9,2.0,True,9
small26_opt,khot,2,322,9,2.0,True,9
small26_opt,khot,2,323,9,2.0,True,9
small26_opt,khot,2,324,9,2.0,True,9
small26_opt,khot,2,325,9,2.0,True,9
small26_opt,khot,2,326,9,2.0,True,9
small26_opt,khot,2,327,9,2.0,True,9
small26_opt,khot,2,328,9,2.0,True,9
small26_opt,khot,2,329,9,2.0,True,9
small26_opt,khot,2,330,9,2.0,True,9
small26_opt,khot,2,331,9,2.0,True,9
small26_opt,khot,2,332,9,2.0,True,9
small26_opt,khot,2,333,9,2.0,True,9
small26_opt,khot,2,334,9,2.0,True,9
small26_opt,khot,2,335,9,2.0,True,9
small26_opt,khot,2,336,9,2.0,True,9
small26_opt,khot,2,337,9,2.0,True,9
small26_opt,khot,2,338,10,1.0,True,9
small26_opt,khot,2,339,9,2.0,True,9
small26_opt,khot,2,340,9,2.0,True,9
small26_opt,khot,2,341,9,2.0,True,9
small26_opt,khot,2,342,9,2.0,True,9
small26_opt,khot,2,343,9,2.0,True,9
small26_opt,khot,2,344,11,0.0,True,9
small26_opt,khot,2,345,9,2.0,True,9
small26_opt,khot,2,346,9,2.0,True,9
small26_opt,khot,2,347,9,2.0,True,9
small26_opt,khot,2,348,9,2.0,True,9
small26_opt,khot,2,349,9,2.0,True,9
small26_opt,khot,2,350,9,2.0,True,9
small26_opt,khot,2,351,9,2.0,True,9
small26_opt,khot,2,352,9,2.0,True,9
small26_opt,khot,2,353,9,2.0,True,9
small26_opt,khot,2,354,9,2.0,True,9
small26_opt,khot,2,355,9,2.0,True,9
small26_opt,khot,2,356,9,2.0,True,9
small26_opt,khot,2,357,9,2.0,True,9
small26_opt,khot,2,358,9,2.0,True,9
small26_opt,khot,2,359,10,1.0,True,9
small26_opt,khot,2,360,9,2.0,True,9
small26_opt,khot,2,361,9,2.0,True,9
small26_opt,khot,2,362,9,2.0,True,9
small26_opt,khot,2,363,9,2.0,True,9
small26_opt,khot,2,364,9,2.0,True,9
small26_opt,khot,2,365,10,1.0,True,9
small26_opt,khot,2,366,9,2.0,True,9
small26_opt,khot,2,367,9,2.0,True,9
small26_opt,khot,2,368,9,2.0,True,9
small26_opt,khot,2,369,9,2.0,True,9
small26_opt,khot,2,370,9,2.0,True,9
small26_opt,khot,2,371,9,2.0,True,9
small26_opt,khot,2,372,9,2.0,True,9
small26_opt,khot,2,373,9,2.0,True,9
small26_opt,khot,2,374,9,2.0,True,9
small26_opt,khot,2,375,9,2.0,True,9
small26_opt,khot,2,376,9,2.0,True,9
small26_opt,khot,2,377,9,2.0,True,9
small26_opt,khot,2,378,9,2.0,True,9
small26_opt,khot,2,379,9,2.0,True,9
small26_opt,khot,2,380,9,2.0,True,9
small26_opt,khot,2,381,9,2.0,True,9
small26_opt,khot,2,382,9,2.0,True,9
small26_opt,khot,2,383,9,2.0,True,9
small26_opt,khot,2,384,9,2.0,True,9
small26_opt,khot,2,385,9,2.0,True,9
small26_opt,khot,2,386,9,2.0,True,9
small26_opt,khot,2,387,9,2.0,True,9
small26_opt,khot,2,388,10,1.0,True,9
small26_opt,khot,2,389,9,2.0,True,9
small26_opt,khot,2,390,9,2.0,True,9
small26_opt,khot,2,391,9,2.0,True,9
small26_opt,khot,2,392,9,2.0,True,9
small26_opt,khot,2,393,9,2.0,True,9
small26_opt,khot,2,394,11,0.0,True,9
small26_opt,khot,2,395,9,2.0,True,9
small26_opt,khot,2,396,9,2.0,True,9
small26_opt,khot,2,397,9,2.0,True,9
small26_opt,khot,2,398,9,2.0,True,9
small26_opt,khot,2,399,9,2.0,True,9
