maze,agent,seed,episode,policy_acc,cum_trained,cum_skipped
scale_f0.01,kc_delta,0,0,0.2635,600,0
scale_f0.01,kc_delta,0,1,0.3048,1200,0
scale_f0.01,kc_delta,0,2,0.3619,1800,0
scale_f0.01,kc_delta,0,3,0.4381,2376,0
scale_f0.01,kc_delta,0,4,0.4254,2582,0
scale_f0.01,kc_delta,0,5,0.4508,3089,0
scale_f0.01,kc_delta,0,6,0.4698,3689,0
scale_f0.01,kc_delta,0,7,0.4794,4289,0
scale_f0.01,kc_delta,0,8,0.5016,4429,0
scale_f0.01,kc_delta,0,9,0.4667,5029,0
scale_f0.01,kc_delta,0,10,0.4730,5629,0
scale_f0.01,kc_delta,0,11,0.4508,6229,0
scale_f0.01,kc_delta,0,12,0.4603,6538,0
scale_f0.01,kc_delta,0,13,0.4730,7138,0
scale_f0.01,kc_delta,0,14,0.4603,7738,0
scale_f0.01,kc_delta,0,15,0.4698,7794,0
scale_f0.01,kc_delta,0,16,0.4222,8394,0
scale_f0.01,kc_delta,0,17,0.4063,8994,0
scale_f0.01,kc_delta,0,18,0.3810,9594,0
scale_f0.01,kc_delta,0,19,0.3937,9618,0
scale_f0.01,kc_delta,0,20,0.3841,10218,0
scale_f0.01,kc_delta,0,21,0.4063,10818,0
scale_f0.01,kc_delta,0,22,0.4063,10887,0
scale_f0.01,kc_delta,0,23,0.4413,11487,0
scale_f0.01,kc_delta,0,24,0.4349,11499,0
scale_f0.01,kc_delta,0,25,0.4254,12099,0
scale_f0.01,kc_delta,0,26,0.4413,12699,0
scale_f0.01,kc_delta,0,27,0.4413,12708,0
scale_f0.01,kc_delta,0,28,0.4063,13308,0
scale_f0.01,kc_delta,0,29,0.4286,13908,0
scale_f0.01,kc_delta,0,30,0.4159,14508,0
scale_f0.01,kc_delta,0,31,0.4349,14688,0
scale_f0.01,kc_delta,0,32,0.4444,15288,0
scale_f0.01,kc_delta,0,33,0.4317,15888,0
scale_f0.01,kc_delta,0,34,0.4540,16488,0
scale_f0.01,kc_delta,0,35,0.4381,17088,0
scale_f0.01,kc_delta,0,36,0.4571,17189,0
scale_f0.01,kc_delta,0,37,0.4540,17397,0
scale_f0.01,kc_delta,0,38,0.4571,17981,0
scale_f0.01,kc_delta,0,39,0.4635,18581,0
scale_f0.01,kc_delta,0,40,0.4540,18681,0
scale_f0.01,kc_delta,0,41,0.4571,18693,0
scale_f0.01,kc_delta,0,42,0.4825,18933,0
scale_f0.01,kc_delta,0,43,0.4857,19533,0
scale_f0.01,kc_delta,0,44,0.4667,20133,0
scale_f0.01,kc_delta,0,45,0.4667,20733,0
scale_f0.01,kc_delta,0,46,0.4794,20806,0
scale_f0.01,kc_delta,0,47,0.4794,21406,0
scale_f0.01,kc_delta,0,48,0.4762,22006,0
scale_f0.01,kc_delta,0,49,0.4603,22606,0
scale_f0.01,kc_delta,0,50,0.4635,22660,0
scale_f0.01,kc_delta,0,51,0.4698,23260,0
scale_f0.01,kc_delta,0,52,0.4698,23272,0
scale_f0.01,kc_delta,0,53,0.4667,23872,0
scale_f0.01,kc_delta,0,54,0.4762,24472,0
scale_f0.01,kc_delta,0,55,0.5079,25034,0
scale_f0.01,kc_delta,0,56,0.5016,25634,0
scale_f0.01,kc_delta,0,57,0.5238,25801,0
scale_f0.01,kc_delta,0,58,0.5079,26401,0
scale_f0.01,kc_delta,0,59,0.5016,27001,0
scale_f0.01,kc_delta,0,60,0.4921,27601,0
scale_f0.01,kc_delta,0,61,0.4857,28201,0
scale_f0.01,kc_delta,0,62,0.4825,28801,0
scale_f0.01,kc_delta,0,63,0.4794,29401,0
scale_f0.01,kc_delta,0,64,0.4730,29439,0
scale_f0.01,kc_delta,0,65,0.4825,29477,0
scale_f0.01,kc_delta,0,66,0.4857,29499,0
scale_f0.01,kc_delta,0,67,0.4762,30099,0
scale_f0.01,kc_delta,0,68,0.4952,30262,0
scale_f0.01,kc_delta,0,69,0.4857,30862,0
scale_f0.01,kc_delta,0,70,0.4825,31462,0
scale_f0.01,kc_delta,0,71,0.4762,32062,0
scale_f0.01,kc_delta,0,72,0.4857,32662,0
scale_f0.01,kc_delta,0,73,0.4698,33262,0
scale_f0.01,kc_delta,0,74,0.4667,33862,0
scale_f0.01,kc_delta,0,75,0.4667,34073,0
scale_f0.01,kc_delta,0,76,0.4730,34113,0
scale_f0.01,kc_delta,0,77,0.4603,34713,0
scale_f0.01,kc_delta,0,78,0.4508,35313,0
scale_f0.01,kc_delta,0,79,0.4540,35519,0
scale_f0.01,kc_delta,0,80,0.4571,35564,0
scale_f0.01,kc_delta,0,81,0.4508,35651,0
scale_f0.01,kc_delta,0,82,0.4508,35709,0
scale_f0.01,kc_delta,0,83,0.4444,36309,0
scale_f0.01,kc_delta,0,84,0.4317,36909,0
scale_f0.01,kc_delta,0,85,0.4540,37509,0
scale_f0.01,kc_delta,0,86,0.4413,38109,0
scale_f0.01,kc_delta,0,87,0.4476,38709,0
scale_f0.01,kc_delta,0,88,0.4667,38843,0
scale_f0.01,kc_delta,0,89,0.4667,38904,0
scale_f0.01,kc_delta,0,90,0.4667,38958,0
scale_f0.01,kc_delta,0,91,0.4857,39247,0
scale_f0.01,kc_delta,0,92,0.4730,39302,0
scale_f0.01,kc_delta,0,93,0.4571,39902,0
scale_f0.01,kc_delta,0,94,0.4667,40502,0
scale_f0.01,kc_delta,0,95,0.4667,40602,0
scale_f0.01,kc_delta,0,96,0.4635,40665,0
scale_f0.01,kc_delta,0,97,0.4762,40925,0
scale_f0.01,kc_delta,0,98,0.4540,41525,0
scale_f0.01,kc_delta,0,99,0.4540,42125,0
scale_f0.01,kc_delta,0,100,0.4476,42725,0
scale_f0.01,kc_delta,0,101,0.4635,42818,0
scale_f0.01,kc_delta,0,102,0.4635,42821,0
scale_f0.01,kc_delta,0,103,0.4603,43421,0
scale_f0.01,kc_delta,0,104,0.4635,44021,0
scale_f0.01,kc_delta,0,105,0.4667,44026,0
scale_f0.01,kc_delta,0,106,0.4730,44626,0
scale_f0.01,kc_delta,0,107,0.4698,45226,0
scale_f0.01,kc_delta,0,108,0.4381,45826,0
scale_f0.01,kc_delta,0,109,0.4190,46426,0
scale_f0.01,kc_delta,0,110,0.4444,47026,0
scale_f0.01,kc_delta,0,111,0.4413,47626,0
scale_f0.01,kc_delta,0,112,0.4413,48226,0
scale_f0.01,kc_delta,0,113,0.4571,48731,0
scale_f0.01,kc_delta,0,114,0.4571,49331,0
scale_f0.01,kc_delta,0,115,0.4635,49386,0
scale_f0.01,kc_delta,0,116,0.4571,49986,0
scale_f0.01,kc_delta,0,117,0.4603,50586,0
scale_f0.01,kc_delta,0,118,0.4444,51186,0
scale_f0.01,kc_delta,0,119,0.4444,51786,0
scale_f0.01,kc_delta,0,120,0.4508,52037,0
scale_f0.01,kc_delta,0,121,0.4540,52530,0
scale_f0.01,kc_delta,0,122,0.4476,53130,0
scale_f0.01,kc_delta,0,123,0.4381,53153,0
scale_f0.01,kc_delta,0,124,0.4540,53753,0
scale_f0.01,kc_delta,0,125,0.4286,54353,0
scale_f0.01,kc_delta,0,126,0.4286,54953,0
scale_f0.01,kc_delta,0,127,0.4254,55553,0
scale_f0.01,kc_delta,0,128,0.4222,56153,0
scale_f0.01,kc_delta,0,129,0.4286,56753,0
scale_f0.01,kc_delta,0,130,0.4444,56804,0
scale_f0.01,kc_delta,0,131,0.4413,56811,0
scale_f0.01,kc_delta,0,132,0.4508,57379,0
scale_f0.01,kc_delta,0,133,0.4508,57456,0
scale_f0.01,kc_delta,0,134,0.4667,58056,0
scale_f0.01,kc_delta,0,135,0.4762,58445,0
scale_f0.01,kc_delta,0,136,0.4698,58503,0
scale_f0.01,kc_delta,0,137,0.5143,58873,0
scale_f0.01,kc_delta,0,138,0.5111,59473,0
scale_f0.01,kc_delta,0,139,0.5111,60073,0
scale_f0.01,kc_delta,0,140,0.5111,60195,0
scale_f0.01,kc_delta,0,141,0.5048,60795,0
scale_f0.01,kc_delta,0,142,0.5175,61153,0
scale_f0.01,kc_delta,0,143,0.5206,61753,0
scale_f0.01,kc_delta,0,144,0.5111,62353,0
scale_f0.01,kc_delta,0,145,0.4952,62953,0
scale_f0.01,kc_delta,0,146,0.4984,63022,0
scale_f0.01,kc_delta,0,147,0.5016,63622,0
scale_f0.01,kc_delta,0,148,0.4952,63672,0
scale_f0.01,kc_delta,0,149,0.4857,64272,0
scale_f0.01,kc_delta,0,150,0.4921,64347,0
scale_f0.01,kc_delta,0,151,0.4984,64947,0
scale_f0.01,kc_delta,0,152,0.4952,64984,0
scale_f0.01,kc_delta,0,153,0.4921,64997,0
scale_f0.01,kc_delta,0,154,0.5016,65597,0
scale_f0.01,kc_delta,0,155,0.5111,65658,0
scale_f0.01,kc_delta,0,156,0.5016,65692,0
scale_f0.01,kc_delta,0,157,0.4857,65799,0
scale_f0.01,kc_delta,0,158,0.5016,65897,0
scale_f0.01,kc_delta,0,159,0.5175,66341,0
scale_f0.01,kc_delta,0,160,0.5016,66406,0
scale_f0.01,kc_delta,0,161,0.4952,67006,0
scale_f0.01,kc_delta,0,162,0.4984,67009,0
scale_f0.01,kc_delta,0,163,0.5016,67023,0
scale_f0.01,kc_delta,0,164,0.4952,67623,0
scale_f0.01,kc_delta,0,165,0.4857,68223,0
scale_f0.01,kc_delta,0,166,0.4952,68357,0
scale_f0.01,kc_delta,0,167,0.4762,68957,0
scale_f0.01,kc_delta,0,168,0.4794,69205,0
scale_f0.01,kc_delta,0,169,0.4952,69805,0
scale_f0.01,kc_delta,0,170,0.5016,70152,0
scale_f0.01,kc_delta,0,171,0.5079,70184,0
scale_f0.01,kc_delta,0,172,0.5048,70194,0
scale_f0.01,kc_delta,0,173,0.5143,70296,0
scale_f0.01,kc_delta,0,174,0.4921,70896,0
scale_f0.01,kc_delta,0,175,0.4889,71496,0
scale_f0.01,kc_delta,0,176,0.5016,71575,0
scale_f0.01,kc_delta,0,177,0.4984,72175,0
scale_f0.01,kc_delta,0,178,0.4794,72775,0
scale_f0.01,kc_delta,0,179,0.4794,73375,0
scale_f0.01,kc_delta,0,180,0.4825,73975,0
scale_f0.01,kc_delta,0,181,0.4984,74029,0
scale_f0.01,kc_delta,0,182,0.4921,74629,0
scale_f0.01,kc_delta,0,183,0.4889,75229,0
scale_f0.01,kc_delta,0,184,0.4952,75377,0
scale_f0.01,kc_delta,0,185,0.4921,75977,0
scale_f0.01,kc_delta,0,186,0.4794,76577,0
scale_f0.01,kc_delta,0,187,0.4825,76594,0
scale_f0.01,kc_delta,0,188,0.4444,77194,0
scale_f0.01,kc_delta,0,189,0.4413,77794,0
scale_f0.01,kc_delta,0,190,0.4444,78394,0
scale_f0.01,kc_delta,0,191,0.4730,78686,0
scale_f0.01,kc_delta,0,192,0.4825,78729,0
scale_f0.01,kc_delta,0,193,0.4794,79329,0
scale_f0.01,kc_delta,0,194,0.4794,79929,0
scale_f0.01,kc_delta,0,195,0.5302,80102,0
scale_f0.01,kc_delta,0,196,0.5429,80702,0
scale_f0.01,kc_delta,0,197,0.5651,80765,0
scale_f0.01,kc_delta,0,198,0.5683,80786,0
scale_f0.01,kc_delta,0,199,0.5651,81386,0
scale_f0.01,kc_delta,0,200,0.5524,81986,0
scale_f0.01,kc_delta,0,201,0.5492,82586,0
scale_f0.01,kc_delta,0,202,0.5492,83186,0
scale_f0.01,kc_delta,0,203,0.5492,83210,0
scale_f0.01,kc_delta,0,204,0.5365,83810,0
scale_f0.01,kc_delta,0,205,0.5048,84410,0
scale_f0.01,kc_delta,0,206,0.5111,84656,0
scale_f0.01,kc_delta,0,207,0.5143,85256,0
scale_f0.01,kc_delta,0,208,0.4952,85856,0
scale_f0.01,kc_delta,0,209,0.4889,86456,0
scale_f0.01,kc_delta,0,210,0.4825,87056,0
scale_f0.01,kc_delta,0,211,0.4857,87084,0
scale_f0.01,kc_delta,0,212,0.4984,87288,0
scale_f0.01,kc_delta,0,213,0.5111,87888,0
scale_f0.01,kc_delta,0,214,0.5111,87932,0
scale_f0.01,kc_delta,0,215,0.5143,88063,0
scale_f0.01,kc_delta,0,216,0.5111,88663,0
scale_f0.01,kc_delta,0,217,0.5143,88714,0
scale_f0.01,kc_delta,0,218,0.5111,89314,0
scale_f0.01,kc_delta,0,219,0.5206,89394,0
scale_f0.01,kc_delta,0,220,0.5079,89994,0
scale_f0.01,kc_delta,0,221,0.5048,90021,0
scale_f0.01,kc_delta,0,222,0.5048,90621,0
scale_f0.01,kc_delta,0,223,0.5079,91221,0
scale_f0.01,kc_delta,0,224,0.5143,91821,0
scale_f0.01,kc_delta,0,225,0.5206,92421,0
scale_f0.01,kc_delta,0,226,0.5175,93021,0
scale_f0.01,kc_delta,0,227,0.5238,93075,0
scale_f0.01,kc_delta,0,228,0.5111,93675,0
scale_f0.01,kc_delta,0,229,0.4952,94275,0
scale_f0.01,kc_delta,0,230,0.4921,94875,0
scale_f0.01,kc_delta,0,231,0.4921,95475,0
scale_f0.01,kc_delta,0,232,0.4952,95614,0
scale_f0.01,kc_delta,0,233,0.4921,96214,0
scale_f0.01,kc_delta,0,234,0.4952,96814,0
scale_f0.01,kc_delta,0,235,0.4889,96875,0
scale_f0.01,kc_delta,0,236,0.4794,97475,0
scale_f0.01,kc_delta,0,237,0.4794,98075,0
scale_f0.01,kc_delta,0,238,0.4857,98675,0
scale_f0.01,kc_delta,0,239,0.4762,99275,0
scale_f0.01,kc_delta,0,240,0.5175,99673,0
scale_f0.01,kc_delta,0,241,0.5175,100273,0
scale_f0.01,kc_delta,0,242,0.5079,100873,0
scale_f0.01,kc_delta,0,243,0.5111,101003,0
scale_f0.01,kc_delta,0,244,0.5111,101014,0
scale_f0.01,kc_delta,0,245,0.5048,101614,0
scale_f0.01,kc_delta,0,246,0.5079,102214,0
scale_f0.01,kc_delta,0,247,0.5079,102814,0
scale_f0.01,kc_delta,0,248,0.5016,103414,0
scale_f0.01,kc_delta,0,249,0.5333,103711,0
scale_f0.01,kc_delta,0,250,0.5333,104311,0
scale_f0.01,kc_delta,0,251,0.5270,104911,0
scale_f0.01,kc_delta,0,252,0.5365,105311,0
scale_f0.01,kc_delta,0,253,0.5206,105911,0
scale_f0.01,kc_delta,0,254,0.5206,106511,0
scale_f0.01,kc_delta,0,255,0.5270,107111,0
scale_f0.01,kc_delta,0,256,0.5651,107212,0
scale_f0.01,kc_delta,0,257,0.5587,107812,0
scale_f0.01,kc_delta,0,258,0.5492,108412,0
scale_f0.01,kc_delta,0,259,0.5524,109012,0
scale_f0.01,kc_delta,0,260,0.5365,109612,0
scale_f0.01,kc_delta,0,261,0.5524,109735,0
scale_f0.01,kc_delta,0,262,0.5746,109754,0
scale_f0.01,kc_delta,0,263,0.5651,109802,0
scale_f0.01,kc_delta,0,264,0.5651,109808,0
scale_f0.01,kc_delta,0,265,0.5524,109829,0
scale_f0.01,kc_delta,0,266,0.5524,110429,0
scale_f0.01,kc_delta,0,267,0.5619,111029,0
scale_f0.01,kc_delta,0,268,0.5587,111077,0
scale_f0.01,kc_delta,0,269,0.5651,111677,0
scale_f0.01,kc_delta,0,270,0.5492,112277,0
scale_f0.01,kc_delta,0,271,0.5492,112330,0
scale_f0.01,kc_delta,0,272,0.5619,112379,0
scale_f0.01,kc_delta,0,273,0.5683,112979,0
scale_f0.01,kc_delta,0,274,0.5714,113018,0
scale_f0.01,kc_delta,0,275,0.5714,113044,0
scale_f0.01,kc_delta,0,276,0.5746,113285,0
scale_f0.01,kc_delta,0,277,0.5651,113307,0
scale_f0.01,kc_delta,0,278,0.5683,113907,0
scale_f0.01,kc_delta,0,279,0.5556,114507,0
scale_f0.01,kc_delta,0,280,0.5429,115107,0
scale_f0.01,kc_delta,0,281,0.5492,115169,0
scale_f0.01,kc_delta,0,282,0.5587,115769,0
scale_f0.01,kc_delta,0,283,0.5587,115787,0
scale_f0.01,kc_delta,0,284,0.5587,115795,0
scale_f0.01,kc_delta,0,285,0.5841,115870,0
scale_f0.01,kc_delta,0,286,0.5683,116470,0
scale_f0.01,kc_delta,0,287,0.5746,116494,0
scale_f0.01,kc_delta,0,288,0.5397,117094,0
scale_f0.01,kc_delta,0,289,0.5524,117145,0
scale_f0.01,kc_delta,0,290,0.5524,117169,0
scale_f0.01,kc_delta,0,291,0.5460,117769,0
scale_f0.01,kc_delta,0,292,0.5556,117833,0
scale_f0.01,kc_delta,0,293,0.5556,118433,0
scale_f0.01,kc_delta,0,294,0.5556,119033,0
scale_f0.01,kc_delta,0,295,0.5460,119633,0
scale_f0.01,kc_delta,0,296,0.5429,119693,0
scale_f0.01,kc_delta,0,297,0.5492,119715,0
scale_f0.01,kc_delta,0,298,0.5460,119733,0
scale_f0.01,kc_delta,0,299,0.5524,119749,0
scale_f0.01,kc_delta,0,300,0.5492,119751,0
scale_f0.01,kc_delta,0,301,0.5302,120351,0
scale_f0.01,kc_delta,0,302,0.5556,120517,0
scale_f0.01,kc_delta,0,303,0.5460,121117,0
scale_f0.01,kc_delta,0,304,0.5429,121717,0
scale_f0.01,kc_delta,0,305,0.5460,121797,0
scale_f0.01,kc_delta,0,306,0.5683,122000,0
scale_f0.01,kc_delta,0,307,0.5556,122055,0
scale_f0.01,kc_delta,0,308,0.5587,122655,0
scale_f0.01,kc_delta,0,309,0.5556,122688,0
scale_f0.01,kc_delta,0,310,0.5714,122875,0
scale_f0.01,kc_delta,0,311,0.5714,122886,0
scale_f0.01,kc_delta,0,312,0.5651,123486,0
scale_f0.01,kc_delta,0,313,0.5714,123515,0
scale_f0.01,kc_delta,0,314,0.5587,123565,0
scale_f0.01,kc_delta,0,315,0.5524,124165,0
scale_f0.01,kc_delta,0,316,0.5619,124765,0
scale_f0.01,kc_delta,0,317,0.5556,125365,0
scale_f0.01,kc_delta,0,318,0.5556,125384,0
scale_f0.01,kc_delta,0,319,0.5587,125459,0
scale_f0.01,kc_delta,0,320,0.5587,125485,0
scale_f0.01,kc_delta,0,321,0.5619,125524,0
scale_f0.01,kc_delta,0,322,0.5556,125552,0
scale_f0.01,kc_delta,0,323,0.5397,126152,0
scale_f0.01,kc_delta,0,324,0.5556,126198,0
scale_f0.01,kc_delta,0,325,0.5429,126798,0
scale_f0.01,kc_delta,0,326,0.5492,126824,0
scale_f0.01,kc_delta,0,327,0.5460,126847,0
scale_f0.01,kc_delta,0,328,0.5492,126855,0
scale_f0.01,kc_delta,0,329,0.5524,127455,0
scale_f0.01,kc_delta,0,330,0.5524,127499,0
scale_f0.01,kc_delta,0,331,0.5587,127518,0
scale_f0.01,kc_delta,0,332,0.5460,128118,0
scale_f0.01,kc_delta,0,333,0.5714,128169,0
scale_f0.01,kc_delta,0,334,0.5841,128225,0
scale_f0.01,kc_delta,0,335,0.5746,128825,0
scale_f0.01,kc_delta,0,336,0.5619,129425,0
scale_f0.01,kc_delta,0,337,0.5556,129444,0
scale_f0.01,kc_delta,0,338,0.5619,129658,0
scale_f0.01,kc_delta,0,339,0.5619,129668,0
scale_f0.01,kc_delta,0,340,0.5619,129680,0
scale_f0.01,kc_delta,0,341,0.5619,129739,0
scale_f0.01,kc_delta,0,342,0.5619,129758,0
scale_f0.01,kc_delta,0,343,0.5651,130358,0
scale_f0.01,kc_delta,0,344,0.5619,130388,0
scale_f0.01,kc_delta,0,345,0.5429,130988,0
scale_f0.01,kc_delta,0,346,0.5365,131588,0
scale_f0.01,kc_delta,0,347,0.5587,131686,0
scale_f0.01,kc_delta,0,348,0.5556,132286,0
scale_f0.01,kc_delta,0,349,0.5619,132305,0
scale_f0.01,kc_delta,0,350,0.5746,132377,0
scale_f0.01,kc_delta,0,351,0.5619,132431,0
scale_f0.01,kc_delta,0,352,0.5587,132464,0
scale_f0.01,kc_delta,0,353,0.5556,133064,0
scale_f0.01,kc_delta,0,354,0.5619,133664,0
scale_f0.01,kc_delta,0,355,0.5714,133713,0
scale_f0.01,kc_delta,0,356,0.5937,133822,0
scale_f0.01,kc_delta,0,357,0.6000,134422,0
scale_f0.01,kc_delta,0,358,0.5873,135022,0
scale_f0.01,kc_delta,0,359,0.5841,135622,0
scale_f0.01,kc_delta,0,360,0.5873,135700,0
scale_f0.01,kc_delta,0,361,0.5778,136300,0
scale_f0.01,kc_delta,0,362,0.5746,136900,0
scale_f0.01,kc_delta,0,363,0.5778,136920,0
scale_f0.01,kc_delta,0,364,0.5778,137520,0
scale_f0.01,kc_delta,0,365,0.5683,137551,0
scale_f0.01,kc_delta,0,366,0.5778,137573,0
scale_f0.01,kc_delta,0,367,0.5778,137599,0
scale_f0.01,kc_delta,0,368,0.5714,138199,0
scale_f0.01,kc_delta,0,369,0.5587,138248,0
scale_f0.01,kc_delta,0,370,0.5619,138848,0
scale_f0.01,kc_delta,0,371,0.5587,138904,0
scale_f0.01,kc_delta,0,372,0.5619,138937,0
scale_f0.01,kc_delta,0,373,0.5429,139537,0
scale_f0.01,kc_delta,0,374,0.5619,139577,0
scale_f0.01,kc_delta,0,375,0.5587,140177,0
scale_f0.01,kc_delta,0,376,0.5683,140777,0
scale_f0.01,kc_delta,0,377,0.5651,141377,0
scale_f0.01,kc_delta,0,378,0.5778,141415,0
scale_f0.01,kc_delta,0,379,0.5714,141434,0
scale_f0.01,kc_delta,0,380,0.5683,141516,0
scale_f0.01,kc_delta,0,381,0.5619,141674,0
scale_f0.01,kc_delta,0,382,0.5651,141726,0
scale_f0.01,kc_delta,0,383,0.5683,142326,0
scale_f0.01,kc_delta,0,384,0.5714,142334,0
scale_f0.01,kc_delta,0,385,0.5714,142357,0
scale_f0.01,kc_delta,0,386,0.5651,142399,0
scale_f0.01,kc_delta,0,387,0.5587,142639,0
scale_f0.01,kc_delta,0,388,0.5492,143239,0
scale_f0.01,kc_delta,0,389,0.5365,143839,0
scale_f0.01,kc_delta,0,390,0.5556,143857,0
scale_f0.01,kc_delta,0,391,0.5587,143865,0
scale_f0.01,kc_delta,0,392,0.5429,144465,0
scale_f0.01,kc_delta,0,393,0.5587,144577,0
scale_f0.01,kc_delta,0,394,0.5683,145177,0
scale_f0.01,kc_delta,0,395,0.5778,145399,0
scale_f0.01,kc_delta,0,396,0.5778,145413,0
scale_f0.01,kc_delta,0,397,0.5746,145441,0
scale_f0.01,kc_delta,0,398,0.5905,145519,0
scale_f0.01,kc_delta,0,399,0.5841,146119,0
scale_f0.01,kc_delta,0,400,0.5873,146163,0
scale_f0.01,kc_delta,0,401,0.5873,146763,0
scale_f0.01,kc_delta,0,402,0.5873,146800,0
scale_f0.01,kc_delta,0,403,0.5556,147400,0
scale_f0.01,kc_delta,0,404,0.5619,147453,0
scale_f0.01,kc_delta,0,405,0.5746,147683,0
scale_f0.01,kc_delta,0,406,0.5778,148283,0
scale_f0.01,kc_delta,0,407,0.5873,148316,0
scale_f0.01,kc_delta,0,408,0.5810,148334,0
scale_f0.01,kc_delta,0,409,0.5714,148388,0
scale_f0.01,kc_delta,0,410,0.5556,148416,0
scale_f0.01,kc_delta,0,411,0.5619,149016,0
scale_f0.01,kc_delta,0,412,0.5619,149616,0
scale_f0.01,kc_delta,0,413,0.5556,149642,0
scale_f0.01,kc_delta,0,414,0.5619,149724,0
scale_f0.01,kc_delta,0,415,0.5905,149783,0
scale_f0.01,kc_delta,0,416,0.5905,150383,0
scale_f0.01,kc_delta,0,417,0.5651,150620,0
scale_f0.01,kc_delta,0,418,0.5683,151220,0
scale_f0.01,kc_delta,0,419,0.5492,151820,0
scale_f0.01,kc_delta,0,420,0.5556,152420,0
scale_f0.01,kc_delta,0,421,0.5556,152476,0
scale_f0.01,kc_delta,0,422,0.5429,153076,0
scale_f0.01,kc_delta,0,423,0.5619,153140,0
scale_f0.01,kc_delta,0,424,0.5683,153740,0
scale_f0.01,kc_delta,0,425,0.5587,154340,0
scale_f0.01,kc_delta,0,426,0.5905,154607,0
scale_f0.01,kc_delta,0,427,0.5937,155207,0
scale_f0.01,kc_delta,0,428,0.5810,155301,0
scale_f0.01,kc_delta,0,429,0.5810,155308,0
scale_f0.01,kc_delta,0,430,0.5714,155574,0
scale_f0.01,kc_delta,0,431,0.5841,155599,0
scale_f0.01,kc_delta,0,432,0.5778,155632,0
scale_f0.01,kc_delta,0,433,0.5492,156232,0
scale_f0.01,kc_delta,0,434,0.5587,156268,0
scale_f0.01,kc_delta,0,435,0.5587,156288,0
scale_f0.01,kc_delta,0,436,0.5556,156301,0
scale_f0.01,kc_delta,0,437,0.5556,156308,0
scale_f0.01,kc_delta,0,438,0.5619,156345,0
scale_f0.01,kc_delta,0,439,0.5587,156945,0
scale_f0.01,kc_delta,0,440,0.5587,157545,0
scale_f0.01,kc_delta,0,441,0.5587,158027,0
scale_f0.01,kc_delta,0,442,0.5524,158112,0
scale_f0.01,kc_delta,0,443,0.5810,158156,0
scale_f0.01,kc_delta,0,444,0.5492,158756,0
scale_f0.01,kc_delta,0,445,0.5683,158781,0
scale_f0.01,kc_delta,0,446,0.5714,158855,0
scale_f0.01,kc_delta,0,447,0.5714,158981,0
scale_f0.01,kc_delta,0,448,0.5714,158999,0
scale_f0.01,kc_delta,0,449,0.5810,159024,0
scale_f0.01,kc_delta,0,450,0.5810,159031,0
scale_f0.01,kc_delta,0,451,0.5714,159631,0
scale_f0.01,kc_delta,0,452,0.5714,160231,0
scale_f0.01,kc_delta,0,453,0.5746,160278,0
scale_f0.01,kc_delta,0,454,0.5746,160298,0
scale_f0.01,kc_delta,0,455,0.5587,160898,0
scale_f0.01,kc_delta,0,456,0.5619,160912,0
scale_f0.01,kc_delta,0,457,0.5683,160923,0
scale_f0.01,kc_delta,0,458,0.5619,160961,0
scale_f0.01,kc_delta,0,459,0.5619,160977,0
scale_f0.01,kc_delta,0,460,0.5651,161577,0
scale_f0.01,kc_delta,0,461,0.5714,161593,0
scale_f0.01,kc_delta,0,462,0.5619,162193,0
scale_f0.01,kc_delta,0,463,0.5556,162203,0
scale_f0.01,kc_delta,0,464,0.5556,162215,0
scale_f0.01,kc_delta,0,465,0.5587,162815,0
scale_f0.01,kc_delta,0,466,0.5619,162832,0
scale_f0.01,kc_delta,0,467,0.5619,162859,0
scale_f0.01,kc_delta,0,468,0.5714,163459,0
scale_f0.01,kc_delta,0,469,0.5619,164059,0
scale_f0.01,kc_delta,0,470,0.5587,164219,0
scale_f0.01,kc_delta,0,471,0.5587,164233,0
scale_f0.01,kc_delta,0,472,0.5492,164833,0
scale_f0.01,kc_delta,0,473,0.5651,165424,0
scale_f0.01,kc_delta,0,474,0.5651,165445,0
scale_f0.01,kc_delta,0,475,0.5619,165477,0
scale_f0.01,kc_delta,0,476,0.5619,165536,0
scale_f0.01,kc_delta,0,477,0.5651,165554,0
scale_f0.01,kc_delta,0,478,0.5746,166154,0
scale_f0.01,kc_delta,0,479,0.5746,166205,0
scale_f0.01,kc_delta,0,480,0.5746,166221,0
scale_f0.01,kc_delta,0,481,0.5746,166379,0
scale_f0.01,kc_delta,0,482,0.5841,166979,0
scale_f0.01,kc_delta,0,483,0.5841,166982,0
scale_f0.01,kc_delta,0,484,0.5810,167021,0
scale_f0.01,kc_delta,0,485,0.5714,167171,0
scale_f0.01,kc_delta,0,486,0.5746,167199,0
scale_f0.01,kc_delta,0,487,0.5714,167799,0
scale_f0.01,kc_delta,0,488,0.5746,167831,0
scale_f0.01,kc_delta,0,489,0.5619,168431,0
scale_f0.01,kc_delta,0,490,0.5683,168488,0
scale_f0.01,kc_delta,0,491,0.5714,168571,0
scale_f0.01,kc_delta,0,492,0.5619,169171,0
scale_f0.01,kc_delta,0,493,0.5714,169771,0
scale_f0.01,kc_delta,0,494,0.5810,169817,0
scale_f0.01,kc_delta,0,495,0.5746,169846,0
scale_f0.01,kc_delta,0,496,0.5587,170446,0
scale_f0.01,kc_delta,0,497,0.5492,170608,0
scale_f0.01,kc_delta,0,498,0.5556,170656,0
scale_f0.01,kc_delta,0,499,0.5619,170680,0
scale_f0.01,kc_delta,0,500,0.5460,171280,0
scale_f0.01,kc_delta,0,501,0.5397,171291,0
scale_f0.01,kc_delta,0,502,0.5302,171891,0
scale_f0.01,kc_delta,0,503,0.5302,171897,0
scale_f0.01,kc_delta,0,504,0.5365,171909,0
scale_f0.01,kc_delta,0,505,0.5429,171926,0
scale_f0.01,kc_delta,0,506,0.5460,171973,0
scale_f0.01,kc_delta,0,507,0.5524,172010,0
scale_f0.01,kc_delta,0,508,0.5524,172610,0
scale_f0.01,kc_delta,0,509,0.5460,173210,0
scale_f0.01,kc_delta,0,510,0.5397,173810,0
scale_f0.01,kc_delta,0,511,0.5238,174410,0
scale_f0.01,kc_delta,0,512,0.5365,174445,0
scale_f0.01,kc_delta,0,513,0.5524,174580,0
scale_f0.01,kc_delta,0,514,0.5270,175180,0
scale_f0.01,kc_delta,0,515,0.5270,175780,0
scale_f0.01,kc_delta,0,516,0.5206,176380,0
scale_f0.01,kc_delta,0,517,0.5365,176575,0
scale_f0.01,kc_delta,0,518,0.5365,176621,0
scale_f0.01,kc_delta,0,519,0.5365,176628,0
scale_f0.01,kc_delta,0,520,0.5460,176702,0
scale_f0.01,kc_delta,0,521,0.5397,177302,0
scale_f0.01,kc_delta,0,522,0.5397,177309,0
scale_f0.01,kc_delta,0,523,0.5492,177505,0
scale_f0.01,kc_delta,0,524,0.5651,178105,0
scale_f0.01,kc_delta,0,525,0.5492,178705,0
scale_f0.01,kc_delta,0,526,0.5746,178837,0
scale_f0.01,kc_delta,0,527,0.5746,179437,0
scale_f0.01,kc_delta,0,528,0.5873,179515,0
scale_f0.01,kc_delta,0,529,0.5746,180115,0
scale_f0.01,kc_delta,0,530,0.5524,180715,0
scale_f0.01,kc_delta,0,531,0.5556,181315,0
scale_f0.01,kc_delta,0,532,0.5556,181326,0
scale_f0.01,kc_delta,0,533,0.5651,181494,0
scale_f0.01,kc_delta,0,534,0.5683,181508,0
scale_f0.01,kc_delta,0,535,0.5841,182041,0
scale_f0.01,kc_delta,0,536,0.5778,182641,0
scale_f0.01,kc_delta,0,537,0.5619,183241,0
scale_f0.01,kc_delta,0,538,0.5619,183270,0
scale_f0.01,kc_delta,0,539,0.5619,183286,0
scale_f0.01,kc_delta,0,540,0.5651,183327,0
scale_f0.01,kc_delta,0,541,0.5651,183927,0
scale_f0.01,kc_delta,0,542,0.5841,184061,0
scale_f0.01,kc_delta,0,543,0.5968,184094,0
scale_f0.01,kc_delta,0,544,0.5905,184694,0
scale_f0.01,kc_delta,0,545,0.5905,185294,0
scale_f0.01,kc_delta,0,546,0.5968,185329,0
scale_f0.01,kc_delta,0,547,0.5873,185929,0
scale_f0.01,kc_delta,0,548,0.5778,186529,0
scale_f0.01,kc_delta,0,549,0.5841,186564,0
scale_f0.01,kc_delta,0,550,0.5873,186573,0
scale_f0.01,kc_delta,0,551,0.5841,187173,0
scale_f0.01,kc_delta,0,552,0.5746,187773,0
scale_f0.01,kc_delta,0,553,0.5651,188373,0
scale_f0.01,kc_delta,0,554,0.5778,188973,0
scale_f0.01,kc_delta,0,555,0.5778,189573,0
scale_f0.01,kc_delta,0,556,0.5778,189602,0
scale_f0.01,kc_delta,0,557,0.5873,189672,0
scale_f0.01,kc_delta,0,558,0.5873,190272,0
scale_f0.01,kc_delta,0,559,0.5905,190322,0
scale_f0.01,kc_delta,0,560,0.5841,190922,0
scale_f0.01,kc_delta,0,561,0.5778,191522,0
scale_f0.01,kc_delta,0,562,0.5810,191577,0
scale_f0.01,kc_delta,0,563,0.5683,192177,0
scale_f0.01,kc_delta,0,564,0.5651,192777,0
scale_f0.01,kc_delta,0,565,0.5746,192982,0
scale_f0.01,kc_delta,0,566,0.5683,193036,0
scale_f0.01,kc_delta,0,567,0.5714,193636,0
scale_f0.01,kc_delta,0,568,0.5746,193666,0
scale_f0.01,kc_delta,0,569,0.5778,193685,0
scale_f0.01,kc_delta,0,570,0.5714,194285,0
scale_f0.01,kc_delta,0,571,0.5683,194293,0
scale_f0.01,kc_delta,0,572,0.5651,194307,0
scale_f0.01,kc_delta,0,573,0.5810,194380,0
scale_f0.01,kc_delta,0,574,0.5714,194980,0
scale_f0.01,kc_delta,0,575,0.5810,194998,0
scale_f0.01,kc_delta,0,576,0.5841,195598,0
scale_f0.01,kc_delta,0,577,0.5841,196198,0
scale_f0.01,kc_delta,0,578,0.5873,196220,0
scale_f0.01,kc_delta,0,579,0.5937,196820,0
scale_f0.01,kc_delta,0,580,0.5937,196834,0
scale_f0.01,kc_delta,0,581,0.6000,196857,0
scale_f0.01,kc_delta,0,582,0.5905,196976,0
scale_f0.01,kc_delta,0,583,0.5778,197576,0
scale_f0.01,kc_delta,0,584,0.5810,198150,0
scale_f0.01,kc_delta,0,585,0.6000,198227,0
scale_f0.01,kc_delta,0,586,0.5905,198827,0
scale_f0.01,kc_delta,0,587,0.5746,199427,0
scale_f0.01,kc_delta,0,588,0.5714,199473,0
scale_f0.01,kc_delta,0,589,0.5651,200073,0
scale_f0.01,kc_delta,0,590,0.5587,200673,0
scale_f0.01,kc_delta,0,591,0.5651,201273,0
scale_f0.01,kc_delta,0,592,0.5651,201873,0
scale_f0.01,kc_delta,0,593,0.5683,201890,0
scale_f0.01,kc_delta,0,594,0.5683,201934,0
scale_f0.01,kc_delta,0,595,0.5746,202534,0
scale_f0.01,kc_delta,0,596,0.5778,202546,0
scale_f0.01,kc_delta,0,597,0.5810,202548,0
scale_f0.01,kc_delta,0,598,0.5683,202570,0
scale_f0.01,kc_delta,0,599,0.5746,202765,0
scale_f0.01,rand_delta,0,0,0.3238,600,0
scale_f0.01,rand_delta,0,1,0.4032,1200,0
scale_f0.01,rand_delta,0,2,0.4571,1800,0
scale_f0.01,rand_delta,0,3,0.4857,2170,0
scale_f0.01,rand_delta,0,4,0.4952,2271,0
scale_f0.01,rand_delta,0,5,0.5556,2760,0
scale_f0.01,rand_delta,0,6,0.5683,3360,0
scale_f0.01,rand_delta,0,7,0.5587,3960,0
scale_f0.01,rand_delta,0,8,0.5905,4106,0
scale_f0.01,rand_delta,0,9,0.6000,4701,0
scale_f0.01,rand_delta,0,10,0.6063,4932,0
scale_f0.01,rand_delta,0,11,0.5587,5532,0
scale_f0.01,rand_delta,0,12,0.5841,5921,0
scale_f0.01,rand_delta,0,13,0.6222,6289,0
scale_f0.01,rand_delta,0,14,0.6095,6889,0
scale_f0.01,rand_delta,0,15,0.6063,6908,0
scale_f0.01,rand_delta,0,16,0.5206,7508,0
scale_f0.01,rand_delta,0,17,0.5333,8108,0
scale_f0.01,rand_delta,0,18,0.4698,8708,0
scale_f0.01,rand_delta,0,19,0.4698,8734,0
scale_f0.01,rand_delta,0,20,0.4984,9334,0
scale_f0.01,rand_delta,0,21,0.5238,9695,0
scale_f0.01,rand_delta,0,22,0.5397,9733,0
scale_f0.01,rand_delta,0,23,0.5714,10172,0
scale_f0.01,rand_delta,0,24,0.5746,10184,0
scale_f0.01,rand_delta,0,25,0.5333,10784,0
scale_f0.01,rand_delta,0,26,0.5524,11384,0
scale_f0.01,rand_delta,0,27,0.5460,11392,0
scale_f0.01,rand_delta,0,28,0.5333,11992,0
scale_f0.01,rand_delta,0,29,0.5556,12068,0
scale_f0.01,rand_delta,0,30,0.5429,12668,0
scale_f0.01,rand_delta,0,31,0.5937,12841,0
scale_f0.01,rand_delta,0,32,0.6095,13128,0
scale_f0.01,rand_delta,0,33,0.6095,13728,0
scale_f0.01,rand_delta,0,34,0.6254,13892,0
scale_f0.01,rand_delta,0,35,0.6032,14492,0
scale_f0.01,rand_delta,0,36,0.6063,14517,0
scale_f0.01,rand_delta,0,37,0.6063,14539,0
scale_f0.01,rand_delta,0,38,0.6254,14780,0
scale_f0.01,rand_delta,0,39,0.6381,15380,0
scale_f0.01,rand_delta,0,40,0.6381,15408,0
scale_f0.01,rand_delta,0,41,0.6381,15417,0
scale_f0.01,rand_delta,0,42,0.6413,15445,0
scale_f0.01,rand_delta,0,43,0.6540,16045,0
scale_f0.01,rand_delta,0,44,0.6476,16645,0
scale_f0.01,rand_delta,0,45,0.6413,17245,0
scale_f0.01,rand_delta,0,46,0.6444,17262,0
scale_f0.01,rand_delta,0,47,0.6540,17539,0
scale_f0.01,rand_delta,0,48,0.6603,17901,0
scale_f0.01,rand_delta,0,49,0.6603,18501,0
scale_f0.01,rand_delta,0,50,0.6635,18529,0
scale_f0.01,rand_delta,0,51,0.6540,19129,0
scale_f0.01,rand_delta,0,52,0.6540,19134,0
scale_f0.01,rand_delta,0,53,0.6635,19734,0
scale_f0.01,rand_delta,0,54,0.6730,20334,0
scale_f0.01,rand_delta,0,55,0.6698,20548,0
scale_f0.01,rand_delta,0,56,0.6730,21148,0
scale_f0.01,rand_delta,0,57,0.6794,21748,0
scale_f0.01,rand_delta,0,58,0.6825,22348,0
scale_f0.01,rand_delta,0,59,0.6825,22948,0
scale_f0.01,rand_delta,0,60,0.6889,23385,0
scale_f0.01,rand_delta,0,61,0.6762,23985,0
scale_f0.01,rand_delta,0,62,0.6889,24585,0
scale_f0.01,rand_delta,0,63,0.6952,24738,0
scale_f0.01,rand_delta,0,64,0.6952,24803,0
scale_f0.01,rand_delta,0,65,0.6921,24816,0
scale_f0.01,rand_delta,0,66,0.6984,24830,0
scale_f0.01,rand_delta,0,67,0.6921,25430,0
scale_f0.01,rand_delta,0,68,0.6952,25455,0
scale_f0.01,rand_delta,0,69,0.6794,26055,0
scale_f0.01,rand_delta,0,70,0.6762,26655,0
scale_f0.01,rand_delta,0,71,0.6540,27255,0
scale_f0.01,rand_delta,0,72,0.6603,27855,0
scale_f0.01,rand_delta,0,73,0.6571,28455,0
scale_f0.01,rand_delta,0,74,0.6444,29055,0
scale_f0.01,rand_delta,0,75,0.6508,29080,0
scale_f0.01,rand_delta,0,76,0.6508,29096,0
scale_f0.01,rand_delta,0,77,0.6444,29696,0
scale_f0.01,rand_delta,0,78,0.6381,30296,0
scale_f0.01,rand_delta,0,79,0.6571,30372,0
scale_f0.01,rand_delta,0,80,0.6571,30393,0
scale_f0.01,rand_delta,0,81,0.6571,30415,0
scale_f0.01,rand_delta,0,82,0.6571,30433,0
scale_f0.01,rand_delta,0,83,0.6603,31033,0
scale_f0.01,rand_delta,0,84,0.6571,31633,0
scale_f0.01,rand_delta,0,85,0.6508,32233,0
scale_f0.01,rand_delta,0,86,0.6476,32833,0
scale_f0.01,rand_delta,0,87,0.6222,33433,0
scale_f0.01,rand_delta,0,88,0.6317,33471,0
scale_f0.01,rand_delta,0,89,0.6413,33503,0
scale_f0.01,rand_delta,0,90,0.6413,33523,0
scale_f0.01,rand_delta,0,91,0.6508,33599,0
scale_f0.01,rand_delta,0,92,0.6508,33618,0
scale_f0.01,rand_delta,0,93,0.6381,34218,0
scale_f0.01,rand_delta,0,94,0.6381,34818,0
scale_f0.01,rand_delta,0,95,0.6413,34838,0
scale_f0.01,rand_delta,0,96,0.6540,35100,0
scale_f0.01,rand_delta,0,97,0.6603,35127,0
scale_f0.01,rand_delta,0,98,0.6508,35727,0
scale_f0.01,rand_delta,0,99,0.6508,36327,0
scale_f0.01,rand_delta,0,100,0.6127,36927,0
scale_f0.01,rand_delta,0,101,0.6127,36947,0
scale_f0.01,rand_delta,0,102,0.6127,36950,0
scale_f0.01,rand_delta,0,103,0.6159,37550,0
scale_f0.01,rand_delta,0,104,0.6222,38150,0
scale_f0.01,rand_delta,0,105,0.6222,38154,0
scale_f0.01,rand_delta,0,106,0.6413,38290,0
scale_f0.01,rand_delta,0,107,0.5873,38890,0
scale_f0.01,rand_delta,0,108,0.5714,39490,0
scale_f0.01,rand_delta,0,109,0.5651,40090,0
scale_f0.01,rand_delta,0,110,0.6032,40193,0
scale_f0.01,rand_delta,0,111,0.5937,40793,0
scale_f0.01,rand_delta,0,112,0.5841,41393,0
scale_f0.01,rand_delta,0,113,0.5810,41993,0
scale_f0.01,rand_delta,0,114,0.5905,42593,0
scale_f0.01,rand_delta,0,115,0.5937,42624,0
scale_f0.01,rand_delta,0,116,0.6000,43224,0
scale_f0.01,rand_delta,0,117,0.6032,43824,0
scale_f0.01,rand_delta,0,118,0.6063,44006,0
scale_f0.01,rand_delta,0,119,0.6095,44606,0
scale_f0.01,rand_delta,0,120,0.6286,44904,0
scale_f0.01,rand_delta,0,121,0.6286,45504,0
scale_f0.01,rand_delta,0,122,0.5905,46104,0
scale_f0.01,rand_delta,0,123,0.5905,46122,0
scale_f0.01,rand_delta,0,124,0.6032,46722,0
scale_f0.01,rand_delta,0,125,0.5905,47322,0
scale_f0.01,rand_delta,0,126,0.5937,47922,0
scale_f0.01,rand_delta,0,127,0.5841,48522,0
scale_f0.01,rand_delta,0,128,0.5905,49122,0
scale_f0.01,rand_delta,0,129,0.5937,49722,0
scale_f0.01,rand_delta,0,130,0.5968,49750,0
scale_f0.01,rand_delta,0,131,0.5968,49757,0
scale_f0.01,rand_delta,0,132,0.6000,49829,0
scale_f0.01,rand_delta,0,133,0.6063,49867,0
scale_f0.01,rand_delta,0,134,0.6476,49988,0
scale_f0.01,rand_delta,0,135,0.6571,50045,0
scale_f0.01,rand_delta,0,136,0.6571,50067,0
scale_f0.01,rand_delta,0,137,0.6508,50093,0
scale_f0.01,rand_delta,0,138,0.6508,50693,0
scale_f0.01,rand_delta,0,139,0.6508,50733,0
scale_f0.01,rand_delta,0,140,0.6508,50770,0
scale_f0.01,rand_delta,0,141,0.6540,51370,0
scale_f0.01,rand_delta,0,142,0.6571,51970,0
scale_f0.01,rand_delta,0,143,0.6571,52384,0
scale_f0.01,rand_delta,0,144,0.6667,52758,0
scale_f0.01,rand_delta,0,145,0.6667,53358,0
scale_f0.01,rand_delta,0,146,0.6667,53379,0
scale_f0.01,rand_delta,0,147,0.6667,53979,0
scale_f0.01,rand_delta,0,148,0.6667,54001,0
scale_f0.01,rand_delta,0,149,0.6667,54601,0
scale_f0.01,rand_delta,0,150,0.6603,54622,0
scale_f0.01,rand_delta,0,151,0.6444,55222,0
scale_f0.01,rand_delta,0,152,0.6444,55241,0
scale_f0.01,rand_delta,0,153,0.6444,55254,0
scale_f0.01,rand_delta,0,154,0.6444,55410,0
scale_f0.01,rand_delta,0,155,0.6540,55436,0
scale_f0.01,rand_delta,0,156,0.6508,55457,0
scale_f0.01,rand_delta,0,157,0.6508,55483,0
scale_f0.01,rand_delta,0,158,0.6603,56030,0
scale_f0.01,rand_delta,0,159,0.6603,56211,0
scale_f0.01,rand_delta,0,160,0.6603,56245,0
scale_f0.01,rand_delta,0,161,0.6635,56845,0
scale_f0.01,rand_delta,0,162,0.6635,56847,0
scale_f0.01,rand_delta,0,163,0.6603,56851,0
scale_f0.01,rand_delta,0,164,0.6540,57451,0
scale_f0.01,rand_delta,0,165,0.6603,58051,0
scale_f0.01,rand_delta,0,166,0.6603,58315,0
scale_f0.01,rand_delta,0,167,0.6698,58915,0
scale_f0.01,rand_delta,0,168,0.6730,58940,0
scale_f0.01,rand_delta,0,169,0.6921,59065,0
scale_f0.01,rand_delta,0,170,0.6921,59104,0
scale_f0.01,rand_delta,0,171,0.6921,59123,0
scale_f0.01,rand_delta,0,172,0.6889,59133,0
scale_f0.01,rand_delta,0,173,0.6984,59332,0
scale_f0.01,rand_delta,0,174,0.6984,59932,0
scale_f0.01,rand_delta,0,175,0.6984,60330,0
scale_f0.01,rand_delta,0,176,0.6984,60355,0
scale_f0.01,rand_delta,0,177,0.6984,60955,0
scale_f0.01,rand_delta,0,178,0.6889,61555,0
scale_f0.01,rand_delta,0,179,0.6889,62155,0
scale_f0.01,rand_delta,0,180,0.6857,62755,0
scale_f0.01,rand_delta,0,181,0.6889,62774,0
scale_f0.01,rand_delta,0,182,0.6857,63374,0
scale_f0.01,rand_delta,0,183,0.6857,63974,0
scale_f0.01,rand_delta,0,184,0.6921,64011,0
scale_f0.01,rand_delta,0,185,0.6921,64611,0
scale_f0.01,rand_delta,0,186,0.6921,64647,0
scale_f0.01,rand_delta,0,187,0.6921,64659,0
scale_f0.01,rand_delta,0,188,0.6889,65259,0
scale_f0.01,rand_delta,0,189,0.6794,65859,0
scale_f0.01,rand_delta,0,190,0.6825,66459,0
scale_f0.01,rand_delta,0,191,0.6825,66495,0
scale_f0.01,rand_delta,0,192,0.6857,66511,0
scale_f0.01,rand_delta,0,193,0.6857,67111,0
scale_f0.01,rand_delta,0,194,0.6857,67711,0
scale_f0.01,rand_delta,0,195,0.6889,67766,0
scale_f0.01,rand_delta,0,196,0.6889,68366,0
scale_f0.01,rand_delta,0,197,0.6921,68412,0
scale_f0.01,rand_delta,0,198,0.6921,68429,0
scale_f0.01,rand_delta,0,199,0.7016,68556,0
scale_f0.01,rand_delta,0,200,0.6952,69156,0
scale_f0.01,rand_delta,0,201,0.7048,69756,0
scale_f0.01,rand_delta,0,202,0.7079,70356,0
scale_f0.01,rand_delta,0,203,0.7079,70377,0
scale_f0.01,rand_delta,0,204,0.7143,70977,0
scale_f0.01,rand_delta,0,205,0.6984,71577,0
scale_f0.01,rand_delta,0,206,0.6984,71603,0
scale_f0.01,rand_delta,0,207,0.7079,72203,0
scale_f0.01,rand_delta,0,208,0.7111,72803,0
scale_f0.01,rand_delta,0,209,0.6984,73403,0
scale_f0.01,rand_delta,0,210,0.6857,74003,0
scale_f0.01,rand_delta,0,211,0.6889,74019,0
scale_f0.01,rand_delta,0,212,0.6921,74050,0
scale_f0.01,rand_delta,0,213,0.6921,74091,0
scale_f0.01,rand_delta,0,214,0.6921,74110,0
scale_f0.01,rand_delta,0,215,0.6952,74710,0
scale_f0.01,rand_delta,0,216,0.6952,75310,0
scale_f0.01,rand_delta,0,217,0.6952,75329,0
scale_f0.01,rand_delta,0,218,0.6952,75723,0
scale_f0.01,rand_delta,0,219,0.7016,75893,0
scale_f0.01,rand_delta,0,220,0.7016,76493,0
scale_f0.01,rand_delta,0,221,0.7016,76499,0
scale_f0.01,rand_delta,0,222,0.6984,77099,0
scale_f0.01,rand_delta,0,223,0.6984,77699,0
scale_f0.01,rand_delta,0,224,0.6921,78299,0
scale_f0.01,rand_delta,0,225,0.6952,78899,0
scale_f0.01,rand_delta,0,226,0.6984,79499,0
scale_f0.01,rand_delta,0,227,0.7048,79525,0
scale_f0.01,rand_delta,0,228,0.7016,80125,0
scale_f0.01,rand_delta,0,229,0.6984,80725,0
scale_f0.01,rand_delta,0,230,0.7016,81325,0
scale_f0.01,rand_delta,0,231,0.7016,81353,0
scale_f0.01,rand_delta,0,232,0.7333,81457,0
scale_f0.01,rand_delta,0,233,0.7238,82057,0
scale_f0.01,rand_delta,0,234,0.7270,82657,0
scale_f0.01,rand_delta,0,235,0.7333,82674,0
scale_f0.01,rand_delta,0,236,0.7302,82704,0
scale_f0.01,rand_delta,0,237,0.7302,82730,0
scale_f0.01,rand_delta,0,238,0.7238,83330,0
scale_f0.01,rand_delta,0,239,0.7206,83930,0
scale_f0.01,rand_delta,0,240,0.7333,84247,0
scale_f0.01,rand_delta,0,241,0.7492,84574,0
scale_f0.01,rand_delta,0,242,0.7556,85174,0
scale_f0.01,rand_delta,0,243,0.7524,85210,0
scale_f0.01,rand_delta,0,244,0.7556,85222,0
scale_f0.01,rand_delta,0,245,0.7524,85822,0
scale_f0.01,rand_delta,0,246,0.7524,85860,0
scale_f0.01,rand_delta,0,247,0.7492,85897,0
scale_f0.01,rand_delta,0,248,0.7460,86497,0
scale_f0.01,rand_delta,0,249,0.7492,86532,0
scale_f0.01,rand_delta,0,250,0.7429,87132,0
scale_f0.01,rand_delta,0,251,0.7429,87160,0
scale_f0.01,rand_delta,0,252,0.7397,87760,0
scale_f0.01,rand_delta,0,253,0.7365,88360,0
scale_f0.01,rand_delta,0,254,0.7397,88960,0
scale_f0.01,rand_delta,0,255,0.7460,89560,0
scale_f0.01,rand_delta,0,256,0.7460,89589,0
scale_f0.01,rand_delta,0,257,0.7460,90189,0
scale_f0.01,rand_delta,0,258,0.7524,90233,0
scale_f0.01,rand_delta,0,259,0.7524,90833,0
scale_f0.01,rand_delta,0,260,0.7492,91288,0
scale_f0.01,rand_delta,0,261,0.7460,91320,0
scale_f0.01,rand_delta,0,262,0.7524,91330,0
scale_f0.01,rand_delta,0,263,0.7619,91353,0
scale_f0.01,rand_delta,0,264,0.7619,91359,0
scale_f0.01,rand_delta,0,265,0.7524,91376,0
scale_f0.01,rand_delta,0,266,0.7524,91735,0
scale_f0.01,rand_delta,0,267,0.7524,91772,0
scale_f0.01,rand_delta,0,268,0.7492,91790,0
scale_f0.01,rand_delta,0,269,0.7460,92390,0
scale_f0.01,rand_delta,0,270,0.7365,92990,0
scale_f0.01,rand_delta,0,271,0.7492,93021,0
scale_f0.01,rand_delta,0,272,0.7587,93059,0
scale_f0.01,rand_delta,0,273,0.7556,93659,0
scale_f0.01,rand_delta,0,274,0.7619,93673,0
scale_f0.01,rand_delta,0,275,0.7619,93687,0
scale_f0.01,rand_delta,0,276,0.7619,93925,0
scale_f0.01,rand_delta,0,277,0.7587,93951,0
scale_f0.01,rand_delta,0,278,0.7587,93987,0
scale_f0.01,rand_delta,0,279,0.7492,94587,0
scale_f0.01,rand_delta,0,280,0.7524,95187,0
scale_f0.01,rand_delta,0,281,0.7587,95210,0
scale_f0.01,rand_delta,0,282,0.7429,95810,0
scale_f0.01,rand_delta,0,283,0.7524,95830,0
scale_f0.01,rand_delta,0,284,0.7556,95838,0
scale_f0.01,rand_delta,0,285,0.7556,95856,0
scale_f0.01,rand_delta,0,286,0.7429,96456,0
scale_f0.01,rand_delta,0,287,0.7429,96468,0
scale_f0.01,rand_delta,0,288,0.7302,97068,0
scale_f0.01,rand_delta,0,289,0.7460,97108,0
scale_f0.01,rand_delta,0,290,0.7397,97128,0
scale_f0.01,rand_delta,0,291,0.7397,97533,0
scale_f0.01,rand_delta,0,292,0.7429,97561,0
scale_f0.01,rand_delta,0,293,0.7333,98161,0
scale_f0.01,rand_delta,0,294,0.7429,98761,0
scale_f0.01,rand_delta,0,295,0.7429,99361,0
scale_f0.01,rand_delta,0,296,0.7556,99381,0
scale_f0.01,rand_delta,0,297,0.7524,99393,0
scale_f0.01,rand_delta,0,298,0.7524,99399,0
scale_f0.01,rand_delta,0,299,0.7492,99413,0
scale_f0.01,rand_delta,0,300,0.7492,99415,0
scale_f0.01,rand_delta,0,301,0.7429,100015,0
scale_f0.01,rand_delta,0,302,0.7524,100057,0
scale_f0.01,rand_delta,0,303,0.7524,100221,0
scale_f0.01,rand_delta,0,304,0.7492,100821,0
scale_f0.01,rand_delta,0,305,0.7460,100839,0
scale_f0.01,rand_delta,0,306,0.7524,100918,0
scale_f0.01,rand_delta,0,307,0.7556,100956,0
scale_f0.01,rand_delta,0,308,0.7556,101556,0
scale_f0.01,rand_delta,0,309,0.7524,101585,0
scale_f0.01,rand_delta,0,310,0.7556,101625,0
scale_f0.01,rand_delta,0,311,0.7524,101636,0
scale_f0.01,rand_delta,0,312,0.7524,102236,0
scale_f0.01,rand_delta,0,313,0.7524,102256,0
scale_f0.01,rand_delta,0,314,0.7556,102856,0
scale_f0.01,rand_delta,0,315,0.7460,103456,0
scale_f0.01,rand_delta,0,316,0.7460,104056,0
scale_f0.01,rand_delta,0,317,0.7429,104656,0
scale_f0.01,rand_delta,0,318,0.7429,104663,0
scale_f0.01,rand_delta,0,319,0.7524,104694,0
scale_f0.01,rand_delta,0,320,0.7492,104716,0
scale_f0.01,rand_delta,0,321,0.7492,104743,0
scale_f0.01,rand_delta,0,322,0.7524,104777,0
scale_f0.01,rand_delta,0,323,0.7460,105377,0
scale_f0.01,rand_delta,0,324,0.7556,105402,0
scale_f0.01,rand_delta,0,325,0.7587,105949,0
scale_f0.01,rand_delta,0,326,0.7587,105964,0
scale_f0.01,rand_delta,0,327,0.7556,105980,0
scale_f0.01,rand_delta,0,328,0.7556,105990,0
scale_f0.01,rand_delta,0,329,0.7556,106029,0
scale_f0.01,rand_delta,0,330,0.7524,106062,0
scale_f0.01,rand_delta,0,331,0.7556,106086,0
scale_f0.01,rand_delta,0,332,0.7429,106686,0
scale_f0.01,rand_delta,0,333,0.7460,106713,0
scale_f0.01,rand_delta,0,334,0.7524,106741,0
scale_f0.01,rand_delta,0,335,0.7460,106962,0
scale_f0.01,rand_delta,0,336,0.7619,107562,0
scale_f0.01,rand_delta,0,337,0.7492,107594,0
scale_f0.01,rand_delta,0,338,0.7460,108194,0
scale_f0.01,rand_delta,0,339,0.7492,108207,0
scale_f0.01,rand_delta,0,340,0.7460,108219,0
scale_f0.01,rand_delta,0,341,0.7460,108241,0
scale_f0.01,rand_delta,0,342,0.7429,108251,0
scale_f0.01,rand_delta,0,343,0.7492,108851,0
scale_f0.01,rand_delta,0,344,0.7524,108881,0
scale_f0.01,rand_delta,0,345,0.7397,109481,0
scale_f0.01,rand_delta,0,346,0.7429,110081,0
scale_f0.01,rand_delta,0,347,0.7397,110115,0
scale_f0.01,rand_delta,0,348,0.7460,110645,0
scale_f0.01,rand_delta,0,349,0.7429,110658,0
scale_f0.01,rand_delta,0,350,0.7460,110698,0
scale_f0.01,rand_delta,0,351,0.7556,110729,0
scale_f0.01,rand_delta,0,352,0.7524,110752,0
scale_f0.01,rand_delta,0,353,0.7429,111352,0
scale_f0.01,rand_delta,0,354,0.7429,111875,0
scale_f0.01,rand_delta,0,355,0.7429,111901,0
scale_f0.01,rand_delta,0,356,0.7397,111923,0
scale_f0.01,rand_delta,0,357,0.7302,112523,0
scale_f0.01,rand_delta,0,358,0.7302,113123,0
scale_f0.01,rand_delta,0,359,0.7333,113723,0
scale_f0.01,rand_delta,0,360,0.7365,113758,0
scale_f0.01,rand_delta,0,361,0.7429,114358,0
scale_f0.01,rand_delta,0,362,0.7333,114958,0
scale_f0.01,rand_delta,0,363,0.7302,114975,0
scale_f0.01,rand_delta,0,364,0.7238,115575,0
scale_f0.01,rand_delta,0,365,0.7333,115605,0
scale_f0.01,rand_delta,0,366,0.7270,115625,0
scale_f0.01,rand_delta,0,367,0.7270,115641,0
scale_f0.01,rand_delta,0,368,0.7238,116241,0
scale_f0.01,rand_delta,0,369,0.7302,116275,0
scale_f0.01,rand_delta,0,370,0.7333,116313,0
scale_f0.01,rand_delta,0,371,0.7333,116348,0
scale_f0.01,rand_delta,0,372,0.7333,116372,0
scale_f0.01,rand_delta,0,373,0.7079,116972,0
scale_f0.01,rand_delta,0,374,0.7111,116998,0
scale_f0.01,rand_delta,0,375,0.7143,117229,0
scale_f0.01,rand_delta,0,376,0.7143,117829,0
scale_f0.01,rand_delta,0,377,0.7238,118098,0
scale_f0.01,rand_delta,0,378,0.7302,118123,0
scale_f0.01,rand_delta,0,379,0.7302,118142,0
scale_f0.01,rand_delta,0,380,0.7397,118742,0
scale_f0.01,rand_delta,0,381,0.7333,119342,0
scale_f0.01,rand_delta,0,382,0.7397,119942,0
scale_f0.01,rand_delta,0,383,0.7429,119976,0
scale_f0.01,rand_delta,0,384,0.7460,119984,0
scale_f0.01,rand_delta,0,385,0.7524,120002,0
scale_f0.01,rand_delta,0,386,0.7460,120031,0
scale_f0.01,rand_delta,0,387,0.7556,120057,0
scale_f0.01,rand_delta,0,388,0.7492,120657,0
scale_f0.01,rand_delta,0,389,0.7460,120689,0
scale_f0.01,rand_delta,0,390,0.7492,120696,0
scale_f0.01,rand_delta,0,391,0.7492,120707,0
scale_f0.01,rand_delta,0,392,0.7460,121307,0
scale_f0.01,rand_delta,0,393,0.7365,121907,0
scale_f0.01,rand_delta,0,394,0.7333,122507,0
scale_f0.01,rand_delta,0,395,0.7365,122539,0
scale_f0.01,rand_delta,0,396,0.7397,122596,0
scale_f0.01,rand_delta,0,397,0.7397,122635,0
scale_f0.01,rand_delta,0,398,0.7429,122680,0
scale_f0.01,rand_delta,0,399,0.7460,123280,0
scale_f0.01,rand_delta,0,400,0.7460,123307,0
scale_f0.01,rand_delta,0,401,0.7397,123907,0
scale_f0.01,rand_delta,0,402,0.7365,123927,0
scale_f0.01,rand_delta,0,403,0.7492,124527,0
scale_f0.01,rand_delta,0,404,0.7492,124557,0
scale_f0.01,rand_delta,0,405,0.7524,124586,0
scale_f0.01,rand_delta,0,406,0.7460,124620,0
scale_f0.01,rand_delta,0,407,0.7460,124637,0
scale_f0.01,rand_delta,0,408,0.7492,124675,0
scale_f0.01,rand_delta,0,409,0.7556,124745,0
scale_f0.01,rand_delta,0,410,0.7460,124776,0
scale_f0.01,rand_delta,0,411,0.7397,125376,0
scale_f0.01,rand_delta,0,412,0.7333,125976,0
scale_f0.01,rand_delta,0,413,0.7365,126011,0
scale_f0.01,rand_delta,0,414,0.7365,126048,0
scale_f0.01,rand_delta,0,415,0.7365,126078,0
scale_f0.01,rand_delta,0,416,0.7492,126678,0
scale_f0.01,rand_delta,0,417,0.7524,126721,0
scale_f0.01,rand_delta,0,418,0.7619,127321,0
scale_f0.01,rand_delta,0,419,0.7619,127921,0
scale_f0.01,rand_delta,0,420,0.7587,128521,0
scale_f0.01,rand_delta,0,421,0.7651,128545,0
scale_f0.01,rand_delta,0,422,0.7587,128578,0
scale_f0.01,rand_delta,0,423,0.7619,128611,0
scale_f0.01,rand_delta,0,424,0.7492,129211,0
scale_f0.01,rand_delta,0,425,0.7429,129347,0
scale_f0.01,rand_delta,0,426,0.7524,129391,0
scale_f0.01,rand_delta,0,427,0.7619,129631,0
scale_f0.01,rand_delta,0,428,0.7619,129660,0
scale_f0.01,rand_delta,0,429,0.7619,129667,0
scale_f0.01,rand_delta,0,430,0.7587,130267,0
scale_f0.01,rand_delta,0,431,0.7619,130275,0
scale_f0.01,rand_delta,0,432,0.7619,130288,0
scale_f0.01,rand_delta,0,433,0.7683,130802,0
scale_f0.01,rand_delta,0,434,0.7651,130825,0
scale_f0.01,rand_delta,0,435,0.7714,130850,0
scale_f0.01,rand_delta,0,436,0.7683,130863,0
scale_f0.01,rand_delta,0,437,0.7683,130873,0
scale_f0.01,rand_delta,0,438,0.7683,130904,0
scale_f0.01,rand_delta,0,439,0.7683,131504,0
scale_f0.01,rand_delta,0,440,0.7556,132104,0
scale_f0.01,rand_delta,0,441,0.7524,132704,0
scale_f0.01,rand_delta,0,442,0.7587,132754,0
scale_f0.01,rand_delta,0,443,0.7587,132766,0
scale_f0.01,rand_delta,0,444,0.7587,133366,0
scale_f0.01,rand_delta,0,445,0.7587,133374,0
scale_f0.01,rand_delta,0,446,0.7619,133396,0
scale_f0.01,rand_delta,0,447,0.7619,133996,0
scale_f0.01,rand_delta,0,448,0.7651,134012,0
scale_f0.01,rand_delta,0,449,0.7683,134031,0
scale_f0.01,rand_delta,0,450,0.7651,134038,0
scale_f0.01,rand_delta,0,451,0.7683,134638,0
scale_f0.01,rand_delta,0,452,0.7651,135238,0
scale_f0.01,rand_delta,0,453,0.7619,135269,0
scale_f0.01,rand_delta,0,454,0.7651,135288,0
scale_f0.01,rand_delta,0,455,0.7619,135888,0
scale_f0.01,rand_delta,0,456,0.7651,135903,0
scale_f0.01,rand_delta,0,457,0.7651,135919,0
scale_f0.01,rand_delta,0,458,0.7714,135980,0
scale_f0.01,rand_delta,0,459,0.7714,135996,0
scale_f0.01,rand_delta,0,460,0.7651,136596,0
scale_f0.01,rand_delta,0,461,0.7619,136604,0
scale_f0.01,rand_delta,0,462,0.7587,137204,0
scale_f0.01,rand_delta,0,463,0.7587,137216,0
scale_f0.01,rand_delta,0,464,0.7587,137227,0
scale_f0.01,rand_delta,0,465,0.7556,137827,0
scale_f0.01,rand_delta,0,466,0.7619,137842,0
scale_f0.01,rand_delta,0,467,0.7619,137866,0
scale_f0.01,rand_delta,0,468,0.7524,138466,0
scale_f0.01,rand_delta,0,469,0.7556,138516,0
scale_f0.01,rand_delta,0,470,0.7619,138557,0
scale_f0.01,rand_delta,0,471,0.7651,138567,0
scale_f0.01,rand_delta,0,472,0.7683,139167,0
scale_f0.01,rand_delta,0,473,0.7746,139209,0
scale_f0.01,rand_delta,0,474,0.7714,139228,0
scale_f0.01,rand_delta,0,475,0.7714,139256,0
scale_f0.01,rand_delta,0,476,0.7683,139288,0
scale_f0.01,rand_delta,0,477,0.7683,139302,0
scale_f0.01,rand_delta,0,478,0.7746,139902,0
scale_f0.01,rand_delta,0,479,0.7714,140502,0
scale_f0.01,rand_delta,0,480,0.7746,140521,0
scale_f0.01,rand_delta,0,481,0.7714,140546,0
scale_f0.01,rand_delta,0,482,0.7778,141025,0
scale_f0.01,rand_delta,0,483,0.7778,141028,0
scale_f0.01,rand_delta,0,484,0.7778,141041,0
scale_f0.01,rand_delta,0,485,0.7714,141545,0
scale_f0.01,rand_delta,0,486,0.7714,141561,0
scale_f0.01,rand_delta,0,487,0.7651,141603,0
scale_f0.01,rand_delta,0,488,0.7587,141619,0
scale_f0.01,rand_delta,0,489,0.7492,142219,0
scale_f0.01,rand_delta,0,490,0.7619,142246,0
scale_f0.01,rand_delta,0,491,0.7619,142846,0
scale_f0.01,rand_delta,0,492,0.7556,143446,0
scale_f0.01,rand_delta,0,493,0.7587,143998,0
scale_f0.01,rand_delta,0,494,0.7683,144028,0
scale_f0.01,rand_delta,0,495,0.7714,144056,0
scale_f0.01,rand_delta,0,496,0.7651,144656,0
scale_f0.01,rand_delta,0,497,0.7651,145006,0
scale_f0.01,rand_delta,0,498,0.7683,145042,0
scale_f0.01,rand_delta,0,499,0.7683,145059,0
scale_f0.01,rand_delta,0,500,0.7619,145659,0
scale_f0.01,rand_delta,0,501,0.7651,145671,0
scale_f0.01,rand_delta,0,502,0.7587,146271,0
scale_f0.01,rand_delta,0,503,0.7619,146278,0
scale_f0.01,rand_delta,0,504,0.7619,146285,0
scale_f0.01,rand_delta,0,505,0.7587,146296,0
scale_f0.01,rand_delta,0,506,0.7714,146334,0
scale_f0.01,rand_delta,0,507,0.7714,146368,0
scale_f0.01,rand_delta,0,508,0.7683,146968,0
scale_f0.01,rand_delta,0,509,0.7619,147015,0
scale_f0.01,rand_delta,0,510,0.7683,147615,0
scale_f0.01,rand_delta,0,511,0.7651,148215,0
scale_f0.01,rand_delta,0,512,0.7683,148240,0
scale_f0.01,rand_delta,0,513,0.7714,148255,0
scale_f0.01,rand_delta,0,514,0.7651,148855,0
scale_f0.01,rand_delta,0,515,0.7683,149455,0
scale_f0.01,rand_delta,0,516,0.7556,150055,0
scale_f0.01,rand_delta,0,517,0.7651,150091,0
scale_f0.01,rand_delta,0,518,0.7651,150115,0
scale_f0.01,rand_delta,0,519,0.7651,150122,0
scale_f0.01,rand_delta,0,520,0.7619,150153,0
scale_f0.01,rand_delta,0,521,0.7587,150753,0
scale_f0.01,rand_delta,0,522,0.7587,150760,0
scale_f0.01,rand_delta,0,523,0.7651,150800,0
scale_f0.01,rand_delta,0,524,0.7587,151400,0
scale_f0.01,rand_delta,0,525,0.7587,152000,0
scale_f0.01,rand_delta,0,526,0.7651,152030,0
scale_f0.01,rand_delta,0,527,0.7524,152630,0
scale_f0.01,rand_delta,0,528,0.7556,152660,0
scale_f0.01,rand_delta,0,529,0.7683,153260,0
scale_f0.01,rand_delta,0,530,0.7683,153860,0
scale_f0.01,rand_delta,0,531,0.7714,154460,0
scale_f0.01,rand_delta,0,532,0.7778,154473,0
scale_f0.01,rand_delta,0,533,0.7873,155011,0
scale_f0.01,rand_delta,0,534,0.7873,155021,0
scale_f0.01,rand_delta,0,535,0.7873,155509,0
scale_f0.01,rand_delta,0,536,0.7810,156109,0
scale_f0.01,rand_delta,0,537,0.7810,156155,0
scale_f0.01,rand_delta,0,538,0.7746,156176,0
scale_f0.01,rand_delta,0,539,0.7778,156193,0
scale_f0.01,rand_delta,0,540,0.7810,156223,0
scale_f0.01,rand_delta,0,541,0.7683,156823,0
scale_f0.01,rand_delta,0,542,0.7778,156864,0
scale_f0.01,rand_delta,0,543,0.7778,156886,0
scale_f0.01,rand_delta,0,544,0.7556,157486,0
scale_f0.01,rand_delta,0,545,0.7556,158086,0
scale_f0.01,rand_delta,0,546,0.7651,158118,0
scale_f0.01,rand_delta,0,547,0.7651,158718,0
scale_f0.01,rand_delta,0,548,0.7619,159318,0
scale_f0.01,rand_delta,0,549,0.7746,159361,0
scale_f0.01,rand_delta,0,550,0.7746,159371,0
scale_f0.01,rand_delta,0,551,0.7683,159971,0
scale_f0.01,rand_delta,0,552,0.7651,160571,0
scale_f0.01,rand_delta,0,553,0.7619,161163,0
scale_f0.01,rand_delta,0,554,0.7746,161216,0
scale_f0.01,rand_delta,0,555,0.7746,161816,0
scale_f0.01,rand_delta,0,556,0.7714,161829,0
scale_f0.01,rand_delta,0,557,0.7746,161860,0
scale_f0.01,rand_delta,0,558,0.7746,161931,0
scale_f0.01,rand_delta,0,559,0.7778,161969,0
scale_f0.01,rand_delta,0,560,0.7619,162569,0
scale_f0.01,rand_delta,0,561,0.7619,163169,0
scale_f0.01,rand_delta,0,562,0.7714,163210,0
scale_f0.01,rand_delta,0,563,0.7619,163810,0
scale_f0.01,rand_delta,0,564,0.7683,163998,0
scale_f0.01,rand_delta,0,565,0.7683,164034,0
scale_f0.01,rand_delta,0,566,0.7683,164068,0
scale_f0.01,rand_delta,0,567,0.7683,164306,0
scale_f0.01,rand_delta,0,568,0.7778,164341,0
scale_f0.01,rand_delta,0,569,0.7778,164373,0
scale_f0.01,rand_delta,0,570,0.7778,164402,0
scale_f0.01,rand_delta,0,571,0.7810,164418,0
scale_f0.01,rand_delta,0,572,0.7810,164435,0
scale_f0.01,rand_delta,0,573,0.7810,164465,0
scale_f0.01,rand_delta,0,574,0.7873,165065,0
scale_f0.01,rand_delta,0,575,0.7873,165079,0
scale_f0.01,rand_delta,0,576,0.7841,165127,0
scale_f0.01,rand_delta,0,577,0.7873,165634,0
scale_f0.01,rand_delta,0,578,0.7873,165648,0
scale_f0.01,rand_delta,0,579,0.7905,165776,0
scale_f0.01,rand_delta,0,580,0.7937,165795,0
scale_f0.01,rand_delta,0,581,0.7937,165816,0
scale_f0.01,rand_delta,0,582,0.7937,165842,0
scale_f0.01,rand_delta,0,583,0.7937,166442,0
scale_f0.01,rand_delta,0,584,0.7937,166484,0
scale_f0.01,rand_delta,0,585,0.7937,166534,0
scale_f0.01,rand_delta,0,586,0.7841,166706,0
scale_f0.01,rand_delta,0,587,0.7746,167306,0
scale_f0.01,rand_delta,0,588,0.7841,167343,0
scale_f0.01,rand_delta,0,589,0.7778,167392,0
scale_f0.01,rand_delta,0,590,0.7810,167434,0
scale_f0.01,rand_delta,0,591,0.7841,167466,0
scale_f0.01,rand_delta,0,592,0.7841,167513,0
scale_f0.01,rand_delta,0,593,0.7810,167525,0
scale_f0.01,rand_delta,0,594,0.7841,167554,0
scale_f0.01,rand_delta,0,595,0.7810,167604,0
scale_f0.01,rand_delta,0,596,0.7810,167614,0
scale_f0.01,rand_delta,0,597,0.7810,167616,0
scale_f0.01,rand_delta,0,598,0.7778,167637,0
scale_f0.01,rand_delta,0,599,0.7714,168237,0
scale_f0.01,kc_delta,1,0,0.3746,600,0
scale_f0.01,kc_delta,1,1,0.4159,905,0
scale_f0.01,kc_delta,1,2,0.4190,911,0
scale_f0.01,kc_delta,1,3,0.3651,1511,0
scale_f0.01,kc_delta,1,4,0.3619,2111,0
scale_f0.01,kc_delta,1,5,0.3556,2711,0
scale_f0.01,kc_delta,1,6,0.3810,3158,0
scale_f0.01,kc_delta,1,7,0.4032,3350,0
scale_f0.01,kc_delta,1,8,0.3905,3950,0
scale_f0.01,kc_delta,1,9,0.3778,4550,0
scale_f0.01,kc_delta,1,10,0.3714,5150,0
scale_f0.01,kc_delta,1,11,0.3841,5750,0
scale_f0.01,kc_delta,1,12,0.3714,6350,0
scale_f0.01,kc_delta,1,13,0.3746,6950,0
scale_f0.01,kc_delta,1,14,0.3746,7550,0
scale_f0.01,kc_delta,1,15,0.3810,8150,0
scale_f0.01,kc_delta,1,16,0.3905,8750,0
scale_f0.01,kc_delta,1,17,0.3746,9350,0
scale_f0.01,kc_delta,1,18,0.3746,9950,0
scale_f0.01,kc_delta,1,19,0.3778,10550,0
scale_f0.01,kc_delta,1,20,0.3937,11150,0
scale_f0.01,kc_delta,1,21,0.4381,11750,0
scale_f0.01,kc_delta,1,22,0.4413,11879,0
scale_f0.01,kc_delta,1,23,0.4413,11904,0
scale_f0.01,kc_delta,1,24,0.4381,12504,0
scale_f0.01,kc_delta,1,25,0.4540,12537,0
scale_f0.01,kc_delta,1,26,0.4603,12802,0
scale_f0.01,kc_delta,1,27,0.4667,13091,0
scale_f0.01,kc_delta,1,28,0.4667,13691,0
scale_f0.01,kc_delta,1,29,0.4540,14291,0
scale_f0.01,kc_delta,1,30,0.4508,14304,0
scale_f0.01,kc_delta,1,31,0.4571,14904,0
scale_f0.01,kc_delta,1,32,0.4794,15504,0
scale_f0.01,kc_delta,1,33,0.4825,15548,0
scale_f0.01,kc_delta,1,34,0.5048,15910,0
scale_f0.01,kc_delta,1,35,0.5111,15922,0
scale_f0.01,kc_delta,1,36,0.4952,16522,0
scale_f0.01,kc_delta,1,37,0.4921,17122,0
scale_f0.01,kc_delta,1,38,0.5016,17205,0
scale_f0.01,kc_delta,1,39,0.4762,17805,0
scale_f0.01,kc_delta,1,40,0.4825,17841,0
scale_f0.01,kc_delta,1,41,0.4952,18441,0
scale_f0.01,kc_delta,1,42,0.4857,19041,0
scale_f0.01,kc_delta,1,43,0.4952,19641,0
scale_f0.01,kc_delta,1,44,0.4952,19642,0
scale_f0.01,kc_delta,1,45,0.5048,20025,0
scale_f0.01,kc_delta,1,46,0.5270,20589,0
scale_f0.01,kc_delta,1,47,0.5238,21189,0
scale_f0.01,kc_delta,1,48,0.5270,21255,0
scale_f0.01,kc_delta,1,49,0.5238,21260,0
scale_f0.01,kc_delta,1,50,0.4952,21860,0
scale_f0.01,kc_delta,1,51,0.4889,22460,0
scale_f0.01,kc_delta,1,52,0.4794,23060,0
scale_f0.01,kc_delta,1,53,0.4825,23660,0
scale_f0.01,kc_delta,1,54,0.5079,23846,0
scale_f0.01,kc_delta,1,55,0.4984,24446,0
scale_f0.01,kc_delta,1,56,0.4857,25046,0
scale_f0.01,kc_delta,1,57,0.4889,25139,0
scale_f0.01,kc_delta,1,58,0.4857,25162,0
scale_f0.01,kc_delta,1,59,0.4889,25172,0
scale_f0.01,kc_delta,1,60,0.4603,25772,0
scale_f0.01,kc_delta,1,61,0.4635,26372,0
scale_f0.01,kc_delta,1,62,0.4698,26730,0
scale_f0.01,kc_delta,1,63,0.4635,27074,0
scale_f0.01,kc_delta,1,64,0.4794,27674,0
scale_f0.01,kc_delta,1,65,0.4762,28274,0
scale_f0.01,kc_delta,1,66,0.4571,28874,0
scale_f0.01,kc_delta,1,67,0.4571,29474,0
scale_f0.01,kc_delta,1,68,0.4571,29514,0
scale_f0.01,kc_delta,1,69,0.4698,29831,0
scale_f0.01,kc_delta,1,70,0.4571,30431,0
scale_f0.01,kc_delta,1,71,0.4698,31031,0
scale_f0.01,kc_delta,1,72,0.4381,31631,0
scale_f0.01,kc_delta,1,73,0.4476,32231,0
scale_f0.01,kc_delta,1,74,0.4476,32831,0
scale_f0.01,kc_delta,1,75,0.4571,33431,0
scale_f0.01,kc_delta,1,76,0.4667,33485,0
scale_f0.01,kc_delta,1,77,0.4889,33757,0
scale_f0.01,kc_delta,1,78,0.4921,33796,0
scale_f0.01,kc_delta,1,79,0.4857,33816,0
scale_f0.01,kc_delta,1,80,0.4794,34416,0
scale_f0.01,kc_delta,1,81,0.4794,35016,0
scale_f0.01,kc_delta,1,82,0.4825,35616,0
scale_f0.01,kc_delta,1,83,0.4762,36216,0
scale_f0.01,kc_delta,1,84,0.4762,36816,0
scale_f0.01,kc_delta,1,85,0.4921,37416,0
scale_f0.01,kc_delta,1,86,0.4952,37924,0
scale_f0.01,kc_delta,1,87,0.4921,38524,0
scale_f0.01,kc_delta,1,88,0.4952,39124,0
scale_f0.01,kc_delta,1,89,0.4635,39724,0
scale_f0.01,kc_delta,1,90,0.4730,39769,0
scale_f0.01,kc_delta,1,91,0.4857,39966,0
scale_f0.01,kc_delta,1,92,0.4952,39984,0
scale_f0.01,kc_delta,1,93,0.5016,40130,0
scale_f0.01,kc_delta,1,94,0.4984,40136,0
scale_f0.01,kc_delta,1,95,0.5016,40152,0
scale_f0.01,kc_delta,1,96,0.4952,40752,0
scale_f0.01,kc_delta,1,97,0.4984,40793,0
scale_f0.01,kc_delta,1,98,0.5016,40850,0
scale_f0.01,kc_delta,1,99,0.5016,41450,0
scale_f0.01,kc_delta,1,100,0.4984,42050,0
scale_f0.01,kc_delta,1,101,0.5016,42650,0
scale_f0.01,kc_delta,1,102,0.5016,42787,0
scale_f0.01,kc_delta,1,103,0.5016,43387,0
scale_f0.01,kc_delta,1,104,0.5238,43468,0
scale_f0.01,kc_delta,1,105,0.5111,44068,0
scale_f0.01,kc_delta,1,106,0.5079,44668,0
scale_f0.01,kc_delta,1,107,0.4984,45268,0
scale_f0.01,kc_delta,1,108,0.4921,45868,0
scale_f0.01,kc_delta,1,109,0.4794,46468,0
scale_f0.01,kc_delta,1,110,0.4984,47068,0
scale_f0.01,kc_delta,1,111,0.5143,47138,0
scale_f0.01,kc_delta,1,112,0.5048,47249,0
scale_f0.01,kc_delta,1,113,0.5143,47372,0
scale_f0.01,kc_delta,1,114,0.5111,47401,0
scale_f0.01,kc_delta,1,115,0.5206,47467,0
scale_f0.01,kc_delta,1,116,0.5048,48067,0
scale_f0.01,kc_delta,1,117,0.5048,48080,0
scale_f0.01,kc_delta,1,118,0.4889,48680,0
scale_f0.01,kc_delta,1,119,0.4889,48741,0
scale_f0.01,kc_delta,1,120,0.4952,49341,0
scale_f0.01,kc_delta,1,121,0.5111,49941,0
scale_f0.01,kc_delta,1,122,0.4857,50541,0
scale_f0.01,kc_delta,1,123,0.5016,51141,0
scale_f0.01,kc_delta,1,124,0.4952,51741,0
scale_f0.01,kc_delta,1,125,0.4857,52341,0
scale_f0.01,kc_delta,1,126,0.5048,52817,0
scale_f0.01,kc_delta,1,127,0.5048,53417,0
scale_f0.01,kc_delta,1,128,0.4984,54017,0
scale_f0.01,kc_delta,1,129,0.4889,54617,0
scale_f0.01,kc_delta,1,130,0.4952,54675,0
scale_f0.01,kc_delta,1,131,0.5079,54720,0
scale_f0.01,kc_delta,1,132,0.5270,55316,0
scale_f0.01,kc_delta,1,133,0.5206,55916,0
scale_f0.01,kc_delta,1,134,0.5333,56078,0
scale_f0.01,kc_delta,1,135,0.4889,56678,0
scale_f0.01,kc_delta,1,136,0.4921,56698,0
scale_f0.01,kc_delta,1,137,0.4921,56730,0
scale_f0.01,kc_delta,1,138,0.4921,56831,0
scale_f0.01,kc_delta,1,139,0.4952,56844,0
scale_f0.01,kc_delta,1,140,0.4825,57444,0
scale_f0.01,kc_delta,1,141,0.4921,58044,0
scale_f0.01,kc_delta,1,142,0.4857,58644,0
scale_f0.01,kc_delta,1,143,0.5016,58927,0
scale_f0.01,kc_delta,1,144,0.5048,58932,0
scale_f0.01,kc_delta,1,145,0.5079,59532,0
scale_f0.01,kc_delta,1,146,0.4984,60132,0
scale_f0.01,kc_delta,1,147,0.4635,60732,0
scale_f0.01,kc_delta,1,148,0.4667,61332,0
scale_f0.01,kc_delta,1,149,0.4603,61932,0
scale_f0.01,kc_delta,1,150,0.4222,62532,0
scale_f0.01,kc_delta,1,151,0.4508,62608,0
scale_f0.01,kc_delta,1,152,0.4635,63208,0
scale_f0.01,kc_delta,1,153,0.4667,63808,0
scale_f0.01,kc_delta,1,154,0.4730,63949,0
scale_f0.01,kc_delta,1,155,0.4762,64549,0
scale_f0.01,kc_delta,1,156,0.4921,64633,0
scale_f0.01,kc_delta,1,157,0.4984,64894,0
scale_f0.01,kc_delta,1,158,0.4921,64972,0
scale_f0.01,kc_delta,1,159,0.5048,65572,0
scale_f0.01,kc_delta,1,160,0.5048,65874,0
scale_f0.01,kc_delta,1,161,0.5175,65897,0
scale_f0.01,kc_delta,1,162,0.5206,66226,0
scale_f0.01,kc_delta,1,163,0.5238,66826,0
scale_f0.01,kc_delta,1,164,0.5079,67426,0
scale_f0.01,kc_delta,1,165,0.4952,68026,0
scale_f0.01,kc_delta,1,166,0.5048,68059,0
scale_f0.01,kc_delta,1,167,0.5143,68572,0
scale_f0.01,kc_delta,1,168,0.4984,69172,0
scale_f0.01,kc_delta,1,169,0.5016,69235,0
scale_f0.01,kc_delta,1,170,0.5048,69247,0
scale_f0.01,kc_delta,1,171,0.4984,69284,0
scale_f0.01,kc_delta,1,172,0.5079,69313,0
scale_f0.01,kc_delta,1,173,0.5111,69333,0
scale_f0.01,kc_delta,1,174,0.4921,69933,0
scale_f0.01,kc_delta,1,175,0.4952,70416,0
scale_f0.01,kc_delta,1,176,0.4921,71016,0
scale_f0.01,kc_delta,1,177,0.4825,71616,0
scale_f0.01,kc_delta,1,178,0.4825,72216,0
scale_f0.01,kc_delta,1,179,0.4952,72816,0
scale_f0.01,kc_delta,1,180,0.5016,72864,0
scale_f0.01,kc_delta,1,181,0.5175,73366,0
scale_f0.01,kc_delta,1,182,0.4984,73966,0
scale_f0.01,kc_delta,1,183,0.5048,74566,0
scale_f0.01,kc_delta,1,184,0.5111,74603,0
scale_f0.01,kc_delta,1,185,0.5079,74626,0
scale_f0.01,kc_delta,1,186,0.5079,74641,0
scale_f0.01,kc_delta,1,187,0.5048,75241,0
scale_f0.01,kc_delta,1,188,0.5175,75781,0
scale_f0.01,kc_delta,1,189,0.5270,76381,0
scale_f0.01,kc_delta,1,190,0.5302,76981,0
scale_f0.01,kc_delta,1,191,0.5365,77581,0
scale_f0.01,kc_delta,1,192,0.5270,78181,0
scale_f0.01,kc_delta,1,193,0.5460,78781,0
scale_f0.01,kc_delta,1,194,0.5556,78827,0
scale_f0.01,kc_delta,1,195,0.5587,79427,0
scale_f0.01,kc_delta,1,196,0.5556,79457,0
scale_f0.01,kc_delta,1,197,0.5587,79549,0
scale_f0.01,kc_delta,1,198,0.5587,80149,0
scale_f0.01,kc_delta,1,199,0.5587,80181,0
scale_f0.01,kc_delta,1,200,0.5524,80781,0
scale_f0.01,kc_delta,1,201,0.5556,81381,0
scale_f0.01,kc_delta,1,202,0.5460,81981,0
scale_f0.01,kc_delta,1,203,0.5397,82581,0
scale_f0.01,kc_delta,1,204,0.5429,83181,0
scale_f0.01,kc_delta,1,205,0.5429,83781,0
scale_f0.01,kc_delta,1,206,0.5429,84381,0
scale_f0.01,kc_delta,1,207,0.5429,84981,0
scale_f0.01,kc_delta,1,208,0.5397,85581,0
scale_f0.01,kc_delta,1,209,0.5587,85912,0
scale_f0.01,kc_delta,1,210,0.5429,86512,0
scale_f0.01,kc_delta,1,211,0.5746,86897,0
scale_f0.01,kc_delta,1,212,0.5683,86918,0
scale_f0.01,kc_delta,1,213,0.5651,87518,0
scale_f0.01,kc_delta,1,214,0.5587,87628,0
scale_f0.01,kc_delta,1,215,0.5714,88228,0
scale_f0.01,kc_delta,1,216,0.5841,88298,0
scale_f0.01,kc_delta,1,217,0.5841,88898,0
scale_f0.01,kc_delta,1,218,0.5905,89498,0
scale_f0.01,kc_delta,1,219,0.5873,90098,0
scale_f0.01,kc_delta,1,220,0.5683,90698,0
scale_f0.01,kc_delta,1,221,0.5873,91298,0
scale_f0.01,kc_delta,1,222,0.5841,91412,0
scale_f0.01,kc_delta,1,223,0.5651,91498,0
scale_f0.01,kc_delta,1,224,0.5810,91561,0
scale_f0.01,kc_delta,1,225,0.5778,91605,0
scale_f0.01,kc_delta,1,226,0.5683,91701,0
scale_f0.01,kc_delta,1,227,0.5683,92301,0
scale_f0.01,kc_delta,1,228,0.5746,92901,0
scale_f0.01,kc_delta,1,229,0.5746,93369,0
scale_f0.01,kc_delta,1,230,0.5619,93446,0
scale_f0.01,kc_delta,1,231,0.5683,93710,0
scale_f0.01,kc_delta,1,232,0.5587,94310,0
scale_f0.01,kc_delta,1,233,0.5587,94910,0
scale_f0.01,kc_delta,1,234,0.5746,95510,0
scale_f0.01,kc_delta,1,235,0.5714,96110,0
scale_f0.01,kc_delta,1,236,0.5556,96710,0
scale_f0.01,kc_delta,1,237,0.5524,97310,0
scale_f0.01,kc_delta,1,238,0.5619,97359,0
scale_f0.01,kc_delta,1,239,0.5556,97414,0
scale_f0.01,kc_delta,1,240,0.5492,97432,0
scale_f0.01,kc_delta,1,241,0.5556,97614,0
scale_f0.01,kc_delta,1,242,0.5683,98214,0
scale_f0.01,kc_delta,1,243,0.5619,98226,0
scale_f0.01,kc_delta,1,244,0.5651,98557,0
scale_f0.01,kc_delta,1,245,0.5619,99157,0
scale_f0.01,kc_delta,1,246,0.5619,99201,0
scale_f0.01,kc_delta,1,247,0.5778,99492,0
scale_f0.01,kc_delta,1,248,0.5778,99553,0
scale_f0.01,kc_delta,1,249,0.5746,99609,0
scale_f0.01,kc_delta,1,250,0.5714,100209,0
scale_f0.01,kc_delta,1,251,0.5810,100242,0
scale_f0.01,kc_delta,1,252,0.5841,100842,0
scale_f0.01,kc_delta,1,253,0.5651,100887,0
scale_f0.01,kc_delta,1,254,0.5746,101487,0
scale_f0.01,kc_delta,1,255,0.5873,101775,0
scale_f0.01,kc_delta,1,256,0.5873,102375,0
scale_f0.01,kc_delta,1,257,0.5873,102489,0
scale_f0.01,kc_delta,1,258,0.5746,103089,0
scale_f0.01,kc_delta,1,259,0.5841,103241,0
scale_f0.01,kc_delta,1,260,0.5905,103399,0
scale_f0.01,kc_delta,1,261,0.5937,103999,0
scale_f0.01,kc_delta,1,262,0.5968,104087,0
scale_f0.01,kc_delta,1,263,0.5905,104687,0
scale_f0.01,kc_delta,1,264,0.5810,105287,0
scale_f0.01,kc_delta,1,265,0.5778,105887,0
scale_f0.01,kc_delta,1,266,0.5810,105925,0
scale_f0.01,kc_delta,1,267,0.5810,105951,0
scale_f0.01,kc_delta,1,268,0.5841,106551,0
scale_f0.01,kc_delta,1,269,0.5841,106595,0
scale_f0.01,kc_delta,1,270,0.5810,106627,0
scale_f0.01,kc_delta,1,271,0.5683,107227,0
scale_f0.01,kc_delta,1,272,0.5810,107533,0
scale_f0.01,kc_delta,1,273,0.5778,108133,0
scale_f0.01,kc_delta,1,274,0.5810,108149,0
scale_f0.01,kc_delta,1,275,0.5810,108157,0
scale_f0.01,kc_delta,1,276,0.5873,108221,0
scale_f0.01,kc_delta,1,277,0.5746,108240,0
scale_f0.01,kc_delta,1,278,0.5714,108840,0
scale_f0.01,kc_delta,1,279,0.5746,108957,0
scale_f0.01,kc_delta,1,280,0.5778,109557,0
scale_f0.01,kc_delta,1,281,0.5714,109854,0
scale_f0.01,kc_delta,1,282,0.5746,110454,0
scale_f0.01,kc_delta,1,283,0.5683,110492,0
scale_f0.01,kc_delta,1,284,0.5651,110504,0
scale_f0.01,kc_delta,1,285,0.5651,111104,0
scale_f0.01,kc_delta,1,286,0.5683,111113,0
scale_f0.01,kc_delta,1,287,0.5619,111713,0
scale_f0.01,kc_delta,1,288,0.5619,111718,0
scale_f0.01,kc_delta,1,289,0.5524,111897,0
scale_f0.01,kc_delta,1,290,0.5460,111916,0
scale_f0.01,kc_delta,1,291,0.5460,111948,0
scale_f0.01,kc_delta,1,292,0.5460,111981,0
scale_f0.01,kc_delta,1,293,0.5524,112003,0
scale_f0.01,kc_delta,1,294,0.5397,112603,0
scale_f0.01,kc_delta,1,295,0.5302,113203,0
scale_f0.01,kc_delta,1,296,0.5270,113803,0
scale_f0.01,kc_delta,1,297,0.5302,114403,0
scale_f0.01,kc_delta,1,298,0.5143,115003,0
scale_f0.01,kc_delta,1,299,0.5143,115603,0
scale_f0.01,kc_delta,1,300,0.5143,116203,0
scale_f0.01,kc_delta,1,301,0.5238,116803,0
scale_f0.01,kc_delta,1,302,0.5175,117403,0
scale_f0.01,kc_delta,1,303,0.5048,118003,0
scale_f0.01,kc_delta,1,304,0.5079,118603,0
scale_f0.01,kc_delta,1,305,0.5079,119203,0
scale_f0.01,kc_delta,1,306,0.5111,119803,0
scale_f0.01,kc_delta,1,307,0.5397,119891,0
scale_f0.01,kc_delta,1,308,0.5397,120491,0
scale_f0.01,kc_delta,1,309,0.5492,121091,0
scale_f0.01,kc_delta,1,310,0.5270,121691,0
scale_f0.01,kc_delta,1,311,0.5365,121757,0
scale_f0.01,kc_delta,1,312,0.5333,122357,0
scale_f0.01,kc_delta,1,313,0.5365,122648,0
scale_f0.01,kc_delta,1,314,0.5175,123248,0
scale_f0.01,kc_delta,1,315,0.5175,123318,0
scale_f0.01,kc_delta,1,316,0.5206,123918,0
scale_f0.01,kc_delta,1,317,0.5524,124212,0
scale_f0.01,kc_delta,1,318,0.5556,124218,0
scale_f0.01,kc_delta,1,319,0.5556,124228,0
scale_f0.01,kc_delta,1,320,0.5556,124282,0
scale_f0.01,kc_delta,1,321,0.5460,124318,0
scale_f0.01,kc_delta,1,322,0.5365,124918,0
scale_f0.01,kc_delta,1,323,0.5397,125005,0
scale_f0.01,kc_delta,1,324,0.5302,125605,0
scale_f0.01,kc_delta,1,325,0.5365,126205,0
scale_f0.01,kc_delta,1,326,0.5333,126805,0
scale_f0.01,kc_delta,1,327,0.5429,126857,0
scale_f0.01,kc_delta,1,328,0.5302,127457,0
scale_f0.01,kc_delta,1,329,0.5397,128057,0
scale_f0.01,kc_delta,1,330,0.5333,128657,0
scale_f0.01,kc_delta,1,331,0.5365,128668,0
scale_f0.01,kc_delta,1,332,0.5556,128886,0
scale_f0.01,kc_delta,1,333,0.5429,129486,0
scale_f0.01,kc_delta,1,334,0.5460,130086,0
scale_f0.01,kc_delta,1,335,0.5524,130169,0
scale_f0.01,kc_delta,1,336,0.5270,130625,0
scale_f0.01,kc_delta,1,337,0.5238,131225,0
scale_f0.01,kc_delta,1,338,0.5111,131825,0
scale_f0.01,kc_delta,1,339,0.4984,132425,0
scale_f0.01,kc_delta,1,340,0.4984,132431,0
scale_f0.01,kc_delta,1,341,0.5079,133031,0
scale_f0.01,kc_delta,1,342,0.4984,133631,0
scale_f0.01,kc_delta,1,343,0.5048,134231,0
scale_f0.01,kc_delta,1,344,0.5111,134831,0
scale_f0.01,kc_delta,1,345,0.5206,134872,0
scale_f0.01,kc_delta,1,346,0.5143,135111,0
scale_f0.01,kc_delta,1,347,0.5238,135711,0
scale_f0.01,kc_delta,1,348,0.5270,136132,0
scale_f0.01,kc_delta,1,349,0.5302,136189,0
scale_f0.01,kc_delta,1,350,0.5238,136789,0
scale_f0.01,kc_delta,1,351,0.5206,137389,0
scale_f0.01,kc_delta,1,352,0.5206,137467,0
scale_f0.01,kc_delta,1,353,0.5238,137501,0
scale_f0.01,kc_delta,1,354,0.5238,137538,0
scale_f0.01,kc_delta,1,355,0.5302,137583,0
scale_f0.01,kc_delta,1,356,0.5302,138183,0
scale_f0.01,kc_delta,1,357,0.5302,138783,0
scale_f0.01,kc_delta,1,358,0.5206,139383,0
scale_f0.01,kc_delta,1,359,0.5143,139983,0
scale_f0.01,kc_delta,1,360,0.5270,140069,0
scale_f0.01,kc_delta,1,361,0.5302,140669,0
scale_f0.01,kc_delta,1,362,0.5302,141269,0
scale_f0.01,kc_delta,1,363,0.5333,141292,0
scale_f0.01,kc_delta,1,364,0.5302,141892,0
scale_f0.01,kc_delta,1,365,0.5302,141973,0
scale_f0.01,kc_delta,1,366,0.5302,142573,0
scale_f0.01,kc_delta,1,367,0.5270,143173,0
scale_f0.01,kc_delta,1,368,0.5270,143205,0
scale_f0.01,kc_delta,1,369,0.5175,143805,0
scale_f0.01,kc_delta,1,370,0.5175,143809,0
scale_f0.01,kc_delta,1,371,0.5175,144409,0
scale_f0.01,kc_delta,1,372,0.5397,145009,0
scale_f0.01,kc_delta,1,373,0.5524,145352,0
scale_f0.01,kc_delta,1,374,0.5492,145650,0
scale_f0.01,kc_delta,1,375,0.5556,145794,0
scale_f0.01,kc_delta,1,376,0.5556,145834,0
scale_f0.01,kc_delta,1,377,0.5524,145860,0
scale_f0.01,kc_delta,1,378,0.5524,145890,0
scale_f0.01,kc_delta,1,379,0.5365,146490,0
scale_f0.01,kc_delta,1,380,0.5365,146514,0
scale_f0.01,kc_delta,1,381,0.5460,147114,0
scale_f0.01,kc_delta,1,382,0.5460,147160,0
scale_f0.01,kc_delta,1,383,0.5492,147760,0
scale_f0.01,kc_delta,1,384,0.5429,147783,0
scale_f0.01,kc_delta,1,385,0.5492,148383,0
scale_f0.01,kc_delta,1,386,0.5492,148983,0
scale_f0.01,kc_delta,1,387,0.5556,149583,0
scale_f0.01,kc_delta,1,388,0.5556,149665,0
scale_f0.01,kc_delta,1,389,0.5460,150265,0
scale_f0.01,kc_delta,1,390,0.5492,150306,0
scale_f0.01,kc_delta,1,391,0.5429,150906,0
scale_f0.01,kc_delta,1,392,0.5460,151506,0
scale_f0.01,kc_delta,1,393,0.5460,151507,0
scale_f0.01,kc_delta,1,394,0.5460,152107,0
scale_f0.01,kc_delta,1,395,0.5397,152707,0
scale_f0.01,kc_delta,1,396,0.5397,152783,0
scale_f0.01,kc_delta,1,397,0.5556,152861,0
scale_f0.01,kc_delta,1,398,0.5333,153461,0
scale_f0.01,kc_delta,1,399,0.5365,154061,0
scale_f0.01,kc_delta,1,400,0.5333,154661,0
scale_f0.01,kc_delta,1,401,0.5365,154675,0
scale_f0.01,kc_delta,1,402,0.5333,155275,0
scale_f0.01,kc_delta,1,403,0.5302,155875,0
scale_f0.01,kc_delta,1,404,0.5365,156475,0
scale_f0.01,kc_delta,1,405,0.5397,156542,0
scale_f0.01,kc_delta,1,406,0.5429,157142,0
scale_f0.01,kc_delta,1,407,0.5460,157201,0
scale_f0.01,kc_delta,1,408,0.5397,157801,0
scale_f0.01,kc_delta,1,409,0.5397,158401,0
scale_f0.01,kc_delta,1,410,0.5556,158615,0
scale_f0.01,kc_delta,1,411,0.5556,158639,0
scale_f0.01,kc_delta,1,412,0.5524,158743,0
scale_f0.01,kc_delta,1,413,0.5524,159343,0
scale_f0.01,kc_delta,1,414,0.5587,159943,0
scale_f0.01,kc_delta,1,415,0.5683,160443,0
scale_f0.01,kc_delta,1,416,0.5587,160537,0
scale_f0.01,kc_delta,1,417,0.5651,161137,0
scale_f0.01,kc_delta,1,418,0.5556,161737,0
scale_f0.01,kc_delta,1,419,0.5524,162337,0
scale_f0.01,kc_delta,1,420,0.5492,162937,0
scale_f0.01,kc_delta,1,421,0.5556,162963,0
scale_f0.01,kc_delta,1,422,0.5524,162982,0
scale_f0.01,kc_delta,1,423,0.5556,163582,0
scale_f0.01,kc_delta,1,424,0.5746,163645,0
scale_f0.01,kc_delta,1,425,0.5492,164245,0
scale_f0.01,kc_delta,1,426,0.5556,164845,0
scale_f0.01,kc_delta,1,427,0.5460,165445,0
scale_f0.01,kc_delta,1,428,0.5460,165455,0
scale_f0.01,kc_delta,1,429,0.5587,166055,0
scale_f0.01,kc_delta,1,430,0.5841,166166,0
scale_f0.01,kc_delta,1,431,0.5905,166202,0
scale_f0.01,kc_delta,1,432,0.5810,166340,0
scale_f0.01,kc_delta,1,433,0.5778,166940,0
scale_f0.01,kc_delta,1,434,0.5778,166972,0
scale_f0.01,kc_delta,1,435,0.5746,167572,0
scale_f0.01,kc_delta,1,436,0.5905,167643,0
scale_f0.01,kc_delta,1,437,0.6032,167676,0
scale_f0.01,kc_delta,1,438,0.6032,167748,0
scale_f0.01,kc_delta,1,439,0.6063,167779,0
scale_f0.01,kc_delta,1,440,0.5937,168379,0
scale_f0.01,kc_delta,1,441,0.6032,168422,0
scale_f0.01,kc_delta,1,442,0.5968,169022,0
scale_f0.01,kc_delta,1,443,0.5937,169622,0
scale_f0.01,kc_delta,1,444,0.5937,169640,0
scale_f0.01,kc_delta,1,445,0.5746,169833,0
scale_f0.01,kc_delta,1,446,0.5937,170131,0
scale_f0.01,kc_delta,1,447,0.5937,170227,0
scale_f0.01,kc_delta,1,448,0.5810,170827,0
scale_f0.01,kc_delta,1,449,0.5905,171427,0
scale_f0.01,kc_delta,1,450,0.5778,171454,0
scale_f0.01,kc_delta,1,451,0.5651,172054,0
scale_f0.01,kc_delta,1,452,0.5651,172557,0
scale_f0.01,kc_delta,1,453,0.5683,172596,0
scale_f0.01,kc_delta,1,454,0.5746,172637,0
scale_f0.01,kc_delta,1,455,0.5683,172681,0
scale_f0.01,kc_delta,1,456,0.5683,172682,0
scale_f0.01,kc_delta,1,457,0.5778,172710,0
scale_f0.01,kc_delta,1,458,0.5746,172728,0
scale_f0.01,kc_delta,1,459,0.5778,172740,0
scale_f0.01,kc_delta,1,460,0.5841,173340,0
scale_f0.01,kc_delta,1,461,0.5587,173940,0
scale_f0.01,kc_delta,1,462,0.5524,173961,0
scale_f0.01,kc_delta,1,463,0.5524,173966,0
scale_f0.01,kc_delta,1,464,0.5619,174566,0
scale_f0.01,kc_delta,1,465,0.5714,174592,0
scale_f0.01,kc_delta,1,466,0.5778,174690,0
scale_f0.01,kc_delta,1,467,0.5841,175290,0
scale_f0.01,kc_delta,1,468,0.5778,175890,0
scale_f0.01,kc_delta,1,469,0.5810,176196,0
scale_f0.01,kc_delta,1,470,0.5619,176796,0
scale_f0.01,kc_delta,1,471,0.5714,176826,0
scale_f0.01,kc_delta,1,472,0.5619,177426,0
scale_f0.01,kc_delta,1,473,0.5587,177487,0
scale_f0.01,kc_delta,1,474,0.5619,178087,0
scale_f0.01,kc_delta,1,475,0.5841,178270,0
scale_f0.01,kc_delta,1,476,0.5714,178870,0
scale_f0.01,kc_delta,1,477,0.5556,179470,0
scale_f0.01,kc_delta,1,478,0.5524,180070,0
scale_f0.01,kc_delta,1,479,0.5619,180089,0
scale_f0.01,kc_delta,1,480,0.5714,180689,0
scale_f0.01,kc_delta,1,481,0.5873,181289,0
scale_f0.01,kc_delta,1,482,0.5714,181889,0
scale_f0.01,kc_delta,1,483,0.5905,182337,0
scale_f0.01,kc_delta,1,484,0.5905,182937,0
scale_f0.01,kc_delta,1,485,0.5968,183537,0
scale_f0.01,kc_delta,1,486,0.5968,183556,0
scale_f0.01,kc_delta,1,487,0.6000,184156,0
scale_f0.01,kc_delta,1,488,0.5968,184756,0
scale_f0.01,kc_delta,1,489,0.6000,184813,0
scale_f0.01,kc_delta,1,490,0.6032,184830,0
scale_f0.01,kc_delta,1,491,0.6000,184924,0
scale_f0.01,kc_delta,1,492,0.5905,185524,0
scale_f0.01,kc_delta,1,493,0.5937,185555,0
scale_f0.01,kc_delta,1,494,0.5841,186155,0
scale_f0.01,kc_delta,1,495,0.5746,186185,0
scale_f0.01,kc_delta,1,496,0.5746,186785,0
scale_f0.01,kc_delta,1,497,0.5873,186826,0
scale_f0.01,kc_delta,1,498,0.5746,187426,0
scale_f0.01,kc_delta,1,499,0.5714,188026,0
scale_f0.01,kc_delta,1,500,0.5841,188081,0
scale_f0.01,kc_delta,1,501,0.5746,188681,0
scale_f0.01,kc_delta,1,502,0.5683,189281,0
scale_f0.01,kc_delta,1,503,0.5714,189881,0
scale_f0.01,kc_delta,1,504,0.5714,189886,0
scale_f0.01,kc_delta,1,505,0.5746,190486,0
scale_f0.01,kc_delta,1,506,0.5810,190627,0
scale_f0.01,kc_delta,1,507,0.5778,191227,0
scale_f0.01,kc_delta,1,508,0.5810,191827,0
scale_f0.01,kc_delta,1,509,0.5746,192427,0
scale_f0.01,kc_delta,1,510,0.5841,192455,0
scale_f0.01,kc_delta,1,511,0.6063,192793,0
scale_f0.01,kc_delta,1,512,0.6159,193393,0
scale_f0.01,kc_delta,1,513,0.6190,193993,0
scale_f0.01,kc_delta,1,514,0.5937,194593,0
scale_f0.01,kc_delta,1,515,0.6000,194695,0
scale_f0.01,kc_delta,1,516,0.6063,194731,0
scale_f0.01,kc_delta,1,517,0.6095,194776,0
scale_f0.01,kc_delta,1,518,0.6095,194812,0
scale_f0.01,kc_delta,1,519,0.6063,195412,0
scale_f0.01,kc_delta,1,520,0.6190,195566,0
scale_f0.01,kc_delta,1,521,0.6095,196166,0
scale_f0.01,kc_delta,1,522,0.6095,196766,0
scale_f0.01,kc_delta,1,523,0.6190,197366,0
scale_f0.01,kc_delta,1,524,0.5905,197966,0
scale_f0.01,kc_delta,1,525,0.5905,197975,0
scale_f0.01,kc_delta,1,526,0.5937,198115,0
scale_f0.01,kc_delta,1,527,0.5905,198128,0
scale_f0.01,kc_delta,1,528,0.5810,198728,0
scale_f0.01,kc_delta,1,529,0.5810,199328,0
scale_f0.01,kc_delta,1,530,0.5810,199928,0
scale_f0.01,kc_delta,1,531,0.5587,200528,0
scale_f0.01,kc_delta,1,532,0.5365,201128,0
scale_f0.01,kc_delta,1,533,0.5365,201728,0
scale_f0.01,kc_delta,1,534,0.5429,201737,0
scale_f0.01,kc_delta,1,535,0.5492,201775,0
scale_f0.01,kc_delta,1,536,0.5556,202375,0
scale_f0.01,kc_delta,1,537,0.5619,202604,0
scale_f0.01,kc_delta,1,538,0.5714,203204,0
scale_f0.01,kc_delta,1,539,0.5905,203321,0
scale_f0.01,kc_delta,1,540,0.5873,203353,0
scale_f0.01,kc_delta,1,541,0.5905,203953,0
scale_f0.01,kc_delta,1,542,0.5937,203976,0
scale_f0.01,kc_delta,1,543,0.5873,204023,0
scale_f0.01,kc_delta,1,544,0.5873,204025,0
scale_f0.01,kc_delta,1,545,0.5937,204048,0
scale_f0.01,kc_delta,1,546,0.6190,204151,0
scale_f0.01,kc_delta,1,547,0.6190,204751,0
scale_f0.01,kc_delta,1,548,0.6095,204814,0
scale_f0.01,kc_delta,1,549,0.6190,204861,0
scale_f0.01,kc_delta,1,550,0.6159,205461,0
scale_f0.01,kc_delta,1,551,0.6286,205664,0
scale_f0.01,kc_delta,1,552,0.6222,206264,0
scale_f0.01,kc_delta,1,553,0.6254,206278,0
scale_f0.01,kc_delta,1,554,0.6286,206878,0
scale_f0.01,kc_delta,1,555,0.6222,206902,0
scale_f0.01,kc_delta,1,556,0.6222,206906,0
scale_f0.01,kc_delta,1,557,0.6222,206932,0
scale_f0.01,kc_delta,1,558,0.6190,207532,0
scale_f0.01,kc_delta,1,559,0.6127,207571,0
scale_f0.01,kc_delta,1,560,0.6222,208171,0
scale_f0.01,kc_delta,1,561,0.6190,208771,0
scale_f0.01,kc_delta,1,562,0.6190,208773,0
scale_f0.01,kc_delta,1,563,0.5937,209373,0
scale_f0.01,kc_delta,1,564,0.6000,209398,0
scale_f0.01,kc_delta,1,565,0.6127,209422,0
scale_f0.01,kc_delta,1,566,0.5968,210022,0
scale_f0.01,kc_delta,1,567,0.6000,210108,0
scale_f0.01,kc_delta,1,568,0.5841,210708,0
scale_f0.01,kc_delta,1,569,0.5968,211308,0
scale_f0.01,kc_delta,1,570,0.6032,211423,0
scale_f0.01,kc_delta,1,571,0.6000,212023,0
scale_f0.01,kc_delta,1,572,0.6000,212026,0
scale_f0.01,kc_delta,1,573,0.6095,212084,0
scale_f0.01,kc_delta,1,574,0.6063,212088,0
scale_f0.01,kc_delta,1,575,0.6000,212688,0
scale_f0.01,kc_delta,1,576,0.6000,212817,0
scale_f0.01,kc_delta,1,577,0.6032,212847,0
scale_f0.01,kc_delta,1,578,0.6159,213447,0
scale_f0.01,kc_delta,1,579,0.6222,213486,0
scale_f0.01,kc_delta,1,580,0.6222,213495,0
scale_f0.01,kc_delta,1,581,0.6159,213519,0
scale_f0.01,kc_delta,1,582,0.6159,213535,0
scale_f0.01,kc_delta,1,583,0.6159,213563,0
scale_f0.01,kc_delta,1,584,0.6190,214163,0
scale_f0.01,kc_delta,1,585,0.6095,214196,0
scale_f0.01,kc_delta,1,586,0.6159,214253,0
scale_f0.01,kc_delta,1,587,0.6127,214282,0
scale_f0.01,kc_delta,1,588,0.6063,214304,0
scale_f0.01,kc_delta,1,589,0.5937,214904,0
scale_f0.01,kc_delta,1,590,0.5905,214912,0
scale_f0.01,kc_delta,1,591,0.6000,214973,0
scale_f0.01,kc_delta,1,592,0.5968,214996,0
scale_f0.01,kc_delta,1,593,0.5968,215596,0
scale_f0.01,kc_delta,1,594,0.5968,216196,0
scale_f0.01,kc_delta,1,595,0.5778,216796,0
scale_f0.01,kc_delta,1,596,0.5778,217396,0
scale_f0.01,kc_delta,1,597,0.5778,217996,0
scale_f0.01,kc_delta,1,598,0.5810,218596,0
scale_f0.01,kc_delta,1,599,0.5905,218781,0
scale_f0.01,rand_delta,1,0,0.3937,600,0
scale_f0.01,rand_delta,1,1,0.3968,906,0
scale_f0.01,rand_delta,1,2,0.3841,911,0
scale_f0.01,rand_delta,1,3,0.4889,1511,0
scale_f0.01,rand_delta,1,4,0.5016,1700,0
scale_f0.01,rand_delta,1,5,0.5079,2300,0
scale_f0.01,rand_delta,1,6,0.5238,2488,0
scale_f0.01,rand_delta,1,7,0.5238,2670,0
scale_f0.01,rand_delta,1,8,0.5587,2965,0
scale_f0.01,rand_delta,1,9,0.5651,3212,0
scale_f0.01,rand_delta,1,10,0.5746,3559,0
scale_f0.01,rand_delta,1,11,0.6095,4159,0
scale_f0.01,rand_delta,1,12,0.5397,4759,0
scale_f0.01,rand_delta,1,13,0.5429,5359,0
scale_f0.01,rand_delta,1,14,0.5429,5787,0
scale_f0.01,rand_delta,1,15,0.5460,6188,0
scale_f0.01,rand_delta,1,16,0.5492,6233,0
scale_f0.01,rand_delta,1,17,0.5492,6706,0
scale_f0.01,rand_delta,1,18,0.5524,7306,0
scale_f0.01,rand_delta,1,19,0.5587,7906,0
scale_f0.01,rand_delta,1,20,0.5873,8433,0
scale_f0.01,rand_delta,1,21,0.5778,9033,0
scale_f0.01,rand_delta,1,22,0.5810,9048,0
scale_f0.01,rand_delta,1,23,0.5810,9054,0
scale_f0.01,rand_delta,1,24,0.5968,9217,0
scale_f0.01,rand_delta,1,25,0.5905,9232,0
scale_f0.01,rand_delta,1,26,0.6032,9287,0
scale_f0.01,rand_delta,1,27,0.6127,9887,0
scale_f0.01,rand_delta,1,28,0.6095,10275,0
scale_f0.01,rand_delta,1,29,0.6127,10875,0
scale_f0.01,rand_delta,1,30,0.6127,10884,0
scale_f0.01,rand_delta,1,31,0.6381,11112,0
scale_f0.01,rand_delta,1,32,0.6508,11227,0
scale_f0.01,rand_delta,1,33,0.6476,11294,0
scale_f0.01,rand_delta,1,34,0.6476,11369,0
scale_f0.01,rand_delta,1,35,0.6476,11384,0
scale_f0.01,rand_delta,1,36,0.6540,11640,0
scale_f0.01,rand_delta,1,37,0.6476,11999,0
scale_f0.01,rand_delta,1,38,0.6476,12036,0
scale_f0.01,rand_delta,1,39,0.6444,12174,0
scale_f0.01,rand_delta,1,40,0.6413,12196,0
scale_f0.01,rand_delta,1,41,0.6540,12796,0
scale_f0.01,rand_delta,1,42,0.6571,12819,0
scale_f0.01,rand_delta,1,43,0.6635,13419,0
scale_f0.01,rand_delta,1,44,0.6635,13420,0
scale_f0.01,rand_delta,1,45,0.6857,13612,0
scale_f0.01,rand_delta,1,46,0.6889,14212,0
scale_f0.01,rand_delta,1,47,0.6635,14812,0
scale_f0.01,rand_delta,1,48,0.6635,14830,0
scale_f0.01,rand_delta,1,49,0.6635,14832,0
scale_f0.01,rand_delta,1,50,0.6476,15432,0
scale_f0.01,rand_delta,1,51,0.6349,16032,0
scale_f0.01,rand_delta,1,52,0.6222,16632,0
scale_f0.01,rand_delta,1,53,0.6254,17232,0
scale_f0.01,rand_delta,1,54,0.6286,17255,0
scale_f0.01,rand_delta,1,55,0.6444,17855,0
scale_f0.01,rand_delta,1,56,0.6508,18185,0
scale_f0.01,rand_delta,1,57,0.6571,18227,0
scale_f0.01,rand_delta,1,58,0.6571,18243,0
scale_f0.01,rand_delta,1,59,0.6540,18252,0
scale_f0.01,rand_delta,1,60,0.6603,18675,0
scale_f0.01,rand_delta,1,61,0.6571,19086,0
scale_f0.01,rand_delta,1,62,0.6571,19116,0
scale_f0.01,rand_delta,1,63,0.6571,19140,0
scale_f0.01,rand_delta,1,64,0.6571,19740,0
scale_f0.01,rand_delta,1,65,0.6603,20023,0
scale_f0.01,rand_delta,1,66,0.6381,20623,0
scale_f0.01,rand_delta,1,67,0.6540,21223,0
scale_f0.01,rand_delta,1,68,0.6540,21242,0
scale_f0.01,rand_delta,1,69,0.6540,21276,0
scale_f0.01,rand_delta,1,70,0.6667,21761,0
scale_f0.01,rand_delta,1,71,0.6222,22361,0
scale_f0.01,rand_delta,1,72,0.5873,22961,0
scale_f0.01,rand_delta,1,73,0.5810,23561,0
scale_f0.01,rand_delta,1,74,0.5746,24161,0
scale_f0.01,rand_delta,1,75,0.5746,24761,0
scale_f0.01,rand_delta,1,76,0.5810,24784,0
scale_f0.01,rand_delta,1,77,0.6095,24828,0
scale_f0.01,rand_delta,1,78,0.6095,24836,0
scale_f0.01,rand_delta,1,79,0.6095,24845,0
scale_f0.01,rand_delta,1,80,0.6127,25445,0
scale_f0.01,rand_delta,1,81,0.5746,26045,0
scale_f0.01,rand_delta,1,82,0.5937,26645,0
scale_f0.01,rand_delta,1,83,0.5778,27245,0
scale_f0.01,rand_delta,1,84,0.5937,27506,0
scale_f0.01,rand_delta,1,85,0.5968,28106,0
scale_f0.01,rand_delta,1,86,0.5937,28706,0
scale_f0.01,rand_delta,1,87,0.5683,29306,0
scale_f0.01,rand_delta,1,88,0.5683,29906,0
scale_f0.01,rand_delta,1,89,0.5683,30506,0
scale_f0.01,rand_delta,1,90,0.5683,30519,0
scale_f0.01,rand_delta,1,91,0.5810,30708,0
scale_f0.01,rand_delta,1,92,0.5810,30713,0
scale_f0.01,rand_delta,1,93,0.5841,30759,0
scale_f0.01,rand_delta,1,94,0.5841,30765,0
scale_f0.01,rand_delta,1,95,0.5841,30773,0
scale_f0.01,rand_delta,1,96,0.5778,31373,0
scale_f0.01,rand_delta,1,97,0.5841,31389,0
scale_f0.01,rand_delta,1,98,0.5937,31449,0
scale_f0.01,rand_delta,1,99,0.5873,32049,0
scale_f0.01,rand_delta,1,100,0.5905,32649,0
scale_f0.01,rand_delta,1,101,0.5968,33249,0
scale_f0.01,rand_delta,1,102,0.6032,33520,0
scale_f0.01,rand_delta,1,103,0.6254,34069,0
scale_f0.01,rand_delta,1,104,0.6254,34094,0
scale_f0.01,rand_delta,1,105,0.6254,34670,0
scale_f0.01,rand_delta,1,106,0.6254,35270,0
scale_f0.01,rand_delta,1,107,0.6159,35870,0
scale_f0.01,rand_delta,1,108,0.6159,36259,0
scale_f0.01,rand_delta,1,109,0.6190,36859,0
scale_f0.01,rand_delta,1,110,0.6095,37459,0
scale_f0.01,rand_delta,1,111,0.6095,37482,0
scale_f0.01,rand_delta,1,112,0.6190,37517,0
scale_f0.01,rand_delta,1,113,0.6286,37555,0
scale_f0.01,rand_delta,1,114,0.6286,37576,0
scale_f0.01,rand_delta,1,115,0.6381,37612,0
scale_f0.01,rand_delta,1,116,0.6349,38212,0
scale_f0.01,rand_delta,1,117,0.6349,38220,0
scale_f0.01,rand_delta,1,118,0.6254,38820,0
scale_f0.01,rand_delta,1,119,0.6286,38840,0
scale_f0.01,rand_delta,1,120,0.6317,39440,0
scale_f0.01,rand_delta,1,121,0.6254,40040,0
scale_f0.01,rand_delta,1,122,0.6222,40640,0
scale_f0.01,rand_delta,1,123,0.6190,41240,0
scale_f0.01,rand_delta,1,124,0.6222,41840,0
scale_f0.01,rand_delta,1,125,0.6317,42440,0
scale_f0.01,rand_delta,1,126,0.6349,42483,0
scale_f0.01,rand_delta,1,127,0.6381,43083,0
scale_f0.01,rand_delta,1,128,0.6413,43683,0
scale_f0.01,rand_delta,1,129,0.6444,43722,0
scale_f0.01,rand_delta,1,130,0.6476,43743,0
scale_f0.01,rand_delta,1,131,0.6508,43844,0
scale_f0.01,rand_delta,1,132,0.6540,44444,0
scale_f0.01,rand_delta,1,133,0.6540,45044,0
scale_f0.01,rand_delta,1,134,0.6571,45058,0
scale_f0.01,rand_delta,1,135,0.6381,45658,0
scale_f0.01,rand_delta,1,136,0.6381,45670,0
scale_f0.01,rand_delta,1,137,0.6444,45688,0
scale_f0.01,rand_delta,1,138,0.6508,45715,0
scale_f0.01,rand_delta,1,139,0.6508,45720,0
scale_f0.01,rand_delta,1,140,0.6603,46320,0
scale_f0.01,rand_delta,1,141,0.6698,46920,0
scale_f0.01,rand_delta,1,142,0.6540,47520,0
scale_f0.01,rand_delta,1,143,0.6603,47570,0
scale_f0.01,rand_delta,1,144,0.6603,47573,0
scale_f0.01,rand_delta,1,145,0.6762,47840,0
scale_f0.01,rand_delta,1,146,0.6730,48440,0
scale_f0.01,rand_delta,1,147,0.6540,49040,0
scale_f0.01,rand_delta,1,148,0.6698,49091,0
scale_f0.01,rand_delta,1,149,0.6603,49691,0
scale_f0.01,rand_delta,1,150,0.6063,50291,0
scale_f0.01,rand_delta,1,151,0.6222,50325,0
scale_f0.01,rand_delta,1,152,0.6349,50480,0
scale_f0.01,rand_delta,1,153,0.6508,51080,0
scale_f0.01,rand_delta,1,154,0.6698,51194,0
scale_f0.01,rand_delta,1,155,0.6730,51794,0
scale_f0.01,rand_delta,1,156,0.6794,51803,0
scale_f0.01,rand_delta,1,157,0.6794,51820,0
scale_f0.01,rand_delta,1,158,0.6889,51866,0
scale_f0.01,rand_delta,1,159,0.6762,52466,0
scale_f0.01,rand_delta,1,160,0.6794,53066,0
scale_f0.01,rand_delta,1,161,0.6825,53082,0
scale_f0.01,rand_delta,1,162,0.6984,53158,0
scale_f0.01,rand_delta,1,163,0.6984,53196,0
scale_f0.01,rand_delta,1,164,0.6984,53796,0
scale_f0.01,rand_delta,1,165,0.6762,54396,0
scale_f0.01,rand_delta,1,166,0.6762,54412,0
scale_f0.01,rand_delta,1,167,0.6794,55012,0
scale_f0.01,rand_delta,1,168,0.6794,55612,0
scale_f0.01,rand_delta,1,169,0.6794,55638,0
scale_f0.01,rand_delta,1,170,0.6762,55644,0
scale_f0.01,rand_delta,1,171,0.6794,55660,0
scale_f0.01,rand_delta,1,172,0.6825,55681,0
scale_f0.01,rand_delta,1,173,0.6889,55701,0
scale_f0.01,rand_delta,1,174,0.6921,56301,0
scale_f0.01,rand_delta,1,175,0.6952,56647,0
scale_f0.01,rand_delta,1,176,0.6825,57247,0
scale_f0.01,rand_delta,1,177,0.6825,57672,0
scale_f0.01,rand_delta,1,178,0.6857,58272,0
scale_f0.01,rand_delta,1,179,0.6762,58872,0
scale_f0.01,rand_delta,1,180,0.6762,58890,0
scale_f0.01,rand_delta,1,181,0.6730,59490,0
scale_f0.01,rand_delta,1,182,0.6571,60090,0
scale_f0.01,rand_delta,1,183,0.6921,60690,0
scale_f0.01,rand_delta,1,184,0.6921,60704,0
scale_f0.01,rand_delta,1,185,0.6889,60720,0
scale_f0.01,rand_delta,1,186,0.6921,60729,0
scale_f0.01,rand_delta,1,187,0.6794,61329,0
scale_f0.01,rand_delta,1,188,0.6794,61397,0
scale_f0.01,rand_delta,1,189,0.6857,61997,0
scale_f0.01,rand_delta,1,190,0.6857,62030,0
scale_f0.01,rand_delta,1,191,0.6889,62630,0
scale_f0.01,rand_delta,1,192,0.6921,63230,0
scale_f0.01,rand_delta,1,193,0.7048,63830,0
scale_f0.01,rand_delta,1,194,0.7079,63854,0
scale_f0.01,rand_delta,1,195,0.7111,64454,0
scale_f0.01,rand_delta,1,196,0.7143,64474,0
scale_f0.01,rand_delta,1,197,0.7111,64510,0
scale_f0.01,rand_delta,1,198,0.7143,65110,0
scale_f0.01,rand_delta,1,199,0.7143,65135,0
scale_f0.01,rand_delta,1,200,0.7111,65735,0
scale_f0.01,rand_delta,1,201,0.7143,66335,0
scale_f0.01,rand_delta,1,202,0.7206,66935,0
scale_f0.01,rand_delta,1,203,0.7206,67535,0
scale_f0.01,rand_delta,1,204,0.7302,68135,0
scale_f0.01,rand_delta,1,205,0.7302,68735,0
scale_f0.01,rand_delta,1,206,0.7270,68773,0
scale_f0.01,rand_delta,1,207,0.7111,69373,0
scale_f0.01,rand_delta,1,208,0.7143,69973,0
scale_f0.01,rand_delta,1,209,0.7175,70567,0
scale_f0.01,rand_delta,1,210,0.7206,71167,0
scale_f0.01,rand_delta,1,211,0.7206,71193,0
scale_f0.01,rand_delta,1,212,0.7206,71211,0
scale_f0.01,rand_delta,1,213,0.7143,71592,0
scale_f0.01,rand_delta,1,214,0.7143,71618,0
scale_f0.01,rand_delta,1,215,0.7206,72218,0
scale_f0.01,rand_delta,1,216,0.7238,72252,0
scale_f0.01,rand_delta,1,217,0.7206,72852,0
scale_f0.01,rand_delta,1,218,0.7270,73452,0
scale_f0.01,rand_delta,1,219,0.7048,74052,0
scale_f0.01,rand_delta,1,220,0.7143,74652,0
scale_f0.01,rand_delta,1,221,0.7143,75252,0
scale_f0.01,rand_delta,1,222,0.7175,75276,0
scale_f0.01,rand_delta,1,223,0.7175,75310,0
scale_f0.01,rand_delta,1,224,0.7206,75347,0
scale_f0.01,rand_delta,1,225,0.7206,75377,0
scale_f0.01,rand_delta,1,226,0.7238,75445,0
scale_f0.01,rand_delta,1,227,0.7111,76045,0
scale_f0.01,rand_delta,1,228,0.7143,76645,0
scale_f0.01,rand_delta,1,229,0.7175,76697,0
scale_f0.01,rand_delta,1,230,0.7175,76725,0
scale_f0.01,rand_delta,1,231,0.7206,77325,0
scale_f0.01,rand_delta,1,232,0.7206,77925,0
scale_f0.01,rand_delta,1,233,0.7206,78525,0
scale_f0.01,rand_delta,1,234,0.7206,79125,0
scale_f0.01,rand_delta,1,235,0.7238,79162,0
scale_f0.01,rand_delta,1,236,0.7206,79762,0
scale_f0.01,rand_delta,1,237,0.7206,80362,0
scale_f0.01,rand_delta,1,238,0.7206,80391,0
scale_f0.01,rand_delta,1,239,0.7206,80408,0
scale_f0.01,rand_delta,1,240,0.7206,80414,0
scale_f0.01,rand_delta,1,241,0.7206,80442,0
scale_f0.01,rand_delta,1,242,0.7206,81042,0
scale_f0.01,rand_delta,1,243,0.7206,81051,0
scale_f0.01,rand_delta,1,244,0.7238,81123,0
scale_f0.01,rand_delta,1,245,0.7206,81723,0
scale_f0.01,rand_delta,1,246,0.7238,81747,0
scale_f0.01,rand_delta,1,247,0.7302,81795,0
scale_f0.01,rand_delta,1,248,0.7302,81833,0
scale_f0.01,rand_delta,1,249,0.7238,81909,0
scale_f0.01,rand_delta,1,250,0.7238,82509,0
scale_f0.01,rand_delta,1,251,0.7238,82538,0
scale_f0.01,rand_delta,1,252,0.7270,82570,0
scale_f0.01,rand_delta,1,253,0.7238,83170,0
scale_f0.01,rand_delta,1,254,0.7270,83770,0
scale_f0.01,rand_delta,1,255,0.7270,83804,0
scale_f0.01,rand_delta,1,256,0.7111,84404,0
scale_f0.01,rand_delta,1,257,0.7175,85004,0
scale_f0.01,rand_delta,1,258,0.7143,85604,0
scale_f0.01,rand_delta,1,259,0.7143,85646,0
scale_f0.01,rand_delta,1,260,0.7206,85751,0
scale_f0.01,rand_delta,1,261,0.7206,86351,0
scale_f0.01,rand_delta,1,262,0.7270,86387,0
scale_f0.01,rand_delta,1,263,0.7175,86987,0
scale_f0.01,rand_delta,1,264,0.7143,87587,0
scale_f0.01,rand_delta,1,265,0.7111,88187,0
scale_f0.01,rand_delta,1,266,0.7175,88220,0
scale_f0.01,rand_delta,1,267,0.7206,88246,0
scale_f0.01,rand_delta,1,268,0.7238,88846,0
scale_f0.01,rand_delta,1,269,0.7238,88871,0
scale_f0.01,rand_delta,1,270,0.7206,88888,0
scale_f0.01,rand_delta,1,271,0.7238,88922,0
scale_f0.01,rand_delta,1,272,0.7302,88953,0
scale_f0.01,rand_delta,1,273,0.7333,89553,0
scale_f0.01,rand_delta,1,274,0.7302,89558,0
scale_f0.01,rand_delta,1,275,0.7302,89565,0
scale_f0.01,rand_delta,1,276,0.7302,89586,0
scale_f0.01,rand_delta,1,277,0.7302,89604,0
scale_f0.01,rand_delta,1,278,0.7365,90204,0
scale_f0.01,rand_delta,1,279,0.7333,90221,0
scale_f0.01,rand_delta,1,280,0.7270,90821,0
scale_f0.01,rand_delta,1,281,0.7238,90858,0
scale_f0.01,rand_delta,1,282,0.7333,90904,0
scale_f0.01,rand_delta,1,283,0.7429,90930,0
scale_f0.01,rand_delta,1,284,0.7429,90938,0
scale_f0.01,rand_delta,1,285,0.7302,91538,0
scale_f0.01,rand_delta,1,286,0.7302,91541,0
scale_f0.01,rand_delta,1,287,0.7270,92141,0
scale_f0.01,rand_delta,1,288,0.7270,92146,0
scale_f0.01,rand_delta,1,289,0.7365,92269,0
scale_f0.01,rand_delta,1,290,0.7365,92281,0
scale_f0.01,rand_delta,1,291,0.7365,92304,0
scale_f0.01,rand_delta,1,292,0.7333,92328,0
scale_f0.01,rand_delta,1,293,0.7333,92346,0
scale_f0.01,rand_delta,1,294,0.7206,92946,0
scale_f0.01,rand_delta,1,295,0.7302,93055,0
scale_f0.01,rand_delta,1,296,0.7302,93655,0
scale_f0.01,rand_delta,1,297,0.7270,94255,0
scale_f0.01,rand_delta,1,298,0.7333,94294,0
scale_f0.01,rand_delta,1,299,0.7238,94894,0
scale_f0.01,rand_delta,1,300,0.7238,95494,0
scale_f0.01,rand_delta,1,301,0.7302,95542,0
scale_f0.01,rand_delta,1,302,0.7333,95575,0
scale_f0.01,rand_delta,1,303,0.7302,95973,0
scale_f0.01,rand_delta,1,304,0.7270,96573,0
scale_f0.01,rand_delta,1,305,0.7270,97173,0
scale_f0.01,rand_delta,1,306,0.7270,97203,0
scale_f0.01,rand_delta,1,307,0.7238,97224,0
scale_f0.01,rand_delta,1,308,0.7333,97256,0
scale_f0.01,rand_delta,1,309,0.7302,97856,0
scale_f0.01,rand_delta,1,310,0.7270,98456,0
scale_f0.01,rand_delta,1,311,0.7238,98479,0
scale_f0.01,rand_delta,1,312,0.7206,99079,0
scale_f0.01,rand_delta,1,313,0.7206,99104,0
scale_f0.01,rand_delta,1,314,0.7143,99704,0
scale_f0.01,rand_delta,1,315,0.7238,99725,0
scale_f0.01,rand_delta,1,316,0.7111,100325,0
scale_f0.01,rand_delta,1,317,0.7206,100478,0
scale_f0.01,rand_delta,1,318,0.7206,100483,0
scale_f0.01,rand_delta,1,319,0.7206,100493,0
scale_f0.01,rand_delta,1,320,0.7206,100512,0
scale_f0.01,rand_delta,1,321,0.7206,100540,0
scale_f0.01,rand_delta,1,322,0.7111,101140,0
scale_f0.01,rand_delta,1,323,0.7143,101163,0
scale_f0.01,rand_delta,1,324,0.7079,101763,0
scale_f0.01,rand_delta,1,325,0.7079,102363,0
scale_f0.01,rand_delta,1,326,0.7048,102963,0
scale_f0.01,rand_delta,1,327,0.7079,102997,0
scale_f0.01,rand_delta,1,328,0.7079,103597,0
scale_f0.01,rand_delta,1,329,0.7016,104197,0
scale_f0.01,rand_delta,1,330,0.7016,104797,0
scale_f0.01,rand_delta,1,331,0.7048,104806,0
scale_f0.01,rand_delta,1,332,0.7143,104846,0
scale_f0.01,rand_delta,1,333,0.6952,105446,0
scale_f0.01,rand_delta,1,334,0.7016,106046,0
scale_f0.01,rand_delta,1,335,0.7143,106076,0
scale_f0.01,rand_delta,1,336,0.7079,106097,0
scale_f0.01,rand_delta,1,337,0.7143,106263,0
scale_f0.01,rand_delta,1,338,0.7016,106863,0
scale_f0.01,rand_delta,1,339,0.7016,107463,0
scale_f0.01,rand_delta,1,340,0.7016,107469,0
scale_f0.01,rand_delta,1,341,0.6984,108069,0
scale_f0.01,rand_delta,1,342,0.7016,108669,0
scale_f0.01,rand_delta,1,343,0.7079,108715,0
scale_f0.01,rand_delta,1,344,0.7111,109315,0
scale_f0.01,rand_delta,1,345,0.7079,109333,0
scale_f0.01,rand_delta,1,346,0.7111,109358,0
scale_f0.01,rand_delta,1,347,0.7175,109936,0
scale_f0.01,rand_delta,1,348,0.7143,110007,0
scale_f0.01,rand_delta,1,349,0.7143,110030,0
scale_f0.01,rand_delta,1,350,0.7143,110630,0
scale_f0.01,rand_delta,1,351,0.7079,111230,0
scale_f0.01,rand_delta,1,352,0.7111,111267,0
scale_f0.01,rand_delta,1,353,0.7175,111286,0
scale_f0.01,rand_delta,1,354,0.7175,111299,0
scale_f0.01,rand_delta,1,355,0.7143,111315,0
scale_f0.01,rand_delta,1,356,0.7143,111346,0
scale_f0.01,rand_delta,1,357,0.7048,111946,0
scale_f0.01,rand_delta,1,358,0.7143,112546,0
scale_f0.01,rand_delta,1,359,0.7143,113146,0
scale_f0.01,rand_delta,1,360,0.7111,113170,0
scale_f0.01,rand_delta,1,361,0.7111,113770,0
scale_f0.01,rand_delta,1,362,0.7175,114370,0
scale_f0.01,rand_delta,1,363,0.7238,114392,0
scale_f0.01,rand_delta,1,364,0.7111,114992,0
scale_f0.01,rand_delta,1,365,0.7079,115016,0
scale_f0.01,rand_delta,1,366,0.7079,115049,0
scale_f0.01,rand_delta,1,367,0.7079,115649,0
scale_f0.01,rand_delta,1,368,0.7079,115669,0
scale_f0.01,rand_delta,1,369,0.7111,116269,0
scale_f0.01,rand_delta,1,370,0.7111,116273,0
scale_f0.01,rand_delta,1,371,0.7143,116445,0
scale_f0.01,rand_delta,1,372,0.7079,117045,0
scale_f0.01,rand_delta,1,373,0.7175,117078,0
scale_f0.01,rand_delta,1,374,0.7143,117103,0
scale_f0.01,rand_delta,1,375,0.7206,117139,0
scale_f0.01,rand_delta,1,376,0.7143,117163,0
scale_f0.01,rand_delta,1,377,0.7206,117183,0
scale_f0.01,rand_delta,1,378,0.7270,117297,0
scale_f0.01,rand_delta,1,379,0.7270,117332,0
scale_f0.01,rand_delta,1,380,0.7333,117351,0
scale_f0.01,rand_delta,1,381,0.7238,117951,0
scale_f0.01,rand_delta,1,382,0.7302,117981,0
scale_f0.01,rand_delta,1,383,0.7302,118581,0
scale_f0.01,rand_delta,1,384,0.7302,118600,0
scale_f0.01,rand_delta,1,385,0.7333,119200,0
scale_f0.01,rand_delta,1,386,0.7302,119800,0
scale_f0.01,rand_delta,1,387,0.7206,120400,0
scale_f0.01,rand_delta,1,388,0.7270,120460,0
scale_f0.01,rand_delta,1,389,0.7143,121060,0
scale_f0.01,rand_delta,1,390,0.7238,121091,0
scale_f0.01,rand_delta,1,391,0.7333,121691,0
scale_f0.01,rand_delta,1,392,0.7365,122291,0
scale_f0.01,rand_delta,1,393,0.7365,122292,0
scale_f0.01,rand_delta,1,394,0.7333,122892,0
scale_f0.01,rand_delta,1,395,0.7365,123492,0
scale_f0.01,rand_delta,1,396,0.7365,123521,0
scale_f0.01,rand_delta,1,397,0.7365,123543,0
scale_f0.01,rand_delta,1,398,0.7365,124143,0
scale_f0.01,rand_delta,1,399,0.7302,124743,0
scale_f0.01,rand_delta,1,400,0.7365,125343,0
scale_f0.01,rand_delta,1,401,0.7365,125353,0
scale_f0.01,rand_delta,1,402,0.7397,125953,0
scale_f0.01,rand_delta,1,403,0.7365,126553,0
scale_f0.01,rand_delta,1,404,0.7365,126697,0
scale_f0.01,rand_delta,1,405,0.7365,126729,0
scale_f0.01,rand_delta,1,406,0.7333,127329,0
scale_f0.01,rand_delta,1,407,0.7397,127357,0
scale_f0.01,rand_delta,1,408,0.7365,127395,0
scale_f0.01,rand_delta,1,409,0.7365,127433,0
scale_f0.01,rand_delta,1,410,0.7333,127458,0
scale_f0.01,rand_delta,1,411,0.7365,127482,0
scale_f0.01,rand_delta,1,412,0.7365,127526,0
scale_f0.01,rand_delta,1,413,0.7302,128126,0
scale_f0.01,rand_delta,1,414,0.7333,128726,0
scale_f0.01,rand_delta,1,415,0.7492,128778,0
scale_f0.01,rand_delta,1,416,0.7492,128808,0
scale_f0.01,rand_delta,1,417,0.7429,129408,0
scale_f0.01,rand_delta,1,418,0.7365,130008,0
scale_f0.01,rand_delta,1,419,0.7397,130048,0
scale_f0.01,rand_delta,1,420,0.7460,130648,0
scale_f0.01,rand_delta,1,421,0.7460,130672,0
scale_f0.01,rand_delta,1,422,0.7460,130687,0
scale_f0.01,rand_delta,1,423,0.7429,130928,0
scale_f0.01,rand_delta,1,424,0.7397,130953,0
scale_f0.01,rand_delta,1,425,0.7365,131553,0
scale_f0.01,rand_delta,1,426,0.7429,131586,0
scale_f0.01,rand_delta,1,427,0.7429,132186,0
scale_f0.01,rand_delta,1,428,0.7492,132199,0
scale_f0.01,rand_delta,1,429,0.7365,132371,0
scale_f0.01,rand_delta,1,430,0.7429,132398,0
scale_f0.01,rand_delta,1,431,0.7397,132418,0
scale_f0.01,rand_delta,1,432,0.7429,132450,0
scale_f0.01,rand_delta,1,433,0.7270,133050,0
scale_f0.01,rand_delta,1,434,0.7333,133082,0
scale_f0.01,rand_delta,1,435,0.7492,133496,0
scale_f0.01,rand_delta,1,436,0.7524,133526,0
scale_f0.01,rand_delta,1,437,0.7460,133552,0
scale_f0.01,rand_delta,1,438,0.7492,133589,0
scale_f0.01,rand_delta,1,439,0.7492,133613,0
scale_f0.01,rand_delta,1,440,0.7460,134213,0
scale_f0.01,rand_delta,1,441,0.7429,134239,0
scale_f0.01,rand_delta,1,442,0.7365,134839,0
scale_f0.01,rand_delta,1,443,0.7460,135439,0
scale_f0.01,rand_delta,1,444,0.7556,135459,0
scale_f0.01,rand_delta,1,445,0.7651,135497,0
scale_f0.01,rand_delta,1,446,0.7587,136097,0
scale_f0.01,rand_delta,1,447,0.7587,136121,0
scale_f0.01,rand_delta,1,448,0.7492,136621,0
scale_f0.01,rand_delta,1,449,0.7492,137221,0
scale_f0.01,rand_delta,1,450,0.7429,137245,0
scale_f0.01,rand_delta,1,451,0.7333,137845,0
scale_f0.01,rand_delta,1,452,0.7492,138349,0
scale_f0.01,rand_delta,1,453,0.7460,138382,0
scale_f0.01,rand_delta,1,454,0.7429,138406,0
scale_f0.01,rand_delta,1,455,0.7397,138437,0
scale_f0.01,rand_delta,1,456,0.7397,138438,0
scale_f0.01,rand_delta,1,457,0.7429,138461,0
scale_f0.01,rand_delta,1,458,0.7492,138481,0
scale_f0.01,rand_delta,1,459,0.7492,138494,0
scale_f0.01,rand_delta,1,460,0.7492,138535,0
scale_f0.01,rand_delta,1,461,0.7206,139135,0
scale_f0.01,rand_delta,1,462,0.7492,139178,0
scale_f0.01,rand_delta,1,463,0.7492,139185,0
scale_f0.01,rand_delta,1,464,0.7556,139331,0
scale_f0.01,rand_delta,1,465,0.7492,139347,0
scale_f0.01,rand_delta,1,466,0.7460,139374,0
scale_f0.01,rand_delta,1,467,0.7524,139421,0
scale_f0.01,rand_delta,1,468,0.7492,140021,0
scale_f0.01,rand_delta,1,469,0.7556,140094,0
scale_f0.01,rand_delta,1,470,0.7460,140694,0
scale_f0.01,rand_delta,1,471,0.7587,140722,0
scale_f0.01,rand_delta,1,472,0.7492,141322,0
scale_f0.01,rand_delta,1,473,0.7429,141357,0
scale_f0.01,rand_delta,1,474,0.7556,141392,0
scale_f0.01,rand_delta,1,475,0.7619,141418,0
scale_f0.01,rand_delta,1,476,0.7587,141512,0
scale_f0.01,rand_delta,1,477,0.7460,142112,0
scale_f0.01,rand_delta,1,478,0.7238,142712,0
scale_f0.01,rand_delta,1,479,0.7429,142729,0
scale_f0.01,rand_delta,1,480,0.7492,142765,0
scale_f0.01,rand_delta,1,481,0.7556,143365,0
scale_f0.01,rand_delta,1,482,0.7524,143965,0
scale_f0.01,rand_delta,1,483,0.7587,143999,0
scale_f0.01,rand_delta,1,484,0.7587,144183,0
scale_f0.01,rand_delta,1,485,0.7619,144218,0
scale_f0.01,rand_delta,1,486,0.7619,144235,0
scale_f0.01,rand_delta,1,487,0.7683,144835,0
scale_f0.01,rand_delta,1,488,0.7619,145435,0
scale_f0.01,rand_delta,1,489,0.7683,145459,0
scale_f0.01,rand_delta,1,490,0.7651,145474,0
scale_f0.01,rand_delta,1,491,0.7651,145502,0
scale_f0.01,rand_delta,1,492,0.7651,146102,0
scale_f0.01,rand_delta,1,493,0.7683,146131,0
scale_f0.01,rand_delta,1,494,0.7683,146731,0
scale_f0.01,rand_delta,1,495,0.7683,146759,0
scale_f0.01,rand_delta,1,496,0.7619,146795,0
scale_f0.01,rand_delta,1,497,0.7619,146821,0
scale_f0.01,rand_delta,1,498,0.7556,146908,0
scale_f0.01,rand_delta,1,499,0.7587,146943,0
scale_f0.01,rand_delta,1,500,0.7619,146967,0
scale_f0.01,rand_delta,1,501,0.7714,147115,0
scale_f0.01,rand_delta,1,502,0.7746,147155,0
scale_f0.01,rand_delta,1,503,0.7651,147218,0
scale_f0.01,rand_delta,1,504,0.7651,147222,0
scale_f0.01,rand_delta,1,505,0.7651,147822,0
scale_f0.01,rand_delta,1,506,0.7587,147855,0
scale_f0.01,rand_delta,1,507,0.7683,147893,0
scale_f0.01,rand_delta,1,508,0.7714,147929,0
scale_f0.01,rand_delta,1,509,0.7587,148529,0
scale_f0.01,rand_delta,1,510,0.7619,148549,0
scale_f0.01,rand_delta,1,511,0.7651,148586,0
scale_f0.01,rand_delta,1,512,0.7619,148619,0
scale_f0.01,rand_delta,1,513,0.7556,149219,0
scale_f0.01,rand_delta,1,514,0.7333,149819,0
scale_f0.01,rand_delta,1,515,0.7556,149870,0
scale_f0.01,rand_delta,1,516,0.7587,149899,0
scale_f0.01,rand_delta,1,517,0.7619,149935,0
scale_f0.01,rand_delta,1,518,0.7619,149959,0
scale_f0.01,rand_delta,1,519,0.7524,149991,0
scale_f0.01,rand_delta,1,520,0.7651,150032,0
scale_f0.01,rand_delta,1,521,0.7524,150632,0
scale_f0.01,rand_delta,1,522,0.7270,151232,0
scale_f0.01,rand_delta,1,523,0.7302,151832,0
scale_f0.01,rand_delta,1,524,0.7556,151889,0
scale_f0.01,rand_delta,1,525,0.7619,151899,0
scale_f0.01,rand_delta,1,526,0.7683,151940,0
scale_f0.01,rand_delta,1,527,0.7714,151950,0
scale_f0.01,rand_delta,1,528,0.7587,152550,0
scale_f0.01,rand_delta,1,529,0.7429,153150,0
scale_f0.01,rand_delta,1,530,0.7587,153194,0
scale_f0.01,rand_delta,1,531,0.7492,153794,0
scale_f0.01,rand_delta,1,532,0.7397,154394,0
scale_f0.01,rand_delta,1,533,0.7365,154994,0
scale_f0.01,rand_delta,1,534,0.7460,155003,0
scale_f0.01,rand_delta,1,535,0.7524,155025,0
scale_f0.01,rand_delta,1,536,0.7460,155625,0
scale_f0.01,rand_delta,1,537,0.7587,155658,0
scale_f0.01,rand_delta,1,538,0.7556,156223,0
scale_f0.01,rand_delta,1,539,0.7587,156394,0
scale_f0.01,rand_delta,1,540,0.7492,156421,0
scale_f0.01,rand_delta,1,541,0.7524,156454,0
scale_f0.01,rand_delta,1,542,0.7556,156481,0
scale_f0.01,rand_delta,1,543,0.7651,157081,0
scale_f0.01,rand_delta,1,544,0.7651,157083,0
scale_f0.01,rand_delta,1,545,0.7714,157101,0
scale_f0.01,rand_delta,1,546,0.7683,157122,0
scale_f0.01,rand_delta,1,547,0.7714,157162,0
scale_f0.01,rand_delta,1,548,0.7714,157198,0
scale_f0.01,rand_delta,1,549,0.7619,157223,0
scale_f0.01,rand_delta,1,550,0.7587,157254,0
scale_f0.01,rand_delta,1,551,0.7587,157854,0
scale_f0.01,rand_delta,1,552,0.7651,158066,0
scale_f0.01,rand_delta,1,553,0.7651,158080,0
scale_f0.01,rand_delta,1,554,0.7587,158167,0
scale_f0.01,rand_delta,1,555,0.7651,158192,0
scale_f0.01,rand_delta,1,556,0.7651,158196,0
scale_f0.01,rand_delta,1,557,0.7714,158222,0
scale_f0.01,rand_delta,1,558,0.7683,158822,0
scale_f0.01,rand_delta,1,559,0.7714,158852,0
scale_f0.01,rand_delta,1,560,0.7683,158886,0
scale_f0.01,rand_delta,1,561,0.7587,158972,0
scale_f0.01,rand_delta,1,562,0.7587,158974,0
scale_f0.01,rand_delta,1,563,0.7397,159574,0
scale_f0.01,rand_delta,1,564,0.7460,159596,0
scale_f0.01,rand_delta,1,565,0.7524,159610,0
scale_f0.01,rand_delta,1,566,0.7524,159672,0
scale_f0.01,rand_delta,1,567,0.7524,159713,0
scale_f0.01,rand_delta,1,568,0.7492,160313,0
scale_f0.01,rand_delta,1,569,0.7556,160583,0
scale_f0.01,rand_delta,1,570,0.7651,160676,0
scale_f0.01,rand_delta,1,571,0.7524,161276,0
scale_f0.01,rand_delta,1,572,0.7524,161279,0
scale_f0.01,rand_delta,1,573,0.7651,161315,0
scale_f0.01,rand_delta,1,574,0.7683,161320,0
scale_f0.01,rand_delta,1,575,0.7587,161920,0
scale_f0.01,rand_delta,1,576,0.7683,161950,0
scale_f0.01,rand_delta,1,577,0.7714,161974,0
scale_f0.01,rand_delta,1,578,0.7714,162016,0
scale_f0.01,rand_delta,1,579,0.7651,162039,0
scale_f0.01,rand_delta,1,580,0.7651,162048,0
scale_f0.01,rand_delta,1,581,0.7619,162076,0
scale_f0.01,rand_delta,1,582,0.7651,162095,0
scale_f0.01,rand_delta,1,583,0.7683,162125,0
scale_f0.01,rand_delta,1,584,0.7619,162725,0
scale_f0.01,rand_delta,1,585,0.7587,162759,0
scale_f0.01,rand_delta,1,586,0.7587,162788,0
scale_f0.01,rand_delta,1,587,0.7587,162811,0
scale_f0.01,rand_delta,1,588,0.7651,162834,0
scale_f0.01,rand_delta,1,589,0.7587,163434,0
scale_f0.01,rand_delta,1,590,0.7587,163442,0
scale_f0.01,rand_delta,1,591,0.7619,163475,0
scale_f0.01,rand_delta,1,592,0.7556,163498,0
scale_f0.01,rand_delta,1,593,0.7492,164098,0
scale_f0.01,rand_delta,1,594,0.7460,164698,0
scale_f0.01,rand_delta,1,595,0.7492,165298,0
scale_f0.01,rand_delta,1,596,0.7397,165898,0
scale_f0.01,rand_delta,1,597,0.7556,165944,0
scale_f0.01,rand_delta,1,598,0.7524,166544,0
scale_f0.01,rand_delta,1,599,0.7587,166578,0
scale_f0.01,kc_delta,2,0,0.3365,600,0
scale_f0.01,kc_delta,2,1,0.4095,1200,0
scale_f0.01,kc_delta,2,2,0.4476,1575,0
scale_f0.01,kc_delta,2,3,0.4825,2104,0
scale_f0.01,kc_delta,2,4,0.4317,2704,0
scale_f0.01,kc_delta,2,5,0.4635,2761,0
scale_f0.01,kc_delta,2,6,0.4413,3126,0
scale_f0.01,kc_delta,2,7,0.4000,3726,0
scale_f0.01,kc_delta,2,8,0.3968,3778,0
scale_f0.01,kc_delta,2,9,0.4317,4378,0
scale_f0.01,kc_delta,2,10,0.4413,4978,0
scale_f0.01,kc_delta,2,11,0.4603,5394,0
scale_f0.01,kc_delta,2,12,0.4667,5994,0
scale_f0.01,kc_delta,2,13,0.4254,6594,0
scale_f0.01,kc_delta,2,14,0.4476,7075,0
scale_f0.01,kc_delta,2,15,0.4381,7675,0
scale_f0.01,kc_delta,2,16,0.4603,7789,0
scale_f0.01,kc_delta,2,17,0.4698,7887,0
scale_f0.01,kc_delta,2,18,0.4698,7900,0
scale_f0.01,kc_delta,2,19,0.4730,8500,0
scale_f0.01,kc_delta,2,20,0.4762,8737,0
scale_f0.01,kc_delta,2,21,0.4508,9337,0
scale_f0.01,kc_delta,2,22,0.4603,9730,0
scale_f0.01,kc_delta,2,23,0.4730,10330,0
scale_f0.01,kc_delta,2,24,0.4635,10334,0
scale_f0.01,kc_delta,2,25,0.4762,10934,0
scale_f0.01,kc_delta,2,26,0.4825,10992,0
scale_f0.01,kc_delta,2,27,0.4762,10996,0
scale_f0.01,kc_delta,2,28,0.4730,11084,0
scale_f0.01,kc_delta,2,29,0.4476,11684,0
scale_f0.01,kc_delta,2,30,0.4508,11850,0
scale_f0.01,kc_delta,2,31,0.4444,12450,0
scale_f0.01,kc_delta,2,32,0.4349,13050,0
scale_f0.01,kc_delta,2,33,0.4286,13650,0
scale_f0.01,kc_delta,2,34,0.4127,14250,0
scale_f0.01,kc_delta,2,35,0.4095,14321,0
scale_f0.01,kc_delta,2,36,0.4190,14391,0
scale_f0.01,kc_delta,2,37,0.4190,14991,0
scale_f0.01,kc_delta,2,38,0.4476,15591,0
scale_f0.01,kc_delta,2,39,0.4508,16191,0
scale_f0.01,kc_delta,2,40,0.4794,16791,0
scale_f0.01,kc_delta,2,41,0.4730,17391,0
scale_f0.01,kc_delta,2,42,0.4762,17991,0
scale_f0.01,kc_delta,2,43,0.4698,18047,0
scale_f0.01,kc_delta,2,44,0.4698,18647,0
scale_f0.01,kc_delta,2,45,0.4698,19247,0
scale_f0.01,kc_delta,2,46,0.4698,19341,0
scale_f0.01,kc_delta,2,47,0.4635,19941,0
scale_f0.01,kc_delta,2,48,0.4444,20541,0
scale_f0.01,kc_delta,2,49,0.4603,21141,0
scale_f0.01,kc_delta,2,50,0.4794,21440,0
scale_f0.01,kc_delta,2,51,0.4889,22040,0
scale_f0.01,kc_delta,2,52,0.4921,22640,0
scale_f0.01,kc_delta,2,53,0.4889,23240,0
scale_f0.01,kc_delta,2,54,0.4889,23265,0
scale_f0.01,kc_delta,2,55,0.4984,23865,0
scale_f0.01,kc_delta,2,56,0.4825,24465,0
scale_f0.01,kc_delta,2,57,0.4825,25065,0
scale_f0.01,kc_delta,2,58,0.4794,25665,0
scale_f0.01,kc_delta,2,59,0.5016,25905,0
scale_f0.01,kc_delta,2,60,0.5016,26505,0
scale_f0.01,kc_delta,2,61,0.5079,26563,0
scale_f0.01,kc_delta,2,62,0.5079,26654,0
scale_f0.01,kc_delta,2,63,0.4952,27254,0
scale_f0.01,kc_delta,2,64,0.5175,27549,0
scale_f0.01,kc_delta,2,65,0.5079,28149,0
scale_f0.01,kc_delta,2,66,0.5143,28383,0
scale_f0.01,kc_delta,2,67,0.5048,28983,0
scale_f0.01,kc_delta,2,68,0.5238,29583,0
scale_f0.01,kc_delta,2,69,0.5175,29683,0
scale_f0.01,kc_delta,2,70,0.4921,29862,0
scale_f0.01,kc_delta,2,71,0.4921,30462,0
scale_f0.01,kc_delta,2,72,0.5048,30525,0
scale_f0.01,kc_delta,2,73,0.4984,31125,0
scale_f0.01,kc_delta,2,74,0.5048,31725,0
scale_f0.01,kc_delta,2,75,0.5175,31778,0
scale_f0.01,kc_delta,2,76,0.5238,32090,0
scale_f0.01,kc_delta,2,77,0.5206,32690,0
scale_f0.01,kc_delta,2,78,0.5206,33290,0
scale_f0.01,kc_delta,2,79,0.5175,33465,0
scale_f0.01,kc_delta,2,80,0.5270,33877,0
scale_f0.01,kc_delta,2,81,0.5333,33938,0
scale_f0.01,kc_delta,2,82,0.5429,34538,0
scale_f0.01,kc_delta,2,83,0.5302,34903,0
scale_f0.01,kc_delta,2,84,0.5270,35503,0
scale_f0.01,kc_delta,2,85,0.5365,35529,0
scale_f0.01,kc_delta,2,86,0.5270,36129,0
scale_f0.01,kc_delta,2,87,0.5429,36209,0
scale_f0.01,kc_delta,2,88,0.5556,36239,0
scale_f0.01,kc_delta,2,89,0.5397,36263,0
scale_f0.01,kc_delta,2,90,0.5175,36863,0
scale_f0.01,kc_delta,2,91,0.5238,37463,0
scale_f0.01,kc_delta,2,92,0.5302,37660,0
scale_f0.01,kc_delta,2,93,0.5333,38260,0
scale_f0.01,kc_delta,2,94,0.5429,38276,0
scale_f0.01,kc_delta,2,95,0.5651,38327,0
scale_f0.01,kc_delta,2,96,0.5683,38927,0
scale_f0.01,kc_delta,2,97,0.5492,39527,0
scale_f0.01,kc_delta,2,98,0.5460,40127,0
scale_f0.01,kc_delta,2,99,0.5460,40727,0
scale_f0.01,kc_delta,2,100,0.5460,40967,0
scale_f0.01,kc_delta,2,101,0.5302,41567,0
scale_f0.01,kc_delta,2,102,0.5333,42167,0
scale_f0.01,kc_delta,2,103,0.5238,42767,0
scale_f0.01,kc_delta,2,104,0.5365,42814,0
scale_f0.01,kc_delta,2,105,0.5397,43414,0
scale_f0.01,kc_delta,2,106,0.5397,44014,0
scale_f0.01,kc_delta,2,107,0.5524,44110,0
scale_f0.01,kc_delta,2,108,0.5365,44710,0
scale_f0.01,kc_delta,2,109,0.5302,45310,0
scale_f0.01,kc_delta,2,110,0.5270,45910,0
scale_f0.01,kc_delta,2,111,0.5365,46510,0
scale_f0.01,kc_delta,2,112,0.5556,47110,0
scale_f0.01,kc_delta,2,113,0.5429,47710,0
scale_f0.01,kc_delta,2,114,0.5746,48044,0
scale_f0.01,kc_delta,2,115,0.5778,48644,0
scale_f0.01,kc_delta,2,116,0.5810,48698,0
scale_f0.01,kc_delta,2,117,0.5619,49298,0
scale_f0.01,kc_delta,2,118,0.5587,49898,0
scale_f0.01,kc_delta,2,119,0.5587,50498,0
scale_f0.01,kc_delta,2,120,0.5651,50526,0
scale_f0.01,kc_delta,2,121,0.5429,50715,0
scale_f0.01,kc_delta,2,122,0.5524,51315,0
scale_f0.01,kc_delta,2,123,0.5429,51915,0
scale_f0.01,kc_delta,2,124,0.5492,52515,0
scale_f0.01,kc_delta,2,125,0.5524,52531,0
scale_f0.01,kc_delta,2,126,0.5524,52544,0
scale_f0.01,kc_delta,2,127,0.5397,53144,0
scale_f0.01,kc_delta,2,128,0.5302,53744,0
scale_f0.01,kc_delta,2,129,0.5429,54291,0
scale_f0.01,kc_delta,2,130,0.5651,54460,0
scale_f0.01,kc_delta,2,131,0.5651,55060,0
scale_f0.01,kc_delta,2,132,0.5587,55070,0
scale_f0.01,kc_delta,2,133,0.5587,55670,0
scale_f0.01,kc_delta,2,134,0.5524,55705,0
scale_f0.01,kc_delta,2,135,0.5429,55764,0
scale_f0.01,kc_delta,2,136,0.5651,56364,0
scale_f0.01,kc_delta,2,137,0.5619,56964,0
scale_f0.01,kc_delta,2,138,0.5619,57564,0
scale_f0.01,kc_delta,2,139,0.5746,57765,0
scale_f0.01,kc_delta,2,140,0.5746,57925,0
scale_f0.01,kc_delta,2,141,0.5810,57991,0
scale_f0.01,kc_delta,2,142,0.5778,58591,0
scale_f0.01,kc_delta,2,143,0.5778,58608,0
scale_f0.01,kc_delta,2,144,0.5714,59208,0
scale_f0.01,kc_delta,2,145,0.5873,59333,0
scale_f0.01,kc_delta,2,146,0.5714,59933,0
scale_f0.01,kc_delta,2,147,0.5492,60533,0
scale_f0.01,kc_delta,2,148,0.5556,60559,0
scale_f0.01,kc_delta,2,149,0.5619,61159,0
scale_f0.01,kc_delta,2,150,0.5746,61665,0
scale_f0.01,kc_delta,2,151,0.5873,61868,0
scale_f0.01,kc_delta,2,152,0.5397,62468,0
scale_f0.01,kc_delta,2,153,0.5460,63068,0
scale_f0.01,kc_delta,2,154,0.5556,63668,0
scale_f0.01,kc_delta,2,155,0.5778,63994,0
scale_f0.01,kc_delta,2,156,0.5778,64008,0
scale_f0.01,kc_delta,2,157,0.5810,64608,0
scale_f0.01,kc_delta,2,158,0.5810,64632,0
scale_f0.01,kc_delta,2,159,0.5937,64671,0
scale_f0.01,kc_delta,2,160,0.5968,65155,0
scale_f0.01,kc_delta,2,161,0.6000,65173,0
scale_f0.01,kc_delta,2,162,0.6000,65201,0
scale_f0.01,kc_delta,2,163,0.6000,65220,0
scale_f0.01,kc_delta,2,164,0.6000,65235,0
scale_f0.01,kc_delta,2,165,0.6000,65422,0
scale_f0.01,kc_delta,2,166,0.5873,66022,0
scale_f0.01,kc_delta,2,167,0.5873,66054,0
scale_f0.01,kc_delta,2,168,0.5714,66654,0
scale_f0.01,kc_delta,2,169,0.5683,66674,0
scale_f0.01,kc_delta,2,170,0.5746,67274,0
scale_f0.01,kc_delta,2,171,0.5651,67874,0
scale_f0.01,kc_delta,2,172,0.5492,68474,0
scale_f0.01,kc_delta,2,173,0.5556,69074,0
scale_f0.01,kc_delta,2,174,0.5619,69205,0
scale_f0.01,kc_delta,2,175,0.5683,69802,0
scale_f0.01,kc_delta,2,176,0.5714,69819,0
scale_f0.01,kc_delta,2,177,0.5714,70419,0
scale_f0.01,kc_delta,2,178,0.5365,71019,0
scale_f0.01,kc_delta,2,179,0.5302,71619,0
scale_f0.01,kc_delta,2,180,0.5302,72219,0
scale_f0.01,kc_delta,2,181,0.5397,72236,0
scale_f0.01,kc_delta,2,182,0.5587,72358,0
scale_f0.01,kc_delta,2,183,0.5492,72958,0
scale_f0.01,kc_delta,2,184,0.5714,73113,0
scale_f0.01,kc_delta,2,185,0.5683,73133,0
scale_f0.01,kc_delta,2,186,0.5619,73733,0
scale_f0.01,kc_delta,2,187,0.5683,74333,0
scale_f0.01,kc_delta,2,188,0.5651,74933,0
scale_f0.01,kc_delta,2,189,0.5905,75036,0
scale_f0.01,kc_delta,2,190,0.5905,75636,0
scale_f0.01,kc_delta,2,191,0.5714,76101,0
scale_f0.01,kc_delta,2,192,0.5683,76123,0
scale_f0.01,kc_delta,2,193,0.5714,76723,0
scale_f0.01,kc_delta,2,194,0.5651,77323,0
scale_f0.01,kc_delta,2,195,0.5651,77923,0
scale_f0.01,kc_delta,2,196,0.5810,77970,0
scale_f0.01,kc_delta,2,197,0.5937,78051,0
scale_f0.01,kc_delta,2,198,0.5810,78651,0
scale_f0.01,kc_delta,2,199,0.5968,79150,0
scale_f0.01,kc_delta,2,200,0.5873,79750,0
scale_f0.01,kc_delta,2,201,0.5968,79786,0
scale_f0.01,kc_delta,2,202,0.5905,80377,0
scale_f0.01,kc_delta,2,203,0.5873,80398,0
scale_f0.01,kc_delta,2,204,0.5968,80517,0
scale_f0.01,kc_delta,2,205,0.6000,80544,0
scale_f0.01,kc_delta,2,206,0.5968,80553,0
scale_f0.01,kc_delta,2,207,0.6032,80611,0
scale_f0.01,kc_delta,2,208,0.6032,80632,0
scale_f0.01,kc_delta,2,209,0.6063,81232,0
scale_f0.01,kc_delta,2,210,0.6000,81270,0
scale_f0.01,kc_delta,2,211,0.6000,81608,0
scale_f0.01,kc_delta,2,212,0.6063,81622,0
scale_f0.01,kc_delta,2,213,0.6032,82222,0
scale_f0.01,kc_delta,2,214,0.6063,82258,0
scale_f0.01,kc_delta,2,215,0.5619,82858,0
scale_f0.01,kc_delta,2,216,0.5619,82876,0
scale_f0.01,kc_delta,2,217,0.5556,82934,0
scale_f0.01,kc_delta,2,218,0.5587,83534,0
scale_f0.01,kc_delta,2,219,0.5556,84134,0
scale_f0.01,kc_delta,2,220,0.5556,84142,0
scale_f0.01,kc_delta,2,221,0.5524,84200,0
scale_f0.01,kc_delta,2,222,0.5524,84800,0
scale_f0.01,kc_delta,2,223,0.5460,85400,0
scale_f0.01,kc_delta,2,224,0.5397,85462,0
scale_f0.01,kc_delta,2,225,0.5683,85664,0
scale_f0.01,kc_delta,2,226,0.5683,86264,0
scale_f0.01,kc_delta,2,227,0.5619,86864,0
scale_f0.01,kc_delta,2,228,0.5778,87093,0
scale_f0.01,kc_delta,2,229,0.5746,87099,0
scale_f0.01,kc_delta,2,230,0.5746,87117,0
scale_f0.01,kc_delta,2,231,0.5683,87717,0
scale_f0.01,kc_delta,2,232,0.5651,88317,0
scale_f0.01,kc_delta,2,233,0.5651,88320,0
scale_f0.01,kc_delta,2,234,0.5619,88356,0
scale_f0.01,kc_delta,2,235,0.5651,88956,0
scale_f0.01,kc_delta,2,236,0.5746,89556,0
scale_f0.01,kc_delta,2,237,0.5968,89672,0
scale_f0.01,kc_delta,2,238,0.5905,89700,0
scale_f0.01,kc_delta,2,239,0.5905,89737,0
scale_f0.01,kc_delta,2,240,0.5937,89758,0
scale_f0.01,kc_delta,2,241,0.5968,89796,0
scale_f0.01,kc_delta,2,242,0.5810,90396,0
scale_f0.01,kc_delta,2,243,0.5937,90440,0
scale_f0.01,kc_delta,2,244,0.5841,91040,0
scale_f0.01,kc_delta,2,245,0.5778,91640,0
scale_f0.01,kc_delta,2,246,0.5778,91645,0
scale_f0.01,kc_delta,2,247,0.5746,92245,0
scale_f0.01,kc_delta,2,248,0.5619,92845,0
scale_f0.01,kc_delta,2,249,0.5619,93445,0
scale_f0.01,kc_delta,2,250,0.5746,93532,0
scale_f0.01,kc_delta,2,251,0.5778,93565,0
scale_f0.01,kc_delta,2,252,0.5810,94165,0
scale_f0.01,kc_delta,2,253,0.5778,94297,0
scale_f0.01,kc_delta,2,254,0.5714,94897,0
scale_f0.01,kc_delta,2,255,0.5746,94928,0
scale_f0.01,kc_delta,2,256,0.5651,95528,0
scale_f0.01,kc_delta,2,257,0.5683,96128,0
scale_f0.01,kc_delta,2,258,0.5587,96728,0
scale_f0.01,kc_delta,2,259,0.5556,97328,0
scale_f0.01,kc_delta,2,260,0.5651,97928,0
scale_f0.01,kc_delta,2,261,0.5651,98528,0
scale_f0.01,kc_delta,2,262,0.5651,98550,0
scale_f0.01,kc_delta,2,263,0.5746,98578,0
scale_f0.01,kc_delta,2,264,0.5714,98588,0
scale_f0.01,kc_delta,2,265,0.5619,99188,0
scale_f0.01,kc_delta,2,266,0.5714,99375,0
scale_f0.01,kc_delta,2,267,0.5714,99405,0
scale_f0.01,kc_delta,2,268,0.5651,100005,0
scale_f0.01,kc_delta,2,269,0.5587,100027,0
scale_f0.01,kc_delta,2,270,0.5746,100172,0
scale_f0.01,kc_delta,2,271,0.5746,100196,0
scale_f0.01,kc_delta,2,272,0.5683,100796,0
scale_f0.01,kc_delta,2,273,0.5714,101396,0
scale_f0.01,kc_delta,2,274,0.5714,101996,0
scale_f0.01,kc_delta,2,275,0.5651,102596,0
scale_f0.01,kc_delta,2,276,0.5619,102639,0
scale_f0.01,kc_delta,2,277,0.5556,103239,0
scale_f0.01,kc_delta,2,278,0.5524,103839,0
scale_f0.01,kc_delta,2,279,0.5556,103893,0
scale_f0.01,kc_delta,2,280,0.5524,104493,0
scale_f0.01,kc_delta,2,281,0.5460,104652,0
scale_f0.01,kc_delta,2,282,0.5460,104722,0
scale_f0.01,kc_delta,2,283,0.5683,104843,0
scale_f0.01,kc_delta,2,284,0.5524,105443,0
scale_f0.01,kc_delta,2,285,0.5587,105452,0
scale_f0.01,kc_delta,2,286,0.5587,105554,0
scale_f0.01,kc_delta,2,287,0.5619,105563,0
scale_f0.01,kc_delta,2,288,0.5524,105589,0
scale_f0.01,kc_delta,2,289,0.5460,106189,0
scale_f0.01,kc_delta,2,290,0.5460,106229,0
scale_f0.01,kc_delta,2,291,0.5429,106245,0
scale_f0.01,kc_delta,2,292,0.5524,106845,0
scale_f0.01,kc_delta,2,293,0.5460,107445,0
scale_f0.01,kc_delta,2,294,0.5397,108045,0
scale_f0.01,kc_delta,2,295,0.5619,108092,0
scale_f0.01,kc_delta,2,296,0.5651,108692,0
scale_f0.01,kc_delta,2,297,0.5587,108716,0
scale_f0.01,kc_delta,2,298,0.5587,108718,0
scale_f0.01,kc_delta,2,299,0.5587,109318,0
scale_f0.01,kc_delta,2,300,0.5619,109918,0
scale_f0.01,kc_delta,2,301,0.5556,110518,0
scale_f0.01,kc_delta,2,302,0.5333,111118,0
scale_f0.01,kc_delta,2,303,0.5333,111718,0
scale_f0.01,kc_delta,2,304,0.5492,111811,0
scale_f0.01,kc_delta,2,305,0.5683,112411,0
scale_f0.01,kc_delta,2,306,0.5683,112511,0
scale_f0.01,kc_delta,2,307,0.5810,112545,0
scale_f0.01,kc_delta,2,308,0.5746,113145,0
scale_f0.01,kc_delta,2,309,0.5746,113745,0
scale_f0.01,kc_delta,2,310,0.5873,114345,0
scale_f0.01,kc_delta,2,311,0.5841,114945,0
scale_f0.01,kc_delta,2,312,0.5714,115545,0
scale_f0.01,kc_delta,2,313,0.5968,115656,0
scale_f0.01,kc_delta,2,314,0.5714,116256,0
scale_f0.01,kc_delta,2,315,0.5683,116274,0
scale_f0.01,kc_delta,2,316,0.5714,116284,0
scale_f0.01,kc_delta,2,317,0.5714,116316,0
scale_f0.01,kc_delta,2,318,0.5714,116916,0
scale_f0.01,kc_delta,2,319,0.5556,117516,0
scale_f0.01,kc_delta,2,320,0.5651,117569,0
scale_f0.01,kc_delta,2,321,0.5587,118169,0
scale_f0.01,kc_delta,2,322,0.5587,118194,0
scale_f0.01,kc_delta,2,323,0.5714,118794,0
scale_f0.01,kc_delta,2,324,0.5683,119394,0
scale_f0.01,kc_delta,2,325,0.5524,119994,0
scale_f0.01,kc_delta,2,326,0.5619,120041,0
scale_f0.01,kc_delta,2,327,0.5333,120641,0
scale_f0.01,kc_delta,2,328,0.5365,121241,0
scale_f0.01,kc_delta,2,329,0.5397,121841,0
scale_f0.01,kc_delta,2,330,0.5429,122441,0
scale_f0.01,kc_delta,2,331,0.5270,123041,0
scale_f0.01,kc_delta,2,332,0.5365,123641,0
scale_f0.01,kc_delta,2,333,0.5429,123658,0
scale_f0.01,kc_delta,2,334,0.5175,124258,0
scale_f0.01,kc_delta,2,335,0.5397,124858,0
scale_f0.01,kc_delta,2,336,0.5714,125011,0
scale_f0.01,kc_delta,2,337,0.5778,125048,0
scale_f0.01,kc_delta,2,338,0.5746,125066,0
scale_f0.01,kc_delta,2,339,0.5746,125086,0
scale_f0.01,kc_delta,2,340,0.5587,125686,0
scale_f0.01,kc_delta,2,341,0.5556,125696,0
scale_f0.01,kc_delta,2,342,0.5556,125742,0
scale_f0.01,kc_delta,2,343,0.5492,125771,0
scale_f0.01,kc_delta,2,344,0.5492,125779,0
scale_f0.01,kc_delta,2,345,0.5587,125956,0
scale_f0.01,kc_delta,2,346,0.5619,126556,0
scale_f0.01,kc_delta,2,347,0.5587,126946,0
scale_f0.01,kc_delta,2,348,0.5460,127546,0
scale_f0.01,kc_delta,2,349,0.5460,128146,0
scale_f0.01,kc_delta,2,350,0.5587,128168,0
scale_f0.01,kc_delta,2,351,0.5619,128768,0
scale_f0.01,kc_delta,2,352,0.5587,129368,0
scale_f0.01,kc_delta,2,353,0.5587,129968,0
scale_f0.01,kc_delta,2,354,0.5524,130568,0
scale_f0.01,kc_delta,2,355,0.5587,130584,0
scale_f0.01,kc_delta,2,356,0.5619,130601,0
scale_f0.01,kc_delta,2,357,0.5619,131109,0
scale_f0.01,kc_delta,2,358,0.5651,131121,0
scale_f0.01,kc_delta,2,359,0.5619,131149,0
scale_f0.01,kc_delta,2,360,0.5587,131218,0
scale_f0.01,kc_delta,2,361,0.5524,131818,0
scale_f0.01,kc_delta,2,362,0.5492,132418,0
scale_f0.01,kc_delta,2,363,0.5587,132450,0
scale_f0.01,kc_delta,2,364,0.5524,133050,0
scale_f0.01,kc_delta,2,365,0.5524,133222,0
scale_f0.01,kc_delta,2,366,0.5397,133822,0
scale_f0.01,kc_delta,2,367,0.5429,134422,0
scale_f0.01,kc_delta,2,368,0.5460,135022,0
scale_f0.01,kc_delta,2,369,0.5460,135622,0
scale_f0.01,kc_delta,2,370,0.5492,135653,0
scale_f0.01,kc_delta,2,371,0.5556,135717,0
scale_f0.01,kc_delta,2,372,0.5524,136317,0
scale_f0.01,kc_delta,2,373,0.5619,136917,0
scale_f0.01,kc_delta,2,374,0.5524,137517,0
scale_f0.01,kc_delta,2,375,0.5524,137670,0
scale_f0.01,kc_delta,2,376,0.5556,137674,0
scale_f0.01,kc_delta,2,377,0.5460,138274,0
scale_f0.01,kc_delta,2,378,0.5556,138323,0
scale_f0.01,kc_delta,2,379,0.5492,138923,0
scale_f0.01,kc_delta,2,380,0.5492,139523,0
scale_f0.01,kc_delta,2,381,0.5492,140123,0
scale_f0.01,kc_delta,2,382,0.5492,140135,0
scale_f0.01,kc_delta,2,383,0.5492,140141,0
scale_f0.01,kc_delta,2,384,0.5746,140304,0
scale_f0.01,kc_delta,2,385,0.5778,140396,0
scale_f0.01,kc_delta,2,386,0.5651,140996,0
scale_f0.01,kc_delta,2,387,0.5619,141026,0
scale_f0.01,kc_delta,2,388,0.5556,141626,0
scale_f0.01,kc_delta,2,389,0.5683,141765,0
scale_f0.01,kc_delta,2,390,0.5968,142131,0
scale_f0.01,kc_delta,2,391,0.5937,142160,0
scale_f0.01,kc_delta,2,392,0.5937,142182,0
scale_f0.01,kc_delta,2,393,0.5841,142782,0
scale_f0.01,kc_delta,2,394,0.5619,143382,0
scale_f0.01,kc_delta,2,395,0.5714,143576,0
scale_f0.01,kc_delta,2,396,0.5714,143604,0
scale_f0.01,kc_delta,2,397,0.5714,144204,0
scale_f0.01,kc_delta,2,398,0.5746,144236,0
scale_f0.01,kc_delta,2,399,0.5746,144836,0
scale_f0.01,kc_delta,2,400,0.5683,145436,0
scale_f0.01,kc_delta,2,401,0.5651,146036,0
scale_f0.01,kc_delta,2,402,0.5524,146636,0
scale_f0.01,kc_delta,2,403,0.5683,146687,0
scale_f0.01,kc_delta,2,404,0.5619,146725,0
scale_f0.01,kc_delta,2,405,0.5841,146808,0
scale_f0.01,kc_delta,2,406,0.5683,146839,0
scale_f0.01,kc_delta,2,407,0.5714,146842,0
scale_f0.01,kc_delta,2,408,0.5778,146871,0
scale_f0.01,kc_delta,2,409,0.5619,147471,0
scale_f0.01,kc_delta,2,410,0.5619,148071,0
scale_f0.01,kc_delta,2,411,0.5619,148113,0
scale_f0.01,kc_delta,2,412,0.5651,148129,0
scale_f0.01,kc_delta,2,413,0.5556,148729,0
scale_f0.01,kc_delta,2,414,0.5841,148908,0
scale_f0.01,kc_delta,2,415,0.5778,148941,0
scale_f0.01,kc_delta,2,416,0.5905,149019,0
scale_f0.01,kc_delta,2,417,0.5905,149035,0
scale_f0.01,kc_delta,2,418,0.5746,149635,0
scale_f0.01,kc_delta,2,419,0.5778,150235,0
scale_f0.01,kc_delta,2,420,0.5841,150704,0
scale_f0.01,kc_delta,2,421,0.5746,150811,0
scale_f0.01,kc_delta,2,422,0.5746,150863,0
scale_f0.01,kc_delta,2,423,0.5746,150889,0
scale_f0.01,kc_delta,2,424,0.5810,150916,0
scale_f0.01,kc_delta,2,425,0.5810,150920,0
scale_f0.01,kc_delta,2,426,0.5746,151520,0
scale_f0.01,kc_delta,2,427,0.5556,152120,0
scale_f0.01,kc_delta,2,428,0.5524,152720,0
scale_f0.01,kc_delta,2,429,0.5587,152740,0
scale_f0.01,kc_delta,2,430,0.5651,152768,0
scale_f0.01,kc_delta,2,431,0.5746,152801,0
scale_f0.01,kc_delta,2,432,0.5714,153401,0
scale_f0.01,kc_delta,2,433,0.5778,154001,0
scale_f0.01,kc_delta,2,434,0.5746,154601,0
scale_f0.01,kc_delta,2,435,0.5619,155201,0
scale_f0.01,kc_delta,2,436,0.5683,155261,0
scale_f0.01,kc_delta,2,437,0.5746,155266,0
scale_f0.01,kc_delta,2,438,0.5778,155866,0
scale_f0.01,kc_delta,2,439,0.5810,155920,0
scale_f0.01,kc_delta,2,440,0.5810,155939,0
scale_f0.01,kc_delta,2,441,0.5746,155982,0
scale_f0.01,kc_delta,2,442,0.5714,156023,0
scale_f0.01,kc_delta,2,443,0.5746,156055,0
scale_f0.01,kc_delta,2,444,0.5683,156655,0
scale_f0.01,kc_delta,2,445,0.5683,157255,0
scale_f0.01,kc_delta,2,446,0.5714,157280,0
scale_f0.01,kc_delta,2,447,0.5524,157880,0
scale_f0.01,kc_delta,2,448,0.5524,158480,0
scale_f0.01,kc_delta,2,449,0.5365,159080,0
scale_f0.01,kc_delta,2,450,0.5270,159324,0
scale_f0.01,kc_delta,2,451,0.5333,159924,0
scale_f0.01,kc_delta,2,452,0.5365,160524,0
scale_f0.01,kc_delta,2,453,0.5333,161124,0
scale_f0.01,kc_delta,2,454,0.5365,161724,0
scale_f0.01,kc_delta,2,455,0.5397,161748,0
scale_f0.01,kc_delta,2,456,0.5333,161766,0
scale_f0.01,kc_delta,2,457,0.5206,162366,0
scale_f0.01,kc_delta,2,458,0.5143,162966,0
scale_f0.01,kc_delta,2,459,0.5111,163566,0
scale_f0.01,kc_delta,2,460,0.5238,163708,0
scale_f0.01,kc_delta,2,461,0.5270,163728,0
scale_f0.01,kc_delta,2,462,0.5587,163855,0
scale_f0.01,kc_delta,2,463,0.5587,164455,0
scale_f0.01,kc_delta,2,464,0.5492,165055,0
scale_f0.01,kc_delta,2,465,0.5556,165082,0
scale_f0.01,kc_delta,2,466,0.5492,165114,0
scale_f0.01,kc_delta,2,467,0.5429,165150,0
scale_f0.01,kc_delta,2,468,0.5270,165750,0
scale_f0.01,kc_delta,2,469,0.5238,166350,0
scale_f0.01,kc_delta,2,470,0.5365,166383,0
scale_f0.01,kc_delta,2,471,0.5365,166983,0
scale_f0.01,kc_delta,2,472,0.5429,167001,0
scale_f0.01,kc_delta,2,473,0.5683,167075,0
scale_f0.01,kc_delta,2,474,0.5651,167092,0
scale_f0.01,kc_delta,2,475,0.5587,167692,0
scale_f0.01,kc_delta,2,476,0.5587,168292,0
scale_f0.01,kc_delta,2,477,0.5714,168362,0
scale_f0.01,kc_delta,2,478,0.5683,168962,0
scale_f0.01,kc_delta,2,479,0.5683,169182,0
scale_f0.01,kc_delta,2,480,0.5683,169782,0
scale_f0.01,kc_delta,2,481,0.5683,169794,0
scale_f0.01,kc_delta,2,482,0.5683,170394,0
scale_f0.01,kc_delta,2,483,0.5683,170513,0
scale_f0.01,kc_delta,2,484,0.5714,171113,0
scale_f0.01,kc_delta,2,485,0.5746,171128,0
scale_f0.01,kc_delta,2,486,0.5810,171186,0
scale_f0.01,kc_delta,2,487,0.5841,171786,0
scale_f0.01,kc_delta,2,488,0.5810,172386,0
scale_f0.01,kc_delta,2,489,0.5810,172396,0
scale_f0.01,kc_delta,2,490,0.5714,172430,0
scale_f0.01,kc_delta,2,491,0.5714,172436,0
scale_f0.01,kc_delta,2,492,0.5746,173036,0
scale_f0.01,kc_delta,2,493,0.5810,173105,0
scale_f0.01,kc_delta,2,494,0.5746,173705,0
scale_f0.01,kc_delta,2,495,0.5683,174305,0
scale_f0.01,kc_delta,2,496,0.5714,174314,0
scale_f0.01,kc_delta,2,497,0.5810,174335,0
scale_f0.01,kc_delta,2,498,0.5778,174935,0
scale_f0.01,kc_delta,2,499,0.5968,175028,0
scale_f0.01,kc_delta,2,500,0.5968,175628,0
scale_f0.01,kc_delta,2,501,0.6063,175662,0
scale_f0.01,kc_delta,2,502,0.6095,175757,0
scale_f0.01,kc_delta,2,503,0.6063,176357,0
scale_f0.01,kc_delta,2,504,0.6032,176384,0
scale_f0.01,kc_delta,2,505,0.5714,176984,0
scale_f0.01,kc_delta,2,506,0.5841,177057,0
scale_f0.01,kc_delta,2,507,0.5778,177657,0
scale_f0.01,kc_delta,2,508,0.5841,177777,0
scale_f0.01,kc_delta,2,509,0.5873,177885,0
scale_f0.01,kc_delta,2,510,0.5937,177914,0
scale_f0.01,kc_delta,2,511,0.5810,178514,0
scale_f0.01,kc_delta,2,512,0.5492,179114,0
scale_f0.01,kc_delta,2,513,0.5587,179714,0
scale_f0.01,kc_delta,2,514,0.5746,180083,0
scale_f0.01,kc_delta,2,515,0.5714,180683,0
scale_f0.01,kc_delta,2,516,0.5778,180723,0
scale_f0.01,kc_delta,2,517,0.5683,181323,0
scale_f0.01,kc_delta,2,518,0.5905,181362,0
scale_f0.01,kc_delta,2,519,0.5968,181394,0
scale_f0.01,kc_delta,2,520,0.6000,181458,0
scale_f0.01,kc_delta,2,521,0.5937,182058,0
scale_f0.01,kc_delta,2,522,0.5841,182658,0
scale_f0.01,kc_delta,2,523,0.5810,182703,0
scale_f0.01,kc_delta,2,524,0.5778,182724,0
scale_f0.01,kc_delta,2,525,0.5937,183324,0
scale_f0.01,kc_delta,2,526,0.5968,183333,0
scale_f0.01,kc_delta,2,527,0.5873,183933,0
scale_f0.01,kc_delta,2,528,0.5873,183957,0
scale_f0.01,kc_delta,2,529,0.6063,184557,0
scale_f0.01,kc_delta,2,530,0.5968,185157,0
scale_f0.01,kc_delta,2,531,0.5873,185757,0
scale_f0.01,kc_delta,2,532,0.5937,185869,0
scale_f0.01,kc_delta,2,533,0.5937,185915,0
scale_f0.01,kc_delta,2,534,0.5937,185922,0
scale_f0.01,kc_delta,2,535,0.6032,186030,0
scale_f0.01,kc_delta,2,536,0.6095,186069,0
scale_f0.01,kc_delta,2,537,0.6063,186669,0
scale_f0.01,kc_delta,2,538,0.6095,186696,0
scale_f0.01,kc_delta,2,539,0.6000,187296,0
scale_f0.01,kc_delta,2,540,0.5905,187896,0
scale_f0.01,kc_delta,2,541,0.5937,187903,0
scale_f0.01,kc_delta,2,542,0.5905,187980,0
scale_f0.01,kc_delta,2,543,0.5968,188051,0
scale_f0.01,kc_delta,2,544,0.6032,188101,0
scale_f0.01,kc_delta,2,545,0.6032,188123,0
scale_f0.01,kc_delta,2,546,0.6063,188208,0
scale_f0.01,kc_delta,2,547,0.6032,188808,0
scale_f0.01,kc_delta,2,548,0.5841,189408,0
scale_f0.01,kc_delta,2,549,0.5905,189593,0
scale_f0.01,kc_delta,2,550,0.5651,190193,0
scale_f0.01,kc_delta,2,551,0.5714,190213,0
scale_f0.01,kc_delta,2,552,0.5841,190813,0
scale_f0.01,kc_delta,2,553,0.5778,191413,0
scale_f0.01,kc_delta,2,554,0.5778,192013,0
scale_f0.01,kc_delta,2,555,0.5619,192613,0
scale_f0.01,kc_delta,2,556,0.5714,192771,0
scale_f0.01,kc_delta,2,557,0.5619,192786,0
scale_f0.01,kc_delta,2,558,0.5556,193386,0
scale_f0.01,kc_delta,2,559,0.5556,193986,0
scale_f0.01,kc_delta,2,560,0.5556,194066,0
scale_f0.01,kc_delta,2,561,0.5587,194666,0
scale_f0.01,kc_delta,2,562,0.5587,195266,0
scale_f0.01,kc_delta,2,563,0.5651,195347,0
scale_f0.01,kc_delta,2,564,0.5651,195361,0
scale_f0.01,kc_delta,2,565,0.5651,195961,0
scale_f0.01,kc_delta,2,566,0.5778,196115,0
scale_f0.01,kc_delta,2,567,0.5651,196715,0
scale_f0.01,kc_delta,2,568,0.5841,196758,0
scale_f0.01,kc_delta,2,569,0.5873,197358,0
scale_f0.01,kc_delta,2,570,0.5714,197958,0
scale_f0.01,kc_delta,2,571,0.5746,198558,0
scale_f0.01,kc_delta,2,572,0.5810,199158,0
scale_f0.01,kc_delta,2,573,0.5746,199758,0
scale_f0.01,kc_delta,2,574,0.5873,199789,0
scale_f0.01,kc_delta,2,575,0.5905,200389,0
scale_f0.01,kc_delta,2,576,0.5841,200989,0
scale_f0.01,kc_delta,2,577,0.5937,201049,0
scale_f0.01,kc_delta,2,578,0.5683,201649,0
scale_f0.01,kc_delta,2,579,0.5746,202249,0
scale_f0.01,kc_delta,2,580,0.5714,202849,0
scale_f0.01,kc_delta,2,581,0.5746,202850,0
scale_f0.01,kc_delta,2,582,0.5810,202877,0
scale_f0.01,kc_delta,2,583,0.5683,203477,0
scale_f0.01,kc_delta,2,584,0.5746,203508,0
scale_f0.01,kc_delta,2,585,0.5714,203537,0
scale_f0.01,kc_delta,2,586,0.5746,204137,0
scale_f0.01,kc_delta,2,587,0.5778,204183,0
scale_f0.01,kc_delta,2,588,0.5683,204783,0
scale_f0.01,kc_delta,2,589,0.5587,205383,0
scale_f0.01,kc_delta,2,590,0.5556,205983,0
scale_f0.01,kc_delta,2,591,0.5524,206583,0
scale_f0.01,kc_delta,2,592,0.5524,207183,0
scale_f0.01,kc_delta,2,593,0.5556,207783,0
scale_f0.01,kc_delta,2,594,0.5524,207809,0
scale_f0.01,kc_delta,2,595,0.5651,208409,0
scale_f0.01,kc_delta,2,596,0.5651,209009,0
scale_f0.01,kc_delta,2,597,0.5651,209064,0
scale_f0.01,kc_delta,2,598,0.5810,209120,0
scale_f0.01,kc_delta,2,599,0.5619,209720,0
scale_f0.01,rand_delta,2,0,0.3841,600,0
scale_f0.01,rand_delta,2,1,0.4476,1200,0
scale_f0.01,rand_delta,2,2,0.4952,1566,0
scale_f0.01,rand_delta,2,3,0.5048,1893,0
scale_f0.01,rand_delta,2,4,0.5714,2493,0
scale_f0.01,rand_delta,2,5,0.5778,2519,0
scale_f0.01,rand_delta,2,6,0.6222,2826,0
scale_f0.01,rand_delta,2,7,0.6571,3390,0
scale_f0.01,rand_delta,2,8,0.6571,3405,0
scale_f0.01,rand_delta,2,9,0.6444,3542,0
scale_f0.01,rand_delta,2,10,0.6540,4142,0
scale_f0.01,rand_delta,2,11,0.6603,4210,0
scale_f0.01,rand_delta,2,12,0.6603,4239,0
scale_f0.01,rand_delta,2,13,0.6349,4839,0
scale_f0.01,rand_delta,2,14,0.6508,5168,0
scale_f0.01,rand_delta,2,15,0.5746,5768,0
scale_f0.01,rand_delta,2,16,0.5873,5790,0
scale_f0.01,rand_delta,2,17,0.5873,5825,0
scale_f0.01,rand_delta,2,18,0.5873,5839,0
scale_f0.01,rand_delta,2,19,0.6063,6188,0
scale_f0.01,rand_delta,2,20,0.6222,6363,0
scale_f0.01,rand_delta,2,21,0.5810,6963,0
scale_f0.01,rand_delta,2,22,0.6127,7247,0
scale_f0.01,rand_delta,2,23,0.6286,7670,0
scale_f0.01,rand_delta,2,24,0.6286,7674,0
scale_f0.01,rand_delta,2,25,0.6349,7774,0
scale_f0.01,rand_delta,2,26,0.6444,7852,0
scale_f0.01,rand_delta,2,27,0.6444,7856,0
scale_f0.01,rand_delta,2,28,0.6476,7998,0
scale_f0.01,rand_delta,2,29,0.6508,8598,0
scale_f0.01,rand_delta,2,30,0.6540,8646,0
scale_f0.01,rand_delta,2,31,0.6286,9246,0
scale_f0.01,rand_delta,2,32,0.6032,9846,0
scale_f0.01,rand_delta,2,33,0.5206,10446,0
scale_f0.01,rand_delta,2,34,0.4921,11046,0
scale_f0.01,rand_delta,2,35,0.5111,11138,0
scale_f0.01,rand_delta,2,36,0.5238,11176,0
scale_f0.01,rand_delta,2,37,0.5556,11776,0
scale_f0.01,rand_delta,2,38,0.5270,12376,0
scale_f0.01,rand_delta,2,39,0.5365,12976,0
scale_f0.01,rand_delta,2,40,0.5683,13195,0
scale_f0.01,rand_delta,2,41,0.5778,13432,0
scale_f0.01,rand_delta,2,42,0.5905,14032,0
scale_f0.01,rand_delta,2,43,0.5905,14048,0
scale_f0.01,rand_delta,2,44,0.6095,14459,0
scale_f0.01,rand_delta,2,45,0.6095,14922,0
scale_f0.01,rand_delta,2,46,0.6159,14959,0
scale_f0.01,rand_delta,2,47,0.6095,15559,0
scale_f0.01,rand_delta,2,48,0.6095,15611,0
scale_f0.01,rand_delta,2,49,0.6095,16211,0
scale_f0.01,rand_delta,2,50,0.6222,16811,0
scale_f0.01,rand_delta,2,51,0.5968,17411,0
scale_f0.01,rand_delta,2,52,0.5524,18011,0
scale_f0.01,rand_delta,2,53,0.5460,18611,0
scale_f0.01,rand_delta,2,54,0.5587,18637,0
scale_f0.01,rand_delta,2,55,0.5460,19237,0
scale_f0.01,rand_delta,2,56,0.5365,19837,0
scale_f0.01,rand_delta,2,57,0.5556,20437,0
scale_f0.01,rand_delta,2,58,0.5492,21037,0
scale_f0.01,rand_delta,2,59,0.6032,21532,0
scale_f0.01,rand_delta,2,60,0.6127,22132,0
scale_f0.01,rand_delta,2,61,0.6159,22151,0
scale_f0.01,rand_delta,2,62,0.6159,22173,0
scale_f0.01,rand_delta,2,63,0.5810,22773,0
scale_f0.01,rand_delta,2,64,0.5968,23065,0
scale_f0.01,rand_delta,2,65,0.5905,23665,0
scale_f0.01,rand_delta,2,66,0.6190,23918,0
scale_f0.01,rand_delta,2,67,0.6222,24518,0
scale_f0.01,rand_delta,2,68,0.5937,25118,0
scale_f0.01,rand_delta,2,69,0.6000,25141,0
scale_f0.01,rand_delta,2,70,0.6063,25568,0
scale_f0.01,rand_delta,2,71,0.6222,26168,0
scale_f0.01,rand_delta,2,72,0.6381,26208,0
scale_f0.01,rand_delta,2,73,0.6413,26239,0
scale_f0.01,rand_delta,2,74,0.5968,26839,0
scale_f0.01,rand_delta,2,75,0.6000,26858,0
scale_f0.01,rand_delta,2,76,0.6254,27134,0
scale_f0.01,rand_delta,2,77,0.6286,27734,0
scale_f0.01,rand_delta,2,78,0.6286,28334,0
scale_f0.01,rand_delta,2,79,0.6317,28386,0
scale_f0.01,rand_delta,2,80,0.6286,28986,0
scale_f0.01,rand_delta,2,81,0.6349,29010,0
scale_f0.01,rand_delta,2,82,0.6349,29610,0
scale_f0.01,rand_delta,2,83,0.6381,29636,0
scale_f0.01,rand_delta,2,84,0.6381,30236,0
scale_f0.01,rand_delta,2,85,0.6413,30247,0
scale_f0.01,rand_delta,2,86,0.6349,30847,0
scale_f0.01,rand_delta,2,87,0.6476,30885,0
scale_f0.01,rand_delta,2,88,0.6476,30905,0
scale_f0.01,rand_delta,2,89,0.6476,30929,0
scale_f0.01,rand_delta,2,90,0.6603,31529,0
scale_f0.01,rand_delta,2,91,0.6603,32129,0
scale_f0.01,rand_delta,2,92,0.6698,32729,0
scale_f0.01,rand_delta,2,93,0.6635,33329,0
scale_f0.01,rand_delta,2,94,0.6635,33336,0
scale_f0.01,rand_delta,2,95,0.6667,33359,0
scale_f0.01,rand_delta,2,96,0.6635,33959,0
scale_f0.01,rand_delta,2,97,0.6603,34559,0
scale_f0.01,rand_delta,2,98,0.6635,35159,0
scale_f0.01,rand_delta,2,99,0.6603,35759,0
scale_f0.01,rand_delta,2,100,0.6635,36359,0
scale_f0.01,rand_delta,2,101,0.6603,36959,0
scale_f0.01,rand_delta,2,102,0.6571,37559,0
scale_f0.01,rand_delta,2,103,0.6698,38159,0
scale_f0.01,rand_delta,2,104,0.6698,38176,0
scale_f0.01,rand_delta,2,105,0.6730,38776,0
scale_f0.01,rand_delta,2,106,0.6540,39376,0
scale_f0.01,rand_delta,2,107,0.6571,39446,0
scale_f0.01,rand_delta,2,108,0.6667,40046,0
scale_f0.01,rand_delta,2,109,0.6317,40646,0
scale_f0.01,rand_delta,2,110,0.6254,41246,0
scale_f0.01,rand_delta,2,111,0.6063,41846,0
scale_f0.01,rand_delta,2,112,0.6095,42269,0
scale_f0.01,rand_delta,2,113,0.6032,42869,0
scale_f0.01,rand_delta,2,114,0.6095,43205,0
scale_f0.01,rand_delta,2,115,0.6000,43805,0
scale_f0.01,rand_delta,2,116,0.6190,43839,0
scale_f0.01,rand_delta,2,117,0.6254,44439,0
scale_f0.01,rand_delta,2,118,0.6159,45039,0
scale_f0.01,rand_delta,2,119,0.6190,45124,0
scale_f0.01,rand_delta,2,120,0.6254,45151,0
scale_f0.01,rand_delta,2,121,0.6254,45171,0
scale_f0.01,rand_delta,2,122,0.6222,45771,0
scale_f0.01,rand_delta,2,123,0.6413,46371,0
scale_f0.01,rand_delta,2,124,0.6476,46971,0
scale_f0.01,rand_delta,2,125,0.6476,46977,0
scale_f0.01,rand_delta,2,126,0.6476,46985,0
scale_f0.01,rand_delta,2,127,0.6476,47585,0
scale_f0.01,rand_delta,2,128,0.6381,48185,0
scale_f0.01,rand_delta,2,129,0.6381,48210,0
scale_f0.01,rand_delta,2,130,0.6413,48810,0
scale_f0.01,rand_delta,2,131,0.6444,49410,0
scale_f0.01,rand_delta,2,132,0.6413,49417,0
scale_f0.01,rand_delta,2,133,0.6444,49471,0
scale_f0.01,rand_delta,2,134,0.6444,50071,0
scale_f0.01,rand_delta,2,135,0.6476,50107,0
scale_f0.01,rand_delta,2,136,0.6571,50707,0
scale_f0.01,rand_delta,2,137,0.6476,51307,0
scale_f0.01,rand_delta,2,138,0.6349,51907,0
scale_f0.01,rand_delta,2,139,0.6349,52507,0
scale_f0.01,rand_delta,2,140,0.6381,52528,0
scale_f0.01,rand_delta,2,141,0.6381,52549,0
scale_f0.01,rand_delta,2,142,0.6286,53149,0
scale_f0.01,rand_delta,2,143,0.6254,53160,0
scale_f0.01,rand_delta,2,144,0.6349,53760,0
scale_f0.01,rand_delta,2,145,0.6571,53830,0
scale_f0.01,rand_delta,2,146,0.6603,54430,0
scale_f0.01,rand_delta,2,147,0.6000,55030,0
scale_f0.01,rand_delta,2,148,0.6000,55042,0
scale_f0.01,rand_delta,2,149,0.6032,55642,0
scale_f0.01,rand_delta,2,150,0.6032,56242,0
scale_f0.01,rand_delta,2,151,0.6063,56271,0
scale_f0.01,rand_delta,2,152,0.5714,56871,0
scale_f0.01,rand_delta,2,153,0.5968,57471,0
scale_f0.01,rand_delta,2,154,0.5968,58071,0
scale_f0.01,rand_delta,2,155,0.6095,58242,0
scale_f0.01,rand_delta,2,156,0.6095,58256,0
scale_f0.01,rand_delta,2,157,0.6032,58856,0
scale_f0.01,rand_delta,2,158,0.6032,58877,0
scale_f0.01,rand_delta,2,159,0.6095,58894,0
scale_f0.01,rand_delta,2,160,0.6095,59494,0
scale_f0.01,rand_delta,2,161,0.6095,59508,0
scale_f0.01,rand_delta,2,162,0.6159,59556,0
scale_f0.01,rand_delta,2,163,0.6159,59573,0
scale_f0.01,rand_delta,2,164,0.6159,59586,0
scale_f0.01,rand_delta,2,165,0.6190,59625,0
scale_f0.01,rand_delta,2,166,0.6159,60225,0
scale_f0.01,rand_delta,2,167,0.6159,60252,0
scale_f0.01,rand_delta,2,168,0.6000,60852,0
scale_f0.01,rand_delta,2,169,0.6159,60889,0
scale_f0.01,rand_delta,2,170,0.5968,61489,0
scale_f0.01,rand_delta,2,171,0.6095,62089,0
scale_f0.01,rand_delta,2,172,0.6190,62121,0
scale_f0.01,rand_delta,2,173,0.6222,62721,0
scale_f0.01,rand_delta,2,174,0.6190,62740,0
scale_f0.01,rand_delta,2,175,0.6317,62843,0
scale_f0.01,rand_delta,2,176,0.6317,62860,0
scale_f0.01,rand_delta,2,177,0.6349,63460,0
scale_f0.01,rand_delta,2,178,0.6381,64060,0
scale_f0.01,rand_delta,2,179,0.6349,64660,0
scale_f0.01,rand_delta,2,180,0.6349,65260,0
scale_f0.01,rand_delta,2,181,0.6349,65274,0
scale_f0.01,rand_delta,2,182,0.6444,65319,0
scale_f0.01,rand_delta,2,183,0.6508,65919,0
scale_f0.01,rand_delta,2,184,0.6508,65949,0
scale_f0.01,rand_delta,2,185,0.6508,65969,0
scale_f0.01,rand_delta,2,186,0.6444,66569,0
scale_f0.01,rand_delta,2,187,0.6508,67169,0
scale_f0.01,rand_delta,2,188,0.6444,67769,0
scale_f0.01,rand_delta,2,189,0.6476,68369,0
scale_f0.01,rand_delta,2,190,0.6444,68969,0
scale_f0.01,rand_delta,2,191,0.6508,69569,0
scale_f0.01,rand_delta,2,192,0.6476,69589,0
scale_f0.01,rand_delta,2,193,0.6698,69779,0
scale_f0.01,rand_delta,2,194,0.6413,70379,0
scale_f0.01,rand_delta,2,195,0.6444,70979,0
scale_f0.01,rand_delta,2,196,0.6540,71035,0
scale_f0.01,rand_delta,2,197,0.6730,71161,0
scale_f0.01,rand_delta,2,198,0.6635,71761,0
scale_f0.01,rand_delta,2,199,0.6635,72361,0
scale_f0.01,rand_delta,2,200,0.6635,72961,0
scale_f0.01,rand_delta,2,201,0.6698,72986,0
scale_f0.01,rand_delta,2,202,0.6635,73017,0
scale_f0.01,rand_delta,2,203,0.6603,73039,0
scale_f0.01,rand_delta,2,204,0.6730,73085,0
scale_f0.01,rand_delta,2,205,0.6698,73109,0
scale_f0.01,rand_delta,2,206,0.6667,73118,0
scale_f0.01,rand_delta,2,207,0.6667,73718,0
scale_f0.01,rand_delta,2,208,0.6762,73745,0
scale_f0.01,rand_delta,2,209,0.6794,74345,0
scale_f0.01,rand_delta,2,210,0.6825,74367,0
scale_f0.01,rand_delta,2,211,0.6857,74967,0
scale_f0.01,rand_delta,2,212,0.6825,74977,0
scale_f0.01,rand_delta,2,213,0.6952,75577,0
scale_f0.01,rand_delta,2,214,0.6921,75596,0
scale_f0.01,rand_delta,2,215,0.6952,76196,0
scale_f0.01,rand_delta,2,216,0.6889,76213,0
scale_f0.01,rand_delta,2,217,0.6952,76274,0
scale_f0.01,rand_delta,2,218,0.6825,76874,0
scale_f0.01,rand_delta,2,219,0.6889,77474,0
scale_f0.01,rand_delta,2,220,0.6889,77480,0
scale_f0.01,rand_delta,2,221,0.6952,77506,0
scale_f0.01,rand_delta,2,222,0.6952,77831,0
scale_f0.01,rand_delta,2,223,0.6921,78431,0
scale_f0.01,rand_delta,2,224,0.7079,78561,0
scale_f0.01,rand_delta,2,225,0.7143,78705,0
scale_f0.01,rand_delta,2,226,0.7048,79305,0
scale_f0.01,rand_delta,2,227,0.7048,79905,0
scale_f0.01,rand_delta,2,228,0.7048,79953,0
scale_f0.01,rand_delta,2,229,0.7079,79962,0
scale_f0.01,rand_delta,2,230,0.7016,79976,0
scale_f0.01,rand_delta,2,231,0.7048,80576,0
scale_f0.01,rand_delta,2,232,0.7048,81176,0
scale_f0.01,rand_delta,2,233,0.7048,81179,0
scale_f0.01,rand_delta,2,234,0.7048,81199,0
scale_f0.01,rand_delta,2,235,0.6921,81799,0
scale_f0.01,rand_delta,2,236,0.6921,82399,0
scale_f0.01,rand_delta,2,237,0.7016,82443,0
scale_f0.01,rand_delta,2,238,0.7048,82469,0
scale_f0.01,rand_delta,2,239,0.7079,82513,0
scale_f0.01,rand_delta,2,240,0.7143,82535,0
scale_f0.01,rand_delta,2,241,0.7143,82559,0
scale_f0.01,rand_delta,2,242,0.7175,83159,0
scale_f0.01,rand_delta,2,243,0.7238,83186,0
scale_f0.01,rand_delta,2,244,0.7270,83786,0
scale_f0.01,rand_delta,2,245,0.7206,83821,0
scale_f0.01,rand_delta,2,246,0.7206,83826,0
scale_f0.01,rand_delta,2,247,0.7206,84426,0
scale_f0.01,rand_delta,2,248,0.7270,85026,0
scale_f0.01,rand_delta,2,249,0.7238,85626,0
scale_f0.01,rand_delta,2,250,0.7238,85657,0
scale_f0.01,rand_delta,2,251,0.7333,85688,0
scale_f0.01,rand_delta,2,252,0.7333,86288,0
scale_f0.01,rand_delta,2,253,0.7333,86649,0
scale_f0.01,rand_delta,2,254,0.7302,87249,0
scale_f0.01,rand_delta,2,255,0.7302,87270,0
scale_f0.01,rand_delta,2,256,0.7175,87870,0
scale_f0.01,rand_delta,2,257,0.7143,88470,0
scale_f0.01,rand_delta,2,258,0.7270,89070,0
scale_f0.01,rand_delta,2,259,0.7206,89243,0
scale_f0.01,rand_delta,2,260,0.7238,89427,0
scale_f0.01,rand_delta,2,261,0.7270,90027,0
scale_f0.01,rand_delta,2,262,0.7302,90046,0
scale_f0.01,rand_delta,2,263,0.7270,90065,0
scale_f0.01,rand_delta,2,264,0.7302,90074,0
scale_f0.01,rand_delta,2,265,0.7333,90674,0
scale_f0.01,rand_delta,2,266,0.7302,91274,0
scale_f0.01,rand_delta,2,267,0.7270,91293,0
scale_f0.01,rand_delta,2,268,0.7302,91328,0
scale_f0.01,rand_delta,2,269,0.7333,91346,0
scale_f0.01,rand_delta,2,270,0.7333,91375,0
scale_f0.01,rand_delta,2,271,0.7333,91392,0
scale_f0.01,rand_delta,2,272,0.7270,91516,0
scale_f0.01,rand_delta,2,273,0.7238,92116,0
scale_f0.01,rand_delta,2,274,0.7238,92716,0
scale_f0.01,rand_delta,2,275,0.7333,92865,0
scale_f0.01,rand_delta,2,276,0.7302,92892,0
scale_f0.01,rand_delta,2,277,0.7143,93492,0
scale_f0.01,rand_delta,2,278,0.7206,93536,0
scale_f0.01,rand_delta,2,279,0.7175,93562,0
scale_f0.01,rand_delta,2,280,0.7238,94162,0
scale_f0.01,rand_delta,2,281,0.7238,94252,0
scale_f0.01,rand_delta,2,282,0.7302,94280,0
scale_f0.01,rand_delta,2,283,0.7302,94312,0
scale_f0.01,rand_delta,2,284,0.7365,94912,0
scale_f0.01,rand_delta,2,285,0.7397,94919,0
scale_f0.01,rand_delta,2,286,0.7429,95068,0
scale_f0.01,rand_delta,2,287,0.7429,95077,0
scale_f0.01,rand_delta,2,288,0.7397,95096,0
scale_f0.01,rand_delta,2,289,0.7365,95696,0
scale_f0.01,rand_delta,2,290,0.7365,95722,0
scale_f0.01,rand_delta,2,291,0.7333,95736,0
scale_f0.01,rand_delta,2,292,0.7302,96336,0
scale_f0.01,rand_delta,2,293,0.7302,96936,0
scale_f0.01,rand_delta,2,294,0.7302,97536,0
scale_f0.01,rand_delta,2,295,0.7397,97568,0
scale_f0.01,rand_delta,2,296,0.7365,98168,0
scale_f0.01,rand_delta,2,297,0.7397,98184,0
scale_f0.01,rand_delta,2,298,0.7397,98186,0
scale_f0.01,rand_delta,2,299,0.7397,98786,0
scale_f0.01,rand_delta,2,300,0.7365,99386,0
scale_f0.01,rand_delta,2,301,0.7365,99986,0
scale_f0.01,rand_delta,2,302,0.7270,100586,0
scale_f0.01,rand_delta,2,303,0.7238,101186,0
scale_f0.01,rand_delta,2,304,0.7270,101217,0
scale_f0.01,rand_delta,2,305,0.7270,101817,0
scale_f0.01,rand_delta,2,306,0.7365,101845,0
scale_f0.01,rand_delta,2,307,0.7333,101862,0
scale_f0.01,rand_delta,2,308,0.7302,102462,0
scale_f0.01,rand_delta,2,309,0.7333,102505,0
scale_f0.01,rand_delta,2,310,0.7238,103105,0
scale_f0.01,rand_delta,2,311,0.7270,103705,0
scale_f0.01,rand_delta,2,312,0.7175,104305,0
scale_f0.01,rand_delta,2,313,0.7238,104497,0
scale_f0.01,rand_delta,2,314,0.7238,105097,0
scale_f0.01,rand_delta,2,315,0.7175,105108,0
scale_f0.01,rand_delta,2,316,0.7270,105125,0
scale_f0.01,rand_delta,2,317,0.7333,105140,0
scale_f0.01,rand_delta,2,318,0.7302,105395,0
scale_f0.01,rand_delta,2,319,0.7302,105995,0
scale_f0.01,rand_delta,2,320,0.7302,106018,0
scale_f0.01,rand_delta,2,321,0.7270,106618,0
scale_f0.01,rand_delta,2,322,0.7302,106633,0
scale_f0.01,rand_delta,2,323,0.7365,106849,0
scale_f0.01,rand_delta,2,324,0.7302,107041,0
scale_f0.01,rand_delta,2,325,0.7270,107641,0
scale_f0.01,rand_delta,2,326,0.7333,107676,0
scale_f0.01,rand_delta,2,327,0.7397,108276,0
scale_f0.01,rand_delta,2,328,0.7429,108876,0
scale_f0.01,rand_delta,2,329,0.7365,109476,0
scale_f0.01,rand_delta,2,330,0.7365,109509,0
scale_f0.01,rand_delta,2,331,0.7397,110109,0
scale_f0.01,rand_delta,2,332,0.7333,110709,0
scale_f0.01,rand_delta,2,333,0.7333,110716,0
scale_f0.01,rand_delta,2,334,0.7397,111316,0
scale_f0.01,rand_delta,2,335,0.7365,111916,0
scale_f0.01,rand_delta,2,336,0.7365,111945,0
scale_f0.01,rand_delta,2,337,0.7429,111962,0
scale_f0.01,rand_delta,2,338,0.7460,111981,0
scale_f0.01,rand_delta,2,339,0.7460,111999,0
scale_f0.01,rand_delta,2,340,0.7302,112599,0
scale_f0.01,rand_delta,2,341,0.7302,112610,0
scale_f0.01,rand_delta,2,342,0.7365,112639,0
scale_f0.01,rand_delta,2,343,0.7397,112660,0
scale_f0.01,rand_delta,2,344,0.7397,112666,0
scale_f0.01,rand_delta,2,345,0.7365,112697,0
scale_f0.01,rand_delta,2,346,0.7365,112730,0
scale_f0.01,rand_delta,2,347,0.7397,112768,0
scale_f0.01,rand_delta,2,348,0.7365,113368,0
scale_f0.01,rand_delta,2,349,0.7206,113968,0
scale_f0.01,rand_delta,2,350,0.7333,113994,0
scale_f0.01,rand_delta,2,351,0.7333,114029,0
scale_f0.01,rand_delta,2,352,0.7238,114629,0
scale_f0.01,rand_delta,2,353,0.7333,114894,0
scale_f0.01,rand_delta,2,354,0.7365,115494,0
scale_f0.01,rand_delta,2,355,0.7365,115505,0
scale_f0.01,rand_delta,2,356,0.7365,115516,0
scale_f0.01,rand_delta,2,357,0.7302,116116,0
scale_f0.01,rand_delta,2,358,0.7270,116123,0
scale_f0.01,rand_delta,2,359,0.7302,116144,0
scale_f0.01,rand_delta,2,360,0.7302,116156,0
scale_f0.01,rand_delta,2,361,0.7238,116756,0
scale_f0.01,rand_delta,2,362,0.7175,117356,0
scale_f0.01,rand_delta,2,363,0.7238,117375,0
scale_f0.01,rand_delta,2,364,0.7270,117975,0
scale_f0.01,rand_delta,2,365,0.7238,118007,0
scale_f0.01,rand_delta,2,366,0.7302,118607,0
scale_f0.01,rand_delta,2,367,0.7238,119207,0
scale_f0.01,rand_delta,2,368,0.7238,119247,0
scale_f0.01,rand_delta,2,369,0.7270,119847,0
scale_f0.01,rand_delta,2,370,0.7270,119859,0
scale_f0.01,rand_delta,2,371,0.7302,119886,0
scale_f0.01,rand_delta,2,372,0.7333,120486,0
scale_f0.01,rand_delta,2,373,0.7270,121086,0
scale_f0.01,rand_delta,2,374,0.7397,121136,0
scale_f0.01,rand_delta,2,375,0.7397,121153,0
scale_f0.01,rand_delta,2,376,0.7397,121156,0
scale_f0.01,rand_delta,2,377,0.7302,121756,0
scale_f0.01,rand_delta,2,378,0.7333,121771,0
scale_f0.01,rand_delta,2,379,0.7333,122371,0
scale_f0.01,rand_delta,2,380,0.7175,122971,0
scale_f0.01,rand_delta,2,381,0.7175,123571,0
scale_f0.01,rand_delta,2,382,0.7206,123579,0
scale_f0.01,rand_delta,2,383,0.7206,123585,0
scale_f0.01,rand_delta,2,384,0.7302,123627,0
scale_f0.01,rand_delta,2,385,0.7270,123663,0
scale_f0.01,rand_delta,2,386,0.7238,124263,0
scale_f0.01,rand_delta,2,387,0.7238,124284,0
scale_f0.01,rand_delta,2,388,0.7111,124884,0
scale_f0.01,rand_delta,2,389,0.7206,124913,0
scale_f0.01,rand_delta,2,390,0.7175,125513,0
scale_f0.01,rand_delta,2,391,0.7302,125535,0
scale_f0.01,rand_delta,2,392,0.7333,125552,0
scale_f0.01,rand_delta,2,393,0.7302,125865,0
scale_f0.01,rand_delta,2,394,0.7333,126465,0
scale_f0.01,rand_delta,2,395,0.7302,126500,0
scale_f0.01,rand_delta,2,396,0.7302,126525,0
scale_f0.01,rand_delta,2,397,0.7206,127125,0
scale_f0.01,rand_delta,2,398,0.7238,127144,0
scale_f0.01,rand_delta,2,399,0.7270,127744,0
scale_f0.01,rand_delta,2,400,0.7206,128344,0
scale_f0.01,rand_delta,2,401,0.7206,128944,0
scale_f0.01,rand_delta,2,402,0.7175,129544,0
scale_f0.01,rand_delta,2,403,0.7270,129572,0
scale_f0.01,rand_delta,2,404,0.7302,129601,0
scale_f0.01,rand_delta,2,405,0.7238,129631,0
scale_f0.01,rand_delta,2,406,0.7270,129659,0
scale_f0.01,rand_delta,2,407,0.7270,129661,0
scale_f0.01,rand_delta,2,408,0.7270,129669,0
scale_f0.01,rand_delta,2,409,0.7206,130269,0
scale_f0.01,rand_delta,2,410,0.7238,130493,0
scale_f0.01,rand_delta,2,411,0.7270,130519,0
scale_f0.01,rand_delta,2,412,0.7270,130530,0
scale_f0.01,rand_delta,2,413,0.7270,130577,0
scale_f0.01,rand_delta,2,414,0.7270,130629,0
scale_f0.01,rand_delta,2,415,0.7302,130652,0
scale_f0.01,rand_delta,2,416,0.7238,130677,0
scale_f0.01,rand_delta,2,417,0.7238,130696,0
scale_f0.01,rand_delta,2,418,0.7333,131296,0
scale_f0.01,rand_delta,2,419,0.7270,131896,0
scale_f0.01,rand_delta,2,420,0.7302,132496,0
scale_f0.01,rand_delta,2,421,0.7270,132523,0
scale_f0.01,rand_delta,2,422,0.7302,132549,0
scale_f0.01,rand_delta,2,423,0.7270,132560,0
scale_f0.01,rand_delta,2,424,0.7238,132583,0
scale_f0.01,rand_delta,2,425,0.7238,132585,0
scale_f0.01,rand_delta,2,426,0.7333,133185,0
scale_f0.01,rand_delta,2,427,0.7206,133785,0
scale_f0.01,rand_delta,2,428,0.7302,134385,0
scale_f0.01,rand_delta,2,429,0.7333,134401,0
scale_f0.01,rand_delta,2,430,0.7270,134413,0
scale_f0.01,rand_delta,2,431,0.7365,134439,0
scale_f0.01,rand_delta,2,432,0.7365,135039,0
scale_f0.01,rand_delta,2,433,0.7270,135639,0
scale_f0.01,rand_delta,2,434,0.7333,136239,0
scale_f0.01,rand_delta,2,435,0.7397,136839,0
scale_f0.01,rand_delta,2,436,0.7429,136857,0
scale_f0.01,rand_delta,2,437,0.7429,136860,0
scale_f0.01,rand_delta,2,438,0.7397,137460,0
scale_f0.01,rand_delta,2,439,0.7365,137490,0
scale_f0.01,rand_delta,2,440,0.7365,137511,0
scale_f0.01,rand_delta,2,441,0.7270,137527,0
scale_f0.01,rand_delta,2,442,0.7270,137559,0
scale_f0.01,rand_delta,2,443,0.7333,137587,0
scale_f0.01,rand_delta,2,444,0.7206,138187,0
scale_f0.01,rand_delta,2,445,0.7143,138787,0
scale_f0.01,rand_delta,2,446,0.7206,138807,0
scale_f0.01,rand_delta,2,447,0.7175,139407,0
scale_f0.01,rand_delta,2,448,0.7111,139442,0
scale_f0.01,rand_delta,2,449,0.7111,140042,0
scale_f0.01,rand_delta,2,450,0.7111,140642,0
scale_f0.01,rand_delta,2,451,0.7079,141242,0
scale_f0.01,rand_delta,2,452,0.7206,141507,0
scale_f0.01,rand_delta,2,453,0.7079,142107,0
scale_f0.01,rand_delta,2,454,0.7048,142707,0
scale_f0.01,rand_delta,2,455,0.7206,142747,0
scale_f0.01,rand_delta,2,456,0.7175,142765,0
scale_f0.01,rand_delta,2,457,0.7175,143365,0
scale_f0.01,rand_delta,2,458,0.7143,143965,0
scale_f0.01,rand_delta,2,459,0.7079,144565,0
scale_f0.01,rand_delta,2,460,0.7111,144608,0
scale_f0.01,rand_delta,2,461,0.7111,144624,0
scale_f0.01,rand_delta,2,462,0.7143,144654,0
scale_f0.01,rand_delta,2,463,0.6921,145254,0
scale_f0.01,rand_delta,2,464,0.6952,145854,0
scale_f0.01,rand_delta,2,465,0.7111,145898,0
scale_f0.01,rand_delta,2,466,0.7079,145930,0
scale_f0.01,rand_delta,2,467,0.7143,145968,0
scale_f0.01,rand_delta,2,468,0.7048,146568,0
scale_f0.01,rand_delta,2,469,0.7111,147168,0
scale_f0.01,rand_delta,2,470,0.7175,147193,0
scale_f0.01,rand_delta,2,471,0.7175,147793,0
scale_f0.01,rand_delta,2,472,0.7175,147809,0
scale_f0.01,rand_delta,2,473,0.7270,147841,0
scale_f0.01,rand_delta,2,474,0.7302,147863,0
scale_f0.01,rand_delta,2,475,0.7302,147897,0
scale_f0.01,rand_delta,2,476,0.7238,148497,0
scale_f0.01,rand_delta,2,477,0.7270,148614,0
scale_f0.01,rand_delta,2,478,0.7302,149214,0
scale_f0.01,rand_delta,2,479,0.7333,149255,0
scale_f0.01,rand_delta,2,480,0.7460,149415,0
scale_f0.01,rand_delta,2,481,0.7429,149425,0
scale_f0.01,rand_delta,2,482,0.7460,149460,0
scale_f0.01,rand_delta,2,483,0.7397,149490,0
scale_f0.01,rand_delta,2,484,0.7111,150090,0
scale_f0.01,rand_delta,2,485,0.7143,150106,0
scale_f0.01,rand_delta,2,486,0.7238,150136,0
scale_f0.01,rand_delta,2,487,0.7365,150736,0
scale_f0.01,rand_delta,2,488,0.7302,151336,0
scale_f0.01,rand_delta,2,489,0.7333,151350,0
scale_f0.01,rand_delta,2,490,0.7397,151378,0
scale_f0.01,rand_delta,2,491,0.7397,151384,0
scale_f0.01,rand_delta,2,492,0.7365,151423,0
scale_f0.01,rand_delta,2,493,0.7365,151454,0
scale_f0.01,rand_delta,2,494,0.7302,152054,0
scale_f0.01,rand_delta,2,495,0.7206,152654,0
scale_f0.01,rand_delta,2,496,0.7270,152666,0
scale_f0.01,rand_delta,2,497,0.7333,152688,0
scale_f0.01,rand_delta,2,498,0.7238,153288,0
scale_f0.01,rand_delta,2,499,0.7270,153326,0
scale_f0.01,rand_delta,2,500,0.7333,153926,0
scale_f0.01,rand_delta,2,501,0.7238,153947,0
scale_f0.01,rand_delta,2,502,0.7270,153982,0
scale_f0.01,rand_delta,2,503,0.7397,154513,0
scale_f0.01,rand_delta,2,504,0.7397,154534,0
scale_f0.01,rand_delta,2,505,0.7302,155134,0
scale_f0.01,rand_delta,2,506,0.7302,155166,0
scale_f0.01,rand_delta,2,507,0.7302,155766,0
scale_f0.01,rand_delta,2,508,0.7333,155801,0
scale_f0.01,rand_delta,2,509,0.7365,155866,0
scale_f0.01,rand_delta,2,510,0.7365,155885,0
scale_f0.01,rand_delta,2,511,0.7365,156485,0
scale_f0.01,rand_delta,2,512,0.7365,157085,0
scale_f0.01,rand_delta,2,513,0.7206,157685,0
scale_f0.01,rand_delta,2,514,0.7175,158285,0
scale_f0.01,rand_delta,2,515,0.7175,158885,0
scale_f0.01,rand_delta,2,516,0.7238,158916,0
scale_f0.01,rand_delta,2,517,0.7206,159516,0
scale_f0.01,rand_delta,2,518,0.7302,159560,0
scale_f0.01,rand_delta,2,519,0.7302,159588,0
scale_f0.01,rand_delta,2,520,0.7302,159622,0
scale_f0.01,rand_delta,2,521,0.7333,160222,0
scale_f0.01,rand_delta,2,522,0.7238,160822,0
scale_f0.01,rand_delta,2,523,0.7333,160866,0
scale_f0.01,rand_delta,2,524,0.7365,160891,0
scale_f0.01,rand_delta,2,525,0.7397,161009,0
scale_f0.01,rand_delta,2,526,0.7365,161016,0
scale_f0.01,rand_delta,2,527,0.7333,161616,0
scale_f0.01,rand_delta,2,528,0.7270,161642,0
scale_f0.01,rand_delta,2,529,0.7048,162242,0
scale_f0.01,rand_delta,2,530,0.7048,162842,0
scale_f0.01,rand_delta,2,531,0.7079,163442,0
scale_f0.01,rand_delta,2,532,0.7143,163490,0
scale_f0.01,rand_delta,2,533,0.7365,163549,0
scale_f0.01,rand_delta,2,534,0.7397,163558,0
scale_f0.01,rand_delta,2,535,0.7492,163585,0
scale_f0.01,rand_delta,2,536,0.7524,163622,0
scale_f0.01,rand_delta,2,537,0.7429,164222,0
scale_f0.01,rand_delta,2,538,0.7365,164242,0
scale_f0.01,rand_delta,2,539,0.7333,164281,0
scale_f0.01,rand_delta,2,540,0.7333,164881,0
scale_f0.01,rand_delta,2,541,0.7333,164886,0
scale_f0.01,rand_delta,2,542,0.7333,164914,0
scale_f0.01,rand_delta,2,543,0.7397,164947,0
scale_f0.01,rand_delta,2,544,0.7429,164984,0
scale_f0.01,rand_delta,2,545,0.7397,165004,0
scale_f0.01,rand_delta,2,546,0.7365,165040,0
scale_f0.01,rand_delta,2,547,0.7397,165640,0
scale_f0.01,rand_delta,2,548,0.7365,166240,0
scale_f0.01,rand_delta,2,549,0.7397,166276,0
scale_f0.01,rand_delta,2,550,0.7333,166876,0
scale_f0.01,rand_delta,2,551,0.7270,166895,0
scale_f0.01,rand_delta,2,552,0.7333,166946,0
scale_f0.01,rand_delta,2,553,0.7270,167546,0
scale_f0.01,rand_delta,2,554,0.7270,168146,0
scale_f0.01,rand_delta,2,555,0.7270,168746,0
scale_f0.01,rand_delta,2,556,0.7397,168785,0
scale_f0.01,rand_delta,2,557,0.7397,168797,0
scale_f0.01,rand_delta,2,558,0.7429,169397,0
scale_f0.01,rand_delta,2,559,0.7175,169997,0
scale_f0.01,rand_delta,2,560,0.7270,170069,0
scale_f0.01,rand_delta,2,561,0.7270,170669,0
scale_f0.01,rand_delta,2,562,0.7397,171269,0
scale_f0.01,rand_delta,2,563,0.7556,171401,0
scale_f0.01,rand_delta,2,564,0.7556,171414,0
scale_f0.01,rand_delta,2,565,0.7556,171455,0
scale_f0.01,rand_delta,2,566,0.7492,171486,0
scale_f0.01,rand_delta,2,567,0.7460,172086,0
scale_f0.01,rand_delta,2,568,0.7492,172119,0
scale_f0.01,rand_delta,2,569,0.7524,172719,0
scale_f0.01,rand_delta,2,570,0.7365,173319,0
scale_f0.01,rand_delta,2,571,0.7365,173919,0
scale_f0.01,rand_delta,2,572,0.7397,174519,0
scale_f0.01,rand_delta,2,573,0.7365,175119,0
scale_f0.01,rand_delta,2,574,0.7397,175153,0
scale_f0.01,rand_delta,2,575,0.7397,175753,0
scale_f0.01,rand_delta,2,576,0.7333,176353,0
scale_f0.01,rand_delta,2,577,0.7429,176386,0
scale_f0.01,rand_delta,2,578,0.7397,176701,0
scale_f0.01,rand_delta,2,579,0.7333,177301,0
scale_f0.01,rand_delta,2,580,0.7333,177901,0
scale_f0.01,rand_delta,2,581,0.7333,177902,0
scale_f0.01,rand_delta,2,582,0.7429,177932,0
scale_f0.01,rand_delta,2,583,0.7365,178532,0
scale_f0.01,rand_delta,2,584,0.7365,178565,0
scale_f0.01,rand_delta,2,585,0.7397,178583,0
scale_f0.01,rand_delta,2,586,0.7302,179183,0
scale_f0.01,rand_delta,2,587,0.7333,179221,0
scale_f0.01,rand_delta,2,588,0.7365,179821,0
scale_f0.01,rand_delta,2,589,0.7365,180421,0
scale_f0.01,rand_delta,2,590,0.7460,181021,0
scale_f0.01,rand_delta,2,591,0.7492,181621,0
scale_f0.01,rand_delta,2,592,0.7460,182221,0
scale_f0.01,rand_delta,2,593,0.7492,182821,0
scale_f0.01,rand_delta,2,594,0.7556,182851,0
scale_f0.01,rand_delta,2,595,0.7524,183451,0
scale_f0.01,rand_delta,2,596,0.7492,183644,0
scale_f0.01,rand_delta,2,597,0.7524,183680,0
scale_f0.01,rand_delta,2,598,0.7524,183722,0
scale_f0.01,rand_delta,2,599,0.7524,184322,0
