maze,agent,seed,episode,steps,total_reward,reached_goal,optimal_steps
scale_a0.2,mlp,0,0,600,-600.0,False,45
scale_a0.2,mlp,0,1,600,-600.0,False,46
scale_a0.2,mlp,0,2,600,-600.0,False,22
scale_a0.2,mlp,0,3,600,-600.0,False,19
scale_a0.2,mlp,0,4,600,-600.0,False,11
scale_a0.2,mlp,0,5,600,-600.0,False,22
scale_a0.2,mlp,0,6,600,-600.0,False,43
scale_a0.2,mlp,0,7,600,-600.0,False,45
scale_a0.2,mlp,0,8,600,-600.0,False,22
scale_a0.2,mlp,0,9,600,-600.0,False,46
scale_a0.2,mlp,0,10,600,-600.0,False,35
scale_a0.2,mlp,0,11,600,-600.0,False,49
scale_a0.2,mlp,0,12,600,-600.0,False,23
scale_a0.2,mlp,0,13,600,-600.0,False,28
scale_a0.2,mlp,0,14,600,-600.0,False,47
scale_a0.2,mlp,0,15,419,-408.0,True,17
scale_a0.2,mlp,0,16,600,-600.0,False,52
scale_a0.2,mlp,0,17,600,-600.0,False,26
scale_a0.2,mlp,0,18,600,-600.0,False,54
scale_a0.2,mlp,0,19,70,-59.0,True,12
scale_a0.2,mlp,0,20,600,-600.0,False,55
scale_a0.2,mlp,0,21,241,-230.0,True,25
scale_a0.2,mlp,0,22,429,-418.0,True,10
scale_a0.2,mlp,0,23,600,-600.0,False,34
scale_a0.2,mlp,0,24,69,-58.0,True,8
scale_a0.2,mlp,0,25,600,-600.0,False,51
scale_a0.2,mlp,0,26,600,-600.0,False,48
scale_a0.2,mlp,0,27,6,5.0,True,6
scale_a0.2,mlp,0,28,600,-600.0,False,36
scale_a0.2,mlp,0,29,244,-233.0,True,18
scale_a0.2,mlp,0,30,600,-600.0,False,52
scale_a0.2,mlp,0,31,264,-253.0,True,28
scale_a0.2,mlp,0,32,600,-600.0,False,44
scale_a0.2,mlp,0,33,600,-600.0,False,45
scale_a0.2,mlp,0,34,600,-600.0,False,27
scale_a0.2,mlp,0,35,600,-600.0,False,50
scale_a0.2,mlp,0,36,152,-141.0,True,20
scale_a0.2,mlp,0,37,407,-396.0,True,20
scale_a0.2,mlp,0,38,600,-600.0,False,26
scale_a0.2,mlp,0,39,177,-166.0,True,31
scale_a0.2,mlp,0,40,124,-113.0,True,24
scale_a0.2,mlp,0,41,10,1.0,True,8
scale_a0.2,mlp,0,42,120,-109.0,True,21
scale_a0.2,mlp,0,43,600,-600.0,False,37
scale_a0.2,mlp,0,44,600,-600.0,False,51
scale_a0.2,mlp,0,45,600,-600.0,False,51
scale_a0.2,mlp,0,46,320,-309.0,True,13
scale_a0.2,mlp,0,47,354,-343.0,True,26
scale_a0.2,mlp,0,48,600,-600.0,False,31
scale_a0.2,mlp,0,49,600,-600.0,False,44
scale_a0.2,mlp,0,50,600,-600.0,False,22
scale_a0.2,mlp,0,51,600,-600.0,False,53
scale_a0.2,mlp,0,52,372,-361.0,True,5
scale_a0.2,mlp,0,53,600,-600.0,False,36
scale_a0.2,mlp,0,54,600,-600.0,False,52
scale_a0.2,mlp,0,55,600,-600.0,False,40
scale_a0.2,mlp,0,56,600,-600.0,False,48
scale_a0.2,mlp,0,57,600,-600.0,False,29
scale_a0.2,mlp,0,58,600,-600.0,False,44
scale_a0.2,mlp,0,59,600,-600.0,False,49
scale_a0.2,mlp,0,60,600,-600.0,False,33
scale_a0.2,mlp,0,61,600,-600.0,False,44
scale_a0.2,mlp,0,62,600,-600.0,False,50
scale_a0.2,mlp,0,63,600,-600.0,False,33
scale_a0.2,mlp,0,64,600,-600.0,False,20
scale_a0.2,mlp,0,65,209,-198.0,True,13
scale_a0.2,mlp,0,66,600,-600.0,False,13
scale_a0.2,mlp,0,67,600,-600.0,False,46
scale_a0.2,mlp,0,68,472,-461.0,True,25
scale_a0.2,mlp,0,69,600,-600.0,False,45
scale_a0.2,mlp,0,70,600,-600.0,False,46
scale_a0.2,mlp,0,71,600,-600.0,False,55
scale_a0.2,mlp,0,72,600,-600.0,False,39
scale_a0.2,mlp,0,73,600,-600.0,False,56
scale_a0.2,mlp,0,74,600,-600.0,False,50
scale_a0.2,mlp,0,75,600,-600.0,False,21
scale_a0.2,mlp,0,76,600,-600.0,False,13
scale_a0.2,mlp,0,77,600,-600.0,False,47
scale_a0.2,mlp,0,78,600,-600.0,False,43
scale_a0.2,mlp,0,79,600,-600.0,False,25
scale_a0.2,mlp,0,80,600,-600.0,False,20
scale_a0.2,mlp,0,81,600,-600.0,False,21
scale_a0.2,mlp,0,82,600,-600.0,False,18
scale_a0.2,mlp,0,83,600,-600.0,False,54
scale_a0.2,mlp,0,84,600,-600.0,False,53
scale_a0.2,mlp,0,85,600,-600.0,False,35
scale_a0.2,mlp,0,86,600,-600.0,False,47
scale_a0.2,mlp,0,87,600,-600.0,False,43
scale_a0.2,mlp,0,88,503,-492.0,True,19
scale_a0.2,mlp,0,89,600,-600.0,False,21
scale_a0.2,mlp,0,90,600,-600.0,False,19
scale_a0.2,mlp,0,91,600,-600.0,False,29
scale_a0.2,mlp,0,92,341,-330.0,True,19
scale_a0.2,mlp,0,93,600,-600.0,False,52
scale_a0.2,mlp,0,94,600,-600.0,False,44
scale_a0.2,mlp,0,95,600,-600.0,False,20
scale_a0.2,mlp,0,96,600,-600.0,False,26
scale_a0.2,mlp,0,97,600,-600.0,False,24
scale_a0.2,mlp,0,98,600,-600.0,False,42
scale_a0.2,mlp,0,99,600,-600.0,False,40
scale_a0.2,mlp,0,100,600,-600.0,False,55
scale_a0.2,mlp,0,101,377,-366.0,True,19
scale_a0.2,mlp,0,102,3,8.0,True,3
scale_a0.2,mlp,0,103,600,-600.0,False,51
scale_a0.2,mlp,0,104,600,-600.0,False,45
scale_a0.2,mlp,0,105,137,-126.0,True,4
scale_a0.2,mlp,0,106,600,-600.0,False,35
scale_a0.2,mlp,0,107,600,-600.0,False,57
scale_a0.2,mlp,0,108,600,-600.0,False,56
scale_a0.2,mlp,0,109,600,-600.0,False,47
scale_a0.2,mlp,0,110,600,-600.0,False,28
scale_a0.2,mlp,0,111,600,-600.0,False,43
scale_a0.2,mlp,0,112,600,-600.0,False,54
scale_a0.2,mlp,0,113,600,-600.0,False,33
scale_a0.2,mlp,0,114,600,-600.0,False,37
scale_a0.2,mlp,0,115,600,-600.0,False,26
scale_a0.2,mlp,0,116,600,-600.0,False,38
scale_a0.2,mlp,0,117,600,-600.0,False,52
scale_a0.2,mlp,0,118,600,-600.0,False,46
scale_a0.2,mlp,0,119,600,-600.0,False,32
scale_a0.2,mlp,0,120,600,-600.0,False,32
scale_a0.2,mlp,0,121,600,-600.0,False,42
scale_a0.2,mlp,0,122,600,-600.0,False,51
scale_a0.2,mlp,0,123,600,-600.0,False,18
scale_a0.2,mlp,0,124,600,-600.0,False,40
scale_a0.2,mlp,0,125,600,-600.0,False,48
scale_a0.2,mlp,0,126,600,-600.0,False,34
scale_a0.2,mlp,0,127,600,-600.0,False,56
scale_a0.2,mlp,0,128,600,-600.0,False,44
scale_a0.2,mlp,0,129,600,-600.0,False,51
scale_a0.2,mlp,0,130,600,-600.0,False,23
scale_a0.2,mlp,0,131,228,-217.0,True,7
scale_a0.2,mlp,0,132,600,-600.0,False,34
scale_a0.2,mlp,0,133,600,-600.0,False,29
scale_a0.2,mlp,0,134,226,-215.0,True,26
scale_a0.2,mlp,0,135,600,-600.0,False,26
scale_a0.2,mlp,0,136,434,-423.0,True,20
scale_a0.2,mlp,0,137,600,-600.0,False,26
scale_a0.2,mlp,0,138,600,-600.0,False,49
scale_a0.2,mlp,0,139,600,-600.0,False,40
scale_a0.2,mlp,0,140,600,-600.0,False,37
scale_a0.2,mlp,0,141,600,-600.0,False,51
scale_a0.2,mlp,0,142,600,-600.0,False,38
scale_a0.2,mlp,0,143,600,-600.0,False,44
scale_a0.2,mlp,0,144,600,-600.0,False,44
scale_a0.2,mlp,0,145,600,-600.0,False,34
scale_a0.2,mlp,0,146,600,-600.0,False,21
scale_a0.2,mlp,0,147,600,-600.0,False,39
scale_a0.2,mlp,0,148,600,-600.0,False,20
scale_a0.2,mlp,0,149,600,-600.0,False,38
scale_a0.2,mlp,0,150,600,-600.0,False,20
scale_a0.2,mlp,0,151,600,-600.0,False,53
scale_a0.2,mlp,0,152,579,-568.0,True,17
scale_a0.2,mlp,0,153,600,-600.0,False,13
scale_a0.2,mlp,0,154,600,-600.0,False,45
scale_a0.2,mlp,0,155,600,-600.0,False,23
scale_a0.2,mlp,0,156,600,-600.0,False,20
scale_a0.2,mlp,0,157,265,-254.0,True,22
scale_a0.2,mlp,0,158,600,-600.0,False,33
scale_a0.2,mlp,0,159,600,-600.0,False,35
scale_a0.2,mlp,0,160,600,-600.0,False,34
scale_a0.2,mlp,0,161,600,-600.0,False,51
scale_a0.2,mlp,0,162,49,-38.0,True,2
scale_a0.2,mlp,0,163,55,-44.0,True,4
scale_a0.2,mlp,0,164,600,-600.0,False,51
scale_a0.2,mlp,0,165,600,-600.0,False,56
scale_a0.2,mlp,0,166,600,-600.0,False,25
scale_a0.2,mlp,0,167,600,-600.0,False,49
scale_a0.2,mlp,0,168,600,-600.0,False,24
scale_a0.2,mlp,0,169,600,-600.0,False,33
scale_a0.2,mlp,0,170,600,-600.0,False,39
scale_a0.2,mlp,0,171,600,-600.0,False,19
scale_a0.2,mlp,0,172,287,-276.0,True,10
scale_a0.2,mlp,0,173,600,-600.0,False,26
scale_a0.2,mlp,0,174,600,-600.0,False,43
scale_a0.2,mlp,0,175,600,-600.0,False,45
scale_a0.2,mlp,0,176,600,-600.0,False,24
scale_a0.2,mlp,0,177,600,-600.0,False,51
scale_a0.2,mlp,0,178,600,-600.0,False,54
scale_a0.2,mlp,0,179,600,-600.0,False,46
scale_a0.2,mlp,0,180,600,-600.0,False,46
scale_a0.2,mlp,0,181,600,-600.0,False,18
scale_a0.2,mlp,0,182,600,-600.0,False,37
scale_a0.2,mlp,0,183,600,-600.0,False,53
scale_a0.2,mlp,0,184,600,-600.0,False,20
scale_a0.2,mlp,0,185,600,-600.0,False,42
scale_a0.2,mlp,0,186,600,-600.0,False,36
scale_a0.2,mlp,0,187,600,-600.0,False,12
scale_a0.2,mlp,0,188,600,-600.0,False,59
scale_a0.2,mlp,0,189,600,-600.0,False,53
scale_a0.2,mlp,0,190,600,-600.0,False,37
scale_a0.2,mlp,0,191,600,-600.0,False,32
scale_a0.2,mlp,0,192,459,-448.0,True,15
scale_a0.2,mlp,0,193,600,-600.0,False,56
scale_a0.2,mlp,0,194,600,-600.0,False,41
scale_a0.2,mlp,0,195,600,-600.0,False,26
scale_a0.2,mlp,0,196,600,-600.0,False,45
scale_a0.2,mlp,0,197,600,-600.0,False,24
scale_a0.2,mlp,0,198,600,-600.0,False,17
scale_a0.2,mlp,0,199,600,-600.0,False,28
scale_a0.2,mlp,0,200,600,-600.0,False,53
scale_a0.2,mlp,0,201,600,-600.0,False,43
scale_a0.2,mlp,0,202,600,-600.0,False,41
scale_a0.2,mlp,0,203,600,-600.0,False,21
scale_a0.2,mlp,0,204,600,-600.0,False,44
scale_a0.2,mlp,0,205,600,-600.0,False,54
scale_a0.2,mlp,0,206,600,-600.0,False,26
scale_a0.2,mlp,0,207,600,-600.0,False,36
scale_a0.2,mlp,0,208,600,-600.0,False,42
scale_a0.2,mlp,0,209,600,-600.0,False,53
scale_a0.2,mlp,0,210,600,-600.0,False,54
scale_a0.2,mlp,0,211,600,-600.0,False,13
scale_a0.2,mlp,0,212,600,-600.0,False,24
scale_a0.2,mlp,0,213,600,-600.0,False,36
scale_a0.2,mlp,0,214,600,-600.0,False,19
scale_a0.2,mlp,0,215,600,-600.0,False,37
scale_a0.2,mlp,0,216,600,-600.0,False,42
scale_a0.2,mlp,0,217,600,-600.0,False,19
scale_a0.2,mlp,0,218,600,-600.0,False,42
scale_a0.2,mlp,0,219,600,-600.0,False,33
scale_a0.2,mlp,0,220,600,-600.0,False,54
scale_a0.2,mlp,0,221,600,-600.0,False,4
scale_a0.2,mlp,0,222,600,-600.0,False,55
scale_a0.2,mlp,0,223,600,-600.0,False,40
scale_a0.2,mlp,0,224,600,-600.0,False,38
scale_a0.2,mlp,0,225,600,-600.0,False,37
scale_a0.2,mlp,0,226,600,-600.0,False,46
scale_a0.2,mlp,0,227,600,-600.0,False,22
scale_a0.2,mlp,0,228,600,-600.0,False,53
scale_a0.2,mlp,0,229,600,-600.0,False,44
scale_a0.2,mlp,0,230,600,-600.0,False,47
scale_a0.2,mlp,0,231,600,-600.0,False,25
scale_a0.2,mlp,0,232,600,-600.0,False,12
scale_a0.2,mlp,0,233,600,-600.0,False,45
scale_a0.2,mlp,0,234,600,-600.0,False,40
scale_a0.2,mlp,0,235,600,-600.0,False,13
scale_a0.2,mlp,0,236,600,-600.0,False,29
scale_a0.2,mlp,0,237,600,-600.0,False,25
scale_a0.2,mlp,0,238,600,-600.0,False,54
scale_a0.2,mlp,0,239,600,-600.0,False,48
scale_a0.2,mlp,0,240,600,-600.0,False,32
scale_a0.2,mlp,0,241,600,-600.0,False,37
scale_a0.2,mlp,0,242,600,-600.0,False,56
scale_a0.2,mlp,0,243,600,-600.0,False,32
scale_a0.2,mlp,0,244,145,-134.0,True,11
scale_a0.2,mlp,0,245,600,-600.0,False,43
scale_a0.2,mlp,0,246,600,-600.0,False,34
scale_a0.2,mlp,0,247,600,-600.0,False,34
scale_a0.2,mlp,0,248,600,-600.0,False,52
scale_a0.2,mlp,0,249,600,-600.0,False,28
scale_a0.2,mlp,0,250,600,-600.0,False,45
scale_a0.2,mlp,0,251,600,-600.0,False,27
scale_a0.2,mlp,0,252,600,-600.0,False,41
scale_a0.2,mlp,0,253,600,-600.0,False,56
scale_a0.2,mlp,0,254,600,-600.0,False,45
scale_a0.2,mlp,0,255,600,-600.0,False,42
scale_a0.2,mlp,0,256,600,-600.0,False,24
scale_a0.2,mlp,0,257,600,-600.0,False,46
scale_a0.2,mlp,0,258,600,-600.0,False,33
scale_a0.2,mlp,0,259,600,-600.0,False,41
scale_a0.2,mlp,0,260,600,-600.0,False,49
scale_a0.2,mlp,0,261,600,-600.0,False,29
scale_a0.2,mlp,0,262,76,-65.0,True,7
scale_a0.2,mlp,0,263,600,-589.0,True,18
scale_a0.2,mlp,0,264,113,-102.0,True,6
scale_a0.2,mlp,0,265,600,-600.0,False,17
scale_a0.2,mlp,0,266,600,-600.0,False,39
scale_a0.2,mlp,0,267,600,-600.0,False,34
scale_a0.2,mlp,0,268,600,-600.0,False,18
scale_a0.2,mlp,0,269,600,-600.0,False,49
scale_a0.2,mlp,0,270,600,-600.0,False,47
scale_a0.2,mlp,0,271,600,-600.0,False,22
scale_a0.2,mlp,0,272,600,-600.0,False,23
scale_a0.2,mlp,0,273,600,-600.0,False,51
scale_a0.2,mlp,0,274,201,-190.0,True,11
scale_a0.2,mlp,0,275,600,-600.0,False,14
scale_a0.2,mlp,0,276,600,-600.0,False,41
scale_a0.2,mlp,0,277,600,-600.0,False,22
scale_a0.2,mlp,0,278,600,-600.0,False,35
scale_a0.2,mlp,0,279,600,-600.0,False,49
scale_a0.2,mlp,0,280,600,-600.0,False,54
scale_a0.2,mlp,0,281,600,-600.0,False,20
scale_a0.2,mlp,0,282,600,-600.0,False,50
scale_a0.2,mlp,0,283,600,-600.0,False,16
scale_a0.2,mlp,0,284,66,-55.0,True,8
scale_a0.2,mlp,0,285,600,-600.0,False,17
scale_a0.2,mlp,0,286,600,-600.0,False,45
scale_a0.2,mlp,0,287,600,-600.0,False,12
scale_a0.2,mlp,0,288,600,-600.0,False,54
scale_a0.2,mlp,0,289,600,-600.0,False,24
scale_a0.2,mlp,0,290,504,-493.0,True,20
scale_a0.2,mlp,0,291,600,-600.0,False,51
scale_a0.2,mlp,0,292,600,-600.0,False,21
scale_a0.2,mlp,0,293,600,-600.0,False,53
scale_a0.2,mlp,0,294,600,-600.0,False,54
scale_a0.2,mlp,0,295,600,-600.0,False,48
scale_a0.2,mlp,0,296,600,-600.0,False,14
scale_a0.2,mlp,0,297,81,-70.0,True,12
scale_a0.2,mlp,0,298,514,-503.0,True,6
scale_a0.2,mlp,0,299,600,-600.0,False,13
scale_a0.2,mlp,0,300,14,-3.0,True,2
scale_a0.2,mlp,0,301,600,-600.0,False,36
scale_a0.2,mlp,0,302,600,-600.0,False,28
scale_a0.2,mlp,0,303,600,-600.0,False,47
scale_a0.2,mlp,0,304,600,-600.0,False,44
scale_a0.2,mlp,0,305,600,-600.0,False,18
scale_a0.2,mlp,0,306,600,-600.0,False,32
scale_a0.2,mlp,0,307,600,-600.0,False,24
scale_a0.2,mlp,0,308,600,-600.0,False,46
scale_a0.2,mlp,0,309,600,-600.0,False,26
scale_a0.2,mlp,0,310,600,-600.0,False,36
scale_a0.2,mlp,0,311,600,-600.0,False,10
scale_a0.2,mlp,0,312,600,-600.0,False,52
scale_a0.2,mlp,0,313,600,-600.0,False,19
scale_a0.2,mlp,0,314,600,-600.0,False,38
scale_a0.2,mlp,0,315,600,-600.0,False,46
scale_a0.2,mlp,0,316,600,-600.0,False,52
scale_a0.2,mlp,0,317,600,-600.0,False,49
scale_a0.2,mlp,0,318,557,-546.0,True,7
scale_a0.2,mlp,0,319,600,-600.0,False,22
scale_a0.2,mlp,0,320,600,-600.0,False,22
scale_a0.2,mlp,0,321,600,-600.0,False,21
scale_a0.2,mlp,0,322,600,-600.0,False,25
scale_a0.2,mlp,0,323,600,-600.0,False,53
scale_a0.2,mlp,0,324,600,-600.0,False,17
scale_a0.2,mlp,0,325,600,-600.0,False,41
scale_a0.2,mlp,0,326,600,-600.0,False,15
scale_a0.2,mlp,0,327,600,-600.0,False,16
scale_a0.2,mlp,0,328,565,-554.0,True,7
scale_a0.2,mlp,0,329,600,-600.0,False,37
scale_a0.2,mlp,0,330,600,-600.0,False,30
scale_a0.2,mlp,0,331,600,-600.0,False,16
scale_a0.2,mlp,0,332,600,-600.0,False,52
scale_a0.2,mlp,0,333,600,-600.0,False,24
scale_a0.2,mlp,0,334,600,-600.0,False,21
scale_a0.2,mlp,0,335,600,-600.0,False,37
scale_a0.2,mlp,0,336,600,-600.0,False,53
scale_a0.2,mlp,0,337,600,-600.0,False,19
scale_a0.2,mlp,0,338,600,-600.0,False,39
scale_a0.2,mlp,0,339,600,-600.0,False,10
scale_a0.2,mlp,0,340,600,-600.0,False,12
scale_a0.2,mlp,0,341,600,-600.0,False,21
scale_a0.2,mlp,0,342,600,-600.0,False,10
scale_a0.2,mlp,0,343,600,-600.0,False,54
scale_a0.2,mlp,0,344,600,-600.0,False,20
scale_a0.2,mlp,0,345,600,-600.0,False,45
scale_a0.2,mlp,0,346,600,-600.0,False,52
scale_a0.2,mlp,0,347,600,-600.0,False,31
scale_a0.2,mlp,0,348,600,-600.0,False,48
scale_a0.2,mlp,0,349,600,-600.0,False,12
scale_a0.2,mlp,0,350,600,-600.0,False,39
scale_a0.2,mlp,0,351,600,-600.0,False,23
scale_a0.2,mlp,0,352,600,-600.0,False,23
scale_a0.2,mlp,0,353,600,-600.0,False,53
scale_a0.2,mlp,0,354,600,-600.0,False,50
scale_a0.2,mlp,0,355,600,-600.0,False,25
scale_a0.2,mlp,0,356,600,-600.0,False,14
scale_a0.2,mlp,0,357,600,-600.0,False,44
scale_a0.2,mlp,0,358,600,-600.0,False,52
scale_a0.2,mlp,0,359,600,-600.0,False,53
scale_a0.2,mlp,0,360,600,-600.0,False,31
scale_a0.2,mlp,0,361,600,-600.0,False,49
scale_a0.2,mlp,0,362,600,-600.0,False,48
scale_a0.2,mlp,0,363,600,-600.0,False,17
scale_a0.2,mlp,0,364,600,-600.0,False,53
scale_a0.2,mlp,0,365,600,-600.0,False,20
scale_a0.2,mlp,0,366,600,-600.0,False,17
scale_a0.2,mlp,0,367,600,-600.0,False,15
scale_a0.2,mlp,0,368,600,-600.0,False,52
scale_a0.2,mlp,0,369,600,-600.0,False,24
scale_a0.2,mlp,0,370,600,-600.0,False,35
scale_a0.2,mlp,0,371,600,-600.0,False,29
scale_a0.2,mlp,0,372,600,-600.0,False,23
scale_a0.2,mlp,0,373,600,-600.0,False,58
scale_a0.2,mlp,0,374,600,-600.0,False,13
scale_a0.2,mlp,0,375,600,-600.0,False,37
scale_a0.2,mlp,0,376,600,-600.0,False,54
scale_a0.2,mlp,0,377,600,-600.0,False,51
scale_a0.2,mlp,0,378,600,-600.0,False,21
scale_a0.2,mlp,0,379,600,-600.0,False,19
scale_a0.2,mlp,0,380,600,-600.0,False,37
scale_a0.2,mlp,0,381,600,-600.0,False,39
scale_a0.2,mlp,0,382,600,-600.0,False,37
scale_a0.2,mlp,0,383,600,-600.0,False,33
scale_a0.2,mlp,0,384,600,-600.0,False,8
scale_a0.2,mlp,0,385,600,-600.0,False,17
scale_a0.2,mlp,0,386,600,-600.0,False,25
scale_a0.2,mlp,0,387,600,-600.0,False,24
scale_a0.2,mlp,0,388,600,-600.0,False,51
scale_a0.2,mlp,0,389,600,-600.0,False,32
scale_a0.2,mlp,0,390,494,-483.0,True,6
scale_a0.2,mlp,0,391,198,-187.0,True,7
scale_a0.2,mlp,0,392,600,-600.0,False,48
scale_a0.2,mlp,0,393,600,-600.0,False,37
scale_a0.2,mlp,0,394,600,-600.0,False,47
scale_a0.2,mlp,0,395,600,-600.0,False,29
scale_a0.2,mlp,0,396,85,-74.0,True,9
scale_a0.2,mlp,0,397,600,-600.0,False,24
scale_a0.2,mlp,0,398,600,-600.0,False,36
scale_a0.2,mlp,0,399,600,-600.0,False,50
scale_a0.2,mlp,0,400,600,-600.0,False,25
scale_a0.2,mlp,0,401,600,-600.0,False,46
scale_a0.2,mlp,0,402,600,-600.0,False,20
scale_a0.2,mlp,0,403,600,-600.0,False,52
scale_a0.2,mlp,0,404,600,-600.0,False,24
scale_a0.2,mlp,0,405,600,-600.0,False,26
scale_a0.2,mlp,0,406,600,-600.0,False,33
scale_a0.2,mlp,0,407,497,-486.0,True,12
scale_a0.2,mlp,0,408,600,-600.0,False,17
scale_a0.2,mlp,0,409,600,-600.0,False,29
scale_a0.2,mlp,0,410,600,-600.0,False,24
scale_a0.2,mlp,0,411,600,-600.0,False,56
scale_a0.2,mlp,0,412,600,-600.0,False,53
scale_a0.2,mlp,0,413,600,-600.0,False,24
scale_a0.2,mlp,0,414,600,-600.0,False,31
scale_a0.2,mlp,0,415,600,-600.0,False,26
scale_a0.2,mlp,0,416,600,-600.0,False,48
scale_a0.2,mlp,0,417,600,-600.0,False,39
scale_a0.2,mlp,0,418,600,-600.0,False,45
scale_a0.2,mlp,0,419,600,-600.0,False,51
scale_a0.2,mlp,0,420,600,-600.0,False,45
scale_a0.2,mlp,0,421,600,-600.0,False,21
scale_a0.2,mlp,0,422,600,-600.0,False,33
scale_a0.2,mlp,0,423,600,-600.0,False,26
scale_a0.2,mlp,0,424,600,-600.0,False,57
scale_a0.2,mlp,0,425,600,-600.0,False,39
scale_a0.2,mlp,0,426,600,-600.0,False,33
scale_a0.2,mlp,0,427,600,-600.0,False,48
scale_a0.2,mlp,0,428,600,-600.0,False,21
scale_a0.2,mlp,0,429,463,-452.0,True,7
scale_a0.2,mlp,0,430,600,-600.0,False,41
scale_a0.2,mlp,0,431,225,-214.0,True,7
scale_a0.2,mlp,0,432,413,-402.0,True,13
scale_a0.2,mlp,0,433,600,-600.0,False,52
scale_a0.2,mlp,0,434,600,-600.0,False,23
scale_a0.2,mlp,0,435,329,-318.0,True,20
scale_a0.2,mlp,0,436,186,-175.0,True,13
scale_a0.2,mlp,0,437,150,-139.0,True,7
scale_a0.2,mlp,0,438,600,-600.0,False,29
scale_a0.2,mlp,0,439,600,-600.0,False,43
scale_a0.2,mlp,0,440,600,-600.0,False,54
scale_a0.2,mlp,0,441,600,-600.0,False,40
scale_a0.2,mlp,0,442,600,-600.0,False,31
scale_a0.2,mlp,0,443,600,-600.0,False,12
scale_a0.2,mlp,0,444,600,-600.0,False,56
scale_a0.2,mlp,0,445,258,-247.0,True,8
scale_a0.2,mlp,0,446,600,-600.0,False,20
scale_a0.2,mlp,0,447,600,-600.0,False,38
scale_a0.2,mlp,0,448,600,-600.0,False,13
scale_a0.2,mlp,0,449,600,-600.0,False,18
scale_a0.2,mlp,0,450,326,-315.0,True,7
scale_a0.2,mlp,0,451,600,-600.0,False,46
scale_a0.2,mlp,0,452,600,-600.0,False,54
scale_a0.2,mlp,0,453,600,-600.0,False,30
scale_a0.2,mlp,0,454,600,-600.0,False,17
scale_a0.2,mlp,0,455,600,-600.0,False,43
scale_a0.2,mlp,0,456,600,-600.0,False,14
scale_a0.2,mlp,0,457,600,-600.0,False,9
scale_a0.2,mlp,0,458,600,-600.0,False,34
scale_a0.2,mlp,0,459,600,-600.0,False,16
scale_a0.2,mlp,0,460,600,-600.0,False,45
scale_a0.2,mlp,0,461,600,-600.0,False,8
scale_a0.2,mlp,0,462,600,-600.0,False,54
scale_a0.2,mlp,0,463,600,-600.0,False,10
scale_a0.2,mlp,0,464,600,-600.0,False,10
scale_a0.2,mlp,0,465,600,-600.0,False,53
scale_a0.2,mlp,0,466,600,-600.0,False,13
scale_a0.2,mlp,0,467,600,-600.0,False,20
scale_a0.2,mlp,0,468,600,-600.0,False,47
scale_a0.2,mlp,0,469,600,-600.0,False,47
scale_a0.2,mlp,0,470,600,-600.0,False,31
scale_a0.2,mlp,0,471,593,-582.0,True,10
scale_a0.2,mlp,0,472,600,-600.0,False,53
scale_a0.2,mlp,0,473,600,-600.0,False,34
scale_a0.2,mlp,0,474,600,-600.0,False,19
scale_a0.2,mlp,0,475,600,-600.0,False,26
scale_a0.2,mlp,0,476,600,-600.0,False,31
scale_a0.2,mlp,0,477,600,-600.0,False,13
scale_a0.2,mlp,0,478,600,-600.0,False,44
scale_a0.2,mlp,0,479,600,-600.0,False,38
scale_a0.2,mlp,0,480,600,-600.0,False,16
scale_a0.2,mlp,0,481,600,-600.0,False,23
scale_a0.2,mlp,0,482,600,-600.0,False,50
scale_a0.2,mlp,0,483,12,-1.0,True,3
scale_a0.2,mlp,0,484,82,-71.0,True,13
scale_a0.2,mlp,0,485,600,-600.0,False,35
scale_a0.2,mlp,0,486,600,-600.0,False,16
scale_a0.2,mlp,0,487,600,-600.0,False,42
scale_a0.2,mlp,0,488,600,-600.0,False,16
scale_a0.2,mlp,0,489,600,-600.0,False,55
scale_a0.2,mlp,0,490,600,-600.0,False,20
scale_a0.2,mlp,0,491,600,-600.0,False,41
scale_a0.2,mlp,0,492,600,-600.0,False,53
scale_a0.2,mlp,0,493,600,-600.0,False,45
scale_a0.2,mlp,0,494,600,-600.0,False,27
scale_a0.2,mlp,0,495,600,-600.0,False,23
scale_a0.2,mlp,0,496,600,-600.0,False,52
scale_a0.2,mlp,0,497,600,-600.0,False,39
scale_a0.2,mlp,0,498,600,-600.0,False,33
scale_a0.2,mlp,0,499,600,-600.0,False,17
scale_a0.2,mlp,0,500,600,-600.0,False,51
scale_a0.2,mlp,0,501,600,-600.0,False,11
scale_a0.2,mlp,0,502,600,-600.0,False,54
scale_a0.2,mlp,0,503,600,-600.0,False,6
scale_a0.2,mlp,0,504,600,-600.0,False,7
scale_a0.2,mlp,0,505,600,-600.0,False,11
scale_a0.2,mlp,0,506,600,-600.0,False,22
scale_a0.2,mlp,0,507,600,-600.0,False,34
scale_a0.2,mlp,0,508,600,-600.0,False,51
scale_a0.2,mlp,0,509,600,-600.0,False,47
scale_a0.2,mlp,0,510,600,-600.0,False,53
scale_a0.2,mlp,0,511,600,-600.0,False,42
scale_a0.2,mlp,0,512,600,-600.0,False,21
scale_a0.2,mlp,0,513,600,-600.0,False,14
scale_a0.2,mlp,0,514,600,-600.0,False,56
scale_a0.2,mlp,0,515,600,-600.0,False,52
scale_a0.2,mlp,0,516,600,-600.0,False,50
scale_a0.2,mlp,0,517,600,-600.0,False,24
scale_a0.2,mlp,0,518,600,-600.0,False,22
scale_a0.2,mlp,0,519,175,-164.0,True,7
scale_a0.2,mlp,0,520,600,-600.0,False,31
scale_a0.2,mlp,0,521,600,-600.0,False,46
scale_a0.2,mlp,0,522,34,-23.0,True,7
scale_a0.2,mlp,0,523,600,-600.0,False,32
scale_a0.2,mlp,0,524,600,-600.0,False,50
scale_a0.2,mlp,0,525,600,-600.0,False,52
scale_a0.2,mlp,0,526,600,-600.0,False,24
scale_a0.2,mlp,0,527,600,-600.0,False,52
scale_a0.2,mlp,0,528,600,-600.0,False,25
scale_a0.2,mlp,0,529,600,-600.0,False,43
scale_a0.2,mlp,0,530,600,-600.0,False,55
scale_a0.2,mlp,0,531,600,-600.0,False,48
scale_a0.2,mlp,0,532,600,-600.0,False,11
scale_a0.2,mlp,0,533,600,-600.0,False,32
scale_a0.2,mlp,0,534,600,-600.0,False,8
scale_a0.2,mlp,0,535,600,-600.0,False,40
scale_a0.2,mlp,0,536,600,-600.0,False,47
scale_a0.2,mlp,0,537,600,-600.0,False,46
scale_a0.2,mlp,0,538,600,-600.0,False,21
scale_a0.2,mlp,0,539,600,-600.0,False,15
scale_a0.2,mlp,0,540,600,-600.0,False,28
scale_a0.2,mlp,0,541,600,-600.0,False,53
scale_a0.2,mlp,0,542,600,-600.0,False,34
scale_a0.2,mlp,0,543,600,-600.0,False,20
scale_a0.2,mlp,0,544,600,-600.0,False,49
scale_a0.2,mlp,0,545,600,-600.0,False,44
scale_a0.2,mlp,0,546,600,-600.0,False,23
scale_a0.2,mlp,0,547,600,-600.0,False,49
scale_a0.2,mlp,0,548,600,-600.0,False,53
scale_a0.2,mlp,0,549,600,-600.0,False,26
scale_a0.2,mlp,0,550,600,-600.0,False,9
scale_a0.2,mlp,0,551,600,-600.0,False,43
scale_a0.2,mlp,0,552,600,-600.0,False,56
scale_a0.2,mlp,0,553,600,-600.0,False,42
scale_a0.2,mlp,0,554,600,-600.0,False,46
scale_a0.2,mlp,0,555,600,-600.0,False,44
scale_a0.2,mlp,0,556,600,-600.0,False,12
scale_a0.2,mlp,0,557,600,-600.0,False,25
scale_a0.2,mlp,0,558,600,-600.0,False,38
scale_a0.2,mlp,0,559,600,-600.0,False,35
scale_a0.2,mlp,0,560,600,-600.0,False,52
scale_a0.2,mlp,0,561,600,-600.0,False,43
scale_a0.2,mlp,0,562,600,-600.0,False,33
scale_a0.2,mlp,0,563,600,-600.0,False,53
scale_a0.2,mlp,0,564,600,-600.0,False,40
scale_a0.2,mlp,0,565,600,-600.0,False,35
scale_a0.2,mlp,0,566,600,-600.0,False,29
scale_a0.2,mlp,0,567,600,-600.0,False,51
scale_a0.2,mlp,0,568,600,-600.0,False,27
scale_a0.2,mlp,0,569,600,-600.0,False,17
scale_a0.2,mlp,0,570,600,-600.0,False,26
scale_a0.2,mlp,0,571,156,-145.0,True,8
scale_a0.2,mlp,0,572,600,-600.0,False,14
scale_a0.2,mlp,0,573,600,-600.0,False,30
scale_a0.2,mlp,0,574,600,-600.0,False,45
scale_a0.2,mlp,0,575,600,-600.0,False,14
scale_a0.2,mlp,0,576,600,-600.0,False,48
scale_a0.2,mlp,0,577,600,-600.0,False,36
scale_a0.2,mlp,0,578,600,-600.0,False,14
scale_a0.2,mlp,0,579,600,-600.0,False,40
scale_a0.2,mlp,0,580,600,-600.0,False,14
scale_a0.2,mlp,0,581,600,-600.0,False,21
scale_a0.2,mlp,0,582,600,-600.0,False,26
scale_a0.2,mlp,0,583,600,-600.0,False,44
scale_a0.2,mlp,0,584,600,-600.0,False,42
scale_a0.2,mlp,0,585,600,-600.0,False,38
scale_a0.2,mlp,0,586,600,-600.0,False,50
scale_a0.2,mlp,0,587,600,-600.0,False,43
scale_a0.2,mlp,0,588,600,-600.0,False,33
scale_a0.2,mlp,0,589,600,-600.0,False,47
scale_a0.2,mlp,0,590,600,-600.0,False,39
scale_a0.2,mlp,0,591,600,-600.0,False,29
scale_a0.2,mlp,0,592,600,-600.0,False,45
scale_a0.2,mlp,0,593,600,-600.0,False,12
scale_a0.2,mlp,0,594,600,-600.0,False,24
scale_a0.2,mlp,0,595,600,-600.0,False,47
scale_a0.2,mlp,0,596,600,-600.0,False,10
scale_a0.2,mlp,0,597,32,-21.0,True,2
scale_a0.2,mlp,0,598,492,-481.0,True,19
scale_a0.2,mlp,0,599,600,-600.0,False,41
scale_a0.2,kc_delta,0,0,600,-600.0,False,45
scale_a0.2,kc_delta,0,1,600,-600.0,False,46
scale_a0.2,kc_delta,0,2,600,-600.0,False,22
scale_a0.2,kc_delta,0,3,600,-600.0,False,19
scale_a0.2,kc_delta,0,4,190,-179.0,True,11
scale_a0.2,kc_delta,0,5,504,-493.0,True,22
scale_a0.2,kc_delta,0,6,600,-600.0,False,43
scale_a0.2,kc_delta,0,7,600,-600.0,False,45
scale_a0.2,kc_delta,0,8,205,-194.0,True,22
scale_a0.2,kc_delta,0,9,600,-600.0,False,46
scale_a0.2,kc_delta,0,10,600,-600.0,False,35
scale_a0.2,kc_delta,0,11,600,-600.0,False,49
scale_a0.2,kc_delta,0,12,585,-574.0,True,23
scale_a0.2,kc_delta,0,13,127,-116.0,True,28
scale_a0.2,kc_delta,0,14,600,-600.0,False,47
scale_a0.2,kc_delta,0,15,70,-59.0,True,17
scale_a0.2,kc_delta,0,16,600,-600.0,False,52
scale_a0.2,kc_delta,0,17,337,-326.0,True,26
scale_a0.2,kc_delta,0,18,600,-600.0,False,54
scale_a0.2,kc_delta,0,19,12,-1.0,True,12
scale_a0.2,kc_delta,0,20,600,-600.0,False,55
scale_a0.2,kc_delta,0,21,193,-182.0,True,25
scale_a0.2,kc_delta,0,22,58,-47.0,True,10
scale_a0.2,kc_delta,0,23,600,-600.0,False,34
scale_a0.2,kc_delta,0,24,28,-17.0,True,8
scale_a0.2,kc_delta,0,25,600,-600.0,False,51
scale_a0.2,kc_delta,0,26,600,-600.0,False,48
scale_a0.2,kc_delta,0,27,6,5.0,True,6
scale_a0.2,kc_delta,0,28,600,-600.0,False,36
scale_a0.2,kc_delta,0,29,193,-182.0,True,18
scale_a0.2,kc_delta,0,30,600,-600.0,False,52
scale_a0.2,kc_delta,0,31,344,-333.0,True,28
scale_a0.2,kc_delta,0,32,600,-600.0,False,44
scale_a0.2,kc_delta,0,33,600,-600.0,False,45
scale_a0.2,kc_delta,0,34,121,-110.0,True,27
scale_a0.2,kc_delta,0,35,600,-600.0,False,50
scale_a0.2,kc_delta,0,36,270,-259.0,True,20
scale_a0.2,kc_delta,0,37,180,-169.0,True,20
scale_a0.2,kc_delta,0,38,600,-600.0,False,26
scale_a0.2,kc_delta,0,39,369,-358.0,True,31
scale_a0.2,kc_delta,0,40,447,-436.0,True,24
scale_a0.2,kc_delta,0,41,19,-8.0,True,8
scale_a0.2,kc_delta,0,42,141,-130.0,True,21
scale_a0.2,kc_delta,0,43,600,-600.0,False,37
scale_a0.2,kc_delta,0,44,600,-600.0,False,51
scale_a0.2,kc_delta,0,45,600,-600.0,False,51
scale_a0.2,kc_delta,0,46,83,-72.0,True,13
scale_a0.2,kc_delta,0,47,155,-144.0,True,26
scale_a0.2,kc_delta,0,48,453,-442.0,True,31
scale_a0.2,kc_delta,0,49,600,-600.0,False,44
scale_a0.2,kc_delta,0,50,82,-71.0,True,22
scale_a0.2,kc_delta,0,51,600,-600.0,False,53
scale_a0.2,kc_delta,0,52,5,6.0,True,5
scale_a0.2,kc_delta,0,53,600,-600.0,False,36
scale_a0.2,kc_delta,0,54,600,-600.0,False,52
scale_a0.2,kc_delta,0,55,544,-533.0,True,40
scale_a0.2,kc_delta,0,56,600,-600.0,False,48
scale_a0.2,kc_delta,0,57,191,-180.0,True,29
scale_a0.2,kc_delta,0,58,600,-600.0,False,44
scale_a0.2,kc_delta,0,59,600,-600.0,False,49
scale_a0.2,kc_delta,0,60,600,-600.0,False,33
scale_a0.2,kc_delta,0,61,600,-600.0,False,44
scale_a0.2,kc_delta,0,62,600,-600.0,False,50
scale_a0.2,kc_delta,0,63,285,-274.0,True,33
scale_a0.2,kc_delta,0,64,185,-174.0,True,20
scale_a0.2,kc_delta,0,65,90,-79.0,True,13
scale_a0.2,kc_delta,0,66,55,-44.0,True,13
scale_a0.2,kc_delta,0,67,600,-600.0,False,46
scale_a0.2,kc_delta,0,68,552,-541.0,True,25
scale_a0.2,kc_delta,0,69,600,-600.0,False,45
scale_a0.2,kc_delta,0,70,600,-600.0,False,46
scale_a0.2,kc_delta,0,71,600,-600.0,False,55
scale_a0.2,kc_delta,0,72,600,-600.0,False,39
scale_a0.2,kc_delta,0,73,600,-600.0,False,56
scale_a0.2,kc_delta,0,74,600,-600.0,False,50
scale_a0.2,kc_delta,0,75,79,-68.0,True,21
scale_a0.2,kc_delta,0,76,57,-46.0,True,13
scale_a0.2,kc_delta,0,77,600,-600.0,False,47
scale_a0.2,kc_delta,0,78,600,-600.0,False,43
scale_a0.2,kc_delta,0,79,217,-206.0,True,25
scale_a0.2,kc_delta,0,80,600,-600.0,False,20
scale_a0.2,kc_delta,0,81,184,-173.0,True,21
scale_a0.2,kc_delta,0,82,119,-108.0,True,18
scale_a0.2,kc_delta,0,83,600,-600.0,False,54
scale_a0.2,kc_delta,0,84,600,-600.0,False,53
scale_a0.2,kc_delta,0,85,169,-158.0,True,35
scale_a0.2,kc_delta,0,86,600,-600.0,False,47
scale_a0.2,kc_delta,0,87,600,-600.0,False,43
scale_a0.2,kc_delta,0,88,114,-103.0,True,19
scale_a0.2,kc_delta,0,89,272,-261.0,True,21
scale_a0.2,kc_delta,0,90,52,-41.0,True,19
scale_a0.2,kc_delta,0,91,367,-356.0,True,29
scale_a0.2,kc_delta,0,92,32,-21.0,True,19
scale_a0.2,kc_delta,0,93,600,-600.0,False,52
scale_a0.2,kc_delta,0,94,600,-600.0,False,44
scale_a0.2,kc_delta,0,95,56,-45.0,True,20
scale_a0.2,kc_delta,0,96,152,-141.0,True,26
scale_a0.2,kc_delta,0,97,53,-42.0,True,24
scale_a0.2,kc_delta,0,98,600,-600.0,False,42
scale_a0.2,kc_delta,0,99,600,-600.0,False,40
scale_a0.2,kc_delta,0,100,600,-600.0,False,55
scale_a0.2,kc_delta,0,101,214,-203.0,True,19
scale_a0.2,kc_delta,0,102,3,8.0,True,3
scale_a0.2,kc_delta,0,103,600,-600.0,False,51
scale_a0.2,kc_delta,0,104,600,-600.0,False,45
scale_a0.2,kc_delta,0,105,8,3.0,True,4
scale_a0.2,kc_delta,0,106,600,-600.0,False,35
scale_a0.2,kc_delta,0,107,600,-600.0,False,57
scale_a0.2,kc_delta,0,108,600,-600.0,False,56
scale_a0.2,kc_delta,0,109,600,-600.0,False,47
scale_a0.2,kc_delta,0,110,490,-479.0,True,28
scale_a0.2,kc_delta,0,111,600,-600.0,False,43
scale_a0.2,kc_delta,0,112,600,-600.0,False,54
scale_a0.2,kc_delta,0,113,459,-448.0,True,33
scale_a0.2,kc_delta,0,114,600,-600.0,False,37
scale_a0.2,kc_delta,0,115,470,-459.0,True,26
scale_a0.2,kc_delta,0,116,600,-600.0,False,38
scale_a0.2,kc_delta,0,117,600,-600.0,False,52
scale_a0.2,kc_delta,0,118,600,-600.0,False,46
scale_a0.2,kc_delta,0,119,600,-600.0,False,32
scale_a0.2,kc_delta,0,120,600,-600.0,False,32
scale_a0.2,kc_delta,0,121,600,-600.0,False,42
scale_a0.2,kc_delta,0,122,600,-600.0,False,51
scale_a0.2,kc_delta,0,123,103,-92.0,True,18
scale_a0.2,kc_delta,0,124,600,-600.0,False,40
scale_a0.2,kc_delta,0,125,600,-600.0,False,48
scale_a0.2,kc_delta,0,126,600,-600.0,False,34
scale_a0.2,kc_delta,0,127,600,-600.0,False,56
scale_a0.2,kc_delta,0,128,600,-600.0,False,44
scale_a0.2,kc_delta,0,129,600,-600.0,False,51
scale_a0.2,kc_delta,0,130,288,-277.0,True,23
scale_a0.2,kc_delta,0,131,9,2.0,True,7
scale_a0.2,kc_delta,0,132,402,-391.0,True,34
scale_a0.2,kc_delta,0,133,74,-63.0,True,29
scale_a0.2,kc_delta,0,134,539,-528.0,True,26
scale_a0.2,kc_delta,0,135,228,-217.0,True,26
scale_a0.2,kc_delta,0,136,94,-83.0,True,20
scale_a0.2,kc_delta,0,137,91,-80.0,True,26
scale_a0.2,kc_delta,0,138,600,-600.0,False,49
scale_a0.2,kc_delta,0,139,600,-600.0,False,40
scale_a0.2,kc_delta,0,140,600,-600.0,False,37
scale_a0.2,kc_delta,0,141,600,-600.0,False,51
scale_a0.2,kc_delta,0,142,600,-600.0,False,38
scale_a0.2,kc_delta,0,143,600,-600.0,False,44
scale_a0.2,kc_delta,0,144,600,-600.0,False,44
scale_a0.2,kc_delta,0,145,600,-600.0,False,34
scale_a0.2,kc_delta,0,146,170,-159.0,True,21
scale_a0.2,kc_delta,0,147,600,-600.0,False,39
scale_a0.2,kc_delta,0,148,53,-42.0,True,20
scale_a0.2,kc_delta,0,149,600,-600.0,False,38
scale_a0.2,kc_delta,0,150,55,-44.0,True,20
scale_a0.2,kc_delta,0,151,600,-600.0,False,53
scale_a0.2,kc_delta,0,152,50,-39.0,True,17
scale_a0.2,kc_delta,0,153,92,-81.0,True,13
scale_a0.2,kc_delta,0,154,600,-600.0,False,45
scale_a0.2,kc_delta,0,155,175,-164.0,True,23
scale_a0.2,kc_delta,0,156,24,-13.0,True,20
scale_a0.2,kc_delta,0,157,216,-205.0,True,22
scale_a0.2,kc_delta,0,158,266,-255.0,True,33
scale_a0.2,kc_delta,0,159,600,-600.0,False,35
scale_a0.2,kc_delta,0,160,600,-600.0,False,34
scale_a0.2,kc_delta,0,161,600,-600.0,False,51
scale_a0.2,kc_delta,0,162,2,9.0,True,2
scale_a0.2,kc_delta,0,163,11,0.0,True,4
scale_a0.2,kc_delta,0,164,600,-600.0,False,51
scale_a0.2,kc_delta,0,165,600,-600.0,False,56
scale_a0.2,kc_delta,0,166,600,-600.0,False,25
scale_a0.2,kc_delta,0,167,600,-600.0,False,49
scale_a0.2,kc_delta,0,168,336,-325.0,True,24
scale_a0.2,kc_delta,0,169,600,-600.0,False,33
scale_a0.2,kc_delta,0,170,600,-600.0,False,39
scale_a0.2,kc_delta,0,171,153,-142.0,True,19
scale_a0.2,kc_delta,0,172,68,-57.0,True,10
scale_a0.2,kc_delta,0,173,257,-246.0,True,26
scale_a0.2,kc_delta,0,174,600,-600.0,False,43
scale_a0.2,kc_delta,0,175,600,-600.0,False,45
scale_a0.2,kc_delta,0,176,157,-146.0,True,24
scale_a0.2,kc_delta,0,177,600,-600.0,False,51
scale_a0.2,kc_delta,0,178,600,-600.0,False,54
scale_a0.2,kc_delta,0,179,600,-600.0,False,46
scale_a0.2,kc_delta,0,180,600,-600.0,False,46
scale_a0.2,kc_delta,0,181,76,-65.0,True,18
scale_a0.2,kc_delta,0,182,600,-600.0,False,37
scale_a0.2,kc_delta,0,183,600,-600.0,False,53
scale_a0.2,kc_delta,0,184,55,-44.0,True,20
scale_a0.2,kc_delta,0,185,600,-600.0,False,42
scale_a0.2,kc_delta,0,186,600,-600.0,False,36
scale_a0.2,kc_delta,0,187,169,-158.0,True,12
scale_a0.2,kc_delta,0,188,600,-600.0,False,59
scale_a0.2,kc_delta,0,189,600,-600.0,False,53
scale_a0.2,kc_delta,0,190,600,-600.0,False,37
scale_a0.2,kc_delta,0,191,600,-600.0,False,32
scale_a0.2,kc_delta,0,192,36,-25.0,True,15
scale_a0.2,kc_delta,0,193,600,-600.0,False,56
scale_a0.2,kc_delta,0,194,600,-600.0,False,41
scale_a0.2,kc_delta,0,195,277,-266.0,True,26
scale_a0.2,kc_delta,0,196,600,-600.0,False,45
scale_a0.2,kc_delta,0,197,112,-101.0,True,24
scale_a0.2,kc_delta,0,198,52,-41.0,True,17
scale_a0.2,kc_delta,0,199,600,-600.0,False,28
scale_a0.2,kc_delta,0,200,600,-600.0,False,53
scale_a0.2,kc_delta,0,201,600,-600.0,False,43
scale_a0.2,kc_delta,0,202,600,-600.0,False,41
scale_a0.2,kc_delta,0,203,259,-248.0,True,21
scale_a0.2,kc_delta,0,204,600,-600.0,False,44
scale_a0.2,kc_delta,0,205,600,-600.0,False,54
scale_a0.2,kc_delta,0,206,600,-600.0,False,26
scale_a0.2,kc_delta,0,207,600,-600.0,False,36
scale_a0.2,kc_delta,0,208,600,-600.0,False,42
scale_a0.2,kc_delta,0,209,600,-600.0,False,53
scale_a0.2,kc_delta,0,210,600,-600.0,False,54
scale_a0.2,kc_delta,0,211,43,-32.0,True,13
scale_a0.2,kc_delta,0,212,600,-600.0,False,24
scale_a0.2,kc_delta,0,213,600,-600.0,False,36
scale_a0.2,kc_delta,0,214,194,-183.0,True,19
scale_a0.2,kc_delta,0,215,600,-600.0,False,37
scale_a0.2,kc_delta,0,216,600,-600.0,False,42
scale_a0.2,kc_delta,0,217,85,-74.0,True,19
scale_a0.2,kc_delta,0,218,600,-600.0,False,42
scale_a0.2,kc_delta,0,219,600,-600.0,False,33
scale_a0.2,kc_delta,0,220,600,-600.0,False,54
scale_a0.2,kc_delta,0,221,77,-66.0,True,4
scale_a0.2,kc_delta,0,222,600,-600.0,False,55
scale_a0.2,kc_delta,0,223,600,-600.0,False,40
scale_a0.2,kc_delta,0,224,600,-600.0,False,38
scale_a0.2,kc_delta,0,225,600,-600.0,False,37
scale_a0.2,kc_delta,0,226,600,-600.0,False,46
scale_a0.2,kc_delta,0,227,257,-246.0,True,22
scale_a0.2,kc_delta,0,228,600,-600.0,False,53
scale_a0.2,kc_delta,0,229,600,-600.0,False,44
scale_a0.2,kc_delta,0,230,600,-600.0,False,47
scale_a0.2,kc_delta,0,231,191,-180.0,True,25
scale_a0.2,kc_delta,0,232,183,-172.0,True,12
scale_a0.2,kc_delta,0,233,600,-600.0,False,45
scale_a0.2,kc_delta,0,234,600,-600.0,False,40
scale_a0.2,kc_delta,0,235,36,-25.0,True,13
scale_a0.2,kc_delta,0,236,600,-600.0,False,29
scale_a0.2,kc_delta,0,237,83,-72.0,True,25
scale_a0.2,kc_delta,0,238,600,-600.0,False,54
scale_a0.2,kc_delta,0,239,600,-600.0,False,48
scale_a0.2,kc_delta,0,240,600,-600.0,False,32
scale_a0.2,kc_delta,0,241,600,-600.0,False,37
scale_a0.2,kc_delta,0,242,600,-600.0,False,56
scale_a0.2,kc_delta,0,243,515,-504.0,True,32
scale_a0.2,kc_delta,0,244,12,-1.0,True,11
scale_a0.2,kc_delta,0,245,600,-600.0,False,43
scale_a0.2,kc_delta,0,246,600,-600.0,False,34
scale_a0.2,kc_delta,0,247,600,-600.0,False,34
scale_a0.2,kc_delta,0,248,600,-600.0,False,52
scale_a0.2,kc_delta,0,249,600,-600.0,False,28
scale_a0.2,kc_delta,0,250,600,-600.0,False,45
scale_a0.2,kc_delta,0,251,600,-600.0,False,27
scale_a0.2,kc_delta,0,252,600,-600.0,False,41
scale_a0.2,kc_delta,0,253,600,-600.0,False,56
scale_a0.2,kc_delta,0,254,600,-600.0,False,45
scale_a0.2,kc_delta,0,255,600,-600.0,False,42
scale_a0.2,kc_delta,0,256,474,-463.0,True,24
scale_a0.2,kc_delta,0,257,600,-600.0,False,46
scale_a0.2,kc_delta,0,258,600,-600.0,False,33
scale_a0.2,kc_delta,0,259,600,-600.0,False,41
scale_a0.2,kc_delta,0,260,600,-600.0,False,49
scale_a0.2,kc_delta,0,261,600,-600.0,False,29
scale_a0.2,kc_delta,0,262,8,3.0,True,7
scale_a0.2,kc_delta,0,263,95,-84.0,True,18
scale_a0.2,kc_delta,0,264,6,5.0,True,6
scale_a0.2,kc_delta,0,265,27,-16.0,True,17
scale_a0.2,kc_delta,0,266,600,-600.0,False,39
scale_a0.2,kc_delta,0,267,600,-600.0,False,34
scale_a0.2,kc_delta,0,268,18,-7.0,True,18
scale_a0.2,kc_delta,0,269,600,-600.0,False,49
scale_a0.2,kc_delta,0,270,600,-600.0,False,47
scale_a0.2,kc_delta,0,271,73,-62.0,True,22
scale_a0.2,kc_delta,0,272,161,-150.0,True,23
scale_a0.2,kc_delta,0,273,600,-600.0,False,51
scale_a0.2,kc_delta,0,274,25,-14.0,True,11
scale_a0.2,kc_delta,0,275,70,-59.0,True,14
scale_a0.2,kc_delta,0,276,600,-600.0,False,41
scale_a0.2,kc_delta,0,277,39,-28.0,True,22
scale_a0.2,kc_delta,0,278,600,-600.0,False,35
scale_a0.2,kc_delta,0,279,600,-600.0,False,49
scale_a0.2,kc_delta,0,280,600,-600.0,False,54
scale_a0.2,kc_delta,0,281,38,-27.0,True,20
scale_a0.2,kc_delta,0,282,600,-600.0,False,50
scale_a0.2,kc_delta,0,283,18,-7.0,True,16
scale_a0.2,kc_delta,0,284,8,3.0,True,8
scale_a0.2,kc_delta,0,285,19,-8.0,True,17
scale_a0.2,kc_delta,0,286,600,-600.0,False,45
scale_a0.2,kc_delta,0,287,15,-4.0,True,12
scale_a0.2,kc_delta,0,288,600,-600.0,False,54
scale_a0.2,kc_delta,0,289,90,-79.0,True,24
scale_a0.2,kc_delta,0,290,24,-13.0,True,20
scale_a0.2,kc_delta,0,291,600,-600.0,False,51
scale_a0.2,kc_delta,0,292,172,-161.0,True,21
scale_a0.2,kc_delta,0,293,600,-600.0,False,53
scale_a0.2,kc_delta,0,294,600,-600.0,False,54
scale_a0.2,kc_delta,0,295,600,-600.0,False,48
scale_a0.2,kc_delta,0,296,57,-46.0,True,14
scale_a0.2,kc_delta,0,297,13,-2.0,True,12
scale_a0.2,kc_delta,0,298,53,-42.0,True,6
scale_a0.2,kc_delta,0,299,15,-4.0,True,13
scale_a0.2,kc_delta,0,300,2,9.0,True,2
scale_a0.2,kc_delta,0,301,600,-600.0,False,36
scale_a0.2,kc_delta,0,302,137,-126.0,True,28
scale_a0.2,kc_delta,0,303,600,-600.0,False,47
scale_a0.2,kc_delta,0,304,600,-600.0,False,44
scale_a0.2,kc_delta,0,305,27,-16.0,True,18
scale_a0.2,kc_delta,0,306,111,-100.0,True,32
scale_a0.2,kc_delta,0,307,157,-146.0,True,24
scale_a0.2,kc_delta,0,308,600,-600.0,False,46
scale_a0.2,kc_delta,0,309,55,-44.0,True,26
scale_a0.2,kc_delta,0,310,600,-600.0,False,36
scale_a0.2,kc_delta,0,311,37,-26.0,True,10
scale_a0.2,kc_delta,0,312,600,-600.0,False,52
scale_a0.2,kc_delta,0,313,24,-13.0,True,19
scale_a0.2,kc_delta,0,314,600,-600.0,False,38
scale_a0.2,kc_delta,0,315,600,-600.0,False,46
scale_a0.2,kc_delta,0,316,600,-600.0,False,52
scale_a0.2,kc_delta,0,317,600,-600.0,False,49
scale_a0.2,kc_delta,0,318,14,-3.0,True,7
scale_a0.2,kc_delta,0,319,137,-126.0,True,22
scale_a0.2,kc_delta,0,320,60,-49.0,True,22
scale_a0.2,kc_delta,0,321,57,-46.0,True,21
scale_a0.2,kc_delta,0,322,94,-83.0,True,25
scale_a0.2,kc_delta,0,323,600,-600.0,False,53
scale_a0.2,kc_delta,0,324,53,-42.0,True,17
scale_a0.2,kc_delta,0,325,600,-600.0,False,41
scale_a0.2,kc_delta,0,326,18,-7.0,True,15
scale_a0.2,kc_delta,0,327,29,-18.0,True,16
scale_a0.2,kc_delta,0,328,9,2.0,True,7
scale_a0.2,kc_delta,0,329,600,-600.0,False,37
scale_a0.2,kc_delta,0,330,288,-277.0,True,30
scale_a0.2,kc_delta,0,331,21,-10.0,True,16
scale_a0.2,kc_delta,0,332,600,-600.0,False,52
scale_a0.2,kc_delta,0,333,82,-71.0,True,24
scale_a0.2,kc_delta,0,334,39,-28.0,True,21
scale_a0.2,kc_delta,0,335,600,-600.0,False,37
scale_a0.2,kc_delta,0,336,600,-600.0,False,53
scale_a0.2,kc_delta,0,337,27,-16.0,True,19
scale_a0.2,kc_delta,0,338,600,-600.0,False,39
scale_a0.2,kc_delta,0,339,11,0.0,True,10
scale_a0.2,kc_delta,0,340,20,-9.0,True,12
scale_a0.2,kc_delta,0,341,34,-23.0,True,21
scale_a0.2,kc_delta,0,342,52,-41.0,True,10
scale_a0.2,kc_delta,0,343,600,-600.0,False,54
scale_a0.2,kc_delta,0,344,184,-173.0,True,20
scale_a0.2,kc_delta,0,345,600,-600.0,False,45
scale_a0.2,kc_delta,0,346,600,-600.0,False,52
scale_a0.2,kc_delta,0,347,600,-600.0,False,31
scale_a0.2,kc_delta,0,348,600,-600.0,False,48
scale_a0.2,kc_delta,0,349,12,-1.0,True,12
scale_a0.2,kc_delta,0,350,600,-600.0,False,39
scale_a0.2,kc_delta,0,351,90,-79.0,True,23
scale_a0.2,kc_delta,0,352,93,-82.0,True,23
scale_a0.2,kc_delta,0,353,600,-600.0,False,53
scale_a0.2,kc_delta,0,354,600,-600.0,False,50
scale_a0.2,kc_delta,0,355,600,-600.0,False,25
scale_a0.2,kc_delta,0,356,86,-75.0,True,14
scale_a0.2,kc_delta,0,357,600,-600.0,False,44
scale_a0.2,kc_delta,0,358,600,-600.0,False,52
scale_a0.2,kc_delta,0,359,600,-600.0,False,53
scale_a0.2,kc_delta,0,360,600,-600.0,False,31
scale_a0.2,kc_delta,0,361,600,-600.0,False,49
scale_a0.2,kc_delta,0,362,600,-600.0,False,48
scale_a0.2,kc_delta,0,363,73,-62.0,True,17
scale_a0.2,kc_delta,0,364,600,-600.0,False,53
scale_a0.2,kc_delta,0,365,388,-377.0,True,20
scale_a0.2,kc_delta,0,366,19,-8.0,True,17
scale_a0.2,kc_delta,0,367,45,-34.0,True,15
scale_a0.2,kc_delta,0,368,600,-600.0,False,52
scale_a0.2,kc_delta,0,369,600,-600.0,False,24
scale_a0.2,kc_delta,0,370,600,-600.0,False,35
scale_a0.2,kc_delta,0,371,147,-136.0,True,29
scale_a0.2,kc_delta,0,372,32,-21.0,True,23
scale_a0.2,kc_delta,0,373,600,-600.0,False,58
scale_a0.2,kc_delta,0,374,35,-24.0,True,13
scale_a0.2,kc_delta,0,375,600,-600.0,False,37
scale_a0.2,kc_delta,0,376,600,-600.0,False,54
scale_a0.2,kc_delta,0,377,600,-600.0,False,51
scale_a0.2,kc_delta,0,378,71,-60.0,True,21
scale_a0.2,kc_delta,0,379,42,-31.0,True,19
scale_a0.2,kc_delta,0,380,410,-399.0,True,37
scale_a0.2,kc_delta,0,381,600,-600.0,False,39
scale_a0.2,kc_delta,0,382,92,-81.0,True,37
scale_a0.2,kc_delta,0,383,600,-600.0,False,33
scale_a0.2,kc_delta,0,384,10,1.0,True,8
scale_a0.2,kc_delta,0,385,21,-10.0,True,17
scale_a0.2,kc_delta,0,386,72,-61.0,True,25
scale_a0.2,kc_delta,0,387,322,-311.0,True,24
scale_a0.2,kc_delta,0,388,600,-600.0,False,51
scale_a0.2,kc_delta,0,389,600,-600.0,False,32
scale_a0.2,kc_delta,0,390,6,5.0,True,6
scale_a0.2,kc_delta,0,391,7,4.0,True,7
scale_a0.2,kc_delta,0,392,600,-600.0,False,48
scale_a0.2,kc_delta,0,393,267,-256.0,True,37
scale_a0.2,kc_delta,0,394,600,-600.0,False,47
scale_a0.2,kc_delta,0,395,351,-340.0,True,29
scale_a0.2,kc_delta,0,396,13,-2.0,True,9
scale_a0.2,kc_delta,0,397,57,-46.0,True,24
scale_a0.2,kc_delta,0,398,600,-600.0,False,36
scale_a0.2,kc_delta,0,399,600,-600.0,False,50
scale_a0.2,kc_delta,0,400,67,-56.0,True,25
scale_a0.2,kc_delta,0,401,600,-600.0,False,46
scale_a0.2,kc_delta,0,402,24,-13.0,True,20
scale_a0.2,kc_delta,0,403,600,-600.0,False,52
scale_a0.2,kc_delta,0,404,67,-56.0,True,24
scale_a0.2,kc_delta,0,405,46,-35.0,True,26
scale_a0.2,kc_delta,0,406,600,-600.0,False,33
scale_a0.2,kc_delta,0,407,79,-68.0,True,12
scale_a0.2,kc_delta,0,408,60,-49.0,True,17
scale_a0.2,kc_delta,0,409,137,-126.0,True,29
scale_a0.2,kc_delta,0,410,51,-40.0,True,24
scale_a0.2,kc_delta,0,411,600,-600.0,False,56
scale_a0.2,kc_delta,0,412,600,-600.0,False,53
scale_a0.2,kc_delta,0,413,54,-43.0,True,24
scale_a0.2,kc_delta,0,414,36,-25.0,True,31
scale_a0.2,kc_delta,0,415,214,-203.0,True,26
scale_a0.2,kc_delta,0,416,600,-600.0,False,48
scale_a0.2,kc_delta,0,417,600,-600.0,False,39
scale_a0.2,kc_delta,0,418,600,-600.0,False,45
scale_a0.2,kc_delta,0,419,600,-600.0,False,51
scale_a0.2,kc_delta,0,420,600,-600.0,False,45
scale_a0.2,kc_delta,0,421,91,-80.0,True,21
scale_a0.2,kc_delta,0,422,600,-600.0,False,33
scale_a0.2,kc_delta,0,423,554,-543.0,True,26
scale_a0.2,kc_delta,0,424,600,-600.0,False,57
scale_a0.2,kc_delta,0,425,600,-600.0,False,39
scale_a0.2,kc_delta,0,426,277,-266.0,True,33
scale_a0.2,kc_delta,0,427,600,-600.0,False,48
scale_a0.2,kc_delta,0,428,56,-45.0,True,21
scale_a0.2,kc_delta,0,429,7,4.0,True,7
scale_a0.2,kc_delta,0,430,600,-600.0,False,41
scale_a0.2,kc_delta,0,431,16,-5.0,True,7
scale_a0.2,kc_delta,0,432,14,-3.0,True,13
scale_a0.2,kc_delta,0,433,600,-600.0,False,52
scale_a0.2,kc_delta,0,434,53,-42.0,True,23
scale_a0.2,kc_delta,0,435,60,-49.0,True,20
scale_a0.2,kc_delta,0,436,14,-3.0,True,13
scale_a0.2,kc_delta,0,437,7,4.0,True,7
scale_a0.2,kc_delta,0,438,36,-25.0,True,29
scale_a0.2,kc_delta,0,439,600,-600.0,False,43
scale_a0.2,kc_delta,0,440,600,-600.0,False,54
scale_a0.2,kc_delta,0,441,600,-600.0,False,40
scale_a0.2,kc_delta,0,442,133,-122.0,True,31
scale_a0.2,kc_delta,0,443,26,-15.0,True,12
scale_a0.2,kc_delta,0,444,600,-600.0,False,56
scale_a0.2,kc_delta,0,445,18,-7.0,True,8
scale_a0.2,kc_delta,0,446,40,-29.0,True,20
scale_a0.2,kc_delta,0,447,600,-600.0,False,38
scale_a0.2,kc_delta,0,448,13,-2.0,True,13
scale_a0.2,kc_delta,0,449,22,-11.0,True,18
scale_a0.2,kc_delta,0,450,7,4.0,True,7
scale_a0.2,kc_delta,0,451,600,-600.0,False,46
scale_a0.2,kc_delta,0,452,600,-600.0,False,54
scale_a0.2,kc_delta,0,453,124,-113.0,True,30
scale_a0.2,kc_delta,0,454,24,-13.0,True,17
scale_a0.2,kc_delta,0,455,600,-600.0,False,43
scale_a0.2,kc_delta,0,456,49,-38.0,True,14
scale_a0.2,kc_delta,0,457,366,-355.0,True,9
scale_a0.2,kc_delta,0,458,600,-600.0,False,34
scale_a0.2,kc_delta,0,459,80,-69.0,True,16
scale_a0.2,kc_delta,0,460,600,-600.0,False,45
scale_a0.2,kc_delta,0,461,15,-4.0,True,8
scale_a0.2,kc_delta,0,462,600,-600.0,False,54
scale_a0.2,kc_delta,0,463,34,-23.0,True,10
scale_a0.2,kc_delta,0,464,13,-2.0,True,10
scale_a0.2,kc_delta,0,465,600,-600.0,False,53
scale_a0.2,kc_delta,0,466,25,-14.0,True,13
scale_a0.2,kc_delta,0,467,58,-47.0,True,20
scale_a0.2,kc_delta,0,468,600,-600.0,False,47
scale_a0.2,kc_delta,0,469,600,-600.0,False,47
scale_a0.2,kc_delta,0,470,452,-441.0,True,31
scale_a0.2,kc_delta,0,471,10,1.0,True,10
scale_a0.2,kc_delta,0,472,600,-600.0,False,53
scale_a0.2,kc_delta,0,473,397,-386.0,True,34
scale_a0.2,kc_delta,0,474,53,-42.0,True,19
scale_a0.2,kc_delta,0,475,427,-416.0,True,26
scale_a0.2,kc_delta,0,476,124,-113.0,True,31
scale_a0.2,kc_delta,0,477,32,-21.0,True,13
scale_a0.2,kc_delta,0,478,600,-600.0,False,44
scale_a0.2,kc_delta,0,479,600,-600.0,False,38
scale_a0.2,kc_delta,0,480,59,-48.0,True,16
scale_a0.2,kc_delta,0,481,66,-55.0,True,23
scale_a0.2,kc_delta,0,482,600,-600.0,False,50
scale_a0.2,kc_delta,0,483,3,8.0,True,3
scale_a0.2,kc_delta,0,484,40,-29.0,True,13
scale_a0.2,kc_delta,0,485,600,-600.0,False,35
scale_a0.2,kc_delta,0,486,49,-38.0,True,16
scale_a0.2,kc_delta,0,487,600,-600.0,False,42
scale_a0.2,kc_delta,0,488,21,-10.0,True,16
scale_a0.2,kc_delta,0,489,600,-600.0,False,55
scale_a0.2,kc_delta,0,490,28,-17.0,True,20
scale_a0.2,kc_delta,0,491,600,-600.0,False,41
scale_a0.2,kc_delta,0,492,600,-600.0,False,53
scale_a0.2,kc_delta,0,493,600,-600.0,False,45
scale_a0.2,kc_delta,0,494,449,-438.0,True,27
scale_a0.2,kc_delta,0,495,47,-36.0,True,23
scale_a0.2,kc_delta,0,496,600,-600.0,False,52
scale_a0.2,kc_delta,0,497,600,-600.0,False,39
scale_a0.2,kc_delta,0,498,600,-600.0,False,33
scale_a0.2,kc_delta,0,499,20,-9.0,True,17
scale_a0.2,kc_delta,0,500,600,-600.0,False,51
scale_a0.2,kc_delta,0,501,15,-4.0,True,11
scale_a0.2,kc_delta,0,502,600,-600.0,False,54
scale_a0.2,kc_delta,0,503,6,5.0,True,6
scale_a0.2,kc_delta,0,504,8,3.0,True,7
scale_a0.2,kc_delta,0,505,12,-1.0,True,11
scale_a0.2,kc_delta,0,506,52,-41.0,True,22
scale_a0.2,kc_delta,0,507,600,-600.0,False,34
scale_a0.2,kc_delta,0,508,600,-600.0,False,51
scale_a0.2,kc_delta,0,509,600,-600.0,False,47
scale_a0.2,kc_delta,0,510,600,-600.0,False,53
scale_a0.2,kc_delta,0,511,600,-600.0,False,42
scale_a0.2,kc_delta,0,512,55,-44.0,True,21
scale_a0.2,kc_delta,0,513,81,-70.0,True,14
scale_a0.2,kc_delta,0,514,600,-600.0,False,56
scale_a0.2,kc_delta,0,515,600,-600.0,False,52
scale_a0.2,kc_delta,0,516,600,-600.0,False,50
scale_a0.2,kc_delta,0,517,103,-92.0,True,24
scale_a0.2,kc_delta,0,518,22,-11.0,True,22
scale_a0.2,kc_delta,0,519,7,4.0,True,7
scale_a0.2,kc_delta,0,520,70,-59.0,True,31
scale_a0.2,kc_delta,0,521,600,-600.0,False,46
scale_a0.2,kc_delta,0,522,7,4.0,True,7
scale_a0.2,kc_delta,0,523,600,-600.0,False,32
scale_a0.2,kc_delta,0,524,600,-600.0,False,50
scale_a0.2,kc_delta,0,525,600,-600.0,False,52
scale_a0.2,kc_delta,0,526,81,-70.0,True,24
scale_a0.2,kc_delta,0,527,600,-600.0,False,52
scale_a0.2,kc_delta,0,528,48,-37.0,True,25
scale_a0.2,kc_delta,0,529,600,-600.0,False,43
scale_a0.2,kc_delta,0,530,600,-600.0,False,55
scale_a0.2,kc_delta,0,531,600,-600.0,False,48
scale_a0.2,kc_delta,0,532,11,0.0,True,11
scale_a0.2,kc_delta,0,533,256,-245.0,True,32
scale_a0.2,kc_delta,0,534,8,3.0,True,8
scale_a0.2,kc_delta,0,535,600,-600.0,False,40
scale_a0.2,kc_delta,0,536,600,-600.0,False,47
scale_a0.2,kc_delta,0,537,600,-600.0,False,46
scale_a0.2,kc_delta,0,538,50,-39.0,True,21
scale_a0.2,kc_delta,0,539,15,-4.0,True,15
scale_a0.2,kc_delta,0,540,77,-66.0,True,28
scale_a0.2,kc_delta,0,541,600,-600.0,False,53
scale_a0.2,kc_delta,0,542,600,-600.0,False,34
scale_a0.2,kc_delta,0,543,35,-24.0,True,20
scale_a0.2,kc_delta,0,544,600,-600.0,False,49
scale_a0.2,kc_delta,0,545,600,-600.0,False,44
scale_a0.2,kc_delta,0,546,37,-26.0,True,23
scale_a0.2,kc_delta,0,547,600,-600.0,False,49
scale_a0.2,kc_delta,0,548,600,-600.0,False,53
scale_a0.2,kc_delta,0,549,162,-151.0,True,26
scale_a0.2,kc_delta,0,550,9,2.0,True,9
scale_a0.2,kc_delta,0,551,600,-600.0,False,43
scale_a0.2,kc_delta,0,552,600,-600.0,False,56
scale_a0.2,kc_delta,0,553,600,-600.0,False,42
scale_a0.2,kc_delta,0,554,600,-600.0,False,46
scale_a0.2,kc_delta,0,555,600,-600.0,False,44
scale_a0.2,kc_delta,0,556,12,-1.0,True,12
scale_a0.2,kc_delta,0,557,46,-35.0,True,25
scale_a0.2,kc_delta,0,558,600,-600.0,False,38
scale_a0.2,kc_delta,0,559,392,-381.0,True,35
scale_a0.2,kc_delta,0,560,600,-600.0,False,52
scale_a0.2,kc_delta,0,561,600,-600.0,False,43
scale_a0.2,kc_delta,0,562,199,-188.0,True,33
scale_a0.2,kc_delta,0,563,600,-600.0,False,53
scale_a0.2,kc_delta,0,564,600,-600.0,False,40
scale_a0.2,kc_delta,0,565,600,-600.0,False,35
scale_a0.2,kc_delta,0,566,323,-312.0,True,29
scale_a0.2,kc_delta,0,567,600,-600.0,False,51
scale_a0.2,kc_delta,0,568,262,-251.0,True,27
scale_a0.2,kc_delta,0,569,34,-23.0,True,17
scale_a0.2,kc_delta,0,570,78,-67.0,True,26
scale_a0.2,kc_delta,0,571,8,3.0,True,8
scale_a0.2,kc_delta,0,572,15,-4.0,True,14
scale_a0.2,kc_delta,0,573,201,-190.0,True,30
scale_a0.2,kc_delta,0,574,600,-600.0,False,45
scale_a0.2,kc_delta,0,575,14,-3.0,True,14
scale_a0.2,kc_delta,0,576,600,-600.0,False,48
scale_a0.2,kc_delta,0,577,600,-600.0,False,36
scale_a0.2,kc_delta,0,578,103,-92.0,True,14
scale_a0.2,kc_delta,0,579,600,-600.0,False,40
scale_a0.2,kc_delta,0,580,20,-9.0,True,14
scale_a0.2,kc_delta,0,581,47,-36.0,True,21
scale_a0.2,kc_delta,0,582,470,-459.0,True,26
scale_a0.2,kc_delta,0,583,600,-600.0,False,44
scale_a0.2,kc_delta,0,584,600,-600.0,False,42
scale_a0.2,kc_delta,0,585,600,-600.0,False,38
scale_a0.2,kc_delta,0,586,600,-600.0,False,50
scale_a0.2,kc_delta,0,587,600,-600.0,False,43
scale_a0.2,kc_delta,0,588,128,-117.0,True,33
scale_a0.2,kc_delta,0,589,600,-600.0,False,47
scale_a0.2,kc_delta,0,590,600,-600.0,False,39
scale_a0.2,kc_delta,0,591,75,-64.0,True,29
scale_a0.2,kc_delta,0,592,600,-600.0,False,45
scale_a0.2,kc_delta,0,593,12,-1.0,True,12
scale_a0.2,kc_delta,0,594,46,-35.0,True,24
scale_a0.2,kc_delta,0,595,600,-600.0,False,47
scale_a0.2,kc_delta,0,596,10,1.0,True,10
scale_a0.2,kc_delta,0,597,2,9.0,True,2
scale_a0.2,kc_delta,0,598,23,-12.0,True,19
scale_a0.2,kc_delta,0,599,600,-600.0,False,41
scale_a0.2,rand_delta,0,0,600,-600.0,False,45
scale_a0.2,rand_delta,0,1,600,-600.0,False,46
scale_a0.2,rand_delta,0,2,600,-600.0,False,22
scale_a0.2,rand_delta,0,3,370,-359.0,True,19
scale_a0.2,rand_delta,0,4,101,-90.0,True,11
scale_a0.2,rand_delta,0,5,489,-478.0,True,22
scale_a0.2,rand_delta,0,6,600,-600.0,False,43
scale_a0.2,rand_delta,0,7,600,-600.0,False,45
scale_a0.2,rand_delta,0,8,242,-231.0,True,22
scale_a0.2,rand_delta,0,9,600,-600.0,False,46
scale_a0.2,rand_delta,0,10,307,-296.0,True,35
scale_a0.2,rand_delta,0,11,600,-600.0,False,49
scale_a0.2,rand_delta,0,12,128,-117.0,True,23
scale_a0.2,rand_delta,0,13,154,-143.0,True,28
scale_a0.2,rand_delta,0,14,600,-600.0,False,47
scale_a0.2,rand_delta,0,15,23,-12.0,True,17
scale_a0.2,rand_delta,0,16,600,-600.0,False,52
scale_a0.2,rand_delta,0,17,75,-64.0,True,26
scale_a0.2,rand_delta,0,18,600,-600.0,False,54
scale_a0.2,rand_delta,0,19,22,-11.0,True,12
scale_a0.2,rand_delta,0,20,600,-600.0,False,55
scale_a0.2,rand_delta,0,21,116,-105.0,True,25
scale_a0.2,rand_delta,0,22,36,-25.0,True,10
scale_a0.2,rand_delta,0,23,324,-313.0,True,34
scale_a0.2,rand_delta,0,24,10,1.0,True,8
scale_a0.2,rand_delta,0,25,600,-600.0,False,51
scale_a0.2,rand_delta,0,26,600,-600.0,False,48
scale_a0.2,rand_delta,0,27,11,0.0,True,6
scale_a0.2,rand_delta,0,28,416,-405.0,True,36
scale_a0.2,rand_delta,0,29,30,-19.0,True,18
scale_a0.2,rand_delta,0,30,600,-600.0,False,52
scale_a0.2,rand_delta,0,31,37,-26.0,True,28
scale_a0.2,rand_delta,0,32,600,-600.0,False,44
scale_a0.2,rand_delta,0,33,600,-600.0,False,45
scale_a0.2,rand_delta,0,34,52,-41.0,True,27
scale_a0.2,rand_delta,0,35,600,-600.0,False,50
scale_a0.2,rand_delta,0,36,182,-171.0,True,20
scale_a0.2,rand_delta,0,37,30,-19.0,True,20
scale_a0.2,rand_delta,0,38,65,-54.0,True,26
scale_a0.2,rand_delta,0,39,139,-128.0,True,31
scale_a0.2,rand_delta,0,40,38,-27.0,True,24
scale_a0.2,rand_delta,0,41,14,-3.0,True,8
scale_a0.2,rand_delta,0,42,42,-31.0,True,21
scale_a0.2,rand_delta,0,43,103,-92.0,True,37
scale_a0.2,rand_delta,0,44,600,-600.0,False,51
scale_a0.2,rand_delta,0,45,600,-600.0,False,51
scale_a0.2,rand_delta,0,46,26,-15.0,True,13
scale_a0.2,rand_delta,0,47,131,-120.0,True,26
scale_a0.2,rand_delta,0,48,66,-55.0,True,31
scale_a0.2,rand_delta,0,49,474,-463.0,True,44
scale_a0.2,rand_delta,0,50,47,-36.0,True,22
scale_a0.2,rand_delta,0,51,600,-600.0,False,53
scale_a0.2,rand_delta,0,52,7,4.0,True,5
scale_a0.2,rand_delta,0,53,397,-386.0,True,36
scale_a0.2,rand_delta,0,54,600,-600.0,False,52
scale_a0.2,rand_delta,0,55,138,-127.0,True,40
scale_a0.2,rand_delta,0,56,416,-405.0,True,48
scale_a0.2,rand_delta,0,57,42,-31.0,True,29
scale_a0.2,rand_delta,0,58,208,-197.0,True,44
scale_a0.2,rand_delta,0,59,600,-600.0,False,49
scale_a0.2,rand_delta,0,60,46,-35.0,True,33
scale_a0.2,rand_delta,0,61,466,-455.0,True,44
scale_a0.2,rand_delta,0,62,600,-600.0,False,50
scale_a0.2,rand_delta,0,63,78,-67.0,True,33
scale_a0.2,rand_delta,0,64,39,-28.0,True,20
scale_a0.2,rand_delta,0,65,34,-23.0,True,13
scale_a0.2,rand_delta,0,66,49,-38.0,True,13
scale_a0.2,rand_delta,0,67,519,-508.0,True,46
scale_a0.2,rand_delta,0,68,32,-21.0,True,25
scale_a0.2,rand_delta,0,69,600,-600.0,False,45
scale_a0.2,rand_delta,0,70,213,-202.0,True,46
scale_a0.2,rand_delta,0,71,600,-600.0,False,55
scale_a0.2,rand_delta,0,72,189,-178.0,True,39
scale_a0.2,rand_delta,0,73,600,-600.0,False,56
scale_a0.2,rand_delta,0,74,600,-600.0,False,50
scale_a0.2,rand_delta,0,75,139,-128.0,True,21
scale_a0.2,rand_delta,0,76,63,-52.0,True,13
scale_a0.2,rand_delta,0,77,600,-600.0,False,47
scale_a0.2,rand_delta,0,78,187,-176.0,True,43
scale_a0.2,rand_delta,0,79,88,-77.0,True,25
scale_a0.2,rand_delta,0,80,35,-24.0,True,20
scale_a0.2,rand_delta,0,81,36,-25.0,True,21
scale_a0.2,rand_delta,0,82,50,-39.0,True,18
scale_a0.2,rand_delta,0,83,600,-600.0,False,54
scale_a0.2,rand_delta,0,84,600,-600.0,False,53
scale_a0.2,rand_delta,0,85,156,-145.0,True,35
scale_a0.2,rand_delta,0,86,600,-600.0,False,47
scale_a0.2,rand_delta,0,87,600,-600.0,False,43
scale_a0.2,rand_delta,0,88,87,-76.0,True,19
scale_a0.2,rand_delta,0,89,33,-22.0,True,21
scale_a0.2,rand_delta,0,90,48,-37.0,True,19
scale_a0.2,rand_delta,0,91,58,-47.0,True,29
scale_a0.2,rand_delta,0,92,52,-41.0,True,19
scale_a0.2,rand_delta,0,93,600,-600.0,False,52
scale_a0.2,rand_delta,0,94,600,-600.0,False,44
scale_a0.2,rand_delta,0,95,81,-70.0,True,20
scale_a0.2,rand_delta,0,96,90,-79.0,True,26
scale_a0.2,rand_delta,0,97,54,-43.0,True,24
scale_a0.2,rand_delta,0,98,600,-600.0,False,42
scale_a0.2,rand_delta,0,99,582,-571.0,True,40
scale_a0.2,rand_delta,0,100,600,-600.0,False,55
scale_a0.2,rand_delta,0,101,142,-131.0,True,19
scale_a0.2,rand_delta,0,102,3,8.0,True,3
scale_a0.2,rand_delta,0,103,600,-600.0,False,51
scale_a0.2,rand_delta,0,104,418,-407.0,True,45
scale_a0.2,rand_delta,0,105,4,7.0,True,4
scale_a0.2,rand_delta,0,106,42,-31.0,True,35
scale_a0.2,rand_delta,0,107,600,-600.0,False,57
scale_a0.2,rand_delta,0,108,600,-600.0,False,56
scale_a0.2,rand_delta,0,109,600,-600.0,False,47
scale_a0.2,rand_delta,0,110,183,-172.0,True,28
scale_a0.2,rand_delta,0,111,600,-600.0,False,43
scale_a0.2,rand_delta,0,112,600,-600.0,False,54
scale_a0.2,rand_delta,0,113,104,-93.0,True,33
scale_a0.2,rand_delta,0,114,181,-170.0,True,37
scale_a0.2,rand_delta,0,115,82,-71.0,True,26
scale_a0.2,rand_delta,0,116,66,-55.0,True,38
scale_a0.2,rand_delta,0,117,600,-600.0,False,52
scale_a0.2,rand_delta,0,118,600,-600.0,False,46
scale_a0.2,rand_delta,0,119,84,-73.0,True,32
scale_a0.2,rand_delta,0,120,84,-73.0,True,32
scale_a0.2,rand_delta,0,121,50,-39.0,True,42
scale_a0.2,rand_delta,0,122,600,-600.0,False,51
scale_a0.2,rand_delta,0,123,20,-9.0,True,18
scale_a0.2,rand_delta,0,124,600,-600.0,False,40
scale_a0.2,rand_delta,0,125,600,-600.0,False,48
scale_a0.2,rand_delta,0,126,74,-63.0,True,34
scale_a0.2,rand_delta,0,127,600,-600.0,False,56
scale_a0.2,rand_delta,0,128,600,-600.0,False,44
scale_a0.2,rand_delta,0,129,600,-600.0,False,51
scale_a0.2,rand_delta,0,130,118,-107.0,True,23
scale_a0.2,rand_delta,0,131,7,4.0,True,7
scale_a0.2,rand_delta,0,132,58,-47.0,True,34
scale_a0.2,rand_delta,0,133,59,-48.0,True,29
scale_a0.2,rand_delta,0,134,56,-45.0,True,26
scale_a0.2,rand_delta,0,135,63,-52.0,True,26
scale_a0.2,rand_delta,0,136,38,-27.0,True,20
scale_a0.2,rand_delta,0,137,27,-16.0,True,26
scale_a0.2,rand_delta,0,138,600,-600.0,False,49
scale_a0.2,rand_delta,0,139,69,-58.0,True,40
scale_a0.2,rand_delta,0,140,53,-42.0,True,37
scale_a0.2,rand_delta,0,141,600,-600.0,False,51
scale_a0.2,rand_delta,0,142,54,-43.0,True,38
scale_a0.2,rand_delta,0,143,600,-600.0,False,44
scale_a0.2,rand_delta,0,144,600,-600.0,False,44
scale_a0.2,rand_delta,0,145,59,-48.0,True,34
scale_a0.2,rand_delta,0,146,65,-54.0,True,21
scale_a0.2,rand_delta,0,147,600,-600.0,False,39
scale_a0.2,rand_delta,0,148,35,-24.0,True,20
scale_a0.2,rand_delta,0,149,43,-32.0,True,38
scale_a0.2,rand_delta,0,150,36,-25.0,True,20
scale_a0.2,rand_delta,0,151,600,-600.0,False,53
scale_a0.2,rand_delta,0,152,51,-40.0,True,17
scale_a0.2,rand_delta,0,153,51,-40.0,True,13
scale_a0.2,rand_delta,0,154,600,-600.0,False,45
scale_a0.2,rand_delta,0,155,36,-25.0,True,23
scale_a0.2,rand_delta,0,156,42,-31.0,True,20
scale_a0.2,rand_delta,0,157,88,-77.0,True,22
scale_a0.2,rand_delta,0,158,39,-28.0,True,33
scale_a0.2,rand_delta,0,159,154,-143.0,True,35
scale_a0.2,rand_delta,0,160,56,-45.0,True,34
scale_a0.2,rand_delta,0,161,600,-600.0,False,51
scale_a0.2,rand_delta,0,162,2,9.0,True,2
scale_a0.2,rand_delta,0,163,5,6.0,True,4
scale_a0.2,rand_delta,0,164,600,-600.0,False,51
scale_a0.2,rand_delta,0,165,600,-600.0,False,56
scale_a0.2,rand_delta,0,166,45,-34.0,True,25
scale_a0.2,rand_delta,0,167,600,-600.0,False,49
scale_a0.2,rand_delta,0,168,79,-68.0,True,24
scale_a0.2,rand_delta,0,169,174,-163.0,True,33
scale_a0.2,rand_delta,0,170,52,-41.0,True,39
scale_a0.2,rand_delta,0,171,24,-13.0,True,19
scale_a0.2,rand_delta,0,172,10,1.0,True,10
scale_a0.2,rand_delta,0,173,103,-92.0,True,26
scale_a0.2,rand_delta,0,174,239,-228.0,True,43
scale_a0.2,rand_delta,0,175,600,-600.0,False,45
scale_a0.2,rand_delta,0,176,68,-57.0,True,24
scale_a0.2,rand_delta,0,177,600,-600.0,False,51
scale_a0.2,rand_delta,0,178,600,-600.0,False,54
scale_a0.2,rand_delta,0,179,600,-600.0,False,46
scale_a0.2,rand_delta,0,180,600,-600.0,False,46
scale_a0.2,rand_delta,0,181,87,-76.0,True,18
scale_a0.2,rand_delta,0,182,600,-600.0,False,37
scale_a0.2,rand_delta,0,183,600,-600.0,False,53
scale_a0.2,rand_delta,0,184,65,-54.0,True,20
scale_a0.2,rand_delta,0,185,600,-600.0,False,42
scale_a0.2,rand_delta,0,186,48,-37.0,True,36
scale_a0.2,rand_delta,0,187,18,-7.0,True,12
scale_a0.2,rand_delta,0,188,600,-600.0,False,59
scale_a0.2,rand_delta,0,189,600,-600.0,False,53
scale_a0.2,rand_delta,0,190,71,-60.0,True,37
scale_a0.2,rand_delta,0,191,36,-25.0,True,32
scale_a0.2,rand_delta,0,192,15,-4.0,True,15
scale_a0.2,rand_delta,0,193,600,-600.0,False,56
scale_a0.2,rand_delta,0,194,90,-79.0,True,41
scale_a0.2,rand_delta,0,195,53,-42.0,True,26
scale_a0.2,rand_delta,0,196,600,-600.0,False,45
scale_a0.2,rand_delta,0,197,33,-22.0,True,24
scale_a0.2,rand_delta,0,198,102,-91.0,True,17
scale_a0.2,rand_delta,0,199,92,-81.0,True,28
scale_a0.2,rand_delta,0,200,600,-600.0,False,53
scale_a0.2,rand_delta,0,201,600,-600.0,False,43
scale_a0.2,rand_delta,0,202,600,-600.0,False,41
scale_a0.2,rand_delta,0,203,52,-41.0,True,21
scale_a0.2,rand_delta,0,204,600,-600.0,False,44
scale_a0.2,rand_delta,0,205,600,-600.0,False,54
scale_a0.2,rand_delta,0,206,88,-77.0,True,26
scale_a0.2,rand_delta,0,207,66,-55.0,True,36
scale_a0.2,rand_delta,0,208,600,-600.0,False,42
scale_a0.2,rand_delta,0,209,600,-600.0,False,53
scale_a0.2,rand_delta,0,210,600,-600.0,False,54
scale_a0.2,rand_delta,0,211,134,-123.0,True,13
scale_a0.2,rand_delta,0,212,96,-85.0,True,24
scale_a0.2,rand_delta,0,213,47,-36.0,True,36
scale_a0.2,rand_delta,0,214,35,-24.0,True,19
scale_a0.2,rand_delta,0,215,51,-40.0,True,37
scale_a0.2,rand_delta,0,216,600,-600.0,False,42
scale_a0.2,rand_delta,0,217,70,-59.0,True,19
scale_a0.2,rand_delta,0,218,600,-600.0,False,42
scale_a0.2,rand_delta,0,219,53,-42.0,True,33
scale_a0.2,rand_delta,0,220,600,-600.0,False,54
scale_a0.2,rand_delta,0,221,6,5.0,True,4
scale_a0.2,rand_delta,0,222,600,-600.0,False,55
scale_a0.2,rand_delta,0,223,600,-600.0,False,40
scale_a0.2,rand_delta,0,224,109,-98.0,True,38
scale_a0.2,rand_delta,0,225,51,-40.0,True,37
scale_a0.2,rand_delta,0,226,600,-600.0,False,46
scale_a0.2,rand_delta,0,227,24,-13.0,True,22
scale_a0.2,rand_delta,0,228,600,-600.0,False,53
scale_a0.2,rand_delta,0,229,141,-130.0,True,44
scale_a0.2,rand_delta,0,230,600,-600.0,False,47
scale_a0.2,rand_delta,0,231,89,-78.0,True,25
scale_a0.2,rand_delta,0,232,21,-10.0,True,12
scale_a0.2,rand_delta,0,233,600,-600.0,False,45
scale_a0.2,rand_delta,0,234,76,-65.0,True,40
scale_a0.2,rand_delta,0,235,16,-5.0,True,13
scale_a0.2,rand_delta,0,236,55,-44.0,True,29
scale_a0.2,rand_delta,0,237,61,-50.0,True,25
scale_a0.2,rand_delta,0,238,600,-600.0,False,54
scale_a0.2,rand_delta,0,239,600,-600.0,False,48
scale_a0.2,rand_delta,0,240,227,-216.0,True,32
scale_a0.2,rand_delta,0,241,55,-44.0,True,37
scale_a0.2,rand_delta,0,242,600,-600.0,False,56
scale_a0.2,rand_delta,0,243,136,-125.0,True,32
scale_a0.2,rand_delta,0,244,11,0.0,True,11
scale_a0.2,rand_delta,0,245,600,-600.0,False,43
scale_a0.2,rand_delta,0,246,42,-31.0,True,34
scale_a0.2,rand_delta,0,247,47,-36.0,True,34
scale_a0.2,rand_delta,0,248,600,-600.0,False,52
scale_a0.2,rand_delta,0,249,47,-36.0,True,28
scale_a0.2,rand_delta,0,250,600,-600.0,False,45
scale_a0.2,rand_delta,0,251,97,-86.0,True,27
scale_a0.2,rand_delta,0,252,600,-600.0,False,41
scale_a0.2,rand_delta,0,253,600,-600.0,False,56
scale_a0.2,rand_delta,0,254,382,-371.0,True,45
scale_a0.2,rand_delta,0,255,600,-600.0,False,42
scale_a0.2,rand_delta,0,256,64,-53.0,True,24
scale_a0.2,rand_delta,0,257,139,-128.0,True,46
scale_a0.2,rand_delta,0,258,40,-29.0,True,33
scale_a0.2,rand_delta,0,259,600,-600.0,False,41
scale_a0.2,rand_delta,0,260,600,-600.0,False,49
scale_a0.2,rand_delta,0,261,147,-136.0,True,29
scale_a0.2,rand_delta,0,262,7,4.0,True,7
scale_a0.2,rand_delta,0,263,32,-21.0,True,18
scale_a0.2,rand_delta,0,264,6,5.0,True,6
scale_a0.2,rand_delta,0,265,32,-21.0,True,17
scale_a0.2,rand_delta,0,266,61,-50.0,True,39
scale_a0.2,rand_delta,0,267,51,-40.0,True,34
scale_a0.2,rand_delta,0,268,65,-54.0,True,18
scale_a0.2,rand_delta,0,269,600,-600.0,False,49
scale_a0.2,rand_delta,0,270,478,-467.0,True,47
scale_a0.2,rand_delta,0,271,62,-51.0,True,22
scale_a0.2,rand_delta,0,272,44,-33.0,True,23
scale_a0.2,rand_delta,0,273,600,-600.0,False,51
scale_a0.2,rand_delta,0,274,11,0.0,True,11
scale_a0.2,rand_delta,0,275,41,-30.0,True,14
scale_a0.2,rand_delta,0,276,600,-600.0,False,41
scale_a0.2,rand_delta,0,277,66,-55.0,True,22
scale_a0.2,rand_delta,0,278,44,-33.0,True,35
scale_a0.2,rand_delta,0,279,600,-600.0,False,49
scale_a0.2,rand_delta,0,280,600,-600.0,False,54
scale_a0.2,rand_delta,0,281,35,-24.0,True,20
scale_a0.2,rand_delta,0,282,600,-600.0,False,50
scale_a0.2,rand_delta,0,283,28,-17.0,True,16
scale_a0.2,rand_delta,0,284,8,3.0,True,8
scale_a0.2,rand_delta,0,285,21,-10.0,True,17
scale_a0.2,rand_delta,0,286,106,-95.0,True,45
scale_a0.2,rand_delta,0,287,35,-24.0,True,12
scale_a0.2,rand_delta,0,288,600,-600.0,False,54
scale_a0.2,rand_delta,0,289,33,-22.0,True,24
scale_a0.2,rand_delta,0,290,22,-11.0,True,20
scale_a0.2,rand_delta,0,291,600,-600.0,False,51
scale_a0.2,rand_delta,0,292,139,-128.0,True,21
scale_a0.2,rand_delta,0,293,600,-600.0,False,53
scale_a0.2,rand_delta,0,294,600,-600.0,False,54
scale_a0.2,rand_delta,0,295,281,-270.0,True,48
scale_a0.2,rand_delta,0,296,21,-10.0,True,14
scale_a0.2,rand_delta,0,297,13,-2.0,True,12
scale_a0.2,rand_delta,0,298,6,5.0,True,6
scale_a0.2,rand_delta,0,299,24,-13.0,True,13
scale_a0.2,rand_delta,0,300,2,9.0,True,2
scale_a0.2,rand_delta,0,301,46,-35.0,True,36
scale_a0.2,rand_delta,0,302,39,-28.0,True,28
scale_a0.2,rand_delta,0,303,600,-600.0,False,47
scale_a0.2,rand_delta,0,304,401,-390.0,True,44
scale_a0.2,rand_delta,0,305,22,-11.0,True,18
scale_a0.2,rand_delta,0,306,68,-57.0,True,32
scale_a0.2,rand_delta,0,307,51,-40.0,True,24
scale_a0.2,rand_delta,0,308,600,-600.0,False,46
scale_a0.2,rand_delta,0,309,110,-99.0,True,26
scale_a0.2,rand_delta,0,310,73,-62.0,True,36
scale_a0.2,rand_delta,0,311,10,1.0,True,10
scale_a0.2,rand_delta,0,312,600,-600.0,False,52
scale_a0.2,rand_delta,0,313,56,-45.0,True,19
scale_a0.2,rand_delta,0,314,78,-67.0,True,38
scale_a0.2,rand_delta,0,315,600,-600.0,False,46
scale_a0.2,rand_delta,0,316,600,-600.0,False,52
scale_a0.2,rand_delta,0,317,600,-600.0,False,49
scale_a0.2,rand_delta,0,318,14,-3.0,True,7
scale_a0.2,rand_delta,0,319,35,-24.0,True,22
scale_a0.2,rand_delta,0,320,36,-25.0,True,22
scale_a0.2,rand_delta,0,321,23,-12.0,True,21
scale_a0.2,rand_delta,0,322,40,-29.0,True,25
scale_a0.2,rand_delta,0,323,600,-600.0,False,53
scale_a0.2,rand_delta,0,324,21,-10.0,True,17
scale_a0.2,rand_delta,0,325,52,-41.0,True,41
scale_a0.2,rand_delta,0,326,15,-4.0,True,15
scale_a0.2,rand_delta,0,327,41,-30.0,True,16
scale_a0.2,rand_delta,0,328,7,4.0,True,7
scale_a0.2,rand_delta,0,329,51,-40.0,True,37
scale_a0.2,rand_delta,0,330,56,-45.0,True,30
scale_a0.2,rand_delta,0,331,17,-6.0,True,16
scale_a0.2,rand_delta,0,332,600,-600.0,False,52
scale_a0.2,rand_delta,0,333,34,-23.0,True,24
scale_a0.2,rand_delta,0,334,54,-43.0,True,21
scale_a0.2,rand_delta,0,335,48,-37.0,True,37
scale_a0.2,rand_delta,0,336,600,-600.0,False,53
scale_a0.2,rand_delta,0,337,36,-25.0,True,19
scale_a0.2,rand_delta,0,338,68,-57.0,True,39
scale_a0.2,rand_delta,0,339,10,1.0,True,10
scale_a0.2,rand_delta,0,340,12,-1.0,True,12
scale_a0.2,rand_delta,0,341,26,-15.0,True,21
scale_a0.2,rand_delta,0,342,14,-3.0,True,10
scale_a0.2,rand_delta,0,343,600,-600.0,False,54
scale_a0.2,rand_delta,0,344,111,-100.0,True,20
scale_a0.2,rand_delta,0,345,600,-600.0,False,45
scale_a0.2,rand_delta,0,346,600,-600.0,False,52
scale_a0.2,rand_delta,0,347,148,-137.0,True,31
scale_a0.2,rand_delta,0,348,498,-487.0,True,48
scale_a0.2,rand_delta,0,349,12,-1.0,True,12
scale_a0.2,rand_delta,0,350,44,-33.0,True,39
scale_a0.2,rand_delta,0,351,50,-39.0,True,23
scale_a0.2,rand_delta,0,352,32,-21.0,True,23
scale_a0.2,rand_delta,0,353,600,-600.0,False,53
scale_a0.2,rand_delta,0,354,568,-557.0,True,50
scale_a0.2,rand_delta,0,355,47,-36.0,True,25
scale_a0.2,rand_delta,0,356,14,-3.0,True,14
scale_a0.2,rand_delta,0,357,600,-600.0,False,44
scale_a0.2,rand_delta,0,358,600,-600.0,False,52
scale_a0.2,rand_delta,0,359,600,-600.0,False,53
scale_a0.2,rand_delta,0,360,109,-98.0,True,31
scale_a0.2,rand_delta,0,361,600,-600.0,False,49
scale_a0.2,rand_delta,0,362,468,-457.0,True,48
scale_a0.2,rand_delta,0,363,67,-56.0,True,17
scale_a0.2,rand_delta,0,364,600,-600.0,False,53
scale_a0.2,rand_delta,0,365,68,-57.0,True,20
scale_a0.2,rand_delta,0,366,23,-12.0,True,17
scale_a0.2,rand_delta,0,367,41,-30.0,True,15
scale_a0.2,rand_delta,0,368,600,-600.0,False,52
scale_a0.2,rand_delta,0,369,43,-32.0,True,24
scale_a0.2,rand_delta,0,370,63,-52.0,True,35
scale_a0.2,rand_delta,0,371,30,-19.0,True,29
scale_a0.2,rand_delta,0,372,82,-71.0,True,23
scale_a0.2,rand_delta,0,373,600,-600.0,False,58
scale_a0.2,rand_delta,0,374,58,-47.0,True,13
scale_a0.2,rand_delta,0,375,69,-58.0,True,37
scale_a0.2,rand_delta,0,376,600,-600.0,False,54
scale_a0.2,rand_delta,0,377,600,-600.0,False,51
scale_a0.2,rand_delta,0,378,57,-46.0,True,21
scale_a0.2,rand_delta,0,379,81,-70.0,True,19
scale_a0.2,rand_delta,0,380,155,-144.0,True,37
scale_a0.2,rand_delta,0,381,600,-600.0,False,39
scale_a0.2,rand_delta,0,382,61,-50.0,True,37
scale_a0.2,rand_delta,0,383,41,-30.0,True,33
scale_a0.2,rand_delta,0,384,8,3.0,True,8
scale_a0.2,rand_delta,0,385,35,-24.0,True,17
scale_a0.2,rand_delta,0,386,49,-38.0,True,25
scale_a0.2,rand_delta,0,387,58,-47.0,True,24
scale_a0.2,rand_delta,0,388,600,-600.0,False,51
scale_a0.2,rand_delta,0,389,45,-34.0,True,32
scale_a0.2,rand_delta,0,390,6,5.0,True,6
scale_a0.2,rand_delta,0,391,7,4.0,True,7
scale_a0.2,rand_delta,0,392,600,-600.0,False,48
scale_a0.2,rand_delta,0,393,57,-46.0,True,37
scale_a0.2,rand_delta,0,394,600,-600.0,False,47
scale_a0.2,rand_delta,0,395,60,-49.0,True,29
scale_a0.2,rand_delta,0,396,9,2.0,True,9
scale_a0.2,rand_delta,0,397,25,-14.0,True,24
scale_a0.2,rand_delta,0,398,64,-53.0,True,36
scale_a0.2,rand_delta,0,399,600,-600.0,False,50
scale_a0.2,rand_delta,0,400,46,-35.0,True,25
scale_a0.2,rand_delta,0,401,215,-204.0,True,46
scale_a0.2,rand_delta,0,402,22,-11.0,True,20
scale_a0.2,rand_delta,0,403,600,-600.0,False,52
scale_a0.2,rand_delta,0,404,45,-34.0,True,24
scale_a0.2,rand_delta,0,405,40,-29.0,True,26
scale_a0.2,rand_delta,0,406,40,-29.0,True,33
scale_a0.2,rand_delta,0,407,15,-4.0,True,12
scale_a0.2,rand_delta,0,408,23,-12.0,True,17
scale_a0.2,rand_delta,0,409,46,-35.0,True,29
scale_a0.2,rand_delta,0,410,36,-25.0,True,24
scale_a0.2,rand_delta,0,411,600,-600.0,False,56
scale_a0.2,rand_delta,0,412,600,-600.0,False,53
scale_a0.2,rand_delta,0,413,49,-38.0,True,24
scale_a0.2,rand_delta,0,414,31,-20.0,True,31
scale_a0.2,rand_delta,0,415,46,-35.0,True,26
scale_a0.2,rand_delta,0,416,600,-600.0,False,48
scale_a0.2,rand_delta,0,417,39,-28.0,True,39
scale_a0.2,rand_delta,0,418,600,-600.0,False,45
scale_a0.2,rand_delta,0,419,114,-103.0,True,51
scale_a0.2,rand_delta,0,420,193,-182.0,True,45
scale_a0.2,rand_delta,0,421,39,-28.0,True,21
scale_a0.2,rand_delta,0,422,61,-50.0,True,33
scale_a0.2,rand_delta,0,423,66,-55.0,True,26
scale_a0.2,rand_delta,0,424,600,-600.0,False,57
scale_a0.2,rand_delta,0,425,600,-600.0,False,39
scale_a0.2,rand_delta,0,426,44,-33.0,True,33
scale_a0.2,rand_delta,0,427,600,-600.0,False,48
scale_a0.2,rand_delta,0,428,81,-70.0,True,21
scale_a0.2,rand_delta,0,429,7,4.0,True,7
scale_a0.2,rand_delta,0,430,340,-329.0,True,41
scale_a0.2,rand_delta,0,431,7,4.0,True,7
scale_a0.2,rand_delta,0,432,25,-14.0,True,13
scale_a0.2,rand_delta,0,433,600,-600.0,False,52
scale_a0.2,rand_delta,0,434,73,-62.0,True,23
scale_a0.2,rand_delta,0,435,20,-9.0,True,20
scale_a0.2,rand_delta,0,436,13,-2.0,True,13
scale_a0.2,rand_delta,0,437,7,4.0,True,7
scale_a0.2,rand_delta,0,438,42,-31.0,True,29
scale_a0.2,rand_delta,0,439,600,-600.0,False,43
scale_a0.2,rand_delta,0,440,600,-600.0,False,54
scale_a0.2,rand_delta,0,441,65,-54.0,True,40
scale_a0.2,rand_delta,0,442,44,-33.0,True,31
scale_a0.2,rand_delta,0,443,21,-10.0,True,12
scale_a0.2,rand_delta,0,444,600,-600.0,False,56
scale_a0.2,rand_delta,0,445,8,3.0,True,8
scale_a0.2,rand_delta,0,446,24,-13.0,True,20
scale_a0.2,rand_delta,0,447,48,-37.0,True,38
scale_a0.2,rand_delta,0,448,13,-2.0,True,13
scale_a0.2,rand_delta,0,449,18,-7.0,True,18
scale_a0.2,rand_delta,0,450,7,4.0,True,7
scale_a0.2,rand_delta,0,451,405,-394.0,True,46
scale_a0.2,rand_delta,0,452,300,-289.0,True,54
scale_a0.2,rand_delta,0,453,33,-22.0,True,30
scale_a0.2,rand_delta,0,454,35,-24.0,True,17
scale_a0.2,rand_delta,0,455,600,-600.0,False,43
scale_a0.2,rand_delta,0,456,15,-4.0,True,14
scale_a0.2,rand_delta,0,457,9,2.0,True,9
scale_a0.2,rand_delta,0,458,39,-28.0,True,34
scale_a0.2,rand_delta,0,459,19,-8.0,True,16
scale_a0.2,rand_delta,0,460,600,-600.0,False,45
scale_a0.2,rand_delta,0,461,10,1.0,True,8
scale_a0.2,rand_delta,0,462,600,-600.0,False,54
scale_a0.2,rand_delta,0,463,13,-2.0,True,10
scale_a0.2,rand_delta,0,464,11,0.0,True,10
scale_a0.2,rand_delta,0,465,149,-138.0,True,53
scale_a0.2,rand_delta,0,466,13,-2.0,True,13
scale_a0.2,rand_delta,0,467,22,-11.0,True,20
scale_a0.2,rand_delta,0,468,600,-600.0,False,47
scale_a0.2,rand_delta,0,469,63,-52.0,True,47
scale_a0.2,rand_delta,0,470,55,-44.0,True,31
scale_a0.2,rand_delta,0,471,12,-1.0,True,10
scale_a0.2,rand_delta,0,472,357,-346.0,True,53
scale_a0.2,rand_delta,0,473,61,-50.0,True,34
scale_a0.2,rand_delta,0,474,19,-8.0,True,19
scale_a0.2,rand_delta,0,475,30,-19.0,True,26
scale_a0.2,rand_delta,0,476,58,-47.0,True,31
scale_a0.2,rand_delta,0,477,29,-18.0,True,13
scale_a0.2,rand_delta,0,478,600,-600.0,False,44
scale_a0.2,rand_delta,0,479,45,-34.0,True,38
scale_a0.2,rand_delta,0,480,17,-6.0,True,16
scale_a0.2,rand_delta,0,481,25,-14.0,True,23
scale_a0.2,rand_delta,0,482,82,-71.0,True,50
scale_a0.2,rand_delta,0,483,3,8.0,True,3
scale_a0.2,rand_delta,0,484,13,-2.0,True,13
scale_a0.2,rand_delta,0,485,56,-45.0,True,35
scale_a0.2,rand_delta,0,486,16,-5.0,True,16
scale_a0.2,rand_delta,0,487,68,-57.0,True,42
scale_a0.2,rand_delta,0,488,16,-5.0,True,16
scale_a0.2,rand_delta,0,489,600,-600.0,False,55
scale_a0.2,rand_delta,0,490,23,-12.0,True,20
scale_a0.2,rand_delta,0,491,63,-52.0,True,41
scale_a0.2,rand_delta,0,492,600,-600.0,False,53
scale_a0.2,rand_delta,0,493,600,-600.0,False,45
scale_a0.2,rand_delta,0,494,51,-40.0,True,27
scale_a0.2,rand_delta,0,495,29,-18.0,True,23
scale_a0.2,rand_delta,0,496,600,-600.0,False,52
scale_a0.2,rand_delta,0,497,43,-32.0,True,39
scale_a0.2,rand_delta,0,498,41,-30.0,True,33
scale_a0.2,rand_delta,0,499,32,-21.0,True,17
scale_a0.2,rand_delta,0,500,85,-74.0,True,51
scale_a0.2,rand_delta,0,501,11,0.0,True,11
scale_a0.2,rand_delta,0,502,600,-600.0,False,54
scale_a0.2,rand_delta,0,503,6,5.0,True,6
scale_a0.2,rand_delta,0,504,8,3.0,True,7
scale_a0.2,rand_delta,0,505,18,-7.0,True,11
scale_a0.2,rand_delta,0,506,97,-86.0,True,22
scale_a0.2,rand_delta,0,507,60,-49.0,True,34
scale_a0.2,rand_delta,0,508,600,-600.0,False,51
scale_a0.2,rand_delta,0,509,62,-51.0,True,47
scale_a0.2,rand_delta,0,510,600,-600.0,False,53
scale_a0.2,rand_delta,0,511,239,-228.0,True,42
scale_a0.2,rand_delta,0,512,56,-45.0,True,21
scale_a0.2,rand_delta,0,513,23,-12.0,True,14
scale_a0.2,rand_delta,0,514,600,-600.0,False,56
scale_a0.2,rand_delta,0,515,195,-184.0,True,52
scale_a0.2,rand_delta,0,516,600,-600.0,False,50
scale_a0.2,rand_delta,0,517,42,-31.0,True,24
scale_a0.2,rand_delta,0,518,39,-28.0,True,22
scale_a0.2,rand_delta,0,519,7,4.0,True,7
scale_a0.2,rand_delta,0,520,57,-46.0,True,31
scale_a0.2,rand_delta,0,521,568,-557.0,True,46
scale_a0.2,rand_delta,0,522,7,4.0,True,7
scale_a0.2,rand_delta,0,523,34,-23.0,True,32
scale_a0.2,rand_delta,0,524,600,-600.0,False,50
scale_a0.2,rand_delta,0,525,600,-600.0,False,52
scale_a0.2,rand_delta,0,526,40,-29.0,True,24
scale_a0.2,rand_delta,0,527,600,-600.0,False,52
scale_a0.2,rand_delta,0,528,66,-55.0,True,25
scale_a0.2,rand_delta,0,529,318,-307.0,True,43
scale_a0.2,rand_delta,0,530,600,-600.0,False,55
scale_a0.2,rand_delta,0,531,600,-600.0,False,48
scale_a0.2,rand_delta,0,532,11,0.0,True,11
scale_a0.2,rand_delta,0,533,35,-24.0,True,32
scale_a0.2,rand_delta,0,534,8,3.0,True,8
scale_a0.2,rand_delta,0,535,195,-184.0,True,40
scale_a0.2,rand_delta,0,536,600,-600.0,False,47
scale_a0.2,rand_delta,0,537,62,-51.0,True,46
scale_a0.2,rand_delta,0,538,24,-13.0,True,21
scale_a0.2,rand_delta,0,539,15,-4.0,True,15
scale_a0.2,rand_delta,0,540,41,-30.0,True,28
scale_a0.2,rand_delta,0,541,600,-600.0,False,53
scale_a0.2,rand_delta,0,542,38,-27.0,True,34
scale_a0.2,rand_delta,0,543,47,-36.0,True,20
scale_a0.2,rand_delta,0,544,50,-39.0,True,49
scale_a0.2,rand_delta,0,545,429,-418.0,True,44
scale_a0.2,rand_delta,0,546,53,-42.0,True,23
scale_a0.2,rand_delta,0,547,90,-79.0,True,49
scale_a0.2,rand_delta,0,548,600,-600.0,False,53
scale_a0.2,rand_delta,0,549,80,-69.0,True,26
scale_a0.2,rand_delta,0,550,9,2.0,True,9
scale_a0.2,rand_delta,0,551,54,-43.0,True,43
scale_a0.2,rand_delta,0,552,600,-600.0,False,56
scale_a0.2,rand_delta,0,553,478,-467.0,True,42
scale_a0.2,rand_delta,0,554,60,-49.0,True,46
scale_a0.2,rand_delta,0,555,600,-600.0,False,44
scale_a0.2,rand_delta,0,556,24,-13.0,True,12
scale_a0.2,rand_delta,0,557,39,-28.0,True,25
scale_a0.2,rand_delta,0,558,44,-33.0,True,38
scale_a0.2,rand_delta,0,559,36,-25.0,True,35
scale_a0.2,rand_delta,0,560,600,-600.0,False,52
scale_a0.2,rand_delta,0,561,43,-32.0,True,43
scale_a0.2,rand_delta,0,562,68,-57.0,True,33
scale_a0.2,rand_delta,0,563,600,-600.0,False,53
scale_a0.2,rand_delta,0,564,506,-495.0,True,40
scale_a0.2,rand_delta,0,565,44,-33.0,True,35
scale_a0.2,rand_delta,0,566,35,-24.0,True,29
scale_a0.2,rand_delta,0,567,54,-43.0,True,51
scale_a0.2,rand_delta,0,568,29,-18.0,True,27
scale_a0.2,rand_delta,0,569,18,-7.0,True,17
scale_a0.2,rand_delta,0,570,42,-31.0,True,26
scale_a0.2,rand_delta,0,571,8,3.0,True,8
scale_a0.2,rand_delta,0,572,14,-3.0,True,14
scale_a0.2,rand_delta,0,573,30,-19.0,True,30
scale_a0.2,rand_delta,0,574,428,-417.0,True,45
scale_a0.2,rand_delta,0,575,14,-3.0,True,14
scale_a0.2,rand_delta,0,576,56,-45.0,True,48
scale_a0.2,rand_delta,0,577,43,-32.0,True,36
scale_a0.2,rand_delta,0,578,16,-5.0,True,14
scale_a0.2,rand_delta,0,579,353,-342.0,True,40
scale_a0.2,rand_delta,0,580,14,-3.0,True,14
scale_a0.2,rand_delta,0,581,24,-13.0,True,21
scale_a0.2,rand_delta,0,582,50,-39.0,True,26
scale_a0.2,rand_delta,0,583,47,-36.0,True,44
scale_a0.2,rand_delta,0,584,42,-31.0,True,42
scale_a0.2,rand_delta,0,585,43,-32.0,True,38
scale_a0.2,rand_delta,0,586,55,-44.0,True,50
scale_a0.2,rand_delta,0,587,295,-284.0,True,43
scale_a0.2,rand_delta,0,588,46,-35.0,True,33
scale_a0.2,rand_delta,0,589,53,-42.0,True,47
scale_a0.2,rand_delta,0,590,73,-62.0,True,39
scale_a0.2,rand_delta,0,591,45,-34.0,True,29
scale_a0.2,rand_delta,0,592,61,-50.0,True,45
scale_a0.2,rand_delta,0,593,13,-2.0,True,12
scale_a0.2,rand_delta,0,594,43,-32.0,True,24
scale_a0.2,rand_delta,0,595,54,-43.0,True,47
scale_a0.2,rand_delta,0,596,10,1.0,True,10
scale_a0.2,rand_delta,0,597,2,9.0,True,2
scale_a0.2,rand_delta,0,598,21,-10.0,True,19
scale_a0.2,rand_delta,0,599,44,-33.0,True,41
scale_a0.2,mlp,1,0,600,-600.0,False,27
scale_a0.2,mlp,1,1,600,-600.0,False,15
scale_a0.2,mlp,1,2,128,-117.0,True,5
scale_a0.2,mlp,1,3,600,-600.0,False,45
scale_a0.2,mlp,1,4,381,-370.0,True,21
scale_a0.2,mlp,1,5,600,-600.0,False,51
scale_a0.2,mlp,1,6,600,-600.0,False,13
scale_a0.2,mlp,1,7,600,-600.0,False,19
scale_a0.2,mlp,1,8,225,-214.0,True,31
scale_a0.2,mlp,1,9,600,-600.0,False,34
scale_a0.2,mlp,1,10,600,-600.0,False,46
scale_a0.2,mlp,1,11,600,-600.0,False,35
scale_a0.2,mlp,1,12,600,-600.0,False,55
scale_a0.2,mlp,1,13,600,-600.0,False,50
scale_a0.2,mlp,1,14,600,-600.0,False,37
scale_a0.2,mlp,1,15,600,-600.0,False,39
scale_a0.2,mlp,1,16,600,-600.0,False,20
scale_a0.2,mlp,1,17,600,-600.0,False,36
scale_a0.2,mlp,1,18,600,-600.0,False,45
scale_a0.2,mlp,1,19,600,-600.0,False,31
scale_a0.2,mlp,1,20,600,-600.0,False,30
scale_a0.2,mlp,1,21,600,-600.0,False,42
scale_a0.2,mlp,1,22,242,-231.0,True,12
scale_a0.2,mlp,1,23,14,-3.0,True,6
scale_a0.2,mlp,1,24,600,-600.0,False,26
scale_a0.2,mlp,1,25,15,-4.0,True,13
scale_a0.2,mlp,1,26,600,-600.0,False,25
scale_a0.2,mlp,1,27,600,-600.0,False,33
scale_a0.2,mlp,1,28,600,-600.0,False,45
scale_a0.2,mlp,1,29,600,-600.0,False,47
scale_a0.2,mlp,1,30,7,4.0,True,7
scale_a0.2,mlp,1,31,513,-502.0,True,29
scale_a0.2,mlp,1,32,600,-600.0,False,28
scale_a0.2,mlp,1,33,600,-600.0,False,29
scale_a0.2,mlp,1,34,600,-600.0,False,34
scale_a0.2,mlp,1,35,9,2.0,True,9
scale_a0.2,mlp,1,36,600,-600.0,False,36
scale_a0.2,mlp,1,37,600,-600.0,False,44
scale_a0.2,mlp,1,38,489,-478.0,True,20
scale_a0.2,mlp,1,39,600,-600.0,False,35
scale_a0.2,mlp,1,40,600,-600.0,False,20
scale_a0.2,mlp,1,41,600,-600.0,False,46
scale_a0.2,mlp,1,42,600,-600.0,False,21
scale_a0.2,mlp,1,43,600,-600.0,False,32
scale_a0.2,mlp,1,44,1,10.0,True,1
scale_a0.2,mlp,1,45,498,-487.0,True,12
scale_a0.2,mlp,1,46,600,-600.0,False,27
scale_a0.2,mlp,1,47,600,-600.0,False,43
scale_a0.2,mlp,1,48,600,-600.0,False,17
scale_a0.2,mlp,1,49,75,-64.0,True,2
scale_a0.2,mlp,1,50,600,-600.0,False,53
scale_a0.2,mlp,1,51,600,-600.0,False,40
scale_a0.2,mlp,1,52,600,-600.0,False,53
scale_a0.2,mlp,1,53,600,-600.0,False,38
scale_a0.2,mlp,1,54,600,-600.0,False,21
scale_a0.2,mlp,1,55,600,-600.0,False,36
scale_a0.2,mlp,1,56,600,-600.0,False,39
scale_a0.2,mlp,1,57,600,-600.0,False,26
scale_a0.2,mlp,1,58,600,-600.0,False,15
scale_a0.2,mlp,1,59,277,-266.0,True,7
scale_a0.2,mlp,1,60,600,-600.0,False,43
scale_a0.2,mlp,1,61,600,-600.0,False,41
scale_a0.2,mlp,1,62,600,-600.0,False,28
scale_a0.2,mlp,1,63,600,-600.0,False,24
scale_a0.2,mlp,1,64,600,-600.0,False,36
scale_a0.2,mlp,1,65,600,-600.0,False,41
scale_a0.2,mlp,1,66,600,-600.0,False,45
scale_a0.2,mlp,1,67,600,-600.0,False,41
scale_a0.2,mlp,1,68,600,-600.0,False,19
scale_a0.2,mlp,1,69,600,-600.0,False,30
scale_a0.2,mlp,1,70,600,-600.0,False,33
scale_a0.2,mlp,1,71,600,-600.0,False,50
scale_a0.2,mlp,1,72,600,-600.0,False,53
scale_a0.2,mlp,1,73,600,-600.0,False,47
scale_a0.2,mlp,1,74,600,-600.0,False,40
scale_a0.2,mlp,1,75,600,-600.0,False,44
scale_a0.2,mlp,1,76,600,-600.0,False,14
scale_a0.2,mlp,1,77,600,-600.0,False,23
scale_a0.2,mlp,1,78,600,-600.0,False,8
scale_a0.2,mlp,1,79,600,-600.0,False,9
scale_a0.2,mlp,1,80,600,-600.0,False,39
scale_a0.2,mlp,1,81,600,-600.0,False,45
scale_a0.2,mlp,1,82,600,-600.0,False,30
scale_a0.2,mlp,1,83,600,-600.0,False,54
scale_a0.2,mlp,1,84,600,-600.0,False,30
scale_a0.2,mlp,1,85,600,-600.0,False,40
scale_a0.2,mlp,1,86,600,-600.0,False,32
scale_a0.2,mlp,1,87,600,-600.0,False,46
scale_a0.2,mlp,1,88,600,-600.0,False,49
scale_a0.2,mlp,1,89,600,-600.0,False,54
scale_a0.2,mlp,1,90,600,-600.0,False,13
scale_a0.2,mlp,1,91,600,-600.0,False,25
scale_a0.2,mlp,1,92,159,-148.0,True,3
scale_a0.2,mlp,1,93,600,-600.0,False,29
scale_a0.2,mlp,1,94,600,-600.0,False,6
scale_a0.2,mlp,1,95,600,-600.0,False,6
scale_a0.2,mlp,1,96,600,-600.0,False,55
scale_a0.2,mlp,1,97,600,-600.0,False,10
scale_a0.2,mlp,1,98,600,-600.0,False,31
scale_a0.2,mlp,1,99,600,-600.0,False,39
scale_a0.2,mlp,1,100,600,-600.0,False,40
scale_a0.2,mlp,1,101,600,-600.0,False,50
scale_a0.2,mlp,1,102,600,-600.0,False,26
scale_a0.2,mlp,1,103,600,-600.0,False,39
scale_a0.2,mlp,1,104,600,-600.0,False,25
scale_a0.2,mlp,1,105,600,-600.0,False,45
scale_a0.2,mlp,1,106,600,-600.0,False,52
scale_a0.2,mlp,1,107,600,-600.0,False,43
scale_a0.2,mlp,1,108,600,-600.0,False,42
scale_a0.2,mlp,1,109,600,-600.0,False,38
scale_a0.2,mlp,1,110,600,-600.0,False,52
scale_a0.2,mlp,1,111,600,-600.0,False,22
scale_a0.2,mlp,1,112,600,-600.0,False,19
scale_a0.2,mlp,1,113,600,-600.0,False,20
scale_a0.2,mlp,1,114,600,-600.0,False,21
scale_a0.2,mlp,1,115,600,-600.0,False,23
scale_a0.2,mlp,1,116,600,-600.0,False,45
scale_a0.2,mlp,1,117,600,-600.0,False,8
scale_a0.2,mlp,1,118,600,-600.0,False,51
scale_a0.2,mlp,1,119,600,-600.0,False,20
scale_a0.2,mlp,1,120,600,-600.0,False,31
scale_a0.2,mlp,1,121,600,-600.0,False,46
scale_a0.2,mlp,1,122,600,-600.0,False,53
scale_a0.2,mlp,1,123,600,-600.0,False,39
scale_a0.2,mlp,1,124,600,-600.0,False,35
scale_a0.2,mlp,1,125,600,-600.0,False,46
scale_a0.2,mlp,1,126,600,-600.0,False,24
scale_a0.2,mlp,1,127,600,-600.0,False,48
scale_a0.2,mlp,1,128,600,-600.0,False,50
scale_a0.2,mlp,1,129,600,-600.0,False,29
scale_a0.2,mlp,1,130,600,-600.0,False,18
scale_a0.2,mlp,1,131,600,-600.0,False,20
scale_a0.2,mlp,1,132,600,-600.0,False,33
scale_a0.2,mlp,1,133,600,-600.0,False,45
scale_a0.2,mlp,1,134,600,-600.0,False,13
scale_a0.2,mlp,1,135,600,-600.0,False,59
scale_a0.2,mlp,1,136,600,-600.0,False,12
scale_a0.2,mlp,1,137,600,-600.0,False,18
scale_a0.2,mlp,1,138,600,-600.0,False,23
scale_a0.2,mlp,1,139,600,-600.0,False,5
scale_a0.2,mlp,1,140,600,-600.0,False,50
scale_a0.2,mlp,1,141,600,-600.0,False,56
scale_a0.2,mlp,1,142,600,-600.0,False,51
scale_a0.2,mlp,1,143,600,-600.0,False,22
scale_a0.2,mlp,1,144,600,-600.0,False,3
scale_a0.2,mlp,1,145,600,-600.0,False,34
scale_a0.2,mlp,1,146,600,-600.0,False,43
scale_a0.2,mlp,1,147,600,-600.0,False,52
scale_a0.2,mlp,1,148,600,-600.0,False,37
scale_a0.2,mlp,1,149,600,-600.0,False,51
scale_a0.2,mlp,1,150,600,-600.0,False,55
scale_a0.2,mlp,1,151,600,-600.0,False,21
scale_a0.2,mlp,1,152,600,-600.0,False,32
scale_a0.2,mlp,1,153,600,-600.0,False,50
scale_a0.2,mlp,1,154,600,-600.0,False,24
scale_a0.2,mlp,1,155,600,-600.0,False,36
scale_a0.2,mlp,1,156,600,-600.0,False,8
scale_a0.2,mlp,1,157,600,-600.0,False,17
scale_a0.2,mlp,1,158,600,-600.0,False,13
scale_a0.2,mlp,1,159,600,-600.0,False,47
scale_a0.2,mlp,1,160,600,-600.0,False,38
scale_a0.2,mlp,1,161,600,-600.0,False,16
scale_a0.2,mlp,1,162,600,-600.0,False,28
scale_a0.2,mlp,1,163,600,-600.0,False,38
scale_a0.2,mlp,1,164,600,-600.0,False,51
scale_a0.2,mlp,1,165,600,-600.0,False,52
scale_a0.2,mlp,1,166,600,-600.0,False,16
scale_a0.2,mlp,1,167,600,-600.0,False,40
scale_a0.2,mlp,1,168,600,-600.0,False,46
scale_a0.2,mlp,1,169,600,-600.0,False,26
scale_a0.2,mlp,1,170,600,-600.0,False,6
scale_a0.2,mlp,1,171,600,-600.0,False,16
scale_a0.2,mlp,1,172,600,-600.0,False,19
scale_a0.2,mlp,1,173,600,-600.0,False,13
scale_a0.2,mlp,1,174,600,-600.0,False,39
scale_a0.2,mlp,1,175,600,-600.0,False,23
scale_a0.2,mlp,1,176,600,-600.0,False,46
scale_a0.2,mlp,1,177,600,-600.0,False,42
scale_a0.2,mlp,1,178,600,-600.0,False,45
scale_a0.2,mlp,1,179,600,-600.0,False,56
scale_a0.2,mlp,1,180,600,-600.0,False,18
scale_a0.2,mlp,1,181,600,-600.0,False,39
scale_a0.2,mlp,1,182,600,-600.0,False,56
scale_a0.2,mlp,1,183,600,-600.0,False,51
scale_a0.2,mlp,1,184,600,-600.0,False,14
scale_a0.2,mlp,1,185,600,-600.0,False,16
scale_a0.2,mlp,1,186,581,-570.0,True,8
scale_a0.2,mlp,1,187,600,-600.0,False,55
scale_a0.2,mlp,1,188,600,-600.0,False,32
scale_a0.2,mlp,1,189,600,-600.0,False,42
scale_a0.2,mlp,1,190,600,-600.0,False,30
scale_a0.2,mlp,1,191,600,-600.0,False,46
scale_a0.2,mlp,1,192,600,-600.0,False,50
scale_a0.2,mlp,1,193,600,-600.0,False,53
scale_a0.2,mlp,1,194,600,-600.0,False,23
scale_a0.2,mlp,1,195,600,-600.0,False,45
scale_a0.2,mlp,1,196,600,-600.0,False,20
scale_a0.2,mlp,1,197,600,-600.0,False,35
scale_a0.2,mlp,1,198,600,-600.0,False,44
scale_a0.2,mlp,1,199,600,-600.0,False,25
scale_a0.2,mlp,1,200,600,-600.0,False,46
scale_a0.2,mlp,1,201,600,-600.0,False,43
scale_a0.2,mlp,1,202,600,-600.0,False,39
scale_a0.2,mlp,1,203,600,-600.0,False,44
scale_a0.2,mlp,1,204,600,-600.0,False,57
scale_a0.2,mlp,1,205,600,-600.0,False,42
scale_a0.2,mlp,1,206,600,-600.0,False,38
scale_a0.2,mlp,1,207,600,-600.0,False,43
scale_a0.2,mlp,1,208,600,-600.0,False,41
scale_a0.2,mlp,1,209,600,-600.0,False,35
scale_a0.2,mlp,1,210,600,-600.0,False,49
scale_a0.2,mlp,1,211,600,-600.0,False,26
scale_a0.2,mlp,1,212,600,-600.0,False,18
scale_a0.2,mlp,1,213,600,-600.0,False,39
scale_a0.2,mlp,1,214,600,-600.0,False,26
scale_a0.2,mlp,1,215,600,-600.0,False,46
scale_a0.2,mlp,1,216,600,-600.0,False,28
scale_a0.2,mlp,1,217,600,-600.0,False,42
scale_a0.2,mlp,1,218,600,-600.0,False,42
scale_a0.2,mlp,1,219,600,-600.0,False,53
scale_a0.2,mlp,1,220,600,-600.0,False,56
scale_a0.2,mlp,1,221,600,-600.0,False,53
scale_a0.2,mlp,1,222,600,-600.0,False,20
scale_a0.2,mlp,1,223,600,-600.0,False,34
scale_a0.2,mlp,1,224,600,-600.0,False,37
scale_a0.2,mlp,1,225,600,-600.0,False,30
scale_a0.2,mlp,1,226,600,-600.0,False,27
scale_a0.2,mlp,1,227,600,-600.0,False,47
scale_a0.2,mlp,1,228,600,-600.0,False,51
scale_a0.2,mlp,1,229,600,-600.0,False,34
scale_a0.2,mlp,1,230,600,-600.0,False,28
scale_a0.2,mlp,1,231,600,-600.0,False,36
scale_a0.2,mlp,1,232,600,-600.0,False,52
scale_a0.2,mlp,1,233,600,-600.0,False,40
scale_a0.2,mlp,1,234,600,-600.0,False,45
scale_a0.2,mlp,1,235,600,-600.0,False,30
scale_a0.2,mlp,1,236,600,-600.0,False,54
scale_a0.2,mlp,1,237,600,-600.0,False,39
scale_a0.2,mlp,1,238,600,-600.0,False,21
scale_a0.2,mlp,1,239,600,-600.0,False,17
scale_a0.2,mlp,1,240,139,-128.0,True,5
scale_a0.2,mlp,1,241,600,-600.0,False,28
scale_a0.2,mlp,1,242,600,-600.0,False,52
scale_a0.2,mlp,1,243,600,-600.0,False,9
scale_a0.2,mlp,1,244,600,-600.0,False,25
scale_a0.2,mlp,1,245,600,-600.0,False,52
scale_a0.2,mlp,1,246,600,-600.0,False,22
scale_a0.2,mlp,1,247,600,-600.0,False,32
scale_a0.2,mlp,1,248,600,-600.0,False,37
scale_a0.2,mlp,1,249,600,-600.0,False,36
scale_a0.2,mlp,1,250,600,-600.0,False,50
scale_a0.2,mlp,1,251,600,-600.0,False,28
scale_a0.2,mlp,1,252,600,-600.0,False,30
scale_a0.2,mlp,1,253,600,-600.0,False,35
scale_a0.2,mlp,1,254,600,-600.0,False,47
scale_a0.2,mlp,1,255,600,-600.0,False,30
scale_a0.2,mlp,1,256,600,-600.0,False,53
scale_a0.2,mlp,1,257,600,-600.0,False,38
scale_a0.2,mlp,1,258,600,-600.0,False,46
scale_a0.2,mlp,1,259,600,-600.0,False,31
scale_a0.2,mlp,1,260,600,-600.0,False,25
scale_a0.2,mlp,1,261,600,-600.0,False,45
scale_a0.2,mlp,1,262,600,-600.0,False,33
scale_a0.2,mlp,1,263,600,-600.0,False,52
scale_a0.2,mlp,1,264,600,-600.0,False,43
scale_a0.2,mlp,1,265,600,-600.0,False,52
scale_a0.2,mlp,1,266,600,-600.0,False,31
scale_a0.2,mlp,1,267,600,-600.0,False,13
scale_a0.2,mlp,1,268,600,-600.0,False,45
scale_a0.2,mlp,1,269,600,-600.0,False,25
scale_a0.2,mlp,1,270,600,-600.0,False,15
scale_a0.2,mlp,1,271,600,-600.0,False,30
scale_a0.2,mlp,1,272,600,-600.0,False,22
scale_a0.2,mlp,1,273,600,-600.0,False,55
scale_a0.2,mlp,1,274,581,-570.0,True,5
scale_a0.2,mlp,1,275,9,2.0,True,7
scale_a0.2,mlp,1,276,277,-266.0,True,20
scale_a0.2,mlp,1,277,600,-600.0,False,18
scale_a0.2,mlp,1,278,600,-600.0,False,56
scale_a0.2,mlp,1,279,600,-600.0,False,17
scale_a0.2,mlp,1,280,600,-600.0,False,57
scale_a0.2,mlp,1,281,600,-600.0,False,33
scale_a0.2,mlp,1,282,600,-600.0,False,39
scale_a0.2,mlp,1,283,600,-600.0,False,22
scale_a0.2,mlp,1,284,600,-600.0,False,8
scale_a0.2,mlp,1,285,600,-600.0,False,46
scale_a0.2,mlp,1,286,498,-487.0,True,3
scale_a0.2,mlp,1,287,600,-600.0,False,52
scale_a0.2,mlp,1,288,600,-600.0,False,5
scale_a0.2,mlp,1,289,600,-600.0,False,25
scale_a0.2,mlp,1,290,600,-600.0,False,12
scale_a0.2,mlp,1,291,600,-600.0,False,23
scale_a0.2,mlp,1,292,600,-600.0,False,22
scale_a0.2,mlp,1,293,600,-600.0,False,16
scale_a0.2,mlp,1,294,600,-600.0,False,56
scale_a0.2,mlp,1,295,600,-600.0,False,33
scale_a0.2,mlp,1,296,600,-600.0,False,47
scale_a0.2,mlp,1,297,600,-600.0,False,41
scale_a0.2,mlp,1,298,600,-600.0,False,37
scale_a0.2,mlp,1,299,600,-600.0,False,55
scale_a0.2,mlp,1,300,600,-600.0,False,44
scale_a0.2,mlp,1,301,600,-600.0,False,38
scale_a0.2,mlp,1,302,600,-600.0,False,29
scale_a0.2,mlp,1,303,600,-600.0,False,45
scale_a0.2,mlp,1,304,600,-600.0,False,42
scale_a0.2,mlp,1,305,600,-600.0,False,41
scale_a0.2,mlp,1,306,600,-600.0,False,29
scale_a0.2,mlp,1,307,600,-600.0,False,20
scale_a0.2,mlp,1,308,600,-600.0,False,28
scale_a0.2,mlp,1,309,600,-600.0,False,44
scale_a0.2,mlp,1,310,600,-600.0,False,51
scale_a0.2,mlp,1,311,600,-600.0,False,21
scale_a0.2,mlp,1,312,600,-600.0,False,55
scale_a0.2,mlp,1,313,600,-600.0,False,21
scale_a0.2,mlp,1,314,600,-600.0,False,50
scale_a0.2,mlp,1,315,600,-600.0,False,16
scale_a0.2,mlp,1,316,600,-600.0,False,50
scale_a0.2,mlp,1,317,600,-600.0,False,26
scale_a0.2,mlp,1,318,242,-231.0,True,5
scale_a0.2,mlp,1,319,600,-600.0,False,9
scale_a0.2,mlp,1,320,600,-600.0,False,19
scale_a0.2,mlp,1,321,600,-600.0,False,27
scale_a0.2,mlp,1,322,600,-600.0,False,53
scale_a0.2,mlp,1,323,600,-600.0,False,21
scale_a0.2,mlp,1,324,600,-600.0,False,53
scale_a0.2,mlp,1,325,600,-600.0,False,50
scale_a0.2,mlp,1,326,600,-600.0,False,48
scale_a0.2,mlp,1,327,600,-600.0,False,29
scale_a0.2,mlp,1,328,600,-600.0,False,53
scale_a0.2,mlp,1,329,600,-600.0,False,45
scale_a0.2,mlp,1,330,600,-600.0,False,53
scale_a0.2,mlp,1,331,594,-583.0,True,6
scale_a0.2,mlp,1,332,600,-600.0,False,35
scale_a0.2,mlp,1,333,600,-600.0,False,55
scale_a0.2,mlp,1,334,600,-600.0,False,46
scale_a0.2,mlp,1,335,600,-600.0,False,19
scale_a0.2,mlp,1,336,600,-600.0,False,21
scale_a0.2,mlp,1,337,600,-600.0,False,41
scale_a0.2,mlp,1,338,600,-600.0,False,57
scale_a0.2,mlp,1,339,600,-600.0,False,42
scale_a0.2,mlp,1,340,600,-600.0,False,6
scale_a0.2,mlp,1,341,600,-600.0,False,57
scale_a0.2,mlp,1,342,600,-600.0,False,54
scale_a0.2,mlp,1,343,600,-600.0,False,30
scale_a0.2,mlp,1,344,600,-600.0,False,45
scale_a0.2,mlp,1,345,600,-600.0,False,18
scale_a0.2,mlp,1,346,600,-600.0,False,19
scale_a0.2,mlp,1,347,600,-600.0,False,45
scale_a0.2,mlp,1,348,600,-600.0,False,35
scale_a0.2,mlp,1,349,600,-600.0,False,21
scale_a0.2,mlp,1,350,600,-600.0,False,44
scale_a0.2,mlp,1,351,600,-600.0,False,46
scale_a0.2,mlp,1,352,600,-600.0,False,19
scale_a0.2,mlp,1,353,600,-600.0,False,15
scale_a0.2,mlp,1,354,600,-600.0,False,13
scale_a0.2,mlp,1,355,600,-600.0,False,16
scale_a0.2,mlp,1,356,600,-600.0,False,29
scale_a0.2,mlp,1,357,600,-600.0,False,51
scale_a0.2,mlp,1,358,600,-600.0,False,56
scale_a0.2,mlp,1,359,600,-600.0,False,48
scale_a0.2,mlp,1,360,600,-600.0,False,20
scale_a0.2,mlp,1,361,600,-600.0,False,56
scale_a0.2,mlp,1,362,600,-600.0,False,45
scale_a0.2,mlp,1,363,600,-600.0,False,19
scale_a0.2,mlp,1,364,600,-600.0,False,45
scale_a0.2,mlp,1,365,600,-600.0,False,19
scale_a0.2,mlp,1,366,600,-600.0,False,28
scale_a0.2,mlp,1,367,600,-600.0,False,41
scale_a0.2,mlp,1,368,600,-600.0,False,16
scale_a0.2,mlp,1,369,600,-600.0,False,46
scale_a0.2,mlp,1,370,4,7.0,True,4
scale_a0.2,mlp,1,371,600,-600.0,False,41
scale_a0.2,mlp,1,372,600,-600.0,False,56
scale_a0.2,mlp,1,373,600,-600.0,False,29
scale_a0.2,mlp,1,374,600,-600.0,False,22
scale_a0.2,mlp,1,375,600,-600.0,False,34
scale_a0.2,mlp,1,376,600,-600.0,False,23
scale_a0.2,mlp,1,377,600,-600.0,False,17
scale_a0.2,mlp,1,378,600,-600.0,False,24
scale_a0.2,mlp,1,379,600,-600.0,False,34
scale_a0.2,mlp,1,380,600,-600.0,False,13
scale_a0.2,mlp,1,381,600,-600.0,False,44
scale_a0.2,mlp,1,382,600,-600.0,False,27
scale_a0.2,mlp,1,383,600,-600.0,False,50
scale_a0.2,mlp,1,384,600,-600.0,False,17
scale_a0.2,mlp,1,385,600,-600.0,False,48
scale_a0.2,mlp,1,386,600,-600.0,False,52
scale_a0.2,mlp,1,387,600,-600.0,False,54
scale_a0.2,mlp,1,388,600,-600.0,False,37
scale_a0.2,mlp,1,389,600,-600.0,False,56
scale_a0.2,mlp,1,390,600,-600.0,False,27
scale_a0.2,mlp,1,391,600,-600.0,False,55
scale_a0.2,mlp,1,392,600,-600.0,False,41
scale_a0.2,mlp,1,393,77,-66.0,True,1
scale_a0.2,mlp,1,394,600,-600.0,False,53
scale_a0.2,mlp,1,395,600,-600.0,False,52
scale_a0.2,mlp,1,396,600,-600.0,False,26
scale_a0.2,mlp,1,397,600,-600.0,False,20
scale_a0.2,mlp,1,398,600,-600.0,False,55
scale_a0.2,mlp,1,399,600,-600.0,False,48
scale_a0.2,mlp,1,400,600,-600.0,False,40
scale_a0.2,mlp,1,401,600,-600.0,False,10
scale_a0.2,mlp,1,402,600,-600.0,False,43
scale_a0.2,mlp,1,403,600,-600.0,False,54
scale_a0.2,mlp,1,404,600,-600.0,False,34
scale_a0.2,mlp,1,405,600,-600.0,False,23
scale_a0.2,mlp,1,406,600,-600.0,False,52
scale_a0.2,mlp,1,407,600,-600.0,False,25
scale_a0.2,mlp,1,408,600,-600.0,False,32
scale_a0.2,mlp,1,409,600,-600.0,False,37
scale_a0.2,mlp,1,410,600,-600.0,False,25
scale_a0.2,mlp,1,411,600,-600.0,False,21
scale_a0.2,mlp,1,412,600,-600.0,False,34
scale_a0.2,mlp,1,413,600,-600.0,False,41
scale_a0.2,mlp,1,414,600,-600.0,False,41
scale_a0.2,mlp,1,415,600,-600.0,False,37
scale_a0.2,mlp,1,416,600,-600.0,False,26
scale_a0.2,mlp,1,417,600,-600.0,False,52
scale_a0.2,mlp,1,418,600,-600.0,False,43
scale_a0.2,mlp,1,419,600,-600.0,False,38
scale_a0.2,mlp,1,420,600,-600.0,False,39
scale_a0.2,mlp,1,421,600,-600.0,False,21
scale_a0.2,mlp,1,422,600,-600.0,False,15
scale_a0.2,mlp,1,423,600,-600.0,False,39
scale_a0.2,mlp,1,424,600,-600.0,False,24
scale_a0.2,mlp,1,425,600,-600.0,False,55
scale_a0.2,mlp,1,426,600,-600.0,False,30
scale_a0.2,mlp,1,427,600,-600.0,False,42
scale_a0.2,mlp,1,428,600,-600.0,False,10
scale_a0.2,mlp,1,429,600,-600.0,False,39
scale_a0.2,mlp,1,430,600,-600.0,False,19
scale_a0.2,mlp,1,431,600,-600.0,False,19
scale_a0.2,mlp,1,432,600,-600.0,False,29
scale_a0.2,mlp,1,433,600,-600.0,False,54
scale_a0.2,mlp,1,434,600,-600.0,False,26
scale_a0.2,mlp,1,435,600,-600.0,False,41
scale_a0.2,mlp,1,436,600,-600.0,False,25
scale_a0.2,mlp,1,437,600,-600.0,False,23
scale_a0.2,mlp,1,438,600,-600.0,False,36
scale_a0.2,mlp,1,439,600,-600.0,False,23
scale_a0.2,mlp,1,440,600,-600.0,False,52
scale_a0.2,mlp,1,441,600,-600.0,False,20
scale_a0.2,mlp,1,442,600,-600.0,False,46
scale_a0.2,mlp,1,443,600,-600.0,False,52
scale_a0.2,mlp,1,444,600,-600.0,False,16
scale_a0.2,mlp,1,445,600,-600.0,False,34
scale_a0.2,mlp,1,446,600,-600.0,False,39
scale_a0.2,mlp,1,447,600,-600.0,False,23
scale_a0.2,mlp,1,448,600,-600.0,False,39
scale_a0.2,mlp,1,449,600,-600.0,False,49
scale_a0.2,mlp,1,450,600,-600.0,False,21
scale_a0.2,mlp,1,451,600,-600.0,False,54
scale_a0.2,mlp,1,452,600,-600.0,False,38
scale_a0.2,mlp,1,453,600,-600.0,False,25
scale_a0.2,mlp,1,454,600,-600.0,False,22
scale_a0.2,mlp,1,455,600,-600.0,False,30
scale_a0.2,mlp,1,456,1,10.0,True,1
scale_a0.2,mlp,1,457,600,-600.0,False,19
scale_a0.2,mlp,1,458,600,-600.0,False,16
scale_a0.2,mlp,1,459,600,-600.0,False,11
scale_a0.2,mlp,1,460,600,-600.0,False,35
scale_a0.2,mlp,1,461,600,-600.0,False,59
scale_a0.2,mlp,1,462,600,-600.0,False,18
scale_a0.2,mlp,1,463,600,-600.0,False,5
scale_a0.2,mlp,1,464,600,-600.0,False,30
scale_a0.2,mlp,1,465,600,-600.0,False,15
scale_a0.2,mlp,1,466,600,-600.0,False,20
scale_a0.2,mlp,1,467,600,-600.0,False,41
scale_a0.2,mlp,1,468,600,-600.0,False,43
scale_a0.2,mlp,1,469,600,-600.0,False,26
scale_a0.2,mlp,1,470,600,-600.0,False,54
scale_a0.2,mlp,1,471,600,-600.0,False,21
scale_a0.2,mlp,1,472,600,-600.0,False,57
scale_a0.2,mlp,1,473,600,-600.0,False,29
scale_a0.2,mlp,1,474,600,-600.0,False,28
scale_a0.2,mlp,1,475,600,-600.0,False,24
scale_a0.2,mlp,1,476,600,-600.0,False,46
scale_a0.2,mlp,1,477,600,-600.0,False,44
scale_a0.2,mlp,1,478,600,-600.0,False,51
scale_a0.2,mlp,1,479,600,-600.0,False,9
scale_a0.2,mlp,1,480,600,-600.0,False,33
scale_a0.2,mlp,1,481,600,-600.0,False,41
scale_a0.2,mlp,1,482,600,-600.0,False,55
scale_a0.2,mlp,1,483,600,-600.0,False,26
scale_a0.2,mlp,1,484,600,-600.0,False,39
scale_a0.2,mlp,1,485,600,-600.0,False,32
scale_a0.2,mlp,1,486,600,-600.0,False,16
scale_a0.2,mlp,1,487,600,-600.0,False,40
scale_a0.2,mlp,1,488,600,-600.0,False,43
scale_a0.2,mlp,1,489,600,-600.0,False,22
scale_a0.2,mlp,1,490,600,-600.0,False,15
scale_a0.2,mlp,1,491,600,-600.0,False,26
scale_a0.2,mlp,1,492,600,-600.0,False,57
scale_a0.2,mlp,1,493,600,-600.0,False,28
scale_a0.2,mlp,1,494,600,-600.0,False,42
scale_a0.2,mlp,1,495,600,-600.0,False,28
scale_a0.2,mlp,1,496,600,-600.0,False,30
scale_a0.2,mlp,1,497,600,-600.0,False,26
scale_a0.2,mlp,1,498,600,-600.0,False,45
scale_a0.2,mlp,1,499,600,-600.0,False,30
scale_a0.2,mlp,1,500,600,-600.0,False,22
scale_a0.2,mlp,1,501,600,-600.0,False,32
scale_a0.2,mlp,1,502,600,-600.0,False,36
scale_a0.2,mlp,1,503,600,-600.0,False,33
scale_a0.2,mlp,1,504,600,-600.0,False,4
scale_a0.2,mlp,1,505,600,-600.0,False,52
scale_a0.2,mlp,1,506,600,-600.0,False,33
scale_a0.2,mlp,1,507,600,-600.0,False,33
scale_a0.2,mlp,1,508,600,-600.0,False,31
scale_a0.2,mlp,1,509,600,-600.0,False,49
scale_a0.2,mlp,1,510,600,-600.0,False,16
scale_a0.2,mlp,1,511,600,-600.0,False,35
scale_a0.2,mlp,1,512,600,-600.0,False,31
scale_a0.2,mlp,1,513,600,-600.0,False,42
scale_a0.2,mlp,1,514,600,-600.0,False,55
scale_a0.2,mlp,1,515,600,-600.0,False,36
scale_a0.2,mlp,1,516,600,-600.0,False,25
scale_a0.2,mlp,1,517,600,-600.0,False,34
scale_a0.2,mlp,1,518,600,-600.0,False,24
scale_a0.2,mlp,1,519,600,-600.0,False,31
scale_a0.2,mlp,1,520,600,-600.0,False,36
scale_a0.2,mlp,1,521,600,-600.0,False,46
scale_a0.2,mlp,1,522,600,-600.0,False,59
scale_a0.2,mlp,1,523,600,-600.0,False,40
scale_a0.2,mlp,1,524,600,-600.0,False,36
scale_a0.2,mlp,1,525,600,-600.0,False,9
scale_a0.2,mlp,1,526,600,-600.0,False,36
scale_a0.2,mlp,1,527,600,-600.0,False,9
scale_a0.2,mlp,1,528,600,-600.0,False,46
scale_a0.2,mlp,1,529,600,-600.0,False,56
scale_a0.2,mlp,1,530,600,-600.0,False,37
scale_a0.2,mlp,1,531,600,-600.0,False,52
scale_a0.2,mlp,1,532,600,-600.0,False,54
scale_a0.2,mlp,1,533,600,-600.0,False,49
scale_a0.2,mlp,1,534,6,5.0,True,6
scale_a0.2,mlp,1,535,600,-600.0,False,17
scale_a0.2,mlp,1,536,600,-600.0,False,52
scale_a0.2,mlp,1,537,600,-600.0,False,21
scale_a0.2,mlp,1,538,600,-600.0,False,40
scale_a0.2,mlp,1,539,600,-600.0,False,38
scale_a0.2,mlp,1,540,600,-600.0,False,25
scale_a0.2,mlp,1,541,600,-600.0,False,28
scale_a0.2,mlp,1,542,600,-600.0,False,20
scale_a0.2,mlp,1,543,600,-600.0,False,38
scale_a0.2,mlp,1,544,600,-600.0,False,2
scale_a0.2,mlp,1,545,600,-600.0,False,16
scale_a0.2,mlp,1,546,600,-600.0,False,15
scale_a0.2,mlp,1,547,600,-600.0,False,37
scale_a0.2,mlp,1,548,600,-600.0,False,33
scale_a0.2,mlp,1,549,600,-600.0,False,24
scale_a0.2,mlp,1,550,600,-600.0,False,29
scale_a0.2,mlp,1,551,600,-600.0,False,40
scale_a0.2,mlp,1,552,600,-600.0,False,49
scale_a0.2,mlp,1,553,600,-600.0,False,12
scale_a0.2,mlp,1,554,600,-600.0,False,44
scale_a0.2,mlp,1,555,600,-600.0,False,20
scale_a0.2,mlp,1,556,600,-600.0,False,4
scale_a0.2,mlp,1,557,600,-600.0,False,22
scale_a0.2,mlp,1,558,600,-600.0,False,47
scale_a0.2,mlp,1,559,600,-600.0,False,26
scale_a0.2,mlp,1,560,600,-600.0,False,31
scale_a0.2,mlp,1,561,600,-600.0,False,44
scale_a0.2,mlp,1,562,600,-600.0,False,2
scale_a0.2,mlp,1,563,600,-600.0,False,54
scale_a0.2,mlp,1,564,600,-600.0,False,15
scale_a0.2,mlp,1,565,600,-600.0,False,12
scale_a0.2,mlp,1,566,600,-600.0,False,46
scale_a0.2,mlp,1,567,600,-600.0,False,36
scale_a0.2,mlp,1,568,600,-600.0,False,44
scale_a0.2,mlp,1,569,600,-600.0,False,47
scale_a0.2,mlp,1,570,600,-600.0,False,40
scale_a0.2,mlp,1,571,600,-600.0,False,46
scale_a0.2,mlp,1,572,3,8.0,True,3
scale_a0.2,mlp,1,573,600,-600.0,False,25
scale_a0.2,mlp,1,574,140,-129.0,True,4
scale_a0.2,mlp,1,575,600,-600.0,False,48
scale_a0.2,mlp,1,576,600,-600.0,False,26
scale_a0.2,mlp,1,577,536,-525.0,True,17
scale_a0.2,mlp,1,578,600,-600.0,False,40
scale_a0.2,mlp,1,579,347,-336.0,True,23
scale_a0.2,mlp,1,580,600,-600.0,False,8
scale_a0.2,mlp,1,581,600,-600.0,False,24
scale_a0.2,mlp,1,582,226,-215.0,True,16
scale_a0.2,mlp,1,583,600,-600.0,False,25
scale_a0.2,mlp,1,584,600,-600.0,False,44
scale_a0.2,mlp,1,585,600,-600.0,False,32
scale_a0.2,mlp,1,586,600,-600.0,False,26
scale_a0.2,mlp,1,587,600,-600.0,False,17
scale_a0.2,mlp,1,588,600,-600.0,False,19
scale_a0.2,mlp,1,589,600,-600.0,False,50
scale_a0.2,mlp,1,590,600,-600.0,False,8
scale_a0.2,mlp,1,591,600,-600.0,False,25
scale_a0.2,mlp,1,592,600,-600.0,False,23
scale_a0.2,mlp,1,593,600,-600.0,False,51
scale_a0.2,mlp,1,594,600,-600.0,False,43
scale_a0.2,mlp,1,595,600,-600.0,False,52
scale_a0.2,mlp,1,596,600,-600.0,False,50
scale_a0.2,mlp,1,597,600,-600.0,False,32
scale_a0.2,mlp,1,598,600,-600.0,False,52
scale_a0.2,mlp,1,599,600,-600.0,False,24
scale_a0.2,kc_delta,1,0,600,-600.0,False,27
scale_a0.2,kc_delta,1,1,305,-294.0,True,15
scale_a0.2,kc_delta,1,2,5,6.0,True,5
scale_a0.2,kc_delta,1,3,600,-600.0,False,45
scale_a0.2,kc_delta,1,4,509,-498.0,True,21
scale_a0.2,kc_delta,1,5,600,-600.0,False,51
scale_a0.2,kc_delta,1,6,439,-428.0,True,13
scale_a0.2,kc_delta,1,7,47,-36.0,True,19
scale_a0.2,kc_delta,1,8,419,-408.0,True,31
scale_a0.2,kc_delta,1,9,600,-600.0,False,34
scale_a0.2,kc_delta,1,10,600,-600.0,False,46
scale_a0.2,kc_delta,1,11,600,-600.0,False,35
scale_a0.2,kc_delta,1,12,600,-600.0,False,55
scale_a0.2,kc_delta,1,13,600,-600.0,False,50
scale_a0.2,kc_delta,1,14,600,-600.0,False,37
scale_a0.2,kc_delta,1,15,600,-600.0,False,39
scale_a0.2,kc_delta,1,16,283,-272.0,True,20
scale_a0.2,kc_delta,1,17,199,-188.0,True,36
scale_a0.2,kc_delta,1,18,600,-600.0,False,45
scale_a0.2,kc_delta,1,19,377,-366.0,True,31
scale_a0.2,kc_delta,1,20,600,-600.0,False,30
scale_a0.2,kc_delta,1,21,600,-600.0,False,42
scale_a0.2,kc_delta,1,22,44,-33.0,True,12
scale_a0.2,kc_delta,1,23,14,-3.0,True,6
scale_a0.2,kc_delta,1,24,445,-434.0,True,26
scale_a0.2,kc_delta,1,25,14,-3.0,True,13
scale_a0.2,kc_delta,1,26,55,-44.0,True,25
scale_a0.2,kc_delta,1,27,50,-39.0,True,33
scale_a0.2,kc_delta,1,28,600,-600.0,False,45
scale_a0.2,kc_delta,1,29,600,-600.0,False,47
scale_a0.2,kc_delta,1,30,24,-13.0,True,7
scale_a0.2,kc_delta,1,31,362,-351.0,True,29
scale_a0.2,kc_delta,1,32,150,-139.0,True,28
scale_a0.2,kc_delta,1,33,52,-41.0,True,29
scale_a0.2,kc_delta,1,34,132,-121.0,True,34
scale_a0.2,kc_delta,1,35,10,1.0,True,9
scale_a0.2,kc_delta,1,36,600,-600.0,False,36
scale_a0.2,kc_delta,1,37,600,-600.0,False,44
scale_a0.2,kc_delta,1,38,59,-48.0,True,20
scale_a0.2,kc_delta,1,39,600,-600.0,False,35
scale_a0.2,kc_delta,1,40,28,-17.0,True,20
scale_a0.2,kc_delta,1,41,600,-600.0,False,46
scale_a0.2,kc_delta,1,42,196,-185.0,True,21
scale_a0.2,kc_delta,1,43,600,-600.0,False,32
scale_a0.2,kc_delta,1,44,3,8.0,True,1
scale_a0.2,kc_delta,1,45,169,-158.0,True,12
scale_a0.2,kc_delta,1,46,522,-511.0,True,27
scale_a0.2,kc_delta,1,47,600,-600.0,False,43
scale_a0.2,kc_delta,1,48,37,-26.0,True,17
scale_a0.2,kc_delta,1,49,4,7.0,True,2
scale_a0.2,kc_delta,1,50,600,-600.0,False,53
scale_a0.2,kc_delta,1,51,600,-600.0,False,40
scale_a0.2,kc_delta,1,52,600,-600.0,False,53
scale_a0.2,kc_delta,1,53,600,-600.0,False,38
scale_a0.2,kc_delta,1,54,131,-120.0,True,21
scale_a0.2,kc_delta,1,55,361,-350.0,True,36
scale_a0.2,kc_delta,1,56,570,-559.0,True,39
scale_a0.2,kc_delta,1,57,75,-64.0,True,26
scale_a0.2,kc_delta,1,58,15,-4.0,True,15
scale_a0.2,kc_delta,1,59,9,2.0,True,7
scale_a0.2,kc_delta,1,60,600,-600.0,False,43
scale_a0.2,kc_delta,1,61,600,-600.0,False,41
scale_a0.2,kc_delta,1,62,72,-61.0,True,28
scale_a0.2,kc_delta,1,63,63,-52.0,True,24
scale_a0.2,kc_delta,1,64,86,-75.0,True,36
scale_a0.2,kc_delta,1,65,600,-600.0,False,41
scale_a0.2,kc_delta,1,66,600,-600.0,False,45
scale_a0.2,kc_delta,1,67,600,-600.0,False,41
scale_a0.2,kc_delta,1,68,89,-78.0,True,19
scale_a0.2,kc_delta,1,69,70,-59.0,True,30
scale_a0.2,kc_delta,1,70,385,-374.0,True,33
scale_a0.2,kc_delta,1,71,600,-600.0,False,50
scale_a0.2,kc_delta,1,72,600,-600.0,False,53
scale_a0.2,kc_delta,1,73,600,-600.0,False,47
scale_a0.2,kc_delta,1,74,600,-600.0,False,40
scale_a0.2,kc_delta,1,75,600,-600.0,False,44
scale_a0.2,kc_delta,1,76,36,-25.0,True,14
scale_a0.2,kc_delta,1,77,205,-194.0,True,23
scale_a0.2,kc_delta,1,78,17,-6.0,True,8
scale_a0.2,kc_delta,1,79,19,-8.0,True,9
scale_a0.2,kc_delta,1,80,600,-600.0,False,39
scale_a0.2,kc_delta,1,81,600,-600.0,False,45
scale_a0.2,kc_delta,1,82,600,-600.0,False,30
scale_a0.2,kc_delta,1,83,600,-600.0,False,54
scale_a0.2,kc_delta,1,84,600,-600.0,False,30
scale_a0.2,kc_delta,1,85,600,-600.0,False,40
scale_a0.2,kc_delta,1,86,600,-600.0,False,32
scale_a0.2,kc_delta,1,87,600,-600.0,False,46
scale_a0.2,kc_delta,1,88,600,-600.0,False,49
scale_a0.2,kc_delta,1,89,600,-600.0,False,54
scale_a0.2,kc_delta,1,90,82,-71.0,True,13
scale_a0.2,kc_delta,1,91,541,-530.0,True,25
scale_a0.2,kc_delta,1,92,5,6.0,True,3
scale_a0.2,kc_delta,1,93,555,-544.0,True,29
scale_a0.2,kc_delta,1,94,152,-141.0,True,6
scale_a0.2,kc_delta,1,95,19,-8.0,True,6
scale_a0.2,kc_delta,1,96,600,-600.0,False,55
scale_a0.2,kc_delta,1,97,44,-33.0,True,10
scale_a0.2,kc_delta,1,98,429,-418.0,True,31
scale_a0.2,kc_delta,1,99,600,-600.0,False,39
scale_a0.2,kc_delta,1,100,600,-600.0,False,40
scale_a0.2,kc_delta,1,101,600,-600.0,False,50
scale_a0.2,kc_delta,1,102,600,-600.0,False,26
scale_a0.2,kc_delta,1,103,600,-600.0,False,39
scale_a0.2,kc_delta,1,104,549,-538.0,True,25
scale_a0.2,kc_delta,1,105,600,-600.0,False,45
scale_a0.2,kc_delta,1,106,600,-600.0,False,52
scale_a0.2,kc_delta,1,107,600,-600.0,False,43
scale_a0.2,kc_delta,1,108,600,-600.0,False,42
scale_a0.2,kc_delta,1,109,600,-600.0,False,38
scale_a0.2,kc_delta,1,110,600,-600.0,False,52
scale_a0.2,kc_delta,1,111,181,-170.0,True,22
scale_a0.2,kc_delta,1,112,134,-123.0,True,19
scale_a0.2,kc_delta,1,113,55,-44.0,True,20
scale_a0.2,kc_delta,1,114,36,-25.0,True,21
scale_a0.2,kc_delta,1,115,291,-280.0,True,23
scale_a0.2,kc_delta,1,116,600,-600.0,False,45
scale_a0.2,kc_delta,1,117,19,-8.0,True,8
scale_a0.2,kc_delta,1,118,600,-600.0,False,51
scale_a0.2,kc_delta,1,119,109,-98.0,True,20
scale_a0.2,kc_delta,1,120,600,-600.0,False,31
scale_a0.2,kc_delta,1,121,600,-600.0,False,46
scale_a0.2,kc_delta,1,122,600,-600.0,False,53
scale_a0.2,kc_delta,1,123,600,-600.0,False,39
scale_a0.2,kc_delta,1,124,600,-600.0,False,35
scale_a0.2,kc_delta,1,125,600,-600.0,False,46
scale_a0.2,kc_delta,1,126,270,-259.0,True,24
scale_a0.2,kc_delta,1,127,600,-600.0,False,48
scale_a0.2,kc_delta,1,128,600,-600.0,False,50
scale_a0.2,kc_delta,1,129,121,-110.0,True,29
scale_a0.2,kc_delta,1,130,170,-159.0,True,18
scale_a0.2,kc_delta,1,131,29,-18.0,True,20
scale_a0.2,kc_delta,1,132,600,-600.0,False,33
scale_a0.2,kc_delta,1,133,600,-600.0,False,45
scale_a0.2,kc_delta,1,134,43,-32.0,True,13
scale_a0.2,kc_delta,1,135,600,-600.0,False,59
scale_a0.2,kc_delta,1,136,121,-110.0,True,12
scale_a0.2,kc_delta,1,137,28,-17.0,True,18
scale_a0.2,kc_delta,1,138,193,-182.0,True,23
scale_a0.2,kc_delta,1,139,9,2.0,True,5
scale_a0.2,kc_delta,1,140,600,-600.0,False,50
scale_a0.2,kc_delta,1,141,600,-600.0,False,56
scale_a0.2,kc_delta,1,142,600,-600.0,False,51
scale_a0.2,kc_delta,1,143,442,-431.0,True,22
scale_a0.2,kc_delta,1,144,4,7.0,True,3
scale_a0.2,kc_delta,1,145,600,-600.0,False,34
scale_a0.2,kc_delta,1,146,600,-600.0,False,43
scale_a0.2,kc_delta,1,147,600,-600.0,False,52
scale_a0.2,kc_delta,1,148,600,-600.0,False,37
scale_a0.2,kc_delta,1,149,600,-600.0,False,51
scale_a0.2,kc_delta,1,150,600,-600.0,False,55
scale_a0.2,kc_delta,1,151,394,-383.0,True,21
scale_a0.2,kc_delta,1,152,131,-120.0,True,32
scale_a0.2,kc_delta,1,153,600,-600.0,False,50
scale_a0.2,kc_delta,1,154,97,-86.0,True,24
scale_a0.2,kc_delta,1,155,600,-600.0,False,36
scale_a0.2,kc_delta,1,156,10,1.0,True,8
scale_a0.2,kc_delta,1,157,41,-30.0,True,17
scale_a0.2,kc_delta,1,158,57,-46.0,True,13
scale_a0.2,kc_delta,1,159,600,-600.0,False,47
scale_a0.2,kc_delta,1,160,600,-600.0,False,38
scale_a0.2,kc_delta,1,161,26,-15.0,True,16
scale_a0.2,kc_delta,1,162,600,-600.0,False,28
scale_a0.2,kc_delta,1,163,600,-600.0,False,38
scale_a0.2,kc_delta,1,164,600,-600.0,False,51
scale_a0.2,kc_delta,1,165,600,-600.0,False,52
scale_a0.2,kc_delta,1,166,234,-223.0,True,16
scale_a0.2,kc_delta,1,167,600,-600.0,False,40
scale_a0.2,kc_delta,1,168,600,-600.0,False,46
scale_a0.2,kc_delta,1,169,600,-600.0,False,26
scale_a0.2,kc_delta,1,170,10,1.0,True,6
scale_a0.2,kc_delta,1,171,600,-600.0,False,16
scale_a0.2,kc_delta,1,172,135,-124.0,True,19
scale_a0.2,kc_delta,1,173,548,-537.0,True,13
scale_a0.2,kc_delta,1,174,600,-600.0,False,39
scale_a0.2,kc_delta,1,175,600,-600.0,False,23
scale_a0.2,kc_delta,1,176,600,-600.0,False,46
scale_a0.2,kc_delta,1,177,600,-600.0,False,42
scale_a0.2,kc_delta,1,178,600,-600.0,False,45
scale_a0.2,kc_delta,1,179,600,-600.0,False,56
scale_a0.2,kc_delta,1,180,591,-580.0,True,18
scale_a0.2,kc_delta,1,181,600,-600.0,False,39
scale_a0.2,kc_delta,1,182,600,-600.0,False,56
scale_a0.2,kc_delta,1,183,600,-600.0,False,51
scale_a0.2,kc_delta,1,184,30,-19.0,True,14
scale_a0.2,kc_delta,1,185,97,-86.0,True,16
scale_a0.2,kc_delta,1,186,18,-7.0,True,8
scale_a0.2,kc_delta,1,187,600,-600.0,False,55
scale_a0.2,kc_delta,1,188,600,-600.0,False,32
scale_a0.2,kc_delta,1,189,600,-600.0,False,42
scale_a0.2,kc_delta,1,190,254,-243.0,True,30
scale_a0.2,kc_delta,1,191,600,-600.0,False,46
scale_a0.2,kc_delta,1,192,600,-600.0,False,50
scale_a0.2,kc_delta,1,193,600,-600.0,False,53
scale_a0.2,kc_delta,1,194,600,-600.0,False,23
scale_a0.2,kc_delta,1,195,600,-600.0,False,45
scale_a0.2,kc_delta,1,196,63,-52.0,True,20
scale_a0.2,kc_delta,1,197,117,-106.0,True,35
scale_a0.2,kc_delta,1,198,600,-600.0,False,44
scale_a0.2,kc_delta,1,199,102,-91.0,True,25
scale_a0.2,kc_delta,1,200,600,-600.0,False,46
scale_a0.2,kc_delta,1,201,600,-600.0,False,43
scale_a0.2,kc_delta,1,202,600,-600.0,False,39
scale_a0.2,kc_delta,1,203,600,-600.0,False,44
scale_a0.2,kc_delta,1,204,600,-600.0,False,57
scale_a0.2,kc_delta,1,205,600,-600.0,False,42
scale_a0.2,kc_delta,1,206,600,-600.0,False,38
scale_a0.2,kc_delta,1,207,600,-600.0,False,43
scale_a0.2,kc_delta,1,208,600,-600.0,False,41
scale_a0.2,kc_delta,1,209,600,-600.0,False,35
scale_a0.2,kc_delta,1,210,600,-600.0,False,49
scale_a0.2,kc_delta,1,211,600,-600.0,False,26
scale_a0.2,kc_delta,1,212,319,-308.0,True,18
scale_a0.2,kc_delta,1,213,600,-600.0,False,39
scale_a0.2,kc_delta,1,214,600,-600.0,False,26
scale_a0.2,kc_delta,1,215,600,-600.0,False,46
scale_a0.2,kc_delta,1,216,600,-600.0,False,28
scale_a0.2,kc_delta,1,217,600,-600.0,False,42
scale_a0.2,kc_delta,1,218,600,-600.0,False,42
scale_a0.2,kc_delta,1,219,600,-600.0,False,53
scale_a0.2,kc_delta,1,220,600,-600.0,False,56
scale_a0.2,kc_delta,1,221,600,-600.0,False,53
scale_a0.2,kc_delta,1,222,79,-68.0,True,20
scale_a0.2,kc_delta,1,223,136,-125.0,True,34
scale_a0.2,kc_delta,1,224,232,-221.0,True,37
scale_a0.2,kc_delta,1,225,148,-137.0,True,30
scale_a0.2,kc_delta,1,226,600,-600.0,False,27
scale_a0.2,kc_delta,1,227,600,-600.0,False,47
scale_a0.2,kc_delta,1,228,600,-600.0,False,51
scale_a0.2,kc_delta,1,229,600,-600.0,False,34
scale_a0.2,kc_delta,1,230,600,-600.0,False,28
scale_a0.2,kc_delta,1,231,600,-600.0,False,36
scale_a0.2,kc_delta,1,232,600,-600.0,False,52
scale_a0.2,kc_delta,1,233,600,-600.0,False,40
scale_a0.2,kc_delta,1,234,600,-600.0,False,45
scale_a0.2,kc_delta,1,235,545,-534.0,True,30
scale_a0.2,kc_delta,1,236,600,-600.0,False,54
scale_a0.2,kc_delta,1,237,600,-600.0,False,39
scale_a0.2,kc_delta,1,238,219,-208.0,True,21
scale_a0.2,kc_delta,1,239,42,-31.0,True,17
scale_a0.2,kc_delta,1,240,60,-49.0,True,5
scale_a0.2,kc_delta,1,241,600,-600.0,False,28
scale_a0.2,kc_delta,1,242,600,-600.0,False,52
scale_a0.2,kc_delta,1,243,13,-2.0,True,9
scale_a0.2,kc_delta,1,244,600,-600.0,False,25
scale_a0.2,kc_delta,1,245,600,-600.0,False,52
scale_a0.2,kc_delta,1,246,157,-146.0,True,22
scale_a0.2,kc_delta,1,247,600,-600.0,False,32
scale_a0.2,kc_delta,1,248,600,-600.0,False,37
scale_a0.2,kc_delta,1,249,600,-600.0,False,36
scale_a0.2,kc_delta,1,250,600,-600.0,False,50
scale_a0.2,kc_delta,1,251,139,-128.0,True,28
scale_a0.2,kc_delta,1,252,57,-46.0,True,30
scale_a0.2,kc_delta,1,253,600,-600.0,False,35
scale_a0.2,kc_delta,1,254,600,-600.0,False,47
scale_a0.2,kc_delta,1,255,600,-600.0,False,30
scale_a0.2,kc_delta,1,256,600,-600.0,False,53
scale_a0.2,kc_delta,1,257,600,-600.0,False,38
scale_a0.2,kc_delta,1,258,600,-600.0,False,46
scale_a0.2,kc_delta,1,259,600,-600.0,False,31
scale_a0.2,kc_delta,1,260,172,-161.0,True,25
scale_a0.2,kc_delta,1,261,600,-600.0,False,45
scale_a0.2,kc_delta,1,262,592,-581.0,True,33
scale_a0.2,kc_delta,1,263,600,-600.0,False,52
scale_a0.2,kc_delta,1,264,600,-600.0,False,43
scale_a0.2,kc_delta,1,265,600,-600.0,False,52
scale_a0.2,kc_delta,1,266,565,-554.0,True,31
scale_a0.2,kc_delta,1,267,15,-4.0,True,13
scale_a0.2,kc_delta,1,268,600,-600.0,False,45
scale_a0.2,kc_delta,1,269,33,-22.0,True,25
scale_a0.2,kc_delta,1,270,55,-44.0,True,15
scale_a0.2,kc_delta,1,271,600,-600.0,False,30
scale_a0.2,kc_delta,1,272,111,-100.0,True,22
scale_a0.2,kc_delta,1,273,600,-600.0,False,55
scale_a0.2,kc_delta,1,274,7,4.0,True,5
scale_a0.2,kc_delta,1,275,7,4.0,True,7
scale_a0.2,kc_delta,1,276,95,-84.0,True,20
scale_a0.2,kc_delta,1,277,24,-13.0,True,18
scale_a0.2,kc_delta,1,278,600,-600.0,False,56
scale_a0.2,kc_delta,1,279,58,-47.0,True,17
scale_a0.2,kc_delta,1,280,600,-600.0,False,57
scale_a0.2,kc_delta,1,281,600,-600.0,False,33
scale_a0.2,kc_delta,1,282,600,-600.0,False,39
scale_a0.2,kc_delta,1,283,40,-29.0,True,22
scale_a0.2,kc_delta,1,284,169,-158.0,True,8
scale_a0.2,kc_delta,1,285,600,-600.0,False,46
scale_a0.2,kc_delta,1,286,3,8.0,True,3
scale_a0.2,kc_delta,1,287,600,-600.0,False,52
scale_a0.2,kc_delta,1,288,5,6.0,True,5
scale_a0.2,kc_delta,1,289,588,-577.0,True,25
scale_a0.2,kc_delta,1,290,12,-1.0,True,12
scale_a0.2,kc_delta,1,291,600,-600.0,False,23
scale_a0.2,kc_delta,1,292,124,-113.0,True,22
scale_a0.2,kc_delta,1,293,24,-13.0,True,16
scale_a0.2,kc_delta,1,294,600,-600.0,False,56
scale_a0.2,kc_delta,1,295,600,-600.0,False,33
scale_a0.2,kc_delta,1,296,600,-600.0,False,47
scale_a0.2,kc_delta,1,297,600,-600.0,False,41
scale_a0.2,kc_delta,1,298,600,-600.0,False,37
scale_a0.2,kc_delta,1,299,600,-600.0,False,55
scale_a0.2,kc_delta,1,300,600,-600.0,False,44
scale_a0.2,kc_delta,1,301,600,-600.0,False,38
scale_a0.2,kc_delta,1,302,600,-600.0,False,29
scale_a0.2,kc_delta,1,303,600,-600.0,False,45
scale_a0.2,kc_delta,1,304,600,-600.0,False,42
scale_a0.2,kc_delta,1,305,600,-600.0,False,41
scale_a0.2,kc_delta,1,306,600,-600.0,False,29
scale_a0.2,kc_delta,1,307,237,-226.0,True,20
scale_a0.2,kc_delta,1,308,74,-63.0,True,28
scale_a0.2,kc_delta,1,309,600,-600.0,False,44
scale_a0.2,kc_delta,1,310,600,-600.0,False,51
scale_a0.2,kc_delta,1,311,59,-48.0,True,21
scale_a0.2,kc_delta,1,312,600,-600.0,False,55
scale_a0.2,kc_delta,1,313,73,-62.0,True,21
scale_a0.2,kc_delta,1,314,600,-600.0,False,50
scale_a0.2,kc_delta,1,315,30,-19.0,True,16
scale_a0.2,kc_delta,1,316,600,-600.0,False,50
scale_a0.2,kc_delta,1,317,600,-600.0,False,26
scale_a0.2,kc_delta,1,318,11,0.0,True,5
scale_a0.2,kc_delta,1,319,11,0.0,True,9
scale_a0.2,kc_delta,1,320,600,-600.0,False,19
scale_a0.2,kc_delta,1,321,83,-72.0,True,27
scale_a0.2,kc_delta,1,322,600,-600.0,False,53
scale_a0.2,kc_delta,1,323,82,-71.0,True,21
scale_a0.2,kc_delta,1,324,600,-600.0,False,53
scale_a0.2,kc_delta,1,325,600,-600.0,False,50
scale_a0.2,kc_delta,1,326,600,-600.0,False,48
scale_a0.2,kc_delta,1,327,472,-461.0,True,29
scale_a0.2,kc_delta,1,328,600,-600.0,False,53
scale_a0.2,kc_delta,1,329,600,-600.0,False,45
scale_a0.2,kc_delta,1,330,600,-600.0,False,53
scale_a0.2,kc_delta,1,331,11,0.0,True,6
scale_a0.2,kc_delta,1,332,600,-600.0,False,35
scale_a0.2,kc_delta,1,333,600,-600.0,False,55
scale_a0.2,kc_delta,1,334,600,-600.0,False,46
scale_a0.2,kc_delta,1,335,116,-105.0,True,19
scale_a0.2,kc_delta,1,336,45,-34.0,True,21
scale_a0.2,kc_delta,1,337,600,-600.0,False,41
scale_a0.2,kc_delta,1,338,600,-600.0,False,57
scale_a0.2,kc_delta,1,339,600,-600.0,False,42
scale_a0.2,kc_delta,1,340,6,5.0,True,6
scale_a0.2,kc_delta,1,341,600,-600.0,False,57
scale_a0.2,kc_delta,1,342,600,-600.0,False,54
scale_a0.2,kc_delta,1,343,600,-600.0,False,30
scale_a0.2,kc_delta,1,344,600,-600.0,False,45
scale_a0.2,kc_delta,1,345,92,-81.0,True,18
scale_a0.2,kc_delta,1,346,314,-303.0,True,19
scale_a0.2,kc_delta,1,347,600,-600.0,False,45
scale_a0.2,kc_delta,1,348,600,-600.0,False,35
scale_a0.2,kc_delta,1,349,62,-51.0,True,21
scale_a0.2,kc_delta,1,350,600,-600.0,False,44
scale_a0.2,kc_delta,1,351,600,-600.0,False,46
scale_a0.2,kc_delta,1,352,37,-26.0,True,19
scale_a0.2,kc_delta,1,353,600,-600.0,False,15
scale_a0.2,kc_delta,1,354,26,-15.0,True,13
scale_a0.2,kc_delta,1,355,86,-75.0,True,16
scale_a0.2,kc_delta,1,356,600,-600.0,False,29
scale_a0.2,kc_delta,1,357,600,-600.0,False,51
scale_a0.2,kc_delta,1,358,600,-600.0,False,56
scale_a0.2,kc_delta,1,359,600,-600.0,False,48
scale_a0.2,kc_delta,1,360,316,-305.0,True,20
scale_a0.2,kc_delta,1,361,600,-600.0,False,56
scale_a0.2,kc_delta,1,362,600,-600.0,False,45
scale_a0.2,kc_delta,1,363,43,-32.0,True,19
scale_a0.2,kc_delta,1,364,600,-600.0,False,45
scale_a0.2,kc_delta,1,365,34,-23.0,True,19
scale_a0.2,kc_delta,1,366,600,-600.0,False,28
scale_a0.2,kc_delta,1,367,600,-600.0,False,41
scale_a0.2,kc_delta,1,368,56,-45.0,True,16
scale_a0.2,kc_delta,1,369,600,-600.0,False,46
scale_a0.2,kc_delta,1,370,4,7.0,True,4
scale_a0.2,kc_delta,1,371,600,-600.0,False,41
scale_a0.2,kc_delta,1,372,600,-600.0,False,56
scale_a0.2,kc_delta,1,373,600,-600.0,False,29
scale_a0.2,kc_delta,1,374,600,-600.0,False,22
scale_a0.2,kc_delta,1,375,600,-600.0,False,34
scale_a0.2,kc_delta,1,376,600,-600.0,False,23
scale_a0.2,kc_delta,1,377,22,-11.0,True,17
scale_a0.2,kc_delta,1,378,32,-21.0,True,24
scale_a0.2,kc_delta,1,379,600,-600.0,False,34
scale_a0.2,kc_delta,1,380,23,-12.0,True,13
scale_a0.2,kc_delta,1,381,600,-600.0,False,44
scale_a0.2,kc_delta,1,382,131,-120.0,True,27
scale_a0.2,kc_delta,1,383,600,-600.0,False,50
scale_a0.2,kc_delta,1,384,18,-7.0,True,17
scale_a0.2,kc_delta,1,385,600,-600.0,False,48
scale_a0.2,kc_delta,1,386,600,-600.0,False,52
scale_a0.2,kc_delta,1,387,600,-600.0,False,54
scale_a0.2,kc_delta,1,388,600,-600.0,False,37
scale_a0.2,kc_delta,1,389,600,-600.0,False,56
scale_a0.2,kc_delta,1,390,600,-600.0,False,27
scale_a0.2,kc_delta,1,391,600,-600.0,False,55
scale_a0.2,kc_delta,1,392,600,-600.0,False,41
scale_a0.2,kc_delta,1,393,31,-20.0,True,1
scale_a0.2,kc_delta,1,394,600,-600.0,False,53
scale_a0.2,kc_delta,1,395,600,-600.0,False,52
scale_a0.2,kc_delta,1,396,403,-392.0,True,26
scale_a0.2,kc_delta,1,397,31,-20.0,True,20
scale_a0.2,kc_delta,1,398,600,-600.0,False,55
scale_a0.2,kc_delta,1,399,600,-600.0,False,48
scale_a0.2,kc_delta,1,400,600,-600.0,False,40
scale_a0.2,kc_delta,1,401,10,1.0,True,10
scale_a0.2,kc_delta,1,402,600,-600.0,False,43
scale_a0.2,kc_delta,1,403,600,-600.0,False,54
scale_a0.2,kc_delta,1,404,600,-600.0,False,34
scale_a0.2,kc_delta,1,405,600,-600.0,False,23
scale_a0.2,kc_delta,1,406,600,-600.0,False,52
scale_a0.2,kc_delta,1,407,105,-94.0,True,25
scale_a0.2,kc_delta,1,408,51,-40.0,True,32
scale_a0.2,kc_delta,1,409,600,-600.0,False,37
scale_a0.2,kc_delta,1,410,600,-600.0,False,25
scale_a0.2,kc_delta,1,411,243,-232.0,True,21
scale_a0.2,kc_delta,1,412,600,-600.0,False,34
scale_a0.2,kc_delta,1,413,600,-600.0,False,41
scale_a0.2,kc_delta,1,414,600,-600.0,False,41
scale_a0.2,kc_delta,1,415,600,-600.0,False,37
scale_a0.2,kc_delta,1,416,78,-67.0,True,26
scale_a0.2,kc_delta,1,417,600,-600.0,False,52
scale_a0.2,kc_delta,1,418,600,-600.0,False,43
scale_a0.2,kc_delta,1,419,600,-600.0,False,38
scale_a0.2,kc_delta,1,420,600,-600.0,False,39
scale_a0.2,kc_delta,1,421,125,-114.0,True,21
scale_a0.2,kc_delta,1,422,34,-23.0,True,15
scale_a0.2,kc_delta,1,423,600,-600.0,False,39
scale_a0.2,kc_delta,1,424,600,-600.0,False,24
scale_a0.2,kc_delta,1,425,600,-600.0,False,55
scale_a0.2,kc_delta,1,426,600,-600.0,False,30
scale_a0.2,kc_delta,1,427,600,-600.0,False,42
scale_a0.2,kc_delta,1,428,12,-1.0,True,10
scale_a0.2,kc_delta,1,429,600,-600.0,False,39
scale_a0.2,kc_delta,1,430,32,-21.0,True,19
scale_a0.2,kc_delta,1,431,38,-27.0,True,19
scale_a0.2,kc_delta,1,432,600,-600.0,False,29
scale_a0.2,kc_delta,1,433,600,-600.0,False,54
scale_a0.2,kc_delta,1,434,600,-600.0,False,26
scale_a0.2,kc_delta,1,435,600,-600.0,False,41
scale_a0.2,kc_delta,1,436,600,-600.0,False,25
scale_a0.2,kc_delta,1,437,600,-600.0,False,23
scale_a0.2,kc_delta,1,438,600,-600.0,False,36
scale_a0.2,kc_delta,1,439,54,-43.0,True,23
scale_a0.2,kc_delta,1,440,600,-600.0,False,52
scale_a0.2,kc_delta,1,441,81,-70.0,True,20
scale_a0.2,kc_delta,1,442,600,-600.0,False,46
scale_a0.2,kc_delta,1,443,600,-600.0,False,52
scale_a0.2,kc_delta,1,444,268,-257.0,True,16
scale_a0.2,kc_delta,1,445,600,-600.0,False,34
scale_a0.2,kc_delta,1,446,600,-600.0,False,39
scale_a0.2,kc_delta,1,447,52,-41.0,True,23
scale_a0.2,kc_delta,1,448,600,-600.0,False,39
scale_a0.2,kc_delta,1,449,600,-600.0,False,49
scale_a0.2,kc_delta,1,450,37,-26.0,True,21
scale_a0.2,kc_delta,1,451,600,-600.0,False,54
scale_a0.2,kc_delta,1,452,600,-600.0,False,38
scale_a0.2,kc_delta,1,453,600,-600.0,False,25
scale_a0.2,kc_delta,1,454,600,-600.0,False,22
scale_a0.2,kc_delta,1,455,600,-600.0,False,30
scale_a0.2,kc_delta,1,456,2,9.0,True,1
scale_a0.2,kc_delta,1,457,151,-140.0,True,19
scale_a0.2,kc_delta,1,458,600,-600.0,False,16
scale_a0.2,kc_delta,1,459,36,-25.0,True,11
scale_a0.2,kc_delta,1,460,600,-600.0,False,35
scale_a0.2,kc_delta,1,461,600,-600.0,False,59
scale_a0.2,kc_delta,1,462,237,-226.0,True,18
scale_a0.2,kc_delta,1,463,5,6.0,True,5
scale_a0.2,kc_delta,1,464,600,-600.0,False,30
scale_a0.2,kc_delta,1,465,71,-60.0,True,15
scale_a0.2,kc_delta,1,466,20,-9.0,True,20
scale_a0.2,kc_delta,1,467,600,-600.0,False,41
scale_a0.2,kc_delta,1,468,600,-600.0,False,43
scale_a0.2,kc_delta,1,469,427,-416.0,True,26
scale_a0.2,kc_delta,1,470,600,-600.0,False,54
scale_a0.2,kc_delta,1,471,566,-555.0,True,21
scale_a0.2,kc_delta,1,472,600,-600.0,False,57
scale_a0.2,kc_delta,1,473,600,-600.0,False,29
scale_a0.2,kc_delta,1,474,600,-600.0,False,28
scale_a0.2,kc_delta,1,475,65,-54.0,True,24
scale_a0.2,kc_delta,1,476,600,-600.0,False,46
scale_a0.2,kc_delta,1,477,600,-600.0,False,44
scale_a0.2,kc_delta,1,478,600,-600.0,False,51
scale_a0.2,kc_delta,1,479,49,-38.0,True,9
scale_a0.2,kc_delta,1,480,600,-600.0,False,33
scale_a0.2,kc_delta,1,481,600,-600.0,False,41
scale_a0.2,kc_delta,1,482,600,-600.0,False,55
scale_a0.2,kc_delta,1,483,49,-38.0,True,26
scale_a0.2,kc_delta,1,484,600,-600.0,False,39
scale_a0.2,kc_delta,1,485,224,-213.0,True,32
scale_a0.2,kc_delta,1,486,162,-151.0,True,16
scale_a0.2,kc_delta,1,487,600,-600.0,False,40
scale_a0.2,kc_delta,1,488,600,-600.0,False,43
scale_a0.2,kc_delta,1,489,39,-28.0,True,22
scale_a0.2,kc_delta,1,490,116,-105.0,True,15
scale_a0.2,kc_delta,1,491,47,-36.0,True,26
scale_a0.2,kc_delta,1,492,600,-600.0,False,57
scale_a0.2,kc_delta,1,493,136,-125.0,True,28
scale_a0.2,kc_delta,1,494,600,-600.0,False,42
scale_a0.2,kc_delta,1,495,47,-36.0,True,28
scale_a0.2,kc_delta,1,496,600,-600.0,False,30
scale_a0.2,kc_delta,1,497,38,-27.0,True,26
scale_a0.2,kc_delta,1,498,600,-600.0,False,45
scale_a0.2,kc_delta,1,499,600,-600.0,False,30
scale_a0.2,kc_delta,1,500,468,-457.0,True,22
scale_a0.2,kc_delta,1,501,600,-600.0,False,32
scale_a0.2,kc_delta,1,502,534,-523.0,True,36
scale_a0.2,kc_delta,1,503,600,-600.0,False,33
scale_a0.2,kc_delta,1,504,12,-1.0,True,4
scale_a0.2,kc_delta,1,505,600,-600.0,False,52
scale_a0.2,kc_delta,1,506,148,-137.0,True,33
scale_a0.2,kc_delta,1,507,45,-34.0,True,33
scale_a0.2,kc_delta,1,508,600,-600.0,False,31
scale_a0.2,kc_delta,1,509,600,-600.0,False,49
scale_a0.2,kc_delta,1,510,20,-9.0,True,16
scale_a0.2,kc_delta,1,511,600,-600.0,False,35
scale_a0.2,kc_delta,1,512,600,-600.0,False,31
scale_a0.2,kc_delta,1,513,600,-600.0,False,42
scale_a0.2,kc_delta,1,514,600,-600.0,False,55
scale_a0.2,kc_delta,1,515,600,-600.0,False,36
scale_a0.2,kc_delta,1,516,134,-123.0,True,25
scale_a0.2,kc_delta,1,517,600,-600.0,False,34
scale_a0.2,kc_delta,1,518,128,-117.0,True,24
scale_a0.2,kc_delta,1,519,600,-600.0,False,31
scale_a0.2,kc_delta,1,520,600,-600.0,False,36
scale_a0.2,kc_delta,1,521,600,-600.0,False,46
scale_a0.2,kc_delta,1,522,600,-600.0,False,59
scale_a0.2,kc_delta,1,523,600,-600.0,False,40
scale_a0.2,kc_delta,1,524,600,-600.0,False,36
scale_a0.2,kc_delta,1,525,13,-2.0,True,9
scale_a0.2,kc_delta,1,526,600,-600.0,False,36
scale_a0.2,kc_delta,1,527,20,-9.0,True,9
scale_a0.2,kc_delta,1,528,600,-600.0,False,46
scale_a0.2,kc_delta,1,529,600,-600.0,False,56
scale_a0.2,kc_delta,1,530,600,-600.0,False,37
scale_a0.2,kc_delta,1,531,600,-600.0,False,52
scale_a0.2,kc_delta,1,532,600,-600.0,False,54
scale_a0.2,kc_delta,1,533,600,-600.0,False,49
scale_a0.2,kc_delta,1,534,6,5.0,True,6
scale_a0.2,kc_delta,1,535,102,-91.0,True,17
scale_a0.2,kc_delta,1,536,600,-600.0,False,52
scale_a0.2,kc_delta,1,537,35,-24.0,True,21
scale_a0.2,kc_delta,1,538,600,-600.0,False,40
scale_a0.2,kc_delta,1,539,600,-600.0,False,38
scale_a0.2,kc_delta,1,540,600,-600.0,False,25
scale_a0.2,kc_delta,1,541,600,-600.0,False,28
scale_a0.2,kc_delta,1,542,24,-13.0,True,20
scale_a0.2,kc_delta,1,543,600,-600.0,False,38
scale_a0.2,kc_delta,1,544,2,9.0,True,2
scale_a0.2,kc_delta,1,545,16,-5.0,True,16
scale_a0.2,kc_delta,1,546,41,-30.0,True,15
scale_a0.2,kc_delta,1,547,600,-600.0,False,37
scale_a0.2,kc_delta,1,548,600,-600.0,False,33
scale_a0.2,kc_delta,1,549,101,-90.0,True,24
scale_a0.2,kc_delta,1,550,600,-600.0,False,29
scale_a0.2,kc_delta,1,551,600,-600.0,False,40
scale_a0.2,kc_delta,1,552,600,-600.0,False,49
scale_a0.2,kc_delta,1,553,14,-3.0,True,12
scale_a0.2,kc_delta,1,554,600,-600.0,False,44
scale_a0.2,kc_delta,1,555,295,-284.0,True,20
scale_a0.2,kc_delta,1,556,18,-7.0,True,4
scale_a0.2,kc_delta,1,557,34,-23.0,True,22
scale_a0.2,kc_delta,1,558,600,-600.0,False,47
scale_a0.2,kc_delta,1,559,600,-600.0,False,26
scale_a0.2,kc_delta,1,560,600,-600.0,False,31
scale_a0.2,kc_delta,1,561,600,-600.0,False,44
scale_a0.2,kc_delta,1,562,2,9.0,True,2
scale_a0.2,kc_delta,1,563,600,-600.0,False,54
scale_a0.2,kc_delta,1,564,15,-4.0,True,15
scale_a0.2,kc_delta,1,565,28,-17.0,True,12
scale_a0.2,kc_delta,1,566,600,-600.0,False,46
scale_a0.2,kc_delta,1,567,600,-600.0,False,36
scale_a0.2,kc_delta,1,568,600,-600.0,False,44
scale_a0.2,kc_delta,1,569,600,-600.0,False,47
scale_a0.2,kc_delta,1,570,600,-600.0,False,40
scale_a0.2,kc_delta,1,571,600,-600.0,False,46
scale_a0.2,kc_delta,1,572,5,6.0,True,3
scale_a0.2,kc_delta,1,573,600,-600.0,False,25
scale_a0.2,kc_delta,1,574,22,-11.0,True,4
scale_a0.2,kc_delta,1,575,600,-600.0,False,48
scale_a0.2,kc_delta,1,576,80,-69.0,True,26
scale_a0.2,kc_delta,1,577,70,-59.0,True,17
scale_a0.2,kc_delta,1,578,600,-600.0,False,40
scale_a0.2,kc_delta,1,579,600,-600.0,False,23
scale_a0.2,kc_delta,1,580,19,-8.0,True,8
scale_a0.2,kc_delta,1,581,600,-600.0,False,24
scale_a0.2,kc_delta,1,582,18,-7.0,True,16
scale_a0.2,kc_delta,1,583,600,-600.0,False,25
scale_a0.2,kc_delta,1,584,600,-600.0,False,44
scale_a0.2,kc_delta,1,585,600,-600.0,False,32
scale_a0.2,kc_delta,1,586,600,-600.0,False,26
scale_a0.2,kc_delta,1,587,201,-190.0,True,17
scale_a0.2,kc_delta,1,588,128,-117.0,True,19
scale_a0.2,kc_delta,1,589,600,-600.0,False,50
scale_a0.2,kc_delta,1,590,8,3.0,True,8
scale_a0.2,kc_delta,1,591,238,-227.0,True,25
scale_a0.2,kc_delta,1,592,118,-107.0,True,23
scale_a0.2,kc_delta,1,593,600,-600.0,False,51
scale_a0.2,kc_delta,1,594,600,-600.0,False,43
scale_a0.2,kc_delta,1,595,600,-600.0,False,52
scale_a0.2,kc_delta,1,596,600,-600.0,False,50
scale_a0.2,kc_delta,1,597,600,-600.0,False,32
scale_a0.2,kc_delta,1,598,600,-600.0,False,52
scale_a0.2,kc_delta,1,599,55,-44.0,True,24
scale_a0.2,rand_delta,1,0,600,-600.0,False,27
scale_a0.2,rand_delta,1,1,306,-295.0,True,15
scale_a0.2,rand_delta,1,2,5,6.0,True,5
scale_a0.2,rand_delta,1,3,600,-600.0,False,45
scale_a0.2,rand_delta,1,4,191,-180.0,True,21
scale_a0.2,rand_delta,1,5,600,-600.0,False,51
scale_a0.2,rand_delta,1,6,213,-202.0,True,13
scale_a0.2,rand_delta,1,7,181,-170.0,True,19
scale_a0.2,rand_delta,1,8,241,-230.0,True,31
scale_a0.2,rand_delta,1,9,158,-147.0,True,34
scale_a0.2,rand_delta,1,10,600,-600.0,False,46
scale_a0.2,rand_delta,1,11,600,-600.0,False,35
scale_a0.2,rand_delta,1,12,600,-600.0,False,55
scale_a0.2,rand_delta,1,13,600,-600.0,False,50
scale_a0.2,rand_delta,1,14,359,-348.0,True,37
scale_a0.2,rand_delta,1,15,500,-489.0,True,39
scale_a0.2,rand_delta,1,16,46,-35.0,True,20
scale_a0.2,rand_delta,1,17,167,-156.0,True,36
scale_a0.2,rand_delta,1,18,244,-233.0,True,45
scale_a0.2,rand_delta,1,19,93,-82.0,True,31
scale_a0.2,rand_delta,1,20,195,-184.0,True,30
scale_a0.2,rand_delta,1,21,600,-600.0,False,42
scale_a0.2,rand_delta,1,22,15,-4.0,True,12
scale_a0.2,rand_delta,1,23,6,5.0,True,6
scale_a0.2,rand_delta,1,24,172,-161.0,True,26
scale_a0.2,rand_delta,1,25,15,-4.0,True,13
scale_a0.2,rand_delta,1,26,25,-14.0,True,25
scale_a0.2,rand_delta,1,27,39,-28.0,True,33
scale_a0.2,rand_delta,1,28,275,-264.0,True,45
scale_a0.2,rand_delta,1,29,600,-600.0,False,47
scale_a0.2,rand_delta,1,30,7,4.0,True,7
scale_a0.2,rand_delta,1,31,47,-36.0,True,29
scale_a0.2,rand_delta,1,32,39,-28.0,True,28
scale_a0.2,rand_delta,1,33,33,-22.0,True,29
scale_a0.2,rand_delta,1,34,38,-27.0,True,34
scale_a0.2,rand_delta,1,35,10,1.0,True,9
scale_a0.2,rand_delta,1,36,114,-103.0,True,36
scale_a0.2,rand_delta,1,37,518,-507.0,True,44
scale_a0.2,rand_delta,1,38,26,-15.0,True,20
scale_a0.2,rand_delta,1,39,110,-99.0,True,35
scale_a0.2,rand_delta,1,40,27,-16.0,True,20
scale_a0.2,rand_delta,1,41,374,-363.0,True,46
scale_a0.2,rand_delta,1,42,28,-17.0,True,21
scale_a0.2,rand_delta,1,43,62,-51.0,True,32
scale_a0.2,rand_delta,1,44,11,0.0,True,1
scale_a0.2,rand_delta,1,45,165,-154.0,True,12
scale_a0.2,rand_delta,1,46,105,-94.0,True,27
scale_a0.2,rand_delta,1,47,600,-600.0,False,43
scale_a0.2,rand_delta,1,48,39,-28.0,True,17
scale_a0.2,rand_delta,1,49,7,4.0,True,2
scale_a0.2,rand_delta,1,50,600,-600.0,False,53
scale_a0.2,rand_delta,1,51,428,-417.0,True,40
scale_a0.2,rand_delta,1,52,600,-600.0,False,53
scale_a0.2,rand_delta,1,53,188,-177.0,True,38
scale_a0.2,rand_delta,1,54,30,-19.0,True,21
scale_a0.2,rand_delta,1,55,46,-35.0,True,36
scale_a0.2,rand_delta,1,56,600,-600.0,False,39
scale_a0.2,rand_delta,1,57,44,-33.0,True,26
scale_a0.2,rand_delta,1,58,34,-23.0,True,15
scale_a0.2,rand_delta,1,59,15,-4.0,True,7
scale_a0.2,rand_delta,1,60,97,-86.0,True,43
scale_a0.2,rand_delta,1,61,202,-191.0,True,41
scale_a0.2,rand_delta,1,62,49,-38.0,True,28
scale_a0.2,rand_delta,1,63,27,-16.0,True,24
scale_a0.2,rand_delta,1,64,600,-600.0,False,36
scale_a0.2,rand_delta,1,65,600,-600.0,False,41
scale_a0.2,rand_delta,1,66,359,-348.0,True,45
scale_a0.2,rand_delta,1,67,65,-54.0,True,41
scale_a0.2,rand_delta,1,68,56,-45.0,True,19
scale_a0.2,rand_delta,1,69,46,-35.0,True,30
scale_a0.2,rand_delta,1,70,44,-33.0,True,33
scale_a0.2,rand_delta,1,71,600,-600.0,False,50
scale_a0.2,rand_delta,1,72,600,-600.0,False,53
scale_a0.2,rand_delta,1,73,600,-600.0,False,47
scale_a0.2,rand_delta,1,74,149,-138.0,True,40
scale_a0.2,rand_delta,1,75,395,-384.0,True,44
scale_a0.2,rand_delta,1,76,16,-5.0,True,14
scale_a0.2,rand_delta,1,77,39,-28.0,True,23
scale_a0.2,rand_delta,1,78,22,-11.0,True,8
scale_a0.2,rand_delta,1,79,19,-8.0,True,9
scale_a0.2,rand_delta,1,80,600,-600.0,False,39
scale_a0.2,rand_delta,1,81,600,-600.0,False,45
scale_a0.2,rand_delta,1,82,63,-52.0,True,30
scale_a0.2,rand_delta,1,83,600,-600.0,False,54
scale_a0.2,rand_delta,1,84,95,-84.0,True,30
scale_a0.2,rand_delta,1,85,584,-573.0,True,40
scale_a0.2,rand_delta,1,86,90,-79.0,True,32
scale_a0.2,rand_delta,1,87,600,-600.0,False,46
scale_a0.2,rand_delta,1,88,600,-600.0,False,49
scale_a0.2,rand_delta,1,89,600,-600.0,False,54
scale_a0.2,rand_delta,1,90,15,-4.0,True,13
scale_a0.2,rand_delta,1,91,46,-35.0,True,25
scale_a0.2,rand_delta,1,92,20,-9.0,True,3
scale_a0.2,rand_delta,1,93,80,-69.0,True,29
scale_a0.2,rand_delta,1,94,9,2.0,True,6
scale_a0.2,rand_delta,1,95,71,-60.0,True,6
scale_a0.2,rand_delta,1,96,600,-600.0,False,55
scale_a0.2,rand_delta,1,97,38,-27.0,True,10
scale_a0.2,rand_delta,1,98,61,-50.0,True,31
scale_a0.2,rand_delta,1,99,270,-259.0,True,39
scale_a0.2,rand_delta,1,100,511,-500.0,True,40
scale_a0.2,rand_delta,1,101,600,-600.0,False,50
scale_a0.2,rand_delta,1,102,36,-25.0,True,26
scale_a0.2,rand_delta,1,103,52,-41.0,True,39
scale_a0.2,rand_delta,1,104,62,-51.0,True,25
scale_a0.2,rand_delta,1,105,600,-600.0,False,45
scale_a0.2,rand_delta,1,106,600,-600.0,False,52
scale_a0.2,rand_delta,1,107,600,-600.0,False,43
scale_a0.2,rand_delta,1,108,600,-600.0,False,42
scale_a0.2,rand_delta,1,109,131,-120.0,True,38
scale_a0.2,rand_delta,1,110,600,-600.0,False,52
scale_a0.2,rand_delta,1,111,62,-51.0,True,22
scale_a0.2,rand_delta,1,112,42,-31.0,True,19
scale_a0.2,rand_delta,1,113,37,-26.0,True,20
scale_a0.2,rand_delta,1,114,38,-27.0,True,21
scale_a0.2,rand_delta,1,115,40,-29.0,True,23
scale_a0.2,rand_delta,1,116,600,-600.0,False,45
scale_a0.2,rand_delta,1,117,15,-4.0,True,8
scale_a0.2,rand_delta,1,118,600,-600.0,False,51
scale_a0.2,rand_delta,1,119,79,-68.0,True,20
scale_a0.2,rand_delta,1,120,86,-75.0,True,31
scale_a0.2,rand_delta,1,121,600,-600.0,False,46
scale_a0.2,rand_delta,1,122,600,-600.0,False,53
scale_a0.2,rand_delta,1,123,600,-600.0,False,39
scale_a0.2,rand_delta,1,124,70,-59.0,True,35
scale_a0.2,rand_delta,1,125,600,-600.0,False,46
scale_a0.2,rand_delta,1,126,105,-94.0,True,24
scale_a0.2,rand_delta,1,127,600,-600.0,False,48
scale_a0.2,rand_delta,1,128,600,-600.0,False,50
scale_a0.2,rand_delta,1,129,89,-78.0,True,29
scale_a0.2,rand_delta,1,130,30,-19.0,True,18
scale_a0.2,rand_delta,1,131,75,-64.0,True,20
scale_a0.2,rand_delta,1,132,64,-53.0,True,33
scale_a0.2,rand_delta,1,133,600,-600.0,False,45
scale_a0.2,rand_delta,1,134,31,-20.0,True,13
scale_a0.2,rand_delta,1,135,600,-600.0,False,59
scale_a0.2,rand_delta,1,136,27,-16.0,True,12
scale_a0.2,rand_delta,1,137,93,-82.0,True,18
scale_a0.2,rand_delta,1,138,53,-42.0,True,23
scale_a0.2,rand_delta,1,139,13,-2.0,True,5
scale_a0.2,rand_delta,1,140,600,-600.0,False,50
scale_a0.2,rand_delta,1,141,600,-600.0,False,56
scale_a0.2,rand_delta,1,142,600,-600.0,False,51
scale_a0.2,rand_delta,1,143,104,-93.0,True,22
scale_a0.2,rand_delta,1,144,5,6.0,True,3
scale_a0.2,rand_delta,1,145,158,-147.0,True,34
scale_a0.2,rand_delta,1,146,232,-221.0,True,43
scale_a0.2,rand_delta,1,147,600,-600.0,False,52
scale_a0.2,rand_delta,1,148,600,-600.0,False,37
scale_a0.2,rand_delta,1,149,600,-600.0,False,51
scale_a0.2,rand_delta,1,150,600,-600.0,False,55
scale_a0.2,rand_delta,1,151,66,-55.0,True,21
scale_a0.2,rand_delta,1,152,80,-69.0,True,32
scale_a0.2,rand_delta,1,153,600,-600.0,False,50
scale_a0.2,rand_delta,1,154,43,-32.0,True,24
scale_a0.2,rand_delta,1,155,56,-45.0,True,36
scale_a0.2,rand_delta,1,156,12,-1.0,True,8
scale_a0.2,rand_delta,1,157,89,-78.0,True,17
scale_a0.2,rand_delta,1,158,35,-24.0,True,13
scale_a0.2,rand_delta,1,159,600,-600.0,False,47
scale_a0.2,rand_delta,1,160,61,-50.0,True,38
scale_a0.2,rand_delta,1,161,28,-17.0,True,16
scale_a0.2,rand_delta,1,162,69,-58.0,True,28
scale_a0.2,rand_delta,1,163,315,-304.0,True,38
scale_a0.2,rand_delta,1,164,600,-600.0,False,51
scale_a0.2,rand_delta,1,165,600,-600.0,False,52
scale_a0.2,rand_delta,1,166,33,-22.0,True,16
scale_a0.2,rand_delta,1,167,53,-42.0,True,40
scale_a0.2,rand_delta,1,168,600,-600.0,False,46
scale_a0.2,rand_delta,1,169,73,-62.0,True,26
scale_a0.2,rand_delta,1,170,18,-7.0,True,6
scale_a0.2,rand_delta,1,171,77,-66.0,True,16
scale_a0.2,rand_delta,1,172,44,-33.0,True,19
scale_a0.2,rand_delta,1,173,38,-27.0,True,13
scale_a0.2,rand_delta,1,174,293,-282.0,True,39
scale_a0.2,rand_delta,1,175,38,-27.0,True,23
scale_a0.2,rand_delta,1,176,600,-600.0,False,46
scale_a0.2,rand_delta,1,177,600,-600.0,False,42
scale_a0.2,rand_delta,1,178,600,-600.0,False,45
scale_a0.2,rand_delta,1,179,600,-600.0,False,56
scale_a0.2,rand_delta,1,180,68,-57.0,True,18
scale_a0.2,rand_delta,1,181,51,-40.0,True,39
scale_a0.2,rand_delta,1,182,600,-600.0,False,56
scale_a0.2,rand_delta,1,183,600,-600.0,False,51
scale_a0.2,rand_delta,1,184,65,-54.0,True,14
scale_a0.2,rand_delta,1,185,26,-15.0,True,16
scale_a0.2,rand_delta,1,186,23,-12.0,True,8
scale_a0.2,rand_delta,1,187,600,-600.0,False,55
scale_a0.2,rand_delta,1,188,43,-32.0,True,32
scale_a0.2,rand_delta,1,189,401,-390.0,True,42
scale_a0.2,rand_delta,1,190,71,-60.0,True,30
scale_a0.2,rand_delta,1,191,600,-600.0,False,46
scale_a0.2,rand_delta,1,192,600,-600.0,False,50
scale_a0.2,rand_delta,1,193,600,-600.0,False,53
scale_a0.2,rand_delta,1,194,96,-85.0,True,23
scale_a0.2,rand_delta,1,195,600,-600.0,False,45
scale_a0.2,rand_delta,1,196,22,-11.0,True,20
scale_a0.2,rand_delta,1,197,38,-27.0,True,35
scale_a0.2,rand_delta,1,198,71,-60.0,True,44
scale_a0.2,rand_delta,1,199,29,-18.0,True,25
scale_a0.2,rand_delta,1,200,600,-600.0,False,46
scale_a0.2,rand_delta,1,201,556,-545.0,True,43
scale_a0.2,rand_delta,1,202,49,-38.0,True,39
scale_a0.2,rand_delta,1,203,538,-527.0,True,44
scale_a0.2,rand_delta,1,204,600,-600.0,False,57
scale_a0.2,rand_delta,1,205,600,-600.0,False,42
scale_a0.2,rand_delta,1,206,454,-443.0,True,38
scale_a0.2,rand_delta,1,207,281,-270.0,True,43
scale_a0.2,rand_delta,1,208,600,-600.0,False,41
scale_a0.2,rand_delta,1,209,87,-76.0,True,35
scale_a0.2,rand_delta,1,210,600,-600.0,False,49
scale_a0.2,rand_delta,1,211,50,-39.0,True,26
scale_a0.2,rand_delta,1,212,31,-20.0,True,18
scale_a0.2,rand_delta,1,213,66,-55.0,True,39
scale_a0.2,rand_delta,1,214,55,-44.0,True,26
scale_a0.2,rand_delta,1,215,296,-285.0,True,46
scale_a0.2,rand_delta,1,216,43,-32.0,True,28
scale_a0.2,rand_delta,1,217,47,-36.0,True,42
scale_a0.2,rand_delta,1,218,326,-315.0,True,42
scale_a0.2,rand_delta,1,219,600,-600.0,False,53
scale_a0.2,rand_delta,1,220,600,-600.0,False,56
scale_a0.2,rand_delta,1,221,600,-600.0,False,53
scale_a0.2,rand_delta,1,222,115,-104.0,True,20
scale_a0.2,rand_delta,1,223,60,-49.0,True,34
scale_a0.2,rand_delta,1,224,79,-68.0,True,37
scale_a0.2,rand_delta,1,225,47,-36.0,True,30
scale_a0.2,rand_delta,1,226,58,-47.0,True,27
scale_a0.2,rand_delta,1,227,600,-600.0,False,47
scale_a0.2,rand_delta,1,228,148,-137.0,True,51
scale_a0.2,rand_delta,1,229,76,-65.0,True,34
scale_a0.2,rand_delta,1,230,71,-60.0,True,28
scale_a0.2,rand_delta,1,231,52,-41.0,True,36
scale_a0.2,rand_delta,1,232,600,-600.0,False,52
scale_a0.2,rand_delta,1,233,84,-73.0,True,40
scale_a0.2,rand_delta,1,234,600,-600.0,False,45
scale_a0.2,rand_delta,1,235,52,-41.0,True,30
scale_a0.2,rand_delta,1,236,600,-600.0,False,54
scale_a0.2,rand_delta,1,237,249,-238.0,True,39
scale_a0.2,rand_delta,1,238,39,-28.0,True,21
scale_a0.2,rand_delta,1,239,17,-6.0,True,17
scale_a0.2,rand_delta,1,240,5,6.0,True,5
scale_a0.2,rand_delta,1,241,28,-17.0,True,28
scale_a0.2,rand_delta,1,242,600,-600.0,False,52
scale_a0.2,rand_delta,1,243,12,-1.0,True,9
scale_a0.2,rand_delta,1,244,33,-22.0,True,25
scale_a0.2,rand_delta,1,245,600,-600.0,False,52
scale_a0.2,rand_delta,1,246,51,-40.0,True,22
scale_a0.2,rand_delta,1,247,48,-37.0,True,32
scale_a0.2,rand_delta,1,248,59,-48.0,True,37
scale_a0.2,rand_delta,1,249,371,-360.0,True,36
scale_a0.2,rand_delta,1,250,600,-600.0,False,50
scale_a0.2,rand_delta,1,251,37,-26.0,True,28
scale_a0.2,rand_delta,1,252,31,-20.0,True,30
scale_a0.2,rand_delta,1,253,90,-79.0,True,35
scale_a0.2,rand_delta,1,254,74,-63.0,True,47
scale_a0.2,rand_delta,1,255,52,-41.0,True,30
scale_a0.2,rand_delta,1,256,600,-600.0,False,53
scale_a0.2,rand_delta,1,257,74,-63.0,True,38
scale_a0.2,rand_delta,1,258,600,-600.0,False,46
scale_a0.2,rand_delta,1,259,49,-38.0,True,31
scale_a0.2,rand_delta,1,260,98,-87.0,True,25
scale_a0.2,rand_delta,1,261,86,-75.0,True,45
scale_a0.2,rand_delta,1,262,52,-41.0,True,33
scale_a0.2,rand_delta,1,263,600,-600.0,False,52
scale_a0.2,rand_delta,1,264,600,-600.0,False,43
scale_a0.2,rand_delta,1,265,600,-600.0,False,52
scale_a0.2,rand_delta,1,266,36,-25.0,True,31
scale_a0.2,rand_delta,1,267,50,-39.0,True,13
scale_a0.2,rand_delta,1,268,600,-600.0,False,45
scale_a0.2,rand_delta,1,269,42,-31.0,True,25
scale_a0.2,rand_delta,1,270,25,-14.0,True,15
scale_a0.2,rand_delta,1,271,58,-47.0,True,30
scale_a0.2,rand_delta,1,272,31,-20.0,True,22
scale_a0.2,rand_delta,1,273,600,-600.0,False,55
scale_a0.2,rand_delta,1,274,5,6.0,True,5
scale_a0.2,rand_delta,1,275,7,4.0,True,7
scale_a0.2,rand_delta,1,276,53,-42.0,True,20
scale_a0.2,rand_delta,1,277,29,-18.0,True,18
scale_a0.2,rand_delta,1,278,600,-600.0,False,56
scale_a0.2,rand_delta,1,279,49,-38.0,True,17
scale_a0.2,rand_delta,1,280,600,-600.0,False,57
scale_a0.2,rand_delta,1,281,42,-31.0,True,33
scale_a0.2,rand_delta,1,282,49,-38.0,True,39
scale_a0.2,rand_delta,1,283,81,-70.0,True,22
scale_a0.2,rand_delta,1,284,9,2.0,True,8
scale_a0.2,rand_delta,1,285,600,-600.0,False,46
scale_a0.2,rand_delta,1,286,3,8.0,True,3
scale_a0.2,rand_delta,1,287,556,-545.0,True,52
scale_a0.2,rand_delta,1,288,5,6.0,True,5
scale_a0.2,rand_delta,1,289,83,-72.0,True,25
scale_a0.2,rand_delta,1,290,12,-1.0,True,12
scale_a0.2,rand_delta,1,291,63,-52.0,True,23
scale_a0.2,rand_delta,1,292,44,-33.0,True,22
scale_a0.2,rand_delta,1,293,30,-19.0,True,16
scale_a0.2,rand_delta,1,294,600,-600.0,False,56
scale_a0.2,rand_delta,1,295,68,-57.0,True,33
scale_a0.2,rand_delta,1,296,600,-600.0,False,47
scale_a0.2,rand_delta,1,297,600,-600.0,False,41
scale_a0.2,rand_delta,1,298,175,-164.0,True,37
scale_a0.2,rand_delta,1,299,600,-600.0,False,55
scale_a0.2,rand_delta,1,300,476,-465.0,True,44
scale_a0.2,rand_delta,1,301,82,-71.0,True,38
scale_a0.2,rand_delta,1,302,55,-44.0,True,29
scale_a0.2,rand_delta,1,303,59,-48.0,True,45
scale_a0.2,rand_delta,1,304,131,-120.0,True,42
scale_a0.2,rand_delta,1,305,600,-600.0,False,41
scale_a0.2,rand_delta,1,306,50,-39.0,True,29
scale_a0.2,rand_delta,1,307,37,-26.0,True,20
scale_a0.2,rand_delta,1,308,81,-70.0,True,28
scale_a0.2,rand_delta,1,309,600,-600.0,False,44
scale_a0.2,rand_delta,1,310,600,-600.0,False,51
scale_a0.2,rand_delta,1,311,69,-58.0,True,21
scale_a0.2,rand_delta,1,312,600,-600.0,False,55
scale_a0.2,rand_delta,1,313,56,-45.0,True,21
scale_a0.2,rand_delta,1,314,73,-62.0,True,50
scale_a0.2,rand_delta,1,315,85,-74.0,True,16
scale_a0.2,rand_delta,1,316,168,-157.0,True,50
scale_a0.2,rand_delta,1,317,70,-59.0,True,26
scale_a0.2,rand_delta,1,318,6,5.0,True,5
scale_a0.2,rand_delta,1,319,9,2.0,True,9
scale_a0.2,rand_delta,1,320,29,-18.0,True,19
scale_a0.2,rand_delta,1,321,28,-17.0,True,27
scale_a0.2,rand_delta,1,322,540,-529.0,True,53
scale_a0.2,rand_delta,1,323,59,-48.0,True,21
scale_a0.2,rand_delta,1,324,600,-600.0,False,53
scale_a0.2,rand_delta,1,325,600,-600.0,False,50
scale_a0.2,rand_delta,1,326,600,-600.0,False,48
scale_a0.2,rand_delta,1,327,52,-41.0,True,29
scale_a0.2,rand_delta,1,328,409,-398.0,True,53
scale_a0.2,rand_delta,1,329,600,-600.0,False,45
scale_a0.2,rand_delta,1,330,600,-600.0,False,53
scale_a0.2,rand_delta,1,331,23,-12.0,True,6
scale_a0.2,rand_delta,1,332,55,-44.0,True,35
scale_a0.2,rand_delta,1,333,600,-600.0,False,55
scale_a0.2,rand_delta,1,334,600,-600.0,False,46
scale_a0.2,rand_delta,1,335,85,-74.0,True,19
scale_a0.2,rand_delta,1,336,102,-91.0,True,21
scale_a0.2,rand_delta,1,337,58,-47.0,True,41
scale_a0.2,rand_delta,1,338,600,-600.0,False,57
scale_a0.2,rand_delta,1,339,74,-63.0,True,42
scale_a0.2,rand_delta,1,340,6,5.0,True,6
scale_a0.2,rand_delta,1,341,600,-600.0,False,57
scale_a0.2,rand_delta,1,342,600,-600.0,False,54
scale_a0.2,rand_delta,1,343,54,-43.0,True,30
scale_a0.2,rand_delta,1,344,600,-600.0,False,45
scale_a0.2,rand_delta,1,345,21,-10.0,True,18
scale_a0.2,rand_delta,1,346,29,-18.0,True,19
scale_a0.2,rand_delta,1,347,116,-105.0,True,45
scale_a0.2,rand_delta,1,348,251,-240.0,True,35
scale_a0.2,rand_delta,1,349,28,-17.0,True,21
scale_a0.2,rand_delta,1,350,600,-600.0,False,44
scale_a0.2,rand_delta,1,351,600,-600.0,False,46
scale_a0.2,rand_delta,1,352,34,-23.0,True,19
scale_a0.2,rand_delta,1,353,19,-8.0,True,15
scale_a0.2,rand_delta,1,354,13,-2.0,True,13
scale_a0.2,rand_delta,1,355,28,-17.0,True,16
scale_a0.2,rand_delta,1,356,52,-41.0,True,29
scale_a0.2,rand_delta,1,357,600,-600.0,False,51
scale_a0.2,rand_delta,1,358,600,-600.0,False,56
scale_a0.2,rand_delta,1,359,600,-600.0,False,48
scale_a0.2,rand_delta,1,360,71,-60.0,True,20
scale_a0.2,rand_delta,1,361,600,-600.0,False,56
scale_a0.2,rand_delta,1,362,600,-600.0,False,45
scale_a0.2,rand_delta,1,363,26,-15.0,True,19
scale_a0.2,rand_delta,1,364,302,-291.0,True,45
scale_a0.2,rand_delta,1,365,21,-10.0,True,19
scale_a0.2,rand_delta,1,366,51,-40.0,True,28
scale_a0.2,rand_delta,1,367,56,-45.0,True,41
scale_a0.2,rand_delta,1,368,16,-5.0,True,16
scale_a0.2,rand_delta,1,369,131,-120.0,True,46
scale_a0.2,rand_delta,1,370,4,7.0,True,4
scale_a0.2,rand_delta,1,371,61,-50.0,True,41
scale_a0.2,rand_delta,1,372,600,-600.0,False,56
scale_a0.2,rand_delta,1,373,153,-142.0,True,29
scale_a0.2,rand_delta,1,374,46,-35.0,True,22
scale_a0.2,rand_delta,1,375,38,-27.0,True,34
scale_a0.2,rand_delta,1,376,26,-15.0,True,23
scale_a0.2,rand_delta,1,377,18,-7.0,True,17
scale_a0.2,rand_delta,1,378,57,-46.0,True,24
scale_a0.2,rand_delta,1,379,44,-33.0,True,34
scale_a0.2,rand_delta,1,380,13,-2.0,True,13
scale_a0.2,rand_delta,1,381,571,-560.0,True,44
scale_a0.2,rand_delta,1,382,58,-47.0,True,27
scale_a0.2,rand_delta,1,383,301,-290.0,True,50
scale_a0.2,rand_delta,1,384,17,-6.0,True,17
scale_a0.2,rand_delta,1,385,77,-66.0,True,48
scale_a0.2,rand_delta,1,386,356,-345.0,True,52
scale_a0.2,rand_delta,1,387,600,-600.0,False,54
scale_a0.2,rand_delta,1,388,141,-130.0,True,37
scale_a0.2,rand_delta,1,389,600,-600.0,False,56
scale_a0.2,rand_delta,1,390,32,-21.0,True,27
scale_a0.2,rand_delta,1,391,600,-600.0,False,55
scale_a0.2,rand_delta,1,392,63,-52.0,True,41
scale_a0.2,rand_delta,1,393,1,10.0,True,1
scale_a0.2,rand_delta,1,394,504,-493.0,True,53
scale_a0.2,rand_delta,1,395,600,-600.0,False,52
scale_a0.2,rand_delta,1,396,101,-90.0,True,26
scale_a0.2,rand_delta,1,397,29,-18.0,True,20
scale_a0.2,rand_delta,1,398,600,-600.0,False,55
scale_a0.2,rand_delta,1,399,600,-600.0,False,48
scale_a0.2,rand_delta,1,400,52,-41.0,True,40
scale_a0.2,rand_delta,1,401,10,1.0,True,10
scale_a0.2,rand_delta,1,402,600,-600.0,False,43
scale_a0.2,rand_delta,1,403,600,-600.0,False,54
scale_a0.2,rand_delta,1,404,68,-57.0,True,34
scale_a0.2,rand_delta,1,405,24,-13.0,True,23
scale_a0.2,rand_delta,1,406,237,-226.0,True,52
scale_a0.2,rand_delta,1,407,32,-21.0,True,25
scale_a0.2,rand_delta,1,408,36,-25.0,True,32
scale_a0.2,rand_delta,1,409,69,-58.0,True,37
scale_a0.2,rand_delta,1,410,39,-28.0,True,25
scale_a0.2,rand_delta,1,411,31,-20.0,True,21
scale_a0.2,rand_delta,1,412,59,-48.0,True,34
scale_a0.2,rand_delta,1,413,433,-422.0,True,41
scale_a0.2,rand_delta,1,414,48,-37.0,True,41
scale_a0.2,rand_delta,1,415,51,-40.0,True,37
scale_a0.2,rand_delta,1,416,45,-34.0,True,26
scale_a0.2,rand_delta,1,417,600,-600.0,False,52
scale_a0.2,rand_delta,1,418,600,-600.0,False,43
scale_a0.2,rand_delta,1,419,128,-117.0,True,38
scale_a0.2,rand_delta,1,420,63,-52.0,True,39
scale_a0.2,rand_delta,1,421,28,-17.0,True,21
scale_a0.2,rand_delta,1,422,15,-4.0,True,15
scale_a0.2,rand_delta,1,423,64,-53.0,True,39
scale_a0.2,rand_delta,1,424,46,-35.0,True,24
scale_a0.2,rand_delta,1,425,600,-600.0,False,55
scale_a0.2,rand_delta,1,426,53,-42.0,True,30
scale_a0.2,rand_delta,1,427,62,-51.0,True,42
scale_a0.2,rand_delta,1,428,10,1.0,True,10
scale_a0.2,rand_delta,1,429,46,-35.0,True,39
scale_a0.2,rand_delta,1,430,19,-8.0,True,19
scale_a0.2,rand_delta,1,431,19,-8.0,True,19
scale_a0.2,rand_delta,1,432,35,-24.0,True,29
scale_a0.2,rand_delta,1,433,600,-600.0,False,54
scale_a0.2,rand_delta,1,434,50,-39.0,True,26
scale_a0.2,rand_delta,1,435,43,-32.0,True,41
scale_a0.2,rand_delta,1,436,36,-25.0,True,25
scale_a0.2,rand_delta,1,437,35,-24.0,True,23
scale_a0.2,rand_delta,1,438,45,-34.0,True,36
scale_a0.2,rand_delta,1,439,33,-22.0,True,23
scale_a0.2,rand_delta,1,440,600,-600.0,False,52
scale_a0.2,rand_delta,1,441,29,-18.0,True,20
scale_a0.2,rand_delta,1,442,600,-600.0,False,46
scale_a0.2,rand_delta,1,443,91,-80.0,True,52
scale_a0.2,rand_delta,1,444,33,-22.0,True,16
scale_a0.2,rand_delta,1,445,54,-43.0,True,34
scale_a0.2,rand_delta,1,446,60,-49.0,True,39
scale_a0.2,rand_delta,1,447,55,-44.0,True,23
scale_a0.2,rand_delta,1,448,53,-42.0,True,39
scale_a0.2,rand_delta,1,449,600,-600.0,False,49
scale_a0.2,rand_delta,1,450,35,-24.0,True,21
scale_a0.2,rand_delta,1,451,600,-600.0,False,54
scale_a0.2,rand_delta,1,452,56,-45.0,True,38
scale_a0.2,rand_delta,1,453,50,-39.0,True,25
scale_a0.2,rand_delta,1,454,47,-36.0,True,22
scale_a0.2,rand_delta,1,455,45,-34.0,True,30
scale_a0.2,rand_delta,1,456,1,10.0,True,1
scale_a0.2,rand_delta,1,457,27,-16.0,True,19
scale_a0.2,rand_delta,1,458,16,-5.0,True,16
scale_a0.2,rand_delta,1,459,11,0.0,True,11
scale_a0.2,rand_delta,1,460,57,-46.0,True,35
scale_a0.2,rand_delta,1,461,600,-600.0,False,59
scale_a0.2,rand_delta,1,462,58,-47.0,True,18
scale_a0.2,rand_delta,1,463,5,6.0,True,5
scale_a0.2,rand_delta,1,464,56,-45.0,True,30
scale_a0.2,rand_delta,1,465,21,-10.0,True,15
scale_a0.2,rand_delta,1,466,34,-23.0,True,20
scale_a0.2,rand_delta,1,467,67,-56.0,True,41
scale_a0.2,rand_delta,1,468,600,-600.0,False,43
scale_a0.2,rand_delta,1,469,73,-62.0,True,26
scale_a0.2,rand_delta,1,470,600,-600.0,False,54
scale_a0.2,rand_delta,1,471,48,-37.0,True,21
scale_a0.2,rand_delta,1,472,600,-600.0,False,57
scale_a0.2,rand_delta,1,473,82,-71.0,True,29
scale_a0.2,rand_delta,1,474,30,-19.0,True,28
scale_a0.2,rand_delta,1,475,45,-34.0,True,24
scale_a0.2,rand_delta,1,476,64,-53.0,True,46
scale_a0.2,rand_delta,1,477,600,-600.0,False,44
scale_a0.2,rand_delta,1,478,600,-600.0,False,51
scale_a0.2,rand_delta,1,479,10,1.0,True,9
scale_a0.2,rand_delta,1,480,102,-91.0,True,33
scale_a0.2,rand_delta,1,481,463,-452.0,True,41
scale_a0.2,rand_delta,1,482,600,-600.0,False,55
scale_a0.2,rand_delta,1,483,42,-31.0,True,26
scale_a0.2,rand_delta,1,484,45,-34.0,True,39
scale_a0.2,rand_delta,1,485,42,-31.0,True,32
scale_a0.2,rand_delta,1,486,19,-8.0,True,16
scale_a0.2,rand_delta,1,487,48,-37.0,True,40
scale_a0.2,rand_delta,1,488,600,-600.0,False,43
scale_a0.2,rand_delta,1,489,23,-12.0,True,22
scale_a0.2,rand_delta,1,490,15,-4.0,True,15
scale_a0.2,rand_delta,1,491,33,-22.0,True,26
scale_a0.2,rand_delta,1,492,600,-600.0,False,57
scale_a0.2,rand_delta,1,493,41,-30.0,True,28
scale_a0.2,rand_delta,1,494,481,-470.0,True,42
scale_a0.2,rand_delta,1,495,34,-23.0,True,28
scale_a0.2,rand_delta,1,496,47,-36.0,True,30
scale_a0.2,rand_delta,1,497,33,-22.0,True,26
scale_a0.2,rand_delta,1,498,53,-42.0,True,45
scale_a0.2,rand_delta,1,499,36,-25.0,True,30
scale_a0.2,rand_delta,1,500,48,-37.0,True,22
scale_a0.2,rand_delta,1,501,395,-384.0,True,32
scale_a0.2,rand_delta,1,502,63,-52.0,True,36
scale_a0.2,rand_delta,1,503,117,-106.0,True,33
scale_a0.2,rand_delta,1,504,4,7.0,True,4
scale_a0.2,rand_delta,1,505,600,-600.0,False,52
scale_a0.2,rand_delta,1,506,177,-166.0,True,33
scale_a0.2,rand_delta,1,507,55,-44.0,True,33
scale_a0.2,rand_delta,1,508,58,-47.0,True,31
scale_a0.2,rand_delta,1,509,600,-600.0,False,49
scale_a0.2,rand_delta,1,510,21,-10.0,True,16
scale_a0.2,rand_delta,1,511,56,-45.0,True,35
scale_a0.2,rand_delta,1,512,62,-51.0,True,31
scale_a0.2,rand_delta,1,513,43,-32.0,True,42
scale_a0.2,rand_delta,1,514,600,-600.0,False,55
scale_a0.2,rand_delta,1,515,47,-36.0,True,36
scale_a0.2,rand_delta,1,516,31,-20.0,True,25
scale_a0.2,rand_delta,1,517,44,-33.0,True,34
scale_a0.2,rand_delta,1,518,38,-27.0,True,24
scale_a0.2,rand_delta,1,519,37,-26.0,True,31
scale_a0.2,rand_delta,1,520,63,-52.0,True,36
scale_a0.2,rand_delta,1,521,71,-60.0,True,46
scale_a0.2,rand_delta,1,522,600,-600.0,False,59
scale_a0.2,rand_delta,1,523,58,-47.0,True,40
scale_a0.2,rand_delta,1,524,49,-38.0,True,36
scale_a0.2,rand_delta,1,525,13,-2.0,True,9
scale_a0.2,rand_delta,1,526,52,-41.0,True,36
scale_a0.2,rand_delta,1,527,9,2.0,True,9
scale_a0.2,rand_delta,1,528,112,-101.0,True,46
scale_a0.2,rand_delta,1,529,600,-600.0,False,56
scale_a0.2,rand_delta,1,530,108,-97.0,True,37
scale_a0.2,rand_delta,1,531,600,-600.0,False,52
scale_a0.2,rand_delta,1,532,600,-600.0,False,54
scale_a0.2,rand_delta,1,533,600,-600.0,False,49
scale_a0.2,rand_delta,1,534,14,-3.0,True,6
scale_a0.2,rand_delta,1,535,89,-78.0,True,17
scale_a0.2,rand_delta,1,536,125,-114.0,True,52
scale_a0.2,rand_delta,1,537,25,-14.0,True,21
scale_a0.2,rand_delta,1,538,48,-37.0,True,40
scale_a0.2,rand_delta,1,539,60,-49.0,True,38
scale_a0.2,rand_delta,1,540,46,-35.0,True,25
scale_a0.2,rand_delta,1,541,28,-17.0,True,28
scale_a0.2,rand_delta,1,542,32,-21.0,True,20
scale_a0.2,rand_delta,1,543,44,-33.0,True,38
scale_a0.2,rand_delta,1,544,2,9.0,True,2
scale_a0.2,rand_delta,1,545,21,-10.0,True,16
scale_a0.2,rand_delta,1,546,56,-45.0,True,15
scale_a0.2,rand_delta,1,547,63,-52.0,True,37
scale_a0.2,rand_delta,1,548,44,-33.0,True,33
scale_a0.2,rand_delta,1,549,47,-36.0,True,24
scale_a0.2,rand_delta,1,550,32,-21.0,True,29
scale_a0.2,rand_delta,1,551,45,-34.0,True,40
scale_a0.2,rand_delta,1,552,317,-306.0,True,49
scale_a0.2,rand_delta,1,553,12,-1.0,True,12
scale_a0.2,rand_delta,1,554,104,-93.0,True,44
scale_a0.2,rand_delta,1,555,25,-14.0,True,20
scale_a0.2,rand_delta,1,556,4,7.0,True,4
scale_a0.2,rand_delta,1,557,33,-22.0,True,22
scale_a0.2,rand_delta,1,558,600,-600.0,False,47
scale_a0.2,rand_delta,1,559,42,-31.0,True,26
scale_a0.2,rand_delta,1,560,32,-21.0,True,31
scale_a0.2,rand_delta,1,561,600,-600.0,False,44
scale_a0.2,rand_delta,1,562,2,9.0,True,2
scale_a0.2,rand_delta,1,563,600,-600.0,False,54
scale_a0.2,rand_delta,1,564,15,-4.0,True,15
scale_a0.2,rand_delta,1,565,14,-3.0,True,12
scale_a0.2,rand_delta,1,566,600,-600.0,False,46
scale_a0.2,rand_delta,1,567,41,-30.0,True,36
scale_a0.2,rand_delta,1,568,149,-138.0,True,44
scale_a0.2,rand_delta,1,569,600,-600.0,False,47
scale_a0.2,rand_delta,1,570,78,-67.0,True,40
scale_a0.2,rand_delta,1,571,600,-600.0,False,46
scale_a0.2,rand_delta,1,572,3,8.0,True,3
scale_a0.2,rand_delta,1,573,33,-22.0,True,25
scale_a0.2,rand_delta,1,574,4,7.0,True,4
scale_a0.2,rand_delta,1,575,600,-600.0,False,48
scale_a0.2,rand_delta,1,576,48,-37.0,True,26
scale_a0.2,rand_delta,1,577,32,-21.0,True,17
scale_a0.2,rand_delta,1,578,61,-50.0,True,40
scale_a0.2,rand_delta,1,579,34,-23.0,True,23
scale_a0.2,rand_delta,1,580,8,3.0,True,8
scale_a0.2,rand_delta,1,581,27,-16.0,True,24
scale_a0.2,rand_delta,1,582,16,-5.0,True,16
scale_a0.2,rand_delta,1,583,28,-17.0,True,25
scale_a0.2,rand_delta,1,584,51,-40.0,True,44
scale_a0.2,rand_delta,1,585,33,-22.0,True,32
scale_a0.2,rand_delta,1,586,37,-26.0,True,26
scale_a0.2,rand_delta,1,587,17,-6.0,True,17
scale_a0.2,rand_delta,1,588,25,-14.0,True,19
scale_a0.2,rand_delta,1,589,600,-600.0,False,50
scale_a0.2,rand_delta,1,590,8,3.0,True,8
scale_a0.2,rand_delta,1,591,47,-36.0,True,25
scale_a0.2,rand_delta,1,592,90,-79.0,True,23
scale_a0.2,rand_delta,1,593,600,-600.0,False,51
scale_a0.2,rand_delta,1,594,600,-600.0,False,43
scale_a0.2,rand_delta,1,595,190,-179.0,True,52
scale_a0.2,rand_delta,1,596,174,-163.0,True,50
scale_a0.2,rand_delta,1,597,41,-30.0,True,32
scale_a0.2,rand_delta,1,598,600,-600.0,False,52
scale_a0.2,rand_delta,1,599,67,-56.0,True,24
scale_a0.2,mlp,2,0,600,-600.0,False,19
scale_a0.2,mlp,2,1,600,-600.0,False,40
scale_a0.2,mlp,2,2,538,-527.0,True,14
scale_a0.2,mlp,2,3,600,-600.0,False,30
scale_a0.2,mlp,2,4,600,-600.0,False,57
scale_a0.2,mlp,2,5,79,-68.0,True,19
scale_a0.2,mlp,2,6,600,-600.0,False,15
scale_a0.2,mlp,2,7,600,-600.0,False,41
scale_a0.2,mlp,2,8,140,-129.0,True,13
scale_a0.2,mlp,2,9,600,-600.0,False,35
scale_a0.2,mlp,2,10,600,-600.0,False,45
scale_a0.2,mlp,2,11,471,-460.0,True,20
scale_a0.2,mlp,2,12,600,-600.0,False,29
scale_a0.2,mlp,2,13,600,-600.0,False,52
scale_a0.2,mlp,2,14,358,-347.0,True,21
scale_a0.2,mlp,2,15,600,-600.0,False,52
scale_a0.2,mlp,2,16,291,-280.0,True,8
scale_a0.2,mlp,2,17,600,-600.0,False,25
scale_a0.2,mlp,2,18,30,-19.0,True,13
scale_a0.2,mlp,2,19,403,-392.0,True,23
scale_a0.2,mlp,2,20,600,-600.0,False,24
scale_a0.2,mlp,2,21,600,-600.0,False,58
scale_a0.2,mlp,2,22,556,-545.0,True,30
scale_a0.2,mlp,2,23,600,-600.0,False,32
scale_a0.2,mlp,2,24,5,6.0,True,4
scale_a0.2,mlp,2,25,600,-600.0,False,27
scale_a0.2,mlp,2,26,600,-600.0,False,22
scale_a0.2,mlp,2,27,44,-33.0,True,4
scale_a0.2,mlp,2,28,600,-600.0,False,24
scale_a0.2,mlp,2,29,600,-600.0,False,34
scale_a0.2,mlp,2,30,600,-600.0,False,20
scale_a0.2,mlp,2,31,600,-600.0,False,40
scale_a0.2,mlp,2,32,600,-600.0,False,34
scale_a0.2,mlp,2,33,600,-600.0,False,54
scale_a0.2,mlp,2,34,600,-600.0,False,53
scale_a0.2,mlp,2,35,584,-573.0,True,11
scale_a0.2,mlp,2,36,374,-363.0,True,17
scale_a0.2,mlp,2,37,600,-600.0,False,45
scale_a0.2,mlp,2,38,600,-600.0,False,48
scale_a0.2,mlp,2,39,600,-600.0,False,37
scale_a0.2,mlp,2,40,600,-600.0,False,29
scale_a0.2,mlp,2,41,600,-600.0,False,33
scale_a0.2,mlp,2,42,600,-600.0,False,50
scale_a0.2,mlp,2,43,387,-376.0,True,16
scale_a0.2,mlp,2,44,600,-600.0,False,31
scale_a0.2,mlp,2,45,600,-600.0,False,37
scale_a0.2,mlp,2,46,600,-600.0,False,24
scale_a0.2,mlp,2,47,600,-600.0,False,45
scale_a0.2,mlp,2,48,600,-600.0,False,30
scale_a0.2,mlp,2,49,600,-600.0,False,35
scale_a0.2,mlp,2,50,600,-600.0,False,34
scale_a0.2,mlp,2,51,600,-600.0,False,51
scale_a0.2,mlp,2,52,600,-600.0,False,39
scale_a0.2,mlp,2,53,600,-600.0,False,46
scale_a0.2,mlp,2,54,600,-600.0,False,19
scale_a0.2,mlp,2,55,600,-600.0,False,42
scale_a0.2,mlp,2,56,600,-600.0,False,55
scale_a0.2,mlp,2,57,600,-600.0,False,44
scale_a0.2,mlp,2,58,600,-600.0,False,40
scale_a0.2,mlp,2,59,600,-600.0,False,29
scale_a0.2,mlp,2,60,600,-600.0,False,46
scale_a0.2,mlp,2,61,600,-600.0,False,15
scale_a0.2,mlp,2,62,600,-600.0,False,22
scale_a0.2,mlp,2,63,600,-600.0,False,59
scale_a0.2,mlp,2,64,600,-600.0,False,28
scale_a0.2,mlp,2,65,600,-600.0,False,34
scale_a0.2,mlp,2,66,600,-600.0,False,29
scale_a0.2,mlp,2,67,600,-600.0,False,39
scale_a0.2,mlp,2,68,600,-600.0,False,44
scale_a0.2,mlp,2,69,600,-600.0,False,19
scale_a0.2,mlp,2,70,600,-600.0,False,30
scale_a0.2,mlp,2,71,600,-600.0,False,44
scale_a0.2,mlp,2,72,600,-600.0,False,20
scale_a0.2,mlp,2,73,600,-600.0,False,31
scale_a0.2,mlp,2,74,600,-600.0,False,56
scale_a0.2,mlp,2,75,600,-600.0,False,19
scale_a0.2,mlp,2,76,600,-600.0,False,28
scale_a0.2,mlp,2,77,600,-600.0,False,37
scale_a0.2,mlp,2,78,600,-600.0,False,37
scale_a0.2,mlp,2,79,600,-600.0,False,32
scale_a0.2,mlp,2,80,600,-600.0,False,39
scale_a0.2,mlp,2,81,600,-600.0,False,20
scale_a0.2,mlp,2,82,600,-600.0,False,45
scale_a0.2,mlp,2,83,600,-600.0,False,24
scale_a0.2,mlp,2,84,600,-600.0,False,45
scale_a0.2,mlp,2,85,600,-600.0,False,11
scale_a0.2,mlp,2,86,600,-600.0,False,48
scale_a0.2,mlp,2,87,600,-600.0,False,20
scale_a0.2,mlp,2,88,600,-600.0,False,20
scale_a0.2,mlp,2,89,600,-600.0,False,24
scale_a0.2,mlp,2,90,600,-600.0,False,54
scale_a0.2,mlp,2,91,600,-600.0,False,37
scale_a0.2,mlp,2,92,600,-600.0,False,34
scale_a0.2,mlp,2,93,600,-600.0,False,45
scale_a0.2,mlp,2,94,111,-100.0,True,7
scale_a0.2,mlp,2,95,600,-600.0,False,21
scale_a0.2,mlp,2,96,600,-600.0,False,37
scale_a0.2,mlp,2,97,600,-600.0,False,46
scale_a0.2,mlp,2,98,600,-600.0,False,41
scale_a0.2,mlp,2,99,600,-600.0,False,44
scale_a0.2,mlp,2,100,600,-600.0,False,35
scale_a0.2,mlp,2,101,600,-600.0,False,44
scale_a0.2,mlp,2,102,600,-600.0,False,40
scale_a0.2,mlp,2,103,600,-600.0,False,48
scale_a0.2,mlp,2,104,600,-600.0,False,17
scale_a0.2,mlp,2,105,600,-600.0,False,44
scale_a0.2,mlp,2,106,600,-600.0,False,54
scale_a0.2,mlp,2,107,600,-600.0,False,31
scale_a0.2,mlp,2,108,600,-600.0,False,58
scale_a0.2,mlp,2,109,600,-600.0,False,50
scale_a0.2,mlp,2,110,600,-600.0,False,44
scale_a0.2,mlp,2,111,600,-600.0,False,45
scale_a0.2,mlp,2,112,600,-600.0,False,30
scale_a0.2,mlp,2,113,600,-600.0,False,45
scale_a0.2,mlp,2,114,600,-600.0,False,36
scale_a0.2,mlp,2,115,600,-600.0,False,45
scale_a0.2,mlp,2,116,600,-600.0,False,25
scale_a0.2,mlp,2,117,600,-600.0,False,41
scale_a0.2,mlp,2,118,600,-600.0,False,39
scale_a0.2,mlp,2,119,600,-600.0,False,40
scale_a0.2,mlp,2,120,600,-600.0,False,18
scale_a0.2,mlp,2,121,600,-600.0,False,20
scale_a0.2,mlp,2,122,600,-600.0,False,41
scale_a0.2,mlp,2,123,600,-600.0,False,34
scale_a0.2,mlp,2,124,600,-600.0,False,50
scale_a0.2,mlp,2,125,427,-416.0,True,6
scale_a0.2,mlp,2,126,600,-600.0,False,8
scale_a0.2,mlp,2,127,600,-600.0,False,54
scale_a0.2,mlp,2,128,600,-600.0,False,38
scale_a0.2,mlp,2,129,600,-600.0,False,25
scale_a0.2,mlp,2,130,600,-600.0,False,31
scale_a0.2,mlp,2,131,600,-600.0,False,31
scale_a0.2,mlp,2,132,600,-600.0,False,7
scale_a0.2,mlp,2,133,600,-600.0,False,40
scale_a0.2,mlp,2,134,600,-600.0,False,30
scale_a0.2,mlp,2,135,151,-140.0,True,13
scale_a0.2,mlp,2,136,600,-600.0,False,43
scale_a0.2,mlp,2,137,600,-600.0,False,46
scale_a0.2,mlp,2,138,600,-600.0,False,53
scale_a0.2,mlp,2,139,600,-600.0,False,32
scale_a0.2,mlp,2,140,600,-600.0,False,19
scale_a0.2,mlp,2,141,600,-600.0,False,21
scale_a0.2,mlp,2,142,600,-600.0,False,54
scale_a0.2,mlp,2,143,600,-600.0,False,8
scale_a0.2,mlp,2,144,600,-600.0,False,48
scale_a0.2,mlp,2,145,600,-600.0,False,24
scale_a0.2,mlp,2,146,600,-600.0,False,37
scale_a0.2,mlp,2,147,600,-600.0,False,56
scale_a0.2,mlp,2,148,600,-600.0,False,12
scale_a0.2,mlp,2,149,600,-600.0,False,39
scale_a0.2,mlp,2,150,600,-600.0,False,33
scale_a0.2,mlp,2,151,600,-600.0,False,26
scale_a0.2,mlp,2,152,600,-600.0,False,54
scale_a0.2,mlp,2,153,600,-600.0,False,38
scale_a0.2,mlp,2,154,600,-600.0,False,37
scale_a0.2,mlp,2,155,600,-600.0,False,26
scale_a0.2,mlp,2,156,600,-600.0,False,14
scale_a0.2,mlp,2,157,600,-600.0,False,52
scale_a0.2,mlp,2,158,600,-600.0,False,21
scale_a0.2,mlp,2,159,600,-600.0,False,10
scale_a0.2,mlp,2,160,600,-600.0,False,35
scale_a0.2,mlp,2,161,600,-600.0,False,14
scale_a0.2,mlp,2,162,600,-600.0,False,21
scale_a0.2,mlp,2,163,600,-600.0,False,17
scale_a0.2,mlp,2,164,600,-600.0,False,13
scale_a0.2,mlp,2,165,600,-600.0,False,25
scale_a0.2,mlp,2,166,600,-600.0,False,54
scale_a0.2,mlp,2,167,600,-600.0,False,25
scale_a0.2,mlp,2,168,600,-600.0,False,53
scale_a0.2,mlp,2,169,600,-600.0,False,17
scale_a0.2,mlp,2,170,600,-600.0,False,51
scale_a0.2,mlp,2,171,600,-600.0,False,54
scale_a0.2,mlp,2,172,600,-600.0,False,28
scale_a0.2,mlp,2,173,600,-600.0,False,38
scale_a0.2,mlp,2,174,600,-600.0,False,19
scale_a0.2,mlp,2,175,600,-600.0,False,38
scale_a0.2,mlp,2,176,600,-600.0,False,17
scale_a0.2,mlp,2,177,600,-600.0,False,41
scale_a0.2,mlp,2,178,600,-600.0,False,58
scale_a0.2,mlp,2,179,600,-600.0,False,43
scale_a0.2,mlp,2,180,600,-600.0,False,47
scale_a0.2,mlp,2,181,434,-423.0,True,14
scale_a0.2,mlp,2,182,305,-294.0,True,25
scale_a0.2,mlp,2,183,600,-600.0,False,47
scale_a0.2,mlp,2,184,600,-600.0,False,29
scale_a0.2,mlp,2,185,600,-600.0,False,20
scale_a0.2,mlp,2,186,600,-600.0,False,47
scale_a0.2,mlp,2,187,600,-600.0,False,51
scale_a0.2,mlp,2,188,600,-600.0,False,43
scale_a0.2,mlp,2,189,600,-600.0,False,30
scale_a0.2,mlp,2,190,600,-600.0,False,49
scale_a0.2,mlp,2,191,600,-600.0,False,33
scale_a0.2,mlp,2,192,75,-64.0,True,19
scale_a0.2,mlp,2,193,600,-600.0,False,26
scale_a0.2,mlp,2,194,600,-600.0,False,56
scale_a0.2,mlp,2,195,600,-600.0,False,36
scale_a0.2,mlp,2,196,600,-600.0,False,31
scale_a0.2,mlp,2,197,600,-600.0,False,29
scale_a0.2,mlp,2,198,600,-600.0,False,50
scale_a0.2,mlp,2,199,600,-600.0,False,38
scale_a0.2,mlp,2,200,600,-600.0,False,55
scale_a0.2,mlp,2,201,600,-600.0,False,24
scale_a0.2,mlp,2,202,600,-600.0,False,30
scale_a0.2,mlp,2,203,600,-600.0,False,21
scale_a0.2,mlp,2,204,600,-600.0,False,30
scale_a0.2,mlp,2,205,600,-600.0,False,23
scale_a0.2,mlp,2,206,600,-600.0,False,9
scale_a0.2,mlp,2,207,600,-600.0,False,33
scale_a0.2,mlp,2,208,600,-600.0,False,11
scale_a0.2,mlp,2,209,600,-600.0,False,57
scale_a0.2,mlp,2,210,600,-600.0,False,20
scale_a0.2,mlp,2,211,600,-600.0,False,36
scale_a0.2,mlp,2,212,600,-600.0,False,9
scale_a0.2,mlp,2,213,600,-600.0,False,53
scale_a0.2,mlp,2,214,600,-600.0,False,19
scale_a0.2,mlp,2,215,600,-600.0,False,51
scale_a0.2,mlp,2,216,600,-600.0,False,17
scale_a0.2,mlp,2,217,600,-600.0,False,23
scale_a0.2,mlp,2,218,600,-600.0,False,51
scale_a0.2,mlp,2,219,600,-600.0,False,39
scale_a0.2,mlp,2,220,600,-600.0,False,5
scale_a0.2,mlp,2,221,600,-600.0,False,22
scale_a0.2,mlp,2,222,600,-600.0,False,32
scale_a0.2,mlp,2,223,600,-600.0,False,40
scale_a0.2,mlp,2,224,600,-600.0,False,28
scale_a0.2,mlp,2,225,600,-600.0,False,38
scale_a0.2,mlp,2,226,600,-600.0,False,55
scale_a0.2,mlp,2,227,600,-600.0,False,45
scale_a0.2,mlp,2,228,600,-600.0,False,37
scale_a0.2,mlp,2,229,61,-50.0,True,6
scale_a0.2,mlp,2,230,600,-600.0,False,13
scale_a0.2,mlp,2,231,600,-600.0,False,43
scale_a0.2,mlp,2,232,600,-600.0,False,41
scale_a0.2,mlp,2,233,29,-18.0,True,3
scale_a0.2,mlp,2,234,600,-600.0,False,20
scale_a0.2,mlp,2,235,600,-600.0,False,41
scale_a0.2,mlp,2,236,600,-600.0,False,55
scale_a0.2,mlp,2,237,600,-600.0,False,30
scale_a0.2,mlp,2,238,600,-600.0,False,23
scale_a0.2,mlp,2,239,600,-600.0,False,32
scale_a0.2,mlp,2,240,600,-600.0,False,17
scale_a0.2,mlp,2,241,600,-600.0,False,23
scale_a0.2,mlp,2,242,600,-600.0,False,45
scale_a0.2,mlp,2,243,600,-600.0,False,24
scale_a0.2,mlp,2,244,600,-600.0,False,53
scale_a0.2,mlp,2,245,600,-600.0,False,35
scale_a0.2,mlp,2,246,233,-222.0,True,5
scale_a0.2,mlp,2,247,600,-600.0,False,45
scale_a0.2,mlp,2,248,600,-600.0,False,49
scale_a0.2,mlp,2,249,600,-600.0,False,39
scale_a0.2,mlp,2,250,600,-600.0,False,30
scale_a0.2,mlp,2,251,600,-600.0,False,24
scale_a0.2,mlp,2,252,600,-600.0,False,48
scale_a0.2,mlp,2,253,600,-600.0,False,35
scale_a0.2,mlp,2,254,600,-600.0,False,46
scale_a0.2,mlp,2,255,600,-600.0,False,20
scale_a0.2,mlp,2,256,600,-600.0,False,54
scale_a0.2,mlp,2,257,600,-600.0,False,48
scale_a0.2,mlp,2,258,600,-600.0,False,53
scale_a0.2,mlp,2,259,600,-600.0,False,37
scale_a0.2,mlp,2,260,600,-600.0,False,49
scale_a0.2,mlp,2,261,600,-600.0,False,52
scale_a0.2,mlp,2,262,600,-600.0,False,16
scale_a0.2,mlp,2,263,600,-600.0,False,19
scale_a0.2,mlp,2,264,600,-600.0,False,8
scale_a0.2,mlp,2,265,600,-600.0,False,46
scale_a0.2,mlp,2,266,600,-600.0,False,32
scale_a0.2,mlp,2,267,600,-600.0,False,18
scale_a0.2,mlp,2,268,600,-600.0,False,34
scale_a0.2,mlp,2,269,600,-600.0,False,15
scale_a0.2,mlp,2,270,600,-600.0,False,28
scale_a0.2,mlp,2,271,600,-600.0,False,16
scale_a0.2,mlp,2,272,600,-600.0,False,34
scale_a0.2,mlp,2,273,600,-600.0,False,41
scale_a0.2,mlp,2,274,600,-600.0,False,53
scale_a0.2,mlp,2,275,600,-600.0,False,39
scale_a0.2,mlp,2,276,600,-600.0,False,25
scale_a0.2,mlp,2,277,600,-600.0,False,42
scale_a0.2,mlp,2,278,600,-600.0,False,38
scale_a0.2,mlp,2,279,600,-600.0,False,24
scale_a0.2,mlp,2,280,600,-600.0,False,59
scale_a0.2,mlp,2,281,600,-600.0,False,33
scale_a0.2,mlp,2,282,600,-600.0,False,22
scale_a0.2,mlp,2,283,600,-600.0,False,30
scale_a0.2,mlp,2,284,600,-600.0,False,57
scale_a0.2,mlp,2,285,600,-600.0,False,6
scale_a0.2,mlp,2,286,600,-600.0,False,36
scale_a0.2,mlp,2,287,600,-600.0,False,9
scale_a0.2,mlp,2,288,600,-600.0,False,19
scale_a0.2,mlp,2,289,600,-600.0,False,47
scale_a0.2,mlp,2,290,600,-600.0,False,26
scale_a0.2,mlp,2,291,600,-600.0,False,13
scale_a0.2,mlp,2,292,600,-600.0,False,55
scale_a0.2,mlp,2,293,600,-600.0,False,43
scale_a0.2,mlp,2,294,600,-600.0,False,54
scale_a0.2,mlp,2,295,600,-600.0,False,21
scale_a0.2,mlp,2,296,600,-600.0,False,53
scale_a0.2,mlp,2,297,600,-600.0,False,15
scale_a0.2,mlp,2,298,21,-10.0,True,2
scale_a0.2,mlp,2,299,600,-600.0,False,43
scale_a0.2,mlp,2,300,600,-600.0,False,43
scale_a0.2,mlp,2,301,600,-600.0,False,53
scale_a0.2,mlp,2,302,600,-600.0,False,55
scale_a0.2,mlp,2,303,600,-600.0,False,39
scale_a0.2,mlp,2,304,600,-600.0,False,30
scale_a0.2,mlp,2,305,600,-600.0,False,49
scale_a0.2,mlp,2,306,600,-600.0,False,24
scale_a0.2,mlp,2,307,600,-600.0,False,17
scale_a0.2,mlp,2,308,600,-600.0,False,37
scale_a0.2,mlp,2,309,600,-600.0,False,38
scale_a0.2,mlp,2,310,600,-600.0,False,56
scale_a0.2,mlp,2,311,600,-600.0,False,47
scale_a0.2,mlp,2,312,600,-600.0,False,51
scale_a0.2,mlp,2,313,600,-600.0,False,36
scale_a0.2,mlp,2,314,600,-600.0,False,54
scale_a0.2,mlp,2,315,600,-600.0,False,11
scale_a0.2,mlp,2,316,600,-600.0,False,8
scale_a0.2,mlp,2,317,600,-600.0,False,14
scale_a0.2,mlp,2,318,600,-600.0,False,47
scale_a0.2,mlp,2,319,600,-600.0,False,37
scale_a0.2,mlp,2,320,600,-600.0,False,19
scale_a0.2,mlp,2,321,600,-600.0,False,45
scale_a0.2,mlp,2,322,600,-600.0,False,12
scale_a0.2,mlp,2,323,600,-600.0,False,33
scale_a0.2,mlp,2,324,600,-600.0,False,39
scale_a0.2,mlp,2,325,600,-600.0,False,43
scale_a0.2,mlp,2,326,600,-600.0,False,29
scale_a0.2,mlp,2,327,600,-600.0,False,50
scale_a0.2,mlp,2,328,600,-600.0,False,39
scale_a0.2,mlp,2,329,600,-600.0,False,40
scale_a0.2,mlp,2,330,600,-600.0,False,33
scale_a0.2,mlp,2,331,600,-600.0,False,44
scale_a0.2,mlp,2,332,600,-600.0,False,41
scale_a0.2,mlp,2,333,600,-600.0,False,7
scale_a0.2,mlp,2,334,600,-600.0,False,52
scale_a0.2,mlp,2,335,600,-600.0,False,54
scale_a0.2,mlp,2,336,600,-600.0,False,28
scale_a0.2,mlp,2,337,600,-600.0,False,15
scale_a0.2,mlp,2,338,600,-600.0,False,17
scale_a0.2,mlp,2,339,600,-600.0,False,17
scale_a0.2,mlp,2,340,600,-600.0,False,52
scale_a0.2,mlp,2,341,600,-600.0,False,10
scale_a0.2,mlp,2,342,600,-600.0,False,22
scale_a0.2,mlp,2,343,600,-600.0,False,19
scale_a0.2,mlp,2,344,269,-258.0,True,6
scale_a0.2,mlp,2,345,600,-600.0,False,29
scale_a0.2,mlp,2,346,600,-600.0,False,31
scale_a0.2,mlp,2,347,600,-600.0,False,33
scale_a0.2,mlp,2,348,600,-600.0,False,53
scale_a0.2,mlp,2,349,600,-600.0,False,59
scale_a0.2,mlp,2,350,600,-600.0,False,14
scale_a0.2,mlp,2,351,600,-600.0,False,35
scale_a0.2,mlp,2,352,600,-600.0,False,52
scale_a0.2,mlp,2,353,600,-600.0,False,46
scale_a0.2,mlp,2,354,600,-600.0,False,40
scale_a0.2,mlp,2,355,600,-600.0,False,9
scale_a0.2,mlp,2,356,600,-600.0,False,9
scale_a0.2,mlp,2,357,600,-600.0,False,40
scale_a0.2,mlp,2,358,145,-134.0,True,7
scale_a0.2,mlp,2,359,600,-600.0,False,16
scale_a0.2,mlp,2,360,600,-600.0,False,12
scale_a0.2,mlp,2,361,600,-600.0,False,54
scale_a0.2,mlp,2,362,600,-600.0,False,51
scale_a0.2,mlp,2,363,600,-600.0,False,13
scale_a0.2,mlp,2,364,600,-600.0,False,53
scale_a0.2,mlp,2,365,600,-600.0,False,25
scale_a0.2,mlp,2,366,600,-600.0,False,46
scale_a0.2,mlp,2,367,600,-600.0,False,38
scale_a0.2,mlp,2,368,600,-600.0,False,34
scale_a0.2,mlp,2,369,600,-600.0,False,47
scale_a0.2,mlp,2,370,600,-600.0,False,11
scale_a0.2,mlp,2,371,600,-600.0,False,20
scale_a0.2,mlp,2,372,600,-600.0,False,45
scale_a0.2,mlp,2,373,600,-600.0,False,44
scale_a0.2,mlp,2,374,600,-600.0,False,40
scale_a0.2,mlp,2,375,600,-600.0,False,13
scale_a0.2,mlp,2,376,23,-12.0,True,3
scale_a0.2,mlp,2,377,600,-600.0,False,53
scale_a0.2,mlp,2,378,600,-600.0,False,13
scale_a0.2,mlp,2,379,600,-600.0,False,45
scale_a0.2,mlp,2,380,600,-600.0,False,44
scale_a0.2,mlp,2,381,600,-600.0,False,39
scale_a0.2,mlp,2,382,316,-305.0,True,7
scale_a0.2,mlp,2,383,6,5.0,True,6
scale_a0.2,mlp,2,384,600,-600.0,False,25
scale_a0.2,mlp,2,385,600,-600.0,False,32
scale_a0.2,mlp,2,386,600,-600.0,False,44
scale_a0.2,mlp,2,387,600,-600.0,False,19
scale_a0.2,mlp,2,388,600,-600.0,False,43
scale_a0.2,mlp,2,389,600,-600.0,False,22
scale_a0.2,mlp,2,390,600,-600.0,False,32
scale_a0.2,mlp,2,391,600,-600.0,False,15
scale_a0.2,mlp,2,392,600,-600.0,False,15
scale_a0.2,mlp,2,393,600,-600.0,False,41
scale_a0.2,mlp,2,394,600,-600.0,False,46
scale_a0.2,mlp,2,395,600,-600.0,False,32
scale_a0.2,mlp,2,396,600,-600.0,False,24
scale_a0.2,mlp,2,397,600,-600.0,False,47
scale_a0.2,mlp,2,398,600,-600.0,False,17
scale_a0.2,mlp,2,399,600,-600.0,False,51
scale_a0.2,mlp,2,400,600,-600.0,False,47
scale_a0.2,mlp,2,401,600,-600.0,False,41
scale_a0.2,mlp,2,402,600,-600.0,False,56
scale_a0.2,mlp,2,403,600,-600.0,False,19
scale_a0.2,mlp,2,404,600,-600.0,False,25
scale_a0.2,mlp,2,405,600,-600.0,False,29
scale_a0.2,mlp,2,406,600,-600.0,False,25
scale_a0.2,mlp,2,407,2,9.0,True,2
scale_a0.2,mlp,2,408,600,-600.0,False,8
scale_a0.2,mlp,2,409,600,-600.0,False,55
scale_a0.2,mlp,2,410,600,-600.0,False,42
scale_a0.2,mlp,2,411,600,-600.0,False,21
scale_a0.2,mlp,2,412,291,-280.0,True,8
scale_a0.2,mlp,2,413,600,-600.0,False,44
scale_a0.2,mlp,2,414,600,-600.0,False,37
scale_a0.2,mlp,2,415,600,-600.0,False,21
scale_a0.2,mlp,2,416,600,-600.0,False,23
scale_a0.2,mlp,2,417,600,-600.0,False,15
scale_a0.2,mlp,2,418,600,-600.0,False,51
scale_a0.2,mlp,2,419,600,-600.0,False,43
scale_a0.2,mlp,2,420,600,-600.0,False,39
scale_a0.2,mlp,2,421,600,-600.0,False,24
scale_a0.2,mlp,2,422,600,-600.0,False,23
scale_a0.2,mlp,2,423,600,-600.0,False,10
scale_a0.2,mlp,2,424,600,-600.0,False,21
scale_a0.2,mlp,2,425,275,-264.0,True,2
scale_a0.2,mlp,2,426,600,-600.0,False,43
scale_a0.2,mlp,2,427,600,-600.0,False,49
scale_a0.2,mlp,2,428,600,-600.0,False,51
scale_a0.2,mlp,2,429,600,-600.0,False,10
scale_a0.2,mlp,2,430,228,-217.0,True,12
scale_a0.2,mlp,2,431,600,-600.0,False,21
scale_a0.2,mlp,2,432,600,-600.0,False,42
scale_a0.2,mlp,2,433,600,-600.0,False,54
scale_a0.2,mlp,2,434,600,-600.0,False,43
scale_a0.2,mlp,2,435,600,-600.0,False,53
scale_a0.2,mlp,2,436,600,-600.0,False,17
scale_a0.2,mlp,2,437,2,9.0,True,2
scale_a0.2,mlp,2,438,600,-600.0,False,55
scale_a0.2,mlp,2,439,600,-600.0,False,25
scale_a0.2,mlp,2,440,600,-600.0,False,18
scale_a0.2,mlp,2,441,600,-600.0,False,16
scale_a0.2,mlp,2,442,600,-600.0,False,27
scale_a0.2,mlp,2,443,600,-600.0,False,20
scale_a0.2,mlp,2,444,600,-600.0,False,46
scale_a0.2,mlp,2,445,600,-600.0,False,44
scale_a0.2,mlp,2,446,600,-600.0,False,15
scale_a0.2,mlp,2,447,600,-600.0,False,47
scale_a0.2,mlp,2,448,600,-600.0,False,34
scale_a0.2,mlp,2,449,600,-600.0,False,56
scale_a0.2,mlp,2,450,600,-600.0,False,35
scale_a0.2,mlp,2,451,600,-600.0,False,54
scale_a0.2,mlp,2,452,600,-600.0,False,41
scale_a0.2,mlp,2,453,600,-600.0,False,57
scale_a0.2,mlp,2,454,600,-600.0,False,46
scale_a0.2,mlp,2,455,600,-600.0,False,20
scale_a0.2,mlp,2,456,600,-600.0,False,16
scale_a0.2,mlp,2,457,600,-600.0,False,59
scale_a0.2,mlp,2,458,600,-600.0,False,51
scale_a0.2,mlp,2,459,600,-600.0,False,49
scale_a0.2,mlp,2,460,600,-600.0,False,36
scale_a0.2,mlp,2,461,600,-600.0,False,7
scale_a0.2,mlp,2,462,600,-600.0,False,28
scale_a0.2,mlp,2,463,600,-600.0,False,54
scale_a0.2,mlp,2,464,600,-600.0,False,54
scale_a0.2,mlp,2,465,600,-600.0,False,18
scale_a0.2,mlp,2,466,600,-600.0,False,27
scale_a0.2,mlp,2,467,600,-600.0,False,28
scale_a0.2,mlp,2,468,600,-600.0,False,45
scale_a0.2,mlp,2,469,600,-600.0,False,49
scale_a0.2,mlp,2,470,600,-600.0,False,19
scale_a0.2,mlp,2,471,600,-600.0,False,57
scale_a0.2,mlp,2,472,600,-600.0,False,12
scale_a0.2,mlp,2,473,600,-600.0,False,26
scale_a0.2,mlp,2,474,600,-600.0,False,17
scale_a0.2,mlp,2,475,600,-600.0,False,31
scale_a0.2,mlp,2,476,600,-600.0,False,53
scale_a0.2,mlp,2,477,600,-600.0,False,26
scale_a0.2,mlp,2,478,600,-600.0,False,45
scale_a0.2,mlp,2,479,600,-600.0,False,34
scale_a0.2,mlp,2,480,600,-600.0,False,29
scale_a0.2,mlp,2,481,211,-200.0,True,10
scale_a0.2,mlp,2,482,600,-600.0,False,32
scale_a0.2,mlp,2,483,600,-600.0,False,27
scale_a0.2,mlp,2,484,600,-600.0,False,55
scale_a0.2,mlp,2,485,600,-600.0,False,8
scale_a0.2,mlp,2,486,600,-600.0,False,21
scale_a0.2,mlp,2,487,600,-600.0,False,47
scale_a0.2,mlp,2,488,600,-600.0,False,51
scale_a0.2,mlp,2,489,600,-600.0,False,10
scale_a0.2,mlp,2,490,600,-600.0,False,22
scale_a0.2,mlp,2,491,351,-340.0,True,6
scale_a0.2,mlp,2,492,600,-600.0,False,34
scale_a0.2,mlp,2,493,600,-600.0,False,28
scale_a0.2,mlp,2,494,600,-600.0,False,42
scale_a0.2,mlp,2,495,600,-600.0,False,50
scale_a0.2,mlp,2,496,600,-600.0,False,9
scale_a0.2,mlp,2,497,600,-600.0,False,15
scale_a0.2,mlp,2,498,600,-600.0,False,48
scale_a0.2,mlp,2,499,600,-600.0,False,33
scale_a0.2,mlp,2,500,600,-600.0,False,54
scale_a0.2,mlp,2,501,600,-600.0,False,21
scale_a0.2,mlp,2,502,600,-600.0,False,25
scale_a0.2,mlp,2,503,600,-600.0,False,35
scale_a0.2,mlp,2,504,600,-600.0,False,21
scale_a0.2,mlp,2,505,600,-600.0,False,56
scale_a0.2,mlp,2,506,600,-600.0,False,30
scale_a0.2,mlp,2,507,600,-600.0,False,47
scale_a0.2,mlp,2,508,600,-600.0,False,32
scale_a0.2,mlp,2,509,600,-600.0,False,28
scale_a0.2,mlp,2,510,600,-600.0,False,19
scale_a0.2,mlp,2,511,600,-600.0,False,42
scale_a0.2,mlp,2,512,600,-600.0,False,56
scale_a0.2,mlp,2,513,600,-600.0,False,53
scale_a0.2,mlp,2,514,600,-600.0,False,40
scale_a0.2,mlp,2,515,600,-600.0,False,48
scale_a0.2,mlp,2,516,600,-600.0,False,26
scale_a0.2,mlp,2,517,600,-600.0,False,52
scale_a0.2,mlp,2,518,600,-600.0,False,26
scale_a0.2,mlp,2,519,600,-600.0,False,17
scale_a0.2,mlp,2,520,600,-600.0,False,33
scale_a0.2,mlp,2,521,600,-600.0,False,55
scale_a0.2,mlp,2,522,600,-600.0,False,47
scale_a0.2,mlp,2,523,600,-600.0,False,23
scale_a0.2,mlp,2,524,600,-600.0,False,19
scale_a0.2,mlp,2,525,600,-600.0,False,34
scale_a0.2,mlp,2,526,251,-240.0,True,7
scale_a0.2,mlp,2,527,600,-600.0,False,55
scale_a0.2,mlp,2,528,600,-600.0,False,21
scale_a0.2,mlp,2,529,600,-600.0,False,57
scale_a0.2,mlp,2,530,600,-600.0,False,53
scale_a0.2,mlp,2,531,600,-600.0,False,52
scale_a0.2,mlp,2,532,600,-600.0,False,34
scale_a0.2,mlp,2,533,600,-600.0,False,25
scale_a0.2,mlp,2,534,320,-309.0,True,7
scale_a0.2,mlp,2,535,600,-600.0,False,24
scale_a0.2,mlp,2,536,600,-600.0,False,34
scale_a0.2,mlp,2,537,600,-600.0,False,56
scale_a0.2,mlp,2,538,600,-600.0,False,20
scale_a0.2,mlp,2,539,600,-600.0,False,33
scale_a0.2,mlp,2,540,600,-600.0,False,46
scale_a0.2,mlp,2,541,600,-600.0,False,5
scale_a0.2,mlp,2,542,600,-600.0,False,21
scale_a0.2,mlp,2,543,600,-600.0,False,23
scale_a0.2,mlp,2,544,600,-600.0,False,32
scale_a0.2,mlp,2,545,600,-600.0,False,19
scale_a0.2,mlp,2,546,600,-600.0,False,32
scale_a0.2,mlp,2,547,600,-600.0,False,50
scale_a0.2,mlp,2,548,600,-600.0,False,52
scale_a0.2,mlp,2,549,600,-600.0,False,33
scale_a0.2,mlp,2,550,600,-600.0,False,52
scale_a0.2,mlp,2,551,600,-600.0,False,15
scale_a0.2,mlp,2,552,600,-600.0,False,34
scale_a0.2,mlp,2,553,600,-600.0,False,38
scale_a0.2,mlp,2,554,600,-600.0,False,39
scale_a0.2,mlp,2,555,600,-600.0,False,49
scale_a0.2,mlp,2,556,600,-600.0,False,27
scale_a0.2,mlp,2,557,600,-600.0,False,10
scale_a0.2,mlp,2,558,600,-600.0,False,51
scale_a0.2,mlp,2,559,600,-600.0,False,54
scale_a0.2,mlp,2,560,600,-600.0,False,35
scale_a0.2,mlp,2,561,600,-600.0,False,44
scale_a0.2,mlp,2,562,600,-600.0,False,52
scale_a0.2,mlp,2,563,600,-600.0,False,35
scale_a0.2,mlp,2,564,600,-600.0,False,13
scale_a0.2,mlp,2,565,600,-600.0,False,34
scale_a0.2,mlp,2,566,600,-600.0,False,31
scale_a0.2,mlp,2,567,600,-600.0,False,40
scale_a0.2,mlp,2,568,600,-600.0,False,30
scale_a0.2,mlp,2,569,600,-600.0,False,52
scale_a0.2,mlp,2,570,600,-600.0,False,56
scale_a0.2,mlp,2,571,600,-600.0,False,54
scale_a0.2,mlp,2,572,600,-600.0,False,48
scale_a0.2,mlp,2,573,600,-600.0,False,52
scale_a0.2,mlp,2,574,600,-600.0,False,26
scale_a0.2,mlp,2,575,600,-600.0,False,45
scale_a0.2,mlp,2,576,600,-600.0,False,54
scale_a0.2,mlp,2,577,600,-600.0,False,20
scale_a0.2,mlp,2,578,600,-600.0,False,44
scale_a0.2,mlp,2,579,600,-600.0,False,44
scale_a0.2,mlp,2,580,600,-600.0,False,58
scale_a0.2,mlp,2,581,13,-2.0,True,1
scale_a0.2,mlp,2,582,600,-600.0,False,20
scale_a0.2,mlp,2,583,600,-600.0,False,55
scale_a0.2,mlp,2,584,600,-600.0,False,25
scale_a0.2,mlp,2,585,600,-600.0,False,17
scale_a0.2,mlp,2,586,600,-600.0,False,54
scale_a0.2,mlp,2,587,600,-600.0,False,31
scale_a0.2,mlp,2,588,600,-600.0,False,40
scale_a0.2,mlp,2,589,600,-600.0,False,42
scale_a0.2,mlp,2,590,600,-600.0,False,44
scale_a0.2,mlp,2,591,600,-600.0,False,41
scale_a0.2,mlp,2,592,600,-600.0,False,50
scale_a0.2,mlp,2,593,600,-600.0,False,55
scale_a0.2,mlp,2,594,600,-600.0,False,21
scale_a0.2,mlp,2,595,600,-600.0,False,46
scale_a0.2,mlp,2,596,600,-600.0,False,41
scale_a0.2,mlp,2,597,600,-600.0,False,30
scale_a0.2,mlp,2,598,600,-600.0,False,26
scale_a0.2,mlp,2,599,600,-600.0,False,55
scale_a0.2,kc_delta,2,0,600,-600.0,False,19
scale_a0.2,kc_delta,2,1,600,-600.0,False,40
scale_a0.2,kc_delta,2,2,373,-362.0,True,14
scale_a0.2,kc_delta,2,3,527,-516.0,True,30
scale_a0.2,kc_delta,2,4,600,-600.0,False,57
scale_a0.2,kc_delta,2,5,254,-243.0,True,19
scale_a0.2,kc_delta,2,6,349,-338.0,True,15
scale_a0.2,kc_delta,2,7,600,-600.0,False,41
scale_a0.2,kc_delta,2,8,54,-43.0,True,13
scale_a0.2,kc_delta,2,9,427,-416.0,True,35
scale_a0.2,kc_delta,2,10,600,-600.0,False,45
scale_a0.2,kc_delta,2,11,119,-108.0,True,20
scale_a0.2,kc_delta,2,12,477,-466.0,True,29
scale_a0.2,kc_delta,2,13,600,-600.0,False,52
scale_a0.2,kc_delta,2,14,600,-600.0,False,21
scale_a0.2,kc_delta,2,15,600,-600.0,False,52
scale_a0.2,kc_delta,2,16,24,-13.0,True,8
scale_a0.2,kc_delta,2,17,164,-153.0,True,25
scale_a0.2,kc_delta,2,18,14,-3.0,True,13
scale_a0.2,kc_delta,2,19,355,-344.0,True,23
scale_a0.2,kc_delta,2,20,92,-81.0,True,24
scale_a0.2,kc_delta,2,21,600,-600.0,False,58
scale_a0.2,kc_delta,2,22,577,-566.0,True,30
scale_a0.2,kc_delta,2,23,600,-600.0,False,32
scale_a0.2,kc_delta,2,24,11,0.0,True,4
scale_a0.2,kc_delta,2,25,328,-317.0,True,27
scale_a0.2,kc_delta,2,26,139,-128.0,True,22
scale_a0.2,kc_delta,2,27,8,3.0,True,4
scale_a0.2,kc_delta,2,28,109,-98.0,True,24
scale_a0.2,kc_delta,2,29,157,-146.0,True,34
scale_a0.2,kc_delta,2,30,131,-120.0,True,20
scale_a0.2,kc_delta,2,31,600,-600.0,False,40
scale_a0.2,kc_delta,2,32,600,-600.0,False,34
scale_a0.2,kc_delta,2,33,600,-600.0,False,54
scale_a0.2,kc_delta,2,34,600,-600.0,False,53
scale_a0.2,kc_delta,2,35,118,-107.0,True,11
scale_a0.2,kc_delta,2,36,93,-82.0,True,17
scale_a0.2,kc_delta,2,37,600,-600.0,False,45
scale_a0.2,kc_delta,2,38,600,-600.0,False,48
scale_a0.2,kc_delta,2,39,263,-252.0,True,37
scale_a0.2,kc_delta,2,40,70,-59.0,True,29
scale_a0.2,kc_delta,2,41,139,-128.0,True,33
scale_a0.2,kc_delta,2,42,600,-600.0,False,50
scale_a0.2,kc_delta,2,43,600,-600.0,False,16
scale_a0.2,kc_delta,2,44,185,-174.0,True,31
scale_a0.2,kc_delta,2,45,294,-283.0,True,37
scale_a0.2,kc_delta,2,46,600,-600.0,False,24
scale_a0.2,kc_delta,2,47,600,-600.0,False,45
scale_a0.2,kc_delta,2,48,107,-96.0,True,30
scale_a0.2,kc_delta,2,49,341,-330.0,True,35
scale_a0.2,kc_delta,2,50,301,-290.0,True,34
scale_a0.2,kc_delta,2,51,600,-600.0,False,51
scale_a0.2,kc_delta,2,52,600,-600.0,False,39
scale_a0.2,kc_delta,2,53,600,-600.0,False,46
scale_a0.2,kc_delta,2,54,67,-56.0,True,19
scale_a0.2,kc_delta,2,55,600,-600.0,False,42
scale_a0.2,kc_delta,2,56,600,-600.0,False,55
scale_a0.2,kc_delta,2,57,600,-600.0,False,44
scale_a0.2,kc_delta,2,58,600,-600.0,False,40
scale_a0.2,kc_delta,2,59,117,-106.0,True,29
scale_a0.2,kc_delta,2,60,600,-600.0,False,46
scale_a0.2,kc_delta,2,61,55,-44.0,True,15
scale_a0.2,kc_delta,2,62,215,-204.0,True,22
scale_a0.2,kc_delta,2,63,600,-600.0,False,59
scale_a0.2,kc_delta,2,64,244,-233.0,True,28
scale_a0.2,kc_delta,2,65,146,-135.0,True,34
scale_a0.2,kc_delta,2,66,135,-124.0,True,29
scale_a0.2,kc_delta,2,67,600,-600.0,False,39
scale_a0.2,kc_delta,2,68,600,-600.0,False,44
scale_a0.2,kc_delta,2,69,111,-100.0,True,19
scale_a0.2,kc_delta,2,70,155,-144.0,True,30
scale_a0.2,kc_delta,2,71,600,-600.0,False,44
scale_a0.2,kc_delta,2,72,49,-38.0,True,20
scale_a0.2,kc_delta,2,73,600,-600.0,False,31
scale_a0.2,kc_delta,2,74,600,-600.0,False,56
scale_a0.2,kc_delta,2,75,148,-137.0,True,19
scale_a0.2,kc_delta,2,76,177,-166.0,True,28
scale_a0.2,kc_delta,2,77,600,-600.0,False,37
scale_a0.2,kc_delta,2,78,600,-600.0,False,37
scale_a0.2,kc_delta,2,79,116,-105.0,True,32
scale_a0.2,kc_delta,2,80,600,-600.0,False,39
scale_a0.2,kc_delta,2,81,46,-35.0,True,20
scale_a0.2,kc_delta,2,82,600,-600.0,False,45
scale_a0.2,kc_delta,2,83,78,-67.0,True,24
scale_a0.2,kc_delta,2,84,600,-600.0,False,45
scale_a0.2,kc_delta,2,85,26,-15.0,True,11
scale_a0.2,kc_delta,2,86,600,-600.0,False,48
scale_a0.2,kc_delta,2,87,53,-42.0,True,20
scale_a0.2,kc_delta,2,88,35,-24.0,True,20
scale_a0.2,kc_delta,2,89,397,-386.0,True,24
scale_a0.2,kc_delta,2,90,600,-600.0,False,54
scale_a0.2,kc_delta,2,91,600,-600.0,False,37
scale_a0.2,kc_delta,2,92,600,-600.0,False,34
scale_a0.2,kc_delta,2,93,600,-600.0,False,45
scale_a0.2,kc_delta,2,94,28,-17.0,True,7
scale_a0.2,kc_delta,2,95,86,-75.0,True,21
scale_a0.2,kc_delta,2,96,600,-600.0,False,37
scale_a0.2,kc_delta,2,97,600,-600.0,False,46
scale_a0.2,kc_delta,2,98,600,-600.0,False,41
scale_a0.2,kc_delta,2,99,600,-600.0,False,44
scale_a0.2,kc_delta,2,100,600,-600.0,False,35
scale_a0.2,kc_delta,2,101,600,-600.0,False,44
scale_a0.2,kc_delta,2,102,600,-600.0,False,40
scale_a0.2,kc_delta,2,103,600,-600.0,False,48
scale_a0.2,kc_delta,2,104,34,-23.0,True,17
scale_a0.2,kc_delta,2,105,600,-600.0,False,44
scale_a0.2,kc_delta,2,106,600,-600.0,False,54
scale_a0.2,kc_delta,2,107,104,-93.0,True,31
scale_a0.2,kc_delta,2,108,600,-600.0,False,58
scale_a0.2,kc_delta,2,109,600,-600.0,False,50
scale_a0.2,kc_delta,2,110,600,-600.0,False,44
scale_a0.2,kc_delta,2,111,600,-600.0,False,45
scale_a0.2,kc_delta,2,112,600,-600.0,False,30
scale_a0.2,kc_delta,2,113,600,-600.0,False,45
scale_a0.2,kc_delta,2,114,124,-113.0,True,36
scale_a0.2,kc_delta,2,115,600,-600.0,False,45
scale_a0.2,kc_delta,2,116,79,-68.0,True,25
scale_a0.2,kc_delta,2,117,600,-600.0,False,41
scale_a0.2,kc_delta,2,118,205,-194.0,True,39
scale_a0.2,kc_delta,2,119,600,-600.0,False,40
scale_a0.2,kc_delta,2,120,95,-84.0,True,18
scale_a0.2,kc_delta,2,121,28,-17.0,True,20
scale_a0.2,kc_delta,2,122,600,-600.0,False,41
scale_a0.2,kc_delta,2,123,600,-600.0,False,34
scale_a0.2,kc_delta,2,124,600,-600.0,False,50
scale_a0.2,kc_delta,2,125,308,-297.0,True,6
scale_a0.2,kc_delta,2,126,26,-15.0,True,8
scale_a0.2,kc_delta,2,127,600,-600.0,False,54
scale_a0.2,kc_delta,2,128,600,-600.0,False,38
scale_a0.2,kc_delta,2,129,273,-262.0,True,25
scale_a0.2,kc_delta,2,130,236,-225.0,True,31
scale_a0.2,kc_delta,2,131,474,-463.0,True,31
scale_a0.2,kc_delta,2,132,12,-1.0,True,7
scale_a0.2,kc_delta,2,133,600,-600.0,False,40
scale_a0.2,kc_delta,2,134,47,-36.0,True,30
scale_a0.2,kc_delta,2,135,55,-44.0,True,13
scale_a0.2,kc_delta,2,136,600,-600.0,False,43
scale_a0.2,kc_delta,2,137,600,-600.0,False,46
scale_a0.2,kc_delta,2,138,600,-600.0,False,53
scale_a0.2,kc_delta,2,139,98,-87.0,True,32
scale_a0.2,kc_delta,2,140,23,-12.0,True,19
scale_a0.2,kc_delta,2,141,90,-79.0,True,21
scale_a0.2,kc_delta,2,142,600,-600.0,False,54
scale_a0.2,kc_delta,2,143,26,-15.0,True,8
scale_a0.2,kc_delta,2,144,600,-600.0,False,48
scale_a0.2,kc_delta,2,145,165,-154.0,True,24
scale_a0.2,kc_delta,2,146,600,-600.0,False,37
scale_a0.2,kc_delta,2,147,600,-600.0,False,56
scale_a0.2,kc_delta,2,148,22,-11.0,True,12
scale_a0.2,kc_delta,2,149,600,-600.0,False,39
scale_a0.2,kc_delta,2,150,91,-80.0,True,33
scale_a0.2,kc_delta,2,151,122,-111.0,True,26
scale_a0.2,kc_delta,2,152,600,-600.0,False,54
scale_a0.2,kc_delta,2,153,600,-600.0,False,38
scale_a0.2,kc_delta,2,154,600,-600.0,False,37
scale_a0.2,kc_delta,2,155,193,-182.0,True,26
scale_a0.2,kc_delta,2,156,59,-48.0,True,14
scale_a0.2,kc_delta,2,157,600,-600.0,False,52
scale_a0.2,kc_delta,2,158,39,-28.0,True,21
scale_a0.2,kc_delta,2,159,38,-27.0,True,10
scale_a0.2,kc_delta,2,160,600,-600.0,False,35
scale_a0.2,kc_delta,2,161,17,-6.0,True,14
scale_a0.2,kc_delta,2,162,28,-17.0,True,21
scale_a0.2,kc_delta,2,163,26,-15.0,True,17
scale_a0.2,kc_delta,2,164,13,-2.0,True,13
scale_a0.2,kc_delta,2,165,158,-147.0,True,25
scale_a0.2,kc_delta,2,166,600,-600.0,False,54
scale_a0.2,kc_delta,2,167,50,-39.0,True,25
scale_a0.2,kc_delta,2,168,600,-600.0,False,53
scale_a0.2,kc_delta,2,169,119,-108.0,True,17
scale_a0.2,kc_delta,2,170,600,-600.0,False,51
scale_a0.2,kc_delta,2,171,600,-600.0,False,54
scale_a0.2,kc_delta,2,172,305,-294.0,True,28
scale_a0.2,kc_delta,2,173,600,-600.0,False,38
scale_a0.2,kc_delta,2,174,44,-33.0,True,19
scale_a0.2,kc_delta,2,175,600,-600.0,False,38
scale_a0.2,kc_delta,2,176,170,-159.0,True,17
scale_a0.2,kc_delta,2,177,600,-600.0,False,41
scale_a0.2,kc_delta,2,178,600,-600.0,False,58
scale_a0.2,kc_delta,2,179,600,-600.0,False,43
scale_a0.2,kc_delta,2,180,600,-600.0,False,47
scale_a0.2,kc_delta,2,181,143,-132.0,True,14
scale_a0.2,kc_delta,2,182,94,-83.0,True,25
scale_a0.2,kc_delta,2,183,600,-600.0,False,47
scale_a0.2,kc_delta,2,184,475,-464.0,True,29
scale_a0.2,kc_delta,2,185,59,-48.0,True,20
scale_a0.2,kc_delta,2,186,600,-600.0,False,47
scale_a0.2,kc_delta,2,187,600,-600.0,False,51
scale_a0.2,kc_delta,2,188,600,-600.0,False,43
scale_a0.2,kc_delta,2,189,173,-162.0,True,30
scale_a0.2,kc_delta,2,190,600,-600.0,False,49
scale_a0.2,kc_delta,2,191,600,-600.0,False,33
scale_a0.2,kc_delta,2,192,21,-10.0,True,19
scale_a0.2,kc_delta,2,193,54,-43.0,True,26
scale_a0.2,kc_delta,2,194,600,-600.0,False,56
scale_a0.2,kc_delta,2,195,600,-600.0,False,36
scale_a0.2,kc_delta,2,196,128,-117.0,True,31
scale_a0.2,kc_delta,2,197,54,-43.0,True,29
scale_a0.2,kc_delta,2,198,600,-600.0,False,50
scale_a0.2,kc_delta,2,199,600,-600.0,False,38
scale_a0.2,kc_delta,2,200,600,-600.0,False,55
scale_a0.2,kc_delta,2,201,25,-14.0,True,24
scale_a0.2,kc_delta,2,202,243,-232.0,True,30
scale_a0.2,kc_delta,2,203,21,-10.0,True,21
scale_a0.2,kc_delta,2,204,68,-57.0,True,30
scale_a0.2,kc_delta,2,205,24,-13.0,True,23
scale_a0.2,kc_delta,2,206,9,2.0,True,9
scale_a0.2,kc_delta,2,207,122,-111.0,True,33
scale_a0.2,kc_delta,2,208,133,-122.0,True,11
scale_a0.2,kc_delta,2,209,600,-600.0,False,57
scale_a0.2,kc_delta,2,210,28,-17.0,True,20
scale_a0.2,kc_delta,2,211,600,-600.0,False,36
scale_a0.2,kc_delta,2,212,16,-5.0,True,9
scale_a0.2,kc_delta,2,213,600,-600.0,False,53
scale_a0.2,kc_delta,2,214,27,-16.0,True,19
scale_a0.2,kc_delta,2,215,600,-600.0,False,51
scale_a0.2,kc_delta,2,216,45,-34.0,True,17
scale_a0.2,kc_delta,2,217,42,-31.0,True,23
scale_a0.2,kc_delta,2,218,600,-600.0,False,51
scale_a0.2,kc_delta,2,219,600,-600.0,False,39
scale_a0.2,kc_delta,2,220,14,-3.0,True,5
scale_a0.2,kc_delta,2,221,48,-37.0,True,22
scale_a0.2,kc_delta,2,222,600,-600.0,False,32
scale_a0.2,kc_delta,2,223,600,-600.0,False,40
scale_a0.2,kc_delta,2,224,149,-138.0,True,28
scale_a0.2,kc_delta,2,225,600,-600.0,False,38
scale_a0.2,kc_delta,2,226,600,-600.0,False,55
scale_a0.2,kc_delta,2,227,600,-600.0,False,45
scale_a0.2,kc_delta,2,228,600,-600.0,False,37
scale_a0.2,kc_delta,2,229,19,-8.0,True,6
scale_a0.2,kc_delta,2,230,15,-4.0,True,13
scale_a0.2,kc_delta,2,231,600,-600.0,False,43
scale_a0.2,kc_delta,2,232,600,-600.0,False,41
scale_a0.2,kc_delta,2,233,11,0.0,True,3
scale_a0.2,kc_delta,2,234,41,-30.0,True,20
scale_a0.2,kc_delta,2,235,600,-600.0,False,41
scale_a0.2,kc_delta,2,236,600,-600.0,False,55
scale_a0.2,kc_delta,2,237,131,-120.0,True,30
scale_a0.2,kc_delta,2,238,26,-15.0,True,23
scale_a0.2,kc_delta,2,239,153,-142.0,True,32
scale_a0.2,kc_delta,2,240,18,-7.0,True,17
scale_a0.2,kc_delta,2,241,58,-47.0,True,23
scale_a0.2,kc_delta,2,242,600,-600.0,False,45
scale_a0.2,kc_delta,2,243,33,-22.0,True,24
scale_a0.2,kc_delta,2,244,600,-600.0,False,53
scale_a0.2,kc_delta,2,245,600,-600.0,False,35
scale_a0.2,kc_delta,2,246,7,4.0,True,5
scale_a0.2,kc_delta,2,247,600,-600.0,False,45
scale_a0.2,kc_delta,2,248,600,-600.0,False,49
scale_a0.2,kc_delta,2,249,600,-600.0,False,39
scale_a0.2,kc_delta,2,250,217,-206.0,True,30
scale_a0.2,kc_delta,2,251,65,-54.0,True,24
scale_a0.2,kc_delta,2,252,600,-600.0,False,48
scale_a0.2,kc_delta,2,253,590,-579.0,True,35
scale_a0.2,kc_delta,2,254,600,-600.0,False,46
scale_a0.2,kc_delta,2,255,25,-14.0,True,20
scale_a0.2,kc_delta,2,256,600,-600.0,False,54
scale_a0.2,kc_delta,2,257,600,-600.0,False,48
scale_a0.2,kc_delta,2,258,600,-600.0,False,53
scale_a0.2,kc_delta,2,259,600,-600.0,False,37
scale_a0.2,kc_delta,2,260,600,-600.0,False,49
scale_a0.2,kc_delta,2,261,600,-600.0,False,52
scale_a0.2,kc_delta,2,262,19,-8.0,True,16
scale_a0.2,kc_delta,2,263,104,-93.0,True,19
scale_a0.2,kc_delta,2,264,94,-83.0,True,8
scale_a0.2,kc_delta,2,265,600,-600.0,False,46
scale_a0.2,kc_delta,2,266,600,-600.0,False,32
scale_a0.2,kc_delta,2,267,63,-52.0,True,18
scale_a0.2,kc_delta,2,268,94,-83.0,True,34
scale_a0.2,kc_delta,2,269,16,-5.0,True,15
scale_a0.2,kc_delta,2,270,252,-241.0,True,28
scale_a0.2,kc_delta,2,271,17,-6.0,True,16
scale_a0.2,kc_delta,2,272,192,-181.0,True,34
scale_a0.2,kc_delta,2,273,600,-600.0,False,41
scale_a0.2,kc_delta,2,274,600,-600.0,False,53
scale_a0.2,kc_delta,2,275,600,-600.0,False,39
scale_a0.2,kc_delta,2,276,75,-64.0,True,25
scale_a0.2,kc_delta,2,277,600,-600.0,False,42
scale_a0.2,kc_delta,2,278,369,-358.0,True,38
scale_a0.2,kc_delta,2,279,430,-419.0,True,24
scale_a0.2,kc_delta,2,280,600,-600.0,False,59
scale_a0.2,kc_delta,2,281,55,-44.0,True,33
scale_a0.2,kc_delta,2,282,45,-34.0,True,22
scale_a0.2,kc_delta,2,283,54,-43.0,True,30
scale_a0.2,kc_delta,2,284,600,-600.0,False,57
scale_a0.2,kc_delta,2,285,6,5.0,True,6
scale_a0.2,kc_delta,2,286,503,-492.0,True,36
scale_a0.2,kc_delta,2,287,48,-37.0,True,9
scale_a0.2,kc_delta,2,288,19,-8.0,True,19
scale_a0.2,kc_delta,2,289,600,-600.0,False,47
scale_a0.2,kc_delta,2,290,42,-31.0,True,26
scale_a0.2,kc_delta,2,291,16,-5.0,True,13
scale_a0.2,kc_delta,2,292,600,-600.0,False,55
scale_a0.2,kc_delta,2,293,600,-600.0,False,43
scale_a0.2,kc_delta,2,294,600,-600.0,False,54
scale_a0.2,kc_delta,2,295,79,-68.0,True,21
scale_a0.2,kc_delta,2,296,600,-600.0,False,53
scale_a0.2,kc_delta,2,297,98,-87.0,True,15
scale_a0.2,kc_delta,2,298,2,9.0,True,2
scale_a0.2,kc_delta,2,299,600,-600.0,False,43
scale_a0.2,kc_delta,2,300,600,-600.0,False,43
scale_a0.2,kc_delta,2,301,600,-600.0,False,53
scale_a0.2,kc_delta,2,302,600,-600.0,False,55
scale_a0.2,kc_delta,2,303,600,-600.0,False,39
scale_a0.2,kc_delta,2,304,116,-105.0,True,30
scale_a0.2,kc_delta,2,305,600,-600.0,False,49
scale_a0.2,kc_delta,2,306,99,-88.0,True,24
scale_a0.2,kc_delta,2,307,24,-13.0,True,17
scale_a0.2,kc_delta,2,308,600,-600.0,False,37
scale_a0.2,kc_delta,2,309,600,-600.0,False,38
scale_a0.2,kc_delta,2,310,600,-600.0,False,56
scale_a0.2,kc_delta,2,311,600,-600.0,False,47
scale_a0.2,kc_delta,2,312,600,-600.0,False,51
scale_a0.2,kc_delta,2,313,600,-600.0,False,36
scale_a0.2,kc_delta,2,314,600,-600.0,False,54
scale_a0.2,kc_delta,2,315,40,-29.0,True,11
scale_a0.2,kc_delta,2,316,15,-4.0,True,8
scale_a0.2,kc_delta,2,317,14,-3.0,True,14
scale_a0.2,kc_delta,2,318,600,-600.0,False,47
scale_a0.2,kc_delta,2,319,600,-600.0,False,37
scale_a0.2,kc_delta,2,320,20,-9.0,True,19
scale_a0.2,kc_delta,2,321,600,-600.0,False,45
scale_a0.2,kc_delta,2,322,17,-6.0,True,12
scale_a0.2,kc_delta,2,323,600,-600.0,False,33
scale_a0.2,kc_delta,2,324,600,-600.0,False,39
scale_a0.2,kc_delta,2,325,600,-600.0,False,43
scale_a0.2,kc_delta,2,326,172,-161.0,True,29
scale_a0.2,kc_delta,2,327,600,-600.0,False,50
scale_a0.2,kc_delta,2,328,600,-600.0,False,39
scale_a0.2,kc_delta,2,329,600,-600.0,False,40
scale_a0.2,kc_delta,2,330,362,-351.0,True,33
scale_a0.2,kc_delta,2,331,600,-600.0,False,44
scale_a0.2,kc_delta,2,332,600,-600.0,False,41
scale_a0.2,kc_delta,2,333,16,-5.0,True,7
scale_a0.2,kc_delta,2,334,600,-600.0,False,52
scale_a0.2,kc_delta,2,335,600,-600.0,False,54
scale_a0.2,kc_delta,2,336,55,-44.0,True,28
scale_a0.2,kc_delta,2,337,58,-47.0,True,15
scale_a0.2,kc_delta,2,338,23,-12.0,True,17
scale_a0.2,kc_delta,2,339,17,-6.0,True,17
scale_a0.2,kc_delta,2,340,600,-600.0,False,52
scale_a0.2,kc_delta,2,341,10,1.0,True,10
scale_a0.2,kc_delta,2,342,112,-101.0,True,22
scale_a0.2,kc_delta,2,343,46,-35.0,True,19
scale_a0.2,kc_delta,2,344,6,5.0,True,6
scale_a0.2,kc_delta,2,345,63,-52.0,True,29
scale_a0.2,kc_delta,2,346,600,-600.0,False,31
scale_a0.2,kc_delta,2,347,108,-97.0,True,33
scale_a0.2,kc_delta,2,348,600,-600.0,False,53
scale_a0.2,kc_delta,2,349,600,-600.0,False,59
scale_a0.2,kc_delta,2,350,46,-35.0,True,14
scale_a0.2,kc_delta,2,351,600,-600.0,False,35
scale_a0.2,kc_delta,2,352,600,-600.0,False,52
scale_a0.2,kc_delta,2,353,600,-600.0,False,46
scale_a0.2,kc_delta,2,354,600,-600.0,False,40
scale_a0.2,kc_delta,2,355,11,0.0,True,9
scale_a0.2,kc_delta,2,356,13,-2.0,True,9
scale_a0.2,kc_delta,2,357,600,-600.0,False,40
scale_a0.2,kc_delta,2,358,8,3.0,True,7
scale_a0.2,kc_delta,2,359,17,-6.0,True,16
scale_a0.2,kc_delta,2,360,13,-2.0,True,12
scale_a0.2,kc_delta,2,361,600,-600.0,False,54
scale_a0.2,kc_delta,2,362,600,-600.0,False,51
scale_a0.2,kc_delta,2,363,15,-4.0,True,13
scale_a0.2,kc_delta,2,364,600,-600.0,False,53
scale_a0.2,kc_delta,2,365,54,-43.0,True,25
scale_a0.2,kc_delta,2,366,600,-600.0,False,46
scale_a0.2,kc_delta,2,367,600,-600.0,False,38
scale_a0.2,kc_delta,2,368,156,-145.0,True,34
scale_a0.2,kc_delta,2,369,600,-600.0,False,47
scale_a0.2,kc_delta,2,370,20,-9.0,True,11
scale_a0.2,kc_delta,2,371,36,-25.0,True,20
scale_a0.2,kc_delta,2,372,600,-600.0,False,45
scale_a0.2,kc_delta,2,373,600,-600.0,False,44
scale_a0.2,kc_delta,2,374,600,-600.0,False,40
scale_a0.2,kc_delta,2,375,16,-5.0,True,13
scale_a0.2,kc_delta,2,376,6,5.0,True,3
scale_a0.2,kc_delta,2,377,600,-600.0,False,53
scale_a0.2,kc_delta,2,378,105,-94.0,True,13
scale_a0.2,kc_delta,2,379,600,-600.0,False,45
scale_a0.2,kc_delta,2,380,600,-600.0,False,44
scale_a0.2,kc_delta,2,381,600,-600.0,False,39
scale_a0.2,kc_delta,2,382,13,-2.0,True,7
scale_a0.2,kc_delta,2,383,6,5.0,True,6
scale_a0.2,kc_delta,2,384,140,-129.0,True,25
scale_a0.2,kc_delta,2,385,84,-73.0,True,32
scale_a0.2,kc_delta,2,386,600,-600.0,False,44
scale_a0.2,kc_delta,2,387,26,-15.0,True,19
scale_a0.2,kc_delta,2,388,600,-600.0,False,43
scale_a0.2,kc_delta,2,389,466,-455.0,True,22
scale_a0.2,kc_delta,2,390,600,-600.0,False,32
scale_a0.2,kc_delta,2,391,30,-19.0,True,15
scale_a0.2,kc_delta,2,392,26,-15.0,True,15
scale_a0.2,kc_delta,2,393,600,-600.0,False,41
scale_a0.2,kc_delta,2,394,600,-600.0,False,46
scale_a0.2,kc_delta,2,395,197,-186.0,True,32
scale_a0.2,kc_delta,2,396,600,-600.0,False,24
scale_a0.2,kc_delta,2,397,600,-600.0,False,47
scale_a0.2,kc_delta,2,398,17,-6.0,True,17
scale_a0.2,kc_delta,2,399,600,-600.0,False,51
scale_a0.2,kc_delta,2,400,600,-600.0,False,47
scale_a0.2,kc_delta,2,401,600,-600.0,False,41
scale_a0.2,kc_delta,2,402,600,-600.0,False,56
scale_a0.2,kc_delta,2,403,74,-63.0,True,19
scale_a0.2,kc_delta,2,404,337,-326.0,True,25
scale_a0.2,kc_delta,2,405,100,-89.0,True,29
scale_a0.2,kc_delta,2,406,28,-17.0,True,25
scale_a0.2,kc_delta,2,407,2,9.0,True,2
scale_a0.2,kc_delta,2,408,12,-1.0,True,8
scale_a0.2,kc_delta,2,409,600,-600.0,False,55
scale_a0.2,kc_delta,2,410,600,-600.0,False,42
scale_a0.2,kc_delta,2,411,45,-34.0,True,21
scale_a0.2,kc_delta,2,412,8,3.0,True,8
scale_a0.2,kc_delta,2,413,600,-600.0,False,44
scale_a0.2,kc_delta,2,414,600,-600.0,False,37
scale_a0.2,kc_delta,2,415,26,-15.0,True,21
scale_a0.2,kc_delta,2,416,397,-386.0,True,23
scale_a0.2,kc_delta,2,417,16,-5.0,True,15
scale_a0.2,kc_delta,2,418,600,-600.0,False,51
scale_a0.2,kc_delta,2,419,600,-600.0,False,43
scale_a0.2,kc_delta,2,420,600,-600.0,False,39
scale_a0.2,kc_delta,2,421,28,-17.0,True,24
scale_a0.2,kc_delta,2,422,26,-15.0,True,23
scale_a0.2,kc_delta,2,423,16,-5.0,True,10
scale_a0.2,kc_delta,2,424,42,-31.0,True,21
scale_a0.2,kc_delta,2,425,2,9.0,True,2
scale_a0.2,kc_delta,2,426,600,-600.0,False,43
scale_a0.2,kc_delta,2,427,600,-600.0,False,49
scale_a0.2,kc_delta,2,428,600,-600.0,False,51
scale_a0.2,kc_delta,2,429,63,-52.0,True,10
scale_a0.2,kc_delta,2,430,14,-3.0,True,12
scale_a0.2,kc_delta,2,431,125,-114.0,True,21
scale_a0.2,kc_delta,2,432,600,-600.0,False,42
scale_a0.2,kc_delta,2,433,600,-600.0,False,54
scale_a0.2,kc_delta,2,434,600,-600.0,False,43
scale_a0.2,kc_delta,2,435,600,-600.0,False,53
scale_a0.2,kc_delta,2,436,56,-45.0,True,17
scale_a0.2,kc_delta,2,437,4,7.0,True,2
scale_a0.2,kc_delta,2,438,600,-600.0,False,55
scale_a0.2,kc_delta,2,439,58,-47.0,True,25
scale_a0.2,kc_delta,2,440,24,-13.0,True,18
scale_a0.2,kc_delta,2,441,39,-28.0,True,16
scale_a0.2,kc_delta,2,442,78,-67.0,True,27
scale_a0.2,kc_delta,2,443,39,-28.0,True,20
scale_a0.2,kc_delta,2,444,600,-600.0,False,46
scale_a0.2,kc_delta,2,445,600,-600.0,False,44
scale_a0.2,kc_delta,2,446,15,-4.0,True,15
scale_a0.2,kc_delta,2,447,600,-600.0,False,47
scale_a0.2,kc_delta,2,448,600,-600.0,False,34
scale_a0.2,kc_delta,2,449,600,-600.0,False,56
scale_a0.2,kc_delta,2,450,421,-410.0,True,35
scale_a0.2,kc_delta,2,451,600,-600.0,False,54
scale_a0.2,kc_delta,2,452,600,-600.0,False,41
scale_a0.2,kc_delta,2,453,600,-600.0,False,57
scale_a0.2,kc_delta,2,454,600,-600.0,False,46
scale_a0.2,kc_delta,2,455,86,-75.0,True,20
scale_a0.2,kc_delta,2,456,19,-8.0,True,16
scale_a0.2,kc_delta,2,457,600,-600.0,False,59
scale_a0.2,kc_delta,2,458,600,-600.0,False,51
scale_a0.2,kc_delta,2,459,600,-600.0,False,49
scale_a0.2,kc_delta,2,460,600,-600.0,False,36
scale_a0.2,kc_delta,2,461,12,-1.0,True,7
scale_a0.2,kc_delta,2,462,30,-19.0,True,28
scale_a0.2,kc_delta,2,463,600,-600.0,False,54
scale_a0.2,kc_delta,2,464,600,-600.0,False,54
scale_a0.2,kc_delta,2,465,42,-31.0,True,18
scale_a0.2,kc_delta,2,466,58,-47.0,True,27
scale_a0.2,kc_delta,2,467,35,-24.0,True,28
scale_a0.2,kc_delta,2,468,600,-600.0,False,45
scale_a0.2,kc_delta,2,469,600,-600.0,False,49
scale_a0.2,kc_delta,2,470,260,-249.0,True,19
scale_a0.2,kc_delta,2,471,600,-600.0,False,57
scale_a0.2,kc_delta,2,472,87,-76.0,True,12
scale_a0.2,kc_delta,2,473,135,-124.0,True,26
scale_a0.2,kc_delta,2,474,19,-8.0,True,17
scale_a0.2,kc_delta,2,475,600,-600.0,False,31
scale_a0.2,kc_delta,2,476,600,-600.0,False,53
scale_a0.2,kc_delta,2,477,600,-600.0,False,26
scale_a0.2,kc_delta,2,478,600,-600.0,False,45
scale_a0.2,kc_delta,2,479,600,-600.0,False,34
scale_a0.2,kc_delta,2,480,600,-600.0,False,29
scale_a0.2,kc_delta,2,481,11,0.0,True,10
scale_a0.2,kc_delta,2,482,600,-600.0,False,32
scale_a0.2,kc_delta,2,483,32,-21.0,True,27
scale_a0.2,kc_delta,2,484,600,-600.0,False,55
scale_a0.2,kc_delta,2,485,8,3.0,True,8
scale_a0.2,kc_delta,2,486,281,-270.0,True,21
scale_a0.2,kc_delta,2,487,600,-600.0,False,47
scale_a0.2,kc_delta,2,488,600,-600.0,False,51
scale_a0.2,kc_delta,2,489,20,-9.0,True,10
scale_a0.2,kc_delta,2,490,178,-167.0,True,22
scale_a0.2,kc_delta,2,491,6,5.0,True,6
scale_a0.2,kc_delta,2,492,600,-600.0,False,34
scale_a0.2,kc_delta,2,493,117,-106.0,True,28
scale_a0.2,kc_delta,2,494,600,-600.0,False,42
scale_a0.2,kc_delta,2,495,600,-600.0,False,50
scale_a0.2,kc_delta,2,496,10,1.0,True,9
scale_a0.2,kc_delta,2,497,22,-11.0,True,15
scale_a0.2,kc_delta,2,498,600,-600.0,False,48
scale_a0.2,kc_delta,2,499,600,-600.0,False,33
scale_a0.2,kc_delta,2,500,600,-600.0,False,54
scale_a0.2,kc_delta,2,501,27,-16.0,True,21
scale_a0.2,kc_delta,2,502,33,-22.0,True,25
scale_a0.2,kc_delta,2,503,426,-415.0,True,35
scale_a0.2,kc_delta,2,504,129,-118.0,True,21
scale_a0.2,kc_delta,2,505,600,-600.0,False,56
scale_a0.2,kc_delta,2,506,600,-600.0,False,30
scale_a0.2,kc_delta,2,507,600,-600.0,False,47
scale_a0.2,kc_delta,2,508,600,-600.0,False,32
scale_a0.2,kc_delta,2,509,73,-62.0,True,28
scale_a0.2,kc_delta,2,510,22,-11.0,True,19
scale_a0.2,kc_delta,2,511,600,-600.0,False,42
scale_a0.2,kc_delta,2,512,600,-600.0,False,56
scale_a0.2,kc_delta,2,513,600,-600.0,False,53
scale_a0.2,kc_delta,2,514,600,-600.0,False,40
scale_a0.2,kc_delta,2,515,600,-600.0,False,48
scale_a0.2,kc_delta,2,516,125,-114.0,True,26
scale_a0.2,kc_delta,2,517,600,-600.0,False,52
scale_a0.2,kc_delta,2,518,600,-600.0,False,26
scale_a0.2,kc_delta,2,519,27,-16.0,True,17
scale_a0.2,kc_delta,2,520,600,-600.0,False,33
scale_a0.2,kc_delta,2,521,600,-600.0,False,55
scale_a0.2,kc_delta,2,522,600,-600.0,False,47
scale_a0.2,kc_delta,2,523,210,-199.0,True,23
scale_a0.2,kc_delta,2,524,82,-71.0,True,19
scale_a0.2,kc_delta,2,525,600,-600.0,False,34
scale_a0.2,kc_delta,2,526,13,-2.0,True,7
scale_a0.2,kc_delta,2,527,600,-600.0,False,55
scale_a0.2,kc_delta,2,528,60,-49.0,True,21
scale_a0.2,kc_delta,2,529,600,-600.0,False,57
scale_a0.2,kc_delta,2,530,600,-600.0,False,53
scale_a0.2,kc_delta,2,531,600,-600.0,False,52
scale_a0.2,kc_delta,2,532,475,-464.0,True,34
scale_a0.2,kc_delta,2,533,48,-37.0,True,25
scale_a0.2,kc_delta,2,534,7,4.0,True,7
scale_a0.2,kc_delta,2,535,80,-69.0,True,24
scale_a0.2,kc_delta,2,536,600,-600.0,False,34
scale_a0.2,kc_delta,2,537,600,-600.0,False,56
scale_a0.2,kc_delta,2,538,53,-42.0,True,20
scale_a0.2,kc_delta,2,539,67,-56.0,True,33
scale_a0.2,kc_delta,2,540,600,-600.0,False,46
scale_a0.2,kc_delta,2,541,5,6.0,True,5
scale_a0.2,kc_delta,2,542,99,-88.0,True,21
scale_a0.2,kc_delta,2,543,35,-24.0,True,23
scale_a0.2,kc_delta,2,544,117,-106.0,True,32
scale_a0.2,kc_delta,2,545,19,-8.0,True,19
scale_a0.2,kc_delta,2,546,600,-600.0,False,32
scale_a0.2,kc_delta,2,547,600,-600.0,False,50
scale_a0.2,kc_delta,2,548,600,-600.0,False,52
scale_a0.2,kc_delta,2,549,432,-421.0,True,33
scale_a0.2,kc_delta,2,550,600,-600.0,False,52
scale_a0.2,kc_delta,2,551,56,-45.0,True,15
scale_a0.2,kc_delta,2,552,513,-502.0,True,34
scale_a0.2,kc_delta,2,553,600,-600.0,False,38
scale_a0.2,kc_delta,2,554,600,-600.0,False,39
scale_a0.2,kc_delta,2,555,600,-600.0,False,49
scale_a0.2,kc_delta,2,556,311,-300.0,True,27
scale_a0.2,kc_delta,2,557,62,-51.0,True,10
scale_a0.2,kc_delta,2,558,600,-600.0,False,51
scale_a0.2,kc_delta,2,559,600,-600.0,False,54
scale_a0.2,kc_delta,2,560,600,-600.0,False,35
scale_a0.2,kc_delta,2,561,600,-600.0,False,44
scale_a0.2,kc_delta,2,562,600,-600.0,False,52
scale_a0.2,kc_delta,2,563,566,-555.0,True,35
scale_a0.2,kc_delta,2,564,14,-3.0,True,13
scale_a0.2,kc_delta,2,565,102,-91.0,True,34
scale_a0.2,kc_delta,2,566,600,-600.0,False,31
scale_a0.2,kc_delta,2,567,600,-600.0,False,40
scale_a0.2,kc_delta,2,568,72,-61.0,True,30
scale_a0.2,kc_delta,2,569,600,-600.0,False,52
scale_a0.2,kc_delta,2,570,600,-600.0,False,56
scale_a0.2,kc_delta,2,571,600,-600.0,False,54
scale_a0.2,kc_delta,2,572,600,-600.0,False,48
scale_a0.2,kc_delta,2,573,600,-600.0,False,52
scale_a0.2,kc_delta,2,574,94,-83.0,True,26
scale_a0.2,kc_delta,2,575,600,-600.0,False,45
scale_a0.2,kc_delta,2,576,600,-600.0,False,54
scale_a0.2,kc_delta,2,577,32,-21.0,True,20
scale_a0.2,kc_delta,2,578,600,-600.0,False,44
scale_a0.2,kc_delta,2,579,600,-600.0,False,44
scale_a0.2,kc_delta,2,580,600,-600.0,False,58
scale_a0.2,kc_delta,2,581,1,10.0,True,1
scale_a0.2,kc_delta,2,582,52,-41.0,True,20
scale_a0.2,kc_delta,2,583,600,-600.0,False,55
scale_a0.2,kc_delta,2,584,600,-600.0,False,25
scale_a0.2,kc_delta,2,585,27,-16.0,True,17
scale_a0.2,kc_delta,2,586,600,-600.0,False,54
scale_a0.2,kc_delta,2,587,600,-600.0,False,31
scale_a0.2,kc_delta,2,588,600,-600.0,False,40
scale_a0.2,kc_delta,2,589,600,-600.0,False,42
scale_a0.2,kc_delta,2,590,600,-600.0,False,44
scale_a0.2,kc_delta,2,591,600,-600.0,False,41
scale_a0.2,kc_delta,2,592,600,-600.0,False,50
scale_a0.2,kc_delta,2,593,600,-600.0,False,55
scale_a0.2,kc_delta,2,594,213,-202.0,True,21
scale_a0.2,kc_delta,2,595,600,-600.0,False,46
scale_a0.2,kc_delta,2,596,600,-600.0,False,41
scale_a0.2,kc_delta,2,597,600,-600.0,False,30
scale_a0.2,kc_delta,2,598,35,-24.0,True,26
scale_a0.2,kc_delta,2,599,600,-600.0,False,55
scale_a0.2,rand_delta,2,0,600,-600.0,False,19
scale_a0.2,rand_delta,2,1,600,-600.0,False,40
scale_a0.2,rand_delta,2,2,366,-355.0,True,14
scale_a0.2,rand_delta,2,3,326,-315.0,True,30
scale_a0.2,rand_delta,2,4,600,-600.0,False,57
scale_a0.2,rand_delta,2,5,21,-10.0,True,19
scale_a0.2,rand_delta,2,6,282,-271.0,True,15
scale_a0.2,rand_delta,2,7,446,-435.0,True,41
scale_a0.2,rand_delta,2,8,13,-2.0,True,13
scale_a0.2,rand_delta,2,9,95,-84.0,True,35
scale_a0.2,rand_delta,2,10,600,-600.0,False,45
scale_a0.2,rand_delta,2,11,60,-49.0,True,20
scale_a0.2,rand_delta,2,12,56,-45.0,True,29
scale_a0.2,rand_delta,2,13,600,-600.0,False,52
scale_a0.2,rand_delta,2,14,331,-320.0,True,21
scale_a0.2,rand_delta,2,15,525,-514.0,True,52
scale_a0.2,rand_delta,2,16,14,-3.0,True,8
scale_a0.2,rand_delta,2,17,44,-33.0,True,25
scale_a0.2,rand_delta,2,18,14,-3.0,True,13
scale_a0.2,rand_delta,2,19,71,-60.0,True,23
scale_a0.2,rand_delta,2,20,34,-23.0,True,24
scale_a0.2,rand_delta,2,21,600,-600.0,False,58
scale_a0.2,rand_delta,2,22,251,-240.0,True,30
scale_a0.2,rand_delta,2,23,46,-35.0,True,32
scale_a0.2,rand_delta,2,24,5,6.0,True,4
scale_a0.2,rand_delta,2,25,36,-25.0,True,27
scale_a0.2,rand_delta,2,26,74,-63.0,True,22
scale_a0.2,rand_delta,2,27,8,3.0,True,4
scale_a0.2,rand_delta,2,28,89,-78.0,True,24
scale_a0.2,rand_delta,2,29,153,-142.0,True,34
scale_a0.2,rand_delta,2,30,45,-34.0,True,20
scale_a0.2,rand_delta,2,31,290,-279.0,True,40
scale_a0.2,rand_delta,2,32,168,-157.0,True,34
scale_a0.2,rand_delta,2,33,600,-600.0,False,54
scale_a0.2,rand_delta,2,34,600,-600.0,False,53
scale_a0.2,rand_delta,2,35,33,-22.0,True,11
scale_a0.2,rand_delta,2,36,20,-9.0,True,17
scale_a0.2,rand_delta,2,37,600,-600.0,False,45
scale_a0.2,rand_delta,2,38,600,-600.0,False,48
scale_a0.2,rand_delta,2,39,600,-600.0,False,37
scale_a0.2,rand_delta,2,40,36,-25.0,True,29
scale_a0.2,rand_delta,2,41,206,-195.0,True,33
scale_a0.2,rand_delta,2,42,600,-600.0,False,50
scale_a0.2,rand_delta,2,43,54,-43.0,True,16
scale_a0.2,rand_delta,2,44,48,-37.0,True,31
scale_a0.2,rand_delta,2,45,49,-38.0,True,37
scale_a0.2,rand_delta,2,46,40,-29.0,True,24
scale_a0.2,rand_delta,2,47,600,-600.0,False,45
scale_a0.2,rand_delta,2,48,76,-65.0,True,30
scale_a0.2,rand_delta,2,49,54,-43.0,True,35
scale_a0.2,rand_delta,2,50,40,-29.0,True,34
scale_a0.2,rand_delta,2,51,260,-249.0,True,51
scale_a0.2,rand_delta,2,52,266,-255.0,True,39
scale_a0.2,rand_delta,2,53,299,-288.0,True,46
scale_a0.2,rand_delta,2,54,30,-19.0,True,19
scale_a0.2,rand_delta,2,55,600,-600.0,False,42
scale_a0.2,rand_delta,2,56,600,-600.0,False,55
scale_a0.2,rand_delta,2,57,600,-600.0,False,44
scale_a0.2,rand_delta,2,58,387,-376.0,True,40
scale_a0.2,rand_delta,2,59,41,-30.0,True,29
scale_a0.2,rand_delta,2,60,600,-600.0,False,46
scale_a0.2,rand_delta,2,61,82,-71.0,True,15
scale_a0.2,rand_delta,2,62,35,-24.0,True,22
scale_a0.2,rand_delta,2,63,600,-600.0,False,59
scale_a0.2,rand_delta,2,64,118,-107.0,True,28
scale_a0.2,rand_delta,2,65,167,-156.0,True,34
scale_a0.2,rand_delta,2,66,38,-27.0,True,29
scale_a0.2,rand_delta,2,67,60,-49.0,True,39
scale_a0.2,rand_delta,2,68,600,-600.0,False,44
scale_a0.2,rand_delta,2,69,46,-35.0,True,19
scale_a0.2,rand_delta,2,70,71,-60.0,True,30
scale_a0.2,rand_delta,2,71,423,-412.0,True,44
scale_a0.2,rand_delta,2,72,61,-50.0,True,20
scale_a0.2,rand_delta,2,73,89,-78.0,True,31
scale_a0.2,rand_delta,2,74,600,-600.0,False,56
scale_a0.2,rand_delta,2,75,45,-34.0,True,19
scale_a0.2,rand_delta,2,76,164,-153.0,True,28
scale_a0.2,rand_delta,2,77,61,-50.0,True,37
scale_a0.2,rand_delta,2,78,483,-472.0,True,37
scale_a0.2,rand_delta,2,79,78,-67.0,True,32
scale_a0.2,rand_delta,2,80,62,-51.0,True,39
scale_a0.2,rand_delta,2,81,35,-24.0,True,20
scale_a0.2,rand_delta,2,82,600,-600.0,False,45
scale_a0.2,rand_delta,2,83,86,-75.0,True,24
scale_a0.2,rand_delta,2,84,572,-561.0,True,45
scale_a0.2,rand_delta,2,85,44,-33.0,True,11
scale_a0.2,rand_delta,2,86,600,-600.0,False,48
scale_a0.2,rand_delta,2,87,33,-22.0,True,20
scale_a0.2,rand_delta,2,88,46,-35.0,True,20
scale_a0.2,rand_delta,2,89,67,-56.0,True,24
scale_a0.2,rand_delta,2,90,600,-600.0,False,54
scale_a0.2,rand_delta,2,91,52,-41.0,True,37
scale_a0.2,rand_delta,2,92,47,-36.0,True,34
scale_a0.2,rand_delta,2,93,491,-480.0,True,45
scale_a0.2,rand_delta,2,94,24,-13.0,True,7
scale_a0.2,rand_delta,2,95,24,-13.0,True,21
scale_a0.2,rand_delta,2,96,52,-41.0,True,37
scale_a0.2,rand_delta,2,97,600,-600.0,False,46
scale_a0.2,rand_delta,2,98,600,-600.0,False,41
scale_a0.2,rand_delta,2,99,600,-600.0,False,44
scale_a0.2,rand_delta,2,100,56,-45.0,True,35
scale_a0.2,rand_delta,2,101,600,-600.0,False,44
scale_a0.2,rand_delta,2,102,239,-228.0,True,40
scale_a0.2,rand_delta,2,103,600,-600.0,False,48
scale_a0.2,rand_delta,2,104,33,-22.0,True,17
scale_a0.2,rand_delta,2,105,600,-600.0,False,44
scale_a0.2,rand_delta,2,106,600,-600.0,False,54
scale_a0.2,rand_delta,2,107,83,-72.0,True,31
scale_a0.2,rand_delta,2,108,600,-600.0,False,58
scale_a0.2,rand_delta,2,109,600,-600.0,False,50
scale_a0.2,rand_delta,2,110,600,-600.0,False,44
scale_a0.2,rand_delta,2,111,600,-600.0,False,45
scale_a0.2,rand_delta,2,112,108,-97.0,True,30
scale_a0.2,rand_delta,2,113,600,-600.0,False,45
scale_a0.2,rand_delta,2,114,165,-154.0,True,36
scale_a0.2,rand_delta,2,115,600,-600.0,False,45
scale_a0.2,rand_delta,2,116,77,-66.0,True,25
scale_a0.2,rand_delta,2,117,600,-600.0,False,41
scale_a0.2,rand_delta,2,118,315,-304.0,True,39
scale_a0.2,rand_delta,2,119,51,-40.0,True,40
scale_a0.2,rand_delta,2,120,39,-28.0,True,18
scale_a0.2,rand_delta,2,121,50,-39.0,True,20
scale_a0.2,rand_delta,2,122,420,-409.0,True,41
scale_a0.2,rand_delta,2,123,172,-161.0,True,34
scale_a0.2,rand_delta,2,124,600,-600.0,False,50
scale_a0.2,rand_delta,2,125,6,5.0,True,6
scale_a0.2,rand_delta,2,126,16,-5.0,True,8
scale_a0.2,rand_delta,2,127,600,-600.0,False,54
scale_a0.2,rand_delta,2,128,99,-88.0,True,38
scale_a0.2,rand_delta,2,129,52,-41.0,True,25
scale_a0.2,rand_delta,2,130,45,-34.0,True,31
scale_a0.2,rand_delta,2,131,42,-31.0,True,31
scale_a0.2,rand_delta,2,132,20,-9.0,True,7
scale_a0.2,rand_delta,2,133,71,-60.0,True,40
scale_a0.2,rand_delta,2,134,47,-36.0,True,30
scale_a0.2,rand_delta,2,135,50,-39.0,True,13
scale_a0.2,rand_delta,2,136,441,-430.0,True,43
scale_a0.2,rand_delta,2,137,600,-600.0,False,46
scale_a0.2,rand_delta,2,138,600,-600.0,False,53
scale_a0.2,rand_delta,2,139,92,-81.0,True,32
scale_a0.2,rand_delta,2,140,41,-30.0,True,19
scale_a0.2,rand_delta,2,141,68,-57.0,True,21
scale_a0.2,rand_delta,2,142,600,-600.0,False,54
scale_a0.2,rand_delta,2,143,31,-20.0,True,8
scale_a0.2,rand_delta,2,144,600,-600.0,False,48
scale_a0.2,rand_delta,2,145,94,-83.0,True,24
scale_a0.2,rand_delta,2,146,56,-45.0,True,37
scale_a0.2,rand_delta,2,147,600,-600.0,False,56
scale_a0.2,rand_delta,2,148,87,-76.0,True,12
scale_a0.2,rand_delta,2,149,55,-44.0,True,39
scale_a0.2,rand_delta,2,150,91,-80.0,True,33
scale_a0.2,rand_delta,2,151,49,-38.0,True,26
scale_a0.2,rand_delta,2,152,600,-600.0,False,54
scale_a0.2,rand_delta,2,153,101,-90.0,True,38
scale_a0.2,rand_delta,2,154,41,-30.0,True,37
scale_a0.2,rand_delta,2,155,86,-75.0,True,26
scale_a0.2,rand_delta,2,156,59,-48.0,True,14
scale_a0.2,rand_delta,2,157,600,-600.0,False,52
scale_a0.2,rand_delta,2,158,55,-44.0,True,21
scale_a0.2,rand_delta,2,159,27,-16.0,True,10
scale_a0.2,rand_delta,2,160,54,-43.0,True,35
scale_a0.2,rand_delta,2,161,68,-57.0,True,14
scale_a0.2,rand_delta,2,162,77,-66.0,True,21
scale_a0.2,rand_delta,2,163,42,-31.0,True,17
scale_a0.2,rand_delta,2,164,14,-3.0,True,13
scale_a0.2,rand_delta,2,165,76,-65.0,True,25
scale_a0.2,rand_delta,2,166,600,-600.0,False,54
scale_a0.2,rand_delta,2,167,65,-54.0,True,25
scale_a0.2,rand_delta,2,168,600,-600.0,False,53
scale_a0.2,rand_delta,2,169,61,-50.0,True,17
scale_a0.2,rand_delta,2,170,600,-600.0,False,51
scale_a0.2,rand_delta,2,171,600,-600.0,False,54
scale_a0.2,rand_delta,2,172,55,-44.0,True,28
scale_a0.2,rand_delta,2,173,181,-170.0,True,38
scale_a0.2,rand_delta,2,174,34,-23.0,True,19
scale_a0.2,rand_delta,2,175,65,-54.0,True,38
scale_a0.2,rand_delta,2,176,33,-22.0,True,17
scale_a0.2,rand_delta,2,177,600,-600.0,False,41
scale_a0.2,rand_delta,2,178,600,-600.0,False,58
scale_a0.2,rand_delta,2,179,109,-98.0,True,43
scale_a0.2,rand_delta,2,180,600,-600.0,False,47
scale_a0.2,rand_delta,2,181,19,-8.0,True,14
scale_a0.2,rand_delta,2,182,33,-22.0,True,25
scale_a0.2,rand_delta,2,183,600,-600.0,False,47
scale_a0.2,rand_delta,2,184,68,-57.0,True,29
scale_a0.2,rand_delta,2,185,53,-42.0,True,20
scale_a0.2,rand_delta,2,186,430,-419.0,True,47
scale_a0.2,rand_delta,2,187,600,-600.0,False,51
scale_a0.2,rand_delta,2,188,600,-600.0,False,43
scale_a0.2,rand_delta,2,189,68,-57.0,True,30
scale_a0.2,rand_delta,2,190,600,-600.0,False,49
scale_a0.2,rand_delta,2,191,134,-123.0,True,33
scale_a0.2,rand_delta,2,192,49,-38.0,True,19
scale_a0.2,rand_delta,2,193,107,-96.0,True,26
scale_a0.2,rand_delta,2,194,600,-600.0,False,56
scale_a0.2,rand_delta,2,195,51,-40.0,True,36
scale_a0.2,rand_delta,2,196,93,-82.0,True,31
scale_a0.2,rand_delta,2,197,41,-30.0,True,29
scale_a0.2,rand_delta,2,198,600,-600.0,False,50
scale_a0.2,rand_delta,2,199,64,-53.0,True,38
scale_a0.2,rand_delta,2,200,600,-600.0,False,55
scale_a0.2,rand_delta,2,201,105,-94.0,True,24
scale_a0.2,rand_delta,2,202,55,-44.0,True,30
scale_a0.2,rand_delta,2,203,63,-52.0,True,21
scale_a0.2,rand_delta,2,204,56,-45.0,True,30
scale_a0.2,rand_delta,2,205,60,-49.0,True,23
scale_a0.2,rand_delta,2,206,9,2.0,True,9
scale_a0.2,rand_delta,2,207,55,-44.0,True,33
scale_a0.2,rand_delta,2,208,12,-1.0,True,11
scale_a0.2,rand_delta,2,209,600,-600.0,False,57
scale_a0.2,rand_delta,2,210,114,-103.0,True,20
scale_a0.2,rand_delta,2,211,63,-52.0,True,36
scale_a0.2,rand_delta,2,212,18,-7.0,True,9
scale_a0.2,rand_delta,2,213,600,-600.0,False,53
scale_a0.2,rand_delta,2,214,34,-23.0,True,19
scale_a0.2,rand_delta,2,215,600,-600.0,False,51
scale_a0.2,rand_delta,2,216,48,-37.0,True,17
scale_a0.2,rand_delta,2,217,67,-56.0,True,23
scale_a0.2,rand_delta,2,218,600,-600.0,False,51
scale_a0.2,rand_delta,2,219,600,-600.0,False,39
scale_a0.2,rand_delta,2,220,14,-3.0,True,5
scale_a0.2,rand_delta,2,221,49,-38.0,True,22
scale_a0.2,rand_delta,2,222,102,-91.0,True,32
scale_a0.2,rand_delta,2,223,600,-600.0,False,40
scale_a0.2,rand_delta,2,224,52,-41.0,True,28
scale_a0.2,rand_delta,2,225,61,-50.0,True,38
scale_a0.2,rand_delta,2,226,600,-600.0,False,55
scale_a0.2,rand_delta,2,227,600,-600.0,False,45
scale_a0.2,rand_delta,2,228,39,-28.0,True,37
scale_a0.2,rand_delta,2,229,6,5.0,True,6
scale_a0.2,rand_delta,2,230,31,-20.0,True,13
scale_a0.2,rand_delta,2,231,600,-600.0,False,43
scale_a0.2,rand_delta,2,232,46,-35.0,True,41
scale_a0.2,rand_delta,2,233,3,8.0,True,3
scale_a0.2,rand_delta,2,234,82,-71.0,True,20
scale_a0.2,rand_delta,2,235,120,-109.0,True,41
scale_a0.2,rand_delta,2,236,600,-600.0,False,55
scale_a0.2,rand_delta,2,237,67,-56.0,True,30
scale_a0.2,rand_delta,2,238,26,-15.0,True,23
scale_a0.2,rand_delta,2,239,40,-29.0,True,32
scale_a0.2,rand_delta,2,240,44,-33.0,True,17
scale_a0.2,rand_delta,2,241,31,-20.0,True,23
scale_a0.2,rand_delta,2,242,600,-600.0,False,45
scale_a0.2,rand_delta,2,243,37,-26.0,True,24
scale_a0.2,rand_delta,2,244,600,-600.0,False,53
scale_a0.2,rand_delta,2,245,59,-48.0,True,35
scale_a0.2,rand_delta,2,246,5,6.0,True,5
scale_a0.2,rand_delta,2,247,476,-465.0,True,45
scale_a0.2,rand_delta,2,248,298,-287.0,True,49
scale_a0.2,rand_delta,2,249,59,-48.0,True,39
scale_a0.2,rand_delta,2,250,42,-31.0,True,30
scale_a0.2,rand_delta,2,251,37,-26.0,True,24
scale_a0.2,rand_delta,2,252,600,-600.0,False,48
scale_a0.2,rand_delta,2,253,91,-80.0,True,35
scale_a0.2,rand_delta,2,254,600,-600.0,False,46
scale_a0.2,rand_delta,2,255,27,-16.0,True,20
scale_a0.2,rand_delta,2,256,600,-600.0,False,54
scale_a0.2,rand_delta,2,257,178,-167.0,True,48
scale_a0.2,rand_delta,2,258,600,-600.0,False,53
scale_a0.2,rand_delta,2,259,61,-50.0,True,37
scale_a0.2,rand_delta,2,260,600,-600.0,False,49
scale_a0.2,rand_delta,2,261,600,-600.0,False,52
scale_a0.2,rand_delta,2,262,47,-36.0,True,16
scale_a0.2,rand_delta,2,263,37,-26.0,True,19
scale_a0.2,rand_delta,2,264,8,3.0,True,8
scale_a0.2,rand_delta,2,265,600,-600.0,False,46
scale_a0.2,rand_delta,2,266,59,-48.0,True,32
scale_a0.2,rand_delta,2,267,20,-9.0,True,18
scale_a0.2,rand_delta,2,268,45,-34.0,True,34
scale_a0.2,rand_delta,2,269,16,-5.0,True,15
scale_a0.2,rand_delta,2,270,64,-53.0,True,28
scale_a0.2,rand_delta,2,271,17,-6.0,True,16
scale_a0.2,rand_delta,2,272,44,-33.0,True,34
scale_a0.2,rand_delta,2,273,60,-49.0,True,41
scale_a0.2,rand_delta,2,274,600,-600.0,False,53
scale_a0.2,rand_delta,2,275,83,-72.0,True,39
scale_a0.2,rand_delta,2,276,51,-40.0,True,25
scale_a0.2,rand_delta,2,277,564,-553.0,True,42
scale_a0.2,rand_delta,2,278,48,-37.0,True,38
scale_a0.2,rand_delta,2,279,63,-52.0,True,24
scale_a0.2,rand_delta,2,280,600,-600.0,False,59
scale_a0.2,rand_delta,2,281,72,-61.0,True,33
scale_a0.2,rand_delta,2,282,39,-28.0,True,22
scale_a0.2,rand_delta,2,283,60,-49.0,True,30
scale_a0.2,rand_delta,2,284,600,-600.0,False,57
scale_a0.2,rand_delta,2,285,6,5.0,True,6
scale_a0.2,rand_delta,2,286,84,-73.0,True,36
scale_a0.2,rand_delta,2,287,9,2.0,True,9
scale_a0.2,rand_delta,2,288,21,-10.0,True,19
scale_a0.2,rand_delta,2,289,600,-600.0,False,47
scale_a0.2,rand_delta,2,290,49,-38.0,True,26
scale_a0.2,rand_delta,2,291,21,-10.0,True,13
scale_a0.2,rand_delta,2,292,600,-600.0,False,55
scale_a0.2,rand_delta,2,293,430,-419.0,True,43
scale_a0.2,rand_delta,2,294,600,-600.0,False,54
scale_a0.2,rand_delta,2,295,60,-49.0,True,21
scale_a0.2,rand_delta,2,296,600,-600.0,False,53
scale_a0.2,rand_delta,2,297,143,-132.0,True,15
scale_a0.2,rand_delta,2,298,2,9.0,True,2
scale_a0.2,rand_delta,2,299,141,-130.0,True,43
scale_a0.2,rand_delta,2,300,600,-600.0,False,43
scale_a0.2,rand_delta,2,301,600,-600.0,False,53
scale_a0.2,rand_delta,2,302,600,-600.0,False,55
scale_a0.2,rand_delta,2,303,73,-62.0,True,39
scale_a0.2,rand_delta,2,304,42,-31.0,True,30
scale_a0.2,rand_delta,2,305,600,-600.0,False,49
scale_a0.2,rand_delta,2,306,118,-107.0,True,24
scale_a0.2,rand_delta,2,307,23,-12.0,True,17
scale_a0.2,rand_delta,2,308,600,-600.0,False,37
scale_a0.2,rand_delta,2,309,49,-38.0,True,38
scale_a0.2,rand_delta,2,310,600,-600.0,False,56
scale_a0.2,rand_delta,2,311,600,-600.0,False,47
scale_a0.2,rand_delta,2,312,515,-504.0,True,51
scale_a0.2,rand_delta,2,313,73,-62.0,True,36
scale_a0.2,rand_delta,2,314,600,-600.0,False,54
scale_a0.2,rand_delta,2,315,14,-3.0,True,11
scale_a0.2,rand_delta,2,316,10,1.0,True,8
scale_a0.2,rand_delta,2,317,18,-7.0,True,14
scale_a0.2,rand_delta,2,318,410,-399.0,True,47
scale_a0.2,rand_delta,2,319,173,-162.0,True,37
scale_a0.2,rand_delta,2,320,45,-34.0,True,19
scale_a0.2,rand_delta,2,321,600,-600.0,False,45
scale_a0.2,rand_delta,2,322,12,-1.0,True,12
scale_a0.2,rand_delta,2,323,43,-32.0,True,33
scale_a0.2,rand_delta,2,324,43,-32.0,True,39
scale_a0.2,rand_delta,2,325,140,-129.0,True,43
scale_a0.2,rand_delta,2,326,38,-27.0,True,29
scale_a0.2,rand_delta,2,327,600,-600.0,False,50
scale_a0.2,rand_delta,2,328,600,-600.0,False,39
scale_a0.2,rand_delta,2,329,57,-46.0,True,40
scale_a0.2,rand_delta,2,330,40,-29.0,True,33
scale_a0.2,rand_delta,2,331,161,-150.0,True,44
scale_a0.2,rand_delta,2,332,281,-270.0,True,41
scale_a0.2,rand_delta,2,333,7,4.0,True,7
scale_a0.2,rand_delta,2,334,600,-600.0,False,52
scale_a0.2,rand_delta,2,335,600,-600.0,False,54
scale_a0.2,rand_delta,2,336,40,-29.0,True,28
scale_a0.2,rand_delta,2,337,23,-12.0,True,15
scale_a0.2,rand_delta,2,338,17,-6.0,True,17
scale_a0.2,rand_delta,2,339,42,-31.0,True,17
scale_a0.2,rand_delta,2,340,513,-502.0,True,52
scale_a0.2,rand_delta,2,341,10,1.0,True,10
scale_a0.2,rand_delta,2,342,48,-37.0,True,22
scale_a0.2,rand_delta,2,343,33,-22.0,True,19
scale_a0.2,rand_delta,2,344,6,5.0,True,6
scale_a0.2,rand_delta,2,345,47,-36.0,True,29
scale_a0.2,rand_delta,2,346,79,-68.0,True,31
scale_a0.2,rand_delta,2,347,41,-30.0,True,33
scale_a0.2,rand_delta,2,348,600,-600.0,False,53
scale_a0.2,rand_delta,2,349,600,-600.0,False,59
scale_a0.2,rand_delta,2,350,20,-9.0,True,14
scale_a0.2,rand_delta,2,351,95,-84.0,True,35
scale_a0.2,rand_delta,2,352,600,-600.0,False,52
scale_a0.2,rand_delta,2,353,312,-301.0,True,46
scale_a0.2,rand_delta,2,354,236,-225.0,True,40
scale_a0.2,rand_delta,2,355,9,2.0,True,9
scale_a0.2,rand_delta,2,356,13,-2.0,True,9
scale_a0.2,rand_delta,2,357,179,-168.0,True,40
scale_a0.2,rand_delta,2,358,7,4.0,True,7
scale_a0.2,rand_delta,2,359,22,-11.0,True,16
scale_a0.2,rand_delta,2,360,12,-1.0,True,12
scale_a0.2,rand_delta,2,361,600,-600.0,False,54
scale_a0.2,rand_delta,2,362,227,-216.0,True,51
scale_a0.2,rand_delta,2,363,13,-2.0,True,13
scale_a0.2,rand_delta,2,364,600,-600.0,False,53
scale_a0.2,rand_delta,2,365,41,-30.0,True,25
scale_a0.2,rand_delta,2,366,600,-600.0,False,46
scale_a0.2,rand_delta,2,367,39,-28.0,True,38
scale_a0.2,rand_delta,2,368,71,-60.0,True,34
scale_a0.2,rand_delta,2,369,600,-600.0,False,47
scale_a0.2,rand_delta,2,370,11,0.0,True,11
scale_a0.2,rand_delta,2,371,41,-30.0,True,20
scale_a0.2,rand_delta,2,372,600,-600.0,False,45
scale_a0.2,rand_delta,2,373,600,-600.0,False,44
scale_a0.2,rand_delta,2,374,59,-48.0,True,40
scale_a0.2,rand_delta,2,375,25,-14.0,True,13
scale_a0.2,rand_delta,2,376,3,8.0,True,3
scale_a0.2,rand_delta,2,377,600,-600.0,False,53
scale_a0.2,rand_delta,2,378,33,-22.0,True,13
scale_a0.2,rand_delta,2,379,600,-600.0,False,45
scale_a0.2,rand_delta,2,380,600,-600.0,False,44
scale_a0.2,rand_delta,2,381,64,-53.0,True,39
scale_a0.2,rand_delta,2,382,7,4.0,True,7
scale_a0.2,rand_delta,2,383,6,5.0,True,6
scale_a0.2,rand_delta,2,384,83,-72.0,True,25
scale_a0.2,rand_delta,2,385,35,-24.0,True,32
scale_a0.2,rand_delta,2,386,172,-161.0,True,44
scale_a0.2,rand_delta,2,387,26,-15.0,True,19
scale_a0.2,rand_delta,2,388,600,-600.0,False,43
scale_a0.2,rand_delta,2,389,86,-75.0,True,22
scale_a0.2,rand_delta,2,390,72,-61.0,True,32
scale_a0.2,rand_delta,2,391,30,-19.0,True,15
scale_a0.2,rand_delta,2,392,18,-7.0,True,15
scale_a0.2,rand_delta,2,393,600,-600.0,False,41
scale_a0.2,rand_delta,2,394,600,-600.0,False,46
scale_a0.2,rand_delta,2,395,69,-58.0,True,32
scale_a0.2,rand_delta,2,396,28,-17.0,True,24
scale_a0.2,rand_delta,2,397,600,-600.0,False,47
scale_a0.2,rand_delta,2,398,58,-47.0,True,17
scale_a0.2,rand_delta,2,399,406,-395.0,True,51
scale_a0.2,rand_delta,2,400,600,-600.0,False,47
scale_a0.2,rand_delta,2,401,600,-600.0,False,41
scale_a0.2,rand_delta,2,402,600,-600.0,False,56
scale_a0.2,rand_delta,2,403,21,-10.0,True,19
scale_a0.2,rand_delta,2,404,59,-48.0,True,25
scale_a0.2,rand_delta,2,405,51,-40.0,True,29
scale_a0.2,rand_delta,2,406,32,-21.0,True,25
scale_a0.2,rand_delta,2,407,2,9.0,True,2
scale_a0.2,rand_delta,2,408,8,3.0,True,8
scale_a0.2,rand_delta,2,409,506,-495.0,True,55
scale_a0.2,rand_delta,2,410,57,-46.0,True,42
scale_a0.2,rand_delta,2,411,47,-36.0,True,21
scale_a0.2,rand_delta,2,412,9,2.0,True,8
scale_a0.2,rand_delta,2,413,47,-36.0,True,44
scale_a0.2,rand_delta,2,414,45,-34.0,True,37
scale_a0.2,rand_delta,2,415,22,-11.0,True,21
scale_a0.2,rand_delta,2,416,29,-18.0,True,23
scale_a0.2,rand_delta,2,417,15,-4.0,True,15
scale_a0.2,rand_delta,2,418,600,-600.0,False,51
scale_a0.2,rand_delta,2,419,600,-600.0,False,43
scale_a0.2,rand_delta,2,420,53,-42.0,True,39
scale_a0.2,rand_delta,2,421,29,-18.0,True,24
scale_a0.2,rand_delta,2,422,34,-23.0,True,23
scale_a0.2,rand_delta,2,423,13,-2.0,True,10
scale_a0.2,rand_delta,2,424,25,-14.0,True,21
scale_a0.2,rand_delta,2,425,2,9.0,True,2
scale_a0.2,rand_delta,2,426,600,-600.0,False,43
scale_a0.2,rand_delta,2,427,600,-600.0,False,49
scale_a0.2,rand_delta,2,428,600,-600.0,False,51
scale_a0.2,rand_delta,2,429,10,1.0,True,10
scale_a0.2,rand_delta,2,430,56,-45.0,True,12
scale_a0.2,rand_delta,2,431,35,-24.0,True,21
scale_a0.2,rand_delta,2,432,119,-108.0,True,42
scale_a0.2,rand_delta,2,433,600,-600.0,False,54
scale_a0.2,rand_delta,2,434,105,-94.0,True,43
scale_a0.2,rand_delta,2,435,136,-125.0,True,53
scale_a0.2,rand_delta,2,436,18,-7.0,True,17
scale_a0.2,rand_delta,2,437,2,9.0,True,2
scale_a0.2,rand_delta,2,438,153,-142.0,True,55
scale_a0.2,rand_delta,2,439,86,-75.0,True,25
scale_a0.2,rand_delta,2,440,18,-7.0,True,18
scale_a0.2,rand_delta,2,441,21,-10.0,True,16
scale_a0.2,rand_delta,2,442,28,-17.0,True,27
scale_a0.2,rand_delta,2,443,23,-12.0,True,20
scale_a0.2,rand_delta,2,444,481,-470.0,True,46
scale_a0.2,rand_delta,2,445,600,-600.0,False,44
scale_a0.2,rand_delta,2,446,17,-6.0,True,15
scale_a0.2,rand_delta,2,447,600,-600.0,False,47
scale_a0.2,rand_delta,2,448,73,-62.0,True,34
scale_a0.2,rand_delta,2,449,600,-600.0,False,56
scale_a0.2,rand_delta,2,450,139,-128.0,True,35
scale_a0.2,rand_delta,2,451,600,-600.0,False,54
scale_a0.2,rand_delta,2,452,600,-600.0,False,41
scale_a0.2,rand_delta,2,453,600,-600.0,False,57
scale_a0.2,rand_delta,2,454,600,-600.0,False,46
scale_a0.2,rand_delta,2,455,266,-255.0,True,20
scale_a0.2,rand_delta,2,456,16,-5.0,True,16
scale_a0.2,rand_delta,2,457,600,-600.0,False,59
scale_a0.2,rand_delta,2,458,422,-411.0,True,51
scale_a0.2,rand_delta,2,459,399,-388.0,True,49
scale_a0.2,rand_delta,2,460,62,-51.0,True,36
scale_a0.2,rand_delta,2,461,7,4.0,True,7
scale_a0.2,rand_delta,2,462,38,-27.0,True,28
scale_a0.2,rand_delta,2,463,600,-600.0,False,54
scale_a0.2,rand_delta,2,464,600,-600.0,False,54
scale_a0.2,rand_delta,2,465,78,-67.0,True,18
scale_a0.2,rand_delta,2,466,60,-49.0,True,27
scale_a0.2,rand_delta,2,467,35,-24.0,True,28
scale_a0.2,rand_delta,2,468,600,-600.0,False,45
scale_a0.2,rand_delta,2,469,414,-403.0,True,49
scale_a0.2,rand_delta,2,470,38,-27.0,True,19
scale_a0.2,rand_delta,2,471,600,-600.0,False,57
scale_a0.2,rand_delta,2,472,12,-1.0,True,12
scale_a0.2,rand_delta,2,473,93,-82.0,True,26
scale_a0.2,rand_delta,2,474,19,-8.0,True,17
scale_a0.2,rand_delta,2,475,43,-32.0,True,31
scale_a0.2,rand_delta,2,476,600,-600.0,False,53
scale_a0.2,rand_delta,2,477,36,-25.0,True,26
scale_a0.2,rand_delta,2,478,600,-600.0,False,45
scale_a0.2,rand_delta,2,479,53,-42.0,True,34
scale_a0.2,rand_delta,2,480,29,-18.0,True,29
scale_a0.2,rand_delta,2,481,10,1.0,True,10
scale_a0.2,rand_delta,2,482,35,-24.0,True,32
scale_a0.2,rand_delta,2,483,38,-27.0,True,27
scale_a0.2,rand_delta,2,484,600,-600.0,False,55
scale_a0.2,rand_delta,2,485,8,3.0,True,8
scale_a0.2,rand_delta,2,486,27,-16.0,True,21
scale_a0.2,rand_delta,2,487,600,-600.0,False,47
scale_a0.2,rand_delta,2,488,600,-600.0,False,51
scale_a0.2,rand_delta,2,489,15,-4.0,True,10
scale_a0.2,rand_delta,2,490,32,-21.0,True,22
scale_a0.2,rand_delta,2,491,6,5.0,True,6
scale_a0.2,rand_delta,2,492,35,-24.0,True,34
scale_a0.2,rand_delta,2,493,45,-34.0,True,28
scale_a0.2,rand_delta,2,494,48,-37.0,True,42
scale_a0.2,rand_delta,2,495,600,-600.0,False,50
scale_a0.2,rand_delta,2,496,12,-1.0,True,9
scale_a0.2,rand_delta,2,497,15,-4.0,True,15
scale_a0.2,rand_delta,2,498,600,-600.0,False,48
scale_a0.2,rand_delta,2,499,62,-51.0,True,33
scale_a0.2,rand_delta,2,500,600,-600.0,False,54
scale_a0.2,rand_delta,2,501,62,-51.0,True,21
scale_a0.2,rand_delta,2,502,27,-16.0,True,25
scale_a0.2,rand_delta,2,503,41,-30.0,True,35
scale_a0.2,rand_delta,2,504,23,-12.0,True,21
scale_a0.2,rand_delta,2,505,341,-330.0,True,56
scale_a0.2,rand_delta,2,506,34,-23.0,True,30
scale_a0.2,rand_delta,2,507,253,-242.0,True,47
scale_a0.2,rand_delta,2,508,32,-21.0,True,32
scale_a0.2,rand_delta,2,509,28,-17.0,True,28
scale_a0.2,rand_delta,2,510,20,-9.0,True,19
scale_a0.2,rand_delta,2,511,223,-212.0,True,42
scale_a0.2,rand_delta,2,512,600,-600.0,False,56
scale_a0.2,rand_delta,2,513,600,-600.0,False,53
scale_a0.2,rand_delta,2,514,58,-47.0,True,40
scale_a0.2,rand_delta,2,515,600,-600.0,False,48
scale_a0.2,rand_delta,2,516,44,-33.0,True,26
scale_a0.2,rand_delta,2,517,600,-600.0,False,52
scale_a0.2,rand_delta,2,518,41,-30.0,True,26
scale_a0.2,rand_delta,2,519,23,-12.0,True,17
scale_a0.2,rand_delta,2,520,99,-88.0,True,33
scale_a0.2,rand_delta,2,521,600,-600.0,False,55
scale_a0.2,rand_delta,2,522,600,-600.0,False,47
scale_a0.2,rand_delta,2,523,23,-12.0,True,23
scale_a0.2,rand_delta,2,524,19,-8.0,True,19
scale_a0.2,rand_delta,2,525,38,-27.0,True,34
scale_a0.2,rand_delta,2,526,9,2.0,True,7
scale_a0.2,rand_delta,2,527,600,-600.0,False,55
scale_a0.2,rand_delta,2,528,25,-14.0,True,21
scale_a0.2,rand_delta,2,529,600,-600.0,False,57
scale_a0.2,rand_delta,2,530,600,-600.0,False,53
scale_a0.2,rand_delta,2,531,600,-600.0,False,52
scale_a0.2,rand_delta,2,532,57,-46.0,True,34
scale_a0.2,rand_delta,2,533,79,-68.0,True,25
scale_a0.2,rand_delta,2,534,7,4.0,True,7
scale_a0.2,rand_delta,2,535,68,-57.0,True,24
scale_a0.2,rand_delta,2,536,36,-25.0,True,34
scale_a0.2,rand_delta,2,537,600,-600.0,False,56
scale_a0.2,rand_delta,2,538,21,-10.0,True,20
scale_a0.2,rand_delta,2,539,50,-39.0,True,33
scale_a0.2,rand_delta,2,540,269,-258.0,True,46
scale_a0.2,rand_delta,2,541,5,6.0,True,5
scale_a0.2,rand_delta,2,542,30,-19.0,True,21
scale_a0.2,rand_delta,2,543,35,-24.0,True,23
scale_a0.2,rand_delta,2,544,45,-34.0,True,32
scale_a0.2,rand_delta,2,545,19,-8.0,True,19
scale_a0.2,rand_delta,2,546,40,-29.0,True,32
scale_a0.2,rand_delta,2,547,378,-367.0,True,50
scale_a0.2,rand_delta,2,548,600,-600.0,False,52
scale_a0.2,rand_delta,2,549,46,-35.0,True,33
scale_a0.2,rand_delta,2,550,600,-600.0,False,52
scale_a0.2,rand_delta,2,551,15,-4.0,True,15
scale_a0.2,rand_delta,2,552,64,-53.0,True,34
scale_a0.2,rand_delta,2,553,54,-43.0,True,38
scale_a0.2,rand_delta,2,554,46,-35.0,True,39
scale_a0.2,rand_delta,2,555,600,-600.0,False,49
scale_a0.2,rand_delta,2,556,27,-16.0,True,27
scale_a0.2,rand_delta,2,557,10,1.0,True,10
scale_a0.2,rand_delta,2,558,600,-600.0,False,51
scale_a0.2,rand_delta,2,559,600,-600.0,False,54
scale_a0.2,rand_delta,2,560,77,-66.0,True,35
scale_a0.2,rand_delta,2,561,48,-37.0,True,44
scale_a0.2,rand_delta,2,562,434,-423.0,True,52
scale_a0.2,rand_delta,2,563,36,-25.0,True,35
scale_a0.2,rand_delta,2,564,13,-2.0,True,13
scale_a0.2,rand_delta,2,565,57,-46.0,True,34
scale_a0.2,rand_delta,2,566,31,-20.0,True,31
scale_a0.2,rand_delta,2,567,600,-600.0,False,40
scale_a0.2,rand_delta,2,568,46,-35.0,True,30
scale_a0.2,rand_delta,2,569,543,-532.0,True,52
scale_a0.2,rand_delta,2,570,600,-600.0,False,56
scale_a0.2,rand_delta,2,571,505,-494.0,True,54
scale_a0.2,rand_delta,2,572,54,-43.0,True,48
scale_a0.2,rand_delta,2,573,333,-322.0,True,52
scale_a0.2,rand_delta,2,574,47,-36.0,True,26
scale_a0.2,rand_delta,2,575,600,-600.0,False,45
scale_a0.2,rand_delta,2,576,600,-600.0,False,54
scale_a0.2,rand_delta,2,577,279,-268.0,True,20
scale_a0.2,rand_delta,2,578,52,-41.0,True,44
scale_a0.2,rand_delta,2,579,45,-34.0,True,44
scale_a0.2,rand_delta,2,580,600,-600.0,False,58
scale_a0.2,rand_delta,2,581,1,10.0,True,1
scale_a0.2,rand_delta,2,582,33,-22.0,True,20
scale_a0.2,rand_delta,2,583,600,-600.0,False,55
scale_a0.2,rand_delta,2,584,41,-30.0,True,25
scale_a0.2,rand_delta,2,585,19,-8.0,True,17
scale_a0.2,rand_delta,2,586,116,-105.0,True,54
scale_a0.2,rand_delta,2,587,37,-26.0,True,31
scale_a0.2,rand_delta,2,588,85,-74.0,True,40
scale_a0.2,rand_delta,2,589,44,-33.0,True,42
scale_a0.2,rand_delta,2,590,51,-40.0,True,44
scale_a0.2,rand_delta,2,591,446,-435.0,True,41
scale_a0.2,rand_delta,2,592,600,-600.0,False,50
scale_a0.2,rand_delta,2,593,600,-600.0,False,55
scale_a0.2,rand_delta,2,594,48,-37.0,True,21
scale_a0.2,rand_delta,2,595,139,-128.0,True,46
scale_a0.2,rand_delta,2,596,567,-556.0,True,41
scale_a0.2,rand_delta,2,597,39,-28.0,True,30
scale_a0.2,rand_delta,2,598,45,-34.0,True,26
scale_a0.2,rand_delta,2,599,600,-600.0,False,55
