maze,agent,seed,episode,policy_acc,cum_trained,cum_skipped
scale_a0.2,kc_delta,0,0,0.2476,600,0
scale_a0.2,kc_delta,0,1,0.2857,1200,0
scale_a0.2,kc_delta,0,2,0.3905,1800,0
scale_a0.2,kc_delta,0,3,0.4317,2400,0
scale_a0.2,kc_delta,0,4,0.4286,2590,0
scale_a0.2,kc_delta,0,5,0.4286,3094,0
scale_a0.2,kc_delta,0,6,0.4571,3694,0
scale_a0.2,kc_delta,0,7,0.4444,4294,0
scale_a0.2,kc_delta,0,8,0.4825,4499,0
scale_a0.2,kc_delta,0,9,0.4825,5099,0
scale_a0.2,kc_delta,0,10,0.4444,5699,0
scale_a0.2,kc_delta,0,11,0.3270,6299,0
scale_a0.2,kc_delta,0,12,0.4286,6884,0
scale_a0.2,kc_delta,0,13,0.4603,7011,0
scale_a0.2,kc_delta,0,14,0.4286,7611,0
scale_a0.2,kc_delta,0,15,0.4286,7681,0
scale_a0.2,kc_delta,0,16,0.4254,8281,0
scale_a0.2,kc_delta,0,17,0.4540,8618,0
scale_a0.2,kc_delta,0,18,0.4381,9218,0
scale_a0.2,kc_delta,0,19,0.4317,9230,0
scale_a0.2,kc_delta,0,20,0.3810,9830,0
scale_a0.2,kc_delta,0,21,0.4190,10023,0
scale_a0.2,kc_delta,0,22,0.4286,10081,0
scale_a0.2,kc_delta,0,23,0.4635,10681,0
scale_a0.2,kc_delta,0,24,0.4603,10709,0
scale_a0.2,kc_delta,0,25,0.4032,11309,0
scale_a0.2,kc_delta,0,26,0.4317,11909,0
scale_a0.2,kc_delta,0,27,0.4381,11915,0
scale_a0.2,kc_delta,0,28,0.4476,12515,0
scale_a0.2,kc_delta,0,29,0.4381,12708,0
scale_a0.2,kc_delta,0,30,0.4349,13308,0
scale_a0.2,kc_delta,0,31,0.4635,13652,0
scale_a0.2,kc_delta,0,32,0.4635,14252,0
scale_a0.2,kc_delta,0,33,0.4476,14852,0
scale_a0.2,kc_delta,0,34,0.4444,14973,0
scale_a0.2,kc_delta,0,35,0.4571,15573,0
scale_a0.2,kc_delta,0,36,0.4349,15843,0
scale_a0.2,kc_delta,0,37,0.4508,16023,0
scale_a0.2,kc_delta,0,38,0.4698,16623,0
scale_a0.2,kc_delta,0,39,0.4571,16992,0
scale_a0.2,kc_delta,0,40,0.4698,17439,0
scale_a0.2,kc_delta,0,41,0.4698,17458,0
scale_a0.2,kc_delta,0,42,0.4762,17599,0
scale_a0.2,kc_delta,0,43,0.4508,18199,0
scale_a0.2,kc_delta,0,44,0.3937,18799,0
scale_a0.2,kc_delta,0,45,0.4222,19399,0
scale_a0.2,kc_delta,0,46,0.4635,19482,0
scale_a0.2,kc_delta,0,47,0.4603,19637,0
scale_a0.2,kc_delta,0,48,0.4762,20090,0
scale_a0.2,kc_delta,0,49,0.4508,20690,0
scale_a0.2,kc_delta,0,50,0.4571,20772,0
scale_a0.2,kc_delta,0,51,0.4540,21372,0
scale_a0.2,kc_delta,0,52,0.4571,21377,0
scale_a0.2,kc_delta,0,53,0.4508,21977,0
scale_a0.2,kc_delta,0,54,0.4508,22577,0
scale_a0.2,kc_delta,0,55,0.4635,23121,0
scale_a0.2,kc_delta,0,56,0.4571,23721,0
scale_a0.2,kc_delta,0,57,0.4476,23912,0
scale_a0.2,kc_delta,0,58,0.4730,24512,0
scale_a0.2,kc_delta,0,59,0.4762,25112,0
scale_a0.2,kc_delta,0,60,0.4476,25712,0
scale_a0.2,kc_delta,0,61,0.4254,26312,0
scale_a0.2,kc_delta,0,62,0.4286,26912,0
scale_a0.2,kc_delta,0,63,0.4794,27197,0
scale_a0.2,kc_delta,0,64,0.4508,27382,0
scale_a0.2,kc_delta,0,65,0.4381,27472,0
scale_a0.2,kc_delta,0,66,0.4508,27527,0
scale_a0.2,kc_delta,0,67,0.4730,28127,0
scale_a0.2,kc_delta,0,68,0.4825,28679,0
scale_a0.2,kc_delta,0,69,0.4254,29279,0
scale_a0.2,kc_delta,0,70,0.4127,29879,0
scale_a0.2,kc_delta,0,71,0.4000,30479,0
scale_a0.2,kc_delta,0,72,0.4317,31079,0
scale_a0.2,kc_delta,0,73,0.4286,31679,0
scale_a0.2,kc_delta,0,74,0.4222,32279,0
scale_a0.2,kc_delta,0,75,0.4286,32358,0
scale_a0.2,kc_delta,0,76,0.4190,32415,0
scale_a0.2,kc_delta,0,77,0.4254,33015,0
scale_a0.2,kc_delta,0,78,0.4254,33615,0
scale_a0.2,kc_delta,0,79,0.4317,33832,0
scale_a0.2,kc_delta,0,80,0.4127,34432,0
scale_a0.2,kc_delta,0,81,0.4159,34616,0
scale_a0.2,kc_delta,0,82,0.4222,34735,0
scale_a0.2,kc_delta,0,83,0.4635,35335,0
scale_a0.2,kc_delta,0,84,0.4349,35935,0
scale_a0.2,kc_delta,0,85,0.4413,36104,0
scale_a0.2,kc_delta,0,86,0.4540,36704,0
scale_a0.2,kc_delta,0,87,0.4540,37304,0
scale_a0.2,kc_delta,0,88,0.4540,37418,0
scale_a0.2,kc_delta,0,89,0.4603,37690,0
scale_a0.2,kc_delta,0,90,0.4571,37742,0
scale_a0.2,kc_delta,0,91,0.4698,38109,0
scale_a0.2,kc_delta,0,92,0.4603,38141,0
scale_a0.2,kc_delta,0,93,0.4825,38741,0
scale_a0.2,kc_delta,0,94,0.4603,39341,0
scale_a0.2,kc_delta,0,95,0.4508,39397,0
scale_a0.2,kc_delta,0,96,0.4381,39549,0
scale_a0.2,kc_delta,0,97,0.4508,39602,0
scale_a0.2,kc_delta,0,98,0.4159,40202,0
scale_a0.2,kc_delta,0,99,0.3937,40802,0
scale_a0.2,kc_delta,0,100,0.3651,41402,0
scale_a0.2,kc_delta,0,101,0.4286,41616,0
scale_a0.2,kc_delta,0,102,0.4254,41619,0
scale_a0.2,kc_delta,0,103,0.4190,42219,0
scale_a0.2,kc_delta,0,104,0.4190,42819,0
scale_a0.2,kc_delta,0,105,0.4190,42827,0
scale_a0.2,kc_delta,0,106,0.3937,43427,0
scale_a0.2,kc_delta,0,107,0.3460,44027,0
scale_a0.2,kc_delta,0,108,0.3587,44627,0
scale_a0.2,kc_delta,0,109,0.3651,45227,0
scale_a0.2,kc_delta,0,110,0.4254,45717,0
scale_a0.2,kc_delta,0,111,0.3905,46317,0
scale_a0.2,kc_delta,0,112,0.3778,46917,0
scale_a0.2,kc_delta,0,113,0.4095,47376,0
scale_a0.2,kc_delta,0,114,0.4222,47976,0
scale_a0.2,kc_delta,0,115,0.4635,48446,0
scale_a0.2,kc_delta,0,116,0.4286,49046,0
scale_a0.2,kc_delta,0,117,0.3937,49646,0
scale_a0.2,kc_delta,0,118,0.3873,50246,0
scale_a0.2,kc_delta,0,119,0.4000,50846,0
scale_a0.2,kc_delta,0,120,0.4254,51446,0
scale_a0.2,kc_delta,0,121,0.4508,52046,0
scale_a0.2,kc_delta,0,122,0.4444,52646,0
scale_a0.2,kc_delta,0,123,0.4540,52749,0
scale_a0.2,kc_delta,0,124,0.4413,53349,0
scale_a0.2,kc_delta,0,125,0.4317,53949,0
scale_a0.2,kc_delta,0,126,0.4317,54549,0
scale_a0.2,kc_delta,0,127,0.3968,55149,0
scale_a0.2,kc_delta,0,128,0.3937,55749,0
scale_a0.2,kc_delta,0,129,0.3968,56349,0
scale_a0.2,kc_delta,0,130,0.4413,56637,0
scale_a0.2,kc_delta,0,131,0.4381,56646,0
scale_a0.2,kc_delta,0,132,0.4190,57048,0
scale_a0.2,kc_delta,0,133,0.4222,57122,0
scale_a0.2,kc_delta,0,134,0.4254,57661,0
scale_a0.2,kc_delta,0,135,0.4254,57889,0
scale_a0.2,kc_delta,0,136,0.4190,57983,0
scale_a0.2,kc_delta,0,137,0.4317,58074,0
scale_a0.2,kc_delta,0,138,0.4254,58674,0
scale_a0.2,kc_delta,0,139,0.4222,59274,0
scale_a0.2,kc_delta,0,140,0.4095,59874,0
scale_a0.2,kc_delta,0,141,0.4254,60474,0
scale_a0.2,kc_delta,0,142,0.4286,61074,0
scale_a0.2,kc_delta,0,143,0.4317,61674,0
scale_a0.2,kc_delta,0,144,0.4286,62274,0
scale_a0.2,kc_delta,0,145,0.4254,62874,0
scale_a0.2,kc_delta,0,146,0.4286,63044,0
scale_a0.2,kc_delta,0,147,0.4286,63644,0
scale_a0.2,kc_delta,0,148,0.4190,63697,0
scale_a0.2,kc_delta,0,149,0.4254,64297,0
scale_a0.2,kc_delta,0,150,0.4222,64352,0
scale_a0.2,kc_delta,0,151,0.4381,64952,0
scale_a0.2,kc_delta,0,152,0.4349,65002,0
scale_a0.2,kc_delta,0,153,0.4317,65094,0
scale_a0.2,kc_delta,0,154,0.4349,65694,0
scale_a0.2,kc_delta,0,155,0.4444,65869,0
scale_a0.2,kc_delta,0,156,0.4444,65893,0
scale_a0.2,kc_delta,0,157,0.4476,66109,0
scale_a0.2,kc_delta,0,158,0.4571,66375,0
scale_a0.2,kc_delta,0,159,0.4540,66975,0
scale_a0.2,kc_delta,0,160,0.4444,67575,0
scale_a0.2,kc_delta,0,161,0.4222,68175,0
scale_a0.2,kc_delta,0,162,0.4222,68177,0
scale_a0.2,kc_delta,0,163,0.4286,68188,0
scale_a0.2,kc_delta,0,164,0.4413,68788,0
scale_a0.2,kc_delta,0,165,0.4508,69388,0
scale_a0.2,kc_delta,0,166,0.4254,69988,0
scale_a0.2,kc_delta,0,167,0.3841,70588,0
scale_a0.2,kc_delta,0,168,0.4127,70924,0
scale_a0.2,kc_delta,0,169,0.4032,71524,0
scale_a0.2,kc_delta,0,170,0.4032,72124,0
scale_a0.2,kc_delta,0,171,0.3968,72277,0
scale_a0.2,kc_delta,0,172,0.4127,72345,0
scale_a0.2,kc_delta,0,173,0.4349,72602,0
scale_a0.2,kc_delta,0,174,0.4349,73202,0
scale_a0.2,kc_delta,0,175,0.4444,73802,0
scale_a0.2,kc_delta,0,176,0.4444,73959,0
scale_a0.2,kc_delta,0,177,0.4254,74559,0
scale_a0.2,kc_delta,0,178,0.4254,75159,0
scale_a0.2,kc_delta,0,179,0.4381,75759,0
scale_a0.2,kc_delta,0,180,0.4381,76359,0
scale_a0.2,kc_delta,0,181,0.4413,76435,0
scale_a0.2,kc_delta,0,182,0.4381,77035,0
scale_a0.2,kc_delta,0,183,0.4444,77635,0
scale_a0.2,kc_delta,0,184,0.4349,77690,0
scale_a0.2,kc_delta,0,185,0.4222,78290,0
scale_a0.2,kc_delta,0,186,0.4032,78890,0
scale_a0.2,kc_delta,0,187,0.4254,79059,0
scale_a0.2,kc_delta,0,188,0.4000,79659,0
scale_a0.2,kc_delta,0,189,0.4095,80259,0
scale_a0.2,kc_delta,0,190,0.4286,80859,0
scale_a0.2,kc_delta,0,191,0.4317,81459,0
scale_a0.2,kc_delta,0,192,0.4286,81495,0
scale_a0.2,kc_delta,0,193,0.4444,82095,0
scale_a0.2,kc_delta,0,194,0.4508,82695,0
scale_a0.2,kc_delta,0,195,0.4698,82972,0
scale_a0.2,kc_delta,0,196,0.4635,83572,0
scale_a0.2,kc_delta,0,197,0.4571,83684,0
scale_a0.2,kc_delta,0,198,0.4508,83736,0
scale_a0.2,kc_delta,0,199,0.4540,84336,0
scale_a0.2,kc_delta,0,200,0.4349,84936,0
scale_a0.2,kc_delta,0,201,0.4540,85536,0
scale_a0.2,kc_delta,0,202,0.4508,86136,0
scale_a0.2,kc_delta,0,203,0.4667,86395,0
scale_a0.2,kc_delta,0,204,0.4667,86995,0
scale_a0.2,kc_delta,0,205,0.4413,87595,0
scale_a0.2,kc_delta,0,206,0.4444,88195,0
scale_a0.2,kc_delta,0,207,0.4476,88795,0
scale_a0.2,kc_delta,0,208,0.4317,89395,0
scale_a0.2,kc_delta,0,209,0.4190,89995,0
scale_a0.2,kc_delta,0,210,0.4095,90595,0
scale_a0.2,kc_delta,0,211,0.4254,90638,0
scale_a0.2,kc_delta,0,212,0.4476,91238,0
scale_a0.2,kc_delta,0,213,0.4444,91838,0
scale_a0.2,kc_delta,0,214,0.4603,92032,0
scale_a0.2,kc_delta,0,215,0.4413,92632,0
scale_a0.2,kc_delta,0,216,0.4540,93232,0
scale_a0.2,kc_delta,0,217,0.4730,93317,0
scale_a0.2,kc_delta,0,218,0.4508,93917,0
scale_a0.2,kc_delta,0,219,0.4603,94517,0
scale_a0.2,kc_delta,0,220,0.4508,95117,0
scale_a0.2,kc_delta,0,221,0.4476,95194,0
scale_a0.2,kc_delta,0,222,0.4444,95794,0
scale_a0.2,kc_delta,0,223,0.4508,96394,0
scale_a0.2,kc_delta,0,224,0.4476,96994,0
scale_a0.2,kc_delta,0,225,0.4413,97594,0
scale_a0.2,kc_delta,0,226,0.4254,98194,0
scale_a0.2,kc_delta,0,227,0.4444,98451,0
scale_a0.2,kc_delta,0,228,0.4508,99051,0
scale_a0.2,kc_delta,0,229,0.4603,99651,0
scale_a0.2,kc_delta,0,230,0.4762,100251,0
scale_a0.2,kc_delta,0,231,0.4825,100442,0
scale_a0.2,kc_delta,0,232,0.4667,100625,0
scale_a0.2,kc_delta,0,233,0.4603,101225,0
scale_a0.2,kc_delta,0,234,0.4540,101825,0
scale_a0.2,kc_delta,0,235,0.4540,101861,0
scale_a0.2,kc_delta,0,236,0.4635,102461,0
scale_a0.2,kc_delta,0,237,0.4730,102544,0
scale_a0.2,kc_delta,0,238,0.4286,103144,0
scale_a0.2,kc_delta,0,239,0.4317,103744,0
scale_a0.2,kc_delta,0,240,0.4444,104344,0
scale_a0.2,kc_delta,0,241,0.4540,104944,0
scale_a0.2,kc_delta,0,242,0.4159,105544,0
scale_a0.2,kc_delta,0,243,0.4000,106059,0
scale_a0.2,kc_delta,0,244,0.4032,106071,0
scale_a0.2,kc_delta,0,245,0.4063,106671,0
scale_a0.2,kc_delta,0,246,0.4095,107271,0
scale_a0.2,kc_delta,0,247,0.4095,107871,0
scale_a0.2,kc_delta,0,248,0.4000,108471,0
scale_a0.2,kc_delta,0,249,0.4603,109071,0
scale_a0.2,kc_delta,0,250,0.4508,109671,0
scale_a0.2,kc_delta,0,251,0.4635,110271,0
scale_a0.2,kc_delta,0,252,0.4794,110871,0
scale_a0.2,kc_delta,0,253,0.4794,111471,0
scale_a0.2,kc_delta,0,254,0.4857,112071,0
scale_a0.2,kc_delta,0,255,0.4508,112671,0
scale_a0.2,kc_delta,0,256,0.4825,113145,0
scale_a0.2,kc_delta,0,257,0.4825,113745,0
scale_a0.2,kc_delta,0,258,0.4825,114345,0
scale_a0.2,kc_delta,0,259,0.4889,114945,0
scale_a0.2,kc_delta,0,260,0.4540,115545,0
scale_a0.2,kc_delta,0,261,0.4952,116145,0
scale_a0.2,kc_delta,0,262,0.5048,116153,0
scale_a0.2,kc_delta,0,263,0.4921,116248,0
scale_a0.2,kc_delta,0,264,0.4889,116254,0
scale_a0.2,kc_delta,0,265,0.4889,116281,0
scale_a0.2,kc_delta,0,266,0.4667,116881,0
scale_a0.2,kc_delta,0,267,0.4635,117481,0
scale_a0.2,kc_delta,0,268,0.4571,117499,0
scale_a0.2,kc_delta,0,269,0.4571,118099,0
scale_a0.2,kc_delta,0,270,0.4222,118699,0
scale_a0.2,kc_delta,0,271,0.4476,118772,0
scale_a0.2,kc_delta,0,272,0.4857,118933,0
scale_a0.2,kc_delta,0,273,0.4730,119533,0
scale_a0.2,kc_delta,0,274,0.4825,119558,0
scale_a0.2,kc_delta,0,275,0.4889,119628,0
scale_a0.2,kc_delta,0,276,0.5016,120228,0
scale_a0.2,kc_delta,0,277,0.4952,120267,0
scale_a0.2,kc_delta,0,278,0.4825,120867,0
scale_a0.2,kc_delta,0,279,0.4794,121467,0
scale_a0.2,kc_delta,0,280,0.4921,122067,0
scale_a0.2,kc_delta,0,281,0.4889,122105,0
scale_a0.2,kc_delta,0,282,0.4857,122705,0
scale_a0.2,kc_delta,0,283,0.4889,122723,0
scale_a0.2,kc_delta,0,284,0.4889,122731,0
scale_a0.2,kc_delta,0,285,0.4857,122750,0
scale_a0.2,kc_delta,0,286,0.4730,123350,0
scale_a0.2,kc_delta,0,287,0.4794,123365,0
scale_a0.2,kc_delta,0,288,0.4286,123965,0
scale_a0.2,kc_delta,0,289,0.4444,124055,0
scale_a0.2,kc_delta,0,290,0.4508,124079,0
scale_a0.2,kc_delta,0,291,0.4286,124679,0
scale_a0.2,kc_delta,0,292,0.4286,124851,0
scale_a0.2,kc_delta,0,293,0.4159,125451,0
scale_a0.2,kc_delta,0,294,0.4286,126051,0
scale_a0.2,kc_delta,0,295,0.4222,126651,0
scale_a0.2,kc_delta,0,296,0.4317,126708,0
scale_a0.2,kc_delta,0,297,0.4317,126721,0
scale_a0.2,kc_delta,0,298,0.4444,126774,0
scale_a0.2,kc_delta,0,299,0.4476,126789,0
scale_a0.2,kc_delta,0,300,0.4476,126791,0
scale_a0.2,kc_delta,0,301,0.4444,127391,0
scale_a0.2,kc_delta,0,302,0.4413,127528,0
scale_a0.2,kc_delta,0,303,0.4381,128128,0
scale_a0.2,kc_delta,0,304,0.4413,128728,0
scale_a0.2,kc_delta,0,305,0.4381,128755,0
scale_a0.2,kc_delta,0,306,0.4635,128866,0
scale_a0.2,kc_delta,0,307,0.4730,129023,0
scale_a0.2,kc_delta,0,308,0.4730,129623,0
scale_a0.2,kc_delta,0,309,0.4921,129678,0
scale_a0.2,kc_delta,0,310,0.4857,130278,0
scale_a0.2,kc_delta,0,311,0.4921,130315,0
scale_a0.2,kc_delta,0,312,0.4762,130915,0
scale_a0.2,kc_delta,0,313,0.4825,130939,0
scale_a0.2,kc_delta,0,314,0.4667,131539,0
scale_a0.2,kc_delta,0,315,0.4857,132139,0
scale_a0.2,kc_delta,0,316,0.4571,132739,0
scale_a0.2,kc_delta,0,317,0.4540,133339,0
scale_a0.2,kc_delta,0,318,0.4635,133353,0
scale_a0.2,kc_delta,0,319,0.4698,133490,0
scale_a0.2,kc_delta,0,320,0.4698,133550,0
scale_a0.2,kc_delta,0,321,0.4730,133607,0
scale_a0.2,kc_delta,0,322,0.4730,133701,0
scale_a0.2,kc_delta,0,323,0.4317,134301,0
scale_a0.2,kc_delta,0,324,0.4540,134354,0
scale_a0.2,kc_delta,0,325,0.4571,134954,0
scale_a0.2,kc_delta,0,326,0.4508,134972,0
scale_a0.2,kc_delta,0,327,0.4540,135001,0
scale_a0.2,kc_delta,0,328,0.4603,135010,0
scale_a0.2,kc_delta,0,329,0.4540,135610,0
scale_a0.2,kc_delta,0,330,0.4635,135898,0
scale_a0.2,kc_delta,0,331,0.4603,135919,0
scale_a0.2,kc_delta,0,332,0.4444,136519,0
scale_a0.2,kc_delta,0,333,0.4667,136601,0
scale_a0.2,kc_delta,0,334,0.4603,136640,0
scale_a0.2,kc_delta,0,335,0.4508,137240,0
scale_a0.2,kc_delta,0,336,0.4444,137840,0
scale_a0.2,kc_delta,0,337,0.4476,137867,0
scale_a0.2,kc_delta,0,338,0.4349,138467,0
scale_a0.2,kc_delta,0,339,0.4381,138478,0
scale_a0.2,kc_delta,0,340,0.4444,138498,0
scale_a0.2,kc_delta,0,341,0.4476,138532,0
scale_a0.2,kc_delta,0,342,0.4571,138584,0
scale_a0.2,kc_delta,0,343,0.4381,139184,0
scale_a0.2,kc_delta,0,344,0.4381,139368,0
scale_a0.2,kc_delta,0,345,0.4286,139968,0
scale_a0.2,kc_delta,0,346,0.4127,140568,0
scale_a0.2,kc_delta,0,347,0.4286,141168,0
scale_a0.2,kc_delta,0,348,0.4349,141768,0
scale_a0.2,kc_delta,0,349,0.4317,141780,0
scale_a0.2,kc_delta,0,350,0.4095,142380,0
scale_a0.2,kc_delta,0,351,0.4381,142470,0
scale_a0.2,kc_delta,0,352,0.4317,142563,0
scale_a0.2,kc_delta,0,353,0.3968,143163,0
scale_a0.2,kc_delta,0,354,0.3778,143763,0
scale_a0.2,kc_delta,0,355,0.4000,144363,0
scale_a0.2,kc_delta,0,356,0.4254,144449,0
scale_a0.2,kc_delta,0,357,0.4317,145049,0
scale_a0.2,kc_delta,0,358,0.4222,145649,0
scale_a0.2,kc_delta,0,359,0.4190,146249,0
scale_a0.2,kc_delta,0,360,0.4222,146849,0
scale_a0.2,kc_delta,0,361,0.4190,147449,0
scale_a0.2,kc_delta,0,362,0.4254,148049,0
scale_a0.2,kc_delta,0,363,0.4286,148122,0
scale_a0.2,kc_delta,0,364,0.4317,148722,0
scale_a0.2,kc_delta,0,365,0.4381,149110,0
scale_a0.2,kc_delta,0,366,0.4476,149129,0
scale_a0.2,kc_delta,0,367,0.4540,149174,0
scale_a0.2,kc_delta,0,368,0.4667,149774,0
scale_a0.2,kc_delta,0,369,0.4762,150374,0
scale_a0.2,kc_delta,0,370,0.4698,150974,0
scale_a0.2,kc_delta,0,371,0.4730,151121,0
scale_a0.2,kc_delta,0,372,0.4698,151153,0
scale_a0.2,kc_delta,0,373,0.4571,151753,0
scale_a0.2,kc_delta,0,374,0.4667,151788,0
scale_a0.2,kc_delta,0,375,0.4762,152388,0
scale_a0.2,kc_delta,0,376,0.4794,152988,0
scale_a0.2,kc_delta,0,377,0.4667,153588,0
scale_a0.2,kc_delta,0,378,0.4984,153659,0
scale_a0.2,kc_delta,0,379,0.4921,153701,0
scale_a0.2,kc_delta,0,380,0.5143,154111,0
scale_a0.2,kc_delta,0,381,0.5111,154711,0
scale_a0.2,kc_delta,0,382,0.5079,154803,0
scale_a0.2,kc_delta,0,383,0.5048,155403,0
scale_a0.2,kc_delta,0,384,0.5111,155413,0
scale_a0.2,kc_delta,0,385,0.5175,155434,0
scale_a0.2,kc_delta,0,386,0.5143,155506,0
scale_a0.2,kc_delta,0,387,0.5175,155828,0
scale_a0.2,kc_delta,0,388,0.5175,156428,0
scale_a0.2,kc_delta,0,389,0.5175,157028,0
scale_a0.2,kc_delta,0,390,0.5175,157034,0
scale_a0.2,kc_delta,0,391,0.5175,157041,0
scale_a0.2,kc_delta,0,392,0.5175,157641,0
scale_a0.2,kc_delta,0,393,0.5175,157908,0
scale_a0.2,kc_delta,0,394,0.4921,158508,0
scale_a0.2,kc_delta,0,395,0.4921,158859,0
scale_a0.2,kc_delta,0,396,0.4889,158872,0
scale_a0.2,kc_delta,0,397,0.4984,158929,0
scale_a0.2,kc_delta,0,398,0.4698,159529,0
scale_a0.2,kc_delta,0,399,0.4825,160129,0
scale_a0.2,kc_delta,0,400,0.4730,160196,0
scale_a0.2,kc_delta,0,401,0.4667,160796,0
scale_a0.2,kc_delta,0,402,0.4667,160820,0
scale_a0.2,kc_delta,0,403,0.4635,161420,0
scale_a0.2,kc_delta,0,404,0.4730,161487,0
scale_a0.2,kc_delta,0,405,0.4857,161533,0
scale_a0.2,kc_delta,0,406,0.4857,162133,0
scale_a0.2,kc_delta,0,407,0.4984,162212,0
scale_a0.2,kc_delta,0,408,0.5111,162272,0
scale_a0.2,kc_delta,0,409,0.5111,162409,0
scale_a0.2,kc_delta,0,410,0.5270,162460,0
scale_a0.2,kc_delta,0,411,0.5048,163060,0
scale_a0.2,kc_delta,0,412,0.4921,163660,0
scale_a0.2,kc_delta,0,413,0.4921,163714,0
scale_a0.2,kc_delta,0,414,0.4952,163750,0
scale_a0.2,kc_delta,0,415,0.4984,163964,0
scale_a0.2,kc_delta,0,416,0.5048,164564,0
scale_a0.2,kc_delta,0,417,0.4952,165164,0
scale_a0.2,kc_delta,0,418,0.4921,165764,0
scale_a0.2,kc_delta,0,419,0.4921,166364,0
scale_a0.2,kc_delta,0,420,0.4825,166964,0
scale_a0.2,kc_delta,0,421,0.4984,167055,0
scale_a0.2,kc_delta,0,422,0.4889,167655,0
scale_a0.2,kc_delta,0,423,0.5048,168209,0
scale_a0.2,kc_delta,0,424,0.5111,168809,0
scale_a0.2,kc_delta,0,425,0.5111,169409,0
scale_a0.2,kc_delta,0,426,0.5270,169686,0
scale_a0.2,kc_delta,0,427,0.4952,170286,0
scale_a0.2,kc_delta,0,428,0.5238,170342,0
scale_a0.2,kc_delta,0,429,0.5206,170349,0
scale_a0.2,kc_delta,0,430,0.5079,170949,0
scale_a0.2,kc_delta,0,431,0.5206,170965,0
scale_a0.2,kc_delta,0,432,0.5143,170979,0
scale_a0.2,kc_delta,0,433,0.4952,171579,0
scale_a0.2,kc_delta,0,434,0.4952,171632,0
scale_a0.2,kc_delta,0,435,0.4921,171692,0
scale_a0.2,kc_delta,0,436,0.4984,171706,0
scale_a0.2,kc_delta,0,437,0.4984,171713,0
scale_a0.2,kc_delta,0,438,0.5016,171749,0
scale_a0.2,kc_delta,0,439,0.4825,172349,0
scale_a0.2,kc_delta,0,440,0.4794,172949,0
scale_a0.2,kc_delta,0,441,0.4857,173549,0
scale_a0.2,kc_delta,0,442,0.4825,173682,0
scale_a0.2,kc_delta,0,443,0.4952,173708,0
scale_a0.2,kc_delta,0,444,0.4825,174308,0
scale_a0.2,kc_delta,0,445,0.4762,174326,0
scale_a0.2,kc_delta,0,446,0.4730,174366,0
scale_a0.2,kc_delta,0,447,0.4794,174966,0
scale_a0.2,kc_delta,0,448,0.4794,174979,0
scale_a0.2,kc_delta,0,449,0.4921,175001,0
scale_a0.2,kc_delta,0,450,0.4889,175008,0
scale_a0.2,kc_delta,0,451,0.4921,175608,0
scale_a0.2,kc_delta,0,452,0.4635,176208,0
scale_a0.2,kc_delta,0,453,0.4730,176332,0
scale_a0.2,kc_delta,0,454,0.4762,176356,0
scale_a0.2,kc_delta,0,455,0.4667,176956,0
scale_a0.2,kc_delta,0,456,0.4667,177005,0
scale_a0.2,kc_delta,0,457,0.4730,177371,0
scale_a0.2,kc_delta,0,458,0.4635,177971,0
scale_a0.2,kc_delta,0,459,0.4698,178051,0
scale_a0.2,kc_delta,0,460,0.4730,178651,0
scale_a0.2,kc_delta,0,461,0.4698,178666,0
scale_a0.2,kc_delta,0,462,0.4444,179266,0
scale_a0.2,kc_delta,0,463,0.4508,179300,0
scale_a0.2,kc_delta,0,464,0.4476,179313,0
scale_a0.2,kc_delta,0,465,0.4508,179913,0
scale_a0.2,kc_delta,0,466,0.4540,179938,0
scale_a0.2,kc_delta,0,467,0.4698,179996,0
scale_a0.2,kc_delta,0,468,0.4762,180596,0
scale_a0.2,kc_delta,0,469,0.4921,181196,0
scale_a0.2,kc_delta,0,470,0.4921,181648,0
scale_a0.2,kc_delta,0,471,0.4857,181658,0
scale_a0.2,kc_delta,0,472,0.4698,182258,0
scale_a0.2,kc_delta,0,473,0.4571,182655,0
scale_a0.2,kc_delta,0,474,0.4667,182708,0
scale_a0.2,kc_delta,0,475,0.4698,183135,0
scale_a0.2,kc_delta,0,476,0.4730,183259,0
scale_a0.2,kc_delta,0,477,0.4889,183291,0
scale_a0.2,kc_delta,0,478,0.4825,183891,0
scale_a0.2,kc_delta,0,479,0.4667,184491,0
scale_a0.2,kc_delta,0,480,0.4603,184550,0
scale_a0.2,kc_delta,0,481,0.4476,184616,0
scale_a0.2,kc_delta,0,482,0.4317,185216,0
scale_a0.2,kc_delta,0,483,0.4317,185219,0
scale_a0.2,kc_delta,0,484,0.4508,185259,0
scale_a0.2,kc_delta,0,485,0.4571,185859,0
scale_a0.2,kc_delta,0,486,0.4635,185908,0
scale_a0.2,kc_delta,0,487,0.4286,186508,0
scale_a0.2,kc_delta,0,488,0.4381,186529,0
scale_a0.2,kc_delta,0,489,0.4381,187129,0
scale_a0.2,kc_delta,0,490,0.4444,187157,0
scale_a0.2,kc_delta,0,491,0.4317,187757,0
scale_a0.2,kc_delta,0,492,0.4476,188357,0
scale_a0.2,kc_delta,0,493,0.4476,188957,0
scale_a0.2,kc_delta,0,494,0.4921,189406,0
scale_a0.2,kc_delta,0,495,0.4825,189453,0
scale_a0.2,kc_delta,0,496,0.4508,190053,0
scale_a0.2,kc_delta,0,497,0.4635,190653,0
scale_a0.2,kc_delta,0,498,0.4603,191253,0
scale_a0.2,kc_delta,0,499,0.4603,191273,0
scale_a0.2,kc_delta,0,500,0.4540,191873,0
scale_a0.2,kc_delta,0,501,0.4571,191888,0
scale_a0.2,kc_delta,0,502,0.4667,192488,0
scale_a0.2,kc_delta,0,503,0.4667,192494,0
scale_a0.2,kc_delta,0,504,0.4667,192502,0
scale_a0.2,kc_delta,0,505,0.4698,192514,0
scale_a0.2,kc_delta,0,506,0.4603,192566,0
scale_a0.2,kc_delta,0,507,0.4667,193166,0
scale_a0.2,kc_delta,0,508,0.4476,193766,0
scale_a0.2,kc_delta,0,509,0.4794,194366,0
scale_a0.2,kc_delta,0,510,0.4857,194966,0
scale_a0.2,kc_delta,0,511,0.4603,195566,0
scale_a0.2,kc_delta,0,512,0.4794,195621,0
scale_a0.2,kc_delta,0,513,0.4825,195702,0
scale_a0.2,kc_delta,0,514,0.4571,196302,0
scale_a0.2,kc_delta,0,515,0.4730,196902,0
scale_a0.2,kc_delta,0,516,0.4698,197502,0
scale_a0.2,kc_delta,0,517,0.4794,197605,0
scale_a0.2,kc_delta,0,518,0.4794,197627,0
scale_a0.2,kc_delta,0,519,0.4825,197634,0
scale_a0.2,kc_delta,0,520,0.4730,197704,0
scale_a0.2,kc_delta,0,521,0.4540,198304,0
scale_a0.2,kc_delta,0,522,0.4540,198311,0
scale_a0.2,kc_delta,0,523,0.4667,198911,0
scale_a0.2,kc_delta,0,524,0.4698,199511,0
scale_a0.2,kc_delta,0,525,0.4857,200111,0
scale_a0.2,kc_delta,0,526,0.4921,200192,0
scale_a0.2,kc_delta,0,527,0.5016,200792,0
scale_a0.2,kc_delta,0,528,0.5016,200840,0
scale_a0.2,kc_delta,0,529,0.4984,201440,0
scale_a0.2,kc_delta,0,530,0.5048,202040,0
scale_a0.2,kc_delta,0,531,0.5111,202640,0
scale_a0.2,kc_delta,0,532,0.5143,202651,0
scale_a0.2,kc_delta,0,533,0.5016,202907,0
scale_a0.2,kc_delta,0,534,0.5048,202915,0
scale_a0.2,kc_delta,0,535,0.5016,203515,0
scale_a0.2,kc_delta,0,536,0.4984,204115,0
scale_a0.2,kc_delta,0,537,0.4857,204715,0
scale_a0.2,kc_delta,0,538,0.5016,204765,0
scale_a0.2,kc_delta,0,539,0.4984,204780,0
scale_a0.2,kc_delta,0,540,0.4921,204857,0
scale_a0.2,kc_delta,0,541,0.4857,205457,0
scale_a0.2,kc_delta,0,542,0.4889,206057,0
scale_a0.2,kc_delta,0,543,0.4889,206092,0
scale_a0.2,kc_delta,0,544,0.4667,206692,0
scale_a0.2,kc_delta,0,545,0.4698,207292,0
scale_a0.2,kc_delta,0,546,0.4698,207329,0
scale_a0.2,kc_delta,0,547,0.4889,207929,0
scale_a0.2,kc_delta,0,548,0.4794,208529,0
scale_a0.2,kc_delta,0,549,0.4857,208691,0
scale_a0.2,kc_delta,0,550,0.4825,208700,0
scale_a0.2,kc_delta,0,551,0.4794,209300,0
scale_a0.2,kc_delta,0,552,0.4762,209900,0
scale_a0.2,kc_delta,0,553,0.4508,210500,0
scale_a0.2,kc_delta,0,554,0.4667,211100,0
scale_a0.2,kc_delta,0,555,0.4952,211700,0
scale_a0.2,kc_delta,0,556,0.4889,211712,0
scale_a0.2,kc_delta,0,557,0.4921,211758,0
scale_a0.2,kc_delta,0,558,0.4921,212358,0
scale_a0.2,kc_delta,0,559,0.5016,212750,0
scale_a0.2,kc_delta,0,560,0.4825,213350,0
scale_a0.2,kc_delta,0,561,0.4889,213950,0
scale_a0.2,kc_delta,0,562,0.5016,214149,0
scale_a0.2,kc_delta,0,563,0.4952,214749,0
scale_a0.2,kc_delta,0,564,0.4889,215349,0
scale_a0.2,kc_delta,0,565,0.4508,215949,0
scale_a0.2,kc_delta,0,566,0.4921,216272,0
scale_a0.2,kc_delta,0,567,0.4794,216872,0
scale_a0.2,kc_delta,0,568,0.4730,217134,0
scale_a0.2,kc_delta,0,569,0.4825,217168,0
scale_a0.2,kc_delta,0,570,0.4921,217246,0
scale_a0.2,kc_delta,0,571,0.4889,217254,0
scale_a0.2,kc_delta,0,572,0.4889,217269,0
scale_a0.2,kc_delta,0,573,0.4762,217470,0
scale_a0.2,kc_delta,0,574,0.4921,218070,0
scale_a0.2,kc_delta,0,575,0.4857,218084,0
scale_a0.2,kc_delta,0,576,0.4825,218684,0
scale_a0.2,kc_delta,0,577,0.4667,219284,0
scale_a0.2,kc_delta,0,578,0.4857,219387,0
scale_a0.2,kc_delta,0,579,0.4667,219987,0
scale_a0.2,kc_delta,0,580,0.4698,220007,0
scale_a0.2,kc_delta,0,581,0.4825,220054,0
scale_a0.2,kc_delta,0,582,0.4825,220524,0
scale_a0.2,kc_delta,0,583,0.4667,221124,0
scale_a0.2,kc_delta,0,584,0.4540,221724,0
scale_a0.2,kc_delta,0,585,0.4603,222324,0
scale_a0.2,kc_delta,0,586,0.5048,222924,0
scale_a0.2,kc_delta,0,587,0.4921,223524,0
scale_a0.2,kc_delta,0,588,0.5143,223652,0
scale_a0.2,kc_delta,0,589,0.4825,224252,0
scale_a0.2,kc_delta,0,590,0.4984,224852,0
scale_a0.2,kc_delta,0,591,0.5048,224927,0
scale_a0.2,kc_delta,0,592,0.5016,225527,0
scale_a0.2,kc_delta,0,593,0.4984,225539,0
scale_a0.2,kc_delta,0,594,0.5143,225585,0
scale_a0.2,kc_delta,0,595,0.5206,226185,0
scale_a0.2,kc_delta,0,596,0.5206,226195,0
scale_a0.2,kc_delta,0,597,0.5079,226197,0
scale_a0.2,kc_delta,0,598,0.5079,226220,0
scale_a0.2,kc_delta,0,599,0.5079,226820,0
scale_a0.2,rand_delta,0,0,0.1873,600,0
scale_a0.2,rand_delta,0,1,0.2794,1200,0
scale_a0.2,rand_delta,0,2,0.4190,1800,0
scale_a0.2,rand_delta,0,3,0.4730,2170,0
scale_a0.2,rand_delta,0,4,0.4698,2271,0
scale_a0.2,rand_delta,0,5,0.4921,2760,0
scale_a0.2,rand_delta,0,6,0.4349,3360,0
scale_a0.2,rand_delta,0,7,0.3556,3960,0
scale_a0.2,rand_delta,0,8,0.4857,4202,0
scale_a0.2,rand_delta,0,9,0.5079,4802,0
scale_a0.2,rand_delta,0,10,0.5841,5109,0
scale_a0.2,rand_delta,0,11,0.5746,5709,0
scale_a0.2,rand_delta,0,12,0.6159,5837,0
scale_a0.2,rand_delta,0,13,0.6444,5991,0
scale_a0.2,rand_delta,0,14,0.5651,6591,0
scale_a0.2,rand_delta,0,15,0.5810,6614,0
scale_a0.2,rand_delta,0,16,0.4254,7214,0
scale_a0.2,rand_delta,0,17,0.5175,7289,0
scale_a0.2,rand_delta,0,18,0.4032,7889,0
scale_a0.2,rand_delta,0,19,0.4413,7911,0
scale_a0.2,rand_delta,0,20,0.4254,8511,0
scale_a0.2,rand_delta,0,21,0.4921,8627,0
scale_a0.2,rand_delta,0,22,0.5302,8663,0
scale_a0.2,rand_delta,0,23,0.6381,8987,0
scale_a0.2,rand_delta,0,24,0.6254,8997,0
scale_a0.2,rand_delta,0,25,0.6413,9597,0
scale_a0.2,rand_delta,0,26,0.6095,10197,0
scale_a0.2,rand_delta,0,27,0.6000,10208,0
scale_a0.2,rand_delta,0,28,0.6222,10624,0
scale_a0.2,rand_delta,0,29,0.6317,10654,0
scale_a0.2,rand_delta,0,30,0.6444,11254,0
scale_a0.2,rand_delta,0,31,0.6698,11291,0
scale_a0.2,rand_delta,0,32,0.6508,11891,0
scale_a0.2,rand_delta,0,33,0.6540,12491,0
scale_a0.2,rand_delta,0,34,0.6603,12543,0
scale_a0.2,rand_delta,0,35,0.6698,13143,0
scale_a0.2,rand_delta,0,36,0.6984,13325,0
scale_a0.2,rand_delta,0,37,0.6921,13355,0
scale_a0.2,rand_delta,0,38,0.6921,13420,0
scale_a0.2,rand_delta,0,39,0.7079,13559,0
scale_a0.2,rand_delta,0,40,0.7111,13597,0
scale_a0.2,rand_delta,0,41,0.6984,13611,0
scale_a0.2,rand_delta,0,42,0.6921,13653,0
scale_a0.2,rand_delta,0,43,0.6921,13756,0
scale_a0.2,rand_delta,0,44,0.6857,14356,0
scale_a0.2,rand_delta,0,45,0.6667,14956,0
scale_a0.2,rand_delta,0,46,0.6889,14982,0
scale_a0.2,rand_delta,0,47,0.6952,15113,0
scale_a0.2,rand_delta,0,48,0.6794,15179,0
scale_a0.2,rand_delta,0,49,0.6984,15653,0
scale_a0.2,rand_delta,0,50,0.6952,15700,0
scale_a0.2,rand_delta,0,51,0.6794,16300,0
scale_a0.2,rand_delta,0,52,0.6889,16307,0
scale_a0.2,rand_delta,0,53,0.7016,16704,0
scale_a0.2,rand_delta,0,54,0.6508,17304,0
scale_a0.2,rand_delta,0,55,0.7270,17442,0
scale_a0.2,rand_delta,0,56,0.7143,17858,0
scale_a0.2,rand_delta,0,57,0.7079,17900,0
scale_a0.2,rand_delta,0,58,0.7492,18108,0
scale_a0.2,rand_delta,0,59,0.7429,18708,0
scale_a0.2,rand_delta,0,60,0.7333,18754,0
scale_a0.2,rand_delta,0,61,0.7016,19220,0
scale_a0.2,rand_delta,0,62,0.6222,19820,0
scale_a0.2,rand_delta,0,63,0.6540,19898,0
scale_a0.2,rand_delta,0,64,0.6571,19937,0
scale_a0.2,rand_delta,0,65,0.6667,19971,0
scale_a0.2,rand_delta,0,66,0.6635,20020,0
scale_a0.2,rand_delta,0,67,0.7270,20539,0
scale_a0.2,rand_delta,0,68,0.7206,20571,0
scale_a0.2,rand_delta,0,69,0.7016,21171,0
scale_a0.2,rand_delta,0,70,0.7143,21384,0
scale_a0.2,rand_delta,0,71,0.6857,21984,0
scale_a0.2,rand_delta,0,72,0.7206,22173,0
scale_a0.2,rand_delta,0,73,0.7048,22773,0
scale_a0.2,rand_delta,0,74,0.6349,23373,0
scale_a0.2,rand_delta,0,75,0.7111,23512,0
scale_a0.2,rand_delta,0,76,0.7111,23575,0
scale_a0.2,rand_delta,0,77,0.6381,24175,0
scale_a0.2,rand_delta,0,78,0.7429,24362,0
scale_a0.2,rand_delta,0,79,0.7492,24450,0
scale_a0.2,rand_delta,0,80,0.7587,24485,0
scale_a0.2,rand_delta,0,81,0.7556,24521,0
scale_a0.2,rand_delta,0,82,0.7683,24571,0
scale_a0.2,rand_delta,0,83,0.7079,25171,0
scale_a0.2,rand_delta,0,84,0.6889,25771,0
scale_a0.2,rand_delta,0,85,0.7492,25927,0
scale_a0.2,rand_delta,0,86,0.6952,26527,0
scale_a0.2,rand_delta,0,87,0.6667,27127,0
scale_a0.2,rand_delta,0,88,0.7429,27214,0
scale_a0.2,rand_delta,0,89,0.7365,27247,0
scale_a0.2,rand_delta,0,90,0.7206,27295,0
scale_a0.2,rand_delta,0,91,0.7206,27353,0
scale_a0.2,rand_delta,0,92,0.7175,27405,0
scale_a0.2,rand_delta,0,93,0.6889,28005,0
scale_a0.2,rand_delta,0,94,0.6635,28605,0
scale_a0.2,rand_delta,0,95,0.6921,28686,0
scale_a0.2,rand_delta,0,96,0.7048,28776,0
scale_a0.2,rand_delta,0,97,0.7016,28830,0
scale_a0.2,rand_delta,0,98,0.7079,29430,0
scale_a0.2,rand_delta,0,99,0.7397,30012,0
scale_a0.2,rand_delta,0,100,0.5175,30612,0
scale_a0.2,rand_delta,0,101,0.6952,30754,0
scale_a0.2,rand_delta,0,102,0.6952,30757,0
scale_a0.2,rand_delta,0,103,0.6349,31357,0
scale_a0.2,rand_delta,0,104,0.7016,31775,0
scale_a0.2,rand_delta,0,105,0.7048,31779,0
scale_a0.2,rand_delta,0,106,0.6952,31821,0
scale_a0.2,rand_delta,0,107,0.6000,32421,0
scale_a0.2,rand_delta,0,108,0.5397,33021,0
scale_a0.2,rand_delta,0,109,0.5492,33621,0
scale_a0.2,rand_delta,0,110,0.6603,33804,0
scale_a0.2,rand_delta,0,111,0.7397,34404,0
scale_a0.2,rand_delta,0,112,0.6984,35004,0
scale_a0.2,rand_delta,0,113,0.7175,35108,0
scale_a0.2,rand_delta,0,114,0.7270,35289,0
scale_a0.2,rand_delta,0,115,0.7365,35371,0
scale_a0.2,rand_delta,0,116,0.7302,35437,0
scale_a0.2,rand_delta,0,117,0.7365,36037,0
scale_a0.2,rand_delta,0,118,0.6857,36637,0
scale_a0.2,rand_delta,0,119,0.7238,36721,0
scale_a0.2,rand_delta,0,120,0.7397,36805,0
scale_a0.2,rand_delta,0,121,0.7683,36855,0
scale_a0.2,rand_delta,0,122,0.7429,37455,0
scale_a0.2,rand_delta,0,123,0.7302,37475,0
scale_a0.2,rand_delta,0,124,0.7333,38075,0
scale_a0.2,rand_delta,0,125,0.6984,38675,0
scale_a0.2,rand_delta,0,126,0.7206,38749,0
scale_a0.2,rand_delta,0,127,0.6063,39349,0
scale_a0.2,rand_delta,0,128,0.6349,39949,0
scale_a0.2,rand_delta,0,129,0.6444,40549,0
scale_a0.2,rand_delta,0,130,0.6889,40667,0
scale_a0.2,rand_delta,0,131,0.6857,40674,0
scale_a0.2,rand_delta,0,132,0.6921,40732,0
scale_a0.2,rand_delta,0,133,0.7048,40791,0
scale_a0.2,rand_delta,0,134,0.7397,40847,0
scale_a0.2,rand_delta,0,135,0.7778,40910,0
scale_a0.2,rand_delta,0,136,0.7841,40948,0
scale_a0.2,rand_delta,0,137,0.7619,40975,0
scale_a0.2,rand_delta,0,138,0.7556,41575,0
scale_a0.2,rand_delta,0,139,0.7651,41644,0
scale_a0.2,rand_delta,0,140,0.7492,41697,0
scale_a0.2,rand_delta,0,141,0.7429,42297,0
scale_a0.2,rand_delta,0,142,0.7587,42351,0
scale_a0.2,rand_delta,0,143,0.7587,42951,0
scale_a0.2,rand_delta,0,144,0.7270,43551,0
scale_a0.2,rand_delta,0,145,0.7524,43610,0
scale_a0.2,rand_delta,0,146,0.7587,43675,0
scale_a0.2,rand_delta,0,147,0.7524,44275,0
scale_a0.2,rand_delta,0,148,0.7524,44310,0
scale_a0.2,rand_delta,0,149,0.7492,44353,0
scale_a0.2,rand_delta,0,150,0.7333,44389,0
scale_a0.2,rand_delta,0,151,0.6794,44989,0
scale_a0.2,rand_delta,0,152,0.7143,45040,0
scale_a0.2,rand_delta,0,153,0.7365,45091,0
scale_a0.2,rand_delta,0,154,0.7079,45691,0
scale_a0.2,rand_delta,0,155,0.7143,45727,0
scale_a0.2,rand_delta,0,156,0.7175,45769,0
scale_a0.2,rand_delta,0,157,0.7492,45857,0
scale_a0.2,rand_delta,0,158,0.7524,45896,0
scale_a0.2,rand_delta,0,159,0.7333,46050,0
scale_a0.2,rand_delta,0,160,0.7429,46106,0
scale_a0.2,rand_delta,0,161,0.7556,46706,0
scale_a0.2,rand_delta,0,162,0.7587,46708,0
scale_a0.2,rand_delta,0,163,0.7619,46713,0
scale_a0.2,rand_delta,0,164,0.7492,47313,0
scale_a0.2,rand_delta,0,165,0.7270,47913,0
scale_a0.2,rand_delta,0,166,0.7333,47958,0
scale_a0.2,rand_delta,0,167,0.7175,48558,0
scale_a0.2,rand_delta,0,168,0.7333,48637,0
scale_a0.2,rand_delta,0,169,0.7556,48811,0
scale_a0.2,rand_delta,0,170,0.7619,48863,0
scale_a0.2,rand_delta,0,171,0.7524,48887,0
scale_a0.2,rand_delta,0,172,0.7492,48897,0
scale_a0.2,rand_delta,0,173,0.7683,49000,0
scale_a0.2,rand_delta,0,174,0.7651,49239,0
scale_a0.2,rand_delta,0,175,0.7651,49839,0
scale_a0.2,rand_delta,0,176,0.7651,49907,0
scale_a0.2,rand_delta,0,177,0.7714,50507,0
scale_a0.2,rand_delta,0,178,0.6032,51107,0
scale_a0.2,rand_delta,0,179,0.6032,51707,0
scale_a0.2,rand_delta,0,180,0.5968,52307,0
scale_a0.2,rand_delta,0,181,0.6508,52394,0
scale_a0.2,rand_delta,0,182,0.7333,52994,0
scale_a0.2,rand_delta,0,183,0.5841,53594,0
scale_a0.2,rand_delta,0,184,0.6413,53659,0
scale_a0.2,rand_delta,0,185,0.6762,54259,0
scale_a0.2,rand_delta,0,186,0.6889,54307,0
scale_a0.2,rand_delta,0,187,0.7111,54325,0
scale_a0.2,rand_delta,0,188,0.7048,54925,0
scale_a0.2,rand_delta,0,189,0.6508,55525,0
scale_a0.2,rand_delta,0,190,0.6730,55596,0
scale_a0.2,rand_delta,0,191,0.7079,55632,0
scale_a0.2,rand_delta,0,192,0.7048,55647,0
scale_a0.2,rand_delta,0,193,0.6508,56247,0
scale_a0.2,rand_delta,0,194,0.6921,56337,0
scale_a0.2,rand_delta,0,195,0.7143,56390,0
scale_a0.2,rand_delta,0,196,0.7143,56990,0
scale_a0.2,rand_delta,0,197,0.7175,57023,0
scale_a0.2,rand_delta,0,198,0.7143,57125,0
scale_a0.2,rand_delta,0,199,0.7238,57217,0
scale_a0.2,rand_delta,0,200,0.7270,57817,0
scale_a0.2,rand_delta,0,201,0.6476,58417,0
scale_a0.2,rand_delta,0,202,0.6476,59017,0
scale_a0.2,rand_delta,0,203,0.6730,59069,0
scale_a0.2,rand_delta,0,204,0.6762,59669,0
scale_a0.2,rand_delta,0,205,0.6222,60269,0
scale_a0.2,rand_delta,0,206,0.6603,60357,0
scale_a0.2,rand_delta,0,207,0.7143,60423,0
scale_a0.2,rand_delta,0,208,0.6984,61023,0
scale_a0.2,rand_delta,0,209,0.6603,61623,0
scale_a0.2,rand_delta,0,210,0.6063,62223,0
scale_a0.2,rand_delta,0,211,0.6571,62357,0
scale_a0.2,rand_delta,0,212,0.7079,62453,0
scale_a0.2,rand_delta,0,213,0.7079,62500,0
scale_a0.2,rand_delta,0,214,0.7111,62535,0
scale_a0.2,rand_delta,0,215,0.7206,62586,0
scale_a0.2,rand_delta,0,216,0.7111,63186,0
scale_a0.2,rand_delta,0,217,0.7079,63256,0
scale_a0.2,rand_delta,0,218,0.7111,63856,0
scale_a0.2,rand_delta,0,219,0.7048,63909,0
scale_a0.2,rand_delta,0,220,0.6222,64509,0
scale_a0.2,rand_delta,0,221,0.6254,64515,0
scale_a0.2,rand_delta,0,222,0.5492,65115,0
scale_a0.2,rand_delta,0,223,0.5905,65715,0
scale_a0.2,rand_delta,0,224,0.6571,65824,0
scale_a0.2,rand_delta,0,225,0.6635,65875,0
scale_a0.2,rand_delta,0,226,0.6952,66475,0
scale_a0.2,rand_delta,0,227,0.6952,66499,0
scale_a0.2,rand_delta,0,228,0.6952,67099,0
scale_a0.2,rand_delta,0,229,0.7079,67240,0
scale_a0.2,rand_delta,0,230,0.6921,67840,0
scale_a0.2,rand_delta,0,231,0.6952,67929,0
scale_a0.2,rand_delta,0,232,0.6889,67950,0
scale_a0.2,rand_delta,0,233,0.6921,68550,0
scale_a0.2,rand_delta,0,234,0.6984,68626,0
scale_a0.2,rand_delta,0,235,0.7016,68642,0
scale_a0.2,rand_delta,0,236,0.7079,68697,0
scale_a0.2,rand_delta,0,237,0.6921,68758,0
scale_a0.2,rand_delta,0,238,0.5841,69358,0
scale_a0.2,rand_delta,0,239,0.6095,69958,0
scale_a0.2,rand_delta,0,240,0.6794,70185,0
scale_a0.2,rand_delta,0,241,0.7048,70240,0
scale_a0.2,rand_delta,0,242,0.6540,70840,0
scale_a0.2,rand_delta,0,243,0.6952,70976,0
scale_a0.2,rand_delta,0,244,0.6921,70987,0
scale_a0.2,rand_delta,0,245,0.6921,71587,0
scale_a0.2,rand_delta,0,246,0.6889,71629,0
scale_a0.2,rand_delta,0,247,0.6889,71676,0
scale_a0.2,rand_delta,0,248,0.6952,72276,0
scale_a0.2,rand_delta,0,249,0.6889,72323,0
scale_a0.2,rand_delta,0,250,0.7111,72923,0
scale_a0.2,rand_delta,0,251,0.7016,73020,0
scale_a0.2,rand_delta,0,252,0.6889,73620,0
scale_a0.2,rand_delta,0,253,0.6063,74220,0
scale_a0.2,rand_delta,0,254,0.6413,74602,0
scale_a0.2,rand_delta,0,255,0.6349,75202,0
scale_a0.2,rand_delta,0,256,0.6762,75266,0
scale_a0.2,rand_delta,0,257,0.6921,75405,0
scale_a0.2,rand_delta,0,258,0.6889,75445,0
scale_a0.2,rand_delta,0,259,0.6730,76045,0
scale_a0.2,rand_delta,0,260,0.6413,76645,0
scale_a0.2,rand_delta,0,261,0.6794,76792,0
scale_a0.2,rand_delta,0,262,0.6762,76799,0
scale_a0.2,rand_delta,0,263,0.6825,76831,0
scale_a0.2,rand_delta,0,264,0.6794,76837,0
scale_a0.2,rand_delta,0,265,0.6825,76869,0
scale_a0.2,rand_delta,0,266,0.6857,76930,0
scale_a0.2,rand_delta,0,267,0.6794,76981,0
scale_a0.2,rand_delta,0,268,0.6921,77046,0
scale_a0.2,rand_delta,0,269,0.6825,77646,0
scale_a0.2,rand_delta,0,270,0.6889,78124,0
scale_a0.2,rand_delta,0,271,0.6921,78186,0
scale_a0.2,rand_delta,0,272,0.7079,78230,0
scale_a0.2,rand_delta,0,273,0.6762,78830,0
scale_a0.2,rand_delta,0,274,0.6825,78841,0
scale_a0.2,rand_delta,0,275,0.6857,78882,0
scale_a0.2,rand_delta,0,276,0.6921,79482,0
scale_a0.2,rand_delta,0,277,0.7206,79548,0
scale_a0.2,rand_delta,0,278,0.6952,79592,0
scale_a0.2,rand_delta,0,279,0.7048,80192,0
scale_a0.2,rand_delta,0,280,0.6889,80792,0
scale_a0.2,rand_delta,0,281,0.6984,80827,0
scale_a0.2,rand_delta,0,282,0.6667,81427,0
scale_a0.2,rand_delta,0,283,0.6857,81455,0
scale_a0.2,rand_delta,0,284,0.6857,81463,0
scale_a0.2,rand_delta,0,285,0.6889,81484,0
scale_a0.2,rand_delta,0,286,0.7079,81590,0
scale_a0.2,rand_delta,0,287,0.7111,81625,0
scale_a0.2,rand_delta,0,288,0.6952,82225,0
scale_a0.2,rand_delta,0,289,0.6921,82258,0
scale_a0.2,rand_delta,0,290,0.6857,82280,0
scale_a0.2,rand_delta,0,291,0.6762,82880,0
scale_a0.2,rand_delta,0,292,0.6921,83019,0
scale_a0.2,rand_delta,0,293,0.6952,83619,0
scale_a0.2,rand_delta,0,294,0.7270,84219,0
scale_a0.2,rand_delta,0,295,0.7270,84500,0
scale_a0.2,rand_delta,0,296,0.7270,84521,0
scale_a0.2,rand_delta,0,297,0.7333,84534,0
scale_a0.2,rand_delta,0,298,0.7302,84540,0
scale_a0.2,rand_delta,0,299,0.7270,84564,0
scale_a0.2,rand_delta,0,300,0.7270,84566,0
scale_a0.2,rand_delta,0,301,0.7238,84612,0
scale_a0.2,rand_delta,0,302,0.7206,84651,0
scale_a0.2,rand_delta,0,303,0.6571,85251,0
scale_a0.2,rand_delta,0,304,0.6984,85652,0
scale_a0.2,rand_delta,0,305,0.6952,85674,0
scale_a0.2,rand_delta,0,306,0.6762,85742,0
scale_a0.2,rand_delta,0,307,0.7048,85793,0
scale_a0.2,rand_delta,0,308,0.6825,86393,0
scale_a0.2,rand_delta,0,309,0.7111,86503,0
scale_a0.2,rand_delta,0,310,0.6984,86576,0
scale_a0.2,rand_delta,0,311,0.6984,86586,0
scale_a0.2,rand_delta,0,312,0.6635,87186,0
scale_a0.2,rand_delta,0,313,0.6730,87242,0
scale_a0.2,rand_delta,0,314,0.7016,87320,0
scale_a0.2,rand_delta,0,315,0.6603,87920,0
scale_a0.2,rand_delta,0,316,0.6857,88520,0
scale_a0.2,rand_delta,0,317,0.6762,89120,0
scale_a0.2,rand_delta,0,318,0.6921,89134,0
scale_a0.2,rand_delta,0,319,0.7206,89169,0
scale_a0.2,rand_delta,0,320,0.7333,89205,0
scale_a0.2,rand_delta,0,321,0.7238,89228,0
scale_a0.2,rand_delta,0,322,0.7206,89268,0
scale_a0.2,rand_delta,0,323,0.7111,89868,0
scale_a0.2,rand_delta,0,324,0.7333,89889,0
scale_a0.2,rand_delta,0,325,0.7206,89941,0
scale_a0.2,rand_delta,0,326,0.7175,89956,0
scale_a0.2,rand_delta,0,327,0.7206,89997,0
scale_a0.2,rand_delta,0,328,0.7175,90004,0
scale_a0.2,rand_delta,0,329,0.7206,90055,0
scale_a0.2,rand_delta,0,330,0.7016,90111,0
scale_a0.2,rand_delta,0,331,0.6952,90128,0
scale_a0.2,rand_delta,0,332,0.6984,90728,0
scale_a0.2,rand_delta,0,333,0.7048,90762,0
scale_a0.2,rand_delta,0,334,0.7143,90816,0
scale_a0.2,rand_delta,0,335,0.6921,90864,0
scale_a0.2,rand_delta,0,336,0.7016,91464,0
scale_a0.2,rand_delta,0,337,0.7111,91500,0
scale_a0.2,rand_delta,0,338,0.7048,91568,0
scale_a0.2,rand_delta,0,339,0.7048,91578,0
scale_a0.2,rand_delta,0,340,0.7048,91590,0
scale_a0.2,rand_delta,0,341,0.6984,91616,0
scale_a0.2,rand_delta,0,342,0.6952,91630,0
scale_a0.2,rand_delta,0,343,0.6571,92230,0
scale_a0.2,rand_delta,0,344,0.6825,92341,0
scale_a0.2,rand_delta,0,345,0.6825,92941,0
scale_a0.2,rand_delta,0,346,0.6762,93541,0
scale_a0.2,rand_delta,0,347,0.6921,93689,0
scale_a0.2,rand_delta,0,348,0.7016,94187,0
scale_a0.2,rand_delta,0,349,0.7016,94199,0
scale_a0.2,rand_delta,0,350,0.6952,94243,0
scale_a0.2,rand_delta,0,351,0.7079,94293,0
scale_a0.2,rand_delta,0,352,0.6921,94325,0
scale_a0.2,rand_delta,0,353,0.6952,94925,0
scale_a0.2,rand_delta,0,354,0.7079,95493,0
scale_a0.2,rand_delta,0,355,0.7302,95540,0
scale_a0.2,rand_delta,0,356,0.7238,95554,0
scale_a0.2,rand_delta,0,357,0.6857,96154,0
scale_a0.2,rand_delta,0,358,0.6508,96754,0
scale_a0.2,rand_delta,0,359,0.6190,97354,0
scale_a0.2,rand_delta,0,360,0.6540,97463,0
scale_a0.2,rand_delta,0,361,0.6222,98063,0
scale_a0.2,rand_delta,0,362,0.6635,98531,0
scale_a0.2,rand_delta,0,363,0.6952,98598,0
scale_a0.2,rand_delta,0,364,0.6730,99198,0
scale_a0.2,rand_delta,0,365,0.6794,99266,0
scale_a0.2,rand_delta,0,366,0.6952,99289,0
scale_a0.2,rand_delta,0,367,0.6984,99330,0
scale_a0.2,rand_delta,0,368,0.6730,99930,0
scale_a0.2,rand_delta,0,369,0.6857,99973,0
scale_a0.2,rand_delta,0,370,0.7206,100036,0
scale_a0.2,rand_delta,0,371,0.6952,100066,0
scale_a0.2,rand_delta,0,372,0.6952,100148,0
scale_a0.2,rand_delta,0,373,0.6698,100748,0
scale_a0.2,rand_delta,0,374,0.6921,100806,0
scale_a0.2,rand_delta,0,375,0.7333,100875,0
scale_a0.2,rand_delta,0,376,0.7079,101475,0
scale_a0.2,rand_delta,0,377,0.6889,102075,0
scale_a0.2,rand_delta,0,378,0.7238,102132,0
scale_a0.2,rand_delta,0,379,0.7238,102213,0
scale_a0.2,rand_delta,0,380,0.7206,102368,0
scale_a0.2,rand_delta,0,381,0.7079,102968,0
scale_a0.2,rand_delta,0,382,0.7143,103029,0
scale_a0.2,rand_delta,0,383,0.7238,103070,0
scale_a0.2,rand_delta,0,384,0.7238,103078,0
scale_a0.2,rand_delta,0,385,0.7238,103113,0
scale_a0.2,rand_delta,0,386,0.7302,103162,0
scale_a0.2,rand_delta,0,387,0.7302,103220,0
scale_a0.2,rand_delta,0,388,0.7333,103820,0
scale_a0.2,rand_delta,0,389,0.7397,103865,0
scale_a0.2,rand_delta,0,390,0.7365,103871,0
scale_a0.2,rand_delta,0,391,0.7365,103878,0
scale_a0.2,rand_delta,0,392,0.6921,104478,0
scale_a0.2,rand_delta,0,393,0.7111,104535,0
scale_a0.2,rand_delta,0,394,0.6857,105135,0
scale_a0.2,rand_delta,0,395,0.7333,105195,0
scale_a0.2,rand_delta,0,396,0.7333,105204,0
scale_a0.2,rand_delta,0,397,0.7270,105229,0
scale_a0.2,rand_delta,0,398,0.7270,105293,0
scale_a0.2,rand_delta,0,399,0.6921,105893,0
scale_a0.2,rand_delta,0,400,0.7365,105939,0
scale_a0.2,rand_delta,0,401,0.7397,106154,0
scale_a0.2,rand_delta,0,402,0.7270,106176,0
scale_a0.2,rand_delta,0,403,0.7111,106776,0
scale_a0.2,rand_delta,0,404,0.7143,106821,0
scale_a0.2,rand_delta,0,405,0.7206,106861,0
scale_a0.2,rand_delta,0,406,0.7143,106901,0
scale_a0.2,rand_delta,0,407,0.7206,106916,0
scale_a0.2,rand_delta,0,408,0.7238,106939,0
scale_a0.2,rand_delta,0,409,0.7206,106985,0
scale_a0.2,rand_delta,0,410,0.7175,107021,0
scale_a0.2,rand_delta,0,411,0.7111,107621,0
scale_a0.2,rand_delta,0,412,0.7048,108221,0
scale_a0.2,rand_delta,0,413,0.7143,108270,0
scale_a0.2,rand_delta,0,414,0.7079,108301,0
scale_a0.2,rand_delta,0,415,0.7238,108347,0
scale_a0.2,rand_delta,0,416,0.7048,108947,0
scale_a0.2,rand_delta,0,417,0.7048,108986,0
scale_a0.2,rand_delta,0,418,0.6889,109586,0
scale_a0.2,rand_delta,0,419,0.6762,109700,0
scale_a0.2,rand_delta,0,420,0.7048,109893,0
scale_a0.2,rand_delta,0,421,0.7302,109932,0
scale_a0.2,rand_delta,0,422,0.7302,109993,0
scale_a0.2,rand_delta,0,423,0.7365,110059,0
scale_a0.2,rand_delta,0,424,0.6730,110659,0
scale_a0.2,rand_delta,0,425,0.6762,111259,0
scale_a0.2,rand_delta,0,426,0.6984,111303,0
scale_a0.2,rand_delta,0,427,0.6952,111903,0
scale_a0.2,rand_delta,0,428,0.7048,111984,0
scale_a0.2,rand_delta,0,429,0.7048,111991,0
scale_a0.2,rand_delta,0,430,0.7079,112331,0
scale_a0.2,rand_delta,0,431,0.7079,112338,0
scale_a0.2,rand_delta,0,432,0.7270,112363,0
scale_a0.2,rand_delta,0,433,0.7206,112963,0
scale_a0.2,rand_delta,0,434,0.7397,113036,0
scale_a0.2,rand_delta,0,435,0.7397,113056,0
scale_a0.2,rand_delta,0,436,0.7429,113069,0
scale_a0.2,rand_delta,0,437,0.7429,113076,0
scale_a0.2,rand_delta,0,438,0.7429,113118,0
scale_a0.2,rand_delta,0,439,0.7429,113718,0
scale_a0.2,rand_delta,0,440,0.7048,114318,0
scale_a0.2,rand_delta,0,441,0.7270,114383,0
scale_a0.2,rand_delta,0,442,0.7429,114427,0
scale_a0.2,rand_delta,0,443,0.7524,114448,0
scale_a0.2,rand_delta,0,444,0.7143,115048,0
scale_a0.2,rand_delta,0,445,0.7143,115056,0
scale_a0.2,rand_delta,0,446,0.7302,115080,0
scale_a0.2,rand_delta,0,447,0.7429,115128,0
scale_a0.2,rand_delta,0,448,0.7429,115141,0
scale_a0.2,rand_delta,0,449,0.7460,115159,0
scale_a0.2,rand_delta,0,450,0.7460,115166,0
scale_a0.2,rand_delta,0,451,0.7492,115571,0
scale_a0.2,rand_delta,0,452,0.6952,115871,0
scale_a0.2,rand_delta,0,453,0.6952,115904,0
scale_a0.2,rand_delta,0,454,0.6984,115939,0
scale_a0.2,rand_delta,0,455,0.6984,116539,0
scale_a0.2,rand_delta,0,456,0.7016,116554,0
scale_a0.2,rand_delta,0,457,0.7016,116563,0
scale_a0.2,rand_delta,0,458,0.6952,116602,0
scale_a0.2,rand_delta,0,459,0.7111,116621,0
scale_a0.2,rand_delta,0,460,0.6857,117221,0
scale_a0.2,rand_delta,0,461,0.7016,117231,0
scale_a0.2,rand_delta,0,462,0.7206,117831,0
scale_a0.2,rand_delta,0,463,0.7206,117844,0
scale_a0.2,rand_delta,0,464,0.7206,117855,0
scale_a0.2,rand_delta,0,465,0.7143,118004,0
scale_a0.2,rand_delta,0,466,0.7111,118017,0
scale_a0.2,rand_delta,0,467,0.7206,118039,0
scale_a0.2,rand_delta,0,468,0.7397,118639,0
scale_a0.2,rand_delta,0,469,0.7397,118702,0
scale_a0.2,rand_delta,0,470,0.7397,118757,0
scale_a0.2,rand_delta,0,471,0.7365,118769,0
scale_a0.2,rand_delta,0,472,0.6889,119126,0
scale_a0.2,rand_delta,0,473,0.7079,119187,0
scale_a0.2,rand_delta,0,474,0.7111,119206,0
scale_a0.2,rand_delta,0,475,0.7143,119236,0
scale_a0.2,rand_delta,0,476,0.7048,119294,0
scale_a0.2,rand_delta,0,477,0.7175,119323,0
scale_a0.2,rand_delta,0,478,0.7333,119923,0
scale_a0.2,rand_delta,0,479,0.7365,119968,0
scale_a0.2,rand_delta,0,480,0.7429,119985,0
scale_a0.2,rand_delta,0,481,0.7270,120010,0
scale_a0.2,rand_delta,0,482,0.7079,120092,0
scale_a0.2,rand_delta,0,483,0.7079,120095,0
scale_a0.2,rand_delta,0,484,0.7079,120108,0
scale_a0.2,rand_delta,0,485,0.7111,120164,0
scale_a0.2,rand_delta,0,486,0.7175,120180,0
scale_a0.2,rand_delta,0,487,0.7079,120248,0
scale_a0.2,rand_delta,0,488,0.7111,120264,0
scale_a0.2,rand_delta,0,489,0.7111,120864,0
scale_a0.2,rand_delta,0,490,0.7175,120887,0
scale_a0.2,rand_delta,0,491,0.7302,120950,0
scale_a0.2,rand_delta,0,492,0.7238,121550,0
scale_a0.2,rand_delta,0,493,0.7079,122150,0
scale_a0.2,rand_delta,0,494,0.7397,122201,0
scale_a0.2,rand_delta,0,495,0.7365,122230,0
scale_a0.2,rand_delta,0,496,0.7365,122830,0
scale_a0.2,rand_delta,0,497,0.7333,122873,0
scale_a0.2,rand_delta,0,498,0.7238,122914,0
scale_a0.2,rand_delta,0,499,0.7175,122946,0
scale_a0.2,rand_delta,0,500,0.7111,123031,0
scale_a0.2,rand_delta,0,501,0.7111,123042,0
scale_a0.2,rand_delta,0,502,0.6857,123642,0
scale_a0.2,rand_delta,0,503,0.6857,123648,0
scale_a0.2,rand_delta,0,504,0.6889,123656,0
scale_a0.2,rand_delta,0,505,0.7048,123674,0
scale_a0.2,rand_delta,0,506,0.7238,123771,0
scale_a0.2,rand_delta,0,507,0.7206,123831,0
scale_a0.2,rand_delta,0,508,0.7302,124431,0
scale_a0.2,rand_delta,0,509,0.7238,124493,0
scale_a0.2,rand_delta,0,510,0.7175,125093,0
scale_a0.2,rand_delta,0,511,0.7397,125332,0
scale_a0.2,rand_delta,0,512,0.7492,125388,0
scale_a0.2,rand_delta,0,513,0.7556,125411,0
scale_a0.2,rand_delta,0,514,0.7302,126011,0
scale_a0.2,rand_delta,0,515,0.7524,126206,0
scale_a0.2,rand_delta,0,516,0.7175,126806,0
scale_a0.2,rand_delta,0,517,0.7333,126848,0
scale_a0.2,rand_delta,0,518,0.7587,126887,0
scale_a0.2,rand_delta,0,519,0.7587,126894,0
scale_a0.2,rand_delta,0,520,0.7587,126951,0
scale_a0.2,rand_delta,0,521,0.7524,127519,0
scale_a0.2,rand_delta,0,522,0.7524,127526,0
scale_a0.2,rand_delta,0,523,0.7524,127560,0
scale_a0.2,rand_delta,0,524,0.6857,128160,0
scale_a0.2,rand_delta,0,525,0.7365,128760,0
scale_a0.2,rand_delta,0,526,0.7619,128800,0
scale_a0.2,rand_delta,0,527,0.7270,129400,0
scale_a0.2,rand_delta,0,528,0.7238,129466,0
scale_a0.2,rand_delta,0,529,0.7492,129784,0
scale_a0.2,rand_delta,0,530,0.6571,130384,0
scale_a0.2,rand_delta,0,531,0.7175,130984,0
scale_a0.2,rand_delta,0,532,0.7175,130995,0
scale_a0.2,rand_delta,0,533,0.7333,131030,0
scale_a0.2,rand_delta,0,534,0.7333,131038,0
scale_a0.2,rand_delta,0,535,0.7492,131233,0
scale_a0.2,rand_delta,0,536,0.7111,131833,0
scale_a0.2,rand_delta,0,537,0.7206,131895,0
scale_a0.2,rand_delta,0,538,0.7206,131919,0
scale_a0.2,rand_delta,0,539,0.7206,131934,0
scale_a0.2,rand_delta,0,540,0.7270,131975,0
scale_a0.2,rand_delta,0,541,0.7397,132575,0
scale_a0.2,rand_delta,0,542,0.7397,132613,0
scale_a0.2,rand_delta,0,543,0.7556,132660,0
scale_a0.2,rand_delta,0,544,0.7333,132710,0
scale_a0.2,rand_delta,0,545,0.7270,133139,0
scale_a0.2,rand_delta,0,546,0.7683,133192,0
scale_a0.2,rand_delta,0,547,0.7302,133282,0
scale_a0.2,rand_delta,0,548,0.6984,133882,0
scale_a0.2,rand_delta,0,549,0.7429,133962,0
scale_a0.2,rand_delta,0,550,0.7429,133971,0
scale_a0.2,rand_delta,0,551,0.7492,134025,0
scale_a0.2,rand_delta,0,552,0.6667,134625,0
scale_a0.2,rand_delta,0,553,0.7143,135103,0
scale_a0.2,rand_delta,0,554,0.7460,135163,0
scale_a0.2,rand_delta,0,555,0.7270,135763,0
scale_a0.2,rand_delta,0,556,0.7397,135787,0
scale_a0.2,rand_delta,0,557,0.7587,135826,0
scale_a0.2,rand_delta,0,558,0.7556,135870,0
scale_a0.2,rand_delta,0,559,0.7556,135906,0
scale_a0.2,rand_delta,0,560,0.7365,136506,0
scale_a0.2,rand_delta,0,561,0.7333,136549,0
scale_a0.2,rand_delta,0,562,0.7714,136617,0
scale_a0.2,rand_delta,0,563,0.7302,137217,0
scale_a0.2,rand_delta,0,564,0.7714,137723,0
scale_a0.2,rand_delta,0,565,0.7683,137767,0
scale_a0.2,rand_delta,0,566,0.7778,137802,0
scale_a0.2,rand_delta,0,567,0.7683,137856,0
scale_a0.2,rand_delta,0,568,0.7619,137885,0
scale_a0.2,rand_delta,0,569,0.7619,137903,0
scale_a0.2,rand_delta,0,570,0.7683,137945,0
scale_a0.2,rand_delta,0,571,0.7683,137953,0
scale_a0.2,rand_delta,0,572,0.7651,137967,0
scale_a0.2,rand_delta,0,573,0.7587,137997,0
scale_a0.2,rand_delta,0,574,0.7651,138425,0
scale_a0.2,rand_delta,0,575,0.7651,138439,0
scale_a0.2,rand_delta,0,576,0.7683,138495,0
scale_a0.2,rand_delta,0,577,0.7651,138538,0
scale_a0.2,rand_delta,0,578,0.7587,138554,0
scale_a0.2,rand_delta,0,579,0.7556,138907,0
scale_a0.2,rand_delta,0,580,0.7556,138921,0
scale_a0.2,rand_delta,0,581,0.7524,138945,0
scale_a0.2,rand_delta,0,582,0.7460,138995,0
scale_a0.2,rand_delta,0,583,0.7556,139042,0
scale_a0.2,rand_delta,0,584,0.7587,139084,0
scale_a0.2,rand_delta,0,585,0.7619,139127,0
scale_a0.2,rand_delta,0,586,0.7397,139182,0
scale_a0.2,rand_delta,0,587,0.7238,139477,0
scale_a0.2,rand_delta,0,588,0.7397,139523,0
scale_a0.2,rand_delta,0,589,0.7397,139576,0
scale_a0.2,rand_delta,0,590,0.7429,139649,0
scale_a0.2,rand_delta,0,591,0.7397,139694,0
scale_a0.2,rand_delta,0,592,0.7365,139755,0
scale_a0.2,rand_delta,0,593,0.7397,139768,0
scale_a0.2,rand_delta,0,594,0.7556,139811,0
scale_a0.2,rand_delta,0,595,0.7524,139865,0
scale_a0.2,rand_delta,0,596,0.7524,139875,0
scale_a0.2,rand_delta,0,597,0.7524,139877,0
scale_a0.2,rand_delta,0,598,0.7524,139898,0
scale_a0.2,rand_delta,0,599,0.7524,139942,0
scale_a0.2,kc_delta,1,0,0.4032,600,0
scale_a0.2,kc_delta,1,1,0.4032,905,0
scale_a0.2,kc_delta,1,2,0.3937,910,0
scale_a0.2,kc_delta,1,3,0.3619,1510,0
scale_a0.2,kc_delta,1,4,0.4032,2019,0
scale_a0.2,kc_delta,1,5,0.3619,2619,0
scale_a0.2,kc_delta,1,6,0.4095,3058,0
scale_a0.2,kc_delta,1,7,0.4349,3105,0
scale_a0.2,kc_delta,1,8,0.4413,3524,0
scale_a0.2,kc_delta,1,9,0.4190,4124,0
scale_a0.2,kc_delta,1,10,0.3016,4724,0
scale_a0.2,kc_delta,1,11,0.3746,5324,0
scale_a0.2,kc_delta,1,12,0.2921,5924,0
scale_a0.2,kc_delta,1,13,0.3143,6524,0
scale_a0.2,kc_delta,1,14,0.3556,7124,0
scale_a0.2,kc_delta,1,15,0.3841,7724,0
scale_a0.2,kc_delta,1,16,0.3778,8007,0
scale_a0.2,kc_delta,1,17,0.4127,8206,0
scale_a0.2,kc_delta,1,18,0.3587,8806,0
scale_a0.2,kc_delta,1,19,0.4571,9183,0
scale_a0.2,kc_delta,1,20,0.4476,9783,0
scale_a0.2,kc_delta,1,21,0.4540,10383,0
scale_a0.2,kc_delta,1,22,0.4667,10427,0
scale_a0.2,kc_delta,1,23,0.4603,10441,0
scale_a0.2,kc_delta,1,24,0.4476,10886,0
scale_a0.2,kc_delta,1,25,0.4413,10900,0
scale_a0.2,kc_delta,1,26,0.4444,10955,0
scale_a0.2,kc_delta,1,27,0.4444,11005,0
scale_a0.2,kc_delta,1,28,0.4000,11605,0
scale_a0.2,kc_delta,1,29,0.3810,12205,0
scale_a0.2,kc_delta,1,30,0.3937,12229,0
scale_a0.2,kc_delta,1,31,0.4413,12591,0
scale_a0.2,kc_delta,1,32,0.4476,12741,0
scale_a0.2,kc_delta,1,33,0.4794,12793,0
scale_a0.2,kc_delta,1,34,0.4603,12925,0
scale_a0.2,kc_delta,1,35,0.4635,12935,0
scale_a0.2,kc_delta,1,36,0.4603,13535,0
scale_a0.2,kc_delta,1,37,0.4540,14135,0
scale_a0.2,kc_delta,1,38,0.4603,14194,0
scale_a0.2,kc_delta,1,39,0.4508,14794,0
scale_a0.2,kc_delta,1,40,0.4476,14822,0
scale_a0.2,kc_delta,1,41,0.4730,15422,0
scale_a0.2,kc_delta,1,42,0.4889,15618,0
scale_a0.2,kc_delta,1,43,0.4190,16218,0
scale_a0.2,kc_delta,1,44,0.4190,16221,0
scale_a0.2,kc_delta,1,45,0.4952,16390,0
scale_a0.2,kc_delta,1,46,0.5175,16912,0
scale_a0.2,kc_delta,1,47,0.4762,17512,0
scale_a0.2,kc_delta,1,48,0.4730,17549,0
scale_a0.2,kc_delta,1,49,0.4762,17553,0
scale_a0.2,kc_delta,1,50,0.4667,18153,0
scale_a0.2,kc_delta,1,51,0.4540,18753,0
scale_a0.2,kc_delta,1,52,0.4254,19353,0
scale_a0.2,kc_delta,1,53,0.4063,19953,0
scale_a0.2,kc_delta,1,54,0.4571,20084,0
scale_a0.2,kc_delta,1,55,0.5143,20445,0
scale_a0.2,kc_delta,1,56,0.5143,21015,0
scale_a0.2,kc_delta,1,57,0.5365,21090,0
scale_a0.2,kc_delta,1,58,0.5397,21105,0
scale_a0.2,kc_delta,1,59,0.5429,21114,0
scale_a0.2,kc_delta,1,60,0.4730,21714,0
scale_a0.2,kc_delta,1,61,0.4889,22314,0
scale_a0.2,kc_delta,1,62,0.5175,22386,0
scale_a0.2,kc_delta,1,63,0.4921,22449,0
scale_a0.2,kc_delta,1,64,0.5079,22535,0
scale_a0.2,kc_delta,1,65,0.5079,23135,0
scale_a0.2,kc_delta,1,66,0.4762,23735,0
scale_a0.2,kc_delta,1,67,0.4889,24335,0
scale_a0.2,kc_delta,1,68,0.5270,24424,0
scale_a0.2,kc_delta,1,69,0.5270,24494,0
scale_a0.2,kc_delta,1,70,0.5206,24879,0
scale_a0.2,kc_delta,1,71,0.4635,25479,0
scale_a0.2,kc_delta,1,72,0.4635,26079,0
scale_a0.2,kc_delta,1,73,0.4190,26679,0
scale_a0.2,kc_delta,1,74,0.4349,27279,0
scale_a0.2,kc_delta,1,75,0.4286,27879,0
scale_a0.2,kc_delta,1,76,0.4317,27915,0
scale_a0.2,kc_delta,1,77,0.4698,28120,0
scale_a0.2,kc_delta,1,78,0.4571,28137,0
scale_a0.2,kc_delta,1,79,0.4571,28156,0
scale_a0.2,kc_delta,1,80,0.4698,28756,0
scale_a0.2,kc_delta,1,81,0.4508,29356,0
scale_a0.2,kc_delta,1,82,0.4413,29956,0
scale_a0.2,kc_delta,1,83,0.4190,30556,0
scale_a0.2,kc_delta,1,84,0.4317,31156,0
scale_a0.2,kc_delta,1,85,0.4222,31756,0
scale_a0.2,kc_delta,1,86,0.4349,32356,0
scale_a0.2,kc_delta,1,87,0.4159,32956,0
scale_a0.2,kc_delta,1,88,0.4286,33556,0
scale_a0.2,kc_delta,1,89,0.4508,34156,0
scale_a0.2,kc_delta,1,90,0.4508,34238,0
scale_a0.2,kc_delta,1,91,0.4635,34779,0
scale_a0.2,kc_delta,1,92,0.4667,34784,0
scale_a0.2,kc_delta,1,93,0.5016,35339,0
scale_a0.2,kc_delta,1,94,0.4635,35491,0
scale_a0.2,kc_delta,1,95,0.4762,35510,0
scale_a0.2,kc_delta,1,96,0.4508,36110,0
scale_a0.2,kc_delta,1,97,0.4825,36154,0
scale_a0.2,kc_delta,1,98,0.4857,36583,0
scale_a0.2,kc_delta,1,99,0.4698,37183,0
scale_a0.2,kc_delta,1,100,0.4762,37783,0
scale_a0.2,kc_delta,1,101,0.4540,38383,0
scale_a0.2,kc_delta,1,102,0.4571,38983,0
scale_a0.2,kc_delta,1,103,0.4698,39583,0
scale_a0.2,kc_delta,1,104,0.4794,40132,0
scale_a0.2,kc_delta,1,105,0.4667,40732,0
scale_a0.2,kc_delta,1,106,0.4603,41332,0
scale_a0.2,kc_delta,1,107,0.4762,41932,0
scale_a0.2,kc_delta,1,108,0.4762,42532,0
scale_a0.2,kc_delta,1,109,0.4730,43132,0
scale_a0.2,kc_delta,1,110,0.4794,43732,0
scale_a0.2,kc_delta,1,111,0.4825,43913,0
scale_a0.2,kc_delta,1,112,0.4857,44047,0
scale_a0.2,kc_delta,1,113,0.4730,44102,0
scale_a0.2,kc_delta,1,114,0.4762,44138,0
scale_a0.2,kc_delta,1,115,0.4889,44429,0
scale_a0.2,kc_delta,1,116,0.4825,45029,0
scale_a0.2,kc_delta,1,117,0.4952,45048,0
scale_a0.2,kc_delta,1,118,0.4698,45648,0
scale_a0.2,kc_delta,1,119,0.4857,45757,0
scale_a0.2,kc_delta,1,120,0.4794,46357,0
scale_a0.2,kc_delta,1,121,0.4889,46957,0
scale_a0.2,kc_delta,1,122,0.4794,47557,0
scale_a0.2,kc_delta,1,123,0.4730,48157,0
scale_a0.2,kc_delta,1,124,0.4857,48757,0
scale_a0.2,kc_delta,1,125,0.4730,49357,0
scale_a0.2,kc_delta,1,126,0.4635,49627,0
scale_a0.2,kc_delta,1,127,0.4762,50227,0
scale_a0.2,kc_delta,1,128,0.4698,50827,0
scale_a0.2,kc_delta,1,129,0.4857,50948,0
scale_a0.2,kc_delta,1,130,0.4794,51118,0
scale_a0.2,kc_delta,1,131,0.4889,51147,0
scale_a0.2,kc_delta,1,132,0.4952,51747,0
scale_a0.2,kc_delta,1,133,0.4921,52347,0
scale_a0.2,kc_delta,1,134,0.5016,52390,0
scale_a0.2,kc_delta,1,135,0.4571,52990,0
scale_a0.2,kc_delta,1,136,0.4635,53111,0
scale_a0.2,kc_delta,1,137,0.4508,53139,0
scale_a0.2,kc_delta,1,138,0.4857,53332,0
scale_a0.2,kc_delta,1,139,0.4857,53341,0
scale_a0.2,kc_delta,1,140,0.4794,53941,0
scale_a0.2,kc_delta,1,141,0.4413,54541,0
scale_a0.2,kc_delta,1,142,0.4286,55141,0
scale_a0.2,kc_delta,1,143,0.4254,55583,0
scale_a0.2,kc_delta,1,144,0.4190,55587,0
scale_a0.2,kc_delta,1,145,0.4349,56187,0
scale_a0.2,kc_delta,1,146,0.4317,56787,0
scale_a0.2,kc_delta,1,147,0.4063,57387,0
scale_a0.2,kc_delta,1,148,0.4063,57987,0
scale_a0.2,kc_delta,1,149,0.4159,58587,0
scale_a0.2,kc_delta,1,150,0.3937,59187,0
scale_a0.2,kc_delta,1,151,0.4254,59581,0
scale_a0.2,kc_delta,1,152,0.4476,59712,0
scale_a0.2,kc_delta,1,153,0.4317,60312,0
scale_a0.2,kc_delta,1,154,0.4222,60409,0
scale_a0.2,kc_delta,1,155,0.4413,61009,0
scale_a0.2,kc_delta,1,156,0.4413,61019,0
scale_a0.2,kc_delta,1,157,0.4540,61060,0
scale_a0.2,kc_delta,1,158,0.4413,61117,0
scale_a0.2,kc_delta,1,159,0.4698,61717,0
scale_a0.2,kc_delta,1,160,0.4540,62317,0
scale_a0.2,kc_delta,1,161,0.4635,62343,0
scale_a0.2,kc_delta,1,162,0.4413,62943,0
scale_a0.2,kc_delta,1,163,0.4540,63543,0
scale_a0.2,kc_delta,1,164,0.4444,64143,0
scale_a0.2,kc_delta,1,165,0.4286,64743,0
scale_a0.2,kc_delta,1,166,0.4413,64977,0
scale_a0.2,kc_delta,1,167,0.4540,65577,0
scale_a0.2,kc_delta,1,168,0.4476,66177,0
scale_a0.2,kc_delta,1,169,0.4286,66777,0
scale_a0.2,kc_delta,1,170,0.4222,66787,0
scale_a0.2,kc_delta,1,171,0.4095,67387,0
scale_a0.2,kc_delta,1,172,0.4381,67522,0
scale_a0.2,kc_delta,1,173,0.4159,68070,0
scale_a0.2,kc_delta,1,174,0.4000,68670,0
scale_a0.2,kc_delta,1,175,0.3968,69270,0
scale_a0.2,kc_delta,1,176,0.4190,69870,0
scale_a0.2,kc_delta,1,177,0.4190,70470,0
scale_a0.2,kc_delta,1,178,0.4349,71070,0
scale_a0.2,kc_delta,1,179,0.4317,71670,0
scale_a0.2,kc_delta,1,180,0.4413,72261,0
scale_a0.2,kc_delta,1,181,0.4508,72861,0
scale_a0.2,kc_delta,1,182,0.4349,73461,0
scale_a0.2,kc_delta,1,183,0.4381,74061,0
scale_a0.2,kc_delta,1,184,0.4349,74091,0
scale_a0.2,kc_delta,1,185,0.4508,74188,0
scale_a0.2,kc_delta,1,186,0.4476,74206,0
scale_a0.2,kc_delta,1,187,0.4476,74806,0
scale_a0.2,kc_delta,1,188,0.4540,75406,0
scale_a0.2,kc_delta,1,189,0.4381,76006,0
scale_a0.2,kc_delta,1,190,0.4413,76260,0
scale_a0.2,kc_delta,1,191,0.4444,76860,0
scale_a0.2,kc_delta,1,192,0.4476,77460,0
scale_a0.2,kc_delta,1,193,0.4159,78060,0
scale_a0.2,kc_delta,1,194,0.4667,78660,0
scale_a0.2,kc_delta,1,195,0.4794,79260,0
scale_a0.2,kc_delta,1,196,0.4825,79323,0
scale_a0.2,kc_delta,1,197,0.4762,79440,0
scale_a0.2,kc_delta,1,198,0.4730,80040,0
scale_a0.2,kc_delta,1,199,0.4698,80142,0
scale_a0.2,kc_delta,1,200,0.4667,80742,0
scale_a0.2,kc_delta,1,201,0.4508,81342,0
scale_a0.2,kc_delta,1,202,0.4635,81942,0
scale_a0.2,kc_delta,1,203,0.4540,82542,0
scale_a0.2,kc_delta,1,204,0.4254,83142,0
scale_a0.2,kc_delta,1,205,0.4381,83742,0
scale_a0.2,kc_delta,1,206,0.4159,84342,0
scale_a0.2,kc_delta,1,207,0.4190,84942,0
scale_a0.2,kc_delta,1,208,0.4032,85542,0
scale_a0.2,kc_delta,1,209,0.4317,86142,0
scale_a0.2,kc_delta,1,210,0.4317,86742,0
scale_a0.2,kc_delta,1,211,0.4413,87342,0
scale_a0.2,kc_delta,1,212,0.4667,87661,0
scale_a0.2,kc_delta,1,213,0.4603,88261,0
scale_a0.2,kc_delta,1,214,0.4349,88861,0
scale_a0.2,kc_delta,1,215,0.4286,89461,0
scale_a0.2,kc_delta,1,216,0.4413,90061,0
scale_a0.2,kc_delta,1,217,0.4381,90661,0
scale_a0.2,kc_delta,1,218,0.4635,91261,0
scale_a0.2,kc_delta,1,219,0.4667,91861,0
scale_a0.2,kc_delta,1,220,0.4730,92461,0
scale_a0.2,kc_delta,1,221,0.4667,93061,0
scale_a0.2,kc_delta,1,222,0.4857,93140,0
scale_a0.2,kc_delta,1,223,0.4889,93276,0
scale_a0.2,kc_delta,1,224,0.5111,93508,0
scale_a0.2,kc_delta,1,225,0.4984,93656,0
scale_a0.2,kc_delta,1,226,0.5048,94256,0
scale_a0.2,kc_delta,1,227,0.4794,94856,0
scale_a0.2,kc_delta,1,228,0.4889,95456,0
scale_a0.2,kc_delta,1,229,0.4889,96056,0
scale_a0.2,kc_delta,1,230,0.4825,96656,0
scale_a0.2,kc_delta,1,231,0.5111,97256,0
scale_a0.2,kc_delta,1,232,0.4667,97856,0
scale_a0.2,kc_delta,1,233,0.4730,98456,0
scale_a0.2,kc_delta,1,234,0.4730,99056,0
scale_a0.2,kc_delta,1,235,0.4730,99601,0
scale_a0.2,kc_delta,1,236,0.4635,100201,0
scale_a0.2,kc_delta,1,237,0.4667,100801,0
scale_a0.2,kc_delta,1,238,0.4603,101020,0
scale_a0.2,kc_delta,1,239,0.4635,101062,0
scale_a0.2,kc_delta,1,240,0.4762,101122,0
scale_a0.2,kc_delta,1,241,0.4667,101722,0
scale_a0.2,kc_delta,1,242,0.4762,102322,0
scale_a0.2,kc_delta,1,243,0.4762,102335,0
scale_a0.2,kc_delta,1,244,0.4730,102935,0
scale_a0.2,kc_delta,1,245,0.4698,103535,0
scale_a0.2,kc_delta,1,246,0.4825,103692,0
scale_a0.2,kc_delta,1,247,0.4825,104292,0
scale_a0.2,kc_delta,1,248,0.4762,104892,0
scale_a0.2,kc_delta,1,249,0.4825,105492,0
scale_a0.2,kc_delta,1,250,0.4667,106092,0
scale_a0.2,kc_delta,1,251,0.4635,106231,0
scale_a0.2,kc_delta,1,252,0.4762,106288,0
scale_a0.2,kc_delta,1,253,0.4762,106888,0
scale_a0.2,kc_delta,1,254,0.4635,107488,0
scale_a0.2,kc_delta,1,255,0.4667,108088,0
scale_a0.2,kc_delta,1,256,0.4762,108688,0
scale_a0.2,kc_delta,1,257,0.4698,109288,0
scale_a0.2,kc_delta,1,258,0.4762,109888,0
scale_a0.2,kc_delta,1,259,0.4825,110488,0
scale_a0.2,kc_delta,1,260,0.4857,110660,0
scale_a0.2,kc_delta,1,261,0.4794,111260,0
scale_a0.2,kc_delta,1,262,0.5016,111852,0
scale_a0.2,kc_delta,1,263,0.4984,112452,0
scale_a0.2,kc_delta,1,264,0.4825,113052,0
scale_a0.2,kc_delta,1,265,0.4762,113652,0
scale_a0.2,kc_delta,1,266,0.4794,114217,0
scale_a0.2,kc_delta,1,267,0.4825,114232,0
scale_a0.2,kc_delta,1,268,0.4762,114832,0
scale_a0.2,kc_delta,1,269,0.4762,114865,0
scale_a0.2,kc_delta,1,270,0.4825,114920,0
scale_a0.2,kc_delta,1,271,0.4794,115520,0
scale_a0.2,kc_delta,1,272,0.4921,115631,0
scale_a0.2,kc_delta,1,273,0.4857,116231,0
scale_a0.2,kc_delta,1,274,0.4857,116238,0
scale_a0.2,kc_delta,1,275,0.4921,116245,0
scale_a0.2,kc_delta,1,276,0.4952,116340,0
scale_a0.2,kc_delta,1,277,0.4889,116364,0
scale_a0.2,kc_delta,1,278,0.4540,116964,0
scale_a0.2,kc_delta,1,279,0.4635,117022,0
scale_a0.2,kc_delta,1,280,0.4667,117622,0
scale_a0.2,kc_delta,1,281,0.4571,118222,0
scale_a0.2,kc_delta,1,282,0.4635,118822,0
scale_a0.2,kc_delta,1,283,0.4730,118862,0
scale_a0.2,kc_delta,1,284,0.4667,119031,0
scale_a0.2,kc_delta,1,285,0.4857,119631,0
scale_a0.2,kc_delta,1,286,0.4857,119634,0
scale_a0.2,kc_delta,1,287,0.4794,120234,0
scale_a0.2,kc_delta,1,288,0.4762,120239,0
scale_a0.2,kc_delta,1,289,0.5048,120827,0
scale_a0.2,kc_delta,1,290,0.5048,120839,0
scale_a0.2,kc_delta,1,291,0.4635,121439,0
scale_a0.2,kc_delta,1,292,0.4825,121563,0
scale_a0.2,kc_delta,1,293,0.4794,121587,0
scale_a0.2,kc_delta,1,294,0.4762,122187,0
scale_a0.2,kc_delta,1,295,0.4952,122787,0
scale_a0.2,kc_delta,1,296,0.4762,123387,0
scale_a0.2,kc_delta,1,297,0.4762,123987,0
scale_a0.2,kc_delta,1,298,0.4603,124587,0
scale_a0.2,kc_delta,1,299,0.4286,125187,0
scale_a0.2,kc_delta,1,300,0.4222,125787,0
scale_a0.2,kc_delta,1,301,0.4349,126387,0
scale_a0.2,kc_delta,1,302,0.4190,126987,0
scale_a0.2,kc_delta,1,303,0.4095,127587,0
scale_a0.2,kc_delta,1,304,0.4159,128187,0
scale_a0.2,kc_delta,1,305,0.4095,128787,0
scale_a0.2,kc_delta,1,306,0.3968,129387,0
scale_a0.2,kc_delta,1,307,0.4508,129624,0
scale_a0.2,kc_delta,1,308,0.4476,129698,0
scale_a0.2,kc_delta,1,309,0.4413,130298,0
scale_a0.2,kc_delta,1,310,0.4317,130898,0
scale_a0.2,kc_delta,1,311,0.4603,130957,0
scale_a0.2,kc_delta,1,312,0.4349,131557,0
scale_a0.2,kc_delta,1,313,0.4444,131630,0
scale_a0.2,kc_delta,1,314,0.4603,132230,0
scale_a0.2,kc_delta,1,315,0.4571,132260,0
scale_a0.2,kc_delta,1,316,0.4571,132860,0
scale_a0.2,kc_delta,1,317,0.4571,133460,0
scale_a0.2,kc_delta,1,318,0.4508,133471,0
scale_a0.2,kc_delta,1,319,0.4571,133482,0
scale_a0.2,kc_delta,1,320,0.4444,134082,0
scale_a0.2,kc_delta,1,321,0.4667,134165,0
scale_a0.2,kc_delta,1,322,0.4730,134765,0
scale_a0.2,kc_delta,1,323,0.4698,134847,0
scale_a0.2,kc_delta,1,324,0.4667,135447,0
scale_a0.2,kc_delta,1,325,0.4540,136047,0
scale_a0.2,kc_delta,1,326,0.4762,136647,0
scale_a0.2,kc_delta,1,327,0.4952,137119,0
scale_a0.2,kc_delta,1,328,0.4698,137719,0
scale_a0.2,kc_delta,1,329,0.4603,138319,0
scale_a0.2,kc_delta,1,330,0.4222,138919,0
scale_a0.2,kc_delta,1,331,0.4222,138930,0
scale_a0.2,kc_delta,1,332,0.4190,139530,0
scale_a0.2,kc_delta,1,333,0.4286,140130,0
scale_a0.2,kc_delta,1,334,0.4317,140730,0
scale_a0.2,kc_delta,1,335,0.4286,140846,0
scale_a0.2,kc_delta,1,336,0.4349,140891,0
scale_a0.2,kc_delta,1,337,0.4222,141491,0
scale_a0.2,kc_delta,1,338,0.4095,142091,0
scale_a0.2,kc_delta,1,339,0.4095,142691,0
scale_a0.2,kc_delta,1,340,0.4095,142697,0
scale_a0.2,kc_delta,1,341,0.3968,143297,0
scale_a0.2,kc_delta,1,342,0.4032,143897,0
scale_a0.2,kc_delta,1,343,0.3905,144497,0
scale_a0.2,kc_delta,1,344,0.4095,145097,0
scale_a0.2,kc_delta,1,345,0.4254,145189,0
scale_a0.2,kc_delta,1,346,0.4698,145503,0
scale_a0.2,kc_delta,1,347,0.4921,146103,0
scale_a0.2,kc_delta,1,348,0.4794,146703,0
scale_a0.2,kc_delta,1,349,0.4825,146765,0
scale_a0.2,kc_delta,1,350,0.4794,147365,0
scale_a0.2,kc_delta,1,351,0.4921,147965,0
scale_a0.2,kc_delta,1,352,0.4921,148002,0
scale_a0.2,kc_delta,1,353,0.4603,148602,0
scale_a0.2,kc_delta,1,354,0.4635,148628,0
scale_a0.2,kc_delta,1,355,0.4730,148714,0
scale_a0.2,kc_delta,1,356,0.4825,149314,0
scale_a0.2,kc_delta,1,357,0.4508,149914,0
scale_a0.2,kc_delta,1,358,0.4603,150514,0
scale_a0.2,kc_delta,1,359,0.4603,151114,0
scale_a0.2,kc_delta,1,360,0.4635,151430,0
scale_a0.2,kc_delta,1,361,0.4571,152030,0
scale_a0.2,kc_delta,1,362,0.4444,152630,0
scale_a0.2,kc_delta,1,363,0.4476,152673,0
scale_a0.2,kc_delta,1,364,0.4508,153273,0
scale_a0.2,kc_delta,1,365,0.4508,153307,0
scale_a0.2,kc_delta,1,366,0.4413,153907,0
scale_a0.2,kc_delta,1,367,0.4413,154507,0
scale_a0.2,kc_delta,1,368,0.4476,154563,0
scale_a0.2,kc_delta,1,369,0.4540,155163,0
scale_a0.2,kc_delta,1,370,0.4540,155167,0
scale_a0.2,kc_delta,1,371,0.4349,155767,0
scale_a0.2,kc_delta,1,372,0.4063,156367,0
scale_a0.2,kc_delta,1,373,0.3905,156967,0
scale_a0.2,kc_delta,1,374,0.3841,157567,0
scale_a0.2,kc_delta,1,375,0.3968,158167,0
scale_a0.2,kc_delta,1,376,0.4222,158767,0
scale_a0.2,kc_delta,1,377,0.4349,158789,0
scale_a0.2,kc_delta,1,378,0.4413,158821,0
scale_a0.2,kc_delta,1,379,0.4254,159421,0
scale_a0.2,kc_delta,1,380,0.4317,159444,0
scale_a0.2,kc_delta,1,381,0.4286,160044,0
scale_a0.2,kc_delta,1,382,0.4286,160175,0
scale_a0.2,kc_delta,1,383,0.4413,160775,0
scale_a0.2,kc_delta,1,384,0.4349,160793,0
scale_a0.2,kc_delta,1,385,0.4413,161393,0
scale_a0.2,kc_delta,1,386,0.4571,161993,0
scale_a0.2,kc_delta,1,387,0.4540,162593,0
scale_a0.2,kc_delta,1,388,0.4286,163193,0
scale_a0.2,kc_delta,1,389,0.4222,163793,0
scale_a0.2,kc_delta,1,390,0.4063,164393,0
scale_a0.2,kc_delta,1,391,0.4159,164993,0
scale_a0.2,kc_delta,1,392,0.4190,165593,0
scale_a0.2,kc_delta,1,393,0.4254,165624,0
scale_a0.2,kc_delta,1,394,0.4159,166224,0
scale_a0.2,kc_delta,1,395,0.4063,166824,0
scale_a0.2,kc_delta,1,396,0.4190,167227,0
scale_a0.2,kc_delta,1,397,0.4349,167258,0
scale_a0.2,kc_delta,1,398,0.4413,167858,0
scale_a0.2,kc_delta,1,399,0.4286,168458,0
scale_a0.2,kc_delta,1,400,0.4190,169058,0
scale_a0.2,kc_delta,1,401,0.4222,169068,0
scale_a0.2,kc_delta,1,402,0.4254,169668,0
scale_a0.2,kc_delta,1,403,0.4286,170268,0
scale_a0.2,kc_delta,1,404,0.4286,170868,0
scale_a0.2,kc_delta,1,405,0.4190,171468,0
scale_a0.2,kc_delta,1,406,0.4381,172068,0
scale_a0.2,kc_delta,1,407,0.4286,172173,0
scale_a0.2,kc_delta,1,408,0.4413,172224,0
scale_a0.2,kc_delta,1,409,0.4508,172824,0
scale_a0.2,kc_delta,1,410,0.4667,173424,0
scale_a0.2,kc_delta,1,411,0.4603,173667,0
scale_a0.2,kc_delta,1,412,0.4698,174267,0
scale_a0.2,kc_delta,1,413,0.4825,174867,0
scale_a0.2,kc_delta,1,414,0.4762,175467,0
scale_a0.2,kc_delta,1,415,0.4762,176067,0
scale_a0.2,kc_delta,1,416,0.4794,176145,0
scale_a0.2,kc_delta,1,417,0.4698,176745,0
scale_a0.2,kc_delta,1,418,0.4667,177345,0
scale_a0.2,kc_delta,1,419,0.4667,177945,0
scale_a0.2,kc_delta,1,420,0.4667,178545,0
scale_a0.2,kc_delta,1,421,0.4571,178670,0
scale_a0.2,kc_delta,1,422,0.4667,178704,0
scale_a0.2,kc_delta,1,423,0.4730,179304,0
scale_a0.2,kc_delta,1,424,0.4667,179904,0
scale_a0.2,kc_delta,1,425,0.4603,180504,0
scale_a0.2,kc_delta,1,426,0.4603,181104,0
scale_a0.2,kc_delta,1,427,0.4571,181704,0
scale_a0.2,kc_delta,1,428,0.4540,181716,0
scale_a0.2,kc_delta,1,429,0.4603,182316,0
scale_a0.2,kc_delta,1,430,0.4667,182348,0
scale_a0.2,kc_delta,1,431,0.4603,182386,0
scale_a0.2,kc_delta,1,432,0.4540,182986,0
scale_a0.2,kc_delta,1,433,0.4540,183586,0
scale_a0.2,kc_delta,1,434,0.4603,184186,0
scale_a0.2,kc_delta,1,435,0.4794,184786,0
scale_a0.2,kc_delta,1,436,0.4857,185386,0
scale_a0.2,kc_delta,1,437,0.4603,185986,0
scale_a0.2,kc_delta,1,438,0.4698,186586,0
scale_a0.2,kc_delta,1,439,0.4540,186640,0
scale_a0.2,kc_delta,1,440,0.4444,187240,0
scale_a0.2,kc_delta,1,441,0.4571,187321,0
scale_a0.2,kc_delta,1,442,0.4698,187921,0
scale_a0.2,kc_delta,1,443,0.4921,188521,0
scale_a0.2,kc_delta,1,444,0.4730,188789,0
scale_a0.2,kc_delta,1,445,0.4794,189389,0
scale_a0.2,kc_delta,1,446,0.4825,189989,0
scale_a0.2,kc_delta,1,447,0.4889,190041,0
scale_a0.2,kc_delta,1,448,0.4889,190641,0
scale_a0.2,kc_delta,1,449,0.4794,191241,0
scale_a0.2,kc_delta,1,450,0.4794,191278,0
scale_a0.2,kc_delta,1,451,0.4698,191878,0
scale_a0.2,kc_delta,1,452,0.4635,192478,0
scale_a0.2,kc_delta,1,453,0.4508,193078,0
scale_a0.2,kc_delta,1,454,0.4698,193678,0
scale_a0.2,kc_delta,1,455,0.4794,194278,0
scale_a0.2,kc_delta,1,456,0.4794,194280,0
scale_a0.2,kc_delta,1,457,0.5048,194431,0
scale_a0.2,kc_delta,1,458,0.4889,195031,0
scale_a0.2,kc_delta,1,459,0.5079,195067,0
scale_a0.2,kc_delta,1,460,0.5016,195667,0
scale_a0.2,kc_delta,1,461,0.4857,196267,0
scale_a0.2,kc_delta,1,462,0.4794,196504,0
scale_a0.2,kc_delta,1,463,0.4794,196509,0
scale_a0.2,kc_delta,1,464,0.4762,197109,0
scale_a0.2,kc_delta,1,465,0.4794,197180,0
scale_a0.2,kc_delta,1,466,0.4889,197200,0
scale_a0.2,kc_delta,1,467,0.4857,197800,0
scale_a0.2,kc_delta,1,468,0.4762,198400,0
scale_a0.2,kc_delta,1,469,0.4857,198827,0
scale_a0.2,kc_delta,1,470,0.4794,199427,0
scale_a0.2,kc_delta,1,471,0.5270,199993,0
scale_a0.2,kc_delta,1,472,0.4952,200593,0
scale_a0.2,kc_delta,1,473,0.4921,201193,0
scale_a0.2,kc_delta,1,474,0.4889,201793,0
scale_a0.2,kc_delta,1,475,0.5048,201858,0
scale_a0.2,kc_delta,1,476,0.5016,202458,0
scale_a0.2,kc_delta,1,477,0.4984,203058,0
scale_a0.2,kc_delta,1,478,0.4698,203658,0
scale_a0.2,kc_delta,1,479,0.4825,203707,0
scale_a0.2,kc_delta,1,480,0.4921,204307,0
scale_a0.2,kc_delta,1,481,0.4825,204907,0
scale_a0.2,kc_delta,1,482,0.4698,205507,0
scale_a0.2,kc_delta,1,483,0.4857,205556,0
scale_a0.2,kc_delta,1,484,0.4857,206156,0
scale_a0.2,kc_delta,1,485,0.5079,206380,0
scale_a0.2,kc_delta,1,486,0.5079,206542,0
scale_a0.2,kc_delta,1,487,0.5238,207142,0
scale_a0.2,kc_delta,1,488,0.5206,207742,0
scale_a0.2,kc_delta,1,489,0.5048,207781,0
scale_a0.2,kc_delta,1,490,0.5079,207897,0
scale_a0.2,kc_delta,1,491,0.5206,207944,0
scale_a0.2,kc_delta,1,492,0.5175,208544,0
scale_a0.2,kc_delta,1,493,0.5143,208680,0
scale_a0.2,kc_delta,1,494,0.5111,209280,0
scale_a0.2,kc_delta,1,495,0.5111,209327,0
scale_a0.2,kc_delta,1,496,0.5111,209927,0
scale_a0.2,kc_delta,1,497,0.5111,209965,0
scale_a0.2,kc_delta,1,498,0.4730,210565,0
scale_a0.2,kc_delta,1,499,0.4794,211165,0
scale_a0.2,kc_delta,1,500,0.4984,211633,0
scale_a0.2,kc_delta,1,501,0.4984,212233,0
scale_a0.2,kc_delta,1,502,0.5143,212767,0
scale_a0.2,kc_delta,1,503,0.5111,213367,0
scale_a0.2,kc_delta,1,504,0.5143,213379,0
scale_a0.2,kc_delta,1,505,0.4952,213979,0
scale_a0.2,kc_delta,1,506,0.5111,214127,0
scale_a0.2,kc_delta,1,507,0.5048,214172,0
scale_a0.2,kc_delta,1,508,0.4984,214772,0
scale_a0.2,kc_delta,1,509,0.4794,215372,0
scale_a0.2,kc_delta,1,510,0.4825,215392,0
scale_a0.2,kc_delta,1,511,0.5111,215992,0
scale_a0.2,kc_delta,1,512,0.5206,216592,0
scale_a0.2,kc_delta,1,513,0.5143,217192,0
scale_a0.2,kc_delta,1,514,0.5016,217792,0
scale_a0.2,kc_delta,1,515,0.4952,218392,0
scale_a0.2,kc_delta,1,516,0.4857,218526,0
scale_a0.2,kc_delta,1,517,0.5048,219126,0
scale_a0.2,kc_delta,1,518,0.5206,219254,0
scale_a0.2,kc_delta,1,519,0.4921,219854,0
scale_a0.2,kc_delta,1,520,0.4889,220454,0
scale_a0.2,kc_delta,1,521,0.4921,221054,0
scale_a0.2,kc_delta,1,522,0.4667,221654,0
scale_a0.2,kc_delta,1,523,0.4667,222254,0
scale_a0.2,kc_delta,1,524,0.4762,222854,0
scale_a0.2,kc_delta,1,525,0.4825,222867,0
scale_a0.2,kc_delta,1,526,0.4921,223467,0
scale_a0.2,kc_delta,1,527,0.4984,223487,0
scale_a0.2,kc_delta,1,528,0.4857,224087,0
scale_a0.2,kc_delta,1,529,0.4794,224687,0
scale_a0.2,kc_delta,1,530,0.4730,225287,0
scale_a0.2,kc_delta,1,531,0.4730,225887,0
scale_a0.2,kc_delta,1,532,0.4635,226487,0
scale_a0.2,kc_delta,1,533,0.4540,227087,0
scale_a0.2,kc_delta,1,534,0.4508,227093,0
scale_a0.2,kc_delta,1,535,0.4667,227195,0
scale_a0.2,kc_delta,1,536,0.4794,227795,0
scale_a0.2,kc_delta,1,537,0.4794,227830,0
scale_a0.2,kc_delta,1,538,0.4762,228430,0
scale_a0.2,kc_delta,1,539,0.4730,229030,0
scale_a0.2,kc_delta,1,540,0.4698,229630,0
scale_a0.2,kc_delta,1,541,0.4698,230230,0
scale_a0.2,kc_delta,1,542,0.4698,230254,0
scale_a0.2,kc_delta,1,543,0.4667,230854,0
scale_a0.2,kc_delta,1,544,0.4698,230856,0
scale_a0.2,kc_delta,1,545,0.4698,230872,0
scale_a0.2,kc_delta,1,546,0.4730,230913,0
scale_a0.2,kc_delta,1,547,0.4825,231513,0
scale_a0.2,kc_delta,1,548,0.4635,232113,0
scale_a0.2,kc_delta,1,549,0.4857,232214,0
scale_a0.2,kc_delta,1,550,0.4794,232814,0
scale_a0.2,kc_delta,1,551,0.4698,233414,0
scale_a0.2,kc_delta,1,552,0.4667,234014,0
scale_a0.2,kc_delta,1,553,0.4762,234028,0
scale_a0.2,kc_delta,1,554,0.4857,234628,0
scale_a0.2,kc_delta,1,555,0.4952,234923,0
scale_a0.2,kc_delta,1,556,0.4952,234941,0
scale_a0.2,kc_delta,1,557,0.4984,234975,0
scale_a0.2,kc_delta,1,558,0.4730,235575,0
scale_a0.2,kc_delta,1,559,0.4698,236175,0
scale_a0.2,kc_delta,1,560,0.4794,236775,0
scale_a0.2,kc_delta,1,561,0.4889,237375,0
scale_a0.2,kc_delta,1,562,0.4889,237377,0
scale_a0.2,kc_delta,1,563,0.4730,237977,0
scale_a0.2,kc_delta,1,564,0.4730,237992,0
scale_a0.2,kc_delta,1,565,0.4698,238020,0
scale_a0.2,kc_delta,1,566,0.4540,238620,0
scale_a0.2,kc_delta,1,567,0.4571,239220,0
scale_a0.2,kc_delta,1,568,0.4603,239820,0
scale_a0.2,kc_delta,1,569,0.4540,240420,0
scale_a0.2,kc_delta,1,570,0.4444,241020,0
scale_a0.2,kc_delta,1,571,0.4508,241620,0
scale_a0.2,kc_delta,1,572,0.4540,241625,0
scale_a0.2,kc_delta,1,573,0.4540,242225,0
scale_a0.2,kc_delta,1,574,0.4508,242247,0
scale_a0.2,kc_delta,1,575,0.4571,242847,0
scale_a0.2,kc_delta,1,576,0.4698,242927,0
scale_a0.2,kc_delta,1,577,0.4857,242997,0
scale_a0.2,kc_delta,1,578,0.4762,243597,0
scale_a0.2,kc_delta,1,579,0.4889,244197,0
scale_a0.2,kc_delta,1,580,0.4952,244216,0
scale_a0.2,kc_delta,1,581,0.4857,244816,0
scale_a0.2,kc_delta,1,582,0.4857,244834,0
scale_a0.2,kc_delta,1,583,0.4889,245434,0
scale_a0.2,kc_delta,1,584,0.4413,246034,0
scale_a0.2,kc_delta,1,585,0.4127,246634,0
scale_a0.2,kc_delta,1,586,0.4254,247234,0
scale_a0.2,kc_delta,1,587,0.4603,247435,0
scale_a0.2,kc_delta,1,588,0.4762,247563,0
scale_a0.2,kc_delta,1,589,0.4730,248163,0
scale_a0.2,kc_delta,1,590,0.4730,248171,0
scale_a0.2,kc_delta,1,591,0.4952,248409,0
scale_a0.2,kc_delta,1,592,0.4984,248527,0
scale_a0.2,kc_delta,1,593,0.5016,249127,0
scale_a0.2,kc_delta,1,594,0.4984,249727,0
scale_a0.2,kc_delta,1,595,0.4984,250327,0
scale_a0.2,kc_delta,1,596,0.4952,250927,0
scale_a0.2,kc_delta,1,597,0.4857,251527,0
scale_a0.2,kc_delta,1,598,0.4857,252127,0
scale_a0.2,kc_delta,1,599,0.4825,252182,0
scale_a0.2,rand_delta,1,0,0.3937,600,0
scale_a0.2,rand_delta,1,1,0.3905,906,0
scale_a0.2,rand_delta,1,2,0.3778,911,0
scale_a0.2,rand_delta,1,3,0.4286,1511,0
scale_a0.2,rand_delta,1,4,0.4540,1702,0
scale_a0.2,rand_delta,1,5,0.4476,2302,0
scale_a0.2,rand_delta,1,6,0.4635,2515,0
scale_a0.2,rand_delta,1,7,0.4762,2696,0
scale_a0.2,rand_delta,1,8,0.5175,2937,0
scale_a0.2,rand_delta,1,9,0.5333,3095,0
scale_a0.2,rand_delta,1,10,0.5365,3695,0
scale_a0.2,rand_delta,1,11,0.5746,4295,0
scale_a0.2,rand_delta,1,12,0.4667,4895,0
scale_a0.2,rand_delta,1,13,0.5587,5495,0
scale_a0.2,rand_delta,1,14,0.5937,5854,0
scale_a0.2,rand_delta,1,15,0.6508,6354,0
scale_a0.2,rand_delta,1,16,0.6476,6400,0
scale_a0.2,rand_delta,1,17,0.6508,6567,0
scale_a0.2,rand_delta,1,18,0.6095,6811,0
scale_a0.2,rand_delta,1,19,0.6571,6904,0
scale_a0.2,rand_delta,1,20,0.6635,7099,0
scale_a0.2,rand_delta,1,21,0.6571,7699,0
scale_a0.2,rand_delta,1,22,0.6635,7714,0
scale_a0.2,rand_delta,1,23,0.6635,7720,0
scale_a0.2,rand_delta,1,24,0.6730,7892,0
scale_a0.2,rand_delta,1,25,0.6762,7907,0
scale_a0.2,rand_delta,1,26,0.6698,7932,0
scale_a0.2,rand_delta,1,27,0.6698,7971,0
scale_a0.2,rand_delta,1,28,0.6635,8246,0
scale_a0.2,rand_delta,1,29,0.6540,8846,0
scale_a0.2,rand_delta,1,30,0.6540,8853,0
scale_a0.2,rand_delta,1,31,0.6857,8900,0
scale_a0.2,rand_delta,1,32,0.6952,8939,0
scale_a0.2,rand_delta,1,33,0.6952,8972,0
scale_a0.2,rand_delta,1,34,0.7111,9010,0
scale_a0.2,rand_delta,1,35,0.7079,9020,0
scale_a0.2,rand_delta,1,36,0.7175,9134,0
scale_a0.2,rand_delta,1,37,0.6508,9652,0
scale_a0.2,rand_delta,1,38,0.6825,9678,0
scale_a0.2,rand_delta,1,39,0.6889,9788,0
scale_a0.2,rand_delta,1,40,0.6952,9815,0
scale_a0.2,rand_delta,1,41,0.6857,10189,0
scale_a0.2,rand_delta,1,42,0.6952,10217,0
scale_a0.2,rand_delta,1,43,0.6952,10279,0
scale_a0.2,rand_delta,1,44,0.7048,10290,0
scale_a0.2,rand_delta,1,45,0.7048,10455,0
scale_a0.2,rand_delta,1,46,0.7048,10560,0
scale_a0.2,rand_delta,1,47,0.6952,11160,0
scale_a0.2,rand_delta,1,48,0.6984,11199,0
scale_a0.2,rand_delta,1,49,0.6984,11206,0
scale_a0.2,rand_delta,1,50,0.6984,11806,0
scale_a0.2,rand_delta,1,51,0.6857,12234,0
scale_a0.2,rand_delta,1,52,0.4571,12834,0
scale_a0.2,rand_delta,1,53,0.6444,13022,0
scale_a0.2,rand_delta,1,54,0.6762,13052,0
scale_a0.2,rand_delta,1,55,0.6984,13098,0
scale_a0.2,rand_delta,1,56,0.7111,13698,0
scale_a0.2,rand_delta,1,57,0.7079,13742,0
scale_a0.2,rand_delta,1,58,0.7079,13776,0
scale_a0.2,rand_delta,1,59,0.6984,13791,0
scale_a0.2,rand_delta,1,60,0.7079,13888,0
scale_a0.2,rand_delta,1,61,0.6984,14090,0
scale_a0.2,rand_delta,1,62,0.6984,14139,0
scale_a0.2,rand_delta,1,63,0.6889,14166,0
scale_a0.2,rand_delta,1,64,0.6952,14766,0
scale_a0.2,rand_delta,1,65,0.6984,15366,0
scale_a0.2,rand_delta,1,66,0.7302,15725,0
scale_a0.2,rand_delta,1,67,0.7079,15790,0
scale_a0.2,rand_delta,1,68,0.7175,15846,0
scale_a0.2,rand_delta,1,69,0.7175,15892,0
scale_a0.2,rand_delta,1,70,0.7016,15936,0
scale_a0.2,rand_delta,1,71,0.6476,16536,0
scale_a0.2,rand_delta,1,72,0.4857,17136,0
scale_a0.2,rand_delta,1,73,0.5365,17736,0
scale_a0.2,rand_delta,1,74,0.6444,17885,0
scale_a0.2,rand_delta,1,75,0.6921,18280,0
scale_a0.2,rand_delta,1,76,0.6857,18296,0
scale_a0.2,rand_delta,1,77,0.6857,18335,0
scale_a0.2,rand_delta,1,78,0.6857,18357,0
scale_a0.2,rand_delta,1,79,0.6794,18376,0
scale_a0.2,rand_delta,1,80,0.6667,18976,0
scale_a0.2,rand_delta,1,81,0.5587,19576,0
scale_a0.2,rand_delta,1,82,0.6190,19639,0
scale_a0.2,rand_delta,1,83,0.5651,20239,0
scale_a0.2,rand_delta,1,84,0.6159,20334,0
scale_a0.2,rand_delta,1,85,0.6413,20918,0
scale_a0.2,rand_delta,1,86,0.6730,21008,0
scale_a0.2,rand_delta,1,87,0.6825,21608,0
scale_a0.2,rand_delta,1,88,0.6825,22208,0
scale_a0.2,rand_delta,1,89,0.6317,22808,0
scale_a0.2,rand_delta,1,90,0.6413,22823,0
scale_a0.2,rand_delta,1,91,0.6540,22869,0
scale_a0.2,rand_delta,1,92,0.6571,22889,0
scale_a0.2,rand_delta,1,93,0.6667,22969,0
scale_a0.2,rand_delta,1,94,0.6635,22978,0
scale_a0.2,rand_delta,1,95,0.6635,23049,0
scale_a0.2,rand_delta,1,96,0.6635,23649,0
scale_a0.2,rand_delta,1,97,0.6667,23687,0
scale_a0.2,rand_delta,1,98,0.6571,23748,0
scale_a0.2,rand_delta,1,99,0.6730,24018,0
scale_a0.2,rand_delta,1,100,0.6921,24529,0
scale_a0.2,rand_delta,1,101,0.6603,25129,0
scale_a0.2,rand_delta,1,102,0.6794,25165,0
scale_a0.2,rand_delta,1,103,0.6889,25217,0
scale_a0.2,rand_delta,1,104,0.6857,25279,0
scale_a0.2,rand_delta,1,105,0.6825,25879,0
scale_a0.2,rand_delta,1,106,0.6571,26479,0
scale_a0.2,rand_delta,1,107,0.6603,27079,0
scale_a0.2,rand_delta,1,108,0.6444,27679,0
scale_a0.2,rand_delta,1,109,0.7079,27810,0
scale_a0.2,rand_delta,1,110,0.6603,28410,0
scale_a0.2,rand_delta,1,111,0.7048,28472,0
scale_a0.2,rand_delta,1,112,0.7175,28514,0
scale_a0.2,rand_delta,1,113,0.6984,28551,0
scale_a0.2,rand_delta,1,114,0.6921,28589,0
scale_a0.2,rand_delta,1,115,0.6889,28629,0
scale_a0.2,rand_delta,1,116,0.6921,29229,0
scale_a0.2,rand_delta,1,117,0.7016,29244,0
scale_a0.2,rand_delta,1,118,0.6444,29844,0
scale_a0.2,rand_delta,1,119,0.6698,29923,0
scale_a0.2,rand_delta,1,120,0.6952,30009,0
scale_a0.2,rand_delta,1,121,0.6603,30609,0
scale_a0.2,rand_delta,1,122,0.6571,31209,0
scale_a0.2,rand_delta,1,123,0.6508,31809,0
scale_a0.2,rand_delta,1,124,0.7079,31879,0
scale_a0.2,rand_delta,1,125,0.6889,32479,0
scale_a0.2,rand_delta,1,126,0.7206,32584,0
scale_a0.2,rand_delta,1,127,0.7175,33184,0
scale_a0.2,rand_delta,1,128,0.6698,33784,0
scale_a0.2,rand_delta,1,129,0.7048,33873,0
scale_a0.2,rand_delta,1,130,0.7111,33903,0
scale_a0.2,rand_delta,1,131,0.7238,33978,0
scale_a0.2,rand_delta,1,132,0.7333,34042,0
scale_a0.2,rand_delta,1,133,0.7429,34642,0
scale_a0.2,rand_delta,1,134,0.7460,34673,0
scale_a0.2,rand_delta,1,135,0.7048,35273,0
scale_a0.2,rand_delta,1,136,0.6984,35300,0
scale_a0.2,rand_delta,1,137,0.7238,35393,0
scale_a0.2,rand_delta,1,138,0.7397,35446,0
scale_a0.2,rand_delta,1,139,0.7365,35459,0
scale_a0.2,rand_delta,1,140,0.7048,36059,0
scale_a0.2,rand_delta,1,141,0.6508,36659,0
scale_a0.2,rand_delta,1,142,0.6286,37259,0
scale_a0.2,rand_delta,1,143,0.6730,37363,0
scale_a0.2,rand_delta,1,144,0.6730,37368,0
scale_a0.2,rand_delta,1,145,0.7079,37526,0
scale_a0.2,rand_delta,1,146,0.7238,37758,0
scale_a0.2,rand_delta,1,147,0.6762,38358,0
scale_a0.2,rand_delta,1,148,0.6730,38958,0
scale_a0.2,rand_delta,1,149,0.6540,39558,0
scale_a0.2,rand_delta,1,150,0.6381,40158,0
scale_a0.2,rand_delta,1,151,0.6952,40224,0
scale_a0.2,rand_delta,1,152,0.7238,40304,0
scale_a0.2,rand_delta,1,153,0.6889,40904,0
scale_a0.2,rand_delta,1,154,0.7143,40947,0
scale_a0.2,rand_delta,1,155,0.7175,41003,0
scale_a0.2,rand_delta,1,156,0.7302,41015,0
scale_a0.2,rand_delta,1,157,0.7302,41104,0
scale_a0.2,rand_delta,1,158,0.7270,41139,0
scale_a0.2,rand_delta,1,159,0.7365,41739,0
scale_a0.2,rand_delta,1,160,0.7333,41800,0
scale_a0.2,rand_delta,1,161,0.7206,41828,0
scale_a0.2,rand_delta,1,162,0.7333,41897,0
scale_a0.2,rand_delta,1,163,0.7492,42212,0
scale_a0.2,rand_delta,1,164,0.7302,42812,0
scale_a0.2,rand_delta,1,165,0.7333,43412,0
scale_a0.2,rand_delta,1,166,0.7492,43445,0
scale_a0.2,rand_delta,1,167,0.7492,43498,0
scale_a0.2,rand_delta,1,168,0.6921,44098,0
scale_a0.2,rand_delta,1,169,0.7111,44171,0
scale_a0.2,rand_delta,1,170,0.7175,44189,0
scale_a0.2,rand_delta,1,171,0.7238,44266,0
scale_a0.2,rand_delta,1,172,0.7397,44310,0
scale_a0.2,rand_delta,1,173,0.7238,44348,0
scale_a0.2,rand_delta,1,174,0.7302,44641,0
scale_a0.2,rand_delta,1,175,0.7143,44679,0
scale_a0.2,rand_delta,1,176,0.7016,45279,0
scale_a0.2,rand_delta,1,177,0.6921,45879,0
scale_a0.2,rand_delta,1,178,0.7429,46479,0
scale_a0.2,rand_delta,1,179,0.7302,47079,0
scale_a0.2,rand_delta,1,180,0.7365,47147,0
scale_a0.2,rand_delta,1,181,0.7302,47198,0
scale_a0.2,rand_delta,1,182,0.6921,47798,0
scale_a0.2,rand_delta,1,183,0.6603,48398,0
scale_a0.2,rand_delta,1,184,0.6984,48463,0
scale_a0.2,rand_delta,1,185,0.6984,48489,0
scale_a0.2,rand_delta,1,186,0.7016,48512,0
scale_a0.2,rand_delta,1,187,0.6825,49112,0
scale_a0.2,rand_delta,1,188,0.6984,49155,0
scale_a0.2,rand_delta,1,189,0.7492,49556,0
scale_a0.2,rand_delta,1,190,0.7587,49627,0
scale_a0.2,rand_delta,1,191,0.7651,50227,0
scale_a0.2,rand_delta,1,192,0.7492,50827,0
scale_a0.2,rand_delta,1,193,0.7302,51427,0
scale_a0.2,rand_delta,1,194,0.7683,51523,0
scale_a0.2,rand_delta,1,195,0.7778,52123,0
scale_a0.2,rand_delta,1,196,0.7778,52145,0
scale_a0.2,rand_delta,1,197,0.7714,52183,0
scale_a0.2,rand_delta,1,198,0.7619,52254,0
scale_a0.2,rand_delta,1,199,0.7587,52283,0
scale_a0.2,rand_delta,1,200,0.7429,52883,0
scale_a0.2,rand_delta,1,201,0.7524,53439,0
scale_a0.2,rand_delta,1,202,0.7333,53488,0
scale_a0.2,rand_delta,1,203,0.7556,54026,0
scale_a0.2,rand_delta,1,204,0.6698,54626,0
scale_a0.2,rand_delta,1,205,0.6000,55226,0
scale_a0.2,rand_delta,1,206,0.6794,55680,0
scale_a0.2,rand_delta,1,207,0.6730,55961,0
scale_a0.2,rand_delta,1,208,0.6762,56561,0
scale_a0.2,rand_delta,1,209,0.7429,56648,0
scale_a0.2,rand_delta,1,210,0.7238,57248,0
scale_a0.2,rand_delta,1,211,0.7492,57298,0
scale_a0.2,rand_delta,1,212,0.7492,57329,0
scale_a0.2,rand_delta,1,213,0.7397,57395,0
scale_a0.2,rand_delta,1,214,0.7365,57450,0
scale_a0.2,rand_delta,1,215,0.7397,57746,0
scale_a0.2,rand_delta,1,216,0.7492,57789,0
scale_a0.2,rand_delta,1,217,0.7365,57836,0
scale_a0.2,rand_delta,1,218,0.7270,58162,0
scale_a0.2,rand_delta,1,219,0.6349,58762,0
scale_a0.2,rand_delta,1,220,0.6381,59362,0
scale_a0.2,rand_delta,1,221,0.5206,59962,0
scale_a0.2,rand_delta,1,222,0.6095,60077,0
scale_a0.2,rand_delta,1,223,0.6317,60137,0
scale_a0.2,rand_delta,1,224,0.6317,60216,0
scale_a0.2,rand_delta,1,225,0.6603,60263,0
scale_a0.2,rand_delta,1,226,0.6762,60321,0
scale_a0.2,rand_delta,1,227,0.7048,60921,0
scale_a0.2,rand_delta,1,228,0.6857,61069,0
scale_a0.2,rand_delta,1,229,0.7302,61145,0
scale_a0.2,rand_delta,1,230,0.7238,61216,0
scale_a0.2,rand_delta,1,231,0.7238,61268,0
scale_a0.2,rand_delta,1,232,0.6413,61868,0
scale_a0.2,rand_delta,1,233,0.7016,61952,0
scale_a0.2,rand_delta,1,234,0.6889,62552,0
scale_a0.2,rand_delta,1,235,0.7016,62604,0
scale_a0.2,rand_delta,1,236,0.5841,63204,0
scale_a0.2,rand_delta,1,237,0.6667,63453,0
scale_a0.2,rand_delta,1,238,0.7079,63492,0
scale_a0.2,rand_delta,1,239,0.7079,63509,0
scale_a0.2,rand_delta,1,240,0.7079,63514,0
scale_a0.2,rand_delta,1,241,0.7079,63542,0
scale_a0.2,rand_delta,1,242,0.7016,64142,0
scale_a0.2,rand_delta,1,243,0.7079,64154,0
scale_a0.2,rand_delta,1,244,0.7143,64187,0
scale_a0.2,rand_delta,1,245,0.6984,64787,0
scale_a0.2,rand_delta,1,246,0.6921,64838,0
scale_a0.2,rand_delta,1,247,0.6889,64886,0
scale_a0.2,rand_delta,1,248,0.6857,64945,0
scale_a0.2,rand_delta,1,249,0.7079,65316,0
scale_a0.2,rand_delta,1,250,0.7048,65916,0
scale_a0.2,rand_delta,1,251,0.7048,65953,0
scale_a0.2,rand_delta,1,252,0.6952,65984,0
scale_a0.2,rand_delta,1,253,0.6889,66074,0
scale_a0.2,rand_delta,1,254,0.6825,66148,0
scale_a0.2,rand_delta,1,255,0.6730,66200,0
scale_a0.2,rand_delta,1,256,0.6857,66800,0
scale_a0.2,rand_delta,1,257,0.6825,66874,0
scale_a0.2,rand_delta,1,258,0.6698,67474,0
scale_a0.2,rand_delta,1,259,0.6921,67523,0
scale_a0.2,rand_delta,1,260,0.7048,67621,0
scale_a0.2,rand_delta,1,261,0.6984,67707,0
scale_a0.2,rand_delta,1,262,0.7111,67759,0
scale_a0.2,rand_delta,1,263,0.6921,68359,0
scale_a0.2,rand_delta,1,264,0.6857,68959,0
scale_a0.2,rand_delta,1,265,0.7143,69559,0
scale_a0.2,rand_delta,1,266,0.7175,69595,0
scale_a0.2,rand_delta,1,267,0.7206,69645,0
scale_a0.2,rand_delta,1,268,0.6952,70245,0
scale_a0.2,rand_delta,1,269,0.7143,70287,0
scale_a0.2,rand_delta,1,270,0.7238,70312,0
scale_a0.2,rand_delta,1,271,0.7175,70370,0
scale_a0.2,rand_delta,1,272,0.6889,70401,0
scale_a0.2,rand_delta,1,273,0.6952,71001,0
scale_a0.2,rand_delta,1,274,0.6952,71006,0
scale_a0.2,rand_delta,1,275,0.6952,71013,0
scale_a0.2,rand_delta,1,276,0.6984,71066,0
scale_a0.2,rand_delta,1,277,0.6952,71095,0
scale_a0.2,rand_delta,1,278,0.6762,71695,0
scale_a0.2,rand_delta,1,279,0.6889,71744,0
scale_a0.2,rand_delta,1,280,0.6921,72344,0
scale_a0.2,rand_delta,1,281,0.7016,72386,0
scale_a0.2,rand_delta,1,282,0.6825,72435,0
scale_a0.2,rand_delta,1,283,0.6921,72516,0
scale_a0.2,rand_delta,1,284,0.6984,72525,0
scale_a0.2,rand_delta,1,285,0.6730,73125,0
scale_a0.2,rand_delta,1,286,0.6730,73128,0
scale_a0.2,rand_delta,1,287,0.6635,73684,0
scale_a0.2,rand_delta,1,288,0.6635,73689,0
scale_a0.2,rand_delta,1,289,0.6667,73772,0
scale_a0.2,rand_delta,1,290,0.6667,73784,0
scale_a0.2,rand_delta,1,291,0.6730,73847,0
scale_a0.2,rand_delta,1,292,0.6730,73891,0
scale_a0.2,rand_delta,1,293,0.6762,73921,0
scale_a0.2,rand_delta,1,294,0.6508,74521,0
scale_a0.2,rand_delta,1,295,0.6667,74589,0
scale_a0.2,rand_delta,1,296,0.6317,75189,0
scale_a0.2,rand_delta,1,297,0.6317,75789,0
scale_a0.2,rand_delta,1,298,0.6857,75964,0
scale_a0.2,rand_delta,1,299,0.6508,76564,0
scale_a0.2,rand_delta,1,300,0.6921,77040,0
scale_a0.2,rand_delta,1,301,0.7460,77122,0
scale_a0.2,rand_delta,1,302,0.7460,77177,0
scale_a0.2,rand_delta,1,303,0.7397,77236,0
scale_a0.2,rand_delta,1,304,0.7365,77367,0
scale_a0.2,rand_delta,1,305,0.7206,77967,0
scale_a0.2,rand_delta,1,306,0.7302,78017,0
scale_a0.2,rand_delta,1,307,0.7270,78054,0
scale_a0.2,rand_delta,1,308,0.7333,78135,0
scale_a0.2,rand_delta,1,309,0.6952,78735,0
scale_a0.2,rand_delta,1,310,0.7175,79335,0
scale_a0.2,rand_delta,1,311,0.7143,79404,0
scale_a0.2,rand_delta,1,312,0.6476,80004,0
scale_a0.2,rand_delta,1,313,0.6667,80060,0
scale_a0.2,rand_delta,1,314,0.6603,80133,0
scale_a0.2,rand_delta,1,315,0.6984,80218,0
scale_a0.2,rand_delta,1,316,0.6635,80386,0
scale_a0.2,rand_delta,1,317,0.7111,80456,0
scale_a0.2,rand_delta,1,318,0.7206,80462,0
scale_a0.2,rand_delta,1,319,0.7206,80471,0
scale_a0.2,rand_delta,1,320,0.7302,80500,0
scale_a0.2,rand_delta,1,321,0.7238,80528,0
scale_a0.2,rand_delta,1,322,0.6952,81068,0
scale_a0.2,rand_delta,1,323,0.7143,81127,0
scale_a0.2,rand_delta,1,324,0.7206,81727,0
scale_a0.2,rand_delta,1,325,0.6825,82327,0
scale_a0.2,rand_delta,1,326,0.6190,82927,0
scale_a0.2,rand_delta,1,327,0.6603,82979,0
scale_a0.2,rand_delta,1,328,0.6571,83388,0
scale_a0.2,rand_delta,1,329,0.6381,83988,0
scale_a0.2,rand_delta,1,330,0.6286,84588,0
scale_a0.2,rand_delta,1,331,0.6698,84611,0
scale_a0.2,rand_delta,1,332,0.6698,84666,0
scale_a0.2,rand_delta,1,333,0.6413,85266,0
scale_a0.2,rand_delta,1,334,0.6508,85866,0
scale_a0.2,rand_delta,1,335,0.6857,85951,0
scale_a0.2,rand_delta,1,336,0.7048,86053,0
scale_a0.2,rand_delta,1,337,0.7079,86111,0
scale_a0.2,rand_delta,1,338,0.6603,86711,0
scale_a0.2,rand_delta,1,339,0.7175,86785,0
scale_a0.2,rand_delta,1,340,0.7175,86791,0
scale_a0.2,rand_delta,1,341,0.7270,87391,0
scale_a0.2,rand_delta,1,342,0.6794,87991,0
scale_a0.2,rand_delta,1,343,0.7175,88045,0
scale_a0.2,rand_delta,1,344,0.7175,88645,0
scale_a0.2,rand_delta,1,345,0.7206,88666,0
scale_a0.2,rand_delta,1,346,0.7333,88695,0
scale_a0.2,rand_delta,1,347,0.7270,88811,0
scale_a0.2,rand_delta,1,348,0.7365,89062,0
scale_a0.2,rand_delta,1,349,0.7206,89090,0
scale_a0.2,rand_delta,1,350,0.7143,89690,0
scale_a0.2,rand_delta,1,351,0.7238,90290,0
scale_a0.2,rand_delta,1,352,0.7206,90324,0
scale_a0.2,rand_delta,1,353,0.7143,90343,0
scale_a0.2,rand_delta,1,354,0.7111,90356,0
scale_a0.2,rand_delta,1,355,0.7270,90384,0
scale_a0.2,rand_delta,1,356,0.7270,90436,0
scale_a0.2,rand_delta,1,357,0.6667,91036,0
scale_a0.2,rand_delta,1,358,0.6921,91636,0
scale_a0.2,rand_delta,1,359,0.7048,92236,0
scale_a0.2,rand_delta,1,360,0.7238,92307,0
scale_a0.2,rand_delta,1,361,0.6730,92907,0
scale_a0.2,rand_delta,1,362,0.7206,93507,0
scale_a0.2,rand_delta,1,363,0.7397,93533,0
scale_a0.2,rand_delta,1,364,0.7238,93835,0
scale_a0.2,rand_delta,1,365,0.7111,93856,0
scale_a0.2,rand_delta,1,366,0.7143,93907,0
scale_a0.2,rand_delta,1,367,0.7143,93963,0
scale_a0.2,rand_delta,1,368,0.7111,93979,0
scale_a0.2,rand_delta,1,369,0.7079,94110,0
scale_a0.2,rand_delta,1,370,0.7079,94114,0
scale_a0.2,rand_delta,1,371,0.7048,94175,0
scale_a0.2,rand_delta,1,372,0.6603,94775,0
scale_a0.2,rand_delta,1,373,0.7206,94928,0
scale_a0.2,rand_delta,1,374,0.7397,94974,0
scale_a0.2,rand_delta,1,375,0.7429,95012,0
scale_a0.2,rand_delta,1,376,0.7302,95038,0
scale_a0.2,rand_delta,1,377,0.7270,95056,0
scale_a0.2,rand_delta,1,378,0.7333,95113,0
scale_a0.2,rand_delta,1,379,0.7238,95157,0
scale_a0.2,rand_delta,1,380,0.7270,95170,0
scale_a0.2,rand_delta,1,381,0.7302,95741,0
scale_a0.2,rand_delta,1,382,0.7238,95799,0
scale_a0.2,rand_delta,1,383,0.7175,96100,0
scale_a0.2,rand_delta,1,384,0.7143,96117,0
scale_a0.2,rand_delta,1,385,0.7238,96194,0
scale_a0.2,rand_delta,1,386,0.7111,96550,0
scale_a0.2,rand_delta,1,387,0.6794,97150,0
scale_a0.2,rand_delta,1,388,0.7111,97291,0
scale_a0.2,rand_delta,1,389,0.7016,97891,0
scale_a0.2,rand_delta,1,390,0.7016,97923,0
scale_a0.2,rand_delta,1,391,0.7079,98523,0
scale_a0.2,rand_delta,1,392,0.7206,98586,0
scale_a0.2,rand_delta,1,393,0.7175,98587,0
scale_a0.2,rand_delta,1,394,0.7079,99091,0
scale_a0.2,rand_delta,1,395,0.6635,99691,0
scale_a0.2,rand_delta,1,396,0.7175,99792,0
scale_a0.2,rand_delta,1,397,0.7206,99821,0
scale_a0.2,rand_delta,1,398,0.6825,100421,0
scale_a0.2,rand_delta,1,399,0.6984,101021,0
scale_a0.2,rand_delta,1,400,0.7206,101073,0
scale_a0.2,rand_delta,1,401,0.7206,101083,0
scale_a0.2,rand_delta,1,402,0.7175,101683,0
scale_a0.2,rand_delta,1,403,0.7016,102283,0
scale_a0.2,rand_delta,1,404,0.7048,102351,0
scale_a0.2,rand_delta,1,405,0.7143,102375,0
scale_a0.2,rand_delta,1,406,0.7175,102612,0
scale_a0.2,rand_delta,1,407,0.7333,102644,0
scale_a0.2,rand_delta,1,408,0.7270,102680,0
scale_a0.2,rand_delta,1,409,0.7333,102749,0
scale_a0.2,rand_delta,1,410,0.7175,102788,0
scale_a0.2,rand_delta,1,411,0.7143,102819,0
scale_a0.2,rand_delta,1,412,0.7175,102878,0
scale_a0.2,rand_delta,1,413,0.7333,103311,0
scale_a0.2,rand_delta,1,414,0.7143,103359,0
scale_a0.2,rand_delta,1,415,0.7175,103410,0
scale_a0.2,rand_delta,1,416,0.7079,103455,0
scale_a0.2,rand_delta,1,417,0.7079,104055,0
scale_a0.2,rand_delta,1,418,0.6794,104655,0
scale_a0.2,rand_delta,1,419,0.6984,104783,0
scale_a0.2,rand_delta,1,420,0.7238,104846,0
scale_a0.2,rand_delta,1,421,0.7270,104874,0
scale_a0.2,rand_delta,1,422,0.7270,104889,0
scale_a0.2,rand_delta,1,423,0.7270,104953,0
scale_a0.2,rand_delta,1,424,0.7206,104999,0
scale_a0.2,rand_delta,1,425,0.7016,105599,0
scale_a0.2,rand_delta,1,426,0.7397,105652,0
scale_a0.2,rand_delta,1,427,0.7397,105714,0
scale_a0.2,rand_delta,1,428,0.7397,105724,0
scale_a0.2,rand_delta,1,429,0.7397,105770,0
scale_a0.2,rand_delta,1,430,0.7397,105789,0
scale_a0.2,rand_delta,1,431,0.7397,105808,0
scale_a0.2,rand_delta,1,432,0.7397,105843,0
scale_a0.2,rand_delta,1,433,0.7333,106443,0
scale_a0.2,rand_delta,1,434,0.7365,106493,0
scale_a0.2,rand_delta,1,435,0.7365,106536,0
scale_a0.2,rand_delta,1,436,0.7397,106572,0
scale_a0.2,rand_delta,1,437,0.7206,106607,0
scale_a0.2,rand_delta,1,438,0.7365,106652,0
scale_a0.2,rand_delta,1,439,0.7333,106685,0
scale_a0.2,rand_delta,1,440,0.7111,107285,0
scale_a0.2,rand_delta,1,441,0.7079,107314,0
scale_a0.2,rand_delta,1,442,0.6825,107914,0
scale_a0.2,rand_delta,1,443,0.6984,108005,0
scale_a0.2,rand_delta,1,444,0.7270,108038,0
scale_a0.2,rand_delta,1,445,0.7048,108092,0
scale_a0.2,rand_delta,1,446,0.6984,108152,0
scale_a0.2,rand_delta,1,447,0.7111,108207,0
scale_a0.2,rand_delta,1,448,0.6952,108260,0
scale_a0.2,rand_delta,1,449,0.6825,108860,0
scale_a0.2,rand_delta,1,450,0.6984,108895,0
scale_a0.2,rand_delta,1,451,0.6825,109495,0
scale_a0.2,rand_delta,1,452,0.6952,109551,0
scale_a0.2,rand_delta,1,453,0.7143,109601,0
scale_a0.2,rand_delta,1,454,0.7206,109648,0
scale_a0.2,rand_delta,1,455,0.7079,109693,0
scale_a0.2,rand_delta,1,456,0.7079,109694,0
scale_a0.2,rand_delta,1,457,0.7048,109721,0
scale_a0.2,rand_delta,1,458,0.7048,109737,0
scale_a0.2,rand_delta,1,459,0.7016,109748,0
scale_a0.2,rand_delta,1,460,0.7143,109805,0
scale_a0.2,rand_delta,1,461,0.6095,110405,0
scale_a0.2,rand_delta,1,462,0.6571,110463,0
scale_a0.2,rand_delta,1,463,0.6540,110468,0
scale_a0.2,rand_delta,1,464,0.6698,110524,0
scale_a0.2,rand_delta,1,465,0.6698,110545,0
scale_a0.2,rand_delta,1,466,0.6730,110579,0
scale_a0.2,rand_delta,1,467,0.7111,110646,0
scale_a0.2,rand_delta,1,468,0.6952,111246,0
scale_a0.2,rand_delta,1,469,0.7206,111319,0
scale_a0.2,rand_delta,1,470,0.6857,111919,0
scale_a0.2,rand_delta,1,471,0.7111,111967,0
scale_a0.2,rand_delta,1,472,0.6286,112567,0
scale_a0.2,rand_delta,1,473,0.7238,112649,0
scale_a0.2,rand_delta,1,474,0.7238,112679,0
scale_a0.2,rand_delta,1,475,0.7492,112724,0
scale_a0.2,rand_delta,1,476,0.7587,112788,0
scale_a0.2,rand_delta,1,477,0.7460,113388,0
scale_a0.2,rand_delta,1,478,0.7175,113988,0
scale_a0.2,rand_delta,1,479,0.7143,113998,0
scale_a0.2,rand_delta,1,480,0.7238,114100,0
scale_a0.2,rand_delta,1,481,0.7397,114563,0
scale_a0.2,rand_delta,1,482,0.7460,115163,0
scale_a0.2,rand_delta,1,483,0.7460,115205,0
scale_a0.2,rand_delta,1,484,0.7302,115250,0
scale_a0.2,rand_delta,1,485,0.7333,115292,0
scale_a0.2,rand_delta,1,486,0.7302,115311,0
scale_a0.2,rand_delta,1,487,0.7302,115359,0
scale_a0.2,rand_delta,1,488,0.7587,115959,0
scale_a0.2,rand_delta,1,489,0.7556,115982,0
scale_a0.2,rand_delta,1,490,0.7460,115997,0
scale_a0.2,rand_delta,1,491,0.7460,116030,0
scale_a0.2,rand_delta,1,492,0.7302,116630,0
scale_a0.2,rand_delta,1,493,0.7429,116671,0
scale_a0.2,rand_delta,1,494,0.7333,117152,0
scale_a0.2,rand_delta,1,495,0.7333,117186,0
scale_a0.2,rand_delta,1,496,0.7556,117233,0
scale_a0.2,rand_delta,1,497,0.7429,117266,0
scale_a0.2,rand_delta,1,498,0.7429,117319,0
scale_a0.2,rand_delta,1,499,0.7365,117355,0
scale_a0.2,rand_delta,1,500,0.7556,117403,0
scale_a0.2,rand_delta,1,501,0.7365,117798,0
scale_a0.2,rand_delta,1,502,0.7460,117861,0
scale_a0.2,rand_delta,1,503,0.7429,117978,0
scale_a0.2,rand_delta,1,504,0.7429,117982,0
scale_a0.2,rand_delta,1,505,0.6381,118582,0
scale_a0.2,rand_delta,1,506,0.6889,118759,0
scale_a0.2,rand_delta,1,507,0.7048,118814,0
scale_a0.2,rand_delta,1,508,0.7270,118872,0
scale_a0.2,rand_delta,1,509,0.6667,119472,0
scale_a0.2,rand_delta,1,510,0.6952,119493,0
scale_a0.2,rand_delta,1,511,0.7302,119549,0
scale_a0.2,rand_delta,1,512,0.7460,119611,0
scale_a0.2,rand_delta,1,513,0.7524,119654,0
scale_a0.2,rand_delta,1,514,0.7206,120254,0
scale_a0.2,rand_delta,1,515,0.7333,120301,0
scale_a0.2,rand_delta,1,516,0.7238,120332,0
scale_a0.2,rand_delta,1,517,0.7302,120376,0
scale_a0.2,rand_delta,1,518,0.7333,120414,0
scale_a0.2,rand_delta,1,519,0.7460,120451,0
scale_a0.2,rand_delta,1,520,0.7302,120514,0
scale_a0.2,rand_delta,1,521,0.7429,120585,0
scale_a0.2,rand_delta,1,522,0.6889,121185,0
scale_a0.2,rand_delta,1,523,0.7143,121243,0
scale_a0.2,rand_delta,1,524,0.7270,121292,0
scale_a0.2,rand_delta,1,525,0.7397,121305,0
scale_a0.2,rand_delta,1,526,0.7429,121357,0
scale_a0.2,rand_delta,1,527,0.7397,121366,0
scale_a0.2,rand_delta,1,528,0.7556,121478,0
scale_a0.2,rand_delta,1,529,0.6921,122078,0
scale_a0.2,rand_delta,1,530,0.7270,122186,0
scale_a0.2,rand_delta,1,531,0.7143,122786,0
scale_a0.2,rand_delta,1,532,0.6127,123386,0
scale_a0.2,rand_delta,1,533,0.6762,123986,0
scale_a0.2,rand_delta,1,534,0.6730,124000,0
scale_a0.2,rand_delta,1,535,0.7048,124089,0
scale_a0.2,rand_delta,1,536,0.7365,124214,0
scale_a0.2,rand_delta,1,537,0.7429,124239,0
scale_a0.2,rand_delta,1,538,0.7397,124287,0
scale_a0.2,rand_delta,1,539,0.7333,124347,0
scale_a0.2,rand_delta,1,540,0.7587,124393,0
scale_a0.2,rand_delta,1,541,0.7587,124421,0
scale_a0.2,rand_delta,1,542,0.7460,124453,0
scale_a0.2,rand_delta,1,543,0.7238,124497,0
scale_a0.2,rand_delta,1,544,0.7238,124499,0
scale_a0.2,rand_delta,1,545,0.7302,124520,0
scale_a0.2,rand_delta,1,546,0.7238,124576,0
scale_a0.2,rand_delta,1,547,0.7206,124639,0
scale_a0.2,rand_delta,1,548,0.7238,124683,0
scale_a0.2,rand_delta,1,549,0.7492,124730,0
scale_a0.2,rand_delta,1,550,0.7556,124762,0
scale_a0.2,rand_delta,1,551,0.7524,124807,0
scale_a0.2,rand_delta,1,552,0.7397,125124,0
scale_a0.2,rand_delta,1,553,0.7460,125136,0
scale_a0.2,rand_delta,1,554,0.7460,125240,0
scale_a0.2,rand_delta,1,555,0.7460,125265,0
scale_a0.2,rand_delta,1,556,0.7460,125269,0
scale_a0.2,rand_delta,1,557,0.7460,125302,0
scale_a0.2,rand_delta,1,558,0.7111,125902,0
scale_a0.2,rand_delta,1,559,0.7556,125944,0
scale_a0.2,rand_delta,1,560,0.7556,125976,0
scale_a0.2,rand_delta,1,561,0.7587,126576,0
scale_a0.2,rand_delta,1,562,0.7587,126578,0
scale_a0.2,rand_delta,1,563,0.7587,127178,0
scale_a0.2,rand_delta,1,564,0.7556,127193,0
scale_a0.2,rand_delta,1,565,0.7556,127207,0
scale_a0.2,rand_delta,1,566,0.7587,127807,0
scale_a0.2,rand_delta,1,567,0.7460,127848,0
scale_a0.2,rand_delta,1,568,0.7333,127997,0
scale_a0.2,rand_delta,1,569,0.7206,128597,0
scale_a0.2,rand_delta,1,570,0.7429,128675,0
scale_a0.2,rand_delta,1,571,0.7524,129275,0
scale_a0.2,rand_delta,1,572,0.7524,129278,0
scale_a0.2,rand_delta,1,573,0.7651,129311,0
scale_a0.2,rand_delta,1,574,0.7619,129315,0
scale_a0.2,rand_delta,1,575,0.6952,129915,0
scale_a0.2,rand_delta,1,576,0.7206,129963,0
scale_a0.2,rand_delta,1,577,0.7429,129995,0
scale_a0.2,rand_delta,1,578,0.7524,130056,0
scale_a0.2,rand_delta,1,579,0.7683,130090,0
scale_a0.2,rand_delta,1,580,0.7619,130098,0
scale_a0.2,rand_delta,1,581,0.7683,130125,0
scale_a0.2,rand_delta,1,582,0.7683,130141,0
scale_a0.2,rand_delta,1,583,0.7619,130169,0
scale_a0.2,rand_delta,1,584,0.7587,130220,0
scale_a0.2,rand_delta,1,585,0.7492,130253,0
scale_a0.2,rand_delta,1,586,0.7492,130290,0
scale_a0.2,rand_delta,1,587,0.7492,130307,0
scale_a0.2,rand_delta,1,588,0.7651,130332,0
scale_a0.2,rand_delta,1,589,0.7365,130932,0
scale_a0.2,rand_delta,1,590,0.7365,130940,0
scale_a0.2,rand_delta,1,591,0.7429,130987,0
scale_a0.2,rand_delta,1,592,0.7460,131077,0
scale_a0.2,rand_delta,1,593,0.6635,131677,0
scale_a0.2,rand_delta,1,594,0.6952,132277,0
scale_a0.2,rand_delta,1,595,0.7270,132467,0
scale_a0.2,rand_delta,1,596,0.7079,132641,0
scale_a0.2,rand_delta,1,597,0.7111,132682,0
scale_a0.2,rand_delta,1,598,0.6952,133282,0
scale_a0.2,rand_delta,1,599,0.7206,133349,0
scale_a0.2,kc_delta,2,0,0.3333,600,0
scale_a0.2,kc_delta,2,1,0.3937,1200,0
scale_a0.2,kc_delta,2,2,0.4413,1573,0
scale_a0.2,kc_delta,2,3,0.4603,2100,0
scale_a0.2,kc_delta,2,4,0.4254,2700,0
scale_a0.2,kc_delta,2,5,0.4667,2954,0
scale_a0.2,kc_delta,2,6,0.4508,3303,0
scale_a0.2,kc_delta,2,7,0.4667,3903,0
scale_a0.2,kc_delta,2,8,0.4952,3957,0
scale_a0.2,kc_delta,2,9,0.4952,4384,0
scale_a0.2,kc_delta,2,10,0.4571,4984,0
scale_a0.2,kc_delta,2,11,0.4794,5103,0
scale_a0.2,kc_delta,2,12,0.4857,5580,0
scale_a0.2,kc_delta,2,13,0.4317,6180,0
scale_a0.2,kc_delta,2,14,0.4730,6780,0
scale_a0.2,kc_delta,2,15,0.4540,7380,0
scale_a0.2,kc_delta,2,16,0.4476,7404,0
scale_a0.2,kc_delta,2,17,0.5016,7568,0
scale_a0.2,kc_delta,2,18,0.4921,7582,0
scale_a0.2,kc_delta,2,19,0.5175,7937,0
scale_a0.2,kc_delta,2,20,0.5302,8029,0
scale_a0.2,kc_delta,2,21,0.4508,8629,0
scale_a0.2,kc_delta,2,22,0.4952,9206,0
scale_a0.2,kc_delta,2,23,0.5048,9806,0
scale_a0.2,kc_delta,2,24,0.5048,9817,0
scale_a0.2,kc_delta,2,25,0.5556,10145,0
scale_a0.2,kc_delta,2,26,0.5619,10284,0
scale_a0.2,kc_delta,2,27,0.5683,10292,0
scale_a0.2,kc_delta,2,28,0.5492,10401,0
scale_a0.2,kc_delta,2,29,0.5587,10558,0
scale_a0.2,kc_delta,2,30,0.5587,10689,0
scale_a0.2,kc_delta,2,31,0.4508,11289,0
scale_a0.2,kc_delta,2,32,0.4762,11889,0
scale_a0.2,kc_delta,2,33,0.4159,12489,0
scale_a0.2,kc_delta,2,34,0.4095,13089,0
scale_a0.2,kc_delta,2,35,0.4159,13207,0
scale_a0.2,kc_delta,2,36,0.4381,13300,0
scale_a0.2,kc_delta,2,37,0.4254,13900,0
scale_a0.2,kc_delta,2,38,0.4254,14500,0
scale_a0.2,kc_delta,2,39,0.4762,14763,0
scale_a0.2,kc_delta,2,40,0.4857,14833,0
scale_a0.2,kc_delta,2,41,0.4952,14972,0
scale_a0.2,kc_delta,2,42,0.4540,15572,0
scale_a0.2,kc_delta,2,43,0.4698,16172,0
scale_a0.2,kc_delta,2,44,0.4730,16357,0
scale_a0.2,kc_delta,2,45,0.4667,16651,0
scale_a0.2,kc_delta,2,46,0.4730,17251,0
scale_a0.2,kc_delta,2,47,0.4667,17851,0
scale_a0.2,kc_delta,2,48,0.4794,17958,0
scale_a0.2,kc_delta,2,49,0.5079,18299,0
scale_a0.2,kc_delta,2,50,0.5397,18600,0
scale_a0.2,kc_delta,2,51,0.5460,19200,0
scale_a0.2,kc_delta,2,52,0.5333,19800,0
scale_a0.2,kc_delta,2,53,0.5079,20400,0
scale_a0.2,kc_delta,2,54,0.5206,20467,0
scale_a0.2,kc_delta,2,55,0.5302,21067,0
scale_a0.2,kc_delta,2,56,0.4698,21667,0
scale_a0.2,kc_delta,2,57,0.4794,22267,0
scale_a0.2,kc_delta,2,58,0.4921,22867,0
scale_a0.2,kc_delta,2,59,0.5079,22984,0
scale_a0.2,kc_delta,2,60,0.5175,23584,0
scale_a0.2,kc_delta,2,61,0.5270,23639,0
scale_a0.2,kc_delta,2,62,0.5365,23854,0
scale_a0.2,kc_delta,2,63,0.4667,24454,0
scale_a0.2,kc_delta,2,64,0.4952,24698,0
scale_a0.2,kc_delta,2,65,0.5048,24844,0
scale_a0.2,kc_delta,2,66,0.5048,24979,0
scale_a0.2,kc_delta,2,67,0.4984,25579,0
scale_a0.2,kc_delta,2,68,0.4984,26179,0
scale_a0.2,kc_delta,2,69,0.5111,26290,0
scale_a0.2,kc_delta,2,70,0.5270,26445,0
scale_a0.2,kc_delta,2,71,0.5238,27045,0
scale_a0.2,kc_delta,2,72,0.5048,27094,0
scale_a0.2,kc_delta,2,73,0.5270,27694,0
scale_a0.2,kc_delta,2,74,0.4667,28294,0
scale_a0.2,kc_delta,2,75,0.5111,28442,0
scale_a0.2,kc_delta,2,76,0.5206,28619,0
scale_a0.2,kc_delta,2,77,0.5397,29219,0
scale_a0.2,kc_delta,2,78,0.5270,29819,0
scale_a0.2,kc_delta,2,79,0.5270,29935,0
scale_a0.2,kc_delta,2,80,0.5302,30535,0
scale_a0.2,kc_delta,2,81,0.5302,30581,0
scale_a0.2,kc_delta,2,82,0.5270,31181,0
scale_a0.2,kc_delta,2,83,0.5365,31259,0
scale_a0.2,kc_delta,2,84,0.5016,31859,0
scale_a0.2,kc_delta,2,85,0.5016,31885,0
scale_a0.2,kc_delta,2,86,0.5048,32485,0
scale_a0.2,kc_delta,2,87,0.5048,32538,0
scale_a0.2,kc_delta,2,88,0.5016,32573,0
scale_a0.2,kc_delta,2,89,0.5048,32970,0
scale_a0.2,kc_delta,2,90,0.4889,33570,0
scale_a0.2,kc_delta,2,91,0.5048,34170,0
scale_a0.2,kc_delta,2,92,0.5048,34770,0
scale_a0.2,kc_delta,2,93,0.5111,35370,0
scale_a0.2,kc_delta,2,94,0.5111,35398,0
scale_a0.2,kc_delta,2,95,0.5238,35484,0
scale_a0.2,kc_delta,2,96,0.5175,36084,0
scale_a0.2,kc_delta,2,97,0.4984,36684,0
scale_a0.2,kc_delta,2,98,0.4921,37284,0
scale_a0.2,kc_delta,2,99,0.4730,37884,0
scale_a0.2,kc_delta,2,100,0.4667,38484,0
scale_a0.2,kc_delta,2,101,0.4571,39084,0
scale_a0.2,kc_delta,2,102,0.4381,39684,0
scale_a0.2,kc_delta,2,103,0.4635,40284,0
scale_a0.2,kc_delta,2,104,0.4825,40318,0
scale_a0.2,kc_delta,2,105,0.4857,40918,0
scale_a0.2,kc_delta,2,106,0.4762,41518,0
scale_a0.2,kc_delta,2,107,0.5175,41622,0
scale_a0.2,kc_delta,2,108,0.5143,42222,0
scale_a0.2,kc_delta,2,109,0.4921,42822,0
scale_a0.2,kc_delta,2,110,0.4825,43422,0
scale_a0.2,kc_delta,2,111,0.4952,44022,0
scale_a0.2,kc_delta,2,112,0.4889,44622,0
scale_a0.2,kc_delta,2,113,0.4889,45222,0
scale_a0.2,kc_delta,2,114,0.5111,45346,0
scale_a0.2,kc_delta,2,115,0.5079,45946,0
scale_a0.2,kc_delta,2,116,0.5079,46025,0
scale_a0.2,kc_delta,2,117,0.5079,46625,0
scale_a0.2,kc_delta,2,118,0.5206,46830,0
scale_a0.2,kc_delta,2,119,0.5270,47430,0
scale_a0.2,kc_delta,2,120,0.5333,47525,0
scale_a0.2,kc_delta,2,121,0.5270,47553,0
scale_a0.2,kc_delta,2,122,0.5175,48153,0
scale_a0.2,kc_delta,2,123,0.5111,48753,0
scale_a0.2,kc_delta,2,124,0.5079,49353,0
scale_a0.2,kc_delta,2,125,0.5079,49661,0
scale_a0.2,kc_delta,2,126,0.5175,49687,0
scale_a0.2,kc_delta,2,127,0.5238,50287,0
scale_a0.2,kc_delta,2,128,0.5079,50887,0
scale_a0.2,kc_delta,2,129,0.5175,51160,0
scale_a0.2,kc_delta,2,130,0.4952,51396,0
scale_a0.2,kc_delta,2,131,0.5460,51870,0
scale_a0.2,kc_delta,2,132,0.5397,51882,0
scale_a0.2,kc_delta,2,133,0.5365,52482,0
scale_a0.2,kc_delta,2,134,0.5238,52529,0
scale_a0.2,kc_delta,2,135,0.5460,52584,0
scale_a0.2,kc_delta,2,136,0.5556,53184,0
scale_a0.2,kc_delta,2,137,0.5016,53784,0
scale_a0.2,kc_delta,2,138,0.5016,54384,0
scale_a0.2,kc_delta,2,139,0.5175,54482,0
scale_a0.2,kc_delta,2,140,0.5206,54505,0
scale_a0.2,kc_delta,2,141,0.5270,54595,0
scale_a0.2,kc_delta,2,142,0.5238,55195,0
scale_a0.2,kc_delta,2,143,0.5397,55221,0
scale_a0.2,kc_delta,2,144,0.5143,55821,0
scale_a0.2,kc_delta,2,145,0.5270,55986,0
scale_a0.2,kc_delta,2,146,0.5238,56586,0
scale_a0.2,kc_delta,2,147,0.5206,57186,0
scale_a0.2,kc_delta,2,148,0.5143,57208,0
scale_a0.2,kc_delta,2,149,0.5238,57808,0
scale_a0.2,kc_delta,2,150,0.5397,57899,0
scale_a0.2,kc_delta,2,151,0.5429,58021,0
scale_a0.2,kc_delta,2,152,0.4635,58621,0
scale_a0.2,kc_delta,2,153,0.4635,59221,0
scale_a0.2,kc_delta,2,154,0.4635,59821,0
scale_a0.2,kc_delta,2,155,0.5111,60014,0
scale_a0.2,kc_delta,2,156,0.5048,60073,0
scale_a0.2,kc_delta,2,157,0.5111,60673,0
scale_a0.2,kc_delta,2,158,0.5143,60712,0
scale_a0.2,kc_delta,2,159,0.5048,60750,0
scale_a0.2,kc_delta,2,160,0.5111,61350,0
scale_a0.2,kc_delta,2,161,0.5143,61367,0
scale_a0.2,kc_delta,2,162,0.5175,61395,0
scale_a0.2,kc_delta,2,163,0.5143,61421,0
scale_a0.2,kc_delta,2,164,0.5079,61434,0
scale_a0.2,kc_delta,2,165,0.5302,61592,0
scale_a0.2,kc_delta,2,166,0.4889,62192,0
scale_a0.2,kc_delta,2,167,0.5016,62242,0
scale_a0.2,kc_delta,2,168,0.4698,62842,0
scale_a0.2,kc_delta,2,169,0.5111,62961,0
scale_a0.2,kc_delta,2,170,0.4921,63561,0
scale_a0.2,kc_delta,2,171,0.4794,64161,0
scale_a0.2,kc_delta,2,172,0.5111,64466,0
scale_a0.2,kc_delta,2,173,0.5175,65066,0
scale_a0.2,kc_delta,2,174,0.5016,65110,0
scale_a0.2,kc_delta,2,175,0.4794,65710,0
scale_a0.2,kc_delta,2,176,0.4825,65880,0
scale_a0.2,kc_delta,2,177,0.4825,66480,0
scale_a0.2,kc_delta,2,178,0.4794,67080,0
scale_a0.2,kc_delta,2,179,0.4825,67680,0
scale_a0.2,kc_delta,2,180,0.4730,68280,0
scale_a0.2,kc_delta,2,181,0.4889,68423,0
scale_a0.2,kc_delta,2,182,0.4952,68517,0
scale_a0.2,kc_delta,2,183,0.4984,69117,0
scale_a0.2,kc_delta,2,184,0.5143,69592,0
scale_a0.2,kc_delta,2,185,0.5270,69651,0
scale_a0.2,kc_delta,2,186,0.5175,70251,0
scale_a0.2,kc_delta,2,187,0.5175,70851,0
scale_a0.2,kc_delta,2,188,0.5111,71451,0
scale_a0.2,kc_delta,2,189,0.5302,71624,0
scale_a0.2,kc_delta,2,190,0.5175,72224,0
scale_a0.2,kc_delta,2,191,0.5302,72824,0
scale_a0.2,kc_delta,2,192,0.5238,72845,0
scale_a0.2,kc_delta,2,193,0.5206,72899,0
scale_a0.2,kc_delta,2,194,0.5048,73499,0
scale_a0.2,kc_delta,2,195,0.5111,74099,0
scale_a0.2,kc_delta,2,196,0.5206,74227,0
scale_a0.2,kc_delta,2,197,0.5302,74281,0
scale_a0.2,kc_delta,2,198,0.5270,74881,0
scale_a0.2,kc_delta,2,199,0.5175,75481,0
scale_a0.2,kc_delta,2,200,0.5175,76081,0
scale_a0.2,kc_delta,2,201,0.5206,76106,0
scale_a0.2,kc_delta,2,202,0.5365,76349,0
scale_a0.2,kc_delta,2,203,0.5270,76370,0
scale_a0.2,kc_delta,2,204,0.5365,76438,0
scale_a0.2,kc_delta,2,205,0.5302,76462,0
scale_a0.2,kc_delta,2,206,0.5333,76471,0
scale_a0.2,kc_delta,2,207,0.5302,76593,0
scale_a0.2,kc_delta,2,208,0.5302,76726,0
scale_a0.2,kc_delta,2,209,0.5333,77326,0
scale_a0.2,kc_delta,2,210,0.5397,77354,0
scale_a0.2,kc_delta,2,211,0.5492,77954,0
scale_a0.2,kc_delta,2,212,0.5492,77970,0
scale_a0.2,kc_delta,2,213,0.5238,78570,0
scale_a0.2,kc_delta,2,214,0.5365,78597,0
scale_a0.2,kc_delta,2,215,0.5175,79197,0
scale_a0.2,kc_delta,2,216,0.5365,79242,0
scale_a0.2,kc_delta,2,217,0.5429,79284,0
scale_a0.2,kc_delta,2,218,0.5365,79884,0
scale_a0.2,kc_delta,2,219,0.5397,80484,0
scale_a0.2,kc_delta,2,220,0.5556,80498,0
scale_a0.2,kc_delta,2,221,0.5460,80546,0
scale_a0.2,kc_delta,2,222,0.5333,81146,0
scale_a0.2,kc_delta,2,223,0.5079,81746,0
scale_a0.2,kc_delta,2,224,0.5397,81895,0
scale_a0.2,kc_delta,2,225,0.5492,82495,0
scale_a0.2,kc_delta,2,226,0.5048,83095,0
scale_a0.2,kc_delta,2,227,0.4984,83695,0
scale_a0.2,kc_delta,2,228,0.5111,84295,0
scale_a0.2,kc_delta,2,229,0.5333,84314,0
scale_a0.2,kc_delta,2,230,0.5270,84329,0
scale_a0.2,kc_delta,2,231,0.5143,84929,0
scale_a0.2,kc_delta,2,232,0.5048,85529,0
scale_a0.2,kc_delta,2,233,0.5048,85540,0
scale_a0.2,kc_delta,2,234,0.5333,85581,0
scale_a0.2,kc_delta,2,235,0.5175,86181,0
scale_a0.2,kc_delta,2,236,0.4921,86781,0
scale_a0.2,kc_delta,2,237,0.5302,86912,0
scale_a0.2,kc_delta,2,238,0.5238,86938,0
scale_a0.2,kc_delta,2,239,0.5206,87091,0
scale_a0.2,kc_delta,2,240,0.5302,87109,0
scale_a0.2,kc_delta,2,241,0.5397,87167,0
scale_a0.2,kc_delta,2,242,0.5397,87767,0
scale_a0.2,kc_delta,2,243,0.5429,87800,0
scale_a0.2,kc_delta,2,244,0.5143,88400,0
scale_a0.2,kc_delta,2,245,0.5302,89000,0
scale_a0.2,kc_delta,2,246,0.5302,89007,0
scale_a0.2,kc_delta,2,247,0.5016,89607,0
scale_a0.2,kc_delta,2,248,0.5016,90207,0
scale_a0.2,kc_delta,2,249,0.5016,90807,0
scale_a0.2,kc_delta,2,250,0.5302,91024,0
scale_a0.2,kc_delta,2,251,0.5397,91089,0
scale_a0.2,kc_delta,2,252,0.5524,91689,0
scale_a0.2,kc_delta,2,253,0.5556,92279,0
scale_a0.2,kc_delta,2,254,0.5270,92879,0
scale_a0.2,kc_delta,2,255,0.5333,92904,0
scale_a0.2,kc_delta,2,256,0.5079,93504,0
scale_a0.2,kc_delta,2,257,0.5175,94104,0
scale_a0.2,kc_delta,2,258,0.5302,94704,0
scale_a0.2,kc_delta,2,259,0.5206,95304,0
scale_a0.2,kc_delta,2,260,0.4984,95904,0
scale_a0.2,kc_delta,2,261,0.5302,96504,0
scale_a0.2,kc_delta,2,262,0.5365,96523,0
scale_a0.2,kc_delta,2,263,0.4984,96627,0
scale_a0.2,kc_delta,2,264,0.5143,96721,0
scale_a0.2,kc_delta,2,265,0.5111,97321,0
scale_a0.2,kc_delta,2,266,0.4889,97921,0
scale_a0.2,kc_delta,2,267,0.5175,97984,0
scale_a0.2,kc_delta,2,268,0.5302,98078,0
scale_a0.2,kc_delta,2,269,0.5365,98094,0
scale_a0.2,kc_delta,2,270,0.5492,98346,0
scale_a0.2,kc_delta,2,271,0.5524,98363,0
scale_a0.2,kc_delta,2,272,0.5524,98555,0
scale_a0.2,kc_delta,2,273,0.5492,99155,0
scale_a0.2,kc_delta,2,274,0.5587,99755,0
scale_a0.2,kc_delta,2,275,0.5587,100355,0
scale_a0.2,kc_delta,2,276,0.5651,100430,0
scale_a0.2,kc_delta,2,277,0.5619,101030,0
scale_a0.2,kc_delta,2,278,0.5460,101399,0
scale_a0.2,kc_delta,2,279,0.5556,101829,0
scale_a0.2,kc_delta,2,280,0.5746,102429,0
scale_a0.2,kc_delta,2,281,0.5683,102484,0
scale_a0.2,kc_delta,2,282,0.5651,102529,0
scale_a0.2,kc_delta,2,283,0.5746,102583,0
scale_a0.2,kc_delta,2,284,0.5587,103183,0
scale_a0.2,kc_delta,2,285,0.5587,103189,0
scale_a0.2,kc_delta,2,286,0.5746,103692,0
scale_a0.2,kc_delta,2,287,0.5778,103740,0
scale_a0.2,kc_delta,2,288,0.5841,103759,0
scale_a0.2,kc_delta,2,289,0.5714,104359,0
scale_a0.2,kc_delta,2,290,0.5937,104401,0
scale_a0.2,kc_delta,2,291,0.5968,104417,0
scale_a0.2,kc_delta,2,292,0.5556,105017,0
scale_a0.2,kc_delta,2,293,0.5365,105617,0
scale_a0.2,kc_delta,2,294,0.5143,106217,0
scale_a0.2,kc_delta,2,295,0.5556,106296,0
scale_a0.2,kc_delta,2,296,0.5683,106896,0
scale_a0.2,kc_delta,2,297,0.5683,106994,0
scale_a0.2,kc_delta,2,298,0.5651,106996,0
scale_a0.2,kc_delta,2,299,0.5556,107596,0
scale_a0.2,kc_delta,2,300,0.5524,108196,0
scale_a0.2,kc_delta,2,301,0.5492,108796,0
scale_a0.2,kc_delta,2,302,0.5238,109396,0
scale_a0.2,kc_delta,2,303,0.5175,109996,0
scale_a0.2,kc_delta,2,304,0.5556,110112,0
scale_a0.2,kc_delta,2,305,0.5587,110712,0
scale_a0.2,kc_delta,2,306,0.5841,110811,0
scale_a0.2,kc_delta,2,307,0.5841,110835,0
scale_a0.2,kc_delta,2,308,0.5778,111435,0
scale_a0.2,kc_delta,2,309,0.5841,112035,0
scale_a0.2,kc_delta,2,310,0.5492,112635,0
scale_a0.2,kc_delta,2,311,0.5619,113235,0
scale_a0.2,kc_delta,2,312,0.5587,113835,0
scale_a0.2,kc_delta,2,313,0.5619,114435,0
scale_a0.2,kc_delta,2,314,0.5683,115035,0
scale_a0.2,kc_delta,2,315,0.5587,115075,0
scale_a0.2,kc_delta,2,316,0.5714,115090,0
scale_a0.2,kc_delta,2,317,0.5746,115104,0
scale_a0.2,kc_delta,2,318,0.5619,115704,0
scale_a0.2,kc_delta,2,319,0.5556,116304,0
scale_a0.2,kc_delta,2,320,0.5492,116324,0
scale_a0.2,kc_delta,2,321,0.5619,116924,0
scale_a0.2,kc_delta,2,322,0.5556,116941,0
scale_a0.2,kc_delta,2,323,0.5524,117541,0
scale_a0.2,kc_delta,2,324,0.5365,118141,0
scale_a0.2,kc_delta,2,325,0.5333,118741,0
scale_a0.2,kc_delta,2,326,0.5460,118913,0
scale_a0.2,kc_delta,2,327,0.5365,119513,0
scale_a0.2,kc_delta,2,328,0.5302,120113,0
scale_a0.2,kc_delta,2,329,0.5365,120713,0
scale_a0.2,kc_delta,2,330,0.5429,121075,0
scale_a0.2,kc_delta,2,331,0.5270,121675,0
scale_a0.2,kc_delta,2,332,0.5175,122275,0
scale_a0.2,kc_delta,2,333,0.5270,122291,0
scale_a0.2,kc_delta,2,334,0.5016,122891,0
scale_a0.2,kc_delta,2,335,0.5270,123491,0
scale_a0.2,kc_delta,2,336,0.5238,123546,0
scale_a0.2,kc_delta,2,337,0.5365,123604,0
scale_a0.2,kc_delta,2,338,0.5460,123627,0
scale_a0.2,kc_delta,2,339,0.5429,123644,0
scale_a0.2,kc_delta,2,340,0.5238,124244,0
scale_a0.2,kc_delta,2,341,0.5206,124254,0
scale_a0.2,kc_delta,2,342,0.5143,124366,0
scale_a0.2,kc_delta,2,343,0.5238,124412,0
scale_a0.2,kc_delta,2,344,0.5238,124418,0
scale_a0.2,kc_delta,2,345,0.5206,124481,0
scale_a0.2,kc_delta,2,346,0.5302,125081,0
scale_a0.2,kc_delta,2,347,0.5302,125189,0
scale_a0.2,kc_delta,2,348,0.5460,125789,0
scale_a0.2,kc_delta,2,349,0.5365,126389,0
scale_a0.2,kc_delta,2,350,0.5492,126435,0
scale_a0.2,kc_delta,2,351,0.5492,127035,0
scale_a0.2,kc_delta,2,352,0.5556,127635,0
scale_a0.2,kc_delta,2,353,0.5587,128235,0
scale_a0.2,kc_delta,2,354,0.5524,128835,0
scale_a0.2,kc_delta,2,355,0.5556,128846,0
scale_a0.2,kc_delta,2,356,0.5524,128859,0
scale_a0.2,kc_delta,2,357,0.5460,129459,0
scale_a0.2,kc_delta,2,358,0.5492,129467,0
scale_a0.2,kc_delta,2,359,0.5492,129484,0
scale_a0.2,kc_delta,2,360,0.5556,129497,0
scale_a0.2,kc_delta,2,361,0.5556,130097,0
scale_a0.2,kc_delta,2,362,0.5333,130697,0
scale_a0.2,kc_delta,2,363,0.5397,130712,0
scale_a0.2,kc_delta,2,364,0.5460,131312,0
scale_a0.2,kc_delta,2,365,0.5524,131366,0
scale_a0.2,kc_delta,2,366,0.5429,131966,0
scale_a0.2,kc_delta,2,367,0.5397,132566,0
scale_a0.2,kc_delta,2,368,0.5460,132722,0
scale_a0.2,kc_delta,2,369,0.5333,133322,0
scale_a0.2,kc_delta,2,370,0.5365,133342,0
scale_a0.2,kc_delta,2,371,0.5397,133378,0
scale_a0.2,kc_delta,2,372,0.5270,133978,0
scale_a0.2,kc_delta,2,373,0.5302,134578,0
scale_a0.2,kc_delta,2,374,0.5302,135178,0
scale_a0.2,kc_delta,2,375,0.5238,135194,0
scale_a0.2,kc_delta,2,376,0.5238,135200,0
scale_a0.2,kc_delta,2,377,0.4889,135800,0
scale_a0.2,kc_delta,2,378,0.5143,135905,0
scale_a0.2,kc_delta,2,379,0.5238,136505,0
scale_a0.2,kc_delta,2,380,0.4921,137105,0
scale_a0.2,kc_delta,2,381,0.4889,137705,0
scale_a0.2,kc_delta,2,382,0.4889,137718,0
scale_a0.2,kc_delta,2,383,0.4889,137724,0
scale_a0.2,kc_delta,2,384,0.4857,137864,0
scale_a0.2,kc_delta,2,385,0.5492,137948,0
scale_a0.2,kc_delta,2,386,0.5492,138548,0
scale_a0.2,kc_delta,2,387,0.5333,138574,0
scale_a0.2,kc_delta,2,388,0.5206,139174,0
scale_a0.2,kc_delta,2,389,0.5270,139640,0
scale_a0.2,kc_delta,2,390,0.5238,140240,0
scale_a0.2,kc_delta,2,391,0.5492,140270,0
scale_a0.2,kc_delta,2,392,0.5492,140296,0
scale_a0.2,kc_delta,2,393,0.5302,140896,0
scale_a0.2,kc_delta,2,394,0.5429,141496,0
scale_a0.2,kc_delta,2,395,0.5492,141693,0
scale_a0.2,kc_delta,2,396,0.5302,142293,0
scale_a0.2,kc_delta,2,397,0.5492,142893,0
scale_a0.2,kc_delta,2,398,0.5492,142910,0
scale_a0.2,kc_delta,2,399,0.5651,143510,0
scale_a0.2,kc_delta,2,400,0.5524,144110,0
scale_a0.2,kc_delta,2,401,0.5492,144710,0
scale_a0.2,kc_delta,2,402,0.5556,145310,0
scale_a0.2,kc_delta,2,403,0.5619,145384,0
scale_a0.2,kc_delta,2,404,0.5365,145721,0
scale_a0.2,kc_delta,2,405,0.5619,145821,0
scale_a0.2,kc_delta,2,406,0.5587,145849,0
scale_a0.2,kc_delta,2,407,0.5619,145851,0
scale_a0.2,kc_delta,2,408,0.5619,145863,0
scale_a0.2,kc_delta,2,409,0.5556,146463,0
scale_a0.2,kc_delta,2,410,0.5460,147063,0
scale_a0.2,kc_delta,2,411,0.5524,147108,0
scale_a0.2,kc_delta,2,412,0.5524,147116,0
scale_a0.2,kc_delta,2,413,0.5683,147716,0
scale_a0.2,kc_delta,2,414,0.5556,148316,0
scale_a0.2,kc_delta,2,415,0.5524,148342,0
scale_a0.2,kc_delta,2,416,0.5714,148739,0
scale_a0.2,kc_delta,2,417,0.5714,148755,0
scale_a0.2,kc_delta,2,418,0.5683,149355,0
scale_a0.2,kc_delta,2,419,0.5556,149955,0
scale_a0.2,kc_delta,2,420,0.5460,150555,0
scale_a0.2,kc_delta,2,421,0.5460,150583,0
scale_a0.2,kc_delta,2,422,0.5429,150609,0
scale_a0.2,kc_delta,2,423,0.5524,150625,0
scale_a0.2,kc_delta,2,424,0.5619,150667,0
scale_a0.2,kc_delta,2,425,0.5619,150669,0
scale_a0.2,kc_delta,2,426,0.5492,151269,0
scale_a0.2,kc_delta,2,427,0.5429,151869,0
scale_a0.2,kc_delta,2,428,0.5397,152469,0
scale_a0.2,kc_delta,2,429,0.5492,152532,0
scale_a0.2,kc_delta,2,430,0.5556,152546,0
scale_a0.2,kc_delta,2,431,0.5460,152671,0
scale_a0.2,kc_delta,2,432,0.5397,153271,0
scale_a0.2,kc_delta,2,433,0.5365,153871,0
scale_a0.2,kc_delta,2,434,0.5111,154471,0
scale_a0.2,kc_delta,2,435,0.4667,155071,0
scale_a0.2,kc_delta,2,436,0.4921,155127,0
scale_a0.2,kc_delta,2,437,0.4952,155131,0
scale_a0.2,kc_delta,2,438,0.4762,155731,0
scale_a0.2,kc_delta,2,439,0.5048,155789,0
scale_a0.2,kc_delta,2,440,0.4984,155813,0
scale_a0.2,kc_delta,2,441,0.5175,155852,0
scale_a0.2,kc_delta,2,442,0.5143,155930,0
scale_a0.2,kc_delta,2,443,0.5238,155969,0
scale_a0.2,kc_delta,2,444,0.5587,156569,0
scale_a0.2,kc_delta,2,445,0.5524,157169,0
scale_a0.2,kc_delta,2,446,0.5524,157184,0
scale_a0.2,kc_delta,2,447,0.5460,157784,0
scale_a0.2,kc_delta,2,448,0.5460,158384,0
scale_a0.2,kc_delta,2,449,0.5143,158984,0
scale_a0.2,kc_delta,2,450,0.5302,159405,0
scale_a0.2,kc_delta,2,451,0.5175,160005,0
scale_a0.2,kc_delta,2,452,0.5079,160605,0
scale_a0.2,kc_delta,2,453,0.4762,161205,0
scale_a0.2,kc_delta,2,454,0.4857,161805,0
scale_a0.2,kc_delta,2,455,0.5206,161891,0
scale_a0.2,kc_delta,2,456,0.5238,161910,0
scale_a0.2,kc_delta,2,457,0.5270,162510,0
scale_a0.2,kc_delta,2,458,0.5333,163110,0
scale_a0.2,kc_delta,2,459,0.5492,163710,0
scale_a0.2,kc_delta,2,460,0.5492,164310,0
scale_a0.2,kc_delta,2,461,0.5524,164322,0
scale_a0.2,kc_delta,2,462,0.5556,164352,0
scale_a0.2,kc_delta,2,463,0.5587,164952,0
scale_a0.2,kc_delta,2,464,0.5397,165552,0
scale_a0.2,kc_delta,2,465,0.5492,165594,0
scale_a0.2,kc_delta,2,466,0.5429,165652,0
scale_a0.2,kc_delta,2,467,0.5492,165687,0
scale_a0.2,kc_delta,2,468,0.5302,166287,0
scale_a0.2,kc_delta,2,469,0.5238,166887,0
scale_a0.2,kc_delta,2,470,0.5365,167147,0
scale_a0.2,kc_delta,2,471,0.5333,167747,0
scale_a0.2,kc_delta,2,472,0.5460,167834,0
scale_a0.2,kc_delta,2,473,0.5524,167969,0
scale_a0.2,kc_delta,2,474,0.5556,167988,0
scale_a0.2,kc_delta,2,475,0.5270,168588,0
scale_a0.2,kc_delta,2,476,0.5302,169188,0
scale_a0.2,kc_delta,2,477,0.5333,169788,0
scale_a0.2,kc_delta,2,478,0.5460,170388,0
scale_a0.2,kc_delta,2,479,0.5365,170988,0
scale_a0.2,kc_delta,2,480,0.5365,171588,0
scale_a0.2,kc_delta,2,481,0.5397,171599,0
scale_a0.2,kc_delta,2,482,0.5270,172199,0
scale_a0.2,kc_delta,2,483,0.5365,172231,0
scale_a0.2,kc_delta,2,484,0.5365,172831,0
scale_a0.2,kc_delta,2,485,0.5365,172839,0
scale_a0.2,kc_delta,2,486,0.5524,173120,0
scale_a0.2,kc_delta,2,487,0.5302,173720,0
scale_a0.2,kc_delta,2,488,0.5238,174320,0
scale_a0.2,kc_delta,2,489,0.5302,174340,0
scale_a0.2,kc_delta,2,490,0.5365,174518,0
scale_a0.2,kc_delta,2,491,0.5365,174524,0
scale_a0.2,kc_delta,2,492,0.5302,175124,0
scale_a0.2,kc_delta,2,493,0.5492,175241,0
scale_a0.2,kc_delta,2,494,0.5524,175841,0
scale_a0.2,kc_delta,2,495,0.5397,176441,0
scale_a0.2,kc_delta,2,496,0.5333,176451,0
scale_a0.2,kc_delta,2,497,0.5492,176473,0
scale_a0.2,kc_delta,2,498,0.5556,177073,0
scale_a0.2,kc_delta,2,499,0.5429,177673,0
scale_a0.2,kc_delta,2,500,0.5429,178273,0
scale_a0.2,kc_delta,2,501,0.5492,178300,0
scale_a0.2,kc_delta,2,502,0.5302,178333,0
scale_a0.2,kc_delta,2,503,0.5397,178759,0
scale_a0.2,kc_delta,2,504,0.5429,178888,0
scale_a0.2,kc_delta,2,505,0.5397,179488,0
scale_a0.2,kc_delta,2,506,0.5302,180088,0
scale_a0.2,kc_delta,2,507,0.5429,180688,0
scale_a0.2,kc_delta,2,508,0.5524,181288,0
scale_a0.2,kc_delta,2,509,0.5556,181361,0
scale_a0.2,kc_delta,2,510,0.5556,181383,0
scale_a0.2,kc_delta,2,511,0.5302,181983,0
scale_a0.2,kc_delta,2,512,0.5238,182583,0
scale_a0.2,kc_delta,2,513,0.5175,183183,0
scale_a0.2,kc_delta,2,514,0.5079,183783,0
scale_a0.2,kc_delta,2,515,0.5175,184383,0
scale_a0.2,kc_delta,2,516,0.5048,184508,0
scale_a0.2,kc_delta,2,517,0.4762,185108,0
scale_a0.2,kc_delta,2,518,0.4857,185708,0
scale_a0.2,kc_delta,2,519,0.4889,185735,0
scale_a0.2,kc_delta,2,520,0.4857,186335,0
scale_a0.2,kc_delta,2,521,0.4698,186935,0
scale_a0.2,kc_delta,2,522,0.4730,187535,0
scale_a0.2,kc_delta,2,523,0.4889,187745,0
scale_a0.2,kc_delta,2,524,0.4952,187827,0
scale_a0.2,kc_delta,2,525,0.5238,188427,0
scale_a0.2,kc_delta,2,526,0.5143,188440,0
scale_a0.2,kc_delta,2,527,0.4921,189040,0
scale_a0.2,kc_delta,2,528,0.5143,189100,0
scale_a0.2,kc_delta,2,529,0.5079,189700,0
scale_a0.2,kc_delta,2,530,0.4984,190300,0
scale_a0.2,kc_delta,2,531,0.4921,190900,0
scale_a0.2,kc_delta,2,532,0.5175,191375,0
scale_a0.2,kc_delta,2,533,0.5333,191423,0
scale_a0.2,kc_delta,2,534,0.5302,191430,0
scale_a0.2,kc_delta,2,535,0.5333,191510,0
scale_a0.2,kc_delta,2,536,0.5238,192110,0
scale_a0.2,kc_delta,2,537,0.5619,192710,0
scale_a0.2,kc_delta,2,538,0.5587,192763,0
scale_a0.2,kc_delta,2,539,0.5714,192830,0
scale_a0.2,kc_delta,2,540,0.5587,193430,0
scale_a0.2,kc_delta,2,541,0.5619,193435,0
scale_a0.2,kc_delta,2,542,0.5778,193534,0
scale_a0.2,kc_delta,2,543,0.5651,193569,0
scale_a0.2,kc_delta,2,544,0.5714,193686,0
scale_a0.2,kc_delta,2,545,0.5683,193705,0
scale_a0.2,kc_delta,2,546,0.5683,194305,0
scale_a0.2,kc_delta,2,547,0.5651,194905,0
scale_a0.2,kc_delta,2,548,0.5556,195505,0
scale_a0.2,kc_delta,2,549,0.5524,195937,0
scale_a0.2,kc_delta,2,550,0.5492,196537,0
scale_a0.2,kc_delta,2,551,0.5524,196593,0
scale_a0.2,kc_delta,2,552,0.5683,197106,0
scale_a0.2,kc_delta,2,553,0.5492,197706,0
scale_a0.2,kc_delta,2,554,0.5556,198306,0
scale_a0.2,kc_delta,2,555,0.5556,198906,0
scale_a0.2,kc_delta,2,556,0.5587,199217,0
scale_a0.2,kc_delta,2,557,0.5683,199279,0
scale_a0.2,kc_delta,2,558,0.5492,199879,0
scale_a0.2,kc_delta,2,559,0.5587,200479,0
scale_a0.2,kc_delta,2,560,0.5619,201079,0
scale_a0.2,kc_delta,2,561,0.5460,201679,0
scale_a0.2,kc_delta,2,562,0.5556,202279,0
scale_a0.2,kc_delta,2,563,0.5556,202845,0
scale_a0.2,kc_delta,2,564,0.5524,202859,0
scale_a0.2,kc_delta,2,565,0.5524,202961,0
scale_a0.2,kc_delta,2,566,0.5556,203561,0
scale_a0.2,kc_delta,2,567,0.5429,204161,0
scale_a0.2,kc_delta,2,568,0.5524,204233,0
scale_a0.2,kc_delta,2,569,0.5524,204833,0
scale_a0.2,kc_delta,2,570,0.5492,205433,0
scale_a0.2,kc_delta,2,571,0.5492,206033,0
scale_a0.2,kc_delta,2,572,0.5397,206633,0
scale_a0.2,kc_delta,2,573,0.5270,207233,0
scale_a0.2,kc_delta,2,574,0.5397,207327,0
scale_a0.2,kc_delta,2,575,0.5397,207927,0
scale_a0.2,kc_delta,2,576,0.5397,208527,0
scale_a0.2,kc_delta,2,577,0.5492,208559,0
scale_a0.2,kc_delta,2,578,0.5333,209159,0
scale_a0.2,kc_delta,2,579,0.5238,209759,0
scale_a0.2,kc_delta,2,580,0.5111,210359,0
scale_a0.2,kc_delta,2,581,0.5111,210360,0
scale_a0.2,kc_delta,2,582,0.5206,210412,0
scale_a0.2,kc_delta,2,583,0.5206,211012,0
scale_a0.2,kc_delta,2,584,0.5270,211612,0
scale_a0.2,kc_delta,2,585,0.5333,211639,0
scale_a0.2,kc_delta,2,586,0.5365,212239,0
scale_a0.2,kc_delta,2,587,0.5238,212839,0
scale_a0.2,kc_delta,2,588,0.5397,213439,0
scale_a0.2,kc_delta,2,589,0.5302,214039,0
scale_a0.2,kc_delta,2,590,0.5206,214639,0
scale_a0.2,kc_delta,2,591,0.5238,215239,0
scale_a0.2,kc_delta,2,592,0.4921,215839,0
scale_a0.2,kc_delta,2,593,0.4952,216439,0
scale_a0.2,kc_delta,2,594,0.5333,216652,0
scale_a0.2,kc_delta,2,595,0.5492,217252,0
scale_a0.2,kc_delta,2,596,0.5524,217852,0
scale_a0.2,kc_delta,2,597,0.5460,218452,0
scale_a0.2,kc_delta,2,598,0.5524,218487,0
scale_a0.2,kc_delta,2,599,0.5524,219087,0
scale_a0.2,rand_delta,2,0,0.4000,600,0
scale_a0.2,rand_delta,2,1,0.4794,1200,0
scale_a0.2,rand_delta,2,2,0.4889,1566,0
scale_a0.2,rand_delta,2,3,0.5206,1892,0
scale_a0.2,rand_delta,2,4,0.6063,2492,0
scale_a0.2,rand_delta,2,5,0.6222,2513,0
scale_a0.2,rand_delta,2,6,0.5968,2795,0
scale_a0.2,rand_delta,2,7,0.6063,3241,0
scale_a0.2,rand_delta,2,8,0.6222,3254,0
scale_a0.2,rand_delta,2,9,0.6159,3349,0
scale_a0.2,rand_delta,2,10,0.5079,3949,0
scale_a0.2,rand_delta,2,11,0.5333,4009,0
scale_a0.2,rand_delta,2,12,0.5968,4065,0
scale_a0.2,rand_delta,2,13,0.4794,4665,0
scale_a0.2,rand_delta,2,14,0.5556,4996,0
scale_a0.2,rand_delta,2,15,0.6222,5521,0
scale_a0.2,rand_delta,2,16,0.6381,5535,0
scale_a0.2,rand_delta,2,17,0.6444,5579,0
scale_a0.2,rand_delta,2,18,0.6413,5593,0
scale_a0.2,rand_delta,2,19,0.6952,5664,0
scale_a0.2,rand_delta,2,20,0.7016,5698,0
scale_a0.2,rand_delta,2,21,0.4095,6298,0
scale_a0.2,rand_delta,2,22,0.6349,6549,0
scale_a0.2,rand_delta,2,23,0.6635,6595,0
scale_a0.2,rand_delta,2,24,0.6635,6600,0
scale_a0.2,rand_delta,2,25,0.6667,6636,0
scale_a0.2,rand_delta,2,26,0.7079,6710,0
scale_a0.2,rand_delta,2,27,0.7079,6718,0
scale_a0.2,rand_delta,2,28,0.7143,6807,0
scale_a0.2,rand_delta,2,29,0.7175,6960,0
scale_a0.2,rand_delta,2,30,0.7238,7005,0
scale_a0.2,rand_delta,2,31,0.7270,7295,0
scale_a0.2,rand_delta,2,32,0.7238,7463,0
scale_a0.2,rand_delta,2,33,0.5333,8063,0
scale_a0.2,rand_delta,2,34,0.5429,8663,0
scale_a0.2,rand_delta,2,35,0.5937,8696,0
scale_a0.2,rand_delta,2,36,0.5968,8716,0
scale_a0.2,rand_delta,2,37,0.6254,9316,0
scale_a0.2,rand_delta,2,38,0.6063,9916,0
scale_a0.2,rand_delta,2,39,0.6476,10516,0
scale_a0.2,rand_delta,2,40,0.6730,10552,0
scale_a0.2,rand_delta,2,41,0.6857,10758,0
scale_a0.2,rand_delta,2,42,0.6730,11358,0
scale_a0.2,rand_delta,2,43,0.6794,11412,0
scale_a0.2,rand_delta,2,44,0.6730,11460,0
scale_a0.2,rand_delta,2,45,0.6889,11509,0
scale_a0.2,rand_delta,2,46,0.6857,11549,0
scale_a0.2,rand_delta,2,47,0.6540,12149,0
scale_a0.2,rand_delta,2,48,0.6825,12225,0
scale_a0.2,rand_delta,2,49,0.7143,12279,0
scale_a0.2,rand_delta,2,50,0.6984,12319,0
scale_a0.2,rand_delta,2,51,0.6921,12579,0
scale_a0.2,rand_delta,2,52,0.7365,12845,0
scale_a0.2,rand_delta,2,53,0.7302,13144,0
scale_a0.2,rand_delta,2,54,0.7206,13174,0
scale_a0.2,rand_delta,2,55,0.7365,13774,0
scale_a0.2,rand_delta,2,56,0.4889,14374,0
scale_a0.2,rand_delta,2,57,0.4698,14974,0
scale_a0.2,rand_delta,2,58,0.6508,15361,0
scale_a0.2,rand_delta,2,59,0.6635,15402,0
scale_a0.2,rand_delta,2,60,0.6762,16002,0
scale_a0.2,rand_delta,2,61,0.6952,16084,0
scale_a0.2,rand_delta,2,62,0.7048,16119,0
scale_a0.2,rand_delta,2,63,0.6698,16719,0
scale_a0.2,rand_delta,2,64,0.6889,16837,0
scale_a0.2,rand_delta,2,65,0.6984,17004,0
scale_a0.2,rand_delta,2,66,0.7111,17042,0
scale_a0.2,rand_delta,2,67,0.6984,17102,0
scale_a0.2,rand_delta,2,68,0.6952,17702,0
scale_a0.2,rand_delta,2,69,0.6952,17748,0
scale_a0.2,rand_delta,2,70,0.6952,17819,0
scale_a0.2,rand_delta,2,71,0.6889,18242,0
scale_a0.2,rand_delta,2,72,0.6921,18303,0
scale_a0.2,rand_delta,2,73,0.7079,18392,0
scale_a0.2,rand_delta,2,74,0.6444,18992,0
scale_a0.2,rand_delta,2,75,0.6571,19037,0
scale_a0.2,rand_delta,2,76,0.6952,19201,0
scale_a0.2,rand_delta,2,77,0.7016,19262,0
scale_a0.2,rand_delta,2,78,0.7143,19745,0
scale_a0.2,rand_delta,2,79,0.7302,19823,0
scale_a0.2,rand_delta,2,80,0.7143,19885,0
scale_a0.2,rand_delta,2,81,0.7270,19920,0
scale_a0.2,rand_delta,2,82,0.6921,20520,0
scale_a0.2,rand_delta,2,83,0.7302,20606,0
scale_a0.2,rand_delta,2,84,0.7206,21178,0
scale_a0.2,rand_delta,2,85,0.7206,21222,0
scale_a0.2,rand_delta,2,86,0.7048,21822,0
scale_a0.2,rand_delta,2,87,0.7175,21855,0
scale_a0.2,rand_delta,2,88,0.7111,21901,0
scale_a0.2,rand_delta,2,89,0.7048,21968,0
scale_a0.2,rand_delta,2,90,0.6571,22568,0
scale_a0.2,rand_delta,2,91,0.6889,22620,0
scale_a0.2,rand_delta,2,92,0.6857,22667,0
scale_a0.2,rand_delta,2,93,0.7111,23158,0
scale_a0.2,rand_delta,2,94,0.7111,23182,0
scale_a0.2,rand_delta,2,95,0.7016,23206,0
scale_a0.2,rand_delta,2,96,0.6984,23258,0
scale_a0.2,rand_delta,2,97,0.6286,23858,0
scale_a0.2,rand_delta,2,98,0.6222,24458,0
scale_a0.2,rand_delta,2,99,0.6286,25058,0
scale_a0.2,rand_delta,2,100,0.6730,25114,0
scale_a0.2,rand_delta,2,101,0.6349,25714,0
scale_a0.2,rand_delta,2,102,0.6825,25953,0
scale_a0.2,rand_delta,2,103,0.7048,26553,0
scale_a0.2,rand_delta,2,104,0.6952,26586,0
scale_a0.2,rand_delta,2,105,0.6603,27186,0
scale_a0.2,rand_delta,2,106,0.6635,27786,0
scale_a0.2,rand_delta,2,107,0.6667,27869,0
scale_a0.2,rand_delta,2,108,0.6254,28469,0
scale_a0.2,rand_delta,2,109,0.6254,29069,0
scale_a0.2,rand_delta,2,110,0.6222,29669,0
scale_a0.2,rand_delta,2,111,0.5905,30269,0
scale_a0.2,rand_delta,2,112,0.6667,30377,0
scale_a0.2,rand_delta,2,113,0.6635,30977,0
scale_a0.2,rand_delta,2,114,0.7048,31142,0
scale_a0.2,rand_delta,2,115,0.6825,31742,0
scale_a0.2,rand_delta,2,116,0.7016,31819,0
scale_a0.2,rand_delta,2,117,0.6952,32419,0
scale_a0.2,rand_delta,2,118,0.7048,32734,0
scale_a0.2,rand_delta,2,119,0.7079,32785,0
scale_a0.2,rand_delta,2,120,0.7206,32824,0
scale_a0.2,rand_delta,2,121,0.7048,32874,0
scale_a0.2,rand_delta,2,122,0.6921,33294,0
scale_a0.2,rand_delta,2,123,0.7175,33466,0
scale_a0.2,rand_delta,2,124,0.7238,34066,0
scale_a0.2,rand_delta,2,125,0.7238,34072,0
scale_a0.2,rand_delta,2,126,0.7175,34088,0
scale_a0.2,rand_delta,2,127,0.7079,34688,0
scale_a0.2,rand_delta,2,128,0.7175,34787,0
scale_a0.2,rand_delta,2,129,0.7238,34839,0
scale_a0.2,rand_delta,2,130,0.7333,34884,0
scale_a0.2,rand_delta,2,131,0.7206,34926,0
scale_a0.2,rand_delta,2,132,0.7143,34946,0
scale_a0.2,rand_delta,2,133,0.7206,35017,0
scale_a0.2,rand_delta,2,134,0.7175,35064,0
scale_a0.2,rand_delta,2,135,0.7111,35114,0
scale_a0.2,rand_delta,2,136,0.7143,35555,0
scale_a0.2,rand_delta,2,137,0.6889,36155,0
scale_a0.2,rand_delta,2,138,0.6667,36755,0
scale_a0.2,rand_delta,2,139,0.7238,36847,0
scale_a0.2,rand_delta,2,140,0.7175,36888,0
scale_a0.2,rand_delta,2,141,0.7048,36956,0
scale_a0.2,rand_delta,2,142,0.6730,37556,0
scale_a0.2,rand_delta,2,143,0.6825,37587,0
scale_a0.2,rand_delta,2,144,0.6857,38187,0
scale_a0.2,rand_delta,2,145,0.7270,38281,0
scale_a0.2,rand_delta,2,146,0.7206,38337,0
scale_a0.2,rand_delta,2,147,0.6889,38937,0
scale_a0.2,rand_delta,2,148,0.7111,39024,0
scale_a0.2,rand_delta,2,149,0.7048,39079,0
scale_a0.2,rand_delta,2,150,0.7175,39170,0
scale_a0.2,rand_delta,2,151,0.7206,39219,0
scale_a0.2,rand_delta,2,152,0.5683,39819,0
scale_a0.2,rand_delta,2,153,0.6381,39920,0
scale_a0.2,rand_delta,2,154,0.6381,39961,0
scale_a0.2,rand_delta,2,155,0.6921,40047,0
scale_a0.2,rand_delta,2,156,0.6984,40106,0
scale_a0.2,rand_delta,2,157,0.6000,40706,0
scale_a0.2,rand_delta,2,158,0.6444,40761,0
scale_a0.2,rand_delta,2,159,0.6444,40788,0
scale_a0.2,rand_delta,2,160,0.6571,40842,0
scale_a0.2,rand_delta,2,161,0.6762,40910,0
scale_a0.2,rand_delta,2,162,0.6667,40987,0
scale_a0.2,rand_delta,2,163,0.6889,41029,0
scale_a0.2,rand_delta,2,164,0.6762,41043,0
scale_a0.2,rand_delta,2,165,0.6857,41119,0
scale_a0.2,rand_delta,2,166,0.6317,41719,0
scale_a0.2,rand_delta,2,167,0.6762,41784,0
scale_a0.2,rand_delta,2,168,0.6286,42384,0
scale_a0.2,rand_delta,2,169,0.6476,42445,0
scale_a0.2,rand_delta,2,170,0.6000,43045,0
scale_a0.2,rand_delta,2,171,0.6921,43645,0
scale_a0.2,rand_delta,2,172,0.6889,43700,0
scale_a0.2,rand_delta,2,173,0.7048,43881,0
scale_a0.2,rand_delta,2,174,0.6984,43915,0
scale_a0.2,rand_delta,2,175,0.7048,43980,0
scale_a0.2,rand_delta,2,176,0.7079,44013,0
scale_a0.2,rand_delta,2,177,0.7016,44613,0
scale_a0.2,rand_delta,2,178,0.6603,45213,0
scale_a0.2,rand_delta,2,179,0.7111,45322,0
scale_a0.2,rand_delta,2,180,0.7270,45922,0
scale_a0.2,rand_delta,2,181,0.7238,45941,0
scale_a0.2,rand_delta,2,182,0.7079,45974,0
scale_a0.2,rand_delta,2,183,0.6825,46574,0
scale_a0.2,rand_delta,2,184,0.7143,46642,0
scale_a0.2,rand_delta,2,185,0.7175,46695,0
scale_a0.2,rand_delta,2,186,0.7016,47125,0
scale_a0.2,rand_delta,2,187,0.6698,47725,0
scale_a0.2,rand_delta,2,188,0.6667,48325,0
scale_a0.2,rand_delta,2,189,0.6857,48393,0
scale_a0.2,rand_delta,2,190,0.6603,48993,0
scale_a0.2,rand_delta,2,191,0.7079,49127,0
scale_a0.2,rand_delta,2,192,0.6952,49176,0
scale_a0.2,rand_delta,2,193,0.7206,49283,0
scale_a0.2,rand_delta,2,194,0.6889,49883,0
scale_a0.2,rand_delta,2,195,0.6984,49934,0
scale_a0.2,rand_delta,2,196,0.7048,50027,0
scale_a0.2,rand_delta,2,197,0.6825,50068,0
scale_a0.2,rand_delta,2,198,0.6730,50668,0
scale_a0.2,rand_delta,2,199,0.6762,50732,0
scale_a0.2,rand_delta,2,200,0.6540,51332,0
scale_a0.2,rand_delta,2,201,0.6952,51437,0
scale_a0.2,rand_delta,2,202,0.7079,51492,0
scale_a0.2,rand_delta,2,203,0.7079,51555,0
scale_a0.2,rand_delta,2,204,0.6984,51611,0
scale_a0.2,rand_delta,2,205,0.6984,51671,0
scale_a0.2,rand_delta,2,206,0.6984,51680,0
scale_a0.2,rand_delta,2,207,0.7143,51735,0
scale_a0.2,rand_delta,2,208,0.7079,51747,0
scale_a0.2,rand_delta,2,209,0.6730,52347,0
scale_a0.2,rand_delta,2,210,0.6952,52461,0
scale_a0.2,rand_delta,2,211,0.7016,52524,0
scale_a0.2,rand_delta,2,212,0.6984,52542,0
scale_a0.2,rand_delta,2,213,0.7111,53142,0
scale_a0.2,rand_delta,2,214,0.7016,53176,0
scale_a0.2,rand_delta,2,215,0.6984,53776,0
scale_a0.2,rand_delta,2,216,0.7079,53824,0
scale_a0.2,rand_delta,2,217,0.7048,53891,0
scale_a0.2,rand_delta,2,218,0.6667,54491,0
scale_a0.2,rand_delta,2,219,0.6794,55091,0
scale_a0.2,rand_delta,2,220,0.6921,55105,0
scale_a0.2,rand_delta,2,221,0.6952,55154,0
scale_a0.2,rand_delta,2,222,0.6952,55256,0
scale_a0.2,rand_delta,2,223,0.6952,55856,0
scale_a0.2,rand_delta,2,224,0.7048,55908,0
scale_a0.2,rand_delta,2,225,0.7175,55969,0
scale_a0.2,rand_delta,2,226,0.6889,56569,0
scale_a0.2,rand_delta,2,227,0.7238,57169,0
scale_a0.2,rand_delta,2,228,0.7238,57208,0
scale_a0.2,rand_delta,2,229,0.7206,57214,0
scale_a0.2,rand_delta,2,230,0.7302,57245,0
scale_a0.2,rand_delta,2,231,0.7143,57845,0
scale_a0.2,rand_delta,2,232,0.7333,57891,0
scale_a0.2,rand_delta,2,233,0.7302,57894,0
scale_a0.2,rand_delta,2,234,0.7365,57976,0
scale_a0.2,rand_delta,2,235,0.7333,58096,0
scale_a0.2,rand_delta,2,236,0.6667,58696,0
scale_a0.2,rand_delta,2,237,0.7079,58763,0
scale_a0.2,rand_delta,2,238,0.6952,58789,0
scale_a0.2,rand_delta,2,239,0.7016,58829,0
scale_a0.2,rand_delta,2,240,0.6952,58873,0
scale_a0.2,rand_delta,2,241,0.7175,58904,0
scale_a0.2,rand_delta,2,242,0.7206,59504,0
scale_a0.2,rand_delta,2,243,0.7079,59541,0
scale_a0.2,rand_delta,2,244,0.6921,60141,0
scale_a0.2,rand_delta,2,245,0.7143,60200,0
scale_a0.2,rand_delta,2,246,0.7111,60205,0
scale_a0.2,rand_delta,2,247,0.7206,60681,0
scale_a0.2,rand_delta,2,248,0.7238,60979,0
scale_a0.2,rand_delta,2,249,0.7206,61038,0
scale_a0.2,rand_delta,2,250,0.7206,61080,0
scale_a0.2,rand_delta,2,251,0.7111,61117,0
scale_a0.2,rand_delta,2,252,0.6730,61717,0
scale_a0.2,rand_delta,2,253,0.7143,61808,0
scale_a0.2,rand_delta,2,254,0.7016,62408,0
scale_a0.2,rand_delta,2,255,0.7048,62435,0
scale_a0.2,rand_delta,2,256,0.6952,63035,0
scale_a0.2,rand_delta,2,257,0.6921,63213,0
scale_a0.2,rand_delta,2,258,0.7079,63813,0
scale_a0.2,rand_delta,2,259,0.7048,63874,0
scale_a0.2,rand_delta,2,260,0.6698,64474,0
scale_a0.2,rand_delta,2,261,0.6254,65074,0
scale_a0.2,rand_delta,2,262,0.6698,65121,0
scale_a0.2,rand_delta,2,263,0.6921,65158,0
scale_a0.2,rand_delta,2,264,0.6952,65166,0
scale_a0.2,rand_delta,2,265,0.6794,65766,0
scale_a0.2,rand_delta,2,266,0.7079,65825,0
scale_a0.2,rand_delta,2,267,0.7143,65845,0
scale_a0.2,rand_delta,2,268,0.7143,65890,0
scale_a0.2,rand_delta,2,269,0.7206,65906,0
scale_a0.2,rand_delta,2,270,0.7333,65970,0
scale_a0.2,rand_delta,2,271,0.7365,65987,0
scale_a0.2,rand_delta,2,272,0.7302,66031,0
scale_a0.2,rand_delta,2,273,0.7302,66091,0
scale_a0.2,rand_delta,2,274,0.7079,66691,0
scale_a0.2,rand_delta,2,275,0.7238,66774,0
scale_a0.2,rand_delta,2,276,0.7175,66825,0
scale_a0.2,rand_delta,2,277,0.7206,67389,0
scale_a0.2,rand_delta,2,278,0.7270,67437,0
scale_a0.2,rand_delta,2,279,0.7206,67500,0
scale_a0.2,rand_delta,2,280,0.7238,68100,0
scale_a0.2,rand_delta,2,281,0.7429,68172,0
scale_a0.2,rand_delta,2,282,0.7397,68211,0
scale_a0.2,rand_delta,2,283,0.7524,68271,0
scale_a0.2,rand_delta,2,284,0.6667,68871,0
scale_a0.2,rand_delta,2,285,0.6667,68877,0
scale_a0.2,rand_delta,2,286,0.7238,68961,0
scale_a0.2,rand_delta,2,287,0.7238,68970,0
scale_a0.2,rand_delta,2,288,0.7111,68991,0
scale_a0.2,rand_delta,2,289,0.6921,69591,0
scale_a0.2,rand_delta,2,290,0.7333,69640,0
scale_a0.2,rand_delta,2,291,0.7302,69661,0
scale_a0.2,rand_delta,2,292,0.6921,70261,0
scale_a0.2,rand_delta,2,293,0.7302,70691,0
scale_a0.2,rand_delta,2,294,0.6794,71291,0
scale_a0.2,rand_delta,2,295,0.7079,71351,0
scale_a0.2,rand_delta,2,296,0.6667,71951,0
scale_a0.2,rand_delta,2,297,0.7206,72094,0
scale_a0.2,rand_delta,2,298,0.7206,72096,0
scale_a0.2,rand_delta,2,299,0.7175,72237,0
scale_a0.2,rand_delta,2,300,0.7175,72837,0
scale_a0.2,rand_delta,2,301,0.7206,73437,0
scale_a0.2,rand_delta,2,302,0.6984,74037,0
scale_a0.2,rand_delta,2,303,0.7206,74110,0
scale_a0.2,rand_delta,2,304,0.7206,74152,0
scale_a0.2,rand_delta,2,305,0.6794,74752,0
scale_a0.2,rand_delta,2,306,0.7302,74870,0
scale_a0.2,rand_delta,2,307,0.7270,74893,0
scale_a0.2,rand_delta,2,308,0.7270,75493,0
scale_a0.2,rand_delta,2,309,0.7143,75542,0
scale_a0.2,rand_delta,2,310,0.6857,76142,0
scale_a0.2,rand_delta,2,311,0.7079,76742,0
scale_a0.2,rand_delta,2,312,0.7302,77257,0
scale_a0.2,rand_delta,2,313,0.7714,77330,0
scale_a0.2,rand_delta,2,314,0.7365,77930,0
scale_a0.2,rand_delta,2,315,0.7365,77944,0
scale_a0.2,rand_delta,2,316,0.7460,77954,0
scale_a0.2,rand_delta,2,317,0.7492,77972,0
scale_a0.2,rand_delta,2,318,0.7492,78382,0
scale_a0.2,rand_delta,2,319,0.7619,78555,0
scale_a0.2,rand_delta,2,320,0.7746,78600,0
scale_a0.2,rand_delta,2,321,0.7492,79200,0
scale_a0.2,rand_delta,2,322,0.7492,79212,0
scale_a0.2,rand_delta,2,323,0.7683,79255,0
scale_a0.2,rand_delta,2,324,0.7587,79298,0
scale_a0.2,rand_delta,2,325,0.7683,79438,0
scale_a0.2,rand_delta,2,326,0.7524,79476,0
scale_a0.2,rand_delta,2,327,0.7460,80076,0
scale_a0.2,rand_delta,2,328,0.7238,80676,0
scale_a0.2,rand_delta,2,329,0.7460,80733,0
scale_a0.2,rand_delta,2,330,0.7397,80773,0
scale_a0.2,rand_delta,2,331,0.7429,80934,0
scale_a0.2,rand_delta,2,332,0.7397,81215,0
scale_a0.2,rand_delta,2,333,0.7397,81222,0
scale_a0.2,rand_delta,2,334,0.7397,81822,0
scale_a0.2,rand_delta,2,335,0.7302,82422,0
scale_a0.2,rand_delta,2,336,0.7429,82462,0
scale_a0.2,rand_delta,2,337,0.7365,82485,0
scale_a0.2,rand_delta,2,338,0.7302,82502,0
scale_a0.2,rand_delta,2,339,0.7302,82544,0
scale_a0.2,rand_delta,2,340,0.7270,83057,0
scale_a0.2,rand_delta,2,341,0.7270,83067,0
scale_a0.2,rand_delta,2,342,0.7175,83115,0
scale_a0.2,rand_delta,2,343,0.7333,83148,0
scale_a0.2,rand_delta,2,344,0.7365,83154,0
scale_a0.2,rand_delta,2,345,0.7429,83201,0
scale_a0.2,rand_delta,2,346,0.7429,83280,0
scale_a0.2,rand_delta,2,347,0.7397,83321,0
scale_a0.2,rand_delta,2,348,0.6952,83921,0
scale_a0.2,rand_delta,2,349,0.6921,84521,0
scale_a0.2,rand_delta,2,350,0.7079,84541,0
scale_a0.2,rand_delta,2,351,0.7238,84636,0
scale_a0.2,rand_delta,2,352,0.7206,85236,0
scale_a0.2,rand_delta,2,353,0.7238,85548,0
scale_a0.2,rand_delta,2,354,0.7270,85784,0
scale_a0.2,rand_delta,2,355,0.7270,85793,0
scale_a0.2,rand_delta,2,356,0.7365,85806,0
scale_a0.2,rand_delta,2,357,0.7302,85985,0
scale_a0.2,rand_delta,2,358,0.7302,85992,0
scale_a0.2,rand_delta,2,359,0.7460,86014,0
scale_a0.2,rand_delta,2,360,0.7492,86026,0
scale_a0.2,rand_delta,2,361,0.7079,86626,0
scale_a0.2,rand_delta,2,362,0.7460,86853,0
scale_a0.2,rand_delta,2,363,0.7460,86866,0
scale_a0.2,rand_delta,2,364,0.6698,87466,0
scale_a0.2,rand_delta,2,365,0.7016,87507,0
scale_a0.2,rand_delta,2,366,0.6952,88107,0
scale_a0.2,rand_delta,2,367,0.7016,88146,0
scale_a0.2,rand_delta,2,368,0.7524,88217,0
scale_a0.2,rand_delta,2,369,0.7333,88817,0
scale_a0.2,rand_delta,2,370,0.7302,88828,0
scale_a0.2,rand_delta,2,371,0.7365,88869,0
scale_a0.2,rand_delta,2,372,0.7302,89469,0
scale_a0.2,rand_delta,2,373,0.7111,90069,0
scale_a0.2,rand_delta,2,374,0.7460,90128,0
scale_a0.2,rand_delta,2,375,0.7492,90153,0
scale_a0.2,rand_delta,2,376,0.7492,90156,0
scale_a0.2,rand_delta,2,377,0.7143,90756,0
scale_a0.2,rand_delta,2,378,0.7206,90789,0
scale_a0.2,rand_delta,2,379,0.7270,91389,0
scale_a0.2,rand_delta,2,380,0.6984,91989,0
scale_a0.2,rand_delta,2,381,0.7333,92053,0
scale_a0.2,rand_delta,2,382,0.7302,92060,0
scale_a0.2,rand_delta,2,383,0.7270,92066,0
scale_a0.2,rand_delta,2,384,0.7460,92149,0
scale_a0.2,rand_delta,2,385,0.7460,92184,0
scale_a0.2,rand_delta,2,386,0.7651,92356,0
scale_a0.2,rand_delta,2,387,0.7556,92382,0
scale_a0.2,rand_delta,2,388,0.6698,92982,0
scale_a0.2,rand_delta,2,389,0.7016,93068,0
scale_a0.2,rand_delta,2,390,0.7365,93140,0
scale_a0.2,rand_delta,2,391,0.7683,93170,0
scale_a0.2,rand_delta,2,392,0.7619,93188,0
scale_a0.2,rand_delta,2,393,0.7365,93788,0
scale_a0.2,rand_delta,2,394,0.7143,94388,0
scale_a0.2,rand_delta,2,395,0.7492,94457,0
scale_a0.2,rand_delta,2,396,0.7524,94485,0
scale_a0.2,rand_delta,2,397,0.7143,95085,0
scale_a0.2,rand_delta,2,398,0.7365,95143,0
scale_a0.2,rand_delta,2,399,0.7524,95549,0
scale_a0.2,rand_delta,2,400,0.7429,96149,0
scale_a0.2,rand_delta,2,401,0.7238,96749,0
scale_a0.2,rand_delta,2,402,0.7492,97349,0
scale_a0.2,rand_delta,2,403,0.7524,97370,0
scale_a0.2,rand_delta,2,404,0.7619,97429,0
scale_a0.2,rand_delta,2,405,0.7841,97480,0
scale_a0.2,rand_delta,2,406,0.7778,97512,0
scale_a0.2,rand_delta,2,407,0.7778,97514,0
scale_a0.2,rand_delta,2,408,0.7778,97522,0
scale_a0.2,rand_delta,2,409,0.7524,98028,0
scale_a0.2,rand_delta,2,410,0.7397,98085,0
scale_a0.2,rand_delta,2,411,0.7556,98132,0
scale_a0.2,rand_delta,2,412,0.7619,98141,0
scale_a0.2,rand_delta,2,413,0.7492,98188,0
scale_a0.2,rand_delta,2,414,0.7810,98233,0
scale_a0.2,rand_delta,2,415,0.7778,98255,0
scale_a0.2,rand_delta,2,416,0.7810,98284,0
scale_a0.2,rand_delta,2,417,0.7810,98299,0
scale_a0.2,rand_delta,2,418,0.7492,98899,0
scale_a0.2,rand_delta,2,419,0.7397,99499,0
scale_a0.2,rand_delta,2,420,0.7619,99552,0
scale_a0.2,rand_delta,2,421,0.7429,99581,0
scale_a0.2,rand_delta,2,422,0.7429,99615,0
scale_a0.2,rand_delta,2,423,0.7619,99628,0
scale_a0.2,rand_delta,2,424,0.7683,99653,0
scale_a0.2,rand_delta,2,425,0.7683,99655,0
scale_a0.2,rand_delta,2,426,0.7460,100255,0
scale_a0.2,rand_delta,2,427,0.6667,100855,0
scale_a0.2,rand_delta,2,428,0.6667,101455,0
scale_a0.2,rand_delta,2,429,0.6635,101465,0
scale_a0.2,rand_delta,2,430,0.7111,101521,0
scale_a0.2,rand_delta,2,431,0.7175,101556,0
scale_a0.2,rand_delta,2,432,0.7460,101675,0
scale_a0.2,rand_delta,2,433,0.6889,102275,0
scale_a0.2,rand_delta,2,434,0.7365,102380,0
scale_a0.2,rand_delta,2,435,0.7302,102516,0
scale_a0.2,rand_delta,2,436,0.7302,102534,0
scale_a0.2,rand_delta,2,437,0.7365,102536,0
scale_a0.2,rand_delta,2,438,0.7238,102689,0
scale_a0.2,rand_delta,2,439,0.7492,102775,0
scale_a0.2,rand_delta,2,440,0.7460,102793,0
scale_a0.2,rand_delta,2,441,0.7524,102814,0
scale_a0.2,rand_delta,2,442,0.7460,102842,0
scale_a0.2,rand_delta,2,443,0.7492,102865,0
scale_a0.2,rand_delta,2,444,0.7175,103346,0
scale_a0.2,rand_delta,2,445,0.7556,103946,0
scale_a0.2,rand_delta,2,446,0.7619,103963,0
scale_a0.2,rand_delta,2,447,0.7270,104563,0
scale_a0.2,rand_delta,2,448,0.7429,104636,0
scale_a0.2,rand_delta,2,449,0.6984,105236,0
scale_a0.2,rand_delta,2,450,0.7302,105375,0
scale_a0.2,rand_delta,2,451,0.6476,105975,0
scale_a0.2,rand_delta,2,452,0.7016,106575,0
scale_a0.2,rand_delta,2,453,0.6349,107175,0
scale_a0.2,rand_delta,2,454,0.6413,107775,0
scale_a0.2,rand_delta,2,455,0.7206,108041,0
scale_a0.2,rand_delta,2,456,0.7175,108057,0
scale_a0.2,rand_delta,2,457,0.7270,108657,0
scale_a0.2,rand_delta,2,458,0.7397,109079,0
scale_a0.2,rand_delta,2,459,0.7460,109478,0
scale_a0.2,rand_delta,2,460,0.7587,109540,0
scale_a0.2,rand_delta,2,461,0.7556,109547,0
scale_a0.2,rand_delta,2,462,0.7651,109585,0
scale_a0.2,rand_delta,2,463,0.7365,110185,0
scale_a0.2,rand_delta,2,464,0.7175,110785,0
scale_a0.2,rand_delta,2,465,0.7460,110863,0
scale_a0.2,rand_delta,2,466,0.7429,110923,0
scale_a0.2,rand_delta,2,467,0.7429,110958,0
scale_a0.2,rand_delta,2,468,0.7397,111558,0
scale_a0.2,rand_delta,2,469,0.7492,111972,0
scale_a0.2,rand_delta,2,470,0.7524,112010,0
scale_a0.2,rand_delta,2,471,0.7397,112610,0
scale_a0.2,rand_delta,2,472,0.7333,112622,0
scale_a0.2,rand_delta,2,473,0.7460,112715,0
scale_a0.2,rand_delta,2,474,0.7492,112734,0
scale_a0.2,rand_delta,2,475,0.7556,112777,0
scale_a0.2,rand_delta,2,476,0.7524,113377,0
scale_a0.2,rand_delta,2,477,0.7524,113413,0
scale_a0.2,rand_delta,2,478,0.7556,114013,0
scale_a0.2,rand_delta,2,479,0.7873,114066,0
scale_a0.2,rand_delta,2,480,0.7778,114095,0
scale_a0.2,rand_delta,2,481,0.7810,114105,0
scale_a0.2,rand_delta,2,482,0.7810,114140,0
scale_a0.2,rand_delta,2,483,0.7873,114178,0
scale_a0.2,rand_delta,2,484,0.7778,114778,0
scale_a0.2,rand_delta,2,485,0.7778,114786,0
scale_a0.2,rand_delta,2,486,0.7841,114813,0
scale_a0.2,rand_delta,2,487,0.7873,115413,0
scale_a0.2,rand_delta,2,488,0.7714,116013,0
scale_a0.2,rand_delta,2,489,0.7937,116028,0
scale_a0.2,rand_delta,2,490,0.8000,116060,0
scale_a0.2,rand_delta,2,491,0.8000,116066,0
scale_a0.2,rand_delta,2,492,0.7937,116101,0
scale_a0.2,rand_delta,2,493,0.8000,116146,0
scale_a0.2,rand_delta,2,494,0.8000,116194,0
scale_a0.2,rand_delta,2,495,0.7873,116794,0
scale_a0.2,rand_delta,2,496,0.7937,116806,0
scale_a0.2,rand_delta,2,497,0.7937,116821,0
scale_a0.2,rand_delta,2,498,0.7937,117421,0
scale_a0.2,rand_delta,2,499,0.8000,117483,0
scale_a0.2,rand_delta,2,500,0.7937,118083,0
scale_a0.2,rand_delta,2,501,0.8000,118145,0
scale_a0.2,rand_delta,2,502,0.8000,118172,0
scale_a0.2,rand_delta,2,503,0.7905,118213,0
scale_a0.2,rand_delta,2,504,0.8032,118236,0
scale_a0.2,rand_delta,2,505,0.7778,118577,0
scale_a0.2,rand_delta,2,506,0.7905,118611,0
scale_a0.2,rand_delta,2,507,0.8000,118864,0
scale_a0.2,rand_delta,2,508,0.8000,118896,0
scale_a0.2,rand_delta,2,509,0.7937,118924,0
scale_a0.2,rand_delta,2,510,0.7905,118944,0
scale_a0.2,rand_delta,2,511,0.7905,119167,0
scale_a0.2,rand_delta,2,512,0.7905,119767,0
scale_a0.2,rand_delta,2,513,0.7333,120367,0
scale_a0.2,rand_delta,2,514,0.7746,120425,0
scale_a0.2,rand_delta,2,515,0.7460,121025,0
scale_a0.2,rand_delta,2,516,0.7651,121069,0
scale_a0.2,rand_delta,2,517,0.7460,121669,0
scale_a0.2,rand_delta,2,518,0.7651,121710,0
scale_a0.2,rand_delta,2,519,0.7746,121733,0
scale_a0.2,rand_delta,2,520,0.7905,121832,0
scale_a0.2,rand_delta,2,521,0.7937,122432,0
scale_a0.2,rand_delta,2,522,0.8032,123032,0
scale_a0.2,rand_delta,2,523,0.8063,123055,0
scale_a0.2,rand_delta,2,524,0.8063,123074,0
scale_a0.2,rand_delta,2,525,0.7937,123112,0
scale_a0.2,rand_delta,2,526,0.7968,123121,0
scale_a0.2,rand_delta,2,527,0.7746,123721,0
scale_a0.2,rand_delta,2,528,0.7841,123746,0
scale_a0.2,rand_delta,2,529,0.7206,124346,0
scale_a0.2,rand_delta,2,530,0.7143,124946,0
scale_a0.2,rand_delta,2,531,0.7048,125546,0
scale_a0.2,rand_delta,2,532,0.7365,125603,0
scale_a0.2,rand_delta,2,533,0.7841,125682,0
scale_a0.2,rand_delta,2,534,0.7810,125689,0
scale_a0.2,rand_delta,2,535,0.8032,125757,0
scale_a0.2,rand_delta,2,536,0.7841,125793,0
scale_a0.2,rand_delta,2,537,0.7841,126393,0
scale_a0.2,rand_delta,2,538,0.7873,126414,0
scale_a0.2,rand_delta,2,539,0.7873,126464,0
scale_a0.2,rand_delta,2,540,0.7905,126733,0
scale_a0.2,rand_delta,2,541,0.7873,126738,0
scale_a0.2,rand_delta,2,542,0.8000,126768,0
scale_a0.2,rand_delta,2,543,0.8000,126803,0
scale_a0.2,rand_delta,2,544,0.7841,126848,0
scale_a0.2,rand_delta,2,545,0.7778,126867,0
scale_a0.2,rand_delta,2,546,0.7810,126907,0
scale_a0.2,rand_delta,2,547,0.7683,127285,0
scale_a0.2,rand_delta,2,548,0.7905,127885,0
scale_a0.2,rand_delta,2,549,0.7937,127931,0
scale_a0.2,rand_delta,2,550,0.8000,128531,0
scale_a0.2,rand_delta,2,551,0.7873,128546,0
scale_a0.2,rand_delta,2,552,0.8032,128610,0
scale_a0.2,rand_delta,2,553,0.8000,128664,0
scale_a0.2,rand_delta,2,554,0.8063,128710,0
scale_a0.2,rand_delta,2,555,0.7937,129310,0
scale_a0.2,rand_delta,2,556,0.7905,129337,0
scale_a0.2,rand_delta,2,557,0.7937,129347,0
scale_a0.2,rand_delta,2,558,0.7460,129947,0
scale_a0.2,rand_delta,2,559,0.7302,130547,0
scale_a0.2,rand_delta,2,560,0.7683,130624,0
scale_a0.2,rand_delta,2,561,0.7905,130672,0
scale_a0.2,rand_delta,2,562,0.7651,131106,0
scale_a0.2,rand_delta,2,563,0.7651,131142,0
scale_a0.2,rand_delta,2,564,0.7651,131155,0
scale_a0.2,rand_delta,2,565,0.7937,131212,0
scale_a0.2,rand_delta,2,566,0.7873,131243,0
scale_a0.2,rand_delta,2,567,0.7683,131843,0
scale_a0.2,rand_delta,2,568,0.7778,131889,0
scale_a0.2,rand_delta,2,569,0.7683,132432,0
scale_a0.2,rand_delta,2,570,0.7619,133032,0
scale_a0.2,rand_delta,2,571,0.7524,133537,0
scale_a0.2,rand_delta,2,572,0.7587,133591,0
scale_a0.2,rand_delta,2,573,0.7524,133924,0
scale_a0.2,rand_delta,2,574,0.7651,133971,0
scale_a0.2,rand_delta,2,575,0.7905,134571,0
scale_a0.2,rand_delta,2,576,0.7397,135171,0
scale_a0.2,rand_delta,2,577,0.7714,135450,0
scale_a0.2,rand_delta,2,578,0.7746,135502,0
scale_a0.2,rand_delta,2,579,0.7714,135547,0
scale_a0.2,rand_delta,2,580,0.7460,136147,0
scale_a0.2,rand_delta,2,581,0.7460,136148,0
scale_a0.2,rand_delta,2,582,0.7556,136181,0
scale_a0.2,rand_delta,2,583,0.7492,136781,0
scale_a0.2,rand_delta,2,584,0.7619,136822,0
scale_a0.2,rand_delta,2,585,0.7587,136841,0
scale_a0.2,rand_delta,2,586,0.7524,136957,0
scale_a0.2,rand_delta,2,587,0.7619,136994,0
scale_a0.2,rand_delta,2,588,0.7683,137079,0
scale_a0.2,rand_delta,2,589,0.7651,137123,0
scale_a0.2,rand_delta,2,590,0.7651,137174,0
scale_a0.2,rand_delta,2,591,0.7587,137620,0
scale_a0.2,rand_delta,2,592,0.7460,138220,0
scale_a0.2,rand_delta,2,593,0.6286,138820,0
scale_a0.2,rand_delta,2,594,0.6762,138868,0
scale_a0.2,rand_delta,2,595,0.7238,139007,0
scale_a0.2,rand_delta,2,596,0.7460,139574,0
scale_a0.2,rand_delta,2,597,0.7492,139613,0
scale_a0.2,rand_delta,2,598,0.7619,139658,0
scale_a0.2,rand_delta,2,599,0.6857,140258,0
