maze,agent,seed,episode,steps,total_reward,reached_goal,optimal_steps
large113_fair,qlearning,0,0,350,-350.0,False,30
large113_fair,qlearning,0,1,350,-350.0,False,30
large113_fair,qlearning,0,2,321,-310.0,True,30
large113_fair,qlearning,0,3,31,-20.0,True,30
large113_fair,qlearning,0,4,33,-22.0,True,30
large113_fair,qlearning,0,5,33,-22.0,True,30
large113_fair,qlearning,0,6,32,-21.0,True,30
large113_fair,qlearning,0,7,34,-23.0,True,30
large113_fair,qlearning,0,8,31,-20.0,True,30
large113_fair,qlearning,0,9,34,-23.0,True,30
large113_fair,qlearning,0,10,35,-24.0,True,30
large113_fair,qlearning,0,11,32,-21.0,True,30
large113_fair,qlearning,0,12,31,-20.0,True,30
large113_fair,qlearning,0,13,30,-19.0,True,30
large113_fair,qlearning,0,14,35,-24.0,True,30
large113_fair,qlearning,0,15,30,-19.0,True,30
large113_fair,qlearning,0,16,52,-41.0,True,30
large113_fair,qlearning,0,17,31,-20.0,True,30
large113_fair,qlearning,0,18,30,-19.0,True,30
large113_fair,qlearning,0,19,33,-22.0,True,30
large113_fair,qlearning,0,20,57,-46.0,True,30
large113_fair,qlearning,0,21,33,-22.0,True,30
large113_fair,qlearning,0,22,30,-19.0,True,30
large113_fair,qlearning,0,23,32,-21.0,True,30
large113_fair,qlearning,0,24,32,-21.0,True,30
large113_fair,qlearning,0,25,31,-20.0,True,30
large113_fair,qlearning,0,26,37,-26.0,True,30
large113_fair,qlearning,0,27,31,-20.0,True,30
large113_fair,qlearning,0,28,32,-21.0,True,30
large113_fair,qlearning,0,29,32,-21.0,True,30
large113_fair,qlearning,0,30,33,-22.0,True,30
large113_fair,qlearning,0,31,32,-21.0,True,30
large113_fair,qlearning,0,32,33,-22.0,True,30
large113_fair,qlearning,0,33,31,-20.0,True,30
large113_fair,qlearning,0,34,30,-19.0,True,30
large113_fair,qlearning,0,35,35,-24.0,True,30
large113_fair,qlearning,0,36,30,-19.0,True,30
large113_fair,qlearning,0,37,32,-21.0,True,30
large113_fair,qlearning,0,38,36,-25.0,True,30
large113_fair,qlearning,0,39,33,-22.0,True,30
large113_fair,qlearning,0,40,34,-23.0,True,30
large113_fair,qlearning,0,41,35,-24.0,True,30
large113_fair,qlearning,0,42,32,-21.0,True,30
large113_fair,qlearning,0,43,33,-22.0,True,30
large113_fair,qlearning,0,44,33,-22.0,True,30
large113_fair,qlearning,0,45,32,-21.0,True,30
large113_fair,qlearning,0,46,32,-21.0,True,30
large113_fair,qlearning,0,47,33,-22.0,True,30
large113_fair,qlearning,0,48,32,-21.0,True,30
large113_fair,qlearning,0,49,32,-21.0,True,30
large113_fair,qlearning,0,50,30,-19.0,True,30
large113_fair,qlearning,0,51,34,-23.0,True,30
large113_fair,qlearning,0,52,30,-19.0,True,30
large113_fair,qlearning,0,53,30,-19.0,True,30
large113_fair,qlearning,0,54,32,-21.0,True,30
large113_fair,qlearning,0,55,37,-26.0,True,30
large113_fair,qlearning,0,56,30,-19.0,True,30
large113_fair,qlearning,0,57,30,-19.0,True,30
large113_fair,qlearning,0,58,42,-31.0,True,30
large113_fair,qlearning,0,59,33,-22.0,True,30
large113_fair,qlearning,0,60,30,-19.0,True,30
large113_fair,qlearning,0,61,30,-19.0,True,30
large113_fair,qlearning,0,62,30,-19.0,True,30
large113_fair,qlearning,0,63,30,-19.0,True,30
large113_fair,qlearning,0,64,31,-20.0,True,30
large113_fair,qlearning,0,65,31,-20.0,True,30
large113_fair,qlearning,0,66,30,-19.0,True,30
large113_fair,qlearning,0,67,30,-19.0,True,30
large113_fair,qlearning,0,68,31,-20.0,True,30
large113_fair,qlearning,0,69,31,-20.0,True,30
large113_fair,qlearning,0,70,30,-19.0,True,30
large113_fair,qlearning,0,71,31,-20.0,True,30
large113_fair,qlearning,0,72,32,-21.0,True,30
large113_fair,qlearning,0,73,30,-19.0,True,30
large113_fair,qlearning,0,74,32,-21.0,True,30
large113_fair,qlearning,0,75,31,-20.0,True,30
large113_fair,qlearning,0,76,30,-19.0,True,30
large113_fair,qlearning,0,77,30,-19.0,True,30
large113_fair,qlearning,0,78,30,-19.0,True,30
large113_fair,qlearning,0,79,30,-19.0,True,30
large113_fair,qlearning,0,80,33,-22.0,True,30
large113_fair,qlearning,0,81,30,-19.0,True,30
large113_fair,qlearning,0,82,30,-19.0,True,30
large113_fair,qlearning,0,83,32,-21.0,True,30
large113_fair,qlearning,0,84,30,-19.0,True,30
large113_fair,qlearning,0,85,30,-19.0,True,30
large113_fair,qlearning,0,86,30,-19.0,True,30
large113_fair,qlearning,0,87,31,-20.0,True,30
large113_fair,qlearning,0,88,30,-19.0,True,30
large113_fair,qlearning,0,89,30,-19.0,True,30
large113_fair,qlearning,0,90,30,-19.0,True,30
large113_fair,qlearning,0,91,30,-19.0,True,30
large113_fair,qlearning,0,92,30,-19.0,True,30
large113_fair,qlearning,0,93,30,-19.0,True,30
large113_fair,qlearning,0,94,30,-19.0,True,30
large113_fair,qlearning,0,95,30,-19.0,True,30
large113_fair,qlearning,0,96,31,-20.0,True,30
large113_fair,qlearning,0,97,31,-20.0,True,30
large113_fair,qlearning,0,98,32,-21.0,True,30
large113_fair,qlearning,0,99,30,-19.0,True,30
large113_fair,qlearning,0,100,30,-19.0,True,30
large113_fair,qlearning,0,101,30,-19.0,True,30
large113_fair,qlearning,0,102,33,-22.0,True,30
large113_fair,qlearning,0,103,30,-19.0,True,30
large113_fair,qlearning,0,104,30,-19.0,True,30
large113_fair,qlearning,0,105,32,-21.0,True,30
large113_fair,qlearning,0,106,30,-19.0,True,30
large113_fair,qlearning,0,107,30,-19.0,True,30
large113_fair,qlearning,0,108,30,-19.0,True,30
large113_fair,qlearning,0,109,30,-19.0,True,30
large113_fair,qlearning,0,110,30,-19.0,True,30
large113_fair,qlearning,0,111,30,-19.0,True,30
large113_fair,qlearning,0,112,30,-19.0,True,30
large113_fair,qlearning,0,113,30,-19.0,True,30
large113_fair,qlearning,0,114,30,-19.0,True,30
large113_fair,qlearning,0,115,30,-19.0,True,30
large113_fair,qlearning,0,116,30,-19.0,True,30
large113_fair,qlearning,0,117,31,-20.0,True,30
large113_fair,qlearning,0,118,30,-19.0,True,30
large113_fair,qlearning,0,119,30,-19.0,True,30
large113_fair,qlearning,0,120,31,-20.0,True,30
large113_fair,qlearning,0,121,30,-19.0,True,30
large113_fair,qlearning,0,122,30,-19.0,True,30
large113_fair,qlearning,0,123,30,-19.0,True,30
large113_fair,qlearning,0,124,30,-19.0,True,30
large113_fair,qlearning,0,125,30,-19.0,True,30
large113_fair,qlearning,0,126,30,-19.0,True,30
large113_fair,qlearning,0,127,30,-19.0,True,30
large113_fair,qlearning,0,128,31,-20.0,True,30
large113_fair,qlearning,0,129,30,-19.0,True,30
large113_fair,qlearning,0,130,31,-20.0,True,30
large113_fair,qlearning,0,131,30,-19.0,True,30
large113_fair,qlearning,0,132,30,-19.0,True,30
large113_fair,qlearning,0,133,32,-21.0,True,30
large113_fair,qlearning,0,134,30,-19.0,True,30
large113_fair,qlearning,0,135,30,-19.0,True,30
large113_fair,qlearning,0,136,30,-19.0,True,30
large113_fair,qlearning,0,137,30,-19.0,True,30
large113_fair,qlearning,0,138,30,-19.0,True,30
large113_fair,qlearning,0,139,30,-19.0,True,30
large113_fair,qlearning,0,140,31,-20.0,True,30
large113_fair,qlearning,0,141,31,-20.0,True,30
large113_fair,qlearning,0,142,30,-19.0,True,30
large113_fair,qlearning,0,143,34,-23.0,True,30
large113_fair,qlearning,0,144,30,-19.0,True,30
large113_fair,qlearning,0,145,30,-19.0,True,30
large113_fair,qlearning,0,146,30,-19.0,True,30
large113_fair,qlearning,0,147,30,-19.0,True,30
large113_fair,qlearning,0,148,30,-19.0,True,30
large113_fair,qlearning,0,149,32,-21.0,True,30
large113_fair,qlearning,0,150,30,-19.0,True,30
large113_fair,qlearning,0,151,30,-19.0,True,30
large113_fair,qlearning,0,152,30,-19.0,True,30
large113_fair,qlearning,0,153,30,-19.0,True,30
large113_fair,qlearning,0,154,30,-19.0,True,30
large113_fair,qlearning,0,155,30,-19.0,True,30
large113_fair,qlearning,0,156,30,-19.0,True,30
large113_fair,qlearning,0,157,30,-19.0,True,30
large113_fair,qlearning,0,158,30,-19.0,True,30
large113_fair,qlearning,0,159,30,-19.0,True,30
large113_fair,qlearning,0,160,30,-19.0,True,30
large113_fair,qlearning,0,161,30,-19.0,True,30
large113_fair,qlearning,0,162,30,-19.0,True,30
large113_fair,qlearning,0,163,30,-19.0,True,30
large113_fair,qlearning,0,164,30,-19.0,True,30
large113_fair,qlearning,0,165,30,-19.0,True,30
large113_fair,qlearning,0,166,30,-19.0,True,30
large113_fair,qlearning,0,167,30,-19.0,True,30
large113_fair,qlearning,0,168,31,-20.0,True,30
large113_fair,qlearning,0,169,31,-20.0,True,30
large113_fair,qlearning,0,170,30,-19.0,True,30
large113_fair,qlearning,0,171,30,-19.0,True,30
large113_fair,qlearning,0,172,30,-19.0,True,30
large113_fair,qlearning,0,173,30,-19.0,True,30
large113_fair,qlearning,0,174,30,-19.0,True,30
large113_fair,qlearning,0,175,31,-20.0,True,30
large113_fair,qlearning,0,176,32,-21.0,True,30
large113_fair,qlearning,0,177,30,-19.0,True,30
large113_fair,qlearning,0,178,30,-19.0,True,30
large113_fair,qlearning,0,179,30,-19.0,True,30
large113_fair,qlearning,0,180,32,-21.0,True,30
large113_fair,qlearning,0,181,30,-19.0,True,30
large113_fair,qlearning,0,182,30,-19.0,True,30
large113_fair,qlearning,0,183,31,-20.0,True,30
large113_fair,qlearning,0,184,30,-19.0,True,30
large113_fair,qlearning,0,185,30,-19.0,True,30
large113_fair,qlearning,0,186,31,-20.0,True,30
large113_fair,qlearning,0,187,30,-19.0,True,30
large113_fair,qlearning,0,188,34,-23.0,True,30
large113_fair,qlearning,0,189,30,-19.0,True,30
large113_fair,qlearning,0,190,30,-19.0,True,30
large113_fair,qlearning,0,191,30,-19.0,True,30
large113_fair,qlearning,0,192,30,-19.0,True,30
large113_fair,qlearning,0,193,33,-22.0,True,30
large113_fair,qlearning,0,194,30,-19.0,True,30
large113_fair,qlearning,0,195,32,-21.0,True,30
large113_fair,qlearning,0,196,30,-19.0,True,30
large113_fair,qlearning,0,197,30,-19.0,True,30
large113_fair,qlearning,0,198,30,-19.0,True,30
large113_fair,qlearning,0,199,30,-19.0,True,30
large113_fair,qlearning,0,200,30,-19.0,True,30
large113_fair,qlearning,0,201,30,-19.0,True,30
large113_fair,qlearning,0,202,30,-19.0,True,30
large113_fair,qlearning,0,203,30,-19.0,True,30
large113_fair,qlearning,0,204,30,-19.0,True,30
large113_fair,qlearning,0,205,31,-20.0,True,30
large113_fair,qlearning,0,206,31,-20.0,True,30
large113_fair,qlearning,0,207,31,-20.0,True,30
large113_fair,qlearning,0,208,30,-19.0,True,30
large113_fair,qlearning,0,209,30,-19.0,True,30
large113_fair,qlearning,0,210,31,-20.0,True,30
large113_fair,qlearning,0,211,30,-19.0,True,30
large113_fair,qlearning,0,212,30,-19.0,True,30
large113_fair,qlearning,0,213,30,-19.0,True,30
large113_fair,qlearning,0,214,30,-19.0,True,30
large113_fair,qlearning,0,215,30,-19.0,True,30
large113_fair,qlearning,0,216,30,-19.0,True,30
large113_fair,qlearning,0,217,30,-19.0,True,30
large113_fair,qlearning,0,218,30,-19.0,True,30
large113_fair,qlearning,0,219,30,-19.0,True,30
large113_fair,qlearning,0,220,30,-19.0,True,30
large113_fair,qlearning,0,221,30,-19.0,True,30
large113_fair,qlearning,0,222,30,-19.0,True,30
large113_fair,qlearning,0,223,30,-19.0,True,30
large113_fair,qlearning,0,224,30,-19.0,True,30
large113_fair,qlearning,0,225,30,-19.0,True,30
large113_fair,qlearning,0,226,30,-19.0,True,30
large113_fair,qlearning,0,227,30,-19.0,True,30
large113_fair,qlearning,0,228,30,-19.0,True,30
large113_fair,qlearning,0,229,30,-19.0,True,30
large113_fair,qlearning,0,230,31,-20.0,True,30
large113_fair,qlearning,0,231,30,-19.0,True,30
large113_fair,qlearning,0,232,30,-19.0,True,30
large113_fair,qlearning,0,233,32,-21.0,True,30
large113_fair,qlearning,0,234,30,-19.0,True,30
large113_fair,qlearning,0,235,30,-19.0,True,30
large113_fair,qlearning,0,236,30,-19.0,True,30
large113_fair,qlearning,0,237,30,-19.0,True,30
large113_fair,qlearning,0,238,30,-19.0,True,30
large113_fair,qlearning,0,239,30,-19.0,True,30
large113_fair,qlearning,0,240,30,-19.0,True,30
large113_fair,qlearning,0,241,30,-19.0,True,30
large113_fair,qlearning,0,242,30,-19.0,True,30
large113_fair,qlearning,0,243,30,-19.0,True,30
large113_fair,qlearning,0,244,30,-19.0,True,30
large113_fair,qlearning,0,245,30,-19.0,True,30
large113_fair,qlearning,0,246,30,-19.0,True,30
large113_fair,qlearning,0,247,30,-19.0,True,30
large113_fair,qlearning,0,248,31,-20.0,True,30
large113_fair,qlearning,0,249,30,-19.0,True,30
large113_fair,qlearning,0,250,30,-19.0,True,30
large113_fair,qlearning,0,251,30,-19.0,True,30
large113_fair,qlearning,0,252,32,-21.0,True,30
large113_fair,qlearning,0,253,30,-19.0,True,30
large113_fair,qlearning,0,254,30,-19.0,True,30
large113_fair,qlearning,0,255,30,-19.0,True,30
large113_fair,qlearning,0,256,30,-19.0,True,30
large113_fair,qlearning,0,257,30,-19.0,True,30
large113_fair,qlearning,0,258,30,-19.0,True,30
large113_fair,qlearning,0,259,30,-19.0,True,30
large113_fair,qlearning,0,260,30,-19.0,True,30
large113_fair,qlearning,0,261,30,-19.0,True,30
large113_fair,qlearning,0,262,30,-19.0,True,30
large113_fair,qlearning,0,263,31,-20.0,True,30
large113_fair,qlearning,0,264,30,-19.0,True,30
large113_fair,qlearning,0,265,30,-19.0,True,30
large113_fair,qlearning,0,266,30,-19.0,True,30
large113_fair,qlearning,0,267,30,-19.0,True,30
large113_fair,qlearning,0,268,30,-19.0,True,30
large113_fair,qlearning,0,269,30,-19.0,True,30
large113_fair,qlearning,0,270,30,-19.0,True,30
large113_fair,qlearning,0,271,30,-19.0,True,30
large113_fair,qlearning,0,272,30,-19.0,True,30
large113_fair,qlearning,0,273,30,-19.0,True,30
large113_fair,qlearning,0,274,30,-19.0,True,30
large113_fair,qlearning,0,275,30,-19.0,True,30
large113_fair,qlearning,0,276,30,-19.0,True,30
large113_fair,qlearning,0,277,30,-19.0,True,30
large113_fair,qlearning,0,278,30,-19.0,True,30
large113_fair,qlearning,0,279,30,-19.0,True,30
large113_fair,qlearning,0,280,30,-19.0,True,30
large113_fair,qlearning,0,281,30,-19.0,True,30
large113_fair,qlearning,0,282,30,-19.0,True,30
large113_fair,qlearning,0,283,31,-20.0,True,30
large113_fair,qlearning,0,284,30,-19.0,True,30
large113_fair,qlearning,0,285,30,-19.0,True,30
large113_fair,qlearning,0,286,30,-19.0,True,30
large113_fair,qlearning,0,287,30,-19.0,True,30
large113_fair,qlearning,0,288,30,-19.0,True,30
large113_fair,qlearning,0,289,30,-19.0,True,30
large113_fair,qlearning,0,290,30,-19.0,True,30
large113_fair,qlearning,0,291,31,-20.0,True,30
large113_fair,qlearning,0,292,30,-19.0,True,30
large113_fair,qlearning,0,293,30,-19.0,True,30
large113_fair,qlearning,0,294,30,-19.0,True,30
large113_fair,qlearning,0,295,30,-19.0,True,30
large113_fair,qlearning,0,296,32,-21.0,True,30
large113_fair,qlearning,0,297,30,-19.0,True,30
large113_fair,qlearning,0,298,30,-19.0,True,30
large113_fair,qlearning,0,299,31,-20.0,True,30
large113_fair,qlearning,0,300,30,-19.0,True,30
large113_fair,qlearning,0,301,32,-21.0,True,30
large113_fair,qlearning,0,302,30,-19.0,True,30
large113_fair,qlearning,0,303,32,-21.0,True,30
large113_fair,qlearning,0,304,32,-21.0,True,30
large113_fair,qlearning,0,305,30,-19.0,True,30
large113_fair,qlearning,0,306,32,-21.0,True,30
large113_fair,qlearning,0,307,30,-19.0,True,30
large113_fair,qlearning,0,308,30,-19.0,True,30
large113_fair,qlearning,0,309,30,-19.0,True,30
large113_fair,qlearning,0,310,30,-19.0,True,30
large113_fair,qlearning,0,311,30,-19.0,True,30
large113_fair,qlearning,0,312,30,-19.0,True,30
large113_fair,qlearning,0,313,31,-20.0,True,30
large113_fair,qlearning,0,314,30,-19.0,True,30
large113_fair,qlearning,0,315,31,-20.0,True,30
large113_fair,qlearning,0,316,30,-19.0,True,30
large113_fair,qlearning,0,317,30,-19.0,True,30
large113_fair,qlearning,0,318,30,-19.0,True,30
large113_fair,qlearning,0,319,30,-19.0,True,30
large113_fair,qlearning,0,320,30,-19.0,True,30
large113_fair,qlearning,0,321,30,-19.0,True,30
large113_fair,qlearning,0,322,31,-20.0,True,30
large113_fair,qlearning,0,323,30,-19.0,True,30
large113_fair,qlearning,0,324,30,-19.0,True,30
large113_fair,qlearning,0,325,30,-19.0,True,30
large113_fair,qlearning,0,326,30,-19.0,True,30
large113_fair,qlearning,0,327,30,-19.0,True,30
large113_fair,qlearning,0,328,30,-19.0,True,30
large113_fair,qlearning,0,329,30,-19.0,True,30
large113_fair,qlearning,0,330,30,-19.0,True,30
large113_fair,qlearning,0,331,32,-21.0,True,30
large113_fair,qlearning,0,332,32,-21.0,True,30
large113_fair,qlearning,0,333,30,-19.0,True,30
large113_fair,qlearning,0,334,30,-19.0,True,30
large113_fair,qlearning,0,335,30,-19.0,True,30
large113_fair,qlearning,0,336,30,-19.0,True,30
large113_fair,qlearning,0,337,30,-19.0,True,30
large113_fair,qlearning,0,338,30,-19.0,True,30
large113_fair,qlearning,0,339,30,-19.0,True,30
large113_fair,qlearning,0,340,32,-21.0,True,30
large113_fair,qlearning,0,341,30,-19.0,True,30
large113_fair,qlearning,0,342,30,-19.0,True,30
large113_fair,qlearning,0,343,30,-19.0,True,30
large113_fair,qlearning,0,344,30,-19.0,True,30
large113_fair,qlearning,0,345,30,-19.0,True,30
large113_fair,qlearning,0,346,30,-19.0,True,30
large113_fair,qlearning,0,347,30,-19.0,True,30
large113_fair,qlearning,0,348,30,-19.0,True,30
large113_fair,qlearning,0,349,31,-20.0,True,30
large113_fair,qlearning,0,350,30,-19.0,True,30
large113_fair,qlearning,0,351,30,-19.0,True,30
large113_fair,qlearning,0,352,30,-19.0,True,30
large113_fair,qlearning,0,353,30,-19.0,True,30
large113_fair,qlearning,0,354,30,-19.0,True,30
large113_fair,qlearning,0,355,32,-21.0,True,30
large113_fair,qlearning,0,356,30,-19.0,True,30
large113_fair,qlearning,0,357,30,-19.0,True,30
large113_fair,qlearning,0,358,31,-20.0,True,30
large113_fair,qlearning,0,359,30,-19.0,True,30
large113_fair,qlearning,0,360,30,-19.0,True,30
large113_fair,qlearning,0,361,30,-19.0,True,30
large113_fair,qlearning,0,362,32,-21.0,True,30
large113_fair,qlearning,0,363,30,-19.0,True,30
large113_fair,qlearning,0,364,30,-19.0,True,30
large113_fair,qlearning,0,365,30,-19.0,True,30
large113_fair,qlearning,0,366,30,-19.0,True,30
large113_fair,qlearning,0,367,30,-19.0,True,30
large113_fair,qlearning,0,368,30,-19.0,True,30
large113_fair,qlearning,0,369,30,-19.0,True,30
large113_fair,qlearning,0,370,32,-21.0,True,30
large113_fair,qlearning,0,371,31,-20.0,True,30
large113_fair,qlearning,0,372,30,-19.0,True,30
large113_fair,qlearning,0,373,30,-19.0,True,30
large113_fair,qlearning,0,374,30,-19.0,True,30
large113_fair,qlearning,0,375,30,-19.0,True,30
large113_fair,qlearning,0,376,30,-19.0,True,30
large113_fair,qlearning,0,377,30,-19.0,True,30
large113_fair,qlearning,0,378,30,-19.0,True,30
large113_fair,qlearning,0,379,30,-19.0,True,30
large113_fair,qlearning,0,380,30,-19.0,True,30
large113_fair,qlearning,0,381,30,-19.0,True,30
large113_fair,qlearning,0,382,30,-19.0,True,30
large113_fair,qlearning,0,383,30,-19.0,True,30
large113_fair,qlearning,0,384,33,-22.0,True,30
large113_fair,qlearning,0,385,30,-19.0,True,30
large113_fair,qlearning,0,386,31,-20.0,True,30
large113_fair,qlearning,0,387,30,-19.0,True,30
large113_fair,qlearning,0,388,30,-19.0,True,30
large113_fair,qlearning,0,389,31,-20.0,True,30
large113_fair,qlearning,0,390,30,-19.0,True,30
large113_fair,qlearning,0,391,30,-19.0,True,30
large113_fair,qlearning,0,392,30,-19.0,True,30
large113_fair,qlearning,0,393,30,-19.0,True,30
large113_fair,qlearning,0,394,30,-19.0,True,30
large113_fair,qlearning,0,395,30,-19.0,True,30
large113_fair,qlearning,0,396,30,-19.0,True,30
large113_fair,qlearning,0,397,30,-19.0,True,30
large113_fair,qlearning,0,398,30,-19.0,True,30
large113_fair,qlearning,0,399,30,-19.0,True,30
large113_fair,mlp,0,0,350,-350.0,False,30
large113_fair,mlp,0,1,350,-350.0,False,30
large113_fair,mlp,0,2,350,-350.0,False,30
large113_fair,mlp,0,3,350,-350.0,False,30
large113_fair,mlp,0,4,350,-350.0,False,30
large113_fair,mlp,0,5,350,-350.0,False,30
large113_fair,mlp,0,6,350,-350.0,False,30
large113_fair,mlp,0,7,350,-350.0,False,30
large113_fair,mlp,0,8,350,-350.0,False,30
large113_fair,mlp,0,9,350,-350.0,False,30
large113_fair,mlp,0,10,350,-350.0,False,30
large113_fair,mlp,0,11,345,-334.0,True,30
large113_fair,mlp,0,12,131,-120.0,True,30
large113_fair,mlp,0,13,350,-350.0,False,30
large113_fair,mlp,0,14,163,-152.0,True,30
large113_fair,mlp,0,15,86,-75.0,True,30
large113_fair,mlp,0,16,150,-139.0,True,30
large113_fair,mlp,0,17,121,-110.0,True,30
large113_fair,mlp,0,18,121,-110.0,True,30
large113_fair,mlp,0,19,47,-36.0,True,30
large113_fair,mlp,0,20,79,-68.0,True,30
large113_fair,mlp,0,21,73,-62.0,True,30
large113_fair,mlp,0,22,68,-57.0,True,30
large113_fair,mlp,0,23,115,-104.0,True,30
large113_fair,mlp,0,24,81,-70.0,True,30
large113_fair,mlp,0,25,105,-94.0,True,30
large113_fair,mlp,0,26,61,-50.0,True,30
large113_fair,mlp,0,27,165,-154.0,True,30
large113_fair,mlp,0,28,72,-61.0,True,30
large113_fair,mlp,0,29,97,-86.0,True,30
large113_fair,mlp,0,30,156,-145.0,True,30
large113_fair,mlp,0,31,153,-142.0,True,30
large113_fair,mlp,0,32,95,-84.0,True,30
large113_fair,mlp,0,33,157,-146.0,True,30
large113_fair,mlp,0,34,105,-94.0,True,30
large113_fair,mlp,0,35,114,-103.0,True,30
large113_fair,mlp,0,36,151,-140.0,True,30
large113_fair,mlp,0,37,146,-135.0,True,30
large113_fair,mlp,0,38,77,-66.0,True,30
large113_fair,mlp,0,39,111,-100.0,True,30
large113_fair,mlp,0,40,91,-80.0,True,30
large113_fair,mlp,0,41,115,-104.0,True,30
large113_fair,mlp,0,42,99,-88.0,True,30
large113_fair,mlp,0,43,145,-134.0,True,30
large113_fair,mlp,0,44,50,-39.0,True,30
large113_fair,mlp,0,45,85,-74.0,True,30
large113_fair,mlp,0,46,152,-141.0,True,30
large113_fair,mlp,0,47,124,-113.0,True,30
large113_fair,mlp,0,48,31,-20.0,True,30
large113_fair,mlp,0,49,68,-57.0,True,30
large113_fair,mlp,0,50,156,-145.0,True,30
large113_fair,mlp,0,51,51,-40.0,True,30
large113_fair,mlp,0,52,158,-147.0,True,30
large113_fair,mlp,0,53,62,-51.0,True,30
large113_fair,mlp,0,54,53,-42.0,True,30
large113_fair,mlp,0,55,126,-115.0,True,30
large113_fair,mlp,0,56,350,-350.0,False,30
large113_fair,mlp,0,57,34,-23.0,True,30
large113_fair,mlp,0,58,35,-24.0,True,30
large113_fair,mlp,0,59,30,-19.0,True,30
large113_fair,mlp,0,60,67,-56.0,True,30
large113_fair,mlp,0,61,33,-22.0,True,30
large113_fair,mlp,0,62,37,-26.0,True,30
large113_fair,mlp,0,63,350,-350.0,False,30
large113_fair,mlp,0,64,30,-19.0,True,30
large113_fair,mlp,0,65,30,-19.0,True,30
large113_fair,mlp,0,66,34,-23.0,True,30
large113_fair,mlp,0,67,51,-40.0,True,30
large113_fair,mlp,0,68,36,-25.0,True,30
large113_fair,mlp,0,69,35,-24.0,True,30
large113_fair,mlp,0,70,40,-29.0,True,30
large113_fair,mlp,0,71,36,-25.0,True,30
large113_fair,mlp,0,72,38,-27.0,True,30
large113_fair,mlp,0,73,36,-25.0,True,30
large113_fair,mlp,0,74,35,-24.0,True,30
large113_fair,mlp,0,75,37,-26.0,True,30
large113_fair,mlp,0,76,53,-42.0,True,30
large113_fair,mlp,0,77,33,-22.0,True,30
large113_fair,mlp,0,78,40,-29.0,True,30
large113_fair,mlp,0,79,36,-25.0,True,30
large113_fair,mlp,0,80,32,-21.0,True,30
large113_fair,mlp,0,81,30,-19.0,True,30
large113_fair,mlp,0,82,32,-21.0,True,30
large113_fair,mlp,0,83,30,-19.0,True,30
large113_fair,mlp,0,84,30,-19.0,True,30
large113_fair,mlp,0,85,31,-20.0,True,30
large113_fair,mlp,0,86,39,-28.0,True,30
large113_fair,mlp,0,87,32,-21.0,True,30
large113_fair,mlp,0,88,38,-27.0,True,30
large113_fair,mlp,0,89,30,-19.0,True,30
large113_fair,mlp,0,90,33,-22.0,True,30
large113_fair,mlp,0,91,35,-24.0,True,30
large113_fair,mlp,0,92,31,-20.0,True,30
large113_fair,mlp,0,93,30,-19.0,True,30
large113_fair,mlp,0,94,31,-20.0,True,30
large113_fair,mlp,0,95,30,-19.0,True,30
large113_fair,mlp,0,96,30,-19.0,True,30
large113_fair,mlp,0,97,30,-19.0,True,30
large113_fair,mlp,0,98,30,-19.0,True,30
large113_fair,mlp,0,99,31,-20.0,True,30
large113_fair,mlp,0,100,30,-19.0,True,30
large113_fair,mlp,0,101,30,-19.0,True,30
large113_fair,mlp,0,102,34,-23.0,True,30
large113_fair,mlp,0,103,30,-19.0,True,30
large113_fair,mlp,0,104,30,-19.0,True,30
large113_fair,mlp,0,105,32,-21.0,True,30
large113_fair,mlp,0,106,46,-35.0,True,30
large113_fair,mlp,0,107,30,-19.0,True,30
large113_fair,mlp,0,108,30,-19.0,True,30
large113_fair,mlp,0,109,31,-20.0,True,30
large113_fair,mlp,0,110,30,-19.0,True,30
large113_fair,mlp,0,111,61,-50.0,True,30
large113_fair,mlp,0,112,35,-24.0,True,30
large113_fair,mlp,0,113,30,-19.0,True,30
large113_fair,mlp,0,114,30,-19.0,True,30
large113_fair,mlp,0,115,30,-19.0,True,30
large113_fair,mlp,0,116,30,-19.0,True,30
large113_fair,mlp,0,117,30,-19.0,True,30
large113_fair,mlp,0,118,32,-21.0,True,30
large113_fair,mlp,0,119,30,-19.0,True,30
large113_fair,mlp,0,120,30,-19.0,True,30
large113_fair,mlp,0,121,33,-22.0,True,30
large113_fair,mlp,0,122,30,-19.0,True,30
large113_fair,mlp,0,123,32,-21.0,True,30
large113_fair,mlp,0,124,46,-35.0,True,30
large113_fair,mlp,0,125,30,-19.0,True,30
large113_fair,mlp,0,126,34,-23.0,True,30
large113_fair,mlp,0,127,30,-19.0,True,30
large113_fair,mlp,0,128,30,-19.0,True,30
large113_fair,mlp,0,129,32,-21.0,True,30
large113_fair,mlp,0,130,41,-30.0,True,30
large113_fair,mlp,0,131,32,-21.0,True,30
large113_fair,mlp,0,132,73,-62.0,True,30
large113_fair,mlp,0,133,65,-54.0,True,30
large113_fair,mlp,0,134,30,-19.0,True,30
large113_fair,mlp,0,135,33,-22.0,True,30
large113_fair,mlp,0,136,37,-26.0,True,30
large113_fair,mlp,0,137,32,-21.0,True,30
large113_fair,mlp,0,138,46,-35.0,True,30
large113_fair,mlp,0,139,32,-21.0,True,30
large113_fair,mlp,0,140,43,-32.0,True,30
large113_fair,mlp,0,141,32,-21.0,True,30
large113_fair,mlp,0,142,32,-21.0,True,30
large113_fair,mlp,0,143,32,-21.0,True,30
large113_fair,mlp,0,144,30,-19.0,True,30
large113_fair,mlp,0,145,31,-20.0,True,30
large113_fair,mlp,0,146,37,-26.0,True,30
large113_fair,mlp,0,147,36,-25.0,True,30
large113_fair,mlp,0,148,32,-21.0,True,30
large113_fair,mlp,0,149,32,-21.0,True,30
large113_fair,mlp,0,150,34,-23.0,True,30
large113_fair,mlp,0,151,36,-25.0,True,30
large113_fair,mlp,0,152,37,-26.0,True,30
large113_fair,mlp,0,153,48,-37.0,True,30
large113_fair,mlp,0,154,38,-27.0,True,30
large113_fair,mlp,0,155,33,-22.0,True,30
large113_fair,mlp,0,156,31,-20.0,True,30
large113_fair,mlp,0,157,30,-19.0,True,30
large113_fair,mlp,0,158,36,-25.0,True,30
large113_fair,mlp,0,159,30,-19.0,True,30
large113_fair,mlp,0,160,43,-32.0,True,30
large113_fair,mlp,0,161,46,-35.0,True,30
large113_fair,mlp,0,162,34,-23.0,True,30
large113_fair,mlp,0,163,36,-25.0,True,30
large113_fair,mlp,0,164,30,-19.0,True,30
large113_fair,mlp,0,165,35,-24.0,True,30
large113_fair,mlp,0,166,30,-19.0,True,30
large113_fair,mlp,0,167,30,-19.0,True,30
large113_fair,mlp,0,168,30,-19.0,True,30
large113_fair,mlp,0,169,34,-23.0,True,30
large113_fair,mlp,0,170,31,-20.0,True,30
large113_fair,mlp,0,171,30,-19.0,True,30
large113_fair,mlp,0,172,42,-31.0,True,30
large113_fair,mlp,0,173,30,-19.0,True,30
large113_fair,mlp,0,174,30,-19.0,True,30
large113_fair,mlp,0,175,32,-21.0,True,30
large113_fair,mlp,0,176,31,-20.0,True,30
large113_fair,mlp,0,177,32,-21.0,True,30
large113_fair,mlp,0,178,35,-24.0,True,30
large113_fair,mlp,0,179,31,-20.0,True,30
large113_fair,mlp,0,180,30,-19.0,True,30
large113_fair,mlp,0,181,32,-21.0,True,30
large113_fair,mlp,0,182,30,-19.0,True,30
large113_fair,mlp,0,183,30,-19.0,True,30
large113_fair,mlp,0,184,34,-23.0,True,30
large113_fair,mlp,0,185,33,-22.0,True,30
large113_fair,mlp,0,186,44,-33.0,True,30
large113_fair,mlp,0,187,30,-19.0,True,30
large113_fair,mlp,0,188,32,-21.0,True,30
large113_fair,mlp,0,189,47,-36.0,True,30
large113_fair,mlp,0,190,34,-23.0,True,30
large113_fair,mlp,0,191,30,-19.0,True,30
large113_fair,mlp,0,192,30,-19.0,True,30
large113_fair,mlp,0,193,32,-21.0,True,30
large113_fair,mlp,0,194,30,-19.0,True,30
large113_fair,mlp,0,195,30,-19.0,True,30
large113_fair,mlp,0,196,30,-19.0,True,30
large113_fair,mlp,0,197,30,-19.0,True,30
large113_fair,mlp,0,198,31,-20.0,True,30
large113_fair,mlp,0,199,33,-22.0,True,30
large113_fair,mlp,0,200,30,-19.0,True,30
large113_fair,mlp,0,201,33,-22.0,True,30
large113_fair,mlp,0,202,30,-19.0,True,30
large113_fair,mlp,0,203,31,-20.0,True,30
large113_fair,mlp,0,204,32,-21.0,True,30
large113_fair,mlp,0,205,37,-26.0,True,30
large113_fair,mlp,0,206,50,-39.0,True,30
large113_fair,mlp,0,207,35,-24.0,True,30
large113_fair,mlp,0,208,37,-26.0,True,30
large113_fair,mlp,0,209,38,-27.0,True,30
large113_fair,mlp,0,210,70,-59.0,True,30
large113_fair,mlp,0,211,40,-29.0,True,30
large113_fair,mlp,0,212,30,-19.0,True,30
large113_fair,mlp,0,213,65,-54.0,True,30
large113_fair,mlp,0,214,30,-19.0,True,30
large113_fair,mlp,0,215,35,-24.0,True,30
large113_fair,mlp,0,216,40,-29.0,True,30
large113_fair,mlp,0,217,31,-20.0,True,30
large113_fair,mlp,0,218,30,-19.0,True,30
large113_fair,mlp,0,219,30,-19.0,True,30
large113_fair,mlp,0,220,32,-21.0,True,30
large113_fair,mlp,0,221,30,-19.0,True,30
large113_fair,mlp,0,222,32,-21.0,True,30
large113_fair,mlp,0,223,31,-20.0,True,30
large113_fair,mlp,0,224,30,-19.0,True,30
large113_fair,mlp,0,225,30,-19.0,True,30
large113_fair,mlp,0,226,31,-20.0,True,30
large113_fair,mlp,0,227,108,-97.0,True,30
large113_fair,mlp,0,228,31,-20.0,True,30
large113_fair,mlp,0,229,30,-19.0,True,30
large113_fair,mlp,0,230,30,-19.0,True,30
large113_fair,mlp,0,231,32,-21.0,True,30
large113_fair,mlp,0,232,30,-19.0,True,30
large113_fair,mlp,0,233,31,-20.0,True,30
large113_fair,mlp,0,234,30,-19.0,True,30
large113_fair,mlp,0,235,30,-19.0,True,30
large113_fair,mlp,0,236,30,-19.0,True,30
large113_fair,mlp,0,237,30,-19.0,True,30
large113_fair,mlp,0,238,30,-19.0,True,30
large113_fair,mlp,0,239,31,-20.0,True,30
large113_fair,mlp,0,240,32,-21.0,True,30
large113_fair,mlp,0,241,31,-20.0,True,30
large113_fair,mlp,0,242,30,-19.0,True,30
large113_fair,mlp,0,243,30,-19.0,True,30
large113_fair,mlp,0,244,36,-25.0,True,30
large113_fair,mlp,0,245,45,-34.0,True,30
large113_fair,mlp,0,246,30,-19.0,True,30
large113_fair,mlp,0,247,30,-19.0,True,30
large113_fair,mlp,0,248,30,-19.0,True,30
large113_fair,mlp,0,249,30,-19.0,True,30
large113_fair,mlp,0,250,30,-19.0,True,30
large113_fair,mlp,0,251,30,-19.0,True,30
large113_fair,mlp,0,252,30,-19.0,True,30
large113_fair,mlp,0,253,32,-21.0,True,30
large113_fair,mlp,0,254,32,-21.0,True,30
large113_fair,mlp,0,255,31,-20.0,True,30
large113_fair,mlp,0,256,30,-19.0,True,30
large113_fair,mlp,0,257,30,-19.0,True,30
large113_fair,mlp,0,258,30,-19.0,True,30
large113_fair,mlp,0,259,30,-19.0,True,30
large113_fair,mlp,0,260,31,-20.0,True,30
large113_fair,mlp,0,261,30,-19.0,True,30
large113_fair,mlp,0,262,30,-19.0,True,30
large113_fair,mlp,0,263,30,-19.0,True,30
large113_fair,mlp,0,264,31,-20.0,True,30
large113_fair,mlp,0,265,30,-19.0,True,30
large113_fair,mlp,0,266,30,-19.0,True,30
large113_fair,mlp,0,267,30,-19.0,True,30
large113_fair,mlp,0,268,37,-26.0,True,30
large113_fair,mlp,0,269,30,-19.0,True,30
large113_fair,mlp,0,270,31,-20.0,True,30
large113_fair,mlp,0,271,30,-19.0,True,30
large113_fair,mlp,0,272,42,-31.0,True,30
large113_fair,mlp,0,273,30,-19.0,True,30
large113_fair,mlp,0,274,58,-47.0,True,30
large113_fair,mlp,0,275,52,-41.0,True,30
large113_fair,mlp,0,276,39,-28.0,True,30
large113_fair,mlp,0,277,30,-19.0,True,30
large113_fair,mlp,0,278,53,-42.0,True,30
large113_fair,mlp,0,279,38,-27.0,True,30
large113_fair,mlp,0,280,34,-23.0,True,30
large113_fair,mlp,0,281,30,-19.0,True,30
large113_fair,mlp,0,282,34,-23.0,True,30
large113_fair,mlp,0,283,30,-19.0,True,30
large113_fair,mlp,0,284,32,-21.0,True,30
large113_fair,mlp,0,285,30,-19.0,True,30
large113_fair,mlp,0,286,30,-19.0,True,30
large113_fair,mlp,0,287,42,-31.0,True,30
large113_fair,mlp,0,288,38,-27.0,True,30
large113_fair,mlp,0,289,61,-50.0,True,30
large113_fair,mlp,0,290,30,-19.0,True,30
large113_fair,mlp,0,291,45,-34.0,True,30
large113_fair,mlp,0,292,30,-19.0,True,30
large113_fair,mlp,0,293,35,-24.0,True,30
large113_fair,mlp,0,294,32,-21.0,True,30
large113_fair,mlp,0,295,30,-19.0,True,30
large113_fair,mlp,0,296,30,-19.0,True,30
large113_fair,mlp,0,297,31,-20.0,True,30
large113_fair,mlp,0,298,30,-19.0,True,30
large113_fair,mlp,0,299,30,-19.0,True,30
large113_fair,mlp,0,300,30,-19.0,True,30
large113_fair,mlp,0,301,30,-19.0,True,30
large113_fair,mlp,0,302,30,-19.0,True,30
large113_fair,mlp,0,303,30,-19.0,True,30
large113_fair,mlp,0,304,30,-19.0,True,30
large113_fair,mlp,0,305,30,-19.0,True,30
large113_fair,mlp,0,306,30,-19.0,True,30
large113_fair,mlp,0,307,30,-19.0,True,30
large113_fair,mlp,0,308,30,-19.0,True,30
large113_fair,mlp,0,309,30,-19.0,True,30
large113_fair,mlp,0,310,31,-20.0,True,30
large113_fair,mlp,0,311,30,-19.0,True,30
large113_fair,mlp,0,312,30,-19.0,True,30
large113_fair,mlp,0,313,30,-19.0,True,30
large113_fair,mlp,0,314,30,-19.0,True,30
large113_fair,mlp,0,315,30,-19.0,True,30
large113_fair,mlp,0,316,35,-24.0,True,30
large113_fair,mlp,0,317,32,-21.0,True,30
large113_fair,mlp,0,318,30,-19.0,True,30
large113_fair,mlp,0,319,30,-19.0,True,30
large113_fair,mlp,0,320,30,-19.0,True,30
large113_fair,mlp,0,321,30,-19.0,True,30
large113_fair,mlp,0,322,30,-19.0,True,30
large113_fair,mlp,0,323,30,-19.0,True,30
large113_fair,mlp,0,324,30,-19.0,True,30
large113_fair,mlp,0,325,30,-19.0,True,30
large113_fair,mlp,0,326,68,-57.0,True,30
large113_fair,mlp,0,327,80,-69.0,True,30
large113_fair,mlp,0,328,68,-57.0,True,30
large113_fair,mlp,0,329,48,-37.0,True,30
large113_fair,mlp,0,330,83,-72.0,True,30
large113_fair,mlp,0,331,45,-34.0,True,30
large113_fair,mlp,0,332,36,-25.0,True,30
large113_fair,mlp,0,333,32,-21.0,True,30
large113_fair,mlp,0,334,30,-19.0,True,30
large113_fair,mlp,0,335,40,-29.0,True,30
large113_fair,mlp,0,336,30,-19.0,True,30
large113_fair,mlp,0,337,30,-19.0,True,30
large113_fair,mlp,0,338,30,-19.0,True,30
large113_fair,mlp,0,339,30,-19.0,True,30
large113_fair,mlp,0,340,30,-19.0,True,30
large113_fair,mlp,0,341,32,-21.0,True,30
large113_fair,mlp,0,342,36,-25.0,True,30
large113_fair,mlp,0,343,50,-39.0,True,30
large113_fair,mlp,0,344,30,-19.0,True,30
large113_fair,mlp,0,345,30,-19.0,True,30
large113_fair,mlp,0,346,32,-21.0,True,30
large113_fair,mlp,0,347,30,-19.0,True,30
large113_fair,mlp,0,348,30,-19.0,True,30
large113_fair,mlp,0,349,30,-19.0,True,30
large113_fair,mlp,0,350,30,-19.0,True,30
large113_fair,mlp,0,351,31,-20.0,True,30
large113_fair,mlp,0,352,31,-20.0,True,30
large113_fair,mlp,0,353,33,-22.0,True,30
large113_fair,mlp,0,354,30,-19.0,True,30
large113_fair,mlp,0,355,30,-19.0,True,30
large113_fair,mlp,0,356,30,-19.0,True,30
large113_fair,mlp,0,357,30,-19.0,True,30
large113_fair,mlp,0,358,30,-19.0,True,30
large113_fair,mlp,0,359,30,-19.0,True,30
large113_fair,mlp,0,360,32,-21.0,True,30
large113_fair,mlp,0,361,30,-19.0,True,30
large113_fair,mlp,0,362,30,-19.0,True,30
large113_fair,mlp,0,363,30,-19.0,True,30
large113_fair,mlp,0,364,30,-19.0,True,30
large113_fair,mlp,0,365,32,-21.0,True,30
large113_fair,mlp,0,366,38,-27.0,True,30
large113_fair,mlp,0,367,40,-29.0,True,30
large113_fair,mlp,0,368,30,-19.0,True,30
large113_fair,mlp,0,369,32,-21.0,True,30
large113_fair,mlp,0,370,35,-24.0,True,30
large113_fair,mlp,0,371,30,-19.0,True,30
large113_fair,mlp,0,372,30,-19.0,True,30
large113_fair,mlp,0,373,30,-19.0,True,30
large113_fair,mlp,0,374,30,-19.0,True,30
large113_fair,mlp,0,375,30,-19.0,True,30
large113_fair,mlp,0,376,30,-19.0,True,30
large113_fair,mlp,0,377,31,-20.0,True,30
large113_fair,mlp,0,378,30,-19.0,True,30
large113_fair,mlp,0,379,30,-19.0,True,30
large113_fair,mlp,0,380,30,-19.0,True,30
large113_fair,mlp,0,381,30,-19.0,True,30
large113_fair,mlp,0,382,30,-19.0,True,30
large113_fair,mlp,0,383,41,-30.0,True,30
large113_fair,mlp,0,384,30,-19.0,True,30
large113_fair,mlp,0,385,34,-23.0,True,30
large113_fair,mlp,0,386,30,-19.0,True,30
large113_fair,mlp,0,387,30,-19.0,True,30
large113_fair,mlp,0,388,35,-24.0,True,30
large113_fair,mlp,0,389,37,-26.0,True,30
large113_fair,mlp,0,390,43,-32.0,True,30
large113_fair,mlp,0,391,48,-37.0,True,30
large113_fair,mlp,0,392,30,-19.0,True,30
large113_fair,mlp,0,393,30,-19.0,True,30
large113_fair,mlp,0,394,30,-19.0,True,30
large113_fair,mlp,0,395,31,-20.0,True,30
large113_fair,mlp,0,396,46,-35.0,True,30
large113_fair,mlp,0,397,30,-19.0,True,30
large113_fair,mlp,0,398,33,-22.0,True,30
large113_fair,mlp,0,399,31,-20.0,True,30
large113_fair,qlearning,1,0,350,-350.0,False,30
large113_fair,qlearning,1,1,350,-350.0,False,30
large113_fair,qlearning,1,2,286,-275.0,True,30
large113_fair,qlearning,1,3,32,-21.0,True,30
large113_fair,qlearning,1,4,30,-19.0,True,30
large113_fair,qlearning,1,5,30,-19.0,True,30
large113_fair,qlearning,1,6,35,-24.0,True,30
large113_fair,qlearning,1,7,31,-20.0,True,30
large113_fair,qlearning,1,8,34,-23.0,True,30
large113_fair,qlearning,1,9,62,-51.0,True,30
large113_fair,qlearning,1,10,59,-48.0,True,30
large113_fair,qlearning,1,11,44,-33.0,True,30
large113_fair,qlearning,1,12,30,-19.0,True,30
large113_fair,qlearning,1,13,31,-20.0,True,30
large113_fair,qlearning,1,14,32,-21.0,True,30
large113_fair,qlearning,1,15,34,-23.0,True,30
large113_fair,qlearning,1,16,32,-21.0,True,30
large113_fair,qlearning,1,17,31,-20.0,True,30
large113_fair,qlearning,1,18,32,-21.0,True,30
large113_fair,qlearning,1,19,33,-22.0,True,30
large113_fair,qlearning,1,20,30,-19.0,True,30
large113_fair,qlearning,1,21,31,-20.0,True,30
large113_fair,qlearning,1,22,30,-19.0,True,30
large113_fair,qlearning,1,23,31,-20.0,True,30
large113_fair,qlearning,1,24,31,-20.0,True,30
large113_fair,qlearning,1,25,35,-24.0,True,30
large113_fair,qlearning,1,26,35,-24.0,True,30
large113_fair,qlearning,1,27,30,-19.0,True,30
large113_fair,qlearning,1,28,52,-41.0,True,30
large113_fair,qlearning,1,29,31,-20.0,True,30
large113_fair,qlearning,1,30,32,-21.0,True,30
large113_fair,qlearning,1,31,32,-21.0,True,30
large113_fair,qlearning,1,32,30,-19.0,True,30
large113_fair,qlearning,1,33,31,-20.0,True,30
large113_fair,qlearning,1,34,30,-19.0,True,30
large113_fair,qlearning,1,35,30,-19.0,True,30
large113_fair,qlearning,1,36,32,-21.0,True,30
large113_fair,qlearning,1,37,32,-21.0,True,30
large113_fair,qlearning,1,38,35,-24.0,True,30
large113_fair,qlearning,1,39,35,-24.0,True,30
large113_fair,qlearning,1,40,30,-19.0,True,30
large113_fair,qlearning,1,41,34,-23.0,True,30
large113_fair,qlearning,1,42,34,-23.0,True,30
large113_fair,qlearning,1,43,30,-19.0,True,30
large113_fair,qlearning,1,44,32,-21.0,True,30
large113_fair,qlearning,1,45,30,-19.0,True,30
large113_fair,qlearning,1,46,34,-23.0,True,30
large113_fair,qlearning,1,47,31,-20.0,True,30
large113_fair,qlearning,1,48,31,-20.0,True,30
large113_fair,qlearning,1,49,32,-21.0,True,30
large113_fair,qlearning,1,50,30,-19.0,True,30
large113_fair,qlearning,1,51,30,-19.0,True,30
large113_fair,qlearning,1,52,32,-21.0,True,30
large113_fair,qlearning,1,53,31,-20.0,True,30
large113_fair,qlearning,1,54,30,-19.0,True,30
large113_fair,qlearning,1,55,31,-20.0,True,30
large113_fair,qlearning,1,56,30,-19.0,True,30
large113_fair,qlearning,1,57,30,-19.0,True,30
large113_fair,qlearning,1,58,30,-19.0,True,30
large113_fair,qlearning,1,59,30,-19.0,True,30
large113_fair,qlearning,1,60,32,-21.0,True,30
large113_fair,qlearning,1,61,30,-19.0,True,30
large113_fair,qlearning,1,62,31,-20.0,True,30
large113_fair,qlearning,1,63,30,-19.0,True,30
large113_fair,qlearning,1,64,30,-19.0,True,30
large113_fair,qlearning,1,65,33,-22.0,True,30
large113_fair,qlearning,1,66,30,-19.0,True,30
large113_fair,qlearning,1,67,30,-19.0,True,30
large113_fair,qlearning,1,68,32,-21.0,True,30
large113_fair,qlearning,1,69,32,-21.0,True,30
large113_fair,qlearning,1,70,30,-19.0,True,30
large113_fair,qlearning,1,71,31,-20.0,True,30
large113_fair,qlearning,1,72,31,-20.0,True,30
large113_fair,qlearning,1,73,30,-19.0,True,30
large113_fair,qlearning,1,74,32,-21.0,True,30
large113_fair,qlearning,1,75,30,-19.0,True,30
large113_fair,qlearning,1,76,30,-19.0,True,30
large113_fair,qlearning,1,77,32,-21.0,True,30
large113_fair,qlearning,1,78,30,-19.0,True,30
large113_fair,qlearning,1,79,30,-19.0,True,30
large113_fair,qlearning,1,80,30,-19.0,True,30
large113_fair,qlearning,1,81,30,-19.0,True,30
large113_fair,qlearning,1,82,34,-23.0,True,30
large113_fair,qlearning,1,83,30,-19.0,True,30
large113_fair,qlearning,1,84,30,-19.0,True,30
large113_fair,qlearning,1,85,31,-20.0,True,30
large113_fair,qlearning,1,86,31,-20.0,True,30
large113_fair,qlearning,1,87,33,-22.0,True,30
large113_fair,qlearning,1,88,30,-19.0,True,30
large113_fair,qlearning,1,89,30,-19.0,True,30
large113_fair,qlearning,1,90,32,-21.0,True,30
large113_fair,qlearning,1,91,30,-19.0,True,30
large113_fair,qlearning,1,92,30,-19.0,True,30
large113_fair,qlearning,1,93,30,-19.0,True,30
large113_fair,qlearning,1,94,31,-20.0,True,30
large113_fair,qlearning,1,95,30,-19.0,True,30
large113_fair,qlearning,1,96,30,-19.0,True,30
large113_fair,qlearning,1,97,30,-19.0,True,30
large113_fair,qlearning,1,98,30,-19.0,True,30
large113_fair,qlearning,1,99,31,-20.0,True,30
large113_fair,qlearning,1,100,31,-20.0,True,30
large113_fair,qlearning,1,101,32,-21.0,True,30
large113_fair,qlearning,1,102,31,-20.0,True,30
large113_fair,qlearning,1,103,30,-19.0,True,30
large113_fair,qlearning,1,104,30,-19.0,True,30
large113_fair,qlearning,1,105,30,-19.0,True,30
large113_fair,qlearning,1,106,30,-19.0,True,30
large113_fair,qlearning,1,107,30,-19.0,True,30
large113_fair,qlearning,1,108,32,-21.0,True,30
large113_fair,qlearning,1,109,30,-19.0,True,30
large113_fair,qlearning,1,110,30,-19.0,True,30
large113_fair,qlearning,1,111,30,-19.0,True,30
large113_fair,qlearning,1,112,30,-19.0,True,30
large113_fair,qlearning,1,113,30,-19.0,True,30
large113_fair,qlearning,1,114,30,-19.0,True,30
large113_fair,qlearning,1,115,30,-19.0,True,30
large113_fair,qlearning,1,116,30,-19.0,True,30
large113_fair,qlearning,1,117,32,-21.0,True,30
large113_fair,qlearning,1,118,30,-19.0,True,30
large113_fair,qlearning,1,119,30,-19.0,True,30
large113_fair,qlearning,1,120,30,-19.0,True,30
large113_fair,qlearning,1,121,32,-21.0,True,30
large113_fair,qlearning,1,122,30,-19.0,True,30
large113_fair,qlearning,1,123,30,-19.0,True,30
large113_fair,qlearning,1,124,31,-20.0,True,30
large113_fair,qlearning,1,125,30,-19.0,True,30
large113_fair,qlearning,1,126,30,-19.0,True,30
large113_fair,qlearning,1,127,30,-19.0,True,30
large113_fair,qlearning,1,128,30,-19.0,True,30
large113_fair,qlearning,1,129,30,-19.0,True,30
large113_fair,qlearning,1,130,31,-20.0,True,30
large113_fair,qlearning,1,131,30,-19.0,True,30
large113_fair,qlearning,1,132,30,-19.0,True,30
large113_fair,qlearning,1,133,32,-21.0,True,30
large113_fair,qlearning,1,134,31,-20.0,True,30
large113_fair,qlearning,1,135,30,-19.0,True,30
large113_fair,qlearning,1,136,30,-19.0,True,30
large113_fair,qlearning,1,137,30,-19.0,True,30
large113_fair,qlearning,1,138,30,-19.0,True,30
large113_fair,qlearning,1,139,30,-19.0,True,30
large113_fair,qlearning,1,140,31,-20.0,True,30
large113_fair,qlearning,1,141,31,-20.0,True,30
large113_fair,qlearning,1,142,30,-19.0,True,30
large113_fair,qlearning,1,143,30,-19.0,True,30
large113_fair,qlearning,1,144,30,-19.0,True,30
large113_fair,qlearning,1,145,30,-19.0,True,30
large113_fair,qlearning,1,146,30,-19.0,True,30
large113_fair,qlearning,1,147,30,-19.0,True,30
large113_fair,qlearning,1,148,30,-19.0,True,30
large113_fair,qlearning,1,149,30,-19.0,True,30
large113_fair,qlearning,1,150,30,-19.0,True,30
large113_fair,qlearning,1,151,30,-19.0,True,30
large113_fair,qlearning,1,152,31,-20.0,True,30
large113_fair,qlearning,1,153,30,-19.0,True,30
large113_fair,qlearning,1,154,31,-20.0,True,30
large113_fair,qlearning,1,155,32,-21.0,True,30
large113_fair,qlearning,1,156,30,-19.0,True,30
large113_fair,qlearning,1,157,30,-19.0,True,30
large113_fair,qlearning,1,158,30,-19.0,True,30
large113_fair,qlearning,1,159,30,-19.0,True,30
large113_fair,qlearning,1,160,30,-19.0,True,30
large113_fair,qlearning,1,161,30,-19.0,True,30
large113_fair,qlearning,1,162,30,-19.0,True,30
large113_fair,qlearning,1,163,30,-19.0,True,30
large113_fair,qlearning,1,164,30,-19.0,True,30
large113_fair,qlearning,1,165,30,-19.0,True,30
large113_fair,qlearning,1,166,30,-19.0,True,30
large113_fair,qlearning,1,167,30,-19.0,True,30
large113_fair,qlearning,1,168,30,-19.0,True,30
large113_fair,qlearning,1,169,32,-21.0,True,30
large113_fair,qlearning,1,170,30,-19.0,True,30
large113_fair,qlearning,1,171,30,-19.0,True,30
large113_fair,qlearning,1,172,30,-19.0,True,30
large113_fair,qlearning,1,173,31,-20.0,True,30
large113_fair,qlearning,1,174,30,-19.0,True,30
large113_fair,qlearning,1,175,30,-19.0,True,30
large113_fair,qlearning,1,176,32,-21.0,True,30
large113_fair,qlearning,1,177,32,-21.0,True,30
large113_fair,qlearning,1,178,30,-19.0,True,30
large113_fair,qlearning,1,179,30,-19.0,True,30
large113_fair,qlearning,1,180,30,-19.0,True,30
large113_fair,qlearning,1,181,30,-19.0,True,30
large113_fair,qlearning,1,182,32,-21.0,True,30
large113_fair,qlearning,1,183,30,-19.0,True,30
large113_fair,qlearning,1,184,30,-19.0,True,30
large113_fair,qlearning,1,185,30,-19.0,True,30
large113_fair,qlearning,1,186,31,-20.0,True,30
large113_fair,qlearning,1,187,30,-19.0,True,30
large113_fair,qlearning,1,188,30,-19.0,True,30
large113_fair,qlearning,1,189,30,-19.0,True,30
large113_fair,qlearning,1,190,30,-19.0,True,30
large113_fair,qlearning,1,191,30,-19.0,True,30
large113_fair,qlearning,1,192,30,-19.0,True,30
large113_fair,qlearning,1,193,30,-19.0,True,30
large113_fair,qlearning,1,194,30,-19.0,True,30
large113_fair,qlearning,1,195,32,-21.0,True,30
large113_fair,qlearning,1,196,30,-19.0,True,30
large113_fair,qlearning,1,197,30,-19.0,True,30
large113_fair,qlearning,1,198,30,-19.0,True,30
large113_fair,qlearning,1,199,30,-19.0,True,30
large113_fair,qlearning,1,200,30,-19.0,True,30
large113_fair,qlearning,1,201,31,-20.0,True,30
large113_fair,qlearning,1,202,30,-19.0,True,30
large113_fair,qlearning,1,203,30,-19.0,True,30
large113_fair,qlearning,1,204,30,-19.0,True,30
large113_fair,qlearning,1,205,30,-19.0,True,30
large113_fair,qlearning,1,206,30,-19.0,True,30
large113_fair,qlearning,1,207,30,-19.0,True,30
large113_fair,qlearning,1,208,30,-19.0,True,30
large113_fair,qlearning,1,209,30,-19.0,True,30
large113_fair,qlearning,1,210,30,-19.0,True,30
large113_fair,qlearning,1,211,30,-19.0,True,30
large113_fair,qlearning,1,212,30,-19.0,True,30
large113_fair,qlearning,1,213,30,-19.0,True,30
large113_fair,qlearning,1,214,30,-19.0,True,30
large113_fair,qlearning,1,215,30,-19.0,True,30
large113_fair,qlearning,1,216,31,-20.0,True,30
large113_fair,qlearning,1,217,30,-19.0,True,30
large113_fair,qlearning,1,218,30,-19.0,True,30
large113_fair,qlearning,1,219,30,-19.0,True,30
large113_fair,qlearning,1,220,30,-19.0,True,30
large113_fair,qlearning,1,221,30,-19.0,True,30
large113_fair,qlearning,1,222,34,-23.0,True,30
large113_fair,qlearning,1,223,30,-19.0,True,30
large113_fair,qlearning,1,224,30,-19.0,True,30
large113_fair,qlearning,1,225,30,-19.0,True,30
large113_fair,qlearning,1,226,30,-19.0,True,30
large113_fair,qlearning,1,227,30,-19.0,True,30
large113_fair,qlearning,1,228,32,-21.0,True,30
large113_fair,qlearning,1,229,30,-19.0,True,30
large113_fair,qlearning,1,230,30,-19.0,True,30
large113_fair,qlearning,1,231,30,-19.0,True,30
large113_fair,qlearning,1,232,30,-19.0,True,30
large113_fair,qlearning,1,233,31,-20.0,True,30
large113_fair,qlearning,1,234,30,-19.0,True,30
large113_fair,qlearning,1,235,30,-19.0,True,30
large113_fair,qlearning,1,236,30,-19.0,True,30
large113_fair,qlearning,1,237,30,-19.0,True,30
large113_fair,qlearning,1,238,32,-21.0,True,30
large113_fair,qlearning,1,239,30,-19.0,True,30
large113_fair,qlearning,1,240,33,-22.0,True,30
large113_fair,qlearning,1,241,30,-19.0,True,30
large113_fair,qlearning,1,242,31,-20.0,True,30
large113_fair,qlearning,1,243,31,-20.0,True,30
large113_fair,qlearning,1,244,31,-20.0,True,30
large113_fair,qlearning,1,245,31,-20.0,True,30
large113_fair,qlearning,1,246,30,-19.0,True,30
large113_fair,qlearning,1,247,33,-22.0,True,30
large113_fair,qlearning,1,248,30,-19.0,True,30
large113_fair,qlearning,1,249,30,-19.0,True,30
large113_fair,qlearning,1,250,30,-19.0,True,30
large113_fair,qlearning,1,251,30,-19.0,True,30
large113_fair,qlearning,1,252,30,-19.0,True,30
large113_fair,qlearning,1,253,30,-19.0,True,30
large113_fair,qlearning,1,254,30,-19.0,True,30
large113_fair,qlearning,1,255,30,-19.0,True,30
large113_fair,qlearning,1,256,30,-19.0,True,30
large113_fair,qlearning,1,257,31,-20.0,True,30
large113_fair,qlearning,1,258,30,-19.0,True,30
large113_fair,qlearning,1,259,31,-20.0,True,30
large113_fair,qlearning,1,260,30,-19.0,True,30
large113_fair,qlearning,1,261,32,-21.0,True,30
large113_fair,qlearning,1,262,30,-19.0,True,30
large113_fair,qlearning,1,263,30,-19.0,True,30
large113_fair,qlearning,1,264,30,-19.0,True,30
large113_fair,qlearning,1,265,32,-21.0,True,30
large113_fair,qlearning,1,266,30,-19.0,True,30
large113_fair,qlearning,1,267,30,-19.0,True,30
large113_fair,qlearning,1,268,30,-19.0,True,30
large113_fair,qlearning,1,269,30,-19.0,True,30
large113_fair,qlearning,1,270,30,-19.0,True,30
large113_fair,qlearning,1,271,30,-19.0,True,30
large113_fair,qlearning,1,272,31,-20.0,True,30
large113_fair,qlearning,1,273,31,-20.0,True,30
large113_fair,qlearning,1,274,32,-21.0,True,30
large113_fair,qlearning,1,275,31,-20.0,True,30
large113_fair,qlearning,1,276,30,-19.0,True,30
large113_fair,qlearning,1,277,32,-21.0,True,30
large113_fair,qlearning,1,278,30,-19.0,True,30
large113_fair,qlearning,1,279,30,-19.0,True,30
large113_fair,qlearning,1,280,30,-19.0,True,30
large113_fair,qlearning,1,281,32,-21.0,True,30
large113_fair,qlearning,1,282,30,-19.0,True,30
large113_fair,qlearning,1,283,30,-19.0,True,30
large113_fair,qlearning,1,284,30,-19.0,True,30
large113_fair,qlearning,1,285,30,-19.0,True,30
large113_fair,qlearning,1,286,30,-19.0,True,30
large113_fair,qlearning,1,287,30,-19.0,True,30
large113_fair,qlearning,1,288,30,-19.0,True,30
large113_fair,qlearning,1,289,30,-19.0,True,30
large113_fair,qlearning,1,290,30,-19.0,True,30
large113_fair,qlearning,1,291,30,-19.0,True,30
large113_fair,qlearning,1,292,30,-19.0,True,30
large113_fair,qlearning,1,293,30,-19.0,True,30
large113_fair,qlearning,1,294,31,-20.0,True,30
large113_fair,qlearning,1,295,30,-19.0,True,30
large113_fair,qlearning,1,296,32,-21.0,True,30
large113_fair,qlearning,1,297,31,-20.0,True,30
large113_fair,qlearning,1,298,30,-19.0,True,30
large113_fair,qlearning,1,299,30,-19.0,True,30
large113_fair,qlearning,1,300,30,-19.0,True,30
large113_fair,qlearning,1,301,30,-19.0,True,30
large113_fair,qlearning,1,302,30,-19.0,True,30
large113_fair,qlearning,1,303,30,-19.0,True,30
large113_fair,qlearning,1,304,30,-19.0,True,30
large113_fair,qlearning,1,305,30,-19.0,True,30
large113_fair,qlearning,1,306,30,-19.0,True,30
large113_fair,qlearning,1,307,30,-19.0,True,30
large113_fair,qlearning,1,308,31,-20.0,True,30
large113_fair,qlearning,1,309,30,-19.0,True,30
large113_fair,qlearning,1,310,30,-19.0,True,30
large113_fair,qlearning,1,311,30,-19.0,True,30
large113_fair,qlearning,1,312,30,-19.0,True,30
large113_fair,qlearning,1,313,30,-19.0,True,30
large113_fair,qlearning,1,314,30,-19.0,True,30
large113_fair,qlearning,1,315,30,-19.0,True,30
large113_fair,qlearning,1,316,30,-19.0,True,30
large113_fair,qlearning,1,317,30,-19.0,True,30
large113_fair,qlearning,1,318,30,-19.0,True,30
large113_fair,qlearning,1,319,30,-19.0,True,30
large113_fair,qlearning,1,320,31,-20.0,True,30
large113_fair,qlearning,1,321,30,-19.0,True,30
large113_fair,qlearning,1,322,31,-20.0,True,30
large113_fair,qlearning,1,323,30,-19.0,True,30
large113_fair,qlearning,1,324,30,-19.0,True,30
large113_fair,qlearning,1,325,42,-31.0,True,30
large113_fair,qlearning,1,326,30,-19.0,True,30
large113_fair,qlearning,1,327,30,-19.0,True,30
large113_fair,qlearning,1,328,30,-19.0,True,30
large113_fair,qlearning,1,329,30,-19.0,True,30
large113_fair,qlearning,1,330,30,-19.0,True,30
large113_fair,qlearning,1,331,30,-19.0,True,30
large113_fair,qlearning,1,332,30,-19.0,True,30
large113_fair,qlearning,1,333,30,-19.0,True,30
large113_fair,qlearning,1,334,30,-19.0,True,30
large113_fair,qlearning,1,335,30,-19.0,True,30
large113_fair,qlearning,1,336,31,-20.0,True,30
large113_fair,qlearning,1,337,30,-19.0,True,30
large113_fair,qlearning,1,338,30,-19.0,True,30
large113_fair,qlearning,1,339,30,-19.0,True,30
large113_fair,qlearning,1,340,30,-19.0,True,30
large113_fair,qlearning,1,341,30,-19.0,True,30
large113_fair,qlearning,1,342,31,-20.0,True,30
large113_fair,qlearning,1,343,30,-19.0,True,30
large113_fair,qlearning,1,344,30,-19.0,True,30
large113_fair,qlearning,1,345,30,-19.0,True,30
large113_fair,qlearning,1,346,32,-21.0,True,30
large113_fair,qlearning,1,347,30,-19.0,True,30
large113_fair,qlearning,1,348,30,-19.0,True,30
large113_fair,qlearning,1,349,34,-23.0,True,30
large113_fair,qlearning,1,350,30,-19.0,True,30
large113_fair,qlearning,1,351,30,-19.0,True,30
large113_fair,qlearning,1,352,31,-20.0,True,30
large113_fair,qlearning,1,353,30,-19.0,True,30
large113_fair,qlearning,1,354,30,-19.0,True,30
large113_fair,qlearning,1,355,30,-19.0,True,30
large113_fair,qlearning,1,356,31,-20.0,True,30
large113_fair,qlearning,1,357,30,-19.0,True,30
large113_fair,qlearning,1,358,30,-19.0,True,30
large113_fair,qlearning,1,359,30,-19.0,True,30
large113_fair,qlearning,1,360,30,-19.0,True,30
large113_fair,qlearning,1,361,30,-19.0,True,30
large113_fair,qlearning,1,362,34,-23.0,True,30
large113_fair,qlearning,1,363,30,-19.0,True,30
large113_fair,qlearning,1,364,30,-19.0,True,30
large113_fair,qlearning,1,365,30,-19.0,True,30
large113_fair,qlearning,1,366,30,-19.0,True,30
large113_fair,qlearning,1,367,30,-19.0,True,30
large113_fair,qlearning,1,368,30,-19.0,True,30
large113_fair,qlearning,1,369,31,-20.0,True,30
large113_fair,qlearning,1,370,30,-19.0,True,30
large113_fair,qlearning,1,371,30,-19.0,True,30
large113_fair,qlearning,1,372,32,-21.0,True,30
large113_fair,qlearning,1,373,33,-22.0,True,30
large113_fair,qlearning,1,374,30,-19.0,True,30
large113_fair,qlearning,1,375,30,-19.0,True,30
large113_fair,qlearning,1,376,30,-19.0,True,30
large113_fair,qlearning,1,377,30,-19.0,True,30
large113_fair,qlearning,1,378,32,-21.0,True,30
large113_fair,qlearning,1,379,30,-19.0,True,30
large113_fair,qlearning,1,380,31,-20.0,True,30
large113_fair,qlearning,1,381,30,-19.0,True,30
large113_fair,qlearning,1,382,30,-19.0,True,30
large113_fair,qlearning,1,383,30,-19.0,True,30
large113_fair,qlearning,1,384,30,-19.0,True,30
large113_fair,qlearning,1,385,32,-21.0,True,30
large113_fair,qlearning,1,386,31,-20.0,True,30
large113_fair,qlearning,1,387,30,-19.0,True,30
large113_fair,qlearning,1,388,30,-19.0,True,30
large113_fair,qlearning,1,389,30,-19.0,True,30
large113_fair,qlearning,1,390,30,-19.0,True,30
large113_fair,qlearning,1,391,30,-19.0,True,30
large113_fair,qlearning,1,392,31,-20.0,True,30
large113_fair,qlearning,1,393,30,-19.0,True,30
large113_fair,qlearning,1,394,33,-22.0,True,30
large113_fair,qlearning,1,395,30,-19.0,True,30
large113_fair,qlearning,1,396,30,-19.0,True,30
large113_fair,qlearning,1,397,30,-19.0,True,30
large113_fair,qlearning,1,398,30,-19.0,True,30
large113_fair,qlearning,1,399,30,-19.0,True,30
large113_fair,mlp,1,0,350,-350.0,False,30
large113_fair,mlp,1,1,350,-350.0,False,30
large113_fair,mlp,1,2,350,-350.0,False,30
large113_fair,mlp,1,3,350,-350.0,False,30
large113_fair,mlp,1,4,294,-283.0,True,30
large113_fair,mlp,1,5,194,-183.0,True,30
large113_fair,mlp,1,6,350,-350.0,False,30
large113_fair,mlp,1,7,350,-350.0,False,30
large113_fair,mlp,1,8,189,-178.0,True,30
large113_fair,mlp,1,9,350,-350.0,False,30
large113_fair,mlp,1,10,89,-78.0,True,30
large113_fair,mlp,1,11,46,-35.0,True,30
large113_fair,mlp,1,12,38,-27.0,True,30
large113_fair,mlp,1,13,53,-42.0,True,30
large113_fair,mlp,1,14,33,-22.0,True,30
large113_fair,mlp,1,15,42,-31.0,True,30
large113_fair,mlp,1,16,46,-35.0,True,30
large113_fair,mlp,1,17,31,-20.0,True,30
large113_fair,mlp,1,18,30,-19.0,True,30
large113_fair,mlp,1,19,350,-350.0,False,30
large113_fair,mlp,1,20,175,-164.0,True,30
large113_fair,mlp,1,21,325,-314.0,True,30
large113_fair,mlp,1,22,189,-178.0,True,30
large113_fair,mlp,1,23,156,-145.0,True,30
large113_fair,mlp,1,24,350,-350.0,False,30
large113_fair,mlp,1,25,350,-350.0,False,30
large113_fair,mlp,1,26,350,-350.0,False,30
large113_fair,mlp,1,27,350,-350.0,False,30
large113_fair,mlp,1,28,121,-110.0,True,30
large113_fair,mlp,1,29,34,-23.0,True,30
large113_fair,mlp,1,30,54,-43.0,True,30
large113_fair,mlp,1,31,30,-19.0,True,30
large113_fair,mlp,1,32,33,-22.0,True,30
large113_fair,mlp,1,33,37,-26.0,True,30
large113_fair,mlp,1,34,34,-23.0,True,30
large113_fair,mlp,1,35,34,-23.0,True,30
large113_fair,mlp,1,36,104,-93.0,True,30
large113_fair,mlp,1,37,54,-43.0,True,30
large113_fair,mlp,1,38,30,-19.0,True,30
large113_fair,mlp,1,39,30,-19.0,True,30
large113_fair,mlp,1,40,47,-36.0,True,30
large113_fair,mlp,1,41,32,-21.0,True,30
large113_fair,mlp,1,42,33,-22.0,True,30
large113_fair,mlp,1,43,34,-23.0,True,30
large113_fair,mlp,1,44,30,-19.0,True,30
large113_fair,mlp,1,45,30,-19.0,True,30
large113_fair,mlp,1,46,30,-19.0,True,30
large113_fair,mlp,1,47,50,-39.0,True,30
large113_fair,mlp,1,48,37,-26.0,True,30
large113_fair,mlp,1,49,30,-19.0,True,30
large113_fair,mlp,1,50,31,-20.0,True,30
large113_fair,mlp,1,51,35,-24.0,True,30
large113_fair,mlp,1,52,106,-95.0,True,30
large113_fair,mlp,1,53,35,-24.0,True,30
large113_fair,mlp,1,54,32,-21.0,True,30
large113_fair,mlp,1,55,31,-20.0,True,30
large113_fair,mlp,1,56,38,-27.0,True,30
large113_fair,mlp,1,57,30,-19.0,True,30
large113_fair,mlp,1,58,43,-32.0,True,30
large113_fair,mlp,1,59,191,-180.0,True,30
large113_fair,mlp,1,60,32,-21.0,True,30
large113_fair,mlp,1,61,43,-32.0,True,30
large113_fair,mlp,1,62,30,-19.0,True,30
large113_fair,mlp,1,63,30,-19.0,True,30
large113_fair,mlp,1,64,30,-19.0,True,30
large113_fair,mlp,1,65,37,-26.0,True,30
large113_fair,mlp,1,66,30,-19.0,True,30
large113_fair,mlp,1,67,32,-21.0,True,30
large113_fair,mlp,1,68,37,-26.0,True,30
large113_fair,mlp,1,69,30,-19.0,True,30
large113_fair,mlp,1,70,36,-25.0,True,30
large113_fair,mlp,1,71,30,-19.0,True,30
large113_fair,mlp,1,72,30,-19.0,True,30
large113_fair,mlp,1,73,31,-20.0,True,30
large113_fair,mlp,1,74,30,-19.0,True,30
large113_fair,mlp,1,75,30,-19.0,True,30
large113_fair,mlp,1,76,32,-21.0,True,30
large113_fair,mlp,1,77,30,-19.0,True,30
large113_fair,mlp,1,78,41,-30.0,True,30
large113_fair,mlp,1,79,33,-22.0,True,30
large113_fair,mlp,1,80,32,-21.0,True,30
large113_fair,mlp,1,81,30,-19.0,True,30
large113_fair,mlp,1,82,30,-19.0,True,30
large113_fair,mlp,1,83,30,-19.0,True,30
large113_fair,mlp,1,84,30,-19.0,True,30
large113_fair,mlp,1,85,30,-19.0,True,30
large113_fair,mlp,1,86,33,-22.0,True,30
large113_fair,mlp,1,87,30,-19.0,True,30
large113_fair,mlp,1,88,30,-19.0,True,30
large113_fair,mlp,1,89,39,-28.0,True,30
large113_fair,mlp,1,90,34,-23.0,True,30
large113_fair,mlp,1,91,44,-33.0,True,30
large113_fair,mlp,1,92,57,-46.0,True,30
large113_fair,mlp,1,93,60,-49.0,True,30
large113_fair,mlp,1,94,148,-137.0,True,30
large113_fair,mlp,1,95,90,-79.0,True,30
large113_fair,mlp,1,96,350,-350.0,False,30
large113_fair,mlp,1,97,350,-350.0,False,30
large113_fair,mlp,1,98,177,-166.0,True,30
large113_fair,mlp,1,99,62,-51.0,True,30
large113_fair,mlp,1,100,39,-28.0,True,30
large113_fair,mlp,1,101,43,-32.0,True,30
large113_fair,mlp,1,102,79,-68.0,True,30
large113_fair,mlp,1,103,41,-30.0,True,30
large113_fair,mlp,1,104,350,-350.0,False,30
large113_fair,mlp,1,105,350,-350.0,False,30
large113_fair,mlp,1,106,350,-350.0,False,30
large113_fair,mlp,1,107,350,-350.0,False,30
large113_fair,mlp,1,108,350,-350.0,False,30
large113_fair,mlp,1,109,350,-350.0,False,30
large113_fair,mlp,1,110,350,-350.0,False,30
large113_fair,mlp,1,111,350,-350.0,False,30
large113_fair,mlp,1,112,200,-189.0,True,30
large113_fair,mlp,1,113,69,-58.0,True,30
large113_fair,mlp,1,114,94,-83.0,True,30
large113_fair,mlp,1,115,111,-100.0,True,30
large113_fair,mlp,1,116,30,-19.0,True,30
large113_fair,mlp,1,117,35,-24.0,True,30
large113_fair,mlp,1,118,47,-36.0,True,30
large113_fair,mlp,1,119,30,-19.0,True,30
large113_fair,mlp,1,120,55,-44.0,True,30
large113_fair,mlp,1,121,30,-19.0,True,30
large113_fair,mlp,1,122,30,-19.0,True,30
large113_fair,mlp,1,123,30,-19.0,True,30
large113_fair,mlp,1,124,30,-19.0,True,30
large113_fair,mlp,1,125,30,-19.0,True,30
large113_fair,mlp,1,126,30,-19.0,True,30
large113_fair,mlp,1,127,30,-19.0,True,30
large113_fair,mlp,1,128,47,-36.0,True,30
large113_fair,mlp,1,129,32,-21.0,True,30
large113_fair,mlp,1,130,31,-20.0,True,30
large113_fair,mlp,1,131,41,-30.0,True,30
large113_fair,mlp,1,132,30,-19.0,True,30
large113_fair,mlp,1,133,32,-21.0,True,30
large113_fair,mlp,1,134,30,-19.0,True,30
large113_fair,mlp,1,135,30,-19.0,True,30
large113_fair,mlp,1,136,30,-19.0,True,30
large113_fair,mlp,1,137,32,-21.0,True,30
large113_fair,mlp,1,138,30,-19.0,True,30
large113_fair,mlp,1,139,30,-19.0,True,30
large113_fair,mlp,1,140,30,-19.0,True,30
large113_fair,mlp,1,141,30,-19.0,True,30
large113_fair,mlp,1,142,30,-19.0,True,30
large113_fair,mlp,1,143,31,-20.0,True,30
large113_fair,mlp,1,144,30,-19.0,True,30
large113_fair,mlp,1,145,32,-21.0,True,30
large113_fair,mlp,1,146,30,-19.0,True,30
large113_fair,mlp,1,147,30,-19.0,True,30
large113_fair,mlp,1,148,30,-19.0,True,30
large113_fair,mlp,1,149,30,-19.0,True,30
large113_fair,mlp,1,150,30,-19.0,True,30
large113_fair,mlp,1,151,32,-21.0,True,30
large113_fair,mlp,1,152,30,-19.0,True,30
large113_fair,mlp,1,153,30,-19.0,True,30
large113_fair,mlp,1,154,32,-21.0,True,30
large113_fair,mlp,1,155,31,-20.0,True,30
large113_fair,mlp,1,156,30,-19.0,True,30
large113_fair,mlp,1,157,30,-19.0,True,30
large113_fair,mlp,1,158,30,-19.0,True,30
large113_fair,mlp,1,159,30,-19.0,True,30
large113_fair,mlp,1,160,32,-21.0,True,30
large113_fair,mlp,1,161,55,-44.0,True,30
large113_fair,mlp,1,162,30,-19.0,True,30
large113_fair,mlp,1,163,30,-19.0,True,30
large113_fair,mlp,1,164,30,-19.0,True,30
large113_fair,mlp,1,165,57,-46.0,True,30
large113_fair,mlp,1,166,33,-22.0,True,30
large113_fair,mlp,1,167,46,-35.0,True,30
large113_fair,mlp,1,168,31,-20.0,True,30
large113_fair,mlp,1,169,30,-19.0,True,30
large113_fair,mlp,1,170,30,-19.0,True,30
large113_fair,mlp,1,171,30,-19.0,True,30
large113_fair,mlp,1,172,32,-21.0,True,30
large113_fair,mlp,1,173,30,-19.0,True,30
large113_fair,mlp,1,174,32,-21.0,True,30
large113_fair,mlp,1,175,58,-47.0,True,30
large113_fair,mlp,1,176,61,-50.0,True,30
large113_fair,mlp,1,177,68,-57.0,True,30
large113_fair,mlp,1,178,89,-78.0,True,30
large113_fair,mlp,1,179,30,-19.0,True,30
large113_fair,mlp,1,180,44,-33.0,True,30
large113_fair,mlp,1,181,30,-19.0,True,30
large113_fair,mlp,1,182,49,-38.0,True,30
large113_fair,mlp,1,183,30,-19.0,True,30
large113_fair,mlp,1,184,30,-19.0,True,30
large113_fair,mlp,1,185,41,-30.0,True,30
large113_fair,mlp,1,186,38,-27.0,True,30
large113_fair,mlp,1,187,30,-19.0,True,30
large113_fair,mlp,1,188,31,-20.0,True,30
large113_fair,mlp,1,189,30,-19.0,True,30
large113_fair,mlp,1,190,59,-48.0,True,30
large113_fair,mlp,1,191,33,-22.0,True,30
large113_fair,mlp,1,192,30,-19.0,True,30
large113_fair,mlp,1,193,60,-49.0,True,30
large113_fair,mlp,1,194,39,-28.0,True,30
large113_fair,mlp,1,195,42,-31.0,True,30
large113_fair,mlp,1,196,30,-19.0,True,30
large113_fair,mlp,1,197,30,-19.0,True,30
large113_fair,mlp,1,198,36,-25.0,True,30
large113_fair,mlp,1,199,30,-19.0,True,30
large113_fair,mlp,1,200,31,-20.0,True,30
large113_fair,mlp,1,201,40,-29.0,True,30
large113_fair,mlp,1,202,30,-19.0,True,30
large113_fair,mlp,1,203,30,-19.0,True,30
large113_fair,mlp,1,204,55,-44.0,True,30
large113_fair,mlp,1,205,46,-35.0,True,30
large113_fair,mlp,1,206,41,-30.0,True,30
large113_fair,mlp,1,207,30,-19.0,True,30
large113_fair,mlp,1,208,50,-39.0,True,30
large113_fair,mlp,1,209,30,-19.0,True,30
large113_fair,mlp,1,210,30,-19.0,True,30
large113_fair,mlp,1,211,30,-19.0,True,30
large113_fair,mlp,1,212,31,-20.0,True,30
large113_fair,mlp,1,213,53,-42.0,True,30
large113_fair,mlp,1,214,30,-19.0,True,30
large113_fair,mlp,1,215,30,-19.0,True,30
large113_fair,mlp,1,216,52,-41.0,True,30
large113_fair,mlp,1,217,59,-48.0,True,30
large113_fair,mlp,1,218,48,-37.0,True,30
large113_fair,mlp,1,219,35,-24.0,True,30
large113_fair,mlp,1,220,30,-19.0,True,30
large113_fair,mlp,1,221,32,-21.0,True,30
large113_fair,mlp,1,222,30,-19.0,True,30
large113_fair,mlp,1,223,45,-34.0,True,30
large113_fair,mlp,1,224,66,-55.0,True,30
large113_fair,mlp,1,225,63,-52.0,True,30
large113_fair,mlp,1,226,64,-53.0,True,30
large113_fair,mlp,1,227,45,-34.0,True,30
large113_fair,mlp,1,228,48,-37.0,True,30
large113_fair,mlp,1,229,30,-19.0,True,30
large113_fair,mlp,1,230,30,-19.0,True,30
large113_fair,mlp,1,231,30,-19.0,True,30
large113_fair,mlp,1,232,30,-19.0,True,30
large113_fair,mlp,1,233,30,-19.0,True,30
large113_fair,mlp,1,234,30,-19.0,True,30
large113_fair,mlp,1,235,30,-19.0,True,30
large113_fair,mlp,1,236,30,-19.0,True,30
large113_fair,mlp,1,237,32,-21.0,True,30
large113_fair,mlp,1,238,50,-39.0,True,30
large113_fair,mlp,1,239,35,-24.0,True,30
large113_fair,mlp,1,240,32,-21.0,True,30
large113_fair,mlp,1,241,56,-45.0,True,30
large113_fair,mlp,1,242,350,-350.0,False,30
large113_fair,mlp,1,243,350,-350.0,False,30
large113_fair,mlp,1,244,38,-27.0,True,30
large113_fair,mlp,1,245,49,-38.0,True,30
large113_fair,mlp,1,246,53,-42.0,True,30
large113_fair,mlp,1,247,65,-54.0,True,30
large113_fair,mlp,1,248,33,-22.0,True,30
large113_fair,mlp,1,249,38,-27.0,True,30
large113_fair,mlp,1,250,31,-20.0,True,30
large113_fair,mlp,1,251,39,-28.0,True,30
large113_fair,mlp,1,252,39,-28.0,True,30
large113_fair,mlp,1,253,53,-42.0,True,30
large113_fair,mlp,1,254,60,-49.0,True,30
large113_fair,mlp,1,255,30,-19.0,True,30
large113_fair,mlp,1,256,30,-19.0,True,30
large113_fair,mlp,1,257,30,-19.0,True,30
large113_fair,mlp,1,258,30,-19.0,True,30
large113_fair,mlp,1,259,30,-19.0,True,30
large113_fair,mlp,1,260,30,-19.0,True,30
large113_fair,mlp,1,261,30,-19.0,True,30
large113_fair,mlp,1,262,30,-19.0,True,30
large113_fair,mlp,1,263,45,-34.0,True,30
large113_fair,mlp,1,264,39,-28.0,True,30
large113_fair,mlp,1,265,69,-58.0,True,30
large113_fair,mlp,1,266,30,-19.0,True,30
large113_fair,mlp,1,267,41,-30.0,True,30
large113_fair,mlp,1,268,31,-20.0,True,30
large113_fair,mlp,1,269,30,-19.0,True,30
large113_fair,mlp,1,270,40,-29.0,True,30
large113_fair,mlp,1,271,30,-19.0,True,30
large113_fair,mlp,1,272,33,-22.0,True,30
large113_fair,mlp,1,273,46,-35.0,True,30
large113_fair,mlp,1,274,32,-21.0,True,30
large113_fair,mlp,1,275,40,-29.0,True,30
large113_fair,mlp,1,276,32,-21.0,True,30
large113_fair,mlp,1,277,40,-29.0,True,30
large113_fair,mlp,1,278,34,-23.0,True,30
large113_fair,mlp,1,279,30,-19.0,True,30
large113_fair,mlp,1,280,49,-38.0,True,30
large113_fair,mlp,1,281,30,-19.0,True,30
large113_fair,mlp,1,282,34,-23.0,True,30
large113_fair,mlp,1,283,38,-27.0,True,30
large113_fair,mlp,1,284,40,-29.0,True,30
large113_fair,mlp,1,285,36,-25.0,True,30
large113_fair,mlp,1,286,30,-19.0,True,30
large113_fair,mlp,1,287,30,-19.0,True,30
large113_fair,mlp,1,288,30,-19.0,True,30
large113_fair,mlp,1,289,31,-20.0,True,30
large113_fair,mlp,1,290,30,-19.0,True,30
large113_fair,mlp,1,291,42,-31.0,True,30
large113_fair,mlp,1,292,30,-19.0,True,30
large113_fair,mlp,1,293,30,-19.0,True,30
large113_fair,mlp,1,294,38,-27.0,True,30
large113_fair,mlp,1,295,41,-30.0,True,30
large113_fair,mlp,1,296,46,-35.0,True,30
large113_fair,mlp,1,297,36,-25.0,True,30
large113_fair,mlp,1,298,34,-23.0,True,30
large113_fair,mlp,1,299,82,-71.0,True,30
large113_fair,mlp,1,300,57,-46.0,True,30
large113_fair,mlp,1,301,62,-51.0,True,30
large113_fair,mlp,1,302,48,-37.0,True,30
large113_fair,mlp,1,303,39,-28.0,True,30
large113_fair,mlp,1,304,49,-38.0,True,30
large113_fair,mlp,1,305,44,-33.0,True,30
large113_fair,mlp,1,306,37,-26.0,True,30
large113_fair,mlp,1,307,32,-21.0,True,30
large113_fair,mlp,1,308,46,-35.0,True,30
large113_fair,mlp,1,309,33,-22.0,True,30
large113_fair,mlp,1,310,36,-25.0,True,30
large113_fair,mlp,1,311,30,-19.0,True,30
large113_fair,mlp,1,312,30,-19.0,True,30
large113_fair,mlp,1,313,39,-28.0,True,30
large113_fair,mlp,1,314,32,-21.0,True,30
large113_fair,mlp,1,315,47,-36.0,True,30
large113_fair,mlp,1,316,30,-19.0,True,30
large113_fair,mlp,1,317,42,-31.0,True,30
large113_fair,mlp,1,318,69,-58.0,True,30
large113_fair,mlp,1,319,30,-19.0,True,30
large113_fair,mlp,1,320,51,-40.0,True,30
large113_fair,mlp,1,321,30,-19.0,True,30
large113_fair,mlp,1,322,36,-25.0,True,30
large113_fair,mlp,1,323,30,-19.0,True,30
large113_fair,mlp,1,324,32,-21.0,True,30
large113_fair,mlp,1,325,30,-19.0,True,30
large113_fair,mlp,1,326,30,-19.0,True,30
large113_fair,mlp,1,327,31,-20.0,True,30
large113_fair,mlp,1,328,30,-19.0,True,30
large113_fair,mlp,1,329,30,-19.0,True,30
large113_fair,mlp,1,330,30,-19.0,True,30
large113_fair,mlp,1,331,30,-19.0,True,30
large113_fair,mlp,1,332,30,-19.0,True,30
large113_fair,mlp,1,333,30,-19.0,True,30
large113_fair,mlp,1,334,45,-34.0,True,30
large113_fair,mlp,1,335,30,-19.0,True,30
large113_fair,mlp,1,336,30,-19.0,True,30
large113_fair,mlp,1,337,35,-24.0,True,30
large113_fair,mlp,1,338,30,-19.0,True,30
large113_fair,mlp,1,339,31,-20.0,True,30
large113_fair,mlp,1,340,30,-19.0,True,30
large113_fair,mlp,1,341,31,-20.0,True,30
large113_fair,mlp,1,342,31,-20.0,True,30
large113_fair,mlp,1,343,30,-19.0,True,30
large113_fair,mlp,1,344,32,-21.0,True,30
large113_fair,mlp,1,345,32,-21.0,True,30
large113_fair,mlp,1,346,30,-19.0,True,30
large113_fair,mlp,1,347,30,-19.0,True,30
large113_fair,mlp,1,348,30,-19.0,True,30
large113_fair,mlp,1,349,30,-19.0,True,30
large113_fair,mlp,1,350,38,-27.0,True,30
large113_fair,mlp,1,351,30,-19.0,True,30
large113_fair,mlp,1,352,62,-51.0,True,30
large113_fair,mlp,1,353,39,-28.0,True,30
large113_fair,mlp,1,354,41,-30.0,True,30
large113_fair,mlp,1,355,30,-19.0,True,30
large113_fair,mlp,1,356,44,-33.0,True,30
large113_fair,mlp,1,357,35,-24.0,True,30
large113_fair,mlp,1,358,35,-24.0,True,30
large113_fair,mlp,1,359,35,-24.0,True,30
large113_fair,mlp,1,360,30,-19.0,True,30
large113_fair,mlp,1,361,30,-19.0,True,30
large113_fair,mlp,1,362,31,-20.0,True,30
large113_fair,mlp,1,363,30,-19.0,True,30
large113_fair,mlp,1,364,30,-19.0,True,30
large113_fair,mlp,1,365,30,-19.0,True,30
large113_fair,mlp,1,366,30,-19.0,True,30
large113_fair,mlp,1,367,38,-27.0,True,30
large113_fair,mlp,1,368,31,-20.0,True,30
large113_fair,mlp,1,369,32,-21.0,True,30
large113_fair,mlp,1,370,30,-19.0,True,30
large113_fair,mlp,1,371,30,-19.0,True,30
large113_fair,mlp,1,372,73,-62.0,True,30
large113_fair,mlp,1,373,65,-54.0,True,30
large113_fair,mlp,1,374,46,-35.0,True,30
large113_fair,mlp,1,375,30,-19.0,True,30
large113_fair,mlp,1,376,42,-31.0,True,30
large113_fair,mlp,1,377,31,-20.0,True,30
large113_fair,mlp,1,378,39,-28.0,True,30
large113_fair,mlp,1,379,30,-19.0,True,30
large113_fair,mlp,1,380,30,-19.0,True,30
large113_fair,mlp,1,381,30,-19.0,True,30
large113_fair,mlp,1,382,30,-19.0,True,30
large113_fair,mlp,1,383,30,-19.0,True,30
large113_fair,mlp,1,384,30,-19.0,True,30
large113_fair,mlp,1,385,30,-19.0,True,30
large113_fair,mlp,1,386,30,-19.0,True,30
large113_fair,mlp,1,387,30,-19.0,True,30
large113_fair,mlp,1,388,30,-19.0,True,30
large113_fair,mlp,1,389,30,-19.0,True,30
large113_fair,mlp,1,390,31,-20.0,True,30
large113_fair,mlp,1,391,31,-20.0,True,30
large113_fair,mlp,1,392,35,-24.0,True,30
large113_fair,mlp,1,393,30,-19.0,True,30
large113_fair,mlp,1,394,36,-25.0,True,30
large113_fair,mlp,1,395,30,-19.0,True,30
large113_fair,mlp,1,396,30,-19.0,True,30
large113_fair,mlp,1,397,36,-25.0,True,30
large113_fair,mlp,1,398,30,-19.0,True,30
large113_fair,mlp,1,399,32,-21.0,True,30
large113_fair,qlearning,2,0,350,-350.0,False,30
large113_fair,qlearning,2,1,350,-350.0,False,30
large113_fair,qlearning,2,2,286,-275.0,True,30
large113_fair,qlearning,2,3,37,-26.0,True,30
large113_fair,qlearning,2,4,31,-20.0,True,30
large113_fair,qlearning,2,5,31,-20.0,True,30
large113_fair,qlearning,2,6,34,-23.0,True,30
large113_fair,qlearning,2,7,60,-49.0,True,30
large113_fair,qlearning,2,8,32,-21.0,True,30
large113_fair,qlearning,2,9,31,-20.0,True,30
large113_fair,qlearning,2,10,52,-41.0,True,30
large113_fair,qlearning,2,11,30,-19.0,True,30
large113_fair,qlearning,2,12,33,-22.0,True,30
large113_fair,qlearning,2,13,37,-26.0,True,30
large113_fair,qlearning,2,14,30,-19.0,True,30
large113_fair,qlearning,2,15,42,-31.0,True,30
large113_fair,qlearning,2,16,32,-21.0,True,30
large113_fair,qlearning,2,17,33,-22.0,True,30
large113_fair,qlearning,2,18,30,-19.0,True,30
large113_fair,qlearning,2,19,31,-20.0,True,30
large113_fair,qlearning,2,20,30,-19.0,True,30
large113_fair,qlearning,2,21,30,-19.0,True,30
large113_fair,qlearning,2,22,31,-20.0,True,30
large113_fair,qlearning,2,23,30,-19.0,True,30
large113_fair,qlearning,2,24,30,-19.0,True,30
large113_fair,qlearning,2,25,30,-19.0,True,30
large113_fair,qlearning,2,26,32,-21.0,True,30
large113_fair,qlearning,2,27,30,-19.0,True,30
large113_fair,qlearning,2,28,32,-21.0,True,30
large113_fair,qlearning,2,29,30,-19.0,True,30
large113_fair,qlearning,2,30,30,-19.0,True,30
large113_fair,qlearning,2,31,32,-21.0,True,30
large113_fair,qlearning,2,32,32,-21.0,True,30
large113_fair,qlearning,2,33,34,-23.0,True,30
large113_fair,qlearning,2,34,32,-21.0,True,30
large113_fair,qlearning,2,35,31,-20.0,True,30
large113_fair,qlearning,2,36,31,-20.0,True,30
large113_fair,qlearning,2,37,31,-20.0,True,30
large113_fair,qlearning,2,38,30,-19.0,True,30
large113_fair,qlearning,2,39,33,-22.0,True,30
large113_fair,qlearning,2,40,30,-19.0,True,30
large113_fair,qlearning,2,41,31,-20.0,True,30
large113_fair,qlearning,2,42,35,-24.0,True,30
large113_fair,qlearning,2,43,30,-19.0,True,30
large113_fair,qlearning,2,44,30,-19.0,True,30
large113_fair,qlearning,2,45,32,-21.0,True,30
large113_fair,qlearning,2,46,31,-20.0,True,30
large113_fair,qlearning,2,47,33,-22.0,True,30
large113_fair,qlearning,2,48,34,-23.0,True,30
large113_fair,qlearning,2,49,34,-23.0,True,30
large113_fair,qlearning,2,50,31,-20.0,True,30
large113_fair,qlearning,2,51,30,-19.0,True,30
large113_fair,qlearning,2,52,30,-19.0,True,30
large113_fair,qlearning,2,53,30,-19.0,True,30
large113_fair,qlearning,2,54,32,-21.0,True,30
large113_fair,qlearning,2,55,31,-20.0,True,30
large113_fair,qlearning,2,56,30,-19.0,True,30
large113_fair,qlearning,2,57,33,-22.0,True,30
large113_fair,qlearning,2,58,31,-20.0,True,30
large113_fair,qlearning,2,59,32,-21.0,True,30
large113_fair,qlearning,2,60,30,-19.0,True,30
large113_fair,qlearning,2,61,32,-21.0,True,30
large113_fair,qlearning,2,62,32,-21.0,True,30
large113_fair,qlearning,2,63,30,-19.0,True,30
large113_fair,qlearning,2,64,30,-19.0,True,30
large113_fair,qlearning,2,65,30,-19.0,True,30
large113_fair,qlearning,2,66,30,-19.0,True,30
large113_fair,qlearning,2,67,33,-22.0,True,30
large113_fair,qlearning,2,68,31,-20.0,True,30
large113_fair,qlearning,2,69,30,-19.0,True,30
large113_fair,qlearning,2,70,30,-19.0,True,30
large113_fair,qlearning,2,71,30,-19.0,True,30
large113_fair,qlearning,2,72,30,-19.0,True,30
large113_fair,qlearning,2,73,30,-19.0,True,30
large113_fair,qlearning,2,74,30,-19.0,True,30
large113_fair,qlearning,2,75,31,-20.0,True,30
large113_fair,qlearning,2,76,30,-19.0,True,30
large113_fair,qlearning,2,77,30,-19.0,True,30
large113_fair,qlearning,2,78,30,-19.0,True,30
large113_fair,qlearning,2,79,30,-19.0,True,30
large113_fair,qlearning,2,80,30,-19.0,True,30
large113_fair,qlearning,2,81,30,-19.0,True,30
large113_fair,qlearning,2,82,32,-21.0,True,30
large113_fair,qlearning,2,83,30,-19.0,True,30
large113_fair,qlearning,2,84,30,-19.0,True,30
large113_fair,qlearning,2,85,30,-19.0,True,30
large113_fair,qlearning,2,86,31,-20.0,True,30
large113_fair,qlearning,2,87,30,-19.0,True,30
large113_fair,qlearning,2,88,31,-20.0,True,30
large113_fair,qlearning,2,89,32,-21.0,True,30
large113_fair,qlearning,2,90,31,-20.0,True,30
large113_fair,qlearning,2,91,30,-19.0,True,30
large113_fair,qlearning,2,92,30,-19.0,True,30
large113_fair,qlearning,2,93,32,-21.0,True,30
large113_fair,qlearning,2,94,30,-19.0,True,30
large113_fair,qlearning,2,95,30,-19.0,True,30
large113_fair,qlearning,2,96,30,-19.0,True,30
large113_fair,qlearning,2,97,31,-20.0,True,30
large113_fair,qlearning,2,98,30,-19.0,True,30
large113_fair,qlearning,2,99,30,-19.0,True,30
large113_fair,qlearning,2,100,30,-19.0,True,30
large113_fair,qlearning,2,101,33,-22.0,True,30
large113_fair,qlearning,2,102,30,-19.0,True,30
large113_fair,qlearning,2,103,30,-19.0,True,30
large113_fair,qlearning,2,104,30,-19.0,True,30
large113_fair,qlearning,2,105,32,-21.0,True,30
large113_fair,qlearning,2,106,30,-19.0,True,30
large113_fair,qlearning,2,107,31,-20.0,True,30
large113_fair,qlearning,2,108,30,-19.0,True,30
large113_fair,qlearning,2,109,30,-19.0,True,30
large113_fair,qlearning,2,110,30,-19.0,True,30
large113_fair,qlearning,2,111,30,-19.0,True,30
large113_fair,qlearning,2,112,30,-19.0,True,30
large113_fair,qlearning,2,113,30,-19.0,True,30
large113_fair,qlearning,2,114,31,-20.0,True,30
large113_fair,qlearning,2,115,32,-21.0,True,30
large113_fair,qlearning,2,116,30,-19.0,True,30
large113_fair,qlearning,2,117,30,-19.0,True,30
large113_fair,qlearning,2,118,30,-19.0,True,30
large113_fair,qlearning,2,119,30,-19.0,True,30
large113_fair,qlearning,2,120,30,-19.0,True,30
large113_fair,qlearning,2,121,31,-20.0,True,30
large113_fair,qlearning,2,122,32,-21.0,True,30
large113_fair,qlearning,2,123,30,-19.0,True,30
large113_fair,qlearning,2,124,30,-19.0,True,30
large113_fair,qlearning,2,125,32,-21.0,True,30
large113_fair,qlearning,2,126,30,-19.0,True,30
large113_fair,qlearning,2,127,30,-19.0,True,30
large113_fair,qlearning,2,128,30,-19.0,True,30
large113_fair,qlearning,2,129,30,-19.0,True,30
large113_fair,qlearning,2,130,30,-19.0,True,30
large113_fair,qlearning,2,131,30,-19.0,True,30
large113_fair,qlearning,2,132,31,-20.0,True,30
large113_fair,qlearning,2,133,30,-19.0,True,30
large113_fair,qlearning,2,134,30,-19.0,True,30
large113_fair,qlearning,2,135,30,-19.0,True,30
large113_fair,qlearning,2,136,30,-19.0,True,30
large113_fair,qlearning,2,137,30,-19.0,True,30
large113_fair,qlearning,2,138,33,-22.0,True,30
large113_fair,qlearning,2,139,30,-19.0,True,30
large113_fair,qlearning,2,140,30,-19.0,True,30
large113_fair,qlearning,2,141,30,-19.0,True,30
large113_fair,qlearning,2,142,31,-20.0,True,30
large113_fair,qlearning,2,143,30,-19.0,True,30
large113_fair,qlearning,2,144,31,-20.0,True,30
large113_fair,qlearning,2,145,30,-19.0,True,30
large113_fair,qlearning,2,146,30,-19.0,True,30
large113_fair,qlearning,2,147,30,-19.0,True,30
large113_fair,qlearning,2,148,30,-19.0,True,30
large113_fair,qlearning,2,149,30,-19.0,True,30
large113_fair,qlearning,2,150,30,-19.0,True,30
large113_fair,qlearning,2,151,30,-19.0,True,30
large113_fair,qlearning,2,152,30,-19.0,True,30
large113_fair,qlearning,2,153,30,-19.0,True,30
large113_fair,qlearning,2,154,30,-19.0,True,30
large113_fair,qlearning,2,155,30,-19.0,True,30
large113_fair,qlearning,2,156,30,-19.0,True,30
large113_fair,qlearning,2,157,32,-21.0,True,30
large113_fair,qlearning,2,158,31,-20.0,True,30
large113_fair,qlearning,2,159,31,-20.0,True,30
large113_fair,qlearning,2,160,30,-19.0,True,30
large113_fair,qlearning,2,161,30,-19.0,True,30
large113_fair,qlearning,2,162,30,-19.0,True,30
large113_fair,qlearning,2,163,30,-19.0,True,30
large113_fair,qlearning,2,164,31,-20.0,True,30
large113_fair,qlearning,2,165,30,-19.0,True,30
large113_fair,qlearning,2,166,30,-19.0,True,30
large113_fair,qlearning,2,167,32,-21.0,True,30
large113_fair,qlearning,2,168,31,-20.0,True,30
large113_fair,qlearning,2,169,30,-19.0,True,30
large113_fair,qlearning,2,170,30,-19.0,True,30
large113_fair,qlearning,2,171,30,-19.0,True,30
large113_fair,qlearning,2,172,30,-19.0,True,30
large113_fair,qlearning,2,173,30,-19.0,True,30
large113_fair,qlearning,2,174,30,-19.0,True,30
large113_fair,qlearning,2,175,32,-21.0,True,30
large113_fair,qlearning,2,176,30,-19.0,True,30
large113_fair,qlearning,2,177,30,-19.0,True,30
large113_fair,qlearning,2,178,30,-19.0,True,30
large113_fair,qlearning,2,179,32,-21.0,True,30
large113_fair,qlearning,2,180,30,-19.0,True,30
large113_fair,qlearning,2,181,30,-19.0,True,30
large113_fair,qlearning,2,182,30,-19.0,True,30
large113_fair,qlearning,2,183,30,-19.0,True,30
large113_fair,qlearning,2,184,34,-23.0,True,30
large113_fair,qlearning,2,185,30,-19.0,True,30
large113_fair,qlearning,2,186,30,-19.0,True,30
large113_fair,qlearning,2,187,34,-23.0,True,30
large113_fair,qlearning,2,188,30,-19.0,True,30
large113_fair,qlearning,2,189,30,-19.0,True,30
large113_fair,qlearning,2,190,31,-20.0,True,30
large113_fair,qlearning,2,191,30,-19.0,True,30
large113_fair,qlearning,2,192,30,-19.0,True,30
large113_fair,qlearning,2,193,31,-20.0,True,30
large113_fair,qlearning,2,194,30,-19.0,True,30
large113_fair,qlearning,2,195,30,-19.0,True,30
large113_fair,qlearning,2,196,32,-21.0,True,30
large113_fair,qlearning,2,197,30,-19.0,True,30
large113_fair,qlearning,2,198,42,-31.0,True,30
large113_fair,qlearning,2,199,32,-21.0,True,30
large113_fair,qlearning,2,200,30,-19.0,True,30
large113_fair,qlearning,2,201,30,-19.0,True,30
large113_fair,qlearning,2,202,30,-19.0,True,30
large113_fair,qlearning,2,203,30,-19.0,True,30
large113_fair,qlearning,2,204,30,-19.0,True,30
large113_fair,qlearning,2,205,30,-19.0,True,30
large113_fair,qlearning,2,206,30,-19.0,True,30
large113_fair,qlearning,2,207,30,-19.0,True,30
large113_fair,qlearning,2,208,30,-19.0,True,30
large113_fair,qlearning,2,209,30,-19.0,True,30
large113_fair,qlearning,2,210,30,-19.0,True,30
large113_fair,qlearning,2,211,32,-21.0,True,30
large113_fair,qlearning,2,212,30,-19.0,True,30
large113_fair,qlearning,2,213,32,-21.0,True,30
large113_fair,qlearning,2,214,30,-19.0,True,30
large113_fair,qlearning,2,215,30,-19.0,True,30
large113_fair,qlearning,2,216,30,-19.0,True,30
large113_fair,qlearning,2,217,30,-19.0,True,30
large113_fair,qlearning,2,218,30,-19.0,True,30
large113_fair,qlearning,2,219,30,-19.0,True,30
large113_fair,qlearning,2,220,30,-19.0,True,30
large113_fair,qlearning,2,221,30,-19.0,True,30
large113_fair,qlearning,2,222,30,-19.0,True,30
large113_fair,qlearning,2,223,31,-20.0,True,30
large113_fair,qlearning,2,224,30,-19.0,True,30
large113_fair,qlearning,2,225,30,-19.0,True,30
large113_fair,qlearning,2,226,30,-19.0,True,30
large113_fair,qlearning,2,227,30,-19.0,True,30
large113_fair,qlearning,2,228,30,-19.0,True,30
large113_fair,qlearning,2,229,30,-19.0,True,30
large113_fair,qlearning,2,230,30,-19.0,True,30
large113_fair,qlearning,2,231,30,-19.0,True,30
large113_fair,qlearning,2,232,32,-21.0,True,30
large113_fair,qlearning,2,233,30,-19.0,True,30
large113_fair,qlearning,2,234,30,-19.0,True,30
large113_fair,qlearning,2,235,30,-19.0,True,30
large113_fair,qlearning,2,236,30,-19.0,True,30
large113_fair,qlearning,2,237,30,-19.0,True,30
large113_fair,qlearning,2,238,30,-19.0,True,30
large113_fair,qlearning,2,239,30,-19.0,True,30
large113_fair,qlearning,2,240,32,-21.0,True,30
large113_fair,qlearning,2,241,30,-19.0,True,30
large113_fair,qlearning,2,242,30,-19.0,True,30
large113_fair,qlearning,2,243,30,-19.0,True,30
large113_fair,qlearning,2,244,30,-19.0,True,30
large113_fair,qlearning,2,245,30,-19.0,True,30
large113_fair,qlearning,2,246,30,-19.0,True,30
large113_fair,qlearning,2,247,30,-19.0,True,30
large113_fair,qlearning,2,248,30,-19.0,True,30
large113_fair,qlearning,2,249,30,-19.0,True,30
large113_fair,qlearning,2,250,30,-19.0,True,30
large113_fair,qlearning,2,251,32,-21.0,True,30
large113_fair,qlearning,2,252,31,-20.0,True,30
large113_fair,qlearning,2,253,30,-19.0,True,30
large113_fair,qlearning,2,254,30,-19.0,True,30
large113_fair,qlearning,2,255,30,-19.0,True,30
large113_fair,qlearning,2,256,31,-20.0,True,30
large113_fair,qlearning,2,257,33,-22.0,True,30
large113_fair,qlearning,2,258,30,-19.0,True,30
large113_fair,qlearning,2,259,30,-19.0,True,30
large113_fair,qlearning,2,260,30,-19.0,True,30
large113_fair,qlearning,2,261,30,-19.0,True,30
large113_fair,qlearning,2,262,30,-19.0,True,30
large113_fair,qlearning,2,263,30,-19.0,True,30
large113_fair,qlearning,2,264,30,-19.0,True,30
large113_fair,qlearning,2,265,30,-19.0,True,30
large113_fair,qlearning,2,266,32,-21.0,True,30
large113_fair,qlearning,2,267,33,-22.0,True,30
large113_fair,qlearning,2,268,30,-19.0,True,30
large113_fair,qlearning,2,269,30,-19.0,True,30
large113_fair,qlearning,2,270,31,-20.0,True,30
large113_fair,qlearning,2,271,30,-19.0,True,30
large113_fair,qlearning,2,272,30,-19.0,True,30
large113_fair,qlearning,2,273,30,-19.0,True,30
large113_fair,qlearning,2,274,30,-19.0,True,30
large113_fair,qlearning,2,275,30,-19.0,True,30
large113_fair,qlearning,2,276,30,-19.0,True,30
large113_fair,qlearning,2,277,30,-19.0,True,30
large113_fair,qlearning,2,278,30,-19.0,True,30
large113_fair,qlearning,2,279,30,-19.0,True,30
large113_fair,qlearning,2,280,32,-21.0,True,30
large113_fair,qlearning,2,281,31,-20.0,True,30
large113_fair,qlearning,2,282,30,-19.0,True,30
large113_fair,qlearning,2,283,32,-21.0,True,30
large113_fair,qlearning,2,284,31,-20.0,True,30
large113_fair,qlearning,2,285,31,-20.0,True,30
large113_fair,qlearning,2,286,31,-20.0,True,30
large113_fair,qlearning,2,287,30,-19.0,True,30
large113_fair,qlearning,2,288,32,-21.0,True,30
large113_fair,qlearning,2,289,30,-19.0,True,30
large113_fair,qlearning,2,290,30,-19.0,True,30
large113_fair,qlearning,2,291,30,-19.0,True,30
large113_fair,qlearning,2,292,30,-19.0,True,30
large113_fair,qlearning,2,293,30,-19.0,True,30
large113_fair,qlearning,2,294,30,-19.0,True,30
large113_fair,qlearning,2,295,32,-21.0,True,30
large113_fair,qlearning,2,296,30,-19.0,True,30
large113_fair,qlearning,2,297,30,-19.0,True,30
large113_fair,qlearning,2,298,30,-19.0,True,30
large113_fair,qlearning,2,299,30,-19.0,True,30
large113_fair,qlearning,2,300,30,-19.0,True,30
large113_fair,qlearning,2,301,30,-19.0,True,30
large113_fair,qlearning,2,302,32,-21.0,True,30
large113_fair,qlearning,2,303,30,-19.0,True,30
large113_fair,qlearning,2,304,30,-19.0,True,30
large113_fair,qlearning,2,305,52,-41.0,True,30
large113_fair,qlearning,2,306,30,-19.0,True,30
large113_fair,qlearning,2,307,33,-22.0,True,30
large113_fair,qlearning,2,308,30,-19.0,True,30
large113_fair,qlearning,2,309,32,-21.0,True,30
large113_fair,qlearning,2,310,30,-19.0,True,30
large113_fair,qlearning,2,311,32,-21.0,True,30
large113_fair,qlearning,2,312,32,-21.0,True,30
large113_fair,qlearning,2,313,30,-19.0,True,30
large113_fair,qlearning,2,314,30,-19.0,True,30
large113_fair,qlearning,2,315,30,-19.0,True,30
large113_fair,qlearning,2,316,30,-19.0,True,30
large113_fair,qlearning,2,317,30,-19.0,True,30
large113_fair,qlearning,2,318,30,-19.0,True,30
large113_fair,qlearning,2,319,30,-19.0,True,30
large113_fair,qlearning,2,320,30,-19.0,True,30
large113_fair,qlearning,2,321,30,-19.0,True,30
large113_fair,qlearning,2,322,30,-19.0,True,30
large113_fair,qlearning,2,323,30,-19.0,True,30
large113_fair,qlearning,2,324,30,-19.0,True,30
large113_fair,qlearning,2,325,30,-19.0,True,30
large113_fair,qlearning,2,326,30,-19.0,True,30
large113_fair,qlearning,2,327,30,-19.0,True,30
large113_fair,qlearning,2,328,30,-19.0,True,30
large113_fair,qlearning,2,329,30,-19.0,True,30
large113_fair,qlearning,2,330,30,-19.0,True,30
large113_fair,qlearning,2,331,31,-20.0,True,30
large113_fair,qlearning,2,332,52,-41.0,True,30
large113_fair,qlearning,2,333,31,-20.0,True,30
large113_fair,qlearning,2,334,30,-19.0,True,30
large113_fair,qlearning,2,335,30,-19.0,True,30
large113_fair,qlearning,2,336,30,-19.0,True,30
large113_fair,qlearning,2,337,30,-19.0,True,30
large113_fair,qlearning,2,338,30,-19.0,True,30
large113_fair,qlearning,2,339,31,-20.0,True,30
large113_fair,qlearning,2,340,30,-19.0,True,30
large113_fair,qlearning,2,341,31,-20.0,True,30
large113_fair,qlearning,2,342,30,-19.0,True,30
large113_fair,qlearning,2,343,32,-21.0,True,30
large113_fair,qlearning,2,344,30,-19.0,True,30
large113_fair,qlearning,2,345,31,-20.0,True,30
large113_fair,qlearning,2,346,30,-19.0,True,30
large113_fair,qlearning,2,347,31,-20.0,True,30
large113_fair,qlearning,2,348,32,-21.0,True,30
large113_fair,qlearning,2,349,31,-20.0,True,30
large113_fair,qlearning,2,350,30,-19.0,True,30
large113_fair,qlearning,2,351,30,-19.0,True,30
large113_fair,qlearning,2,352,30,-19.0,True,30
large113_fair,qlearning,2,353,30,-19.0,True,30
large113_fair,qlearning,2,354,30,-19.0,True,30
large113_fair,qlearning,2,355,30,-19.0,True,30
large113_fair,qlearning,2,356,30,-19.0,True,30
large113_fair,qlearning,2,357,30,-19.0,True,30
large113_fair,qlearning,2,358,30,-19.0,True,30
large113_fair,qlearning,2,359,31,-20.0,True,30
large113_fair,qlearning,2,360,30,-19.0,True,30
large113_fair,qlearning,2,361,30,-19.0,True,30
large113_fair,qlearning,2,362,30,-19.0,True,30
large113_fair,qlearning,2,363,31,-20.0,True,30
large113_fair,qlearning,2,364,31,-20.0,True,30
large113_fair,qlearning,2,365,30,-19.0,True,30
large113_fair,qlearning,2,366,32,-21.0,True,30
large113_fair,qlearning,2,367,30,-19.0,True,30
large113_fair,qlearning,2,368,30,-19.0,True,30
large113_fair,qlearning,2,369,30,-19.0,True,30
large113_fair,qlearning,2,370,32,-21.0,True,30
large113_fair,qlearning,2,371,30,-19.0,True,30
large113_fair,qlearning,2,372,30,-19.0,True,30
large113_fair,qlearning,2,373,30,-19.0,True,30
large113_fair,qlearning,2,374,30,-19.0,True,30
large113_fair,qlearning,2,375,30,-19.0,True,30
large113_fair,qlearning,2,376,30,-19.0,True,30
large113_fair,qlearning,2,377,31,-20.0,True,30
large113_fair,qlearning,2,378,30,-19.0,True,30
large113_fair,qlearning,2,379,30,-19.0,True,30
large113_fair,qlearning,2,380,32,-21.0,True,30
large113_fair,qlearning,2,381,30,-19.0,True,30
large113_fair,qlearning,2,382,30,-19.0,True,30
large113_fair,qlearning,2,383,30,-19.0,True,30
large113_fair,qlearning,2,384,30,-19.0,True,30
large113_fair,qlearning,2,385,30,-19.0,True,30
large113_fair,qlearning,2,386,30,-19.0,True,30
large113_fair,qlearning,2,387,30,-19.0,True,30
large113_fair,qlearning,2,388,31,-20.0,True,30
large113_fair,qlearning,2,389,30,-19.0,True,30
large113_fair,qlearning,2,390,30,-19.0,True,30
large113_fair,qlearning,2,391,30,-19.0,True,30
large113_fair,qlearning,2,392,32,-21.0,True,30
large113_fair,qlearning,2,393,30,-19.0,True,30
large113_fair,qlearning,2,394,30,-19.0,True,30
large113_fair,qlearning,2,395,30,-19.0,True,30
large113_fair,qlearning,2,396,30,-19.0,True,30
large113_fair,qlearning,2,397,30,-19.0,True,30
large113_fair,qlearning,2,398,30,-19.0,True,30
large113_fair,qlearning,2,399,30,-19.0,True,30
large113_fair,mlp,2,0,350,-350.0,False,30
large113_fair,mlp,2,1,350,-350.0,False,30
large113_fair,mlp,2,2,350,-350.0,False,30
large113_fair,mlp,2,3,350,-350.0,False,30
large113_fair,mlp,2,4,350,-350.0,False,30
large113_fair,mlp,2,5,350,-350.0,False,30
large113_fair,mlp,2,6,350,-350.0,False,30
large113_fair,mlp,2,7,350,-350.0,False,30
large113_fair,mlp,2,8,350,-350.0,False,30
large113_fair,mlp,2,9,350,-350.0,False,30
large113_fair,mlp,2,10,350,-350.0,False,30
large113_fair,mlp,2,11,350,-350.0,False,30
large113_fair,mlp,2,12,350,-350.0,False,30
large113_fair,mlp,2,13,350,-350.0,False,30
large113_fair,mlp,2,14,350,-350.0,False,30
large113_fair,mlp,2,15,350,-350.0,False,30
large113_fair,mlp,2,16,350,-350.0,False,30
large113_fair,mlp,2,17,350,-350.0,False,30
large113_fair,mlp,2,18,350,-350.0,False,30
large113_fair,mlp,2,19,350,-350.0,False,30
large113_fair,mlp,2,20,269,-258.0,True,30
large113_fair,mlp,2,21,350,-350.0,False,30
large113_fair,mlp,2,22,350,-350.0,False,30
large113_fair,mlp,2,23,350,-350.0,False,30
large113_fair,mlp,2,24,350,-350.0,False,30
large113_fair,mlp,2,25,321,-310.0,True,30
large113_fair,mlp,2,26,193,-182.0,True,30
large113_fair,mlp,2,27,105,-94.0,True,30
large113_fair,mlp,2,28,350,-350.0,False,30
large113_fair,mlp,2,29,76,-65.0,True,30
large113_fair,mlp,2,30,122,-111.0,True,30
large113_fair,mlp,2,31,93,-82.0,True,30
large113_fair,mlp,2,32,65,-54.0,True,30
large113_fair,mlp,2,33,47,-36.0,True,30
large113_fair,mlp,2,34,65,-54.0,True,30
large113_fair,mlp,2,35,123,-112.0,True,30
large113_fair,mlp,2,36,45,-34.0,True,30
large113_fair,mlp,2,37,78,-67.0,True,30
large113_fair,mlp,2,38,32,-21.0,True,30
large113_fair,mlp,2,39,44,-33.0,True,30
large113_fair,mlp,2,40,33,-22.0,True,30
large113_fair,mlp,2,41,36,-25.0,True,30
large113_fair,mlp,2,42,38,-27.0,True,30
large113_fair,mlp,2,43,38,-27.0,True,30
large113_fair,mlp,2,44,34,-23.0,True,30
large113_fair,mlp,2,45,50,-39.0,True,30
large113_fair,mlp,2,46,31,-20.0,True,30
large113_fair,mlp,2,47,58,-47.0,True,30
large113_fair,mlp,2,48,31,-20.0,True,30
large113_fair,mlp,2,49,293,-282.0,True,30
large113_fair,mlp,2,50,33,-22.0,True,30
large113_fair,mlp,2,51,46,-35.0,True,30
large113_fair,mlp,2,52,48,-37.0,True,30
large113_fair,mlp,2,53,35,-24.0,True,30
large113_fair,mlp,2,54,30,-19.0,True,30
large113_fair,mlp,2,55,44,-33.0,True,30
large113_fair,mlp,2,56,30,-19.0,True,30
large113_fair,mlp,2,57,31,-20.0,True,30
large113_fair,mlp,2,58,39,-28.0,True,30
large113_fair,mlp,2,59,33,-22.0,True,30
large113_fair,mlp,2,60,32,-21.0,True,30
large113_fair,mlp,2,61,62,-51.0,True,30
large113_fair,mlp,2,62,32,-21.0,True,30
large113_fair,mlp,2,63,43,-32.0,True,30
large113_fair,mlp,2,64,36,-25.0,True,30
large113_fair,mlp,2,65,33,-22.0,True,30
large113_fair,mlp,2,66,33,-22.0,True,30
large113_fair,mlp,2,67,33,-22.0,True,30
large113_fair,mlp,2,68,45,-34.0,True,30
large113_fair,mlp,2,69,50,-39.0,True,30
large113_fair,mlp,2,70,44,-33.0,True,30
large113_fair,mlp,2,71,40,-29.0,True,30
large113_fair,mlp,2,72,31,-20.0,True,30
large113_fair,mlp,2,73,32,-21.0,True,30
large113_fair,mlp,2,74,35,-24.0,True,30
large113_fair,mlp,2,75,35,-24.0,True,30
large113_fair,mlp,2,76,30,-19.0,True,30
large113_fair,mlp,2,77,30,-19.0,True,30
large113_fair,mlp,2,78,30,-19.0,True,30
large113_fair,mlp,2,79,36,-25.0,True,30
large113_fair,mlp,2,80,30,-19.0,True,30
large113_fair,mlp,2,81,35,-24.0,True,30
large113_fair,mlp,2,82,40,-29.0,True,30
large113_fair,mlp,2,83,31,-20.0,True,30
large113_fair,mlp,2,84,30,-19.0,True,30
large113_fair,mlp,2,85,30,-19.0,True,30
large113_fair,mlp,2,86,30,-19.0,True,30
large113_fair,mlp,2,87,30,-19.0,True,30
large113_fair,mlp,2,88,36,-25.0,True,30
large113_fair,mlp,2,89,35,-24.0,True,30
large113_fair,mlp,2,90,33,-22.0,True,30
large113_fair,mlp,2,91,30,-19.0,True,30
large113_fair,mlp,2,92,30,-19.0,True,30
large113_fair,mlp,2,93,30,-19.0,True,30
large113_fair,mlp,2,94,74,-63.0,True,30
large113_fair,mlp,2,95,45,-34.0,True,30
large113_fair,mlp,2,96,37,-26.0,True,30
large113_fair,mlp,2,97,30,-19.0,True,30
large113_fair,mlp,2,98,36,-25.0,True,30
large113_fair,mlp,2,99,41,-30.0,True,30
large113_fair,mlp,2,100,30,-19.0,True,30
large113_fair,mlp,2,101,30,-19.0,True,30
large113_fair,mlp,2,102,30,-19.0,True,30
large113_fair,mlp,2,103,30,-19.0,True,30
large113_fair,mlp,2,104,30,-19.0,True,30
large113_fair,mlp,2,105,30,-19.0,True,30
large113_fair,mlp,2,106,30,-19.0,True,30
large113_fair,mlp,2,107,30,-19.0,True,30
large113_fair,mlp,2,108,31,-20.0,True,30
large113_fair,mlp,2,109,30,-19.0,True,30
large113_fair,mlp,2,110,44,-33.0,True,30
large113_fair,mlp,2,111,30,-19.0,True,30
large113_fair,mlp,2,112,42,-31.0,True,30
large113_fair,mlp,2,113,43,-32.0,True,30
large113_fair,mlp,2,114,30,-19.0,True,30
large113_fair,mlp,2,115,31,-20.0,True,30
large113_fair,mlp,2,116,30,-19.0,True,30
large113_fair,mlp,2,117,30,-19.0,True,30
large113_fair,mlp,2,118,36,-25.0,True,30
large113_fair,mlp,2,119,30,-19.0,True,30
large113_fair,mlp,2,120,30,-19.0,True,30
large113_fair,mlp,2,121,30,-19.0,True,30
large113_fair,mlp,2,122,30,-19.0,True,30
large113_fair,mlp,2,123,30,-19.0,True,30
large113_fair,mlp,2,124,35,-24.0,True,30
large113_fair,mlp,2,125,30,-19.0,True,30
large113_fair,mlp,2,126,30,-19.0,True,30
large113_fair,mlp,2,127,30,-19.0,True,30
large113_fair,mlp,2,128,30,-19.0,True,30
large113_fair,mlp,2,129,32,-21.0,True,30
large113_fair,mlp,2,130,31,-20.0,True,30
large113_fair,mlp,2,131,30,-19.0,True,30
large113_fair,mlp,2,132,30,-19.0,True,30
large113_fair,mlp,2,133,30,-19.0,True,30
large113_fair,mlp,2,134,30,-19.0,True,30
large113_fair,mlp,2,135,30,-19.0,True,30
large113_fair,mlp,2,136,30,-19.0,True,30
large113_fair,mlp,2,137,32,-21.0,True,30
large113_fair,mlp,2,138,33,-22.0,True,30
large113_fair,mlp,2,139,35,-24.0,True,30
large113_fair,mlp,2,140,30,-19.0,True,30
large113_fair,mlp,2,141,38,-27.0,True,30
large113_fair,mlp,2,142,34,-23.0,True,30
large113_fair,mlp,2,143,30,-19.0,True,30
large113_fair,mlp,2,144,30,-19.0,True,30
large113_fair,mlp,2,145,31,-20.0,True,30
large113_fair,mlp,2,146,45,-34.0,True,30
large113_fair,mlp,2,147,32,-21.0,True,30
large113_fair,mlp,2,148,33,-22.0,True,30
large113_fair,mlp,2,149,30,-19.0,True,30
large113_fair,mlp,2,150,30,-19.0,True,30
large113_fair,mlp,2,151,30,-19.0,True,30
large113_fair,mlp,2,152,30,-19.0,True,30
large113_fair,mlp,2,153,33,-22.0,True,30
large113_fair,mlp,2,154,30,-19.0,True,30
large113_fair,mlp,2,155,30,-19.0,True,30
large113_fair,mlp,2,156,30,-19.0,True,30
large113_fair,mlp,2,157,30,-19.0,True,30
large113_fair,mlp,2,158,30,-19.0,True,30
large113_fair,mlp,2,159,31,-20.0,True,30
large113_fair,mlp,2,160,31,-20.0,True,30
large113_fair,mlp,2,161,30,-19.0,True,30
large113_fair,mlp,2,162,30,-19.0,True,30
large113_fair,mlp,2,163,30,-19.0,True,30
large113_fair,mlp,2,164,30,-19.0,True,30
large113_fair,mlp,2,165,30,-19.0,True,30
large113_fair,mlp,2,166,32,-21.0,True,30
large113_fair,mlp,2,167,30,-19.0,True,30
large113_fair,mlp,2,168,30,-19.0,True,30
large113_fair,mlp,2,169,30,-19.0,True,30
large113_fair,mlp,2,170,35,-24.0,True,30
large113_fair,mlp,2,171,46,-35.0,True,30
large113_fair,mlp,2,172,31,-20.0,True,30
large113_fair,mlp,2,173,30,-19.0,True,30
large113_fair,mlp,2,174,36,-25.0,True,30
large113_fair,mlp,2,175,30,-19.0,True,30
large113_fair,mlp,2,176,38,-27.0,True,30
large113_fair,mlp,2,177,34,-23.0,True,30
large113_fair,mlp,2,178,30,-19.0,True,30
large113_fair,mlp,2,179,30,-19.0,True,30
large113_fair,mlp,2,180,34,-23.0,True,30
large113_fair,mlp,2,181,30,-19.0,True,30
large113_fair,mlp,2,182,33,-22.0,True,30
large113_fair,mlp,2,183,46,-35.0,True,30
large113_fair,mlp,2,184,133,-122.0,True,30
large113_fair,mlp,2,185,32,-21.0,True,30
large113_fair,mlp,2,186,31,-20.0,True,30
large113_fair,mlp,2,187,30,-19.0,True,30
large113_fair,mlp,2,188,32,-21.0,True,30
large113_fair,mlp,2,189,32,-21.0,True,30
large113_fair,mlp,2,190,45,-34.0,True,30
large113_fair,mlp,2,191,68,-57.0,True,30
large113_fair,mlp,2,192,30,-19.0,True,30
large113_fair,mlp,2,193,31,-20.0,True,30
large113_fair,mlp,2,194,30,-19.0,True,30
large113_fair,mlp,2,195,31,-20.0,True,30
large113_fair,mlp,2,196,33,-22.0,True,30
large113_fair,mlp,2,197,30,-19.0,True,30
large113_fair,mlp,2,198,31,-20.0,True,30
large113_fair,mlp,2,199,32,-21.0,True,30
large113_fair,mlp,2,200,30,-19.0,True,30
large113_fair,mlp,2,201,30,-19.0,True,30
large113_fair,mlp,2,202,30,-19.0,True,30
large113_fair,mlp,2,203,30,-19.0,True,30
large113_fair,mlp,2,204,30,-19.0,True,30
large113_fair,mlp,2,205,30,-19.0,True,30
large113_fair,mlp,2,206,30,-19.0,True,30
large113_fair,mlp,2,207,30,-19.0,True,30
large113_fair,mlp,2,208,30,-19.0,True,30
large113_fair,mlp,2,209,31,-20.0,True,30
large113_fair,mlp,2,210,31,-20.0,True,30
large113_fair,mlp,2,211,30,-19.0,True,30
large113_fair,mlp,2,212,30,-19.0,True,30
large113_fair,mlp,2,213,30,-19.0,True,30
large113_fair,mlp,2,214,32,-21.0,True,30
large113_fair,mlp,2,215,30,-19.0,True,30
large113_fair,mlp,2,216,30,-19.0,True,30
large113_fair,mlp,2,217,30,-19.0,True,30
large113_fair,mlp,2,218,31,-20.0,True,30
large113_fair,mlp,2,219,30,-19.0,True,30
large113_fair,mlp,2,220,30,-19.0,True,30
large113_fair,mlp,2,221,30,-19.0,True,30
large113_fair,mlp,2,222,30,-19.0,True,30
large113_fair,mlp,2,223,30,-19.0,True,30
large113_fair,mlp,2,224,30,-19.0,True,30
large113_fair,mlp,2,225,30,-19.0,True,30
large113_fair,mlp,2,226,30,-19.0,True,30
large113_fair,mlp,2,227,30,-19.0,True,30
large113_fair,mlp,2,228,30,-19.0,True,30
large113_fair,mlp,2,229,30,-19.0,True,30
large113_fair,mlp,2,230,30,-19.0,True,30
large113_fair,mlp,2,231,30,-19.0,True,30
large113_fair,mlp,2,232,30,-19.0,True,30
large113_fair,mlp,2,233,32,-21.0,True,30
large113_fair,mlp,2,234,30,-19.0,True,30
large113_fair,mlp,2,235,30,-19.0,True,30
large113_fair,mlp,2,236,33,-22.0,True,30
large113_fair,mlp,2,237,36,-25.0,True,30
large113_fair,mlp,2,238,32,-21.0,True,30
large113_fair,mlp,2,239,34,-23.0,True,30
large113_fair,mlp,2,240,30,-19.0,True,30
large113_fair,mlp,2,241,35,-24.0,True,30
large113_fair,mlp,2,242,30,-19.0,True,30
large113_fair,mlp,2,243,30,-19.0,True,30
large113_fair,mlp,2,244,31,-20.0,True,30
large113_fair,mlp,2,245,31,-20.0,True,30
large113_fair,mlp,2,246,53,-42.0,True,30
large113_fair,mlp,2,247,40,-29.0,True,30
large113_fair,mlp,2,248,34,-23.0,True,30
large113_fair,mlp,2,249,57,-46.0,True,30
large113_fair,mlp,2,250,37,-26.0,True,30
large113_fair,mlp,2,251,32,-21.0,True,30
large113_fair,mlp,2,252,31,-20.0,True,30
large113_fair,mlp,2,253,32,-21.0,True,30
large113_fair,mlp,2,254,30,-19.0,True,30
large113_fair,mlp,2,255,30,-19.0,True,30
large113_fair,mlp,2,256,30,-19.0,True,30
large113_fair,mlp,2,257,30,-19.0,True,30
large113_fair,mlp,2,258,30,-19.0,True,30
large113_fair,mlp,2,259,30,-19.0,True,30
large113_fair,mlp,2,260,31,-20.0,True,30
large113_fair,mlp,2,261,30,-19.0,True,30
large113_fair,mlp,2,262,41,-30.0,True,30
large113_fair,mlp,2,263,30,-19.0,True,30
large113_fair,mlp,2,264,30,-19.0,True,30
large113_fair,mlp,2,265,31,-20.0,True,30
large113_fair,mlp,2,266,31,-20.0,True,30
large113_fair,mlp,2,267,30,-19.0,True,30
large113_fair,mlp,2,268,30,-19.0,True,30
large113_fair,mlp,2,269,30,-19.0,True,30
large113_fair,mlp,2,270,30,-19.0,True,30
large113_fair,mlp,2,271,30,-19.0,True,30
large113_fair,mlp,2,272,32,-21.0,True,30
large113_fair,mlp,2,273,30,-19.0,True,30
large113_fair,mlp,2,274,30,-19.0,True,30
large113_fair,mlp,2,275,30,-19.0,True,30
large113_fair,mlp,2,276,30,-19.0,True,30
large113_fair,mlp,2,277,31,-20.0,True,30
large113_fair,mlp,2,278,31,-20.0,True,30
large113_fair,mlp,2,279,30,-19.0,True,30
large113_fair,mlp,2,280,30,-19.0,True,30
large113_fair,mlp,2,281,30,-19.0,True,30
large113_fair,mlp,2,282,30,-19.0,True,30
large113_fair,mlp,2,283,33,-22.0,True,30
large113_fair,mlp,2,284,30,-19.0,True,30
large113_fair,mlp,2,285,30,-19.0,True,30
large113_fair,mlp,2,286,30,-19.0,True,30
large113_fair,mlp,2,287,30,-19.0,True,30
large113_fair,mlp,2,288,38,-27.0,True,30
large113_fair,mlp,2,289,110,-99.0,True,30
large113_fair,mlp,2,290,71,-60.0,True,30
large113_fair,mlp,2,291,35,-24.0,True,30
large113_fair,mlp,2,292,34,-23.0,True,30
large113_fair,mlp,2,293,30,-19.0,True,30
large113_fair,mlp,2,294,30,-19.0,True,30
large113_fair,mlp,2,295,31,-20.0,True,30
large113_fair,mlp,2,296,30,-19.0,True,30
large113_fair,mlp,2,297,30,-19.0,True,30
large113_fair,mlp,2,298,30,-19.0,True,30
large113_fair,mlp,2,299,30,-19.0,True,30
large113_fair,mlp,2,300,30,-19.0,True,30
large113_fair,mlp,2,301,30,-19.0,True,30
large113_fair,mlp,2,302,30,-19.0,True,30
large113_fair,mlp,2,303,30,-19.0,True,30
large113_fair,mlp,2,304,30,-19.0,True,30
large113_fair,mlp,2,305,30,-19.0,True,30
large113_fair,mlp,2,306,30,-19.0,True,30
large113_fair,mlp,2,307,30,-19.0,True,30
large113_fair,mlp,2,308,30,-19.0,True,30
large113_fair,mlp,2,309,30,-19.0,True,30
large113_fair,mlp,2,310,31,-20.0,True,30
large113_fair,mlp,2,311,30,-19.0,True,30
large113_fair,mlp,2,312,30,-19.0,True,30
large113_fair,mlp,2,313,30,-19.0,True,30
large113_fair,mlp,2,314,30,-19.0,True,30
large113_fair,mlp,2,315,30,-19.0,True,30
large113_fair,mlp,2,316,31,-20.0,True,30
large113_fair,mlp,2,317,30,-19.0,True,30
large113_fair,mlp,2,318,30,-19.0,True,30
large113_fair,mlp,2,319,30,-19.0,True,30
large113_fair,mlp,2,320,30,-19.0,True,30
large113_fair,mlp,2,321,30,-19.0,True,30
large113_fair,mlp,2,322,30,-19.0,True,30
large113_fair,mlp,2,323,30,-19.0,True,30
large113_fair,mlp,2,324,31,-20.0,True,30
large113_fair,mlp,2,325,32,-21.0,True,30
large113_fair,mlp,2,326,30,-19.0,True,30
large113_fair,mlp,2,327,30,-19.0,True,30
large113_fair,mlp,2,328,30,-19.0,True,30
large113_fair,mlp,2,329,30,-19.0,True,30
large113_fair,mlp,2,330,30,-19.0,True,30
large113_fair,mlp,2,331,30,-19.0,True,30
large113_fair,mlp,2,332,31,-20.0,True,30
large113_fair,mlp,2,333,30,-19.0,True,30
large113_fair,mlp,2,334,30,-19.0,True,30
large113_fair,mlp,2,335,30,-19.0,True,30
large113_fair,mlp,2,336,30,-19.0,True,30
large113_fair,mlp,2,337,30,-19.0,True,30
large113_fair,mlp,2,338,36,-25.0,True,30
large113_fair,mlp,2,339,31,-20.0,True,30
large113_fair,mlp,2,340,30,-19.0,True,30
large113_fair,mlp,2,341,31,-20.0,True,30
large113_fair,mlp,2,342,30,-19.0,True,30
large113_fair,mlp,2,343,32,-21.0,True,30
large113_fair,mlp,2,344,30,-19.0,True,30
large113_fair,mlp,2,345,30,-19.0,True,30
large113_fair,mlp,2,346,30,-19.0,True,30
large113_fair,mlp,2,347,30,-19.0,True,30
large113_fair,mlp,2,348,37,-26.0,True,30
large113_fair,mlp,2,349,40,-29.0,True,30
large113_fair,mlp,2,350,30,-19.0,True,30
large113_fair,mlp,2,351,30,-19.0,True,30
large113_fair,mlp,2,352,30,-19.0,True,30
large113_fair,mlp,2,353,30,-19.0,True,30
large113_fair,mlp,2,354,30,-19.0,True,30
large113_fair,mlp,2,355,30,-19.0,True,30
large113_fair,mlp,2,356,30,-19.0,True,30
large113_fair,mlp,2,357,30,-19.0,True,30
large113_fair,mlp,2,358,30,-19.0,True,30
large113_fair,mlp,2,359,30,-19.0,True,30
large113_fair,mlp,2,360,31,-20.0,True,30
large113_fair,mlp,2,361,34,-23.0,True,30
large113_fair,mlp,2,362,30,-19.0,True,30
large113_fair,mlp,2,363,30,-19.0,True,30
large113_fair,mlp,2,364,31,-20.0,True,30
large113_fair,mlp,2,365,31,-20.0,True,30
large113_fair,mlp,2,366,30,-19.0,True,30
large113_fair,mlp,2,367,30,-19.0,True,30
large113_fair,mlp,2,368,30,-19.0,True,30
large113_fair,mlp,2,369,30,-19.0,True,30
large113_fair,mlp,2,370,30,-19.0,True,30
large113_fair,mlp,2,371,30,-19.0,True,30
large113_fair,mlp,2,372,30,-19.0,True,30
large113_fair,mlp,2,373,30,-19.0,True,30
large113_fair,mlp,2,374,30,-19.0,True,30
large113_fair,mlp,2,375,30,-19.0,True,30
large113_fair,mlp,2,376,30,-19.0,True,30
large113_fair,mlp,2,377,33,-22.0,True,30
large113_fair,mlp,2,378,30,-19.0,True,30
large113_fair,mlp,2,379,30,-19.0,True,30
large113_fair,mlp,2,380,31,-20.0,True,30
large113_fair,mlp,2,381,31,-20.0,True,30
large113_fair,mlp,2,382,39,-28.0,True,30
large113_fair,mlp,2,383,30,-19.0,True,30
large113_fair,mlp,2,384,35,-24.0,True,30
large113_fair,mlp,2,385,30,-19.0,True,30
large113_fair,mlp,2,386,32,-21.0,True,30
large113_fair,mlp,2,387,30,-19.0,True,30
large113_fair,mlp,2,388,30,-19.0,True,30
large113_fair,mlp,2,389,30,-19.0,True,30
large113_fair,mlp,2,390,30,-19.0,True,30
large113_fair,mlp,2,391,30,-19.0,True,30
large113_fair,mlp,2,392,30,-19.0,True,30
large113_fair,mlp,2,393,159,-148.0,True,30
large113_fair,mlp,2,394,31,-20.0,True,30
large113_fair,mlp,2,395,30,-19.0,True,30
large113_fair,mlp,2,396,31,-20.0,True,30
large113_fair,mlp,2,397,52,-41.0,True,30
large113_fair,mlp,2,398,33,-22.0,True,30
large113_fair,mlp,2,399,30,-19.0,True,30
