maze,agent,seed,episode,policy_acc,cum_trained,cum_skipped
large113_assisted,khot_rank,0,0,0.4821,31,319
large113_assisted,khot_rank,0,1,0.5089,56,644
large113_assisted,khot_rank,0,2,0.5893,78,853
large113_assisted,khot_rank,0,3,0.5804,83,914
large113_assisted,khot_rank,0,4,0.5446,93,1011
large113_assisted,khot_rank,0,5,0.5446,102,1120
large113_assisted,khot_rank,0,6,0.5625,116,1170
large113_assisted,khot_rank,0,7,0.5804,120,1211
large113_assisted,khot_rank,0,8,0.5804,120,1256
large113_assisted,khot_rank,0,9,0.5804,120,1273
large113_assisted,khot_rank,0,10,0.5714,148,1529
large113_assisted,khot_rank,0,11,0.5804,154,1550
large113_assisted,khot_rank,0,12,0.6250,171,1602
large113_assisted,khot_rank,0,13,0.6429,173,1614
large113_assisted,khot_rank,0,14,0.6429,173,1651
large113_assisted,khot_rank,0,15,0.6696,178,1734
large113_assisted,khot_rank,0,16,0.6518,182,1750
large113_assisted,khot_rank,0,17,0.6518,182,1782
large113_assisted,khot_rank,0,18,0.6786,190,1819
large113_assisted,khot_rank,0,19,0.6786,190,1820
large113_assisted,khot_rank,0,20,0.6518,210,1967
large113_assisted,khot_rank,0,21,0.6518,210,1970
large113_assisted,khot_rank,0,22,0.6518,210,1979
large113_assisted,khot_rank,0,23,0.7500,248,2172
large113_assisted,khot_rank,0,24,0.7589,249,2178
large113_assisted,khot_rank,0,25,0.7321,257,2195
large113_assisted,khot_rank,0,26,0.7143,259,2205
large113_assisted,khot_rank,0,27,0.7143,259,2207
large113_assisted,khot_rank,0,28,0.7321,266,2230
large113_assisted,khot_rank,0,29,0.7054,289,2332
large113_assisted,khot_rank,0,30,0.7143,290,2353
large113_assisted,khot_rank,0,31,0.7143,290,2366
large113_assisted,khot_rank,0,32,0.7321,292,2381
large113_assisted,khot_rank,0,33,0.7589,296,2409
large113_assisted,khot_rank,0,34,0.7679,298,2433
large113_assisted,khot_rank,0,35,0.7679,298,2450
large113_assisted,khot_rank,0,36,0.7679,298,2455
large113_assisted,khot_rank,0,37,0.7679,299,2460
large113_assisted,khot_rank,0,38,0.7768,304,2487
large113_assisted,khot_rank,0,39,0.7857,308,2517
large113_assisted,khot_rank,0,40,0.7768,309,2526
large113_assisted,khot_rank,0,41,0.7768,309,2529
large113_assisted,khot_rank,0,42,0.7768,309,2532
large113_assisted,khot_rank,0,43,0.7768,313,2554
large113_assisted,khot_rank,0,44,0.7768,313,2559
large113_assisted,khot_rank,0,45,0.7768,313,2564
large113_assisted,khot_rank,0,46,0.7768,313,2570
large113_assisted,khot_rank,0,47,0.7768,313,2583
large113_assisted,khot_rank,0,48,0.7768,313,2594
large113_assisted,khot_rank,0,49,0.8125,323,2665
large113_assisted,khot_rank,0,50,0.8125,323,2670
large113_assisted,khot_rank,0,51,0.8125,323,2688
large113_assisted,khot_rank,0,52,0.8125,323,2690
large113_assisted,khot_rank,0,53,0.8036,325,2713
large113_assisted,khot_rank,0,54,0.8125,326,2735
large113_assisted,khot_rank,0,55,0.8214,327,2769
large113_assisted,khot_rank,0,56,0.8393,333,2804
large113_assisted,khot_rank,0,57,0.8214,335,2810
large113_assisted,khot_rank,0,58,0.8036,342,2840
large113_assisted,khot_rank,0,59,0.8036,342,2845
large113_assisted,khot_rank,0,60,0.8036,345,2866
large113_assisted,khot_rank,0,61,0.8036,347,2890
large113_assisted,khot_rank,0,62,0.8125,350,2915
large113_assisted,khot_rank,0,63,0.8125,350,2929
large113_assisted,khot_rank,0,64,0.8125,351,2956
large113_assisted,khot_rank,0,65,0.8125,351,2959
large113_assisted,khot_rank,0,66,0.8125,354,2985
large113_assisted,khot_rank,0,67,0.8125,357,3011
large113_assisted,khot_rank,0,68,0.8214,362,3029
large113_assisted,khot_rank,0,69,0.8214,363,3046
large113_assisted,khot_rank,0,70,0.8125,370,3072
large113_assisted,khot_rank,0,71,0.8036,372,3093
large113_assisted,khot_rank,0,72,0.8125,373,3104
large113_assisted,khot_rank,0,73,0.8125,373,3124
large113_assisted,khot_rank,0,74,0.7857,375,3146
large113_assisted,khot_rank,0,75,0.7946,376,3149
large113_assisted,khot_rank,0,76,0.8214,382,3180
large113_assisted,khot_rank,0,77,0.8125,389,3212
large113_assisted,khot_rank,0,78,0.8304,441,3290
large113_assisted,khot_rank,0,79,0.8304,441,3303
large113_assisted,khot_rank,0,80,0.7143,475,3380
large113_assisted,khot_rank,0,81,0.7143,475,3387
large113_assisted,khot_rank,0,82,0.7679,487,3414
large113_assisted,khot_rank,0,83,0.7679,519,3442
large113_assisted,khot_rank,0,84,0.7768,521,3468
large113_assisted,khot_rank,0,85,0.7679,531,3489
large113_assisted,khot_rank,0,86,0.7589,542,3526
large113_assisted,khot_rank,0,87,0.7768,792,3546
large113_assisted,khot_rank,0,88,0.7857,806,3620
large113_assisted,khot_rank,0,89,0.8036,836,3660
large113_assisted,khot_rank,0,90,0.8036,838,3686
large113_assisted,khot_rank,0,91,0.8036,842,3695
large113_assisted,khot_rank,0,92,0.8036,842,3696
large113_assisted,khot_rank,0,93,0.7857,844,3726
large113_assisted,khot_rank,0,94,0.8125,851,3746
large113_assisted,khot_rank,0,95,0.8125,851,3751
large113_assisted,khot_rank,0,96,0.8036,857,3778
large113_assisted,khot_rank,0,97,0.8036,857,3789
large113_assisted,khot_rank,0,98,0.7500,883,3828
large113_assisted,khot_rank,0,99,0.7589,888,3852
large113_assisted,khot_rank,0,100,0.7589,888,3858
large113_assisted,khot_rank,0,101,0.7411,890,3883
large113_assisted,khot_rank,0,102,0.7411,890,3885
large113_assisted,khot_rank,0,103,0.7500,895,3908
large113_assisted,khot_rank,0,104,0.7411,1069,4084
large113_assisted,khot_rank,0,105,0.7411,1069,4086
large113_assisted,khot_rank,0,106,0.7500,1078,4097
large113_assisted,khot_rank,0,107,0.7411,1082,4123
large113_assisted,khot_rank,0,108,0.7321,1087,4133
large113_assisted,khot_rank,0,109,0.7321,1087,4152
large113_assisted,khot_rank,0,110,0.7500,1095,4172
large113_assisted,khot_rank,0,111,0.7679,1097,4199
large113_assisted,khot_rank,0,112,0.7679,1097,4222
large113_assisted,khot_rank,0,113,0.7589,1099,4240
large113_assisted,khot_rank,0,114,0.7679,1275,4414
large113_assisted,khot_rank,0,115,0.7679,1275,4437
large113_assisted,khot_rank,0,116,0.7679,1621,4441
large113_assisted,khot_rank,0,117,0.7321,1623,4454
large113_assisted,khot_rank,0,118,0.7321,1623,4468
large113_assisted,khot_rank,0,119,0.7500,1624,4483
large113_assisted,khot_rank,0,120,0.7500,1624,4499
large113_assisted,khot_rank,0,121,0.7411,1829,4575
large113_assisted,khot_rank,0,122,0.7500,1830,4601
large113_assisted,khot_rank,0,123,0.7500,1830,4607
large113_assisted,khot_rank,0,124,0.7500,1830,4615
large113_assisted,khot_rank,0,125,0.7589,1832,4639
large113_assisted,khot_rank,0,126,0.7589,1833,4655
large113_assisted,khot_rank,0,127,0.7946,1906,4754
large113_assisted,khot_rank,0,128,0.7946,2080,4930
large113_assisted,khot_rank,0,129,0.7857,2085,4949
large113_assisted,khot_rank,0,130,0.7857,2085,4958
large113_assisted,khot_rank,0,131,0.7857,2086,4961
large113_assisted,khot_rank,0,132,0.7857,2086,4973
large113_assisted,khot_rank,0,133,0.7857,2086,4997
large113_assisted,khot_rank,0,134,0.7857,2086,5009
large113_assisted,khot_rank,0,135,0.7857,2086,5021
large113_assisted,khot_rank,0,136,0.7857,2086,5026
large113_assisted,khot_rank,0,137,0.7857,2086,5038
large113_assisted,khot_rank,0,138,0.7857,2086,5043
large113_assisted,khot_rank,0,139,0.7857,2086,5058
large113_assisted,khot_rank,0,140,0.7857,2086,5071
large113_assisted,khot_rank,0,141,0.7857,2086,5087
large113_assisted,khot_rank,0,142,0.8036,2366,5104
large113_assisted,khot_rank,0,143,0.8036,2366,5120
large113_assisted,khot_rank,0,144,0.8036,2366,5134
large113_assisted,khot_rank,0,145,0.8036,2366,5150
large113_assisted,khot_rank,0,146,0.8036,2367,5179
large113_assisted,khot_rank,0,147,0.8036,2367,5195
large113_assisted,khot_rank,0,148,0.8036,2367,5216
large113_assisted,khot_rank,0,149,0.8036,2367,5233
large113_assisted,khot_rank,0,150,0.7857,2546,5404
large113_assisted,khot_rank,0,151,0.7857,2551,5431
large113_assisted,khot_rank,0,152,0.7857,2551,5451
large113_assisted,khot_rank,0,153,0.7857,2551,5475
large113_assisted,khot_rank,0,154,0.7857,2551,5491
large113_assisted,khot_rank,0,155,0.7857,2551,5513
large113_assisted,khot_rank,0,156,0.7946,2621,5602
large113_assisted,khot_rank,0,157,0.7946,2621,5627
large113_assisted,khot_rank,0,158,0.8214,2628,5647
large113_assisted,khot_rank,0,159,0.8304,2793,5827
large113_assisted,khot_rank,0,160,0.8125,2796,5839
large113_assisted,khot_rank,0,161,0.8125,2796,5844
large113_assisted,khot_rank,0,162,0.8125,2796,5845
large113_assisted,khot_rank,0,163,0.8304,2798,5871
large113_assisted,khot_rank,0,164,0.8304,2798,5890
large113_assisted,khot_rank,0,165,0.7946,2975,6063
large113_assisted,khot_rank,0,166,0.7946,2975,6090
large113_assisted,khot_rank,0,167,0.7946,2975,6109
large113_assisted,khot_rank,0,168,0.7946,2975,6119
large113_assisted,khot_rank,0,169,0.7946,2975,6124
large113_assisted,khot_rank,0,170,0.8036,2977,6138
large113_assisted,khot_rank,0,171,0.8036,2977,6165
large113_assisted,khot_rank,0,172,0.7946,2983,6193
large113_assisted,khot_rank,0,173,0.7946,2983,6215
large113_assisted,khot_rank,0,174,0.7768,2987,6243
large113_assisted,khot_rank,0,175,0.7768,2987,6257
large113_assisted,khot_rank,0,176,0.7768,2987,6267
large113_assisted,khot_rank,0,177,0.7768,2987,6284
large113_assisted,khot_rank,0,178,0.7768,2987,6294
large113_assisted,khot_rank,0,179,0.7768,2987,6309
large113_assisted,khot_rank,0,180,0.8036,3336,6310
large113_assisted,khot_rank,0,181,0.8036,3336,6316
large113_assisted,khot_rank,0,182,0.8036,3336,6337
large113_assisted,khot_rank,0,183,0.8036,3336,6341
large113_assisted,khot_rank,0,184,0.8036,3336,6368
large113_assisted,khot_rank,0,185,0.8036,3336,6397
large113_assisted,khot_rank,0,186,0.8036,3336,6410
large113_assisted,khot_rank,0,187,0.8036,3337,6437
large113_assisted,khot_rank,0,188,0.7946,3385,6483
large113_assisted,khot_rank,0,189,0.8036,3451,6571
large113_assisted,khot_rank,0,190,0.8036,3453,6586
large113_assisted,khot_rank,0,191,0.8036,3453,6598
large113_assisted,khot_rank,0,192,0.7946,3793,6608
large113_assisted,khot_rank,0,193,0.7946,3793,6629
large113_assisted,khot_rank,0,194,0.7946,3816,6651
large113_assisted,khot_rank,0,195,0.7946,3816,6663
large113_assisted,khot_rank,0,196,0.7946,3817,6686
large113_assisted,khot_rank,0,197,0.7946,3817,6696
large113_assisted,khot_rank,0,198,0.7946,3817,6720
large113_assisted,khot_rank,0,199,0.7946,3817,6733
large113_assisted,khot_rank,0,200,0.7946,3817,6742
large113_assisted,khot_rank,0,201,0.7946,3817,6759
large113_assisted,khot_rank,0,202,0.7946,3817,6779
large113_assisted,khot_rank,0,203,0.7946,4162,6784
large113_assisted,khot_rank,0,204,0.7946,4180,6808
large113_assisted,khot_rank,0,205,0.8036,4183,6832
large113_assisted,khot_rank,0,206,0.8125,4185,6842
large113_assisted,khot_rank,0,207,0.8214,4186,6867
large113_assisted,khot_rank,0,208,0.8214,4186,6896
large113_assisted,khot_rank,0,209,0.8214,4186,6900
large113_assisted,khot_rank,0,210,0.8214,4359,7077
large113_assisted,khot_rank,0,211,0.8304,4361,7101
large113_assisted,khot_rank,0,212,0.8304,4361,7113
large113_assisted,khot_rank,0,213,0.8304,4361,7126
large113_assisted,khot_rank,0,214,0.8214,4363,7149
large113_assisted,khot_rank,0,215,0.8125,4381,7168
large113_assisted,khot_rank,0,216,0.8125,4381,7187
large113_assisted,khot_rank,0,217,0.8125,4381,7194
large113_assisted,khot_rank,0,218,0.8125,4381,7214
large113_assisted,khot_rank,0,219,0.8125,4418,7233
large113_assisted,khot_rank,0,220,0.8125,4592,7409
large113_assisted,khot_rank,0,221,0.8125,4940,7411
large113_assisted,khot_rank,0,222,0.7946,4942,7423
large113_assisted,khot_rank,0,223,0.7946,4942,7438
large113_assisted,khot_rank,0,224,0.7946,4942,7457
large113_assisted,khot_rank,0,225,0.7946,4942,7480
large113_assisted,khot_rank,0,226,0.7768,5210,7562
large113_assisted,khot_rank,0,227,0.7768,5210,7571
large113_assisted,khot_rank,0,228,0.8125,5546,7585
large113_assisted,khot_rank,0,229,0.8125,5565,7618
large113_assisted,khot_rank,0,230,0.8125,5565,7633
large113_assisted,khot_rank,0,231,0.8125,5565,7644
large113_assisted,khot_rank,0,232,0.8125,5565,7651
large113_assisted,khot_rank,0,233,0.8125,5565,7679
large113_assisted,khot_rank,0,234,0.8125,5565,7703
large113_assisted,khot_rank,0,235,0.8125,5565,7710
large113_assisted,khot_rank,0,236,0.8125,5565,7733
large113_assisted,khot_rank,0,237,0.8125,5565,7744
large113_assisted,khot_rank,0,238,0.8125,5565,7767
large113_assisted,khot_rank,0,239,0.8125,5565,7779
large113_assisted,khot_rank,0,240,0.8036,5566,7801
large113_assisted,khot_rank,0,241,0.8036,5566,7818
large113_assisted,khot_rank,0,242,0.8036,5913,7821
large113_assisted,khot_rank,0,243,0.8036,5913,7826
large113_assisted,khot_rank,0,244,0.8125,5937,7853
large113_assisted,khot_rank,0,245,0.8125,5937,7881
large113_assisted,khot_rank,0,246,0.8214,6281,7887
large113_assisted,khot_rank,0,247,0.8214,6626,7892
large113_assisted,khot_rank,0,248,0.8304,6636,7915
large113_assisted,khot_rank,0,249,0.8482,6789,7935
large113_assisted,khot_rank,0,250,0.8482,7076,7998
large113_assisted,khot_rank,0,251,0.8482,7076,8011
large113_assisted,khot_rank,0,252,0.8482,7080,8031
large113_assisted,khot_rank,0,253,0.8482,7080,8051
large113_assisted,khot_rank,0,254,0.8661,7412,8069
large113_assisted,khot_rank,0,255,0.8750,7608,8092
large113_assisted,khot_rank,0,256,0.8750,7608,8118
large113_assisted,khot_rank,0,257,0.8750,7608,8132
large113_assisted,khot_rank,0,258,0.8750,7608,8158
large113_assisted,khot_rank,0,259,0.8661,7609,8172
large113_assisted,khot_rank,0,260,0.8661,7609,8199
large113_assisted,khot_rank,0,261,0.8661,7958,8200
large113_assisted,khot_rank,0,262,0.8661,8055,8209
large113_assisted,khot_rank,0,263,0.8661,8055,8228
large113_assisted,khot_rank,0,264,0.8661,8055,8230
large113_assisted,khot_rank,0,265,0.8661,8055,8249
large113_assisted,khot_rank,0,266,0.8661,8055,8271
large113_assisted,khot_rank,0,267,0.8661,8055,8287
large113_assisted,khot_rank,0,268,0.8661,8055,8288
large113_assisted,khot_rank,0,269,0.8482,8061,8304
large113_assisted,khot_rank,0,270,0.8482,8061,8322
large113_assisted,khot_rank,0,271,0.8482,8061,8329
large113_assisted,khot_rank,0,272,0.8571,8227,8513
large113_assisted,khot_rank,0,273,0.8571,8227,8531
large113_assisted,khot_rank,0,274,0.8571,8227,8533
large113_assisted,khot_rank,0,275,0.8571,8399,8711
large113_assisted,khot_rank,0,276,0.8571,8562,8898
large113_assisted,khot_rank,0,277,0.8571,8727,9083
large113_assisted,khot_rank,0,278,0.8661,8873,9255
large113_assisted,khot_rank,0,279,0.8661,8873,9281
large113_assisted,khot_rank,0,280,0.8661,8873,9292
large113_assisted,khot_rank,0,281,0.8661,8873,9311
large113_assisted,khot_rank,0,282,0.8393,8960,9425
large113_assisted,khot_rank,0,283,0.8125,9304,9431
large113_assisted,khot_rank,0,284,0.8125,9304,9434
large113_assisted,khot_rank,0,285,0.7946,9308,9452
large113_assisted,khot_rank,0,286,0.8214,9646,9464
large113_assisted,khot_rank,0,287,0.8214,9987,9473
large113_assisted,khot_rank,0,288,0.8304,10011,9494
large113_assisted,khot_rank,0,289,0.8304,10011,9503
large113_assisted,khot_rank,0,290,0.8214,10357,9507
large113_assisted,khot_rank,0,291,0.8214,10357,9524
large113_assisted,khot_rank,0,292,0.8214,10357,9527
large113_assisted,khot_rank,0,293,0.8125,10666,9556
large113_assisted,khot_rank,0,294,0.8125,10685,9579
large113_assisted,khot_rank,0,295,0.8125,10687,9606
large113_assisted,khot_rank,0,296,0.8125,10687,9614
large113_assisted,khot_rank,0,297,0.8125,10687,9616
large113_assisted,khot_rank,0,298,0.8125,10687,9623
large113_assisted,khot_rank,0,299,0.8125,10687,9647
large113_assisted,khot_rank,0,300,0.8125,10687,9648
large113_assisted,khot_rank,0,301,0.8125,10687,9674
large113_assisted,khot_rank,0,302,0.8125,10860,9851
large113_assisted,khot_rank,0,303,0.8125,10860,9866
large113_assisted,khot_rank,0,304,0.7946,11178,9898
large113_assisted,khot_rank,0,305,0.8036,11184,9924
large113_assisted,khot_rank,0,306,0.8036,11357,10101
large113_assisted,khot_rank,0,307,0.8036,11357,10126
large113_assisted,khot_rank,0,308,0.8125,11526,10307
large113_assisted,khot_rank,0,309,0.8214,11527,10332
large113_assisted,khot_rank,0,310,0.8214,11527,10346
large113_assisted,khot_rank,0,311,0.8214,11593,10374
large113_assisted,khot_rank,0,312,0.8214,11707,10391
large113_assisted,khot_rank,0,313,0.8214,11707,10418
large113_assisted,khot_rank,0,314,0.8304,11880,10595
large113_assisted,khot_rank,0,315,0.8304,12052,10773
large113_assisted,khot_rank,0,316,0.8304,12227,10948
large113_assisted,khot_rank,0,317,0.8304,12227,10974
large113_assisted,khot_rank,0,318,0.8304,12227,10980
large113_assisted,khot_rank,0,319,0.8304,12227,10987
large113_assisted,khot_rank,0,320,0.8304,12227,10992
large113_assisted,khot_rank,0,321,0.8304,12227,10999
large113_assisted,khot_rank,0,322,0.8304,12227,11022
large113_assisted,khot_rank,0,323,0.8304,12227,11026
large113_assisted,khot_rank,0,324,0.8125,12573,11030
large113_assisted,khot_rank,0,325,0.8125,12914,11039
large113_assisted,khot_rank,0,326,0.8125,13262,11041
large113_assisted,khot_rank,0,327,0.8125,13262,11045
large113_assisted,khot_rank,0,328,0.8125,13435,11222
large113_assisted,khot_rank,0,329,0.8304,13783,11224
large113_assisted,khot_rank,0,330,0.8304,13788,11237
large113_assisted,khot_rank,0,331,0.8214,14134,11241
large113_assisted,khot_rank,0,332,0.8393,14473,11252
large113_assisted,khot_rank,0,333,0.8304,14535,11276
large113_assisted,khot_rank,0,334,0.8304,14883,11278
large113_assisted,khot_rank,0,335,0.8214,14884,11300
large113_assisted,khot_rank,0,336,0.8214,15233,11301
large113_assisted,khot_rank,0,337,0.8214,15233,11328
large113_assisted,khot_rank,0,338,0.8304,15438,11346
large113_assisted,khot_rank,0,339,0.8304,15782,11352
large113_assisted,khot_rank,0,340,0.8304,15782,11354
large113_assisted,khot_rank,0,341,0.8304,15955,11531
large113_assisted,khot_rank,0,342,0.8304,15955,11542
large113_assisted,khot_rank,0,343,0.8393,15956,11569
large113_assisted,khot_rank,0,344,0.8393,15956,11580
large113_assisted,khot_rank,0,345,0.8393,16078,11593
large113_assisted,khot_rank,0,346,0.8393,16078,11610
large113_assisted,khot_rank,0,347,0.8393,16078,11621
large113_assisted,khot_rank,0,348,0.8304,16081,11643
large113_assisted,khot_rank,0,349,0.8214,16155,11674
large113_assisted,khot_rank,0,350,0.8125,16329,11850
large113_assisted,khot_rank,0,351,0.8125,16329,11875
large113_assisted,khot_rank,0,352,0.8125,16329,11901
large113_assisted,khot_rank,0,353,0.8214,16442,12044
large113_assisted,khot_rank,0,354,0.8214,16442,12061
large113_assisted,khot_rank,0,355,0.8214,16442,12086
large113_assisted,khot_rank,0,356,0.8214,16442,12094
large113_assisted,khot_rank,0,357,0.8214,16612,12274
large113_assisted,khot_rank,0,358,0.8214,16786,12450
large113_assisted,khot_rank,0,359,0.8214,16928,12465
large113_assisted,khot_rank,0,360,0.8214,16928,12476
large113_assisted,khot_rank,0,361,0.8214,16976,12496
large113_assisted,khot_rank,0,362,0.8214,16976,12519
large113_assisted,khot_rank,0,363,0.8214,16976,12543
large113_assisted,khot_rank,0,364,0.8214,16976,12547
large113_assisted,khot_rank,0,365,0.8304,17320,12553
large113_assisted,khot_rank,0,366,0.8304,17320,12577
large113_assisted,khot_rank,0,367,0.8304,17320,12595
large113_assisted,khot_rank,0,368,0.8304,17494,12771
large113_assisted,khot_rank,0,369,0.8304,17494,12782
large113_assisted,khot_rank,0,370,0.8304,17494,12808
large113_assisted,khot_rank,0,371,0.8304,17842,12810
large113_assisted,khot_rank,0,372,0.8304,17842,12835
large113_assisted,khot_rank,0,373,0.8304,18014,13013
large113_assisted,khot_rank,0,374,0.8304,18014,13020
large113_assisted,khot_rank,0,375,0.8304,18014,13041
large113_assisted,khot_rank,0,376,0.8304,18111,13172
large113_assisted,khot_rank,0,377,0.8304,18111,13194
large113_assisted,khot_rank,0,378,0.8304,18111,13201
large113_assisted,khot_rank,0,379,0.8304,18111,13230
large113_assisted,khot_rank,0,380,0.8304,18283,13408
large113_assisted,khot_rank,0,381,0.8304,18624,13417
large113_assisted,khot_rank,0,382,0.8304,18707,13433
large113_assisted,khot_rank,0,383,0.8304,18707,13461
large113_assisted,khot_rank,0,384,0.8304,18707,13464
large113_assisted,khot_rank,0,385,0.8304,18707,13470
large113_assisted,khot_rank,0,386,0.8304,18707,13493
large113_assisted,khot_rank,0,387,0.8304,18707,13503
large113_assisted,khot_rank,0,388,0.8304,18707,13525
large113_assisted,khot_rank,0,389,0.8482,18883,13540
large113_assisted,khot_rank,0,390,0.8482,18883,13546
large113_assisted,khot_rank,0,391,0.8482,19057,13722
large113_assisted,khot_rank,0,392,0.8482,19057,13737
large113_assisted,khot_rank,0,393,0.8482,19227,13917
large113_assisted,khot_rank,0,394,0.8482,19227,13932
large113_assisted,khot_rank,0,395,0.8482,19227,13959
large113_assisted,khot_rank,0,396,0.8393,19397,14139
large113_assisted,khot_rank,0,397,0.8393,19397,14149
large113_assisted,khot_rank,0,398,0.8304,19399,14161
large113_assisted,khot_rank,0,399,0.8304,19399,14183
large113_assisted,khot_error,0,0,0.4464,41,309
large113_assisted,khot_error,0,1,0.5000,75,625
large113_assisted,khot_error,0,2,0.5357,95,836
large113_assisted,khot_error,0,3,0.5804,106,937
large113_assisted,khot_error,0,4,0.5536,116,1034
large113_assisted,khot_error,0,5,0.6161,128,1136
large113_assisted,khot_error,0,6,0.6071,137,1164
large113_assisted,khot_error,0,7,0.6071,137,1192
large113_assisted,khot_error,0,8,0.5982,138,1239
large113_assisted,khot_error,0,9,0.5893,140,1277
large113_assisted,khot_error,0,10,0.5625,171,1596
large113_assisted,khot_error,0,11,0.5357,179,1655
large113_assisted,khot_error,0,12,0.5982,189,1995
large113_assisted,khot_error,0,13,0.5804,191,2008
large113_assisted,khot_error,0,14,0.6696,209,2279
large113_assisted,khot_error,0,15,0.7411,226,2542
large113_assisted,khot_error,0,16,0.6875,234,2608
large113_assisted,khot_error,0,17,0.7054,239,2664
large113_assisted,khot_error,0,18,0.7321,248,2786
large113_assisted,khot_error,0,19,0.7321,248,2787
large113_assisted,khot_error,0,20,0.7768,271,3049
large113_assisted,khot_error,0,21,0.7768,271,3053
large113_assisted,khot_error,0,22,0.7768,272,3061
large113_assisted,khot_error,0,23,0.7500,294,3210
large113_assisted,khot_error,0,24,0.7500,294,3216
large113_assisted,khot_error,0,25,0.7679,303,3234
large113_assisted,khot_error,0,26,0.7768,305,3246
large113_assisted,khot_error,0,27,0.7768,305,3250
large113_assisted,khot_error,0,28,0.7857,308,3272
large113_assisted,khot_error,0,29,0.8214,316,3366
large113_assisted,khot_error,0,30,0.8304,317,3385
large113_assisted,khot_error,0,31,0.8304,317,3398
large113_assisted,khot_error,0,32,0.8304,317,3414
large113_assisted,khot_error,0,33,0.8304,317,3446
large113_assisted,khot_error,0,34,0.8304,317,3473
large113_assisted,khot_error,0,35,0.8304,317,3489
large113_assisted,khot_error,0,36,0.8304,317,3494
large113_assisted,khot_error,0,37,0.8304,317,3500
large113_assisted,khot_error,0,38,0.8125,320,3608
large113_assisted,khot_error,0,39,0.8125,321,3633
large113_assisted,khot_error,0,40,0.8125,321,3643
large113_assisted,khot_error,0,41,0.8125,321,3646
large113_assisted,khot_error,0,42,0.8125,321,3649
large113_assisted,khot_error,0,43,0.7946,326,3668
large113_assisted,khot_error,0,44,0.7946,326,3673
large113_assisted,khot_error,0,45,0.7946,326,3678
large113_assisted,khot_error,0,46,0.7946,326,3680
large113_assisted,khot_error,0,47,0.7946,326,3693
large113_assisted,khot_error,0,48,0.7946,326,3704
large113_assisted,khot_error,0,49,0.8125,334,3779
large113_assisted,khot_error,0,50,0.8125,334,3784
large113_assisted,khot_error,0,51,0.8125,337,3796
large113_assisted,khot_error,0,52,0.8125,337,3798
large113_assisted,khot_error,0,53,0.7946,339,3823
large113_assisted,khot_error,0,54,0.7946,339,3845
large113_assisted,khot_error,0,55,0.7857,340,3877
large113_assisted,khot_error,0,56,0.7857,341,3907
large113_assisted,khot_error,0,57,0.7946,343,3916
large113_assisted,khot_error,0,58,0.8125,346,3942
large113_assisted,khot_error,0,59,0.8125,346,3947
large113_assisted,khot_error,0,60,0.8214,347,3966
large113_assisted,khot_error,0,61,0.8214,347,3989
large113_assisted,khot_error,0,62,0.8214,347,4013
large113_assisted,khot_error,0,63,0.8214,347,4025
large113_assisted,khot_error,0,64,0.8214,347,4052
large113_assisted,khot_error,0,65,0.8214,347,4055
large113_assisted,khot_error,0,66,0.8214,347,4081
large113_assisted,khot_error,0,67,0.8214,347,4103
large113_assisted,khot_error,0,68,0.8214,352,4264
large113_assisted,khot_error,0,69,0.8304,354,4281
large113_assisted,khot_error,0,70,0.8304,359,4435
large113_assisted,khot_error,0,71,0.8304,359,4458
large113_assisted,khot_error,0,72,0.8304,361,4464
large113_assisted,khot_error,0,73,0.8304,361,4485
large113_assisted,khot_error,0,74,0.8304,361,4507
large113_assisted,khot_error,0,75,0.8304,361,4510
large113_assisted,khot_error,0,76,0.8304,361,4538
large113_assisted,khot_error,0,77,0.8304,361,4564
large113_assisted,khot_error,0,78,0.8304,361,4592
large113_assisted,khot_error,0,79,0.8304,361,4604
large113_assisted,khot_error,0,80,0.7411,377,4938
large113_assisted,khot_error,0,81,0.7411,377,4945
large113_assisted,khot_error,0,82,0.7679,380,4967
large113_assisted,khot_error,0,83,0.7946,384,5000
large113_assisted,khot_error,0,84,0.7946,384,5026
large113_assisted,khot_error,0,85,0.7768,385,5375
large113_assisted,khot_error,0,86,0.7768,385,5405
large113_assisted,khot_error,0,87,0.8125,389,5426
large113_assisted,khot_error,0,88,0.8214,395,5546
large113_assisted,khot_error,0,89,0.8393,403,5888
large113_assisted,khot_error,0,90,0.8482,404,5914
large113_assisted,khot_error,0,91,0.8393,408,5920
large113_assisted,khot_error,0,92,0.8393,408,5921
large113_assisted,khot_error,0,93,0.8304,413,5964
large113_assisted,khot_error,0,94,0.8304,417,6310
large113_assisted,khot_error,0,95,0.8304,417,6315
large113_assisted,khot_error,0,96,0.8214,420,6340
large113_assisted,khot_error,0,97,0.8214,420,6351
large113_assisted,khot_error,0,98,0.8393,425,6429
large113_assisted,khot_error,0,99,0.8393,425,6454
large113_assisted,khot_error,0,100,0.8393,425,6460
large113_assisted,khot_error,0,101,0.8393,425,6810
large113_assisted,khot_error,0,102,0.8393,425,6812
large113_assisted,khot_error,0,103,0.8482,426,6833
large113_assisted,khot_error,0,104,0.8393,427,6855
large113_assisted,khot_error,0,105,0.8393,427,6857
large113_assisted,khot_error,0,106,0.8393,427,7207
large113_assisted,khot_error,0,107,0.8839,431,7232
large113_assisted,khot_error,0,108,0.8839,431,7240
large113_assisted,khot_error,0,109,0.8839,431,7259
large113_assisted,khot_error,0,110,0.8839,435,7605
large113_assisted,khot_error,0,111,0.8839,435,7632
large113_assisted,khot_error,0,112,0.8839,435,7655
large113_assisted,khot_error,0,113,0.8839,435,8005
large113_assisted,khot_error,0,114,0.8839,435,8026
large113_assisted,khot_error,0,115,0.8839,435,8049
large113_assisted,khot_error,0,116,0.8839,435,8069
large113_assisted,khot_error,0,117,0.8839,435,8419
large113_assisted,khot_error,0,118,0.8839,435,8433
large113_assisted,khot_error,0,119,0.8839,435,8783
large113_assisted,khot_error,0,120,0.8839,436,8974
large113_assisted,khot_error,0,121,0.8839,436,8997
large113_assisted,khot_error,0,122,0.8839,436,9023
large113_assisted,khot_error,0,123,0.8839,436,9373
large113_assisted,khot_error,0,124,0.8839,437,9527
large113_assisted,khot_error,0,125,0.8839,437,9877
large113_assisted,khot_error,0,126,0.8839,437,9893
large113_assisted,khot_error,0,127,0.8839,437,9922
large113_assisted,khot_error,0,128,0.8839,437,9945
large113_assisted,khot_error,0,129,0.8750,438,10294
large113_assisted,khot_error,0,130,0.8750,438,10644
large113_assisted,khot_error,0,131,0.8750,438,10647
large113_assisted,khot_error,0,132,0.8750,439,10686
large113_assisted,khot_error,0,133,0.8750,439,10710
large113_assisted,khot_error,0,134,0.8750,439,10722
large113_assisted,khot_error,0,135,0.8750,439,10734
large113_assisted,khot_error,0,136,0.8750,439,10739
large113_assisted,khot_error,0,137,0.8750,439,10751
large113_assisted,khot_error,0,138,0.8750,439,10756
large113_assisted,khot_error,0,139,0.8929,441,11104
large113_assisted,khot_error,0,140,0.8929,441,11117
large113_assisted,khot_error,0,141,0.8929,441,11133
large113_assisted,khot_error,0,142,0.9018,444,11480
large113_assisted,khot_error,0,143,0.9018,444,11494
large113_assisted,khot_error,0,144,0.9018,444,11508
large113_assisted,khot_error,0,145,0.9018,444,11524
large113_assisted,khot_error,0,146,0.9107,446,11554
large113_assisted,khot_error,0,147,0.9107,446,11570
large113_assisted,khot_error,0,148,0.9107,446,11591
large113_assisted,khot_error,0,149,0.9107,446,11608
large113_assisted,khot_error,0,150,0.9196,448,11932
large113_assisted,khot_error,0,151,0.9196,448,11962
large113_assisted,khot_error,0,152,0.9196,448,11981
large113_assisted,khot_error,0,153,0.9196,448,12005
large113_assisted,khot_error,0,154,0.9196,448,12019
large113_assisted,khot_error,0,155,0.9107,449,12368
large113_assisted,khot_error,0,156,0.9107,449,12396
large113_assisted,khot_error,0,157,0.9107,449,12421
large113_assisted,khot_error,0,158,0.9018,450,12727
large113_assisted,khot_error,0,159,0.9018,452,12748
large113_assisted,khot_error,0,160,0.9018,452,12760
large113_assisted,khot_error,0,161,0.9018,452,12765
large113_assisted,khot_error,0,162,0.9018,452,12766
large113_assisted,khot_error,0,163,0.9018,452,12792
large113_assisted,khot_error,0,164,0.9018,452,12811
large113_assisted,khot_error,0,165,0.9018,453,12819
large113_assisted,khot_error,0,166,0.9018,454,12846
large113_assisted,khot_error,0,167,0.9018,454,12865
large113_assisted,khot_error,0,168,0.9018,454,12875
large113_assisted,khot_error,0,169,0.9018,454,12880
large113_assisted,khot_error,0,170,0.8839,458,12895
large113_assisted,khot_error,0,171,0.9018,459,12921
large113_assisted,khot_error,0,172,0.9018,459,12949
large113_assisted,khot_error,0,173,0.9018,459,12971
large113_assisted,khot_error,0,174,0.8839,462,13318
large113_assisted,khot_error,0,175,0.8839,463,13332
large113_assisted,khot_error,0,176,0.8839,463,13342
large113_assisted,khot_error,0,177,0.8839,463,13359
large113_assisted,khot_error,0,178,0.8839,463,13369
large113_assisted,khot_error,0,179,0.8839,463,13384
large113_assisted,khot_error,0,180,0.8839,463,13401
large113_assisted,khot_error,0,181,0.8839,463,13407
large113_assisted,khot_error,0,182,0.8839,464,13428
large113_assisted,khot_error,0,183,0.8839,464,13432
large113_assisted,khot_error,0,184,0.8839,464,13459
large113_assisted,khot_error,0,185,0.8839,465,13808
large113_assisted,khot_error,0,186,0.8839,465,13821
large113_assisted,khot_error,0,187,0.8839,465,13849
large113_assisted,khot_error,0,188,0.8839,468,13857
large113_assisted,khot_error,0,189,0.8929,469,13887
large113_assisted,khot_error,0,190,0.8929,471,13902
large113_assisted,khot_error,0,191,0.8929,471,13914
large113_assisted,khot_error,0,192,0.8839,473,13923
large113_assisted,khot_error,0,193,0.8839,473,13944
large113_assisted,khot_error,0,194,0.8929,476,13968
large113_assisted,khot_error,0,195,0.8929,476,13980
large113_assisted,khot_error,0,196,0.8929,476,14002
large113_assisted,khot_error,0,197,0.8929,476,14012
large113_assisted,khot_error,0,198,0.8839,479,14034
large113_assisted,khot_error,0,199,0.8839,479,14047
large113_assisted,khot_error,0,200,0.8839,479,14057
large113_assisted,khot_error,0,201,0.8839,479,14074
large113_assisted,khot_error,0,202,0.8839,479,14094
large113_assisted,khot_error,0,203,0.8750,482,14441
large113_assisted,khot_error,0,204,0.9107,486,14625
large113_assisted,khot_error,0,205,0.9196,487,14652
large113_assisted,khot_error,0,206,0.9196,487,14663
large113_assisted,khot_error,0,207,0.9018,489,14688
large113_assisted,khot_error,0,208,0.9018,490,14910
large113_assisted,khot_error,0,209,0.9018,490,14914
large113_assisted,khot_error,0,210,0.9196,491,14943
large113_assisted,khot_error,0,211,0.9196,491,14967
large113_assisted,khot_error,0,212,0.9196,491,14977
large113_assisted,khot_error,0,213,0.9375,492,14990
large113_assisted,khot_error,0,214,0.9375,493,15156
large113_assisted,khot_error,0,215,0.9375,493,15177
large113_assisted,khot_error,0,216,0.9375,493,15196
large113_assisted,khot_error,0,217,0.9375,493,15204
large113_assisted,khot_error,0,218,0.9375,493,15224
large113_assisted,khot_error,0,219,0.9554,498,15240
large113_assisted,khot_error,0,220,0.9554,498,15269
large113_assisted,khot_error,0,221,0.9554,498,15295
large113_assisted,khot_error,0,222,0.9464,499,15308
large113_assisted,khot_error,0,223,0.9464,499,15323
large113_assisted,khot_error,0,224,0.9464,499,15340
large113_assisted,khot_error,0,225,0.9464,499,15362
large113_assisted,khot_error,0,226,0.9464,499,15379
large113_assisted,khot_error,0,227,0.9464,499,15388
large113_assisted,khot_error,0,228,0.9464,499,15415
large113_assisted,khot_error,0,229,0.9464,499,15438
large113_assisted,khot_error,0,230,0.9464,499,15453
large113_assisted,khot_error,0,231,0.9464,499,15464
large113_assisted,khot_error,0,232,0.9464,499,15471
large113_assisted,khot_error,0,233,0.9464,499,15499
large113_assisted,khot_error,0,234,0.9464,499,15523
large113_assisted,khot_error,0,235,0.9464,499,15530
large113_assisted,khot_error,0,236,0.9464,499,15553
large113_assisted,khot_error,0,237,0.9464,499,15564
large113_assisted,khot_error,0,238,0.9464,499,15587
large113_assisted,khot_error,0,239,0.9464,499,15597
large113_assisted,khot_error,0,240,0.9464,499,15620
large113_assisted,khot_error,0,241,0.9464,499,15637
large113_assisted,khot_error,0,242,0.9464,499,15666
large113_assisted,khot_error,0,243,0.9464,499,15671
large113_assisted,khot_error,0,244,0.9464,499,15699
large113_assisted,khot_error,0,245,0.9464,499,15727
large113_assisted,khot_error,0,246,0.9464,499,15740
large113_assisted,khot_error,0,247,0.9464,499,15753
large113_assisted,khot_error,0,248,0.9464,500,15764
large113_assisted,khot_error,0,249,0.9643,507,15782
large113_assisted,khot_error,0,250,0.9643,507,15808
large113_assisted,khot_error,0,251,0.9643,507,15821
large113_assisted,khot_error,0,252,0.9643,507,15845
large113_assisted,khot_error,0,253,0.9643,507,15865
large113_assisted,khot_error,0,254,0.9643,507,15891
large113_assisted,khot_error,0,255,0.9643,507,15910
large113_assisted,khot_error,0,256,0.9643,507,15935
large113_assisted,khot_error,0,257,0.9643,507,15949
large113_assisted,khot_error,0,258,0.9464,508,15975
large113_assisted,khot_error,0,259,0.9464,508,15990
large113_assisted,khot_error,0,260,0.9464,508,16019
large113_assisted,khot_error,0,261,0.9464,508,16040
large113_assisted,khot_error,0,262,0.9464,508,16050
large113_assisted,khot_error,0,263,0.9464,508,16069
large113_assisted,khot_error,0,264,0.9464,508,16071
large113_assisted,khot_error,0,265,0.9464,508,16090
large113_assisted,khot_error,0,266,0.9464,508,16112
large113_assisted,khot_error,0,267,0.9464,508,16128
large113_assisted,khot_error,0,268,0.9464,508,16129
large113_assisted,khot_error,0,269,0.9464,508,16479
large113_assisted,khot_error,0,270,0.9554,510,16797
large113_assisted,khot_error,0,271,0.9554,510,16804
large113_assisted,khot_error,0,272,0.9554,510,16827
large113_assisted,khot_error,0,273,0.9375,511,16846
large113_assisted,khot_error,0,274,0.9375,511,16848
large113_assisted,khot_error,0,275,0.9375,511,16856
large113_assisted,khot_error,0,276,0.9375,512,16880
large113_assisted,khot_error,0,277,0.9375,512,16905
large113_assisted,khot_error,0,278,0.9375,512,16930
large113_assisted,khot_error,0,279,0.9375,512,16956
large113_assisted,khot_error,0,280,0.9375,512,16966
large113_assisted,khot_error,0,281,0.9375,512,16985
large113_assisted,khot_error,0,282,0.9375,512,17014
large113_assisted,khot_error,0,283,0.9286,513,17363
large113_assisted,khot_error,0,284,0.9286,513,17366
large113_assisted,khot_error,0,285,0.9286,513,17386
large113_assisted,khot_error,0,286,0.9375,516,17411
large113_assisted,khot_error,0,287,0.9375,516,17438
large113_assisted,khot_error,0,288,0.9286,517,17460
large113_assisted,khot_error,0,289,0.9286,517,17469
large113_assisted,khot_error,0,290,0.9286,519,17817
large113_assisted,khot_error,0,291,0.9286,519,17834
large113_assisted,khot_error,0,292,0.9286,519,17837
large113_assisted,khot_error,0,293,0.9286,519,17865
large113_assisted,khot_error,0,294,0.9286,519,17888
large113_assisted,khot_error,0,295,0.9375,521,17917
large113_assisted,khot_error,0,296,0.9375,521,17925
large113_assisted,khot_error,0,297,0.9375,521,17927
large113_assisted,khot_error,0,298,0.9375,521,17934
large113_assisted,khot_error,0,299,0.9375,521,17958
large113_assisted,khot_error,0,300,0.9375,521,17959
large113_assisted,khot_error,0,301,0.9375,521,17984
large113_assisted,khot_error,0,302,0.9375,521,17991
large113_assisted,khot_error,0,303,0.9375,521,18006
large113_assisted,khot_error,0,304,0.9196,522,18028
large113_assisted,khot_error,0,305,0.9018,523,18056
large113_assisted,khot_error,0,306,0.8839,524,18405
large113_assisted,khot_error,0,307,0.8839,524,18430
large113_assisted,khot_error,0,308,0.8839,524,18456
large113_assisted,khot_error,0,309,0.9107,525,18482
large113_assisted,khot_error,0,310,0.9107,525,18495
large113_assisted,khot_error,0,311,0.9107,527,18521
large113_assisted,khot_error,0,312,0.9196,531,18535
large113_assisted,khot_error,0,313,0.9196,531,18562
large113_assisted,khot_error,0,314,0.9196,531,18582
large113_assisted,khot_error,0,315,0.9196,531,18604
large113_assisted,khot_error,0,316,0.9286,534,18632
large113_assisted,khot_error,0,317,0.9286,534,18660
large113_assisted,khot_error,0,318,0.9286,534,18666
large113_assisted,khot_error,0,319,0.9286,534,18673
large113_assisted,khot_error,0,320,0.9286,534,18678
large113_assisted,khot_error,0,321,0.9286,534,18685
large113_assisted,khot_error,0,322,0.9286,534,18710
large113_assisted,khot_error,0,323,0.9286,534,18714
large113_assisted,khot_error,0,324,0.9286,534,19064
large113_assisted,khot_error,0,325,0.8929,535,19091
large113_assisted,khot_error,0,326,0.8929,535,19101
large113_assisted,khot_error,0,327,0.8929,535,19105
large113_assisted,khot_error,0,328,0.8929,535,19115
large113_assisted,khot_error,0,329,0.8929,535,19132
large113_assisted,khot_error,0,330,0.9464,539,19143
large113_assisted,khot_error,0,331,0.9196,547,19212
large113_assisted,khot_error,0,332,0.9196,547,19230
large113_assisted,khot_error,0,333,0.9375,553,19253
large113_assisted,khot_error,0,334,0.9196,555,19504
large113_assisted,khot_error,0,335,0.9196,555,19525
large113_assisted,khot_error,0,336,0.9286,557,19541
large113_assisted,khot_error,0,337,0.9286,557,19568
large113_assisted,khot_error,0,338,0.9286,557,19584
large113_assisted,khot_error,0,339,0.9464,559,19613
large113_assisted,khot_error,0,340,0.9464,559,19615
large113_assisted,khot_error,0,341,0.9464,559,19646
large113_assisted,khot_error,0,342,0.9464,559,19655
large113_assisted,khot_error,0,343,0.9464,559,19681
large113_assisted,khot_error,0,344,0.9464,562,19692
large113_assisted,khot_error,0,345,0.9464,562,19704
large113_assisted,khot_error,0,346,0.9464,562,19721
large113_assisted,khot_error,0,347,0.9464,562,19732
large113_assisted,khot_error,0,348,0.9464,562,19756
large113_assisted,khot_error,0,349,0.9375,563,19783
large113_assisted,khot_error,0,350,0.9375,564,19809
large113_assisted,khot_error,0,351,0.9375,564,19834
large113_assisted,khot_error,0,352,0.9375,564,19860
large113_assisted,khot_error,0,353,0.9196,565,19890
large113_assisted,khot_error,0,354,0.9196,565,19907
large113_assisted,khot_error,0,355,0.9196,565,19932
large113_assisted,khot_error,0,356,0.9196,565,19940
large113_assisted,khot_error,0,357,0.9196,569,19961
large113_assisted,khot_error,0,358,0.9286,571,19989
large113_assisted,khot_error,0,359,0.9196,572,20002
large113_assisted,khot_error,0,360,0.9196,572,20013
large113_assisted,khot_error,0,361,0.9196,573,20031
large113_assisted,khot_error,0,362,0.9196,573,20054
large113_assisted,khot_error,0,363,0.9196,573,20081
large113_assisted,khot_error,0,364,0.9196,573,20085
large113_assisted,khot_error,0,365,0.9464,827,20107
large113_assisted,khot_error,0,366,0.9464,827,20133
large113_assisted,khot_error,0,367,0.9464,827,20151
large113_assisted,khot_error,0,368,0.9464,827,20181
large113_assisted,khot_error,0,369,0.9464,827,20192
large113_assisted,khot_error,0,370,0.9464,827,20217
large113_assisted,khot_error,0,371,0.9464,1172,20222
large113_assisted,khot_error,0,372,0.9464,1172,20247
large113_assisted,khot_error,0,373,0.9554,1173,20256
large113_assisted,khot_error,0,374,0.9554,1173,20263
large113_assisted,khot_error,0,375,0.9375,1174,20283
large113_assisted,khot_error,0,376,0.9643,1177,20311
large113_assisted,khot_error,0,377,0.9643,1177,20333
large113_assisted,khot_error,0,378,0.9643,1177,20340
large113_assisted,khot_error,0,379,0.9643,1177,20367
large113_assisted,khot_error,0,380,0.9643,1177,20389
large113_assisted,khot_error,0,381,0.9643,1177,20405
large113_assisted,khot_error,0,382,0.9643,1177,20422
large113_assisted,khot_error,0,383,0.9643,1177,20449
large113_assisted,khot_error,0,384,0.9643,1177,20452
large113_assisted,khot_error,0,385,0.9643,1177,20458
large113_assisted,khot_error,0,386,0.9643,1177,20481
large113_assisted,khot_error,0,387,0.9643,1177,20491
large113_assisted,khot_error,0,388,0.9643,1177,20513
large113_assisted,khot_error,0,389,0.9643,1177,20528
large113_assisted,khot_error,0,390,0.9643,1177,20534
large113_assisted,khot_error,0,391,0.9643,1177,20545
large113_assisted,khot_error,0,392,0.9643,1177,20561
large113_assisted,khot_error,0,393,0.9643,1177,20582
large113_assisted,khot_error,0,394,0.9643,1177,20597
large113_assisted,khot_error,0,395,0.9643,1177,20624
large113_assisted,khot_error,0,396,0.9643,1177,20634
large113_assisted,khot_error,0,397,0.9643,1177,20643
large113_assisted,khot_error,0,398,0.9643,1177,20656
large113_assisted,khot_error,0,399,0.9732,1178,20678
large113_assisted,khot_decay,0,0,0.4375,348,2
large113_assisted,khot_decay,0,1,0.4911,690,10
large113_assisted,khot_decay,0,2,0.5357,935,11
large113_assisted,khot_decay,0,3,0.5714,989,25
large113_assisted,khot_decay,0,4,0.5893,1096,25
large113_assisted,khot_decay,0,5,0.5893,1230,66
large113_assisted,khot_decay,0,6,0.5804,1264,109
large113_assisted,khot_decay,0,7,0.5804,1302,175
large113_assisted,khot_decay,0,8,0.5714,1376,443
large113_assisted,khot_decay,0,9,0.5714,1396,609
large113_assisted,khot_decay,0,10,0.5446,1608,747
large113_assisted,khot_decay,0,11,0.5179,1698,1007
large113_assisted,khot_decay,0,12,0.5268,1835,1220
large113_assisted,khot_decay,0,13,0.5089,1979,1426
large113_assisted,khot_decay,0,14,0.5000,2040,1715
large113_assisted,khot_decay,0,15,0.4643,2197,1908
large113_assisted,khot_decay,0,16,0.4554,2248,2207
large113_assisted,khot_decay,0,17,0.4464,2292,2513
large113_assisted,khot_decay,0,18,0.4375,2385,2770
large113_assisted,khot_decay,0,19,0.4375,2386,2770
large113_assisted,khot_decay,0,20,0.4286,2538,2968
large113_assisted,khot_decay,0,21,0.4286,2541,2969
large113_assisted,khot_decay,0,22,0.4286,2586,3274
large113_assisted,khot_decay,0,23,0.4554,2814,3396
large113_assisted,khot_decay,0,24,0.4554,2834,3570
large113_assisted,khot_decay,0,25,0.4643,2929,3825
large113_assisted,khot_decay,0,26,0.4732,2955,4149
large113_assisted,khot_decay,0,27,0.4732,2990,4464
large113_assisted,khot_decay,0,28,0.4554,3039,4765
large113_assisted,khot_decay,0,29,0.4554,3098,5056
large113_assisted,khot_decay,0,30,0.4464,3142,5362
large113_assisted,khot_decay,0,31,0.4464,3165,5689
large113_assisted,khot_decay,0,32,0.4464,3183,6021
large113_assisted,khot_decay,0,33,0.4464,3214,6340
large113_assisted,khot_decay,0,34,0.4375,3271,6633
large113_assisted,khot_decay,0,35,0.4375,3285,6969
large113_assisted,khot_decay,0,36,0.4375,3300,7304
large113_assisted,khot_decay,0,37,0.4375,3333,7460
large113_assisted,khot_decay,0,38,0.4375,3360,7783
large113_assisted,khot_decay,0,39,0.4375,3379,8114
large113_assisted,khot_decay,0,40,0.4375,3428,8415
large113_assisted,khot_decay,0,41,0.4375,3432,8452
large113_assisted,khot_decay,0,42,0.4464,3489,8745
large113_assisted,khot_decay,0,43,0.4286,3611,8973
large113_assisted,khot_decay,0,44,0.4286,3615,9056
large113_assisted,khot_decay,0,45,0.4286,3636,9326
large113_assisted,khot_decay,0,46,0.4286,3649,9514
large113_assisted,khot_decay,0,47,0.4286,3668,9845
large113_assisted,khot_decay,0,48,0.4286,3699,10164
large113_assisted,khot_decay,0,49,0.4286,3727,10486
large113_assisted,khot_decay,0,50,0.4286,3754,10809
large113_assisted,khot_decay,0,51,0.4286,3785,11128
large113_assisted,khot_decay,0,52,0.4286,3792,11220
large113_assisted,khot_decay,0,53,0.4286,3822,11540
large113_assisted,khot_decay,0,54,0.4286,3864,11848
large113_assisted,khot_decay,0,55,0.4286,3886,12176
large113_assisted,khot_decay,0,56,0.4375,3930,12482
large113_assisted,khot_decay,0,57,0.4375,3954,12808
large113_assisted,khot_decay,0,58,0.4375,3982,13130
large113_assisted,khot_decay,0,59,0.4375,4008,13454
large113_assisted,khot_decay,0,60,0.4286,4034,13778
large113_assisted,khot_decay,0,61,0.4286,4057,14105
large113_assisted,khot_decay,0,62,0.4286,4075,14437
large113_assisted,khot_decay,0,63,0.4196,4100,14762
large113_assisted,khot_decay,0,64,0.4196,4120,15092
large113_assisted,khot_decay,0,65,0.4196,4130,15218
large113_assisted,khot_decay,0,66,0.4196,4151,15547
large113_assisted,khot_decay,0,67,0.4196,4167,15881
large113_assisted,khot_decay,0,68,0.4286,4193,16205
large113_assisted,khot_decay,0,69,0.4286,4212,16536
large113_assisted,khot_decay,0,70,0.4375,4249,16849
large113_assisted,khot_decay,0,71,0.4375,4270,17178
large113_assisted,khot_decay,0,72,0.4375,4295,17503
large113_assisted,khot_decay,0,73,0.4464,4314,17834
large113_assisted,khot_decay,0,74,0.4464,4348,18150
large113_assisted,khot_decay,0,75,0.4464,4363,18316
large113_assisted,khot_decay,0,76,0.4464,4383,18646
large113_assisted,khot_decay,0,77,0.4464,4416,18963
large113_assisted,khot_decay,0,78,0.4464,4436,19293
large113_assisted,khot_decay,0,79,0.4464,4459,19620
large113_assisted,khot_decay,0,80,0.4464,4487,19942
large113_assisted,khot_decay,0,81,0.4464,4509,20270
large113_assisted,khot_decay,0,82,0.4375,4530,20599
large113_assisted,khot_decay,0,83,0.4375,4555,20924
large113_assisted,khot_decay,0,84,0.4375,4575,21254
large113_assisted,khot_decay,0,85,0.4375,4589,21590
large113_assisted,khot_decay,0,86,0.4375,4613,21916
large113_assisted,khot_decay,0,87,0.4375,4636,22243
large113_assisted,khot_decay,0,88,0.4464,4711,22518
large113_assisted,khot_decay,0,89,0.4464,4729,22850
large113_assisted,khot_decay,0,90,0.4464,4752,23177
large113_assisted,khot_decay,0,91,0.4464,4763,23516
large113_assisted,khot_decay,0,92,0.4464,4774,23855
large113_assisted,khot_decay,0,93,0.4464,4796,24183
large113_assisted,khot_decay,0,94,0.4464,4811,24518
large113_assisted,khot_decay,0,95,0.4464,4831,24848
large113_assisted,khot_decay,0,96,0.4464,4855,25174
large113_assisted,khot_decay,0,97,0.4464,4876,25503
large113_assisted,khot_decay,0,98,0.4464,4891,25838
large113_assisted,khot_decay,0,99,0.4464,4912,26167
large113_assisted,khot_decay,0,100,0.4464,4939,26490
large113_assisted,khot_decay,0,101,0.4464,4961,26818
large113_assisted,khot_decay,0,102,0.4464,4984,27145
large113_assisted,khot_decay,0,103,0.4464,4998,27481
large113_assisted,khot_decay,0,104,0.4464,5015,27814
large113_assisted,khot_decay,0,105,0.4464,5026,28003
large113_assisted,khot_decay,0,106,0.4464,5043,28336
large113_assisted,khot_decay,0,107,0.4464,5064,28665
large113_assisted,khot_decay,0,108,0.4464,5079,29000
large113_assisted,khot_decay,0,109,0.4464,5097,29332
large113_assisted,khot_decay,0,110,0.4464,5122,29657
large113_assisted,khot_decay,0,111,0.4464,5137,29992
large113_assisted,khot_decay,0,112,0.4464,5148,30331
large113_assisted,khot_decay,0,113,0.4464,5162,30667
large113_assisted,khot_decay,0,114,0.4464,5186,30993
large113_assisted,khot_decay,0,115,0.4464,5205,31324
large113_assisted,khot_decay,0,116,0.4464,5217,31662
large113_assisted,khot_decay,0,117,0.4464,5236,31993
large113_assisted,khot_decay,0,118,0.4464,5265,32314
large113_assisted,khot_decay,0,119,0.4464,5279,32650
large113_assisted,khot_decay,0,120,0.4464,5309,32970
large113_assisted,khot_decay,0,121,0.4464,5320,33309
large113_assisted,khot_decay,0,122,0.4464,5337,33642
large113_assisted,khot_decay,0,123,0.4464,5361,33968
large113_assisted,khot_decay,0,124,0.4464,5377,34302
large113_assisted,khot_decay,0,125,0.4464,5396,34633
large113_assisted,khot_decay,0,126,0.4464,5418,34961
large113_assisted,khot_decay,0,127,0.4464,5448,35281
large113_assisted,khot_decay,0,128,0.4464,5478,35601
large113_assisted,khot_decay,0,129,0.4464,5495,35934
large113_assisted,khot_decay,0,130,0.4464,5514,36265
large113_assisted,khot_decay,0,131,0.4464,5528,36513
large113_assisted,khot_decay,0,132,0.4464,5554,36837
large113_assisted,khot_decay,0,133,0.4464,5577,37164
large113_assisted,khot_decay,0,134,0.4464,5593,37498
large113_assisted,khot_decay,0,135,0.4464,5612,37829
large113_assisted,khot_decay,0,136,0.4464,5631,38160
large113_assisted,khot_decay,0,137,0.4464,5653,38488
large113_assisted,khot_decay,0,138,0.4464,5670,38821
large113_assisted,khot_decay,0,139,0.4464,5702,39139
large113_assisted,khot_decay,0,140,0.4464,5717,39474
large113_assisted,khot_decay,0,141,0.4464,5737,39804
large113_assisted,khot_decay,0,142,0.4464,5751,40140
large113_assisted,khot_decay,0,143,0.4464,5766,40475
large113_assisted,khot_decay,0,144,0.4464,5783,40808
large113_assisted,khot_decay,0,145,0.4464,5823,41118
large113_assisted,khot_decay,0,146,0.4464,5843,41448
large113_assisted,khot_decay,0,147,0.4464,5862,41779
large113_assisted,khot_decay,0,148,0.4464,5888,42103
large113_assisted,khot_decay,0,149,0.4464,5909,42432
large113_assisted,khot_decay,0,150,0.4464,5925,42766
large113_assisted,khot_decay,0,151,0.4464,5947,43094
large113_assisted,khot_decay,0,152,0.4464,5961,43430
large113_assisted,khot_decay,0,153,0.4464,5984,43757
large113_assisted,khot_decay,0,154,0.4464,6007,44084
large113_assisted,khot_decay,0,155,0.4464,6026,44415
large113_assisted,khot_decay,0,156,0.4464,6046,44745
large113_assisted,khot_decay,0,157,0.4464,6062,45079
large113_assisted,khot_decay,0,158,0.4375,6084,45407
large113_assisted,khot_decay,0,159,0.4375,6109,45732
large113_assisted,khot_decay,0,160,0.4375,6128,46063
large113_assisted,khot_decay,0,161,0.4375,6144,46397
large113_assisted,khot_decay,0,162,0.4375,6145,46397
large113_assisted,khot_decay,0,163,0.4375,6168,46724
large113_assisted,khot_decay,0,164,0.4375,6181,47061
large113_assisted,khot_decay,0,165,0.4375,6203,47389
large113_assisted,khot_decay,0,166,0.4375,6224,47718
large113_assisted,khot_decay,0,167,0.4375,6241,48051
large113_assisted,khot_decay,0,168,0.4375,6259,48383
large113_assisted,khot_decay,0,169,0.4375,6272,48720
large113_assisted,khot_decay,0,170,0.4375,6286,49056
large113_assisted,khot_decay,0,171,0.4375,6318,49374
large113_assisted,khot_decay,0,172,0.4375,6341,49701
large113_assisted,khot_decay,0,173,0.4375,6364,50028
large113_assisted,khot_decay,0,174,0.4375,6388,50354
large113_assisted,khot_decay,0,175,0.4375,6405,50687
large113_assisted,khot_decay,0,176,0.4375,6425,51017
large113_assisted,khot_decay,0,177,0.4375,6451,51341
large113_assisted,khot_decay,0,178,0.4375,6466,51676
large113_assisted,khot_decay,0,179,0.4375,6485,52007
large113_assisted,khot_decay,0,180,0.4375,6504,52338
large113_assisted,khot_decay,0,181,0.4375,6516,52676
large113_assisted,khot_decay,0,182,0.4375,6528,53014
large113_assisted,khot_decay,0,183,0.4375,6543,53349
large113_assisted,khot_decay,0,184,0.4375,6571,53671
large113_assisted,khot_decay,0,185,0.4375,6589,54003
large113_assisted,khot_decay,0,186,0.4375,6607,54335
large113_assisted,khot_decay,0,187,0.4375,6626,54666
large113_assisted,khot_decay,0,188,0.4375,6637,55005
large113_assisted,khot_decay,0,189,0.4375,6655,55337
large113_assisted,khot_decay,0,190,0.4375,6679,55663
large113_assisted,khot_decay,0,191,0.4375,6702,55990
large113_assisted,khot_decay,0,192,0.4375,6732,56310
large113_assisted,khot_decay,0,193,0.4375,6754,56638
large113_assisted,khot_decay,0,194,0.4375,6777,56965
large113_assisted,khot_decay,0,195,0.4375,6798,57294
large113_assisted,khot_decay,0,196,0.4375,6823,57619
large113_assisted,khot_decay,0,197,0.4375,6844,57948
large113_assisted,khot_decay,0,198,0.4375,6866,58276
large113_assisted,khot_decay,0,199,0.4375,6889,58603
large113_assisted,khot_decay,0,200,0.4375,6910,58932
large113_assisted,khot_decay,0,201,0.4375,6935,59257
large113_assisted,khot_decay,0,202,0.4375,6953,59589
large113_assisted,khot_decay,0,203,0.4375,6974,59918
large113_assisted,khot_decay,0,204,0.4375,6987,60255
large113_assisted,khot_decay,0,205,0.4375,7003,60589
large113_assisted,khot_decay,0,206,0.4375,7029,60913
large113_assisted,khot_decay,0,207,0.4375,7050,61242
large113_assisted,khot_decay,0,208,0.4375,7070,61572
large113_assisted,khot_decay,0,209,0.4375,7088,61904
large113_assisted,khot_decay,0,210,0.4375,7109,62233
large113_assisted,khot_decay,0,211,0.4375,7139,62553
large113_assisted,khot_decay,0,212,0.4375,7162,62880
large113_assisted,khot_decay,0,213,0.4375,7178,63214
large113_assisted,khot_decay,0,214,0.4375,7194,63548
large113_assisted,khot_decay,0,215,0.4375,7215,63877
large113_assisted,khot_decay,0,216,0.4375,7223,64219
large113_assisted,khot_decay,0,217,0.4375,7240,64552
large113_assisted,khot_decay,0,218,0.4375,7261,64881
large113_assisted,khot_decay,0,219,0.4375,7278,65214
large113_assisted,khot_decay,0,220,0.4375,7294,65548
large113_assisted,khot_decay,0,221,0.4375,7319,65873
large113_assisted,khot_decay,0,222,0.4375,7335,66207
large113_assisted,khot_decay,0,223,0.4375,7354,66538
large113_assisted,khot_decay,0,224,0.4375,7381,66861
large113_assisted,khot_decay,0,225,0.4375,7395,67197
large113_assisted,khot_decay,0,226,0.4375,7411,67531
large113_assisted,khot_decay,0,227,0.4375,7430,67862
large113_assisted,khot_decay,0,228,0.4375,7445,68197
large113_assisted,khot_decay,0,229,0.4375,7459,68533
large113_assisted,khot_decay,0,230,0.4464,7473,68869
large113_assisted,khot_decay,0,231,0.4464,7519,69173
large113_assisted,khot_decay,0,232,0.4464,7536,69506
large113_assisted,khot_decay,0,233,0.4464,7557,69835
large113_assisted,khot_decay,0,234,0.4464,7571,70171
large113_assisted,khot_decay,0,235,0.4464,7592,70500
large113_assisted,khot_decay,0,236,0.4464,7604,70838
large113_assisted,khot_decay,0,237,0.4464,7621,71171
large113_assisted,khot_decay,0,238,0.4464,7632,71510
large113_assisted,khot_decay,0,239,0.4464,7650,71842
large113_assisted,khot_decay,0,240,0.4464,7665,72177
large113_assisted,khot_decay,0,241,0.4464,7689,72503
large113_assisted,khot_decay,0,242,0.4464,7711,72831
large113_assisted,khot_decay,0,243,0.4464,7726,73166
large113_assisted,khot_decay,0,244,0.4464,7744,73498
large113_assisted,khot_decay,0,245,0.4375,7766,73826
large113_assisted,khot_decay,0,246,0.4375,7790,74152
large113_assisted,khot_decay,0,247,0.4375,7802,74490
large113_assisted,khot_decay,0,248,0.4375,7822,74820
large113_assisted,khot_decay,0,249,0.4375,7833,75159
large113_assisted,khot_decay,0,250,0.4375,7853,75489
large113_assisted,khot_decay,0,251,0.4375,7865,75827
large113_assisted,khot_decay,0,252,0.4375,7885,76157
large113_assisted,khot_decay,0,253,0.4375,7899,76493
large113_assisted,khot_decay,0,254,0.4286,7916,76826
large113_assisted,khot_decay,0,255,0.4286,7933,77159
large113_assisted,khot_decay,0,256,0.4286,7958,77484
large113_assisted,khot_decay,0,257,0.4286,7978,77814
large113_assisted,khot_decay,0,258,0.4286,8001,78141
large113_assisted,khot_decay,0,259,0.4286,8019,78473
large113_assisted,khot_decay,0,260,0.4286,8028,78814
large113_assisted,khot_decay,0,261,0.4286,8047,79145
large113_assisted,khot_decay,0,262,0.4286,8065,79477
large113_assisted,khot_decay,0,263,0.4286,8090,79802
large113_assisted,khot_decay,0,264,0.4375,8092,79806
large113_assisted,khot_decay,0,265,0.4375,8107,80141
large113_assisted,khot_decay,0,266,0.4375,8142,80456
large113_assisted,khot_decay,0,267,0.4375,8159,80789
large113_assisted,khot_decay,0,268,0.4375,8189,81109
large113_assisted,khot_decay,0,269,0.4375,8205,81443
large113_assisted,khot_decay,0,270,0.4286,8233,81765
large113_assisted,khot_decay,0,271,0.4286,8247,82101
large113_assisted,khot_decay,0,272,0.4286,8273,82425
large113_assisted,khot_decay,0,273,0.4286,8285,82763
large113_assisted,khot_decay,0,274,0.4286,8304,83094
large113_assisted,khot_decay,0,275,0.4286,8329,83419
large113_assisted,khot_decay,0,276,0.4286,8348,83750
large113_assisted,khot_decay,0,277,0.4286,8359,84089
large113_assisted,khot_decay,0,278,0.4286,8377,84421
large113_assisted,khot_decay,0,279,0.4286,8402,84746
large113_assisted,khot_decay,0,280,0.4286,8424,85074
large113_assisted,khot_decay,0,281,0.4286,8447,85401
large113_assisted,khot_decay,0,282,0.4286,8471,85727
large113_assisted,khot_decay,0,283,0.4286,8489,86059
large113_assisted,khot_decay,0,284,0.4286,8503,86395
large113_assisted,khot_decay,0,285,0.4286,8521,86727
large113_assisted,khot_decay,0,286,0.4286,8544,87054
large113_assisted,khot_decay,0,287,0.4286,8567,87381
large113_assisted,khot_decay,0,288,0.4286,8588,87710
large113_assisted,khot_decay,0,289,0.4286,8615,88033
large113_assisted,khot_decay,0,290,0.4286,8630,88368
large113_assisted,khot_decay,0,291,0.4286,8649,88699
large113_assisted,khot_decay,0,292,0.4286,8673,89025
large113_assisted,khot_decay,0,293,0.4286,8692,89356
large113_assisted,khot_decay,0,294,0.4286,8714,89684
large113_assisted,khot_decay,0,295,0.4286,8730,90018
large113_assisted,khot_decay,0,296,0.4286,8745,90353
large113_assisted,khot_decay,0,297,0.4286,8755,90693
large113_assisted,khot_decay,0,298,0.4286,8773,91025
large113_assisted,khot_decay,0,299,0.4286,8790,91358
large113_assisted,khot_decay,0,300,0.4286,8791,91358
large113_assisted,khot_decay,0,301,0.4286,8804,91695
large113_assisted,khot_decay,0,302,0.4286,8819,92030
large113_assisted,khot_decay,0,303,0.4286,8837,92362
large113_assisted,khot_decay,0,304,0.4286,8854,92695
large113_assisted,khot_decay,0,305,0.4286,8872,93027
large113_assisted,khot_decay,0,306,0.4286,8893,93356
large113_assisted,khot_decay,0,307,0.4286,8907,93692
large113_assisted,khot_decay,0,308,0.4286,8930,94019
large113_assisted,khot_decay,0,309,0.4286,8949,94350
large113_assisted,khot_decay,0,310,0.4286,8964,94685
large113_assisted,khot_decay,0,311,0.4286,8987,95012
large113_assisted,khot_decay,0,312,0.4286,9017,95332
large113_assisted,khot_decay,0,313,0.4286,9028,95671
large113_assisted,khot_decay,0,314,0.4286,9043,96006
large113_assisted,khot_decay,0,315,0.4286,9063,96336
large113_assisted,khot_decay,0,316,0.4286,9078,96671
large113_assisted,khot_decay,0,317,0.4286,9105,96994
large113_assisted,khot_decay,0,318,0.4286,9116,97333
large113_assisted,khot_decay,0,319,0.4286,9135,97664
large113_assisted,khot_decay,0,320,0.4286,9153,97996
large113_assisted,khot_decay,0,321,0.4286,9169,98330
large113_assisted,khot_decay,0,322,0.4286,9192,98657
large113_assisted,khot_decay,0,323,0.4286,9212,98987
large113_assisted,khot_decay,0,324,0.4286,9232,99317
large113_assisted,khot_decay,0,325,0.4286,9250,99649
large113_assisted,khot_decay,0,326,0.4286,9273,99976
large113_assisted,khot_decay,0,327,0.4286,9292,100297
large113_assisted,khot_decay,0,328,0.4286,9321,100618
large113_assisted,khot_decay,0,329,0.4286,9339,100950
large113_assisted,khot_decay,0,330,0.4286,9357,101282
large113_assisted,khot_decay,0,331,0.4286,9377,101612
large113_assisted,khot_decay,0,332,0.4286,9391,101948
large113_assisted,khot_decay,0,333,0.4286,9408,102281
large113_assisted,khot_decay,0,334,0.4286,9431,102608
large113_assisted,khot_decay,0,335,0.4286,9448,102941
large113_assisted,khot_decay,0,336,0.4286,9466,103273
large113_assisted,khot_decay,0,337,0.4286,9486,103603
large113_assisted,khot_decay,0,338,0.4286,9507,103932
large113_assisted,khot_decay,0,339,0.4286,9528,104261
large113_assisted,khot_decay,0,340,0.4286,9556,104583
large113_assisted,khot_decay,0,341,0.4286,9580,104909
large113_assisted,khot_decay,0,342,0.4286,9602,105237
large113_assisted,khot_decay,0,343,0.4286,9617,105572
large113_assisted,khot_decay,0,344,0.4286,9631,105908
large113_assisted,khot_decay,0,345,0.4286,9649,106240
large113_assisted,khot_decay,0,346,0.4286,9663,106576
large113_assisted,khot_decay,0,347,0.4286,9679,106910
large113_assisted,khot_decay,0,348,0.4286,9701,107238
large113_assisted,khot_decay,0,349,0.4286,9725,107564
large113_assisted,khot_decay,0,350,0.4286,9742,107897
large113_assisted,khot_decay,0,351,0.4286,9762,108227
large113_assisted,khot_decay,0,352,0.4286,9790,108549
large113_assisted,khot_decay,0,353,0.4286,9808,108881
large113_assisted,khot_decay,0,354,0.4286,9836,109203
large113_assisted,khot_decay,0,355,0.4286,9863,109526
large113_assisted,khot_decay,0,356,0.4286,9882,109857
large113_assisted,khot_decay,0,357,0.4286,9899,110190
large113_assisted,khot_decay,0,358,0.4286,9913,110526
large113_assisted,khot_decay,0,359,0.4286,9925,110864
large113_assisted,khot_decay,0,360,0.4286,9941,111198
large113_assisted,khot_decay,0,361,0.4286,9964,111525
large113_assisted,khot_decay,0,362,0.4286,9976,111863
large113_assisted,khot_decay,0,363,0.4286,9998,112191
large113_assisted,khot_decay,0,364,0.4286,10011,112528
large113_assisted,khot_decay,0,365,0.4286,10027,112862
large113_assisted,khot_decay,0,366,0.4286,10042,113197
large113_assisted,khot_decay,0,367,0.4286,10053,113536
large113_assisted,khot_decay,0,368,0.4286,10065,113874
large113_assisted,khot_decay,0,369,0.4286,10082,114207
large113_assisted,khot_decay,0,370,0.4286,10099,114540
large113_assisted,khot_decay,0,371,0.4286,10120,114869
large113_assisted,khot_decay,0,372,0.4286,10143,115196
large113_assisted,khot_decay,0,373,0.4286,10170,115519
large113_assisted,khot_decay,0,374,0.4286,10192,115847
large113_assisted,khot_decay,0,375,0.4286,10217,116172
large113_assisted,khot_decay,0,376,0.4286,10236,116503
large113_assisted,khot_decay,0,377,0.4286,10259,116830
large113_assisted,khot_decay,0,378,0.4286,10283,117156
large113_assisted,khot_decay,0,379,0.4286,10295,117494
large113_assisted,khot_decay,0,380,0.4286,10322,117817
large113_assisted,khot_decay,0,381,0.4286,10344,118145
large113_assisted,khot_decay,0,382,0.4286,10365,118474
large113_assisted,khot_decay,0,383,0.4286,10382,118807
large113_assisted,khot_decay,0,384,0.4286,10391,118949
large113_assisted,khot_decay,0,385,0.4286,10411,119279
large113_assisted,khot_decay,0,386,0.4286,10429,119611
large113_assisted,khot_decay,0,387,0.4286,10446,119944
large113_assisted,khot_decay,0,388,0.4286,10468,120272
large113_assisted,khot_decay,0,389,0.4286,10487,120603
large113_assisted,khot_decay,0,390,0.4286,10503,120937
large113_assisted,khot_decay,0,391,0.4286,10522,121268
large113_assisted,khot_decay,0,392,0.4286,10539,121601
large113_assisted,khot_decay,0,393,0.4286,10562,121928
large113_assisted,khot_decay,0,394,0.4286,10577,122263
large113_assisted,khot_decay,0,395,0.4286,10594,122596
large113_assisted,khot_decay,0,396,0.4286,10614,122926
large113_assisted,khot_decay,0,397,0.4286,10630,123260
large113_assisted,khot_decay,0,398,0.4286,10652,123588
large113_assisted,khot_decay,0,399,0.4286,10667,123923
large113_assisted,khot_rank,1,0,0.4018,27,323
large113_assisted,khot_rank,1,1,0.4375,54,646
large113_assisted,khot_rank,1,2,0.5000,69,738
large113_assisted,khot_rank,1,3,0.5089,96,1061
large113_assisted,khot_rank,1,4,0.6339,145,1362
large113_assisted,khot_rank,1,5,0.5982,168,1607
large113_assisted,khot_rank,1,6,0.6429,174,1673
large113_assisted,khot_rank,1,7,0.6429,174,1674
large113_assisted,khot_rank,1,8,0.6429,182,1689
large113_assisted,khot_rank,1,9,0.6429,182,1705
large113_assisted,khot_rank,1,10,0.6161,189,1719
large113_assisted,khot_rank,1,11,0.6607,207,1831
large113_assisted,khot_rank,1,12,0.6696,226,1955
large113_assisted,khot_rank,1,13,0.6786,229,1974
large113_assisted,khot_rank,1,14,0.6607,239,1996
large113_assisted,khot_rank,1,15,0.6875,240,2012
large113_assisted,khot_rank,1,16,0.6875,243,2034
large113_assisted,khot_rank,1,17,0.7143,248,2086
large113_assisted,khot_rank,1,18,0.7143,248,2103
large113_assisted,khot_rank,1,19,0.7143,248,2118
large113_assisted,khot_rank,1,20,0.7321,249,2125
large113_assisted,khot_rank,1,21,0.7232,276,2232
large113_assisted,khot_rank,1,22,0.7232,276,2234
large113_assisted,khot_rank,1,23,0.7232,276,2236
large113_assisted,khot_rank,1,24,0.7232,276,2248
large113_assisted,khot_rank,1,25,0.7589,278,2259
large113_assisted,khot_rank,1,26,0.7589,279,2284
large113_assisted,khot_rank,1,27,0.7589,279,2300
large113_assisted,khot_rank,1,28,0.7768,280,2317
large113_assisted,khot_rank,1,29,0.7768,280,2339
large113_assisted,khot_rank,1,30,0.7768,280,2342
large113_assisted,khot_rank,1,31,0.7768,280,2369
large113_assisted,khot_rank,1,32,0.7768,280,2382
large113_assisted,khot_rank,1,33,0.7768,280,2403
large113_assisted,khot_rank,1,34,0.7768,280,2419
large113_assisted,khot_rank,1,35,0.7768,283,2432
large113_assisted,khot_rank,1,36,0.7768,283,2445
large113_assisted,khot_rank,1,37,0.7857,284,2462
large113_assisted,khot_rank,1,38,0.7143,293,2474
large113_assisted,khot_rank,1,39,0.7500,300,2505
large113_assisted,khot_rank,1,40,0.7500,302,2526
large113_assisted,khot_rank,1,41,0.7143,304,2544
large113_assisted,khot_rank,1,42,0.7679,323,2666
large113_assisted,khot_rank,1,43,0.7768,325,2671
large113_assisted,khot_rank,1,44,0.7768,325,2672
large113_assisted,khot_rank,1,45,0.7946,326,2680
large113_assisted,khot_rank,1,46,0.7857,330,2692
large113_assisted,khot_rank,1,47,0.7679,332,2708
large113_assisted,khot_rank,1,48,0.7946,335,2767
large113_assisted,khot_rank,1,49,0.7679,374,2802
large113_assisted,khot_rank,1,50,0.7857,385,2824
large113_assisted,khot_rank,1,51,0.7679,398,2864
large113_assisted,khot_rank,1,52,0.7679,398,2880
large113_assisted,khot_rank,1,53,0.7589,401,2894
large113_assisted,khot_rank,1,54,0.7768,405,2917
large113_assisted,khot_rank,1,55,0.7768,405,2934
large113_assisted,khot_rank,1,56,0.7768,405,2953
large113_assisted,khot_rank,1,57,0.8036,408,2985
large113_assisted,khot_rank,1,58,0.8214,414,2996
large113_assisted,khot_rank,1,59,0.8214,414,2999
large113_assisted,khot_rank,1,60,0.8304,417,3021
large113_assisted,khot_rank,1,61,0.8393,418,3047
large113_assisted,khot_rank,1,62,0.8393,418,3068
large113_assisted,khot_rank,1,63,0.8304,420,3094
large113_assisted,khot_rank,1,64,0.8304,420,3119
large113_assisted,khot_rank,1,65,0.8304,420,3143
large113_assisted,khot_rank,1,66,0.8304,420,3167
large113_assisted,khot_rank,1,67,0.8304,420,3186
large113_assisted,khot_rank,1,68,0.8482,421,3226
large113_assisted,khot_rank,1,69,0.8125,422,3248
large113_assisted,khot_rank,1,70,0.8125,422,3264
large113_assisted,khot_rank,1,71,0.8125,422,3285
large113_assisted,khot_rank,1,72,0.8125,422,3294
large113_assisted,khot_rank,1,73,0.7946,426,3313
large113_assisted,khot_rank,1,74,0.7768,444,3342
large113_assisted,khot_rank,1,75,0.7768,444,3354
large113_assisted,khot_rank,1,76,0.7768,444,3357
large113_assisted,khot_rank,1,77,0.8304,446,3381
large113_assisted,khot_rank,1,78,0.8304,446,3387
large113_assisted,khot_rank,1,79,0.7589,457,3417
large113_assisted,khot_rank,1,80,0.7679,458,3434
large113_assisted,khot_rank,1,81,0.7857,463,3461
large113_assisted,khot_rank,1,82,0.7857,463,3467
large113_assisted,khot_rank,1,83,0.8125,466,3506
large113_assisted,khot_rank,1,84,0.7946,468,3516
large113_assisted,khot_rank,1,85,0.7946,590,3671
large113_assisted,khot_rank,1,86,0.7946,592,3677
large113_assisted,khot_rank,1,87,0.7946,592,3691
large113_assisted,khot_rank,1,88,0.7411,597,3715
large113_assisted,khot_rank,1,89,0.7946,603,3740
large113_assisted,khot_rank,1,90,0.7946,603,3743
large113_assisted,khot_rank,1,91,0.7946,603,3747
large113_assisted,khot_rank,1,92,0.8304,615,3772
large113_assisted,khot_rank,1,93,0.8304,615,3796
large113_assisted,khot_rank,1,94,0.8304,615,3799
large113_assisted,khot_rank,1,95,0.8304,615,3805
large113_assisted,khot_rank,1,96,0.8304,615,3829
large113_assisted,khot_rank,1,97,0.8304,615,3838
large113_assisted,khot_rank,1,98,0.8304,615,3849
large113_assisted,khot_rank,1,99,0.8304,615,3871
large113_assisted,khot_rank,1,100,0.8125,620,3895
large113_assisted,khot_rank,1,101,0.8125,620,3912
large113_assisted,khot_rank,1,102,0.8125,620,3925
large113_assisted,khot_rank,1,103,0.8125,620,3942
large113_assisted,khot_rank,1,104,0.8125,620,3953
large113_assisted,khot_rank,1,105,0.8125,620,3967
large113_assisted,khot_rank,1,106,0.8125,620,3984
large113_assisted,khot_rank,1,107,0.8125,620,4000
large113_assisted,khot_rank,1,108,0.8125,620,4020
large113_assisted,khot_rank,1,109,0.8125,620,4041
large113_assisted,khot_rank,1,110,0.8304,639,4068
large113_assisted,khot_rank,1,111,0.7946,653,4080
large113_assisted,khot_rank,1,112,0.8125,675,4113
large113_assisted,khot_rank,1,113,0.8125,675,4140
large113_assisted,khot_rank,1,114,0.8125,692,4168
large113_assisted,khot_rank,1,115,0.8036,696,4189
large113_assisted,khot_rank,1,116,0.7946,697,4207
large113_assisted,khot_rank,1,117,0.7946,697,4210
large113_assisted,khot_rank,1,118,0.7946,697,4236
large113_assisted,khot_rank,1,119,0.7857,699,4257
large113_assisted,khot_rank,1,120,0.7857,699,4265
large113_assisted,khot_rank,1,121,0.8036,703,4291
large113_assisted,khot_rank,1,122,0.8036,703,4318
large113_assisted,khot_rank,1,123,0.8036,703,4335
large113_assisted,khot_rank,1,124,0.8036,713,4350
large113_assisted,khot_rank,1,125,0.8214,714,4367
large113_assisted,khot_rank,1,126,0.8214,714,4376
large113_assisted,khot_rank,1,127,0.8214,714,4387
large113_assisted,khot_rank,1,128,0.7946,715,4404
large113_assisted,khot_rank,1,129,0.7946,716,4425
large113_assisted,khot_rank,1,130,0.7946,716,4426
large113_assisted,khot_rank,1,131,0.7946,716,4433
large113_assisted,khot_rank,1,132,0.7946,716,4453
large113_assisted,khot_rank,1,133,0.8036,717,4473
large113_assisted,khot_rank,1,134,0.8125,724,4505
large113_assisted,khot_rank,1,135,0.8125,728,4514
large113_assisted,khot_rank,1,136,0.8125,728,4515
large113_assisted,khot_rank,1,137,0.8125,728,4521
large113_assisted,khot_rank,1,138,0.8125,728,4543
large113_assisted,khot_rank,1,139,0.8125,728,4545
large113_assisted,khot_rank,1,140,0.8125,728,4556
large113_assisted,khot_rank,1,141,0.8125,728,4581
large113_assisted,khot_rank,1,142,0.8125,728,4607
large113_assisted,khot_rank,1,143,0.8125,728,4614
large113_assisted,khot_rank,1,144,0.8304,731,4639
large113_assisted,khot_rank,1,145,0.8304,731,4644
large113_assisted,khot_rank,1,146,0.8393,733,4673
large113_assisted,khot_rank,1,147,0.8393,733,4702
large113_assisted,khot_rank,1,148,0.8393,733,4715
large113_assisted,khot_rank,1,149,0.8393,733,4734
large113_assisted,khot_rank,1,150,0.8393,733,4759
large113_assisted,khot_rank,1,151,0.8393,733,4782
large113_assisted,khot_rank,1,152,0.8304,734,4797
large113_assisted,khot_rank,1,153,0.8304,1077,4804
large113_assisted,khot_rank,1,154,0.8571,1088,4837
large113_assisted,khot_rank,1,155,0.8482,1089,4861
large113_assisted,khot_rank,1,156,0.8661,1095,4887
large113_assisted,khot_rank,1,157,0.8482,1101,4912
large113_assisted,khot_rank,1,158,0.8482,1101,4919
large113_assisted,khot_rank,1,159,0.8482,1101,4935
large113_assisted,khot_rank,1,160,0.8482,1101,4943
large113_assisted,khot_rank,1,161,0.8482,1102,4966
large113_assisted,khot_rank,1,162,0.8482,1102,4979
large113_assisted,khot_rank,1,163,0.8482,1102,4994
large113_assisted,khot_rank,1,164,0.8304,1104,5019
large113_assisted,khot_rank,1,165,0.8125,1112,5030
large113_assisted,khot_rank,1,166,0.8036,1182,5117
large113_assisted,khot_rank,1,167,0.8036,1183,5125
large113_assisted,khot_rank,1,168,0.8036,1227,5189
large113_assisted,khot_rank,1,169,0.8036,1227,5200
large113_assisted,khot_rank,1,170,0.8036,1227,5206
large113_assisted,khot_rank,1,171,0.8036,1227,5210
large113_assisted,khot_rank,1,172,0.8036,1227,5228
large113_assisted,khot_rank,1,173,0.8036,1227,5235
large113_assisted,khot_rank,1,174,0.8036,1227,5252
large113_assisted,khot_rank,1,175,0.8036,1227,5277
large113_assisted,khot_rank,1,176,0.8036,1227,5299
large113_assisted,khot_rank,1,177,0.8036,1227,5319
large113_assisted,khot_rank,1,178,0.8125,1228,5344
large113_assisted,khot_rank,1,179,0.8036,1240,5372
large113_assisted,khot_rank,1,180,0.8036,1240,5400
large113_assisted,khot_rank,1,181,0.7946,1241,5417
large113_assisted,khot_rank,1,182,0.8393,1251,5450
large113_assisted,khot_rank,1,183,0.8393,1251,5472
large113_assisted,khot_rank,1,184,0.8214,1253,5500
large113_assisted,khot_rank,1,185,0.8214,1253,5509
large113_assisted,khot_rank,1,186,0.8214,1253,5515
large113_assisted,khot_rank,1,187,0.8214,1256,5518
large113_assisted,khot_rank,1,188,0.8214,1256,5533
large113_assisted,khot_rank,1,189,0.8125,1267,5555
large113_assisted,khot_rank,1,190,0.8214,1268,5566
large113_assisted,khot_rank,1,191,0.8304,1272,5579
large113_assisted,khot_rank,1,192,0.8214,1273,5595
large113_assisted,khot_rank,1,193,0.8214,1273,5599
large113_assisted,khot_rank,1,194,0.8214,1273,5624
large113_assisted,khot_rank,1,195,0.8304,1277,5650
large113_assisted,khot_rank,1,196,0.8304,1277,5677
large113_assisted,khot_rank,1,197,0.8214,1278,5689
large113_assisted,khot_rank,1,198,0.8214,1278,5712
large113_assisted,khot_rank,1,199,0.8304,1279,5723
large113_assisted,khot_rank,1,200,0.8304,1280,5739
large113_assisted,khot_rank,1,201,0.8304,1292,5775
large113_assisted,khot_rank,1,202,0.8125,1293,5796
large113_assisted,khot_rank,1,203,0.8125,1294,5814
large113_assisted,khot_rank,1,204,0.8125,1294,5835
large113_assisted,khot_rank,1,205,0.8214,1299,5856
large113_assisted,khot_rank,1,206,0.8214,1299,5871
large113_assisted,khot_rank,1,207,0.8125,1300,5890
large113_assisted,khot_rank,1,208,0.8214,1302,5908
large113_assisted,khot_rank,1,209,0.8214,1302,5933
large113_assisted,khot_rank,1,210,0.8214,1302,5938
large113_assisted,khot_rank,1,211,0.8214,1304,5960
large113_assisted,khot_rank,1,212,0.8214,1304,5961
large113_assisted,khot_rank,1,213,0.8393,1305,5977
large113_assisted,khot_rank,1,214,0.8214,1306,5987
large113_assisted,khot_rank,1,215,0.8214,1306,6004
large113_assisted,khot_rank,1,216,0.8214,1306,6017
large113_assisted,khot_rank,1,217,0.8304,1307,6043
large113_assisted,khot_rank,1,218,0.8304,1307,6060
large113_assisted,khot_rank,1,219,0.8304,1307,6065
large113_assisted,khot_rank,1,220,0.8304,1307,6086
large113_assisted,khot_rank,1,221,0.8304,1307,6100
large113_assisted,khot_rank,1,222,0.8304,1307,6106
large113_assisted,khot_rank,1,223,0.8304,1307,6118
large113_assisted,khot_rank,1,224,0.8304,1307,6131
large113_assisted,khot_rank,1,225,0.8304,1307,6142
large113_assisted,khot_rank,1,226,0.8304,1308,6165
large113_assisted,khot_rank,1,227,0.8304,1313,6183
large113_assisted,khot_rank,1,228,0.8304,1313,6200
large113_assisted,khot_rank,1,229,0.8125,1656,6207
large113_assisted,khot_rank,1,230,0.8214,1660,6213
large113_assisted,khot_rank,1,231,0.8304,1661,6237
large113_assisted,khot_rank,1,232,0.8304,1661,6265
large113_assisted,khot_rank,1,233,0.8304,1661,6273
large113_assisted,khot_rank,1,234,0.8214,1669,6299
large113_assisted,khot_rank,1,235,0.7857,1670,6320
large113_assisted,khot_rank,1,236,0.7857,1839,6501
large113_assisted,khot_rank,1,237,0.8036,1840,6518
large113_assisted,khot_rank,1,238,0.8036,1840,6521
large113_assisted,khot_rank,1,239,0.8036,1847,6543
large113_assisted,khot_rank,1,240,0.8482,2043,6697
large113_assisted,khot_rank,1,241,0.8571,2044,6710
large113_assisted,khot_rank,1,242,0.8661,2045,6722
large113_assisted,khot_rank,1,243,0.8661,2214,6903
large113_assisted,khot_rank,1,244,0.8661,2214,6906
large113_assisted,khot_rank,1,245,0.8661,2381,7089
large113_assisted,khot_rank,1,246,0.8661,2549,7271
large113_assisted,khot_rank,1,247,0.8661,2550,7289
large113_assisted,khot_rank,1,248,0.8661,2724,7465
large113_assisted,khot_rank,1,249,0.8661,2752,7515
large113_assisted,khot_rank,1,250,0.8661,2920,7697
large113_assisted,khot_rank,1,251,0.8661,2920,7709
large113_assisted,khot_rank,1,252,0.8661,2920,7731
large113_assisted,khot_rank,1,253,0.8661,2920,7752
large113_assisted,khot_rank,1,254,0.8661,2935,7780
large113_assisted,khot_rank,1,255,0.8661,2936,7786
large113_assisted,khot_rank,1,256,0.8661,2936,7804
large113_assisted,khot_rank,1,257,0.8661,3105,7985
large113_assisted,khot_rank,1,258,0.8393,3241,8140
large113_assisted,khot_rank,1,259,0.8482,3441,8155
large113_assisted,khot_rank,1,260,0.8482,3445,8178
large113_assisted,khot_rank,1,261,0.8482,3445,8192
large113_assisted,khot_rank,1,262,0.8482,3446,8211
large113_assisted,khot_rank,1,263,0.8393,3447,8232
large113_assisted,khot_rank,1,264,0.8482,3452,8262
large113_assisted,khot_rank,1,265,0.8482,3452,8279
large113_assisted,khot_rank,1,266,0.8482,3452,8290
large113_assisted,khot_rank,1,267,0.8482,3452,8297
large113_assisted,khot_rank,1,268,0.8304,3455,8321
large113_assisted,khot_rank,1,269,0.8304,3455,8332
large113_assisted,khot_rank,1,270,0.8304,3455,8336
large113_assisted,khot_rank,1,271,0.8304,3455,8343
large113_assisted,khot_rank,1,272,0.8304,3455,8350
large113_assisted,khot_rank,1,273,0.8304,3607,8525
large113_assisted,khot_rank,1,274,0.8304,3607,8527
large113_assisted,khot_rank,1,275,0.8304,3607,8530
large113_assisted,khot_rank,1,276,0.8304,3607,8535
large113_assisted,khot_rank,1,277,0.8304,3607,8541
large113_assisted,khot_rank,1,278,0.8304,3779,8719
large113_assisted,khot_rank,1,279,0.8304,3950,8898
large113_assisted,khot_rank,1,280,0.8304,4119,9079
large113_assisted,khot_rank,1,281,0.8304,4286,9262
large113_assisted,khot_rank,1,282,0.8393,4341,9341
large113_assisted,khot_rank,1,283,0.8393,4341,9346
large113_assisted,khot_rank,1,284,0.8393,4341,9352
large113_assisted,khot_rank,1,285,0.8393,4342,9377
large113_assisted,khot_rank,1,286,0.8750,4354,9402
large113_assisted,khot_rank,1,287,0.8750,4355,9431
large113_assisted,khot_rank,1,288,0.8750,4355,9433
large113_assisted,khot_rank,1,289,0.8750,4355,9443
large113_assisted,khot_rank,1,290,0.8750,4355,9444
large113_assisted,khot_rank,1,291,0.8929,4368,9454
large113_assisted,khot_rank,1,292,0.8929,4369,9478
large113_assisted,khot_rank,1,293,0.8661,4372,9503
large113_assisted,khot_rank,1,294,0.8750,4374,9531
large113_assisted,khot_rank,1,295,0.8750,4374,9548
large113_assisted,khot_rank,1,296,0.8661,4377,9560
large113_assisted,khot_rank,1,297,0.8661,4377,9577
large113_assisted,khot_rank,1,298,0.8661,4377,9590
large113_assisted,khot_rank,1,299,0.8750,4378,9615
large113_assisted,khot_rank,1,300,0.8750,4378,9639
large113_assisted,khot_rank,1,301,0.8750,4380,9657
large113_assisted,khot_rank,1,302,0.8750,4380,9665
large113_assisted,khot_rank,1,303,0.8750,4380,9683
large113_assisted,khot_rank,1,304,0.8750,4380,9709
large113_assisted,khot_rank,1,305,0.8750,4727,9712
large113_assisted,khot_rank,1,306,0.8750,4727,9719
large113_assisted,khot_rank,1,307,0.8750,4727,9724
large113_assisted,khot_rank,1,308,0.8482,4730,9742
large113_assisted,khot_rank,1,309,0.8750,4769,9768
large113_assisted,khot_rank,1,310,0.8750,4769,9786
large113_assisted,khot_rank,1,311,0.8750,4769,9795
large113_assisted,khot_rank,1,312,0.8750,4769,9817
large113_assisted,khot_rank,1,313,0.8750,5119,9817
large113_assisted,khot_rank,1,314,0.8750,5119,9828
large113_assisted,khot_rank,1,315,0.8661,5121,9850
large113_assisted,khot_rank,1,316,0.8661,5122,9866
large113_assisted,khot_rank,1,317,0.8661,5122,9887
large113_assisted,khot_rank,1,318,0.8750,5124,9916
large113_assisted,khot_rank,1,319,0.8750,5473,9917
large113_assisted,khot_rank,1,320,0.8750,5473,9935
large113_assisted,khot_rank,1,321,0.8750,5646,10112
large113_assisted,khot_rank,1,322,0.8750,5646,10140
large113_assisted,khot_rank,1,323,0.8750,5647,10162
large113_assisted,khot_rank,1,324,0.8571,5651,10173
large113_assisted,khot_rank,1,325,0.8750,5652,10195
large113_assisted,khot_rank,1,326,0.8750,6000,10197
large113_assisted,khot_rank,1,327,0.8750,6000,10221
large113_assisted,khot_rank,1,328,0.8750,6000,10248
large113_assisted,khot_rank,1,329,0.8750,6001,10272
large113_assisted,khot_rank,1,330,0.8750,6001,10299
large113_assisted,khot_rank,1,331,0.8750,6001,10305
large113_assisted,khot_rank,1,332,0.8750,6001,10319
large113_assisted,khot_rank,1,333,0.8839,6007,10341
large113_assisted,khot_rank,1,334,0.8839,6007,10355
large113_assisted,khot_rank,1,335,0.8839,6007,10356
large113_assisted,khot_rank,1,336,0.8839,6007,10379
large113_assisted,khot_rank,1,337,0.8839,6007,10405
large113_assisted,khot_rank,1,338,0.8839,6007,10426
large113_assisted,khot_rank,1,339,0.8839,6007,10443
large113_assisted,khot_rank,1,340,0.8839,6007,10445
large113_assisted,khot_rank,1,341,0.8839,6007,10466
large113_assisted,khot_rank,1,342,0.8839,6007,10495
large113_assisted,khot_rank,1,343,0.8750,6009,10500
large113_assisted,khot_rank,1,344,0.8750,6009,10525
large113_assisted,khot_rank,1,345,0.8839,6011,10551
large113_assisted,khot_rank,1,346,0.8839,6011,10552
large113_assisted,khot_rank,1,347,0.8839,6011,10569
large113_assisted,khot_rank,1,348,0.8839,6011,10589
large113_assisted,khot_rank,1,349,0.8839,6012,10612
large113_assisted,khot_rank,1,350,0.8839,6012,10630
large113_assisted,khot_rank,1,351,0.8839,6012,10656
large113_assisted,khot_rank,1,352,0.8571,6291,10689
large113_assisted,khot_rank,1,353,0.8571,6291,10707
large113_assisted,khot_rank,1,354,0.8571,6291,10710
large113_assisted,khot_rank,1,355,0.8571,6291,10730
large113_assisted,khot_rank,1,356,0.8661,6292,10736
large113_assisted,khot_rank,1,357,0.8661,6292,10758
large113_assisted,khot_rank,1,358,0.8482,6301,10785
large113_assisted,khot_rank,1,359,0.8482,6649,10787
large113_assisted,khot_rank,1,360,0.8571,6651,10808
large113_assisted,khot_rank,1,361,0.8571,6651,10828
large113_assisted,khot_rank,1,362,0.8482,6655,10850
large113_assisted,khot_rank,1,363,0.8571,6658,10876
large113_assisted,khot_rank,1,364,0.8661,6660,10892
large113_assisted,khot_rank,1,365,0.8661,6660,10898
large113_assisted,khot_rank,1,366,0.8661,6672,10904
large113_assisted,khot_rank,1,367,0.8661,7020,10906
large113_assisted,khot_rank,1,368,0.8661,7020,10910
large113_assisted,khot_rank,1,369,0.8661,7020,10927
large113_assisted,khot_rank,1,370,0.8661,7020,10929
large113_assisted,khot_rank,1,371,0.8661,7362,10937
large113_assisted,khot_rank,1,372,0.8661,7362,10945
large113_assisted,khot_rank,1,373,0.8661,7362,10968
large113_assisted,khot_rank,1,374,0.8661,7362,10976
large113_assisted,khot_rank,1,375,0.8661,7362,10988
large113_assisted,khot_rank,1,376,0.8661,7362,11013
large113_assisted,khot_rank,1,377,0.8661,7362,11038
large113_assisted,khot_rank,1,378,0.8661,7362,11048
large113_assisted,khot_rank,1,379,0.8661,7362,11063
large113_assisted,khot_rank,1,380,0.8750,7364,11086
large113_assisted,khot_rank,1,381,0.8750,7364,11112
large113_assisted,khot_rank,1,382,0.8929,7531,11295
large113_assisted,khot_rank,1,383,0.8929,7531,11312
large113_assisted,khot_rank,1,384,0.8929,7531,11336
large113_assisted,khot_rank,1,385,0.8929,7531,11351
large113_assisted,khot_rank,1,386,0.8929,7531,11363
large113_assisted,khot_rank,1,387,0.8571,7759,11485
large113_assisted,khot_rank,1,388,0.8571,7759,11498
large113_assisted,khot_rank,1,389,0.8571,7760,11520
large113_assisted,khot_rank,1,390,0.8571,7760,11547
large113_assisted,khot_rank,1,391,0.8571,7760,11570
large113_assisted,khot_rank,1,392,0.8661,7763,11594
large113_assisted,khot_rank,1,393,0.8661,8111,11596
large113_assisted,khot_rank,1,394,0.8661,8461,11596
large113_assisted,khot_rank,1,395,0.8482,8462,11610
large113_assisted,khot_rank,1,396,0.8482,8462,11637
large113_assisted,khot_rank,1,397,0.8482,8463,11655
large113_assisted,khot_rank,1,398,0.8482,8463,11677
large113_assisted,khot_rank,1,399,0.8482,8463,11687
large113_assisted,khot_error,1,0,0.4018,39,311
large113_assisted,khot_error,1,1,0.4643,70,630
large113_assisted,khot_error,1,2,0.4732,83,724
large113_assisted,khot_error,1,3,0.5000,118,1039
large113_assisted,khot_error,1,4,0.5804,147,1360
large113_assisted,khot_error,1,5,0.6161,167,1612
large113_assisted,khot_error,1,6,0.6250,183,1759
large113_assisted,khot_error,1,7,0.6250,183,1760
large113_assisted,khot_error,1,8,0.6429,187,1810
large113_assisted,khot_error,1,9,0.6161,190,1830
large113_assisted,khot_error,1,10,0.6161,190,1858
large113_assisted,khot_error,1,11,0.6429,212,2001
large113_assisted,khot_error,1,12,0.6339,222,2073
large113_assisted,khot_error,1,13,0.6339,224,2091
large113_assisted,khot_error,1,14,0.6250,232,2295
large113_assisted,khot_error,1,15,0.6250,232,2311
large113_assisted,khot_error,1,16,0.6786,240,2329
large113_assisted,khot_error,1,17,0.7232,247,2497
large113_assisted,khot_error,1,18,0.7232,247,2515
large113_assisted,khot_error,1,19,0.7232,247,2531
large113_assisted,khot_error,1,20,0.7232,248,2537
large113_assisted,khot_error,1,21,0.6964,265,2870
large113_assisted,khot_error,1,22,0.6964,265,2872
large113_assisted,khot_error,1,23,0.6964,266,2875
large113_assisted,khot_error,1,24,0.6964,266,2889
large113_assisted,khot_error,1,25,0.7411,270,2896
large113_assisted,khot_error,1,26,0.7411,275,2957
large113_assisted,khot_error,1,27,0.7232,289,3166
large113_assisted,khot_error,1,28,0.7321,290,3184
large113_assisted,khot_error,1,29,0.7143,299,3254
large113_assisted,khot_error,1,30,0.6786,300,3256
large113_assisted,khot_error,1,31,0.7411,306,3287
large113_assisted,khot_error,1,32,0.7411,306,3300
large113_assisted,khot_error,1,33,0.7500,308,3322
large113_assisted,khot_error,1,34,0.7500,309,3337
large113_assisted,khot_error,1,35,0.7679,310,3347
large113_assisted,khot_error,1,36,0.7679,312,3359
large113_assisted,khot_error,1,37,0.7679,315,3376
large113_assisted,khot_error,1,38,0.8036,324,3520
large113_assisted,khot_error,1,39,0.8125,330,3548
large113_assisted,khot_error,1,40,0.8036,331,3568
large113_assisted,khot_error,1,41,0.8036,331,3582
large113_assisted,khot_error,1,42,0.7857,342,3921
large113_assisted,khot_error,1,43,0.7500,344,3924
large113_assisted,khot_error,1,44,0.7500,344,3925
large113_assisted,khot_error,1,45,0.7589,346,3932
large113_assisted,khot_error,1,46,0.7589,346,3945
large113_assisted,khot_error,1,47,0.7321,353,3962
large113_assisted,khot_error,1,48,0.7589,361,3995
large113_assisted,khot_error,1,49,0.7411,373,4333
large113_assisted,khot_error,1,50,0.7768,378,4349
large113_assisted,khot_error,1,51,0.8214,396,4622
large113_assisted,khot_error,1,52,0.8214,396,4639
large113_assisted,khot_error,1,53,0.8304,402,4651
large113_assisted,khot_error,1,54,0.8482,404,4672
large113_assisted,khot_error,1,55,0.8482,405,4689
large113_assisted,khot_error,1,56,0.8304,406,4708
large113_assisted,khot_error,1,57,0.8661,417,4969
large113_assisted,khot_error,1,58,0.8661,419,5075
large113_assisted,khot_error,1,59,0.8661,419,5078
large113_assisted,khot_error,1,60,0.8571,423,5278
large113_assisted,khot_error,1,61,0.8482,426,5357
large113_assisted,khot_error,1,62,0.8571,428,5377
large113_assisted,khot_error,1,63,0.8482,429,5403
large113_assisted,khot_error,1,64,0.8036,431,5428
large113_assisted,khot_error,1,65,0.8036,431,5452
large113_assisted,khot_error,1,66,0.8125,435,5477
large113_assisted,khot_error,1,67,0.8304,436,5497
large113_assisted,khot_error,1,68,0.8125,440,5557
large113_assisted,khot_error,1,69,0.8125,441,5579
large113_assisted,khot_error,1,70,0.8125,441,5595
large113_assisted,khot_error,1,71,0.8125,441,5615
large113_assisted,khot_error,1,72,0.8125,441,5624
large113_assisted,khot_error,1,73,0.8125,443,5643
large113_assisted,khot_error,1,74,0.8304,445,5669
large113_assisted,khot_error,1,75,0.8304,445,5681
large113_assisted,khot_error,1,76,0.8304,445,5684
large113_assisted,khot_error,1,77,0.8482,447,5707
large113_assisted,khot_error,1,78,0.8482,447,5713
large113_assisted,khot_error,1,79,0.8571,452,5740
large113_assisted,khot_error,1,80,0.8571,452,5757
large113_assisted,khot_error,1,81,0.8304,455,5786
large113_assisted,khot_error,1,82,0.8125,456,5791
large113_assisted,khot_error,1,83,0.8214,461,6136
large113_assisted,khot_error,1,84,0.8214,461,6147
large113_assisted,khot_error,1,85,0.8482,468,6171
large113_assisted,khot_error,1,86,0.8482,468,6176
large113_assisted,khot_error,1,87,0.8482,468,6190
large113_assisted,khot_error,1,88,0.8482,468,6208
large113_assisted,khot_error,1,89,0.8839,469,6233
large113_assisted,khot_error,1,90,0.8839,469,6236
large113_assisted,khot_error,1,91,0.8839,469,6240
large113_assisted,khot_error,1,92,0.8571,473,6586
large113_assisted,khot_error,1,93,0.8571,473,6609
large113_assisted,khot_error,1,94,0.8571,473,6612
large113_assisted,khot_error,1,95,0.8571,473,6618
large113_assisted,khot_error,1,96,0.8571,473,6642
large113_assisted,khot_error,1,97,0.8571,473,6651
large113_assisted,khot_error,1,98,0.8482,474,6663
large113_assisted,khot_error,1,99,0.8571,475,6686
large113_assisted,khot_error,1,100,0.8571,475,6710
large113_assisted,khot_error,1,101,0.8571,475,6727
large113_assisted,khot_error,1,102,0.8571,475,6740
large113_assisted,khot_error,1,103,0.8661,476,6756
large113_assisted,khot_error,1,104,0.8661,476,6767
large113_assisted,khot_error,1,105,0.8661,476,6781
large113_assisted,khot_error,1,106,0.8661,476,6798
large113_assisted,khot_error,1,107,0.8661,476,6814
large113_assisted,khot_error,1,108,0.8661,476,6835
large113_assisted,khot_error,1,109,0.8661,476,6856
large113_assisted,khot_error,1,110,0.8839,477,6885
large113_assisted,khot_error,1,111,0.8571,481,7213
large113_assisted,khot_error,1,112,0.8661,489,7555
large113_assisted,khot_error,1,113,0.8750,494,7579
large113_assisted,khot_error,1,114,0.8929,496,7732
large113_assisted,khot_error,1,115,0.9018,497,7754
large113_assisted,khot_error,1,116,0.9018,497,7773
large113_assisted,khot_error,1,117,0.9018,497,7776
large113_assisted,khot_error,1,118,0.9018,497,7802
large113_assisted,khot_error,1,119,0.8929,504,7917
large113_assisted,khot_error,1,120,0.8929,504,7923
large113_assisted,khot_error,1,121,0.9196,509,7947
large113_assisted,khot_error,1,122,0.9196,509,7974
large113_assisted,khot_error,1,123,0.9196,509,7991
large113_assisted,khot_error,1,124,0.9196,509,8007
large113_assisted,khot_error,1,125,0.9196,509,8023
large113_assisted,khot_error,1,126,0.9196,509,8032
large113_assisted,khot_error,1,127,0.9196,509,8043
large113_assisted,khot_error,1,128,0.9196,509,8061
large113_assisted,khot_error,1,129,0.9196,509,8082
large113_assisted,khot_error,1,130,0.9196,509,8083
large113_assisted,khot_error,1,131,0.9196,509,8090
large113_assisted,khot_error,1,132,0.9196,509,8110
large113_assisted,khot_error,1,133,0.9196,509,8129
large113_assisted,khot_error,1,134,0.9196,510,8478
large113_assisted,khot_error,1,135,0.9196,510,8487
large113_assisted,khot_error,1,136,0.9196,510,8488
large113_assisted,khot_error,1,137,0.9196,510,8494
large113_assisted,khot_error,1,138,0.9107,511,8517
large113_assisted,khot_error,1,139,0.9107,511,8519
large113_assisted,khot_error,1,140,0.9107,511,8531
large113_assisted,khot_error,1,141,0.9107,511,8556
large113_assisted,khot_error,1,142,0.9107,511,8582
large113_assisted,khot_error,1,143,0.9107,511,8589
large113_assisted,khot_error,1,144,0.9018,516,8614
large113_assisted,khot_error,1,145,0.9018,516,8619
large113_assisted,khot_error,1,146,0.9018,516,8646
large113_assisted,khot_error,1,147,0.9018,516,8674
large113_assisted,khot_error,1,148,0.9018,516,8689
large113_assisted,khot_error,1,149,0.9018,516,8708
large113_assisted,khot_error,1,150,0.9018,516,8733
large113_assisted,khot_error,1,151,0.9018,516,8756
large113_assisted,khot_error,1,152,0.9196,517,8772
large113_assisted,khot_error,1,153,0.9286,519,8801
large113_assisted,khot_error,1,154,0.9286,519,8826
large113_assisted,khot_error,1,155,0.9286,519,8851
large113_assisted,khot_error,1,156,0.9286,519,8881
large113_assisted,khot_error,1,157,0.9286,523,8902
large113_assisted,khot_error,1,158,0.9286,523,8909
large113_assisted,khot_error,1,159,0.9286,523,8923
large113_assisted,khot_error,1,160,0.9286,523,8931
large113_assisted,khot_error,1,161,0.9286,523,8955
large113_assisted,khot_error,1,162,0.9286,523,8968
large113_assisted,khot_error,1,163,0.9286,523,8983
large113_assisted,khot_error,1,164,0.9375,524,9010
large113_assisted,khot_error,1,165,0.9018,526,9277
large113_assisted,khot_error,1,166,0.9018,526,9297
large113_assisted,khot_error,1,167,0.9018,526,9305
large113_assisted,khot_error,1,168,0.9375,528,9331
large113_assisted,khot_error,1,169,0.9375,528,9342
large113_assisted,khot_error,1,170,0.9375,528,9348
large113_assisted,khot_error,1,171,0.9375,528,9352
large113_assisted,khot_error,1,172,0.9375,528,9370
large113_assisted,khot_error,1,173,0.9375,528,9377
large113_assisted,khot_error,1,174,0.9375,528,9394
large113_assisted,khot_error,1,175,0.9375,528,9419
large113_assisted,khot_error,1,176,0.9464,529,9442
large113_assisted,khot_error,1,177,0.9554,530,9461
large113_assisted,khot_error,1,178,0.9554,530,9486
large113_assisted,khot_error,1,179,0.9554,531,9514
large113_assisted,khot_error,1,180,0.9554,531,9541
large113_assisted,khot_error,1,181,0.9554,531,9557
large113_assisted,khot_error,1,182,0.9554,531,9586
large113_assisted,khot_error,1,183,0.9554,531,9608
large113_assisted,khot_error,1,184,0.9464,532,9957
large113_assisted,khot_error,1,185,0.9464,532,9966
large113_assisted,khot_error,1,186,0.9464,532,9972
large113_assisted,khot_error,1,187,0.9464,532,9976
large113_assisted,khot_error,1,188,0.9464,532,9991
large113_assisted,khot_error,1,189,0.9375,533,10016
large113_assisted,khot_error,1,190,0.9375,533,10027
large113_assisted,khot_error,1,191,0.9375,533,10041
large113_assisted,khot_error,1,192,0.9375,533,10058
large113_assisted,khot_error,1,193,0.9375,533,10062
large113_assisted,khot_error,1,194,0.9375,533,10089
large113_assisted,khot_error,1,195,0.9375,535,10116
large113_assisted,khot_error,1,196,0.9018,536,10143
large113_assisted,khot_error,1,197,0.9018,536,10156
large113_assisted,khot_error,1,198,0.9196,539,10180
large113_assisted,khot_error,1,199,0.9196,539,10191
large113_assisted,khot_error,1,200,0.9196,539,10208
large113_assisted,khot_error,1,201,0.9196,539,10235
large113_assisted,khot_error,1,202,0.9196,539,10257
large113_assisted,khot_error,1,203,0.9196,539,10274
large113_assisted,khot_error,1,204,0.9196,539,10297
large113_assisted,khot_error,1,205,0.9196,539,10320
large113_assisted,khot_error,1,206,0.9196,539,10335
large113_assisted,khot_error,1,207,0.9196,539,10355
large113_assisted,khot_error,1,208,0.9196,539,10374
large113_assisted,khot_error,1,209,0.9196,539,10399
large113_assisted,khot_error,1,210,0.9196,539,10404
large113_assisted,khot_error,1,211,0.9196,539,10427
large113_assisted,khot_error,1,212,0.9196,539,10428
large113_assisted,khot_error,1,213,0.9196,539,10445
large113_assisted,khot_error,1,214,0.9196,539,10456
large113_assisted,khot_error,1,215,0.9196,539,10473
large113_assisted,khot_error,1,216,0.9196,539,10486
large113_assisted,khot_error,1,217,0.9196,539,10510
large113_assisted,khot_error,1,218,0.9196,539,10527
large113_assisted,khot_error,1,219,0.9196,539,10532
large113_assisted,khot_error,1,220,0.9196,539,10553
large113_assisted,khot_error,1,221,0.9196,539,10567
large113_assisted,khot_error,1,222,0.9196,539,10573
large113_assisted,khot_error,1,223,0.9196,539,10585
large113_assisted,khot_error,1,224,0.9196,539,10598
large113_assisted,khot_error,1,225,0.9196,539,10609
large113_assisted,khot_error,1,226,0.9196,539,10633
large113_assisted,khot_error,1,227,0.9375,541,10650
large113_assisted,khot_error,1,228,0.9375,541,10667
large113_assisted,khot_error,1,229,0.9375,541,10683
large113_assisted,khot_error,1,230,0.9196,542,10690
large113_assisted,khot_error,1,231,0.9196,542,10717
large113_assisted,khot_error,1,232,0.9018,544,10746
large113_assisted,khot_error,1,233,0.9018,544,10754
large113_assisted,khot_error,1,234,0.9107,545,10780
large113_assisted,khot_error,1,235,0.9286,546,10800
large113_assisted,khot_error,1,236,0.9107,549,10823
large113_assisted,khot_error,1,237,0.9107,549,10840
large113_assisted,khot_error,1,238,0.9107,549,10843
large113_assisted,khot_error,1,239,0.9196,550,10866
large113_assisted,khot_error,1,240,0.9196,550,10895
large113_assisted,khot_error,1,241,0.9196,550,10907
large113_assisted,khot_error,1,242,0.9196,552,11255
large113_assisted,khot_error,1,243,0.9196,553,11281
large113_assisted,khot_error,1,244,0.9196,553,11284
large113_assisted,khot_error,1,245,0.9196,553,11312
large113_assisted,khot_error,1,246,0.9196,553,11338
large113_assisted,khot_error,1,247,0.9196,553,11353
large113_assisted,khot_error,1,248,0.9196,553,11368
large113_assisted,khot_error,1,249,0.9375,555,11392
large113_assisted,khot_error,1,250,0.9375,555,11416
large113_assisted,khot_error,1,251,0.9375,555,11428
large113_assisted,khot_error,1,252,0.9375,555,11449
large113_assisted,khot_error,1,253,0.9375,555,11470
large113_assisted,khot_error,1,254,0.9375,555,11485
large113_assisted,khot_error,1,255,0.9375,555,11492
large113_assisted,khot_error,1,256,0.9375,555,11510
large113_assisted,khot_error,1,257,0.9375,555,11533
large113_assisted,khot_error,1,258,0.9375,555,11558
large113_assisted,khot_error,1,259,0.9375,555,11573
large113_assisted,khot_error,1,260,0.9375,555,11596
large113_assisted,khot_error,1,261,0.9375,556,11610
large113_assisted,khot_error,1,262,0.9375,556,11630
large113_assisted,khot_error,1,263,0.9375,556,11652
large113_assisted,khot_error,1,264,0.9375,556,11679
large113_assisted,khot_error,1,265,0.9375,556,11696
large113_assisted,khot_error,1,266,0.9375,556,11707
large113_assisted,khot_error,1,267,0.9375,556,11714
large113_assisted,khot_error,1,268,0.9375,556,11739
large113_assisted,khot_error,1,269,0.9375,556,11750
large113_assisted,khot_error,1,270,0.9375,556,11754
large113_assisted,khot_error,1,271,0.9375,556,11761
large113_assisted,khot_error,1,272,0.9375,556,11768
large113_assisted,khot_error,1,273,0.9375,556,11792
large113_assisted,khot_error,1,274,0.9375,556,11794
large113_assisted,khot_error,1,275,0.9375,556,11797
large113_assisted,khot_error,1,276,0.9375,556,11802
large113_assisted,khot_error,1,277,0.9375,556,11808
large113_assisted,khot_error,1,278,0.9375,558,11830
large113_assisted,khot_error,1,279,0.9375,558,11850
large113_assisted,khot_error,1,280,0.9375,558,11871
large113_assisted,khot_error,1,281,0.9375,558,11898
large113_assisted,khot_error,1,282,0.9375,558,11920
large113_assisted,khot_error,1,283,0.9375,558,11925
large113_assisted,khot_error,1,284,0.9375,558,11931
large113_assisted,khot_error,1,285,0.9375,558,11958
large113_assisted,khot_error,1,286,0.9375,558,11984
large113_assisted,khot_error,1,287,0.9286,559,12011
large113_assisted,khot_error,1,288,0.9286,559,12013
large113_assisted,khot_error,1,289,0.9286,559,12023
large113_assisted,khot_error,1,290,0.9286,559,12024
large113_assisted,khot_error,1,291,0.9286,559,12033
large113_assisted,khot_error,1,292,0.9286,559,12058
large113_assisted,khot_error,1,293,0.9286,559,12082
large113_assisted,khot_error,1,294,0.9286,559,12111
large113_assisted,khot_error,1,295,0.9286,559,12127
large113_assisted,khot_error,1,296,0.9286,559,12141
large113_assisted,khot_error,1,297,0.9286,559,12158
large113_assisted,khot_error,1,298,0.9286,559,12171
large113_assisted,khot_error,1,299,0.9286,559,12195
large113_assisted,khot_error,1,300,0.9375,560,12219
large113_assisted,khot_error,1,301,0.9375,560,12237
large113_assisted,khot_error,1,302,0.9375,560,12243
large113_assisted,khot_error,1,303,0.9375,560,12261
large113_assisted,khot_error,1,304,0.9375,560,12285
large113_assisted,khot_error,1,305,0.9375,560,12300
large113_assisted,khot_error,1,306,0.9375,560,12307
large113_assisted,khot_error,1,307,0.9375,560,12312
large113_assisted,khot_error,1,308,0.9375,560,12336
large113_assisted,khot_error,1,309,0.9375,560,12362
large113_assisted,khot_error,1,310,0.9375,560,12380
large113_assisted,khot_error,1,311,0.9375,560,12387
large113_assisted,khot_error,1,312,0.9375,560,12410
large113_assisted,khot_error,1,313,0.9375,560,12440
large113_assisted,khot_error,1,314,0.9375,560,12451
large113_assisted,khot_error,1,315,0.9375,560,12475
large113_assisted,khot_error,1,316,0.9375,560,12492
large113_assisted,khot_error,1,317,0.9375,560,12513
large113_assisted,khot_error,1,318,0.9375,560,12542
large113_assisted,khot_error,1,319,0.9286,566,12719
large113_assisted,khot_error,1,320,0.9464,568,12740
large113_assisted,khot_error,1,321,0.9464,569,13089
large113_assisted,khot_error,1,322,0.9464,569,13116
large113_assisted,khot_error,1,323,0.9464,569,13139
large113_assisted,khot_error,1,324,0.9375,570,13150
large113_assisted,khot_error,1,325,0.9375,570,13172
large113_assisted,khot_error,1,326,0.9286,575,13198
large113_assisted,khot_error,1,327,0.9286,575,13222
large113_assisted,khot_error,1,328,0.9286,575,13249
large113_assisted,khot_error,1,329,0.9286,575,13276
large113_assisted,khot_error,1,330,0.9286,575,13305
large113_assisted,khot_error,1,331,0.9286,575,13311
large113_assisted,khot_error,1,332,0.9286,575,13324
large113_assisted,khot_error,1,333,0.9286,575,13347
large113_assisted,khot_error,1,334,0.9286,575,13361
large113_assisted,khot_error,1,335,0.9286,575,13362
large113_assisted,khot_error,1,336,0.9286,575,13386
large113_assisted,khot_error,1,337,0.9286,575,13410
large113_assisted,khot_error,1,338,0.9286,575,13432
large113_assisted,khot_error,1,339,0.9286,575,13449
large113_assisted,khot_error,1,340,0.9286,575,13452
large113_assisted,khot_error,1,341,0.9286,575,13473
large113_assisted,khot_error,1,342,0.9375,577,13502
large113_assisted,khot_error,1,343,0.9464,578,13508
large113_assisted,khot_error,1,344,0.9464,578,13533
large113_assisted,khot_error,1,345,0.9554,580,13560
large113_assisted,khot_error,1,346,0.9554,580,13561
large113_assisted,khot_error,1,347,0.9554,580,13578
large113_assisted,khot_error,1,348,0.9554,580,13598
large113_assisted,khot_error,1,349,0.9554,580,13621
large113_assisted,khot_error,1,350,0.9554,580,13641
large113_assisted,khot_error,1,351,0.9554,580,13667
large113_assisted,khot_error,1,352,0.9554,580,13698
large113_assisted,khot_error,1,353,0.9554,580,13716
large113_assisted,khot_error,1,354,0.9554,580,13719
large113_assisted,khot_error,1,355,0.9554,580,13739
large113_assisted,khot_error,1,356,0.9554,580,13745
large113_assisted,khot_error,1,357,0.9554,580,13767
large113_assisted,khot_error,1,358,0.9554,580,13796
large113_assisted,khot_error,1,359,0.9554,580,13825
large113_assisted,khot_error,1,360,0.9554,580,13846
large113_assisted,khot_error,1,361,0.9554,580,13868
large113_assisted,khot_error,1,362,0.9554,580,13892
large113_assisted,khot_error,1,363,0.9554,580,13916
large113_assisted,khot_error,1,364,0.9554,580,13932
large113_assisted,khot_error,1,365,0.9554,580,13940
large113_assisted,khot_error,1,366,0.9554,580,13947
large113_assisted,khot_error,1,367,0.9554,580,13962
large113_assisted,khot_error,1,368,0.9554,580,13966
large113_assisted,khot_error,1,369,0.9554,580,13983
large113_assisted,khot_error,1,370,0.9554,580,13985
large113_assisted,khot_error,1,371,0.9554,580,14000
large113_assisted,khot_error,1,372,0.9554,580,14008
large113_assisted,khot_error,1,373,0.9554,580,14029
large113_assisted,khot_error,1,374,0.9554,580,14036
large113_assisted,khot_error,1,375,0.9554,580,14048
large113_assisted,khot_error,1,376,0.9554,580,14073
large113_assisted,khot_error,1,377,0.9554,580,14097
large113_assisted,khot_error,1,378,0.9554,580,14107
large113_assisted,khot_error,1,379,0.9554,580,14120
large113_assisted,khot_error,1,380,0.9554,580,14144
large113_assisted,khot_error,1,381,0.9554,580,14172
large113_assisted,khot_error,1,382,0.9643,581,14202
large113_assisted,khot_error,1,383,0.9643,581,14219
large113_assisted,khot_error,1,384,0.9643,581,14243
large113_assisted,khot_error,1,385,0.9643,581,14258
large113_assisted,khot_error,1,386,0.9643,581,14270
large113_assisted,khot_error,1,387,0.9375,585,14298
large113_assisted,khot_error,1,388,0.9375,585,14311
large113_assisted,khot_error,1,389,0.9375,585,14334
large113_assisted,khot_error,1,390,0.9375,585,14684
large113_assisted,khot_error,1,391,0.9375,585,14708
large113_assisted,khot_error,1,392,0.9375,585,14732
large113_assisted,khot_error,1,393,0.9554,586,14742
large113_assisted,khot_error,1,394,0.9554,589,14772
large113_assisted,khot_error,1,395,0.9554,589,14787
large113_assisted,khot_error,1,396,0.9554,589,14815
large113_assisted,khot_error,1,397,0.9554,589,14836
large113_assisted,khot_error,1,398,0.9554,592,14859
large113_assisted,khot_error,1,399,0.9554,592,14869
large113_assisted,khot_decay,1,0,0.4196,350,0
large113_assisted,khot_decay,1,1,0.4643,688,12
large113_assisted,khot_decay,1,2,0.4821,795,12
large113_assisted,khot_decay,1,3,0.4821,1049,108
large113_assisted,khot_decay,1,4,0.5179,1302,205
large113_assisted,khot_decay,1,5,0.5000,1559,298
large113_assisted,khot_decay,1,6,0.5000,1733,298
large113_assisted,khot_decay,1,7,0.5000,1734,298
large113_assisted,khot_decay,1,8,0.4911,1769,613
large113_assisted,khot_decay,1,9,0.4911,1856,876
large113_assisted,khot_decay,1,10,0.5000,1918,1164
large113_assisted,khot_decay,1,11,0.5000,2048,1384
large113_assisted,khot_decay,1,12,0.4821,2172,1610
large113_assisted,khot_decay,1,13,0.4732,2286,1846
large113_assisted,khot_decay,1,14,0.4821,2329,2153
large113_assisted,khot_decay,1,15,0.4821,2360,2472
large113_assisted,khot_decay,1,16,0.4821,2396,2786
large113_assisted,khot_decay,1,17,0.4821,2475,3057
large113_assisted,khot_decay,1,18,0.4732,2509,3373
large113_assisted,khot_decay,1,19,0.4732,2526,3706
large113_assisted,khot_decay,1,20,0.4821,2605,3977
large113_assisted,khot_decay,1,21,0.4821,2674,4258
large113_assisted,khot_decay,1,22,0.4821,2676,4258
large113_assisted,khot_decay,1,23,0.4821,2678,4258
large113_assisted,khot_decay,1,24,0.4732,2725,4561
large113_assisted,khot_decay,1,25,0.4732,2775,4861
large113_assisted,khot_decay,1,26,0.4732,2859,5127
large113_assisted,khot_decay,1,27,0.4732,2877,5459
large113_assisted,khot_decay,1,28,0.4732,2892,5794
large113_assisted,khot_decay,1,29,0.4732,2950,6086
large113_assisted,khot_decay,1,30,0.4732,2952,6087
large113_assisted,khot_decay,1,31,0.4732,2980,6409
large113_assisted,khot_decay,1,32,0.4732,3000,6739
large113_assisted,khot_decay,1,33,0.4732,3038,7051
large113_assisted,khot_decay,1,34,0.4732,3064,7375
large113_assisted,khot_decay,1,35,0.4732,3102,7687
large113_assisted,khot_decay,1,36,0.4821,3124,8015
large113_assisted,khot_decay,1,37,0.4732,3149,8340
large113_assisted,khot_decay,1,38,0.4554,3265,8574
large113_assisted,khot_decay,1,39,0.4554,3286,8903
large113_assisted,khot_decay,1,40,0.4554,3332,9207
large113_assisted,khot_decay,1,41,0.4554,3355,9534
large113_assisted,khot_decay,1,42,0.4554,3438,9801
large113_assisted,khot_decay,1,43,0.4554,3480,10109
large113_assisted,khot_decay,1,44,0.4554,3481,10109
large113_assisted,khot_decay,1,45,0.4554,3504,10436
large113_assisted,khot_decay,1,46,0.4554,3530,10760
large113_assisted,khot_decay,1,47,0.4554,3543,11097
large113_assisted,khot_decay,1,48,0.4554,3570,11420
large113_assisted,khot_decay,1,49,0.4375,3617,11723
large113_assisted,khot_decay,1,50,0.4375,3639,12051
large113_assisted,khot_decay,1,51,0.4375,3670,12370
large113_assisted,khot_decay,1,52,0.4375,3717,12673
large113_assisted,khot_decay,1,53,0.4375,3733,13007
large113_assisted,khot_decay,1,54,0.4375,3757,13333
large113_assisted,khot_decay,1,55,0.4464,3779,13661
large113_assisted,khot_decay,1,56,0.4464,3805,13985
large113_assisted,khot_decay,1,57,0.4286,3892,14248
large113_assisted,khot_decay,1,58,0.4286,3927,14563
large113_assisted,khot_decay,1,59,0.4286,3957,14883
large113_assisted,khot_decay,1,60,0.4286,4007,15183
large113_assisted,khot_decay,1,61,0.4286,4034,15506
large113_assisted,khot_decay,1,62,0.4286,4070,15820
large113_assisted,khot_decay,1,63,0.4286,4093,16147
large113_assisted,khot_decay,1,64,0.4286,4113,16477
large113_assisted,khot_decay,1,65,0.4286,4131,16809
large113_assisted,khot_decay,1,66,0.4286,4149,17141
large113_assisted,khot_decay,1,67,0.4286,4174,17466
large113_assisted,khot_decay,1,68,0.4286,4192,17798
large113_assisted,khot_decay,1,69,0.4286,4206,18134
large113_assisted,khot_decay,1,70,0.4286,4222,18468
large113_assisted,khot_decay,1,71,0.4286,4240,18800
large113_assisted,khot_decay,1,72,0.4286,4277,19113
large113_assisted,khot_decay,1,73,0.4286,4307,19433
large113_assisted,khot_decay,1,74,0.4286,4331,19759
large113_assisted,khot_decay,1,75,0.4286,4355,20085
large113_assisted,khot_decay,1,76,0.4286,4380,20410
large113_assisted,khot_decay,1,77,0.4286,4403,20737
large113_assisted,khot_decay,1,78,0.4286,4417,21073
large113_assisted,khot_decay,1,79,0.4464,4508,21332
large113_assisted,khot_decay,1,80,0.4464,4528,21662
large113_assisted,khot_decay,1,81,0.4464,4552,21988
large113_assisted,khot_decay,1,82,0.4375,4583,22307
large113_assisted,khot_decay,1,83,0.4375,4598,22642
large113_assisted,khot_decay,1,84,0.4375,4659,22931
large113_assisted,khot_decay,1,85,0.4375,4680,23260
large113_assisted,khot_decay,1,86,0.4375,4692,23598
large113_assisted,khot_decay,1,87,0.4375,4713,23927
large113_assisted,khot_decay,1,88,0.4375,4728,24262
large113_assisted,khot_decay,1,89,0.4375,4748,24592
large113_assisted,khot_decay,1,90,0.4375,4777,24913
large113_assisted,khot_decay,1,91,0.4375,4800,25194
large113_assisted,khot_decay,1,92,0.4375,4828,25516
large113_assisted,khot_decay,1,93,0.4375,4841,25853
large113_assisted,khot_decay,1,94,0.4375,4855,25931
large113_assisted,khot_decay,1,95,0.4375,4867,26269
large113_assisted,khot_decay,1,96,0.4375,4889,26597
large113_assisted,khot_decay,1,97,0.4286,4922,26914
large113_assisted,khot_decay,1,98,0.4286,4944,27242
large113_assisted,khot_decay,1,99,0.4286,4962,27574
large113_assisted,khot_decay,1,100,0.4286,4982,27904
large113_assisted,khot_decay,1,101,0.4286,4995,28241
large113_assisted,khot_decay,1,102,0.4286,5012,28574
large113_assisted,khot_decay,1,103,0.4286,5030,28906
large113_assisted,khot_decay,1,104,0.4286,5042,29244
large113_assisted,khot_decay,1,105,0.4286,5061,29575
large113_assisted,khot_decay,1,106,0.4286,5076,29910
large113_assisted,khot_decay,1,107,0.4286,5101,30235
large113_assisted,khot_decay,1,108,0.4286,5113,30573
large113_assisted,khot_decay,1,109,0.4286,5127,30909
large113_assisted,khot_decay,1,110,0.4196,5161,31225
large113_assisted,khot_decay,1,111,0.4196,5180,31556
large113_assisted,khot_decay,1,112,0.4196,5209,31877
large113_assisted,khot_decay,1,113,0.4196,5238,32198
large113_assisted,khot_decay,1,114,0.4196,5262,32524
large113_assisted,khot_decay,1,115,0.4196,5286,32850
large113_assisted,khot_decay,1,116,0.4196,5320,33166
large113_assisted,khot_decay,1,117,0.4196,5345,33491
large113_assisted,khot_decay,1,118,0.4196,5363,33823
large113_assisted,khot_decay,1,119,0.4196,5376,34160
large113_assisted,khot_decay,1,120,0.4196,5395,34491
large113_assisted,khot_decay,1,121,0.4286,5420,34816
large113_assisted,khot_decay,1,122,0.4196,5434,35152
large113_assisted,khot_decay,1,123,0.4286,5453,35483
large113_assisted,khot_decay,1,124,0.4286,5472,35814
large113_assisted,khot_decay,1,125,0.4196,5491,36145
large113_assisted,khot_decay,1,126,0.4196,5515,36471
large113_assisted,khot_decay,1,127,0.4196,5541,36795
large113_assisted,khot_decay,1,128,0.4196,5569,37117
large113_assisted,khot_decay,1,129,0.4107,5587,37449
large113_assisted,khot_decay,1,130,0.4107,5588,37449
large113_assisted,khot_decay,1,131,0.4107,5629,37758
large113_assisted,khot_decay,1,132,0.4107,5649,38088
large113_assisted,khot_decay,1,133,0.4107,5675,38412
large113_assisted,khot_decay,1,134,0.4107,5695,38742
large113_assisted,khot_decay,1,135,0.4107,5721,39066
large113_assisted,khot_decay,1,136,0.4107,5732,39066
large113_assisted,khot_decay,1,137,0.4107,5786,39330
large113_assisted,khot_decay,1,138,0.4107,5796,39670
large113_assisted,khot_decay,1,139,0.4107,5798,39670
large113_assisted,khot_decay,1,140,0.4107,5816,40002
large113_assisted,khot_decay,1,141,0.4107,5828,40340
large113_assisted,khot_decay,1,142,0.4107,5845,40673
large113_assisted,khot_decay,1,143,0.4107,5873,40995
large113_assisted,khot_decay,1,144,0.4107,5899,41319
large113_assisted,khot_decay,1,145,0.4107,5920,41648
large113_assisted,khot_decay,1,146,0.4107,5933,41985
large113_assisted,khot_decay,1,147,0.4018,5950,42318
large113_assisted,khot_decay,1,148,0.4018,5969,42649
large113_assisted,khot_decay,1,149,0.4018,5988,42980
large113_assisted,khot_decay,1,150,0.4018,6005,43313
large113_assisted,khot_decay,1,151,0.4018,6030,43638
large113_assisted,khot_decay,1,152,0.4018,6046,43972
large113_assisted,khot_decay,1,153,0.4018,6067,44301
large113_assisted,khot_decay,1,154,0.4018,6079,44639
large113_assisted,khot_decay,1,155,0.4018,6097,44971
large113_assisted,khot_decay,1,156,0.4018,6115,45303
large113_assisted,khot_decay,1,157,0.4018,6130,45638
large113_assisted,khot_decay,1,158,0.4018,6151,45967
large113_assisted,khot_decay,1,159,0.4018,6173,46295
large113_assisted,khot_decay,1,160,0.4018,6191,46627
large113_assisted,khot_decay,1,161,0.4018,6218,46950
large113_assisted,khot_decay,1,162,0.4018,6239,47279
large113_assisted,khot_decay,1,163,0.4018,6256,47612
large113_assisted,khot_decay,1,164,0.4018,6283,47935
large113_assisted,khot_decay,1,165,0.4018,6298,48270
large113_assisted,khot_decay,1,166,0.4018,6322,48596
large113_assisted,khot_decay,1,167,0.4018,6346,48922
large113_assisted,khot_decay,1,168,0.4018,6372,49246
large113_assisted,khot_decay,1,169,0.4018,6394,49574
large113_assisted,khot_decay,1,170,0.4018,6413,49905
large113_assisted,khot_decay,1,171,0.4018,6428,50240
large113_assisted,khot_decay,1,172,0.4018,6442,50576
large113_assisted,khot_decay,1,173,0.4018,6455,50913
large113_assisted,khot_decay,1,174,0.4018,6471,51247
large113_assisted,khot_decay,1,175,0.4018,6490,51578
large113_assisted,khot_decay,1,176,0.4018,6520,51898
large113_assisted,khot_decay,1,177,0.4018,6535,52233
large113_assisted,khot_decay,1,178,0.4018,6558,52560
large113_assisted,khot_decay,1,179,0.4018,6578,52890
large113_assisted,khot_decay,1,180,0.4018,6598,53220
large113_assisted,khot_decay,1,181,0.4018,6609,53559
large113_assisted,khot_decay,1,182,0.4018,6630,53888
large113_assisted,khot_decay,1,183,0.4018,6646,54222
large113_assisted,khot_decay,1,184,0.4018,6667,54551
large113_assisted,khot_decay,1,185,0.4018,6684,54884
large113_assisted,khot_decay,1,186,0.4018,6702,55216
large113_assisted,khot_decay,1,187,0.4018,6716,55369
large113_assisted,khot_decay,1,188,0.4018,6734,55701
large113_assisted,khot_decay,1,189,0.4018,6750,56035
large113_assisted,khot_decay,1,190,0.4018,6770,56365
large113_assisted,khot_decay,1,191,0.4018,6789,56696
large113_assisted,khot_decay,1,192,0.4018,6817,57018
large113_assisted,khot_decay,1,193,0.4018,6824,57095
large113_assisted,khot_decay,1,194,0.4018,6839,57430
large113_assisted,khot_decay,1,195,0.4018,6866,57753
large113_assisted,khot_decay,1,196,0.4018,6888,58081
large113_assisted,khot_decay,1,197,0.4018,6910,58409
large113_assisted,khot_decay,1,198,0.4018,6928,58741
large113_assisted,khot_decay,1,199,0.4018,6944,59075
large113_assisted,khot_decay,1,200,0.4018,6973,59396
large113_assisted,khot_decay,1,201,0.4018,6989,59730
large113_assisted,khot_decay,1,202,0.4018,7009,60060
large113_assisted,khot_decay,1,203,0.4018,7027,60392
large113_assisted,khot_decay,1,204,0.4018,7039,60730
large113_assisted,khot_decay,1,205,0.4018,7057,61062
large113_assisted,khot_decay,1,206,0.4018,7074,61395
large113_assisted,khot_decay,1,207,0.4018,7096,61723
large113_assisted,khot_decay,1,208,0.4018,7116,62053
large113_assisted,khot_decay,1,209,0.4018,7137,62382
large113_assisted,khot_decay,1,210,0.4018,7158,62711
large113_assisted,khot_decay,1,211,0.4018,7187,63032
large113_assisted,khot_decay,1,212,0.4018,7188,63032
large113_assisted,khot_decay,1,213,0.4018,7204,63366
large113_assisted,khot_decay,1,214,0.4018,7224,63696
large113_assisted,khot_decay,1,215,0.4018,7243,64027
large113_assisted,khot_decay,1,216,0.4018,7263,64357
large113_assisted,khot_decay,1,217,0.4018,7288,64682
large113_assisted,khot_decay,1,218,0.4018,7299,65021
large113_assisted,khot_decay,1,219,0.4018,7320,65350
large113_assisted,khot_decay,1,220,0.4018,7335,65685
large113_assisted,khot_decay,1,221,0.4018,7355,66015
large113_assisted,khot_decay,1,222,0.4018,7385,66335
large113_assisted,khot_decay,1,223,0.4018,7400,66670
large113_assisted,khot_decay,1,224,0.4018,7414,67006
large113_assisted,khot_decay,1,225,0.4018,7439,67331
large113_assisted,khot_decay,1,226,0.4018,7461,67659
large113_assisted,khot_decay,1,227,0.4018,7477,67993
large113_assisted,khot_decay,1,228,0.4018,7492,68328
large113_assisted,khot_decay,1,229,0.4018,7507,68663
large113_assisted,khot_decay,1,230,0.4018,7529,68991
large113_assisted,khot_decay,1,231,0.4018,7545,69325
large113_assisted,khot_decay,1,232,0.4018,7566,69654
large113_assisted,khot_decay,1,233,0.4018,7579,69991
large113_assisted,khot_decay,1,234,0.4018,7600,70320
large113_assisted,khot_decay,1,235,0.4018,7617,70653
large113_assisted,khot_decay,1,236,0.4018,7638,70982
large113_assisted,khot_decay,1,237,0.4018,7656,71314
large113_assisted,khot_decay,1,238,0.4018,7680,71640
large113_assisted,khot_decay,1,239,0.4018,7701,71969
large113_assisted,khot_decay,1,240,0.4018,7720,72300
large113_assisted,khot_decay,1,241,0.4018,7744,72626
large113_assisted,khot_decay,1,242,0.4018,7771,72949
large113_assisted,khot_decay,1,243,0.4018,7787,73283
large113_assisted,khot_decay,1,244,0.4018,7790,73338
large113_assisted,khot_decay,1,245,0.4018,7814,73664
large113_assisted,khot_decay,1,246,0.4018,7828,74000
large113_assisted,khot_decay,1,247,0.4018,7847,74331
large113_assisted,khot_decay,1,248,0.4018,7866,74662
large113_assisted,khot_decay,1,249,0.4018,7895,74983
large113_assisted,khot_decay,1,250,0.4018,7913,75315
large113_assisted,khot_decay,1,251,0.4018,7931,75647
large113_assisted,khot_decay,1,252,0.4018,7942,75986
large113_assisted,khot_decay,1,253,0.4018,7957,76321
large113_assisted,khot_decay,1,254,0.4018,7974,76654
large113_assisted,khot_decay,1,255,0.4018,7992,76986
large113_assisted,khot_decay,1,256,0.4018,8002,77326
large113_assisted,khot_decay,1,257,0.4018,8022,77656
large113_assisted,khot_decay,1,258,0.4018,8038,77990
large113_assisted,khot_decay,1,259,0.4018,8052,78326
large113_assisted,khot_decay,1,260,0.4018,8065,78663
large113_assisted,khot_decay,1,261,0.4018,8098,78980
large113_assisted,khot_decay,1,262,0.4018,8116,79312
large113_assisted,khot_decay,1,263,0.4018,8134,79644
large113_assisted,khot_decay,1,264,0.4018,8152,79976
large113_assisted,khot_decay,1,265,0.4018,8162,80316
large113_assisted,khot_decay,1,266,0.4018,8183,80645
large113_assisted,khot_decay,1,267,0.4018,8205,80973
large113_assisted,khot_decay,1,268,0.4018,8230,81298
large113_assisted,khot_decay,1,269,0.4018,8250,81628
large113_assisted,khot_decay,1,270,0.4018,8269,81959
large113_assisted,khot_decay,1,271,0.4018,8287,82291
large113_assisted,khot_decay,1,272,0.4018,8309,82619
large113_assisted,khot_decay,1,273,0.4018,8329,82949
large113_assisted,khot_decay,1,274,0.4018,8330,82950
large113_assisted,khot_decay,1,275,0.4018,8348,83282
large113_assisted,khot_decay,1,276,0.4018,8366,83614
large113_assisted,khot_decay,1,277,0.4018,8379,83740
large113_assisted,khot_decay,1,278,0.4018,8395,84074
large113_assisted,khot_decay,1,279,0.4018,8409,84410
large113_assisted,khot_decay,1,280,0.4018,8432,84737
large113_assisted,khot_decay,1,281,0.4018,8453,85066
large113_assisted,khot_decay,1,282,0.3929,8472,85397
large113_assisted,khot_decay,1,283,0.3929,8487,85732
large113_assisted,khot_decay,1,284,0.3929,8502,86067
large113_assisted,khot_decay,1,285,0.3929,8525,86394
large113_assisted,khot_decay,1,286,0.3929,8543,86726
large113_assisted,khot_decay,1,287,0.3929,8567,87052
large113_assisted,khot_decay,1,288,0.3929,8586,87383
large113_assisted,khot_decay,1,289,0.3929,8602,87717
large113_assisted,khot_decay,1,290,0.3929,8603,87717
large113_assisted,khot_decay,1,291,0.3929,8624,88046
large113_assisted,khot_decay,1,292,0.3929,8639,88381
large113_assisted,khot_decay,1,293,0.3929,8654,88716
large113_assisted,khot_decay,1,294,0.3929,8673,89047
large113_assisted,khot_decay,1,295,0.3929,8691,89379
large113_assisted,khot_decay,1,296,0.3929,8711,89709
large113_assisted,khot_decay,1,297,0.3929,8725,90045
large113_assisted,khot_decay,1,298,0.3929,8744,90376
large113_assisted,khot_decay,1,299,0.3929,8761,90709
large113_assisted,khot_decay,1,300,0.3929,8783,91037
large113_assisted,khot_decay,1,301,0.3929,8803,91367
large113_assisted,khot_decay,1,302,0.3929,8819,91701
large113_assisted,khot_decay,1,303,0.3929,8836,92034
large113_assisted,khot_decay,1,304,0.3929,8850,92370
large113_assisted,khot_decay,1,305,0.3929,8873,92697
large113_assisted,khot_decay,1,306,0.3929,8896,93024
large113_assisted,khot_decay,1,307,0.3929,8916,93354
large113_assisted,khot_decay,1,308,0.3929,8935,93685
large113_assisted,khot_decay,1,309,0.3929,8950,94020
large113_assisted,khot_decay,1,310,0.3929,8971,94349
large113_assisted,khot_decay,1,311,0.3929,8995,94675
large113_assisted,khot_decay,1,312,0.3929,9018,95002
large113_assisted,khot_decay,1,313,0.3929,9039,95331
large113_assisted,khot_decay,1,314,0.3929,9056,95664
large113_assisted,khot_decay,1,315,0.3929,9079,95991
large113_assisted,khot_decay,1,316,0.3929,9095,96325
large113_assisted,khot_decay,1,317,0.3929,9113,96657
large113_assisted,khot_decay,1,318,0.3929,9135,96985
large113_assisted,khot_decay,1,319,0.3929,9155,97315
large113_assisted,khot_decay,1,320,0.3929,9174,97646
large113_assisted,khot_decay,1,321,0.3929,9194,97976
large113_assisted,khot_decay,1,322,0.3929,9212,98308
large113_assisted,khot_decay,1,323,0.3929,9228,98642
large113_assisted,khot_decay,1,324,0.3929,9251,98969
large113_assisted,khot_decay,1,325,0.3929,9266,99304
large113_assisted,khot_decay,1,326,0.3929,9285,99635
large113_assisted,khot_decay,1,327,0.3929,9306,99964
large113_assisted,khot_decay,1,328,0.3929,9328,100292
large113_assisted,khot_decay,1,329,0.3929,9349,100621
large113_assisted,khot_decay,1,330,0.3929,9371,100949
large113_assisted,khot_decay,1,331,0.3929,9391,101279
large113_assisted,khot_decay,1,332,0.3929,9410,101610
large113_assisted,khot_decay,1,333,0.3929,9436,101934
large113_assisted,khot_decay,1,334,0.3929,9452,102268
large113_assisted,khot_decay,1,335,0.3929,9453,102268
large113_assisted,khot_decay,1,336,0.3929,9470,102601
large113_assisted,khot_decay,1,337,0.3929,9489,102932
large113_assisted,khot_decay,1,338,0.3929,9512,103259
large113_assisted,khot_decay,1,339,0.3929,9528,103593
large113_assisted,khot_decay,1,340,0.3929,9549,103922
large113_assisted,khot_decay,1,341,0.3929,9565,104256
large113_assisted,khot_decay,1,342,0.3929,9586,104585
large113_assisted,khot_decay,1,343,0.3929,9601,104920
large113_assisted,khot_decay,1,344,0.3929,9619,105252
large113_assisted,khot_decay,1,345,0.3929,9634,105587
large113_assisted,khot_decay,1,346,0.3929,9635,105587
large113_assisted,khot_decay,1,347,0.3929,9652,105920
large113_assisted,khot_decay,1,348,0.3929,9671,106251
large113_assisted,khot_decay,1,349,0.3929,9689,106583
large113_assisted,khot_decay,1,350,0.3929,9709,106913
large113_assisted,khot_decay,1,351,0.3929,9724,107248
large113_assisted,khot_decay,1,352,0.4018,9741,107581
large113_assisted,khot_decay,1,353,0.4018,9753,107919
large113_assisted,khot_decay,1,354,0.4018,9755,107938
large113_assisted,khot_decay,1,355,0.4018,9775,108268
large113_assisted,khot_decay,1,356,0.4018,9795,108598
large113_assisted,khot_decay,1,357,0.4018,9814,108929
large113_assisted,khot_decay,1,358,0.4018,9834,109259
large113_assisted,khot_decay,1,359,0.4018,9853,109590
large113_assisted,khot_decay,1,360,0.4018,9870,109923
large113_assisted,khot_decay,1,361,0.4018,9887,110256
large113_assisted,khot_decay,1,362,0.4018,9908,110585
large113_assisted,khot_decay,1,363,0.4018,9924,110919
large113_assisted,khot_decay,1,364,0.4018,9939,111254
large113_assisted,khot_decay,1,365,0.4018,9957,111586
large113_assisted,khot_decay,1,366,0.4018,9978,111915
large113_assisted,khot_decay,1,367,0.4018,9996,112247
large113_assisted,khot_decay,1,368,0.4018,10013,112580
large113_assisted,khot_decay,1,369,0.4018,10031,112912
large113_assisted,khot_decay,1,370,0.4018,10048,113237
large113_assisted,khot_decay,1,371,0.4018,10067,113568
large113_assisted,khot_decay,1,372,0.4018,10089,113896
large113_assisted,khot_decay,1,373,0.4018,10108,114227
large113_assisted,khot_decay,1,374,0.4018,10129,114556
large113_assisted,khot_decay,1,375,0.4018,10150,114885
large113_assisted,khot_decay,1,376,0.4018,10173,115212
large113_assisted,khot_decay,1,377,0.4018,10191,115544
large113_assisted,khot_decay,1,378,0.4018,10205,115880
large113_assisted,khot_decay,1,379,0.4018,10224,116211
large113_assisted,khot_decay,1,380,0.4018,10242,116543
large113_assisted,khot_decay,1,381,0.4018,10258,116877
large113_assisted,khot_decay,1,382,0.4018,10283,117202
large113_assisted,khot_decay,1,383,0.4018,10299,117536
large113_assisted,khot_decay,1,384,0.4018,10321,117864
large113_assisted,khot_decay,1,385,0.4018,10336,118199
large113_assisted,khot_decay,1,386,0.4018,10357,118528
large113_assisted,khot_decay,1,387,0.4018,10381,118854
large113_assisted,khot_decay,1,388,0.4018,10406,119179
large113_assisted,khot_decay,1,389,0.4018,10417,119518
large113_assisted,khot_decay,1,390,0.4018,10435,119850
large113_assisted,khot_decay,1,391,0.4018,10456,120179
large113_assisted,khot_decay,1,392,0.4018,10474,120511
large113_assisted,khot_decay,1,393,0.4018,10489,120846
large113_assisted,khot_decay,1,394,0.4018,10505,121180
large113_assisted,khot_decay,1,395,0.4018,10520,121515
large113_assisted,khot_decay,1,396,0.4018,10542,121843
large113_assisted,khot_decay,1,397,0.4018,10553,122182
large113_assisted,khot_decay,1,398,0.4018,10566,122519
large113_assisted,khot_decay,1,399,0.4018,10580,122855
large113_assisted,khot_rank,2,0,0.4018,34,316
large113_assisted,khot_rank,2,1,0.4821,58,642
large113_assisted,khot_rank,2,2,0.4286,70,817
large113_assisted,khot_rank,2,3,0.5268,98,1139
large113_assisted,khot_rank,2,4,0.5357,132,1455
large113_assisted,khot_rank,2,5,0.5714,150,1482
large113_assisted,khot_rank,2,6,0.5536,155,1501
large113_assisted,khot_rank,2,7,0.5714,168,1531
large113_assisted,khot_rank,2,8,0.6518,174,1559
large113_assisted,khot_rank,2,9,0.6607,186,1620
large113_assisted,khot_rank,2,10,0.6964,206,1729
large113_assisted,khot_rank,2,11,0.6875,210,1734
large113_assisted,khot_rank,2,12,0.6786,232,1776
large113_assisted,khot_rank,2,13,0.6786,232,1791
large113_assisted,khot_rank,2,14,0.6786,232,1796
large113_assisted,khot_rank,2,15,0.6786,232,1815
large113_assisted,khot_rank,2,16,0.6696,234,1820
large113_assisted,khot_rank,2,17,0.6607,238,1829
large113_assisted,khot_rank,2,18,0.6786,241,1841
large113_assisted,khot_rank,2,19,0.6786,257,1868
large113_assisted,khot_rank,2,20,0.6875,260,1886
large113_assisted,khot_rank,2,21,0.6875,260,1894
large113_assisted,khot_rank,2,22,0.6875,263,1908
large113_assisted,khot_rank,2,23,0.7143,264,1921
large113_assisted,khot_rank,2,24,0.6875,286,1964
large113_assisted,khot_rank,2,25,0.7321,298,1984
large113_assisted,khot_rank,2,26,0.7321,298,1991
large113_assisted,khot_rank,2,27,0.7321,298,1993
large113_assisted,khot_rank,2,28,0.7321,298,2003
large113_assisted,khot_rank,2,29,0.7321,298,2016
large113_assisted,khot_rank,2,30,0.7054,341,2254
large113_assisted,khot_rank,2,31,0.6875,359,2321
large113_assisted,khot_rank,2,32,0.6875,359,2337
large113_assisted,khot_rank,2,33,0.6696,386,2457
large113_assisted,khot_rank,2,34,0.7054,393,2471
large113_assisted,khot_rank,2,35,0.7054,393,2473
large113_assisted,khot_rank,2,36,0.7143,394,2494
large113_assisted,khot_rank,2,37,0.7500,399,2516
large113_assisted,khot_rank,2,38,0.7500,399,2526
large113_assisted,khot_rank,2,39,0.7500,399,2547
large113_assisted,khot_rank,2,40,0.7500,407,2564
large113_assisted,khot_rank,2,41,0.7321,410,2603
large113_assisted,khot_rank,2,42,0.7411,420,2629
large113_assisted,khot_rank,2,43,0.7411,420,2651
large113_assisted,khot_rank,2,44,0.7500,421,2662
large113_assisted,khot_rank,2,45,0.7500,422,2674
large113_assisted,khot_rank,2,46,0.7857,432,2688
large113_assisted,khot_rank,2,47,0.8036,444,2715
large113_assisted,khot_rank,2,48,0.8125,445,2729
large113_assisted,khot_rank,2,49,0.8125,445,2745
large113_assisted,khot_rank,2,50,0.8125,445,2757
large113_assisted,khot_rank,2,51,0.7768,451,2781
large113_assisted,khot_rank,2,52,0.7679,452,2788
large113_assisted,khot_rank,2,53,0.7768,453,2816
large113_assisted,khot_rank,2,54,0.7768,453,2817
large113_assisted,khot_rank,2,55,0.7768,454,2843
large113_assisted,khot_rank,2,56,0.7768,454,2849
large113_assisted,khot_rank,2,57,0.7857,458,2880
large113_assisted,khot_rank,2,58,0.7857,458,2888
large113_assisted,khot_rank,2,59,0.7857,458,2915
large113_assisted,khot_rank,2,60,0.7857,458,2929
large113_assisted,khot_rank,2,61,0.7857,467,3005
large113_assisted,khot_rank,2,62,0.7857,467,3010
large113_assisted,khot_rank,2,63,0.7768,468,3018
large113_assisted,khot_rank,2,64,0.7768,468,3031
large113_assisted,khot_rank,2,65,0.8125,470,3053
large113_assisted,khot_rank,2,66,0.8036,471,3079
large113_assisted,khot_rank,2,67,0.8036,471,3102
large113_assisted,khot_rank,2,68,0.8036,471,3114
large113_assisted,khot_rank,2,69,0.7679,475,3137
large113_assisted,khot_rank,2,70,0.7679,475,3148
large113_assisted,khot_rank,2,71,0.7857,480,3169
large113_assisted,khot_rank,2,72,0.8125,488,3214
large113_assisted,khot_rank,2,73,0.8125,488,3238
large113_assisted,khot_rank,2,74,0.8036,489,3245
large113_assisted,khot_rank,2,75,0.8393,494,3267
large113_assisted,khot_rank,2,76,0.8393,494,3274
large113_assisted,khot_rank,2,77,0.8304,495,3294
large113_assisted,khot_rank,2,78,0.7857,511,3313
large113_assisted,khot_rank,2,79,0.7857,511,3325
large113_assisted,khot_rank,2,80,0.7857,511,3333
large113_assisted,khot_rank,2,81,0.7946,512,3357
large113_assisted,khot_rank,2,82,0.8214,521,3375
large113_assisted,khot_rank,2,83,0.8214,521,3384
large113_assisted,khot_rank,2,84,0.8214,521,3403
large113_assisted,khot_rank,2,85,0.8125,859,3415
large113_assisted,khot_rank,2,86,0.8125,859,3438
large113_assisted,khot_rank,2,87,0.8214,864,3466
large113_assisted,khot_rank,2,88,0.8214,864,3493
large113_assisted,khot_rank,2,89,0.8214,864,3503
large113_assisted,khot_rank,2,90,0.8214,864,3513
large113_assisted,khot_rank,2,91,0.8214,864,3534
large113_assisted,khot_rank,2,92,0.8304,865,3550
large113_assisted,khot_rank,2,93,0.8304,867,3572
large113_assisted,khot_rank,2,94,0.8304,867,3578
large113_assisted,khot_rank,2,95,0.8125,919,3608
large113_assisted,khot_rank,2,96,0.8304,923,3630
large113_assisted,khot_rank,2,97,0.8304,923,3644
large113_assisted,khot_rank,2,98,0.8304,926,3671
large113_assisted,khot_rank,2,99,0.8304,931,3695
large113_assisted,khot_rank,2,100,0.8304,931,3711
large113_assisted,khot_rank,2,101,0.8304,931,3735
large113_assisted,khot_rank,2,102,0.8304,931,3759
large113_assisted,khot_rank,2,103,0.8304,931,3769
large113_assisted,khot_rank,2,104,0.8304,933,3792
large113_assisted,khot_rank,2,105,0.8304,933,3806
large113_assisted,khot_rank,2,106,0.8036,949,3838
large113_assisted,khot_rank,2,107,0.8214,952,3848
large113_assisted,khot_rank,2,108,0.8125,953,3856
large113_assisted,khot_rank,2,109,0.7857,955,3871
large113_assisted,khot_rank,2,110,0.7857,955,3883
large113_assisted,khot_rank,2,111,0.8125,960,3902
large113_assisted,khot_rank,2,112,0.8125,960,3910
large113_assisted,khot_rank,2,113,0.8304,961,3938
large113_assisted,khot_rank,2,114,0.8304,961,3961
large113_assisted,khot_rank,2,115,0.8214,962,3983
large113_assisted,khot_rank,2,116,0.8214,962,4009
large113_assisted,khot_rank,2,117,0.8214,962,4028
large113_assisted,khot_rank,2,118,0.8214,962,4042
large113_assisted,khot_rank,2,119,0.8214,962,4067
large113_assisted,khot_rank,2,120,0.8214,962,4086
large113_assisted,khot_rank,2,121,0.8214,974,4130
large113_assisted,khot_rank,2,122,0.8214,976,4153
large113_assisted,khot_rank,2,123,0.8214,977,4159
large113_assisted,khot_rank,2,124,0.8214,977,4175
large113_assisted,khot_rank,2,125,0.8214,977,4178
large113_assisted,khot_rank,2,126,0.8214,977,4184
large113_assisted,khot_rank,2,127,0.8304,981,4212
large113_assisted,khot_rank,2,128,0.8304,981,4233
large113_assisted,khot_rank,2,129,0.8393,982,4257
large113_assisted,khot_rank,2,130,0.8393,982,4272
large113_assisted,khot_rank,2,131,0.8482,983,4278
large113_assisted,khot_rank,2,132,0.8482,983,4284
large113_assisted,khot_rank,2,133,0.8482,983,4299
large113_assisted,khot_rank,2,134,0.8482,983,4316
large113_assisted,khot_rank,2,135,0.8482,983,4323
large113_assisted,khot_rank,2,136,0.8393,984,4350
large113_assisted,khot_rank,2,137,0.8393,984,4371
large113_assisted,khot_rank,2,138,0.8393,1328,4377
large113_assisted,khot_rank,2,139,0.7946,1366,4395
large113_assisted,khot_rank,2,140,0.7946,1366,4401
large113_assisted,khot_rank,2,141,0.8214,1686,4429
large113_assisted,khot_rank,2,142,0.8214,1686,4452
large113_assisted,khot_rank,2,143,0.8214,1686,4458
large113_assisted,khot_rank,2,144,0.8214,1686,4468
large113_assisted,khot_rank,2,145,0.8304,1688,4478
large113_assisted,khot_rank,2,146,0.8304,1688,4495
large113_assisted,khot_rank,2,147,0.8304,1688,4518
large113_assisted,khot_rank,2,148,0.8304,1692,4547
large113_assisted,khot_rank,2,149,0.8125,1696,4567
large113_assisted,khot_rank,2,150,0.8125,1696,4583
large113_assisted,khot_rank,2,151,0.8125,1704,4609
large113_assisted,khot_rank,2,152,0.8125,1704,4632
large113_assisted,khot_rank,2,153,0.8393,1706,4639
large113_assisted,khot_rank,2,154,0.8393,1706,4660
large113_assisted,khot_rank,2,155,0.8393,1706,4673
large113_assisted,khot_rank,2,156,0.8125,1726,4686
large113_assisted,khot_rank,2,157,0.7946,1732,4718
large113_assisted,khot_rank,2,158,0.7946,1736,4747
large113_assisted,khot_rank,2,159,0.7946,1736,4761
large113_assisted,khot_rank,2,160,0.8036,1740,4775
large113_assisted,khot_rank,2,161,0.8036,1740,4778
large113_assisted,khot_rank,2,162,0.8125,1743,4782
large113_assisted,khot_rank,2,163,0.7321,1773,4825
large113_assisted,khot_rank,2,164,0.7321,1773,4828
large113_assisted,khot_rank,2,165,0.7321,1773,4831
large113_assisted,khot_rank,2,166,0.7054,1990,4964
large113_assisted,khot_rank,2,167,0.7589,1997,4974
large113_assisted,khot_rank,2,168,0.7054,2093,5063
large113_assisted,khot_rank,2,169,0.7054,2095,5081
large113_assisted,khot_rank,2,170,0.7054,2305,5106
large113_assisted,khot_rank,2,171,0.7054,2305,5117
large113_assisted,khot_rank,2,172,0.7232,2309,5124
large113_assisted,khot_rank,2,173,0.7411,2331,5145
large113_assisted,khot_rank,2,174,0.7411,2623,5151
large113_assisted,khot_rank,2,175,0.7411,2623,5166
large113_assisted,khot_rank,2,176,0.7411,2716,5194
large113_assisted,khot_rank,2,177,0.7857,2721,5210
large113_assisted,khot_rank,2,178,0.7857,2721,5218
large113_assisted,khot_rank,2,179,0.7857,3062,5227
large113_assisted,khot_rank,2,180,0.7857,3062,5242
large113_assisted,khot_rank,2,181,0.8036,3073,5251
large113_assisted,khot_rank,2,182,0.7768,3077,5273
large113_assisted,khot_rank,2,183,0.7768,3077,5288
large113_assisted,khot_rank,2,184,0.7768,3077,5314
large113_assisted,khot_rank,2,185,0.7768,3426,5315
large113_assisted,khot_rank,2,186,0.7768,3426,5334
large113_assisted,khot_rank,2,187,0.7768,3426,5351
large113_assisted,khot_rank,2,188,0.7857,3737,5369
large113_assisted,khot_rank,2,189,0.7857,3737,5384
large113_assisted,khot_rank,2,190,0.7857,3737,5395
large113_assisted,khot_rank,2,191,0.7857,3737,5400
large113_assisted,khot_rank,2,192,0.7857,3738,5405
large113_assisted,khot_rank,2,193,0.7946,3739,5430
large113_assisted,khot_rank,2,194,0.7946,3739,5450
large113_assisted,khot_rank,2,195,0.7946,3739,5475
large113_assisted,khot_rank,2,196,0.7946,3739,5486
large113_assisted,khot_rank,2,197,0.7857,3742,5513
large113_assisted,khot_rank,2,198,0.7946,3817,5533
large113_assisted,khot_rank,2,199,0.7946,3817,5550
large113_assisted,khot_rank,2,200,0.7946,3817,5574
large113_assisted,khot_rank,2,201,0.7946,3817,5585
large113_assisted,khot_rank,2,202,0.7946,3817,5591
large113_assisted,khot_rank,2,203,0.7946,3817,5596
large113_assisted,khot_rank,2,204,0.7857,3824,5615
large113_assisted,khot_rank,2,205,0.7857,3824,5625
large113_assisted,khot_rank,2,206,0.7054,4174,5625
large113_assisted,khot_rank,2,207,0.7411,4180,5641
large113_assisted,khot_rank,2,208,0.7411,4180,5643
large113_assisted,khot_rank,2,209,0.7054,4494,5679
large113_assisted,khot_rank,2,210,0.7054,4495,5684
large113_assisted,khot_rank,2,211,0.7054,4526,5717
large113_assisted,khot_rank,2,212,0.7143,4701,5892
large113_assisted,khot_rank,2,213,0.7232,5048,5895
large113_assisted,khot_rank,2,214,0.7232,5301,5932
large113_assisted,khot_rank,2,215,0.7232,5506,6077
large113_assisted,khot_rank,2,216,0.7589,5846,6087
large113_assisted,khot_rank,2,217,0.7589,6188,6095
large113_assisted,khot_rank,2,218,0.7679,6524,6109
large113_assisted,khot_rank,2,219,0.7679,6755,6125
large113_assisted,khot_rank,2,220,0.7679,6755,6127
large113_assisted,khot_rank,2,221,0.7411,6789,6166
large113_assisted,khot_rank,2,222,0.7500,7133,6172
large113_assisted,khot_rank,2,223,0.7500,7175,6194
large113_assisted,khot_rank,2,224,0.7411,7516,6203
large113_assisted,khot_rank,2,225,0.7411,7517,6219
large113_assisted,khot_rank,2,226,0.7232,7520,6241
large113_assisted,khot_rank,2,227,0.7321,7867,6244
large113_assisted,khot_rank,2,228,0.7321,7867,6257
large113_assisted,khot_rank,2,229,0.7321,8216,6258
large113_assisted,khot_rank,2,230,0.7321,8566,6258
large113_assisted,khot_rank,2,231,0.7321,8566,6275
large113_assisted,khot_rank,2,232,0.7232,8568,6298
large113_assisted,khot_rank,2,233,0.7232,8568,6300
large113_assisted,khot_rank,2,234,0.7232,8568,6307
large113_assisted,khot_rank,2,235,0.7321,8743,6482
large113_assisted,khot_rank,2,236,0.7411,8830,6587
large113_assisted,khot_rank,2,237,0.7411,8830,6602
large113_assisted,khot_rank,2,238,0.7411,9171,6611
large113_assisted,khot_rank,2,239,0.7411,9171,6623
large113_assisted,khot_rank,2,240,0.7411,9519,6625
large113_assisted,khot_rank,2,241,0.7589,9837,6657
large113_assisted,khot_rank,2,242,0.7411,9838,6668
large113_assisted,khot_rank,2,243,0.7500,10175,6681
large113_assisted,khot_rank,2,244,0.7589,10516,6690
large113_assisted,khot_rank,2,245,0.7589,10848,6708
large113_assisted,khot_rank,2,246,0.7589,11022,6884
large113_assisted,khot_rank,2,247,0.7589,11027,6906
large113_assisted,khot_rank,2,248,0.7679,11298,6914
large113_assisted,khot_rank,2,249,0.7589,11300,6927
large113_assisted,khot_rank,2,250,0.7679,11305,6951
large113_assisted,khot_rank,2,251,0.7679,11305,6978
large113_assisted,khot_rank,2,252,0.7679,11305,6988
large113_assisted,khot_rank,2,253,0.7679,11305,7008
large113_assisted,khot_rank,2,254,0.7679,11305,7027
large113_assisted,khot_rank,2,255,0.7679,11305,7033
large113_assisted,khot_rank,2,256,0.7589,11482,7206
large113_assisted,khot_rank,2,257,0.7589,11482,7230
large113_assisted,khot_rank,2,258,0.7589,11482,7239
large113_assisted,khot_rank,2,259,0.7768,11485,7255
large113_assisted,khot_rank,2,260,0.7589,11700,7390
large113_assisted,khot_rank,2,261,0.7411,11701,7407
large113_assisted,khot_rank,2,262,0.7411,12049,7409
large113_assisted,khot_rank,2,263,0.7411,12049,7410
large113_assisted,khot_rank,2,264,0.7143,12378,7431
large113_assisted,khot_rank,2,265,0.7054,12708,7451
large113_assisted,khot_rank,2,266,0.7054,12882,7627
large113_assisted,khot_rank,2,267,0.7054,13231,7628
large113_assisted,khot_rank,2,268,0.6964,13518,7644
large113_assisted,khot_rank,2,269,0.7143,13856,7656
large113_assisted,khot_rank,2,270,0.7232,14034,7828
large113_assisted,khot_rank,2,271,0.7411,14206,8006
large113_assisted,khot_rank,2,272,0.7589,14250,8026
large113_assisted,khot_rank,2,273,0.7411,14583,8043
large113_assisted,khot_rank,2,274,0.7411,14920,8056
large113_assisted,khot_rank,2,275,0.7500,15248,8071
large113_assisted,khot_rank,2,276,0.7143,15590,8079
large113_assisted,khot_rank,2,277,0.7143,15935,8084
large113_assisted,khot_rank,2,278,0.7232,16254,8094
large113_assisted,khot_rank,2,279,0.7143,16599,8099
large113_assisted,khot_rank,2,280,0.7143,16948,8100
large113_assisted,khot_rank,2,281,0.7232,17268,8130
large113_assisted,khot_rank,2,282,0.7143,17473,8138
large113_assisted,khot_rank,2,283,0.7232,17565,8153
large113_assisted,khot_rank,2,284,0.7054,17905,8163
large113_assisted,khot_rank,2,285,0.7054,17905,8165
large113_assisted,khot_rank,2,286,0.7321,18189,8195
large113_assisted,khot_rank,2,287,0.7232,18539,8195
large113_assisted,khot_rank,2,288,0.6964,18861,8223
large113_assisted,khot_rank,2,289,0.6964,19202,8232
large113_assisted,khot_rank,2,290,0.6964,19545,8239
large113_assisted,khot_rank,2,291,0.7054,19890,8244
large113_assisted,khot_rank,2,292,0.7232,20230,8254
large113_assisted,khot_rank,2,293,0.7411,20506,8272
large113_assisted,khot_rank,2,294,0.7500,20676,8294
large113_assisted,khot_rank,2,295,0.7500,20676,8297
large113_assisted,khot_rank,2,296,0.7054,20773,8320
large113_assisted,khot_rank,2,297,0.7054,20773,8328
large113_assisted,khot_rank,2,298,0.7054,20773,8329
large113_assisted,khot_rank,2,299,0.7321,20942,8358
large113_assisted,khot_rank,2,300,0.7054,21288,8362
large113_assisted,khot_rank,2,301,0.7054,21288,8371
large113_assisted,khot_rank,2,302,0.6786,21631,8378
large113_assisted,khot_rank,2,303,0.6875,21815,8398
large113_assisted,khot_rank,2,304,0.6964,21859,8413
large113_assisted,khot_rank,2,305,0.6964,21859,8424
large113_assisted,khot_rank,2,306,0.6964,21859,8435
large113_assisted,khot_rank,2,307,0.6964,22200,8444
large113_assisted,khot_rank,2,308,0.6964,22547,8447
large113_assisted,khot_rank,2,309,0.6964,22888,8456
large113_assisted,khot_rank,2,310,0.7054,23043,8482
large113_assisted,khot_rank,2,311,0.7054,23047,8510
large113_assisted,khot_rank,2,312,0.7054,23047,8537
large113_assisted,khot_rank,2,313,0.7054,23302,8556
large113_assisted,khot_rank,2,314,0.6964,23647,8561
large113_assisted,khot_rank,2,315,0.6964,23647,8579
large113_assisted,khot_rank,2,316,0.6964,23990,8586
large113_assisted,khot_rank,2,317,0.6964,23990,8589
large113_assisted,khot_rank,2,318,0.6875,23991,8603
large113_assisted,khot_rank,2,319,0.6875,24229,8715
large113_assisted,khot_rank,2,320,0.6518,24577,8717
large113_assisted,khot_rank,2,321,0.6607,24920,8724
large113_assisted,khot_rank,2,322,0.6607,24920,8726
large113_assisted,khot_rank,2,323,0.6607,24926,8735
large113_assisted,khot_rank,2,324,0.6607,25233,8748
large113_assisted,khot_rank,2,325,0.6518,25510,8821
large113_assisted,khot_rank,2,326,0.6607,25846,8835
large113_assisted,khot_rank,2,327,0.6786,26115,8859
large113_assisted,khot_rank,2,328,0.6786,26383,8941
large113_assisted,khot_rank,2,329,0.6786,26723,8951
large113_assisted,khot_rank,2,330,0.6696,27062,8962
large113_assisted,khot_rank,2,331,0.6607,27412,8962
large113_assisted,khot_rank,2,332,0.6607,27587,9137
large113_assisted,khot_rank,2,333,0.6607,27587,9140
large113_assisted,khot_rank,2,334,0.6429,27871,9152
large113_assisted,khot_rank,2,335,0.6607,28182,9178
large113_assisted,khot_rank,2,336,0.6696,28513,9197
large113_assisted,khot_rank,2,337,0.6786,28857,9203
large113_assisted,khot_rank,2,338,0.6696,29142,9268
large113_assisted,khot_rank,2,339,0.6786,29484,9276
large113_assisted,khot_rank,2,340,0.6786,29832,9278
large113_assisted,khot_rank,2,341,0.6786,30069,9391
large113_assisted,khot_rank,2,342,0.6875,30245,9565
large113_assisted,khot_rank,2,343,0.6875,30587,9573
large113_assisted,khot_rank,2,344,0.6875,30587,9575
large113_assisted,khot_rank,2,345,0.6964,30730,9600
large113_assisted,khot_rank,2,346,0.6786,30905,9775
large113_assisted,khot_rank,2,347,0.6429,31241,9789
large113_assisted,khot_rank,2,348,0.6429,31241,9793
large113_assisted,khot_rank,2,349,0.6250,31589,9795
large113_assisted,khot_rank,2,350,0.6339,31938,9796
large113_assisted,khot_rank,2,351,0.6429,32281,9803
large113_assisted,khot_rank,2,352,0.6429,32454,9980
large113_assisted,khot_rank,2,353,0.6429,32803,9981
large113_assisted,khot_rank,2,354,0.6518,33135,9999
large113_assisted,khot_rank,2,355,0.6339,33483,10001
large113_assisted,khot_rank,2,356,0.6071,33659,10175
large113_assisted,khot_rank,2,357,0.5982,33997,10187
large113_assisted,khot_rank,2,358,0.5982,33997,10193
large113_assisted,khot_rank,2,359,0.5982,34334,10206
large113_assisted,khot_rank,2,360,0.5982,34334,10207
large113_assisted,khot_rank,2,361,0.6071,34407,10218
large113_assisted,khot_rank,2,362,0.6071,34580,10395
large113_assisted,khot_rank,2,363,0.6071,34923,10402
large113_assisted,khot_rank,2,364,0.6161,35260,10415
large113_assisted,khot_rank,2,365,0.6161,35498,10439
large113_assisted,khot_rank,2,366,0.6250,35841,10446
large113_assisted,khot_rank,2,367,0.6161,36189,10448
large113_assisted,khot_rank,2,368,0.6161,36524,10463
large113_assisted,khot_rank,2,369,0.6161,36871,10466
large113_assisted,khot_rank,2,370,0.6250,36925,10486
large113_assisted,khot_rank,2,371,0.6250,37199,10562
large113_assisted,khot_rank,2,372,0.6250,37548,10563
large113_assisted,khot_rank,2,373,0.6250,37892,10569
large113_assisted,khot_rank,2,374,0.6250,38233,10578
large113_assisted,khot_rank,2,375,0.6339,38569,10592
large113_assisted,khot_rank,2,376,0.6339,38569,10594
large113_assisted,khot_rank,2,377,0.6339,38915,10598
large113_assisted,khot_rank,2,378,0.6250,39123,10606
large113_assisted,khot_rank,2,379,0.6250,39473,10606
large113_assisted,khot_rank,2,380,0.6250,39823,10606
large113_assisted,khot_rank,2,381,0.6250,40171,10608
large113_assisted,khot_rank,2,382,0.6250,40519,10610
large113_assisted,khot_rank,2,383,0.6250,40519,10612
large113_assisted,khot_rank,2,384,0.6161,40801,10680
large113_assisted,khot_rank,2,385,0.6250,41143,10688
large113_assisted,khot_rank,2,386,0.6429,41484,10697
large113_assisted,khot_rank,2,387,0.6518,41637,10720
large113_assisted,khot_rank,2,388,0.6518,41812,10895
large113_assisted,khot_rank,2,389,0.6518,42152,10905
large113_assisted,khot_rank,2,390,0.6518,42500,10907
large113_assisted,khot_rank,2,391,0.6518,42516,10924
large113_assisted,khot_rank,2,392,0.6518,42637,10943
large113_assisted,khot_rank,2,393,0.6518,42812,11118
large113_assisted,khot_rank,2,394,0.6518,42838,11137
large113_assisted,khot_rank,2,395,0.6518,43179,11146
large113_assisted,khot_rank,2,396,0.6518,43528,11147
large113_assisted,khot_rank,2,397,0.6518,43868,11157
large113_assisted,khot_rank,2,398,0.6607,44194,11181
large113_assisted,khot_rank,2,399,0.6518,44402,11198
large113_assisted,khot_error,2,0,0.3929,46,304
large113_assisted,khot_error,2,1,0.4375,74,626
large113_assisted,khot_error,2,2,0.4464,103,858
large113_assisted,khot_error,2,3,0.5000,138,1173
large113_assisted,khot_error,2,4,0.6161,173,1488
large113_assisted,khot_error,2,5,0.6339,181,1634
large113_assisted,khot_error,2,6,0.6339,181,1653
large113_assisted,khot_error,2,7,0.6071,194,1768
large113_assisted,khot_error,2,8,0.6250,202,1794
large113_assisted,khot_error,2,9,0.6250,221,1938
large113_assisted,khot_error,2,10,0.6161,235,2274
large113_assisted,khot_error,2,11,0.5893,237,2413
large113_assisted,khot_error,2,12,0.6161,259,2665
large113_assisted,khot_error,2,13,0.6161,259,2685
large113_assisted,khot_error,2,14,0.6250,261,2689
large113_assisted,khot_error,2,15,0.6250,261,2707
large113_assisted,khot_error,2,16,0.6250,263,2714
large113_assisted,khot_error,2,17,0.6250,263,2723
large113_assisted,khot_error,2,18,0.6339,265,2743
large113_assisted,khot_error,2,19,0.7054,289,2890
large113_assisted,khot_error,2,20,0.7054,289,2899
large113_assisted,khot_error,2,21,0.7054,289,2907
large113_assisted,khot_error,2,22,0.7054,289,2923
large113_assisted,khot_error,2,23,0.7054,289,2936
large113_assisted,khot_error,2,24,0.7768,305,3058
large113_assisted,khot_error,2,25,0.8036,311,3101
large113_assisted,khot_error,2,26,0.8036,311,3109
large113_assisted,khot_error,2,27,0.8036,311,3111
large113_assisted,khot_error,2,28,0.8036,311,3123
large113_assisted,khot_error,2,29,0.8036,311,3136
large113_assisted,khot_error,2,30,0.7679,339,3408
large113_assisted,khot_error,2,31,0.7679,354,3474
large113_assisted,khot_error,2,32,0.7589,355,3491
large113_assisted,khot_error,2,33,0.7679,373,3823
large113_assisted,khot_error,2,34,0.7589,379,3836
large113_assisted,khot_error,2,35,0.7589,379,3838
large113_assisted,khot_error,2,36,0.7857,388,3857
large113_assisted,khot_error,2,37,0.7857,388,3879
large113_assisted,khot_error,2,38,0.7857,388,3889
large113_assisted,khot_error,2,39,0.7857,388,3910
large113_assisted,khot_error,2,40,0.8036,399,3927
large113_assisted,khot_error,2,41,0.8036,399,3943
large113_assisted,khot_error,2,42,0.8036,414,4250
large113_assisted,khot_error,2,43,0.8036,415,4269
large113_assisted,khot_error,2,44,0.8036,415,4280
large113_assisted,khot_error,2,45,0.8036,415,4293
large113_assisted,khot_error,2,46,0.8214,417,4332
large113_assisted,khot_error,2,47,0.8125,422,4451
large113_assisted,khot_error,2,48,0.8125,422,4462
large113_assisted,khot_error,2,49,0.8036,424,4477
large113_assisted,khot_error,2,50,0.8036,424,4489
large113_assisted,khot_error,2,51,0.8036,426,4837
large113_assisted,khot_error,2,52,0.8036,426,4845
large113_assisted,khot_error,2,53,0.8125,429,4869
large113_assisted,khot_error,2,54,0.8125,429,4870
large113_assisted,khot_error,2,55,0.8125,429,4895
large113_assisted,khot_error,2,56,0.8125,429,4901
large113_assisted,khot_error,2,57,0.8125,432,4958
large113_assisted,khot_error,2,58,0.8125,433,4966
large113_assisted,khot_error,2,59,0.8214,434,4992
large113_assisted,khot_error,2,60,0.8304,435,5006
large113_assisted,khot_error,2,61,0.7857,444,5072
large113_assisted,khot_error,2,62,0.7857,444,5077
large113_assisted,khot_error,2,63,0.8036,445,5086
large113_assisted,khot_error,2,64,0.8036,445,5101
large113_assisted,khot_error,2,65,0.8214,450,5123
large113_assisted,khot_error,2,66,0.8214,450,5151
large113_assisted,khot_error,2,67,0.8214,450,5173
large113_assisted,khot_error,2,68,0.8214,450,5185
large113_assisted,khot_error,2,69,0.8125,451,5534
large113_assisted,khot_error,2,70,0.8214,452,5545
large113_assisted,khot_error,2,71,0.8214,452,5568
large113_assisted,khot_error,2,72,0.8036,466,5845
large113_assisted,khot_error,2,73,0.8036,466,5865
large113_assisted,khot_error,2,74,0.8125,467,5874
large113_assisted,khot_error,2,75,0.8125,469,5894
large113_assisted,khot_error,2,76,0.8125,470,5902
large113_assisted,khot_error,2,77,0.8125,472,5967
large113_assisted,khot_error,2,78,0.8036,476,6313
large113_assisted,khot_error,2,79,0.8125,478,6324
large113_assisted,khot_error,2,80,0.8125,478,6332
large113_assisted,khot_error,2,81,0.8125,480,6376
large113_assisted,khot_error,2,82,0.8214,481,6395
large113_assisted,khot_error,2,83,0.8214,481,6406
large113_assisted,khot_error,2,84,0.8214,481,6427
large113_assisted,khot_error,2,85,0.7946,496,6722
large113_assisted,khot_error,2,86,0.7768,503,6744
large113_assisted,khot_error,2,87,0.7768,503,6771
large113_assisted,khot_error,2,88,0.7768,503,6800
large113_assisted,khot_error,2,89,0.7768,505,6809
large113_assisted,khot_error,2,90,0.7768,505,6819
large113_assisted,khot_error,2,91,0.7768,505,6840
large113_assisted,khot_error,2,92,0.7768,505,6857
large113_assisted,khot_error,2,93,0.8036,509,6879
large113_assisted,khot_error,2,94,0.8036,509,6885
large113_assisted,khot_error,2,95,0.8036,518,6949
large113_assisted,khot_error,2,96,0.8482,521,6970
large113_assisted,khot_error,2,97,0.8482,521,6984
large113_assisted,khot_error,2,98,0.8482,521,7008
large113_assisted,khot_error,2,99,0.8482,524,7217
large113_assisted,khot_error,2,100,0.8482,524,7233
large113_assisted,khot_error,2,101,0.8482,524,7256
large113_assisted,khot_error,2,102,0.8482,524,7280
large113_assisted,khot_error,2,103,0.8482,525,7292
large113_assisted,khot_error,2,104,0.8482,525,7316
large113_assisted,khot_error,2,105,0.8482,525,7330
large113_assisted,khot_error,2,106,0.8214,529,7357
large113_assisted,khot_error,2,107,0.8304,530,7368
large113_assisted,khot_error,2,108,0.8304,533,7378
large113_assisted,khot_error,2,109,0.8304,533,7397
large113_assisted,khot_error,2,110,0.8304,533,7409
large113_assisted,khot_error,2,111,0.8304,534,7428
large113_assisted,khot_error,2,112,0.8304,534,7436
large113_assisted,khot_error,2,113,0.8571,541,7464
large113_assisted,khot_error,2,114,0.8571,543,7488
large113_assisted,khot_error,2,115,0.8571,543,7511
large113_assisted,khot_error,2,116,0.8482,544,7535
large113_assisted,khot_error,2,117,0.8482,544,7554
large113_assisted,khot_error,2,118,0.8482,545,7567
large113_assisted,khot_error,2,119,0.8571,546,7582
large113_assisted,khot_error,2,120,0.8571,546,7601
large113_assisted,khot_error,2,121,0.8393,550,7740
large113_assisted,khot_error,2,122,0.8393,550,8090
large113_assisted,khot_error,2,123,0.8393,550,8095
large113_assisted,khot_error,2,124,0.8393,550,8111
large113_assisted,khot_error,2,125,0.8393,550,8116
large113_assisted,khot_error,2,126,0.8393,550,8122
large113_assisted,khot_error,2,127,0.8482,553,8469
large113_assisted,khot_error,2,128,0.8482,553,8819
large113_assisted,khot_error,2,129,0.8482,553,8842
large113_assisted,khot_error,2,130,0.8482,553,9192
large113_assisted,khot_error,2,131,0.8482,555,9197
large113_assisted,khot_error,2,132,0.8482,555,9204
large113_assisted,khot_error,2,133,0.8482,555,9219
large113_assisted,khot_error,2,134,0.8571,556,9233
large113_assisted,khot_error,2,135,0.8571,556,9240
large113_assisted,khot_error,2,136,0.8571,556,9268
large113_assisted,khot_error,2,137,0.8571,556,9287
large113_assisted,khot_error,2,138,0.8482,560,9315
large113_assisted,khot_error,2,139,0.8393,562,9333
large113_assisted,khot_error,2,140,0.8393,562,9341
large113_assisted,khot_error,2,141,0.8482,563,9541
large113_assisted,khot_error,2,142,0.8571,564,9566
large113_assisted,khot_error,2,143,0.8571,564,9572
large113_assisted,khot_error,2,144,0.8661,565,9582
large113_assisted,khot_error,2,145,0.8661,565,9592
large113_assisted,khot_error,2,146,0.8571,567,9810
large113_assisted,khot_error,2,147,0.8661,568,9837
large113_assisted,khot_error,2,148,0.8661,568,9865
large113_assisted,khot_error,2,149,0.8661,571,9887
large113_assisted,khot_error,2,150,0.8661,571,9903
large113_assisted,khot_error,2,151,0.8661,572,9925
large113_assisted,khot_error,2,152,0.8482,573,9947
large113_assisted,khot_error,2,153,0.8482,573,9955
large113_assisted,khot_error,2,154,0.8482,573,9976
large113_assisted,khot_error,2,155,0.8482,573,9989
large113_assisted,khot_error,2,156,0.8482,574,10338
large113_assisted,khot_error,2,157,0.8571,577,10453
large113_assisted,khot_error,2,158,0.8571,577,10483
large113_assisted,khot_error,2,159,0.8571,577,10492
large113_assisted,khot_error,2,160,0.8839,580,10510
large113_assisted,khot_error,2,161,0.8839,580,10513
large113_assisted,khot_error,2,162,0.8839,580,10516
large113_assisted,khot_error,2,163,0.8482,584,10862
large113_assisted,khot_error,2,164,0.8482,584,10865
large113_assisted,khot_error,2,165,0.8482,584,10868
large113_assisted,khot_error,2,166,0.8214,590,10963
large113_assisted,khot_error,2,167,0.8304,591,10987
large113_assisted,khot_error,2,168,0.8304,597,11027
large113_assisted,khot_error,2,169,0.8393,601,11046
large113_assisted,khot_error,2,170,0.8482,602,11072
large113_assisted,khot_error,2,171,0.8393,603,11082
large113_assisted,khot_error,2,172,0.8393,603,11089
large113_assisted,khot_error,2,173,0.8571,606,11110
large113_assisted,khot_error,2,174,0.8571,606,11116
large113_assisted,khot_error,2,175,0.8661,608,11133
large113_assisted,khot_error,2,176,0.8482,614,11159
large113_assisted,khot_error,2,177,0.8571,615,11179
large113_assisted,khot_error,2,178,0.8571,615,11187
large113_assisted,khot_error,2,179,0.8571,617,11207
large113_assisted,khot_error,2,180,0.8482,618,11223
large113_assisted,khot_error,2,181,0.8482,619,11232
large113_assisted,khot_error,2,182,0.8571,621,11257
large113_assisted,khot_error,2,183,0.8571,621,11274
large113_assisted,khot_error,2,184,0.8571,621,11298
large113_assisted,khot_error,2,185,0.8571,624,11303
large113_assisted,khot_error,2,186,0.8571,624,11322
large113_assisted,khot_error,2,187,0.8571,624,11339
large113_assisted,khot_error,2,188,0.8393,626,11354
large113_assisted,khot_error,2,189,0.8571,628,11370
large113_assisted,khot_error,2,190,0.8571,628,11381
large113_assisted,khot_error,2,191,0.8571,628,11386
large113_assisted,khot_error,2,192,0.8571,628,11392
large113_assisted,khot_error,2,193,0.8750,633,11421
large113_assisted,khot_error,2,194,0.8750,633,11441
large113_assisted,khot_error,2,195,0.8750,633,11466
large113_assisted,khot_error,2,196,0.8750,633,11477
large113_assisted,khot_error,2,197,0.8750,633,11504
large113_assisted,khot_error,2,198,0.8839,634,11526
large113_assisted,khot_error,2,199,0.8929,635,11543
large113_assisted,khot_error,2,200,0.8839,799,11568
large113_assisted,khot_error,2,201,0.8839,799,11579
large113_assisted,khot_error,2,202,0.8929,800,11585
large113_assisted,khot_error,2,203,0.8929,800,11590
large113_assisted,khot_error,2,204,0.8929,800,11612
large113_assisted,khot_error,2,205,0.8929,800,11622
large113_assisted,khot_error,2,206,0.8929,802,11960
large113_assisted,khot_error,2,207,0.8839,803,11977
large113_assisted,khot_error,2,208,0.8839,803,11979
large113_assisted,khot_error,2,209,0.8839,803,12005
large113_assisted,khot_error,2,210,0.8839,803,12011
large113_assisted,khot_error,2,211,0.8750,825,12035
large113_assisted,khot_error,2,212,0.8571,833,12064
large113_assisted,khot_error,2,213,0.8571,838,12090
large113_assisted,khot_error,2,214,0.8571,838,12117
large113_assisted,khot_error,2,215,0.8571,838,12135
large113_assisted,khot_error,2,216,0.8393,839,12159
large113_assisted,khot_error,2,217,0.8393,839,12184
large113_assisted,khot_error,2,218,0.8393,839,12212
large113_assisted,khot_error,2,219,0.8571,842,12226
large113_assisted,khot_error,2,220,0.8571,842,12228
large113_assisted,khot_error,2,221,0.8393,844,12358
large113_assisted,khot_error,2,222,0.8482,845,12382
large113_assisted,khot_error,2,223,0.8571,847,12406
large113_assisted,khot_error,2,224,0.8571,847,12419
large113_assisted,khot_error,2,225,0.8571,847,12436
large113_assisted,khot_error,2,226,0.8482,849,12457
large113_assisted,khot_error,2,227,0.8482,851,12805
large113_assisted,khot_error,2,228,0.8482,851,12818
large113_assisted,khot_error,2,229,0.8482,851,12825
large113_assisted,khot_error,2,230,0.8482,858,12859
large113_assisted,khot_error,2,231,0.8482,858,12876
large113_assisted,khot_error,2,232,0.8482,862,12897
large113_assisted,khot_error,2,233,0.8482,862,12899
large113_assisted,khot_error,2,234,0.8482,862,12906
large113_assisted,khot_error,2,235,0.8304,863,12925
large113_assisted,khot_error,2,236,0.8304,863,12947
large113_assisted,khot_error,2,237,0.8393,866,12967
large113_assisted,khot_error,2,238,0.8125,1040,13143
large113_assisted,khot_error,2,239,0.8214,1041,13155
large113_assisted,khot_error,2,240,0.8393,1045,13173
large113_assisted,khot_error,2,241,0.8393,1045,13182
large113_assisted,khot_error,2,242,0.8482,1046,13194
large113_assisted,khot_error,2,243,0.8482,1219,13371
large113_assisted,khot_error,2,244,0.8482,1219,13381
large113_assisted,khot_error,2,245,0.8482,1392,13558
large113_assisted,khot_error,2,246,0.7857,1409,13738
large113_assisted,khot_error,2,247,0.7946,1443,13926
large113_assisted,khot_error,2,248,0.8036,1445,13937
large113_assisted,khot_error,2,249,0.8125,1460,13951
large113_assisted,khot_error,2,250,0.8482,1468,13974
large113_assisted,khot_error,2,251,0.8571,1527,14052
large113_assisted,khot_error,2,252,0.8571,1527,14062
large113_assisted,khot_error,2,253,0.8661,1536,14089
large113_assisted,khot_error,2,254,0.8661,1536,14108
large113_assisted,khot_error,2,255,0.8750,1537,14114
large113_assisted,khot_error,2,256,0.8661,1539,14296
large113_assisted,khot_error,2,257,0.8661,1539,14319
large113_assisted,khot_error,2,258,0.8661,1539,14328
large113_assisted,khot_error,2,259,0.8661,1542,14346
large113_assisted,khot_error,2,260,0.8661,1544,14374
large113_assisted,khot_error,2,261,0.8661,1544,14391
large113_assisted,khot_error,2,262,0.8661,1544,14411
large113_assisted,khot_error,2,263,0.8661,1544,14412
large113_assisted,khot_error,2,264,0.8661,1544,14440
large113_assisted,khot_error,2,265,0.8214,1546,14788
large113_assisted,khot_error,2,266,0.8482,1548,14793
large113_assisted,khot_error,2,267,0.8482,1549,14812
large113_assisted,khot_error,2,268,0.8304,1550,14824
large113_assisted,khot_error,2,269,0.8393,1551,14834
large113_assisted,khot_error,2,270,0.8393,1551,14855
large113_assisted,khot_error,2,271,0.8393,1551,14879
large113_assisted,khot_error,2,272,0.8304,1554,14902
large113_assisted,khot_error,2,273,0.8214,1817,14927
large113_assisted,khot_error,2,274,0.8214,1817,14941
large113_assisted,khot_error,2,275,0.8214,1817,14955
large113_assisted,khot_error,2,276,0.8214,1817,14982
large113_assisted,khot_error,2,277,0.8036,2040,15094
large113_assisted,khot_error,2,278,0.8125,2043,15109
large113_assisted,khot_error,2,279,0.8125,2272,15120
large113_assisted,khot_error,2,280,0.8214,2275,15212
large113_assisted,khot_error,2,281,0.8214,2612,15225
large113_assisted,khot_error,2,282,0.8214,2612,15236
large113_assisted,khot_error,2,283,0.8125,2615,15583
large113_assisted,khot_error,2,284,0.8214,2616,15604
large113_assisted,khot_error,2,285,0.8214,2616,15606
large113_assisted,khot_error,2,286,0.8214,2959,15613
large113_assisted,khot_error,2,287,0.8393,2967,15955
large113_assisted,khot_error,2,288,0.8393,2967,16305
large113_assisted,khot_error,2,289,0.8393,3187,16319
large113_assisted,khot_error,2,290,0.8393,3187,16331
large113_assisted,khot_error,2,291,0.8482,3516,16352
large113_assisted,khot_error,2,292,0.8393,3669,16522
large113_assisted,khot_error,2,293,0.8393,3826,16715
large113_assisted,khot_error,2,294,0.8304,4001,16890
large113_assisted,khot_error,2,295,0.8304,4001,16893
large113_assisted,khot_error,2,296,0.8214,4173,17071
large113_assisted,khot_error,2,297,0.8214,4173,17079
large113_assisted,khot_error,2,298,0.8214,4173,17080
large113_assisted,khot_error,2,299,0.8036,4203,17132
large113_assisted,khot_error,2,300,0.8125,4205,17174
large113_assisted,khot_error,2,301,0.8125,4205,17183
large113_assisted,khot_error,2,302,0.8125,4213,17209
large113_assisted,khot_error,2,303,0.8125,4387,17385
large113_assisted,khot_error,2,304,0.8214,4394,17728
large113_assisted,khot_error,2,305,0.8571,4404,17739
large113_assisted,khot_error,2,306,0.8571,4404,17750
large113_assisted,khot_error,2,307,0.8482,4405,17774
large113_assisted,khot_error,2,308,0.8482,4441,17795
large113_assisted,khot_error,2,309,0.8571,4442,17811
large113_assisted,khot_error,2,310,0.8571,4615,17988
large113_assisted,khot_error,2,311,0.8571,4787,18166
large113_assisted,khot_error,2,312,0.8571,4958,18345
large113_assisted,khot_error,2,313,0.8571,4958,18361
large113_assisted,khot_error,2,314,0.8571,4960,18383
large113_assisted,khot_error,2,315,0.8571,4960,18401
large113_assisted,khot_error,2,316,0.8482,5279,18432
large113_assisted,khot_error,2,317,0.8482,5279,18435
large113_assisted,khot_error,2,318,0.8482,5624,18440
large113_assisted,khot_error,2,319,0.8482,5624,18790
large113_assisted,khot_error,2,320,0.8482,5852,18912
large113_assisted,khot_error,2,321,0.8571,6196,18918
large113_assisted,khot_error,2,322,0.8571,6196,18920
large113_assisted,khot_error,2,323,0.8571,6196,18925
large113_assisted,khot_error,2,324,0.8571,6196,18939
large113_assisted,khot_error,2,325,0.8571,6196,19289
large113_assisted,khot_error,2,326,0.8571,6368,19467
large113_assisted,khot_error,2,327,0.8482,6714,19471
large113_assisted,khot_error,2,328,0.8482,6714,19487
large113_assisted,khot_error,2,329,0.8393,7050,19501
large113_assisted,khot_error,2,330,0.8482,7295,19606
large113_assisted,khot_error,2,331,0.8304,7298,19953
large113_assisted,khot_error,2,332,0.8304,7298,19972
large113_assisted,khot_error,2,333,0.8393,7299,19975
large113_assisted,khot_error,2,334,0.8304,7300,19989
large113_assisted,khot_error,2,335,0.8393,7301,20014
large113_assisted,khot_error,2,336,0.8393,7304,20034
large113_assisted,khot_error,2,337,0.8393,7646,20042
large113_assisted,khot_error,2,338,0.8482,7647,20066
large113_assisted,khot_error,2,339,0.8482,7986,20077
large113_assisted,khot_error,2,340,0.8571,7998,20110
large113_assisted,khot_error,2,341,0.8571,8329,20129
large113_assisted,khot_error,2,342,0.8571,8330,20478
large113_assisted,khot_error,2,343,0.8571,8670,20488
large113_assisted,khot_error,2,344,0.8661,8671,20490
large113_assisted,khot_error,2,345,0.8661,8840,20671
large113_assisted,khot_error,2,346,0.8661,8842,20676
large113_assisted,khot_error,2,347,0.8661,9013,20855
large113_assisted,khot_error,2,348,0.8661,9013,20859
large113_assisted,khot_error,2,349,0.8661,9013,20868
large113_assisted,khot_error,2,350,0.8661,9013,20878
large113_assisted,khot_error,2,351,0.8482,9026,20899
large113_assisted,khot_error,2,352,0.8393,9027,21248
large113_assisted,khot_error,2,353,0.8393,9369,21256
large113_assisted,khot_error,2,354,0.8393,9538,21437
large113_assisted,khot_error,2,355,0.8661,9859,21466
large113_assisted,khot_error,2,356,0.8839,9890,21785
large113_assisted,khot_error,2,357,0.8839,10062,21963
large113_assisted,khot_error,2,358,0.8929,10063,21968
large113_assisted,khot_error,2,359,0.8661,10064,21987
large113_assisted,khot_error,2,360,0.8661,10064,21988
large113_assisted,khot_error,2,361,0.8661,10064,21998
large113_assisted,khot_error,2,362,0.8750,10065,22017
large113_assisted,khot_error,2,363,0.8750,10065,22027
large113_assisted,khot_error,2,364,0.8571,10240,22202
large113_assisted,khot_error,2,365,0.8571,10573,22219
large113_assisted,khot_error,2,366,0.8661,10577,22233
large113_assisted,khot_error,2,367,0.8661,10915,22245
large113_assisted,khot_error,2,368,0.8661,10915,22258
large113_assisted,khot_error,2,369,0.8393,11203,22280
large113_assisted,khot_error,2,370,0.8482,11545,22288
large113_assisted,khot_error,2,371,0.8482,11715,22468
large113_assisted,khot_error,2,372,0.8482,12053,22480
large113_assisted,khot_error,2,373,0.8304,12395,22488
large113_assisted,khot_error,2,374,0.8304,12738,22495
large113_assisted,khot_error,2,375,0.8393,13069,22514
large113_assisted,khot_error,2,376,0.8393,13069,22516
large113_assisted,khot_error,2,377,0.8393,13069,22520
large113_assisted,khot_error,2,378,0.8393,13069,22527
large113_assisted,khot_error,2,379,0.8125,13405,22541
large113_assisted,khot_error,2,380,0.8125,13755,22541
large113_assisted,khot_error,2,381,0.8125,14105,22541
large113_assisted,khot_error,2,382,0.8304,14107,22550
large113_assisted,khot_error,2,383,0.8304,14107,22552
large113_assisted,khot_error,2,384,0.8214,14116,22873
large113_assisted,khot_error,2,385,0.8393,14459,22880
large113_assisted,khot_error,2,386,0.8036,14794,22895
large113_assisted,khot_error,2,387,0.8036,14967,23072
large113_assisted,khot_error,2,388,0.8036,15308,23081
large113_assisted,khot_error,2,389,0.8125,15309,23088
large113_assisted,khot_error,2,390,0.8304,15368,23112
large113_assisted,khot_error,2,391,0.8304,15471,23131
large113_assisted,khot_error,2,392,0.8304,15614,23150
large113_assisted,khot_error,2,393,0.8304,15849,23265
large113_assisted,khot_error,2,394,0.8304,16181,23283
large113_assisted,khot_error,2,395,0.8304,16528,23286
large113_assisted,khot_error,2,396,0.8214,16529,23294
large113_assisted,khot_error,2,397,0.8214,16635,23308
large113_assisted,khot_error,2,398,0.8571,16816,23342
large113_assisted,khot_error,2,399,0.8571,17156,23352
large113_assisted,khot_decay,2,0,0.3929,349,1
large113_assisted,khot_decay,2,1,0.4196,689,11
large113_assisted,khot_decay,2,2,0.4643,879,11
large113_assisted,khot_decay,2,3,0.5268,1221,19
large113_assisted,khot_decay,2,4,0.4821,1493,97
large113_assisted,khot_decay,2,5,0.4732,1573,367
large113_assisted,khot_decay,2,6,0.4643,1606,684
large113_assisted,khot_decay,2,7,0.4821,1720,919
large113_assisted,khot_decay,2,8,0.4732,1755,929
large113_assisted,khot_decay,2,9,0.4464,1946,1088
large113_assisted,khot_decay,2,10,0.4821,2073,1311
large113_assisted,khot_decay,2,11,0.4643,2221,1496
large113_assisted,khot_decay,2,12,0.4643,2276,1791
large113_assisted,khot_decay,2,13,0.4732,2302,2115
large113_assisted,khot_decay,2,14,0.4643,2305,2117
large113_assisted,khot_decay,2,15,0.4643,2332,2440
large113_assisted,khot_decay,2,16,0.4554,2338,2453
large113_assisted,khot_decay,2,17,0.4643,2384,2562
large113_assisted,khot_decay,2,18,0.4464,2446,2815
large113_assisted,khot_decay,2,19,0.4286,2508,3103
large113_assisted,khot_decay,2,20,0.4286,2534,3427
large113_assisted,khot_decay,2,21,0.4286,2564,3747
large113_assisted,khot_decay,2,22,0.4286,2650,4011
large113_assisted,khot_decay,2,23,0.4286,2680,4331
large113_assisted,khot_decay,2,24,0.4286,2747,4614
large113_assisted,khot_decay,2,25,0.4375,2789,4922
large113_assisted,khot_decay,2,26,0.4375,2796,4960
large113_assisted,khot_decay,2,27,0.4375,2799,4960
large113_assisted,khot_decay,2,28,0.4375,2823,5286
large113_assisted,khot_decay,2,29,0.4375,2845,5614
large113_assisted,khot_decay,2,30,0.4375,3020,5789
large113_assisted,khot_decay,2,31,0.4286,3184,5975
large113_assisted,khot_decay,2,32,0.4375,3224,6285
large113_assisted,khot_decay,2,33,0.4018,3362,6497
large113_assisted,khot_decay,2,34,0.4018,3396,6813
large113_assisted,khot_decay,2,35,0.4018,3410,6919
large113_assisted,khot_decay,2,36,0.4018,3449,7230
large113_assisted,khot_decay,2,37,0.4018,3502,7527
large113_assisted,khot_decay,2,38,0.4018,3530,7849
large113_assisted,khot_decay,2,39,0.4018,3559,8170
large113_assisted,khot_decay,2,40,0.4018,3576,8503
large113_assisted,khot_decay,2,41,0.4018,3628,8801
large113_assisted,khot_decay,2,42,0.4018,3664,9115
large113_assisted,khot_decay,2,43,0.4018,3695,9434
large113_assisted,khot_decay,2,44,0.4018,3724,9755
large113_assisted,khot_decay,2,45,0.4018,3753,10076
large113_assisted,khot_decay,2,46,0.4018,3776,10403
large113_assisted,khot_decay,2,47,0.3839,3800,10729
large113_assisted,khot_decay,2,48,0.3929,3830,11049
large113_assisted,khot_decay,2,49,0.3839,3853,11376
large113_assisted,khot_decay,2,50,0.3929,3873,11706
large113_assisted,khot_decay,2,51,0.3929,3961,11968
large113_assisted,khot_decay,2,52,0.3929,3979,12300
large113_assisted,khot_decay,2,53,0.3929,4007,12622
large113_assisted,khot_decay,2,54,0.3929,4008,12622
large113_assisted,khot_decay,2,55,0.3929,4031,12949
large113_assisted,khot_decay,2,56,0.3929,4053,13277
large113_assisted,khot_decay,2,57,0.3839,4084,13596
large113_assisted,khot_decay,2,58,0.3839,4105,13925
large113_assisted,khot_decay,2,59,0.3839,4122,14258
large113_assisted,khot_decay,2,60,0.3839,4138,14592
large113_assisted,khot_decay,2,61,0.3929,4182,14898
large113_assisted,khot_decay,2,62,0.3929,4185,14900
large113_assisted,khot_decay,2,63,0.3929,4206,15229
large113_assisted,khot_decay,2,64,0.3750,4245,15540
large113_assisted,khot_decay,2,65,0.3750,4265,15870
large113_assisted,khot_decay,2,66,0.3839,4294,16191
large113_assisted,khot_decay,2,67,0.3839,4322,16513
large113_assisted,khot_decay,2,68,0.3839,4343,16842
large113_assisted,khot_decay,2,69,0.3839,4373,17162
large113_assisted,khot_decay,2,70,0.3839,4396,17489
large113_assisted,khot_decay,2,71,0.3839,4423,17812
large113_assisted,khot_decay,2,72,0.3839,4497,18088
large113_assisted,khot_decay,2,73,0.3839,4520,18415
large113_assisted,khot_decay,2,74,0.3839,4551,18734
large113_assisted,khot_decay,2,75,0.3839,4571,19064
large113_assisted,khot_decay,2,76,0.3750,4594,19275
large113_assisted,khot_decay,2,77,0.3750,4621,19598
large113_assisted,khot_decay,2,78,0.3750,4668,19901
large113_assisted,khot_decay,2,79,0.3661,4686,20233
large113_assisted,khot_decay,2,80,0.3661,4702,20567
large113_assisted,khot_decay,2,81,0.3750,4726,20893
large113_assisted,khot_decay,2,82,0.3750,4738,21231
large113_assisted,khot_decay,2,83,0.3750,4761,21558
large113_assisted,khot_decay,2,84,0.3661,4784,21885
large113_assisted,khot_decay,2,85,0.3750,4826,22193
large113_assisted,khot_decay,2,86,0.3750,4848,22521
large113_assisted,khot_decay,2,87,0.3750,4876,22843
large113_assisted,khot_decay,2,88,0.3750,4898,23171
large113_assisted,khot_decay,2,89,0.3750,4921,23498
large113_assisted,khot_decay,2,90,0.3750,4947,23822
large113_assisted,khot_decay,2,91,0.3750,4970,24149
large113_assisted,khot_decay,2,92,0.3750,4986,24483
large113_assisted,khot_decay,2,93,0.3750,5004,24815
large113_assisted,khot_decay,2,94,0.3750,5028,25141
large113_assisted,khot_decay,2,95,0.3750,5044,25475
large113_assisted,khot_decay,2,96,0.3750,5070,25799
large113_assisted,khot_decay,2,97,0.3750,5098,26121
large113_assisted,khot_decay,2,98,0.3750,5124,26445
large113_assisted,khot_decay,2,99,0.3750,5153,26766
large113_assisted,khot_decay,2,100,0.3661,5171,27098
large113_assisted,khot_decay,2,101,0.3661,5189,27430
large113_assisted,khot_decay,2,102,0.3661,5211,27758
large113_assisted,khot_decay,2,103,0.3661,5228,28091
large113_assisted,khot_decay,2,104,0.3661,5247,28422
large113_assisted,khot_decay,2,105,0.3661,5266,28753
large113_assisted,khot_decay,2,106,0.3661,5283,29086
large113_assisted,khot_decay,2,107,0.3661,5301,29418
large113_assisted,khot_decay,2,108,0.3661,5327,29742
large113_assisted,khot_decay,2,109,0.3661,5345,30074
large113_assisted,khot_decay,2,110,0.3750,5361,30408
large113_assisted,khot_decay,2,111,0.3661,5385,30734
large113_assisted,khot_decay,2,112,0.3661,5408,31061
large113_assisted,khot_decay,2,113,0.3661,5441,31378
large113_assisted,khot_decay,2,114,0.3661,5457,31712
large113_assisted,khot_decay,2,115,0.3661,5474,32045
large113_assisted,khot_decay,2,116,0.3661,5489,32380
large113_assisted,khot_decay,2,117,0.3661,5505,32714
large113_assisted,khot_decay,2,118,0.3661,5516,33053
large113_assisted,khot_decay,2,119,0.3661,5537,33382
large113_assisted,khot_decay,2,120,0.3661,5556,33713
large113_assisted,khot_decay,2,121,0.3661,5574,34045
large113_assisted,khot_decay,2,122,0.3661,5605,34364
large113_assisted,khot_decay,2,123,0.3661,5619,34700
large113_assisted,khot_decay,2,124,0.3661,5642,35027
large113_assisted,khot_decay,2,125,0.3661,5644,35028
large113_assisted,khot_decay,2,126,0.3661,5663,35359
large113_assisted,khot_decay,2,127,0.3661,5684,35688
large113_assisted,khot_decay,2,128,0.3661,5710,36012
large113_assisted,khot_decay,2,129,0.3661,5726,36346
large113_assisted,khot_decay,2,130,0.3661,5744,36678
large113_assisted,khot_decay,2,131,0.3661,5760,37012
large113_assisted,khot_decay,2,132,0.3661,5786,37336
large113_assisted,khot_decay,2,133,0.3661,5805,37667
large113_assisted,khot_decay,2,134,0.3661,5818,38004
large113_assisted,khot_decay,2,135,0.3661,5839,38333
large113_assisted,khot_decay,2,136,0.3661,5852,38670
large113_assisted,khot_decay,2,137,0.3661,5876,38996
large113_assisted,khot_decay,2,138,0.3661,5897,39325
large113_assisted,khot_decay,2,139,0.3661,5913,39659
large113_assisted,khot_decay,2,140,0.3661,5936,39986
large113_assisted,khot_decay,2,141,0.3661,5947,40325
large113_assisted,khot_decay,2,142,0.3661,5983,40639
large113_assisted,khot_decay,2,143,0.3661,6003,40969
large113_assisted,khot_decay,2,144,0.3661,6018,41304
large113_assisted,khot_decay,2,145,0.3661,6035,41637
large113_assisted,khot_decay,2,146,0.3661,6064,41958
large113_assisted,khot_decay,2,147,0.3661,6081,42291
large113_assisted,khot_decay,2,148,0.3661,6095,42627
large113_assisted,khot_decay,2,149,0.3661,6115,42957
large113_assisted,khot_decay,2,150,0.3661,6134,43288
large113_assisted,khot_decay,2,151,0.3661,6153,43619
large113_assisted,khot_decay,2,152,0.3661,6177,43945
large113_assisted,khot_decay,2,153,0.3661,6201,44271
large113_assisted,khot_decay,2,154,0.3661,6217,44605
large113_assisted,khot_decay,2,155,0.3661,6235,44937
large113_assisted,khot_decay,2,156,0.3661,6257,45265
large113_assisted,khot_decay,2,157,0.3661,6274,45598
large113_assisted,khot_decay,2,158,0.3661,6287,45935
large113_assisted,khot_decay,2,159,0.3661,6309,46263
large113_assisted,khot_decay,2,160,0.3661,6324,46598
large113_assisted,khot_decay,2,161,0.3661,6326,46599
large113_assisted,khot_decay,2,162,0.3661,6345,46930
large113_assisted,khot_decay,2,163,0.3661,6371,47254
large113_assisted,khot_decay,2,164,0.3661,6384,47591
large113_assisted,khot_decay,2,165,0.3661,6403,47922
large113_assisted,khot_decay,2,166,0.3661,6430,48245
large113_assisted,khot_decay,2,167,0.3661,6458,48567
large113_assisted,khot_decay,2,168,0.3661,6482,48893
large113_assisted,khot_decay,2,169,0.3661,6498,49227
large113_assisted,khot_decay,2,170,0.3661,6514,49561
large113_assisted,khot_decay,2,171,0.3661,6530,49895
large113_assisted,khot_decay,2,172,0.3661,6543,50232
large113_assisted,khot_decay,2,173,0.3661,6569,50556
large113_assisted,khot_decay,2,174,0.3661,6582,50893
large113_assisted,khot_decay,2,175,0.3661,6597,51228
large113_assisted,khot_decay,2,176,0.3661,6619,51556
large113_assisted,khot_decay,2,177,0.3661,6634,51891
large113_assisted,khot_decay,2,178,0.3661,6650,52225
large113_assisted,khot_decay,2,179,0.3661,6668,52557
large113_assisted,khot_decay,2,180,0.3571,6695,52880
large113_assisted,khot_decay,2,181,0.3571,6717,53208
large113_assisted,khot_decay,2,182,0.3571,6740,53535
large113_assisted,khot_decay,2,183,0.3571,6757,53868
large113_assisted,khot_decay,2,184,0.3571,6774,54201
large113_assisted,khot_decay,2,185,0.3571,6795,54530
large113_assisted,khot_decay,2,186,0.3571,6806,54869
large113_assisted,khot_decay,2,187,0.3571,6827,55198
large113_assisted,khot_decay,2,188,0.3571,6839,55536
large113_assisted,khot_decay,2,189,0.3571,6860,55865
large113_assisted,khot_decay,2,190,0.3571,6889,56186
large113_assisted,khot_decay,2,191,0.3571,6905,56520
large113_assisted,khot_decay,2,192,0.3571,6926,56849
large113_assisted,khot_decay,2,193,0.3571,6944,57181
large113_assisted,khot_decay,2,194,0.3571,6959,57516
large113_assisted,khot_decay,2,195,0.3571,6972,57853
large113_assisted,khot_decay,2,196,0.3571,6983,58192
large113_assisted,khot_decay,2,197,0.3571,7000,58525
large113_assisted,khot_decay,2,198,0.3571,7016,58859
large113_assisted,khot_decay,2,199,0.3571,7040,59185
large113_assisted,khot_decay,2,200,0.3571,7052,59523
large113_assisted,khot_decay,2,201,0.3571,7068,59857
large113_assisted,khot_decay,2,202,0.3571,7085,60190
large113_assisted,khot_decay,2,203,0.3571,7088,60192
large113_assisted,khot_decay,2,204,0.3571,7104,60526
large113_assisted,khot_decay,2,205,0.3571,7127,60853
large113_assisted,khot_decay,2,206,0.3571,7138,61192
large113_assisted,khot_decay,2,207,0.3571,7157,61523
large113_assisted,khot_decay,2,208,0.3571,7183,61847
large113_assisted,khot_decay,2,209,0.3571,7203,62177
large113_assisted,khot_decay,2,210,0.3571,7225,62505
large113_assisted,khot_decay,2,211,0.3571,7249,62831
large113_assisted,khot_decay,2,212,0.3571,7263,63167
large113_assisted,khot_decay,2,213,0.3571,7281,63499
large113_assisted,khot_decay,2,214,0.3571,7294,63836
large113_assisted,khot_decay,2,215,0.3571,7311,64169
large113_assisted,khot_decay,2,216,0.3571,7329,64501
large113_assisted,khot_decay,2,217,0.3571,7344,64836
large113_assisted,khot_decay,2,218,0.3571,7366,65164
large113_assisted,khot_decay,2,219,0.3571,7389,65491
large113_assisted,khot_decay,2,220,0.3571,7404,65826
large113_assisted,khot_decay,2,221,0.3571,7415,66165
large113_assisted,khot_decay,2,222,0.3571,7435,66495
large113_assisted,khot_decay,2,223,0.3571,7457,66823
large113_assisted,khot_decay,2,224,0.3571,7480,67150
large113_assisted,khot_decay,2,225,0.3571,7497,67483
large113_assisted,khot_decay,2,226,0.3571,7516,67814
large113_assisted,khot_decay,2,227,0.3571,7541,68139
large113_assisted,khot_decay,2,228,0.3571,7558,68472
large113_assisted,khot_decay,2,229,0.3571,7573,68807
large113_assisted,khot_decay,2,230,0.3571,7599,69131
large113_assisted,khot_decay,2,231,0.3571,7619,69461
large113_assisted,khot_decay,2,232,0.3571,7641,69789
large113_assisted,khot_decay,2,233,0.3571,7643,69789
large113_assisted,khot_decay,2,234,0.3571,7658,70124
large113_assisted,khot_decay,2,235,0.3571,7678,70454
large113_assisted,khot_decay,2,236,0.3571,7699,70783
large113_assisted,khot_decay,2,237,0.3571,7715,71117
large113_assisted,khot_decay,2,238,0.3571,7733,71449
large113_assisted,khot_decay,2,239,0.3571,7749,71783
large113_assisted,khot_decay,2,240,0.3571,7767,72115
large113_assisted,khot_decay,2,241,0.3571,7792,72440
large113_assisted,khot_decay,2,242,0.3571,7810,72772
large113_assisted,khot_decay,2,243,0.3571,7834,73098
large113_assisted,khot_decay,2,244,0.3571,7850,73432
large113_assisted,khot_decay,2,245,0.3571,7859,73773
large113_assisted,khot_decay,2,246,0.3571,7878,74104
large113_assisted,khot_decay,2,247,0.3661,7903,74429
large113_assisted,khot_decay,2,248,0.3661,7915,74767
large113_assisted,khot_decay,2,249,0.3661,7927,75105
large113_assisted,khot_decay,2,250,0.3661,7951,75431
large113_assisted,khot_decay,2,251,0.3661,7968,75764
large113_assisted,khot_decay,2,252,0.3661,7992,76090
large113_assisted,khot_decay,2,253,0.3661,8007,76425
large113_assisted,khot_decay,2,254,0.3661,8035,76747
large113_assisted,khot_decay,2,255,0.3661,8052,77080
large113_assisted,khot_decay,2,256,0.3661,8067,77415
large113_assisted,khot_decay,2,257,0.3661,8091,77741
large113_assisted,khot_decay,2,258,0.3661,8109,78073
large113_assisted,khot_decay,2,259,0.3661,8131,78401
large113_assisted,khot_decay,2,260,0.3661,8156,78726
large113_assisted,khot_decay,2,261,0.3661,8186,79046
large113_assisted,khot_decay,2,262,0.3661,8205,79377
large113_assisted,khot_decay,2,263,0.3661,8206,79377
large113_assisted,khot_decay,2,264,0.3661,8230,79703
large113_assisted,khot_decay,2,265,0.3661,8245,80038
large113_assisted,khot_decay,2,266,0.3661,8262,80371
large113_assisted,khot_decay,2,267,0.3661,8281,80702
large113_assisted,khot_decay,2,268,0.3661,8306,81027
large113_assisted,khot_decay,2,269,0.3661,8331,81352
large113_assisted,khot_decay,2,270,0.3661,8351,81682
large113_assisted,khot_decay,2,271,0.3661,8366,82017
large113_assisted,khot_decay,2,272,0.3661,8384,82349
large113_assisted,khot_decay,2,273,0.3661,8410,82673
large113_assisted,khot_decay,2,274,0.3661,8422,83011
large113_assisted,khot_decay,2,275,0.3661,8438,83345
large113_assisted,khot_decay,2,276,0.3661,8453,83680
large113_assisted,khot_decay,2,277,0.3661,8477,84006
large113_assisted,khot_decay,2,278,0.3661,8496,84337
large113_assisted,khot_decay,2,279,0.3661,8513,84670
large113_assisted,khot_decay,2,280,0.3571,8530,85003
large113_assisted,khot_decay,2,281,0.3571,8551,85332
large113_assisted,khot_decay,2,282,0.3571,8571,85662
large113_assisted,khot_decay,2,283,0.3571,8586,85997
large113_assisted,khot_decay,2,284,0.3571,8603,86330
large113_assisted,khot_decay,2,285,0.3571,8605,86330
large113_assisted,khot_decay,2,286,0.3571,8623,86662
large113_assisted,khot_decay,2,287,0.3571,8642,86993
large113_assisted,khot_decay,2,288,0.3571,8653,87332
large113_assisted,khot_decay,2,289,0.3571,8673,87662
large113_assisted,khot_decay,2,290,0.3571,8691,87994
large113_assisted,khot_decay,2,291,0.3571,8705,88330
large113_assisted,khot_decay,2,292,0.3571,8729,88656
large113_assisted,khot_decay,2,293,0.3571,8756,88979
large113_assisted,khot_decay,2,294,0.3571,8769,89316
large113_assisted,khot_decay,2,295,0.3571,8788,89647
large113_assisted,khot_decay,2,296,0.3571,8814,89971
large113_assisted,khot_decay,2,297,0.3571,8833,90302
large113_assisted,khot_decay,2,298,0.3571,8834,90302
large113_assisted,khot_decay,2,299,0.3571,8854,90632
large113_assisted,khot_decay,2,300,0.3571,8878,90958
large113_assisted,khot_decay,2,301,0.3571,8902,91284
large113_assisted,khot_decay,2,302,0.3571,8920,91616
large113_assisted,khot_decay,2,303,0.3571,8937,91949
large113_assisted,khot_decay,2,304,0.3571,8959,92277
large113_assisted,khot_decay,2,305,0.3571,8974,92612
large113_assisted,khot_decay,2,306,0.3571,8988,92948
large113_assisted,khot_decay,2,307,0.3571,9006,93280
large113_assisted,khot_decay,2,308,0.3571,9028,93608
large113_assisted,khot_decay,2,309,0.3571,9046,93940
large113_assisted,khot_decay,2,310,0.3571,9066,94270
large113_assisted,khot_decay,2,311,0.3571,9084,94602
large113_assisted,khot_decay,2,312,0.3571,9101,94935
large113_assisted,khot_decay,2,313,0.3571,9116,95270
large113_assisted,khot_decay,2,314,0.3571,9134,95602
large113_assisted,khot_decay,2,315,0.3571,9148,95938
large113_assisted,khot_decay,2,316,0.3571,9173,96263
large113_assisted,khot_decay,2,317,0.3571,9175,96264
large113_assisted,khot_decay,2,318,0.3571,9188,96601
large113_assisted,khot_decay,2,319,0.3571,9208,96931
large113_assisted,khot_decay,2,320,0.3571,9235,97254
large113_assisted,khot_decay,2,321,0.3571,9258,97581
large113_assisted,khot_decay,2,322,0.3571,9292,97897
large113_assisted,khot_decay,2,323,0.3571,9319,98220
large113_assisted,khot_decay,2,324,0.3571,9340,98549
large113_assisted,khot_decay,2,325,0.3571,9360,98879
large113_assisted,khot_decay,2,326,0.3571,9378,99211
large113_assisted,khot_decay,2,327,0.3571,9393,99546
large113_assisted,khot_decay,2,328,0.3571,9405,99884
large113_assisted,khot_decay,2,329,0.3571,9429,100210
large113_assisted,khot_decay,2,330,0.3571,9453,100536
large113_assisted,khot_decay,2,331,0.3571,9464,100875
large113_assisted,khot_decay,2,332,0.3571,9483,101206
large113_assisted,khot_decay,2,333,0.3571,9485,101207
large113_assisted,khot_decay,2,334,0.3571,9505,101537
large113_assisted,khot_decay,2,335,0.3571,9524,101868
large113_assisted,khot_decay,2,336,0.3571,9547,102195
large113_assisted,khot_decay,2,337,0.3571,9566,102526
large113_assisted,khot_decay,2,338,0.3571,9583,102859
large113_assisted,khot_decay,2,339,0.3571,9600,103192
large113_assisted,khot_decay,2,340,0.3571,9624,103518
large113_assisted,khot_decay,2,341,0.3482,9648,103844
large113_assisted,khot_decay,2,342,0.3482,9663,104179
large113_assisted,khot_decay,2,343,0.3482,9685,104507
large113_assisted,khot_decay,2,344,0.3482,9687,104507
large113_assisted,khot_decay,2,345,0.3482,9713,104831
large113_assisted,khot_decay,2,346,0.3482,9728,105166
large113_assisted,khot_decay,2,347,0.3482,9743,105501
large113_assisted,khot_decay,2,348,0.3482,9757,105837
large113_assisted,khot_decay,2,349,0.3482,9777,106167
large113_assisted,khot_decay,2,350,0.3482,9793,106501
large113_assisted,khot_decay,2,351,0.3482,9812,106832
large113_assisted,khot_decay,2,352,0.3482,9833,107161
large113_assisted,khot_decay,2,353,0.3482,9853,107491
large113_assisted,khot_decay,2,354,0.3482,9870,107824
large113_assisted,khot_decay,2,355,0.3482,9888,108156
large113_assisted,khot_decay,2,356,0.3482,9909,108485
large113_assisted,khot_decay,2,357,0.3482,9924,108820
large113_assisted,khot_decay,2,358,0.3482,9950,109144
large113_assisted,khot_decay,2,359,0.3482,9967,109477
large113_assisted,khot_decay,2,360,0.3482,9981,109813
large113_assisted,khot_decay,2,361,0.3482,9997,110147
large113_assisted,khot_decay,2,362,0.3482,10020,110474
large113_assisted,khot_decay,2,363,0.3482,10040,110804
large113_assisted,khot_decay,2,364,0.3482,10050,111144
large113_assisted,khot_decay,2,365,0.3482,10072,111472
large113_assisted,khot_decay,2,366,0.3482,10087,111807
large113_assisted,khot_decay,2,367,0.3482,10114,112130
large113_assisted,khot_decay,2,368,0.3482,10136,112458
large113_assisted,khot_decay,2,369,0.3482,10155,112789
large113_assisted,khot_decay,2,370,0.3482,10177,113117
large113_assisted,khot_decay,2,371,0.3482,10203,113441
large113_assisted,khot_decay,2,372,0.3482,10222,113772
large113_assisted,khot_decay,2,373,0.3482,10244,114100
large113_assisted,khot_decay,2,374,0.3482,10270,114424
large113_assisted,khot_decay,2,375,0.3482,10289,114755
large113_assisted,khot_decay,2,376,0.3482,10290,114756
large113_assisted,khot_decay,2,377,0.3482,10308,115088
large113_assisted,khot_decay,2,378,0.3482,10331,115415
large113_assisted,khot_decay,2,379,0.3482,10353,115743
large113_assisted,khot_decay,2,380,0.3482,10373,116073
large113_assisted,khot_decay,2,381,0.3482,10396,116400
large113_assisted,khot_decay,2,382,0.3482,10401,116745
large113_assisted,khot_decay,2,383,0.3482,10402,116746
large113_assisted,khot_decay,2,384,0.3482,10421,117077
large113_assisted,khot_decay,2,385,0.3482,10444,117404
large113_assisted,khot_decay,2,386,0.3482,10467,117731
large113_assisted,khot_decay,2,387,0.3482,10485,118063
large113_assisted,khot_decay,2,388,0.3482,10508,118390
large113_assisted,khot_decay,2,389,0.3482,10522,118726
large113_assisted,khot_decay,2,390,0.3482,10539,119059
large113_assisted,khot_decay,2,391,0.3482,10560,119388
large113_assisted,khot_decay,2,392,0.3482,10579,119719
large113_assisted,khot_decay,2,393,0.3482,10590,120058
large113_assisted,khot_decay,2,394,0.3482,10606,120392
large113_assisted,khot_decay,2,395,0.3482,10618,120730
large113_assisted,khot_decay,2,396,0.3482,10644,121054
large113_assisted,khot_decay,2,397,0.3482,10665,121383
large113_assisted,khot_decay,2,398,0.3482,10691,121707
large113_assisted,khot_decay,2,399,0.3482,10712,122036
