maze,agent,seed,episode,steps,total_reward,reached_goal,optimal_steps
scale_f0.01,kc_delta,0,0,600,-600.0,False,45
scale_f0.01,kc_delta,0,1,600,-600.0,False,46
scale_f0.01,kc_delta,0,2,600,-600.0,False,22
scale_f0.01,kc_delta,0,3,576,-565.0,True,19
scale_f0.01,kc_delta,0,4,206,-195.0,True,11
scale_f0.01,kc_delta,0,5,507,-496.0,True,22
scale_f0.01,kc_delta,0,6,600,-600.0,False,43
scale_f0.01,kc_delta,0,7,600,-600.0,False,45
scale_f0.01,kc_delta,0,8,140,-129.0,True,22
scale_f0.01,kc_delta,0,9,600,-600.0,False,46
scale_f0.01,kc_delta,0,10,600,-600.0,False,35
scale_f0.01,kc_delta,0,11,600,-600.0,False,49
scale_f0.01,kc_delta,0,12,309,-298.0,True,23
scale_f0.01,kc_delta,0,13,600,-600.0,False,28
scale_f0.01,kc_delta,0,14,600,-600.0,False,47
scale_f0.01,kc_delta,0,15,56,-45.0,True,17
scale_f0.01,kc_delta,0,16,600,-600.0,False,52
scale_f0.01,kc_delta,0,17,600,-600.0,False,26
scale_f0.01,kc_delta,0,18,600,-600.0,False,54
scale_f0.01,kc_delta,0,19,24,-13.0,True,12
scale_f0.01,kc_delta,0,20,600,-600.0,False,55
scale_f0.01,kc_delta,0,21,600,-600.0,False,25
scale_f0.01,kc_delta,0,22,69,-58.0,True,10
scale_f0.01,kc_delta,0,23,600,-600.0,False,34
scale_f0.01,kc_delta,0,24,12,-1.0,True,8
scale_f0.01,kc_delta,0,25,600,-600.0,False,51
scale_f0.01,kc_delta,0,26,600,-600.0,False,48
scale_f0.01,kc_delta,0,27,9,2.0,True,6
scale_f0.01,kc_delta,0,28,600,-600.0,False,36
scale_f0.01,kc_delta,0,29,600,-600.0,False,18
scale_f0.01,kc_delta,0,30,600,-600.0,False,52
scale_f0.01,kc_delta,0,31,180,-169.0,True,28
scale_f0.01,kc_delta,0,32,600,-600.0,False,44
scale_f0.01,kc_delta,0,33,600,-600.0,False,45
scale_f0.01,kc_delta,0,34,600,-600.0,False,27
scale_f0.01,kc_delta,0,35,600,-600.0,False,50
scale_f0.01,kc_delta,0,36,101,-90.0,True,20
scale_f0.01,kc_delta,0,37,208,-197.0,True,20
scale_f0.01,kc_delta,0,38,584,-573.0,True,26
scale_f0.01,kc_delta,0,39,600,-600.0,False,31
scale_f0.01,kc_delta,0,40,100,-89.0,True,24
scale_f0.01,kc_delta,0,41,12,-1.0,True,8
scale_f0.01,kc_delta,0,42,240,-229.0,True,21
scale_f0.01,kc_delta,0,43,600,-600.0,False,37
scale_f0.01,kc_delta,0,44,600,-600.0,False,51
scale_f0.01,kc_delta,0,45,600,-600.0,False,51
scale_f0.01,kc_delta,0,46,73,-62.0,True,13
scale_f0.01,kc_delta,0,47,600,-600.0,False,26
scale_f0.01,kc_delta,0,48,600,-600.0,False,31
scale_f0.01,kc_delta,0,49,600,-600.0,False,44
scale_f0.01,kc_delta,0,50,54,-43.0,True,22
scale_f0.01,kc_delta,0,51,600,-600.0,False,53
scale_f0.01,kc_delta,0,52,12,-1.0,True,5
scale_f0.01,kc_delta,0,53,600,-600.0,False,36
scale_f0.01,kc_delta,0,54,600,-600.0,False,52
scale_f0.01,kc_delta,0,55,562,-551.0,True,40
scale_f0.01,kc_delta,0,56,600,-600.0,False,48
scale_f0.01,kc_delta,0,57,167,-156.0,True,29
scale_f0.01,kc_delta,0,58,600,-600.0,False,44
scale_f0.01,kc_delta,0,59,600,-600.0,False,49
scale_f0.01,kc_delta,0,60,600,-600.0,False,33
scale_f0.01,kc_delta,0,61,600,-600.0,False,44
scale_f0.01,kc_delta,0,62,600,-600.0,False,50
scale_f0.01,kc_delta,0,63,600,-600.0,False,33
scale_f0.01,kc_delta,0,64,38,-27.0,True,20
scale_f0.01,kc_delta,0,65,38,-27.0,True,13
scale_f0.01,kc_delta,0,66,22,-11.0,True,13
scale_f0.01,kc_delta,0,67,600,-600.0,False,46
scale_f0.01,kc_delta,0,68,163,-152.0,True,25
scale_f0.01,kc_delta,0,69,600,-600.0,False,45
scale_f0.01,kc_delta,0,70,600,-600.0,False,46
scale_f0.01,kc_delta,0,71,600,-600.0,False,55
scale_f0.01,kc_delta,0,72,600,-600.0,False,39
scale_f0.01,kc_delta,0,73,600,-600.0,False,56
scale_f0.01,kc_delta,0,74,600,-600.0,False,50
scale_f0.01,kc_delta,0,75,211,-200.0,True,21
scale_f0.01,kc_delta,0,76,40,-29.0,True,13
scale_f0.01,kc_delta,0,77,600,-600.0,False,47
scale_f0.01,kc_delta,0,78,600,-600.0,False,43
scale_f0.01,kc_delta,0,79,206,-195.0,True,25
scale_f0.01,kc_delta,0,80,45,-34.0,True,20
scale_f0.01,kc_delta,0,81,87,-76.0,True,21
scale_f0.01,kc_delta,0,82,58,-47.0,True,18
scale_f0.01,kc_delta,0,83,600,-600.0,False,54
scale_f0.01,kc_delta,0,84,600,-600.0,False,53
scale_f0.01,kc_delta,0,85,600,-600.0,False,35
scale_f0.01,kc_delta,0,86,600,-600.0,False,47
scale_f0.01,kc_delta,0,87,600,-600.0,False,43
scale_f0.01,kc_delta,0,88,134,-123.0,True,19
scale_f0.01,kc_delta,0,89,61,-50.0,True,21
scale_f0.01,kc_delta,0,90,54,-43.0,True,19
scale_f0.01,kc_delta,0,91,289,-278.0,True,29
scale_f0.01,kc_delta,0,92,55,-44.0,True,19
scale_f0.01,kc_delta,0,93,600,-600.0,False,52
scale_f0.01,kc_delta,0,94,600,-600.0,False,44
scale_f0.01,kc_delta,0,95,100,-89.0,True,20
scale_f0.01,kc_delta,0,96,63,-52.0,True,26
scale_f0.01,kc_delta,0,97,260,-249.0,True,24
scale_f0.01,kc_delta,0,98,600,-600.0,False,42
scale_f0.01,kc_delta,0,99,600,-600.0,False,40
scale_f0.01,kc_delta,0,100,600,-600.0,False,55
scale_f0.01,kc_delta,0,101,93,-82.0,True,19
scale_f0.01,kc_delta,0,102,3,8.0,True,3
scale_f0.01,kc_delta,0,103,600,-600.0,False,51
scale_f0.01,kc_delta,0,104,600,-600.0,False,45
scale_f0.01,kc_delta,0,105,5,6.0,True,4
scale_f0.01,kc_delta,0,106,600,-600.0,False,35
scale_f0.01,kc_delta,0,107,600,-600.0,False,57
scale_f0.01,kc_delta,0,108,600,-600.0,False,56
scale_f0.01,kc_delta,0,109,600,-600.0,False,47
scale_f0.01,kc_delta,0,110,600,-600.0,False,28
scale_f0.01,kc_delta,0,111,600,-600.0,False,43
scale_f0.01,kc_delta,0,112,600,-600.0,False,54
scale_f0.01,kc_delta,0,113,505,-494.0,True,33
scale_f0.01,kc_delta,0,114,600,-600.0,False,37
scale_f0.01,kc_delta,0,115,55,-44.0,True,26
scale_f0.01,kc_delta,0,116,600,-600.0,False,38
scale_f0.01,kc_delta,0,117,600,-600.0,False,52
scale_f0.01,kc_delta,0,118,600,-600.0,False,46
scale_f0.01,kc_delta,0,119,600,-600.0,False,32
scale_f0.01,kc_delta,0,120,251,-240.0,True,32
scale_f0.01,kc_delta,0,121,493,-482.0,True,42
scale_f0.01,kc_delta,0,122,600,-600.0,False,51
scale_f0.01,kc_delta,0,123,23,-12.0,True,18
scale_f0.01,kc_delta,0,124,600,-600.0,False,40
scale_f0.01,kc_delta,0,125,600,-600.0,False,48
scale_f0.01,kc_delta,0,126,600,-600.0,False,34
scale_f0.01,kc_delta,0,127,600,-600.0,False,56
scale_f0.01,kc_delta,0,128,600,-600.0,False,44
scale_f0.01,kc_delta,0,129,600,-600.0,False,51
scale_f0.01,kc_delta,0,130,51,-40.0,True,23
scale_f0.01,kc_delta,0,131,7,4.0,True,7
scale_f0.01,kc_delta,0,132,568,-557.0,True,34
scale_f0.01,kc_delta,0,133,77,-66.0,True,29
scale_f0.01,kc_delta,0,134,600,-600.0,False,26
scale_f0.01,kc_delta,0,135,389,-378.0,True,26
scale_f0.01,kc_delta,0,136,58,-47.0,True,20
scale_f0.01,kc_delta,0,137,370,-359.0,True,26
scale_f0.01,kc_delta,0,138,600,-600.0,False,49
scale_f0.01,kc_delta,0,139,600,-600.0,False,40
scale_f0.01,kc_delta,0,140,122,-111.0,True,37
scale_f0.01,kc_delta,0,141,600,-600.0,False,51
scale_f0.01,kc_delta,0,142,358,-347.0,True,38
scale_f0.01,kc_delta,0,143,600,-600.0,False,44
scale_f0.01,kc_delta,0,144,600,-600.0,False,44
scale_f0.01,kc_delta,0,145,600,-600.0,False,34
scale_f0.01,kc_delta,0,146,69,-58.0,True,21
scale_f0.01,kc_delta,0,147,600,-600.0,False,39
scale_f0.01,kc_delta,0,148,50,-39.0,True,20
scale_f0.01,kc_delta,0,149,600,-600.0,False,38
scale_f0.01,kc_delta,0,150,75,-64.0,True,20
scale_f0.01,kc_delta,0,151,600,-600.0,False,53
scale_f0.01,kc_delta,0,152,37,-26.0,True,17
scale_f0.01,kc_delta,0,153,13,-2.0,True,13
scale_f0.01,kc_delta,0,154,600,-600.0,False,45
scale_f0.01,kc_delta,0,155,61,-50.0,True,23
scale_f0.01,kc_delta,0,156,34,-23.0,True,20
scale_f0.01,kc_delta,0,157,107,-96.0,True,22
scale_f0.01,kc_delta,0,158,98,-87.0,True,33
scale_f0.01,kc_delta,0,159,444,-433.0,True,35
scale_f0.01,kc_delta,0,160,65,-54.0,True,34
scale_f0.01,kc_delta,0,161,600,-600.0,False,51
scale_f0.01,kc_delta,0,162,3,8.0,True,2
scale_f0.01,kc_delta,0,163,14,-3.0,True,4
scale_f0.01,kc_delta,0,164,600,-600.0,False,51
scale_f0.01,kc_delta,0,165,600,-600.0,False,56
scale_f0.01,kc_delta,0,166,134,-123.0,True,25
scale_f0.01,kc_delta,0,167,600,-600.0,False,49
scale_f0.01,kc_delta,0,168,248,-237.0,True,24
scale_f0.01,kc_delta,0,169,600,-600.0,False,33
scale_f0.01,kc_delta,0,170,347,-336.0,True,39
scale_f0.01,kc_delta,0,171,32,-21.0,True,19
scale_f0.01,kc_delta,0,172,10,1.0,True,10
scale_f0.01,kc_delta,0,173,102,-91.0,True,26
scale_f0.01,kc_delta,0,174,600,-600.0,False,43
scale_f0.01,kc_delta,0,175,600,-600.0,False,45
scale_f0.01,kc_delta,0,176,79,-68.0,True,24
scale_f0.01,kc_delta,0,177,600,-600.0,False,51
scale_f0.01,kc_delta,0,178,600,-600.0,False,54
scale_f0.01,kc_delta,0,179,600,-600.0,False,46
scale_f0.01,kc_delta,0,180,600,-600.0,False,46
scale_f0.01,kc_delta,0,181,54,-43.0,True,18
scale_f0.01,kc_delta,0,182,600,-600.0,False,37
scale_f0.01,kc_delta,0,183,600,-600.0,False,53
scale_f0.01,kc_delta,0,184,148,-137.0,True,20
scale_f0.01,kc_delta,0,185,600,-600.0,False,42
scale_f0.01,kc_delta,0,186,600,-600.0,False,36
scale_f0.01,kc_delta,0,187,17,-6.0,True,12
scale_f0.01,kc_delta,0,188,600,-600.0,False,59
scale_f0.01,kc_delta,0,189,600,-600.0,False,53
scale_f0.01,kc_delta,0,190,600,-600.0,False,37
scale_f0.01,kc_delta,0,191,292,-281.0,True,32
scale_f0.01,kc_delta,0,192,43,-32.0,True,15
scale_f0.01,kc_delta,0,193,600,-600.0,False,56
scale_f0.01,kc_delta,0,194,600,-600.0,False,41
scale_f0.01,kc_delta,0,195,173,-162.0,True,26
scale_f0.01,kc_delta,0,196,600,-600.0,False,45
scale_f0.01,kc_delta,0,197,63,-52.0,True,24
scale_f0.01,kc_delta,0,198,21,-10.0,True,17
scale_f0.01,kc_delta,0,199,600,-600.0,False,28
scale_f0.01,kc_delta,0,200,600,-600.0,False,53
scale_f0.01,kc_delta,0,201,600,-600.0,False,43
scale_f0.01,kc_delta,0,202,600,-600.0,False,41
scale_f0.01,kc_delta,0,203,24,-13.0,True,21
scale_f0.01,kc_delta,0,204,600,-600.0,False,44
scale_f0.01,kc_delta,0,205,600,-600.0,False,54
scale_f0.01,kc_delta,0,206,246,-235.0,True,26
scale_f0.01,kc_delta,0,207,600,-600.0,False,36
scale_f0.01,kc_delta,0,208,600,-600.0,False,42
scale_f0.01,kc_delta,0,209,600,-600.0,False,53
scale_f0.01,kc_delta,0,210,600,-600.0,False,54
scale_f0.01,kc_delta,0,211,28,-17.0,True,13
scale_f0.01,kc_delta,0,212,204,-193.0,True,24
scale_f0.01,kc_delta,0,213,600,-600.0,False,36
scale_f0.01,kc_delta,0,214,44,-33.0,True,19
scale_f0.01,kc_delta,0,215,131,-120.0,True,37
scale_f0.01,kc_delta,0,216,600,-600.0,False,42
scale_f0.01,kc_delta,0,217,51,-40.0,True,19
scale_f0.01,kc_delta,0,218,600,-600.0,False,42
scale_f0.01,kc_delta,0,219,80,-69.0,True,33
scale_f0.01,kc_delta,0,220,600,-600.0,False,54
scale_f0.01,kc_delta,0,221,27,-16.0,True,4
scale_f0.01,kc_delta,0,222,600,-600.0,False,55
scale_f0.01,kc_delta,0,223,600,-600.0,False,40
scale_f0.01,kc_delta,0,224,600,-600.0,False,38
scale_f0.01,kc_delta,0,225,600,-600.0,False,37
scale_f0.01,kc_delta,0,226,600,-600.0,False,46
scale_f0.01,kc_delta,0,227,54,-43.0,True,22
scale_f0.01,kc_delta,0,228,600,-600.0,False,53
scale_f0.01,kc_delta,0,229,600,-600.0,False,44
scale_f0.01,kc_delta,0,230,600,-600.0,False,47
scale_f0.01,kc_delta,0,231,600,-600.0,False,25
scale_f0.01,kc_delta,0,232,139,-128.0,True,12
scale_f0.01,kc_delta,0,233,600,-600.0,False,45
scale_f0.01,kc_delta,0,234,600,-600.0,False,40
scale_f0.01,kc_delta,0,235,61,-50.0,True,13
scale_f0.01,kc_delta,0,236,600,-600.0,False,29
scale_f0.01,kc_delta,0,237,600,-600.0,False,25
scale_f0.01,kc_delta,0,238,600,-600.0,False,54
scale_f0.01,kc_delta,0,239,600,-600.0,False,48
scale_f0.01,kc_delta,0,240,398,-387.0,True,32
scale_f0.01,kc_delta,0,241,600,-600.0,False,37
scale_f0.01,kc_delta,0,242,600,-600.0,False,56
scale_f0.01,kc_delta,0,243,130,-119.0,True,32
scale_f0.01,kc_delta,0,244,11,0.0,True,11
scale_f0.01,kc_delta,0,245,600,-600.0,False,43
scale_f0.01,kc_delta,0,246,600,-600.0,False,34
scale_f0.01,kc_delta,0,247,600,-600.0,False,34
scale_f0.01,kc_delta,0,248,600,-600.0,False,52
scale_f0.01,kc_delta,0,249,297,-286.0,True,28
scale_f0.01,kc_delta,0,250,600,-600.0,False,45
scale_f0.01,kc_delta,0,251,600,-600.0,False,27
scale_f0.01,kc_delta,0,252,400,-389.0,True,41
scale_f0.01,kc_delta,0,253,600,-600.0,False,56
scale_f0.01,kc_delta,0,254,600,-600.0,False,45
scale_f0.01,kc_delta,0,255,600,-600.0,False,42
scale_f0.01,kc_delta,0,256,101,-90.0,True,24
scale_f0.01,kc_delta,0,257,600,-600.0,False,46
scale_f0.01,kc_delta,0,258,600,-600.0,False,33
scale_f0.01,kc_delta,0,259,600,-600.0,False,41
scale_f0.01,kc_delta,0,260,600,-600.0,False,49
scale_f0.01,kc_delta,0,261,123,-112.0,True,29
scale_f0.01,kc_delta,0,262,19,-8.0,True,7
scale_f0.01,kc_delta,0,263,48,-37.0,True,18
scale_f0.01,kc_delta,0,264,6,5.0,True,6
scale_f0.01,kc_delta,0,265,21,-10.0,True,17
scale_f0.01,kc_delta,0,266,600,-600.0,False,39
scale_f0.01,kc_delta,0,267,600,-600.0,False,34
scale_f0.01,kc_delta,0,268,48,-37.0,True,18
scale_f0.01,kc_delta,0,269,600,-600.0,False,49
scale_f0.01,kc_delta,0,270,600,-600.0,False,47
scale_f0.01,kc_delta,0,271,53,-42.0,True,22
scale_f0.01,kc_delta,0,272,49,-38.0,True,23
scale_f0.01,kc_delta,0,273,600,-600.0,False,51
scale_f0.01,kc_delta,0,274,39,-28.0,True,11
scale_f0.01,kc_delta,0,275,26,-15.0,True,14
scale_f0.01,kc_delta,0,276,241,-230.0,True,41
scale_f0.01,kc_delta,0,277,22,-11.0,True,22
scale_f0.01,kc_delta,0,278,600,-600.0,False,35
scale_f0.01,kc_delta,0,279,600,-600.0,False,49
scale_f0.01,kc_delta,0,280,600,-600.0,False,54
scale_f0.01,kc_delta,0,281,62,-51.0,True,20
scale_f0.01,kc_delta,0,282,600,-600.0,False,50
scale_f0.01,kc_delta,0,283,18,-7.0,True,16
scale_f0.01,kc_delta,0,284,8,3.0,True,8
scale_f0.01,kc_delta,0,285,75,-64.0,True,17
scale_f0.01,kc_delta,0,286,600,-600.0,False,45
scale_f0.01,kc_delta,0,287,24,-13.0,True,12
scale_f0.01,kc_delta,0,288,600,-600.0,False,54
scale_f0.01,kc_delta,0,289,51,-40.0,True,24
scale_f0.01,kc_delta,0,290,24,-13.0,True,20
scale_f0.01,kc_delta,0,291,600,-600.0,False,51
scale_f0.01,kc_delta,0,292,64,-53.0,True,21
scale_f0.01,kc_delta,0,293,600,-600.0,False,53
scale_f0.01,kc_delta,0,294,600,-600.0,False,54
scale_f0.01,kc_delta,0,295,600,-600.0,False,48
scale_f0.01,kc_delta,0,296,60,-49.0,True,14
scale_f0.01,kc_delta,0,297,22,-11.0,True,12
scale_f0.01,kc_delta,0,298,18,-7.0,True,6
scale_f0.01,kc_delta,0,299,16,-5.0,True,13
scale_f0.01,kc_delta,0,300,2,9.0,True,2
scale_f0.01,kc_delta,0,301,600,-600.0,False,36
scale_f0.01,kc_delta,0,302,166,-155.0,True,28
scale_f0.01,kc_delta,0,303,600,-600.0,False,47
scale_f0.01,kc_delta,0,304,600,-600.0,False,44
scale_f0.01,kc_delta,0,305,80,-69.0,True,18
scale_f0.01,kc_delta,0,306,203,-192.0,True,32
scale_f0.01,kc_delta,0,307,55,-44.0,True,24
scale_f0.01,kc_delta,0,308,600,-600.0,False,46
scale_f0.01,kc_delta,0,309,33,-22.0,True,26
scale_f0.01,kc_delta,0,310,187,-176.0,True,36
scale_f0.01,kc_delta,0,311,11,0.0,True,10
scale_f0.01,kc_delta,0,312,600,-600.0,False,52
scale_f0.01,kc_delta,0,313,29,-18.0,True,19
scale_f0.01,kc_delta,0,314,50,-39.0,True,38
scale_f0.01,kc_delta,0,315,600,-600.0,False,46
scale_f0.01,kc_delta,0,316,600,-600.0,False,52
scale_f0.01,kc_delta,0,317,600,-600.0,False,49
scale_f0.01,kc_delta,0,318,19,-8.0,True,7
scale_f0.01,kc_delta,0,319,75,-64.0,True,22
scale_f0.01,kc_delta,0,320,26,-15.0,True,22
scale_f0.01,kc_delta,0,321,39,-28.0,True,21
scale_f0.01,kc_delta,0,322,28,-17.0,True,25
scale_f0.01,kc_delta,0,323,600,-600.0,False,53
scale_f0.01,kc_delta,0,324,46,-35.0,True,17
scale_f0.01,kc_delta,0,325,600,-600.0,False,41
scale_f0.01,kc_delta,0,326,26,-15.0,True,15
scale_f0.01,kc_delta,0,327,23,-12.0,True,16
scale_f0.01,kc_delta,0,328,8,3.0,True,7
scale_f0.01,kc_delta,0,329,600,-600.0,False,37
scale_f0.01,kc_delta,0,330,44,-33.0,True,30
scale_f0.01,kc_delta,0,331,19,-8.0,True,16
scale_f0.01,kc_delta,0,332,600,-600.0,False,52
scale_f0.01,kc_delta,0,333,51,-40.0,True,24
scale_f0.01,kc_delta,0,334,56,-45.0,True,21
scale_f0.01,kc_delta,0,335,600,-600.0,False,37
scale_f0.01,kc_delta,0,336,600,-600.0,False,53
scale_f0.01,kc_delta,0,337,19,-8.0,True,19
scale_f0.01,kc_delta,0,338,214,-203.0,True,39
scale_f0.01,kc_delta,0,339,10,1.0,True,10
scale_f0.01,kc_delta,0,340,12,-1.0,True,12
scale_f0.01,kc_delta,0,341,59,-48.0,True,21
scale_f0.01,kc_delta,0,342,19,-8.0,True,10
scale_f0.01,kc_delta,0,343,600,-600.0,False,54
scale_f0.01,kc_delta,0,344,30,-19.0,True,20
scale_f0.01,kc_delta,0,345,600,-600.0,False,45
scale_f0.01,kc_delta,0,346,600,-600.0,False,52
scale_f0.01,kc_delta,0,347,98,-87.0,True,31
scale_f0.01,kc_delta,0,348,600,-600.0,False,48
scale_f0.01,kc_delta,0,349,19,-8.0,True,12
scale_f0.01,kc_delta,0,350,72,-61.0,True,39
scale_f0.01,kc_delta,0,351,54,-43.0,True,23
scale_f0.01,kc_delta,0,352,33,-22.0,True,23
scale_f0.01,kc_delta,0,353,600,-600.0,False,53
scale_f0.01,kc_delta,0,354,600,-600.0,False,50
scale_f0.01,kc_delta,0,355,49,-38.0,True,25
scale_f0.01,kc_delta,0,356,109,-98.0,True,14
scale_f0.01,kc_delta,0,357,600,-600.0,False,44
scale_f0.01,kc_delta,0,358,600,-600.0,False,52
scale_f0.01,kc_delta,0,359,600,-600.0,False,53
scale_f0.01,kc_delta,0,360,78,-67.0,True,31
scale_f0.01,kc_delta,0,361,600,-600.0,False,49
scale_f0.01,kc_delta,0,362,600,-600.0,False,48
scale_f0.01,kc_delta,0,363,20,-9.0,True,17
scale_f0.01,kc_delta,0,364,600,-600.0,False,53
scale_f0.01,kc_delta,0,365,31,-20.0,True,20
scale_f0.01,kc_delta,0,366,22,-11.0,True,17
scale_f0.01,kc_delta,0,367,26,-15.0,True,15
scale_f0.01,kc_delta,0,368,600,-600.0,False,52
scale_f0.01,kc_delta,0,369,49,-38.0,True,24
scale_f0.01,kc_delta,0,370,600,-600.0,False,35
scale_f0.01,kc_delta,0,371,56,-45.0,True,29
scale_f0.01,kc_delta,0,372,33,-22.0,True,23
scale_f0.01,kc_delta,0,373,600,-600.0,False,58
scale_f0.01,kc_delta,0,374,40,-29.0,True,13
scale_f0.01,kc_delta,0,375,600,-600.0,False,37
scale_f0.01,kc_delta,0,376,600,-600.0,False,54
scale_f0.01,kc_delta,0,377,600,-600.0,False,51
scale_f0.01,kc_delta,0,378,38,-27.0,True,21
scale_f0.01,kc_delta,0,379,19,-8.0,True,19
scale_f0.01,kc_delta,0,380,82,-71.0,True,37
scale_f0.01,kc_delta,0,381,158,-147.0,True,39
scale_f0.01,kc_delta,0,382,52,-41.0,True,37
scale_f0.01,kc_delta,0,383,600,-600.0,False,33
scale_f0.01,kc_delta,0,384,8,3.0,True,8
scale_f0.01,kc_delta,0,385,23,-12.0,True,17
scale_f0.01,kc_delta,0,386,42,-31.0,True,25
scale_f0.01,kc_delta,0,387,240,-229.0,True,24
scale_f0.01,kc_delta,0,388,600,-600.0,False,51
scale_f0.01,kc_delta,0,389,600,-600.0,False,32
scale_f0.01,kc_delta,0,390,18,-7.0,True,6
scale_f0.01,kc_delta,0,391,8,3.0,True,7
scale_f0.01,kc_delta,0,392,600,-600.0,False,48
scale_f0.01,kc_delta,0,393,112,-101.0,True,37
scale_f0.01,kc_delta,0,394,600,-600.0,False,47
scale_f0.01,kc_delta,0,395,222,-211.0,True,29
scale_f0.01,kc_delta,0,396,14,-3.0,True,9
scale_f0.01,kc_delta,0,397,28,-17.0,True,24
scale_f0.01,kc_delta,0,398,78,-67.0,True,36
scale_f0.01,kc_delta,0,399,600,-600.0,False,50
scale_f0.01,kc_delta,0,400,44,-33.0,True,25
scale_f0.01,kc_delta,0,401,600,-600.0,False,46
scale_f0.01,kc_delta,0,402,37,-26.0,True,20
scale_f0.01,kc_delta,0,403,600,-600.0,False,52
scale_f0.01,kc_delta,0,404,53,-42.0,True,24
scale_f0.01,kc_delta,0,405,230,-219.0,True,26
scale_f0.01,kc_delta,0,406,600,-600.0,False,33
scale_f0.01,kc_delta,0,407,33,-22.0,True,12
scale_f0.01,kc_delta,0,408,18,-7.0,True,17
scale_f0.01,kc_delta,0,409,54,-43.0,True,29
scale_f0.01,kc_delta,0,410,28,-17.0,True,24
scale_f0.01,kc_delta,0,411,600,-600.0,False,56
scale_f0.01,kc_delta,0,412,600,-600.0,False,53
scale_f0.01,kc_delta,0,413,26,-15.0,True,24
scale_f0.01,kc_delta,0,414,82,-71.0,True,31
scale_f0.01,kc_delta,0,415,59,-48.0,True,26
scale_f0.01,kc_delta,0,416,600,-600.0,False,48
scale_f0.01,kc_delta,0,417,237,-226.0,True,39
scale_f0.01,kc_delta,0,418,600,-600.0,False,45
scale_f0.01,kc_delta,0,419,600,-600.0,False,51
scale_f0.01,kc_delta,0,420,600,-600.0,False,45
scale_f0.01,kc_delta,0,421,56,-45.0,True,21
scale_f0.01,kc_delta,0,422,600,-600.0,False,33
scale_f0.01,kc_delta,0,423,64,-53.0,True,26
scale_f0.01,kc_delta,0,424,600,-600.0,False,57
scale_f0.01,kc_delta,0,425,600,-600.0,False,39
scale_f0.01,kc_delta,0,426,267,-256.0,True,33
scale_f0.01,kc_delta,0,427,600,-600.0,False,48
scale_f0.01,kc_delta,0,428,94,-83.0,True,21
scale_f0.01,kc_delta,0,429,7,4.0,True,7
scale_f0.01,kc_delta,0,430,266,-255.0,True,41
scale_f0.01,kc_delta,0,431,25,-14.0,True,7
scale_f0.01,kc_delta,0,432,33,-22.0,True,13
scale_f0.01,kc_delta,0,433,600,-600.0,False,52
scale_f0.01,kc_delta,0,434,36,-25.0,True,23
scale_f0.01,kc_delta,0,435,20,-9.0,True,20
scale_f0.01,kc_delta,0,436,13,-2.0,True,13
scale_f0.01,kc_delta,0,437,7,4.0,True,7
scale_f0.01,kc_delta,0,438,37,-26.0,True,29
scale_f0.01,kc_delta,0,439,600,-600.0,False,43
scale_f0.01,kc_delta,0,440,600,-600.0,False,54
scale_f0.01,kc_delta,0,441,482,-471.0,True,40
scale_f0.01,kc_delta,0,442,85,-74.0,True,31
scale_f0.01,kc_delta,0,443,44,-33.0,True,12
scale_f0.01,kc_delta,0,444,600,-600.0,False,56
scale_f0.01,kc_delta,0,445,25,-14.0,True,8
scale_f0.01,kc_delta,0,446,74,-63.0,True,20
scale_f0.01,kc_delta,0,447,126,-115.0,True,38
scale_f0.01,kc_delta,0,448,18,-7.0,True,13
scale_f0.01,kc_delta,0,449,25,-14.0,True,18
scale_f0.01,kc_delta,0,450,7,4.0,True,7
scale_f0.01,kc_delta,0,451,600,-600.0,False,46
scale_f0.01,kc_delta,0,452,600,-600.0,False,54
scale_f0.01,kc_delta,0,453,47,-36.0,True,30
scale_f0.01,kc_delta,0,454,20,-9.0,True,17
scale_f0.01,kc_delta,0,455,600,-600.0,False,43
scale_f0.01,kc_delta,0,456,14,-3.0,True,14
scale_f0.01,kc_delta,0,457,11,0.0,True,9
scale_f0.01,kc_delta,0,458,38,-27.0,True,34
scale_f0.01,kc_delta,0,459,16,-5.0,True,16
scale_f0.01,kc_delta,0,460,600,-600.0,False,45
scale_f0.01,kc_delta,0,461,16,-5.0,True,8
scale_f0.01,kc_delta,0,462,600,-600.0,False,54
scale_f0.01,kc_delta,0,463,10,1.0,True,10
scale_f0.01,kc_delta,0,464,12,-1.0,True,10
scale_f0.01,kc_delta,0,465,600,-600.0,False,53
scale_f0.01,kc_delta,0,466,17,-6.0,True,13
scale_f0.01,kc_delta,0,467,27,-16.0,True,20
scale_f0.01,kc_delta,0,468,600,-600.0,False,47
scale_f0.01,kc_delta,0,469,600,-600.0,False,47
scale_f0.01,kc_delta,0,470,160,-149.0,True,31
scale_f0.01,kc_delta,0,471,14,-3.0,True,10
scale_f0.01,kc_delta,0,472,600,-600.0,False,53
scale_f0.01,kc_delta,0,473,591,-580.0,True,34
scale_f0.01,kc_delta,0,474,21,-10.0,True,19
scale_f0.01,kc_delta,0,475,32,-21.0,True,26
scale_f0.01,kc_delta,0,476,59,-48.0,True,31
scale_f0.01,kc_delta,0,477,18,-7.0,True,13
scale_f0.01,kc_delta,0,478,600,-600.0,False,44
scale_f0.01,kc_delta,0,479,51,-40.0,True,38
scale_f0.01,kc_delta,0,480,16,-5.0,True,16
scale_f0.01,kc_delta,0,481,158,-147.0,True,23
scale_f0.01,kc_delta,0,482,600,-600.0,False,50
scale_f0.01,kc_delta,0,483,3,8.0,True,3
scale_f0.01,kc_delta,0,484,39,-28.0,True,13
scale_f0.01,kc_delta,0,485,150,-139.0,True,35
scale_f0.01,kc_delta,0,486,28,-17.0,True,16
scale_f0.01,kc_delta,0,487,600,-600.0,False,42
scale_f0.01,kc_delta,0,488,32,-21.0,True,16
scale_f0.01,kc_delta,0,489,600,-600.0,False,55
scale_f0.01,kc_delta,0,490,57,-46.0,True,20
scale_f0.01,kc_delta,0,491,83,-72.0,True,41
scale_f0.01,kc_delta,0,492,600,-600.0,False,53
scale_f0.01,kc_delta,0,493,600,-600.0,False,45
scale_f0.01,kc_delta,0,494,46,-35.0,True,27
scale_f0.01,kc_delta,0,495,29,-18.0,True,23
scale_f0.01,kc_delta,0,496,600,-600.0,False,52
scale_f0.01,kc_delta,0,497,162,-151.0,True,39
scale_f0.01,kc_delta,0,498,48,-37.0,True,33
scale_f0.01,kc_delta,0,499,24,-13.0,True,17
scale_f0.01,kc_delta,0,500,600,-600.0,False,51
scale_f0.01,kc_delta,0,501,11,0.0,True,11
scale_f0.01,kc_delta,0,502,600,-600.0,False,54
scale_f0.01,kc_delta,0,503,6,5.0,True,6
scale_f0.01,kc_delta,0,504,12,-1.0,True,7
scale_f0.01,kc_delta,0,505,17,-6.0,True,11
scale_f0.01,kc_delta,0,506,47,-36.0,True,22
scale_f0.01,kc_delta,0,507,37,-26.0,True,34
scale_f0.01,kc_delta,0,508,600,-600.0,False,51
scale_f0.01,kc_delta,0,509,600,-600.0,False,47
scale_f0.01,kc_delta,0,510,600,-600.0,False,53
scale_f0.01,kc_delta,0,511,600,-600.0,False,42
scale_f0.01,kc_delta,0,512,35,-24.0,True,21
scale_f0.01,kc_delta,0,513,135,-124.0,True,14
scale_f0.01,kc_delta,0,514,600,-600.0,False,56
scale_f0.01,kc_delta,0,515,600,-600.0,False,52
scale_f0.01,kc_delta,0,516,600,-600.0,False,50
scale_f0.01,kc_delta,0,517,195,-184.0,True,24
scale_f0.01,kc_delta,0,518,46,-35.0,True,22
scale_f0.01,kc_delta,0,519,7,4.0,True,7
scale_f0.01,kc_delta,0,520,74,-63.0,True,31
scale_f0.01,kc_delta,0,521,600,-600.0,False,46
scale_f0.01,kc_delta,0,522,7,4.0,True,7
scale_f0.01,kc_delta,0,523,196,-185.0,True,32
scale_f0.01,kc_delta,0,524,600,-600.0,False,50
scale_f0.01,kc_delta,0,525,600,-600.0,False,52
scale_f0.01,kc_delta,0,526,132,-121.0,True,24
scale_f0.01,kc_delta,0,527,600,-600.0,False,52
scale_f0.01,kc_delta,0,528,78,-67.0,True,25
scale_f0.01,kc_delta,0,529,600,-600.0,False,43
scale_f0.01,kc_delta,0,530,600,-600.0,False,55
scale_f0.01,kc_delta,0,531,600,-600.0,False,48
scale_f0.01,kc_delta,0,532,11,0.0,True,11
scale_f0.01,kc_delta,0,533,168,-157.0,True,32
scale_f0.01,kc_delta,0,534,14,-3.0,True,8
scale_f0.01,kc_delta,0,535,533,-522.0,True,40
scale_f0.01,kc_delta,0,536,600,-600.0,False,47
scale_f0.01,kc_delta,0,537,600,-600.0,False,46
scale_f0.01,kc_delta,0,538,29,-18.0,True,21
scale_f0.01,kc_delta,0,539,16,-5.0,True,15
scale_f0.01,kc_delta,0,540,41,-30.0,True,28
scale_f0.01,kc_delta,0,541,600,-600.0,False,53
scale_f0.01,kc_delta,0,542,134,-123.0,True,34
scale_f0.01,kc_delta,0,543,33,-22.0,True,20
scale_f0.01,kc_delta,0,544,600,-600.0,False,49
scale_f0.01,kc_delta,0,545,600,-600.0,False,44
scale_f0.01,kc_delta,0,546,35,-24.0,True,23
scale_f0.01,kc_delta,0,547,600,-600.0,False,49
scale_f0.01,kc_delta,0,548,600,-600.0,False,53
scale_f0.01,kc_delta,0,549,35,-24.0,True,26
scale_f0.01,kc_delta,0,550,9,2.0,True,9
scale_f0.01,kc_delta,0,551,600,-600.0,False,43
scale_f0.01,kc_delta,0,552,600,-600.0,False,56
scale_f0.01,kc_delta,0,553,600,-600.0,False,42
scale_f0.01,kc_delta,0,554,600,-600.0,False,46
scale_f0.01,kc_delta,0,555,600,-600.0,False,44
scale_f0.01,kc_delta,0,556,29,-18.0,True,12
scale_f0.01,kc_delta,0,557,70,-59.0,True,25
scale_f0.01,kc_delta,0,558,600,-600.0,False,38
scale_f0.01,kc_delta,0,559,50,-39.0,True,35
scale_f0.01,kc_delta,0,560,600,-600.0,False,52
scale_f0.01,kc_delta,0,561,600,-600.0,False,43
scale_f0.01,kc_delta,0,562,55,-44.0,True,33
scale_f0.01,kc_delta,0,563,600,-600.0,False,53
scale_f0.01,kc_delta,0,564,600,-600.0,False,40
scale_f0.01,kc_delta,0,565,205,-194.0,True,35
scale_f0.01,kc_delta,0,566,54,-43.0,True,29
scale_f0.01,kc_delta,0,567,600,-600.0,False,51
scale_f0.01,kc_delta,0,568,30,-19.0,True,27
scale_f0.01,kc_delta,0,569,19,-8.0,True,17
scale_f0.01,kc_delta,0,570,600,-600.0,False,26
scale_f0.01,kc_delta,0,571,8,3.0,True,8
scale_f0.01,kc_delta,0,572,14,-3.0,True,14
scale_f0.01,kc_delta,0,573,73,-62.0,True,30
scale_f0.01,kc_delta,0,574,600,-600.0,False,45
scale_f0.01,kc_delta,0,575,18,-7.0,True,14
scale_f0.01,kc_delta,0,576,600,-600.0,False,48
scale_f0.01,kc_delta,0,577,600,-600.0,False,36
scale_f0.01,kc_delta,0,578,22,-11.0,True,14
scale_f0.01,kc_delta,0,579,600,-600.0,False,40
scale_f0.01,kc_delta,0,580,14,-3.0,True,14
scale_f0.01,kc_delta,0,581,23,-12.0,True,21
scale_f0.01,kc_delta,0,582,119,-108.0,True,26
scale_f0.01,kc_delta,0,583,600,-600.0,False,44
scale_f0.01,kc_delta,0,584,574,-563.0,True,42
scale_f0.01,kc_delta,0,585,77,-66.0,True,38
scale_f0.01,kc_delta,0,586,600,-600.0,False,50
scale_f0.01,kc_delta,0,587,600,-600.0,False,43
scale_f0.01,kc_delta,0,588,46,-35.0,True,33
scale_f0.01,kc_delta,0,589,600,-600.0,False,47
scale_f0.01,kc_delta,0,590,600,-600.0,False,39
scale_f0.01,kc_delta,0,591,600,-600.0,False,29
scale_f0.01,kc_delta,0,592,600,-600.0,False,45
scale_f0.01,kc_delta,0,593,17,-6.0,True,12
scale_f0.01,kc_delta,0,594,44,-33.0,True,24
scale_f0.01,kc_delta,0,595,600,-600.0,False,47
scale_f0.01,kc_delta,0,596,12,-1.0,True,10
scale_f0.01,kc_delta,0,597,2,9.0,True,2
scale_f0.01,kc_delta,0,598,22,-11.0,True,19
scale_f0.01,kc_delta,0,599,195,-184.0,True,41
scale_f0.01,rand_delta,0,0,600,-600.0,False,45
scale_f0.01,rand_delta,0,1,600,-600.0,False,46
scale_f0.01,rand_delta,0,2,600,-600.0,False,22
scale_f0.01,rand_delta,0,3,370,-359.0,True,19
scale_f0.01,rand_delta,0,4,101,-90.0,True,11
scale_f0.01,rand_delta,0,5,489,-478.0,True,22
scale_f0.01,rand_delta,0,6,600,-600.0,False,43
scale_f0.01,rand_delta,0,7,600,-600.0,False,45
scale_f0.01,rand_delta,0,8,146,-135.0,True,22
scale_f0.01,rand_delta,0,9,595,-584.0,True,46
scale_f0.01,rand_delta,0,10,231,-220.0,True,35
scale_f0.01,rand_delta,0,11,600,-600.0,False,49
scale_f0.01,rand_delta,0,12,389,-378.0,True,23
scale_f0.01,rand_delta,0,13,368,-357.0,True,28
scale_f0.01,rand_delta,0,14,600,-600.0,False,47
scale_f0.01,rand_delta,0,15,19,-8.0,True,17
scale_f0.01,rand_delta,0,16,600,-600.0,False,52
scale_f0.01,rand_delta,0,17,600,-600.0,False,26
scale_f0.01,rand_delta,0,18,600,-600.0,False,54
scale_f0.01,rand_delta,0,19,26,-15.0,True,12
scale_f0.01,rand_delta,0,20,600,-600.0,False,55
scale_f0.01,rand_delta,0,21,361,-350.0,True,25
scale_f0.01,rand_delta,0,22,38,-27.0,True,10
scale_f0.01,rand_delta,0,23,439,-428.0,True,34
scale_f0.01,rand_delta,0,24,12,-1.0,True,8
scale_f0.01,rand_delta,0,25,600,-600.0,False,51
scale_f0.01,rand_delta,0,26,600,-600.0,False,48
scale_f0.01,rand_delta,0,27,8,3.0,True,6
scale_f0.01,rand_delta,0,28,600,-600.0,False,36
scale_f0.01,rand_delta,0,29,76,-65.0,True,18
scale_f0.01,rand_delta,0,30,600,-600.0,False,52
scale_f0.01,rand_delta,0,31,173,-162.0,True,28
scale_f0.01,rand_delta,0,32,287,-276.0,True,44
scale_f0.01,rand_delta,0,33,600,-600.0,False,45
scale_f0.01,rand_delta,0,34,164,-153.0,True,27
scale_f0.01,rand_delta,0,35,600,-600.0,False,50
scale_f0.01,rand_delta,0,36,25,-14.0,True,20
scale_f0.01,rand_delta,0,37,22,-11.0,True,20
scale_f0.01,rand_delta,0,38,241,-230.0,True,26
scale_f0.01,rand_delta,0,39,600,-600.0,False,31
scale_f0.01,rand_delta,0,40,28,-17.0,True,24
scale_f0.01,rand_delta,0,41,9,2.0,True,8
scale_f0.01,rand_delta,0,42,28,-17.0,True,21
scale_f0.01,rand_delta,0,43,600,-600.0,False,37
scale_f0.01,rand_delta,0,44,600,-600.0,False,51
scale_f0.01,rand_delta,0,45,600,-600.0,False,51
scale_f0.01,rand_delta,0,46,17,-6.0,True,13
scale_f0.01,rand_delta,0,47,277,-266.0,True,26
scale_f0.01,rand_delta,0,48,362,-351.0,True,31
scale_f0.01,rand_delta,0,49,600,-600.0,False,44
scale_f0.01,rand_delta,0,50,28,-17.0,True,22
scale_f0.01,rand_delta,0,51,600,-600.0,False,53
scale_f0.01,rand_delta,0,52,5,6.0,True,5
scale_f0.01,rand_delta,0,53,600,-600.0,False,36
scale_f0.01,rand_delta,0,54,600,-600.0,False,52
scale_f0.01,rand_delta,0,55,214,-203.0,True,40
scale_f0.01,rand_delta,0,56,600,-600.0,False,48
scale_f0.01,rand_delta,0,57,600,-600.0,False,29
scale_f0.01,rand_delta,0,58,600,-600.0,False,44
scale_f0.01,rand_delta,0,59,600,-600.0,False,49
scale_f0.01,rand_delta,0,60,437,-426.0,True,33
scale_f0.01,rand_delta,0,61,600,-600.0,False,44
scale_f0.01,rand_delta,0,62,600,-600.0,False,50
scale_f0.01,rand_delta,0,63,153,-142.0,True,33
scale_f0.01,rand_delta,0,64,65,-54.0,True,20
scale_f0.01,rand_delta,0,65,13,-2.0,True,13
scale_f0.01,rand_delta,0,66,14,-3.0,True,13
scale_f0.01,rand_delta,0,67,600,-600.0,False,46
scale_f0.01,rand_delta,0,68,25,-14.0,True,25
scale_f0.01,rand_delta,0,69,600,-600.0,False,45
scale_f0.01,rand_delta,0,70,600,-600.0,False,46
scale_f0.01,rand_delta,0,71,600,-600.0,False,55
scale_f0.01,rand_delta,0,72,600,-600.0,False,39
scale_f0.01,rand_delta,0,73,600,-600.0,False,56
scale_f0.01,rand_delta,0,74,600,-600.0,False,50
scale_f0.01,rand_delta,0,75,25,-14.0,True,21
scale_f0.01,rand_delta,0,76,16,-5.0,True,13
scale_f0.01,rand_delta,0,77,600,-600.0,False,47
scale_f0.01,rand_delta,0,78,600,-600.0,False,43
scale_f0.01,rand_delta,0,79,76,-65.0,True,25
scale_f0.01,rand_delta,0,80,21,-10.0,True,20
scale_f0.01,rand_delta,0,81,22,-11.0,True,21
scale_f0.01,rand_delta,0,82,18,-7.0,True,18
scale_f0.01,rand_delta,0,83,600,-600.0,False,54
scale_f0.01,rand_delta,0,84,600,-600.0,False,53
scale_f0.01,rand_delta,0,85,600,-600.0,False,35
scale_f0.01,rand_delta,0,86,600,-600.0,False,47
scale_f0.01,rand_delta,0,87,600,-600.0,False,43
scale_f0.01,rand_delta,0,88,38,-27.0,True,19
scale_f0.01,rand_delta,0,89,32,-21.0,True,21
scale_f0.01,rand_delta,0,90,20,-9.0,True,19
scale_f0.01,rand_delta,0,91,76,-65.0,True,29
scale_f0.01,rand_delta,0,92,19,-8.0,True,19
scale_f0.01,rand_delta,0,93,600,-600.0,False,52
scale_f0.01,rand_delta,0,94,600,-600.0,False,44
scale_f0.01,rand_delta,0,95,20,-9.0,True,20
scale_f0.01,rand_delta,0,96,262,-251.0,True,26
scale_f0.01,rand_delta,0,97,27,-16.0,True,24
scale_f0.01,rand_delta,0,98,600,-600.0,False,42
scale_f0.01,rand_delta,0,99,600,-600.0,False,40
scale_f0.01,rand_delta,0,100,600,-600.0,False,55
scale_f0.01,rand_delta,0,101,20,-9.0,True,19
scale_f0.01,rand_delta,0,102,3,8.0,True,3
scale_f0.01,rand_delta,0,103,600,-600.0,False,51
scale_f0.01,rand_delta,0,104,600,-600.0,False,45
scale_f0.01,rand_delta,0,105,4,7.0,True,4
scale_f0.01,rand_delta,0,106,136,-125.0,True,35
scale_f0.01,rand_delta,0,107,600,-600.0,False,57
scale_f0.01,rand_delta,0,108,600,-600.0,False,56
scale_f0.01,rand_delta,0,109,600,-600.0,False,47
scale_f0.01,rand_delta,0,110,103,-92.0,True,28
scale_f0.01,rand_delta,0,111,600,-600.0,False,43
scale_f0.01,rand_delta,0,112,600,-600.0,False,54
scale_f0.01,rand_delta,0,113,600,-600.0,False,33
scale_f0.01,rand_delta,0,114,600,-600.0,False,37
scale_f0.01,rand_delta,0,115,31,-20.0,True,26
scale_f0.01,rand_delta,0,116,600,-600.0,False,38
scale_f0.01,rand_delta,0,117,600,-600.0,False,52
scale_f0.01,rand_delta,0,118,182,-171.0,True,46
scale_f0.01,rand_delta,0,119,600,-600.0,False,32
scale_f0.01,rand_delta,0,120,298,-287.0,True,32
scale_f0.01,rand_delta,0,121,600,-600.0,False,42
scale_f0.01,rand_delta,0,122,600,-600.0,False,51
scale_f0.01,rand_delta,0,123,18,-7.0,True,18
scale_f0.01,rand_delta,0,124,600,-600.0,False,40
scale_f0.01,rand_delta,0,125,600,-600.0,False,48
scale_f0.01,rand_delta,0,126,600,-600.0,False,34
scale_f0.01,rand_delta,0,127,600,-600.0,False,56
scale_f0.01,rand_delta,0,128,600,-600.0,False,44
scale_f0.01,rand_delta,0,129,600,-600.0,False,51
scale_f0.01,rand_delta,0,130,28,-17.0,True,23
scale_f0.01,rand_delta,0,131,7,4.0,True,7
scale_f0.01,rand_delta,0,132,72,-61.0,True,34
scale_f0.01,rand_delta,0,133,38,-27.0,True,29
scale_f0.01,rand_delta,0,134,121,-110.0,True,26
scale_f0.01,rand_delta,0,135,57,-46.0,True,26
scale_f0.01,rand_delta,0,136,22,-11.0,True,20
scale_f0.01,rand_delta,0,137,26,-15.0,True,26
scale_f0.01,rand_delta,0,138,600,-600.0,False,49
scale_f0.01,rand_delta,0,139,40,-29.0,True,40
scale_f0.01,rand_delta,0,140,37,-26.0,True,37
scale_f0.01,rand_delta,0,141,600,-600.0,False,51
scale_f0.01,rand_delta,0,142,600,-600.0,False,38
scale_f0.01,rand_delta,0,143,414,-403.0,True,44
scale_f0.01,rand_delta,0,144,374,-363.0,True,44
scale_f0.01,rand_delta,0,145,600,-600.0,False,34
scale_f0.01,rand_delta,0,146,21,-10.0,True,21
scale_f0.01,rand_delta,0,147,600,-600.0,False,39
scale_f0.01,rand_delta,0,148,22,-11.0,True,20
scale_f0.01,rand_delta,0,149,600,-600.0,False,38
scale_f0.01,rand_delta,0,150,21,-10.0,True,20
scale_f0.01,rand_delta,0,151,600,-600.0,False,53
scale_f0.01,rand_delta,0,152,19,-8.0,True,17
scale_f0.01,rand_delta,0,153,13,-2.0,True,13
scale_f0.01,rand_delta,0,154,156,-145.0,True,45
scale_f0.01,rand_delta,0,155,26,-15.0,True,23
scale_f0.01,rand_delta,0,156,21,-10.0,True,20
scale_f0.01,rand_delta,0,157,26,-15.0,True,22
scale_f0.01,rand_delta,0,158,547,-536.0,True,33
scale_f0.01,rand_delta,0,159,181,-170.0,True,35
scale_f0.01,rand_delta,0,160,34,-23.0,True,34
scale_f0.01,rand_delta,0,161,600,-600.0,False,51
scale_f0.01,rand_delta,0,162,2,9.0,True,2
scale_f0.01,rand_delta,0,163,4,7.0,True,4
scale_f0.01,rand_delta,0,164,600,-600.0,False,51
scale_f0.01,rand_delta,0,165,600,-600.0,False,56
scale_f0.01,rand_delta,0,166,264,-253.0,True,25
scale_f0.01,rand_delta,0,167,600,-600.0,False,49
scale_f0.01,rand_delta,0,168,25,-14.0,True,24
scale_f0.01,rand_delta,0,169,125,-114.0,True,33
scale_f0.01,rand_delta,0,170,39,-28.0,True,39
scale_f0.01,rand_delta,0,171,19,-8.0,True,19
scale_f0.01,rand_delta,0,172,10,1.0,True,10
scale_f0.01,rand_delta,0,173,199,-188.0,True,26
scale_f0.01,rand_delta,0,174,600,-600.0,False,43
scale_f0.01,rand_delta,0,175,398,-387.0,True,45
scale_f0.01,rand_delta,0,176,25,-14.0,True,24
scale_f0.01,rand_delta,0,177,600,-600.0,False,51
scale_f0.01,rand_delta,0,178,600,-600.0,False,54
scale_f0.01,rand_delta,0,179,600,-600.0,False,46
scale_f0.01,rand_delta,0,180,600,-600.0,False,46
scale_f0.01,rand_delta,0,181,19,-8.0,True,18
scale_f0.01,rand_delta,0,182,600,-600.0,False,37
scale_f0.01,rand_delta,0,183,600,-600.0,False,53
scale_f0.01,rand_delta,0,184,37,-26.0,True,20
scale_f0.01,rand_delta,0,185,600,-600.0,False,42
scale_f0.01,rand_delta,0,186,36,-25.0,True,36
scale_f0.01,rand_delta,0,187,12,-1.0,True,12
scale_f0.01,rand_delta,0,188,600,-600.0,False,59
scale_f0.01,rand_delta,0,189,600,-600.0,False,53
scale_f0.01,rand_delta,0,190,600,-600.0,False,37
scale_f0.01,rand_delta,0,191,36,-25.0,True,32
scale_f0.01,rand_delta,0,192,16,-5.0,True,15
scale_f0.01,rand_delta,0,193,600,-600.0,False,56
scale_f0.01,rand_delta,0,194,600,-600.0,False,41
scale_f0.01,rand_delta,0,195,55,-44.0,True,26
scale_f0.01,rand_delta,0,196,600,-600.0,False,45
scale_f0.01,rand_delta,0,197,46,-35.0,True,24
scale_f0.01,rand_delta,0,198,17,-6.0,True,17
scale_f0.01,rand_delta,0,199,127,-116.0,True,28
scale_f0.01,rand_delta,0,200,600,-600.0,False,53
scale_f0.01,rand_delta,0,201,600,-600.0,False,43
scale_f0.01,rand_delta,0,202,600,-600.0,False,41
scale_f0.01,rand_delta,0,203,21,-10.0,True,21
scale_f0.01,rand_delta,0,204,600,-600.0,False,44
scale_f0.01,rand_delta,0,205,600,-600.0,False,54
scale_f0.01,rand_delta,0,206,26,-15.0,True,26
scale_f0.01,rand_delta,0,207,600,-600.0,False,36
scale_f0.01,rand_delta,0,208,600,-600.0,False,42
scale_f0.01,rand_delta,0,209,600,-600.0,False,53
scale_f0.01,rand_delta,0,210,600,-600.0,False,54
scale_f0.01,rand_delta,0,211,16,-5.0,True,13
scale_f0.01,rand_delta,0,212,31,-20.0,True,24
scale_f0.01,rand_delta,0,213,41,-30.0,True,36
scale_f0.01,rand_delta,0,214,19,-8.0,True,19
scale_f0.01,rand_delta,0,215,600,-600.0,False,37
scale_f0.01,rand_delta,0,216,600,-600.0,False,42
scale_f0.01,rand_delta,0,217,19,-8.0,True,19
scale_f0.01,rand_delta,0,218,394,-383.0,True,42
scale_f0.01,rand_delta,0,219,170,-159.0,True,33
scale_f0.01,rand_delta,0,220,600,-600.0,False,54
scale_f0.01,rand_delta,0,221,6,5.0,True,4
scale_f0.01,rand_delta,0,222,600,-600.0,False,55
scale_f0.01,rand_delta,0,223,600,-600.0,False,40
scale_f0.01,rand_delta,0,224,600,-600.0,False,38
scale_f0.01,rand_delta,0,225,600,-600.0,False,37
scale_f0.01,rand_delta,0,226,600,-600.0,False,46
scale_f0.01,rand_delta,0,227,26,-15.0,True,22
scale_f0.01,rand_delta,0,228,600,-600.0,False,53
scale_f0.01,rand_delta,0,229,600,-600.0,False,44
scale_f0.01,rand_delta,0,230,600,-600.0,False,47
scale_f0.01,rand_delta,0,231,28,-17.0,True,25
scale_f0.01,rand_delta,0,232,104,-93.0,True,12
scale_f0.01,rand_delta,0,233,600,-600.0,False,45
scale_f0.01,rand_delta,0,234,600,-600.0,False,40
scale_f0.01,rand_delta,0,235,17,-6.0,True,13
scale_f0.01,rand_delta,0,236,30,-19.0,True,29
scale_f0.01,rand_delta,0,237,26,-15.0,True,25
scale_f0.01,rand_delta,0,238,600,-600.0,False,54
scale_f0.01,rand_delta,0,239,600,-600.0,False,48
scale_f0.01,rand_delta,0,240,317,-306.0,True,32
scale_f0.01,rand_delta,0,241,327,-316.0,True,37
scale_f0.01,rand_delta,0,242,600,-600.0,False,56
scale_f0.01,rand_delta,0,243,36,-25.0,True,32
scale_f0.01,rand_delta,0,244,12,-1.0,True,11
scale_f0.01,rand_delta,0,245,600,-600.0,False,43
scale_f0.01,rand_delta,0,246,38,-27.0,True,34
scale_f0.01,rand_delta,0,247,37,-26.0,True,34
scale_f0.01,rand_delta,0,248,600,-600.0,False,52
scale_f0.01,rand_delta,0,249,35,-24.0,True,28
scale_f0.01,rand_delta,0,250,600,-600.0,False,45
scale_f0.01,rand_delta,0,251,28,-17.0,True,27
scale_f0.01,rand_delta,0,252,600,-600.0,False,41
scale_f0.01,rand_delta,0,253,600,-600.0,False,56
scale_f0.01,rand_delta,0,254,600,-600.0,False,45
scale_f0.01,rand_delta,0,255,600,-600.0,False,42
scale_f0.01,rand_delta,0,256,29,-18.0,True,24
scale_f0.01,rand_delta,0,257,600,-600.0,False,46
scale_f0.01,rand_delta,0,258,44,-33.0,True,33
scale_f0.01,rand_delta,0,259,600,-600.0,False,41
scale_f0.01,rand_delta,0,260,455,-444.0,True,49
scale_f0.01,rand_delta,0,261,32,-21.0,True,29
scale_f0.01,rand_delta,0,262,10,1.0,True,7
scale_f0.01,rand_delta,0,263,23,-12.0,True,18
scale_f0.01,rand_delta,0,264,6,5.0,True,6
scale_f0.01,rand_delta,0,265,17,-6.0,True,17
scale_f0.01,rand_delta,0,266,359,-348.0,True,39
scale_f0.01,rand_delta,0,267,37,-26.0,True,34
scale_f0.01,rand_delta,0,268,18,-7.0,True,18
scale_f0.01,rand_delta,0,269,600,-600.0,False,49
scale_f0.01,rand_delta,0,270,600,-600.0,False,47
scale_f0.01,rand_delta,0,271,31,-20.0,True,22
scale_f0.01,rand_delta,0,272,38,-27.0,True,23
scale_f0.01,rand_delta,0,273,600,-600.0,False,51
scale_f0.01,rand_delta,0,274,14,-3.0,True,11
scale_f0.01,rand_delta,0,275,14,-3.0,True,14
scale_f0.01,rand_delta,0,276,238,-227.0,True,41
scale_f0.01,rand_delta,0,277,26,-15.0,True,22
scale_f0.01,rand_delta,0,278,36,-25.0,True,35
scale_f0.01,rand_delta,0,279,600,-600.0,False,49
scale_f0.01,rand_delta,0,280,600,-600.0,False,54
scale_f0.01,rand_delta,0,281,23,-12.0,True,20
scale_f0.01,rand_delta,0,282,600,-600.0,False,50
scale_f0.01,rand_delta,0,283,20,-9.0,True,16
scale_f0.01,rand_delta,0,284,8,3.0,True,8
scale_f0.01,rand_delta,0,285,18,-7.0,True,17
scale_f0.01,rand_delta,0,286,600,-600.0,False,45
scale_f0.01,rand_delta,0,287,12,-1.0,True,12
scale_f0.01,rand_delta,0,288,600,-600.0,False,54
scale_f0.01,rand_delta,0,289,40,-29.0,True,24
scale_f0.01,rand_delta,0,290,20,-9.0,True,20
scale_f0.01,rand_delta,0,291,405,-394.0,True,51
scale_f0.01,rand_delta,0,292,28,-17.0,True,21
scale_f0.01,rand_delta,0,293,600,-600.0,False,53
scale_f0.01,rand_delta,0,294,600,-600.0,False,54
scale_f0.01,rand_delta,0,295,600,-600.0,False,48
scale_f0.01,rand_delta,0,296,20,-9.0,True,14
scale_f0.01,rand_delta,0,297,12,-1.0,True,12
scale_f0.01,rand_delta,0,298,6,5.0,True,6
scale_f0.01,rand_delta,0,299,14,-3.0,True,13
scale_f0.01,rand_delta,0,300,2,9.0,True,2
scale_f0.01,rand_delta,0,301,600,-600.0,False,36
scale_f0.01,rand_delta,0,302,42,-31.0,True,28
scale_f0.01,rand_delta,0,303,164,-153.0,True,47
scale_f0.01,rand_delta,0,304,600,-600.0,False,44
scale_f0.01,rand_delta,0,305,18,-7.0,True,18
scale_f0.01,rand_delta,0,306,79,-68.0,True,32
scale_f0.01,rand_delta,0,307,38,-27.0,True,24
scale_f0.01,rand_delta,0,308,600,-600.0,False,46
scale_f0.01,rand_delta,0,309,29,-18.0,True,26
scale_f0.01,rand_delta,0,310,40,-29.0,True,36
scale_f0.01,rand_delta,0,311,11,0.0,True,10
scale_f0.01,rand_delta,0,312,600,-600.0,False,52
scale_f0.01,rand_delta,0,313,20,-9.0,True,19
scale_f0.01,rand_delta,0,314,600,-600.0,False,38
scale_f0.01,rand_delta,0,315,600,-600.0,False,46
scale_f0.01,rand_delta,0,316,600,-600.0,False,52
scale_f0.01,rand_delta,0,317,600,-600.0,False,49
scale_f0.01,rand_delta,0,318,7,4.0,True,7
scale_f0.01,rand_delta,0,319,31,-20.0,True,22
scale_f0.01,rand_delta,0,320,22,-11.0,True,22
scale_f0.01,rand_delta,0,321,27,-16.0,True,21
scale_f0.01,rand_delta,0,322,34,-23.0,True,25
scale_f0.01,rand_delta,0,323,600,-600.0,False,53
scale_f0.01,rand_delta,0,324,25,-14.0,True,17
scale_f0.01,rand_delta,0,325,547,-536.0,True,41
scale_f0.01,rand_delta,0,326,15,-4.0,True,15
scale_f0.01,rand_delta,0,327,16,-5.0,True,16
scale_f0.01,rand_delta,0,328,10,1.0,True,7
scale_f0.01,rand_delta,0,329,39,-28.0,True,37
scale_f0.01,rand_delta,0,330,33,-22.0,True,30
scale_f0.01,rand_delta,0,331,24,-13.0,True,16
scale_f0.01,rand_delta,0,332,600,-600.0,False,52
scale_f0.01,rand_delta,0,333,27,-16.0,True,24
scale_f0.01,rand_delta,0,334,28,-17.0,True,21
scale_f0.01,rand_delta,0,335,221,-210.0,True,37
scale_f0.01,rand_delta,0,336,600,-600.0,False,53
scale_f0.01,rand_delta,0,337,32,-21.0,True,19
scale_f0.01,rand_delta,0,338,600,-600.0,False,39
scale_f0.01,rand_delta,0,339,13,-2.0,True,10
scale_f0.01,rand_delta,0,340,12,-1.0,True,12
scale_f0.01,rand_delta,0,341,22,-11.0,True,21
scale_f0.01,rand_delta,0,342,10,1.0,True,10
scale_f0.01,rand_delta,0,343,600,-600.0,False,54
scale_f0.01,rand_delta,0,344,30,-19.0,True,20
scale_f0.01,rand_delta,0,345,600,-600.0,False,45
scale_f0.01,rand_delta,0,346,600,-600.0,False,52
scale_f0.01,rand_delta,0,347,34,-23.0,True,31
scale_f0.01,rand_delta,0,348,530,-519.0,True,48
scale_f0.01,rand_delta,0,349,13,-2.0,True,12
scale_f0.01,rand_delta,0,350,40,-29.0,True,39
scale_f0.01,rand_delta,0,351,31,-20.0,True,23
scale_f0.01,rand_delta,0,352,23,-12.0,True,23
scale_f0.01,rand_delta,0,353,600,-600.0,False,53
scale_f0.01,rand_delta,0,354,523,-512.0,True,50
scale_f0.01,rand_delta,0,355,26,-15.0,True,25
scale_f0.01,rand_delta,0,356,22,-11.0,True,14
scale_f0.01,rand_delta,0,357,600,-600.0,False,44
scale_f0.01,rand_delta,0,358,600,-600.0,False,52
scale_f0.01,rand_delta,0,359,600,-600.0,False,53
scale_f0.01,rand_delta,0,360,35,-24.0,True,31
scale_f0.01,rand_delta,0,361,600,-600.0,False,49
scale_f0.01,rand_delta,0,362,600,-600.0,False,48
scale_f0.01,rand_delta,0,363,17,-6.0,True,17
scale_f0.01,rand_delta,0,364,600,-600.0,False,53
scale_f0.01,rand_delta,0,365,30,-19.0,True,20
scale_f0.01,rand_delta,0,366,20,-9.0,True,17
scale_f0.01,rand_delta,0,367,16,-5.0,True,15
scale_f0.01,rand_delta,0,368,600,-600.0,False,52
scale_f0.01,rand_delta,0,369,34,-23.0,True,24
scale_f0.01,rand_delta,0,370,38,-27.0,True,35
scale_f0.01,rand_delta,0,371,35,-24.0,True,29
scale_f0.01,rand_delta,0,372,24,-13.0,True,23
scale_f0.01,rand_delta,0,373,600,-600.0,False,58
scale_f0.01,rand_delta,0,374,26,-15.0,True,13
scale_f0.01,rand_delta,0,375,231,-220.0,True,37
scale_f0.01,rand_delta,0,376,600,-600.0,False,54
scale_f0.01,rand_delta,0,377,269,-258.0,True,51
scale_f0.01,rand_delta,0,378,25,-14.0,True,21
scale_f0.01,rand_delta,0,379,19,-8.0,True,19
scale_f0.01,rand_delta,0,380,600,-600.0,False,37
scale_f0.01,rand_delta,0,381,600,-600.0,False,39
scale_f0.01,rand_delta,0,382,600,-600.0,False,37
scale_f0.01,rand_delta,0,383,34,-23.0,True,33
scale_f0.01,rand_delta,0,384,8,3.0,True,8
scale_f0.01,rand_delta,0,385,18,-7.0,True,17
scale_f0.01,rand_delta,0,386,29,-18.0,True,25
scale_f0.01,rand_delta,0,387,26,-15.0,True,24
scale_f0.01,rand_delta,0,388,600,-600.0,False,51
scale_f0.01,rand_delta,0,389,32,-21.0,True,32
scale_f0.01,rand_delta,0,390,7,4.0,True,6
scale_f0.01,rand_delta,0,391,11,0.0,True,7
scale_f0.01,rand_delta,0,392,600,-600.0,False,48
scale_f0.01,rand_delta,0,393,600,-600.0,False,37
scale_f0.01,rand_delta,0,394,600,-600.0,False,47
scale_f0.01,rand_delta,0,395,32,-21.0,True,29
scale_f0.01,rand_delta,0,396,57,-46.0,True,9
scale_f0.01,rand_delta,0,397,39,-28.0,True,24
scale_f0.01,rand_delta,0,398,45,-34.0,True,36
scale_f0.01,rand_delta,0,399,600,-600.0,False,50
scale_f0.01,rand_delta,0,400,27,-16.0,True,25
scale_f0.01,rand_delta,0,401,600,-600.0,False,46
scale_f0.01,rand_delta,0,402,20,-9.0,True,20
scale_f0.01,rand_delta,0,403,600,-600.0,False,52
scale_f0.01,rand_delta,0,404,30,-19.0,True,24
scale_f0.01,rand_delta,0,405,29,-18.0,True,26
scale_f0.01,rand_delta,0,406,34,-23.0,True,33
scale_f0.01,rand_delta,0,407,17,-6.0,True,12
scale_f0.01,rand_delta,0,408,38,-27.0,True,17
scale_f0.01,rand_delta,0,409,70,-59.0,True,29
scale_f0.01,rand_delta,0,410,31,-20.0,True,24
scale_f0.01,rand_delta,0,411,600,-600.0,False,56
scale_f0.01,rand_delta,0,412,600,-600.0,False,53
scale_f0.01,rand_delta,0,413,35,-24.0,True,24
scale_f0.01,rand_delta,0,414,37,-26.0,True,31
scale_f0.01,rand_delta,0,415,30,-19.0,True,26
scale_f0.01,rand_delta,0,416,600,-600.0,False,48
scale_f0.01,rand_delta,0,417,43,-32.0,True,39
scale_f0.01,rand_delta,0,418,600,-600.0,False,45
scale_f0.01,rand_delta,0,419,600,-600.0,False,51
scale_f0.01,rand_delta,0,420,600,-600.0,False,45
scale_f0.01,rand_delta,0,421,24,-13.0,True,21
scale_f0.01,rand_delta,0,422,33,-22.0,True,33
scale_f0.01,rand_delta,0,423,33,-22.0,True,26
scale_f0.01,rand_delta,0,424,600,-600.0,False,57
scale_f0.01,rand_delta,0,425,136,-125.0,True,39
scale_f0.01,rand_delta,0,426,44,-33.0,True,33
scale_f0.01,rand_delta,0,427,240,-229.0,True,48
scale_f0.01,rand_delta,0,428,29,-18.0,True,21
scale_f0.01,rand_delta,0,429,7,4.0,True,7
scale_f0.01,rand_delta,0,430,600,-600.0,False,41
scale_f0.01,rand_delta,0,431,8,3.0,True,7
scale_f0.01,rand_delta,0,432,13,-2.0,True,13
scale_f0.01,rand_delta,0,433,514,-503.0,True,52
scale_f0.01,rand_delta,0,434,23,-12.0,True,23
scale_f0.01,rand_delta,0,435,25,-14.0,True,20
scale_f0.01,rand_delta,0,436,13,-2.0,True,13
scale_f0.01,rand_delta,0,437,10,1.0,True,7
scale_f0.01,rand_delta,0,438,31,-20.0,True,29
scale_f0.01,rand_delta,0,439,600,-600.0,False,43
scale_f0.01,rand_delta,0,440,600,-600.0,False,54
scale_f0.01,rand_delta,0,441,600,-600.0,False,40
scale_f0.01,rand_delta,0,442,50,-39.0,True,31
scale_f0.01,rand_delta,0,443,12,-1.0,True,12
scale_f0.01,rand_delta,0,444,600,-600.0,False,56
scale_f0.01,rand_delta,0,445,8,3.0,True,8
scale_f0.01,rand_delta,0,446,22,-11.0,True,20
scale_f0.01,rand_delta,0,447,600,-600.0,False,38
scale_f0.01,rand_delta,0,448,16,-5.0,True,13
scale_f0.01,rand_delta,0,449,19,-8.0,True,18
scale_f0.01,rand_delta,0,450,7,4.0,True,7
scale_f0.01,rand_delta,0,451,600,-600.0,False,46
scale_f0.01,rand_delta,0,452,600,-600.0,False,54
scale_f0.01,rand_delta,0,453,31,-20.0,True,30
scale_f0.01,rand_delta,0,454,19,-8.0,True,17
scale_f0.01,rand_delta,0,455,600,-600.0,False,43
scale_f0.01,rand_delta,0,456,15,-4.0,True,14
scale_f0.01,rand_delta,0,457,16,-5.0,True,9
scale_f0.01,rand_delta,0,458,61,-50.0,True,34
scale_f0.01,rand_delta,0,459,16,-5.0,True,16
scale_f0.01,rand_delta,0,460,600,-600.0,False,45
scale_f0.01,rand_delta,0,461,8,3.0,True,8
scale_f0.01,rand_delta,0,462,600,-600.0,False,54
scale_f0.01,rand_delta,0,463,12,-1.0,True,10
scale_f0.01,rand_delta,0,464,11,0.0,True,10
scale_f0.01,rand_delta,0,465,600,-600.0,False,53
scale_f0.01,rand_delta,0,466,15,-4.0,True,13
scale_f0.01,rand_delta,0,467,24,-13.0,True,20
scale_f0.01,rand_delta,0,468,600,-600.0,False,47
scale_f0.01,rand_delta,0,469,50,-39.0,True,47
scale_f0.01,rand_delta,0,470,41,-30.0,True,31
scale_f0.01,rand_delta,0,471,10,1.0,True,10
scale_f0.01,rand_delta,0,472,600,-600.0,False,53
scale_f0.01,rand_delta,0,473,42,-31.0,True,34
scale_f0.01,rand_delta,0,474,19,-8.0,True,19
scale_f0.01,rand_delta,0,475,28,-17.0,True,26
scale_f0.01,rand_delta,0,476,32,-21.0,True,31
scale_f0.01,rand_delta,0,477,14,-3.0,True,13
scale_f0.01,rand_delta,0,478,600,-600.0,False,44
scale_f0.01,rand_delta,0,479,600,-600.0,False,38
scale_f0.01,rand_delta,0,480,19,-8.0,True,16
scale_f0.01,rand_delta,0,481,25,-14.0,True,23
scale_f0.01,rand_delta,0,482,479,-468.0,True,50
scale_f0.01,rand_delta,0,483,3,8.0,True,3
scale_f0.01,rand_delta,0,484,13,-2.0,True,13
scale_f0.01,rand_delta,0,485,504,-493.0,True,35
scale_f0.01,rand_delta,0,486,16,-5.0,True,16
scale_f0.01,rand_delta,0,487,42,-31.0,True,42
scale_f0.01,rand_delta,0,488,16,-5.0,True,16
scale_f0.01,rand_delta,0,489,600,-600.0,False,55
scale_f0.01,rand_delta,0,490,27,-16.0,True,20
scale_f0.01,rand_delta,0,491,600,-600.0,False,41
scale_f0.01,rand_delta,0,492,600,-600.0,False,53
scale_f0.01,rand_delta,0,493,552,-541.0,True,45
scale_f0.01,rand_delta,0,494,30,-19.0,True,27
scale_f0.01,rand_delta,0,495,28,-17.0,True,23
scale_f0.01,rand_delta,0,496,600,-600.0,False,52
scale_f0.01,rand_delta,0,497,350,-339.0,True,39
scale_f0.01,rand_delta,0,498,36,-25.0,True,33
scale_f0.01,rand_delta,0,499,17,-6.0,True,17
scale_f0.01,rand_delta,0,500,600,-600.0,False,51
scale_f0.01,rand_delta,0,501,12,-1.0,True,11
scale_f0.01,rand_delta,0,502,600,-600.0,False,54
scale_f0.01,rand_delta,0,503,7,4.0,True,6
scale_f0.01,rand_delta,0,504,7,4.0,True,7
scale_f0.01,rand_delta,0,505,11,0.0,True,11
scale_f0.01,rand_delta,0,506,38,-27.0,True,22
scale_f0.01,rand_delta,0,507,34,-23.0,True,34
scale_f0.01,rand_delta,0,508,600,-600.0,False,51
scale_f0.01,rand_delta,0,509,47,-36.0,True,47
scale_f0.01,rand_delta,0,510,600,-600.0,False,53
scale_f0.01,rand_delta,0,511,600,-600.0,False,42
scale_f0.01,rand_delta,0,512,25,-14.0,True,21
scale_f0.01,rand_delta,0,513,15,-4.0,True,14
scale_f0.01,rand_delta,0,514,600,-600.0,False,56
scale_f0.01,rand_delta,0,515,600,-600.0,False,52
scale_f0.01,rand_delta,0,516,600,-600.0,False,50
scale_f0.01,rand_delta,0,517,36,-25.0,True,24
scale_f0.01,rand_delta,0,518,24,-13.0,True,22
scale_f0.01,rand_delta,0,519,7,4.0,True,7
scale_f0.01,rand_delta,0,520,31,-20.0,True,31
scale_f0.01,rand_delta,0,521,600,-600.0,False,46
scale_f0.01,rand_delta,0,522,7,4.0,True,7
scale_f0.01,rand_delta,0,523,40,-29.0,True,32
scale_f0.01,rand_delta,0,524,600,-600.0,False,50
scale_f0.01,rand_delta,0,525,600,-600.0,False,52
scale_f0.01,rand_delta,0,526,30,-19.0,True,24
scale_f0.01,rand_delta,0,527,600,-600.0,False,52
scale_f0.01,rand_delta,0,528,30,-19.0,True,25
scale_f0.01,rand_delta,0,529,600,-600.0,False,43
scale_f0.01,rand_delta,0,530,600,-600.0,False,55
scale_f0.01,rand_delta,0,531,600,-600.0,False,48
scale_f0.01,rand_delta,0,532,13,-2.0,True,11
scale_f0.01,rand_delta,0,533,538,-527.0,True,32
scale_f0.01,rand_delta,0,534,10,1.0,True,8
scale_f0.01,rand_delta,0,535,488,-477.0,True,40
scale_f0.01,rand_delta,0,536,600,-600.0,False,47
scale_f0.01,rand_delta,0,537,46,-35.0,True,46
scale_f0.01,rand_delta,0,538,21,-10.0,True,21
scale_f0.01,rand_delta,0,539,17,-6.0,True,15
scale_f0.01,rand_delta,0,540,30,-19.0,True,28
scale_f0.01,rand_delta,0,541,600,-600.0,False,53
scale_f0.01,rand_delta,0,542,41,-30.0,True,34
scale_f0.01,rand_delta,0,543,22,-11.0,True,20
scale_f0.01,rand_delta,0,544,600,-600.0,False,49
scale_f0.01,rand_delta,0,545,600,-600.0,False,44
scale_f0.01,rand_delta,0,546,32,-21.0,True,23
scale_f0.01,rand_delta,0,547,600,-600.0,False,49
scale_f0.01,rand_delta,0,548,600,-600.0,False,53
scale_f0.01,rand_delta,0,549,43,-32.0,True,26
scale_f0.01,rand_delta,0,550,10,1.0,True,9
scale_f0.01,rand_delta,0,551,600,-600.0,False,43
scale_f0.01,rand_delta,0,552,600,-600.0,False,56
scale_f0.01,rand_delta,0,553,592,-581.0,True,42
scale_f0.01,rand_delta,0,554,53,-42.0,True,46
scale_f0.01,rand_delta,0,555,600,-600.0,False,44
scale_f0.01,rand_delta,0,556,13,-2.0,True,12
scale_f0.01,rand_delta,0,557,31,-20.0,True,25
scale_f0.01,rand_delta,0,558,71,-60.0,True,38
scale_f0.01,rand_delta,0,559,38,-27.0,True,35
scale_f0.01,rand_delta,0,560,600,-600.0,False,52
scale_f0.01,rand_delta,0,561,600,-600.0,False,43
scale_f0.01,rand_delta,0,562,41,-30.0,True,33
scale_f0.01,rand_delta,0,563,600,-600.0,False,53
scale_f0.01,rand_delta,0,564,188,-177.0,True,40
scale_f0.01,rand_delta,0,565,36,-25.0,True,35
scale_f0.01,rand_delta,0,566,34,-23.0,True,29
scale_f0.01,rand_delta,0,567,238,-227.0,True,51
scale_f0.01,rand_delta,0,568,35,-24.0,True,27
scale_f0.01,rand_delta,0,569,32,-21.0,True,17
scale_f0.01,rand_delta,0,570,29,-18.0,True,26
scale_f0.01,rand_delta,0,571,16,-5.0,True,8
scale_f0.01,rand_delta,0,572,17,-6.0,True,14
scale_f0.01,rand_delta,0,573,30,-19.0,True,30
scale_f0.01,rand_delta,0,574,600,-600.0,False,45
scale_f0.01,rand_delta,0,575,14,-3.0,True,14
scale_f0.01,rand_delta,0,576,48,-37.0,True,48
scale_f0.01,rand_delta,0,577,507,-496.0,True,36
scale_f0.01,rand_delta,0,578,14,-3.0,True,14
scale_f0.01,rand_delta,0,579,128,-117.0,True,40
scale_f0.01,rand_delta,0,580,19,-8.0,True,14
scale_f0.01,rand_delta,0,581,21,-10.0,True,21
scale_f0.01,rand_delta,0,582,26,-15.0,True,26
scale_f0.01,rand_delta,0,583,600,-600.0,False,44
scale_f0.01,rand_delta,0,584,42,-31.0,True,42
scale_f0.01,rand_delta,0,585,50,-39.0,True,38
scale_f0.01,rand_delta,0,586,172,-161.0,True,50
scale_f0.01,rand_delta,0,587,600,-600.0,False,43
scale_f0.01,rand_delta,0,588,37,-26.0,True,33
scale_f0.01,rand_delta,0,589,49,-38.0,True,47
scale_f0.01,rand_delta,0,590,42,-31.0,True,39
scale_f0.01,rand_delta,0,591,32,-21.0,True,29
scale_f0.01,rand_delta,0,592,47,-36.0,True,45
scale_f0.01,rand_delta,0,593,12,-1.0,True,12
scale_f0.01,rand_delta,0,594,29,-18.0,True,24
scale_f0.01,rand_delta,0,595,50,-39.0,True,47
scale_f0.01,rand_delta,0,596,10,1.0,True,10
scale_f0.01,rand_delta,0,597,2,9.0,True,2
scale_f0.01,rand_delta,0,598,21,-10.0,True,19
scale_f0.01,rand_delta,0,599,600,-600.0,False,41
scale_f0.01,kc_delta,1,0,600,-600.0,False,27
scale_f0.01,kc_delta,1,1,305,-294.0,True,15
scale_f0.01,kc_delta,1,2,6,5.0,True,5
scale_f0.01,kc_delta,1,3,600,-600.0,False,45
scale_f0.01,kc_delta,1,4,600,-600.0,False,21
scale_f0.01,kc_delta,1,5,600,-600.0,False,51
scale_f0.01,kc_delta,1,6,447,-436.0,True,13
scale_f0.01,kc_delta,1,7,192,-181.0,True,19
scale_f0.01,kc_delta,1,8,600,-600.0,False,31
scale_f0.01,kc_delta,1,9,600,-600.0,False,34
scale_f0.01,kc_delta,1,10,600,-600.0,False,46
scale_f0.01,kc_delta,1,11,600,-600.0,False,35
scale_f0.01,kc_delta,1,12,600,-600.0,False,55
scale_f0.01,kc_delta,1,13,600,-600.0,False,50
scale_f0.01,kc_delta,1,14,600,-600.0,False,37
scale_f0.01,kc_delta,1,15,600,-600.0,False,39
scale_f0.01,kc_delta,1,16,600,-600.0,False,20
scale_f0.01,kc_delta,1,17,600,-600.0,False,36
scale_f0.01,kc_delta,1,18,600,-600.0,False,45
scale_f0.01,kc_delta,1,19,600,-600.0,False,31
scale_f0.01,kc_delta,1,20,600,-600.0,False,30
scale_f0.01,kc_delta,1,21,600,-600.0,False,42
scale_f0.01,kc_delta,1,22,129,-118.0,True,12
scale_f0.01,kc_delta,1,23,25,-14.0,True,6
scale_f0.01,kc_delta,1,24,600,-600.0,False,26
scale_f0.01,kc_delta,1,25,33,-22.0,True,13
scale_f0.01,kc_delta,1,26,265,-254.0,True,25
scale_f0.01,kc_delta,1,27,289,-278.0,True,33
scale_f0.01,kc_delta,1,28,600,-600.0,False,45
scale_f0.01,kc_delta,1,29,600,-600.0,False,47
scale_f0.01,kc_delta,1,30,13,-2.0,True,7
scale_f0.01,kc_delta,1,31,600,-600.0,False,29
scale_f0.01,kc_delta,1,32,600,-600.0,False,28
scale_f0.01,kc_delta,1,33,44,-33.0,True,29
scale_f0.01,kc_delta,1,34,362,-351.0,True,34
scale_f0.01,kc_delta,1,35,12,-1.0,True,9
scale_f0.01,kc_delta,1,36,600,-600.0,False,36
scale_f0.01,kc_delta,1,37,600,-600.0,False,44
scale_f0.01,kc_delta,1,38,83,-72.0,True,20
scale_f0.01,kc_delta,1,39,600,-600.0,False,35
scale_f0.01,kc_delta,1,40,36,-25.0,True,20
scale_f0.01,kc_delta,1,41,600,-600.0,False,46
scale_f0.01,kc_delta,1,42,600,-600.0,False,21
scale_f0.01,kc_delta,1,43,600,-600.0,False,32
scale_f0.01,kc_delta,1,44,1,10.0,True,1
scale_f0.01,kc_delta,1,45,383,-372.0,True,12
scale_f0.01,kc_delta,1,46,564,-553.0,True,27
scale_f0.01,kc_delta,1,47,600,-600.0,False,43
scale_f0.01,kc_delta,1,48,66,-55.0,True,17
scale_f0.01,kc_delta,1,49,5,6.0,True,2
scale_f0.01,kc_delta,1,50,600,-600.0,False,53
scale_f0.01,kc_delta,1,51,600,-600.0,False,40
scale_f0.01,kc_delta,1,52,600,-600.0,False,53
scale_f0.01,kc_delta,1,53,600,-600.0,False,38
scale_f0.01,kc_delta,1,54,186,-175.0,True,21
scale_f0.01,kc_delta,1,55,600,-600.0,False,36
scale_f0.01,kc_delta,1,56,600,-600.0,False,39
scale_f0.01,kc_delta,1,57,93,-82.0,True,26
scale_f0.01,kc_delta,1,58,23,-12.0,True,15
scale_f0.01,kc_delta,1,59,10,1.0,True,7
scale_f0.01,kc_delta,1,60,600,-600.0,False,43
scale_f0.01,kc_delta,1,61,600,-600.0,False,41
scale_f0.01,kc_delta,1,62,358,-347.0,True,28
scale_f0.01,kc_delta,1,63,344,-333.0,True,24
scale_f0.01,kc_delta,1,64,600,-600.0,False,36
scale_f0.01,kc_delta,1,65,600,-600.0,False,41
scale_f0.01,kc_delta,1,66,600,-600.0,False,45
scale_f0.01,kc_delta,1,67,600,-600.0,False,41
scale_f0.01,kc_delta,1,68,40,-29.0,True,19
scale_f0.01,kc_delta,1,69,317,-306.0,True,30
scale_f0.01,kc_delta,1,70,600,-600.0,False,33
scale_f0.01,kc_delta,1,71,600,-600.0,False,50
scale_f0.01,kc_delta,1,72,600,-600.0,False,53
scale_f0.01,kc_delta,1,73,600,-600.0,False,47
scale_f0.01,kc_delta,1,74,600,-600.0,False,40
scale_f0.01,kc_delta,1,75,600,-600.0,False,44
scale_f0.01,kc_delta,1,76,54,-43.0,True,14
scale_f0.01,kc_delta,1,77,272,-261.0,True,23
scale_f0.01,kc_delta,1,78,39,-28.0,True,8
scale_f0.01,kc_delta,1,79,20,-9.0,True,9
scale_f0.01,kc_delta,1,80,600,-600.0,False,39
scale_f0.01,kc_delta,1,81,600,-600.0,False,45
scale_f0.01,kc_delta,1,82,600,-600.0,False,30
scale_f0.01,kc_delta,1,83,600,-600.0,False,54
scale_f0.01,kc_delta,1,84,600,-600.0,False,30
scale_f0.01,kc_delta,1,85,600,-600.0,False,40
scale_f0.01,kc_delta,1,86,508,-497.0,True,32
scale_f0.01,kc_delta,1,87,600,-600.0,False,46
scale_f0.01,kc_delta,1,88,600,-600.0,False,49
scale_f0.01,kc_delta,1,89,600,-600.0,False,54
scale_f0.01,kc_delta,1,90,45,-34.0,True,13
scale_f0.01,kc_delta,1,91,197,-186.0,True,25
scale_f0.01,kc_delta,1,92,18,-7.0,True,3
scale_f0.01,kc_delta,1,93,146,-135.0,True,29
scale_f0.01,kc_delta,1,94,6,5.0,True,6
scale_f0.01,kc_delta,1,95,16,-5.0,True,6
scale_f0.01,kc_delta,1,96,600,-600.0,False,55
scale_f0.01,kc_delta,1,97,41,-30.0,True,10
scale_f0.01,kc_delta,1,98,57,-46.0,True,31
scale_f0.01,kc_delta,1,99,600,-600.0,False,39
scale_f0.01,kc_delta,1,100,600,-600.0,False,40
scale_f0.01,kc_delta,1,101,600,-600.0,False,50
scale_f0.01,kc_delta,1,102,137,-126.0,True,26
scale_f0.01,kc_delta,1,103,600,-600.0,False,39
scale_f0.01,kc_delta,1,104,81,-70.0,True,25
scale_f0.01,kc_delta,1,105,600,-600.0,False,45
scale_f0.01,kc_delta,1,106,600,-600.0,False,52
scale_f0.01,kc_delta,1,107,600,-600.0,False,43
scale_f0.01,kc_delta,1,108,600,-600.0,False,42
scale_f0.01,kc_delta,1,109,600,-600.0,False,38
scale_f0.01,kc_delta,1,110,600,-600.0,False,52
scale_f0.01,kc_delta,1,111,70,-59.0,True,22
scale_f0.01,kc_delta,1,112,111,-100.0,True,19
scale_f0.01,kc_delta,1,113,123,-112.0,True,20
scale_f0.01,kc_delta,1,114,29,-18.0,True,21
scale_f0.01,kc_delta,1,115,66,-55.0,True,23
scale_f0.01,kc_delta,1,116,600,-600.0,False,45
scale_f0.01,kc_delta,1,117,13,-2.0,True,8
scale_f0.01,kc_delta,1,118,600,-600.0,False,51
scale_f0.01,kc_delta,1,119,61,-50.0,True,20
scale_f0.01,kc_delta,1,120,600,-600.0,False,31
scale_f0.01,kc_delta,1,121,600,-600.0,False,46
scale_f0.01,kc_delta,1,122,600,-600.0,False,53
scale_f0.01,kc_delta,1,123,600,-600.0,False,39
scale_f0.01,kc_delta,1,124,600,-600.0,False,35
scale_f0.01,kc_delta,1,125,600,-600.0,False,46
scale_f0.01,kc_delta,1,126,476,-465.0,True,24
scale_f0.01,kc_delta,1,127,600,-600.0,False,48
scale_f0.01,kc_delta,1,128,600,-600.0,False,50
scale_f0.01,kc_delta,1,129,600,-600.0,False,29
scale_f0.01,kc_delta,1,130,58,-47.0,True,18
scale_f0.01,kc_delta,1,131,45,-34.0,True,20
scale_f0.01,kc_delta,1,132,596,-585.0,True,33
scale_f0.01,kc_delta,1,133,600,-600.0,False,45
scale_f0.01,kc_delta,1,134,162,-151.0,True,13
scale_f0.01,kc_delta,1,135,600,-600.0,False,59
scale_f0.01,kc_delta,1,136,20,-9.0,True,12
scale_f0.01,kc_delta,1,137,32,-21.0,True,18
scale_f0.01,kc_delta,1,138,101,-90.0,True,23
scale_f0.01,kc_delta,1,139,13,-2.0,True,5
scale_f0.01,kc_delta,1,140,600,-600.0,False,50
scale_f0.01,kc_delta,1,141,600,-600.0,False,56
scale_f0.01,kc_delta,1,142,600,-600.0,False,51
scale_f0.01,kc_delta,1,143,283,-272.0,True,22
scale_f0.01,kc_delta,1,144,5,6.0,True,3
scale_f0.01,kc_delta,1,145,600,-600.0,False,34
scale_f0.01,kc_delta,1,146,600,-600.0,False,43
scale_f0.01,kc_delta,1,147,600,-600.0,False,52
scale_f0.01,kc_delta,1,148,600,-600.0,False,37
scale_f0.01,kc_delta,1,149,600,-600.0,False,51
scale_f0.01,kc_delta,1,150,600,-600.0,False,55
scale_f0.01,kc_delta,1,151,76,-65.0,True,21
scale_f0.01,kc_delta,1,152,600,-600.0,False,32
scale_f0.01,kc_delta,1,153,600,-600.0,False,50
scale_f0.01,kc_delta,1,154,141,-130.0,True,24
scale_f0.01,kc_delta,1,155,600,-600.0,False,36
scale_f0.01,kc_delta,1,156,84,-73.0,True,8
scale_f0.01,kc_delta,1,157,261,-250.0,True,17
scale_f0.01,kc_delta,1,158,78,-67.0,True,13
scale_f0.01,kc_delta,1,159,600,-600.0,False,47
scale_f0.01,kc_delta,1,160,302,-291.0,True,38
scale_f0.01,kc_delta,1,161,23,-12.0,True,16
scale_f0.01,kc_delta,1,162,329,-318.0,True,28
scale_f0.01,kc_delta,1,163,600,-600.0,False,38
scale_f0.01,kc_delta,1,164,600,-600.0,False,51
scale_f0.01,kc_delta,1,165,600,-600.0,False,52
scale_f0.01,kc_delta,1,166,33,-22.0,True,16
scale_f0.01,kc_delta,1,167,513,-502.0,True,40
scale_f0.01,kc_delta,1,168,600,-600.0,False,46
scale_f0.01,kc_delta,1,169,63,-52.0,True,26
scale_f0.01,kc_delta,1,170,12,-1.0,True,6
scale_f0.01,kc_delta,1,171,37,-26.0,True,16
scale_f0.01,kc_delta,1,172,29,-18.0,True,19
scale_f0.01,kc_delta,1,173,20,-9.0,True,13
scale_f0.01,kc_delta,1,174,600,-600.0,False,39
scale_f0.01,kc_delta,1,175,483,-472.0,True,23
scale_f0.01,kc_delta,1,176,600,-600.0,False,46
scale_f0.01,kc_delta,1,177,600,-600.0,False,42
scale_f0.01,kc_delta,1,178,600,-600.0,False,45
scale_f0.01,kc_delta,1,179,600,-600.0,False,56
scale_f0.01,kc_delta,1,180,48,-37.0,True,18
scale_f0.01,kc_delta,1,181,502,-491.0,True,39
scale_f0.01,kc_delta,1,182,600,-600.0,False,56
scale_f0.01,kc_delta,1,183,600,-600.0,False,51
scale_f0.01,kc_delta,1,184,37,-26.0,True,14
scale_f0.01,kc_delta,1,185,23,-12.0,True,16
scale_f0.01,kc_delta,1,186,15,-4.0,True,8
scale_f0.01,kc_delta,1,187,600,-600.0,False,55
scale_f0.01,kc_delta,1,188,540,-529.0,True,32
scale_f0.01,kc_delta,1,189,600,-600.0,False,42
scale_f0.01,kc_delta,1,190,600,-600.0,False,30
scale_f0.01,kc_delta,1,191,600,-600.0,False,46
scale_f0.01,kc_delta,1,192,600,-600.0,False,50
scale_f0.01,kc_delta,1,193,600,-600.0,False,53
scale_f0.01,kc_delta,1,194,46,-35.0,True,23
scale_f0.01,kc_delta,1,195,600,-600.0,False,45
scale_f0.01,kc_delta,1,196,30,-19.0,True,20
scale_f0.01,kc_delta,1,197,92,-81.0,True,35
scale_f0.01,kc_delta,1,198,600,-600.0,False,44
scale_f0.01,kc_delta,1,199,32,-21.0,True,25
scale_f0.01,kc_delta,1,200,600,-600.0,False,46
scale_f0.01,kc_delta,1,201,600,-600.0,False,43
scale_f0.01,kc_delta,1,202,600,-600.0,False,39
scale_f0.01,kc_delta,1,203,600,-600.0,False,44
scale_f0.01,kc_delta,1,204,600,-600.0,False,57
scale_f0.01,kc_delta,1,205,600,-600.0,False,42
scale_f0.01,kc_delta,1,206,600,-600.0,False,38
scale_f0.01,kc_delta,1,207,600,-600.0,False,43
scale_f0.01,kc_delta,1,208,600,-600.0,False,41
scale_f0.01,kc_delta,1,209,331,-320.0,True,35
scale_f0.01,kc_delta,1,210,600,-600.0,False,49
scale_f0.01,kc_delta,1,211,385,-374.0,True,26
scale_f0.01,kc_delta,1,212,21,-10.0,True,18
scale_f0.01,kc_delta,1,213,600,-600.0,False,39
scale_f0.01,kc_delta,1,214,110,-99.0,True,26
scale_f0.01,kc_delta,1,215,600,-600.0,False,46
scale_f0.01,kc_delta,1,216,70,-59.0,True,28
scale_f0.01,kc_delta,1,217,600,-600.0,False,42
scale_f0.01,kc_delta,1,218,600,-600.0,False,42
scale_f0.01,kc_delta,1,219,600,-600.0,False,53
scale_f0.01,kc_delta,1,220,600,-600.0,False,56
scale_f0.01,kc_delta,1,221,600,-600.0,False,53
scale_f0.01,kc_delta,1,222,114,-103.0,True,20
scale_f0.01,kc_delta,1,223,86,-75.0,True,34
scale_f0.01,kc_delta,1,224,63,-52.0,True,37
scale_f0.01,kc_delta,1,225,44,-33.0,True,30
scale_f0.01,kc_delta,1,226,96,-85.0,True,27
scale_f0.01,kc_delta,1,227,600,-600.0,False,47
scale_f0.01,kc_delta,1,228,600,-600.0,False,51
scale_f0.01,kc_delta,1,229,468,-457.0,True,34
scale_f0.01,kc_delta,1,230,77,-66.0,True,28
scale_f0.01,kc_delta,1,231,264,-253.0,True,36
scale_f0.01,kc_delta,1,232,600,-600.0,False,52
scale_f0.01,kc_delta,1,233,600,-600.0,False,40
scale_f0.01,kc_delta,1,234,600,-600.0,False,45
scale_f0.01,kc_delta,1,235,600,-600.0,False,30
scale_f0.01,kc_delta,1,236,600,-600.0,False,54
scale_f0.01,kc_delta,1,237,600,-600.0,False,39
scale_f0.01,kc_delta,1,238,49,-38.0,True,21
scale_f0.01,kc_delta,1,239,55,-44.0,True,17
scale_f0.01,kc_delta,1,240,18,-7.0,True,5
scale_f0.01,kc_delta,1,241,182,-171.0,True,28
scale_f0.01,kc_delta,1,242,600,-600.0,False,52
scale_f0.01,kc_delta,1,243,12,-1.0,True,9
scale_f0.01,kc_delta,1,244,331,-320.0,True,25
scale_f0.01,kc_delta,1,245,600,-600.0,False,52
scale_f0.01,kc_delta,1,246,44,-33.0,True,22
scale_f0.01,kc_delta,1,247,291,-280.0,True,32
scale_f0.01,kc_delta,1,248,61,-50.0,True,37
scale_f0.01,kc_delta,1,249,56,-45.0,True,36
scale_f0.01,kc_delta,1,250,600,-600.0,False,50
scale_f0.01,kc_delta,1,251,33,-22.0,True,28
scale_f0.01,kc_delta,1,252,600,-600.0,False,30
scale_f0.01,kc_delta,1,253,45,-34.0,True,35
scale_f0.01,kc_delta,1,254,600,-600.0,False,47
scale_f0.01,kc_delta,1,255,288,-277.0,True,30
scale_f0.01,kc_delta,1,256,600,-600.0,False,53
scale_f0.01,kc_delta,1,257,114,-103.0,True,38
scale_f0.01,kc_delta,1,258,600,-600.0,False,46
scale_f0.01,kc_delta,1,259,152,-141.0,True,31
scale_f0.01,kc_delta,1,260,158,-147.0,True,25
scale_f0.01,kc_delta,1,261,600,-600.0,False,45
scale_f0.01,kc_delta,1,262,88,-77.0,True,33
scale_f0.01,kc_delta,1,263,600,-600.0,False,52
scale_f0.01,kc_delta,1,264,600,-600.0,False,43
scale_f0.01,kc_delta,1,265,600,-600.0,False,52
scale_f0.01,kc_delta,1,266,38,-27.0,True,31
scale_f0.01,kc_delta,1,267,26,-15.0,True,13
scale_f0.01,kc_delta,1,268,600,-600.0,False,45
scale_f0.01,kc_delta,1,269,44,-33.0,True,25
scale_f0.01,kc_delta,1,270,32,-21.0,True,15
scale_f0.01,kc_delta,1,271,600,-600.0,False,30
scale_f0.01,kc_delta,1,272,306,-295.0,True,22
scale_f0.01,kc_delta,1,273,600,-600.0,False,55
scale_f0.01,kc_delta,1,274,16,-5.0,True,5
scale_f0.01,kc_delta,1,275,8,3.0,True,7
scale_f0.01,kc_delta,1,276,64,-53.0,True,20
scale_f0.01,kc_delta,1,277,19,-8.0,True,18
scale_f0.01,kc_delta,1,278,600,-600.0,False,56
scale_f0.01,kc_delta,1,279,117,-106.0,True,17
scale_f0.01,kc_delta,1,280,600,-600.0,False,57
scale_f0.01,kc_delta,1,281,297,-286.0,True,33
scale_f0.01,kc_delta,1,282,600,-600.0,False,39
scale_f0.01,kc_delta,1,283,38,-27.0,True,22
scale_f0.01,kc_delta,1,284,12,-1.0,True,8
scale_f0.01,kc_delta,1,285,600,-600.0,False,46
scale_f0.01,kc_delta,1,286,9,2.0,True,3
scale_f0.01,kc_delta,1,287,600,-600.0,False,52
scale_f0.01,kc_delta,1,288,5,6.0,True,5
scale_f0.01,kc_delta,1,289,179,-168.0,True,25
scale_f0.01,kc_delta,1,290,19,-8.0,True,12
scale_f0.01,kc_delta,1,291,32,-21.0,True,23
scale_f0.01,kc_delta,1,292,33,-22.0,True,22
scale_f0.01,kc_delta,1,293,22,-11.0,True,16
scale_f0.01,kc_delta,1,294,600,-600.0,False,56
scale_f0.01,kc_delta,1,295,600,-600.0,False,33
scale_f0.01,kc_delta,1,296,600,-600.0,False,47
scale_f0.01,kc_delta,1,297,600,-600.0,False,41
scale_f0.01,kc_delta,1,298,600,-600.0,False,37
scale_f0.01,kc_delta,1,299,600,-600.0,False,55
scale_f0.01,kc_delta,1,300,600,-600.0,False,44
scale_f0.01,kc_delta,1,301,600,-600.0,False,38
scale_f0.01,kc_delta,1,302,600,-600.0,False,29
scale_f0.01,kc_delta,1,303,600,-600.0,False,45
scale_f0.01,kc_delta,1,304,600,-600.0,False,42
scale_f0.01,kc_delta,1,305,600,-600.0,False,41
scale_f0.01,kc_delta,1,306,600,-600.0,False,29
scale_f0.01,kc_delta,1,307,88,-77.0,True,20
scale_f0.01,kc_delta,1,308,600,-600.0,False,28
scale_f0.01,kc_delta,1,309,600,-600.0,False,44
scale_f0.01,kc_delta,1,310,600,-600.0,False,51
scale_f0.01,kc_delta,1,311,66,-55.0,True,21
scale_f0.01,kc_delta,1,312,600,-600.0,False,55
scale_f0.01,kc_delta,1,313,291,-280.0,True,21
scale_f0.01,kc_delta,1,314,600,-600.0,False,50
scale_f0.01,kc_delta,1,315,70,-59.0,True,16
scale_f0.01,kc_delta,1,316,600,-600.0,False,50
scale_f0.01,kc_delta,1,317,294,-283.0,True,26
scale_f0.01,kc_delta,1,318,6,5.0,True,5
scale_f0.01,kc_delta,1,319,10,1.0,True,9
scale_f0.01,kc_delta,1,320,54,-43.0,True,19
scale_f0.01,kc_delta,1,321,36,-25.0,True,27
scale_f0.01,kc_delta,1,322,600,-600.0,False,53
scale_f0.01,kc_delta,1,323,87,-76.0,True,21
scale_f0.01,kc_delta,1,324,600,-600.0,False,53
scale_f0.01,kc_delta,1,325,600,-600.0,False,50
scale_f0.01,kc_delta,1,326,600,-600.0,False,48
scale_f0.01,kc_delta,1,327,52,-41.0,True,29
scale_f0.01,kc_delta,1,328,600,-600.0,False,53
scale_f0.01,kc_delta,1,329,600,-600.0,False,45
scale_f0.01,kc_delta,1,330,600,-600.0,False,53
scale_f0.01,kc_delta,1,331,11,0.0,True,6
scale_f0.01,kc_delta,1,332,218,-207.0,True,35
scale_f0.01,kc_delta,1,333,600,-600.0,False,55
scale_f0.01,kc_delta,1,334,600,-600.0,False,46
scale_f0.01,kc_delta,1,335,83,-72.0,True,19
scale_f0.01,kc_delta,1,336,456,-445.0,True,21
scale_f0.01,kc_delta,1,337,600,-600.0,False,41
scale_f0.01,kc_delta,1,338,600,-600.0,False,57
scale_f0.01,kc_delta,1,339,600,-600.0,False,42
scale_f0.01,kc_delta,1,340,6,5.0,True,6
scale_f0.01,kc_delta,1,341,600,-600.0,False,57
scale_f0.01,kc_delta,1,342,600,-600.0,False,54
scale_f0.01,kc_delta,1,343,600,-600.0,False,30
scale_f0.01,kc_delta,1,344,600,-600.0,False,45
scale_f0.01,kc_delta,1,345,41,-30.0,True,18
scale_f0.01,kc_delta,1,346,239,-228.0,True,19
scale_f0.01,kc_delta,1,347,600,-600.0,False,45
scale_f0.01,kc_delta,1,348,421,-410.0,True,35
scale_f0.01,kc_delta,1,349,57,-46.0,True,21
scale_f0.01,kc_delta,1,350,600,-600.0,False,44
scale_f0.01,kc_delta,1,351,600,-600.0,False,46
scale_f0.01,kc_delta,1,352,78,-67.0,True,19
scale_f0.01,kc_delta,1,353,34,-23.0,True,15
scale_f0.01,kc_delta,1,354,37,-26.0,True,13
scale_f0.01,kc_delta,1,355,45,-34.0,True,16
scale_f0.01,kc_delta,1,356,600,-600.0,False,29
scale_f0.01,kc_delta,1,357,600,-600.0,False,51
scale_f0.01,kc_delta,1,358,600,-600.0,False,56
scale_f0.01,kc_delta,1,359,600,-600.0,False,48
scale_f0.01,kc_delta,1,360,86,-75.0,True,20
scale_f0.01,kc_delta,1,361,600,-600.0,False,56
scale_f0.01,kc_delta,1,362,600,-600.0,False,45
scale_f0.01,kc_delta,1,363,23,-12.0,True,19
scale_f0.01,kc_delta,1,364,600,-600.0,False,45
scale_f0.01,kc_delta,1,365,81,-70.0,True,19
scale_f0.01,kc_delta,1,366,600,-600.0,False,28
scale_f0.01,kc_delta,1,367,600,-600.0,False,41
scale_f0.01,kc_delta,1,368,32,-21.0,True,16
scale_f0.01,kc_delta,1,369,600,-600.0,False,46
scale_f0.01,kc_delta,1,370,4,7.0,True,4
scale_f0.01,kc_delta,1,371,600,-600.0,False,41
scale_f0.01,kc_delta,1,372,600,-600.0,False,56
scale_f0.01,kc_delta,1,373,343,-332.0,True,29
scale_f0.01,kc_delta,1,374,298,-287.0,True,22
scale_f0.01,kc_delta,1,375,144,-133.0,True,34
scale_f0.01,kc_delta,1,376,40,-29.0,True,23
scale_f0.01,kc_delta,1,377,26,-15.0,True,17
scale_f0.01,kc_delta,1,378,30,-19.0,True,24
scale_f0.01,kc_delta,1,379,600,-600.0,False,34
scale_f0.01,kc_delta,1,380,24,-13.0,True,13
scale_f0.01,kc_delta,1,381,600,-600.0,False,44
scale_f0.01,kc_delta,1,382,46,-35.0,True,27
scale_f0.01,kc_delta,1,383,600,-600.0,False,50
scale_f0.01,kc_delta,1,384,23,-12.0,True,17
scale_f0.01,kc_delta,1,385,600,-600.0,False,48
scale_f0.01,kc_delta,1,386,600,-600.0,False,52
scale_f0.01,kc_delta,1,387,600,-600.0,False,54
scale_f0.01,kc_delta,1,388,82,-71.0,True,37
scale_f0.01,kc_delta,1,389,600,-600.0,False,56
scale_f0.01,kc_delta,1,390,41,-30.0,True,27
scale_f0.01,kc_delta,1,391,600,-600.0,False,55
scale_f0.01,kc_delta,1,392,600,-600.0,False,41
scale_f0.01,kc_delta,1,393,1,10.0,True,1
scale_f0.01,kc_delta,1,394,600,-600.0,False,53
scale_f0.01,kc_delta,1,395,600,-600.0,False,52
scale_f0.01,kc_delta,1,396,76,-65.0,True,26
scale_f0.01,kc_delta,1,397,78,-67.0,True,20
scale_f0.01,kc_delta,1,398,600,-600.0,False,55
scale_f0.01,kc_delta,1,399,600,-600.0,False,48
scale_f0.01,kc_delta,1,400,600,-600.0,False,40
scale_f0.01,kc_delta,1,401,14,-3.0,True,10
scale_f0.01,kc_delta,1,402,600,-600.0,False,43
scale_f0.01,kc_delta,1,403,600,-600.0,False,54
scale_f0.01,kc_delta,1,404,600,-600.0,False,34
scale_f0.01,kc_delta,1,405,67,-56.0,True,23
scale_f0.01,kc_delta,1,406,600,-600.0,False,52
scale_f0.01,kc_delta,1,407,59,-48.0,True,25
scale_f0.01,kc_delta,1,408,600,-600.0,False,32
scale_f0.01,kc_delta,1,409,600,-600.0,False,37
scale_f0.01,kc_delta,1,410,214,-203.0,True,25
scale_f0.01,kc_delta,1,411,24,-13.0,True,21
scale_f0.01,kc_delta,1,412,104,-93.0,True,34
scale_f0.01,kc_delta,1,413,600,-600.0,False,41
scale_f0.01,kc_delta,1,414,600,-600.0,False,41
scale_f0.01,kc_delta,1,415,500,-489.0,True,37
scale_f0.01,kc_delta,1,416,94,-83.0,True,26
scale_f0.01,kc_delta,1,417,600,-600.0,False,52
scale_f0.01,kc_delta,1,418,600,-600.0,False,43
scale_f0.01,kc_delta,1,419,600,-600.0,False,38
scale_f0.01,kc_delta,1,420,600,-600.0,False,39
scale_f0.01,kc_delta,1,421,26,-15.0,True,21
scale_f0.01,kc_delta,1,422,19,-8.0,True,15
scale_f0.01,kc_delta,1,423,600,-600.0,False,39
scale_f0.01,kc_delta,1,424,63,-52.0,True,24
scale_f0.01,kc_delta,1,425,600,-600.0,False,55
scale_f0.01,kc_delta,1,426,600,-600.0,False,30
scale_f0.01,kc_delta,1,427,600,-600.0,False,42
scale_f0.01,kc_delta,1,428,10,1.0,True,10
scale_f0.01,kc_delta,1,429,600,-600.0,False,39
scale_f0.01,kc_delta,1,430,111,-100.0,True,19
scale_f0.01,kc_delta,1,431,36,-25.0,True,19
scale_f0.01,kc_delta,1,432,138,-127.0,True,29
scale_f0.01,kc_delta,1,433,600,-600.0,False,54
scale_f0.01,kc_delta,1,434,32,-21.0,True,26
scale_f0.01,kc_delta,1,435,600,-600.0,False,41
scale_f0.01,kc_delta,1,436,71,-60.0,True,25
scale_f0.01,kc_delta,1,437,33,-22.0,True,23
scale_f0.01,kc_delta,1,438,72,-61.0,True,36
scale_f0.01,kc_delta,1,439,31,-20.0,True,23
scale_f0.01,kc_delta,1,440,600,-600.0,False,52
scale_f0.01,kc_delta,1,441,43,-32.0,True,20
scale_f0.01,kc_delta,1,442,600,-600.0,False,46
scale_f0.01,kc_delta,1,443,600,-600.0,False,52
scale_f0.01,kc_delta,1,444,18,-7.0,True,16
scale_f0.01,kc_delta,1,445,193,-182.0,True,34
scale_f0.01,kc_delta,1,446,298,-287.0,True,39
scale_f0.01,kc_delta,1,447,96,-85.0,True,23
scale_f0.01,kc_delta,1,448,600,-600.0,False,39
scale_f0.01,kc_delta,1,449,600,-600.0,False,49
scale_f0.01,kc_delta,1,450,27,-16.0,True,21
scale_f0.01,kc_delta,1,451,600,-600.0,False,54
scale_f0.01,kc_delta,1,452,503,-492.0,True,38
scale_f0.01,kc_delta,1,453,39,-28.0,True,25
scale_f0.01,kc_delta,1,454,41,-30.0,True,22
scale_f0.01,kc_delta,1,455,44,-33.0,True,30
scale_f0.01,kc_delta,1,456,1,10.0,True,1
scale_f0.01,kc_delta,1,457,28,-17.0,True,19
scale_f0.01,kc_delta,1,458,18,-7.0,True,16
scale_f0.01,kc_delta,1,459,12,-1.0,True,11
scale_f0.01,kc_delta,1,460,600,-600.0,False,35
scale_f0.01,kc_delta,1,461,600,-600.0,False,59
scale_f0.01,kc_delta,1,462,21,-10.0,True,18
scale_f0.01,kc_delta,1,463,5,6.0,True,5
scale_f0.01,kc_delta,1,464,600,-600.0,False,30
scale_f0.01,kc_delta,1,465,26,-15.0,True,15
scale_f0.01,kc_delta,1,466,98,-87.0,True,20
scale_f0.01,kc_delta,1,467,600,-600.0,False,41
scale_f0.01,kc_delta,1,468,600,-600.0,False,43
scale_f0.01,kc_delta,1,469,306,-295.0,True,26
scale_f0.01,kc_delta,1,470,600,-600.0,False,54
scale_f0.01,kc_delta,1,471,30,-19.0,True,21
scale_f0.01,kc_delta,1,472,600,-600.0,False,57
scale_f0.01,kc_delta,1,473,61,-50.0,True,29
scale_f0.01,kc_delta,1,474,600,-600.0,False,28
scale_f0.01,kc_delta,1,475,183,-172.0,True,24
scale_f0.01,kc_delta,1,476,600,-600.0,False,46
scale_f0.01,kc_delta,1,477,600,-600.0,False,44
scale_f0.01,kc_delta,1,478,600,-600.0,False,51
scale_f0.01,kc_delta,1,479,19,-8.0,True,9
scale_f0.01,kc_delta,1,480,600,-600.0,False,33
scale_f0.01,kc_delta,1,481,600,-600.0,False,41
scale_f0.01,kc_delta,1,482,600,-600.0,False,55
scale_f0.01,kc_delta,1,483,448,-437.0,True,26
scale_f0.01,kc_delta,1,484,600,-600.0,False,39
scale_f0.01,kc_delta,1,485,600,-600.0,False,32
scale_f0.01,kc_delta,1,486,19,-8.0,True,16
scale_f0.01,kc_delta,1,487,600,-600.0,False,40
scale_f0.01,kc_delta,1,488,600,-600.0,False,43
scale_f0.01,kc_delta,1,489,57,-46.0,True,22
scale_f0.01,kc_delta,1,490,17,-6.0,True,15
scale_f0.01,kc_delta,1,491,94,-83.0,True,26
scale_f0.01,kc_delta,1,492,600,-600.0,False,57
scale_f0.01,kc_delta,1,493,31,-20.0,True,28
scale_f0.01,kc_delta,1,494,600,-600.0,False,42
scale_f0.01,kc_delta,1,495,30,-19.0,True,28
scale_f0.01,kc_delta,1,496,600,-600.0,False,30
scale_f0.01,kc_delta,1,497,41,-30.0,True,26
scale_f0.01,kc_delta,1,498,600,-600.0,False,45
scale_f0.01,kc_delta,1,499,600,-600.0,False,30
scale_f0.01,kc_delta,1,500,55,-44.0,True,22
scale_f0.01,kc_delta,1,501,600,-600.0,False,32
scale_f0.01,kc_delta,1,502,600,-600.0,False,36
scale_f0.01,kc_delta,1,503,600,-600.0,False,33
scale_f0.01,kc_delta,1,504,5,6.0,True,4
scale_f0.01,kc_delta,1,505,600,-600.0,False,52
scale_f0.01,kc_delta,1,506,141,-130.0,True,33
scale_f0.01,kc_delta,1,507,600,-600.0,False,33
scale_f0.01,kc_delta,1,508,600,-600.0,False,31
scale_f0.01,kc_delta,1,509,600,-600.0,False,49
scale_f0.01,kc_delta,1,510,28,-17.0,True,16
scale_f0.01,kc_delta,1,511,338,-327.0,True,35
scale_f0.01,kc_delta,1,512,600,-600.0,False,31
scale_f0.01,kc_delta,1,513,600,-600.0,False,42
scale_f0.01,kc_delta,1,514,600,-600.0,False,55
scale_f0.01,kc_delta,1,515,102,-91.0,True,36
scale_f0.01,kc_delta,1,516,36,-25.0,True,25
scale_f0.01,kc_delta,1,517,45,-34.0,True,34
scale_f0.01,kc_delta,1,518,36,-25.0,True,24
scale_f0.01,kc_delta,1,519,600,-600.0,False,31
scale_f0.01,kc_delta,1,520,154,-143.0,True,36
scale_f0.01,kc_delta,1,521,600,-600.0,False,46
scale_f0.01,kc_delta,1,522,600,-600.0,False,59
scale_f0.01,kc_delta,1,523,600,-600.0,False,40
scale_f0.01,kc_delta,1,524,600,-600.0,False,36
scale_f0.01,kc_delta,1,525,9,2.0,True,9
scale_f0.01,kc_delta,1,526,140,-129.0,True,36
scale_f0.01,kc_delta,1,527,13,-2.0,True,9
scale_f0.01,kc_delta,1,528,600,-600.0,False,46
scale_f0.01,kc_delta,1,529,600,-600.0,False,56
scale_f0.01,kc_delta,1,530,600,-600.0,False,37
scale_f0.01,kc_delta,1,531,600,-600.0,False,52
scale_f0.01,kc_delta,1,532,600,-600.0,False,54
scale_f0.01,kc_delta,1,533,600,-600.0,False,49
scale_f0.01,kc_delta,1,534,9,2.0,True,6
scale_f0.01,kc_delta,1,535,38,-27.0,True,17
scale_f0.01,kc_delta,1,536,600,-600.0,False,52
scale_f0.01,kc_delta,1,537,229,-218.0,True,21
scale_f0.01,kc_delta,1,538,600,-600.0,False,40
scale_f0.01,kc_delta,1,539,117,-106.0,True,38
scale_f0.01,kc_delta,1,540,32,-21.0,True,25
scale_f0.01,kc_delta,1,541,600,-600.0,False,28
scale_f0.01,kc_delta,1,542,23,-12.0,True,20
scale_f0.01,kc_delta,1,543,47,-36.0,True,38
scale_f0.01,kc_delta,1,544,2,9.0,True,2
scale_f0.01,kc_delta,1,545,23,-12.0,True,16
scale_f0.01,kc_delta,1,546,103,-92.0,True,15
scale_f0.01,kc_delta,1,547,600,-600.0,False,37
scale_f0.01,kc_delta,1,548,63,-52.0,True,33
scale_f0.01,kc_delta,1,549,47,-36.0,True,24
scale_f0.01,kc_delta,1,550,600,-600.0,False,29
scale_f0.01,kc_delta,1,551,203,-192.0,True,40
scale_f0.01,kc_delta,1,552,600,-600.0,False,49
scale_f0.01,kc_delta,1,553,14,-3.0,True,12
scale_f0.01,kc_delta,1,554,600,-600.0,False,44
scale_f0.01,kc_delta,1,555,24,-13.0,True,20
scale_f0.01,kc_delta,1,556,4,7.0,True,4
scale_f0.01,kc_delta,1,557,26,-15.0,True,22
scale_f0.01,kc_delta,1,558,600,-600.0,False,47
scale_f0.01,kc_delta,1,559,39,-28.0,True,26
scale_f0.01,kc_delta,1,560,600,-600.0,False,31
scale_f0.01,kc_delta,1,561,600,-600.0,False,44
scale_f0.01,kc_delta,1,562,2,9.0,True,2
scale_f0.01,kc_delta,1,563,600,-600.0,False,54
scale_f0.01,kc_delta,1,564,25,-14.0,True,15
scale_f0.01,kc_delta,1,565,24,-13.0,True,12
scale_f0.01,kc_delta,1,566,600,-600.0,False,46
scale_f0.01,kc_delta,1,567,86,-75.0,True,36
scale_f0.01,kc_delta,1,568,600,-600.0,False,44
scale_f0.01,kc_delta,1,569,600,-600.0,False,47
scale_f0.01,kc_delta,1,570,115,-104.0,True,40
scale_f0.01,kc_delta,1,571,600,-600.0,False,46
scale_f0.01,kc_delta,1,572,3,8.0,True,3
scale_f0.01,kc_delta,1,573,58,-47.0,True,25
scale_f0.01,kc_delta,1,574,4,7.0,True,4
scale_f0.01,kc_delta,1,575,600,-600.0,False,48
scale_f0.01,kc_delta,1,576,129,-118.0,True,26
scale_f0.01,kc_delta,1,577,30,-19.0,True,17
scale_f0.01,kc_delta,1,578,600,-600.0,False,40
scale_f0.01,kc_delta,1,579,39,-28.0,True,23
scale_f0.01,kc_delta,1,580,9,2.0,True,8
scale_f0.01,kc_delta,1,581,24,-13.0,True,24
scale_f0.01,kc_delta,1,582,16,-5.0,True,16
scale_f0.01,kc_delta,1,583,28,-17.0,True,25
scale_f0.01,kc_delta,1,584,600,-600.0,False,44
scale_f0.01,kc_delta,1,585,33,-22.0,True,32
scale_f0.01,kc_delta,1,586,57,-46.0,True,26
scale_f0.01,kc_delta,1,587,29,-18.0,True,17
scale_f0.01,kc_delta,1,588,22,-11.0,True,19
scale_f0.01,kc_delta,1,589,600,-600.0,False,50
scale_f0.01,kc_delta,1,590,8,3.0,True,8
scale_f0.01,kc_delta,1,591,61,-50.0,True,25
scale_f0.01,kc_delta,1,592,23,-12.0,True,23
scale_f0.01,kc_delta,1,593,600,-600.0,False,51
scale_f0.01,kc_delta,1,594,600,-600.0,False,43
scale_f0.01,kc_delta,1,595,600,-600.0,False,52
scale_f0.01,kc_delta,1,596,600,-600.0,False,50
scale_f0.01,kc_delta,1,597,600,-600.0,False,32
scale_f0.01,kc_delta,1,598,600,-600.0,False,52
scale_f0.01,kc_delta,1,599,185,-174.0,True,24
scale_f0.01,rand_delta,1,0,600,-600.0,False,27
scale_f0.01,rand_delta,1,1,306,-295.0,True,15
scale_f0.01,rand_delta,1,2,5,6.0,True,5
scale_f0.01,rand_delta,1,3,600,-600.0,False,45
scale_f0.01,rand_delta,1,4,189,-178.0,True,21
scale_f0.01,rand_delta,1,5,600,-600.0,False,51
scale_f0.01,rand_delta,1,6,188,-177.0,True,13
scale_f0.01,rand_delta,1,7,182,-171.0,True,19
scale_f0.01,rand_delta,1,8,295,-284.0,True,31
scale_f0.01,rand_delta,1,9,247,-236.0,True,34
scale_f0.01,rand_delta,1,10,347,-336.0,True,46
scale_f0.01,rand_delta,1,11,600,-600.0,False,35
scale_f0.01,rand_delta,1,12,600,-600.0,False,55
scale_f0.01,rand_delta,1,13,600,-600.0,False,50
scale_f0.01,rand_delta,1,14,428,-417.0,True,37
scale_f0.01,rand_delta,1,15,401,-390.0,True,39
scale_f0.01,rand_delta,1,16,45,-34.0,True,20
scale_f0.01,rand_delta,1,17,473,-462.0,True,36
scale_f0.01,rand_delta,1,18,600,-600.0,False,45
scale_f0.01,rand_delta,1,19,600,-600.0,False,31
scale_f0.01,rand_delta,1,20,527,-516.0,True,30
scale_f0.01,rand_delta,1,21,600,-600.0,False,42
scale_f0.01,rand_delta,1,22,15,-4.0,True,12
scale_f0.01,rand_delta,1,23,6,5.0,True,6
scale_f0.01,rand_delta,1,24,163,-152.0,True,26
scale_f0.01,rand_delta,1,25,15,-4.0,True,13
scale_f0.01,rand_delta,1,26,55,-44.0,True,25
scale_f0.01,rand_delta,1,27,600,-600.0,False,33
scale_f0.01,rand_delta,1,28,388,-377.0,True,45
scale_f0.01,rand_delta,1,29,600,-600.0,False,47
scale_f0.01,rand_delta,1,30,9,2.0,True,7
scale_f0.01,rand_delta,1,31,228,-217.0,True,29
scale_f0.01,rand_delta,1,32,115,-104.0,True,28
scale_f0.01,rand_delta,1,33,67,-56.0,True,29
scale_f0.01,rand_delta,1,34,75,-64.0,True,34
scale_f0.01,rand_delta,1,35,15,-4.0,True,9
scale_f0.01,rand_delta,1,36,256,-245.0,True,36
scale_f0.01,rand_delta,1,37,359,-348.0,True,44
scale_f0.01,rand_delta,1,38,37,-26.0,True,20
scale_f0.01,rand_delta,1,39,138,-127.0,True,35
scale_f0.01,rand_delta,1,40,22,-11.0,True,20
scale_f0.01,rand_delta,1,41,600,-600.0,False,46
scale_f0.01,rand_delta,1,42,23,-12.0,True,21
scale_f0.01,rand_delta,1,43,600,-600.0,False,32
scale_f0.01,rand_delta,1,44,1,10.0,True,1
scale_f0.01,rand_delta,1,45,192,-181.0,True,12
scale_f0.01,rand_delta,1,46,600,-600.0,False,27
scale_f0.01,rand_delta,1,47,600,-600.0,False,43
scale_f0.01,rand_delta,1,48,18,-7.0,True,17
scale_f0.01,rand_delta,1,49,2,9.0,True,2
scale_f0.01,rand_delta,1,50,600,-600.0,False,53
scale_f0.01,rand_delta,1,51,600,-600.0,False,40
scale_f0.01,rand_delta,1,52,600,-600.0,False,53
scale_f0.01,rand_delta,1,53,600,-600.0,False,38
scale_f0.01,rand_delta,1,54,23,-12.0,True,21
scale_f0.01,rand_delta,1,55,600,-600.0,False,36
scale_f0.01,rand_delta,1,56,330,-319.0,True,39
scale_f0.01,rand_delta,1,57,42,-31.0,True,26
scale_f0.01,rand_delta,1,58,16,-5.0,True,15
scale_f0.01,rand_delta,1,59,9,2.0,True,7
scale_f0.01,rand_delta,1,60,423,-412.0,True,43
scale_f0.01,rand_delta,1,61,411,-400.0,True,41
scale_f0.01,rand_delta,1,62,30,-19.0,True,28
scale_f0.01,rand_delta,1,63,24,-13.0,True,24
scale_f0.01,rand_delta,1,64,600,-600.0,False,36
scale_f0.01,rand_delta,1,65,283,-272.0,True,41
scale_f0.01,rand_delta,1,66,600,-600.0,False,45
scale_f0.01,rand_delta,1,67,600,-600.0,False,41
scale_f0.01,rand_delta,1,68,19,-8.0,True,19
scale_f0.01,rand_delta,1,69,34,-23.0,True,30
scale_f0.01,rand_delta,1,70,485,-474.0,True,33
scale_f0.01,rand_delta,1,71,600,-600.0,False,50
scale_f0.01,rand_delta,1,72,600,-600.0,False,53
scale_f0.01,rand_delta,1,73,600,-600.0,False,47
scale_f0.01,rand_delta,1,74,600,-600.0,False,40
scale_f0.01,rand_delta,1,75,600,-600.0,False,44
scale_f0.01,rand_delta,1,76,23,-12.0,True,14
scale_f0.01,rand_delta,1,77,44,-33.0,True,23
scale_f0.01,rand_delta,1,78,8,3.0,True,8
scale_f0.01,rand_delta,1,79,9,2.0,True,9
scale_f0.01,rand_delta,1,80,600,-600.0,False,39
scale_f0.01,rand_delta,1,81,600,-600.0,False,45
scale_f0.01,rand_delta,1,82,600,-600.0,False,30
scale_f0.01,rand_delta,1,83,600,-600.0,False,54
scale_f0.01,rand_delta,1,84,261,-250.0,True,30
scale_f0.01,rand_delta,1,85,600,-600.0,False,40
scale_f0.01,rand_delta,1,86,600,-600.0,False,32
scale_f0.01,rand_delta,1,87,600,-600.0,False,46
scale_f0.01,rand_delta,1,88,600,-600.0,False,49
scale_f0.01,rand_delta,1,89,600,-600.0,False,54
scale_f0.01,rand_delta,1,90,13,-2.0,True,13
scale_f0.01,rand_delta,1,91,189,-178.0,True,25
scale_f0.01,rand_delta,1,92,5,6.0,True,3
scale_f0.01,rand_delta,1,93,46,-35.0,True,29
scale_f0.01,rand_delta,1,94,6,5.0,True,6
scale_f0.01,rand_delta,1,95,8,3.0,True,6
scale_f0.01,rand_delta,1,96,600,-600.0,False,55
scale_f0.01,rand_delta,1,97,16,-5.0,True,10
scale_f0.01,rand_delta,1,98,60,-49.0,True,31
scale_f0.01,rand_delta,1,99,600,-600.0,False,39
scale_f0.01,rand_delta,1,100,600,-600.0,False,40
scale_f0.01,rand_delta,1,101,600,-600.0,False,50
scale_f0.01,rand_delta,1,102,271,-260.0,True,26
scale_f0.01,rand_delta,1,103,549,-538.0,True,39
scale_f0.01,rand_delta,1,104,25,-14.0,True,25
scale_f0.01,rand_delta,1,105,576,-565.0,True,45
scale_f0.01,rand_delta,1,106,600,-600.0,False,52
scale_f0.01,rand_delta,1,107,600,-600.0,False,43
scale_f0.01,rand_delta,1,108,389,-378.0,True,42
scale_f0.01,rand_delta,1,109,600,-600.0,False,38
scale_f0.01,rand_delta,1,110,600,-600.0,False,52
scale_f0.01,rand_delta,1,111,23,-12.0,True,22
scale_f0.01,rand_delta,1,112,35,-24.0,True,19
scale_f0.01,rand_delta,1,113,38,-27.0,True,20
scale_f0.01,rand_delta,1,114,21,-10.0,True,21
scale_f0.01,rand_delta,1,115,36,-25.0,True,23
scale_f0.01,rand_delta,1,116,600,-600.0,False,45
scale_f0.01,rand_delta,1,117,8,3.0,True,8
scale_f0.01,rand_delta,1,118,600,-600.0,False,51
scale_f0.01,rand_delta,1,119,20,-9.0,True,20
scale_f0.01,rand_delta,1,120,600,-600.0,False,31
scale_f0.01,rand_delta,1,121,600,-600.0,False,46
scale_f0.01,rand_delta,1,122,600,-600.0,False,53
scale_f0.01,rand_delta,1,123,600,-600.0,False,39
scale_f0.01,rand_delta,1,124,600,-600.0,False,35
scale_f0.01,rand_delta,1,125,600,-600.0,False,46
scale_f0.01,rand_delta,1,126,43,-32.0,True,24
scale_f0.01,rand_delta,1,127,600,-600.0,False,48
scale_f0.01,rand_delta,1,128,600,-600.0,False,50
scale_f0.01,rand_delta,1,129,39,-28.0,True,29
scale_f0.01,rand_delta,1,130,21,-10.0,True,18
scale_f0.01,rand_delta,1,131,101,-90.0,True,20
scale_f0.01,rand_delta,1,132,600,-600.0,False,33
scale_f0.01,rand_delta,1,133,600,-600.0,False,45
scale_f0.01,rand_delta,1,134,14,-3.0,True,13
scale_f0.01,rand_delta,1,135,600,-600.0,False,59
scale_f0.01,rand_delta,1,136,12,-1.0,True,12
scale_f0.01,rand_delta,1,137,18,-7.0,True,18
scale_f0.01,rand_delta,1,138,27,-16.0,True,23
scale_f0.01,rand_delta,1,139,5,6.0,True,5
scale_f0.01,rand_delta,1,140,600,-600.0,False,50
scale_f0.01,rand_delta,1,141,600,-600.0,False,56
scale_f0.01,rand_delta,1,142,600,-600.0,False,51
scale_f0.01,rand_delta,1,143,50,-39.0,True,22
scale_f0.01,rand_delta,1,144,3,8.0,True,3
scale_f0.01,rand_delta,1,145,267,-256.0,True,34
scale_f0.01,rand_delta,1,146,600,-600.0,False,43
scale_f0.01,rand_delta,1,147,600,-600.0,False,52
scale_f0.01,rand_delta,1,148,51,-40.0,True,37
scale_f0.01,rand_delta,1,149,600,-600.0,False,51
scale_f0.01,rand_delta,1,150,600,-600.0,False,55
scale_f0.01,rand_delta,1,151,34,-23.0,True,21
scale_f0.01,rand_delta,1,152,155,-144.0,True,32
scale_f0.01,rand_delta,1,153,600,-600.0,False,50
scale_f0.01,rand_delta,1,154,114,-103.0,True,24
scale_f0.01,rand_delta,1,155,600,-600.0,False,36
scale_f0.01,rand_delta,1,156,9,2.0,True,8
scale_f0.01,rand_delta,1,157,17,-6.0,True,17
scale_f0.01,rand_delta,1,158,46,-35.0,True,13
scale_f0.01,rand_delta,1,159,600,-600.0,False,47
scale_f0.01,rand_delta,1,160,600,-600.0,False,38
scale_f0.01,rand_delta,1,161,16,-5.0,True,16
scale_f0.01,rand_delta,1,162,76,-65.0,True,28
scale_f0.01,rand_delta,1,163,38,-27.0,True,38
scale_f0.01,rand_delta,1,164,600,-600.0,False,51
scale_f0.01,rand_delta,1,165,600,-600.0,False,52
scale_f0.01,rand_delta,1,166,16,-5.0,True,16
scale_f0.01,rand_delta,1,167,600,-600.0,False,40
scale_f0.01,rand_delta,1,168,600,-600.0,False,46
scale_f0.01,rand_delta,1,169,26,-15.0,True,26
scale_f0.01,rand_delta,1,170,6,5.0,True,6
scale_f0.01,rand_delta,1,171,16,-5.0,True,16
scale_f0.01,rand_delta,1,172,21,-10.0,True,19
scale_f0.01,rand_delta,1,173,20,-9.0,True,13
scale_f0.01,rand_delta,1,174,600,-600.0,False,39
scale_f0.01,rand_delta,1,175,346,-335.0,True,23
scale_f0.01,rand_delta,1,176,600,-600.0,False,46
scale_f0.01,rand_delta,1,177,425,-414.0,True,42
scale_f0.01,rand_delta,1,178,600,-600.0,False,45
scale_f0.01,rand_delta,1,179,600,-600.0,False,56
scale_f0.01,rand_delta,1,180,18,-7.0,True,18
scale_f0.01,rand_delta,1,181,600,-600.0,False,39
scale_f0.01,rand_delta,1,182,600,-600.0,False,56
scale_f0.01,rand_delta,1,183,600,-600.0,False,51
scale_f0.01,rand_delta,1,184,14,-3.0,True,14
scale_f0.01,rand_delta,1,185,16,-5.0,True,16
scale_f0.01,rand_delta,1,186,9,2.0,True,8
scale_f0.01,rand_delta,1,187,600,-600.0,False,55
scale_f0.01,rand_delta,1,188,68,-57.0,True,32
scale_f0.01,rand_delta,1,189,600,-600.0,False,42
scale_f0.01,rand_delta,1,190,33,-22.0,True,30
scale_f0.01,rand_delta,1,191,600,-600.0,False,46
scale_f0.01,rand_delta,1,192,600,-600.0,False,50
scale_f0.01,rand_delta,1,193,600,-600.0,False,53
scale_f0.01,rand_delta,1,194,24,-13.0,True,23
scale_f0.01,rand_delta,1,195,600,-600.0,False,45
scale_f0.01,rand_delta,1,196,20,-9.0,True,20
scale_f0.01,rand_delta,1,197,36,-25.0,True,35
scale_f0.01,rand_delta,1,198,600,-600.0,False,44
scale_f0.01,rand_delta,1,199,25,-14.0,True,25
scale_f0.01,rand_delta,1,200,600,-600.0,False,46
scale_f0.01,rand_delta,1,201,600,-600.0,False,43
scale_f0.01,rand_delta,1,202,600,-600.0,False,39
scale_f0.01,rand_delta,1,203,600,-600.0,False,44
scale_f0.01,rand_delta,1,204,600,-600.0,False,57
scale_f0.01,rand_delta,1,205,600,-600.0,False,42
scale_f0.01,rand_delta,1,206,38,-27.0,True,38
scale_f0.01,rand_delta,1,207,600,-600.0,False,43
scale_f0.01,rand_delta,1,208,600,-600.0,False,41
scale_f0.01,rand_delta,1,209,594,-583.0,True,35
scale_f0.01,rand_delta,1,210,600,-600.0,False,49
scale_f0.01,rand_delta,1,211,26,-15.0,True,26
scale_f0.01,rand_delta,1,212,18,-7.0,True,18
scale_f0.01,rand_delta,1,213,381,-370.0,True,39
scale_f0.01,rand_delta,1,214,26,-15.0,True,26
scale_f0.01,rand_delta,1,215,600,-600.0,False,46
scale_f0.01,rand_delta,1,216,34,-23.0,True,28
scale_f0.01,rand_delta,1,217,600,-600.0,False,42
scale_f0.01,rand_delta,1,218,600,-600.0,False,42
scale_f0.01,rand_delta,1,219,600,-600.0,False,53
scale_f0.01,rand_delta,1,220,600,-600.0,False,56
scale_f0.01,rand_delta,1,221,600,-600.0,False,53
scale_f0.01,rand_delta,1,222,24,-13.0,True,20
scale_f0.01,rand_delta,1,223,34,-23.0,True,34
scale_f0.01,rand_delta,1,224,37,-26.0,True,37
scale_f0.01,rand_delta,1,225,30,-19.0,True,30
scale_f0.01,rand_delta,1,226,68,-57.0,True,27
scale_f0.01,rand_delta,1,227,600,-600.0,False,47
scale_f0.01,rand_delta,1,228,600,-600.0,False,51
scale_f0.01,rand_delta,1,229,52,-41.0,True,34
scale_f0.01,rand_delta,1,230,28,-17.0,True,28
scale_f0.01,rand_delta,1,231,600,-600.0,False,36
scale_f0.01,rand_delta,1,232,600,-600.0,False,52
scale_f0.01,rand_delta,1,233,600,-600.0,False,40
scale_f0.01,rand_delta,1,234,600,-600.0,False,45
scale_f0.01,rand_delta,1,235,37,-26.0,True,30
scale_f0.01,rand_delta,1,236,600,-600.0,False,54
scale_f0.01,rand_delta,1,237,600,-600.0,False,39
scale_f0.01,rand_delta,1,238,29,-18.0,True,21
scale_f0.01,rand_delta,1,239,17,-6.0,True,17
scale_f0.01,rand_delta,1,240,6,5.0,True,5
scale_f0.01,rand_delta,1,241,28,-17.0,True,28
scale_f0.01,rand_delta,1,242,600,-600.0,False,52
scale_f0.01,rand_delta,1,243,9,2.0,True,9
scale_f0.01,rand_delta,1,244,72,-61.0,True,25
scale_f0.01,rand_delta,1,245,600,-600.0,False,52
scale_f0.01,rand_delta,1,246,24,-13.0,True,22
scale_f0.01,rand_delta,1,247,48,-37.0,True,32
scale_f0.01,rand_delta,1,248,38,-27.0,True,37
scale_f0.01,rand_delta,1,249,76,-65.0,True,36
scale_f0.01,rand_delta,1,250,600,-600.0,False,50
scale_f0.01,rand_delta,1,251,29,-18.0,True,28
scale_f0.01,rand_delta,1,252,32,-21.0,True,30
scale_f0.01,rand_delta,1,253,600,-600.0,False,35
scale_f0.01,rand_delta,1,254,600,-600.0,False,47
scale_f0.01,rand_delta,1,255,34,-23.0,True,30
scale_f0.01,rand_delta,1,256,600,-600.0,False,53
scale_f0.01,rand_delta,1,257,600,-600.0,False,38
scale_f0.01,rand_delta,1,258,600,-600.0,False,46
scale_f0.01,rand_delta,1,259,42,-31.0,True,31
scale_f0.01,rand_delta,1,260,105,-94.0,True,25
scale_f0.01,rand_delta,1,261,600,-600.0,False,45
scale_f0.01,rand_delta,1,262,36,-25.0,True,33
scale_f0.01,rand_delta,1,263,600,-600.0,False,52
scale_f0.01,rand_delta,1,264,600,-600.0,False,43
scale_f0.01,rand_delta,1,265,600,-600.0,False,52
scale_f0.01,rand_delta,1,266,33,-22.0,True,31
scale_f0.01,rand_delta,1,267,26,-15.0,True,13
scale_f0.01,rand_delta,1,268,600,-600.0,False,45
scale_f0.01,rand_delta,1,269,25,-14.0,True,25
scale_f0.01,rand_delta,1,270,17,-6.0,True,15
scale_f0.01,rand_delta,1,271,34,-23.0,True,30
scale_f0.01,rand_delta,1,272,31,-20.0,True,22
scale_f0.01,rand_delta,1,273,600,-600.0,False,55
scale_f0.01,rand_delta,1,274,5,6.0,True,5
scale_f0.01,rand_delta,1,275,7,4.0,True,7
scale_f0.01,rand_delta,1,276,21,-10.0,True,20
scale_f0.01,rand_delta,1,277,18,-7.0,True,18
scale_f0.01,rand_delta,1,278,600,-600.0,False,56
scale_f0.01,rand_delta,1,279,17,-6.0,True,17
scale_f0.01,rand_delta,1,280,600,-600.0,False,57
scale_f0.01,rand_delta,1,281,37,-26.0,True,33
scale_f0.01,rand_delta,1,282,46,-35.0,True,39
scale_f0.01,rand_delta,1,283,26,-15.0,True,22
scale_f0.01,rand_delta,1,284,8,3.0,True,8
scale_f0.01,rand_delta,1,285,600,-600.0,False,46
scale_f0.01,rand_delta,1,286,3,8.0,True,3
scale_f0.01,rand_delta,1,287,600,-600.0,False,52
scale_f0.01,rand_delta,1,288,5,6.0,True,5
scale_f0.01,rand_delta,1,289,123,-112.0,True,25
scale_f0.01,rand_delta,1,290,12,-1.0,True,12
scale_f0.01,rand_delta,1,291,23,-12.0,True,23
scale_f0.01,rand_delta,1,292,24,-13.0,True,22
scale_f0.01,rand_delta,1,293,18,-7.0,True,16
scale_f0.01,rand_delta,1,294,600,-600.0,False,56
scale_f0.01,rand_delta,1,295,109,-98.0,True,33
scale_f0.01,rand_delta,1,296,600,-600.0,False,47
scale_f0.01,rand_delta,1,297,600,-600.0,False,41
scale_f0.01,rand_delta,1,298,39,-28.0,True,37
scale_f0.01,rand_delta,1,299,600,-600.0,False,55
scale_f0.01,rand_delta,1,300,600,-600.0,False,44
scale_f0.01,rand_delta,1,301,48,-37.0,True,38
scale_f0.01,rand_delta,1,302,33,-22.0,True,29
scale_f0.01,rand_delta,1,303,398,-387.0,True,45
scale_f0.01,rand_delta,1,304,600,-600.0,False,42
scale_f0.01,rand_delta,1,305,600,-600.0,False,41
scale_f0.01,rand_delta,1,306,30,-19.0,True,29
scale_f0.01,rand_delta,1,307,21,-10.0,True,20
scale_f0.01,rand_delta,1,308,32,-21.0,True,28
scale_f0.01,rand_delta,1,309,600,-600.0,False,44
scale_f0.01,rand_delta,1,310,600,-600.0,False,51
scale_f0.01,rand_delta,1,311,23,-12.0,True,21
scale_f0.01,rand_delta,1,312,600,-600.0,False,55
scale_f0.01,rand_delta,1,313,25,-14.0,True,21
scale_f0.01,rand_delta,1,314,600,-600.0,False,50
scale_f0.01,rand_delta,1,315,21,-10.0,True,16
scale_f0.01,rand_delta,1,316,600,-600.0,False,50
scale_f0.01,rand_delta,1,317,153,-142.0,True,26
scale_f0.01,rand_delta,1,318,5,6.0,True,5
scale_f0.01,rand_delta,1,319,10,1.0,True,9
scale_f0.01,rand_delta,1,320,19,-8.0,True,19
scale_f0.01,rand_delta,1,321,28,-17.0,True,27
scale_f0.01,rand_delta,1,322,600,-600.0,False,53
scale_f0.01,rand_delta,1,323,23,-12.0,True,21
scale_f0.01,rand_delta,1,324,600,-600.0,False,53
scale_f0.01,rand_delta,1,325,600,-600.0,False,50
scale_f0.01,rand_delta,1,326,600,-600.0,False,48
scale_f0.01,rand_delta,1,327,34,-23.0,True,29
scale_f0.01,rand_delta,1,328,600,-600.0,False,53
scale_f0.01,rand_delta,1,329,600,-600.0,False,45
scale_f0.01,rand_delta,1,330,600,-600.0,False,53
scale_f0.01,rand_delta,1,331,9,2.0,True,6
scale_f0.01,rand_delta,1,332,40,-29.0,True,35
scale_f0.01,rand_delta,1,333,600,-600.0,False,55
scale_f0.01,rand_delta,1,334,600,-600.0,False,46
scale_f0.01,rand_delta,1,335,30,-19.0,True,19
scale_f0.01,rand_delta,1,336,21,-10.0,True,21
scale_f0.01,rand_delta,1,337,166,-155.0,True,41
scale_f0.01,rand_delta,1,338,600,-600.0,False,57
scale_f0.01,rand_delta,1,339,600,-600.0,False,42
scale_f0.01,rand_delta,1,340,6,5.0,True,6
scale_f0.01,rand_delta,1,341,600,-600.0,False,57
scale_f0.01,rand_delta,1,342,600,-600.0,False,54
scale_f0.01,rand_delta,1,343,46,-35.0,True,30
scale_f0.01,rand_delta,1,344,600,-600.0,False,45
scale_f0.01,rand_delta,1,345,18,-7.0,True,18
scale_f0.01,rand_delta,1,346,25,-14.0,True,19
scale_f0.01,rand_delta,1,347,578,-567.0,True,45
scale_f0.01,rand_delta,1,348,71,-60.0,True,35
scale_f0.01,rand_delta,1,349,23,-12.0,True,21
scale_f0.01,rand_delta,1,350,600,-600.0,False,44
scale_f0.01,rand_delta,1,351,600,-600.0,False,46
scale_f0.01,rand_delta,1,352,37,-26.0,True,19
scale_f0.01,rand_delta,1,353,19,-8.0,True,15
scale_f0.01,rand_delta,1,354,13,-2.0,True,13
scale_f0.01,rand_delta,1,355,16,-5.0,True,16
scale_f0.01,rand_delta,1,356,31,-20.0,True,29
scale_f0.01,rand_delta,1,357,600,-600.0,False,51
scale_f0.01,rand_delta,1,358,600,-600.0,False,56
scale_f0.01,rand_delta,1,359,600,-600.0,False,48
scale_f0.01,rand_delta,1,360,24,-13.0,True,20
scale_f0.01,rand_delta,1,361,600,-600.0,False,56
scale_f0.01,rand_delta,1,362,600,-600.0,False,45
scale_f0.01,rand_delta,1,363,22,-11.0,True,19
scale_f0.01,rand_delta,1,364,600,-600.0,False,45
scale_f0.01,rand_delta,1,365,24,-13.0,True,19
scale_f0.01,rand_delta,1,366,33,-22.0,True,28
scale_f0.01,rand_delta,1,367,600,-600.0,False,41
scale_f0.01,rand_delta,1,368,20,-9.0,True,16
scale_f0.01,rand_delta,1,369,600,-600.0,False,46
scale_f0.01,rand_delta,1,370,4,7.0,True,4
scale_f0.01,rand_delta,1,371,172,-161.0,True,41
scale_f0.01,rand_delta,1,372,600,-600.0,False,56
scale_f0.01,rand_delta,1,373,33,-22.0,True,29
scale_f0.01,rand_delta,1,374,25,-14.0,True,22
scale_f0.01,rand_delta,1,375,36,-25.0,True,34
scale_f0.01,rand_delta,1,376,24,-13.0,True,23
scale_f0.01,rand_delta,1,377,20,-9.0,True,17
scale_f0.01,rand_delta,1,378,114,-103.0,True,24
scale_f0.01,rand_delta,1,379,35,-24.0,True,34
scale_f0.01,rand_delta,1,380,19,-8.0,True,13
scale_f0.01,rand_delta,1,381,600,-600.0,False,44
scale_f0.01,rand_delta,1,382,30,-19.0,True,27
scale_f0.01,rand_delta,1,383,600,-600.0,False,50
scale_f0.01,rand_delta,1,384,19,-8.0,True,17
scale_f0.01,rand_delta,1,385,600,-600.0,False,48
scale_f0.01,rand_delta,1,386,600,-600.0,False,52
scale_f0.01,rand_delta,1,387,600,-600.0,False,54
scale_f0.01,rand_delta,1,388,60,-49.0,True,37
scale_f0.01,rand_delta,1,389,600,-600.0,False,56
scale_f0.01,rand_delta,1,390,31,-20.0,True,27
scale_f0.01,rand_delta,1,391,600,-600.0,False,55
scale_f0.01,rand_delta,1,392,600,-600.0,False,41
scale_f0.01,rand_delta,1,393,1,10.0,True,1
scale_f0.01,rand_delta,1,394,600,-600.0,False,53
scale_f0.01,rand_delta,1,395,600,-600.0,False,52
scale_f0.01,rand_delta,1,396,29,-18.0,True,26
scale_f0.01,rand_delta,1,397,22,-11.0,True,20
scale_f0.01,rand_delta,1,398,600,-600.0,False,55
scale_f0.01,rand_delta,1,399,600,-600.0,False,48
scale_f0.01,rand_delta,1,400,600,-600.0,False,40
scale_f0.01,rand_delta,1,401,10,1.0,True,10
scale_f0.01,rand_delta,1,402,600,-600.0,False,43
scale_f0.01,rand_delta,1,403,600,-600.0,False,54
scale_f0.01,rand_delta,1,404,144,-133.0,True,34
scale_f0.01,rand_delta,1,405,32,-21.0,True,23
scale_f0.01,rand_delta,1,406,600,-600.0,False,52
scale_f0.01,rand_delta,1,407,28,-17.0,True,25
scale_f0.01,rand_delta,1,408,38,-27.0,True,32
scale_f0.01,rand_delta,1,409,38,-27.0,True,37
scale_f0.01,rand_delta,1,410,25,-14.0,True,25
scale_f0.01,rand_delta,1,411,24,-13.0,True,21
scale_f0.01,rand_delta,1,412,44,-33.0,True,34
scale_f0.01,rand_delta,1,413,600,-600.0,False,41
scale_f0.01,rand_delta,1,414,600,-600.0,False,41
scale_f0.01,rand_delta,1,415,52,-41.0,True,37
scale_f0.01,rand_delta,1,416,30,-19.0,True,26
scale_f0.01,rand_delta,1,417,600,-600.0,False,52
scale_f0.01,rand_delta,1,418,600,-600.0,False,43
scale_f0.01,rand_delta,1,419,40,-29.0,True,38
scale_f0.01,rand_delta,1,420,600,-600.0,False,39
scale_f0.01,rand_delta,1,421,24,-13.0,True,21
scale_f0.01,rand_delta,1,422,15,-4.0,True,15
scale_f0.01,rand_delta,1,423,241,-230.0,True,39
scale_f0.01,rand_delta,1,424,25,-14.0,True,24
scale_f0.01,rand_delta,1,425,600,-600.0,False,55
scale_f0.01,rand_delta,1,426,33,-22.0,True,30
scale_f0.01,rand_delta,1,427,600,-600.0,False,42
scale_f0.01,rand_delta,1,428,13,-2.0,True,10
scale_f0.01,rand_delta,1,429,172,-161.0,True,39
scale_f0.01,rand_delta,1,430,27,-16.0,True,19
scale_f0.01,rand_delta,1,431,20,-9.0,True,19
scale_f0.01,rand_delta,1,432,32,-21.0,True,29
scale_f0.01,rand_delta,1,433,600,-600.0,False,54
scale_f0.01,rand_delta,1,434,32,-21.0,True,26
scale_f0.01,rand_delta,1,435,414,-403.0,True,41
scale_f0.01,rand_delta,1,436,30,-19.0,True,25
scale_f0.01,rand_delta,1,437,26,-15.0,True,23
scale_f0.01,rand_delta,1,438,37,-26.0,True,36
scale_f0.01,rand_delta,1,439,24,-13.0,True,23
scale_f0.01,rand_delta,1,440,600,-600.0,False,52
scale_f0.01,rand_delta,1,441,26,-15.0,True,20
scale_f0.01,rand_delta,1,442,600,-600.0,False,46
scale_f0.01,rand_delta,1,443,600,-600.0,False,52
scale_f0.01,rand_delta,1,444,20,-9.0,True,16
scale_f0.01,rand_delta,1,445,38,-27.0,True,34
scale_f0.01,rand_delta,1,446,600,-600.0,False,39
scale_f0.01,rand_delta,1,447,24,-13.0,True,23
scale_f0.01,rand_delta,1,448,500,-489.0,True,39
scale_f0.01,rand_delta,1,449,600,-600.0,False,49
scale_f0.01,rand_delta,1,450,24,-13.0,True,21
scale_f0.01,rand_delta,1,451,600,-600.0,False,54
scale_f0.01,rand_delta,1,452,504,-493.0,True,38
scale_f0.01,rand_delta,1,453,33,-22.0,True,25
scale_f0.01,rand_delta,1,454,24,-13.0,True,22
scale_f0.01,rand_delta,1,455,31,-20.0,True,30
scale_f0.01,rand_delta,1,456,1,10.0,True,1
scale_f0.01,rand_delta,1,457,23,-12.0,True,19
scale_f0.01,rand_delta,1,458,20,-9.0,True,16
scale_f0.01,rand_delta,1,459,13,-2.0,True,11
scale_f0.01,rand_delta,1,460,41,-30.0,True,35
scale_f0.01,rand_delta,1,461,600,-600.0,False,59
scale_f0.01,rand_delta,1,462,43,-32.0,True,18
scale_f0.01,rand_delta,1,463,7,4.0,True,5
scale_f0.01,rand_delta,1,464,146,-135.0,True,30
scale_f0.01,rand_delta,1,465,16,-5.0,True,15
scale_f0.01,rand_delta,1,466,27,-16.0,True,20
scale_f0.01,rand_delta,1,467,47,-36.0,True,41
scale_f0.01,rand_delta,1,468,600,-600.0,False,43
scale_f0.01,rand_delta,1,469,73,-62.0,True,26
scale_f0.01,rand_delta,1,470,600,-600.0,False,54
scale_f0.01,rand_delta,1,471,28,-17.0,True,21
scale_f0.01,rand_delta,1,472,600,-600.0,False,57
scale_f0.01,rand_delta,1,473,35,-24.0,True,29
scale_f0.01,rand_delta,1,474,35,-24.0,True,28
scale_f0.01,rand_delta,1,475,26,-15.0,True,24
scale_f0.01,rand_delta,1,476,94,-83.0,True,46
scale_f0.01,rand_delta,1,477,600,-600.0,False,44
scale_f0.01,rand_delta,1,478,600,-600.0,False,51
scale_f0.01,rand_delta,1,479,17,-6.0,True,9
scale_f0.01,rand_delta,1,480,36,-25.0,True,33
scale_f0.01,rand_delta,1,481,600,-600.0,False,41
scale_f0.01,rand_delta,1,482,600,-600.0,False,55
scale_f0.01,rand_delta,1,483,34,-23.0,True,26
scale_f0.01,rand_delta,1,484,184,-173.0,True,39
scale_f0.01,rand_delta,1,485,35,-24.0,True,32
scale_f0.01,rand_delta,1,486,17,-6.0,True,16
scale_f0.01,rand_delta,1,487,600,-600.0,False,40
scale_f0.01,rand_delta,1,488,600,-600.0,False,43
scale_f0.01,rand_delta,1,489,24,-13.0,True,22
scale_f0.01,rand_delta,1,490,15,-4.0,True,15
scale_f0.01,rand_delta,1,491,28,-17.0,True,26
scale_f0.01,rand_delta,1,492,600,-600.0,False,57
scale_f0.01,rand_delta,1,493,29,-18.0,True,28
scale_f0.01,rand_delta,1,494,600,-600.0,False,42
scale_f0.01,rand_delta,1,495,28,-17.0,True,28
scale_f0.01,rand_delta,1,496,36,-25.0,True,30
scale_f0.01,rand_delta,1,497,26,-15.0,True,26
scale_f0.01,rand_delta,1,498,87,-76.0,True,45
scale_f0.01,rand_delta,1,499,35,-24.0,True,30
scale_f0.01,rand_delta,1,500,24,-13.0,True,22
scale_f0.01,rand_delta,1,501,148,-137.0,True,32
scale_f0.01,rand_delta,1,502,40,-29.0,True,36
scale_f0.01,rand_delta,1,503,63,-52.0,True,33
scale_f0.01,rand_delta,1,504,4,7.0,True,4
scale_f0.01,rand_delta,1,505,600,-600.0,False,52
scale_f0.01,rand_delta,1,506,33,-22.0,True,33
scale_f0.01,rand_delta,1,507,38,-27.0,True,33
scale_f0.01,rand_delta,1,508,36,-25.0,True,31
scale_f0.01,rand_delta,1,509,600,-600.0,False,49
scale_f0.01,rand_delta,1,510,20,-9.0,True,16
scale_f0.01,rand_delta,1,511,37,-26.0,True,35
scale_f0.01,rand_delta,1,512,33,-22.0,True,31
scale_f0.01,rand_delta,1,513,600,-600.0,False,42
scale_f0.01,rand_delta,1,514,600,-600.0,False,55
scale_f0.01,rand_delta,1,515,51,-40.0,True,36
scale_f0.01,rand_delta,1,516,29,-18.0,True,25
scale_f0.01,rand_delta,1,517,36,-25.0,True,34
scale_f0.01,rand_delta,1,518,24,-13.0,True,24
scale_f0.01,rand_delta,1,519,32,-21.0,True,31
scale_f0.01,rand_delta,1,520,41,-30.0,True,36
scale_f0.01,rand_delta,1,521,600,-600.0,False,46
scale_f0.01,rand_delta,1,522,600,-600.0,False,59
scale_f0.01,rand_delta,1,523,600,-600.0,False,40
scale_f0.01,rand_delta,1,524,57,-46.0,True,36
scale_f0.01,rand_delta,1,525,10,1.0,True,9
scale_f0.01,rand_delta,1,526,41,-30.0,True,36
scale_f0.01,rand_delta,1,527,10,1.0,True,9
scale_f0.01,rand_delta,1,528,600,-600.0,False,46
scale_f0.01,rand_delta,1,529,600,-600.0,False,56
scale_f0.01,rand_delta,1,530,44,-33.0,True,37
scale_f0.01,rand_delta,1,531,600,-600.0,False,52
scale_f0.01,rand_delta,1,532,600,-600.0,False,54
scale_f0.01,rand_delta,1,533,600,-600.0,False,49
scale_f0.01,rand_delta,1,534,9,2.0,True,6
scale_f0.01,rand_delta,1,535,22,-11.0,True,17
scale_f0.01,rand_delta,1,536,600,-600.0,False,52
scale_f0.01,rand_delta,1,537,33,-22.0,True,21
scale_f0.01,rand_delta,1,538,565,-554.0,True,40
scale_f0.01,rand_delta,1,539,171,-160.0,True,38
scale_f0.01,rand_delta,1,540,27,-16.0,True,25
scale_f0.01,rand_delta,1,541,33,-22.0,True,28
scale_f0.01,rand_delta,1,542,27,-16.0,True,20
scale_f0.01,rand_delta,1,543,600,-600.0,False,38
scale_f0.01,rand_delta,1,544,2,9.0,True,2
scale_f0.01,rand_delta,1,545,18,-7.0,True,16
scale_f0.01,rand_delta,1,546,21,-10.0,True,15
scale_f0.01,rand_delta,1,547,40,-29.0,True,37
scale_f0.01,rand_delta,1,548,36,-25.0,True,33
scale_f0.01,rand_delta,1,549,25,-14.0,True,24
scale_f0.01,rand_delta,1,550,31,-20.0,True,29
scale_f0.01,rand_delta,1,551,600,-600.0,False,40
scale_f0.01,rand_delta,1,552,212,-201.0,True,49
scale_f0.01,rand_delta,1,553,14,-3.0,True,12
scale_f0.01,rand_delta,1,554,87,-76.0,True,44
scale_f0.01,rand_delta,1,555,25,-14.0,True,20
scale_f0.01,rand_delta,1,556,4,7.0,True,4
scale_f0.01,rand_delta,1,557,26,-15.0,True,22
scale_f0.01,rand_delta,1,558,600,-600.0,False,47
scale_f0.01,rand_delta,1,559,30,-19.0,True,26
scale_f0.01,rand_delta,1,560,34,-23.0,True,31
scale_f0.01,rand_delta,1,561,86,-75.0,True,44
scale_f0.01,rand_delta,1,562,2,9.0,True,2
scale_f0.01,rand_delta,1,563,600,-600.0,False,54
scale_f0.01,rand_delta,1,564,22,-11.0,True,15
scale_f0.01,rand_delta,1,565,14,-3.0,True,12
scale_f0.01,rand_delta,1,566,62,-51.0,True,46
scale_f0.01,rand_delta,1,567,41,-30.0,True,36
scale_f0.01,rand_delta,1,568,600,-600.0,False,44
scale_f0.01,rand_delta,1,569,270,-259.0,True,47
scale_f0.01,rand_delta,1,570,93,-82.0,True,40
scale_f0.01,rand_delta,1,571,600,-600.0,False,46
scale_f0.01,rand_delta,1,572,3,8.0,True,3
scale_f0.01,rand_delta,1,573,36,-25.0,True,25
scale_f0.01,rand_delta,1,574,5,6.0,True,4
scale_f0.01,rand_delta,1,575,600,-600.0,False,48
scale_f0.01,rand_delta,1,576,30,-19.0,True,26
scale_f0.01,rand_delta,1,577,24,-13.0,True,17
scale_f0.01,rand_delta,1,578,42,-31.0,True,40
scale_f0.01,rand_delta,1,579,23,-12.0,True,23
scale_f0.01,rand_delta,1,580,9,2.0,True,8
scale_f0.01,rand_delta,1,581,28,-17.0,True,24
scale_f0.01,rand_delta,1,582,19,-8.0,True,16
scale_f0.01,rand_delta,1,583,30,-19.0,True,25
scale_f0.01,rand_delta,1,584,600,-600.0,False,44
scale_f0.01,rand_delta,1,585,34,-23.0,True,32
scale_f0.01,rand_delta,1,586,29,-18.0,True,26
scale_f0.01,rand_delta,1,587,23,-12.0,True,17
scale_f0.01,rand_delta,1,588,23,-12.0,True,19
scale_f0.01,rand_delta,1,589,600,-600.0,False,50
scale_f0.01,rand_delta,1,590,8,3.0,True,8
scale_f0.01,rand_delta,1,591,33,-22.0,True,25
scale_f0.01,rand_delta,1,592,23,-12.0,True,23
scale_f0.01,rand_delta,1,593,600,-600.0,False,51
scale_f0.01,rand_delta,1,594,600,-600.0,False,43
scale_f0.01,rand_delta,1,595,600,-600.0,False,52
scale_f0.01,rand_delta,1,596,600,-600.0,False,50
scale_f0.01,rand_delta,1,597,46,-35.0,True,32
scale_f0.01,rand_delta,1,598,600,-600.0,False,52
scale_f0.01,rand_delta,1,599,34,-23.0,True,24
scale_f0.01,kc_delta,2,0,600,-600.0,False,19
scale_f0.01,kc_delta,2,1,600,-600.0,False,40
scale_f0.01,kc_delta,2,2,375,-364.0,True,14
scale_f0.01,kc_delta,2,3,529,-518.0,True,30
scale_f0.01,kc_delta,2,4,600,-600.0,False,57
scale_f0.01,kc_delta,2,5,57,-46.0,True,19
scale_f0.01,kc_delta,2,6,365,-354.0,True,15
scale_f0.01,kc_delta,2,7,600,-600.0,False,41
scale_f0.01,kc_delta,2,8,52,-41.0,True,13
scale_f0.01,kc_delta,2,9,600,-600.0,False,35
scale_f0.01,kc_delta,2,10,600,-600.0,False,45
scale_f0.01,kc_delta,2,11,416,-405.0,True,20
scale_f0.01,kc_delta,2,12,600,-600.0,False,29
scale_f0.01,kc_delta,2,13,600,-600.0,False,52
scale_f0.01,kc_delta,2,14,481,-470.0,True,21
scale_f0.01,kc_delta,2,15,600,-600.0,False,52
scale_f0.01,kc_delta,2,16,114,-103.0,True,8
scale_f0.01,kc_delta,2,17,98,-87.0,True,25
scale_f0.01,kc_delta,2,18,13,-2.0,True,13
scale_f0.01,kc_delta,2,19,600,-600.0,False,23
scale_f0.01,kc_delta,2,20,237,-226.0,True,24
scale_f0.01,kc_delta,2,21,600,-600.0,False,58
scale_f0.01,kc_delta,2,22,393,-382.0,True,30
scale_f0.01,kc_delta,2,23,600,-600.0,False,32
scale_f0.01,kc_delta,2,24,4,7.0,True,4
scale_f0.01,kc_delta,2,25,600,-600.0,False,27
scale_f0.01,kc_delta,2,26,58,-47.0,True,22
scale_f0.01,kc_delta,2,27,4,7.0,True,4
scale_f0.01,kc_delta,2,28,88,-77.0,True,24
scale_f0.01,kc_delta,2,29,600,-600.0,False,34
scale_f0.01,kc_delta,2,30,166,-155.0,True,20
scale_f0.01,kc_delta,2,31,600,-600.0,False,40
scale_f0.01,kc_delta,2,32,600,-600.0,False,34
scale_f0.01,kc_delta,2,33,600,-600.0,False,54
scale_f0.01,kc_delta,2,34,600,-600.0,False,53
scale_f0.01,kc_delta,2,35,71,-60.0,True,11
scale_f0.01,kc_delta,2,36,70,-59.0,True,17
scale_f0.01,kc_delta,2,37,600,-600.0,False,45
scale_f0.01,kc_delta,2,38,600,-600.0,False,48
scale_f0.01,kc_delta,2,39,600,-600.0,False,37
scale_f0.01,kc_delta,2,40,600,-600.0,False,29
scale_f0.01,kc_delta,2,41,600,-600.0,False,33
scale_f0.01,kc_delta,2,42,600,-600.0,False,50
scale_f0.01,kc_delta,2,43,56,-45.0,True,16
scale_f0.01,kc_delta,2,44,600,-600.0,False,31
scale_f0.01,kc_delta,2,45,600,-600.0,False,37
scale_f0.01,kc_delta,2,46,94,-83.0,True,24
scale_f0.01,kc_delta,2,47,600,-600.0,False,45
scale_f0.01,kc_delta,2,48,600,-600.0,False,30
scale_f0.01,kc_delta,2,49,600,-600.0,False,35
scale_f0.01,kc_delta,2,50,299,-288.0,True,34
scale_f0.01,kc_delta,2,51,600,-600.0,False,51
scale_f0.01,kc_delta,2,52,600,-600.0,False,39
scale_f0.01,kc_delta,2,53,600,-600.0,False,46
scale_f0.01,kc_delta,2,54,25,-14.0,True,19
scale_f0.01,kc_delta,2,55,600,-600.0,False,42
scale_f0.01,kc_delta,2,56,600,-600.0,False,55
scale_f0.01,kc_delta,2,57,600,-600.0,False,44
scale_f0.01,kc_delta,2,58,600,-600.0,False,40
scale_f0.01,kc_delta,2,59,240,-229.0,True,29
scale_f0.01,kc_delta,2,60,600,-600.0,False,46
scale_f0.01,kc_delta,2,61,58,-47.0,True,15
scale_f0.01,kc_delta,2,62,91,-80.0,True,22
scale_f0.01,kc_delta,2,63,600,-600.0,False,59
scale_f0.01,kc_delta,2,64,295,-284.0,True,28
scale_f0.01,kc_delta,2,65,600,-600.0,False,34
scale_f0.01,kc_delta,2,66,234,-223.0,True,29
scale_f0.01,kc_delta,2,67,600,-600.0,False,39
scale_f0.01,kc_delta,2,68,600,-600.0,False,44
scale_f0.01,kc_delta,2,69,100,-89.0,True,19
scale_f0.01,kc_delta,2,70,179,-168.0,True,30
scale_f0.01,kc_delta,2,71,600,-600.0,False,44
scale_f0.01,kc_delta,2,72,63,-52.0,True,20
scale_f0.01,kc_delta,2,73,600,-600.0,False,31
scale_f0.01,kc_delta,2,74,600,-600.0,False,56
scale_f0.01,kc_delta,2,75,53,-42.0,True,19
scale_f0.01,kc_delta,2,76,312,-301.0,True,28
scale_f0.01,kc_delta,2,77,600,-600.0,False,37
scale_f0.01,kc_delta,2,78,600,-600.0,False,37
scale_f0.01,kc_delta,2,79,175,-164.0,True,32
scale_f0.01,kc_delta,2,80,412,-401.0,True,39
scale_f0.01,kc_delta,2,81,61,-50.0,True,20
scale_f0.01,kc_delta,2,82,600,-600.0,False,45
scale_f0.01,kc_delta,2,83,365,-354.0,True,24
scale_f0.01,kc_delta,2,84,600,-600.0,False,45
scale_f0.01,kc_delta,2,85,26,-15.0,True,11
scale_f0.01,kc_delta,2,86,600,-600.0,False,48
scale_f0.01,kc_delta,2,87,80,-69.0,True,20
scale_f0.01,kc_delta,2,88,30,-19.0,True,20
scale_f0.01,kc_delta,2,89,24,-13.0,True,24
scale_f0.01,kc_delta,2,90,600,-600.0,False,54
scale_f0.01,kc_delta,2,91,600,-600.0,False,37
scale_f0.01,kc_delta,2,92,197,-186.0,True,34
scale_f0.01,kc_delta,2,93,600,-600.0,False,45
scale_f0.01,kc_delta,2,94,16,-5.0,True,7
scale_f0.01,kc_delta,2,95,51,-40.0,True,21
scale_f0.01,kc_delta,2,96,600,-600.0,False,37
scale_f0.01,kc_delta,2,97,600,-600.0,False,46
scale_f0.01,kc_delta,2,98,600,-600.0,False,41
scale_f0.01,kc_delta,2,99,600,-600.0,False,44
scale_f0.01,kc_delta,2,100,240,-229.0,True,35
scale_f0.01,kc_delta,2,101,600,-600.0,False,44
scale_f0.01,kc_delta,2,102,600,-600.0,False,40
scale_f0.01,kc_delta,2,103,600,-600.0,False,48
scale_f0.01,kc_delta,2,104,47,-36.0,True,17
scale_f0.01,kc_delta,2,105,600,-600.0,False,44
scale_f0.01,kc_delta,2,106,600,-600.0,False,54
scale_f0.01,kc_delta,2,107,96,-85.0,True,31
scale_f0.01,kc_delta,2,108,600,-600.0,False,58
scale_f0.01,kc_delta,2,109,600,-600.0,False,50
scale_f0.01,kc_delta,2,110,600,-600.0,False,44
scale_f0.01,kc_delta,2,111,600,-600.0,False,45
scale_f0.01,kc_delta,2,112,600,-600.0,False,30
scale_f0.01,kc_delta,2,113,600,-600.0,False,45
scale_f0.01,kc_delta,2,114,334,-323.0,True,36
scale_f0.01,kc_delta,2,115,600,-600.0,False,45
scale_f0.01,kc_delta,2,116,54,-43.0,True,25
scale_f0.01,kc_delta,2,117,600,-600.0,False,41
scale_f0.01,kc_delta,2,118,600,-600.0,False,39
scale_f0.01,kc_delta,2,119,600,-600.0,False,40
scale_f0.01,kc_delta,2,120,28,-17.0,True,18
scale_f0.01,kc_delta,2,121,189,-178.0,True,20
scale_f0.01,kc_delta,2,122,600,-600.0,False,41
scale_f0.01,kc_delta,2,123,600,-600.0,False,34
scale_f0.01,kc_delta,2,124,600,-600.0,False,50
scale_f0.01,kc_delta,2,125,16,-5.0,True,6
scale_f0.01,kc_delta,2,126,13,-2.0,True,8
scale_f0.01,kc_delta,2,127,600,-600.0,False,54
scale_f0.01,kc_delta,2,128,600,-600.0,False,38
scale_f0.01,kc_delta,2,129,547,-536.0,True,25
scale_f0.01,kc_delta,2,130,169,-158.0,True,31
scale_f0.01,kc_delta,2,131,600,-600.0,False,31
scale_f0.01,kc_delta,2,132,10,1.0,True,7
scale_f0.01,kc_delta,2,133,600,-600.0,False,40
scale_f0.01,kc_delta,2,134,35,-24.0,True,30
scale_f0.01,kc_delta,2,135,59,-48.0,True,13
scale_f0.01,kc_delta,2,136,600,-600.0,False,43
scale_f0.01,kc_delta,2,137,600,-600.0,False,46
scale_f0.01,kc_delta,2,138,600,-600.0,False,53
scale_f0.01,kc_delta,2,139,201,-190.0,True,32
scale_f0.01,kc_delta,2,140,160,-149.0,True,19
scale_f0.01,kc_delta,2,141,66,-55.0,True,21
scale_f0.01,kc_delta,2,142,600,-600.0,False,54
scale_f0.01,kc_delta,2,143,17,-6.0,True,8
scale_f0.01,kc_delta,2,144,600,-600.0,False,48
scale_f0.01,kc_delta,2,145,125,-114.0,True,24
scale_f0.01,kc_delta,2,146,600,-600.0,False,37
scale_f0.01,kc_delta,2,147,600,-600.0,False,56
scale_f0.01,kc_delta,2,148,26,-15.0,True,12
scale_f0.01,kc_delta,2,149,600,-600.0,False,39
scale_f0.01,kc_delta,2,150,506,-495.0,True,33
scale_f0.01,kc_delta,2,151,203,-192.0,True,26
scale_f0.01,kc_delta,2,152,600,-600.0,False,54
scale_f0.01,kc_delta,2,153,600,-600.0,False,38
scale_f0.01,kc_delta,2,154,600,-600.0,False,37
scale_f0.01,kc_delta,2,155,326,-315.0,True,26
scale_f0.01,kc_delta,2,156,14,-3.0,True,14
scale_f0.01,kc_delta,2,157,600,-600.0,False,52
scale_f0.01,kc_delta,2,158,24,-13.0,True,21
scale_f0.01,kc_delta,2,159,39,-28.0,True,10
scale_f0.01,kc_delta,2,160,484,-473.0,True,35
scale_f0.01,kc_delta,2,161,18,-7.0,True,14
scale_f0.01,kc_delta,2,162,28,-17.0,True,21
scale_f0.01,kc_delta,2,163,19,-8.0,True,17
scale_f0.01,kc_delta,2,164,15,-4.0,True,13
scale_f0.01,kc_delta,2,165,187,-176.0,True,25
scale_f0.01,kc_delta,2,166,600,-600.0,False,54
scale_f0.01,kc_delta,2,167,32,-21.0,True,25
scale_f0.01,kc_delta,2,168,600,-600.0,False,53
scale_f0.01,kc_delta,2,169,20,-9.0,True,17
scale_f0.01,kc_delta,2,170,600,-600.0,False,51
scale_f0.01,kc_delta,2,171,600,-600.0,False,54
scale_f0.01,kc_delta,2,172,600,-600.0,False,28
scale_f0.01,kc_delta,2,173,600,-600.0,False,38
scale_f0.01,kc_delta,2,174,131,-120.0,True,19
scale_f0.01,kc_delta,2,175,597,-586.0,True,38
scale_f0.01,kc_delta,2,176,17,-6.0,True,17
scale_f0.01,kc_delta,2,177,600,-600.0,False,41
scale_f0.01,kc_delta,2,178,600,-600.0,False,58
scale_f0.01,kc_delta,2,179,600,-600.0,False,43
scale_f0.01,kc_delta,2,180,600,-600.0,False,47
scale_f0.01,kc_delta,2,181,17,-6.0,True,14
scale_f0.01,kc_delta,2,182,122,-111.0,True,25
scale_f0.01,kc_delta,2,183,600,-600.0,False,47
scale_f0.01,kc_delta,2,184,155,-144.0,True,29
scale_f0.01,kc_delta,2,185,20,-9.0,True,20
scale_f0.01,kc_delta,2,186,600,-600.0,False,47
scale_f0.01,kc_delta,2,187,600,-600.0,False,51
scale_f0.01,kc_delta,2,188,600,-600.0,False,43
scale_f0.01,kc_delta,2,189,103,-92.0,True,30
scale_f0.01,kc_delta,2,190,600,-600.0,False,49
scale_f0.01,kc_delta,2,191,465,-454.0,True,33
scale_f0.01,kc_delta,2,192,22,-11.0,True,19
scale_f0.01,kc_delta,2,193,600,-600.0,False,26
scale_f0.01,kc_delta,2,194,600,-600.0,False,56
scale_f0.01,kc_delta,2,195,600,-600.0,False,36
scale_f0.01,kc_delta,2,196,47,-36.0,True,31
scale_f0.01,kc_delta,2,197,81,-70.0,True,29
scale_f0.01,kc_delta,2,198,600,-600.0,False,50
scale_f0.01,kc_delta,2,199,499,-488.0,True,38
scale_f0.01,kc_delta,2,200,600,-600.0,False,55
scale_f0.01,kc_delta,2,201,36,-25.0,True,24
scale_f0.01,kc_delta,2,202,591,-580.0,True,30
scale_f0.01,kc_delta,2,203,21,-10.0,True,21
scale_f0.01,kc_delta,2,204,119,-108.0,True,30
scale_f0.01,kc_delta,2,205,27,-16.0,True,23
scale_f0.01,kc_delta,2,206,9,2.0,True,9
scale_f0.01,kc_delta,2,207,58,-47.0,True,33
scale_f0.01,kc_delta,2,208,21,-10.0,True,11
scale_f0.01,kc_delta,2,209,600,-600.0,False,57
scale_f0.01,kc_delta,2,210,38,-27.0,True,20
scale_f0.01,kc_delta,2,211,338,-327.0,True,36
scale_f0.01,kc_delta,2,212,14,-3.0,True,9
scale_f0.01,kc_delta,2,213,600,-600.0,False,53
scale_f0.01,kc_delta,2,214,36,-25.0,True,19
scale_f0.01,kc_delta,2,215,600,-600.0,False,51
scale_f0.01,kc_delta,2,216,18,-7.0,True,17
scale_f0.01,kc_delta,2,217,58,-47.0,True,23
scale_f0.01,kc_delta,2,218,600,-600.0,False,51
scale_f0.01,kc_delta,2,219,600,-600.0,False,39
scale_f0.01,kc_delta,2,220,8,3.0,True,5
scale_f0.01,kc_delta,2,221,58,-47.0,True,22
scale_f0.01,kc_delta,2,222,600,-600.0,False,32
scale_f0.01,kc_delta,2,223,600,-600.0,False,40
scale_f0.01,kc_delta,2,224,62,-51.0,True,28
scale_f0.01,kc_delta,2,225,202,-191.0,True,38
scale_f0.01,kc_delta,2,226,600,-600.0,False,55
scale_f0.01,kc_delta,2,227,600,-600.0,False,45
scale_f0.01,kc_delta,2,228,229,-218.0,True,37
scale_f0.01,kc_delta,2,229,6,5.0,True,6
scale_f0.01,kc_delta,2,230,18,-7.0,True,13
scale_f0.01,kc_delta,2,231,600,-600.0,False,43
scale_f0.01,kc_delta,2,232,600,-600.0,False,41
scale_f0.01,kc_delta,2,233,3,8.0,True,3
scale_f0.01,kc_delta,2,234,36,-25.0,True,20
scale_f0.01,kc_delta,2,235,600,-600.0,False,41
scale_f0.01,kc_delta,2,236,600,-600.0,False,55
scale_f0.01,kc_delta,2,237,116,-105.0,True,30
scale_f0.01,kc_delta,2,238,28,-17.0,True,23
scale_f0.01,kc_delta,2,239,37,-26.0,True,32
scale_f0.01,kc_delta,2,240,21,-10.0,True,17
scale_f0.01,kc_delta,2,241,38,-27.0,True,23
scale_f0.01,kc_delta,2,242,600,-600.0,False,45
scale_f0.01,kc_delta,2,243,44,-33.0,True,24
scale_f0.01,kc_delta,2,244,600,-600.0,False,53
scale_f0.01,kc_delta,2,245,600,-600.0,False,35
scale_f0.01,kc_delta,2,246,5,6.0,True,5
scale_f0.01,kc_delta,2,247,600,-600.0,False,45
scale_f0.01,kc_delta,2,248,600,-600.0,False,49
scale_f0.01,kc_delta,2,249,600,-600.0,False,39
scale_f0.01,kc_delta,2,250,87,-76.0,True,30
scale_f0.01,kc_delta,2,251,33,-22.0,True,24
scale_f0.01,kc_delta,2,252,600,-600.0,False,48
scale_f0.01,kc_delta,2,253,132,-121.0,True,35
scale_f0.01,kc_delta,2,254,600,-600.0,False,46
scale_f0.01,kc_delta,2,255,31,-20.0,True,20
scale_f0.01,kc_delta,2,256,600,-600.0,False,54
scale_f0.01,kc_delta,2,257,600,-600.0,False,48
scale_f0.01,kc_delta,2,258,600,-600.0,False,53
scale_f0.01,kc_delta,2,259,600,-600.0,False,37
scale_f0.01,kc_delta,2,260,600,-600.0,False,49
scale_f0.01,kc_delta,2,261,600,-600.0,False,52
scale_f0.01,kc_delta,2,262,22,-11.0,True,16
scale_f0.01,kc_delta,2,263,28,-17.0,True,19
scale_f0.01,kc_delta,2,264,10,1.0,True,8
scale_f0.01,kc_delta,2,265,600,-600.0,False,46
scale_f0.01,kc_delta,2,266,187,-176.0,True,32
scale_f0.01,kc_delta,2,267,30,-19.0,True,18
scale_f0.01,kc_delta,2,268,600,-600.0,False,34
scale_f0.01,kc_delta,2,269,22,-11.0,True,15
scale_f0.01,kc_delta,2,270,145,-134.0,True,28
scale_f0.01,kc_delta,2,271,24,-13.0,True,16
scale_f0.01,kc_delta,2,272,600,-600.0,False,34
scale_f0.01,kc_delta,2,273,600,-600.0,False,41
scale_f0.01,kc_delta,2,274,600,-600.0,False,53
scale_f0.01,kc_delta,2,275,600,-600.0,False,39
scale_f0.01,kc_delta,2,276,43,-32.0,True,25
scale_f0.01,kc_delta,2,277,600,-600.0,False,42
scale_f0.01,kc_delta,2,278,600,-600.0,False,38
scale_f0.01,kc_delta,2,279,54,-43.0,True,24
scale_f0.01,kc_delta,2,280,600,-600.0,False,59
scale_f0.01,kc_delta,2,281,159,-148.0,True,33
scale_f0.01,kc_delta,2,282,70,-59.0,True,22
scale_f0.01,kc_delta,2,283,121,-110.0,True,30
scale_f0.01,kc_delta,2,284,600,-600.0,False,57
scale_f0.01,kc_delta,2,285,9,2.0,True,6
scale_f0.01,kc_delta,2,286,102,-91.0,True,36
scale_f0.01,kc_delta,2,287,9,2.0,True,9
scale_f0.01,kc_delta,2,288,26,-15.0,True,19
scale_f0.01,kc_delta,2,289,600,-600.0,False,47
scale_f0.01,kc_delta,2,290,40,-29.0,True,26
scale_f0.01,kc_delta,2,291,16,-5.0,True,13
scale_f0.01,kc_delta,2,292,600,-600.0,False,55
scale_f0.01,kc_delta,2,293,600,-600.0,False,43
scale_f0.01,kc_delta,2,294,600,-600.0,False,54
scale_f0.01,kc_delta,2,295,47,-36.0,True,21
scale_f0.01,kc_delta,2,296,600,-600.0,False,53
scale_f0.01,kc_delta,2,297,24,-13.0,True,15
scale_f0.01,kc_delta,2,298,2,9.0,True,2
scale_f0.01,kc_delta,2,299,600,-600.0,False,43
scale_f0.01,kc_delta,2,300,600,-600.0,False,43
scale_f0.01,kc_delta,2,301,600,-600.0,False,53
scale_f0.01,kc_delta,2,302,600,-600.0,False,55
scale_f0.01,kc_delta,2,303,600,-600.0,False,39
scale_f0.01,kc_delta,2,304,93,-82.0,True,30
scale_f0.01,kc_delta,2,305,600,-600.0,False,49
scale_f0.01,kc_delta,2,306,100,-89.0,True,24
scale_f0.01,kc_delta,2,307,34,-23.0,True,17
scale_f0.01,kc_delta,2,308,600,-600.0,False,37
scale_f0.01,kc_delta,2,309,600,-600.0,False,38
scale_f0.01,kc_delta,2,310,600,-600.0,False,56
scale_f0.01,kc_delta,2,311,600,-600.0,False,47
scale_f0.01,kc_delta,2,312,600,-600.0,False,51
scale_f0.01,kc_delta,2,313,111,-100.0,True,36
scale_f0.01,kc_delta,2,314,600,-600.0,False,54
scale_f0.01,kc_delta,2,315,18,-7.0,True,11
scale_f0.01,kc_delta,2,316,10,1.0,True,8
scale_f0.01,kc_delta,2,317,32,-21.0,True,14
scale_f0.01,kc_delta,2,318,600,-600.0,False,47
scale_f0.01,kc_delta,2,319,600,-600.0,False,37
scale_f0.01,kc_delta,2,320,53,-42.0,True,19
scale_f0.01,kc_delta,2,321,600,-600.0,False,45
scale_f0.01,kc_delta,2,322,25,-14.0,True,12
scale_f0.01,kc_delta,2,323,600,-600.0,False,33
scale_f0.01,kc_delta,2,324,600,-600.0,False,39
scale_f0.01,kc_delta,2,325,600,-600.0,False,43
scale_f0.01,kc_delta,2,326,47,-36.0,True,29
scale_f0.01,kc_delta,2,327,600,-600.0,False,50
scale_f0.01,kc_delta,2,328,600,-600.0,False,39
scale_f0.01,kc_delta,2,329,600,-600.0,False,40
scale_f0.01,kc_delta,2,330,600,-600.0,False,33
scale_f0.01,kc_delta,2,331,600,-600.0,False,44
scale_f0.01,kc_delta,2,332,600,-600.0,False,41
scale_f0.01,kc_delta,2,333,17,-6.0,True,7
scale_f0.01,kc_delta,2,334,600,-600.0,False,52
scale_f0.01,kc_delta,2,335,600,-600.0,False,54
scale_f0.01,kc_delta,2,336,153,-142.0,True,28
scale_f0.01,kc_delta,2,337,37,-26.0,True,15
scale_f0.01,kc_delta,2,338,18,-7.0,True,17
scale_f0.01,kc_delta,2,339,20,-9.0,True,17
scale_f0.01,kc_delta,2,340,600,-600.0,False,52
scale_f0.01,kc_delta,2,341,10,1.0,True,10
scale_f0.01,kc_delta,2,342,46,-35.0,True,22
scale_f0.01,kc_delta,2,343,29,-18.0,True,19
scale_f0.01,kc_delta,2,344,8,3.0,True,6
scale_f0.01,kc_delta,2,345,177,-166.0,True,29
scale_f0.01,kc_delta,2,346,600,-600.0,False,31
scale_f0.01,kc_delta,2,347,390,-379.0,True,33
scale_f0.01,kc_delta,2,348,600,-600.0,False,53
scale_f0.01,kc_delta,2,349,600,-600.0,False,59
scale_f0.01,kc_delta,2,350,22,-11.0,True,14
scale_f0.01,kc_delta,2,351,600,-600.0,False,35
scale_f0.01,kc_delta,2,352,600,-600.0,False,52
scale_f0.01,kc_delta,2,353,600,-600.0,False,46
scale_f0.01,kc_delta,2,354,600,-600.0,False,40
scale_f0.01,kc_delta,2,355,16,-5.0,True,9
scale_f0.01,kc_delta,2,356,17,-6.0,True,9
scale_f0.01,kc_delta,2,357,508,-497.0,True,40
scale_f0.01,kc_delta,2,358,12,-1.0,True,7
scale_f0.01,kc_delta,2,359,28,-17.0,True,16
scale_f0.01,kc_delta,2,360,69,-58.0,True,12
scale_f0.01,kc_delta,2,361,600,-600.0,False,54
scale_f0.01,kc_delta,2,362,600,-600.0,False,51
scale_f0.01,kc_delta,2,363,32,-21.0,True,13
scale_f0.01,kc_delta,2,364,600,-600.0,False,53
scale_f0.01,kc_delta,2,365,172,-161.0,True,25
scale_f0.01,kc_delta,2,366,600,-600.0,False,46
scale_f0.01,kc_delta,2,367,600,-600.0,False,38
scale_f0.01,kc_delta,2,368,600,-600.0,False,34
scale_f0.01,kc_delta,2,369,600,-600.0,False,47
scale_f0.01,kc_delta,2,370,31,-20.0,True,11
scale_f0.01,kc_delta,2,371,64,-53.0,True,20
scale_f0.01,kc_delta,2,372,600,-600.0,False,45
scale_f0.01,kc_delta,2,373,600,-600.0,False,44
scale_f0.01,kc_delta,2,374,600,-600.0,False,40
scale_f0.01,kc_delta,2,375,153,-142.0,True,13
scale_f0.01,kc_delta,2,376,4,7.0,True,3
scale_f0.01,kc_delta,2,377,600,-600.0,False,53
scale_f0.01,kc_delta,2,378,49,-38.0,True,13
scale_f0.01,kc_delta,2,379,600,-600.0,False,45
scale_f0.01,kc_delta,2,380,600,-600.0,False,44
scale_f0.01,kc_delta,2,381,600,-600.0,False,39
scale_f0.01,kc_delta,2,382,12,-1.0,True,7
scale_f0.01,kc_delta,2,383,6,5.0,True,6
scale_f0.01,kc_delta,2,384,163,-152.0,True,25
scale_f0.01,kc_delta,2,385,92,-81.0,True,32
scale_f0.01,kc_delta,2,386,600,-600.0,False,44
scale_f0.01,kc_delta,2,387,30,-19.0,True,19
scale_f0.01,kc_delta,2,388,600,-600.0,False,43
scale_f0.01,kc_delta,2,389,139,-128.0,True,22
scale_f0.01,kc_delta,2,390,366,-355.0,True,32
scale_f0.01,kc_delta,2,391,29,-18.0,True,15
scale_f0.01,kc_delta,2,392,22,-11.0,True,15
scale_f0.01,kc_delta,2,393,600,-600.0,False,41
scale_f0.01,kc_delta,2,394,600,-600.0,False,46
scale_f0.01,kc_delta,2,395,194,-183.0,True,32
scale_f0.01,kc_delta,2,396,28,-17.0,True,24
scale_f0.01,kc_delta,2,397,600,-600.0,False,47
scale_f0.01,kc_delta,2,398,32,-21.0,True,17
scale_f0.01,kc_delta,2,399,600,-600.0,False,51
scale_f0.01,kc_delta,2,400,600,-600.0,False,47
scale_f0.01,kc_delta,2,401,600,-600.0,False,41
scale_f0.01,kc_delta,2,402,600,-600.0,False,56
scale_f0.01,kc_delta,2,403,51,-40.0,True,19
scale_f0.01,kc_delta,2,404,38,-27.0,True,25
scale_f0.01,kc_delta,2,405,83,-72.0,True,29
scale_f0.01,kc_delta,2,406,31,-20.0,True,25
scale_f0.01,kc_delta,2,407,3,8.0,True,2
scale_f0.01,kc_delta,2,408,29,-18.0,True,8
scale_f0.01,kc_delta,2,409,600,-600.0,False,55
scale_f0.01,kc_delta,2,410,600,-600.0,False,42
scale_f0.01,kc_delta,2,411,42,-31.0,True,21
scale_f0.01,kc_delta,2,412,16,-5.0,True,8
scale_f0.01,kc_delta,2,413,600,-600.0,False,44
scale_f0.01,kc_delta,2,414,179,-168.0,True,37
scale_f0.01,kc_delta,2,415,33,-22.0,True,21
scale_f0.01,kc_delta,2,416,78,-67.0,True,23
scale_f0.01,kc_delta,2,417,16,-5.0,True,15
scale_f0.01,kc_delta,2,418,600,-600.0,False,51
scale_f0.01,kc_delta,2,419,600,-600.0,False,43
scale_f0.01,kc_delta,2,420,469,-458.0,True,39
scale_f0.01,kc_delta,2,421,107,-96.0,True,24
scale_f0.01,kc_delta,2,422,52,-41.0,True,23
scale_f0.01,kc_delta,2,423,26,-15.0,True,10
scale_f0.01,kc_delta,2,424,27,-16.0,True,21
scale_f0.01,kc_delta,2,425,4,7.0,True,2
scale_f0.01,kc_delta,2,426,600,-600.0,False,43
scale_f0.01,kc_delta,2,427,600,-600.0,False,49
scale_f0.01,kc_delta,2,428,600,-600.0,False,51
scale_f0.01,kc_delta,2,429,20,-9.0,True,10
scale_f0.01,kc_delta,2,430,28,-17.0,True,12
scale_f0.01,kc_delta,2,431,33,-22.0,True,21
scale_f0.01,kc_delta,2,432,600,-600.0,False,42
scale_f0.01,kc_delta,2,433,600,-600.0,False,54
scale_f0.01,kc_delta,2,434,600,-600.0,False,43
scale_f0.01,kc_delta,2,435,600,-600.0,False,53
scale_f0.01,kc_delta,2,436,60,-49.0,True,17
scale_f0.01,kc_delta,2,437,5,6.0,True,2
scale_f0.01,kc_delta,2,438,600,-600.0,False,55
scale_f0.01,kc_delta,2,439,54,-43.0,True,25
scale_f0.01,kc_delta,2,440,19,-8.0,True,18
scale_f0.01,kc_delta,2,441,43,-32.0,True,16
scale_f0.01,kc_delta,2,442,41,-30.0,True,27
scale_f0.01,kc_delta,2,443,32,-21.0,True,20
scale_f0.01,kc_delta,2,444,600,-600.0,False,46
scale_f0.01,kc_delta,2,445,600,-600.0,False,44
scale_f0.01,kc_delta,2,446,25,-14.0,True,15
scale_f0.01,kc_delta,2,447,600,-600.0,False,47
scale_f0.01,kc_delta,2,448,600,-600.0,False,34
scale_f0.01,kc_delta,2,449,600,-600.0,False,56
scale_f0.01,kc_delta,2,450,244,-233.0,True,35
scale_f0.01,kc_delta,2,451,600,-600.0,False,54
scale_f0.01,kc_delta,2,452,600,-600.0,False,41
scale_f0.01,kc_delta,2,453,600,-600.0,False,57
scale_f0.01,kc_delta,2,454,600,-600.0,False,46
scale_f0.01,kc_delta,2,455,24,-13.0,True,20
scale_f0.01,kc_delta,2,456,18,-7.0,True,16
scale_f0.01,kc_delta,2,457,600,-600.0,False,59
scale_f0.01,kc_delta,2,458,600,-600.0,False,51
scale_f0.01,kc_delta,2,459,600,-600.0,False,49
scale_f0.01,kc_delta,2,460,142,-131.0,True,36
scale_f0.01,kc_delta,2,461,20,-9.0,True,7
scale_f0.01,kc_delta,2,462,127,-116.0,True,28
scale_f0.01,kc_delta,2,463,600,-600.0,False,54
scale_f0.01,kc_delta,2,464,600,-600.0,False,54
scale_f0.01,kc_delta,2,465,27,-16.0,True,18
scale_f0.01,kc_delta,2,466,32,-21.0,True,27
scale_f0.01,kc_delta,2,467,36,-25.0,True,28
scale_f0.01,kc_delta,2,468,600,-600.0,False,45
scale_f0.01,kc_delta,2,469,600,-600.0,False,49
scale_f0.01,kc_delta,2,470,33,-22.0,True,19
scale_f0.01,kc_delta,2,471,600,-600.0,False,57
scale_f0.01,kc_delta,2,472,18,-7.0,True,12
scale_f0.01,kc_delta,2,473,74,-63.0,True,26
scale_f0.01,kc_delta,2,474,17,-6.0,True,17
scale_f0.01,kc_delta,2,475,600,-600.0,False,31
scale_f0.01,kc_delta,2,476,600,-600.0,False,53
scale_f0.01,kc_delta,2,477,70,-59.0,True,26
scale_f0.01,kc_delta,2,478,600,-600.0,False,45
scale_f0.01,kc_delta,2,479,220,-209.0,True,34
scale_f0.01,kc_delta,2,480,600,-600.0,False,29
scale_f0.01,kc_delta,2,481,12,-1.0,True,10
scale_f0.01,kc_delta,2,482,600,-600.0,False,32
scale_f0.01,kc_delta,2,483,119,-108.0,True,27
scale_f0.01,kc_delta,2,484,600,-600.0,False,55
scale_f0.01,kc_delta,2,485,15,-4.0,True,8
scale_f0.01,kc_delta,2,486,58,-47.0,True,21
scale_f0.01,kc_delta,2,487,600,-600.0,False,47
scale_f0.01,kc_delta,2,488,600,-600.0,False,51
scale_f0.01,kc_delta,2,489,10,1.0,True,10
scale_f0.01,kc_delta,2,490,34,-23.0,True,22
scale_f0.01,kc_delta,2,491,6,5.0,True,6
scale_f0.01,kc_delta,2,492,600,-600.0,False,34
scale_f0.01,kc_delta,2,493,69,-58.0,True,28
scale_f0.01,kc_delta,2,494,600,-600.0,False,42
scale_f0.01,kc_delta,2,495,600,-600.0,False,50
scale_f0.01,kc_delta,2,496,9,2.0,True,9
scale_f0.01,kc_delta,2,497,21,-10.0,True,15
scale_f0.01,kc_delta,2,498,600,-600.0,False,48
scale_f0.01,kc_delta,2,499,93,-82.0,True,33
scale_f0.01,kc_delta,2,500,600,-600.0,False,54
scale_f0.01,kc_delta,2,501,34,-23.0,True,21
scale_f0.01,kc_delta,2,502,95,-84.0,True,25
scale_f0.01,kc_delta,2,503,600,-600.0,False,35
scale_f0.01,kc_delta,2,504,27,-16.0,True,21
scale_f0.01,kc_delta,2,505,600,-600.0,False,56
scale_f0.01,kc_delta,2,506,73,-62.0,True,30
scale_f0.01,kc_delta,2,507,600,-600.0,False,47
scale_f0.01,kc_delta,2,508,120,-109.0,True,32
scale_f0.01,kc_delta,2,509,108,-97.0,True,28
scale_f0.01,kc_delta,2,510,29,-18.0,True,19
scale_f0.01,kc_delta,2,511,600,-600.0,False,42
scale_f0.01,kc_delta,2,512,600,-600.0,False,56
scale_f0.01,kc_delta,2,513,600,-600.0,False,53
scale_f0.01,kc_delta,2,514,369,-358.0,True,40
scale_f0.01,kc_delta,2,515,600,-600.0,False,48
scale_f0.01,kc_delta,2,516,40,-29.0,True,26
scale_f0.01,kc_delta,2,517,600,-600.0,False,52
scale_f0.01,kc_delta,2,518,39,-28.0,True,26
scale_f0.01,kc_delta,2,519,32,-21.0,True,17
scale_f0.01,kc_delta,2,520,64,-53.0,True,33
scale_f0.01,kc_delta,2,521,600,-600.0,False,55
scale_f0.01,kc_delta,2,522,600,-600.0,False,47
scale_f0.01,kc_delta,2,523,45,-34.0,True,23
scale_f0.01,kc_delta,2,524,21,-10.0,True,19
scale_f0.01,kc_delta,2,525,600,-600.0,False,34
scale_f0.01,kc_delta,2,526,9,2.0,True,7
scale_f0.01,kc_delta,2,527,600,-600.0,False,55
scale_f0.01,kc_delta,2,528,24,-13.0,True,21
scale_f0.01,kc_delta,2,529,600,-600.0,False,57
scale_f0.01,kc_delta,2,530,600,-600.0,False,53
scale_f0.01,kc_delta,2,531,600,-600.0,False,52
scale_f0.01,kc_delta,2,532,112,-101.0,True,34
scale_f0.01,kc_delta,2,533,46,-35.0,True,25
scale_f0.01,kc_delta,2,534,7,4.0,True,7
scale_f0.01,kc_delta,2,535,108,-97.0,True,24
scale_f0.01,kc_delta,2,536,39,-28.0,True,34
scale_f0.01,kc_delta,2,537,600,-600.0,False,56
scale_f0.01,kc_delta,2,538,27,-16.0,True,20
scale_f0.01,kc_delta,2,539,600,-600.0,False,33
scale_f0.01,kc_delta,2,540,600,-600.0,False,46
scale_f0.01,kc_delta,2,541,7,4.0,True,5
scale_f0.01,kc_delta,2,542,77,-66.0,True,21
scale_f0.01,kc_delta,2,543,71,-60.0,True,23
scale_f0.01,kc_delta,2,544,50,-39.0,True,32
scale_f0.01,kc_delta,2,545,22,-11.0,True,19
scale_f0.01,kc_delta,2,546,85,-74.0,True,32
scale_f0.01,kc_delta,2,547,600,-600.0,False,50
scale_f0.01,kc_delta,2,548,600,-600.0,False,52
scale_f0.01,kc_delta,2,549,185,-174.0,True,33
scale_f0.01,kc_delta,2,550,600,-600.0,False,52
scale_f0.01,kc_delta,2,551,20,-9.0,True,15
scale_f0.01,kc_delta,2,552,600,-600.0,False,34
scale_f0.01,kc_delta,2,553,600,-600.0,False,38
scale_f0.01,kc_delta,2,554,600,-600.0,False,39
scale_f0.01,kc_delta,2,555,600,-600.0,False,49
scale_f0.01,kc_delta,2,556,158,-147.0,True,27
scale_f0.01,kc_delta,2,557,15,-4.0,True,10
scale_f0.01,kc_delta,2,558,600,-600.0,False,51
scale_f0.01,kc_delta,2,559,600,-600.0,False,54
scale_f0.01,kc_delta,2,560,80,-69.0,True,35
scale_f0.01,kc_delta,2,561,600,-600.0,False,44
scale_f0.01,kc_delta,2,562,600,-600.0,False,52
scale_f0.01,kc_delta,2,563,81,-70.0,True,35
scale_f0.01,kc_delta,2,564,14,-3.0,True,13
scale_f0.01,kc_delta,2,565,600,-600.0,False,34
scale_f0.01,kc_delta,2,566,154,-143.0,True,31
scale_f0.01,kc_delta,2,567,600,-600.0,False,40
scale_f0.01,kc_delta,2,568,43,-32.0,True,30
scale_f0.01,kc_delta,2,569,600,-600.0,False,52
scale_f0.01,kc_delta,2,570,600,-600.0,False,56
scale_f0.01,kc_delta,2,571,600,-600.0,False,54
scale_f0.01,kc_delta,2,572,600,-600.0,False,48
scale_f0.01,kc_delta,2,573,600,-600.0,False,52
scale_f0.01,kc_delta,2,574,31,-20.0,True,26
scale_f0.01,kc_delta,2,575,600,-600.0,False,45
scale_f0.01,kc_delta,2,576,600,-600.0,False,54
scale_f0.01,kc_delta,2,577,60,-49.0,True,20
scale_f0.01,kc_delta,2,578,600,-600.0,False,44
scale_f0.01,kc_delta,2,579,600,-600.0,False,44
scale_f0.01,kc_delta,2,580,600,-600.0,False,58
scale_f0.01,kc_delta,2,581,1,10.0,True,1
scale_f0.01,kc_delta,2,582,27,-16.0,True,20
scale_f0.01,kc_delta,2,583,600,-600.0,False,55
scale_f0.01,kc_delta,2,584,31,-20.0,True,25
scale_f0.01,kc_delta,2,585,29,-18.0,True,17
scale_f0.01,kc_delta,2,586,600,-600.0,False,54
scale_f0.01,kc_delta,2,587,46,-35.0,True,31
scale_f0.01,kc_delta,2,588,600,-600.0,False,40
scale_f0.01,kc_delta,2,589,600,-600.0,False,42
scale_f0.01,kc_delta,2,590,600,-600.0,False,44
scale_f0.01,kc_delta,2,591,600,-600.0,False,41
scale_f0.01,kc_delta,2,592,600,-600.0,False,50
scale_f0.01,kc_delta,2,593,600,-600.0,False,55
scale_f0.01,kc_delta,2,594,26,-15.0,True,21
scale_f0.01,kc_delta,2,595,600,-600.0,False,46
scale_f0.01,kc_delta,2,596,600,-600.0,False,41
scale_f0.01,kc_delta,2,597,55,-44.0,True,30
scale_f0.01,kc_delta,2,598,56,-45.0,True,26
scale_f0.01,kc_delta,2,599,600,-600.0,False,55
scale_f0.01,rand_delta,2,0,600,-600.0,False,19
scale_f0.01,rand_delta,2,1,600,-600.0,False,40
scale_f0.01,rand_delta,2,2,366,-355.0,True,14
scale_f0.01,rand_delta,2,3,327,-316.0,True,30
scale_f0.01,rand_delta,2,4,600,-600.0,False,57
scale_f0.01,rand_delta,2,5,26,-15.0,True,19
scale_f0.01,rand_delta,2,6,307,-296.0,True,15
scale_f0.01,rand_delta,2,7,564,-553.0,True,41
scale_f0.01,rand_delta,2,8,15,-4.0,True,13
scale_f0.01,rand_delta,2,9,137,-126.0,True,35
scale_f0.01,rand_delta,2,10,600,-600.0,False,45
scale_f0.01,rand_delta,2,11,68,-57.0,True,20
scale_f0.01,rand_delta,2,12,29,-18.0,True,29
scale_f0.01,rand_delta,2,13,600,-600.0,False,52
scale_f0.01,rand_delta,2,14,329,-318.0,True,21
scale_f0.01,rand_delta,2,15,600,-600.0,False,52
scale_f0.01,rand_delta,2,16,22,-11.0,True,8
scale_f0.01,rand_delta,2,17,35,-24.0,True,25
scale_f0.01,rand_delta,2,18,14,-3.0,True,13
scale_f0.01,rand_delta,2,19,349,-338.0,True,23
scale_f0.01,rand_delta,2,20,175,-164.0,True,24
scale_f0.01,rand_delta,2,21,600,-600.0,False,58
scale_f0.01,rand_delta,2,22,284,-273.0,True,30
scale_f0.01,rand_delta,2,23,423,-412.0,True,32
scale_f0.01,rand_delta,2,24,4,7.0,True,4
scale_f0.01,rand_delta,2,25,100,-89.0,True,27
scale_f0.01,rand_delta,2,26,78,-67.0,True,22
scale_f0.01,rand_delta,2,27,4,7.0,True,4
scale_f0.01,rand_delta,2,28,142,-131.0,True,24
scale_f0.01,rand_delta,2,29,600,-600.0,False,34
scale_f0.01,rand_delta,2,30,48,-37.0,True,20
scale_f0.01,rand_delta,2,31,600,-600.0,False,40
scale_f0.01,rand_delta,2,32,600,-600.0,False,34
scale_f0.01,rand_delta,2,33,600,-600.0,False,54
scale_f0.01,rand_delta,2,34,600,-600.0,False,53
scale_f0.01,rand_delta,2,35,92,-81.0,True,11
scale_f0.01,rand_delta,2,36,38,-27.0,True,17
scale_f0.01,rand_delta,2,37,600,-600.0,False,45
scale_f0.01,rand_delta,2,38,600,-600.0,False,48
scale_f0.01,rand_delta,2,39,600,-600.0,False,37
scale_f0.01,rand_delta,2,40,219,-208.0,True,29
scale_f0.01,rand_delta,2,41,237,-226.0,True,33
scale_f0.01,rand_delta,2,42,600,-600.0,False,50
scale_f0.01,rand_delta,2,43,16,-5.0,True,16
scale_f0.01,rand_delta,2,44,411,-400.0,True,31
scale_f0.01,rand_delta,2,45,463,-452.0,True,37
scale_f0.01,rand_delta,2,46,37,-26.0,True,24
scale_f0.01,rand_delta,2,47,600,-600.0,False,45
scale_f0.01,rand_delta,2,48,52,-41.0,True,30
scale_f0.01,rand_delta,2,49,600,-600.0,False,35
scale_f0.01,rand_delta,2,50,600,-600.0,False,34
scale_f0.01,rand_delta,2,51,600,-600.0,False,51
scale_f0.01,rand_delta,2,52,600,-600.0,False,39
scale_f0.01,rand_delta,2,53,600,-600.0,False,46
scale_f0.01,rand_delta,2,54,26,-15.0,True,19
scale_f0.01,rand_delta,2,55,600,-600.0,False,42
scale_f0.01,rand_delta,2,56,600,-600.0,False,55
scale_f0.01,rand_delta,2,57,600,-600.0,False,44
scale_f0.01,rand_delta,2,58,600,-600.0,False,40
scale_f0.01,rand_delta,2,59,495,-484.0,True,29
scale_f0.01,rand_delta,2,60,600,-600.0,False,46
scale_f0.01,rand_delta,2,61,19,-8.0,True,15
scale_f0.01,rand_delta,2,62,22,-11.0,True,22
scale_f0.01,rand_delta,2,63,600,-600.0,False,59
scale_f0.01,rand_delta,2,64,292,-281.0,True,28
scale_f0.01,rand_delta,2,65,600,-600.0,False,34
scale_f0.01,rand_delta,2,66,253,-242.0,True,29
scale_f0.01,rand_delta,2,67,600,-600.0,False,39
scale_f0.01,rand_delta,2,68,600,-600.0,False,44
scale_f0.01,rand_delta,2,69,23,-12.0,True,19
scale_f0.01,rand_delta,2,70,427,-416.0,True,30
scale_f0.01,rand_delta,2,71,600,-600.0,False,44
scale_f0.01,rand_delta,2,72,40,-29.0,True,20
scale_f0.01,rand_delta,2,73,31,-20.0,True,31
scale_f0.01,rand_delta,2,74,600,-600.0,False,56
scale_f0.01,rand_delta,2,75,19,-8.0,True,19
scale_f0.01,rand_delta,2,76,276,-265.0,True,28
scale_f0.01,rand_delta,2,77,600,-600.0,False,37
scale_f0.01,rand_delta,2,78,600,-600.0,False,37
scale_f0.01,rand_delta,2,79,52,-41.0,True,32
scale_f0.01,rand_delta,2,80,600,-600.0,False,39
scale_f0.01,rand_delta,2,81,24,-13.0,True,20
scale_f0.01,rand_delta,2,82,600,-600.0,False,45
scale_f0.01,rand_delta,2,83,26,-15.0,True,24
scale_f0.01,rand_delta,2,84,600,-600.0,False,45
scale_f0.01,rand_delta,2,85,11,0.0,True,11
scale_f0.01,rand_delta,2,86,600,-600.0,False,48
scale_f0.01,rand_delta,2,87,38,-27.0,True,20
scale_f0.01,rand_delta,2,88,20,-9.0,True,20
scale_f0.01,rand_delta,2,89,24,-13.0,True,24
scale_f0.01,rand_delta,2,90,600,-600.0,False,54
scale_f0.01,rand_delta,2,91,600,-600.0,False,37
scale_f0.01,rand_delta,2,92,600,-600.0,False,34
scale_f0.01,rand_delta,2,93,600,-600.0,False,45
scale_f0.01,rand_delta,2,94,7,4.0,True,7
scale_f0.01,rand_delta,2,95,23,-12.0,True,21
scale_f0.01,rand_delta,2,96,600,-600.0,False,37
scale_f0.01,rand_delta,2,97,600,-600.0,False,46
scale_f0.01,rand_delta,2,98,600,-600.0,False,41
scale_f0.01,rand_delta,2,99,600,-600.0,False,44
scale_f0.01,rand_delta,2,100,600,-600.0,False,35
scale_f0.01,rand_delta,2,101,600,-600.0,False,44
scale_f0.01,rand_delta,2,102,600,-600.0,False,40
scale_f0.01,rand_delta,2,103,600,-600.0,False,48
scale_f0.01,rand_delta,2,104,17,-6.0,True,17
scale_f0.01,rand_delta,2,105,600,-600.0,False,44
scale_f0.01,rand_delta,2,106,600,-600.0,False,54
scale_f0.01,rand_delta,2,107,70,-59.0,True,31
scale_f0.01,rand_delta,2,108,600,-600.0,False,58
scale_f0.01,rand_delta,2,109,600,-600.0,False,50
scale_f0.01,rand_delta,2,110,600,-600.0,False,44
scale_f0.01,rand_delta,2,111,600,-600.0,False,45
scale_f0.01,rand_delta,2,112,423,-412.0,True,30
scale_f0.01,rand_delta,2,113,600,-600.0,False,45
scale_f0.01,rand_delta,2,114,336,-325.0,True,36
scale_f0.01,rand_delta,2,115,600,-600.0,False,45
scale_f0.01,rand_delta,2,116,34,-23.0,True,25
scale_f0.01,rand_delta,2,117,600,-600.0,False,41
scale_f0.01,rand_delta,2,118,600,-600.0,False,39
scale_f0.01,rand_delta,2,119,85,-74.0,True,40
scale_f0.01,rand_delta,2,120,27,-16.0,True,18
scale_f0.01,rand_delta,2,121,20,-9.0,True,20
scale_f0.01,rand_delta,2,122,600,-600.0,False,41
scale_f0.01,rand_delta,2,123,600,-600.0,False,34
scale_f0.01,rand_delta,2,124,600,-600.0,False,50
scale_f0.01,rand_delta,2,125,6,5.0,True,6
scale_f0.01,rand_delta,2,126,8,3.0,True,8
scale_f0.01,rand_delta,2,127,600,-600.0,False,54
scale_f0.01,rand_delta,2,128,600,-600.0,False,38
scale_f0.01,rand_delta,2,129,25,-14.0,True,25
scale_f0.01,rand_delta,2,130,600,-600.0,False,31
scale_f0.01,rand_delta,2,131,600,-600.0,False,31
scale_f0.01,rand_delta,2,132,7,4.0,True,7
scale_f0.01,rand_delta,2,133,54,-43.0,True,40
scale_f0.01,rand_delta,2,134,600,-600.0,False,30
scale_f0.01,rand_delta,2,135,36,-25.0,True,13
scale_f0.01,rand_delta,2,136,600,-600.0,False,43
scale_f0.01,rand_delta,2,137,600,-600.0,False,46
scale_f0.01,rand_delta,2,138,600,-600.0,False,53
scale_f0.01,rand_delta,2,139,600,-600.0,False,32
scale_f0.01,rand_delta,2,140,21,-10.0,True,19
scale_f0.01,rand_delta,2,141,21,-10.0,True,21
scale_f0.01,rand_delta,2,142,600,-600.0,False,54
scale_f0.01,rand_delta,2,143,11,0.0,True,8
scale_f0.01,rand_delta,2,144,600,-600.0,False,48
scale_f0.01,rand_delta,2,145,70,-59.0,True,24
scale_f0.01,rand_delta,2,146,600,-600.0,False,37
scale_f0.01,rand_delta,2,147,600,-600.0,False,56
scale_f0.01,rand_delta,2,148,12,-1.0,True,12
scale_f0.01,rand_delta,2,149,600,-600.0,False,39
scale_f0.01,rand_delta,2,150,600,-600.0,False,33
scale_f0.01,rand_delta,2,151,29,-18.0,True,26
scale_f0.01,rand_delta,2,152,600,-600.0,False,54
scale_f0.01,rand_delta,2,153,600,-600.0,False,38
scale_f0.01,rand_delta,2,154,600,-600.0,False,37
scale_f0.01,rand_delta,2,155,171,-160.0,True,26
scale_f0.01,rand_delta,2,156,14,-3.0,True,14
scale_f0.01,rand_delta,2,157,600,-600.0,False,52
scale_f0.01,rand_delta,2,158,21,-10.0,True,21
scale_f0.01,rand_delta,2,159,17,-6.0,True,10
scale_f0.01,rand_delta,2,160,600,-600.0,False,35
scale_f0.01,rand_delta,2,161,14,-3.0,True,14
scale_f0.01,rand_delta,2,162,48,-37.0,True,21
scale_f0.01,rand_delta,2,163,17,-6.0,True,17
scale_f0.01,rand_delta,2,164,13,-2.0,True,13
scale_f0.01,rand_delta,2,165,39,-28.0,True,25
scale_f0.01,rand_delta,2,166,600,-600.0,False,54
scale_f0.01,rand_delta,2,167,27,-16.0,True,25
scale_f0.01,rand_delta,2,168,600,-600.0,False,53
scale_f0.01,rand_delta,2,169,37,-26.0,True,17
scale_f0.01,rand_delta,2,170,600,-600.0,False,51
scale_f0.01,rand_delta,2,171,600,-600.0,False,54
scale_f0.01,rand_delta,2,172,32,-21.0,True,28
scale_f0.01,rand_delta,2,173,600,-600.0,False,38
scale_f0.01,rand_delta,2,174,19,-8.0,True,19
scale_f0.01,rand_delta,2,175,103,-92.0,True,38
scale_f0.01,rand_delta,2,176,17,-6.0,True,17
scale_f0.01,rand_delta,2,177,600,-600.0,False,41
scale_f0.01,rand_delta,2,178,600,-600.0,False,58
scale_f0.01,rand_delta,2,179,600,-600.0,False,43
scale_f0.01,rand_delta,2,180,600,-600.0,False,47
scale_f0.01,rand_delta,2,181,14,-3.0,True,14
scale_f0.01,rand_delta,2,182,45,-34.0,True,25
scale_f0.01,rand_delta,2,183,600,-600.0,False,47
scale_f0.01,rand_delta,2,184,30,-19.0,True,29
scale_f0.01,rand_delta,2,185,20,-9.0,True,20
scale_f0.01,rand_delta,2,186,600,-600.0,False,47
scale_f0.01,rand_delta,2,187,600,-600.0,False,51
scale_f0.01,rand_delta,2,188,600,-600.0,False,43
scale_f0.01,rand_delta,2,189,600,-600.0,False,30
scale_f0.01,rand_delta,2,190,600,-600.0,False,49
scale_f0.01,rand_delta,2,191,600,-600.0,False,33
scale_f0.01,rand_delta,2,192,20,-9.0,True,19
scale_f0.01,rand_delta,2,193,190,-179.0,True,26
scale_f0.01,rand_delta,2,194,600,-600.0,False,56
scale_f0.01,rand_delta,2,195,600,-600.0,False,36
scale_f0.01,rand_delta,2,196,56,-45.0,True,31
scale_f0.01,rand_delta,2,197,126,-115.0,True,29
scale_f0.01,rand_delta,2,198,600,-600.0,False,50
scale_f0.01,rand_delta,2,199,600,-600.0,False,38
scale_f0.01,rand_delta,2,200,600,-600.0,False,55
scale_f0.01,rand_delta,2,201,25,-14.0,True,24
scale_f0.01,rand_delta,2,202,31,-20.0,True,30
scale_f0.01,rand_delta,2,203,22,-11.0,True,21
scale_f0.01,rand_delta,2,204,46,-35.0,True,30
scale_f0.01,rand_delta,2,205,24,-13.0,True,23
scale_f0.01,rand_delta,2,206,9,2.0,True,9
scale_f0.01,rand_delta,2,207,600,-600.0,False,33
scale_f0.01,rand_delta,2,208,27,-16.0,True,11
scale_f0.01,rand_delta,2,209,600,-600.0,False,57
scale_f0.01,rand_delta,2,210,22,-11.0,True,20
scale_f0.01,rand_delta,2,211,600,-600.0,False,36
scale_f0.01,rand_delta,2,212,10,1.0,True,9
scale_f0.01,rand_delta,2,213,600,-600.0,False,53
scale_f0.01,rand_delta,2,214,19,-8.0,True,19
scale_f0.01,rand_delta,2,215,600,-600.0,False,51
scale_f0.01,rand_delta,2,216,17,-6.0,True,17
scale_f0.01,rand_delta,2,217,61,-50.0,True,23
scale_f0.01,rand_delta,2,218,600,-600.0,False,51
scale_f0.01,rand_delta,2,219,600,-600.0,False,39
scale_f0.01,rand_delta,2,220,6,5.0,True,5
scale_f0.01,rand_delta,2,221,26,-15.0,True,22
scale_f0.01,rand_delta,2,222,325,-314.0,True,32
scale_f0.01,rand_delta,2,223,600,-600.0,False,40
scale_f0.01,rand_delta,2,224,130,-119.0,True,28
scale_f0.01,rand_delta,2,225,144,-133.0,True,38
scale_f0.01,rand_delta,2,226,600,-600.0,False,55
scale_f0.01,rand_delta,2,227,600,-600.0,False,45
scale_f0.01,rand_delta,2,228,48,-37.0,True,37
scale_f0.01,rand_delta,2,229,9,2.0,True,6
scale_f0.01,rand_delta,2,230,14,-3.0,True,13
scale_f0.01,rand_delta,2,231,600,-600.0,False,43
scale_f0.01,rand_delta,2,232,600,-600.0,False,41
scale_f0.01,rand_delta,2,233,3,8.0,True,3
scale_f0.01,rand_delta,2,234,20,-9.0,True,20
scale_f0.01,rand_delta,2,235,600,-600.0,False,41
scale_f0.01,rand_delta,2,236,600,-600.0,False,55
scale_f0.01,rand_delta,2,237,44,-33.0,True,30
scale_f0.01,rand_delta,2,238,26,-15.0,True,23
scale_f0.01,rand_delta,2,239,44,-33.0,True,32
scale_f0.01,rand_delta,2,240,22,-11.0,True,17
scale_f0.01,rand_delta,2,241,24,-13.0,True,23
scale_f0.01,rand_delta,2,242,600,-600.0,False,45
scale_f0.01,rand_delta,2,243,27,-16.0,True,24
scale_f0.01,rand_delta,2,244,600,-600.0,False,53
scale_f0.01,rand_delta,2,245,35,-24.0,True,35
scale_f0.01,rand_delta,2,246,5,6.0,True,5
scale_f0.01,rand_delta,2,247,600,-600.0,False,45
scale_f0.01,rand_delta,2,248,600,-600.0,False,49
scale_f0.01,rand_delta,2,249,600,-600.0,False,39
scale_f0.01,rand_delta,2,250,31,-20.0,True,30
scale_f0.01,rand_delta,2,251,31,-20.0,True,24
scale_f0.01,rand_delta,2,252,600,-600.0,False,48
scale_f0.01,rand_delta,2,253,361,-350.0,True,35
scale_f0.01,rand_delta,2,254,600,-600.0,False,46
scale_f0.01,rand_delta,2,255,21,-10.0,True,20
scale_f0.01,rand_delta,2,256,600,-600.0,False,54
scale_f0.01,rand_delta,2,257,600,-600.0,False,48
scale_f0.01,rand_delta,2,258,600,-600.0,False,53
scale_f0.01,rand_delta,2,259,173,-162.0,True,37
scale_f0.01,rand_delta,2,260,184,-173.0,True,49
scale_f0.01,rand_delta,2,261,600,-600.0,False,52
scale_f0.01,rand_delta,2,262,19,-8.0,True,16
scale_f0.01,rand_delta,2,263,19,-8.0,True,19
scale_f0.01,rand_delta,2,264,9,2.0,True,8
scale_f0.01,rand_delta,2,265,600,-600.0,False,46
scale_f0.01,rand_delta,2,266,600,-600.0,False,32
scale_f0.01,rand_delta,2,267,19,-8.0,True,18
scale_f0.01,rand_delta,2,268,35,-24.0,True,34
scale_f0.01,rand_delta,2,269,18,-7.0,True,15
scale_f0.01,rand_delta,2,270,29,-18.0,True,28
scale_f0.01,rand_delta,2,271,17,-6.0,True,16
scale_f0.01,rand_delta,2,272,124,-113.0,True,34
scale_f0.01,rand_delta,2,273,600,-600.0,False,41
scale_f0.01,rand_delta,2,274,600,-600.0,False,53
scale_f0.01,rand_delta,2,275,149,-138.0,True,39
scale_f0.01,rand_delta,2,276,27,-16.0,True,25
scale_f0.01,rand_delta,2,277,600,-600.0,False,42
scale_f0.01,rand_delta,2,278,44,-33.0,True,38
scale_f0.01,rand_delta,2,279,26,-15.0,True,24
scale_f0.01,rand_delta,2,280,600,-600.0,False,59
scale_f0.01,rand_delta,2,281,90,-79.0,True,33
scale_f0.01,rand_delta,2,282,28,-17.0,True,22
scale_f0.01,rand_delta,2,283,32,-21.0,True,30
scale_f0.01,rand_delta,2,284,600,-600.0,False,57
scale_f0.01,rand_delta,2,285,7,4.0,True,6
scale_f0.01,rand_delta,2,286,149,-138.0,True,36
scale_f0.01,rand_delta,2,287,9,2.0,True,9
scale_f0.01,rand_delta,2,288,19,-8.0,True,19
scale_f0.01,rand_delta,2,289,600,-600.0,False,47
scale_f0.01,rand_delta,2,290,26,-15.0,True,26
scale_f0.01,rand_delta,2,291,14,-3.0,True,13
scale_f0.01,rand_delta,2,292,600,-600.0,False,55
scale_f0.01,rand_delta,2,293,600,-600.0,False,43
scale_f0.01,rand_delta,2,294,600,-600.0,False,54
scale_f0.01,rand_delta,2,295,32,-21.0,True,21
scale_f0.01,rand_delta,2,296,600,-600.0,False,53
scale_f0.01,rand_delta,2,297,16,-5.0,True,15
scale_f0.01,rand_delta,2,298,2,9.0,True,2
scale_f0.01,rand_delta,2,299,600,-600.0,False,43
scale_f0.01,rand_delta,2,300,600,-600.0,False,43
scale_f0.01,rand_delta,2,301,600,-600.0,False,53
scale_f0.01,rand_delta,2,302,600,-600.0,False,55
scale_f0.01,rand_delta,2,303,600,-600.0,False,39
scale_f0.01,rand_delta,2,304,31,-20.0,True,30
scale_f0.01,rand_delta,2,305,600,-600.0,False,49
scale_f0.01,rand_delta,2,306,28,-17.0,True,24
scale_f0.01,rand_delta,2,307,17,-6.0,True,17
scale_f0.01,rand_delta,2,308,600,-600.0,False,37
scale_f0.01,rand_delta,2,309,43,-32.0,True,38
scale_f0.01,rand_delta,2,310,600,-600.0,False,56
scale_f0.01,rand_delta,2,311,600,-600.0,False,47
scale_f0.01,rand_delta,2,312,600,-600.0,False,51
scale_f0.01,rand_delta,2,313,192,-181.0,True,36
scale_f0.01,rand_delta,2,314,600,-600.0,False,54
scale_f0.01,rand_delta,2,315,11,0.0,True,11
scale_f0.01,rand_delta,2,316,17,-6.0,True,8
scale_f0.01,rand_delta,2,317,15,-4.0,True,14
scale_f0.01,rand_delta,2,318,255,-244.0,True,47
scale_f0.01,rand_delta,2,319,600,-600.0,False,37
scale_f0.01,rand_delta,2,320,23,-12.0,True,19
scale_f0.01,rand_delta,2,321,600,-600.0,False,45
scale_f0.01,rand_delta,2,322,15,-4.0,True,12
scale_f0.01,rand_delta,2,323,216,-205.0,True,33
scale_f0.01,rand_delta,2,324,192,-181.0,True,39
scale_f0.01,rand_delta,2,325,600,-600.0,False,43
scale_f0.01,rand_delta,2,326,35,-24.0,True,29
scale_f0.01,rand_delta,2,327,600,-600.0,False,50
scale_f0.01,rand_delta,2,328,600,-600.0,False,39
scale_f0.01,rand_delta,2,329,600,-600.0,False,40
scale_f0.01,rand_delta,2,330,33,-22.0,True,33
scale_f0.01,rand_delta,2,331,600,-600.0,False,44
scale_f0.01,rand_delta,2,332,600,-600.0,False,41
scale_f0.01,rand_delta,2,333,7,4.0,True,7
scale_f0.01,rand_delta,2,334,600,-600.0,False,52
scale_f0.01,rand_delta,2,335,600,-600.0,False,54
scale_f0.01,rand_delta,2,336,29,-18.0,True,28
scale_f0.01,rand_delta,2,337,17,-6.0,True,15
scale_f0.01,rand_delta,2,338,19,-8.0,True,17
scale_f0.01,rand_delta,2,339,18,-7.0,True,17
scale_f0.01,rand_delta,2,340,600,-600.0,False,52
scale_f0.01,rand_delta,2,341,11,0.0,True,10
scale_f0.01,rand_delta,2,342,29,-18.0,True,22
scale_f0.01,rand_delta,2,343,21,-10.0,True,19
scale_f0.01,rand_delta,2,344,6,5.0,True,6
scale_f0.01,rand_delta,2,345,31,-20.0,True,29
scale_f0.01,rand_delta,2,346,33,-22.0,True,31
scale_f0.01,rand_delta,2,347,38,-27.0,True,33
scale_f0.01,rand_delta,2,348,600,-600.0,False,53
scale_f0.01,rand_delta,2,349,600,-600.0,False,59
scale_f0.01,rand_delta,2,350,26,-15.0,True,14
scale_f0.01,rand_delta,2,351,35,-24.0,True,35
scale_f0.01,rand_delta,2,352,600,-600.0,False,52
scale_f0.01,rand_delta,2,353,265,-254.0,True,46
scale_f0.01,rand_delta,2,354,600,-600.0,False,40
scale_f0.01,rand_delta,2,355,11,0.0,True,9
scale_f0.01,rand_delta,2,356,11,0.0,True,9
scale_f0.01,rand_delta,2,357,600,-600.0,False,40
scale_f0.01,rand_delta,2,358,7,4.0,True,7
scale_f0.01,rand_delta,2,359,21,-10.0,True,16
scale_f0.01,rand_delta,2,360,12,-1.0,True,12
scale_f0.01,rand_delta,2,361,600,-600.0,False,54
scale_f0.01,rand_delta,2,362,600,-600.0,False,51
scale_f0.01,rand_delta,2,363,19,-8.0,True,13
scale_f0.01,rand_delta,2,364,600,-600.0,False,53
scale_f0.01,rand_delta,2,365,32,-21.0,True,25
scale_f0.01,rand_delta,2,366,600,-600.0,False,46
scale_f0.01,rand_delta,2,367,600,-600.0,False,38
scale_f0.01,rand_delta,2,368,40,-29.0,True,34
scale_f0.01,rand_delta,2,369,600,-600.0,False,47
scale_f0.01,rand_delta,2,370,12,-1.0,True,11
scale_f0.01,rand_delta,2,371,27,-16.0,True,20
scale_f0.01,rand_delta,2,372,600,-600.0,False,45
scale_f0.01,rand_delta,2,373,600,-600.0,False,44
scale_f0.01,rand_delta,2,374,50,-39.0,True,40
scale_f0.01,rand_delta,2,375,17,-6.0,True,13
scale_f0.01,rand_delta,2,376,3,8.0,True,3
scale_f0.01,rand_delta,2,377,600,-600.0,False,53
scale_f0.01,rand_delta,2,378,15,-4.0,True,13
scale_f0.01,rand_delta,2,379,600,-600.0,False,45
scale_f0.01,rand_delta,2,380,600,-600.0,False,44
scale_f0.01,rand_delta,2,381,600,-600.0,False,39
scale_f0.01,rand_delta,2,382,8,3.0,True,7
scale_f0.01,rand_delta,2,383,6,5.0,True,6
scale_f0.01,rand_delta,2,384,42,-31.0,True,25
scale_f0.01,rand_delta,2,385,36,-25.0,True,32
scale_f0.01,rand_delta,2,386,600,-600.0,False,44
scale_f0.01,rand_delta,2,387,21,-10.0,True,19
scale_f0.01,rand_delta,2,388,600,-600.0,False,43
scale_f0.01,rand_delta,2,389,29,-18.0,True,22
scale_f0.01,rand_delta,2,390,600,-600.0,False,32
scale_f0.01,rand_delta,2,391,22,-11.0,True,15
scale_f0.01,rand_delta,2,392,17,-6.0,True,15
scale_f0.01,rand_delta,2,393,313,-302.0,True,41
scale_f0.01,rand_delta,2,394,600,-600.0,False,46
scale_f0.01,rand_delta,2,395,35,-24.0,True,32
scale_f0.01,rand_delta,2,396,25,-14.0,True,24
scale_f0.01,rand_delta,2,397,600,-600.0,False,47
scale_f0.01,rand_delta,2,398,19,-8.0,True,17
scale_f0.01,rand_delta,2,399,600,-600.0,False,51
scale_f0.01,rand_delta,2,400,600,-600.0,False,47
scale_f0.01,rand_delta,2,401,600,-600.0,False,41
scale_f0.01,rand_delta,2,402,600,-600.0,False,56
scale_f0.01,rand_delta,2,403,28,-17.0,True,19
scale_f0.01,rand_delta,2,404,29,-18.0,True,25
scale_f0.01,rand_delta,2,405,30,-19.0,True,29
scale_f0.01,rand_delta,2,406,28,-17.0,True,25
scale_f0.01,rand_delta,2,407,2,9.0,True,2
scale_f0.01,rand_delta,2,408,8,3.0,True,8
scale_f0.01,rand_delta,2,409,600,-600.0,False,55
scale_f0.01,rand_delta,2,410,224,-213.0,True,42
scale_f0.01,rand_delta,2,411,26,-15.0,True,21
scale_f0.01,rand_delta,2,412,11,0.0,True,8
scale_f0.01,rand_delta,2,413,47,-36.0,True,44
scale_f0.01,rand_delta,2,414,52,-41.0,True,37
scale_f0.01,rand_delta,2,415,23,-12.0,True,21
scale_f0.01,rand_delta,2,416,25,-14.0,True,23
scale_f0.01,rand_delta,2,417,19,-8.0,True,15
scale_f0.01,rand_delta,2,418,600,-600.0,False,51
scale_f0.01,rand_delta,2,419,600,-600.0,False,43
scale_f0.01,rand_delta,2,420,600,-600.0,False,39
scale_f0.01,rand_delta,2,421,27,-16.0,True,24
scale_f0.01,rand_delta,2,422,26,-15.0,True,23
scale_f0.01,rand_delta,2,423,11,0.0,True,10
scale_f0.01,rand_delta,2,424,23,-12.0,True,21
scale_f0.01,rand_delta,2,425,2,9.0,True,2
scale_f0.01,rand_delta,2,426,600,-600.0,False,43
scale_f0.01,rand_delta,2,427,600,-600.0,False,49
scale_f0.01,rand_delta,2,428,600,-600.0,False,51
scale_f0.01,rand_delta,2,429,16,-5.0,True,10
scale_f0.01,rand_delta,2,430,12,-1.0,True,12
scale_f0.01,rand_delta,2,431,26,-15.0,True,21
scale_f0.01,rand_delta,2,432,600,-600.0,False,42
scale_f0.01,rand_delta,2,433,600,-600.0,False,54
scale_f0.01,rand_delta,2,434,600,-600.0,False,43
scale_f0.01,rand_delta,2,435,600,-600.0,False,53
scale_f0.01,rand_delta,2,436,18,-7.0,True,17
scale_f0.01,rand_delta,2,437,3,8.0,True,2
scale_f0.01,rand_delta,2,438,600,-600.0,False,55
scale_f0.01,rand_delta,2,439,30,-19.0,True,25
scale_f0.01,rand_delta,2,440,21,-10.0,True,18
scale_f0.01,rand_delta,2,441,16,-5.0,True,16
scale_f0.01,rand_delta,2,442,32,-21.0,True,27
scale_f0.01,rand_delta,2,443,28,-17.0,True,20
scale_f0.01,rand_delta,2,444,600,-600.0,False,46
scale_f0.01,rand_delta,2,445,600,-600.0,False,44
scale_f0.01,rand_delta,2,446,20,-9.0,True,15
scale_f0.01,rand_delta,2,447,600,-600.0,False,47
scale_f0.01,rand_delta,2,448,35,-24.0,True,34
scale_f0.01,rand_delta,2,449,600,-600.0,False,56
scale_f0.01,rand_delta,2,450,600,-600.0,False,35
scale_f0.01,rand_delta,2,451,600,-600.0,False,54
scale_f0.01,rand_delta,2,452,265,-254.0,True,41
scale_f0.01,rand_delta,2,453,600,-600.0,False,57
scale_f0.01,rand_delta,2,454,600,-600.0,False,46
scale_f0.01,rand_delta,2,455,40,-29.0,True,20
scale_f0.01,rand_delta,2,456,18,-7.0,True,16
scale_f0.01,rand_delta,2,457,600,-600.0,False,59
scale_f0.01,rand_delta,2,458,600,-600.0,False,51
scale_f0.01,rand_delta,2,459,600,-600.0,False,49
scale_f0.01,rand_delta,2,460,43,-32.0,True,36
scale_f0.01,rand_delta,2,461,16,-5.0,True,7
scale_f0.01,rand_delta,2,462,30,-19.0,True,28
scale_f0.01,rand_delta,2,463,600,-600.0,False,54
scale_f0.01,rand_delta,2,464,600,-600.0,False,54
scale_f0.01,rand_delta,2,465,44,-33.0,True,18
scale_f0.01,rand_delta,2,466,32,-21.0,True,27
scale_f0.01,rand_delta,2,467,38,-27.0,True,28
scale_f0.01,rand_delta,2,468,600,-600.0,False,45
scale_f0.01,rand_delta,2,469,600,-600.0,False,49
scale_f0.01,rand_delta,2,470,25,-14.0,True,19
scale_f0.01,rand_delta,2,471,600,-600.0,False,57
scale_f0.01,rand_delta,2,472,16,-5.0,True,12
scale_f0.01,rand_delta,2,473,32,-21.0,True,26
scale_f0.01,rand_delta,2,474,22,-11.0,True,17
scale_f0.01,rand_delta,2,475,34,-23.0,True,31
scale_f0.01,rand_delta,2,476,600,-600.0,False,53
scale_f0.01,rand_delta,2,477,117,-106.0,True,26
scale_f0.01,rand_delta,2,478,600,-600.0,False,45
scale_f0.01,rand_delta,2,479,41,-30.0,True,34
scale_f0.01,rand_delta,2,480,160,-149.0,True,29
scale_f0.01,rand_delta,2,481,10,1.0,True,10
scale_f0.01,rand_delta,2,482,35,-24.0,True,32
scale_f0.01,rand_delta,2,483,30,-19.0,True,27
scale_f0.01,rand_delta,2,484,600,-600.0,False,55
scale_f0.01,rand_delta,2,485,16,-5.0,True,8
scale_f0.01,rand_delta,2,486,30,-19.0,True,21
scale_f0.01,rand_delta,2,487,600,-600.0,False,47
scale_f0.01,rand_delta,2,488,600,-600.0,False,51
scale_f0.01,rand_delta,2,489,14,-3.0,True,10
scale_f0.01,rand_delta,2,490,28,-17.0,True,22
scale_f0.01,rand_delta,2,491,6,5.0,True,6
scale_f0.01,rand_delta,2,492,39,-28.0,True,34
scale_f0.01,rand_delta,2,493,31,-20.0,True,28
scale_f0.01,rand_delta,2,494,600,-600.0,False,42
scale_f0.01,rand_delta,2,495,600,-600.0,False,50
scale_f0.01,rand_delta,2,496,12,-1.0,True,9
scale_f0.01,rand_delta,2,497,22,-11.0,True,15
scale_f0.01,rand_delta,2,498,600,-600.0,False,48
scale_f0.01,rand_delta,2,499,38,-27.0,True,33
scale_f0.01,rand_delta,2,500,600,-600.0,False,54
scale_f0.01,rand_delta,2,501,21,-10.0,True,21
scale_f0.01,rand_delta,2,502,35,-24.0,True,25
scale_f0.01,rand_delta,2,503,531,-520.0,True,35
scale_f0.01,rand_delta,2,504,21,-10.0,True,21
scale_f0.01,rand_delta,2,505,600,-600.0,False,56
scale_f0.01,rand_delta,2,506,32,-21.0,True,30
scale_f0.01,rand_delta,2,507,600,-600.0,False,47
scale_f0.01,rand_delta,2,508,35,-24.0,True,32
scale_f0.01,rand_delta,2,509,65,-54.0,True,28
scale_f0.01,rand_delta,2,510,19,-8.0,True,19
scale_f0.01,rand_delta,2,511,600,-600.0,False,42
scale_f0.01,rand_delta,2,512,600,-600.0,False,56
scale_f0.01,rand_delta,2,513,600,-600.0,False,53
scale_f0.01,rand_delta,2,514,600,-600.0,False,40
scale_f0.01,rand_delta,2,515,600,-600.0,False,48
scale_f0.01,rand_delta,2,516,31,-20.0,True,26
scale_f0.01,rand_delta,2,517,600,-600.0,False,52
scale_f0.01,rand_delta,2,518,44,-33.0,True,26
scale_f0.01,rand_delta,2,519,28,-17.0,True,17
scale_f0.01,rand_delta,2,520,34,-23.0,True,33
scale_f0.01,rand_delta,2,521,600,-600.0,False,55
scale_f0.01,rand_delta,2,522,600,-600.0,False,47
scale_f0.01,rand_delta,2,523,44,-33.0,True,23
scale_f0.01,rand_delta,2,524,25,-14.0,True,19
scale_f0.01,rand_delta,2,525,118,-107.0,True,34
scale_f0.01,rand_delta,2,526,7,4.0,True,7
scale_f0.01,rand_delta,2,527,600,-600.0,False,55
scale_f0.01,rand_delta,2,528,26,-15.0,True,21
scale_f0.01,rand_delta,2,529,600,-600.0,False,57
scale_f0.01,rand_delta,2,530,600,-600.0,False,53
scale_f0.01,rand_delta,2,531,600,-600.0,False,52
scale_f0.01,rand_delta,2,532,48,-37.0,True,34
scale_f0.01,rand_delta,2,533,59,-48.0,True,25
scale_f0.01,rand_delta,2,534,9,2.0,True,7
scale_f0.01,rand_delta,2,535,27,-16.0,True,24
scale_f0.01,rand_delta,2,536,37,-26.0,True,34
scale_f0.01,rand_delta,2,537,600,-600.0,False,56
scale_f0.01,rand_delta,2,538,20,-9.0,True,20
scale_f0.01,rand_delta,2,539,39,-28.0,True,33
scale_f0.01,rand_delta,2,540,600,-600.0,False,46
scale_f0.01,rand_delta,2,541,5,6.0,True,5
scale_f0.01,rand_delta,2,542,28,-17.0,True,21
scale_f0.01,rand_delta,2,543,33,-22.0,True,23
scale_f0.01,rand_delta,2,544,37,-26.0,True,32
scale_f0.01,rand_delta,2,545,20,-9.0,True,19
scale_f0.01,rand_delta,2,546,36,-25.0,True,32
scale_f0.01,rand_delta,2,547,600,-600.0,False,50
scale_f0.01,rand_delta,2,548,600,-600.0,False,52
scale_f0.01,rand_delta,2,549,36,-25.0,True,33
scale_f0.01,rand_delta,2,550,600,-600.0,False,52
scale_f0.01,rand_delta,2,551,19,-8.0,True,15
scale_f0.01,rand_delta,2,552,51,-40.0,True,34
scale_f0.01,rand_delta,2,553,600,-600.0,False,38
scale_f0.01,rand_delta,2,554,600,-600.0,False,39
scale_f0.01,rand_delta,2,555,600,-600.0,False,49
scale_f0.01,rand_delta,2,556,39,-28.0,True,27
scale_f0.01,rand_delta,2,557,12,-1.0,True,10
scale_f0.01,rand_delta,2,558,600,-600.0,False,51
scale_f0.01,rand_delta,2,559,600,-600.0,False,54
scale_f0.01,rand_delta,2,560,72,-61.0,True,35
scale_f0.01,rand_delta,2,561,600,-600.0,False,44
scale_f0.01,rand_delta,2,562,600,-600.0,False,52
scale_f0.01,rand_delta,2,563,132,-121.0,True,35
scale_f0.01,rand_delta,2,564,13,-2.0,True,13
scale_f0.01,rand_delta,2,565,41,-30.0,True,34
scale_f0.01,rand_delta,2,566,31,-20.0,True,31
scale_f0.01,rand_delta,2,567,600,-600.0,False,40
scale_f0.01,rand_delta,2,568,33,-22.0,True,30
scale_f0.01,rand_delta,2,569,600,-600.0,False,52
scale_f0.01,rand_delta,2,570,600,-600.0,False,56
scale_f0.01,rand_delta,2,571,600,-600.0,False,54
scale_f0.01,rand_delta,2,572,600,-600.0,False,48
scale_f0.01,rand_delta,2,573,600,-600.0,False,52
scale_f0.01,rand_delta,2,574,34,-23.0,True,26
scale_f0.01,rand_delta,2,575,600,-600.0,False,45
scale_f0.01,rand_delta,2,576,600,-600.0,False,54
scale_f0.01,rand_delta,2,577,33,-22.0,True,20
scale_f0.01,rand_delta,2,578,315,-304.0,True,44
scale_f0.01,rand_delta,2,579,600,-600.0,False,44
scale_f0.01,rand_delta,2,580,600,-600.0,False,58
scale_f0.01,rand_delta,2,581,1,10.0,True,1
scale_f0.01,rand_delta,2,582,30,-19.0,True,20
scale_f0.01,rand_delta,2,583,600,-600.0,False,55
scale_f0.01,rand_delta,2,584,33,-22.0,True,25
scale_f0.01,rand_delta,2,585,18,-7.0,True,17
scale_f0.01,rand_delta,2,586,600,-600.0,False,54
scale_f0.01,rand_delta,2,587,38,-27.0,True,31
scale_f0.01,rand_delta,2,588,600,-600.0,False,40
scale_f0.01,rand_delta,2,589,600,-600.0,False,42
scale_f0.01,rand_delta,2,590,600,-600.0,False,44
scale_f0.01,rand_delta,2,591,600,-600.0,False,41
scale_f0.01,rand_delta,2,592,600,-600.0,False,50
scale_f0.01,rand_delta,2,593,600,-600.0,False,55
scale_f0.01,rand_delta,2,594,30,-19.0,True,21
scale_f0.01,rand_delta,2,595,600,-600.0,False,46
scale_f0.01,rand_delta,2,596,193,-182.0,True,41
scale_f0.01,rand_delta,2,597,36,-25.0,True,30
scale_f0.01,rand_delta,2,598,42,-31.0,True,26
scale_f0.01,rand_delta,2,599,600,-600.0,False,55
