maze,agent,seed,episode,steps,total_reward,reached_goal,optimal_steps
large113_assisted,khot_rank,0,0,350,-350.0,False,28
large113_assisted,khot_rank,0,1,350,-350.0,False,19
large113_assisted,khot_rank,0,2,231,-220.0,True,5
large113_assisted,khot_rank,0,3,66,-55.0,True,24
large113_assisted,khot_rank,0,4,107,-96.0,True,2
large113_assisted,khot_rank,0,5,118,-107.0,True,9
large113_assisted,khot_rank,0,6,64,-53.0,True,27
large113_assisted,khot_rank,0,7,45,-34.0,True,28
large113_assisted,khot_rank,0,8,45,-34.0,True,25
large113_assisted,khot_rank,0,9,17,-6.0,True,15
large113_assisted,khot_rank,0,10,284,-273.0,True,20
large113_assisted,khot_rank,0,11,27,-16.0,True,19
large113_assisted,khot_rank,0,12,69,-58.0,True,27
large113_assisted,khot_rank,0,13,14,-3.0,True,13
large113_assisted,khot_rank,0,14,37,-26.0,True,14
large113_assisted,khot_rank,0,15,88,-77.0,True,20
large113_assisted,khot_rank,0,16,20,-9.0,True,15
large113_assisted,khot_rank,0,17,32,-21.0,True,11
large113_assisted,khot_rank,0,18,45,-34.0,True,30
large113_assisted,khot_rank,0,19,1,10.0,True,1
large113_assisted,khot_rank,0,20,167,-156.0,True,25
large113_assisted,khot_rank,0,21,3,8.0,True,3
large113_assisted,khot_rank,0,22,9,2.0,True,9
large113_assisted,khot_rank,0,23,231,-220.0,True,22
large113_assisted,khot_rank,0,24,7,4.0,True,6
large113_assisted,khot_rank,0,25,25,-14.0,True,19
large113_assisted,khot_rank,0,26,12,-1.0,True,10
large113_assisted,khot_rank,0,27,2,9.0,True,2
large113_assisted,khot_rank,0,28,30,-19.0,True,22
large113_assisted,khot_rank,0,29,125,-114.0,True,27
large113_assisted,khot_rank,0,30,22,-11.0,True,18
large113_assisted,khot_rank,0,31,13,-2.0,True,13
large113_assisted,khot_rank,0,32,17,-6.0,True,14
large113_assisted,khot_rank,0,33,32,-21.0,True,28
large113_assisted,khot_rank,0,34,26,-15.0,True,24
large113_assisted,khot_rank,0,35,17,-6.0,True,16
large113_assisted,khot_rank,0,36,5,6.0,True,5
large113_assisted,khot_rank,0,37,6,5.0,True,6
large113_assisted,khot_rank,0,38,32,-21.0,True,26
large113_assisted,khot_rank,0,39,34,-23.0,True,25
large113_assisted,khot_rank,0,40,10,1.0,True,10
large113_assisted,khot_rank,0,41,3,8.0,True,3
large113_assisted,khot_rank,0,42,3,8.0,True,3
large113_assisted,khot_rank,0,43,26,-15.0,True,21
large113_assisted,khot_rank,0,44,5,6.0,True,5
large113_assisted,khot_rank,0,45,5,6.0,True,5
large113_assisted,khot_rank,0,46,6,5.0,True,2
large113_assisted,khot_rank,0,47,13,-2.0,True,12
large113_assisted,khot_rank,0,48,11,0.0,True,11
large113_assisted,khot_rank,0,49,81,-70.0,True,26
large113_assisted,khot_rank,0,50,5,6.0,True,5
large113_assisted,khot_rank,0,51,18,-7.0,True,14
large113_assisted,khot_rank,0,52,2,9.0,True,2
large113_assisted,khot_rank,0,53,25,-14.0,True,25
large113_assisted,khot_rank,0,54,23,-12.0,True,22
large113_assisted,khot_rank,0,55,35,-24.0,True,23
large113_assisted,khot_rank,0,56,41,-30.0,True,29
large113_assisted,khot_rank,0,57,8,3.0,True,7
large113_assisted,khot_rank,0,58,37,-26.0,True,26
large113_assisted,khot_rank,0,59,5,6.0,True,5
large113_assisted,khot_rank,0,60,24,-13.0,True,18
large113_assisted,khot_rank,0,61,26,-15.0,True,23
large113_assisted,khot_rank,0,62,28,-17.0,True,24
large113_assisted,khot_rank,0,63,14,-3.0,True,12
large113_assisted,khot_rank,0,64,28,-17.0,True,27
large113_assisted,khot_rank,0,65,3,8.0,True,3
large113_assisted,khot_rank,0,66,29,-18.0,True,24
large113_assisted,khot_rank,0,67,29,-18.0,True,22
large113_assisted,khot_rank,0,68,23,-12.0,True,9
large113_assisted,khot_rank,0,69,18,-7.0,True,18
large113_assisted,khot_rank,0,70,33,-22.0,True,17
large113_assisted,khot_rank,0,71,23,-12.0,True,23
large113_assisted,khot_rank,0,72,12,-1.0,True,8
large113_assisted,khot_rank,0,73,20,-9.0,True,20
large113_assisted,khot_rank,0,74,24,-13.0,True,22
large113_assisted,khot_rank,0,75,4,7.0,True,3
large113_assisted,khot_rank,0,76,37,-26.0,True,28
large113_assisted,khot_rank,0,77,39,-28.0,True,26
large113_assisted,khot_rank,0,78,130,-119.0,True,28
large113_assisted,khot_rank,0,79,13,-2.0,True,12
large113_assisted,khot_rank,0,80,111,-100.0,True,23
large113_assisted,khot_rank,0,81,7,4.0,True,7
large113_assisted,khot_rank,0,82,39,-28.0,True,21
large113_assisted,khot_rank,0,83,60,-49.0,True,30
large113_assisted,khot_rank,0,84,28,-17.0,True,26
large113_assisted,khot_rank,0,85,31,-20.0,True,20
large113_assisted,khot_rank,0,86,48,-37.0,True,30
large113_assisted,khot_rank,0,87,270,-259.0,True,18
large113_assisted,khot_rank,0,88,88,-77.0,True,30
large113_assisted,khot_rank,0,89,70,-59.0,True,23
large113_assisted,khot_rank,0,90,28,-17.0,True,27
large113_assisted,khot_rank,0,91,13,-2.0,True,7
large113_assisted,khot_rank,0,92,1,10.0,True,1
large113_assisted,khot_rank,0,93,32,-21.0,True,28
large113_assisted,khot_rank,0,94,27,-16.0,True,22
large113_assisted,khot_rank,0,95,5,6.0,True,5
large113_assisted,khot_rank,0,96,33,-22.0,True,26
large113_assisted,khot_rank,0,97,11,0.0,True,11
large113_assisted,khot_rank,0,98,65,-54.0,True,17
large113_assisted,khot_rank,0,99,29,-18.0,True,25
large113_assisted,khot_rank,0,100,6,5.0,True,6
large113_assisted,khot_rank,0,101,27,-16.0,True,24
large113_assisted,khot_rank,0,102,2,9.0,True,2
large113_assisted,khot_rank,0,103,28,-17.0,True,22
large113_assisted,khot_rank,0,104,350,-350.0,False,23
large113_assisted,khot_rank,0,105,2,9.0,True,2
large113_assisted,khot_rank,0,106,20,-9.0,True,12
large113_assisted,khot_rank,0,107,30,-19.0,True,26
large113_assisted,khot_rank,0,108,15,-4.0,True,8
large113_assisted,khot_rank,0,109,19,-8.0,True,19
large113_assisted,khot_rank,0,110,28,-17.0,True,21
large113_assisted,khot_rank,0,111,29,-18.0,True,27
large113_assisted,khot_rank,0,112,23,-12.0,True,23
large113_assisted,khot_rank,0,113,20,-9.0,True,20
large113_assisted,khot_rank,0,114,350,-350.0,False,21
large113_assisted,khot_rank,0,115,23,-12.0,True,23
large113_assisted,khot_rank,0,116,350,-350.0,False,20
large113_assisted,khot_rank,0,117,15,-4.0,True,15
large113_assisted,khot_rank,0,118,14,-3.0,True,14
large113_assisted,khot_rank,0,119,16,-5.0,True,15
large113_assisted,khot_rank,0,120,16,-5.0,True,16
large113_assisted,khot_rank,0,121,281,-270.0,True,23
large113_assisted,khot_rank,0,122,27,-16.0,True,26
large113_assisted,khot_rank,0,123,6,5.0,True,6
large113_assisted,khot_rank,0,124,8,3.0,True,8
large113_assisted,khot_rank,0,125,26,-15.0,True,23
large113_assisted,khot_rank,0,126,17,-6.0,True,16
large113_assisted,khot_rank,0,127,172,-161.0,True,29
large113_assisted,khot_rank,0,128,350,-350.0,False,23
large113_assisted,khot_rank,0,129,24,-13.0,True,19
large113_assisted,khot_rank,0,130,9,2.0,True,9
large113_assisted,khot_rank,0,131,4,7.0,True,3
large113_assisted,khot_rank,0,132,12,-1.0,True,12
large113_assisted,khot_rank,0,133,24,-13.0,True,24
large113_assisted,khot_rank,0,134,12,-1.0,True,12
large113_assisted,khot_rank,0,135,12,-1.0,True,12
large113_assisted,khot_rank,0,136,5,6.0,True,5
large113_assisted,khot_rank,0,137,12,-1.0,True,12
large113_assisted,khot_rank,0,138,5,6.0,True,5
large113_assisted,khot_rank,0,139,15,-4.0,True,15
large113_assisted,khot_rank,0,140,13,-2.0,True,13
large113_assisted,khot_rank,0,141,16,-5.0,True,16
large113_assisted,khot_rank,0,142,297,-286.0,True,20
large113_assisted,khot_rank,0,143,16,-5.0,True,14
large113_assisted,khot_rank,0,144,14,-3.0,True,14
large113_assisted,khot_rank,0,145,16,-5.0,True,16
large113_assisted,khot_rank,0,146,30,-19.0,True,30
large113_assisted,khot_rank,0,147,16,-5.0,True,16
large113_assisted,khot_rank,0,148,21,-10.0,True,21
large113_assisted,khot_rank,0,149,17,-6.0,True,17
large113_assisted,khot_rank,0,150,350,-350.0,False,28
large113_assisted,khot_rank,0,151,32,-21.0,True,30
large113_assisted,khot_rank,0,152,20,-9.0,True,19
large113_assisted,khot_rank,0,153,24,-13.0,True,24
large113_assisted,khot_rank,0,154,16,-5.0,True,14
large113_assisted,khot_rank,0,155,22,-11.0,True,22
large113_assisted,khot_rank,0,156,159,-148.0,True,28
large113_assisted,khot_rank,0,157,25,-14.0,True,25
large113_assisted,khot_rank,0,158,27,-16.0,True,16
large113_assisted,khot_rank,0,159,345,-334.0,True,22
large113_assisted,khot_rank,0,160,15,-4.0,True,12
large113_assisted,khot_rank,0,161,5,6.0,True,5
large113_assisted,khot_rank,0,162,1,10.0,True,1
large113_assisted,khot_rank,0,163,28,-17.0,True,26
large113_assisted,khot_rank,0,164,19,-8.0,True,19
large113_assisted,khot_rank,0,165,350,-350.0,False,8
large113_assisted,khot_rank,0,166,27,-16.0,True,27
large113_assisted,khot_rank,0,167,19,-8.0,True,19
large113_assisted,khot_rank,0,168,10,1.0,True,10
large113_assisted,khot_rank,0,169,5,6.0,True,5
large113_assisted,khot_rank,0,170,16,-5.0,True,15
large113_assisted,khot_rank,0,171,27,-16.0,True,27
large113_assisted,khot_rank,0,172,34,-23.0,True,28
large113_assisted,khot_rank,0,173,22,-11.0,True,22
large113_assisted,khot_rank,0,174,32,-21.0,True,28
large113_assisted,khot_rank,0,175,14,-3.0,True,14
large113_assisted,khot_rank,0,176,10,1.0,True,10
large113_assisted,khot_rank,0,177,17,-6.0,True,17
large113_assisted,khot_rank,0,178,10,1.0,True,10
large113_assisted,khot_rank,0,179,15,-4.0,True,15
large113_assisted,khot_rank,0,180,350,-350.0,False,17
large113_assisted,khot_rank,0,181,6,5.0,True,6
large113_assisted,khot_rank,0,182,21,-10.0,True,21
large113_assisted,khot_rank,0,183,4,7.0,True,4
large113_assisted,khot_rank,0,184,27,-16.0,True,27
large113_assisted,khot_rank,0,185,29,-18.0,True,29
large113_assisted,khot_rank,0,186,13,-2.0,True,13
large113_assisted,khot_rank,0,187,28,-17.0,True,28
large113_assisted,khot_rank,0,188,94,-83.0,True,9
large113_assisted,khot_rank,0,189,154,-143.0,True,30
large113_assisted,khot_rank,0,190,17,-6.0,True,17
large113_assisted,khot_rank,0,191,12,-1.0,True,12
large113_assisted,khot_rank,0,192,350,-350.0,False,10
large113_assisted,khot_rank,0,193,21,-10.0,True,21
large113_assisted,khot_rank,0,194,45,-34.0,True,24
large113_assisted,khot_rank,0,195,12,-1.0,True,12
large113_assisted,khot_rank,0,196,24,-13.0,True,22
large113_assisted,khot_rank,0,197,10,1.0,True,10
large113_assisted,khot_rank,0,198,24,-13.0,True,24
large113_assisted,khot_rank,0,199,13,-2.0,True,13
large113_assisted,khot_rank,0,200,9,2.0,True,9
large113_assisted,khot_rank,0,201,17,-6.0,True,17
large113_assisted,khot_rank,0,202,20,-9.0,True,20
large113_assisted,khot_rank,0,203,350,-350.0,False,23
large113_assisted,khot_rank,0,204,42,-31.0,True,26
large113_assisted,khot_rank,0,205,27,-16.0,True,26
large113_assisted,khot_rank,0,206,12,-1.0,True,11
large113_assisted,khot_rank,0,207,26,-15.0,True,25
large113_assisted,khot_rank,0,208,29,-18.0,True,29
large113_assisted,khot_rank,0,209,4,7.0,True,4
large113_assisted,khot_rank,0,210,350,-350.0,False,29
large113_assisted,khot_rank,0,211,26,-15.0,True,24
large113_assisted,khot_rank,0,212,12,-1.0,True,10
large113_assisted,khot_rank,0,213,13,-2.0,True,13
large113_assisted,khot_rank,0,214,25,-14.0,True,24
large113_assisted,khot_rank,0,215,37,-26.0,True,21
large113_assisted,khot_rank,0,216,19,-8.0,True,19
large113_assisted,khot_rank,0,217,7,4.0,True,6
large113_assisted,khot_rank,0,218,20,-9.0,True,20
large113_assisted,khot_rank,0,219,56,-45.0,True,16
large113_assisted,khot_rank,0,220,350,-350.0,False,29
large113_assisted,khot_rank,0,221,350,-350.0,False,26
large113_assisted,khot_rank,0,222,14,-3.0,True,14
large113_assisted,khot_rank,0,223,15,-4.0,True,15
large113_assisted,khot_rank,0,224,19,-8.0,True,17
large113_assisted,khot_rank,0,225,23,-12.0,True,22
large113_assisted,khot_rank,0,226,350,-350.0,False,16
large113_assisted,khot_rank,0,227,9,2.0,True,9
large113_assisted,khot_rank,0,228,350,-350.0,False,27
large113_assisted,khot_rank,0,229,52,-41.0,True,23
large113_assisted,khot_rank,0,230,15,-4.0,True,15
large113_assisted,khot_rank,0,231,11,0.0,True,11
large113_assisted,khot_rank,0,232,7,4.0,True,7
large113_assisted,khot_rank,0,233,28,-17.0,True,28
large113_assisted,khot_rank,0,234,24,-13.0,True,24
large113_assisted,khot_rank,0,235,7,4.0,True,7
large113_assisted,khot_rank,0,236,23,-12.0,True,23
large113_assisted,khot_rank,0,237,11,0.0,True,11
large113_assisted,khot_rank,0,238,23,-12.0,True,23
large113_assisted,khot_rank,0,239,12,-1.0,True,10
large113_assisted,khot_rank,0,240,23,-12.0,True,23
large113_assisted,khot_rank,0,241,17,-6.0,True,17
large113_assisted,khot_rank,0,242,350,-350.0,False,29
large113_assisted,khot_rank,0,243,5,6.0,True,5
large113_assisted,khot_rank,0,244,51,-40.0,True,28
large113_assisted,khot_rank,0,245,28,-17.0,True,28
large113_assisted,khot_rank,0,246,350,-350.0,False,13
large113_assisted,khot_rank,0,247,350,-350.0,False,13
large113_assisted,khot_rank,0,248,33,-22.0,True,12
large113_assisted,khot_rank,0,249,173,-162.0,True,21
large113_assisted,khot_rank,0,250,350,-350.0,False,26
large113_assisted,khot_rank,0,251,13,-2.0,True,13
large113_assisted,khot_rank,0,252,24,-13.0,True,24
large113_assisted,khot_rank,0,253,20,-9.0,True,20
large113_assisted,khot_rank,0,254,350,-350.0,False,26
large113_assisted,khot_rank,0,255,219,-208.0,True,19
large113_assisted,khot_rank,0,256,26,-15.0,True,25
large113_assisted,khot_rank,0,257,14,-3.0,True,14
large113_assisted,khot_rank,0,258,26,-15.0,True,26
large113_assisted,khot_rank,0,259,15,-4.0,True,15
large113_assisted,khot_rank,0,260,27,-16.0,True,27
large113_assisted,khot_rank,0,261,350,-350.0,False,21
large113_assisted,khot_rank,0,262,106,-95.0,True,10
large113_assisted,khot_rank,0,263,19,-8.0,True,19
large113_assisted,khot_rank,0,264,2,9.0,True,2
large113_assisted,khot_rank,0,265,19,-8.0,True,19
large113_assisted,khot_rank,0,266,22,-11.0,True,22
large113_assisted,khot_rank,0,267,16,-5.0,True,16
large113_assisted,khot_rank,0,268,1,10.0,True,1
large113_assisted,khot_rank,0,269,22,-11.0,True,18
large113_assisted,khot_rank,0,270,18,-7.0,True,18
large113_assisted,khot_rank,0,271,7,4.0,True,7
large113_assisted,khot_rank,0,272,350,-350.0,False,23
large113_assisted,khot_rank,0,273,18,-7.0,True,18
large113_assisted,khot_rank,0,274,2,9.0,True,2
large113_assisted,khot_rank,0,275,350,-350.0,False,8
large113_assisted,khot_rank,0,276,350,-350.0,False,24
large113_assisted,khot_rank,0,277,350,-350.0,False,25
large113_assisted,khot_rank,0,278,318,-307.0,True,25
large113_assisted,khot_rank,0,279,26,-15.0,True,26
large113_assisted,khot_rank,0,280,11,0.0,True,10
large113_assisted,khot_rank,0,281,19,-8.0,True,19
large113_assisted,khot_rank,0,282,201,-190.0,True,29
large113_assisted,khot_rank,0,283,350,-350.0,False,24
large113_assisted,khot_rank,0,284,3,8.0,True,3
large113_assisted,khot_rank,0,285,22,-11.0,True,20
large113_assisted,khot_rank,0,286,350,-350.0,False,23
large113_assisted,khot_rank,0,287,350,-350.0,False,27
large113_assisted,khot_rank,0,288,45,-34.0,True,23
large113_assisted,khot_rank,0,289,9,2.0,True,9
large113_assisted,khot_rank,0,290,350,-350.0,False,23
large113_assisted,khot_rank,0,291,17,-6.0,True,17
large113_assisted,khot_rank,0,292,3,8.0,True,3
large113_assisted,khot_rank,0,293,338,-327.0,True,27
large113_assisted,khot_rank,0,294,42,-31.0,True,23
large113_assisted,khot_rank,0,295,29,-18.0,True,29
large113_assisted,khot_rank,0,296,8,3.0,True,8
large113_assisted,khot_rank,0,297,2,9.0,True,2
large113_assisted,khot_rank,0,298,7,4.0,True,7
large113_assisted,khot_rank,0,299,24,-13.0,True,24
large113_assisted,khot_rank,0,300,1,10.0,True,1
large113_assisted,khot_rank,0,301,26,-15.0,True,25
large113_assisted,khot_rank,0,302,350,-350.0,False,7
large113_assisted,khot_rank,0,303,15,-4.0,True,15
large113_assisted,khot_rank,0,304,350,-350.0,False,23
large113_assisted,khot_rank,0,305,32,-21.0,True,27
large113_assisted,khot_rank,0,306,350,-350.0,False,16
large113_assisted,khot_rank,0,307,25,-14.0,True,25
large113_assisted,khot_rank,0,308,350,-350.0,False,26
large113_assisted,khot_rank,0,309,26,-15.0,True,26
large113_assisted,khot_rank,0,310,14,-3.0,True,13
large113_assisted,khot_rank,0,311,94,-83.0,True,27
large113_assisted,khot_rank,0,312,131,-120.0,True,15
large113_assisted,khot_rank,0,313,27,-16.0,True,27
large113_assisted,khot_rank,0,314,350,-350.0,False,20
large113_assisted,khot_rank,0,315,350,-350.0,False,22
large113_assisted,khot_rank,0,316,350,-350.0,False,28
large113_assisted,khot_rank,0,317,26,-15.0,True,26
large113_assisted,khot_rank,0,318,6,5.0,True,6
large113_assisted,khot_rank,0,319,7,4.0,True,7
large113_assisted,khot_rank,0,320,5,6.0,True,5
large113_assisted,khot_rank,0,321,7,4.0,True,7
large113_assisted,khot_rank,0,322,23,-12.0,True,23
large113_assisted,khot_rank,0,323,4,7.0,True,4
large113_assisted,khot_rank,0,324,350,-350.0,False,24
large113_assisted,khot_rank,0,325,350,-350.0,False,28
large113_assisted,khot_rank,0,326,350,-350.0,False,10
large113_assisted,khot_rank,0,327,4,7.0,True,4
large113_assisted,khot_rank,0,328,350,-350.0,False,10
large113_assisted,khot_rank,0,329,350,-350.0,False,17
large113_assisted,khot_rank,0,330,18,-7.0,True,11
large113_assisted,khot_rank,0,331,350,-350.0,False,24
large113_assisted,khot_rank,0,332,350,-350.0,False,18
large113_assisted,khot_rank,0,333,86,-75.0,True,25
large113_assisted,khot_rank,0,334,350,-350.0,False,23
large113_assisted,khot_rank,0,335,23,-12.0,True,21
large113_assisted,khot_rank,0,336,350,-350.0,False,16
large113_assisted,khot_rank,0,337,27,-16.0,True,27
large113_assisted,khot_rank,0,338,223,-212.0,True,16
large113_assisted,khot_rank,0,339,350,-350.0,False,28
large113_assisted,khot_rank,0,340,2,9.0,True,2
large113_assisted,khot_rank,0,341,350,-350.0,False,30
large113_assisted,khot_rank,0,342,11,0.0,True,9
large113_assisted,khot_rank,0,343,28,-17.0,True,26
large113_assisted,khot_rank,0,344,11,0.0,True,11
large113_assisted,khot_rank,0,345,135,-124.0,True,12
large113_assisted,khot_rank,0,346,17,-6.0,True,17
large113_assisted,khot_rank,0,347,11,0.0,True,11
large113_assisted,khot_rank,0,348,25,-14.0,True,23
large113_assisted,khot_rank,0,349,105,-94.0,True,28
large113_assisted,khot_rank,0,350,350,-350.0,False,15
large113_assisted,khot_rank,0,351,25,-14.0,True,25
large113_assisted,khot_rank,0,352,26,-15.0,True,26
large113_assisted,khot_rank,0,353,256,-245.0,True,30
large113_assisted,khot_rank,0,354,17,-6.0,True,17
large113_assisted,khot_rank,0,355,25,-14.0,True,25
large113_assisted,khot_rank,0,356,8,3.0,True,8
large113_assisted,khot_rank,0,357,350,-350.0,False,23
large113_assisted,khot_rank,0,358,350,-350.0,False,28
large113_assisted,khot_rank,0,359,157,-146.0,True,14
large113_assisted,khot_rank,0,360,11,0.0,True,11
large113_assisted,khot_rank,0,361,68,-57.0,True,19
large113_assisted,khot_rank,0,362,23,-12.0,True,23
large113_assisted,khot_rank,0,363,24,-13.0,True,24
large113_assisted,khot_rank,0,364,4,7.0,True,4
large113_assisted,khot_rank,0,365,350,-350.0,False,23
large113_assisted,khot_rank,0,366,24,-13.0,True,24
large113_assisted,khot_rank,0,367,18,-7.0,True,18
large113_assisted,khot_rank,0,368,350,-350.0,False,28
large113_assisted,khot_rank,0,369,11,0.0,True,11
large113_assisted,khot_rank,0,370,26,-15.0,True,25
large113_assisted,khot_rank,0,371,350,-350.0,False,21
large113_assisted,khot_rank,0,372,25,-14.0,True,25
large113_assisted,khot_rank,0,373,350,-350.0,False,9
large113_assisted,khot_rank,0,374,7,4.0,True,7
large113_assisted,khot_rank,0,375,21,-10.0,True,21
large113_assisted,khot_rank,0,376,228,-217.0,True,29
large113_assisted,khot_rank,0,377,22,-11.0,True,22
large113_assisted,khot_rank,0,378,7,4.0,True,7
large113_assisted,khot_rank,0,379,29,-18.0,True,27
large113_assisted,khot_rank,0,380,350,-350.0,False,21
large113_assisted,khot_rank,0,381,350,-350.0,False,16
large113_assisted,khot_rank,0,382,99,-88.0,True,17
large113_assisted,khot_rank,0,383,28,-17.0,True,27
large113_assisted,khot_rank,0,384,3,8.0,True,3
large113_assisted,khot_rank,0,385,6,5.0,True,6
large113_assisted,khot_rank,0,386,23,-12.0,True,23
large113_assisted,khot_rank,0,387,10,1.0,True,10
large113_assisted,khot_rank,0,388,22,-11.0,True,22
large113_assisted,khot_rank,0,389,191,-180.0,True,15
large113_assisted,khot_rank,0,390,6,5.0,True,6
large113_assisted,khot_rank,0,391,350,-350.0,False,10
large113_assisted,khot_rank,0,392,15,-4.0,True,15
large113_assisted,khot_rank,0,393,350,-350.0,False,21
large113_assisted,khot_rank,0,394,15,-4.0,True,15
large113_assisted,khot_rank,0,395,27,-16.0,True,27
large113_assisted,khot_rank,0,396,350,-350.0,False,10
large113_assisted,khot_rank,0,397,10,1.0,True,9
large113_assisted,khot_rank,0,398,14,-3.0,True,13
large113_assisted,khot_rank,0,399,22,-11.0,True,22
large113_assisted,khot_error,0,0,350,-350.0,False,28
large113_assisted,khot_error,0,1,350,-350.0,False,19
large113_assisted,khot_error,0,2,231,-220.0,True,5
large113_assisted,khot_error,0,3,112,-101.0,True,24
large113_assisted,khot_error,0,4,107,-96.0,True,2
large113_assisted,khot_error,0,5,114,-103.0,True,9
large113_assisted,khot_error,0,6,37,-26.0,True,27
large113_assisted,khot_error,0,7,28,-17.0,True,28
large113_assisted,khot_error,0,8,48,-37.0,True,25
large113_assisted,khot_error,0,9,40,-29.0,True,15
large113_assisted,khot_error,0,10,350,-350.0,False,20
large113_assisted,khot_error,0,11,67,-56.0,True,19
large113_assisted,khot_error,0,12,350,-350.0,False,27
large113_assisted,khot_error,0,13,15,-4.0,True,13
large113_assisted,khot_error,0,14,289,-278.0,True,14
large113_assisted,khot_error,0,15,280,-269.0,True,20
large113_assisted,khot_error,0,16,74,-63.0,True,15
large113_assisted,khot_error,0,17,61,-50.0,True,11
large113_assisted,khot_error,0,18,131,-120.0,True,30
large113_assisted,khot_error,0,19,1,10.0,True,1
large113_assisted,khot_error,0,20,285,-274.0,True,25
large113_assisted,khot_error,0,21,4,7.0,True,3
large113_assisted,khot_error,0,22,9,2.0,True,9
large113_assisted,khot_error,0,23,171,-160.0,True,22
large113_assisted,khot_error,0,24,6,5.0,True,6
large113_assisted,khot_error,0,25,27,-16.0,True,19
large113_assisted,khot_error,0,26,14,-3.0,True,10
large113_assisted,khot_error,0,27,4,7.0,True,2
large113_assisted,khot_error,0,28,25,-14.0,True,22
large113_assisted,khot_error,0,29,102,-91.0,True,27
large113_assisted,khot_error,0,30,20,-9.0,True,18
large113_assisted,khot_error,0,31,13,-2.0,True,13
large113_assisted,khot_error,0,32,16,-5.0,True,14
large113_assisted,khot_error,0,33,32,-21.0,True,28
large113_assisted,khot_error,0,34,27,-16.0,True,24
large113_assisted,khot_error,0,35,16,-5.0,True,16
large113_assisted,khot_error,0,36,5,6.0,True,5
large113_assisted,khot_error,0,37,6,5.0,True,6
large113_assisted,khot_error,0,38,111,-100.0,True,26
large113_assisted,khot_error,0,39,26,-15.0,True,25
large113_assisted,khot_error,0,40,10,1.0,True,10
large113_assisted,khot_error,0,41,3,8.0,True,3
large113_assisted,khot_error,0,42,3,8.0,True,3
large113_assisted,khot_error,0,43,24,-13.0,True,21
large113_assisted,khot_error,0,44,5,6.0,True,5
large113_assisted,khot_error,0,45,5,6.0,True,5
large113_assisted,khot_error,0,46,2,9.0,True,2
large113_assisted,khot_error,0,47,13,-2.0,True,12
large113_assisted,khot_error,0,48,11,0.0,True,11
large113_assisted,khot_error,0,49,83,-72.0,True,26
large113_assisted,khot_error,0,50,5,6.0,True,5
large113_assisted,khot_error,0,51,15,-4.0,True,14
large113_assisted,khot_error,0,52,2,9.0,True,2
large113_assisted,khot_error,0,53,27,-16.0,True,25
large113_assisted,khot_error,0,54,22,-11.0,True,22
large113_assisted,khot_error,0,55,33,-22.0,True,23
large113_assisted,khot_error,0,56,31,-20.0,True,29
large113_assisted,khot_error,0,57,11,0.0,True,7
large113_assisted,khot_error,0,58,29,-18.0,True,26
large113_assisted,khot_error,0,59,5,6.0,True,5
large113_assisted,khot_error,0,60,20,-9.0,True,18
large113_assisted,khot_error,0,61,23,-12.0,True,23
large113_assisted,khot_error,0,62,24,-13.0,True,24
large113_assisted,khot_error,0,63,12,-1.0,True,12
large113_assisted,khot_error,0,64,27,-16.0,True,27
large113_assisted,khot_error,0,65,3,8.0,True,3
large113_assisted,khot_error,0,66,26,-15.0,True,24
large113_assisted,khot_error,0,67,22,-11.0,True,22
large113_assisted,khot_error,0,68,166,-155.0,True,9
large113_assisted,khot_error,0,69,19,-8.0,True,18
large113_assisted,khot_error,0,70,159,-148.0,True,17
large113_assisted,khot_error,0,71,23,-12.0,True,23
large113_assisted,khot_error,0,72,8,3.0,True,8
large113_assisted,khot_error,0,73,21,-10.0,True,20
large113_assisted,khot_error,0,74,22,-11.0,True,22
large113_assisted,khot_error,0,75,3,8.0,True,3
large113_assisted,khot_error,0,76,28,-17.0,True,28
large113_assisted,khot_error,0,77,26,-15.0,True,26
large113_assisted,khot_error,0,78,28,-17.0,True,28
large113_assisted,khot_error,0,79,12,-1.0,True,12
large113_assisted,khot_error,0,80,350,-350.0,False,23
large113_assisted,khot_error,0,81,7,4.0,True,7
large113_assisted,khot_error,0,82,25,-14.0,True,21
large113_assisted,khot_error,0,83,37,-26.0,True,30
large113_assisted,khot_error,0,84,26,-15.0,True,26
large113_assisted,khot_error,0,85,350,-350.0,False,20
large113_assisted,khot_error,0,86,30,-19.0,True,30
large113_assisted,khot_error,0,87,25,-14.0,True,18
large113_assisted,khot_error,0,88,126,-115.0,True,30
large113_assisted,khot_error,0,89,350,-350.0,False,23
large113_assisted,khot_error,0,90,27,-16.0,True,27
large113_assisted,khot_error,0,91,10,1.0,True,7
large113_assisted,khot_error,0,92,1,10.0,True,1
large113_assisted,khot_error,0,93,48,-37.0,True,28
large113_assisted,khot_error,0,94,350,-350.0,False,22
large113_assisted,khot_error,0,95,5,6.0,True,5
large113_assisted,khot_error,0,96,28,-17.0,True,26
large113_assisted,khot_error,0,97,11,0.0,True,11
large113_assisted,khot_error,0,98,83,-72.0,True,17
large113_assisted,khot_error,0,99,25,-14.0,True,25
large113_assisted,khot_error,0,100,6,5.0,True,6
large113_assisted,khot_error,0,101,350,-350.0,False,24
large113_assisted,khot_error,0,102,2,9.0,True,2
large113_assisted,khot_error,0,103,22,-11.0,True,22
large113_assisted,khot_error,0,104,23,-12.0,True,23
large113_assisted,khot_error,0,105,2,9.0,True,2
large113_assisted,khot_error,0,106,350,-350.0,False,12
large113_assisted,khot_error,0,107,29,-18.0,True,26
large113_assisted,khot_error,0,108,8,3.0,True,8
large113_assisted,khot_error,0,109,19,-8.0,True,19
large113_assisted,khot_error,0,110,350,-350.0,False,21
large113_assisted,khot_error,0,111,27,-16.0,True,27
large113_assisted,khot_error,0,112,23,-12.0,True,23
large113_assisted,khot_error,0,113,350,-350.0,False,20
large113_assisted,khot_error,0,114,21,-10.0,True,21
large113_assisted,khot_error,0,115,23,-12.0,True,23
large113_assisted,khot_error,0,116,20,-9.0,True,20
large113_assisted,khot_error,0,117,350,-350.0,False,15
large113_assisted,khot_error,0,118,14,-3.0,True,14
large113_assisted,khot_error,0,119,350,-350.0,False,15
large113_assisted,khot_error,0,120,192,-181.0,True,16
large113_assisted,khot_error,0,121,23,-12.0,True,23
large113_assisted,khot_error,0,122,26,-15.0,True,26
large113_assisted,khot_error,0,123,350,-350.0,False,6
large113_assisted,khot_error,0,124,155,-144.0,True,8
large113_assisted,khot_error,0,125,350,-350.0,False,23
large113_assisted,khot_error,0,126,16,-5.0,True,16
large113_assisted,khot_error,0,127,29,-18.0,True,29
large113_assisted,khot_error,0,128,23,-12.0,True,23
large113_assisted,khot_error,0,129,350,-350.0,False,19
large113_assisted,khot_error,0,130,350,-350.0,False,9
large113_assisted,khot_error,0,131,3,8.0,True,3
large113_assisted,khot_error,0,132,40,-29.0,True,12
large113_assisted,khot_error,0,133,24,-13.0,True,24
large113_assisted,khot_error,0,134,12,-1.0,True,12
large113_assisted,khot_error,0,135,12,-1.0,True,12
large113_assisted,khot_error,0,136,5,6.0,True,5
large113_assisted,khot_error,0,137,12,-1.0,True,12
large113_assisted,khot_error,0,138,5,6.0,True,5
large113_assisted,khot_error,0,139,350,-350.0,False,15
large113_assisted,khot_error,0,140,13,-2.0,True,13
large113_assisted,khot_error,0,141,16,-5.0,True,16
large113_assisted,khot_error,0,142,350,-350.0,False,20
large113_assisted,khot_error,0,143,14,-3.0,True,14
large113_assisted,khot_error,0,144,14,-3.0,True,14
large113_assisted,khot_error,0,145,16,-5.0,True,16
large113_assisted,khot_error,0,146,32,-21.0,True,30
large113_assisted,khot_error,0,147,16,-5.0,True,16
large113_assisted,khot_error,0,148,21,-10.0,True,21
large113_assisted,khot_error,0,149,17,-6.0,True,17
large113_assisted,khot_error,0,150,326,-315.0,True,28
large113_assisted,khot_error,0,151,30,-19.0,True,30
large113_assisted,khot_error,0,152,19,-8.0,True,19
large113_assisted,khot_error,0,153,24,-13.0,True,24
large113_assisted,khot_error,0,154,14,-3.0,True,14
large113_assisted,khot_error,0,155,350,-350.0,False,22
large113_assisted,khot_error,0,156,28,-17.0,True,28
large113_assisted,khot_error,0,157,25,-14.0,True,25
large113_assisted,khot_error,0,158,307,-296.0,True,16
large113_assisted,khot_error,0,159,23,-12.0,True,22
large113_assisted,khot_error,0,160,12,-1.0,True,12
large113_assisted,khot_error,0,161,5,6.0,True,5
large113_assisted,khot_error,0,162,1,10.0,True,1
large113_assisted,khot_error,0,163,26,-15.0,True,26
large113_assisted,khot_error,0,164,19,-8.0,True,19
large113_assisted,khot_error,0,165,9,2.0,True,8
large113_assisted,khot_error,0,166,28,-17.0,True,27
large113_assisted,khot_error,0,167,19,-8.0,True,19
large113_assisted,khot_error,0,168,10,1.0,True,10
large113_assisted,khot_error,0,169,5,6.0,True,5
large113_assisted,khot_error,0,170,19,-8.0,True,15
large113_assisted,khot_error,0,171,27,-16.0,True,27
large113_assisted,khot_error,0,172,28,-17.0,True,28
large113_assisted,khot_error,0,173,22,-11.0,True,22
large113_assisted,khot_error,0,174,350,-350.0,False,28
large113_assisted,khot_error,0,175,15,-4.0,True,14
large113_assisted,khot_error,0,176,10,1.0,True,10
large113_assisted,khot_error,0,177,17,-6.0,True,17
large113_assisted,khot_error,0,178,10,1.0,True,10
large113_assisted,khot_error,0,179,15,-4.0,True,15
large113_assisted,khot_error,0,180,17,-6.0,True,17
large113_assisted,khot_error,0,181,6,5.0,True,6
large113_assisted,khot_error,0,182,22,-11.0,True,21
large113_assisted,khot_error,0,183,4,7.0,True,4
large113_assisted,khot_error,0,184,27,-16.0,True,27
large113_assisted,khot_error,0,185,350,-350.0,False,29
large113_assisted,khot_error,0,186,13,-2.0,True,13
large113_assisted,khot_error,0,187,28,-17.0,True,28
large113_assisted,khot_error,0,188,11,0.0,True,9
large113_assisted,khot_error,0,189,31,-20.0,True,30
large113_assisted,khot_error,0,190,17,-6.0,True,17
large113_assisted,khot_error,0,191,12,-1.0,True,12
large113_assisted,khot_error,0,192,11,0.0,True,10
large113_assisted,khot_error,0,193,21,-10.0,True,21
large113_assisted,khot_error,0,194,27,-16.0,True,24
large113_assisted,khot_error,0,195,12,-1.0,True,12
large113_assisted,khot_error,0,196,22,-11.0,True,22
large113_assisted,khot_error,0,197,10,1.0,True,10
large113_assisted,khot_error,0,198,25,-14.0,True,24
large113_assisted,khot_error,0,199,13,-2.0,True,13
large113_assisted,khot_error,0,200,10,1.0,True,9
large113_assisted,khot_error,0,201,17,-6.0,True,17
large113_assisted,khot_error,0,202,20,-9.0,True,20
large113_assisted,khot_error,0,203,350,-350.0,False,23
large113_assisted,khot_error,0,204,188,-177.0,True,26
large113_assisted,khot_error,0,205,28,-17.0,True,26
large113_assisted,khot_error,0,206,11,0.0,True,11
large113_assisted,khot_error,0,207,27,-16.0,True,25
large113_assisted,khot_error,0,208,223,-212.0,True,29
large113_assisted,khot_error,0,209,4,7.0,True,4
large113_assisted,khot_error,0,210,30,-19.0,True,29
large113_assisted,khot_error,0,211,24,-13.0,True,24
large113_assisted,khot_error,0,212,10,1.0,True,10
large113_assisted,khot_error,0,213,14,-3.0,True,13
large113_assisted,khot_error,0,214,167,-156.0,True,24
large113_assisted,khot_error,0,215,21,-10.0,True,21
large113_assisted,khot_error,0,216,19,-8.0,True,19
large113_assisted,khot_error,0,217,8,3.0,True,6
large113_assisted,khot_error,0,218,20,-9.0,True,20
large113_assisted,khot_error,0,219,21,-10.0,True,16
large113_assisted,khot_error,0,220,29,-18.0,True,29
large113_assisted,khot_error,0,221,26,-15.0,True,26
large113_assisted,khot_error,0,222,14,-3.0,True,14
large113_assisted,khot_error,0,223,15,-4.0,True,15
large113_assisted,khot_error,0,224,17,-6.0,True,17
large113_assisted,khot_error,0,225,22,-11.0,True,22
large113_assisted,khot_error,0,226,17,-6.0,True,16
large113_assisted,khot_error,0,227,9,2.0,True,9
large113_assisted,khot_error,0,228,27,-16.0,True,27
large113_assisted,khot_error,0,229,23,-12.0,True,23
large113_assisted,khot_error,0,230,15,-4.0,True,15
large113_assisted,khot_error,0,231,11,0.0,True,11
large113_assisted,khot_error,0,232,7,4.0,True,7
large113_assisted,khot_error,0,233,28,-17.0,True,28
large113_assisted,khot_error,0,234,24,-13.0,True,24
large113_assisted,khot_error,0,235,7,4.0,True,7
large113_assisted,khot_error,0,236,23,-12.0,True,23
large113_assisted,khot_error,0,237,11,0.0,True,11
large113_assisted,khot_error,0,238,23,-12.0,True,23
large113_assisted,khot_error,0,239,10,1.0,True,10
large113_assisted,khot_error,0,240,23,-12.0,True,23
large113_assisted,khot_error,0,241,17,-6.0,True,17
large113_assisted,khot_error,0,242,29,-18.0,True,29
large113_assisted,khot_error,0,243,5,6.0,True,5
large113_assisted,khot_error,0,244,28,-17.0,True,28
large113_assisted,khot_error,0,245,28,-17.0,True,28
large113_assisted,khot_error,0,246,13,-2.0,True,13
large113_assisted,khot_error,0,247,13,-2.0,True,13
large113_assisted,khot_error,0,248,12,-1.0,True,12
large113_assisted,khot_error,0,249,25,-14.0,True,21
large113_assisted,khot_error,0,250,26,-15.0,True,26
large113_assisted,khot_error,0,251,13,-2.0,True,13
large113_assisted,khot_error,0,252,24,-13.0,True,24
large113_assisted,khot_error,0,253,20,-9.0,True,20
large113_assisted,khot_error,0,254,26,-15.0,True,26
large113_assisted,khot_error,0,255,19,-8.0,True,19
large113_assisted,khot_error,0,256,25,-14.0,True,25
large113_assisted,khot_error,0,257,14,-3.0,True,14
large113_assisted,khot_error,0,258,27,-16.0,True,26
large113_assisted,khot_error,0,259,15,-4.0,True,15
large113_assisted,khot_error,0,260,29,-18.0,True,27
large113_assisted,khot_error,0,261,21,-10.0,True,21
large113_assisted,khot_error,0,262,10,1.0,True,10
large113_assisted,khot_error,0,263,19,-8.0,True,19
large113_assisted,khot_error,0,264,2,9.0,True,2
large113_assisted,khot_error,0,265,19,-8.0,True,19
large113_assisted,khot_error,0,266,22,-11.0,True,22
large113_assisted,khot_error,0,267,16,-5.0,True,16
large113_assisted,khot_error,0,268,1,10.0,True,1
large113_assisted,khot_error,0,269,350,-350.0,False,18
large113_assisted,khot_error,0,270,320,-309.0,True,18
large113_assisted,khot_error,0,271,7,4.0,True,7
large113_assisted,khot_error,0,272,23,-12.0,True,23
large113_assisted,khot_error,0,273,20,-9.0,True,18
large113_assisted,khot_error,0,274,2,9.0,True,2
large113_assisted,khot_error,0,275,8,3.0,True,8
large113_assisted,khot_error,0,276,25,-14.0,True,24
large113_assisted,khot_error,0,277,25,-14.0,True,25
large113_assisted,khot_error,0,278,25,-14.0,True,25
large113_assisted,khot_error,0,279,26,-15.0,True,26
large113_assisted,khot_error,0,280,10,1.0,True,10
large113_assisted,khot_error,0,281,19,-8.0,True,19
large113_assisted,khot_error,0,282,29,-18.0,True,29
large113_assisted,khot_error,0,283,350,-350.0,False,24
large113_assisted,khot_error,0,284,3,8.0,True,3
large113_assisted,khot_error,0,285,20,-9.0,True,20
large113_assisted,khot_error,0,286,28,-17.0,True,23
large113_assisted,khot_error,0,287,27,-16.0,True,27
large113_assisted,khot_error,0,288,23,-12.0,True,23
large113_assisted,khot_error,0,289,9,2.0,True,9
large113_assisted,khot_error,0,290,350,-350.0,False,23
large113_assisted,khot_error,0,291,17,-6.0,True,17
large113_assisted,khot_error,0,292,3,8.0,True,3
large113_assisted,khot_error,0,293,28,-17.0,True,27
large113_assisted,khot_error,0,294,23,-12.0,True,23
large113_assisted,khot_error,0,295,31,-20.0,True,29
large113_assisted,khot_error,0,296,8,3.0,True,8
large113_assisted,khot_error,0,297,2,9.0,True,2
large113_assisted,khot_error,0,298,7,4.0,True,7
large113_assisted,khot_error,0,299,24,-13.0,True,24
large113_assisted,khot_error,0,300,1,10.0,True,1
large113_assisted,khot_error,0,301,25,-14.0,True,25
large113_assisted,khot_error,0,302,7,4.0,True,7
large113_assisted,khot_error,0,303,15,-4.0,True,15
large113_assisted,khot_error,0,304,23,-12.0,True,23
large113_assisted,khot_error,0,305,29,-18.0,True,27
large113_assisted,khot_error,0,306,350,-350.0,False,16
large113_assisted,khot_error,0,307,25,-14.0,True,25
large113_assisted,khot_error,0,308,26,-15.0,True,26
large113_assisted,khot_error,0,309,27,-16.0,True,26
large113_assisted,khot_error,0,310,13,-2.0,True,13
large113_assisted,khot_error,0,311,28,-17.0,True,27
large113_assisted,khot_error,0,312,18,-7.0,True,15
large113_assisted,khot_error,0,313,27,-16.0,True,27
large113_assisted,khot_error,0,314,20,-9.0,True,20
large113_assisted,khot_error,0,315,22,-11.0,True,22
large113_assisted,khot_error,0,316,31,-20.0,True,28
large113_assisted,khot_error,0,317,28,-17.0,True,26
large113_assisted,khot_error,0,318,6,5.0,True,6
large113_assisted,khot_error,0,319,7,4.0,True,7
large113_assisted,khot_error,0,320,5,6.0,True,5
large113_assisted,khot_error,0,321,7,4.0,True,7
large113_assisted,khot_error,0,322,25,-14.0,True,23
large113_assisted,khot_error,0,323,4,7.0,True,4
large113_assisted,khot_error,0,324,350,-350.0,False,24
large113_assisted,khot_error,0,325,28,-17.0,True,28
large113_assisted,khot_error,0,326,10,1.0,True,10
large113_assisted,khot_error,0,327,4,7.0,True,4
large113_assisted,khot_error,0,328,10,1.0,True,10
large113_assisted,khot_error,0,329,17,-6.0,True,17
large113_assisted,khot_error,0,330,15,-4.0,True,11
large113_assisted,khot_error,0,331,77,-66.0,True,24
large113_assisted,khot_error,0,332,18,-7.0,True,18
large113_assisted,khot_error,0,333,29,-18.0,True,25
large113_assisted,khot_error,0,334,253,-242.0,True,23
large113_assisted,khot_error,0,335,21,-10.0,True,21
large113_assisted,khot_error,0,336,18,-7.0,True,16
large113_assisted,khot_error,0,337,27,-16.0,True,27
large113_assisted,khot_error,0,338,16,-5.0,True,16
large113_assisted,khot_error,0,339,31,-20.0,True,28
large113_assisted,khot_error,0,340,2,9.0,True,2
large113_assisted,khot_error,0,341,31,-20.0,True,30
large113_assisted,khot_error,0,342,9,2.0,True,9
large113_assisted,khot_error,0,343,26,-15.0,True,26
large113_assisted,khot_error,0,344,14,-3.0,True,11
large113_assisted,khot_error,0,345,12,-1.0,True,12
large113_assisted,khot_error,0,346,17,-6.0,True,17
large113_assisted,khot_error,0,347,11,0.0,True,11
large113_assisted,khot_error,0,348,24,-13.0,True,23
large113_assisted,khot_error,0,349,28,-17.0,True,28
large113_assisted,khot_error,0,350,27,-16.0,True,15
large113_assisted,khot_error,0,351,25,-14.0,True,25
large113_assisted,khot_error,0,352,26,-15.0,True,26
large113_assisted,khot_error,0,353,31,-20.0,True,30
large113_assisted,khot_error,0,354,17,-6.0,True,17
large113_assisted,khot_error,0,355,25,-14.0,True,25
large113_assisted,khot_error,0,356,8,3.0,True,8
large113_assisted,khot_error,0,357,25,-14.0,True,23
large113_assisted,khot_error,0,358,30,-19.0,True,28
large113_assisted,khot_error,0,359,14,-3.0,True,14
large113_assisted,khot_error,0,360,11,0.0,True,11
large113_assisted,khot_error,0,361,19,-8.0,True,19
large113_assisted,khot_error,0,362,23,-12.0,True,23
large113_assisted,khot_error,0,363,27,-16.0,True,24
large113_assisted,khot_error,0,364,4,7.0,True,4
large113_assisted,khot_error,0,365,276,-265.0,True,23
large113_assisted,khot_error,0,366,26,-15.0,True,24
large113_assisted,khot_error,0,367,18,-7.0,True,18
large113_assisted,khot_error,0,368,30,-19.0,True,28
large113_assisted,khot_error,0,369,11,0.0,True,11
large113_assisted,khot_error,0,370,25,-14.0,True,25
large113_assisted,khot_error,0,371,350,-350.0,False,21
large113_assisted,khot_error,0,372,25,-14.0,True,25
large113_assisted,khot_error,0,373,10,1.0,True,9
large113_assisted,khot_error,0,374,7,4.0,True,7
large113_assisted,khot_error,0,375,21,-10.0,True,21
large113_assisted,khot_error,0,376,31,-20.0,True,29
large113_assisted,khot_error,0,377,22,-11.0,True,22
large113_assisted,khot_error,0,378,7,4.0,True,7
large113_assisted,khot_error,0,379,27,-16.0,True,27
large113_assisted,khot_error,0,380,22,-11.0,True,21
large113_assisted,khot_error,0,381,16,-5.0,True,16
large113_assisted,khot_error,0,382,17,-6.0,True,17
large113_assisted,khot_error,0,383,27,-16.0,True,27
large113_assisted,khot_error,0,384,3,8.0,True,3
large113_assisted,khot_error,0,385,6,5.0,True,6
large113_assisted,khot_error,0,386,23,-12.0,True,23
large113_assisted,khot_error,0,387,10,1.0,True,10
large113_assisted,khot_error,0,388,22,-11.0,True,22
large113_assisted,khot_error,0,389,15,-4.0,True,15
large113_assisted,khot_error,0,390,6,5.0,True,6
large113_assisted,khot_error,0,391,11,0.0,True,10
large113_assisted,khot_error,0,392,16,-5.0,True,15
large113_assisted,khot_error,0,393,21,-10.0,True,21
large113_assisted,khot_error,0,394,15,-4.0,True,15
large113_assisted,khot_error,0,395,27,-16.0,True,27
large113_assisted,khot_error,0,396,10,1.0,True,10
large113_assisted,khot_error,0,397,9,2.0,True,9
large113_assisted,khot_error,0,398,13,-2.0,True,13
large113_assisted,khot_error,0,399,23,-12.0,True,22
large113_assisted,khot_decay,0,0,350,-350.0,False,28
large113_assisted,khot_decay,0,1,350,-350.0,False,19
large113_assisted,khot_decay,0,2,246,-235.0,True,5
large113_assisted,khot_decay,0,3,68,-57.0,True,24
large113_assisted,khot_decay,0,4,107,-96.0,True,2
large113_assisted,khot_decay,0,5,175,-164.0,True,9
large113_assisted,khot_decay,0,6,77,-66.0,True,27
large113_assisted,khot_decay,0,7,104,-93.0,True,28
large113_assisted,khot_decay,0,8,342,-331.0,True,25
large113_assisted,khot_decay,0,9,186,-175.0,True,15
large113_assisted,khot_decay,0,10,350,-350.0,False,20
large113_assisted,khot_decay,0,11,350,-350.0,False,19
large113_assisted,khot_decay,0,12,350,-350.0,False,27
large113_assisted,khot_decay,0,13,350,-350.0,False,13
large113_assisted,khot_decay,0,14,350,-350.0,False,14
large113_assisted,khot_decay,0,15,350,-350.0,False,20
large113_assisted,khot_decay,0,16,350,-350.0,False,15
large113_assisted,khot_decay,0,17,350,-350.0,False,11
large113_assisted,khot_decay,0,18,350,-350.0,False,30
large113_assisted,khot_decay,0,19,1,10.0,True,1
large113_assisted,khot_decay,0,20,350,-350.0,False,25
large113_assisted,khot_decay,0,21,4,7.0,True,3
large113_assisted,khot_decay,0,22,350,-350.0,False,9
large113_assisted,khot_decay,0,23,350,-350.0,False,22
large113_assisted,khot_decay,0,24,194,-183.0,True,6
large113_assisted,khot_decay,0,25,350,-350.0,False,19
large113_assisted,khot_decay,0,26,350,-350.0,False,10
large113_assisted,khot_decay,0,27,350,-350.0,False,2
large113_assisted,khot_decay,0,28,350,-350.0,False,22
large113_assisted,khot_decay,0,29,350,-350.0,False,27
large113_assisted,khot_decay,0,30,350,-350.0,False,18
large113_assisted,khot_decay,0,31,350,-350.0,False,13
large113_assisted,khot_decay,0,32,350,-350.0,False,14
large113_assisted,khot_decay,0,33,350,-350.0,False,28
large113_assisted,khot_decay,0,34,350,-350.0,False,24
large113_assisted,khot_decay,0,35,350,-350.0,False,16
large113_assisted,khot_decay,0,36,350,-350.0,False,5
large113_assisted,khot_decay,0,37,189,-178.0,True,6
large113_assisted,khot_decay,0,38,350,-350.0,False,26
large113_assisted,khot_decay,0,39,350,-350.0,False,25
large113_assisted,khot_decay,0,40,350,-350.0,False,10
large113_assisted,khot_decay,0,41,41,-30.0,True,3
large113_assisted,khot_decay,0,42,350,-350.0,False,3
large113_assisted,khot_decay,0,43,350,-350.0,False,21
large113_assisted,khot_decay,0,44,87,-76.0,True,5
large113_assisted,khot_decay,0,45,291,-280.0,True,5
large113_assisted,khot_decay,0,46,201,-190.0,True,2
large113_assisted,khot_decay,0,47,350,-350.0,False,12
large113_assisted,khot_decay,0,48,350,-350.0,False,11
large113_assisted,khot_decay,0,49,350,-350.0,False,26
large113_assisted,khot_decay,0,50,350,-350.0,False,5
large113_assisted,khot_decay,0,51,350,-350.0,False,14
large113_assisted,khot_decay,0,52,99,-88.0,True,2
large113_assisted,khot_decay,0,53,350,-350.0,False,25
large113_assisted,khot_decay,0,54,350,-350.0,False,22
large113_assisted,khot_decay,0,55,350,-350.0,False,23
large113_assisted,khot_decay,0,56,350,-350.0,False,29
large113_assisted,khot_decay,0,57,350,-350.0,False,7
large113_assisted,khot_decay,0,58,350,-350.0,False,26
large113_assisted,khot_decay,0,59,350,-350.0,False,5
large113_assisted,khot_decay,0,60,350,-350.0,False,18
large113_assisted,khot_decay,0,61,350,-350.0,False,23
large113_assisted,khot_decay,0,62,350,-350.0,False,24
large113_assisted,khot_decay,0,63,350,-350.0,False,12
large113_assisted,khot_decay,0,64,350,-350.0,False,27
large113_assisted,khot_decay,0,65,136,-125.0,True,3
large113_assisted,khot_decay,0,66,350,-350.0,False,24
large113_assisted,khot_decay,0,67,350,-350.0,False,22
large113_assisted,khot_decay,0,68,350,-350.0,False,9
large113_assisted,khot_decay,0,69,350,-350.0,False,18
large113_assisted,khot_decay,0,70,350,-350.0,False,17
large113_assisted,khot_decay,0,71,350,-350.0,False,23
large113_assisted,khot_decay,0,72,350,-350.0,False,8
large113_assisted,khot_decay,0,73,350,-350.0,False,20
large113_assisted,khot_decay,0,74,350,-350.0,False,22
large113_assisted,khot_decay,0,75,181,-170.0,True,3
large113_assisted,khot_decay,0,76,350,-350.0,False,28
large113_assisted,khot_decay,0,77,350,-350.0,False,26
large113_assisted,khot_decay,0,78,350,-350.0,False,28
large113_assisted,khot_decay,0,79,350,-350.0,False,12
large113_assisted,khot_decay,0,80,350,-350.0,False,23
large113_assisted,khot_decay,0,81,350,-350.0,False,7
large113_assisted,khot_decay,0,82,350,-350.0,False,21
large113_assisted,khot_decay,0,83,350,-350.0,False,30
large113_assisted,khot_decay,0,84,350,-350.0,False,26
large113_assisted,khot_decay,0,85,350,-350.0,False,20
large113_assisted,khot_decay,0,86,350,-350.0,False,30
large113_assisted,khot_decay,0,87,350,-350.0,False,18
large113_assisted,khot_decay,0,88,350,-350.0,False,30
large113_assisted,khot_decay,0,89,350,-350.0,False,23
large113_assisted,khot_decay,0,90,350,-350.0,False,27
large113_assisted,khot_decay,0,91,350,-350.0,False,7
large113_assisted,khot_decay,0,92,350,-350.0,False,1
large113_assisted,khot_decay,0,93,350,-350.0,False,28
large113_assisted,khot_decay,0,94,350,-350.0,False,22
large113_assisted,khot_decay,0,95,350,-350.0,False,5
large113_assisted,khot_decay,0,96,350,-350.0,False,26
large113_assisted,khot_decay,0,97,350,-350.0,False,11
large113_assisted,khot_decay,0,98,350,-350.0,False,17
large113_assisted,khot_decay,0,99,350,-350.0,False,25
large113_assisted,khot_decay,0,100,350,-350.0,False,6
large113_assisted,khot_decay,0,101,350,-350.0,False,24
large113_assisted,khot_decay,0,102,350,-350.0,False,2
large113_assisted,khot_decay,0,103,350,-350.0,False,22
large113_assisted,khot_decay,0,104,350,-350.0,False,23
large113_assisted,khot_decay,0,105,200,-189.0,True,2
large113_assisted,khot_decay,0,106,350,-350.0,False,12
large113_assisted,khot_decay,0,107,350,-350.0,False,26
large113_assisted,khot_decay,0,108,350,-350.0,False,8
large113_assisted,khot_decay,0,109,350,-350.0,False,19
large113_assisted,khot_decay,0,110,350,-350.0,False,21
large113_assisted,khot_decay,0,111,350,-350.0,False,27
large113_assisted,khot_decay,0,112,350,-350.0,False,23
large113_assisted,khot_decay,0,113,350,-350.0,False,20
large113_assisted,khot_decay,0,114,350,-350.0,False,21
large113_assisted,khot_decay,0,115,350,-350.0,False,23
large113_assisted,khot_decay,0,116,350,-350.0,False,20
large113_assisted,khot_decay,0,117,350,-350.0,False,15
large113_assisted,khot_decay,0,118,350,-350.0,False,14
large113_assisted,khot_decay,0,119,350,-350.0,False,15
large113_assisted,khot_decay,0,120,350,-350.0,False,16
large113_assisted,khot_decay,0,121,350,-350.0,False,23
large113_assisted,khot_decay,0,122,350,-350.0,False,26
large113_assisted,khot_decay,0,123,350,-350.0,False,6
large113_assisted,khot_decay,0,124,350,-350.0,False,8
large113_assisted,khot_decay,0,125,350,-350.0,False,23
large113_assisted,khot_decay,0,126,350,-350.0,False,16
large113_assisted,khot_decay,0,127,350,-350.0,False,29
large113_assisted,khot_decay,0,128,350,-350.0,False,23
large113_assisted,khot_decay,0,129,350,-350.0,False,19
large113_assisted,khot_decay,0,130,350,-350.0,False,9
large113_assisted,khot_decay,0,131,262,-251.0,True,3
large113_assisted,khot_decay,0,132,350,-350.0,False,12
large113_assisted,khot_decay,0,133,350,-350.0,False,24
large113_assisted,khot_decay,0,134,350,-350.0,False,12
large113_assisted,khot_decay,0,135,350,-350.0,False,12
large113_assisted,khot_decay,0,136,350,-350.0,False,5
large113_assisted,khot_decay,0,137,350,-350.0,False,12
large113_assisted,khot_decay,0,138,350,-350.0,False,5
large113_assisted,khot_decay,0,139,350,-350.0,False,15
large113_assisted,khot_decay,0,140,350,-350.0,False,13
large113_assisted,khot_decay,0,141,350,-350.0,False,16
large113_assisted,khot_decay,0,142,350,-350.0,False,20
large113_assisted,khot_decay,0,143,350,-350.0,False,14
large113_assisted,khot_decay,0,144,350,-350.0,False,14
large113_assisted,khot_decay,0,145,350,-350.0,False,16
large113_assisted,khot_decay,0,146,350,-350.0,False,30
large113_assisted,khot_decay,0,147,350,-350.0,False,16
large113_assisted,khot_decay,0,148,350,-350.0,False,21
large113_assisted,khot_decay,0,149,350,-350.0,False,17
large113_assisted,khot_decay,0,150,350,-350.0,False,28
large113_assisted,khot_decay,0,151,350,-350.0,False,30
large113_assisted,khot_decay,0,152,350,-350.0,False,19
large113_assisted,khot_decay,0,153,350,-350.0,False,24
large113_assisted,khot_decay,0,154,350,-350.0,False,14
large113_assisted,khot_decay,0,155,350,-350.0,False,22
large113_assisted,khot_decay,0,156,350,-350.0,False,28
large113_assisted,khot_decay,0,157,350,-350.0,False,25
large113_assisted,khot_decay,0,158,350,-350.0,False,16
large113_assisted,khot_decay,0,159,350,-350.0,False,22
large113_assisted,khot_decay,0,160,350,-350.0,False,12
large113_assisted,khot_decay,0,161,350,-350.0,False,5
large113_assisted,khot_decay,0,162,1,10.0,True,1
large113_assisted,khot_decay,0,163,350,-350.0,False,26
large113_assisted,khot_decay,0,164,350,-350.0,False,19
large113_assisted,khot_decay,0,165,350,-350.0,False,8
large113_assisted,khot_decay,0,166,350,-350.0,False,27
large113_assisted,khot_decay,0,167,350,-350.0,False,19
large113_assisted,khot_decay,0,168,350,-350.0,False,10
large113_assisted,khot_decay,0,169,350,-350.0,False,5
large113_assisted,khot_decay,0,170,350,-350.0,False,15
large113_assisted,khot_decay,0,171,350,-350.0,False,27
large113_assisted,khot_decay,0,172,350,-350.0,False,28
large113_assisted,khot_decay,0,173,350,-350.0,False,22
large113_assisted,khot_decay,0,174,350,-350.0,False,28
large113_assisted,khot_decay,0,175,350,-350.0,False,14
large113_assisted,khot_decay,0,176,350,-350.0,False,10
large113_assisted,khot_decay,0,177,350,-350.0,False,17
large113_assisted,khot_decay,0,178,350,-350.0,False,10
large113_assisted,khot_decay,0,179,350,-350.0,False,15
large113_assisted,khot_decay,0,180,350,-350.0,False,17
large113_assisted,khot_decay,0,181,350,-350.0,False,6
large113_assisted,khot_decay,0,182,350,-350.0,False,21
large113_assisted,khot_decay,0,183,350,-350.0,False,4
large113_assisted,khot_decay,0,184,350,-350.0,False,27
large113_assisted,khot_decay,0,185,350,-350.0,False,29
large113_assisted,khot_decay,0,186,350,-350.0,False,13
large113_assisted,khot_decay,0,187,350,-350.0,False,28
large113_assisted,khot_decay,0,188,350,-350.0,False,9
large113_assisted,khot_decay,0,189,350,-350.0,False,30
large113_assisted,khot_decay,0,190,350,-350.0,False,17
large113_assisted,khot_decay,0,191,350,-350.0,False,12
large113_assisted,khot_decay,0,192,350,-350.0,False,10
large113_assisted,khot_decay,0,193,350,-350.0,False,21
large113_assisted,khot_decay,0,194,350,-350.0,False,24
large113_assisted,khot_decay,0,195,350,-350.0,False,12
large113_assisted,khot_decay,0,196,350,-350.0,False,22
large113_assisted,khot_decay,0,197,350,-350.0,False,10
large113_assisted,khot_decay,0,198,350,-350.0,False,24
large113_assisted,khot_decay,0,199,350,-350.0,False,13
large113_assisted,khot_decay,0,200,350,-350.0,False,9
large113_assisted,khot_decay,0,201,350,-350.0,False,17
large113_assisted,khot_decay,0,202,350,-350.0,False,20
large113_assisted,khot_decay,0,203,350,-350.0,False,23
large113_assisted,khot_decay,0,204,350,-350.0,False,26
large113_assisted,khot_decay,0,205,350,-350.0,False,26
large113_assisted,khot_decay,0,206,350,-350.0,False,11
large113_assisted,khot_decay,0,207,350,-350.0,False,25
large113_assisted,khot_decay,0,208,350,-350.0,False,29
large113_assisted,khot_decay,0,209,350,-350.0,False,4
large113_assisted,khot_decay,0,210,350,-350.0,False,29
large113_assisted,khot_decay,0,211,350,-350.0,False,24
large113_assisted,khot_decay,0,212,350,-350.0,False,10
large113_assisted,khot_decay,0,213,350,-350.0,False,13
large113_assisted,khot_decay,0,214,350,-350.0,False,24
large113_assisted,khot_decay,0,215,350,-350.0,False,21
large113_assisted,khot_decay,0,216,350,-350.0,False,19
large113_assisted,khot_decay,0,217,350,-350.0,False,6
large113_assisted,khot_decay,0,218,350,-350.0,False,20
large113_assisted,khot_decay,0,219,350,-350.0,False,16
large113_assisted,khot_decay,0,220,350,-350.0,False,29
large113_assisted,khot_decay,0,221,350,-350.0,False,26
large113_assisted,khot_decay,0,222,350,-350.0,False,14
large113_assisted,khot_decay,0,223,350,-350.0,False,15
large113_assisted,khot_decay,0,224,350,-350.0,False,17
large113_assisted,khot_decay,0,225,350,-350.0,False,22
large113_assisted,khot_decay,0,226,350,-350.0,False,16
large113_assisted,khot_decay,0,227,350,-350.0,False,9
large113_assisted,khot_decay,0,228,350,-350.0,False,27
large113_assisted,khot_decay,0,229,350,-350.0,False,23
large113_assisted,khot_decay,0,230,350,-350.0,False,15
large113_assisted,khot_decay,0,231,350,-350.0,False,11
large113_assisted,khot_decay,0,232,350,-350.0,False,7
large113_assisted,khot_decay,0,233,350,-350.0,False,28
large113_assisted,khot_decay,0,234,350,-350.0,False,24
large113_assisted,khot_decay,0,235,350,-350.0,False,7
large113_assisted,khot_decay,0,236,350,-350.0,False,23
large113_assisted,khot_decay,0,237,350,-350.0,False,11
large113_assisted,khot_decay,0,238,350,-350.0,False,23
large113_assisted,khot_decay,0,239,350,-350.0,False,10
large113_assisted,khot_decay,0,240,350,-350.0,False,23
large113_assisted,khot_decay,0,241,350,-350.0,False,17
large113_assisted,khot_decay,0,242,350,-350.0,False,29
large113_assisted,khot_decay,0,243,350,-350.0,False,5
large113_assisted,khot_decay,0,244,350,-350.0,False,28
large113_assisted,khot_decay,0,245,350,-350.0,False,28
large113_assisted,khot_decay,0,246,350,-350.0,False,13
large113_assisted,khot_decay,0,247,350,-350.0,False,13
large113_assisted,khot_decay,0,248,350,-350.0,False,12
large113_assisted,khot_decay,0,249,350,-350.0,False,21
large113_assisted,khot_decay,0,250,350,-350.0,False,26
large113_assisted,khot_decay,0,251,350,-350.0,False,13
large113_assisted,khot_decay,0,252,350,-350.0,False,24
large113_assisted,khot_decay,0,253,350,-350.0,False,20
large113_assisted,khot_decay,0,254,350,-350.0,False,26
large113_assisted,khot_decay,0,255,350,-350.0,False,19
large113_assisted,khot_decay,0,256,350,-350.0,False,25
large113_assisted,khot_decay,0,257,350,-350.0,False,14
large113_assisted,khot_decay,0,258,350,-350.0,False,26
large113_assisted,khot_decay,0,259,350,-350.0,False,15
large113_assisted,khot_decay,0,260,350,-350.0,False,27
large113_assisted,khot_decay,0,261,350,-350.0,False,21
large113_assisted,khot_decay,0,262,350,-350.0,False,10
large113_assisted,khot_decay,0,263,350,-350.0,False,19
large113_assisted,khot_decay,0,264,6,5.0,True,2
large113_assisted,khot_decay,0,265,350,-350.0,False,19
large113_assisted,khot_decay,0,266,350,-350.0,False,22
large113_assisted,khot_decay,0,267,350,-350.0,False,16
large113_assisted,khot_decay,0,268,350,-350.0,False,1
large113_assisted,khot_decay,0,269,350,-350.0,False,18
large113_assisted,khot_decay,0,270,350,-350.0,False,18
large113_assisted,khot_decay,0,271,350,-350.0,False,7
large113_assisted,khot_decay,0,272,350,-350.0,False,23
large113_assisted,khot_decay,0,273,350,-350.0,False,18
large113_assisted,khot_decay,0,274,350,-350.0,False,2
large113_assisted,khot_decay,0,275,350,-350.0,False,8
large113_assisted,khot_decay,0,276,350,-350.0,False,24
large113_assisted,khot_decay,0,277,350,-350.0,False,25
large113_assisted,khot_decay,0,278,350,-350.0,False,25
large113_assisted,khot_decay,0,279,350,-350.0,False,26
large113_assisted,khot_decay,0,280,350,-350.0,False,10
large113_assisted,khot_decay,0,281,350,-350.0,False,19
large113_assisted,khot_decay,0,282,350,-350.0,False,29
large113_assisted,khot_decay,0,283,350,-350.0,False,24
large113_assisted,khot_decay,0,284,350,-350.0,False,3
large113_assisted,khot_decay,0,285,350,-350.0,False,20
large113_assisted,khot_decay,0,286,350,-350.0,False,23
large113_assisted,khot_decay,0,287,350,-350.0,False,27
large113_assisted,khot_decay,0,288,350,-350.0,False,23
large113_assisted,khot_decay,0,289,350,-350.0,False,9
large113_assisted,khot_decay,0,290,350,-350.0,False,23
large113_assisted,khot_decay,0,291,350,-350.0,False,17
large113_assisted,khot_decay,0,292,350,-350.0,False,3
large113_assisted,khot_decay,0,293,350,-350.0,False,27
large113_assisted,khot_decay,0,294,350,-350.0,False,23
large113_assisted,khot_decay,0,295,350,-350.0,False,29
large113_assisted,khot_decay,0,296,350,-350.0,False,8
large113_assisted,khot_decay,0,297,350,-350.0,False,2
large113_assisted,khot_decay,0,298,350,-350.0,False,7
large113_assisted,khot_decay,0,299,350,-350.0,False,24
large113_assisted,khot_decay,0,300,1,10.0,True,1
large113_assisted,khot_decay,0,301,350,-350.0,False,25
large113_assisted,khot_decay,0,302,350,-350.0,False,7
large113_assisted,khot_decay,0,303,350,-350.0,False,15
large113_assisted,khot_decay,0,304,350,-350.0,False,23
large113_assisted,khot_decay,0,305,350,-350.0,False,27
large113_assisted,khot_decay,0,306,350,-350.0,False,16
large113_assisted,khot_decay,0,307,350,-350.0,False,25
large113_assisted,khot_decay,0,308,350,-350.0,False,26
large113_assisted,khot_decay,0,309,350,-350.0,False,26
large113_assisted,khot_decay,0,310,350,-350.0,False,13
large113_assisted,khot_decay,0,311,350,-350.0,False,27
large113_assisted,khot_decay,0,312,350,-350.0,False,15
large113_assisted,khot_decay,0,313,350,-350.0,False,27
large113_assisted,khot_decay,0,314,350,-350.0,False,20
large113_assisted,khot_decay,0,315,350,-350.0,False,22
large113_assisted,khot_decay,0,316,350,-350.0,False,28
large113_assisted,khot_decay,0,317,350,-350.0,False,26
large113_assisted,khot_decay,0,318,350,-350.0,False,6
large113_assisted,khot_decay,0,319,350,-350.0,False,7
large113_assisted,khot_decay,0,320,350,-350.0,False,5
large113_assisted,khot_decay,0,321,350,-350.0,False,7
large113_assisted,khot_decay,0,322,350,-350.0,False,23
large113_assisted,khot_decay,0,323,350,-350.0,False,4
large113_assisted,khot_decay,0,324,350,-350.0,False,24
large113_assisted,khot_decay,0,325,350,-350.0,False,28
large113_assisted,khot_decay,0,326,350,-350.0,False,10
large113_assisted,khot_decay,0,327,340,-329.0,True,4
large113_assisted,khot_decay,0,328,350,-350.0,False,10
large113_assisted,khot_decay,0,329,350,-350.0,False,17
large113_assisted,khot_decay,0,330,350,-350.0,False,11
large113_assisted,khot_decay,0,331,350,-350.0,False,24
large113_assisted,khot_decay,0,332,350,-350.0,False,18
large113_assisted,khot_decay,0,333,350,-350.0,False,25
large113_assisted,khot_decay,0,334,350,-350.0,False,23
large113_assisted,khot_decay,0,335,350,-350.0,False,21
large113_assisted,khot_decay,0,336,350,-350.0,False,16
large113_assisted,khot_decay,0,337,350,-350.0,False,27
large113_assisted,khot_decay,0,338,350,-350.0,False,16
large113_assisted,khot_decay,0,339,350,-350.0,False,28
large113_assisted,khot_decay,0,340,350,-350.0,False,2
large113_assisted,khot_decay,0,341,350,-350.0,False,30
large113_assisted,khot_decay,0,342,350,-350.0,False,9
large113_assisted,khot_decay,0,343,350,-350.0,False,26
large113_assisted,khot_decay,0,344,350,-350.0,False,11
large113_assisted,khot_decay,0,345,350,-350.0,False,12
large113_assisted,khot_decay,0,346,350,-350.0,False,17
large113_assisted,khot_decay,0,347,350,-350.0,False,11
large113_assisted,khot_decay,0,348,350,-350.0,False,23
large113_assisted,khot_decay,0,349,350,-350.0,False,28
large113_assisted,khot_decay,0,350,350,-350.0,False,15
large113_assisted,khot_decay,0,351,350,-350.0,False,25
large113_assisted,khot_decay,0,352,350,-350.0,False,26
large113_assisted,khot_decay,0,353,350,-350.0,False,30
large113_assisted,khot_decay,0,354,350,-350.0,False,17
large113_assisted,khot_decay,0,355,350,-350.0,False,25
large113_assisted,khot_decay,0,356,350,-350.0,False,8
large113_assisted,khot_decay,0,357,350,-350.0,False,23
large113_assisted,khot_decay,0,358,350,-350.0,False,28
large113_assisted,khot_decay,0,359,350,-350.0,False,14
large113_assisted,khot_decay,0,360,350,-350.0,False,11
large113_assisted,khot_decay,0,361,350,-350.0,False,19
large113_assisted,khot_decay,0,362,350,-350.0,False,23
large113_assisted,khot_decay,0,363,350,-350.0,False,24
large113_assisted,khot_decay,0,364,350,-350.0,False,4
large113_assisted,khot_decay,0,365,350,-350.0,False,23
large113_assisted,khot_decay,0,366,350,-350.0,False,24
large113_assisted,khot_decay,0,367,350,-350.0,False,18
large113_assisted,khot_decay,0,368,350,-350.0,False,28
large113_assisted,khot_decay,0,369,350,-350.0,False,11
large113_assisted,khot_decay,0,370,350,-350.0,False,25
large113_assisted,khot_decay,0,371,350,-350.0,False,21
large113_assisted,khot_decay,0,372,350,-350.0,False,25
large113_assisted,khot_decay,0,373,350,-350.0,False,9
large113_assisted,khot_decay,0,374,350,-350.0,False,7
large113_assisted,khot_decay,0,375,350,-350.0,False,21
large113_assisted,khot_decay,0,376,350,-350.0,False,29
large113_assisted,khot_decay,0,377,350,-350.0,False,22
large113_assisted,khot_decay,0,378,350,-350.0,False,7
large113_assisted,khot_decay,0,379,350,-350.0,False,27
large113_assisted,khot_decay,0,380,350,-350.0,False,21
large113_assisted,khot_decay,0,381,350,-350.0,False,16
large113_assisted,khot_decay,0,382,350,-350.0,False,17
large113_assisted,khot_decay,0,383,350,-350.0,False,27
large113_assisted,khot_decay,0,384,151,-140.0,True,3
large113_assisted,khot_decay,0,385,350,-350.0,False,6
large113_assisted,khot_decay,0,386,350,-350.0,False,23
large113_assisted,khot_decay,0,387,350,-350.0,False,10
large113_assisted,khot_decay,0,388,350,-350.0,False,22
large113_assisted,khot_decay,0,389,350,-350.0,False,15
large113_assisted,khot_decay,0,390,350,-350.0,False,6
large113_assisted,khot_decay,0,391,350,-350.0,False,10
large113_assisted,khot_decay,0,392,350,-350.0,False,15
large113_assisted,khot_decay,0,393,350,-350.0,False,21
large113_assisted,khot_decay,0,394,350,-350.0,False,15
large113_assisted,khot_decay,0,395,350,-350.0,False,27
large113_assisted,khot_decay,0,396,350,-350.0,False,10
large113_assisted,khot_decay,0,397,350,-350.0,False,9
large113_assisted,khot_decay,0,398,350,-350.0,False,13
large113_assisted,khot_decay,0,399,350,-350.0,False,22
large113_assisted,khot_rank,1,0,350,-350.0,False,24
large113_assisted,khot_rank,1,1,350,-350.0,False,18
large113_assisted,khot_rank,1,2,107,-96.0,True,2
large113_assisted,khot_rank,1,3,350,-350.0,False,26
large113_assisted,khot_rank,1,4,350,-350.0,False,25
large113_assisted,khot_rank,1,5,268,-257.0,True,19
large113_assisted,khot_rank,1,6,72,-61.0,True,10
large113_assisted,khot_rank,1,7,1,10.0,True,1
large113_assisted,khot_rank,1,8,23,-12.0,True,15
large113_assisted,khot_rank,1,9,16,-5.0,True,16
large113_assisted,khot_rank,1,10,21,-10.0,True,13
large113_assisted,khot_rank,1,11,130,-119.0,True,28
large113_assisted,khot_rank,1,12,143,-132.0,True,22
large113_assisted,khot_rank,1,13,22,-11.0,True,16
large113_assisted,khot_rank,1,14,32,-21.0,True,17
large113_assisted,khot_rank,1,15,17,-6.0,True,16
large113_assisted,khot_rank,1,16,25,-14.0,True,19
large113_assisted,khot_rank,1,17,57,-46.0,True,21
large113_assisted,khot_rank,1,18,17,-6.0,True,16
large113_assisted,khot_rank,1,19,15,-4.0,True,15
large113_assisted,khot_rank,1,20,8,3.0,True,6
large113_assisted,khot_rank,1,21,134,-123.0,True,29
large113_assisted,khot_rank,1,22,2,9.0,True,2
large113_assisted,khot_rank,1,23,2,9.0,True,2
large113_assisted,khot_rank,1,24,12,-1.0,True,12
large113_assisted,khot_rank,1,25,13,-2.0,True,10
large113_assisted,khot_rank,1,26,26,-15.0,True,23
large113_assisted,khot_rank,1,27,16,-5.0,True,16
large113_assisted,khot_rank,1,28,18,-7.0,True,17
large113_assisted,khot_rank,1,29,22,-11.0,True,22
large113_assisted,khot_rank,1,30,3,8.0,True,3
large113_assisted,khot_rank,1,31,27,-16.0,True,27
large113_assisted,khot_rank,1,32,13,-2.0,True,13
large113_assisted,khot_rank,1,33,21,-10.0,True,21
large113_assisted,khot_rank,1,34,16,-5.0,True,16
large113_assisted,khot_rank,1,35,16,-5.0,True,10
large113_assisted,khot_rank,1,36,13,-2.0,True,13
large113_assisted,khot_rank,1,37,18,-7.0,True,17
large113_assisted,khot_rank,1,38,21,-10.0,True,12
large113_assisted,khot_rank,1,39,38,-27.0,True,28
large113_assisted,khot_rank,1,40,23,-12.0,True,19
large113_assisted,khot_rank,1,41,20,-9.0,True,14
large113_assisted,khot_rank,1,42,141,-130.0,True,30
large113_assisted,khot_rank,1,43,7,4.0,True,5
large113_assisted,khot_rank,1,44,1,10.0,True,1
large113_assisted,khot_rank,1,45,9,2.0,True,7
large113_assisted,khot_rank,1,46,16,-5.0,True,13
large113_assisted,khot_rank,1,47,18,-7.0,True,17
large113_assisted,khot_rank,1,48,62,-51.0,True,24
large113_assisted,khot_rank,1,49,74,-63.0,True,26
large113_assisted,khot_rank,1,50,33,-22.0,True,18
large113_assisted,khot_rank,1,51,53,-42.0,True,25
large113_assisted,khot_rank,1,52,16,-5.0,True,16
large113_assisted,khot_rank,1,53,17,-6.0,True,15
large113_assisted,khot_rank,1,54,27,-16.0,True,23
large113_assisted,khot_rank,1,55,17,-6.0,True,17
large113_assisted,khot_rank,1,56,19,-8.0,True,17
large113_assisted,khot_rank,1,57,35,-24.0,True,26
large113_assisted,khot_rank,1,58,17,-6.0,True,10
large113_assisted,khot_rank,1,59,3,8.0,True,3
large113_assisted,khot_rank,1,60,25,-14.0,True,20
large113_assisted,khot_rank,1,61,27,-16.0,True,24
large113_assisted,khot_rank,1,62,21,-10.0,True,21
large113_assisted,khot_rank,1,63,28,-17.0,True,25
large113_assisted,khot_rank,1,64,25,-14.0,True,25
large113_assisted,khot_rank,1,65,24,-13.0,True,24
large113_assisted,khot_rank,1,66,24,-13.0,True,23
large113_assisted,khot_rank,1,67,19,-8.0,True,19
large113_assisted,khot_rank,1,68,41,-30.0,True,24
large113_assisted,khot_rank,1,69,23,-12.0,True,21
large113_assisted,khot_rank,1,70,16,-5.0,True,16
large113_assisted,khot_rank,1,71,21,-10.0,True,18
large113_assisted,khot_rank,1,72,9,2.0,True,9
large113_assisted,khot_rank,1,73,23,-12.0,True,18
large113_assisted,khot_rank,1,74,47,-36.0,True,24
large113_assisted,khot_rank,1,75,12,-1.0,True,12
large113_assisted,khot_rank,1,76,3,8.0,True,3
large113_assisted,khot_rank,1,77,26,-15.0,True,23
large113_assisted,khot_rank,1,78,6,5.0,True,6
large113_assisted,khot_rank,1,79,41,-30.0,True,29
large113_assisted,khot_rank,1,80,18,-7.0,True,17
large113_assisted,khot_rank,1,81,32,-21.0,True,28
large113_assisted,khot_rank,1,82,6,5.0,True,6
large113_assisted,khot_rank,1,83,42,-31.0,True,29
large113_assisted,khot_rank,1,84,12,-1.0,True,11
large113_assisted,khot_rank,1,85,277,-266.0,True,24
large113_assisted,khot_rank,1,86,8,3.0,True,5
large113_assisted,khot_rank,1,87,14,-3.0,True,14
large113_assisted,khot_rank,1,88,29,-18.0,True,18
large113_assisted,khot_rank,1,89,31,-20.0,True,23
large113_assisted,khot_rank,1,90,3,8.0,True,3
large113_assisted,khot_rank,1,91,4,7.0,True,4
large113_assisted,khot_rank,1,92,37,-26.0,True,26
large113_assisted,khot_rank,1,93,24,-13.0,True,23
large113_assisted,khot_rank,1,94,3,8.0,True,3
large113_assisted,khot_rank,1,95,6,5.0,True,6
large113_assisted,khot_rank,1,96,24,-13.0,True,24
large113_assisted,khot_rank,1,97,9,2.0,True,9
large113_assisted,khot_rank,1,98,11,0.0,True,11
large113_assisted,khot_rank,1,99,22,-11.0,True,22
large113_assisted,khot_rank,1,100,29,-18.0,True,24
large113_assisted,khot_rank,1,101,17,-6.0,True,17
large113_assisted,khot_rank,1,102,13,-2.0,True,13
large113_assisted,khot_rank,1,103,17,-6.0,True,16
large113_assisted,khot_rank,1,104,11,0.0,True,11
large113_assisted,khot_rank,1,105,14,-3.0,True,14
large113_assisted,khot_rank,1,106,17,-6.0,True,17
large113_assisted,khot_rank,1,107,16,-5.0,True,16
large113_assisted,khot_rank,1,108,20,-9.0,True,20
large113_assisted,khot_rank,1,109,21,-10.0,True,21
large113_assisted,khot_rank,1,110,46,-35.0,True,28
large113_assisted,khot_rank,1,111,26,-15.0,True,12
large113_assisted,khot_rank,1,112,55,-44.0,True,30
large113_assisted,khot_rank,1,113,27,-16.0,True,27
large113_assisted,khot_rank,1,114,45,-34.0,True,23
large113_assisted,khot_rank,1,115,25,-14.0,True,23
large113_assisted,khot_rank,1,116,19,-8.0,True,19
large113_assisted,khot_rank,1,117,3,8.0,True,3
large113_assisted,khot_rank,1,118,26,-15.0,True,26
large113_assisted,khot_rank,1,119,23,-12.0,True,21
large113_assisted,khot_rank,1,120,8,3.0,True,6
large113_assisted,khot_rank,1,121,30,-19.0,True,25
large113_assisted,khot_rank,1,122,27,-16.0,True,27
large113_assisted,khot_rank,1,123,17,-6.0,True,17
large113_assisted,khot_rank,1,124,25,-14.0,True,16
large113_assisted,khot_rank,1,125,18,-7.0,True,16
large113_assisted,khot_rank,1,126,9,2.0,True,9
large113_assisted,khot_rank,1,127,11,0.0,True,11
large113_assisted,khot_rank,1,128,18,-7.0,True,18
large113_assisted,khot_rank,1,129,22,-11.0,True,21
large113_assisted,khot_rank,1,130,1,10.0,True,1
large113_assisted,khot_rank,1,131,7,4.0,True,7
large113_assisted,khot_rank,1,132,20,-9.0,True,20
large113_assisted,khot_rank,1,133,21,-10.0,True,19
large113_assisted,khot_rank,1,134,39,-28.0,True,28
large113_assisted,khot_rank,1,135,13,-2.0,True,9
large113_assisted,khot_rank,1,136,1,10.0,True,1
large113_assisted,khot_rank,1,137,6,5.0,True,6
large113_assisted,khot_rank,1,138,22,-11.0,True,22
large113_assisted,khot_rank,1,139,2,9.0,True,2
large113_assisted,khot_rank,1,140,11,0.0,True,11
large113_assisted,khot_rank,1,141,25,-14.0,True,25
large113_assisted,khot_rank,1,142,26,-15.0,True,26
large113_assisted,khot_rank,1,143,7,4.0,True,7
large113_assisted,khot_rank,1,144,28,-17.0,True,26
large113_assisted,khot_rank,1,145,5,6.0,True,5
large113_assisted,khot_rank,1,146,31,-20.0,True,27
large113_assisted,khot_rank,1,147,29,-18.0,True,28
large113_assisted,khot_rank,1,148,13,-2.0,True,13
large113_assisted,khot_rank,1,149,19,-8.0,True,19
large113_assisted,khot_rank,1,150,25,-14.0,True,25
large113_assisted,khot_rank,1,151,23,-12.0,True,23
large113_assisted,khot_rank,1,152,16,-5.0,True,16
large113_assisted,khot_rank,1,153,350,-350.0,False,29
large113_assisted,khot_rank,1,154,44,-33.0,True,25
large113_assisted,khot_rank,1,155,25,-14.0,True,25
large113_assisted,khot_rank,1,156,32,-21.0,True,28
large113_assisted,khot_rank,1,157,31,-20.0,True,24
large113_assisted,khot_rank,1,158,7,4.0,True,7
large113_assisted,khot_rank,1,159,16,-5.0,True,14
large113_assisted,khot_rank,1,160,8,3.0,True,8
large113_assisted,khot_rank,1,161,24,-13.0,True,24
large113_assisted,khot_rank,1,162,13,-2.0,True,13
large113_assisted,khot_rank,1,163,15,-4.0,True,15
large113_assisted,khot_rank,1,164,27,-16.0,True,26
large113_assisted,khot_rank,1,165,19,-8.0,True,12
large113_assisted,khot_rank,1,166,157,-146.0,True,19
large113_assisted,khot_rank,1,167,9,2.0,True,8
large113_assisted,khot_rank,1,168,108,-97.0,True,25
large113_assisted,khot_rank,1,169,11,0.0,True,11
large113_assisted,khot_rank,1,170,6,5.0,True,6
large113_assisted,khot_rank,1,171,4,7.0,True,4
large113_assisted,khot_rank,1,172,18,-7.0,True,18
large113_assisted,khot_rank,1,173,7,4.0,True,7
large113_assisted,khot_rank,1,174,17,-6.0,True,17
large113_assisted,khot_rank,1,175,25,-14.0,True,25
large113_assisted,khot_rank,1,176,22,-11.0,True,22
large113_assisted,khot_rank,1,177,20,-9.0,True,20
large113_assisted,khot_rank,1,178,26,-15.0,True,25
large113_assisted,khot_rank,1,179,40,-29.0,True,29
large113_assisted,khot_rank,1,180,28,-17.0,True,27
large113_assisted,khot_rank,1,181,18,-7.0,True,16
large113_assisted,khot_rank,1,182,43,-32.0,True,29
large113_assisted,khot_rank,1,183,22,-11.0,True,22
large113_assisted,khot_rank,1,184,30,-19.0,True,28
large113_assisted,khot_rank,1,185,9,2.0,True,9
large113_assisted,khot_rank,1,186,6,5.0,True,6
large113_assisted,khot_rank,1,187,6,5.0,True,4
large113_assisted,khot_rank,1,188,15,-4.0,True,15
large113_assisted,khot_rank,1,189,33,-22.0,True,25
large113_assisted,khot_rank,1,190,12,-1.0,True,11
large113_assisted,khot_rank,1,191,17,-6.0,True,14
large113_assisted,khot_rank,1,192,17,-6.0,True,17
large113_assisted,khot_rank,1,193,4,7.0,True,4
large113_assisted,khot_rank,1,194,25,-14.0,True,25
large113_assisted,khot_rank,1,195,30,-19.0,True,26
large113_assisted,khot_rank,1,196,27,-16.0,True,27
large113_assisted,khot_rank,1,197,13,-2.0,True,13
large113_assisted,khot_rank,1,198,23,-12.0,True,23
large113_assisted,khot_rank,1,199,12,-1.0,True,11
large113_assisted,khot_rank,1,200,17,-6.0,True,17
large113_assisted,khot_rank,1,201,48,-37.0,True,27
large113_assisted,khot_rank,1,202,22,-11.0,True,22
large113_assisted,khot_rank,1,203,19,-8.0,True,17
large113_assisted,khot_rank,1,204,21,-10.0,True,21
large113_assisted,khot_rank,1,205,26,-15.0,True,23
large113_assisted,khot_rank,1,206,15,-4.0,True,15
large113_assisted,khot_rank,1,207,20,-9.0,True,20
large113_assisted,khot_rank,1,208,20,-9.0,True,19
large113_assisted,khot_rank,1,209,25,-14.0,True,25
large113_assisted,khot_rank,1,210,5,6.0,True,5
large113_assisted,khot_rank,1,211,24,-13.0,True,23
large113_assisted,khot_rank,1,212,1,10.0,True,1
large113_assisted,khot_rank,1,213,17,-6.0,True,17
large113_assisted,khot_rank,1,214,11,0.0,True,11
large113_assisted,khot_rank,1,215,17,-6.0,True,17
large113_assisted,khot_rank,1,216,13,-2.0,True,13
large113_assisted,khot_rank,1,217,27,-16.0,True,24
large113_assisted,khot_rank,1,218,17,-6.0,True,17
large113_assisted,khot_rank,1,219,5,6.0,True,5
large113_assisted,khot_rank,1,220,21,-10.0,True,21
large113_assisted,khot_rank,1,221,14,-3.0,True,14
large113_assisted,khot_rank,1,222,6,5.0,True,6
large113_assisted,khot_rank,1,223,12,-1.0,True,12
large113_assisted,khot_rank,1,224,13,-2.0,True,13
large113_assisted,khot_rank,1,225,11,0.0,True,11
large113_assisted,khot_rank,1,226,24,-13.0,True,24
large113_assisted,khot_rank,1,227,23,-12.0,True,18
large113_assisted,khot_rank,1,228,17,-6.0,True,17
large113_assisted,khot_rank,1,229,350,-350.0,False,16
large113_assisted,khot_rank,1,230,10,1.0,True,7
large113_assisted,khot_rank,1,231,25,-14.0,True,25
large113_assisted,khot_rank,1,232,28,-17.0,True,28
large113_assisted,khot_rank,1,233,8,3.0,True,8
large113_assisted,khot_rank,1,234,34,-23.0,True,26
large113_assisted,khot_rank,1,235,22,-11.0,True,21
large113_assisted,khot_rank,1,236,350,-350.0,False,23
large113_assisted,khot_rank,1,237,18,-7.0,True,17
large113_assisted,khot_rank,1,238,3,8.0,True,3
large113_assisted,khot_rank,1,239,29,-18.0,True,24
large113_assisted,khot_rank,1,240,350,-350.0,False,29
large113_assisted,khot_rank,1,241,14,-3.0,True,12
large113_assisted,khot_rank,1,242,13,-2.0,True,12
large113_assisted,khot_rank,1,243,350,-350.0,False,27
large113_assisted,khot_rank,1,244,3,8.0,True,3
large113_assisted,khot_rank,1,245,350,-350.0,False,28
large113_assisted,khot_rank,1,246,350,-350.0,False,25
large113_assisted,khot_rank,1,247,19,-8.0,True,15
large113_assisted,khot_rank,1,248,350,-350.0,False,15
large113_assisted,khot_rank,1,249,78,-67.0,True,23
large113_assisted,khot_rank,1,250,350,-350.0,False,24
large113_assisted,khot_rank,1,251,12,-1.0,True,12
large113_assisted,khot_rank,1,252,22,-11.0,True,21
large113_assisted,khot_rank,1,253,21,-10.0,True,20
large113_assisted,khot_rank,1,254,43,-32.0,True,15
large113_assisted,khot_rank,1,255,7,4.0,True,7
large113_assisted,khot_rank,1,256,18,-7.0,True,18
large113_assisted,khot_rank,1,257,350,-350.0,False,22
large113_assisted,khot_rank,1,258,291,-280.0,True,25
large113_assisted,khot_rank,1,259,215,-204.0,True,15
large113_assisted,khot_rank,1,260,27,-16.0,True,23
large113_assisted,khot_rank,1,261,14,-3.0,True,14
large113_assisted,khot_rank,1,262,20,-9.0,True,20
large113_assisted,khot_rank,1,263,22,-11.0,True,22
large113_assisted,khot_rank,1,264,35,-24.0,True,27
large113_assisted,khot_rank,1,265,17,-6.0,True,17
large113_assisted,khot_rank,1,266,11,0.0,True,11
large113_assisted,khot_rank,1,267,7,4.0,True,7
large113_assisted,khot_rank,1,268,27,-16.0,True,25
large113_assisted,khot_rank,1,269,11,0.0,True,11
large113_assisted,khot_rank,1,270,4,7.0,True,4
large113_assisted,khot_rank,1,271,7,4.0,True,7
large113_assisted,khot_rank,1,272,7,4.0,True,7
large113_assisted,khot_rank,1,273,327,-316.0,True,24
large113_assisted,khot_rank,1,274,2,9.0,True,2
large113_assisted,khot_rank,1,275,3,8.0,True,3
large113_assisted,khot_rank,1,276,5,6.0,True,5
large113_assisted,khot_rank,1,277,6,5.0,True,6
large113_assisted,khot_rank,1,278,350,-350.0,False,23
large113_assisted,khot_rank,1,279,350,-350.0,False,20
large113_assisted,khot_rank,1,280,350,-350.0,False,21
large113_assisted,khot_rank,1,281,350,-350.0,False,27
large113_assisted,khot_rank,1,282,134,-123.0,True,22
large113_assisted,khot_rank,1,283,5,6.0,True,5
large113_assisted,khot_rank,1,284,6,5.0,True,6
large113_assisted,khot_rank,1,285,26,-15.0,True,26
large113_assisted,khot_rank,1,286,37,-26.0,True,26
large113_assisted,khot_rank,1,287,30,-19.0,True,28
large113_assisted,khot_rank,1,288,2,9.0,True,2
large113_assisted,khot_rank,1,289,10,1.0,True,10
large113_assisted,khot_rank,1,290,1,10.0,True,1
large113_assisted,khot_rank,1,291,23,-12.0,True,9
large113_assisted,khot_rank,1,292,25,-14.0,True,25
large113_assisted,khot_rank,1,293,28,-17.0,True,24
large113_assisted,khot_rank,1,294,30,-19.0,True,29
large113_assisted,khot_rank,1,295,17,-6.0,True,16
large113_assisted,khot_rank,1,296,15,-4.0,True,14
large113_assisted,khot_rank,1,297,17,-6.0,True,17
large113_assisted,khot_rank,1,298,13,-2.0,True,13
large113_assisted,khot_rank,1,299,26,-15.0,True,24
large113_assisted,khot_rank,1,300,24,-13.0,True,23
large113_assisted,khot_rank,1,301,20,-9.0,True,17
large113_assisted,khot_rank,1,302,8,3.0,True,6
large113_assisted,khot_rank,1,303,18,-7.0,True,18
large113_assisted,khot_rank,1,304,26,-15.0,True,24
large113_assisted,khot_rank,1,305,350,-350.0,False,15
large113_assisted,khot_rank,1,306,7,4.0,True,7
large113_assisted,khot_rank,1,307,5,6.0,True,5
large113_assisted,khot_rank,1,308,21,-10.0,True,21
large113_assisted,khot_rank,1,309,65,-54.0,True,26
large113_assisted,khot_rank,1,310,18,-7.0,True,18
large113_assisted,khot_rank,1,311,9,2.0,True,7
large113_assisted,khot_rank,1,312,22,-11.0,True,22
large113_assisted,khot_rank,1,313,350,-350.0,False,30
large113_assisted,khot_rank,1,314,11,0.0,True,11
large113_assisted,khot_rank,1,315,24,-13.0,True,24
large113_assisted,khot_rank,1,316,17,-6.0,True,17
large113_assisted,khot_rank,1,317,21,-10.0,True,21
large113_assisted,khot_rank,1,318,31,-20.0,True,29
large113_assisted,khot_rank,1,319,350,-350.0,False,10
large113_assisted,khot_rank,1,320,18,-7.0,True,18
large113_assisted,khot_rank,1,321,350,-350.0,False,27
large113_assisted,khot_rank,1,322,28,-17.0,True,27
large113_assisted,khot_rank,1,323,23,-12.0,True,23
large113_assisted,khot_rank,1,324,15,-4.0,True,12
large113_assisted,khot_rank,1,325,23,-12.0,True,22
large113_assisted,khot_rank,1,326,350,-350.0,False,29
large113_assisted,khot_rank,1,327,24,-13.0,True,24
large113_assisted,khot_rank,1,328,27,-16.0,True,27
large113_assisted,khot_rank,1,329,25,-14.0,True,25
large113_assisted,khot_rank,1,330,27,-16.0,True,27
large113_assisted,khot_rank,1,331,6,5.0,True,6
large113_assisted,khot_rank,1,332,14,-3.0,True,13
large113_assisted,khot_rank,1,333,28,-17.0,True,23
large113_assisted,khot_rank,1,334,14,-3.0,True,14
large113_assisted,khot_rank,1,335,1,10.0,True,1
large113_assisted,khot_rank,1,336,23,-12.0,True,23
large113_assisted,khot_rank,1,337,26,-15.0,True,24
large113_assisted,khot_rank,1,338,21,-10.0,True,21
large113_assisted,khot_rank,1,339,17,-6.0,True,17
large113_assisted,khot_rank,1,340,2,9.0,True,2
large113_assisted,khot_rank,1,341,21,-10.0,True,21
large113_assisted,khot_rank,1,342,29,-18.0,True,29
large113_assisted,khot_rank,1,343,7,4.0,True,6
large113_assisted,khot_rank,1,344,25,-14.0,True,25
large113_assisted,khot_rank,1,345,28,-17.0,True,27
large113_assisted,khot_rank,1,346,1,10.0,True,1
large113_assisted,khot_rank,1,347,17,-6.0,True,17
large113_assisted,khot_rank,1,348,20,-9.0,True,20
large113_assisted,khot_rank,1,349,24,-13.0,True,23
large113_assisted,khot_rank,1,350,18,-7.0,True,18
large113_assisted,khot_rank,1,351,26,-15.0,True,26
large113_assisted,khot_rank,1,352,312,-301.0,True,30
large113_assisted,khot_rank,1,353,18,-7.0,True,18
large113_assisted,khot_rank,1,354,3,8.0,True,3
large113_assisted,khot_rank,1,355,20,-9.0,True,20
large113_assisted,khot_rank,1,356,7,4.0,True,6
large113_assisted,khot_rank,1,357,22,-11.0,True,22
large113_assisted,khot_rank,1,358,36,-25.0,True,29
large113_assisted,khot_rank,1,359,350,-350.0,False,29
large113_assisted,khot_rank,1,360,23,-12.0,True,21
large113_assisted,khot_rank,1,361,20,-9.0,True,20
large113_assisted,khot_rank,1,362,26,-15.0,True,23
large113_assisted,khot_rank,1,363,29,-18.0,True,24
large113_assisted,khot_rank,1,364,18,-7.0,True,16
large113_assisted,khot_rank,1,365,6,5.0,True,6
large113_assisted,khot_rank,1,366,18,-7.0,True,7
large113_assisted,khot_rank,1,367,350,-350.0,False,15
large113_assisted,khot_rank,1,368,4,7.0,True,4
large113_assisted,khot_rank,1,369,17,-6.0,True,17
large113_assisted,khot_rank,1,370,2,9.0,True,2
large113_assisted,khot_rank,1,371,350,-350.0,False,15
large113_assisted,khot_rank,1,372,8,3.0,True,8
large113_assisted,khot_rank,1,373,23,-12.0,True,21
large113_assisted,khot_rank,1,374,8,3.0,True,7
large113_assisted,khot_rank,1,375,12,-1.0,True,12
large113_assisted,khot_rank,1,376,25,-14.0,True,25
large113_assisted,khot_rank,1,377,25,-14.0,True,24
large113_assisted,khot_rank,1,378,10,1.0,True,10
large113_assisted,khot_rank,1,379,15,-4.0,True,13
large113_assisted,khot_rank,1,380,25,-14.0,True,24
large113_assisted,khot_rank,1,381,26,-15.0,True,26
large113_assisted,khot_rank,1,382,350,-350.0,False,26
large113_assisted,khot_rank,1,383,17,-6.0,True,17
large113_assisted,khot_rank,1,384,24,-13.0,True,24
large113_assisted,khot_rank,1,385,15,-4.0,True,15
large113_assisted,khot_rank,1,386,12,-1.0,True,12
large113_assisted,khot_rank,1,387,350,-350.0,False,30
large113_assisted,khot_rank,1,388,13,-2.0,True,13
large113_assisted,khot_rank,1,389,23,-12.0,True,23
large113_assisted,khot_rank,1,390,27,-16.0,True,27
large113_assisted,khot_rank,1,391,23,-12.0,True,23
large113_assisted,khot_rank,1,392,27,-16.0,True,24
large113_assisted,khot_rank,1,393,350,-350.0,False,10
large113_assisted,khot_rank,1,394,350,-350.0,False,30
large113_assisted,khot_rank,1,395,15,-4.0,True,15
large113_assisted,khot_rank,1,396,27,-16.0,True,26
large113_assisted,khot_rank,1,397,19,-8.0,True,19
large113_assisted,khot_rank,1,398,22,-11.0,True,22
large113_assisted,khot_rank,1,399,10,1.0,True,10
large113_assisted,khot_error,1,0,350,-350.0,False,24
large113_assisted,khot_error,1,1,350,-350.0,False,18
large113_assisted,khot_error,1,2,107,-96.0,True,2
large113_assisted,khot_error,1,3,350,-350.0,False,26
large113_assisted,khot_error,1,4,350,-350.0,False,25
large113_assisted,khot_error,1,5,272,-261.0,True,19
large113_assisted,khot_error,1,6,163,-152.0,True,10
large113_assisted,khot_error,1,7,1,10.0,True,1
large113_assisted,khot_error,1,8,54,-43.0,True,15
large113_assisted,khot_error,1,9,23,-12.0,True,16
large113_assisted,khot_error,1,10,28,-17.0,True,13
large113_assisted,khot_error,1,11,165,-154.0,True,28
large113_assisted,khot_error,1,12,82,-71.0,True,22
large113_assisted,khot_error,1,13,20,-9.0,True,16
large113_assisted,khot_error,1,14,212,-201.0,True,17
large113_assisted,khot_error,1,15,16,-5.0,True,16
large113_assisted,khot_error,1,16,26,-15.0,True,19
large113_assisted,khot_error,1,17,175,-164.0,True,21
large113_assisted,khot_error,1,18,18,-7.0,True,16
large113_assisted,khot_error,1,19,16,-5.0,True,15
large113_assisted,khot_error,1,20,7,4.0,True,6
large113_assisted,khot_error,1,21,350,-350.0,False,29
large113_assisted,khot_error,1,22,2,9.0,True,2
large113_assisted,khot_error,1,23,4,7.0,True,2
large113_assisted,khot_error,1,24,14,-3.0,True,12
large113_assisted,khot_error,1,25,11,0.0,True,10
large113_assisted,khot_error,1,26,66,-55.0,True,23
large113_assisted,khot_error,1,27,223,-212.0,True,16
large113_assisted,khot_error,1,28,19,-8.0,True,17
large113_assisted,khot_error,1,29,79,-68.0,True,22
large113_assisted,khot_error,1,30,3,8.0,True,3
large113_assisted,khot_error,1,31,37,-26.0,True,27
large113_assisted,khot_error,1,32,13,-2.0,True,13
large113_assisted,khot_error,1,33,24,-13.0,True,21
large113_assisted,khot_error,1,34,16,-5.0,True,16
large113_assisted,khot_error,1,35,11,0.0,True,10
large113_assisted,khot_error,1,36,14,-3.0,True,13
large113_assisted,khot_error,1,37,20,-9.0,True,17
large113_assisted,khot_error,1,38,153,-142.0,True,12
large113_assisted,khot_error,1,39,34,-23.0,True,28
large113_assisted,khot_error,1,40,21,-10.0,True,19
large113_assisted,khot_error,1,41,14,-3.0,True,14
large113_assisted,khot_error,1,42,350,-350.0,False,30
large113_assisted,khot_error,1,43,5,6.0,True,5
large113_assisted,khot_error,1,44,1,10.0,True,1
large113_assisted,khot_error,1,45,9,2.0,True,7
large113_assisted,khot_error,1,46,13,-2.0,True,13
large113_assisted,khot_error,1,47,24,-13.0,True,17
large113_assisted,khot_error,1,48,41,-30.0,True,24
large113_assisted,khot_error,1,49,350,-350.0,False,26
large113_assisted,khot_error,1,50,21,-10.0,True,18
large113_assisted,khot_error,1,51,291,-280.0,True,25
large113_assisted,khot_error,1,52,17,-6.0,True,16
large113_assisted,khot_error,1,53,18,-7.0,True,15
large113_assisted,khot_error,1,54,23,-12.0,True,23
large113_assisted,khot_error,1,55,18,-7.0,True,17
large113_assisted,khot_error,1,56,20,-9.0,True,17
large113_assisted,khot_error,1,57,272,-261.0,True,26
large113_assisted,khot_error,1,58,108,-97.0,True,10
large113_assisted,khot_error,1,59,3,8.0,True,3
large113_assisted,khot_error,1,60,204,-193.0,True,20
large113_assisted,khot_error,1,61,82,-71.0,True,24
large113_assisted,khot_error,1,62,22,-11.0,True,21
large113_assisted,khot_error,1,63,27,-16.0,True,25
large113_assisted,khot_error,1,64,27,-16.0,True,25
large113_assisted,khot_error,1,65,24,-13.0,True,24
large113_assisted,khot_error,1,66,29,-18.0,True,23
large113_assisted,khot_error,1,67,21,-10.0,True,19
large113_assisted,khot_error,1,68,64,-53.0,True,24
large113_assisted,khot_error,1,69,23,-12.0,True,21
large113_assisted,khot_error,1,70,16,-5.0,True,16
large113_assisted,khot_error,1,71,20,-9.0,True,18
large113_assisted,khot_error,1,72,9,2.0,True,9
large113_assisted,khot_error,1,73,21,-10.0,True,18
large113_assisted,khot_error,1,74,28,-17.0,True,24
large113_assisted,khot_error,1,75,12,-1.0,True,12
large113_assisted,khot_error,1,76,3,8.0,True,3
large113_assisted,khot_error,1,77,25,-14.0,True,23
large113_assisted,khot_error,1,78,6,5.0,True,6
large113_assisted,khot_error,1,79,32,-21.0,True,29
large113_assisted,khot_error,1,80,17,-6.0,True,17
large113_assisted,khot_error,1,81,32,-21.0,True,28
large113_assisted,khot_error,1,82,6,5.0,True,6
large113_assisted,khot_error,1,83,350,-350.0,False,29
large113_assisted,khot_error,1,84,11,0.0,True,11
large113_assisted,khot_error,1,85,31,-20.0,True,24
large113_assisted,khot_error,1,86,5,6.0,True,5
large113_assisted,khot_error,1,87,14,-3.0,True,14
large113_assisted,khot_error,1,88,18,-7.0,True,18
large113_assisted,khot_error,1,89,26,-15.0,True,23
large113_assisted,khot_error,1,90,3,8.0,True,3
large113_assisted,khot_error,1,91,4,7.0,True,4
large113_assisted,khot_error,1,92,350,-350.0,False,26
large113_assisted,khot_error,1,93,23,-12.0,True,23
large113_assisted,khot_error,1,94,3,8.0,True,3
large113_assisted,khot_error,1,95,6,5.0,True,6
large113_assisted,khot_error,1,96,24,-13.0,True,24
large113_assisted,khot_error,1,97,9,2.0,True,9
large113_assisted,khot_error,1,98,13,-2.0,True,11
large113_assisted,khot_error,1,99,24,-13.0,True,22
large113_assisted,khot_error,1,100,24,-13.0,True,24
large113_assisted,khot_error,1,101,17,-6.0,True,17
large113_assisted,khot_error,1,102,13,-2.0,True,13
large113_assisted,khot_error,1,103,17,-6.0,True,16
large113_assisted,khot_error,1,104,11,0.0,True,11
large113_assisted,khot_error,1,105,14,-3.0,True,14
large113_assisted,khot_error,1,106,17,-6.0,True,17
large113_assisted,khot_error,1,107,16,-5.0,True,16
large113_assisted,khot_error,1,108,21,-10.0,True,20
large113_assisted,khot_error,1,109,21,-10.0,True,21
large113_assisted,khot_error,1,110,30,-19.0,True,28
large113_assisted,khot_error,1,111,332,-321.0,True,12
large113_assisted,khot_error,1,112,350,-350.0,False,30
large113_assisted,khot_error,1,113,29,-18.0,True,27
large113_assisted,khot_error,1,114,155,-144.0,True,23
large113_assisted,khot_error,1,115,23,-12.0,True,23
large113_assisted,khot_error,1,116,19,-8.0,True,19
large113_assisted,khot_error,1,117,3,8.0,True,3
large113_assisted,khot_error,1,118,26,-15.0,True,26
large113_assisted,khot_error,1,119,122,-111.0,True,21
large113_assisted,khot_error,1,120,6,5.0,True,6
large113_assisted,khot_error,1,121,29,-18.0,True,25
large113_assisted,khot_error,1,122,27,-16.0,True,27
large113_assisted,khot_error,1,123,17,-6.0,True,17
large113_assisted,khot_error,1,124,16,-5.0,True,16
large113_assisted,khot_error,1,125,16,-5.0,True,16
large113_assisted,khot_error,1,126,9,2.0,True,9
large113_assisted,khot_error,1,127,11,0.0,True,11
large113_assisted,khot_error,1,128,18,-7.0,True,18
large113_assisted,khot_error,1,129,21,-10.0,True,21
large113_assisted,khot_error,1,130,1,10.0,True,1
large113_assisted,khot_error,1,131,7,4.0,True,7
large113_assisted,khot_error,1,132,20,-9.0,True,20
large113_assisted,khot_error,1,133,19,-8.0,True,19
large113_assisted,khot_error,1,134,350,-350.0,False,28
large113_assisted,khot_error,1,135,9,2.0,True,9
large113_assisted,khot_error,1,136,1,10.0,True,1
large113_assisted,khot_error,1,137,6,5.0,True,6
large113_assisted,khot_error,1,138,24,-13.0,True,22
large113_assisted,khot_error,1,139,2,9.0,True,2
large113_assisted,khot_error,1,140,12,-1.0,True,11
large113_assisted,khot_error,1,141,25,-14.0,True,25
large113_assisted,khot_error,1,142,26,-15.0,True,26
large113_assisted,khot_error,1,143,7,4.0,True,7
large113_assisted,khot_error,1,144,30,-19.0,True,26
large113_assisted,khot_error,1,145,5,6.0,True,5
large113_assisted,khot_error,1,146,27,-16.0,True,27
large113_assisted,khot_error,1,147,28,-17.0,True,28
large113_assisted,khot_error,1,148,15,-4.0,True,13
large113_assisted,khot_error,1,149,19,-8.0,True,19
large113_assisted,khot_error,1,150,25,-14.0,True,25
large113_assisted,khot_error,1,151,23,-12.0,True,23
large113_assisted,khot_error,1,152,17,-6.0,True,16
large113_assisted,khot_error,1,153,31,-20.0,True,29
large113_assisted,khot_error,1,154,25,-14.0,True,25
large113_assisted,khot_error,1,155,25,-14.0,True,25
large113_assisted,khot_error,1,156,30,-19.0,True,28
large113_assisted,khot_error,1,157,25,-14.0,True,24
large113_assisted,khot_error,1,158,7,4.0,True,7
large113_assisted,khot_error,1,159,14,-3.0,True,14
large113_assisted,khot_error,1,160,8,3.0,True,8
large113_assisted,khot_error,1,161,24,-13.0,True,24
large113_assisted,khot_error,1,162,13,-2.0,True,13
large113_assisted,khot_error,1,163,15,-4.0,True,15
large113_assisted,khot_error,1,164,28,-17.0,True,26
large113_assisted,khot_error,1,165,269,-258.0,True,12
large113_assisted,khot_error,1,166,20,-9.0,True,19
large113_assisted,khot_error,1,167,8,3.0,True,8
large113_assisted,khot_error,1,168,28,-17.0,True,25
large113_assisted,khot_error,1,169,11,0.0,True,11
large113_assisted,khot_error,1,170,6,5.0,True,6
large113_assisted,khot_error,1,171,4,7.0,True,4
large113_assisted,khot_error,1,172,18,-7.0,True,18
large113_assisted,khot_error,1,173,7,4.0,True,7
large113_assisted,khot_error,1,174,17,-6.0,True,17
large113_assisted,khot_error,1,175,25,-14.0,True,25
large113_assisted,khot_error,1,176,24,-13.0,True,22
large113_assisted,khot_error,1,177,20,-9.0,True,20
large113_assisted,khot_error,1,178,25,-14.0,True,25
large113_assisted,khot_error,1,179,29,-18.0,True,29
large113_assisted,khot_error,1,180,27,-16.0,True,27
large113_assisted,khot_error,1,181,16,-5.0,True,16
large113_assisted,khot_error,1,182,29,-18.0,True,29
large113_assisted,khot_error,1,183,22,-11.0,True,22
large113_assisted,khot_error,1,184,350,-350.0,False,28
large113_assisted,khot_error,1,185,9,2.0,True,9
large113_assisted,khot_error,1,186,6,5.0,True,6
large113_assisted,khot_error,1,187,4,7.0,True,4
large113_assisted,khot_error,1,188,15,-4.0,True,15
large113_assisted,khot_error,1,189,26,-15.0,True,25
large113_assisted,khot_error,1,190,11,0.0,True,11
large113_assisted,khot_error,1,191,14,-3.0,True,14
large113_assisted,khot_error,1,192,17,-6.0,True,17
large113_assisted,khot_error,1,193,4,7.0,True,4
large113_assisted,khot_error,1,194,27,-16.0,True,25
large113_assisted,khot_error,1,195,29,-18.0,True,26
large113_assisted,khot_error,1,196,28,-17.0,True,27
large113_assisted,khot_error,1,197,13,-2.0,True,13
large113_assisted,khot_error,1,198,27,-16.0,True,23
large113_assisted,khot_error,1,199,11,0.0,True,11
large113_assisted,khot_error,1,200,17,-6.0,True,17
large113_assisted,khot_error,1,201,27,-16.0,True,27
large113_assisted,khot_error,1,202,22,-11.0,True,22
large113_assisted,khot_error,1,203,17,-6.0,True,17
large113_assisted,khot_error,1,204,23,-12.0,True,21
large113_assisted,khot_error,1,205,23,-12.0,True,23
large113_assisted,khot_error,1,206,15,-4.0,True,15
large113_assisted,khot_error,1,207,20,-9.0,True,20
large113_assisted,khot_error,1,208,19,-8.0,True,19
large113_assisted,khot_error,1,209,25,-14.0,True,25
large113_assisted,khot_error,1,210,5,6.0,True,5
large113_assisted,khot_error,1,211,23,-12.0,True,23
large113_assisted,khot_error,1,212,1,10.0,True,1
large113_assisted,khot_error,1,213,17,-6.0,True,17
large113_assisted,khot_error,1,214,11,0.0,True,11
large113_assisted,khot_error,1,215,17,-6.0,True,17
large113_assisted,khot_error,1,216,13,-2.0,True,13
large113_assisted,khot_error,1,217,24,-13.0,True,24
large113_assisted,khot_error,1,218,17,-6.0,True,17
large113_assisted,khot_error,1,219,5,6.0,True,5
large113_assisted,khot_error,1,220,21,-10.0,True,21
large113_assisted,khot_error,1,221,14,-3.0,True,14
large113_assisted,khot_error,1,222,6,5.0,True,6
large113_assisted,khot_error,1,223,12,-1.0,True,12
large113_assisted,khot_error,1,224,13,-2.0,True,13
large113_assisted,khot_error,1,225,11,0.0,True,11
large113_assisted,khot_error,1,226,24,-13.0,True,24
large113_assisted,khot_error,1,227,19,-8.0,True,18
large113_assisted,khot_error,1,228,17,-6.0,True,17
large113_assisted,khot_error,1,229,16,-5.0,True,16
large113_assisted,khot_error,1,230,8,3.0,True,7
large113_assisted,khot_error,1,231,27,-16.0,True,25
large113_assisted,khot_error,1,232,31,-20.0,True,28
large113_assisted,khot_error,1,233,8,3.0,True,8
large113_assisted,khot_error,1,234,27,-16.0,True,26
large113_assisted,khot_error,1,235,21,-10.0,True,21
large113_assisted,khot_error,1,236,26,-15.0,True,23
large113_assisted,khot_error,1,237,17,-6.0,True,17
large113_assisted,khot_error,1,238,3,8.0,True,3
large113_assisted,khot_error,1,239,24,-13.0,True,24
large113_assisted,khot_error,1,240,29,-18.0,True,29
large113_assisted,khot_error,1,241,12,-1.0,True,12
large113_assisted,khot_error,1,242,350,-350.0,False,12
large113_assisted,khot_error,1,243,27,-16.0,True,27
large113_assisted,khot_error,1,244,3,8.0,True,3
large113_assisted,khot_error,1,245,28,-17.0,True,28
large113_assisted,khot_error,1,246,26,-15.0,True,25
large113_assisted,khot_error,1,247,15,-4.0,True,15
large113_assisted,khot_error,1,248,15,-4.0,True,15
large113_assisted,khot_error,1,249,26,-15.0,True,23
large113_assisted,khot_error,1,250,24,-13.0,True,24
large113_assisted,khot_error,1,251,12,-1.0,True,12
large113_assisted,khot_error,1,252,21,-10.0,True,21
large113_assisted,khot_error,1,253,21,-10.0,True,20
large113_assisted,khot_error,1,254,15,-4.0,True,15
large113_assisted,khot_error,1,255,7,4.0,True,7
large113_assisted,khot_error,1,256,18,-7.0,True,18
large113_assisted,khot_error,1,257,23,-12.0,True,22
large113_assisted,khot_error,1,258,25,-14.0,True,25
large113_assisted,khot_error,1,259,15,-4.0,True,15
large113_assisted,khot_error,1,260,23,-12.0,True,23
large113_assisted,khot_error,1,261,15,-4.0,True,14
large113_assisted,khot_error,1,262,20,-9.0,True,20
large113_assisted,khot_error,1,263,22,-11.0,True,22
large113_assisted,khot_error,1,264,27,-16.0,True,27
large113_assisted,khot_error,1,265,17,-6.0,True,17
large113_assisted,khot_error,1,266,11,0.0,True,11
large113_assisted,khot_error,1,267,7,4.0,True,7
large113_assisted,khot_error,1,268,25,-14.0,True,25
large113_assisted,khot_error,1,269,11,0.0,True,11
large113_assisted,khot_error,1,270,4,7.0,True,4
large113_assisted,khot_error,1,271,7,4.0,True,7
large113_assisted,khot_error,1,272,7,4.0,True,7
large113_assisted,khot_error,1,273,24,-13.0,True,24
large113_assisted,khot_error,1,274,2,9.0,True,2
large113_assisted,khot_error,1,275,3,8.0,True,3
large113_assisted,khot_error,1,276,5,6.0,True,5
large113_assisted,khot_error,1,277,6,5.0,True,6
large113_assisted,khot_error,1,278,24,-13.0,True,23
large113_assisted,khot_error,1,279,20,-9.0,True,20
large113_assisted,khot_error,1,280,21,-10.0,True,21
large113_assisted,khot_error,1,281,27,-16.0,True,27
large113_assisted,khot_error,1,282,22,-11.0,True,22
large113_assisted,khot_error,1,283,5,6.0,True,5
large113_assisted,khot_error,1,284,6,5.0,True,6
large113_assisted,khot_error,1,285,27,-16.0,True,26
large113_assisted,khot_error,1,286,26,-15.0,True,26
large113_assisted,khot_error,1,287,28,-17.0,True,28
large113_assisted,khot_error,1,288,2,9.0,True,2
large113_assisted,khot_error,1,289,10,1.0,True,10
large113_assisted,khot_error,1,290,1,10.0,True,1
large113_assisted,khot_error,1,291,9,2.0,True,9
large113_assisted,khot_error,1,292,25,-14.0,True,25
large113_assisted,khot_error,1,293,24,-13.0,True,24
large113_assisted,khot_error,1,294,29,-18.0,True,29
large113_assisted,khot_error,1,295,16,-5.0,True,16
large113_assisted,khot_error,1,296,14,-3.0,True,14
large113_assisted,khot_error,1,297,17,-6.0,True,17
large113_assisted,khot_error,1,298,13,-2.0,True,13
large113_assisted,khot_error,1,299,24,-13.0,True,24
large113_assisted,khot_error,1,300,25,-14.0,True,23
large113_assisted,khot_error,1,301,18,-7.0,True,17
large113_assisted,khot_error,1,302,6,5.0,True,6
large113_assisted,khot_error,1,303,18,-7.0,True,18
large113_assisted,khot_error,1,304,24,-13.0,True,24
large113_assisted,khot_error,1,305,15,-4.0,True,15
large113_assisted,khot_error,1,306,7,4.0,True,7
large113_assisted,khot_error,1,307,5,6.0,True,5
large113_assisted,khot_error,1,308,24,-13.0,True,21
large113_assisted,khot_error,1,309,26,-15.0,True,26
large113_assisted,khot_error,1,310,18,-7.0,True,18
large113_assisted,khot_error,1,311,7,4.0,True,7
large113_assisted,khot_error,1,312,23,-12.0,True,22
large113_assisted,khot_error,1,313,30,-19.0,True,30
large113_assisted,khot_error,1,314,11,0.0,True,11
large113_assisted,khot_error,1,315,24,-13.0,True,24
large113_assisted,khot_error,1,316,17,-6.0,True,17
large113_assisted,khot_error,1,317,21,-10.0,True,21
large113_assisted,khot_error,1,318,29,-18.0,True,29
large113_assisted,khot_error,1,319,183,-172.0,True,10
large113_assisted,khot_error,1,320,23,-12.0,True,18
large113_assisted,khot_error,1,321,350,-350.0,False,27
large113_assisted,khot_error,1,322,27,-16.0,True,27
large113_assisted,khot_error,1,323,23,-12.0,True,23
large113_assisted,khot_error,1,324,12,-1.0,True,12
large113_assisted,khot_error,1,325,22,-11.0,True,22
large113_assisted,khot_error,1,326,31,-20.0,True,29
large113_assisted,khot_error,1,327,24,-13.0,True,24
large113_assisted,khot_error,1,328,27,-16.0,True,27
large113_assisted,khot_error,1,329,27,-16.0,True,25
large113_assisted,khot_error,1,330,29,-18.0,True,27
large113_assisted,khot_error,1,331,6,5.0,True,6
large113_assisted,khot_error,1,332,13,-2.0,True,13
large113_assisted,khot_error,1,333,23,-12.0,True,23
large113_assisted,khot_error,1,334,14,-3.0,True,14
large113_assisted,khot_error,1,335,1,10.0,True,1
large113_assisted,khot_error,1,336,24,-13.0,True,23
large113_assisted,khot_error,1,337,24,-13.0,True,24
large113_assisted,khot_error,1,338,22,-11.0,True,21
large113_assisted,khot_error,1,339,17,-6.0,True,17
large113_assisted,khot_error,1,340,3,8.0,True,2
large113_assisted,khot_error,1,341,21,-10.0,True,21
large113_assisted,khot_error,1,342,31,-20.0,True,29
large113_assisted,khot_error,1,343,7,4.0,True,6
large113_assisted,khot_error,1,344,25,-14.0,True,25
large113_assisted,khot_error,1,345,29,-18.0,True,27
large113_assisted,khot_error,1,346,1,10.0,True,1
large113_assisted,khot_error,1,347,17,-6.0,True,17
large113_assisted,khot_error,1,348,20,-9.0,True,20
large113_assisted,khot_error,1,349,23,-12.0,True,23
large113_assisted,khot_error,1,350,20,-9.0,True,18
large113_assisted,khot_error,1,351,26,-15.0,True,26
large113_assisted,khot_error,1,352,31,-20.0,True,30
large113_assisted,khot_error,1,353,18,-7.0,True,18
large113_assisted,khot_error,1,354,3,8.0,True,3
large113_assisted,khot_error,1,355,20,-9.0,True,20
large113_assisted,khot_error,1,356,6,5.0,True,6
large113_assisted,khot_error,1,357,22,-11.0,True,22
large113_assisted,khot_error,1,358,29,-18.0,True,29
large113_assisted,khot_error,1,359,29,-18.0,True,29
large113_assisted,khot_error,1,360,21,-10.0,True,21
large113_assisted,khot_error,1,361,22,-11.0,True,20
large113_assisted,khot_error,1,362,24,-13.0,True,23
large113_assisted,khot_error,1,363,24,-13.0,True,24
large113_assisted,khot_error,1,364,16,-5.0,True,16
large113_assisted,khot_error,1,365,8,3.0,True,6
large113_assisted,khot_error,1,366,7,4.0,True,7
large113_assisted,khot_error,1,367,15,-4.0,True,15
large113_assisted,khot_error,1,368,4,7.0,True,4
large113_assisted,khot_error,1,369,17,-6.0,True,17
large113_assisted,khot_error,1,370,2,9.0,True,2
large113_assisted,khot_error,1,371,15,-4.0,True,15
large113_assisted,khot_error,1,372,8,3.0,True,8
large113_assisted,khot_error,1,373,21,-10.0,True,21
large113_assisted,khot_error,1,374,7,4.0,True,7
large113_assisted,khot_error,1,375,12,-1.0,True,12
large113_assisted,khot_error,1,376,25,-14.0,True,25
large113_assisted,khot_error,1,377,24,-13.0,True,24
large113_assisted,khot_error,1,378,10,1.0,True,10
large113_assisted,khot_error,1,379,13,-2.0,True,13
large113_assisted,khot_error,1,380,24,-13.0,True,24
large113_assisted,khot_error,1,381,28,-17.0,True,26
large113_assisted,khot_error,1,382,31,-20.0,True,26
large113_assisted,khot_error,1,383,17,-6.0,True,17
large113_assisted,khot_error,1,384,24,-13.0,True,24
large113_assisted,khot_error,1,385,15,-4.0,True,15
large113_assisted,khot_error,1,386,12,-1.0,True,12
large113_assisted,khot_error,1,387,32,-21.0,True,30
large113_assisted,khot_error,1,388,13,-2.0,True,13
large113_assisted,khot_error,1,389,23,-12.0,True,23
large113_assisted,khot_error,1,390,350,-350.0,False,27
large113_assisted,khot_error,1,391,24,-13.0,True,23
large113_assisted,khot_error,1,392,24,-13.0,True,24
large113_assisted,khot_error,1,393,11,0.0,True,10
large113_assisted,khot_error,1,394,33,-22.0,True,30
large113_assisted,khot_error,1,395,15,-4.0,True,15
large113_assisted,khot_error,1,396,28,-17.0,True,26
large113_assisted,khot_error,1,397,21,-10.0,True,19
large113_assisted,khot_error,1,398,26,-15.0,True,22
large113_assisted,khot_error,1,399,10,1.0,True,10
large113_assisted,khot_decay,1,0,350,-350.0,False,24
large113_assisted,khot_decay,1,1,350,-350.0,False,18
large113_assisted,khot_decay,1,2,107,-96.0,True,2
large113_assisted,khot_decay,1,3,350,-350.0,False,26
large113_assisted,khot_decay,1,4,350,-350.0,False,25
large113_assisted,khot_decay,1,5,350,-350.0,False,19
large113_assisted,khot_decay,1,6,174,-163.0,True,10
large113_assisted,khot_decay,1,7,1,10.0,True,1
large113_assisted,khot_decay,1,8,350,-350.0,False,15
large113_assisted,khot_decay,1,9,350,-350.0,False,16
large113_assisted,khot_decay,1,10,350,-350.0,False,13
large113_assisted,khot_decay,1,11,350,-350.0,False,28
large113_assisted,khot_decay,1,12,350,-350.0,False,22
large113_assisted,khot_decay,1,13,350,-350.0,False,16
large113_assisted,khot_decay,1,14,350,-350.0,False,17
large113_assisted,khot_decay,1,15,350,-350.0,False,16
large113_assisted,khot_decay,1,16,350,-350.0,False,19
large113_assisted,khot_decay,1,17,350,-350.0,False,21
large113_assisted,khot_decay,1,18,350,-350.0,False,16
large113_assisted,khot_decay,1,19,350,-350.0,False,15
large113_assisted,khot_decay,1,20,350,-350.0,False,6
large113_assisted,khot_decay,1,21,350,-350.0,False,29
large113_assisted,khot_decay,1,22,2,9.0,True,2
large113_assisted,khot_decay,1,23,2,9.0,True,2
large113_assisted,khot_decay,1,24,350,-350.0,False,12
large113_assisted,khot_decay,1,25,350,-350.0,False,10
large113_assisted,khot_decay,1,26,350,-350.0,False,23
large113_assisted,khot_decay,1,27,350,-350.0,False,16
large113_assisted,khot_decay,1,28,350,-350.0,False,17
large113_assisted,khot_decay,1,29,350,-350.0,False,22
large113_assisted,khot_decay,1,30,3,8.0,True,3
large113_assisted,khot_decay,1,31,350,-350.0,False,27
large113_assisted,khot_decay,1,32,350,-350.0,False,13
large113_assisted,khot_decay,1,33,350,-350.0,False,21
large113_assisted,khot_decay,1,34,350,-350.0,False,16
large113_assisted,khot_decay,1,35,350,-350.0,False,10
large113_assisted,khot_decay,1,36,350,-350.0,False,13
large113_assisted,khot_decay,1,37,350,-350.0,False,17
large113_assisted,khot_decay,1,38,350,-350.0,False,12
large113_assisted,khot_decay,1,39,350,-350.0,False,28
large113_assisted,khot_decay,1,40,350,-350.0,False,19
large113_assisted,khot_decay,1,41,350,-350.0,False,14
large113_assisted,khot_decay,1,42,350,-350.0,False,30
large113_assisted,khot_decay,1,43,350,-350.0,False,5
large113_assisted,khot_decay,1,44,1,10.0,True,1
large113_assisted,khot_decay,1,45,350,-350.0,False,7
large113_assisted,khot_decay,1,46,350,-350.0,False,13
large113_assisted,khot_decay,1,47,350,-350.0,False,17
large113_assisted,khot_decay,1,48,350,-350.0,False,24
large113_assisted,khot_decay,1,49,350,-350.0,False,26
large113_assisted,khot_decay,1,50,350,-350.0,False,18
large113_assisted,khot_decay,1,51,350,-350.0,False,25
large113_assisted,khot_decay,1,52,350,-350.0,False,16
large113_assisted,khot_decay,1,53,350,-350.0,False,15
large113_assisted,khot_decay,1,54,350,-350.0,False,23
large113_assisted,khot_decay,1,55,350,-350.0,False,17
large113_assisted,khot_decay,1,56,350,-350.0,False,17
large113_assisted,khot_decay,1,57,350,-350.0,False,26
large113_assisted,khot_decay,1,58,350,-350.0,False,10
large113_assisted,khot_decay,1,59,350,-350.0,False,3
large113_assisted,khot_decay,1,60,350,-350.0,False,20
large113_assisted,khot_decay,1,61,350,-350.0,False,24
large113_assisted,khot_decay,1,62,350,-350.0,False,21
large113_assisted,khot_decay,1,63,350,-350.0,False,25
large113_assisted,khot_decay,1,64,350,-350.0,False,25
large113_assisted,khot_decay,1,65,350,-350.0,False,24
large113_assisted,khot_decay,1,66,350,-350.0,False,23
large113_assisted,khot_decay,1,67,350,-350.0,False,19
large113_assisted,khot_decay,1,68,350,-350.0,False,24
large113_assisted,khot_decay,1,69,350,-350.0,False,21
large113_assisted,khot_decay,1,70,350,-350.0,False,16
large113_assisted,khot_decay,1,71,350,-350.0,False,18
large113_assisted,khot_decay,1,72,350,-350.0,False,9
large113_assisted,khot_decay,1,73,350,-350.0,False,18
large113_assisted,khot_decay,1,74,350,-350.0,False,24
large113_assisted,khot_decay,1,75,350,-350.0,False,12
large113_assisted,khot_decay,1,76,350,-350.0,False,3
large113_assisted,khot_decay,1,77,350,-350.0,False,23
large113_assisted,khot_decay,1,78,350,-350.0,False,6
large113_assisted,khot_decay,1,79,350,-350.0,False,29
large113_assisted,khot_decay,1,80,350,-350.0,False,17
large113_assisted,khot_decay,1,81,350,-350.0,False,28
large113_assisted,khot_decay,1,82,350,-350.0,False,6
large113_assisted,khot_decay,1,83,350,-350.0,False,29
large113_assisted,khot_decay,1,84,350,-350.0,False,11
large113_assisted,khot_decay,1,85,350,-350.0,False,24
large113_assisted,khot_decay,1,86,350,-350.0,False,5
large113_assisted,khot_decay,1,87,350,-350.0,False,14
large113_assisted,khot_decay,1,88,350,-350.0,False,18
large113_assisted,khot_decay,1,89,350,-350.0,False,23
large113_assisted,khot_decay,1,90,350,-350.0,False,3
large113_assisted,khot_decay,1,91,304,-293.0,True,4
large113_assisted,khot_decay,1,92,350,-350.0,False,26
large113_assisted,khot_decay,1,93,350,-350.0,False,23
large113_assisted,khot_decay,1,94,92,-81.0,True,3
large113_assisted,khot_decay,1,95,350,-350.0,False,6
large113_assisted,khot_decay,1,96,350,-350.0,False,24
large113_assisted,khot_decay,1,97,350,-350.0,False,9
large113_assisted,khot_decay,1,98,350,-350.0,False,11
large113_assisted,khot_decay,1,99,350,-350.0,False,22
large113_assisted,khot_decay,1,100,350,-350.0,False,24
large113_assisted,khot_decay,1,101,350,-350.0,False,17
large113_assisted,khot_decay,1,102,350,-350.0,False,13
large113_assisted,khot_decay,1,103,350,-350.0,False,16
large113_assisted,khot_decay,1,104,350,-350.0,False,11
large113_assisted,khot_decay,1,105,350,-350.0,False,14
large113_assisted,khot_decay,1,106,350,-350.0,False,17
large113_assisted,khot_decay,1,107,350,-350.0,False,16
large113_assisted,khot_decay,1,108,350,-350.0,False,20
large113_assisted,khot_decay,1,109,350,-350.0,False,21
large113_assisted,khot_decay,1,110,350,-350.0,False,28
large113_assisted,khot_decay,1,111,350,-350.0,False,12
large113_assisted,khot_decay,1,112,350,-350.0,False,30
large113_assisted,khot_decay,1,113,350,-350.0,False,27
large113_assisted,khot_decay,1,114,350,-350.0,False,23
large113_assisted,khot_decay,1,115,350,-350.0,False,23
large113_assisted,khot_decay,1,116,350,-350.0,False,19
large113_assisted,khot_decay,1,117,350,-350.0,False,3
large113_assisted,khot_decay,1,118,350,-350.0,False,26
large113_assisted,khot_decay,1,119,350,-350.0,False,21
large113_assisted,khot_decay,1,120,350,-350.0,False,6
large113_assisted,khot_decay,1,121,350,-350.0,False,25
large113_assisted,khot_decay,1,122,350,-350.0,False,27
large113_assisted,khot_decay,1,123,350,-350.0,False,17
large113_assisted,khot_decay,1,124,350,-350.0,False,16
large113_assisted,khot_decay,1,125,350,-350.0,False,16
large113_assisted,khot_decay,1,126,350,-350.0,False,9
large113_assisted,khot_decay,1,127,350,-350.0,False,11
large113_assisted,khot_decay,1,128,350,-350.0,False,18
large113_assisted,khot_decay,1,129,350,-350.0,False,21
large113_assisted,khot_decay,1,130,1,10.0,True,1
large113_assisted,khot_decay,1,131,350,-350.0,False,7
large113_assisted,khot_decay,1,132,350,-350.0,False,20
large113_assisted,khot_decay,1,133,350,-350.0,False,19
large113_assisted,khot_decay,1,134,350,-350.0,False,28
large113_assisted,khot_decay,1,135,350,-350.0,False,9
large113_assisted,khot_decay,1,136,11,0.0,True,1
large113_assisted,khot_decay,1,137,318,-307.0,True,6
large113_assisted,khot_decay,1,138,350,-350.0,False,22
large113_assisted,khot_decay,1,139,2,9.0,True,2
large113_assisted,khot_decay,1,140,350,-350.0,False,11
large113_assisted,khot_decay,1,141,350,-350.0,False,25
large113_assisted,khot_decay,1,142,350,-350.0,False,26
large113_assisted,khot_decay,1,143,350,-350.0,False,7
large113_assisted,khot_decay,1,144,350,-350.0,False,26
large113_assisted,khot_decay,1,145,350,-350.0,False,5
large113_assisted,khot_decay,1,146,350,-350.0,False,27
large113_assisted,khot_decay,1,147,350,-350.0,False,28
large113_assisted,khot_decay,1,148,350,-350.0,False,13
large113_assisted,khot_decay,1,149,350,-350.0,False,19
large113_assisted,khot_decay,1,150,350,-350.0,False,25
large113_assisted,khot_decay,1,151,350,-350.0,False,23
large113_assisted,khot_decay,1,152,350,-350.0,False,16
large113_assisted,khot_decay,1,153,350,-350.0,False,29
large113_assisted,khot_decay,1,154,350,-350.0,False,25
large113_assisted,khot_decay,1,155,350,-350.0,False,25
large113_assisted,khot_decay,1,156,350,-350.0,False,28
large113_assisted,khot_decay,1,157,350,-350.0,False,24
large113_assisted,khot_decay,1,158,350,-350.0,False,7
large113_assisted,khot_decay,1,159,350,-350.0,False,14
large113_assisted,khot_decay,1,160,350,-350.0,False,8
large113_assisted,khot_decay,1,161,350,-350.0,False,24
large113_assisted,khot_decay,1,162,350,-350.0,False,13
large113_assisted,khot_decay,1,163,350,-350.0,False,15
large113_assisted,khot_decay,1,164,350,-350.0,False,26
large113_assisted,khot_decay,1,165,350,-350.0,False,12
large113_assisted,khot_decay,1,166,350,-350.0,False,19
large113_assisted,khot_decay,1,167,350,-350.0,False,8
large113_assisted,khot_decay,1,168,350,-350.0,False,25
large113_assisted,khot_decay,1,169,350,-350.0,False,11
large113_assisted,khot_decay,1,170,350,-350.0,False,6
large113_assisted,khot_decay,1,171,350,-350.0,False,4
large113_assisted,khot_decay,1,172,350,-350.0,False,18
large113_assisted,khot_decay,1,173,350,-350.0,False,7
large113_assisted,khot_decay,1,174,350,-350.0,False,17
large113_assisted,khot_decay,1,175,350,-350.0,False,25
large113_assisted,khot_decay,1,176,350,-350.0,False,22
large113_assisted,khot_decay,1,177,350,-350.0,False,20
large113_assisted,khot_decay,1,178,350,-350.0,False,25
large113_assisted,khot_decay,1,179,350,-350.0,False,29
large113_assisted,khot_decay,1,180,350,-350.0,False,27
large113_assisted,khot_decay,1,181,350,-350.0,False,16
large113_assisted,khot_decay,1,182,350,-350.0,False,29
large113_assisted,khot_decay,1,183,350,-350.0,False,22
large113_assisted,khot_decay,1,184,350,-350.0,False,28
large113_assisted,khot_decay,1,185,350,-350.0,False,9
large113_assisted,khot_decay,1,186,350,-350.0,False,6
large113_assisted,khot_decay,1,187,167,-156.0,True,4
large113_assisted,khot_decay,1,188,350,-350.0,False,15
large113_assisted,khot_decay,1,189,350,-350.0,False,25
large113_assisted,khot_decay,1,190,350,-350.0,False,11
large113_assisted,khot_decay,1,191,350,-350.0,False,14
large113_assisted,khot_decay,1,192,350,-350.0,False,17
large113_assisted,khot_decay,1,193,84,-73.0,True,4
large113_assisted,khot_decay,1,194,350,-350.0,False,25
large113_assisted,khot_decay,1,195,350,-350.0,False,26
large113_assisted,khot_decay,1,196,350,-350.0,False,27
large113_assisted,khot_decay,1,197,350,-350.0,False,13
large113_assisted,khot_decay,1,198,350,-350.0,False,23
large113_assisted,khot_decay,1,199,350,-350.0,False,11
large113_assisted,khot_decay,1,200,350,-350.0,False,17
large113_assisted,khot_decay,1,201,350,-350.0,False,27
large113_assisted,khot_decay,1,202,350,-350.0,False,22
large113_assisted,khot_decay,1,203,350,-350.0,False,17
large113_assisted,khot_decay,1,204,350,-350.0,False,21
large113_assisted,khot_decay,1,205,350,-350.0,False,23
large113_assisted,khot_decay,1,206,350,-350.0,False,15
large113_assisted,khot_decay,1,207,350,-350.0,False,20
large113_assisted,khot_decay,1,208,350,-350.0,False,19
large113_assisted,khot_decay,1,209,350,-350.0,False,25
large113_assisted,khot_decay,1,210,350,-350.0,False,5
large113_assisted,khot_decay,1,211,350,-350.0,False,23
large113_assisted,khot_decay,1,212,1,10.0,True,1
large113_assisted,khot_decay,1,213,350,-350.0,False,17
large113_assisted,khot_decay,1,214,350,-350.0,False,11
large113_assisted,khot_decay,1,215,350,-350.0,False,17
large113_assisted,khot_decay,1,216,350,-350.0,False,13
large113_assisted,khot_decay,1,217,350,-350.0,False,24
large113_assisted,khot_decay,1,218,350,-350.0,False,17
large113_assisted,khot_decay,1,219,350,-350.0,False,5
large113_assisted,khot_decay,1,220,350,-350.0,False,21
large113_assisted,khot_decay,1,221,350,-350.0,False,14
large113_assisted,khot_decay,1,222,350,-350.0,False,6
large113_assisted,khot_decay,1,223,350,-350.0,False,12
large113_assisted,khot_decay,1,224,350,-350.0,False,13
large113_assisted,khot_decay,1,225,350,-350.0,False,11
large113_assisted,khot_decay,1,226,350,-350.0,False,24
large113_assisted,khot_decay,1,227,350,-350.0,False,18
large113_assisted,khot_decay,1,228,350,-350.0,False,17
large113_assisted,khot_decay,1,229,350,-350.0,False,16
large113_assisted,khot_decay,1,230,350,-350.0,False,7
large113_assisted,khot_decay,1,231,350,-350.0,False,25
large113_assisted,khot_decay,1,232,350,-350.0,False,28
large113_assisted,khot_decay,1,233,350,-350.0,False,8
large113_assisted,khot_decay,1,234,350,-350.0,False,26
large113_assisted,khot_decay,1,235,350,-350.0,False,21
large113_assisted,khot_decay,1,236,350,-350.0,False,23
large113_assisted,khot_decay,1,237,350,-350.0,False,17
large113_assisted,khot_decay,1,238,350,-350.0,False,3
large113_assisted,khot_decay,1,239,350,-350.0,False,24
large113_assisted,khot_decay,1,240,350,-350.0,False,29
large113_assisted,khot_decay,1,241,350,-350.0,False,12
large113_assisted,khot_decay,1,242,350,-350.0,False,12
large113_assisted,khot_decay,1,243,350,-350.0,False,27
large113_assisted,khot_decay,1,244,58,-47.0,True,3
large113_assisted,khot_decay,1,245,350,-350.0,False,28
large113_assisted,khot_decay,1,246,350,-350.0,False,25
large113_assisted,khot_decay,1,247,350,-350.0,False,15
large113_assisted,khot_decay,1,248,350,-350.0,False,15
large113_assisted,khot_decay,1,249,350,-350.0,False,23
large113_assisted,khot_decay,1,250,350,-350.0,False,24
large113_assisted,khot_decay,1,251,350,-350.0,False,12
large113_assisted,khot_decay,1,252,350,-350.0,False,21
large113_assisted,khot_decay,1,253,350,-350.0,False,20
large113_assisted,khot_decay,1,254,350,-350.0,False,15
large113_assisted,khot_decay,1,255,350,-350.0,False,7
large113_assisted,khot_decay,1,256,350,-350.0,False,18
large113_assisted,khot_decay,1,257,350,-350.0,False,22
large113_assisted,khot_decay,1,258,350,-350.0,False,25
large113_assisted,khot_decay,1,259,350,-350.0,False,15
large113_assisted,khot_decay,1,260,350,-350.0,False,23
large113_assisted,khot_decay,1,261,350,-350.0,False,14
large113_assisted,khot_decay,1,262,350,-350.0,False,20
large113_assisted,khot_decay,1,263,350,-350.0,False,22
large113_assisted,khot_decay,1,264,350,-350.0,False,27
large113_assisted,khot_decay,1,265,350,-350.0,False,17
large113_assisted,khot_decay,1,266,350,-350.0,False,11
large113_assisted,khot_decay,1,267,350,-350.0,False,7
large113_assisted,khot_decay,1,268,350,-350.0,False,25
large113_assisted,khot_decay,1,269,350,-350.0,False,11
large113_assisted,khot_decay,1,270,350,-350.0,False,4
large113_assisted,khot_decay,1,271,350,-350.0,False,7
large113_assisted,khot_decay,1,272,350,-350.0,False,7
large113_assisted,khot_decay,1,273,350,-350.0,False,24
large113_assisted,khot_decay,1,274,2,9.0,True,2
large113_assisted,khot_decay,1,275,350,-350.0,False,3
large113_assisted,khot_decay,1,276,350,-350.0,False,5
large113_assisted,khot_decay,1,277,139,-128.0,True,6
large113_assisted,khot_decay,1,278,350,-350.0,False,23
large113_assisted,khot_decay,1,279,350,-350.0,False,20
large113_assisted,khot_decay,1,280,350,-350.0,False,21
large113_assisted,khot_decay,1,281,350,-350.0,False,27
large113_assisted,khot_decay,1,282,350,-350.0,False,22
large113_assisted,khot_decay,1,283,350,-350.0,False,5
large113_assisted,khot_decay,1,284,350,-350.0,False,6
large113_assisted,khot_decay,1,285,350,-350.0,False,26
large113_assisted,khot_decay,1,286,350,-350.0,False,26
large113_assisted,khot_decay,1,287,350,-350.0,False,28
large113_assisted,khot_decay,1,288,350,-350.0,False,2
large113_assisted,khot_decay,1,289,350,-350.0,False,10
large113_assisted,khot_decay,1,290,1,10.0,True,1
large113_assisted,khot_decay,1,291,350,-350.0,False,9
large113_assisted,khot_decay,1,292,350,-350.0,False,25
large113_assisted,khot_decay,1,293,350,-350.0,False,24
large113_assisted,khot_decay,1,294,350,-350.0,False,29
large113_assisted,khot_decay,1,295,350,-350.0,False,16
large113_assisted,khot_decay,1,296,350,-350.0,False,14
large113_assisted,khot_decay,1,297,350,-350.0,False,17
large113_assisted,khot_decay,1,298,350,-350.0,False,13
large113_assisted,khot_decay,1,299,350,-350.0,False,24
large113_assisted,khot_decay,1,300,350,-350.0,False,23
large113_assisted,khot_decay,1,301,350,-350.0,False,17
large113_assisted,khot_decay,1,302,350,-350.0,False,6
large113_assisted,khot_decay,1,303,350,-350.0,False,18
large113_assisted,khot_decay,1,304,350,-350.0,False,24
large113_assisted,khot_decay,1,305,350,-350.0,False,15
large113_assisted,khot_decay,1,306,350,-350.0,False,7
large113_assisted,khot_decay,1,307,350,-350.0,False,5
large113_assisted,khot_decay,1,308,350,-350.0,False,21
large113_assisted,khot_decay,1,309,350,-350.0,False,26
large113_assisted,khot_decay,1,310,350,-350.0,False,18
large113_assisted,khot_decay,1,311,350,-350.0,False,7
large113_assisted,khot_decay,1,312,350,-350.0,False,22
large113_assisted,khot_decay,1,313,350,-350.0,False,30
large113_assisted,khot_decay,1,314,350,-350.0,False,11
large113_assisted,khot_decay,1,315,350,-350.0,False,24
large113_assisted,khot_decay,1,316,350,-350.0,False,17
large113_assisted,khot_decay,1,317,350,-350.0,False,21
large113_assisted,khot_decay,1,318,350,-350.0,False,29
large113_assisted,khot_decay,1,319,350,-350.0,False,10
large113_assisted,khot_decay,1,320,350,-350.0,False,18
large113_assisted,khot_decay,1,321,350,-350.0,False,27
large113_assisted,khot_decay,1,322,350,-350.0,False,27
large113_assisted,khot_decay,1,323,350,-350.0,False,23
large113_assisted,khot_decay,1,324,350,-350.0,False,12
large113_assisted,khot_decay,1,325,350,-350.0,False,22
large113_assisted,khot_decay,1,326,350,-350.0,False,29
large113_assisted,khot_decay,1,327,350,-350.0,False,24
large113_assisted,khot_decay,1,328,350,-350.0,False,27
large113_assisted,khot_decay,1,329,350,-350.0,False,25
large113_assisted,khot_decay,1,330,350,-350.0,False,27
large113_assisted,khot_decay,1,331,350,-350.0,False,6
large113_assisted,khot_decay,1,332,350,-350.0,False,13
large113_assisted,khot_decay,1,333,350,-350.0,False,23
large113_assisted,khot_decay,1,334,350,-350.0,False,14
large113_assisted,khot_decay,1,335,1,10.0,True,1
large113_assisted,khot_decay,1,336,350,-350.0,False,23
large113_assisted,khot_decay,1,337,350,-350.0,False,24
large113_assisted,khot_decay,1,338,350,-350.0,False,21
large113_assisted,khot_decay,1,339,350,-350.0,False,17
large113_assisted,khot_decay,1,340,350,-350.0,False,2
large113_assisted,khot_decay,1,341,350,-350.0,False,21
large113_assisted,khot_decay,1,342,350,-350.0,False,29
large113_assisted,khot_decay,1,343,350,-350.0,False,6
large113_assisted,khot_decay,1,344,350,-350.0,False,25
large113_assisted,khot_decay,1,345,350,-350.0,False,27
large113_assisted,khot_decay,1,346,1,10.0,True,1
large113_assisted,khot_decay,1,347,350,-350.0,False,17
large113_assisted,khot_decay,1,348,350,-350.0,False,20
large113_assisted,khot_decay,1,349,350,-350.0,False,23
large113_assisted,khot_decay,1,350,350,-350.0,False,18
large113_assisted,khot_decay,1,351,350,-350.0,False,26
large113_assisted,khot_decay,1,352,350,-350.0,False,30
large113_assisted,khot_decay,1,353,350,-350.0,False,18
large113_assisted,khot_decay,1,354,21,-10.0,True,3
large113_assisted,khot_decay,1,355,350,-350.0,False,20
large113_assisted,khot_decay,1,356,350,-350.0,False,6
large113_assisted,khot_decay,1,357,350,-350.0,False,22
large113_assisted,khot_decay,1,358,350,-350.0,False,29
large113_assisted,khot_decay,1,359,350,-350.0,False,29
large113_assisted,khot_decay,1,360,350,-350.0,False,21
large113_assisted,khot_decay,1,361,350,-350.0,False,20
large113_assisted,khot_decay,1,362,350,-350.0,False,23
large113_assisted,khot_decay,1,363,350,-350.0,False,24
large113_assisted,khot_decay,1,364,350,-350.0,False,16
large113_assisted,khot_decay,1,365,350,-350.0,False,6
large113_assisted,khot_decay,1,366,350,-350.0,False,7
large113_assisted,khot_decay,1,367,350,-350.0,False,15
large113_assisted,khot_decay,1,368,350,-350.0,False,4
large113_assisted,khot_decay,1,369,350,-350.0,False,17
large113_assisted,khot_decay,1,370,342,-331.0,True,2
large113_assisted,khot_decay,1,371,350,-350.0,False,15
large113_assisted,khot_decay,1,372,350,-350.0,False,8
large113_assisted,khot_decay,1,373,350,-350.0,False,21
large113_assisted,khot_decay,1,374,350,-350.0,False,7
large113_assisted,khot_decay,1,375,350,-350.0,False,12
large113_assisted,khot_decay,1,376,350,-350.0,False,25
large113_assisted,khot_decay,1,377,350,-350.0,False,24
large113_assisted,khot_decay,1,378,350,-350.0,False,10
large113_assisted,khot_decay,1,379,350,-350.0,False,13
large113_assisted,khot_decay,1,380,350,-350.0,False,24
large113_assisted,khot_decay,1,381,350,-350.0,False,26
large113_assisted,khot_decay,1,382,350,-350.0,False,26
large113_assisted,khot_decay,1,383,350,-350.0,False,17
large113_assisted,khot_decay,1,384,350,-350.0,False,24
large113_assisted,khot_decay,1,385,350,-350.0,False,15
large113_assisted,khot_decay,1,386,350,-350.0,False,12
large113_assisted,khot_decay,1,387,350,-350.0,False,30
large113_assisted,khot_decay,1,388,350,-350.0,False,13
large113_assisted,khot_decay,1,389,350,-350.0,False,23
large113_assisted,khot_decay,1,390,350,-350.0,False,27
large113_assisted,khot_decay,1,391,350,-350.0,False,23
large113_assisted,khot_decay,1,392,350,-350.0,False,24
large113_assisted,khot_decay,1,393,350,-350.0,False,10
large113_assisted,khot_decay,1,394,350,-350.0,False,30
large113_assisted,khot_decay,1,395,350,-350.0,False,15
large113_assisted,khot_decay,1,396,350,-350.0,False,26
large113_assisted,khot_decay,1,397,350,-350.0,False,19
large113_assisted,khot_decay,1,398,350,-350.0,False,22
large113_assisted,khot_decay,1,399,350,-350.0,False,10
large113_assisted,khot_rank,2,0,350,-350.0,False,24
large113_assisted,khot_rank,2,1,350,-350.0,False,25
large113_assisted,khot_rank,2,2,187,-176.0,True,8
large113_assisted,khot_rank,2,3,350,-350.0,False,21
large113_assisted,khot_rank,2,4,350,-350.0,False,25
large113_assisted,khot_rank,2,5,45,-34.0,True,21
large113_assisted,khot_rank,2,6,24,-13.0,True,18
large113_assisted,khot_rank,2,7,43,-32.0,True,24
large113_assisted,khot_rank,2,8,34,-23.0,True,10
large113_assisted,khot_rank,2,9,73,-62.0,True,13
large113_assisted,khot_rank,2,10,129,-118.0,True,18
large113_assisted,khot_rank,2,11,9,2.0,True,7
large113_assisted,khot_rank,2,12,64,-53.0,True,21
large113_assisted,khot_rank,2,13,15,-4.0,True,15
large113_assisted,khot_rank,2,14,5,6.0,True,5
large113_assisted,khot_rank,2,15,19,-8.0,True,18
large113_assisted,khot_rank,2,16,7,4.0,True,6
large113_assisted,khot_rank,2,17,13,-2.0,True,9
large113_assisted,khot_rank,2,18,15,-4.0,True,10
large113_assisted,khot_rank,2,19,43,-32.0,True,22
large113_assisted,khot_rank,2,20,21,-10.0,True,9
large113_assisted,khot_rank,2,21,8,3.0,True,8
large113_assisted,khot_rank,2,22,17,-6.0,True,15
large113_assisted,khot_rank,2,23,14,-3.0,True,12
large113_assisted,khot_rank,2,24,65,-54.0,True,27
large113_assisted,khot_rank,2,25,32,-21.0,True,21
large113_assisted,khot_rank,2,26,7,4.0,True,7
large113_assisted,khot_rank,2,27,2,9.0,True,2
large113_assisted,khot_rank,2,28,10,1.0,True,10
large113_assisted,khot_rank,2,29,13,-2.0,True,13
large113_assisted,khot_rank,2,30,281,-270.0,True,27
large113_assisted,khot_rank,2,31,85,-74.0,True,24
large113_assisted,khot_rank,2,32,16,-5.0,True,16
large113_assisted,khot_rank,2,33,147,-136.0,True,30
large113_assisted,khot_rank,2,34,21,-10.0,True,14
large113_assisted,khot_rank,2,35,2,9.0,True,2
large113_assisted,khot_rank,2,36,22,-11.0,True,20
large113_assisted,khot_rank,2,37,27,-16.0,True,22
large113_assisted,khot_rank,2,38,10,1.0,True,10
large113_assisted,khot_rank,2,39,21,-10.0,True,21
large113_assisted,khot_rank,2,40,25,-14.0,True,21
large113_assisted,khot_rank,2,41,42,-31.0,True,16
large113_assisted,khot_rank,2,42,36,-25.0,True,29
large113_assisted,khot_rank,2,43,22,-11.0,True,20
large113_assisted,khot_rank,2,44,12,-1.0,True,11
large113_assisted,khot_rank,2,45,13,-2.0,True,13
large113_assisted,khot_rank,2,46,24,-13.0,True,9
large113_assisted,khot_rank,2,47,39,-28.0,True,25
large113_assisted,khot_rank,2,48,15,-4.0,True,11
large113_assisted,khot_rank,2,49,16,-5.0,True,16
large113_assisted,khot_rank,2,50,12,-1.0,True,12
large113_assisted,khot_rank,2,51,30,-19.0,True,26
large113_assisted,khot_rank,2,52,8,3.0,True,8
large113_assisted,khot_rank,2,53,29,-18.0,True,25
large113_assisted,khot_rank,2,54,1,10.0,True,1
large113_assisted,khot_rank,2,55,27,-16.0,True,23
large113_assisted,khot_rank,2,56,6,5.0,True,6
large113_assisted,khot_rank,2,57,35,-24.0,True,29
large113_assisted,khot_rank,2,58,8,3.0,True,8
large113_assisted,khot_rank,2,59,27,-16.0,True,27
large113_assisted,khot_rank,2,60,14,-3.0,True,14
large113_assisted,khot_rank,2,61,85,-74.0,True,29
large113_assisted,khot_rank,2,62,5,6.0,True,5
large113_assisted,khot_rank,2,63,9,2.0,True,9
large113_assisted,khot_rank,2,64,13,-2.0,True,13
large113_assisted,khot_rank,2,65,24,-13.0,True,22
large113_assisted,khot_rank,2,66,27,-16.0,True,27
large113_assisted,khot_rank,2,67,23,-12.0,True,22
large113_assisted,khot_rank,2,68,12,-1.0,True,12
large113_assisted,khot_rank,2,69,27,-16.0,True,24
large113_assisted,khot_rank,2,70,11,0.0,True,11
large113_assisted,khot_rank,2,71,26,-15.0,True,23
large113_assisted,khot_rank,2,72,53,-42.0,True,23
large113_assisted,khot_rank,2,73,24,-13.0,True,20
large113_assisted,khot_rank,2,74,8,3.0,True,8
large113_assisted,khot_rank,2,75,27,-16.0,True,21
large113_assisted,khot_rank,2,76,7,4.0,True,7
large113_assisted,khot_rank,2,77,21,-10.0,True,21
large113_assisted,khot_rank,2,78,35,-24.0,True,17
large113_assisted,khot_rank,2,79,12,-1.0,True,12
large113_assisted,khot_rank,2,80,8,3.0,True,8
large113_assisted,khot_rank,2,81,25,-14.0,True,23
large113_assisted,khot_rank,2,82,27,-16.0,True,19
large113_assisted,khot_rank,2,83,9,2.0,True,9
large113_assisted,khot_rank,2,84,19,-8.0,True,19
large113_assisted,khot_rank,2,85,350,-350.0,False,28
large113_assisted,khot_rank,2,86,23,-12.0,True,23
large113_assisted,khot_rank,2,87,33,-22.0,True,27
large113_assisted,khot_rank,2,88,27,-16.0,True,27
large113_assisted,khot_rank,2,89,10,1.0,True,10
large113_assisted,khot_rank,2,90,10,1.0,True,10
large113_assisted,khot_rank,2,91,21,-10.0,True,21
large113_assisted,khot_rank,2,92,17,-6.0,True,16
large113_assisted,khot_rank,2,93,24,-13.0,True,22
large113_assisted,khot_rank,2,94,6,5.0,True,6
large113_assisted,khot_rank,2,95,82,-71.0,True,30
large113_assisted,khot_rank,2,96,26,-15.0,True,21
large113_assisted,khot_rank,2,97,14,-3.0,True,14
large113_assisted,khot_rank,2,98,30,-19.0,True,24
large113_assisted,khot_rank,2,99,29,-18.0,True,25
large113_assisted,khot_rank,2,100,16,-5.0,True,16
large113_assisted,khot_rank,2,101,24,-13.0,True,23
large113_assisted,khot_rank,2,102,24,-13.0,True,24
large113_assisted,khot_rank,2,103,10,1.0,True,10
large113_assisted,khot_rank,2,104,25,-14.0,True,24
large113_assisted,khot_rank,2,105,14,-3.0,True,14
large113_assisted,khot_rank,2,106,48,-37.0,True,28
large113_assisted,khot_rank,2,107,13,-2.0,True,11
large113_assisted,khot_rank,2,108,9,2.0,True,9
large113_assisted,khot_rank,2,109,17,-6.0,True,17
large113_assisted,khot_rank,2,110,12,-1.0,True,12
large113_assisted,khot_rank,2,111,24,-13.0,True,18
large113_assisted,khot_rank,2,112,8,3.0,True,8
large113_assisted,khot_rank,2,113,29,-18.0,True,28
large113_assisted,khot_rank,2,114,23,-12.0,True,23
large113_assisted,khot_rank,2,115,23,-12.0,True,23
large113_assisted,khot_rank,2,116,26,-15.0,True,23
large113_assisted,khot_rank,2,117,19,-8.0,True,19
large113_assisted,khot_rank,2,118,14,-3.0,True,14
large113_assisted,khot_rank,2,119,25,-14.0,True,15
large113_assisted,khot_rank,2,120,19,-8.0,True,19
large113_assisted,khot_rank,2,121,56,-45.0,True,12
large113_assisted,khot_rank,2,122,25,-14.0,True,24
large113_assisted,khot_rank,2,123,7,4.0,True,5
large113_assisted,khot_rank,2,124,16,-5.0,True,16
large113_assisted,khot_rank,2,125,3,8.0,True,3
large113_assisted,khot_rank,2,126,6,5.0,True,6
large113_assisted,khot_rank,2,127,32,-21.0,True,30
large113_assisted,khot_rank,2,128,21,-10.0,True,21
large113_assisted,khot_rank,2,129,25,-14.0,True,23
large113_assisted,khot_rank,2,130,15,-4.0,True,15
large113_assisted,khot_rank,2,131,7,4.0,True,6
large113_assisted,khot_rank,2,132,6,5.0,True,6
large113_assisted,khot_rank,2,133,15,-4.0,True,15
large113_assisted,khot_rank,2,134,17,-6.0,True,15
large113_assisted,khot_rank,2,135,7,4.0,True,7
large113_assisted,khot_rank,2,136,28,-17.0,True,28
large113_assisted,khot_rank,2,137,21,-10.0,True,19
large113_assisted,khot_rank,2,138,350,-350.0,False,30
large113_assisted,khot_rank,2,139,56,-45.0,True,16
large113_assisted,khot_rank,2,140,6,5.0,True,6
large113_assisted,khot_rank,2,141,348,-337.0,True,30
large113_assisted,khot_rank,2,142,23,-12.0,True,23
large113_assisted,khot_rank,2,143,6,5.0,True,6
large113_assisted,khot_rank,2,144,10,1.0,True,10
large113_assisted,khot_rank,2,145,12,-1.0,True,10
large113_assisted,khot_rank,2,146,17,-6.0,True,17
large113_assisted,khot_rank,2,147,23,-12.0,True,23
large113_assisted,khot_rank,2,148,33,-22.0,True,28
large113_assisted,khot_rank,2,149,24,-13.0,True,22
large113_assisted,khot_rank,2,150,16,-5.0,True,16
large113_assisted,khot_rank,2,151,34,-23.0,True,23
large113_assisted,khot_rank,2,152,23,-12.0,True,23
large113_assisted,khot_rank,2,153,9,2.0,True,8
large113_assisted,khot_rank,2,154,21,-10.0,True,21
large113_assisted,khot_rank,2,155,13,-2.0,True,13
large113_assisted,khot_rank,2,156,33,-22.0,True,10
large113_assisted,khot_rank,2,157,38,-27.0,True,28
large113_assisted,khot_rank,2,158,33,-22.0,True,30
large113_assisted,khot_rank,2,159,14,-3.0,True,9
large113_assisted,khot_rank,2,160,18,-7.0,True,16
large113_assisted,khot_rank,2,161,3,8.0,True,3
large113_assisted,khot_rank,2,162,7,4.0,True,3
large113_assisted,khot_rank,2,163,73,-62.0,True,24
large113_assisted,khot_rank,2,164,3,8.0,True,3
large113_assisted,khot_rank,2,165,3,8.0,True,3
large113_assisted,khot_rank,2,166,350,-350.0,False,30
large113_assisted,khot_rank,2,167,17,-6.0,True,9
large113_assisted,khot_rank,2,168,185,-174.0,True,27
large113_assisted,khot_rank,2,169,20,-9.0,True,19
large113_assisted,khot_rank,2,170,235,-224.0,True,26
large113_assisted,khot_rank,2,171,11,0.0,True,10
large113_assisted,khot_rank,2,172,11,0.0,True,7
large113_assisted,khot_rank,2,173,43,-32.0,True,20
large113_assisted,khot_rank,2,174,298,-287.0,True,6
large113_assisted,khot_rank,2,175,15,-4.0,True,15
large113_assisted,khot_rank,2,176,121,-110.0,True,24
large113_assisted,khot_rank,2,177,21,-10.0,True,19
large113_assisted,khot_rank,2,178,8,3.0,True,8
large113_assisted,khot_rank,2,179,350,-350.0,False,20
large113_assisted,khot_rank,2,180,15,-4.0,True,15
large113_assisted,khot_rank,2,181,20,-9.0,True,10
large113_assisted,khot_rank,2,182,26,-15.0,True,23
large113_assisted,khot_rank,2,183,15,-4.0,True,15
large113_assisted,khot_rank,2,184,26,-15.0,True,24
large113_assisted,khot_rank,2,185,350,-350.0,False,6
large113_assisted,khot_rank,2,186,19,-8.0,True,19
large113_assisted,khot_rank,2,187,17,-6.0,True,17
large113_assisted,khot_rank,2,188,329,-318.0,True,16
large113_assisted,khot_rank,2,189,15,-4.0,True,15
large113_assisted,khot_rank,2,190,11,0.0,True,11
large113_assisted,khot_rank,2,191,5,6.0,True,5
large113_assisted,khot_rank,2,192,6,5.0,True,6
large113_assisted,khot_rank,2,193,26,-15.0,True,26
large113_assisted,khot_rank,2,194,20,-9.0,True,20
large113_assisted,khot_rank,2,195,25,-14.0,True,25
large113_assisted,khot_rank,2,196,11,0.0,True,11
large113_assisted,khot_rank,2,197,30,-19.0,True,27
large113_assisted,khot_rank,2,198,95,-84.0,True,22
large113_assisted,khot_rank,2,199,17,-6.0,True,17
large113_assisted,khot_rank,2,200,24,-13.0,True,23
large113_assisted,khot_rank,2,201,11,0.0,True,11
large113_assisted,khot_rank,2,202,6,5.0,True,6
large113_assisted,khot_rank,2,203,5,6.0,True,5
large113_assisted,khot_rank,2,204,26,-15.0,True,21
large113_assisted,khot_rank,2,205,10,1.0,True,10
large113_assisted,khot_rank,2,206,350,-350.0,False,10
large113_assisted,khot_rank,2,207,22,-11.0,True,18
large113_assisted,khot_rank,2,208,2,9.0,True,2
large113_assisted,khot_rank,2,209,350,-350.0,False,26
large113_assisted,khot_rank,2,210,6,5.0,True,6
large113_assisted,khot_rank,2,211,64,-53.0,True,23
large113_assisted,khot_rank,2,212,350,-350.0,False,29
large113_assisted,khot_rank,2,213,350,-350.0,False,27
large113_assisted,khot_rank,2,214,290,-279.0,True,27
large113_assisted,khot_rank,2,215,350,-350.0,False,18
large113_assisted,khot_rank,2,216,350,-350.0,False,24
large113_assisted,khot_rank,2,217,350,-350.0,False,25
large113_assisted,khot_rank,2,218,350,-350.0,False,26
large113_assisted,khot_rank,2,219,247,-236.0,True,14
large113_assisted,khot_rank,2,220,2,9.0,True,2
large113_assisted,khot_rank,2,221,73,-62.0,True,12
large113_assisted,khot_rank,2,222,350,-350.0,False,23
large113_assisted,khot_rank,2,223,64,-53.0,True,24
large113_assisted,khot_rank,2,224,350,-350.0,False,13
large113_assisted,khot_rank,2,225,17,-6.0,True,17
large113_assisted,khot_rank,2,226,25,-14.0,True,22
large113_assisted,khot_rank,2,227,350,-350.0,False,26
large113_assisted,khot_rank,2,228,13,-2.0,True,13
large113_assisted,khot_rank,2,229,350,-350.0,False,7
large113_assisted,khot_rank,2,230,350,-350.0,False,28
large113_assisted,khot_rank,2,231,17,-6.0,True,17
large113_assisted,khot_rank,2,232,25,-14.0,True,23
large113_assisted,khot_rank,2,233,2,9.0,True,2
large113_assisted,khot_rank,2,234,7,4.0,True,7
large113_assisted,khot_rank,2,235,350,-350.0,False,19
large113_assisted,khot_rank,2,236,192,-181.0,True,22
large113_assisted,khot_rank,2,237,15,-4.0,True,15
large113_assisted,khot_rank,2,238,350,-350.0,False,23
large113_assisted,khot_rank,2,239,12,-1.0,True,12
large113_assisted,khot_rank,2,240,350,-350.0,False,20
large113_assisted,khot_rank,2,241,350,-350.0,False,9
large113_assisted,khot_rank,2,242,12,-1.0,True,12
large113_assisted,khot_rank,2,243,350,-350.0,False,25
large113_assisted,khot_rank,2,244,350,-350.0,False,10
large113_assisted,khot_rank,2,245,350,-350.0,False,25
large113_assisted,khot_rank,2,246,350,-350.0,False,29
large113_assisted,khot_rank,2,247,27,-16.0,True,25
large113_assisted,khot_rank,2,248,279,-268.0,True,11
large113_assisted,khot_rank,2,249,15,-4.0,True,14
large113_assisted,khot_rank,2,250,29,-18.0,True,21
large113_assisted,khot_rank,2,251,27,-16.0,True,25
large113_assisted,khot_rank,2,252,10,1.0,True,10
large113_assisted,khot_rank,2,253,20,-9.0,True,20
large113_assisted,khot_rank,2,254,19,-8.0,True,19
large113_assisted,khot_rank,2,255,6,5.0,True,6
large113_assisted,khot_rank,2,256,350,-350.0,False,28
large113_assisted,khot_rank,2,257,24,-13.0,True,23
large113_assisted,khot_rank,2,258,9,2.0,True,9
large113_assisted,khot_rank,2,259,19,-8.0,True,17
large113_assisted,khot_rank,2,260,350,-350.0,False,27
large113_assisted,khot_rank,2,261,18,-7.0,True,17
large113_assisted,khot_rank,2,262,350,-350.0,False,20
large113_assisted,khot_rank,2,263,1,10.0,True,1
large113_assisted,khot_rank,2,264,350,-350.0,False,28
large113_assisted,khot_rank,2,265,350,-350.0,False,26
large113_assisted,khot_rank,2,266,350,-350.0,False,5
large113_assisted,khot_rank,2,267,350,-350.0,False,20
large113_assisted,khot_rank,2,268,303,-292.0,True,13
large113_assisted,khot_rank,2,269,350,-350.0,False,10
large113_assisted,khot_rank,2,270,350,-350.0,False,21
large113_assisted,khot_rank,2,271,350,-350.0,False,24
large113_assisted,khot_rank,2,272,64,-53.0,True,22
large113_assisted,khot_rank,2,273,350,-350.0,False,24
large113_assisted,khot_rank,2,274,350,-350.0,False,14
large113_assisted,khot_rank,2,275,343,-332.0,True,14
large113_assisted,khot_rank,2,276,350,-350.0,False,27
large113_assisted,khot_rank,2,277,350,-350.0,False,29
large113_assisted,khot_rank,2,278,329,-318.0,True,15
large113_assisted,khot_rank,2,279,350,-350.0,False,10
large113_assisted,khot_rank,2,280,350,-350.0,False,9
large113_assisted,khot_rank,2,281,350,-350.0,False,20
large113_assisted,khot_rank,2,282,213,-202.0,True,7
large113_assisted,khot_rank,2,283,107,-96.0,True,15
large113_assisted,khot_rank,2,284,350,-350.0,False,21
large113_assisted,khot_rank,2,285,2,9.0,True,2
large113_assisted,khot_rank,2,286,314,-303.0,True,23
large113_assisted,khot_rank,2,287,350,-350.0,False,27
large113_assisted,khot_rank,2,288,350,-350.0,False,30
large113_assisted,khot_rank,2,289,350,-350.0,False,14
large113_assisted,khot_rank,2,290,350,-350.0,False,12
large113_assisted,khot_rank,2,291,350,-350.0,False,28
large113_assisted,khot_rank,2,292,350,-350.0,False,23
large113_assisted,khot_rank,2,293,294,-283.0,True,19
large113_assisted,khot_rank,2,294,192,-181.0,True,23
large113_assisted,khot_rank,2,295,3,8.0,True,3
large113_assisted,khot_rank,2,296,120,-109.0,True,27
large113_assisted,khot_rank,2,297,8,3.0,True,8
large113_assisted,khot_rank,2,298,1,10.0,True,1
large113_assisted,khot_rank,2,299,198,-187.0,True,28
large113_assisted,khot_rank,2,300,350,-350.0,False,17
large113_assisted,khot_rank,2,301,9,2.0,True,9
large113_assisted,khot_rank,2,302,350,-350.0,False,25
large113_assisted,khot_rank,2,303,204,-193.0,True,22
large113_assisted,khot_rank,2,304,59,-48.0,True,15
large113_assisted,khot_rank,2,305,11,0.0,True,11
large113_assisted,khot_rank,2,306,11,0.0,True,11
large113_assisted,khot_rank,2,307,350,-350.0,False,24
large113_assisted,khot_rank,2,308,350,-350.0,False,21
large113_assisted,khot_rank,2,309,350,-350.0,False,15
large113_assisted,khot_rank,2,310,181,-170.0,True,23
large113_assisted,khot_rank,2,311,32,-21.0,True,26
large113_assisted,khot_rank,2,312,27,-16.0,True,26
large113_assisted,khot_rank,2,313,274,-263.0,True,16
large113_assisted,khot_rank,2,314,350,-350.0,False,23
large113_assisted,khot_rank,2,315,18,-7.0,True,18
large113_assisted,khot_rank,2,316,350,-350.0,False,27
large113_assisted,khot_rank,2,317,3,8.0,True,3
large113_assisted,khot_rank,2,318,15,-4.0,True,15
large113_assisted,khot_rank,2,319,350,-350.0,False,17
large113_assisted,khot_rank,2,320,350,-350.0,False,24
large113_assisted,khot_rank,2,321,350,-350.0,False,23
large113_assisted,khot_rank,2,322,2,9.0,True,2
large113_assisted,khot_rank,2,323,15,-4.0,True,5
large113_assisted,khot_rank,2,324,320,-309.0,True,14
large113_assisted,khot_rank,2,325,350,-350.0,False,17
large113_assisted,khot_rank,2,326,350,-350.0,False,24
large113_assisted,khot_rank,2,327,293,-282.0,True,24
large113_assisted,khot_rank,2,328,350,-350.0,False,16
large113_assisted,khot_rank,2,329,350,-350.0,False,24
large113_assisted,khot_rank,2,330,350,-350.0,False,26
large113_assisted,khot_rank,2,331,350,-350.0,False,26
large113_assisted,khot_rank,2,332,350,-350.0,False,19
large113_assisted,khot_rank,2,333,3,8.0,True,3
large113_assisted,khot_rank,2,334,296,-285.0,True,15
large113_assisted,khot_rank,2,335,337,-326.0,True,23
large113_assisted,khot_rank,2,336,350,-350.0,False,21
large113_assisted,khot_rank,2,337,350,-350.0,False,18
large113_assisted,khot_rank,2,338,350,-350.0,False,24
large113_assisted,khot_rank,2,339,350,-350.0,False,20
large113_assisted,khot_rank,2,340,350,-350.0,False,28
large113_assisted,khot_rank,2,341,350,-350.0,False,28
large113_assisted,khot_rank,2,342,350,-350.0,False,12
large113_assisted,khot_rank,2,343,350,-350.0,False,18
large113_assisted,khot_rank,2,344,2,9.0,True,2
large113_assisted,khot_rank,2,345,168,-157.0,True,27
large113_assisted,khot_rank,2,346,350,-350.0,False,6
large113_assisted,khot_rank,2,347,350,-350.0,False,27
large113_assisted,khot_rank,2,348,4,7.0,True,4
large113_assisted,khot_rank,2,349,350,-350.0,False,9
large113_assisted,khot_rank,2,350,350,-350.0,False,10
large113_assisted,khot_rank,2,351,350,-350.0,False,22
large113_assisted,khot_rank,2,352,350,-350.0,False,12
large113_assisted,khot_rank,2,353,350,-350.0,False,15
large113_assisted,khot_rank,2,354,350,-350.0,False,25
large113_assisted,khot_rank,2,355,350,-350.0,False,27
large113_assisted,khot_rank,2,356,350,-350.0,False,29
large113_assisted,khot_rank,2,357,350,-350.0,False,25
large113_assisted,khot_rank,2,358,6,5.0,True,6
large113_assisted,khot_rank,2,359,350,-350.0,False,20
large113_assisted,khot_rank,2,360,1,10.0,True,1
large113_assisted,khot_rank,2,361,84,-73.0,True,10
large113_assisted,khot_rank,2,362,350,-350.0,False,19
large113_assisted,khot_rank,2,363,350,-350.0,False,10
large113_assisted,khot_rank,2,364,350,-350.0,False,27
large113_assisted,khot_rank,2,365,262,-251.0,True,23
large113_assisted,khot_rank,2,366,350,-350.0,False,14
large113_assisted,khot_rank,2,367,350,-350.0,False,20
large113_assisted,khot_rank,2,368,350,-350.0,False,13
large113_assisted,khot_rank,2,369,350,-350.0,False,18
large113_assisted,khot_rank,2,370,74,-63.0,True,18
large113_assisted,khot_rank,2,371,350,-350.0,False,27
large113_assisted,khot_rank,2,372,350,-350.0,False,23
large113_assisted,khot_rank,2,373,350,-350.0,False,17
large113_assisted,khot_rank,2,374,350,-350.0,False,15
large113_assisted,khot_rank,2,375,350,-350.0,False,24
large113_assisted,khot_rank,2,376,2,9.0,True,2
large113_assisted,khot_rank,2,377,350,-350.0,False,4
large113_assisted,khot_rank,2,378,216,-205.0,True,7
large113_assisted,khot_rank,2,379,350,-350.0,False,18
large113_assisted,khot_rank,2,380,350,-350.0,False,18
large113_assisted,khot_rank,2,381,350,-350.0,False,8
large113_assisted,khot_rank,2,382,350,-350.0,False,10
large113_assisted,khot_rank,2,383,2,9.0,True,2
large113_assisted,khot_rank,2,384,350,-350.0,False,11
large113_assisted,khot_rank,2,385,350,-350.0,False,15
large113_assisted,khot_rank,2,386,350,-350.0,False,23
large113_assisted,khot_rank,2,387,176,-165.0,True,24
large113_assisted,khot_rank,2,388,350,-350.0,False,16
large113_assisted,khot_rank,2,389,350,-350.0,False,7
large113_assisted,khot_rank,2,390,350,-350.0,False,23
large113_assisted,khot_rank,2,391,33,-22.0,True,18
large113_assisted,khot_rank,2,392,140,-129.0,True,18
large113_assisted,khot_rank,2,393,350,-350.0,False,24
large113_assisted,khot_rank,2,394,45,-34.0,True,19
large113_assisted,khot_rank,2,395,350,-350.0,False,11
large113_assisted,khot_rank,2,396,350,-350.0,False,9
large113_assisted,khot_rank,2,397,350,-350.0,False,14
large113_assisted,khot_rank,2,398,350,-350.0,False,24
large113_assisted,khot_rank,2,399,225,-214.0,True,16
large113_assisted,khot_error,2,0,350,-350.0,False,24
large113_assisted,khot_error,2,1,350,-350.0,False,25
large113_assisted,khot_error,2,2,261,-250.0,True,8
large113_assisted,khot_error,2,3,350,-350.0,False,21
large113_assisted,khot_error,2,4,350,-350.0,False,25
large113_assisted,khot_error,2,5,154,-143.0,True,21
large113_assisted,khot_error,2,6,19,-8.0,True,18
large113_assisted,khot_error,2,7,128,-117.0,True,24
large113_assisted,khot_error,2,8,34,-23.0,True,10
large113_assisted,khot_error,2,9,163,-152.0,True,13
large113_assisted,khot_error,2,10,350,-350.0,False,18
large113_assisted,khot_error,2,11,141,-130.0,True,7
large113_assisted,khot_error,2,12,274,-263.0,True,21
large113_assisted,khot_error,2,13,20,-9.0,True,15
large113_assisted,khot_error,2,14,6,5.0,True,5
large113_assisted,khot_error,2,15,18,-7.0,True,18
large113_assisted,khot_error,2,16,9,2.0,True,6
large113_assisted,khot_error,2,17,9,2.0,True,9
large113_assisted,khot_error,2,18,22,-11.0,True,10
large113_assisted,khot_error,2,19,171,-160.0,True,22
large113_assisted,khot_error,2,20,9,2.0,True,9
large113_assisted,khot_error,2,21,8,3.0,True,8
large113_assisted,khot_error,2,22,16,-5.0,True,15
large113_assisted,khot_error,2,23,13,-2.0,True,12
large113_assisted,khot_error,2,24,138,-127.0,True,27
large113_assisted,khot_error,2,25,49,-38.0,True,21
large113_assisted,khot_error,2,26,8,3.0,True,7
large113_assisted,khot_error,2,27,2,9.0,True,2
large113_assisted,khot_error,2,28,12,-1.0,True,10
large113_assisted,khot_error,2,29,13,-2.0,True,13
large113_assisted,khot_error,2,30,300,-289.0,True,27
large113_assisted,khot_error,2,31,81,-70.0,True,24
large113_assisted,khot_error,2,32,18,-7.0,True,16
large113_assisted,khot_error,2,33,350,-339.0,True,30
large113_assisted,khot_error,2,34,19,-8.0,True,14
large113_assisted,khot_error,2,35,2,9.0,True,2
large113_assisted,khot_error,2,36,28,-17.0,True,20
large113_assisted,khot_error,2,37,22,-11.0,True,22
large113_assisted,khot_error,2,38,10,1.0,True,10
large113_assisted,khot_error,2,39,21,-10.0,True,21
large113_assisted,khot_error,2,40,28,-17.0,True,21
large113_assisted,khot_error,2,41,16,-5.0,True,16
large113_assisted,khot_error,2,42,322,-311.0,True,29
large113_assisted,khot_error,2,43,20,-9.0,True,20
large113_assisted,khot_error,2,44,11,0.0,True,11
large113_assisted,khot_error,2,45,13,-2.0,True,13
large113_assisted,khot_error,2,46,41,-30.0,True,9
large113_assisted,khot_error,2,47,124,-113.0,True,25
large113_assisted,khot_error,2,48,11,0.0,True,11
large113_assisted,khot_error,2,49,17,-6.0,True,16
large113_assisted,khot_error,2,50,12,-1.0,True,12
large113_assisted,khot_error,2,51,350,-350.0,False,26
large113_assisted,khot_error,2,52,8,3.0,True,8
large113_assisted,khot_error,2,53,27,-16.0,True,25
large113_assisted,khot_error,2,54,1,10.0,True,1
large113_assisted,khot_error,2,55,25,-14.0,True,23
large113_assisted,khot_error,2,56,6,5.0,True,6
large113_assisted,khot_error,2,57,60,-49.0,True,29
large113_assisted,khot_error,2,58,9,2.0,True,8
large113_assisted,khot_error,2,59,27,-16.0,True,27
large113_assisted,khot_error,2,60,15,-4.0,True,14
large113_assisted,khot_error,2,61,75,-64.0,True,29
large113_assisted,khot_error,2,62,5,6.0,True,5
large113_assisted,khot_error,2,63,10,1.0,True,9
large113_assisted,khot_error,2,64,15,-4.0,True,13
large113_assisted,khot_error,2,65,27,-16.0,True,22
large113_assisted,khot_error,2,66,28,-17.0,True,27
large113_assisted,khot_error,2,67,22,-11.0,True,22
large113_assisted,khot_error,2,68,12,-1.0,True,12
large113_assisted,khot_error,2,69,350,-350.0,False,24
large113_assisted,khot_error,2,70,12,-1.0,True,11
large113_assisted,khot_error,2,71,23,-12.0,True,23
large113_assisted,khot_error,2,72,291,-280.0,True,23
large113_assisted,khot_error,2,73,20,-9.0,True,20
large113_assisted,khot_error,2,74,10,1.0,True,8
large113_assisted,khot_error,2,75,22,-11.0,True,21
large113_assisted,khot_error,2,76,9,2.0,True,7
large113_assisted,khot_error,2,77,67,-56.0,True,21
large113_assisted,khot_error,2,78,350,-350.0,False,17
large113_assisted,khot_error,2,79,13,-2.0,True,12
large113_assisted,khot_error,2,80,8,3.0,True,8
large113_assisted,khot_error,2,81,46,-35.0,True,23
large113_assisted,khot_error,2,82,20,-9.0,True,19
large113_assisted,khot_error,2,83,11,0.0,True,9
large113_assisted,khot_error,2,84,21,-10.0,True,19
large113_assisted,khot_error,2,85,310,-299.0,True,28
large113_assisted,khot_error,2,86,29,-18.0,True,23
large113_assisted,khot_error,2,87,27,-16.0,True,27
large113_assisted,khot_error,2,88,29,-18.0,True,27
large113_assisted,khot_error,2,89,11,0.0,True,10
large113_assisted,khot_error,2,90,10,1.0,True,10
large113_assisted,khot_error,2,91,21,-10.0,True,21
large113_assisted,khot_error,2,92,17,-6.0,True,16
large113_assisted,khot_error,2,93,26,-15.0,True,22
large113_assisted,khot_error,2,94,6,5.0,True,6
large113_assisted,khot_error,2,95,73,-62.0,True,30
large113_assisted,khot_error,2,96,24,-13.0,True,21
large113_assisted,khot_error,2,97,14,-3.0,True,14
large113_assisted,khot_error,2,98,24,-13.0,True,24
large113_assisted,khot_error,2,99,212,-201.0,True,25
large113_assisted,khot_error,2,100,16,-5.0,True,16
large113_assisted,khot_error,2,101,23,-12.0,True,23
large113_assisted,khot_error,2,102,24,-13.0,True,24
large113_assisted,khot_error,2,103,13,-2.0,True,10
large113_assisted,khot_error,2,104,24,-13.0,True,24
large113_assisted,khot_error,2,105,14,-3.0,True,14
large113_assisted,khot_error,2,106,31,-20.0,True,28
large113_assisted,khot_error,2,107,12,-1.0,True,11
large113_assisted,khot_error,2,108,13,-2.0,True,9
large113_assisted,khot_error,2,109,19,-8.0,True,17
large113_assisted,khot_error,2,110,12,-1.0,True,12
large113_assisted,khot_error,2,111,20,-9.0,True,18
large113_assisted,khot_error,2,112,8,3.0,True,8
large113_assisted,khot_error,2,113,35,-24.0,True,28
large113_assisted,khot_error,2,114,26,-15.0,True,23
large113_assisted,khot_error,2,115,23,-12.0,True,23
large113_assisted,khot_error,2,116,25,-14.0,True,23
large113_assisted,khot_error,2,117,19,-8.0,True,19
large113_assisted,khot_error,2,118,14,-3.0,True,14
large113_assisted,khot_error,2,119,16,-5.0,True,15
large113_assisted,khot_error,2,120,19,-8.0,True,19
large113_assisted,khot_error,2,121,143,-132.0,True,12
large113_assisted,khot_error,2,122,350,-350.0,False,24
large113_assisted,khot_error,2,123,5,6.0,True,5
large113_assisted,khot_error,2,124,16,-5.0,True,16
large113_assisted,khot_error,2,125,5,6.0,True,3
large113_assisted,khot_error,2,126,6,5.0,True,6
large113_assisted,khot_error,2,127,350,-350.0,False,30
large113_assisted,khot_error,2,128,350,-350.0,False,21
large113_assisted,khot_error,2,129,23,-12.0,True,23
large113_assisted,khot_error,2,130,350,-350.0,False,15
large113_assisted,khot_error,2,131,7,4.0,True,6
large113_assisted,khot_error,2,132,7,4.0,True,6
large113_assisted,khot_error,2,133,15,-4.0,True,15
large113_assisted,khot_error,2,134,15,-4.0,True,15
large113_assisted,khot_error,2,135,7,4.0,True,7
large113_assisted,khot_error,2,136,28,-17.0,True,28
large113_assisted,khot_error,2,137,19,-8.0,True,19
large113_assisted,khot_error,2,138,32,-21.0,True,30
large113_assisted,khot_error,2,139,20,-9.0,True,16
large113_assisted,khot_error,2,140,8,3.0,True,6
large113_assisted,khot_error,2,141,201,-190.0,True,30
large113_assisted,khot_error,2,142,26,-15.0,True,23
large113_assisted,khot_error,2,143,6,5.0,True,6
large113_assisted,khot_error,2,144,11,0.0,True,10
large113_assisted,khot_error,2,145,10,1.0,True,10
large113_assisted,khot_error,2,146,220,-209.0,True,17
large113_assisted,khot_error,2,147,28,-17.0,True,23
large113_assisted,khot_error,2,148,28,-17.0,True,28
large113_assisted,khot_error,2,149,25,-14.0,True,22
large113_assisted,khot_error,2,150,16,-5.0,True,16
large113_assisted,khot_error,2,151,23,-12.0,True,23
large113_assisted,khot_error,2,152,23,-12.0,True,23
large113_assisted,khot_error,2,153,8,3.0,True,8
large113_assisted,khot_error,2,154,21,-10.0,True,21
large113_assisted,khot_error,2,155,13,-2.0,True,13
large113_assisted,khot_error,2,156,350,-350.0,False,10
large113_assisted,khot_error,2,157,118,-107.0,True,28
large113_assisted,khot_error,2,158,30,-19.0,True,30
large113_assisted,khot_error,2,159,9,2.0,True,9
large113_assisted,khot_error,2,160,21,-10.0,True,16
large113_assisted,khot_error,2,161,3,8.0,True,3
large113_assisted,khot_error,2,162,3,8.0,True,3
large113_assisted,khot_error,2,163,350,-350.0,False,24
large113_assisted,khot_error,2,164,3,8.0,True,3
large113_assisted,khot_error,2,165,3,8.0,True,3
large113_assisted,khot_error,2,166,101,-90.0,True,30
large113_assisted,khot_error,2,167,25,-14.0,True,9
large113_assisted,khot_error,2,168,46,-35.0,True,27
large113_assisted,khot_error,2,169,23,-12.0,True,19
large113_assisted,khot_error,2,170,27,-16.0,True,26
large113_assisted,khot_error,2,171,11,0.0,True,10
large113_assisted,khot_error,2,172,7,4.0,True,7
large113_assisted,khot_error,2,173,24,-13.0,True,20
large113_assisted,khot_error,2,174,6,5.0,True,6
large113_assisted,khot_error,2,175,19,-8.0,True,15
large113_assisted,khot_error,2,176,32,-21.0,True,24
large113_assisted,khot_error,2,177,21,-10.0,True,19
large113_assisted,khot_error,2,178,8,3.0,True,8
large113_assisted,khot_error,2,179,22,-11.0,True,20
large113_assisted,khot_error,2,180,17,-6.0,True,15
large113_assisted,khot_error,2,181,10,1.0,True,10
large113_assisted,khot_error,2,182,27,-16.0,True,23
large113_assisted,khot_error,2,183,17,-6.0,True,15
large113_assisted,khot_error,2,184,24,-13.0,True,24
large113_assisted,khot_error,2,185,8,3.0,True,6
large113_assisted,khot_error,2,186,19,-8.0,True,19
large113_assisted,khot_error,2,187,17,-6.0,True,17
large113_assisted,khot_error,2,188,17,-6.0,True,16
large113_assisted,khot_error,2,189,18,-7.0,True,15
large113_assisted,khot_error,2,190,11,0.0,True,11
large113_assisted,khot_error,2,191,5,6.0,True,5
large113_assisted,khot_error,2,192,6,5.0,True,6
large113_assisted,khot_error,2,193,34,-23.0,True,26
large113_assisted,khot_error,2,194,20,-9.0,True,20
large113_assisted,khot_error,2,195,25,-14.0,True,25
large113_assisted,khot_error,2,196,11,0.0,True,11
large113_assisted,khot_error,2,197,27,-16.0,True,27
large113_assisted,khot_error,2,198,23,-12.0,True,22
large113_assisted,khot_error,2,199,18,-7.0,True,17
large113_assisted,khot_error,2,200,189,-178.0,True,23
large113_assisted,khot_error,2,201,11,0.0,True,11
large113_assisted,khot_error,2,202,7,4.0,True,6
large113_assisted,khot_error,2,203,5,6.0,True,5
large113_assisted,khot_error,2,204,22,-11.0,True,21
large113_assisted,khot_error,2,205,10,1.0,True,10
large113_assisted,khot_error,2,206,340,-329.0,True,10
large113_assisted,khot_error,2,207,18,-7.0,True,18
large113_assisted,khot_error,2,208,2,9.0,True,2
large113_assisted,khot_error,2,209,26,-15.0,True,26
large113_assisted,khot_error,2,210,6,5.0,True,6
large113_assisted,khot_error,2,211,46,-35.0,True,23
large113_assisted,khot_error,2,212,37,-26.0,True,29
large113_assisted,khot_error,2,213,31,-20.0,True,27
large113_assisted,khot_error,2,214,27,-16.0,True,27
large113_assisted,khot_error,2,215,18,-7.0,True,18
large113_assisted,khot_error,2,216,25,-14.0,True,24
large113_assisted,khot_error,2,217,25,-14.0,True,25
large113_assisted,khot_error,2,218,28,-17.0,True,26
large113_assisted,khot_error,2,219,17,-6.0,True,14
large113_assisted,khot_error,2,220,2,9.0,True,2
large113_assisted,khot_error,2,221,132,-121.0,True,12
large113_assisted,khot_error,2,222,25,-14.0,True,23
large113_assisted,khot_error,2,223,26,-15.0,True,24
large113_assisted,khot_error,2,224,13,-2.0,True,13
large113_assisted,khot_error,2,225,17,-6.0,True,17
large113_assisted,khot_error,2,226,23,-12.0,True,22
large113_assisted,khot_error,2,227,350,-350.0,False,26
large113_assisted,khot_error,2,228,13,-2.0,True,13
large113_assisted,khot_error,2,229,7,4.0,True,7
large113_assisted,khot_error,2,230,41,-30.0,True,28
large113_assisted,khot_error,2,231,17,-6.0,True,17
large113_assisted,khot_error,2,232,25,-14.0,True,23
large113_assisted,khot_error,2,233,2,9.0,True,2
large113_assisted,khot_error,2,234,7,4.0,True,7
large113_assisted,khot_error,2,235,20,-9.0,True,19
large113_assisted,khot_error,2,236,22,-11.0,True,22
large113_assisted,khot_error,2,237,23,-12.0,True,15
large113_assisted,khot_error,2,238,350,-350.0,False,23
large113_assisted,khot_error,2,239,13,-2.0,True,12
large113_assisted,khot_error,2,240,22,-11.0,True,20
large113_assisted,khot_error,2,241,9,2.0,True,9
large113_assisted,khot_error,2,242,13,-2.0,True,12
large113_assisted,khot_error,2,243,350,-350.0,False,25
large113_assisted,khot_error,2,244,10,1.0,True,10
large113_assisted,khot_error,2,245,350,-350.0,False,25
large113_assisted,khot_error,2,246,197,-186.0,True,29
large113_assisted,khot_error,2,247,222,-211.0,True,25
large113_assisted,khot_error,2,248,13,-2.0,True,11
large113_assisted,khot_error,2,249,29,-18.0,True,14
large113_assisted,khot_error,2,250,31,-20.0,True,21
large113_assisted,khot_error,2,251,137,-126.0,True,25
large113_assisted,khot_error,2,252,10,1.0,True,10
large113_assisted,khot_error,2,253,36,-25.0,True,20
large113_assisted,khot_error,2,254,19,-8.0,True,19
large113_assisted,khot_error,2,255,7,4.0,True,6
large113_assisted,khot_error,2,256,184,-173.0,True,28
large113_assisted,khot_error,2,257,23,-12.0,True,23
large113_assisted,khot_error,2,258,9,2.0,True,9
large113_assisted,khot_error,2,259,21,-10.0,True,17
large113_assisted,khot_error,2,260,30,-19.0,True,27
large113_assisted,khot_error,2,261,17,-6.0,True,17
large113_assisted,khot_error,2,262,20,-9.0,True,20
large113_assisted,khot_error,2,263,1,10.0,True,1
large113_assisted,khot_error,2,264,28,-17.0,True,28
large113_assisted,khot_error,2,265,350,-350.0,False,26
large113_assisted,khot_error,2,266,7,4.0,True,5
large113_assisted,khot_error,2,267,20,-9.0,True,20
large113_assisted,khot_error,2,268,13,-2.0,True,13
large113_assisted,khot_error,2,269,11,0.0,True,10
large113_assisted,khot_error,2,270,21,-10.0,True,21
large113_assisted,khot_error,2,271,24,-13.0,True,24
large113_assisted,khot_error,2,272,26,-15.0,True,22
large113_assisted,khot_error,2,273,288,-277.0,True,24
large113_assisted,khot_error,2,274,14,-3.0,True,14
large113_assisted,khot_error,2,275,14,-3.0,True,14
large113_assisted,khot_error,2,276,27,-16.0,True,27
large113_assisted,khot_error,2,277,335,-324.0,True,29
large113_assisted,khot_error,2,278,18,-7.0,True,15
large113_assisted,khot_error,2,279,240,-229.0,True,10
large113_assisted,khot_error,2,280,95,-84.0,True,9
large113_assisted,khot_error,2,281,350,-350.0,False,20
large113_assisted,khot_error,2,282,11,0.0,True,7
large113_assisted,khot_error,2,283,350,-350.0,False,15
large113_assisted,khot_error,2,284,22,-11.0,True,21
large113_assisted,khot_error,2,285,2,9.0,True,2
large113_assisted,khot_error,2,286,350,-350.0,False,23
large113_assisted,khot_error,2,287,350,-350.0,False,27
large113_assisted,khot_error,2,288,350,-350.0,False,30
large113_assisted,khot_error,2,289,234,-223.0,True,14
large113_assisted,khot_error,2,290,12,-1.0,True,12
large113_assisted,khot_error,2,291,350,-350.0,False,28
large113_assisted,khot_error,2,292,323,-312.0,True,23
large113_assisted,khot_error,2,293,350,-350.0,False,19
large113_assisted,khot_error,2,294,350,-350.0,False,23
large113_assisted,khot_error,2,295,3,8.0,True,3
large113_assisted,khot_error,2,296,350,-350.0,False,27
large113_assisted,khot_error,2,297,8,3.0,True,8
large113_assisted,khot_error,2,298,1,10.0,True,1
large113_assisted,khot_error,2,299,82,-71.0,True,28
large113_assisted,khot_error,2,300,44,-33.0,True,17
large113_assisted,khot_error,2,301,9,2.0,True,9
large113_assisted,khot_error,2,302,34,-23.0,True,25
large113_assisted,khot_error,2,303,350,-350.0,False,22
large113_assisted,khot_error,2,304,350,-350.0,False,15
large113_assisted,khot_error,2,305,21,-10.0,True,11
large113_assisted,khot_error,2,306,11,0.0,True,11
large113_assisted,khot_error,2,307,25,-14.0,True,24
large113_assisted,khot_error,2,308,57,-46.0,True,21
large113_assisted,khot_error,2,309,17,-6.0,True,15
large113_assisted,khot_error,2,310,350,-350.0,False,23
large113_assisted,khot_error,2,311,350,-350.0,False,26
large113_assisted,khot_error,2,312,350,-350.0,False,26
large113_assisted,khot_error,2,313,16,-5.0,True,16
large113_assisted,khot_error,2,314,24,-13.0,True,23
large113_assisted,khot_error,2,315,18,-7.0,True,18
large113_assisted,khot_error,2,316,350,-339.0,True,27
large113_assisted,khot_error,2,317,3,8.0,True,3
large113_assisted,khot_error,2,318,350,-350.0,False,15
large113_assisted,khot_error,2,319,350,-350.0,False,17
large113_assisted,khot_error,2,320,350,-350.0,False,24
large113_assisted,khot_error,2,321,350,-350.0,False,23
large113_assisted,khot_error,2,322,2,9.0,True,2
large113_assisted,khot_error,2,323,5,6.0,True,5
large113_assisted,khot_error,2,324,14,-3.0,True,14
large113_assisted,khot_error,2,325,350,-350.0,False,17
large113_assisted,khot_error,2,326,350,-350.0,False,24
large113_assisted,khot_error,2,327,350,-350.0,False,24
large113_assisted,khot_error,2,328,16,-5.0,True,16
large113_assisted,khot_error,2,329,350,-350.0,False,24
large113_assisted,khot_error,2,330,350,-350.0,False,26
large113_assisted,khot_error,2,331,350,-350.0,False,26
large113_assisted,khot_error,2,332,19,-8.0,True,19
large113_assisted,khot_error,2,333,4,7.0,True,3
large113_assisted,khot_error,2,334,15,-4.0,True,15
large113_assisted,khot_error,2,335,26,-15.0,True,23
large113_assisted,khot_error,2,336,23,-12.0,True,21
large113_assisted,khot_error,2,337,350,-350.0,False,18
large113_assisted,khot_error,2,338,25,-14.0,True,24
large113_assisted,khot_error,2,339,350,-350.0,False,20
large113_assisted,khot_error,2,340,45,-34.0,True,28
large113_assisted,khot_error,2,341,350,-350.0,False,28
large113_assisted,khot_error,2,342,350,-350.0,False,12
large113_assisted,khot_error,2,343,350,-350.0,False,18
large113_assisted,khot_error,2,344,3,8.0,True,2
large113_assisted,khot_error,2,345,350,-350.0,False,27
large113_assisted,khot_error,2,346,7,4.0,True,6
large113_assisted,khot_error,2,347,350,-350.0,False,27
large113_assisted,khot_error,2,348,4,7.0,True,4
large113_assisted,khot_error,2,349,9,2.0,True,9
large113_assisted,khot_error,2,350,10,1.0,True,10
large113_assisted,khot_error,2,351,34,-23.0,True,22
large113_assisted,khot_error,2,352,350,-350.0,False,12
large113_assisted,khot_error,2,353,350,-350.0,False,15
large113_assisted,khot_error,2,354,350,-350.0,False,25
large113_assisted,khot_error,2,355,350,-350.0,False,27
large113_assisted,khot_error,2,356,350,-350.0,False,29
large113_assisted,khot_error,2,357,350,-350.0,False,25
large113_assisted,khot_error,2,358,6,5.0,True,6
large113_assisted,khot_error,2,359,20,-9.0,True,20
large113_assisted,khot_error,2,360,1,10.0,True,1
large113_assisted,khot_error,2,361,10,1.0,True,10
large113_assisted,khot_error,2,362,20,-9.0,True,19
large113_assisted,khot_error,2,363,10,1.0,True,10
large113_assisted,khot_error,2,364,350,-350.0,False,27
large113_assisted,khot_error,2,365,350,-350.0,False,23
large113_assisted,khot_error,2,366,18,-7.0,True,14
large113_assisted,khot_error,2,367,350,-350.0,False,20
large113_assisted,khot_error,2,368,13,-2.0,True,13
large113_assisted,khot_error,2,369,310,-299.0,True,18
large113_assisted,khot_error,2,370,350,-350.0,False,18
large113_assisted,khot_error,2,371,350,-350.0,False,27
large113_assisted,khot_error,2,372,350,-350.0,False,23
large113_assisted,khot_error,2,373,350,-350.0,False,17
large113_assisted,khot_error,2,374,350,-350.0,False,15
large113_assisted,khot_error,2,375,350,-350.0,False,24
large113_assisted,khot_error,2,376,2,9.0,True,2
large113_assisted,khot_error,2,377,4,7.0,True,4
large113_assisted,khot_error,2,378,7,4.0,True,7
large113_assisted,khot_error,2,379,350,-350.0,False,18
large113_assisted,khot_error,2,380,350,-350.0,False,18
large113_assisted,khot_error,2,381,350,-350.0,False,8
large113_assisted,khot_error,2,382,11,0.0,True,10
large113_assisted,khot_error,2,383,2,9.0,True,2
large113_assisted,khot_error,2,384,330,-319.0,True,11
large113_assisted,khot_error,2,385,350,-350.0,False,15
large113_assisted,khot_error,2,386,350,-350.0,False,23
large113_assisted,khot_error,2,387,350,-350.0,False,24
large113_assisted,khot_error,2,388,350,-350.0,False,16
large113_assisted,khot_error,2,389,8,3.0,True,7
large113_assisted,khot_error,2,390,83,-72.0,True,23
large113_assisted,khot_error,2,391,122,-111.0,True,18
large113_assisted,khot_error,2,392,162,-151.0,True,18
large113_assisted,khot_error,2,393,350,-350.0,False,24
large113_assisted,khot_error,2,394,350,-350.0,False,19
large113_assisted,khot_error,2,395,350,-350.0,False,11
large113_assisted,khot_error,2,396,9,2.0,True,9
large113_assisted,khot_error,2,397,120,-109.0,True,14
large113_assisted,khot_error,2,398,215,-204.0,True,24
large113_assisted,khot_error,2,399,350,-350.0,False,16
large113_assisted,khot_decay,2,0,350,-350.0,False,24
large113_assisted,khot_decay,2,1,350,-350.0,False,25
large113_assisted,khot_decay,2,2,190,-179.0,True,8
large113_assisted,khot_decay,2,3,350,-350.0,False,21
large113_assisted,khot_decay,2,4,350,-350.0,False,25
large113_assisted,khot_decay,2,5,350,-350.0,False,21
large113_assisted,khot_decay,2,6,350,-350.0,False,18
large113_assisted,khot_decay,2,7,349,-338.0,True,24
large113_assisted,khot_decay,2,8,45,-34.0,True,10
large113_assisted,khot_decay,2,9,350,-350.0,False,13
large113_assisted,khot_decay,2,10,350,-350.0,False,18
large113_assisted,khot_decay,2,11,333,-322.0,True,7
large113_assisted,khot_decay,2,12,350,-350.0,False,21
large113_assisted,khot_decay,2,13,350,-350.0,False,15
large113_assisted,khot_decay,2,14,5,6.0,True,5
large113_assisted,khot_decay,2,15,350,-350.0,False,18
large113_assisted,khot_decay,2,16,19,-8.0,True,6
large113_assisted,khot_decay,2,17,155,-144.0,True,9
large113_assisted,khot_decay,2,18,315,-304.0,True,10
large113_assisted,khot_decay,2,19,350,-350.0,False,22
large113_assisted,khot_decay,2,20,350,-350.0,False,9
large113_assisted,khot_decay,2,21,350,-350.0,False,8
large113_assisted,khot_decay,2,22,350,-350.0,False,15
large113_assisted,khot_decay,2,23,350,-350.0,False,12
large113_assisted,khot_decay,2,24,350,-350.0,False,27
large113_assisted,khot_decay,2,25,350,-350.0,False,21
large113_assisted,khot_decay,2,26,45,-34.0,True,7
large113_assisted,khot_decay,2,27,3,8.0,True,2
large113_assisted,khot_decay,2,28,350,-350.0,False,10
large113_assisted,khot_decay,2,29,350,-350.0,False,13
large113_assisted,khot_decay,2,30,350,-350.0,False,27
large113_assisted,khot_decay,2,31,350,-350.0,False,24
large113_assisted,khot_decay,2,32,350,-350.0,False,16
large113_assisted,khot_decay,2,33,350,-350.0,False,30
large113_assisted,khot_decay,2,34,350,-350.0,False,14
large113_assisted,khot_decay,2,35,120,-109.0,True,2
large113_assisted,khot_decay,2,36,350,-350.0,False,20
large113_assisted,khot_decay,2,37,350,-350.0,False,22
large113_assisted,khot_decay,2,38,350,-350.0,False,10
large113_assisted,khot_decay,2,39,350,-350.0,False,21
large113_assisted,khot_decay,2,40,350,-350.0,False,21
large113_assisted,khot_decay,2,41,350,-350.0,False,16
large113_assisted,khot_decay,2,42,350,-350.0,False,29
large113_assisted,khot_decay,2,43,350,-350.0,False,20
large113_assisted,khot_decay,2,44,350,-350.0,False,11
large113_assisted,khot_decay,2,45,350,-350.0,False,13
large113_assisted,khot_decay,2,46,350,-350.0,False,9
large113_assisted,khot_decay,2,47,350,-350.0,False,25
large113_assisted,khot_decay,2,48,350,-350.0,False,11
large113_assisted,khot_decay,2,49,350,-350.0,False,16
large113_assisted,khot_decay,2,50,350,-350.0,False,12
large113_assisted,khot_decay,2,51,350,-350.0,False,26
large113_assisted,khot_decay,2,52,350,-350.0,False,8
large113_assisted,khot_decay,2,53,350,-350.0,False,25
large113_assisted,khot_decay,2,54,1,10.0,True,1
large113_assisted,khot_decay,2,55,350,-350.0,False,23
large113_assisted,khot_decay,2,56,350,-350.0,False,6
large113_assisted,khot_decay,2,57,350,-350.0,False,29
large113_assisted,khot_decay,2,58,350,-350.0,False,8
large113_assisted,khot_decay,2,59,350,-350.0,False,27
large113_assisted,khot_decay,2,60,350,-350.0,False,14
large113_assisted,khot_decay,2,61,350,-350.0,False,29
large113_assisted,khot_decay,2,62,5,6.0,True,5
large113_assisted,khot_decay,2,63,350,-350.0,False,9
large113_assisted,khot_decay,2,64,350,-350.0,False,13
large113_assisted,khot_decay,2,65,350,-350.0,False,22
large113_assisted,khot_decay,2,66,350,-350.0,False,27
large113_assisted,khot_decay,2,67,350,-350.0,False,22
large113_assisted,khot_decay,2,68,350,-350.0,False,12
large113_assisted,khot_decay,2,69,350,-350.0,False,24
large113_assisted,khot_decay,2,70,350,-350.0,False,11
large113_assisted,khot_decay,2,71,350,-350.0,False,23
large113_assisted,khot_decay,2,72,350,-350.0,False,23
large113_assisted,khot_decay,2,73,350,-350.0,False,20
large113_assisted,khot_decay,2,74,350,-350.0,False,8
large113_assisted,khot_decay,2,75,350,-350.0,False,21
large113_assisted,khot_decay,2,76,234,-223.0,True,7
large113_assisted,khot_decay,2,77,350,-350.0,False,21
large113_assisted,khot_decay,2,78,350,-350.0,False,17
large113_assisted,khot_decay,2,79,350,-350.0,False,12
large113_assisted,khot_decay,2,80,350,-350.0,False,8
large113_assisted,khot_decay,2,81,350,-350.0,False,23
large113_assisted,khot_decay,2,82,350,-350.0,False,19
large113_assisted,khot_decay,2,83,350,-350.0,False,9
large113_assisted,khot_decay,2,84,350,-350.0,False,19
large113_assisted,khot_decay,2,85,350,-350.0,False,28
large113_assisted,khot_decay,2,86,350,-350.0,False,23
large113_assisted,khot_decay,2,87,350,-350.0,False,27
large113_assisted,khot_decay,2,88,350,-350.0,False,27
large113_assisted,khot_decay,2,89,350,-350.0,False,10
large113_assisted,khot_decay,2,90,350,-350.0,False,10
large113_assisted,khot_decay,2,91,350,-350.0,False,21
large113_assisted,khot_decay,2,92,350,-350.0,False,16
large113_assisted,khot_decay,2,93,350,-350.0,False,22
large113_assisted,khot_decay,2,94,350,-350.0,False,6
large113_assisted,khot_decay,2,95,350,-350.0,False,30
large113_assisted,khot_decay,2,96,350,-350.0,False,21
large113_assisted,khot_decay,2,97,350,-350.0,False,14
large113_assisted,khot_decay,2,98,350,-350.0,False,24
large113_assisted,khot_decay,2,99,350,-350.0,False,25
large113_assisted,khot_decay,2,100,350,-350.0,False,16
large113_assisted,khot_decay,2,101,350,-350.0,False,23
large113_assisted,khot_decay,2,102,350,-350.0,False,24
large113_assisted,khot_decay,2,103,350,-350.0,False,10
large113_assisted,khot_decay,2,104,350,-350.0,False,24
large113_assisted,khot_decay,2,105,350,-350.0,False,14
large113_assisted,khot_decay,2,106,350,-350.0,False,28
large113_assisted,khot_decay,2,107,350,-350.0,False,11
large113_assisted,khot_decay,2,108,350,-350.0,False,9
large113_assisted,khot_decay,2,109,350,-350.0,False,17
large113_assisted,khot_decay,2,110,350,-350.0,False,12
large113_assisted,khot_decay,2,111,350,-350.0,False,18
large113_assisted,khot_decay,2,112,350,-350.0,False,8
large113_assisted,khot_decay,2,113,350,-350.0,False,28
large113_assisted,khot_decay,2,114,350,-350.0,False,23
large113_assisted,khot_decay,2,115,350,-350.0,False,23
large113_assisted,khot_decay,2,116,350,-350.0,False,23
large113_assisted,khot_decay,2,117,350,-350.0,False,19
large113_assisted,khot_decay,2,118,350,-350.0,False,14
large113_assisted,khot_decay,2,119,350,-350.0,False,15
large113_assisted,khot_decay,2,120,350,-350.0,False,19
large113_assisted,khot_decay,2,121,350,-350.0,False,12
large113_assisted,khot_decay,2,122,350,-350.0,False,24
large113_assisted,khot_decay,2,123,350,-350.0,False,5
large113_assisted,khot_decay,2,124,350,-350.0,False,16
large113_assisted,khot_decay,2,125,3,8.0,True,3
large113_assisted,khot_decay,2,126,350,-350.0,False,6
large113_assisted,khot_decay,2,127,350,-350.0,False,30
large113_assisted,khot_decay,2,128,350,-350.0,False,21
large113_assisted,khot_decay,2,129,350,-350.0,False,23
large113_assisted,khot_decay,2,130,350,-350.0,False,15
large113_assisted,khot_decay,2,131,350,-350.0,False,6
large113_assisted,khot_decay,2,132,350,-350.0,False,6
large113_assisted,khot_decay,2,133,350,-350.0,False,15
large113_assisted,khot_decay,2,134,350,-350.0,False,15
large113_assisted,khot_decay,2,135,350,-350.0,False,7
large113_assisted,khot_decay,2,136,350,-350.0,False,28
large113_assisted,khot_decay,2,137,350,-350.0,False,19
large113_assisted,khot_decay,2,138,350,-350.0,False,30
large113_assisted,khot_decay,2,139,350,-350.0,False,16
large113_assisted,khot_decay,2,140,350,-350.0,False,6
large113_assisted,khot_decay,2,141,350,-350.0,False,30
large113_assisted,khot_decay,2,142,350,-350.0,False,23
large113_assisted,khot_decay,2,143,350,-350.0,False,6
large113_assisted,khot_decay,2,144,350,-350.0,False,10
large113_assisted,khot_decay,2,145,350,-350.0,False,10
large113_assisted,khot_decay,2,146,350,-350.0,False,17
large113_assisted,khot_decay,2,147,350,-350.0,False,23
large113_assisted,khot_decay,2,148,350,-350.0,False,28
large113_assisted,khot_decay,2,149,350,-350.0,False,22
large113_assisted,khot_decay,2,150,350,-350.0,False,16
large113_assisted,khot_decay,2,151,350,-350.0,False,23
large113_assisted,khot_decay,2,152,350,-350.0,False,23
large113_assisted,khot_decay,2,153,350,-350.0,False,8
large113_assisted,khot_decay,2,154,350,-350.0,False,21
large113_assisted,khot_decay,2,155,350,-350.0,False,13
large113_assisted,khot_decay,2,156,350,-350.0,False,10
large113_assisted,khot_decay,2,157,350,-350.0,False,28
large113_assisted,khot_decay,2,158,350,-350.0,False,30
large113_assisted,khot_decay,2,159,350,-350.0,False,9
large113_assisted,khot_decay,2,160,350,-350.0,False,16
large113_assisted,khot_decay,2,161,3,8.0,True,3
large113_assisted,khot_decay,2,162,350,-350.0,False,3
large113_assisted,khot_decay,2,163,350,-350.0,False,24
large113_assisted,khot_decay,2,164,350,-350.0,False,3
large113_assisted,khot_decay,2,165,350,-350.0,False,3
large113_assisted,khot_decay,2,166,350,-350.0,False,30
large113_assisted,khot_decay,2,167,350,-350.0,False,9
large113_assisted,khot_decay,2,168,350,-350.0,False,27
large113_assisted,khot_decay,2,169,350,-350.0,False,19
large113_assisted,khot_decay,2,170,350,-350.0,False,26
large113_assisted,khot_decay,2,171,350,-350.0,False,10
large113_assisted,khot_decay,2,172,350,-350.0,False,7
large113_assisted,khot_decay,2,173,350,-350.0,False,20
large113_assisted,khot_decay,2,174,350,-350.0,False,6
large113_assisted,khot_decay,2,175,350,-350.0,False,15
large113_assisted,khot_decay,2,176,350,-350.0,False,24
large113_assisted,khot_decay,2,177,350,-350.0,False,19
large113_assisted,khot_decay,2,178,350,-350.0,False,8
large113_assisted,khot_decay,2,179,350,-350.0,False,20
large113_assisted,khot_decay,2,180,350,-350.0,False,15
large113_assisted,khot_decay,2,181,350,-350.0,False,10
large113_assisted,khot_decay,2,182,350,-350.0,False,23
large113_assisted,khot_decay,2,183,350,-350.0,False,15
large113_assisted,khot_decay,2,184,350,-350.0,False,24
large113_assisted,khot_decay,2,185,350,-350.0,False,6
large113_assisted,khot_decay,2,186,350,-350.0,False,19
large113_assisted,khot_decay,2,187,350,-350.0,False,17
large113_assisted,khot_decay,2,188,350,-350.0,False,16
large113_assisted,khot_decay,2,189,350,-350.0,False,15
large113_assisted,khot_decay,2,190,350,-350.0,False,11
large113_assisted,khot_decay,2,191,350,-350.0,False,5
large113_assisted,khot_decay,2,192,350,-350.0,False,6
large113_assisted,khot_decay,2,193,350,-350.0,False,26
large113_assisted,khot_decay,2,194,350,-350.0,False,20
large113_assisted,khot_decay,2,195,350,-350.0,False,25
large113_assisted,khot_decay,2,196,350,-350.0,False,11
large113_assisted,khot_decay,2,197,350,-350.0,False,27
large113_assisted,khot_decay,2,198,350,-350.0,False,22
large113_assisted,khot_decay,2,199,350,-350.0,False,17
large113_assisted,khot_decay,2,200,350,-350.0,False,23
large113_assisted,khot_decay,2,201,350,-350.0,False,11
large113_assisted,khot_decay,2,202,350,-350.0,False,6
large113_assisted,khot_decay,2,203,5,6.0,True,5
large113_assisted,khot_decay,2,204,350,-350.0,False,21
large113_assisted,khot_decay,2,205,350,-350.0,False,10
large113_assisted,khot_decay,2,206,350,-350.0,False,10
large113_assisted,khot_decay,2,207,350,-350.0,False,18
large113_assisted,khot_decay,2,208,350,-350.0,False,2
large113_assisted,khot_decay,2,209,350,-350.0,False,26
large113_assisted,khot_decay,2,210,350,-350.0,False,6
large113_assisted,khot_decay,2,211,350,-350.0,False,23
large113_assisted,khot_decay,2,212,350,-350.0,False,29
large113_assisted,khot_decay,2,213,350,-350.0,False,27
large113_assisted,khot_decay,2,214,350,-350.0,False,27
large113_assisted,khot_decay,2,215,350,-350.0,False,18
large113_assisted,khot_decay,2,216,350,-350.0,False,24
large113_assisted,khot_decay,2,217,350,-350.0,False,25
large113_assisted,khot_decay,2,218,350,-350.0,False,26
large113_assisted,khot_decay,2,219,350,-350.0,False,14
large113_assisted,khot_decay,2,220,350,-350.0,False,2
large113_assisted,khot_decay,2,221,350,-350.0,False,12
large113_assisted,khot_decay,2,222,350,-350.0,False,23
large113_assisted,khot_decay,2,223,350,-350.0,False,24
large113_assisted,khot_decay,2,224,350,-350.0,False,13
large113_assisted,khot_decay,2,225,350,-350.0,False,17
large113_assisted,khot_decay,2,226,350,-350.0,False,22
large113_assisted,khot_decay,2,227,350,-350.0,False,26
large113_assisted,khot_decay,2,228,350,-350.0,False,13
large113_assisted,khot_decay,2,229,350,-350.0,False,7
large113_assisted,khot_decay,2,230,350,-350.0,False,28
large113_assisted,khot_decay,2,231,350,-350.0,False,17
large113_assisted,khot_decay,2,232,350,-350.0,False,23
large113_assisted,khot_decay,2,233,2,9.0,True,2
large113_assisted,khot_decay,2,234,350,-350.0,False,7
large113_assisted,khot_decay,2,235,350,-350.0,False,19
large113_assisted,khot_decay,2,236,350,-350.0,False,22
large113_assisted,khot_decay,2,237,350,-350.0,False,15
large113_assisted,khot_decay,2,238,350,-350.0,False,23
large113_assisted,khot_decay,2,239,350,-350.0,False,12
large113_assisted,khot_decay,2,240,350,-350.0,False,20
large113_assisted,khot_decay,2,241,350,-350.0,False,9
large113_assisted,khot_decay,2,242,350,-350.0,False,12
large113_assisted,khot_decay,2,243,350,-350.0,False,25
large113_assisted,khot_decay,2,244,350,-350.0,False,10
large113_assisted,khot_decay,2,245,350,-350.0,False,25
large113_assisted,khot_decay,2,246,350,-350.0,False,29
large113_assisted,khot_decay,2,247,350,-350.0,False,25
large113_assisted,khot_decay,2,248,350,-350.0,False,11
large113_assisted,khot_decay,2,249,350,-350.0,False,14
large113_assisted,khot_decay,2,250,350,-350.0,False,21
large113_assisted,khot_decay,2,251,350,-350.0,False,25
large113_assisted,khot_decay,2,252,350,-350.0,False,10
large113_assisted,khot_decay,2,253,350,-350.0,False,20
large113_assisted,khot_decay,2,254,350,-350.0,False,19
large113_assisted,khot_decay,2,255,350,-350.0,False,6
large113_assisted,khot_decay,2,256,350,-350.0,False,28
large113_assisted,khot_decay,2,257,350,-350.0,False,23
large113_assisted,khot_decay,2,258,350,-350.0,False,9
large113_assisted,khot_decay,2,259,350,-350.0,False,17
large113_assisted,khot_decay,2,260,350,-350.0,False,27
large113_assisted,khot_decay,2,261,350,-350.0,False,17
large113_assisted,khot_decay,2,262,350,-350.0,False,20
large113_assisted,khot_decay,2,263,1,10.0,True,1
large113_assisted,khot_decay,2,264,350,-350.0,False,28
large113_assisted,khot_decay,2,265,350,-350.0,False,26
large113_assisted,khot_decay,2,266,350,-350.0,False,5
large113_assisted,khot_decay,2,267,350,-350.0,False,20
large113_assisted,khot_decay,2,268,350,-350.0,False,13
large113_assisted,khot_decay,2,269,350,-350.0,False,10
large113_assisted,khot_decay,2,270,350,-350.0,False,21
large113_assisted,khot_decay,2,271,350,-350.0,False,24
large113_assisted,khot_decay,2,272,350,-350.0,False,22
large113_assisted,khot_decay,2,273,350,-350.0,False,24
large113_assisted,khot_decay,2,274,350,-350.0,False,14
large113_assisted,khot_decay,2,275,350,-350.0,False,14
large113_assisted,khot_decay,2,276,350,-350.0,False,27
large113_assisted,khot_decay,2,277,350,-350.0,False,29
large113_assisted,khot_decay,2,278,350,-350.0,False,15
large113_assisted,khot_decay,2,279,350,-350.0,False,10
large113_assisted,khot_decay,2,280,350,-350.0,False,9
large113_assisted,khot_decay,2,281,350,-350.0,False,20
large113_assisted,khot_decay,2,282,350,-350.0,False,7
large113_assisted,khot_decay,2,283,350,-350.0,False,15
large113_assisted,khot_decay,2,284,350,-350.0,False,21
large113_assisted,khot_decay,2,285,2,9.0,True,2
large113_assisted,khot_decay,2,286,350,-350.0,False,23
large113_assisted,khot_decay,2,287,350,-350.0,False,27
large113_assisted,khot_decay,2,288,350,-350.0,False,30
large113_assisted,khot_decay,2,289,350,-350.0,False,14
large113_assisted,khot_decay,2,290,350,-350.0,False,12
large113_assisted,khot_decay,2,291,350,-350.0,False,28
large113_assisted,khot_decay,2,292,350,-350.0,False,23
large113_assisted,khot_decay,2,293,350,-350.0,False,19
large113_assisted,khot_decay,2,294,350,-350.0,False,23
large113_assisted,khot_decay,2,295,350,-350.0,False,3
large113_assisted,khot_decay,2,296,350,-350.0,False,27
large113_assisted,khot_decay,2,297,350,-350.0,False,8
large113_assisted,khot_decay,2,298,1,10.0,True,1
large113_assisted,khot_decay,2,299,350,-350.0,False,28
large113_assisted,khot_decay,2,300,350,-350.0,False,17
large113_assisted,khot_decay,2,301,350,-350.0,False,9
large113_assisted,khot_decay,2,302,350,-350.0,False,25
large113_assisted,khot_decay,2,303,350,-350.0,False,22
large113_assisted,khot_decay,2,304,350,-350.0,False,15
large113_assisted,khot_decay,2,305,350,-350.0,False,11
large113_assisted,khot_decay,2,306,350,-350.0,False,11
large113_assisted,khot_decay,2,307,350,-350.0,False,24
large113_assisted,khot_decay,2,308,350,-350.0,False,21
large113_assisted,khot_decay,2,309,350,-350.0,False,15
large113_assisted,khot_decay,2,310,350,-350.0,False,23
large113_assisted,khot_decay,2,311,350,-350.0,False,26
large113_assisted,khot_decay,2,312,350,-350.0,False,26
large113_assisted,khot_decay,2,313,350,-350.0,False,16
large113_assisted,khot_decay,2,314,350,-350.0,False,23
large113_assisted,khot_decay,2,315,350,-350.0,False,18
large113_assisted,khot_decay,2,316,350,-350.0,False,27
large113_assisted,khot_decay,2,317,3,8.0,True,3
large113_assisted,khot_decay,2,318,350,-350.0,False,15
large113_assisted,khot_decay,2,319,350,-350.0,False,17
large113_assisted,khot_decay,2,320,350,-350.0,False,24
large113_assisted,khot_decay,2,321,350,-350.0,False,23
large113_assisted,khot_decay,2,322,350,-350.0,False,2
large113_assisted,khot_decay,2,323,350,-350.0,False,5
large113_assisted,khot_decay,2,324,350,-350.0,False,14
large113_assisted,khot_decay,2,325,350,-350.0,False,17
large113_assisted,khot_decay,2,326,350,-350.0,False,24
large113_assisted,khot_decay,2,327,350,-350.0,False,24
large113_assisted,khot_decay,2,328,350,-350.0,False,16
large113_assisted,khot_decay,2,329,350,-350.0,False,24
large113_assisted,khot_decay,2,330,350,-350.0,False,26
large113_assisted,khot_decay,2,331,350,-350.0,False,26
large113_assisted,khot_decay,2,332,350,-350.0,False,19
large113_assisted,khot_decay,2,333,3,8.0,True,3
large113_assisted,khot_decay,2,334,350,-350.0,False,15
large113_assisted,khot_decay,2,335,350,-350.0,False,23
large113_assisted,khot_decay,2,336,350,-350.0,False,21
large113_assisted,khot_decay,2,337,350,-350.0,False,18
large113_assisted,khot_decay,2,338,350,-350.0,False,24
large113_assisted,khot_decay,2,339,350,-350.0,False,20
large113_assisted,khot_decay,2,340,350,-350.0,False,28
large113_assisted,khot_decay,2,341,350,-350.0,False,28
large113_assisted,khot_decay,2,342,350,-350.0,False,12
large113_assisted,khot_decay,2,343,350,-350.0,False,18
large113_assisted,khot_decay,2,344,2,9.0,True,2
large113_assisted,khot_decay,2,345,350,-350.0,False,27
large113_assisted,khot_decay,2,346,350,-350.0,False,6
large113_assisted,khot_decay,2,347,350,-350.0,False,27
large113_assisted,khot_decay,2,348,350,-350.0,False,4
large113_assisted,khot_decay,2,349,350,-350.0,False,9
large113_assisted,khot_decay,2,350,350,-350.0,False,10
large113_assisted,khot_decay,2,351,350,-350.0,False,22
large113_assisted,khot_decay,2,352,350,-350.0,False,12
large113_assisted,khot_decay,2,353,350,-350.0,False,15
large113_assisted,khot_decay,2,354,350,-350.0,False,25
large113_assisted,khot_decay,2,355,350,-350.0,False,27
large113_assisted,khot_decay,2,356,350,-350.0,False,29
large113_assisted,khot_decay,2,357,350,-350.0,False,25
large113_assisted,khot_decay,2,358,350,-350.0,False,6
large113_assisted,khot_decay,2,359,350,-350.0,False,20
large113_assisted,khot_decay,2,360,350,-350.0,False,1
large113_assisted,khot_decay,2,361,350,-350.0,False,10
large113_assisted,khot_decay,2,362,350,-350.0,False,19
large113_assisted,khot_decay,2,363,350,-350.0,False,10
large113_assisted,khot_decay,2,364,350,-350.0,False,27
large113_assisted,khot_decay,2,365,350,-350.0,False,23
large113_assisted,khot_decay,2,366,350,-350.0,False,14
large113_assisted,khot_decay,2,367,350,-350.0,False,20
large113_assisted,khot_decay,2,368,350,-350.0,False,13
large113_assisted,khot_decay,2,369,350,-350.0,False,18
large113_assisted,khot_decay,2,370,350,-350.0,False,18
large113_assisted,khot_decay,2,371,350,-350.0,False,27
large113_assisted,khot_decay,2,372,350,-350.0,False,23
large113_assisted,khot_decay,2,373,350,-350.0,False,17
large113_assisted,khot_decay,2,374,350,-350.0,False,15
large113_assisted,khot_decay,2,375,350,-350.0,False,24
large113_assisted,khot_decay,2,376,2,9.0,True,2
large113_assisted,khot_decay,2,377,350,-350.0,False,4
large113_assisted,khot_decay,2,378,350,-350.0,False,7
large113_assisted,khot_decay,2,379,350,-350.0,False,18
large113_assisted,khot_decay,2,380,350,-350.0,False,18
large113_assisted,khot_decay,2,381,350,-350.0,False,8
large113_assisted,khot_decay,2,382,350,-350.0,False,10
large113_assisted,khot_decay,2,383,2,9.0,True,2
large113_assisted,khot_decay,2,384,350,-350.0,False,11
large113_assisted,khot_decay,2,385,350,-350.0,False,15
large113_assisted,khot_decay,2,386,350,-350.0,False,23
large113_assisted,khot_decay,2,387,350,-350.0,False,24
large113_assisted,khot_decay,2,388,350,-350.0,False,16
large113_assisted,khot_decay,2,389,350,-350.0,False,7
large113_assisted,khot_decay,2,390,350,-350.0,False,23
large113_assisted,khot_decay,2,391,350,-350.0,False,18
large113_assisted,khot_decay,2,392,350,-350.0,False,18
large113_assisted,khot_decay,2,393,350,-350.0,False,24
large113_assisted,khot_decay,2,394,350,-350.0,False,19
large113_assisted,khot_decay,2,395,350,-350.0,False,11
large113_assisted,khot_decay,2,396,350,-350.0,False,9
large113_assisted,khot_decay,2,397,350,-350.0,False,14
large113_assisted,khot_decay,2,398,350,-350.0,False,24
large113_assisted,khot_decay,2,399,350,-350.0,False,16
