maze,agent,seed,episode,policy_acc,cum_trained,cum_skipped
scale_31x21,kc_delta,0,0,0.2508,600,0
scale_31x21,kc_delta,0,1,0.2794,1200,0
scale_31x21,kc_delta,0,2,0.2762,1800,0
scale_31x21,kc_delta,0,3,0.2984,2400,0
scale_31x21,kc_delta,0,4,0.3175,2742,0
scale_31x21,kc_delta,0,5,0.3397,3342,0
scale_31x21,kc_delta,0,6,0.3556,3942,0
scale_31x21,kc_delta,0,7,0.3460,4542,0
scale_31x21,kc_delta,0,8,0.3778,4978,0
scale_31x21,kc_delta,0,9,0.2730,5578,0
scale_31x21,kc_delta,0,10,0.3206,6178,0
scale_31x21,kc_delta,0,11,0.3492,6778,0
scale_31x21,kc_delta,0,12,0.3556,7372,0
scale_31x21,kc_delta,0,13,0.3746,7800,0
scale_31x21,kc_delta,0,14,0.3429,8400,0
scale_31x21,kc_delta,0,15,0.3905,8850,0
scale_31x21,kc_delta,0,16,0.3841,9450,0
scale_31x21,kc_delta,0,17,0.3714,10050,0
scale_31x21,kc_delta,0,18,0.3651,10650,0
scale_31x21,kc_delta,0,19,0.3651,10809,0
scale_31x21,kc_delta,0,20,0.3714,11409,0
scale_31x21,kc_delta,0,21,0.3873,11647,0
scale_31x21,kc_delta,0,22,0.4000,11677,0
scale_31x21,kc_delta,0,23,0.3302,12277,0
scale_31x21,kc_delta,0,24,0.3238,12285,0
scale_31x21,kc_delta,0,25,0.3429,12885,0
scale_31x21,kc_delta,0,26,0.3841,13485,0
scale_31x21,kc_delta,0,27,0.3810,13555,0
scale_31x21,kc_delta,0,28,0.3492,14155,0
scale_31x21,kc_delta,0,29,0.3683,14462,0
scale_31x21,kc_delta,0,30,0.3746,15062,0
scale_31x21,kc_delta,0,31,0.4317,15454,0
scale_31x21,kc_delta,0,32,0.3905,16054,0
scale_31x21,kc_delta,0,33,0.4063,16654,0
scale_31x21,kc_delta,0,34,0.4349,17141,0
scale_31x21,kc_delta,0,35,0.3968,17741,0
scale_31x21,kc_delta,0,36,0.4667,18015,0
scale_31x21,kc_delta,0,37,0.4635,18106,0
scale_31x21,kc_delta,0,38,0.4413,18706,0
scale_31x21,kc_delta,0,39,0.4635,19244,0
scale_31x21,kc_delta,0,40,0.4825,19454,0
scale_31x21,kc_delta,0,41,0.4857,19463,0
scale_31x21,kc_delta,0,42,0.4921,19512,0
scale_31x21,kc_delta,0,43,0.4952,20045,0
scale_31x21,kc_delta,0,44,0.4349,20645,0
scale_31x21,kc_delta,0,45,0.3905,21245,0
scale_31x21,kc_delta,0,46,0.4794,21657,0
scale_31x21,kc_delta,0,47,0.4698,21879,0
scale_31x21,kc_delta,0,48,0.4698,22134,0
scale_31x21,kc_delta,0,49,0.4286,22734,0
scale_31x21,kc_delta,0,50,0.4508,23134,0
scale_31x21,kc_delta,0,51,0.4413,23734,0
scale_31x21,kc_delta,0,52,0.4381,23739,0
scale_31x21,kc_delta,0,53,0.4127,24339,0
scale_31x21,kc_delta,0,54,0.4603,24939,0
scale_31x21,kc_delta,0,55,0.4635,25428,0
scale_31x21,kc_delta,0,56,0.4603,26028,0
scale_31x21,kc_delta,0,57,0.4349,26566,0
scale_31x21,kc_delta,0,58,0.4444,27166,0
scale_31x21,kc_delta,0,59,0.4508,27766,0
scale_31x21,kc_delta,0,60,0.4159,28366,0
scale_31x21,kc_delta,0,61,0.3841,28966,0
scale_31x21,kc_delta,0,62,0.3905,29566,0
scale_31x21,kc_delta,0,63,0.4476,30166,0
scale_31x21,kc_delta,0,64,0.4794,30693,0
scale_31x21,kc_delta,0,65,0.4794,30711,0
scale_31x21,kc_delta,0,66,0.4762,30726,0
scale_31x21,kc_delta,0,67,0.4730,31326,0
scale_31x21,kc_delta,0,68,0.4762,31926,0
scale_31x21,kc_delta,0,69,0.4540,32526,0
scale_31x21,kc_delta,0,70,0.4476,33126,0
scale_31x21,kc_delta,0,71,0.4444,33726,0
scale_31x21,kc_delta,0,72,0.4349,34326,0
scale_31x21,kc_delta,0,73,0.4286,34926,0
scale_31x21,kc_delta,0,74,0.4381,35526,0
scale_31x21,kc_delta,0,75,0.4159,35751,0
scale_31x21,kc_delta,0,76,0.4127,35767,0
scale_31x21,kc_delta,0,77,0.4032,36367,0
scale_31x21,kc_delta,0,78,0.4222,36967,0
scale_31x21,kc_delta,0,79,0.4095,37118,0
scale_31x21,kc_delta,0,80,0.4286,37634,0
scale_31x21,kc_delta,0,81,0.4190,38014,0
scale_31x21,kc_delta,0,82,0.4190,38067,0
scale_31x21,kc_delta,0,83,0.4571,38667,0
scale_31x21,kc_delta,0,84,0.4444,39267,0
scale_31x21,kc_delta,0,85,0.4698,39562,0
scale_31x21,kc_delta,0,86,0.4444,40162,0
scale_31x21,kc_delta,0,87,0.4063,40762,0
scale_31x21,kc_delta,0,88,0.4476,40840,0
scale_31x21,kc_delta,0,89,0.4317,40929,0
scale_31x21,kc_delta,0,90,0.4317,40992,0
scale_31x21,kc_delta,0,91,0.4349,41592,0
scale_31x21,kc_delta,0,92,0.4413,41640,0
scale_31x21,kc_delta,0,93,0.4286,42240,0
scale_31x21,kc_delta,0,94,0.4159,42840,0
scale_31x21,kc_delta,0,95,0.4286,43440,0
scale_31x21,kc_delta,0,96,0.4222,43609,0
scale_31x21,kc_delta,0,97,0.4381,43679,0
scale_31x21,kc_delta,0,98,0.4286,44279,0
scale_31x21,kc_delta,0,99,0.4381,44879,0
scale_31x21,kc_delta,0,100,0.4095,45479,0
scale_31x21,kc_delta,0,101,0.4286,45679,0
scale_31x21,kc_delta,0,102,0.4317,45684,0
scale_31x21,kc_delta,0,103,0.4159,46284,0
scale_31x21,kc_delta,0,104,0.4381,46884,0
scale_31x21,kc_delta,0,105,0.4413,46888,0
scale_31x21,kc_delta,0,106,0.4222,47145,0
scale_31x21,kc_delta,0,107,0.4286,47745,0
scale_31x21,kc_delta,0,108,0.4317,48345,0
scale_31x21,kc_delta,0,109,0.4476,48945,0
scale_31x21,kc_delta,0,110,0.4667,49067,0
scale_31x21,kc_delta,0,111,0.4571,49667,0
scale_31x21,kc_delta,0,112,0.4444,50267,0
scale_31x21,kc_delta,0,113,0.4540,50867,0
scale_31x21,kc_delta,0,114,0.4349,51467,0
scale_31x21,kc_delta,0,115,0.4603,51899,0
scale_31x21,kc_delta,0,116,0.4667,52499,0
scale_31x21,kc_delta,0,117,0.4635,53099,0
scale_31x21,kc_delta,0,118,0.4698,53699,0
scale_31x21,kc_delta,0,119,0.4603,54299,0
scale_31x21,kc_delta,0,120,0.4349,54899,0
scale_31x21,kc_delta,0,121,0.4540,55499,0
scale_31x21,kc_delta,0,122,0.4413,56099,0
scale_31x21,kc_delta,0,123,0.4762,56360,0
scale_31x21,kc_delta,0,124,0.4444,56960,0
scale_31x21,kc_delta,0,125,0.4381,57560,0
scale_31x21,kc_delta,0,126,0.4635,58160,0
scale_31x21,kc_delta,0,127,0.4698,58760,0
scale_31x21,kc_delta,0,128,0.4667,59360,0
scale_31x21,kc_delta,0,129,0.4698,59960,0
scale_31x21,kc_delta,0,130,0.4667,60560,0
scale_31x21,kc_delta,0,131,0.4762,60574,0
scale_31x21,kc_delta,0,132,0.4667,60821,0
scale_31x21,kc_delta,0,133,0.4603,60934,0
scale_31x21,kc_delta,0,134,0.4603,61534,0
scale_31x21,kc_delta,0,135,0.4730,62134,0
scale_31x21,kc_delta,0,136,0.4825,62727,0
scale_31x21,kc_delta,0,137,0.5048,63327,0
scale_31x21,kc_delta,0,138,0.4762,63927,0
scale_31x21,kc_delta,0,139,0.4444,64527,0
scale_31x21,kc_delta,0,140,0.4571,65127,0
scale_31x21,kc_delta,0,141,0.4381,65727,0
scale_31x21,kc_delta,0,142,0.4952,66100,0
scale_31x21,kc_delta,0,143,0.4730,66700,0
scale_31x21,kc_delta,0,144,0.4667,67300,0
scale_31x21,kc_delta,0,145,0.4698,67900,0
scale_31x21,kc_delta,0,146,0.4667,67956,0
scale_31x21,kc_delta,0,147,0.4603,68556,0
scale_31x21,kc_delta,0,148,0.4698,68587,0
scale_31x21,kc_delta,0,149,0.4698,69187,0
scale_31x21,kc_delta,0,150,0.5079,69429,0
scale_31x21,kc_delta,0,151,0.4952,70029,0
scale_31x21,kc_delta,0,152,0.5175,70135,0
scale_31x21,kc_delta,0,153,0.5206,70164,0
scale_31x21,kc_delta,0,154,0.5206,70764,0
scale_31x21,kc_delta,0,155,0.5206,71364,0
scale_31x21,kc_delta,0,156,0.5048,71406,0
scale_31x21,kc_delta,0,157,0.5048,71557,0
scale_31x21,kc_delta,0,158,0.4889,72031,0
scale_31x21,kc_delta,0,159,0.4984,72631,0
scale_31x21,kc_delta,0,160,0.4984,73056,0
scale_31x21,kc_delta,0,161,0.4984,73656,0
scale_31x21,kc_delta,0,162,0.4984,73658,0
scale_31x21,kc_delta,0,163,0.5048,73662,0
scale_31x21,kc_delta,0,164,0.4889,74262,0
scale_31x21,kc_delta,0,165,0.4603,74862,0
scale_31x21,kc_delta,0,166,0.4698,75239,0
scale_31x21,kc_delta,0,167,0.4635,75839,0
scale_31x21,kc_delta,0,168,0.4603,75943,0
scale_31x21,kc_delta,0,169,0.4571,76543,0
scale_31x21,kc_delta,0,170,0.4667,77143,0
scale_31x21,kc_delta,0,171,0.4635,77166,0
scale_31x21,kc_delta,0,172,0.4635,77176,0
scale_31x21,kc_delta,0,173,0.4444,77776,0
scale_31x21,kc_delta,0,174,0.4413,78376,0
scale_31x21,kc_delta,0,175,0.4476,78976,0
scale_31x21,kc_delta,0,176,0.4476,79009,0
scale_31x21,kc_delta,0,177,0.4444,79609,0
scale_31x21,kc_delta,0,178,0.4381,80209,0
scale_31x21,kc_delta,0,179,0.4508,80809,0
scale_31x21,kc_delta,0,180,0.4730,81409,0
scale_31x21,kc_delta,0,181,0.4635,81450,0
scale_31x21,kc_delta,0,182,0.4762,82050,0
scale_31x21,kc_delta,0,183,0.4603,82650,0
scale_31x21,kc_delta,0,184,0.4698,82689,0
scale_31x21,kc_delta,0,185,0.4698,83289,0
scale_31x21,kc_delta,0,186,0.4794,83889,0
scale_31x21,kc_delta,0,187,0.4698,83913,0
scale_31x21,kc_delta,0,188,0.4730,84513,0
scale_31x21,kc_delta,0,189,0.4698,85113,0
scale_31x21,kc_delta,0,190,0.4730,85713,0
scale_31x21,kc_delta,0,191,0.4825,86313,0
scale_31x21,kc_delta,0,192,0.4952,86359,0
scale_31x21,kc_delta,0,193,0.4825,86959,0
scale_31x21,kc_delta,0,194,0.4730,87559,0
scale_31x21,kc_delta,0,195,0.4667,87831,0
scale_31x21,kc_delta,0,196,0.4603,88431,0
scale_31x21,kc_delta,0,197,0.4698,88501,0
scale_31x21,kc_delta,0,198,0.4730,88590,0
scale_31x21,kc_delta,0,199,0.4825,89190,0
scale_31x21,kc_delta,0,200,0.4857,89790,0
scale_31x21,kc_delta,0,201,0.4825,90390,0
scale_31x21,kc_delta,0,202,0.4762,90990,0
scale_31x21,kc_delta,0,203,0.4762,91044,0
scale_31x21,kc_delta,0,204,0.4476,91644,0
scale_31x21,kc_delta,0,205,0.4508,92244,0
scale_31x21,kc_delta,0,206,0.4603,92466,0
scale_31x21,kc_delta,0,207,0.4413,93066,0
scale_31x21,kc_delta,0,208,0.4571,93666,0
scale_31x21,kc_delta,0,209,0.4413,94266,0
scale_31x21,kc_delta,0,210,0.4190,94866,0
scale_31x21,kc_delta,0,211,0.4413,94929,0
scale_31x21,kc_delta,0,212,0.4444,95006,0
scale_31x21,kc_delta,0,213,0.4254,95606,0
scale_31x21,kc_delta,0,214,0.4444,95780,0
scale_31x21,kc_delta,0,215,0.4667,96380,0
scale_31x21,kc_delta,0,216,0.4667,96980,0
scale_31x21,kc_delta,0,217,0.4698,97005,0
scale_31x21,kc_delta,0,218,0.4286,97605,0
scale_31x21,kc_delta,0,219,0.4540,97847,0
scale_31x21,kc_delta,0,220,0.4254,98447,0
scale_31x21,kc_delta,0,221,0.4540,98480,0
scale_31x21,kc_delta,0,222,0.4603,99080,0
scale_31x21,kc_delta,0,223,0.4635,99680,0
scale_31x21,kc_delta,0,224,0.4571,100280,0
scale_31x21,kc_delta,0,225,0.4381,100880,0
scale_31x21,kc_delta,0,226,0.4476,101480,0
scale_31x21,kc_delta,0,227,0.4889,102005,0
scale_31x21,kc_delta,0,228,0.4508,102605,0
scale_31x21,kc_delta,0,229,0.4381,103205,0
scale_31x21,kc_delta,0,230,0.4317,103805,0
scale_31x21,kc_delta,0,231,0.4857,104254,0
scale_31x21,kc_delta,0,232,0.4984,104294,0
scale_31x21,kc_delta,0,233,0.4857,104894,0
scale_31x21,kc_delta,0,234,0.4857,105494,0
scale_31x21,kc_delta,0,235,0.4762,105651,0
scale_31x21,kc_delta,0,236,0.4984,105828,0
scale_31x21,kc_delta,0,237,0.5016,105856,0
scale_31x21,kc_delta,0,238,0.4952,106456,0
scale_31x21,kc_delta,0,239,0.4794,107056,0
scale_31x21,kc_delta,0,240,0.4857,107656,0
scale_31x21,kc_delta,0,241,0.4508,108256,0
scale_31x21,kc_delta,0,242,0.4444,108856,0
scale_31x21,kc_delta,0,243,0.4254,109456,0
scale_31x21,kc_delta,0,244,0.4476,109479,0
scale_31x21,kc_delta,0,245,0.4413,110079,0
scale_31x21,kc_delta,0,246,0.4476,110679,0
scale_31x21,kc_delta,0,247,0.4476,111279,0
scale_31x21,kc_delta,0,248,0.4254,111879,0
scale_31x21,kc_delta,0,249,0.4730,111978,0
scale_31x21,kc_delta,0,250,0.4794,112578,0
scale_31x21,kc_delta,0,251,0.4825,113178,0
scale_31x21,kc_delta,0,252,0.4413,113778,0
scale_31x21,kc_delta,0,253,0.4698,114378,0
scale_31x21,kc_delta,0,254,0.4762,114978,0
scale_31x21,kc_delta,0,255,0.4730,115578,0
scale_31x21,kc_delta,0,256,0.5048,116178,0
scale_31x21,kc_delta,0,257,0.4825,116778,0
scale_31x21,kc_delta,0,258,0.4921,117378,0
scale_31x21,kc_delta,0,259,0.4730,117978,0
scale_31x21,kc_delta,0,260,0.4921,118578,0
scale_31x21,kc_delta,0,261,0.4952,118629,0
scale_31x21,kc_delta,0,262,0.4952,118636,0
scale_31x21,kc_delta,0,263,0.4825,118809,0
scale_31x21,kc_delta,0,264,0.4825,118815,0
scale_31x21,kc_delta,0,265,0.5016,118840,0
scale_31x21,kc_delta,0,266,0.4825,119440,0
scale_31x21,kc_delta,0,267,0.4762,120040,0
scale_31x21,kc_delta,0,268,0.5175,120253,0
scale_31x21,kc_delta,0,269,0.5111,120853,0
scale_31x21,kc_delta,0,270,0.4952,121453,0
scale_31x21,kc_delta,0,271,0.4952,121568,0
scale_31x21,kc_delta,0,272,0.4857,121653,0
scale_31x21,kc_delta,0,273,0.4952,122253,0
scale_31x21,kc_delta,0,274,0.5111,122265,0
scale_31x21,kc_delta,0,275,0.5175,122323,0
scale_31x21,kc_delta,0,276,0.4952,122923,0
scale_31x21,kc_delta,0,277,0.5079,123008,0
scale_31x21,kc_delta,0,278,0.5079,123608,0
scale_31x21,kc_delta,0,279,0.4635,124208,0
scale_31x21,kc_delta,0,280,0.4603,124808,0
scale_31x21,kc_delta,0,281,0.4762,124863,0
scale_31x21,kc_delta,0,282,0.4667,125463,0
scale_31x21,kc_delta,0,283,0.4698,125493,0
scale_31x21,kc_delta,0,284,0.4667,125501,0
scale_31x21,kc_delta,0,285,0.4794,125538,0
scale_31x21,kc_delta,0,286,0.4667,126138,0
scale_31x21,kc_delta,0,287,0.4698,126179,0
scale_31x21,kc_delta,0,288,0.4413,126779,0
scale_31x21,kc_delta,0,289,0.4603,126876,0
scale_31x21,kc_delta,0,290,0.4698,126918,0
scale_31x21,kc_delta,0,291,0.4635,127518,0
scale_31x21,kc_delta,0,292,0.4762,127581,0
scale_31x21,kc_delta,0,293,0.4667,128181,0
scale_31x21,kc_delta,0,294,0.4762,128781,0
scale_31x21,kc_delta,0,295,0.4794,129381,0
scale_31x21,kc_delta,0,296,0.4857,129402,0
scale_31x21,kc_delta,0,297,0.4794,129414,0
scale_31x21,kc_delta,0,298,0.4794,129421,0
scale_31x21,kc_delta,0,299,0.4730,129437,0
scale_31x21,kc_delta,0,300,0.4730,129439,0
scale_31x21,kc_delta,0,301,0.4571,130039,0
scale_31x21,kc_delta,0,302,0.4825,130253,0
scale_31x21,kc_delta,0,303,0.4762,130853,0
scale_31x21,kc_delta,0,304,0.4571,131453,0
scale_31x21,kc_delta,0,305,0.4698,131958,0
scale_31x21,kc_delta,0,306,0.4921,132198,0
scale_31x21,kc_delta,0,307,0.4952,132798,0
scale_31x21,kc_delta,0,308,0.4921,133398,0
scale_31x21,kc_delta,0,309,0.4889,133472,0
scale_31x21,kc_delta,0,310,0.4857,134072,0
scale_31x21,kc_delta,0,311,0.4889,134090,0
scale_31x21,kc_delta,0,312,0.4667,134690,0
scale_31x21,kc_delta,0,313,0.4762,134714,0
scale_31x21,kc_delta,0,314,0.4857,135314,0
scale_31x21,kc_delta,0,315,0.4952,135914,0
scale_31x21,kc_delta,0,316,0.4667,136514,0
scale_31x21,kc_delta,0,317,0.4794,137114,0
scale_31x21,kc_delta,0,318,0.4984,137155,0
scale_31x21,kc_delta,0,319,0.5111,137275,0
scale_31x21,kc_delta,0,320,0.5079,137307,0
scale_31x21,kc_delta,0,321,0.5048,137332,0
scale_31x21,kc_delta,0,322,0.4635,137932,0
scale_31x21,kc_delta,0,323,0.4698,138532,0
scale_31x21,kc_delta,0,324,0.4825,138551,0
scale_31x21,kc_delta,0,325,0.4921,139151,0
scale_31x21,kc_delta,0,326,0.4952,139166,0
scale_31x21,kc_delta,0,327,0.5206,139281,0
scale_31x21,kc_delta,0,328,0.5206,139288,0
scale_31x21,kc_delta,0,329,0.5365,139888,0
scale_31x21,kc_delta,0,330,0.5492,140133,0
scale_31x21,kc_delta,0,331,0.5492,140149,0
scale_31x21,kc_delta,0,332,0.5238,140749,0
scale_31x21,kc_delta,0,333,0.5333,140851,0
scale_31x21,kc_delta,0,334,0.5460,140885,0
scale_31x21,kc_delta,0,335,0.5238,141485,0
scale_31x21,kc_delta,0,336,0.5238,142085,0
scale_31x21,kc_delta,0,337,0.5302,142109,0
scale_31x21,kc_delta,0,338,0.5270,142709,0
scale_31x21,kc_delta,0,339,0.5302,142719,0
scale_31x21,kc_delta,0,340,0.5270,142731,0
scale_31x21,kc_delta,0,341,0.5206,142756,0
scale_31x21,kc_delta,0,342,0.5333,142780,0
scale_31x21,kc_delta,0,343,0.5270,143380,0
scale_31x21,kc_delta,0,344,0.5302,143404,0
scale_31x21,kc_delta,0,345,0.5302,144004,0
scale_31x21,kc_delta,0,346,0.4889,144604,0
scale_31x21,kc_delta,0,347,0.4825,145204,0
scale_31x21,kc_delta,0,348,0.4921,145804,0
scale_31x21,kc_delta,0,349,0.4984,145816,0
scale_31x21,kc_delta,0,350,0.4921,146416,0
scale_31x21,kc_delta,0,351,0.5111,146452,0
scale_31x21,kc_delta,0,352,0.5079,146483,0
scale_31x21,kc_delta,0,353,0.5079,147083,0
scale_31x21,kc_delta,0,354,0.5175,147683,0
scale_31x21,kc_delta,0,355,0.5270,147748,0
scale_31x21,kc_delta,0,356,0.5429,147773,0
scale_31x21,kc_delta,0,357,0.5270,148373,0
scale_31x21,kc_delta,0,358,0.5111,148973,0
scale_31x21,kc_delta,0,359,0.5111,149573,0
scale_31x21,kc_delta,0,360,0.5143,150173,0
scale_31x21,kc_delta,0,361,0.5143,150773,0
scale_31x21,kc_delta,0,362,0.5175,151373,0
scale_31x21,kc_delta,0,363,0.5270,151416,0
scale_31x21,kc_delta,0,364,0.5270,152016,0
scale_31x21,kc_delta,0,365,0.5302,152073,0
scale_31x21,kc_delta,0,366,0.5302,152127,0
scale_31x21,kc_delta,0,367,0.5238,152148,0
scale_31x21,kc_delta,0,368,0.5333,152748,0
scale_31x21,kc_delta,0,369,0.5206,153348,0
scale_31x21,kc_delta,0,370,0.5143,153860,0
scale_31x21,kc_delta,0,371,0.5302,154037,0
scale_31x21,kc_delta,0,372,0.5333,154078,0
scale_31x21,kc_delta,0,373,0.5079,154678,0
scale_31x21,kc_delta,0,374,0.5175,154696,0
scale_31x21,kc_delta,0,375,0.5206,155296,0
scale_31x21,kc_delta,0,376,0.5016,155896,0
scale_31x21,kc_delta,0,377,0.4730,156496,0
scale_31x21,kc_delta,0,378,0.5333,157030,0
scale_31x21,kc_delta,0,379,0.5397,157227,0
scale_31x21,kc_delta,0,380,0.5302,157827,0
scale_31x21,kc_delta,0,381,0.5175,158427,0
scale_31x21,kc_delta,0,382,0.5048,159027,0
scale_31x21,kc_delta,0,383,0.5111,159627,0
scale_31x21,kc_delta,0,384,0.5111,159641,0
scale_31x21,kc_delta,0,385,0.5111,159660,0
scale_31x21,kc_delta,0,386,0.5016,159711,0
scale_31x21,kc_delta,0,387,0.5143,159769,0
scale_31x21,kc_delta,0,388,0.4952,160369,0
scale_31x21,kc_delta,0,389,0.5175,160832,0
scale_31x21,kc_delta,0,390,0.5270,160840,0
scale_31x21,kc_delta,0,391,0.5333,160851,0
scale_31x21,kc_delta,0,392,0.5238,161451,0
scale_31x21,kc_delta,0,393,0.4984,162051,0
scale_31x21,kc_delta,0,394,0.5270,162651,0
scale_31x21,kc_delta,0,395,0.5333,163251,0
scale_31x21,kc_delta,0,396,0.5365,163261,0
scale_31x21,kc_delta,0,397,0.5397,163286,0
scale_31x21,kc_delta,0,398,0.5397,163886,0
scale_31x21,kc_delta,0,399,0.5397,164486,0
scale_31x21,kc_delta,0,400,0.5524,164521,0
scale_31x21,kc_delta,0,401,0.5460,165121,0
scale_31x21,kc_delta,0,402,0.5524,165162,0
scale_31x21,kc_delta,0,403,0.5524,165762,0
scale_31x21,kc_delta,0,404,0.5429,165786,0
scale_31x21,kc_delta,0,405,0.5492,165817,0
scale_31x21,kc_delta,0,406,0.5460,166417,0
scale_31x21,kc_delta,0,407,0.5429,166429,0
scale_31x21,kc_delta,0,408,0.5460,166450,0
scale_31x21,kc_delta,0,409,0.5556,167050,0
scale_31x21,kc_delta,0,410,0.5619,167080,0
scale_31x21,kc_delta,0,411,0.5397,167680,0
scale_31x21,kc_delta,0,412,0.5460,168280,0
scale_31x21,kc_delta,0,413,0.5587,168321,0
scale_31x21,kc_delta,0,414,0.5524,168921,0
scale_31x21,kc_delta,0,415,0.5619,168976,0
scale_31x21,kc_delta,0,416,0.5460,169576,0
scale_31x21,kc_delta,0,417,0.5365,170176,0
scale_31x21,kc_delta,0,418,0.5238,170776,0
scale_31x21,kc_delta,0,419,0.5048,171376,0
scale_31x21,kc_delta,0,420,0.5175,171976,0
scale_31x21,kc_delta,0,421,0.5238,172014,0
scale_31x21,kc_delta,0,422,0.5016,172614,0
scale_31x21,kc_delta,0,423,0.5175,173214,0
scale_31x21,kc_delta,0,424,0.5206,173814,0
scale_31x21,kc_delta,0,425,0.5238,174414,0
scale_31x21,kc_delta,0,426,0.5587,174593,0
scale_31x21,kc_delta,0,427,0.5397,175193,0
scale_31x21,kc_delta,0,428,0.5365,175214,0
scale_31x21,kc_delta,0,429,0.5397,175224,0
scale_31x21,kc_delta,0,430,0.5492,175824,0
scale_31x21,kc_delta,0,431,0.5460,175834,0
scale_31x21,kc_delta,0,432,0.5460,175869,0
scale_31x21,kc_delta,0,433,0.5302,176469,0
scale_31x21,kc_delta,0,434,0.5238,176555,0
scale_31x21,kc_delta,0,435,0.5206,176580,0
scale_31x21,kc_delta,0,436,0.5175,176595,0
scale_31x21,kc_delta,0,437,0.5302,176621,0
scale_31x21,kc_delta,0,438,0.5429,177221,0
scale_31x21,kc_delta,0,439,0.5460,177821,0
scale_31x21,kc_delta,0,440,0.5238,178421,0
scale_31x21,kc_delta,0,441,0.5238,179021,0
scale_31x21,kc_delta,0,442,0.5302,179621,0
scale_31x21,kc_delta,0,443,0.5524,179695,0
scale_31x21,kc_delta,0,444,0.5492,180295,0
scale_31x21,kc_delta,0,445,0.5492,180304,0
scale_31x21,kc_delta,0,446,0.5492,180350,0
scale_31x21,kc_delta,0,447,0.5460,180950,0
scale_31x21,kc_delta,0,448,0.5492,180964,0
scale_31x21,kc_delta,0,449,0.5492,181000,0
scale_31x21,kc_delta,0,450,0.5492,181007,0
scale_31x21,kc_delta,0,451,0.5619,181607,0
scale_31x21,kc_delta,0,452,0.5270,182207,0
scale_31x21,kc_delta,0,453,0.5048,182807,0
scale_31x21,kc_delta,0,454,0.5016,182855,0
scale_31x21,kc_delta,0,455,0.5302,183455,0
scale_31x21,kc_delta,0,456,0.5365,183471,0
scale_31x21,kc_delta,0,457,0.5492,183487,0
scale_31x21,kc_delta,0,458,0.5587,184087,0
scale_31x21,kc_delta,0,459,0.5587,184103,0
scale_31x21,kc_delta,0,460,0.5714,184703,0
scale_31x21,kc_delta,0,461,0.5429,184711,0
scale_31x21,kc_delta,0,462,0.5206,185311,0
scale_31x21,kc_delta,0,463,0.5270,185327,0
scale_31x21,kc_delta,0,464,0.5270,185339,0
scale_31x21,kc_delta,0,465,0.5365,185939,0
scale_31x21,kc_delta,0,466,0.5302,185960,0
scale_31x21,kc_delta,0,467,0.5270,185980,0
scale_31x21,kc_delta,0,468,0.5270,186580,0
scale_31x21,kc_delta,0,469,0.5175,187180,0
scale_31x21,kc_delta,0,470,0.5270,187305,0
scale_31x21,kc_delta,0,471,0.5365,187318,0
scale_31x21,kc_delta,0,472,0.5016,187918,0
scale_31x21,kc_delta,0,473,0.5079,188518,0
scale_31x21,kc_delta,0,474,0.5079,188541,0
scale_31x21,kc_delta,0,475,0.5238,188655,0
scale_31x21,kc_delta,0,476,0.5238,189255,0
scale_31x21,kc_delta,0,477,0.5429,189278,0
scale_31x21,kc_delta,0,478,0.5492,189878,0
scale_31x21,kc_delta,0,479,0.5619,190036,0
scale_31x21,kc_delta,0,480,0.5651,190052,0
scale_31x21,kc_delta,0,481,0.5587,190079,0
scale_31x21,kc_delta,0,482,0.5556,190679,0
scale_31x21,kc_delta,0,483,0.5556,190682,0
scale_31x21,kc_delta,0,484,0.5556,190695,0
scale_31x21,kc_delta,0,485,0.5746,191295,0
scale_31x21,kc_delta,0,486,0.5778,191311,0
scale_31x21,kc_delta,0,487,0.5460,191911,0
scale_31x21,kc_delta,0,488,0.5556,191927,0
scale_31x21,kc_delta,0,489,0.5397,192527,0
scale_31x21,kc_delta,0,490,0.5524,192555,0
scale_31x21,kc_delta,0,491,0.5333,193155,0
scale_31x21,kc_delta,0,492,0.5206,193755,0
scale_31x21,kc_delta,0,493,0.5206,194355,0
scale_31x21,kc_delta,0,494,0.5365,194494,0
scale_31x21,kc_delta,0,495,0.5397,194527,0
scale_31x21,kc_delta,0,496,0.5270,195127,0
scale_31x21,kc_delta,0,497,0.5460,195288,0
scale_31x21,kc_delta,0,498,0.5429,195359,0
scale_31x21,kc_delta,0,499,0.5524,195388,0
scale_31x21,kc_delta,0,500,0.5460,195988,0
scale_31x21,kc_delta,0,501,0.5397,195999,0
scale_31x21,kc_delta,0,502,0.5524,196599,0
scale_31x21,kc_delta,0,503,0.5524,196606,0
scale_31x21,kc_delta,0,504,0.5556,196615,0
scale_31x21,kc_delta,0,505,0.5460,196630,0
scale_31x21,kc_delta,0,506,0.5524,196831,0
scale_31x21,kc_delta,0,507,0.5651,197431,0
scale_31x21,kc_delta,0,508,0.5556,198031,0
scale_31x21,kc_delta,0,509,0.5556,198631,0
scale_31x21,kc_delta,0,510,0.5365,199231,0
scale_31x21,kc_delta,0,511,0.5460,199831,0
scale_31x21,kc_delta,0,512,0.5556,199876,0
scale_31x21,kc_delta,0,513,0.5651,199905,0
scale_31x21,kc_delta,0,514,0.5587,200505,0
scale_31x21,kc_delta,0,515,0.5524,201105,0
scale_31x21,kc_delta,0,516,0.5365,201705,0
scale_31x21,kc_delta,0,517,0.5429,201946,0
scale_31x21,kc_delta,0,518,0.5333,201993,0
scale_31x21,kc_delta,0,519,0.5365,202001,0
scale_31x21,kc_delta,0,520,0.5397,202601,0
scale_31x21,kc_delta,0,521,0.5460,203201,0
scale_31x21,kc_delta,0,522,0.5492,203209,0
scale_31x21,kc_delta,0,523,0.5619,203286,0
scale_31x21,kc_delta,0,524,0.5429,203886,0
scale_31x21,kc_delta,0,525,0.5143,204486,0
scale_31x21,kc_delta,0,526,0.5492,204542,0
scale_31x21,kc_delta,0,527,0.5206,205142,0
scale_31x21,kc_delta,0,528,0.5270,205195,0
scale_31x21,kc_delta,0,529,0.5238,205795,0
scale_31x21,kc_delta,0,530,0.5333,206395,0
scale_31x21,kc_delta,0,531,0.5460,206995,0
scale_31x21,kc_delta,0,532,0.5429,207006,0
scale_31x21,kc_delta,0,533,0.5206,207606,0
scale_31x21,kc_delta,0,534,0.5238,207614,0
scale_31x21,kc_delta,0,535,0.5492,208214,0
scale_31x21,kc_delta,0,536,0.5460,208814,0
scale_31x21,kc_delta,0,537,0.5238,209414,0
scale_31x21,kc_delta,0,538,0.5397,209446,0
scale_31x21,kc_delta,0,539,0.5397,209461,0
scale_31x21,kc_delta,0,540,0.5397,210061,0
scale_31x21,kc_delta,0,541,0.5429,210661,0
scale_31x21,kc_delta,0,542,0.5397,210750,0
scale_31x21,kc_delta,0,543,0.5429,210784,0
scale_31x21,kc_delta,0,544,0.5238,211384,0
scale_31x21,kc_delta,0,545,0.5206,211984,0
scale_31x21,kc_delta,0,546,0.5429,212039,0
scale_31x21,kc_delta,0,547,0.5175,212639,0
scale_31x21,kc_delta,0,548,0.5238,213239,0
scale_31x21,kc_delta,0,549,0.5397,213306,0
scale_31x21,kc_delta,0,550,0.5492,213319,0
scale_31x21,kc_delta,0,551,0.5429,213919,0
scale_31x21,kc_delta,0,552,0.5206,214519,0
scale_31x21,kc_delta,0,553,0.5048,215119,0
scale_31x21,kc_delta,0,554,0.5175,215719,0
scale_31x21,kc_delta,0,555,0.5048,216319,0
scale_31x21,kc_delta,0,556,0.5143,216332,0
scale_31x21,kc_delta,0,557,0.5238,216382,0
scale_31x21,kc_delta,0,558,0.5175,216982,0
scale_31x21,kc_delta,0,559,0.5175,217420,0
scale_31x21,kc_delta,0,560,0.5175,218020,0
scale_31x21,kc_delta,0,561,0.4889,218620,0
scale_31x21,kc_delta,0,562,0.5016,219220,0
scale_31x21,kc_delta,0,563,0.4794,219820,0
scale_31x21,kc_delta,0,564,0.4825,220420,0
scale_31x21,kc_delta,0,565,0.4857,221020,0
scale_31x21,kc_delta,0,566,0.5238,221182,0
scale_31x21,kc_delta,0,567,0.5302,221782,0
scale_31x21,kc_delta,0,568,0.5206,221811,0
scale_31x21,kc_delta,0,569,0.5365,221896,0
scale_31x21,kc_delta,0,570,0.5270,222026,0
scale_31x21,kc_delta,0,571,0.5270,222034,0
scale_31x21,kc_delta,0,572,0.5333,222050,0
scale_31x21,kc_delta,0,573,0.5429,222100,0
scale_31x21,kc_delta,0,574,0.5270,222700,0
scale_31x21,kc_delta,0,575,0.5333,222714,0
scale_31x21,kc_delta,0,576,0.5429,223314,0
scale_31x21,kc_delta,0,577,0.5651,223646,0
scale_31x21,kc_delta,0,578,0.5460,223662,0
scale_31x21,kc_delta,0,579,0.5333,224262,0
scale_31x21,kc_delta,0,580,0.5365,224282,0
scale_31x21,kc_delta,0,581,0.5587,224387,0
scale_31x21,kc_delta,0,582,0.5619,224422,0
scale_31x21,kc_delta,0,583,0.5651,225022,0
scale_31x21,kc_delta,0,584,0.5651,225622,0
scale_31x21,kc_delta,0,585,0.5619,225863,0
scale_31x21,kc_delta,0,586,0.5365,226463,0
scale_31x21,kc_delta,0,587,0.5111,227063,0
scale_31x21,kc_delta,0,588,0.5016,227663,0
scale_31x21,kc_delta,0,589,0.5016,228263,0
scale_31x21,kc_delta,0,590,0.5016,228863,0
scale_31x21,kc_delta,0,591,0.5270,229118,0
scale_31x21,kc_delta,0,592,0.5365,229718,0
scale_31x21,kc_delta,0,593,0.5302,229740,0
scale_31x21,kc_delta,0,594,0.5492,229782,0
scale_31x21,kc_delta,0,595,0.5397,230382,0
scale_31x21,kc_delta,0,596,0.5397,230392,0
scale_31x21,kc_delta,0,597,0.5397,230394,0
scale_31x21,kc_delta,0,598,0.5524,230419,0
scale_31x21,kc_delta,0,599,0.5397,231019,0
scale_31x21,rand_delta,0,0,0.1841,600,0
scale_31x21,rand_delta,0,1,0.1937,1200,0
scale_31x21,rand_delta,0,2,0.3492,1800,0
scale_31x21,rand_delta,0,3,0.4000,2172,0
scale_31x21,rand_delta,0,4,0.3937,2278,0
scale_31x21,rand_delta,0,5,0.4349,2772,0
scale_31x21,rand_delta,0,6,0.4222,3372,0
scale_31x21,rand_delta,0,7,0.4476,3972,0
scale_31x21,rand_delta,0,8,0.4857,4116,0
scale_31x21,rand_delta,0,9,0.4476,4716,0
scale_31x21,rand_delta,0,10,0.5206,5240,0
scale_31x21,rand_delta,0,11,0.4698,5840,0
scale_31x21,rand_delta,0,12,0.4984,5962,0
scale_31x21,rand_delta,0,13,0.5270,6104,0
scale_31x21,rand_delta,0,14,0.5460,6704,0
scale_31x21,rand_delta,0,15,0.5333,6728,0
scale_31x21,rand_delta,0,16,0.5143,7328,0
scale_31x21,rand_delta,0,17,0.5206,7366,0
scale_31x21,rand_delta,0,18,0.5048,7966,0
scale_31x21,rand_delta,0,19,0.5143,7992,0
scale_31x21,rand_delta,0,20,0.4984,8592,0
scale_31x21,rand_delta,0,21,0.5524,8698,0
scale_31x21,rand_delta,0,22,0.5238,8713,0
scale_31x21,rand_delta,0,23,0.5651,9100,0
scale_31x21,rand_delta,0,24,0.5619,9117,0
scale_31x21,rand_delta,0,25,0.4349,9717,0
scale_31x21,rand_delta,0,26,0.4286,10317,0
scale_31x21,rand_delta,0,27,0.5143,10436,0
scale_31x21,rand_delta,0,28,0.5365,10793,0
scale_31x21,rand_delta,0,29,0.5429,10967,0
scale_31x21,rand_delta,0,30,0.5397,11567,0
scale_31x21,rand_delta,0,31,0.5556,11604,0
scale_31x21,rand_delta,0,32,0.5651,11874,0
scale_31x21,rand_delta,0,33,0.5079,12474,0
scale_31x21,rand_delta,0,34,0.5810,12705,0
scale_31x21,rand_delta,0,35,0.5365,13305,0
scale_31x21,rand_delta,0,36,0.5651,13519,0
scale_31x21,rand_delta,0,37,0.5619,13610,0
scale_31x21,rand_delta,0,38,0.5587,13740,0
scale_31x21,rand_delta,0,39,0.5841,14024,0
scale_31x21,rand_delta,0,40,0.5746,14178,0
scale_31x21,rand_delta,0,41,0.5778,14189,0
scale_31x21,rand_delta,0,42,0.5810,14297,0
scale_31x21,rand_delta,0,43,0.5397,14469,0
scale_31x21,rand_delta,0,44,0.4825,15069,0
scale_31x21,rand_delta,0,45,0.5238,15669,0
scale_31x21,rand_delta,0,46,0.5778,15819,0
scale_31x21,rand_delta,0,47,0.5778,15968,0
scale_31x21,rand_delta,0,48,0.5778,16153,0
scale_31x21,rand_delta,0,49,0.5079,16753,0
scale_31x21,rand_delta,0,50,0.5302,16824,0
scale_31x21,rand_delta,0,51,0.5238,17424,0
scale_31x21,rand_delta,0,52,0.5206,17430,0
scale_31x21,rand_delta,0,53,0.5841,17872,0
scale_31x21,rand_delta,0,54,0.5905,18472,0
scale_31x21,rand_delta,0,55,0.5873,18525,0
scale_31x21,rand_delta,0,56,0.5714,19125,0
scale_31x21,rand_delta,0,57,0.5873,19358,0
scale_31x21,rand_delta,0,58,0.5905,19958,0
scale_31x21,rand_delta,0,59,0.4667,20558,0
scale_31x21,rand_delta,0,60,0.5746,20710,0
scale_31x21,rand_delta,0,61,0.5365,21310,0
scale_31x21,rand_delta,0,62,0.5270,21910,0
scale_31x21,rand_delta,0,63,0.5810,22069,0
scale_31x21,rand_delta,0,64,0.5651,22331,0
scale_31x21,rand_delta,0,65,0.5556,22370,0
scale_31x21,rand_delta,0,66,0.5619,22397,0
scale_31x21,rand_delta,0,67,0.5524,22997,0
scale_31x21,rand_delta,0,68,0.5651,23070,0
scale_31x21,rand_delta,0,69,0.6127,23670,0
scale_31x21,rand_delta,0,70,0.6032,24270,0
scale_31x21,rand_delta,0,71,0.5206,24870,0
scale_31x21,rand_delta,0,72,0.5810,25140,0
scale_31x21,rand_delta,0,73,0.5238,25740,0
scale_31x21,rand_delta,0,74,0.5365,26340,0
scale_31x21,rand_delta,0,75,0.5683,26420,0
scale_31x21,rand_delta,0,76,0.5683,26438,0
scale_31x21,rand_delta,0,77,0.5587,27038,0
scale_31x21,rand_delta,0,78,0.5587,27638,0
scale_31x21,rand_delta,0,79,0.5619,27873,0
scale_31x21,rand_delta,0,80,0.5810,28107,0
scale_31x21,rand_delta,0,81,0.5587,28157,0
scale_31x21,rand_delta,0,82,0.5746,28284,0
scale_31x21,rand_delta,0,83,0.5524,28884,0
scale_31x21,rand_delta,0,84,0.5492,29484,0
scale_31x21,rand_delta,0,85,0.5619,29630,0
scale_31x21,rand_delta,0,86,0.5619,30230,0
scale_31x21,rand_delta,0,87,0.5270,30830,0
scale_31x21,rand_delta,0,88,0.5460,30984,0
scale_31x21,rand_delta,0,89,0.5460,31048,0
scale_31x21,rand_delta,0,90,0.5397,31089,0
scale_31x21,rand_delta,0,91,0.5587,31165,0
scale_31x21,rand_delta,0,92,0.5524,31201,0
scale_31x21,rand_delta,0,93,0.5651,31801,0
scale_31x21,rand_delta,0,94,0.5810,32148,0
scale_31x21,rand_delta,0,95,0.5841,32180,0
scale_31x21,rand_delta,0,96,0.5651,32295,0
scale_31x21,rand_delta,0,97,0.5587,32330,0
scale_31x21,rand_delta,0,98,0.5556,32930,0
scale_31x21,rand_delta,0,99,0.6222,33259,0
scale_31x21,rand_delta,0,100,0.5270,33859,0
scale_31x21,rand_delta,0,101,0.5587,33937,0
scale_31x21,rand_delta,0,102,0.5556,33940,0
scale_31x21,rand_delta,0,103,0.5270,34540,0
scale_31x21,rand_delta,0,104,0.5810,35029,0
scale_31x21,rand_delta,0,105,0.5810,35033,0
scale_31x21,rand_delta,0,106,0.5714,35076,0
scale_31x21,rand_delta,0,107,0.5714,35676,0
scale_31x21,rand_delta,0,108,0.5778,36276,0
scale_31x21,rand_delta,0,109,0.6000,36876,0
scale_31x21,rand_delta,0,110,0.6000,36972,0
scale_31x21,rand_delta,0,111,0.5841,37572,0
scale_31x21,rand_delta,0,112,0.6000,38172,0
scale_31x21,rand_delta,0,113,0.6000,38285,0
scale_31x21,rand_delta,0,114,0.6063,38614,0
scale_31x21,rand_delta,0,115,0.6063,38668,0
scale_31x21,rand_delta,0,116,0.6095,39268,0
scale_31x21,rand_delta,0,117,0.5492,39868,0
scale_31x21,rand_delta,0,118,0.6063,40188,0
scale_31x21,rand_delta,0,119,0.6317,40262,0
scale_31x21,rand_delta,0,120,0.6540,40430,0
scale_31x21,rand_delta,0,121,0.6444,40486,0
scale_31x21,rand_delta,0,122,0.5619,41086,0
scale_31x21,rand_delta,0,123,0.5937,41104,0
scale_31x21,rand_delta,0,124,0.6508,41232,0
scale_31x21,rand_delta,0,125,0.6540,41564,0
scale_31x21,rand_delta,0,126,0.6476,41705,0
scale_31x21,rand_delta,0,127,0.5937,42305,0
scale_31x21,rand_delta,0,128,0.6063,42905,0
scale_31x21,rand_delta,0,129,0.5492,43505,0
scale_31x21,rand_delta,0,130,0.6000,43909,0
scale_31x21,rand_delta,0,131,0.5968,43916,0
scale_31x21,rand_delta,0,132,0.6413,44166,0
scale_31x21,rand_delta,0,133,0.6571,44261,0
scale_31x21,rand_delta,0,134,0.6635,44339,0
scale_31x21,rand_delta,0,135,0.6698,44391,0
scale_31x21,rand_delta,0,136,0.6794,44426,0
scale_31x21,rand_delta,0,137,0.6730,44472,0
scale_31x21,rand_delta,0,138,0.6444,45072,0
scale_31x21,rand_delta,0,139,0.6603,45196,0
scale_31x21,rand_delta,0,140,0.6698,45236,0
scale_31x21,rand_delta,0,141,0.6063,45836,0
scale_31x21,rand_delta,0,142,0.6571,46436,0
scale_31x21,rand_delta,0,143,0.6730,46611,0
scale_31x21,rand_delta,0,144,0.6635,46656,0
scale_31x21,rand_delta,0,145,0.6730,46721,0
scale_31x21,rand_delta,0,146,0.6698,46742,0
scale_31x21,rand_delta,0,147,0.6508,47342,0
scale_31x21,rand_delta,0,148,0.6413,47364,0
scale_31x21,rand_delta,0,149,0.6603,47420,0
scale_31x21,rand_delta,0,150,0.6540,47457,0
scale_31x21,rand_delta,0,151,0.6635,48057,0
scale_31x21,rand_delta,0,152,0.6762,48111,0
scale_31x21,rand_delta,0,153,0.6762,48124,0
scale_31x21,rand_delta,0,154,0.6762,48172,0
scale_31x21,rand_delta,0,155,0.6603,48206,0
scale_31x21,rand_delta,0,156,0.6667,48247,0
scale_31x21,rand_delta,0,157,0.6698,48299,0
scale_31x21,rand_delta,0,158,0.6603,48340,0
scale_31x21,rand_delta,0,159,0.6698,48379,0
scale_31x21,rand_delta,0,160,0.6667,48413,0
scale_31x21,rand_delta,0,161,0.6254,49013,0
scale_31x21,rand_delta,0,162,0.6254,49015,0
scale_31x21,rand_delta,0,163,0.6222,49019,0
scale_31x21,rand_delta,0,164,0.5873,49619,0
scale_31x21,rand_delta,0,165,0.6095,50219,0
scale_31x21,rand_delta,0,166,0.6190,50251,0
scale_31x21,rand_delta,0,167,0.6095,50851,0
scale_31x21,rand_delta,0,168,0.6190,50913,0
scale_31x21,rand_delta,0,169,0.6317,51097,0
scale_31x21,rand_delta,0,170,0.6540,51148,0
scale_31x21,rand_delta,0,171,0.6508,51167,0
scale_31x21,rand_delta,0,172,0.6476,51177,0
scale_31x21,rand_delta,0,173,0.6476,51240,0
scale_31x21,rand_delta,0,174,0.6254,51840,0
scale_31x21,rand_delta,0,175,0.6540,51900,0
scale_31x21,rand_delta,0,176,0.6540,51954,0
scale_31x21,rand_delta,0,177,0.6508,52554,0
scale_31x21,rand_delta,0,178,0.6349,53154,0
scale_31x21,rand_delta,0,179,0.6222,53754,0
scale_31x21,rand_delta,0,180,0.6222,54354,0
scale_31x21,rand_delta,0,181,0.6222,54372,0
scale_31x21,rand_delta,0,182,0.6698,54443,0
scale_31x21,rand_delta,0,183,0.6222,55043,0
scale_31x21,rand_delta,0,184,0.6222,55065,0
scale_31x21,rand_delta,0,185,0.6540,55665,0
scale_31x21,rand_delta,0,186,0.6571,55716,0
scale_31x21,rand_delta,0,187,0.6571,55728,0
scale_31x21,rand_delta,0,188,0.6286,56328,0
scale_31x21,rand_delta,0,189,0.5778,56928,0
scale_31x21,rand_delta,0,190,0.6635,57209,0
scale_31x21,rand_delta,0,191,0.6794,57319,0
scale_31x21,rand_delta,0,192,0.6794,57334,0
scale_31x21,rand_delta,0,193,0.6349,57934,0
scale_31x21,rand_delta,0,194,0.6635,58534,0
scale_31x21,rand_delta,0,195,0.6952,58588,0
scale_31x21,rand_delta,0,196,0.7048,59188,0
scale_31x21,rand_delta,0,197,0.6952,59215,0
scale_31x21,rand_delta,0,198,0.7048,59236,0
scale_31x21,rand_delta,0,199,0.7111,59278,0
scale_31x21,rand_delta,0,200,0.5905,59878,0
scale_31x21,rand_delta,0,201,0.5683,60478,0
scale_31x21,rand_delta,0,202,0.6095,61078,0
scale_31x21,rand_delta,0,203,0.6159,61117,0
scale_31x21,rand_delta,0,204,0.6381,61717,0
scale_31x21,rand_delta,0,205,0.6000,62317,0
scale_31x21,rand_delta,0,206,0.6254,62379,0
scale_31x21,rand_delta,0,207,0.6698,62491,0
scale_31x21,rand_delta,0,208,0.6190,63091,0
scale_31x21,rand_delta,0,209,0.5968,63691,0
scale_31x21,rand_delta,0,210,0.5937,64291,0
scale_31x21,rand_delta,0,211,0.6032,64304,0
scale_31x21,rand_delta,0,212,0.6635,64373,0
scale_31x21,rand_delta,0,213,0.6889,64443,0
scale_31x21,rand_delta,0,214,0.6889,64462,0
scale_31x21,rand_delta,0,215,0.6921,64513,0
scale_31x21,rand_delta,0,216,0.7175,64945,0
scale_31x21,rand_delta,0,217,0.7143,64964,0
scale_31x21,rand_delta,0,218,0.7048,65007,0
scale_31x21,rand_delta,0,219,0.7175,65047,0
scale_31x21,rand_delta,0,220,0.6921,65647,0
scale_31x21,rand_delta,0,221,0.7016,65651,0
scale_31x21,rand_delta,0,222,0.6540,66251,0
scale_31x21,rand_delta,0,223,0.6698,66387,0
scale_31x21,rand_delta,0,224,0.6667,66428,0
scale_31x21,rand_delta,0,225,0.6667,66471,0
scale_31x21,rand_delta,0,226,0.6857,67071,0
scale_31x21,rand_delta,0,227,0.6857,67112,0
scale_31x21,rand_delta,0,228,0.6825,67712,0
scale_31x21,rand_delta,0,229,0.6730,68312,0
scale_31x21,rand_delta,0,230,0.6667,68441,0
scale_31x21,rand_delta,0,231,0.6635,68467,0
scale_31x21,rand_delta,0,232,0.6794,68485,0
scale_31x21,rand_delta,0,233,0.6762,69085,0
scale_31x21,rand_delta,0,234,0.6857,69187,0
scale_31x21,rand_delta,0,235,0.6952,69216,0
scale_31x21,rand_delta,0,236,0.7048,69250,0
scale_31x21,rand_delta,0,237,0.7016,69275,0
scale_31x21,rand_delta,0,238,0.6921,69875,0
scale_31x21,rand_delta,0,239,0.6889,70475,0
scale_31x21,rand_delta,0,240,0.7111,70558,0
scale_31x21,rand_delta,0,241,0.7238,70614,0
scale_31x21,rand_delta,0,242,0.6921,71214,0
scale_31x21,rand_delta,0,243,0.7048,71486,0
scale_31x21,rand_delta,0,244,0.7079,71497,0
scale_31x21,rand_delta,0,245,0.7079,72097,0
scale_31x21,rand_delta,0,246,0.7175,72167,0
scale_31x21,rand_delta,0,247,0.7238,72217,0
scale_31x21,rand_delta,0,248,0.7143,72817,0
scale_31x21,rand_delta,0,249,0.7111,72845,0
scale_31x21,rand_delta,0,250,0.7016,73445,0
scale_31x21,rand_delta,0,251,0.7079,73472,0
scale_31x21,rand_delta,0,252,0.7111,73518,0
scale_31x21,rand_delta,0,253,0.6730,74118,0
scale_31x21,rand_delta,0,254,0.6952,74718,0
scale_31x21,rand_delta,0,255,0.6762,75318,0
scale_31x21,rand_delta,0,256,0.6984,75356,0
scale_31x21,rand_delta,0,257,0.6984,75956,0
scale_31x21,rand_delta,0,258,0.7111,76018,0
scale_31x21,rand_delta,0,259,0.6857,76618,0
scale_31x21,rand_delta,0,260,0.6730,77218,0
scale_31x21,rand_delta,0,261,0.6730,77247,0
scale_31x21,rand_delta,0,262,0.6730,77254,0
scale_31x21,rand_delta,0,263,0.6825,77272,0
scale_31x21,rand_delta,0,264,0.6730,77278,0
scale_31x21,rand_delta,0,265,0.6794,77295,0
scale_31x21,rand_delta,0,266,0.6921,77541,0
scale_31x21,rand_delta,0,267,0.6921,77583,0
scale_31x21,rand_delta,0,268,0.7048,77611,0
scale_31x21,rand_delta,0,269,0.6349,78211,0
scale_31x21,rand_delta,0,270,0.6349,78811,0
scale_31x21,rand_delta,0,271,0.6730,78894,0
scale_31x21,rand_delta,0,272,0.7048,78943,0
scale_31x21,rand_delta,0,273,0.6349,79543,0
scale_31x21,rand_delta,0,274,0.6698,79559,0
scale_31x21,rand_delta,0,275,0.6857,79575,0
scale_31x21,rand_delta,0,276,0.7175,79964,0
scale_31x21,rand_delta,0,277,0.7175,79987,0
scale_31x21,rand_delta,0,278,0.7206,80023,0
scale_31x21,rand_delta,0,279,0.7238,80491,0
scale_31x21,rand_delta,0,280,0.6952,81091,0
scale_31x21,rand_delta,0,281,0.7048,81116,0
scale_31x21,rand_delta,0,282,0.6762,81716,0
scale_31x21,rand_delta,0,283,0.6889,81732,0
scale_31x21,rand_delta,0,284,0.6952,81740,0
scale_31x21,rand_delta,0,285,0.6952,81757,0
scale_31x21,rand_delta,0,286,0.6825,82357,0
scale_31x21,rand_delta,0,287,0.6825,82369,0
scale_31x21,rand_delta,0,288,0.6762,82969,0
scale_31x21,rand_delta,0,289,0.6730,82995,0
scale_31x21,rand_delta,0,290,0.6730,83015,0
scale_31x21,rand_delta,0,291,0.6762,83376,0
scale_31x21,rand_delta,0,292,0.6762,83397,0
scale_31x21,rand_delta,0,293,0.6698,83455,0
scale_31x21,rand_delta,0,294,0.6794,84055,0
scale_31x21,rand_delta,0,295,0.6952,84655,0
scale_31x21,rand_delta,0,296,0.6952,84670,0
scale_31x21,rand_delta,0,297,0.6952,84682,0
scale_31x21,rand_delta,0,298,0.6952,84688,0
scale_31x21,rand_delta,0,299,0.6952,84701,0
scale_31x21,rand_delta,0,300,0.6952,84703,0
scale_31x21,rand_delta,0,301,0.7079,84745,0
scale_31x21,rand_delta,0,302,0.7175,84861,0
scale_31x21,rand_delta,0,303,0.7238,85013,0
scale_31x21,rand_delta,0,304,0.6984,85110,0
scale_31x21,rand_delta,0,305,0.6984,85128,0
scale_31x21,rand_delta,0,306,0.7048,85161,0
scale_31x21,rand_delta,0,307,0.7206,85192,0
scale_31x21,rand_delta,0,308,0.6952,85792,0
scale_31x21,rand_delta,0,309,0.6921,85818,0
scale_31x21,rand_delta,0,310,0.6921,85911,0
scale_31x21,rand_delta,0,311,0.6889,85921,0
scale_31x21,rand_delta,0,312,0.7079,86521,0
scale_31x21,rand_delta,0,313,0.7079,86540,0
scale_31x21,rand_delta,0,314,0.7111,86578,0
scale_31x21,rand_delta,0,315,0.6825,87178,0
scale_31x21,rand_delta,0,316,0.6762,87778,0
scale_31x21,rand_delta,0,317,0.6889,88378,0
scale_31x21,rand_delta,0,318,0.6952,88385,0
scale_31x21,rand_delta,0,319,0.7048,88408,0
scale_31x21,rand_delta,0,320,0.7238,88449,0
scale_31x21,rand_delta,0,321,0.7206,88470,0
scale_31x21,rand_delta,0,322,0.7206,88495,0
scale_31x21,rand_delta,0,323,0.6730,89095,0
scale_31x21,rand_delta,0,324,0.6762,89112,0
scale_31x21,rand_delta,0,325,0.6889,89336,0
scale_31x21,rand_delta,0,326,0.6889,89351,0
scale_31x21,rand_delta,0,327,0.6952,89377,0
scale_31x21,rand_delta,0,328,0.6952,89384,0
scale_31x21,rand_delta,0,329,0.7016,89444,0
scale_31x21,rand_delta,0,330,0.7079,89476,0
scale_31x21,rand_delta,0,331,0.7079,89492,0
scale_31x21,rand_delta,0,332,0.6794,90092,0
scale_31x21,rand_delta,0,333,0.6921,90131,0
scale_31x21,rand_delta,0,334,0.6984,90153,0
scale_31x21,rand_delta,0,335,0.6889,90200,0
scale_31x21,rand_delta,0,336,0.6603,90800,0
scale_31x21,rand_delta,0,337,0.6635,90819,0
scale_31x21,rand_delta,0,338,0.6603,90858,0
scale_31x21,rand_delta,0,339,0.6603,90868,0
scale_31x21,rand_delta,0,340,0.6603,90880,0
scale_31x21,rand_delta,0,341,0.6571,90904,0
scale_31x21,rand_delta,0,342,0.6603,90914,0
scale_31x21,rand_delta,0,343,0.6349,91514,0
scale_31x21,rand_delta,0,344,0.6381,91544,0
scale_31x21,rand_delta,0,345,0.6857,92144,0
scale_31x21,rand_delta,0,346,0.6952,92409,0
scale_31x21,rand_delta,0,347,0.6984,92453,0
scale_31x21,rand_delta,0,348,0.7016,92530,0
scale_31x21,rand_delta,0,349,0.6857,92544,0
scale_31x21,rand_delta,0,350,0.6921,92584,0
scale_31x21,rand_delta,0,351,0.6889,92607,0
scale_31x21,rand_delta,0,352,0.6889,92630,0
scale_31x21,rand_delta,0,353,0.6762,93230,0
scale_31x21,rand_delta,0,354,0.6921,93280,0
scale_31x21,rand_delta,0,355,0.7206,93379,0
scale_31x21,rand_delta,0,356,0.7238,93396,0
scale_31x21,rand_delta,0,357,0.7111,93996,0
scale_31x21,rand_delta,0,358,0.7238,94596,0
scale_31x21,rand_delta,0,359,0.6984,95196,0
scale_31x21,rand_delta,0,360,0.7079,95229,0
scale_31x21,rand_delta,0,361,0.7429,95829,0
scale_31x21,rand_delta,0,362,0.7206,95879,0
scale_31x21,rand_delta,0,363,0.7365,95910,0
scale_31x21,rand_delta,0,364,0.6825,96510,0
scale_31x21,rand_delta,0,365,0.6889,96533,0
scale_31x21,rand_delta,0,366,0.6921,96551,0
scale_31x21,rand_delta,0,367,0.6984,96568,0
scale_31x21,rand_delta,0,368,0.7048,96656,0
scale_31x21,rand_delta,0,369,0.7079,96680,0
scale_31x21,rand_delta,0,370,0.7429,96738,0
scale_31x21,rand_delta,0,371,0.7460,96767,0
scale_31x21,rand_delta,0,372,0.7524,96790,0
scale_31x21,rand_delta,0,373,0.7175,97390,0
scale_31x21,rand_delta,0,374,0.7270,97406,0
scale_31x21,rand_delta,0,375,0.7270,97451,0
scale_31x21,rand_delta,0,376,0.6857,98051,0
scale_31x21,rand_delta,0,377,0.7143,98529,0
scale_31x21,rand_delta,0,378,0.7206,98550,0
scale_31x21,rand_delta,0,379,0.7175,98569,0
scale_31x21,rand_delta,0,380,0.7238,98607,0
scale_31x21,rand_delta,0,381,0.7238,98646,0
scale_31x21,rand_delta,0,382,0.7270,98683,0
scale_31x21,rand_delta,0,383,0.7365,98724,0
scale_31x21,rand_delta,0,384,0.7365,98732,0
scale_31x21,rand_delta,0,385,0.7365,98749,0
scale_31x21,rand_delta,0,386,0.7365,98774,0
scale_31x21,rand_delta,0,387,0.7365,98798,0
scale_31x21,rand_delta,0,388,0.7206,99398,0
scale_31x21,rand_delta,0,389,0.7238,99433,0
scale_31x21,rand_delta,0,390,0.7238,99439,0
scale_31x21,rand_delta,0,391,0.7238,99448,0
scale_31x21,rand_delta,0,392,0.7270,99496,0
scale_31x21,rand_delta,0,393,0.7365,99536,0
scale_31x21,rand_delta,0,394,0.7333,99584,0
scale_31x21,rand_delta,0,395,0.7333,99616,0
scale_31x21,rand_delta,0,396,0.7333,99625,0
scale_31x21,rand_delta,0,397,0.7302,99649,0
scale_31x21,rand_delta,0,398,0.7333,99685,0
scale_31x21,rand_delta,0,399,0.7333,100285,0
scale_31x21,rand_delta,0,400,0.7397,100314,0
scale_31x21,rand_delta,0,401,0.7238,100914,0
scale_31x21,rand_delta,0,402,0.7270,100935,0
scale_31x21,rand_delta,0,403,0.7111,101535,0
scale_31x21,rand_delta,0,404,0.7302,101576,0
scale_31x21,rand_delta,0,405,0.7270,101604,0
scale_31x21,rand_delta,0,406,0.7460,101655,0
scale_31x21,rand_delta,0,407,0.7429,101669,0
scale_31x21,rand_delta,0,408,0.7429,101686,0
scale_31x21,rand_delta,0,409,0.7492,101716,0
scale_31x21,rand_delta,0,410,0.7460,101740,0
scale_31x21,rand_delta,0,411,0.7460,102340,0
scale_31x21,rand_delta,0,412,0.7238,102940,0
scale_31x21,rand_delta,0,413,0.7206,102964,0
scale_31x21,rand_delta,0,414,0.7302,102995,0
scale_31x21,rand_delta,0,415,0.7460,103028,0
scale_31x21,rand_delta,0,416,0.7492,103076,0
scale_31x21,rand_delta,0,417,0.7524,103117,0
scale_31x21,rand_delta,0,418,0.7048,103717,0
scale_31x21,rand_delta,0,419,0.7270,103779,0
scale_31x21,rand_delta,0,420,0.7175,104379,0
scale_31x21,rand_delta,0,421,0.7206,104400,0
scale_31x21,rand_delta,0,422,0.7302,104588,0
scale_31x21,rand_delta,0,423,0.7365,104614,0
scale_31x21,rand_delta,0,424,0.7143,105214,0
scale_31x21,rand_delta,0,425,0.7397,105258,0
scale_31x21,rand_delta,0,426,0.7460,105291,0
scale_31x21,rand_delta,0,427,0.7365,105891,0
scale_31x21,rand_delta,0,428,0.7365,105914,0
scale_31x21,rand_delta,0,429,0.7365,105921,0
scale_31x21,rand_delta,0,430,0.7429,105962,0
scale_31x21,rand_delta,0,431,0.7429,105969,0
scale_31x21,rand_delta,0,432,0.7460,105982,0
scale_31x21,rand_delta,0,433,0.7429,106036,0
scale_31x21,rand_delta,0,434,0.7429,106059,0
scale_31x21,rand_delta,0,435,0.7429,106080,0
scale_31x21,rand_delta,0,436,0.7429,106093,0
scale_31x21,rand_delta,0,437,0.7397,106100,0
scale_31x21,rand_delta,0,438,0.7397,106129,0
scale_31x21,rand_delta,0,439,0.7365,106729,0
scale_31x21,rand_delta,0,440,0.7333,106941,0
scale_31x21,rand_delta,0,441,0.7365,106981,0
scale_31x21,rand_delta,0,442,0.7333,107014,0
scale_31x21,rand_delta,0,443,0.7333,107026,0
scale_31x21,rand_delta,0,444,0.6889,107626,0
scale_31x21,rand_delta,0,445,0.7079,107638,0
scale_31x21,rand_delta,0,446,0.7206,107661,0
scale_31x21,rand_delta,0,447,0.7206,107702,0
scale_31x21,rand_delta,0,448,0.7206,107715,0
scale_31x21,rand_delta,0,449,0.7206,107733,0
scale_31x21,rand_delta,0,450,0.7206,107740,0
scale_31x21,rand_delta,0,451,0.7079,108340,0
scale_31x21,rand_delta,0,452,0.7111,108940,0
scale_31x21,rand_delta,0,453,0.7111,108970,0
scale_31x21,rand_delta,0,454,0.7079,108987,0
scale_31x21,rand_delta,0,455,0.7206,109587,0
scale_31x21,rand_delta,0,456,0.7206,109601,0
scale_31x21,rand_delta,0,457,0.7206,109610,0
scale_31x21,rand_delta,0,458,0.7397,109651,0
scale_31x21,rand_delta,0,459,0.7429,109667,0
scale_31x21,rand_delta,0,460,0.7175,110267,0
scale_31x21,rand_delta,0,461,0.7175,110275,0
scale_31x21,rand_delta,0,462,0.6730,110875,0
scale_31x21,rand_delta,0,463,0.6921,110890,0
scale_31x21,rand_delta,0,464,0.6952,110902,0
scale_31x21,rand_delta,0,465,0.7143,110955,0
scale_31x21,rand_delta,0,466,0.7143,110968,0
scale_31x21,rand_delta,0,467,0.7143,110988,0
scale_31x21,rand_delta,0,468,0.7079,111588,0
scale_31x21,rand_delta,0,469,0.7206,111635,0
scale_31x21,rand_delta,0,470,0.7397,111714,0
scale_31x21,rand_delta,0,471,0.7365,111724,0
scale_31x21,rand_delta,0,472,0.7492,112324,0
scale_31x21,rand_delta,0,473,0.7619,112366,0
scale_31x21,rand_delta,0,474,0.7619,112385,0
scale_31x21,rand_delta,0,475,0.7619,112411,0
scale_31x21,rand_delta,0,476,0.7651,112446,0
scale_31x21,rand_delta,0,477,0.7746,112463,0
scale_31x21,rand_delta,0,478,0.7460,113063,0
scale_31x21,rand_delta,0,479,0.7524,113101,0
scale_31x21,rand_delta,0,480,0.7524,113117,0
scale_31x21,rand_delta,0,481,0.7556,113140,0
scale_31x21,rand_delta,0,482,0.7556,113190,0
scale_31x21,rand_delta,0,483,0.7556,113193,0
scale_31x21,rand_delta,0,484,0.7556,113206,0
scale_31x21,rand_delta,0,485,0.7746,113341,0
scale_31x21,rand_delta,0,486,0.7714,113359,0
scale_31x21,rand_delta,0,487,0.7714,113401,0
scale_31x21,rand_delta,0,488,0.7714,113417,0
scale_31x21,rand_delta,0,489,0.7111,114017,0
scale_31x21,rand_delta,0,490,0.7206,114042,0
scale_31x21,rand_delta,0,491,0.7175,114083,0
scale_31x21,rand_delta,0,492,0.7048,114683,0
scale_31x21,rand_delta,0,493,0.6762,115283,0
scale_31x21,rand_delta,0,494,0.7079,115338,0
scale_31x21,rand_delta,0,495,0.7206,115363,0
scale_31x21,rand_delta,0,496,0.7302,115956,0
scale_31x21,rand_delta,0,497,0.7333,115995,0
scale_31x21,rand_delta,0,498,0.7365,116028,0
scale_31x21,rand_delta,0,499,0.7365,116045,0
scale_31x21,rand_delta,0,500,0.7397,116096,0
scale_31x21,rand_delta,0,501,0.7397,116107,0
scale_31x21,rand_delta,0,502,0.6762,116707,0
scale_31x21,rand_delta,0,503,0.6762,116713,0
scale_31x21,rand_delta,0,504,0.6889,116722,0
scale_31x21,rand_delta,0,505,0.7143,116739,0
scale_31x21,rand_delta,0,506,0.7238,116761,0
scale_31x21,rand_delta,0,507,0.7270,116795,0
scale_31x21,rand_delta,0,508,0.7365,117395,0
scale_31x21,rand_delta,0,509,0.7460,117445,0
scale_31x21,rand_delta,0,510,0.7492,118045,0
scale_31x21,rand_delta,0,511,0.7333,118645,0
scale_31x21,rand_delta,0,512,0.7333,118666,0
scale_31x21,rand_delta,0,513,0.7492,118691,0
scale_31x21,rand_delta,0,514,0.7365,119291,0
scale_31x21,rand_delta,0,515,0.7365,119348,0
scale_31x21,rand_delta,0,516,0.7079,119948,0
scale_31x21,rand_delta,0,517,0.7333,120001,0
scale_31x21,rand_delta,0,518,0.7460,120024,0
scale_31x21,rand_delta,0,519,0.7460,120031,0
scale_31x21,rand_delta,0,520,0.7651,120078,0
scale_31x21,rand_delta,0,521,0.7397,120678,0
scale_31x21,rand_delta,0,522,0.7397,120685,0
scale_31x21,rand_delta,0,523,0.7492,120718,0
scale_31x21,rand_delta,0,524,0.6984,121318,0
scale_31x21,rand_delta,0,525,0.6889,121918,0
scale_31x21,rand_delta,0,526,0.7111,121952,0
scale_31x21,rand_delta,0,527,0.7524,122552,0
scale_31x21,rand_delta,0,528,0.7492,122623,0
scale_31x21,rand_delta,0,529,0.7524,122772,0
scale_31x21,rand_delta,0,530,0.6444,123372,0
scale_31x21,rand_delta,0,531,0.7333,123972,0
scale_31x21,rand_delta,0,532,0.7333,123983,0
scale_31x21,rand_delta,0,533,0.7524,124035,0
scale_31x21,rand_delta,0,534,0.7524,124043,0
scale_31x21,rand_delta,0,535,0.7556,124084,0
scale_31x21,rand_delta,0,536,0.7556,124684,0
scale_31x21,rand_delta,0,537,0.7556,124742,0
scale_31x21,rand_delta,0,538,0.7587,124765,0
scale_31x21,rand_delta,0,539,0.7587,124780,0
scale_31x21,rand_delta,0,540,0.7587,124808,0
scale_31x21,rand_delta,0,541,0.6794,125408,0
scale_31x21,rand_delta,0,542,0.7079,125443,0
scale_31x21,rand_delta,0,543,0.7333,125524,0
scale_31x21,rand_delta,0,544,0.7429,126124,0
scale_31x21,rand_delta,0,545,0.7365,126724,0
scale_31x21,rand_delta,0,546,0.7460,126754,0
scale_31x21,rand_delta,0,547,0.7460,126821,0
scale_31x21,rand_delta,0,548,0.7429,127421,0
scale_31x21,rand_delta,0,549,0.7429,127451,0
scale_31x21,rand_delta,0,550,0.7397,127460,0
scale_31x21,rand_delta,0,551,0.7270,128060,0
scale_31x21,rand_delta,0,552,0.7460,128660,0
scale_31x21,rand_delta,0,553,0.7302,129260,0
scale_31x21,rand_delta,0,554,0.7333,129320,0
scale_31x21,rand_delta,0,555,0.6952,129920,0
scale_31x21,rand_delta,0,556,0.7238,129950,0
scale_31x21,rand_delta,0,557,0.7397,129977,0
scale_31x21,rand_delta,0,558,0.7524,130027,0
scale_31x21,rand_delta,0,559,0.7556,130083,0
scale_31x21,rand_delta,0,560,0.7333,130683,0
scale_31x21,rand_delta,0,561,0.7429,130728,0
scale_31x21,rand_delta,0,562,0.7397,130763,0
scale_31x21,rand_delta,0,563,0.7302,131363,0
scale_31x21,rand_delta,0,564,0.7175,131963,0
scale_31x21,rand_delta,0,565,0.7175,131998,0
scale_31x21,rand_delta,0,566,0.7270,132030,0
scale_31x21,rand_delta,0,567,0.7238,132083,0
scale_31x21,rand_delta,0,568,0.7238,132110,0
scale_31x21,rand_delta,0,569,0.7238,132127,0
scale_31x21,rand_delta,0,570,0.7556,132259,0
scale_31x21,rand_delta,0,571,0.7556,132267,0
scale_31x21,rand_delta,0,572,0.7556,132283,0
scale_31x21,rand_delta,0,573,0.7556,132313,0
scale_31x21,rand_delta,0,574,0.7524,132913,0
scale_31x21,rand_delta,0,575,0.7556,132927,0
scale_31x21,rand_delta,0,576,0.7587,132975,0
scale_31x21,rand_delta,0,577,0.7619,133011,0
scale_31x21,rand_delta,0,578,0.7619,133025,0
scale_31x21,rand_delta,0,579,0.7429,133625,0
scale_31x21,rand_delta,0,580,0.7460,133640,0
scale_31x21,rand_delta,0,581,0.7429,133661,0
scale_31x21,rand_delta,0,582,0.7492,133695,0
scale_31x21,rand_delta,0,583,0.7524,134295,0
scale_31x21,rand_delta,0,584,0.7492,134337,0
scale_31x21,rand_delta,0,585,0.7524,134378,0
scale_31x21,rand_delta,0,586,0.7587,134430,0
scale_31x21,rand_delta,0,587,0.7524,134594,0
scale_31x21,rand_delta,0,588,0.7492,134627,0
scale_31x21,rand_delta,0,589,0.7492,134678,0
scale_31x21,rand_delta,0,590,0.7587,134727,0
scale_31x21,rand_delta,0,591,0.7587,134759,0
scale_31x21,rand_delta,0,592,0.7619,134804,0
scale_31x21,rand_delta,0,593,0.7587,134816,0
scale_31x21,rand_delta,0,594,0.7587,134840,0
scale_31x21,rand_delta,0,595,0.7556,134887,0
scale_31x21,rand_delta,0,596,0.7556,134897,0
scale_31x21,rand_delta,0,597,0.7556,134899,0
scale_31x21,rand_delta,0,598,0.7556,134918,0
scale_31x21,rand_delta,0,599,0.7587,134960,0
scale_31x21,kc_delta,1,0,0.3111,600,0
scale_31x21,kc_delta,1,1,0.3556,913,0
scale_31x21,kc_delta,1,2,0.3556,919,0
scale_31x21,kc_delta,1,3,0.3429,1519,0
scale_31x21,kc_delta,1,4,0.3778,1805,0
scale_31x21,kc_delta,1,5,0.3619,2405,0
scale_31x21,kc_delta,1,6,0.3714,3005,0
scale_31x21,kc_delta,1,7,0.3587,3407,0
scale_31x21,kc_delta,1,8,0.3333,3995,0
scale_31x21,kc_delta,1,9,0.3238,4088,0
scale_31x21,kc_delta,1,10,0.3651,4688,0
scale_31x21,kc_delta,1,11,0.3841,5288,0
scale_31x21,kc_delta,1,12,0.3683,5888,0
scale_31x21,kc_delta,1,13,0.3810,6488,0
scale_31x21,kc_delta,1,14,0.3905,7088,0
scale_31x21,kc_delta,1,15,0.3651,7563,0
scale_31x21,kc_delta,1,16,0.4159,7781,0
scale_31x21,kc_delta,1,17,0.4508,7959,0
scale_31x21,kc_delta,1,18,0.3651,8559,0
scale_31x21,kc_delta,1,19,0.4190,8835,0
scale_31x21,kc_delta,1,20,0.4032,9435,0
scale_31x21,kc_delta,1,21,0.3778,10035,0
scale_31x21,kc_delta,1,22,0.3810,10070,0
scale_31x21,kc_delta,1,23,0.3841,10107,0
scale_31x21,kc_delta,1,24,0.3968,10644,0
scale_31x21,kc_delta,1,25,0.3905,10682,0
scale_31x21,kc_delta,1,26,0.3905,10843,0
scale_31x21,kc_delta,1,27,0.3905,11199,0
scale_31x21,kc_delta,1,28,0.4222,11799,0
scale_31x21,kc_delta,1,29,0.3778,12399,0
scale_31x21,kc_delta,1,30,0.3810,12999,0
scale_31x21,kc_delta,1,31,0.4063,13166,0
scale_31x21,kc_delta,1,32,0.3651,13386,0
scale_31x21,kc_delta,1,33,0.3460,13986,0
scale_31x21,kc_delta,1,34,0.3841,14586,0
scale_31x21,kc_delta,1,35,0.4063,15186,0
scale_31x21,kc_delta,1,36,0.4063,15786,0
scale_31x21,kc_delta,1,37,0.4349,16386,0
scale_31x21,kc_delta,1,38,0.4381,16664,0
scale_31x21,kc_delta,1,39,0.4508,17264,0
scale_31x21,kc_delta,1,40,0.4571,17464,0
scale_31x21,kc_delta,1,41,0.4730,18064,0
scale_31x21,kc_delta,1,42,0.4413,18260,0
scale_31x21,kc_delta,1,43,0.4635,18860,0
scale_31x21,kc_delta,1,44,0.4635,18861,0
scale_31x21,kc_delta,1,45,0.4571,18928,0
scale_31x21,kc_delta,1,46,0.4635,19528,0
scale_31x21,kc_delta,1,47,0.4349,20128,0
scale_31x21,kc_delta,1,48,0.4698,20235,0
scale_31x21,kc_delta,1,49,0.4794,20245,0
scale_31x21,kc_delta,1,50,0.3968,20845,0
scale_31x21,kc_delta,1,51,0.4286,21445,0
scale_31x21,kc_delta,1,52,0.4190,22045,0
scale_31x21,kc_delta,1,53,0.4222,22645,0
scale_31x21,kc_delta,1,54,0.4063,23069,0
scale_31x21,kc_delta,1,55,0.4381,23420,0
scale_31x21,kc_delta,1,56,0.4603,23984,0
scale_31x21,kc_delta,1,57,0.4730,24451,0
scale_31x21,kc_delta,1,58,0.4667,24497,0
scale_31x21,kc_delta,1,59,0.4698,24505,0
scale_31x21,kc_delta,1,60,0.4381,25105,0
scale_31x21,kc_delta,1,61,0.4159,25705,0
scale_31x21,kc_delta,1,62,0.4190,26305,0
scale_31x21,kc_delta,1,63,0.4794,26434,0
scale_31x21,kc_delta,1,64,0.4889,27034,0
scale_31x21,kc_delta,1,65,0.4698,27634,0
scale_31x21,kc_delta,1,66,0.4159,28234,0
scale_31x21,kc_delta,1,67,0.4127,28834,0
scale_31x21,kc_delta,1,68,0.4540,29168,0
scale_31x21,kc_delta,1,69,0.4444,29274,0
scale_31x21,kc_delta,1,70,0.4508,29874,0
scale_31x21,kc_delta,1,71,0.4635,30474,0
scale_31x21,kc_delta,1,72,0.4508,31074,0
scale_31x21,kc_delta,1,73,0.4381,31674,0
scale_31x21,kc_delta,1,74,0.4254,32274,0
scale_31x21,kc_delta,1,75,0.4349,32874,0
scale_31x21,kc_delta,1,76,0.4508,32978,0
scale_31x21,kc_delta,1,77,0.4635,33181,0
scale_31x21,kc_delta,1,78,0.4571,33202,0
scale_31x21,kc_delta,1,79,0.4635,33215,0
scale_31x21,kc_delta,1,80,0.4825,33668,0
scale_31x21,kc_delta,1,81,0.4667,34268,0
scale_31x21,kc_delta,1,82,0.4476,34868,0
scale_31x21,kc_delta,1,83,0.4635,35468,0
scale_31x21,kc_delta,1,84,0.4667,36068,0
scale_31x21,kc_delta,1,85,0.4730,36668,0
scale_31x21,kc_delta,1,86,0.4667,37268,0
scale_31x21,kc_delta,1,87,0.4635,37868,0
scale_31x21,kc_delta,1,88,0.4698,38468,0
scale_31x21,kc_delta,1,89,0.4444,39068,0
scale_31x21,kc_delta,1,90,0.4667,39138,0
scale_31x21,kc_delta,1,91,0.4889,39738,0
scale_31x21,kc_delta,1,92,0.4921,39741,0
scale_31x21,kc_delta,1,93,0.4889,40341,0
scale_31x21,kc_delta,1,94,0.4857,40347,0
scale_31x21,kc_delta,1,95,0.4952,40375,0
scale_31x21,kc_delta,1,96,0.4921,40975,0
scale_31x21,kc_delta,1,97,0.5079,40998,0
scale_31x21,kc_delta,1,98,0.4984,41417,0
scale_31x21,kc_delta,1,99,0.5016,42017,0
scale_31x21,kc_delta,1,100,0.5143,42494,0
scale_31x21,kc_delta,1,101,0.4762,43094,0
scale_31x21,kc_delta,1,102,0.5270,43232,0
scale_31x21,kc_delta,1,103,0.5175,43832,0
scale_31x21,kc_delta,1,104,0.5048,44307,0
scale_31x21,kc_delta,1,105,0.4667,44907,0
scale_31x21,kc_delta,1,106,0.4698,45507,0
scale_31x21,kc_delta,1,107,0.4698,46107,0
scale_31x21,kc_delta,1,108,0.4825,46707,0
scale_31x21,kc_delta,1,109,0.4571,47307,0
scale_31x21,kc_delta,1,110,0.4476,47907,0
scale_31x21,kc_delta,1,111,0.4794,48178,0
scale_31x21,kc_delta,1,112,0.4889,48218,0
scale_31x21,kc_delta,1,113,0.4857,48265,0
scale_31x21,kc_delta,1,114,0.4857,48324,0
scale_31x21,kc_delta,1,115,0.4825,48924,0
scale_31x21,kc_delta,1,116,0.4730,49524,0
scale_31x21,kc_delta,1,117,0.4667,49547,0
scale_31x21,kc_delta,1,118,0.4349,50147,0
scale_31x21,kc_delta,1,119,0.4159,50237,0
scale_31x21,kc_delta,1,120,0.4190,50510,0
scale_31x21,kc_delta,1,121,0.4222,51110,0
scale_31x21,kc_delta,1,122,0.4159,51710,0
scale_31x21,kc_delta,1,123,0.4317,52310,0
scale_31x21,kc_delta,1,124,0.4413,52910,0
scale_31x21,kc_delta,1,125,0.4540,53510,0
scale_31x21,kc_delta,1,126,0.4571,53664,0
scale_31x21,kc_delta,1,127,0.4476,54264,0
scale_31x21,kc_delta,1,128,0.4540,54864,0
scale_31x21,kc_delta,1,129,0.4540,55064,0
scale_31x21,kc_delta,1,130,0.4540,55095,0
scale_31x21,kc_delta,1,131,0.4444,55695,0
scale_31x21,kc_delta,1,132,0.4444,56295,0
scale_31x21,kc_delta,1,133,0.4222,56895,0
scale_31x21,kc_delta,1,134,0.4286,57066,0
scale_31x21,kc_delta,1,135,0.4159,57666,0
scale_31x21,kc_delta,1,136,0.4222,57699,0
scale_31x21,kc_delta,1,137,0.4190,57753,0
scale_31x21,kc_delta,1,138,0.4444,57924,0
scale_31x21,kc_delta,1,139,0.4540,57933,0
scale_31x21,kc_delta,1,140,0.4444,58533,0
scale_31x21,kc_delta,1,141,0.4413,59133,0
scale_31x21,kc_delta,1,142,0.4349,59733,0
scale_31x21,kc_delta,1,143,0.4508,59808,0
scale_31x21,kc_delta,1,144,0.4476,59814,0
scale_31x21,kc_delta,1,145,0.4381,60414,0
scale_31x21,kc_delta,1,146,0.4413,61014,0
scale_31x21,kc_delta,1,147,0.4286,61614,0
scale_31x21,kc_delta,1,148,0.4317,62214,0
scale_31x21,kc_delta,1,149,0.4286,62814,0
scale_31x21,kc_delta,1,150,0.4159,63414,0
scale_31x21,kc_delta,1,151,0.4286,63652,0
scale_31x21,kc_delta,1,152,0.4349,64252,0
scale_31x21,kc_delta,1,153,0.4317,64852,0
scale_31x21,kc_delta,1,154,0.4190,65148,0
scale_31x21,kc_delta,1,155,0.4286,65748,0
scale_31x21,kc_delta,1,156,0.4349,65804,0
scale_31x21,kc_delta,1,157,0.4349,65867,0
scale_31x21,kc_delta,1,158,0.4349,65890,0
scale_31x21,kc_delta,1,159,0.4159,66490,0
scale_31x21,kc_delta,1,160,0.4254,67090,0
scale_31x21,kc_delta,1,161,0.4190,67129,0
scale_31x21,kc_delta,1,162,0.4286,67729,0
scale_31x21,kc_delta,1,163,0.4413,68329,0
scale_31x21,kc_delta,1,164,0.4603,68929,0
scale_31x21,kc_delta,1,165,0.4571,69529,0
scale_31x21,kc_delta,1,166,0.4444,69586,0
scale_31x21,kc_delta,1,167,0.4476,70186,0
scale_31x21,kc_delta,1,168,0.4444,70786,0
scale_31x21,kc_delta,1,169,0.4730,71386,0
scale_31x21,kc_delta,1,170,0.4603,71392,0
scale_31x21,kc_delta,1,171,0.4952,71526,0
scale_31x21,kc_delta,1,172,0.4794,71581,0
scale_31x21,kc_delta,1,173,0.4730,71630,0
scale_31x21,kc_delta,1,174,0.4952,72230,0
scale_31x21,kc_delta,1,175,0.4921,72369,0
scale_31x21,kc_delta,1,176,0.4921,72969,0
scale_31x21,kc_delta,1,177,0.4921,73569,0
scale_31x21,kc_delta,1,178,0.5016,74169,0
scale_31x21,kc_delta,1,179,0.4984,74769,0
scale_31x21,kc_delta,1,180,0.4952,74871,0
scale_31x21,kc_delta,1,181,0.4921,75471,0
scale_31x21,kc_delta,1,182,0.4857,76071,0
scale_31x21,kc_delta,1,183,0.4698,76671,0
scale_31x21,kc_delta,1,184,0.4571,76709,0
scale_31x21,kc_delta,1,185,0.4667,76778,0
scale_31x21,kc_delta,1,186,0.4730,76791,0
scale_31x21,kc_delta,1,187,0.4571,77391,0
scale_31x21,kc_delta,1,188,0.4635,77991,0
scale_31x21,kc_delta,1,189,0.4603,78591,0
scale_31x21,kc_delta,1,190,0.4317,79191,0
scale_31x21,kc_delta,1,191,0.4476,79791,0
scale_31x21,kc_delta,1,192,0.4349,80391,0
scale_31x21,kc_delta,1,193,0.4349,80991,0
scale_31x21,kc_delta,1,194,0.4857,81172,0
scale_31x21,kc_delta,1,195,0.4444,81772,0
scale_31x21,kc_delta,1,196,0.4667,81816,0
scale_31x21,kc_delta,1,197,0.4889,82416,0
scale_31x21,kc_delta,1,198,0.4794,83016,0
scale_31x21,kc_delta,1,199,0.4635,83616,0
scale_31x21,kc_delta,1,200,0.4762,84216,0
scale_31x21,kc_delta,1,201,0.4540,84816,0
scale_31x21,kc_delta,1,202,0.4571,85416,0
scale_31x21,kc_delta,1,203,0.4635,86016,0
scale_31x21,kc_delta,1,204,0.4540,86616,0
scale_31x21,kc_delta,1,205,0.4571,87216,0
scale_31x21,kc_delta,1,206,0.4222,87816,0
scale_31x21,kc_delta,1,207,0.4063,88416,0
scale_31x21,kc_delta,1,208,0.4222,89016,0
scale_31x21,kc_delta,1,209,0.4476,89616,0
scale_31x21,kc_delta,1,210,0.4349,90216,0
scale_31x21,kc_delta,1,211,0.4571,90342,0
scale_31x21,kc_delta,1,212,0.4635,90437,0
scale_31x21,kc_delta,1,213,0.4667,91037,0
scale_31x21,kc_delta,1,214,0.4730,91085,0
scale_31x21,kc_delta,1,215,0.4540,91685,0
scale_31x21,kc_delta,1,216,0.4603,92285,0
scale_31x21,kc_delta,1,217,0.4540,92885,0
scale_31x21,kc_delta,1,218,0.4730,93485,0
scale_31x21,kc_delta,1,219,0.4635,94085,0
scale_31x21,kc_delta,1,220,0.4190,94685,0
scale_31x21,kc_delta,1,221,0.4476,95285,0
scale_31x21,kc_delta,1,222,0.4635,95341,0
scale_31x21,kc_delta,1,223,0.4635,95941,0
scale_31x21,kc_delta,1,224,0.4984,96541,0
scale_31x21,kc_delta,1,225,0.4889,97141,0
scale_31x21,kc_delta,1,226,0.4984,97741,0
scale_31x21,kc_delta,1,227,0.5048,98341,0
scale_31x21,kc_delta,1,228,0.4825,98941,0
scale_31x21,kc_delta,1,229,0.4730,99541,0
scale_31x21,kc_delta,1,230,0.5206,100141,0
scale_31x21,kc_delta,1,231,0.5048,100741,0
scale_31x21,kc_delta,1,232,0.4603,101341,0
scale_31x21,kc_delta,1,233,0.4698,101941,0
scale_31x21,kc_delta,1,234,0.4190,102541,0
scale_31x21,kc_delta,1,235,0.4730,102706,0
scale_31x21,kc_delta,1,236,0.4984,103306,0
scale_31x21,kc_delta,1,237,0.4794,103906,0
scale_31x21,kc_delta,1,238,0.4825,104506,0
scale_31x21,kc_delta,1,239,0.4857,104534,0
scale_31x21,kc_delta,1,240,0.5111,104586,0
scale_31x21,kc_delta,1,241,0.5016,104765,0
scale_31x21,kc_delta,1,242,0.4984,105365,0
scale_31x21,kc_delta,1,243,0.4921,105374,0
scale_31x21,kc_delta,1,244,0.4889,105974,0
scale_31x21,kc_delta,1,245,0.4889,106574,0
scale_31x21,kc_delta,1,246,0.5079,106648,0
scale_31x21,kc_delta,1,247,0.4857,107248,0
scale_31x21,kc_delta,1,248,0.4952,107848,0
scale_31x21,kc_delta,1,249,0.5016,108448,0
scale_31x21,kc_delta,1,250,0.4921,109048,0
scale_31x21,kc_delta,1,251,0.4921,109648,0
scale_31x21,kc_delta,1,252,0.4984,110248,0
scale_31x21,kc_delta,1,253,0.5016,110848,0
scale_31x21,kc_delta,1,254,0.4698,111448,0
scale_31x21,kc_delta,1,255,0.4889,112048,0
scale_31x21,kc_delta,1,256,0.4889,112648,0
scale_31x21,kc_delta,1,257,0.4825,113248,0
scale_31x21,kc_delta,1,258,0.4984,113848,0
scale_31x21,kc_delta,1,259,0.5048,114448,0
scale_31x21,kc_delta,1,260,0.5111,114920,0
scale_31x21,kc_delta,1,261,0.5079,115520,0
scale_31x21,kc_delta,1,262,0.5206,116120,0
scale_31x21,kc_delta,1,263,0.5079,116720,0
scale_31x21,kc_delta,1,264,0.5016,117320,0
scale_31x21,kc_delta,1,265,0.4794,117920,0
scale_31x21,kc_delta,1,266,0.4730,118520,0
scale_31x21,kc_delta,1,267,0.4825,118629,0
scale_31x21,kc_delta,1,268,0.4730,119229,0
scale_31x21,kc_delta,1,269,0.4889,119494,0
scale_31x21,kc_delta,1,270,0.4889,119531,0
scale_31x21,kc_delta,1,271,0.4984,120131,0
scale_31x21,kc_delta,1,272,0.4921,120570,0
scale_31x21,kc_delta,1,273,0.5048,121170,0
scale_31x21,kc_delta,1,274,0.5079,121198,0
scale_31x21,kc_delta,1,275,0.5048,121209,0
scale_31x21,kc_delta,1,276,0.5111,121534,0
scale_31x21,kc_delta,1,277,0.5079,121562,0
scale_31x21,kc_delta,1,278,0.4730,122162,0
scale_31x21,kc_delta,1,279,0.4825,122209,0
scale_31x21,kc_delta,1,280,0.5016,122809,0
scale_31x21,kc_delta,1,281,0.5111,123409,0
scale_31x21,kc_delta,1,282,0.4984,124009,0
scale_31x21,kc_delta,1,283,0.5079,124049,0
scale_31x21,kc_delta,1,284,0.5048,124065,0
scale_31x21,kc_delta,1,285,0.5048,124665,0
scale_31x21,kc_delta,1,286,0.5079,124668,0
scale_31x21,kc_delta,1,287,0.5048,125268,0
scale_31x21,kc_delta,1,288,0.5048,125276,0
scale_31x21,kc_delta,1,289,0.5016,125549,0
scale_31x21,kc_delta,1,290,0.5048,125566,0
scale_31x21,kc_delta,1,291,0.5143,125686,0
scale_31x21,kc_delta,1,292,0.5238,125719,0
scale_31x21,kc_delta,1,293,0.5143,125735,0
scale_31x21,kc_delta,1,294,0.5016,126335,0
scale_31x21,kc_delta,1,295,0.5270,126546,0
scale_31x21,kc_delta,1,296,0.5048,127146,0
scale_31x21,kc_delta,1,297,0.5111,127746,0
scale_31x21,kc_delta,1,298,0.5016,128346,0
scale_31x21,kc_delta,1,299,0.5111,128946,0
scale_31x21,kc_delta,1,300,0.5079,129546,0
scale_31x21,kc_delta,1,301,0.5206,130146,0
scale_31x21,kc_delta,1,302,0.5333,130746,0
scale_31x21,kc_delta,1,303,0.5333,131346,0
scale_31x21,kc_delta,1,304,0.5143,131946,0
scale_31x21,kc_delta,1,305,0.5143,132546,0
scale_31x21,kc_delta,1,306,0.5175,133146,0
scale_31x21,kc_delta,1,307,0.5238,133202,0
scale_31x21,kc_delta,1,308,0.5333,133265,0
scale_31x21,kc_delta,1,309,0.5270,133865,0
scale_31x21,kc_delta,1,310,0.5365,134465,0
scale_31x21,kc_delta,1,311,0.5429,134526,0
scale_31x21,kc_delta,1,312,0.5397,135126,0
scale_31x21,kc_delta,1,313,0.5302,135310,0
scale_31x21,kc_delta,1,314,0.5397,135910,0
scale_31x21,kc_delta,1,315,0.5492,135952,0
scale_31x21,kc_delta,1,316,0.4952,136552,0
scale_31x21,kc_delta,1,317,0.5143,137152,0
scale_31x21,kc_delta,1,318,0.5079,137177,0
scale_31x21,kc_delta,1,319,0.5333,137195,0
scale_31x21,kc_delta,1,320,0.5492,137360,0
scale_31x21,kc_delta,1,321,0.5429,137441,0
scale_31x21,kc_delta,1,322,0.5492,138041,0
scale_31x21,kc_delta,1,323,0.5587,138070,0
scale_31x21,kc_delta,1,324,0.5143,138670,0
scale_31x21,kc_delta,1,325,0.4984,139270,0
scale_31x21,kc_delta,1,326,0.5206,139870,0
scale_31x21,kc_delta,1,327,0.5397,140470,0
scale_31x21,kc_delta,1,328,0.5270,141070,0
scale_31x21,kc_delta,1,329,0.4984,141670,0
scale_31x21,kc_delta,1,330,0.5206,142270,0
scale_31x21,kc_delta,1,331,0.5302,142291,0
scale_31x21,kc_delta,1,332,0.5238,142497,0
scale_31x21,kc_delta,1,333,0.5079,143097,0
scale_31x21,kc_delta,1,334,0.5079,143697,0
scale_31x21,kc_delta,1,335,0.5238,144059,0
scale_31x21,kc_delta,1,336,0.5333,144139,0
scale_31x21,kc_delta,1,337,0.5175,144739,0
scale_31x21,kc_delta,1,338,0.5016,145339,0
scale_31x21,kc_delta,1,339,0.4921,145939,0
scale_31x21,kc_delta,1,340,0.4984,145945,0
scale_31x21,kc_delta,1,341,0.5048,146545,0
scale_31x21,kc_delta,1,342,0.5016,147145,0
scale_31x21,kc_delta,1,343,0.5175,147745,0
scale_31x21,kc_delta,1,344,0.5111,148345,0
scale_31x21,kc_delta,1,345,0.5175,148447,0
scale_31x21,kc_delta,1,346,0.5048,148585,0
scale_31x21,kc_delta,1,347,0.4984,149185,0
scale_31x21,kc_delta,1,348,0.4921,149785,0
scale_31x21,kc_delta,1,349,0.5048,149820,0
scale_31x21,kc_delta,1,350,0.5143,150420,0
scale_31x21,kc_delta,1,351,0.5016,151020,0
scale_31x21,kc_delta,1,352,0.5143,151056,0
scale_31x21,kc_delta,1,353,0.5270,151081,0
scale_31x21,kc_delta,1,354,0.5238,151095,0
scale_31x21,kc_delta,1,355,0.5333,151113,0
scale_31x21,kc_delta,1,356,0.5270,151713,0
scale_31x21,kc_delta,1,357,0.5111,152313,0
scale_31x21,kc_delta,1,358,0.5016,152913,0
scale_31x21,kc_delta,1,359,0.4889,153513,0
scale_31x21,kc_delta,1,360,0.5048,153599,0
scale_31x21,kc_delta,1,361,0.5175,154199,0
scale_31x21,kc_delta,1,362,0.5270,154799,0
scale_31x21,kc_delta,1,363,0.5302,154880,0
scale_31x21,kc_delta,1,364,0.5206,155480,0
scale_31x21,kc_delta,1,365,0.5270,155509,0
scale_31x21,kc_delta,1,366,0.5333,156109,0
scale_31x21,kc_delta,1,367,0.5365,156709,0
scale_31x21,kc_delta,1,368,0.5333,156726,0
scale_31x21,kc_delta,1,369,0.5206,157326,0
scale_31x21,kc_delta,1,370,0.5238,157330,0
scale_31x21,kc_delta,1,371,0.5365,157930,0
scale_31x21,kc_delta,1,372,0.5143,158530,0
scale_31x21,kc_delta,1,373,0.5333,158728,0
scale_31x21,kc_delta,1,374,0.5397,158897,0
scale_31x21,kc_delta,1,375,0.5238,159497,0
scale_31x21,kc_delta,1,376,0.5206,159539,0
scale_31x21,kc_delta,1,377,0.5206,159561,0
scale_31x21,kc_delta,1,378,0.5397,159661,0
scale_31x21,kc_delta,1,379,0.5714,160261,0
scale_31x21,kc_delta,1,380,0.5683,160274,0
scale_31x21,kc_delta,1,381,0.5683,160874,0
scale_31x21,kc_delta,1,382,0.5651,160930,0
scale_31x21,kc_delta,1,383,0.5524,161530,0
scale_31x21,kc_delta,1,384,0.5556,161563,0
scale_31x21,kc_delta,1,385,0.5333,162163,0
scale_31x21,kc_delta,1,386,0.5270,162763,0
scale_31x21,kc_delta,1,387,0.5270,163363,0
scale_31x21,kc_delta,1,388,0.5206,163963,0
scale_31x21,kc_delta,1,389,0.4603,164563,0
scale_31x21,kc_delta,1,390,0.5111,164936,0
scale_31x21,kc_delta,1,391,0.5016,165536,0
scale_31x21,kc_delta,1,392,0.4921,166136,0
scale_31x21,kc_delta,1,393,0.4952,166137,0
scale_31x21,kc_delta,1,394,0.4921,166737,0
scale_31x21,kc_delta,1,395,0.4762,167337,0
scale_31x21,kc_delta,1,396,0.5365,167576,0
scale_31x21,kc_delta,1,397,0.5429,167735,0
scale_31x21,kc_delta,1,398,0.5270,168335,0
scale_31x21,kc_delta,1,399,0.5302,168935,0
scale_31x21,kc_delta,1,400,0.5429,169535,0
scale_31x21,kc_delta,1,401,0.5397,169549,0
scale_31x21,kc_delta,1,402,0.5556,170149,0
scale_31x21,kc_delta,1,403,0.5302,170749,0
scale_31x21,kc_delta,1,404,0.5175,171349,0
scale_31x21,kc_delta,1,405,0.5302,171524,0
scale_31x21,kc_delta,1,406,0.5143,172124,0
scale_31x21,kc_delta,1,407,0.5365,172251,0
scale_31x21,kc_delta,1,408,0.5270,172587,0
scale_31x21,kc_delta,1,409,0.5429,173187,0
scale_31x21,kc_delta,1,410,0.5397,173257,0
scale_31x21,kc_delta,1,411,0.5429,173283,0
scale_31x21,kc_delta,1,412,0.5175,173883,0
scale_31x21,kc_delta,1,413,0.5238,174483,0
scale_31x21,kc_delta,1,414,0.5302,175083,0
scale_31x21,kc_delta,1,415,0.5175,175683,0
scale_31x21,kc_delta,1,416,0.5238,175715,0
scale_31x21,kc_delta,1,417,0.5365,176315,0
scale_31x21,kc_delta,1,418,0.5016,176915,0
scale_31x21,kc_delta,1,419,0.5079,177515,0
scale_31x21,kc_delta,1,420,0.5175,178115,0
scale_31x21,kc_delta,1,421,0.5206,178164,0
scale_31x21,kc_delta,1,422,0.5270,178208,0
scale_31x21,kc_delta,1,423,0.5175,178808,0
scale_31x21,kc_delta,1,424,0.5270,179039,0
scale_31x21,kc_delta,1,425,0.5333,179639,0
scale_31x21,kc_delta,1,426,0.5206,180239,0
scale_31x21,kc_delta,1,427,0.5111,180839,0
scale_31x21,kc_delta,1,428,0.5143,180855,0
scale_31x21,kc_delta,1,429,0.5048,181455,0
scale_31x21,kc_delta,1,430,0.5048,181564,0
scale_31x21,kc_delta,1,431,0.5048,181584,0
scale_31x21,kc_delta,1,432,0.5365,181623,0
scale_31x21,kc_delta,1,433,0.5143,182223,0
scale_31x21,kc_delta,1,434,0.5111,182318,0
scale_31x21,kc_delta,1,435,0.4984,182918,0
scale_31x21,kc_delta,1,436,0.5143,183518,0
scale_31x21,kc_delta,1,437,0.5143,183553,0
scale_31x21,kc_delta,1,438,0.5429,184153,0
scale_31x21,kc_delta,1,439,0.5429,184332,0
scale_31x21,kc_delta,1,440,0.5270,184932,0
scale_31x21,kc_delta,1,441,0.5397,184954,0
scale_31x21,kc_delta,1,442,0.5175,185554,0
scale_31x21,kc_delta,1,443,0.5175,186154,0
scale_31x21,kc_delta,1,444,0.5302,186217,0
scale_31x21,kc_delta,1,445,0.5333,186817,0
scale_31x21,kc_delta,1,446,0.5048,187417,0
scale_31x21,kc_delta,1,447,0.5143,187453,0
scale_31x21,kc_delta,1,448,0.5048,188053,0
scale_31x21,kc_delta,1,449,0.5270,188653,0
scale_31x21,kc_delta,1,450,0.5302,188677,0
scale_31x21,kc_delta,1,451,0.5365,189277,0
scale_31x21,kc_delta,1,452,0.5429,189877,0
scale_31x21,kc_delta,1,453,0.5397,190398,0
scale_31x21,kc_delta,1,454,0.5651,190627,0
scale_31x21,kc_delta,1,455,0.5524,190701,0
scale_31x21,kc_delta,1,456,0.5524,190702,0
scale_31x21,kc_delta,1,457,0.5587,190734,0
scale_31x21,kc_delta,1,458,0.5651,190792,0
scale_31x21,kc_delta,1,459,0.5619,190803,0
scale_31x21,kc_delta,1,460,0.5714,191403,0
scale_31x21,kc_delta,1,461,0.5397,192003,0
scale_31x21,kc_delta,1,462,0.5492,192028,0
scale_31x21,kc_delta,1,463,0.5429,192034,0
scale_31x21,kc_delta,1,464,0.5524,192634,0
scale_31x21,kc_delta,1,465,0.5524,192649,0
scale_31x21,kc_delta,1,466,0.5524,192669,0
scale_31x21,kc_delta,1,467,0.5397,193269,0
scale_31x21,kc_delta,1,468,0.5429,193869,0
scale_31x21,kc_delta,1,469,0.5333,193969,0
scale_31x21,kc_delta,1,470,0.5333,194569,0
scale_31x21,kc_delta,1,471,0.5651,194705,0
scale_31x21,kc_delta,1,472,0.5397,195305,0
scale_31x21,kc_delta,1,473,0.5460,195905,0
scale_31x21,kc_delta,1,474,0.5429,196505,0
scale_31x21,kc_delta,1,475,0.5333,196643,0
scale_31x21,kc_delta,1,476,0.5397,197243,0
scale_31x21,kc_delta,1,477,0.5365,197843,0
scale_31x21,kc_delta,1,478,0.5397,198443,0
scale_31x21,kc_delta,1,479,0.5429,198463,0
scale_31x21,kc_delta,1,480,0.5302,199063,0
scale_31x21,kc_delta,1,481,0.5270,199663,0
scale_31x21,kc_delta,1,482,0.5397,200263,0
scale_31x21,kc_delta,1,483,0.5270,200863,0
scale_31x21,kc_delta,1,484,0.5397,201463,0
scale_31x21,kc_delta,1,485,0.5429,202063,0
scale_31x21,kc_delta,1,486,0.5333,202081,0
scale_31x21,kc_delta,1,487,0.5365,202681,0
scale_31x21,kc_delta,1,488,0.5302,203281,0
scale_31x21,kc_delta,1,489,0.5333,203314,0
scale_31x21,kc_delta,1,490,0.5302,203340,0
scale_31x21,kc_delta,1,491,0.5492,203872,0
scale_31x21,kc_delta,1,492,0.5016,204472,0
scale_31x21,kc_delta,1,493,0.5397,204523,0
scale_31x21,kc_delta,1,494,0.5238,205123,0
scale_31x21,kc_delta,1,495,0.5365,205158,0
scale_31x21,kc_delta,1,496,0.5333,205758,0
scale_31x21,kc_delta,1,497,0.5651,205814,0
scale_31x21,kc_delta,1,498,0.5524,206414,0
scale_31x21,kc_delta,1,499,0.5429,207014,0
scale_31x21,kc_delta,1,500,0.5714,207057,0
scale_31x21,kc_delta,1,501,0.5492,207657,0
scale_31x21,kc_delta,1,502,0.5302,208257,0
scale_31x21,kc_delta,1,503,0.5397,208857,0
scale_31x21,kc_delta,1,504,0.5460,208867,0
scale_31x21,kc_delta,1,505,0.5270,209467,0
scale_31x21,kc_delta,1,506,0.5175,210067,0
scale_31x21,kc_delta,1,507,0.5333,210667,0
scale_31x21,kc_delta,1,508,0.5397,211267,0
scale_31x21,kc_delta,1,509,0.5365,211867,0
scale_31x21,kc_delta,1,510,0.5333,211883,0
scale_31x21,kc_delta,1,511,0.5365,212483,0
scale_31x21,kc_delta,1,512,0.5333,213083,0
scale_31x21,kc_delta,1,513,0.5365,213683,0
scale_31x21,kc_delta,1,514,0.5524,214283,0
scale_31x21,kc_delta,1,515,0.5746,214883,0
scale_31x21,kc_delta,1,516,0.5746,214922,0
scale_31x21,kc_delta,1,517,0.5587,215522,0
scale_31x21,kc_delta,1,518,0.5587,215548,0
scale_31x21,kc_delta,1,519,0.5651,216148,0
scale_31x21,kc_delta,1,520,0.5810,216748,0
scale_31x21,kc_delta,1,521,0.5683,217348,0
scale_31x21,kc_delta,1,522,0.5746,217948,0
scale_31x21,kc_delta,1,523,0.5556,218548,0
scale_31x21,kc_delta,1,524,0.5429,219148,0
scale_31x21,kc_delta,1,525,0.5492,219157,0
scale_31x21,kc_delta,1,526,0.5587,219757,0
scale_31x21,kc_delta,1,527,0.5524,219769,0
scale_31x21,kc_delta,1,528,0.5397,220369,0
scale_31x21,kc_delta,1,529,0.5270,220969,0
scale_31x21,kc_delta,1,530,0.5333,221569,0
scale_31x21,kc_delta,1,531,0.5302,222169,0
scale_31x21,kc_delta,1,532,0.5238,222769,0
scale_31x21,kc_delta,1,533,0.5143,223369,0
scale_31x21,kc_delta,1,534,0.5079,223375,0
scale_31x21,kc_delta,1,535,0.5206,223434,0
scale_31x21,kc_delta,1,536,0.5143,224034,0
scale_31x21,kc_delta,1,537,0.5175,224094,0
scale_31x21,kc_delta,1,538,0.5048,224694,0
scale_31x21,kc_delta,1,539,0.4984,225294,0
scale_31x21,kc_delta,1,540,0.5111,225894,0
scale_31x21,kc_delta,1,541,0.5111,226494,0
scale_31x21,kc_delta,1,542,0.5016,226514,0
scale_31x21,kc_delta,1,543,0.5079,227114,0
scale_31x21,kc_delta,1,544,0.5143,227117,0
scale_31x21,kc_delta,1,545,0.5270,227133,0
scale_31x21,kc_delta,1,546,0.5365,227196,0
scale_31x21,kc_delta,1,547,0.5524,227796,0
scale_31x21,kc_delta,1,548,0.5429,228396,0
scale_31x21,kc_delta,1,549,0.5524,228500,0
scale_31x21,kc_delta,1,550,0.5619,229100,0
scale_31x21,kc_delta,1,551,0.5619,229700,0
scale_31x21,kc_delta,1,552,0.5460,230300,0
scale_31x21,kc_delta,1,553,0.5429,230320,0
scale_31x21,kc_delta,1,554,0.5524,230920,0
scale_31x21,kc_delta,1,555,0.5460,231028,0
scale_31x21,kc_delta,1,556,0.5524,231032,0
scale_31x21,kc_delta,1,557,0.5492,231069,0
scale_31x21,kc_delta,1,558,0.5429,231669,0
scale_31x21,kc_delta,1,559,0.5492,231875,0
scale_31x21,kc_delta,1,560,0.5492,232475,0
scale_31x21,kc_delta,1,561,0.5302,233075,0
scale_31x21,kc_delta,1,562,0.5302,233077,0
scale_31x21,kc_delta,1,563,0.5016,233677,0
scale_31x21,kc_delta,1,564,0.5079,233703,0
scale_31x21,kc_delta,1,565,0.5238,233727,0
scale_31x21,kc_delta,1,566,0.5365,234327,0
scale_31x21,kc_delta,1,567,0.5365,234927,0
scale_31x21,kc_delta,1,568,0.5270,235527,0
scale_31x21,kc_delta,1,569,0.5333,236127,0
scale_31x21,kc_delta,1,570,0.5143,236727,0
scale_31x21,kc_delta,1,571,0.5079,237327,0
scale_31x21,kc_delta,1,572,0.5079,237332,0
scale_31x21,kc_delta,1,573,0.5270,237678,0
scale_31x21,kc_delta,1,574,0.5302,237682,0
scale_31x21,kc_delta,1,575,0.5016,238282,0
scale_31x21,kc_delta,1,576,0.5143,238385,0
scale_31x21,kc_delta,1,577,0.5365,238469,0
scale_31x21,kc_delta,1,578,0.5365,239069,0
scale_31x21,kc_delta,1,579,0.5206,239139,0
scale_31x21,kc_delta,1,580,0.5175,239147,0
scale_31x21,kc_delta,1,581,0.5175,239184,0
scale_31x21,kc_delta,1,582,0.5079,239202,0
scale_31x21,kc_delta,1,583,0.5079,239247,0
scale_31x21,kc_delta,1,584,0.5270,239847,0
scale_31x21,kc_delta,1,585,0.5333,240447,0
scale_31x21,kc_delta,1,586,0.5238,240500,0
scale_31x21,kc_delta,1,587,0.5333,240549,0
scale_31x21,kc_delta,1,588,0.5333,240578,0
scale_31x21,kc_delta,1,589,0.5619,241178,0
scale_31x21,kc_delta,1,590,0.5651,241186,0
scale_31x21,kc_delta,1,591,0.5524,241274,0
scale_31x21,kc_delta,1,592,0.5524,241300,0
scale_31x21,kc_delta,1,593,0.5492,241900,0
scale_31x21,kc_delta,1,594,0.5556,242500,0
scale_31x21,kc_delta,1,595,0.5397,243100,0
scale_31x21,kc_delta,1,596,0.5365,243700,0
scale_31x21,kc_delta,1,597,0.5238,244300,0
scale_31x21,kc_delta,1,598,0.5270,244900,0
scale_31x21,kc_delta,1,599,0.5365,244929,0
scale_31x21,rand_delta,1,0,0.3937,600,0
scale_31x21,rand_delta,1,1,0.3937,905,0
scale_31x21,rand_delta,1,2,0.3714,910,0
scale_31x21,rand_delta,1,3,0.4095,1510,0
scale_31x21,rand_delta,1,4,0.4508,1697,0
scale_31x21,rand_delta,1,5,0.3778,2297,0
scale_31x21,rand_delta,1,6,0.4159,2543,0
scale_31x21,rand_delta,1,7,0.4571,2735,0
scale_31x21,rand_delta,1,8,0.4921,2971,0
scale_31x21,rand_delta,1,9,0.4984,3153,0
scale_31x21,rand_delta,1,10,0.4794,3753,0
scale_31x21,rand_delta,1,11,0.5333,4353,0
scale_31x21,rand_delta,1,12,0.5651,4953,0
scale_31x21,rand_delta,1,13,0.4762,5553,0
scale_31x21,rand_delta,1,14,0.5206,5765,0
scale_31x21,rand_delta,1,15,0.5206,5877,0
scale_31x21,rand_delta,1,16,0.5492,5923,0
scale_31x21,rand_delta,1,17,0.5460,5993,0
scale_31x21,rand_delta,1,18,0.5302,6351,0
scale_31x21,rand_delta,1,19,0.5683,6411,0
scale_31x21,rand_delta,1,20,0.5778,6669,0
scale_31x21,rand_delta,1,21,0.5460,7269,0
scale_31x21,rand_delta,1,22,0.5746,7309,0
scale_31x21,rand_delta,1,23,0.5524,7386,0
scale_31x21,rand_delta,1,24,0.6000,7613,0
scale_31x21,rand_delta,1,25,0.6127,7741,0
scale_31x21,rand_delta,1,26,0.5937,7841,0
scale_31x21,rand_delta,1,27,0.6032,7923,0
scale_31x21,rand_delta,1,28,0.5397,8523,0
scale_31x21,rand_delta,1,29,0.5556,9123,0
scale_31x21,rand_delta,1,30,0.5651,9244,0
scale_31x21,rand_delta,1,31,0.5746,9295,0
scale_31x21,rand_delta,1,32,0.5429,9353,0
scale_31x21,rand_delta,1,33,0.6063,9442,0
scale_31x21,rand_delta,1,34,0.6032,9489,0
scale_31x21,rand_delta,1,35,0.6000,9553,0
scale_31x21,rand_delta,1,36,0.5810,10153,0
scale_31x21,rand_delta,1,37,0.5238,10753,0
scale_31x21,rand_delta,1,38,0.5937,10843,0
scale_31x21,rand_delta,1,39,0.5873,10932,0
scale_31x21,rand_delta,1,40,0.5810,11017,0
scale_31x21,rand_delta,1,41,0.5175,11617,0
scale_31x21,rand_delta,1,42,0.5556,11715,0
scale_31x21,rand_delta,1,43,0.5556,11818,0
scale_31x21,rand_delta,1,44,0.5587,11819,0
scale_31x21,rand_delta,1,45,0.5619,11855,0
scale_31x21,rand_delta,1,46,0.5841,11970,0
scale_31x21,rand_delta,1,47,0.5651,12570,0
scale_31x21,rand_delta,1,48,0.5810,12725,0
scale_31x21,rand_delta,1,49,0.6000,12751,0
scale_31x21,rand_delta,1,50,0.5429,13351,0
scale_31x21,rand_delta,1,51,0.5683,13835,0
scale_31x21,rand_delta,1,52,0.6190,14435,0
scale_31x21,rand_delta,1,53,0.6508,14593,0
scale_31x21,rand_delta,1,54,0.6381,14660,0
scale_31x21,rand_delta,1,55,0.6254,14732,0
scale_31x21,rand_delta,1,56,0.6222,15332,0
scale_31x21,rand_delta,1,57,0.6381,15402,0
scale_31x21,rand_delta,1,58,0.6381,15440,0
scale_31x21,rand_delta,1,59,0.6381,15447,0
scale_31x21,rand_delta,1,60,0.5968,16047,0
scale_31x21,rand_delta,1,61,0.5810,16647,0
scale_31x21,rand_delta,1,62,0.6349,16758,0
scale_31x21,rand_delta,1,63,0.6540,16802,0
scale_31x21,rand_delta,1,64,0.6603,16861,0
scale_31x21,rand_delta,1,65,0.5905,17461,0
scale_31x21,rand_delta,1,66,0.6063,18061,0
scale_31x21,rand_delta,1,67,0.6127,18661,0
scale_31x21,rand_delta,1,68,0.6413,18696,0
scale_31x21,rand_delta,1,69,0.6222,18748,0
scale_31x21,rand_delta,1,70,0.6222,18799,0
scale_31x21,rand_delta,1,71,0.6286,19399,0
scale_31x21,rand_delta,1,72,0.5556,19999,0
scale_31x21,rand_delta,1,73,0.5873,20599,0
scale_31x21,rand_delta,1,74,0.6159,20885,0
scale_31x21,rand_delta,1,75,0.6286,21485,0
scale_31x21,rand_delta,1,76,0.6286,21516,0
scale_31x21,rand_delta,1,77,0.6349,21582,0
scale_31x21,rand_delta,1,78,0.6317,21601,0
scale_31x21,rand_delta,1,79,0.6349,21630,0
scale_31x21,rand_delta,1,80,0.6254,21900,0
scale_31x21,rand_delta,1,81,0.5841,22500,0
scale_31x21,rand_delta,1,82,0.6063,22600,0
scale_31x21,rand_delta,1,83,0.5714,23200,0
scale_31x21,rand_delta,1,84,0.5968,23245,0
scale_31x21,rand_delta,1,85,0.5937,23364,0
scale_31x21,rand_delta,1,86,0.6000,23515,0
scale_31x21,rand_delta,1,87,0.5873,24115,0
scale_31x21,rand_delta,1,88,0.5778,24715,0
scale_31x21,rand_delta,1,89,0.5302,25315,0
scale_31x21,rand_delta,1,90,0.5460,25332,0
scale_31x21,rand_delta,1,91,0.5524,25399,0
scale_31x21,rand_delta,1,92,0.5587,25404,0
scale_31x21,rand_delta,1,93,0.5683,25482,0
scale_31x21,rand_delta,1,94,0.5746,25496,0
scale_31x21,rand_delta,1,95,0.5810,25515,0
scale_31x21,rand_delta,1,96,0.5429,26115,0
scale_31x21,rand_delta,1,97,0.5524,26148,0
scale_31x21,rand_delta,1,98,0.5683,26266,0
scale_31x21,rand_delta,1,99,0.6000,26429,0
scale_31x21,rand_delta,1,100,0.6063,26534,0
scale_31x21,rand_delta,1,101,0.5397,27134,0
scale_31x21,rand_delta,1,102,0.5905,27241,0
scale_31x21,rand_delta,1,103,0.5873,27315,0
scale_31x21,rand_delta,1,104,0.5968,27425,0
scale_31x21,rand_delta,1,105,0.5619,28025,0
scale_31x21,rand_delta,1,106,0.5429,28625,0
scale_31x21,rand_delta,1,107,0.5270,29225,0
scale_31x21,rand_delta,1,108,0.4857,29825,0
scale_31x21,rand_delta,1,109,0.6032,29987,0
scale_31x21,rand_delta,1,110,0.5714,30587,0
scale_31x21,rand_delta,1,111,0.6254,30709,0
scale_31x21,rand_delta,1,112,0.6222,30743,0
scale_31x21,rand_delta,1,113,0.6190,30767,0
scale_31x21,rand_delta,1,114,0.6063,30806,0
scale_31x21,rand_delta,1,115,0.6413,30853,0
scale_31x21,rand_delta,1,116,0.5968,31453,0
scale_31x21,rand_delta,1,117,0.6063,31462,0
scale_31x21,rand_delta,1,118,0.6000,32062,0
scale_31x21,rand_delta,1,119,0.5937,32083,0
scale_31x21,rand_delta,1,120,0.6095,32167,0
scale_31x21,rand_delta,1,121,0.5746,32767,0
scale_31x21,rand_delta,1,122,0.5873,33367,0
scale_31x21,rand_delta,1,123,0.6095,33537,0
scale_31x21,rand_delta,1,124,0.5905,33598,0
scale_31x21,rand_delta,1,125,0.5524,34198,0
scale_31x21,rand_delta,1,126,0.5778,34241,0
scale_31x21,rand_delta,1,127,0.5206,34841,0
scale_31x21,rand_delta,1,128,0.5619,35441,0
scale_31x21,rand_delta,1,129,0.5778,35647,0
scale_31x21,rand_delta,1,130,0.5968,35694,0
scale_31x21,rand_delta,1,131,0.5937,35725,0
scale_31x21,rand_delta,1,132,0.6222,35794,0
scale_31x21,rand_delta,1,133,0.5714,36394,0
scale_31x21,rand_delta,1,134,0.5810,36433,0
scale_31x21,rand_delta,1,135,0.5810,37033,0
scale_31x21,rand_delta,1,136,0.5905,37076,0
scale_31x21,rand_delta,1,137,0.5905,37146,0
scale_31x21,rand_delta,1,138,0.6032,37206,0
scale_31x21,rand_delta,1,139,0.6063,37213,0
scale_31x21,rand_delta,1,140,0.5714,37813,0
scale_31x21,rand_delta,1,141,0.5206,38413,0
scale_31x21,rand_delta,1,142,0.4984,39013,0
scale_31x21,rand_delta,1,143,0.6095,39174,0
scale_31x21,rand_delta,1,144,0.6190,39178,0
scale_31x21,rand_delta,1,145,0.6413,39286,0
scale_31x21,rand_delta,1,146,0.6508,39806,0
scale_31x21,rand_delta,1,147,0.6063,40406,0
scale_31x21,rand_delta,1,148,0.6349,40639,0
scale_31x21,rand_delta,1,149,0.6000,41239,0
scale_31x21,rand_delta,1,150,0.5111,41839,0
scale_31x21,rand_delta,1,151,0.5587,41896,0
scale_31x21,rand_delta,1,152,0.6095,41976,0
scale_31x21,rand_delta,1,153,0.6000,42576,0
scale_31x21,rand_delta,1,154,0.6063,42610,0
scale_31x21,rand_delta,1,155,0.6095,42700,0
scale_31x21,rand_delta,1,156,0.6095,42710,0
scale_31x21,rand_delta,1,157,0.6127,42732,0
scale_31x21,rand_delta,1,158,0.6286,42750,0
scale_31x21,rand_delta,1,159,0.5556,43350,0
scale_31x21,rand_delta,1,160,0.6000,43492,0
scale_31x21,rand_delta,1,161,0.6127,43516,0
scale_31x21,rand_delta,1,162,0.6349,43566,0
scale_31x21,rand_delta,1,163,0.6381,43610,0
scale_31x21,rand_delta,1,164,0.5492,44210,0
scale_31x21,rand_delta,1,165,0.5429,44810,0
scale_31x21,rand_delta,1,166,0.5556,44842,0
scale_31x21,rand_delta,1,167,0.5746,44919,0
scale_31x21,rand_delta,1,168,0.5937,45519,0
scale_31x21,rand_delta,1,169,0.6190,45568,0
scale_31x21,rand_delta,1,170,0.6190,45574,0
scale_31x21,rand_delta,1,171,0.6254,45598,0
scale_31x21,rand_delta,1,172,0.6222,45630,0
scale_31x21,rand_delta,1,173,0.6159,45647,0
scale_31x21,rand_delta,1,174,0.6063,45697,0
scale_31x21,rand_delta,1,175,0.6063,45733,0
scale_31x21,rand_delta,1,176,0.5714,46333,0
scale_31x21,rand_delta,1,177,0.5778,46933,0
scale_31x21,rand_delta,1,178,0.5873,47533,0
scale_31x21,rand_delta,1,179,0.5587,48133,0
scale_31x21,rand_delta,1,180,0.6000,48198,0
scale_31x21,rand_delta,1,181,0.6254,48324,0
scale_31x21,rand_delta,1,182,0.6032,48924,0
scale_31x21,rand_delta,1,183,0.6063,49524,0
scale_31x21,rand_delta,1,184,0.6254,49554,0
scale_31x21,rand_delta,1,185,0.6063,49574,0
scale_31x21,rand_delta,1,186,0.6159,49591,0
scale_31x21,rand_delta,1,187,0.6000,50191,0
scale_31x21,rand_delta,1,188,0.6254,50257,0
scale_31x21,rand_delta,1,189,0.6286,50857,0
scale_31x21,rand_delta,1,190,0.6508,50956,0
scale_31x21,rand_delta,1,191,0.5841,51556,0
scale_31x21,rand_delta,1,192,0.5905,52156,0
scale_31x21,rand_delta,1,193,0.5524,52756,0
scale_31x21,rand_delta,1,194,0.5905,52814,0
scale_31x21,rand_delta,1,195,0.5714,53414,0
scale_31x21,rand_delta,1,196,0.5810,53440,0
scale_31x21,rand_delta,1,197,0.6032,53519,0
scale_31x21,rand_delta,1,198,0.6095,54119,0
scale_31x21,rand_delta,1,199,0.6222,54159,0
scale_31x21,rand_delta,1,200,0.6063,54759,0
scale_31x21,rand_delta,1,201,0.6476,54925,0
scale_31x21,rand_delta,1,202,0.6159,54971,0
scale_31x21,rand_delta,1,203,0.6190,55571,0
scale_31x21,rand_delta,1,204,0.6222,56171,0
scale_31x21,rand_delta,1,205,0.6190,56771,0
scale_31x21,rand_delta,1,206,0.6444,56832,0
scale_31x21,rand_delta,1,207,0.6413,57416,0
scale_31x21,rand_delta,1,208,0.6444,57619,0
scale_31x21,rand_delta,1,209,0.6444,57678,0
scale_31x21,rand_delta,1,210,0.6095,58278,0
scale_31x21,rand_delta,1,211,0.6286,58308,0
scale_31x21,rand_delta,1,212,0.6444,58329,0
scale_31x21,rand_delta,1,213,0.6444,58382,0
scale_31x21,rand_delta,1,214,0.6508,58466,0
scale_31x21,rand_delta,1,215,0.6476,58817,0
scale_31x21,rand_delta,1,216,0.6635,58866,0
scale_31x21,rand_delta,1,217,0.6032,59466,0
scale_31x21,rand_delta,1,218,0.6349,59544,0
scale_31x21,rand_delta,1,219,0.6286,60144,0
scale_31x21,rand_delta,1,220,0.6222,60744,0
scale_31x21,rand_delta,1,221,0.5556,61344,0
scale_31x21,rand_delta,1,222,0.6127,61437,0
scale_31x21,rand_delta,1,223,0.6508,61554,0
scale_31x21,rand_delta,1,224,0.6540,61607,0
scale_31x21,rand_delta,1,225,0.6413,61665,0
scale_31x21,rand_delta,1,226,0.6540,61731,0
scale_31x21,rand_delta,1,227,0.6063,62331,0
scale_31x21,rand_delta,1,228,0.5175,62931,0
scale_31x21,rand_delta,1,229,0.5841,62987,0
scale_31x21,rand_delta,1,230,0.6095,63033,0
scale_31x21,rand_delta,1,231,0.5714,63077,0
scale_31x21,rand_delta,1,232,0.5778,63677,0
scale_31x21,rand_delta,1,233,0.5905,63735,0
scale_31x21,rand_delta,1,234,0.6190,64335,0
scale_31x21,rand_delta,1,235,0.6413,64416,0
scale_31x21,rand_delta,1,236,0.5810,65016,0
scale_31x21,rand_delta,1,237,0.6063,65082,0
scale_31x21,rand_delta,1,238,0.6190,65133,0
scale_31x21,rand_delta,1,239,0.6444,65156,0
scale_31x21,rand_delta,1,240,0.6413,65161,0
scale_31x21,rand_delta,1,241,0.6508,65236,0
scale_31x21,rand_delta,1,242,0.5206,65836,0
scale_31x21,rand_delta,1,243,0.5397,65855,0
scale_31x21,rand_delta,1,244,0.5683,65900,0
scale_31x21,rand_delta,1,245,0.5905,66500,0
scale_31x21,rand_delta,1,246,0.6159,66612,0
scale_31x21,rand_delta,1,247,0.6444,66666,0
scale_31x21,rand_delta,1,248,0.6540,66762,0
scale_31x21,rand_delta,1,249,0.6603,66804,0
scale_31x21,rand_delta,1,250,0.6444,67404,0
scale_31x21,rand_delta,1,251,0.6476,67458,0
scale_31x21,rand_delta,1,252,0.6476,67500,0
scale_31x21,rand_delta,1,253,0.6540,67545,0
scale_31x21,rand_delta,1,254,0.6190,68145,0
scale_31x21,rand_delta,1,255,0.6667,68231,0
scale_31x21,rand_delta,1,256,0.5460,68831,0
scale_31x21,rand_delta,1,257,0.5651,68905,0
scale_31x21,rand_delta,1,258,0.6540,69505,0
scale_31x21,rand_delta,1,259,0.6730,69542,0
scale_31x21,rand_delta,1,260,0.6794,69572,0
scale_31x21,rand_delta,1,261,0.5651,70172,0
scale_31x21,rand_delta,1,262,0.6413,70279,0
scale_31x21,rand_delta,1,263,0.5302,70879,0
scale_31x21,rand_delta,1,264,0.6127,71479,0
scale_31x21,rand_delta,1,265,0.6000,72079,0
scale_31x21,rand_delta,1,266,0.6127,72135,0
scale_31x21,rand_delta,1,267,0.6286,72155,0
scale_31x21,rand_delta,1,268,0.5746,72755,0
scale_31x21,rand_delta,1,269,0.6000,72802,0
scale_31x21,rand_delta,1,270,0.6063,72819,0
scale_31x21,rand_delta,1,271,0.6000,72850,0
scale_31x21,rand_delta,1,272,0.6254,72911,0
scale_31x21,rand_delta,1,273,0.6286,73511,0
scale_31x21,rand_delta,1,274,0.6413,73516,0
scale_31x21,rand_delta,1,275,0.6413,73523,0
scale_31x21,rand_delta,1,276,0.6413,73543,0
scale_31x21,rand_delta,1,277,0.6476,73562,0
scale_31x21,rand_delta,1,278,0.6317,74162,0
scale_31x21,rand_delta,1,279,0.6317,74180,0
scale_31x21,rand_delta,1,280,0.5460,74780,0
scale_31x21,rand_delta,1,281,0.6571,74907,0
scale_31x21,rand_delta,1,282,0.6508,74952,0
scale_31x21,rand_delta,1,283,0.6476,74974,0
scale_31x21,rand_delta,1,284,0.6476,74982,0
scale_31x21,rand_delta,1,285,0.6508,75582,0
scale_31x21,rand_delta,1,286,0.6508,75585,0
scale_31x21,rand_delta,1,287,0.6444,76185,0
scale_31x21,rand_delta,1,288,0.6444,76190,0
scale_31x21,rand_delta,1,289,0.6349,76249,0
scale_31x21,rand_delta,1,290,0.6444,76261,0
scale_31x21,rand_delta,1,291,0.6603,76291,0
scale_31x21,rand_delta,1,292,0.6635,76337,0
scale_31x21,rand_delta,1,293,0.6667,76355,0
scale_31x21,rand_delta,1,294,0.5556,76955,0
scale_31x21,rand_delta,1,295,0.6444,77095,0
scale_31x21,rand_delta,1,296,0.5873,77695,0
scale_31x21,rand_delta,1,297,0.6540,77788,0
scale_31x21,rand_delta,1,298,0.6762,77833,0
scale_31x21,rand_delta,1,299,0.6127,78433,0
scale_31x21,rand_delta,1,300,0.5746,79033,0
scale_31x21,rand_delta,1,301,0.6254,79092,0
scale_31x21,rand_delta,1,302,0.6698,79130,0
scale_31x21,rand_delta,1,303,0.6889,79730,0
scale_31x21,rand_delta,1,304,0.6857,80330,0
scale_31x21,rand_delta,1,305,0.7079,80435,0
scale_31x21,rand_delta,1,306,0.7048,80485,0
scale_31x21,rand_delta,1,307,0.7143,80509,0
scale_31x21,rand_delta,1,308,0.7111,80557,0
scale_31x21,rand_delta,1,309,0.6540,81157,0
scale_31x21,rand_delta,1,310,0.6222,81757,0
scale_31x21,rand_delta,1,311,0.6540,81803,0
scale_31x21,rand_delta,1,312,0.6063,82403,0
scale_31x21,rand_delta,1,313,0.6127,82424,0
scale_31x21,rand_delta,1,314,0.6317,82924,0
scale_31x21,rand_delta,1,315,0.6730,83029,0
scale_31x21,rand_delta,1,316,0.5333,83629,0
scale_31x21,rand_delta,1,317,0.6127,83692,0
scale_31x21,rand_delta,1,318,0.6349,83697,0
scale_31x21,rand_delta,1,319,0.6381,83706,0
scale_31x21,rand_delta,1,320,0.6857,83782,0
scale_31x21,rand_delta,1,321,0.6857,83810,0
scale_31x21,rand_delta,1,322,0.7238,84410,0
scale_31x21,rand_delta,1,323,0.7270,84431,0
scale_31x21,rand_delta,1,324,0.7016,85031,0
scale_31x21,rand_delta,1,325,0.6635,85631,0
scale_31x21,rand_delta,1,326,0.6381,86231,0
scale_31x21,rand_delta,1,327,0.6667,86283,0
scale_31x21,rand_delta,1,328,0.6222,86883,0
scale_31x21,rand_delta,1,329,0.6317,87483,0
scale_31x21,rand_delta,1,330,0.6857,88083,0
scale_31x21,rand_delta,1,331,0.6857,88089,0
scale_31x21,rand_delta,1,332,0.6794,88125,0
scale_31x21,rand_delta,1,333,0.6889,88725,0
scale_31x21,rand_delta,1,334,0.6794,89325,0
scale_31x21,rand_delta,1,335,0.6794,89344,0
scale_31x21,rand_delta,1,336,0.6889,89384,0
scale_31x21,rand_delta,1,337,0.6730,89984,0
scale_31x21,rand_delta,1,338,0.6794,90584,0
scale_31x21,rand_delta,1,339,0.7048,90698,0
scale_31x21,rand_delta,1,340,0.7048,90704,0
scale_31x21,rand_delta,1,341,0.6794,91304,0
scale_31x21,rand_delta,1,342,0.6095,91904,0
scale_31x21,rand_delta,1,343,0.6730,91988,0
scale_31x21,rand_delta,1,344,0.6667,92363,0
scale_31x21,rand_delta,1,345,0.6667,92381,0
scale_31x21,rand_delta,1,346,0.6698,92406,0
scale_31x21,rand_delta,1,347,0.6730,93006,0
scale_31x21,rand_delta,1,348,0.6857,93076,0
scale_31x21,rand_delta,1,349,0.6889,93099,0
scale_31x21,rand_delta,1,350,0.7206,93565,0
scale_31x21,rand_delta,1,351,0.6794,94165,0
scale_31x21,rand_delta,1,352,0.6794,94184,0
scale_31x21,rand_delta,1,353,0.6825,94203,0
scale_31x21,rand_delta,1,354,0.6825,94216,0
scale_31x21,rand_delta,1,355,0.6825,94232,0
scale_31x21,rand_delta,1,356,0.6952,94267,0
scale_31x21,rand_delta,1,357,0.6667,94867,0
scale_31x21,rand_delta,1,358,0.6667,95467,0
scale_31x21,rand_delta,1,359,0.6413,96067,0
scale_31x21,rand_delta,1,360,0.6603,96104,0
scale_31x21,rand_delta,1,361,0.6349,96704,0
scale_31x21,rand_delta,1,362,0.6222,97304,0
scale_31x21,rand_delta,1,363,0.6254,97330,0
scale_31x21,rand_delta,1,364,0.6984,97930,0
scale_31x21,rand_delta,1,365,0.7079,97957,0
scale_31x21,rand_delta,1,366,0.7079,97993,0
scale_31x21,rand_delta,1,367,0.7206,98141,0
scale_31x21,rand_delta,1,368,0.7175,98157,0
scale_31x21,rand_delta,1,369,0.7175,98757,0
scale_31x21,rand_delta,1,370,0.7175,98761,0
scale_31x21,rand_delta,1,371,0.7143,98836,0
scale_31x21,rand_delta,1,372,0.6286,99436,0
scale_31x21,rand_delta,1,373,0.6730,99525,0
scale_31x21,rand_delta,1,374,0.6794,99572,0
scale_31x21,rand_delta,1,375,0.7016,99638,0
scale_31x21,rand_delta,1,376,0.7079,99711,0
scale_31x21,rand_delta,1,377,0.7079,99728,0
scale_31x21,rand_delta,1,378,0.7111,99760,0
scale_31x21,rand_delta,1,379,0.7365,99842,0
scale_31x21,rand_delta,1,380,0.7365,99855,0
scale_31x21,rand_delta,1,381,0.7302,100216,0
scale_31x21,rand_delta,1,382,0.7048,100321,0
scale_31x21,rand_delta,1,383,0.6349,100921,0
scale_31x21,rand_delta,1,384,0.6413,100938,0
scale_31x21,rand_delta,1,385,0.6762,101287,0
scale_31x21,rand_delta,1,386,0.6603,101887,0
scale_31x21,rand_delta,1,387,0.6730,102487,0
scale_31x21,rand_delta,1,388,0.6825,102525,0
scale_31x21,rand_delta,1,389,0.6032,103125,0
scale_31x21,rand_delta,1,390,0.6317,103196,0
scale_31x21,rand_delta,1,391,0.6794,103796,0
scale_31x21,rand_delta,1,392,0.6825,104142,0
scale_31x21,rand_delta,1,393,0.6889,104143,0
scale_31x21,rand_delta,1,394,0.6254,104743,0
scale_31x21,rand_delta,1,395,0.6730,105343,0
scale_31x21,rand_delta,1,396,0.6762,105374,0
scale_31x21,rand_delta,1,397,0.6794,105399,0
scale_31x21,rand_delta,1,398,0.6635,105999,0
scale_31x21,rand_delta,1,399,0.6762,106599,0
scale_31x21,rand_delta,1,400,0.6857,107199,0
scale_31x21,rand_delta,1,401,0.6794,107209,0
scale_31x21,rand_delta,1,402,0.6921,107263,0
scale_31x21,rand_delta,1,403,0.6508,107863,0
scale_31x21,rand_delta,1,404,0.6762,107900,0
scale_31x21,rand_delta,1,405,0.6952,107943,0
scale_31x21,rand_delta,1,406,0.5333,108543,0
scale_31x21,rand_delta,1,407,0.6222,108687,0
scale_31x21,rand_delta,1,408,0.6159,108731,0
scale_31x21,rand_delta,1,409,0.6857,108825,0
scale_31x21,rand_delta,1,410,0.6857,108850,0
scale_31x21,rand_delta,1,411,0.6857,108871,0
scale_31x21,rand_delta,1,412,0.6857,108908,0
scale_31x21,rand_delta,1,413,0.6952,108950,0
scale_31x21,rand_delta,1,414,0.6984,109089,0
scale_31x21,rand_delta,1,415,0.6952,109135,0
scale_31x21,rand_delta,1,416,0.7079,109206,0
scale_31x21,rand_delta,1,417,0.6825,109806,0
scale_31x21,rand_delta,1,418,0.6825,109990,0
scale_31x21,rand_delta,1,419,0.6921,110029,0
scale_31x21,rand_delta,1,420,0.6921,110068,0
scale_31x21,rand_delta,1,421,0.6921,110089,0
scale_31x21,rand_delta,1,422,0.6921,110104,0
scale_31x21,rand_delta,1,423,0.6921,110144,0
scale_31x21,rand_delta,1,424,0.6921,110168,0
scale_31x21,rand_delta,1,425,0.6762,110768,0
scale_31x21,rand_delta,1,426,0.7143,110849,0
scale_31x21,rand_delta,1,427,0.6254,111449,0
scale_31x21,rand_delta,1,428,0.6317,111459,0
scale_31x21,rand_delta,1,429,0.6984,111556,0
scale_31x21,rand_delta,1,430,0.6984,111575,0
scale_31x21,rand_delta,1,431,0.7016,111594,0
scale_31x21,rand_delta,1,432,0.7048,111625,0
scale_31x21,rand_delta,1,433,0.5905,112225,0
scale_31x21,rand_delta,1,434,0.6540,112268,0
scale_31x21,rand_delta,1,435,0.7111,112868,0
scale_31x21,rand_delta,1,436,0.7111,112893,0
scale_31x21,rand_delta,1,437,0.7143,112916,0
scale_31x21,rand_delta,1,438,0.7111,112952,0
scale_31x21,rand_delta,1,439,0.7111,112977,0
scale_31x21,rand_delta,1,440,0.6984,113577,0
scale_31x21,rand_delta,1,441,0.6984,113597,0
scale_31x21,rand_delta,1,442,0.6857,114197,0
scale_31x21,rand_delta,1,443,0.6794,114797,0
scale_31x21,rand_delta,1,444,0.6857,114815,0
scale_31x21,rand_delta,1,445,0.6952,114856,0
scale_31x21,rand_delta,1,446,0.6952,114990,0
scale_31x21,rand_delta,1,447,0.7016,115013,0
scale_31x21,rand_delta,1,448,0.6952,115067,0
scale_31x21,rand_delta,1,449,0.6762,115667,0
scale_31x21,rand_delta,1,450,0.6857,115695,0
scale_31x21,rand_delta,1,451,0.6476,116295,0
scale_31x21,rand_delta,1,452,0.6889,116528,0
scale_31x21,rand_delta,1,453,0.6921,116554,0
scale_31x21,rand_delta,1,454,0.6952,116577,0
scale_31x21,rand_delta,1,455,0.6889,116611,0
scale_31x21,rand_delta,1,456,0.6889,116612,0
scale_31x21,rand_delta,1,457,0.6921,116632,0
scale_31x21,rand_delta,1,458,0.6921,116648,0
scale_31x21,rand_delta,1,459,0.6921,116659,0
scale_31x21,rand_delta,1,460,0.6889,116696,0
scale_31x21,rand_delta,1,461,0.6921,117296,0
scale_31x21,rand_delta,1,462,0.6921,117314,0
scale_31x21,rand_delta,1,463,0.6921,117319,0
scale_31x21,rand_delta,1,464,0.6984,117373,0
scale_31x21,rand_delta,1,465,0.7143,117417,0
scale_31x21,rand_delta,1,466,0.7206,117440,0
scale_31x21,rand_delta,1,467,0.7175,117481,0
scale_31x21,rand_delta,1,468,0.7206,118081,0
scale_31x21,rand_delta,1,469,0.7143,118126,0
scale_31x21,rand_delta,1,470,0.6000,118726,0
scale_31x21,rand_delta,1,471,0.6508,118753,0
scale_31x21,rand_delta,1,472,0.6794,119353,0
scale_31x21,rand_delta,1,473,0.6984,119436,0
scale_31x21,rand_delta,1,474,0.7175,119470,0
scale_31x21,rand_delta,1,475,0.7302,119538,0
scale_31x21,rand_delta,1,476,0.7429,119976,0
scale_31x21,rand_delta,1,477,0.6889,120576,0
scale_31x21,rand_delta,1,478,0.6063,121176,0
scale_31x21,rand_delta,1,479,0.6159,121187,0
scale_31x21,rand_delta,1,480,0.6286,121224,0
scale_31x21,rand_delta,1,481,0.6095,121271,0
scale_31x21,rand_delta,1,482,0.6254,121871,0
scale_31x21,rand_delta,1,483,0.6444,121906,0
scale_31x21,rand_delta,1,484,0.6571,122497,0
scale_31x21,rand_delta,1,485,0.6603,122533,0
scale_31x21,rand_delta,1,486,0.6762,122557,0
scale_31x21,rand_delta,1,487,0.7175,123157,0
scale_31x21,rand_delta,1,488,0.7238,123201,0
scale_31x21,rand_delta,1,489,0.7238,123223,0
scale_31x21,rand_delta,1,490,0.7238,123238,0
scale_31x21,rand_delta,1,491,0.7238,123264,0
scale_31x21,rand_delta,1,492,0.6794,123864,0
scale_31x21,rand_delta,1,493,0.6825,123892,0
scale_31x21,rand_delta,1,494,0.7238,124492,0
scale_31x21,rand_delta,1,495,0.7175,124520,0
scale_31x21,rand_delta,1,496,0.7333,124579,0
scale_31x21,rand_delta,1,497,0.7333,124606,0
scale_31x21,rand_delta,1,498,0.7270,125206,0
scale_31x21,rand_delta,1,499,0.7238,125236,0
scale_31x21,rand_delta,1,500,0.7238,125258,0
scale_31x21,rand_delta,1,501,0.7333,125311,0
scale_31x21,rand_delta,1,502,0.7333,125347,0
scale_31x21,rand_delta,1,503,0.7270,125380,0
scale_31x21,rand_delta,1,504,0.7270,125384,0
scale_31x21,rand_delta,1,505,0.6762,125984,0
scale_31x21,rand_delta,1,506,0.6921,126025,0
scale_31x21,rand_delta,1,507,0.6984,126063,0
scale_31x21,rand_delta,1,508,0.7238,126124,0
scale_31x21,rand_delta,1,509,0.7302,126724,0
scale_31x21,rand_delta,1,510,0.7302,126741,0
scale_31x21,rand_delta,1,511,0.7365,126777,0
scale_31x21,rand_delta,1,512,0.7397,126813,0
scale_31x21,rand_delta,1,513,0.7048,127413,0
scale_31x21,rand_delta,1,514,0.7175,128013,0
scale_31x21,rand_delta,1,515,0.7175,128049,0
scale_31x21,rand_delta,1,516,0.7238,128081,0
scale_31x21,rand_delta,1,517,0.7238,128115,0
scale_31x21,rand_delta,1,518,0.7238,128139,0
scale_31x21,rand_delta,1,519,0.7270,128173,0
scale_31x21,rand_delta,1,520,0.7333,128213,0
scale_31x21,rand_delta,1,521,0.7111,128813,0
scale_31x21,rand_delta,1,522,0.7079,129413,0
scale_31x21,rand_delta,1,523,0.7175,129464,0
scale_31x21,rand_delta,1,524,0.7238,129501,0
scale_31x21,rand_delta,1,525,0.7238,129510,0
scale_31x21,rand_delta,1,526,0.7333,129551,0
scale_31x21,rand_delta,1,527,0.7238,129560,0
scale_31x21,rand_delta,1,528,0.7302,129608,0
scale_31x21,rand_delta,1,529,0.7143,130208,0
scale_31x21,rand_delta,1,530,0.7143,130246,0
scale_31x21,rand_delta,1,531,0.7143,130846,0
scale_31x21,rand_delta,1,532,0.6317,131446,0
scale_31x21,rand_delta,1,533,0.5683,132046,0
scale_31x21,rand_delta,1,534,0.5714,132054,0
scale_31x21,rand_delta,1,535,0.6095,132077,0
scale_31x21,rand_delta,1,536,0.6381,132677,0
scale_31x21,rand_delta,1,537,0.6762,132730,0
scale_31x21,rand_delta,1,538,0.6794,133330,0
scale_31x21,rand_delta,1,539,0.7016,133373,0
scale_31x21,rand_delta,1,540,0.7048,133404,0
scale_31x21,rand_delta,1,541,0.7111,133496,0
scale_31x21,rand_delta,1,542,0.7143,133516,0
scale_31x21,rand_delta,1,543,0.7175,133555,0
scale_31x21,rand_delta,1,544,0.7175,133557,0
scale_31x21,rand_delta,1,545,0.7175,133573,0
scale_31x21,rand_delta,1,546,0.7206,133601,0
scale_31x21,rand_delta,1,547,0.7206,133638,0
scale_31x21,rand_delta,1,548,0.7206,133678,0
scale_31x21,rand_delta,1,549,0.7238,133703,0
scale_31x21,rand_delta,1,550,0.7270,133732,0
scale_31x21,rand_delta,1,551,0.7302,133774,0
scale_31x21,rand_delta,1,552,0.7302,134374,0
scale_31x21,rand_delta,1,553,0.7302,134386,0
scale_31x21,rand_delta,1,554,0.6825,134986,0
scale_31x21,rand_delta,1,555,0.6825,135006,0
scale_31x21,rand_delta,1,556,0.6857,135010,0
scale_31x21,rand_delta,1,557,0.6921,135032,0
scale_31x21,rand_delta,1,558,0.6349,135632,0
scale_31x21,rand_delta,1,559,0.6603,135665,0
scale_31x21,rand_delta,1,560,0.6921,135729,0
scale_31x21,rand_delta,1,561,0.6825,136329,0
scale_31x21,rand_delta,1,562,0.6825,136331,0
scale_31x21,rand_delta,1,563,0.7048,136931,0
scale_31x21,rand_delta,1,564,0.7016,136946,0
scale_31x21,rand_delta,1,565,0.7079,136959,0
scale_31x21,rand_delta,1,566,0.7333,137559,0
scale_31x21,rand_delta,1,567,0.7333,137595,0
scale_31x21,rand_delta,1,568,0.7238,137743,0
scale_31x21,rand_delta,1,569,0.6857,138343,0
scale_31x21,rand_delta,1,570,0.7143,138390,0
scale_31x21,rand_delta,1,571,0.7206,138990,0
scale_31x21,rand_delta,1,572,0.7206,138993,0
scale_31x21,rand_delta,1,573,0.7175,139020,0
scale_31x21,rand_delta,1,574,0.7175,139024,0
scale_31x21,rand_delta,1,575,0.7206,139624,0
scale_31x21,rand_delta,1,576,0.7270,139658,0
scale_31x21,rand_delta,1,577,0.7270,139675,0
scale_31x21,rand_delta,1,578,0.7397,139720,0
scale_31x21,rand_delta,1,579,0.7397,139745,0
scale_31x21,rand_delta,1,580,0.7397,139753,0
scale_31x21,rand_delta,1,581,0.7397,139777,0
scale_31x21,rand_delta,1,582,0.7365,139793,0
scale_31x21,rand_delta,1,583,0.7333,139826,0
scale_31x21,rand_delta,1,584,0.7270,140426,0
scale_31x21,rand_delta,1,585,0.7270,140460,0
scale_31x21,rand_delta,1,586,0.7270,140486,0
scale_31x21,rand_delta,1,587,0.7270,140503,0
scale_31x21,rand_delta,1,588,0.7270,140524,0
scale_31x21,rand_delta,1,589,0.7206,141124,0
scale_31x21,rand_delta,1,590,0.7206,141132,0
scale_31x21,rand_delta,1,591,0.7175,141157,0
scale_31x21,rand_delta,1,592,0.7206,141193,0
scale_31x21,rand_delta,1,593,0.7175,141793,0
scale_31x21,rand_delta,1,594,0.6825,142393,0
scale_31x21,rand_delta,1,595,0.6540,142993,0
scale_31x21,rand_delta,1,596,0.5714,143593,0
scale_31x21,rand_delta,1,597,0.6794,143673,0
scale_31x21,rand_delta,1,598,0.7079,144273,0
scale_31x21,rand_delta,1,599,0.7238,144303,0
scale_31x21,kc_delta,2,0,0.3524,600,0
scale_31x21,kc_delta,2,1,0.3619,1200,0
scale_31x21,kc_delta,2,2,0.3714,1657,0
scale_31x21,kc_delta,2,3,0.3778,2107,0
scale_31x21,kc_delta,2,4,0.3238,2707,0
scale_31x21,kc_delta,2,5,0.3333,3066,0
scale_31x21,kc_delta,2,6,0.3302,3666,0
scale_31x21,kc_delta,2,7,0.3333,4266,0
scale_31x21,kc_delta,2,8,0.3238,4333,0
scale_31x21,kc_delta,2,9,0.3556,4933,0
scale_31x21,kc_delta,2,10,0.3810,5533,0
scale_31x21,kc_delta,2,11,0.3683,5834,0
scale_31x21,kc_delta,2,12,0.3333,6056,0
scale_31x21,kc_delta,2,13,0.3111,6656,0
scale_31x21,kc_delta,2,14,0.3397,7256,0
scale_31x21,kc_delta,2,15,0.3810,7856,0
scale_31x21,kc_delta,2,16,0.3968,7883,0
scale_31x21,kc_delta,2,17,0.4095,8091,0
scale_31x21,kc_delta,2,18,0.4000,8147,0
scale_31x21,kc_delta,2,19,0.4095,8444,0
scale_31x21,kc_delta,2,20,0.4540,8986,0
scale_31x21,kc_delta,2,21,0.4032,9586,0
scale_31x21,kc_delta,2,22,0.3873,10186,0
scale_31x21,kc_delta,2,23,0.4032,10786,0
scale_31x21,kc_delta,2,24,0.4286,10845,0
scale_31x21,kc_delta,2,25,0.4476,11111,0
scale_31x21,kc_delta,2,26,0.4540,11184,0
scale_31x21,kc_delta,2,27,0.4508,11189,0
scale_31x21,kc_delta,2,28,0.4794,11327,0
scale_31x21,kc_delta,2,29,0.4571,11927,0
scale_31x21,kc_delta,2,30,0.4635,11997,0
scale_31x21,kc_delta,2,31,0.4159,12597,0
scale_31x21,kc_delta,2,32,0.4571,13197,0
scale_31x21,kc_delta,2,33,0.4317,13797,0
scale_31x21,kc_delta,2,34,0.4286,14397,0
scale_31x21,kc_delta,2,35,0.4286,14593,0
scale_31x21,kc_delta,2,36,0.4444,15193,0
scale_31x21,kc_delta,2,37,0.4222,15793,0
scale_31x21,kc_delta,2,38,0.3968,16393,0
scale_31x21,kc_delta,2,39,0.4508,16993,0
scale_31x21,kc_delta,2,40,0.4540,17149,0
scale_31x21,kc_delta,2,41,0.4571,17421,0
scale_31x21,kc_delta,2,42,0.4857,18021,0
scale_31x21,kc_delta,2,43,0.4698,18059,0
scale_31x21,kc_delta,2,44,0.4571,18433,0
scale_31x21,kc_delta,2,45,0.4667,19033,0
scale_31x21,kc_delta,2,46,0.4984,19319,0
scale_31x21,kc_delta,2,47,0.4825,19919,0
scale_31x21,kc_delta,2,48,0.4730,20044,0
scale_31x21,kc_delta,2,49,0.4508,20644,0
scale_31x21,kc_delta,2,50,0.4349,21244,0
scale_31x21,kc_delta,2,51,0.4635,21844,0
scale_31x21,kc_delta,2,52,0.4571,22444,0
scale_31x21,kc_delta,2,53,0.4413,23044,0
scale_31x21,kc_delta,2,54,0.4603,23179,0
scale_31x21,kc_delta,2,55,0.4730,23779,0
scale_31x21,kc_delta,2,56,0.4063,24379,0
scale_31x21,kc_delta,2,57,0.4571,24746,0
scale_31x21,kc_delta,2,58,0.4952,25346,0
scale_31x21,kc_delta,2,59,0.4794,25946,0
scale_31x21,kc_delta,2,60,0.4635,26546,0
scale_31x21,kc_delta,2,61,0.4635,26582,0
scale_31x21,kc_delta,2,62,0.4730,26635,0
scale_31x21,kc_delta,2,63,0.4508,27235,0
scale_31x21,kc_delta,2,64,0.4730,27616,0
scale_31x21,kc_delta,2,65,0.4698,28216,0
scale_31x21,kc_delta,2,66,0.4857,28816,0
scale_31x21,kc_delta,2,67,0.4825,29416,0
scale_31x21,kc_delta,2,68,0.4698,30016,0
scale_31x21,kc_delta,2,69,0.4540,30192,0
scale_31x21,kc_delta,2,70,0.4825,30374,0
scale_31x21,kc_delta,2,71,0.4889,30974,0
scale_31x21,kc_delta,2,72,0.4952,31056,0
scale_31x21,kc_delta,2,73,0.4952,31174,0
scale_31x21,kc_delta,2,74,0.4603,31774,0
scale_31x21,kc_delta,2,75,0.4825,31831,0
scale_31x21,kc_delta,2,76,0.4857,32431,0
scale_31x21,kc_delta,2,77,0.4921,33031,0
scale_31x21,kc_delta,2,78,0.5048,33631,0
scale_31x21,kc_delta,2,79,0.5016,34231,0
scale_31x21,kc_delta,2,80,0.4889,34831,0
scale_31x21,kc_delta,2,81,0.4857,34963,0
scale_31x21,kc_delta,2,82,0.4794,35563,0
scale_31x21,kc_delta,2,83,0.4825,35610,0
scale_31x21,kc_delta,2,84,0.4635,36210,0
scale_31x21,kc_delta,2,85,0.4540,36232,0
scale_31x21,kc_delta,2,86,0.4508,36832,0
scale_31x21,kc_delta,2,87,0.4508,36900,0
scale_31x21,kc_delta,2,88,0.4476,36922,0
scale_31x21,kc_delta,2,89,0.4444,37043,0
scale_31x21,kc_delta,2,90,0.4603,37643,0
scale_31x21,kc_delta,2,91,0.4508,38243,0
scale_31x21,kc_delta,2,92,0.4317,38843,0
scale_31x21,kc_delta,2,93,0.4413,39443,0
scale_31x21,kc_delta,2,94,0.4159,39537,0
scale_31x21,kc_delta,2,95,0.4476,39831,0
scale_31x21,kc_delta,2,96,0.4349,40431,0
scale_31x21,kc_delta,2,97,0.4317,41031,0
scale_31x21,kc_delta,2,98,0.4349,41631,0
scale_31x21,kc_delta,2,99,0.4349,42231,0
scale_31x21,kc_delta,2,100,0.4413,42831,0
scale_31x21,kc_delta,2,101,0.4571,43431,0
scale_31x21,kc_delta,2,102,0.4444,44031,0
scale_31x21,kc_delta,2,103,0.4317,44631,0
scale_31x21,kc_delta,2,104,0.4381,44670,0
scale_31x21,kc_delta,2,105,0.4444,45270,0
scale_31x21,kc_delta,2,106,0.4381,45870,0
scale_31x21,kc_delta,2,107,0.4317,46470,0
scale_31x21,kc_delta,2,108,0.4508,47070,0
scale_31x21,kc_delta,2,109,0.4571,47670,0
scale_31x21,kc_delta,2,110,0.4571,48270,0
scale_31x21,kc_delta,2,111,0.4476,48870,0
scale_31x21,kc_delta,2,112,0.4349,49470,0
scale_31x21,kc_delta,2,113,0.4540,50070,0
scale_31x21,kc_delta,2,114,0.4762,50463,0
scale_31x21,kc_delta,2,115,0.4794,51063,0
scale_31x21,kc_delta,2,116,0.4889,51648,0
scale_31x21,kc_delta,2,117,0.4857,52248,0
scale_31x21,kc_delta,2,118,0.4698,52848,0
scale_31x21,kc_delta,2,119,0.4635,53448,0
scale_31x21,kc_delta,2,120,0.4762,53944,0
scale_31x21,kc_delta,2,121,0.4921,53994,0
scale_31x21,kc_delta,2,122,0.4825,54594,0
scale_31x21,kc_delta,2,123,0.4698,55194,0
scale_31x21,kc_delta,2,124,0.4698,55794,0
scale_31x21,kc_delta,2,125,0.4667,55800,0
scale_31x21,kc_delta,2,126,0.4667,55876,0
scale_31x21,kc_delta,2,127,0.4603,56476,0
scale_31x21,kc_delta,2,128,0.4476,57076,0
scale_31x21,kc_delta,2,129,0.4476,57447,0
scale_31x21,kc_delta,2,130,0.4413,58047,0
scale_31x21,kc_delta,2,131,0.4571,58452,0
scale_31x21,kc_delta,2,132,0.4762,58499,0
scale_31x21,kc_delta,2,133,0.4349,59099,0
scale_31x21,kc_delta,2,134,0.4349,59699,0
scale_31x21,kc_delta,2,135,0.4476,59755,0
scale_31x21,kc_delta,2,136,0.4190,60355,0
scale_31x21,kc_delta,2,137,0.4444,60955,0
scale_31x21,kc_delta,2,138,0.4317,61555,0
scale_31x21,kc_delta,2,139,0.4127,62155,0
scale_31x21,kc_delta,2,140,0.4381,62348,0
scale_31x21,kc_delta,2,141,0.4603,62500,0
scale_31x21,kc_delta,2,142,0.4476,63100,0
scale_31x21,kc_delta,2,143,0.4571,63122,0
scale_31x21,kc_delta,2,144,0.4540,63722,0
scale_31x21,kc_delta,2,145,0.4508,64090,0
scale_31x21,kc_delta,2,146,0.4540,64690,0
scale_31x21,kc_delta,2,147,0.4603,65290,0
scale_31x21,kc_delta,2,148,0.4762,65462,0
scale_31x21,kc_delta,2,149,0.4730,66062,0
scale_31x21,kc_delta,2,150,0.4730,66662,0
scale_31x21,kc_delta,2,151,0.4921,66954,0
scale_31x21,kc_delta,2,152,0.4603,67554,0
scale_31x21,kc_delta,2,153,0.4635,68154,0
scale_31x21,kc_delta,2,154,0.4571,68754,0
scale_31x21,kc_delta,2,155,0.4794,68941,0
scale_31x21,kc_delta,2,156,0.4857,68960,0
scale_31x21,kc_delta,2,157,0.4413,69560,0
scale_31x21,kc_delta,2,158,0.4476,69594,0
scale_31x21,kc_delta,2,159,0.4698,69619,0
scale_31x21,kc_delta,2,160,0.4635,70219,0
scale_31x21,kc_delta,2,161,0.4762,70252,0
scale_31x21,kc_delta,2,162,0.4730,70283,0
scale_31x21,kc_delta,2,163,0.4603,70321,0
scale_31x21,kc_delta,2,164,0.4730,70338,0
scale_31x21,kc_delta,2,165,0.4984,70603,0
scale_31x21,kc_delta,2,166,0.4889,71203,0
scale_31x21,kc_delta,2,167,0.4921,71241,0
scale_31x21,kc_delta,2,168,0.4825,71841,0
scale_31x21,kc_delta,2,169,0.4952,72169,0
scale_31x21,kc_delta,2,170,0.4667,72769,0
scale_31x21,kc_delta,2,171,0.4857,73369,0
scale_31x21,kc_delta,2,172,0.4667,73969,0
scale_31x21,kc_delta,2,173,0.4730,74569,0
scale_31x21,kc_delta,2,174,0.4825,74597,0
scale_31x21,kc_delta,2,175,0.4794,75197,0
scale_31x21,kc_delta,2,176,0.4825,75214,0
scale_31x21,kc_delta,2,177,0.4857,75814,0
scale_31x21,kc_delta,2,178,0.4698,76414,0
scale_31x21,kc_delta,2,179,0.4667,77014,0
scale_31x21,kc_delta,2,180,0.4730,77614,0
scale_31x21,kc_delta,2,181,0.4794,77629,0
scale_31x21,kc_delta,2,182,0.4825,78229,0
scale_31x21,kc_delta,2,183,0.4730,78829,0
scale_31x21,kc_delta,2,184,0.4889,79021,0
scale_31x21,kc_delta,2,185,0.4921,79061,0
scale_31x21,kc_delta,2,186,0.4952,79661,0
scale_31x21,kc_delta,2,187,0.5048,80261,0
scale_31x21,kc_delta,2,188,0.5048,80861,0
scale_31x21,kc_delta,2,189,0.4984,81461,0
scale_31x21,kc_delta,2,190,0.4730,82061,0
scale_31x21,kc_delta,2,191,0.4698,82661,0
scale_31x21,kc_delta,2,192,0.4730,82695,0
scale_31x21,kc_delta,2,193,0.4571,82827,0
scale_31x21,kc_delta,2,194,0.4349,83427,0
scale_31x21,kc_delta,2,195,0.4349,84027,0
scale_31x21,kc_delta,2,196,0.4349,84627,0
scale_31x21,kc_delta,2,197,0.4476,85227,0
scale_31x21,kc_delta,2,198,0.4444,85827,0
scale_31x21,kc_delta,2,199,0.4413,86427,0
scale_31x21,kc_delta,2,200,0.4317,87027,0
scale_31x21,kc_delta,2,201,0.4730,87115,0
scale_31x21,kc_delta,2,202,0.4603,87715,0
scale_31x21,kc_delta,2,203,0.4571,87875,0
scale_31x21,kc_delta,2,204,0.4540,88475,0
scale_31x21,kc_delta,2,205,0.4571,88882,0
scale_31x21,kc_delta,2,206,0.4603,88891,0
scale_31x21,kc_delta,2,207,0.4508,89491,0
scale_31x21,kc_delta,2,208,0.4444,89504,0
scale_31x21,kc_delta,2,209,0.4635,90104,0
scale_31x21,kc_delta,2,210,0.4730,90133,0
scale_31x21,kc_delta,2,211,0.4794,90733,0
scale_31x21,kc_delta,2,212,0.4730,90779,0
scale_31x21,kc_delta,2,213,0.5016,91379,0
scale_31x21,kc_delta,2,214,0.4889,91399,0
scale_31x21,kc_delta,2,215,0.5048,91999,0
scale_31x21,kc_delta,2,216,0.4952,92035,0
scale_31x21,kc_delta,2,217,0.4857,92635,0
scale_31x21,kc_delta,2,218,0.5143,93235,0
scale_31x21,kc_delta,2,219,0.5079,93835,0
scale_31x21,kc_delta,2,220,0.5016,93841,0
scale_31x21,kc_delta,2,221,0.4984,93871,0
scale_31x21,kc_delta,2,222,0.5048,94471,0
scale_31x21,kc_delta,2,223,0.5143,95071,0
scale_31x21,kc_delta,2,224,0.5302,95188,0
scale_31x21,kc_delta,2,225,0.5206,95788,0
scale_31x21,kc_delta,2,226,0.5143,96388,0
scale_31x21,kc_delta,2,227,0.4889,96988,0
scale_31x21,kc_delta,2,228,0.4857,97588,0
scale_31x21,kc_delta,2,229,0.5016,97598,0
scale_31x21,kc_delta,2,230,0.5079,98198,0
scale_31x21,kc_delta,2,231,0.5016,98798,0
scale_31x21,kc_delta,2,232,0.5048,99398,0
scale_31x21,kc_delta,2,233,0.5111,99401,0
scale_31x21,kc_delta,2,234,0.5175,99580,0
scale_31x21,kc_delta,2,235,0.5143,100180,0
scale_31x21,kc_delta,2,236,0.5206,100780,0
scale_31x21,kc_delta,2,237,0.5111,101380,0
scale_31x21,kc_delta,2,238,0.4952,101980,0
scale_31x21,kc_delta,2,239,0.5079,102580,0
scale_31x21,kc_delta,2,240,0.5206,102614,0
scale_31x21,kc_delta,2,241,0.5270,102712,0
scale_31x21,kc_delta,2,242,0.5333,103312,0
scale_31x21,kc_delta,2,243,0.5397,103912,0
scale_31x21,kc_delta,2,244,0.5175,104512,0
scale_31x21,kc_delta,2,245,0.5111,105112,0
scale_31x21,kc_delta,2,246,0.5111,105117,0
scale_31x21,kc_delta,2,247,0.5048,105717,0
scale_31x21,kc_delta,2,248,0.5016,106317,0
scale_31x21,kc_delta,2,249,0.4952,106917,0
scale_31x21,kc_delta,2,250,0.5079,107374,0
scale_31x21,kc_delta,2,251,0.5206,107974,0
scale_31x21,kc_delta,2,252,0.5143,108574,0
scale_31x21,kc_delta,2,253,0.5460,109174,0
scale_31x21,kc_delta,2,254,0.5429,109774,0
scale_31x21,kc_delta,2,255,0.5460,109803,0
scale_31x21,kc_delta,2,256,0.5175,110403,0
scale_31x21,kc_delta,2,257,0.4984,111003,0
scale_31x21,kc_delta,2,258,0.5016,111603,0
scale_31x21,kc_delta,2,259,0.5016,112203,0
scale_31x21,kc_delta,2,260,0.5111,112803,0
scale_31x21,kc_delta,2,261,0.5079,113403,0
scale_31x21,kc_delta,2,262,0.5016,113441,0
scale_31x21,kc_delta,2,263,0.5016,113500,0
scale_31x21,kc_delta,2,264,0.5016,113509,0
scale_31x21,kc_delta,2,265,0.4698,114109,0
scale_31x21,kc_delta,2,266,0.4921,114709,0
scale_31x21,kc_delta,2,267,0.5048,114741,0
scale_31x21,kc_delta,2,268,0.5016,115341,0
scale_31x21,kc_delta,2,269,0.5079,115358,0
scale_31x21,kc_delta,2,270,0.5143,115838,0
scale_31x21,kc_delta,2,271,0.5175,115854,0
scale_31x21,kc_delta,2,272,0.5333,116454,0
scale_31x21,kc_delta,2,273,0.5270,117054,0
scale_31x21,kc_delta,2,274,0.5270,117654,0
scale_31x21,kc_delta,2,275,0.5460,118254,0
scale_31x21,kc_delta,2,276,0.5365,118489,0
scale_31x21,kc_delta,2,277,0.5270,119089,0
scale_31x21,kc_delta,2,278,0.5143,119689,0
scale_31x21,kc_delta,2,279,0.5143,120289,0
scale_31x21,kc_delta,2,280,0.4825,120889,0
scale_31x21,kc_delta,2,281,0.4794,121489,0
scale_31x21,kc_delta,2,282,0.5270,121876,0
scale_31x21,kc_delta,2,283,0.5111,122476,0
scale_31x21,kc_delta,2,284,0.5111,123076,0
scale_31x21,kc_delta,2,285,0.5048,123083,0
scale_31x21,kc_delta,2,286,0.4952,123683,0
scale_31x21,kc_delta,2,287,0.4984,123694,0
scale_31x21,kc_delta,2,288,0.4984,123764,0
scale_31x21,kc_delta,2,289,0.4825,124364,0
scale_31x21,kc_delta,2,290,0.5143,124964,0
scale_31x21,kc_delta,2,291,0.5079,125564,0
scale_31x21,kc_delta,2,292,0.5111,126164,0
scale_31x21,kc_delta,2,293,0.4984,126764,0
scale_31x21,kc_delta,2,294,0.5079,127364,0
scale_31x21,kc_delta,2,295,0.5048,127428,0
scale_31x21,kc_delta,2,296,0.4667,128028,0
scale_31x21,kc_delta,2,297,0.4857,128125,0
scale_31x21,kc_delta,2,298,0.4857,128127,0
scale_31x21,kc_delta,2,299,0.4857,128727,0
scale_31x21,kc_delta,2,300,0.5079,129327,0
scale_31x21,kc_delta,2,301,0.4857,129927,0
scale_31x21,kc_delta,2,302,0.5111,130527,0
scale_31x21,kc_delta,2,303,0.5048,131127,0
scale_31x21,kc_delta,2,304,0.4921,131727,0
scale_31x21,kc_delta,2,305,0.4921,132327,0
scale_31x21,kc_delta,2,306,0.5206,132424,0
scale_31x21,kc_delta,2,307,0.5079,132450,0
scale_31x21,kc_delta,2,308,0.5048,133050,0
scale_31x21,kc_delta,2,309,0.4921,133650,0
scale_31x21,kc_delta,2,310,0.4889,134250,0
scale_31x21,kc_delta,2,311,0.4889,134850,0
scale_31x21,kc_delta,2,312,0.4794,135450,0
scale_31x21,kc_delta,2,313,0.4857,136050,0
scale_31x21,kc_delta,2,314,0.4730,136650,0
scale_31x21,kc_delta,2,315,0.4857,136697,0
scale_31x21,kc_delta,2,316,0.5016,136740,0
scale_31x21,kc_delta,2,317,0.5048,136762,0
scale_31x21,kc_delta,2,318,0.5111,137362,0
scale_31x21,kc_delta,2,319,0.5111,137962,0
scale_31x21,kc_delta,2,320,0.5143,138094,0
scale_31x21,kc_delta,2,321,0.5079,138694,0
scale_31x21,kc_delta,2,322,0.5048,138710,0
scale_31x21,kc_delta,2,323,0.5079,139310,0
scale_31x21,kc_delta,2,324,0.5238,139910,0
scale_31x21,kc_delta,2,325,0.5302,140510,0
scale_31x21,kc_delta,2,326,0.5302,140623,0
scale_31x21,kc_delta,2,327,0.5270,141223,0
scale_31x21,kc_delta,2,328,0.5302,141823,0
scale_31x21,kc_delta,2,329,0.5365,142423,0
scale_31x21,kc_delta,2,330,0.5460,143023,0
scale_31x21,kc_delta,2,331,0.5206,143623,0
scale_31x21,kc_delta,2,332,0.5175,144223,0
scale_31x21,kc_delta,2,333,0.5270,144231,0
scale_31x21,kc_delta,2,334,0.5206,144831,0
scale_31x21,kc_delta,2,335,0.4825,145431,0
scale_31x21,kc_delta,2,336,0.5175,145788,0
scale_31x21,kc_delta,2,337,0.5397,146292,0
scale_31x21,kc_delta,2,338,0.5429,146311,0
scale_31x21,kc_delta,2,339,0.5397,146328,0
scale_31x21,kc_delta,2,340,0.5587,146928,0
scale_31x21,kc_delta,2,341,0.5556,146940,0
scale_31x21,kc_delta,2,342,0.5619,146964,0
scale_31x21,kc_delta,2,343,0.5651,147328,0
scale_31x21,kc_delta,2,344,0.5683,147335,0
scale_31x21,kc_delta,2,345,0.5587,147935,0
scale_31x21,kc_delta,2,346,0.5556,148535,0
scale_31x21,kc_delta,2,347,0.5524,149135,0
scale_31x21,kc_delta,2,348,0.5302,149735,0
scale_31x21,kc_delta,2,349,0.4952,150335,0
scale_31x21,kc_delta,2,350,0.5175,150396,0
scale_31x21,kc_delta,2,351,0.5143,150996,0
scale_31x21,kc_delta,2,352,0.5048,151596,0
scale_31x21,kc_delta,2,353,0.5016,152196,0
scale_31x21,kc_delta,2,354,0.4794,152796,0
scale_31x21,kc_delta,2,355,0.4794,152812,0
scale_31x21,kc_delta,2,356,0.4889,152857,0
scale_31x21,kc_delta,2,357,0.4825,153457,0
scale_31x21,kc_delta,2,358,0.4857,153470,0
scale_31x21,kc_delta,2,359,0.5048,153503,0
scale_31x21,kc_delta,2,360,0.4984,153515,0
scale_31x21,kc_delta,2,361,0.4857,154115,0
scale_31x21,kc_delta,2,362,0.5016,154715,0
scale_31x21,kc_delta,2,363,0.5175,154773,0
scale_31x21,kc_delta,2,364,0.5048,155373,0
scale_31x21,kc_delta,2,365,0.5079,155973,0
scale_31x21,kc_delta,2,366,0.5048,156573,0
scale_31x21,kc_delta,2,367,0.5016,157173,0
scale_31x21,kc_delta,2,368,0.5048,157773,0
scale_31x21,kc_delta,2,369,0.5016,158373,0
scale_31x21,kc_delta,2,370,0.4984,158386,0
scale_31x21,kc_delta,2,371,0.5111,158433,0
scale_31x21,kc_delta,2,372,0.5048,159033,0
scale_31x21,kc_delta,2,373,0.5079,159633,0
scale_31x21,kc_delta,2,374,0.5048,160233,0
scale_31x21,kc_delta,2,375,0.4984,160248,0
scale_31x21,kc_delta,2,376,0.4984,160251,0
scale_31x21,kc_delta,2,377,0.4889,160851,0
scale_31x21,kc_delta,2,378,0.5016,160874,0
scale_31x21,kc_delta,2,379,0.5111,161474,0
scale_31x21,kc_delta,2,380,0.4952,162074,0
scale_31x21,kc_delta,2,381,0.4952,162674,0
scale_31x21,kc_delta,2,382,0.4921,162681,0
scale_31x21,kc_delta,2,383,0.4952,162690,0
scale_31x21,kc_delta,2,384,0.5111,162779,0
scale_31x21,kc_delta,2,385,0.5143,163379,0
scale_31x21,kc_delta,2,386,0.5143,163979,0
scale_31x21,kc_delta,2,387,0.5079,164234,0
scale_31x21,kc_delta,2,388,0.5016,164834,0
scale_31x21,kc_delta,2,389,0.5016,164906,0
scale_31x21,kc_delta,2,390,0.5079,165506,0
scale_31x21,kc_delta,2,391,0.5238,165525,0
scale_31x21,kc_delta,2,392,0.5143,165540,0
scale_31x21,kc_delta,2,393,0.4921,166140,0
scale_31x21,kc_delta,2,394,0.4952,166740,0
scale_31x21,kc_delta,2,395,0.4984,167340,0
scale_31x21,kc_delta,2,396,0.5206,167505,0
scale_31x21,kc_delta,2,397,0.5365,168105,0
scale_31x21,kc_delta,2,398,0.5365,168122,0
scale_31x21,kc_delta,2,399,0.5365,168722,0
scale_31x21,kc_delta,2,400,0.5302,169322,0
scale_31x21,kc_delta,2,401,0.5238,169922,0
scale_31x21,kc_delta,2,402,0.5238,170522,0
scale_31x21,kc_delta,2,403,0.5270,170786,0
scale_31x21,kc_delta,2,404,0.5302,170849,0
scale_31x21,kc_delta,2,405,0.5270,171449,0
scale_31x21,kc_delta,2,406,0.5270,172049,0
scale_31x21,kc_delta,2,407,0.5333,172051,0
scale_31x21,kc_delta,2,408,0.5460,172069,0
scale_31x21,kc_delta,2,409,0.5365,172669,0
scale_31x21,kc_delta,2,410,0.5016,173269,0
scale_31x21,kc_delta,2,411,0.5048,173294,0
scale_31x21,kc_delta,2,412,0.5175,173332,0
scale_31x21,kc_delta,2,413,0.5302,173932,0
scale_31x21,kc_delta,2,414,0.5333,174532,0
scale_31x21,kc_delta,2,415,0.5302,174585,0
scale_31x21,kc_delta,2,416,0.5397,174811,0
scale_31x21,kc_delta,2,417,0.5429,174829,0
scale_31x21,kc_delta,2,418,0.5302,175429,0
scale_31x21,kc_delta,2,419,0.5365,176029,0
scale_31x21,kc_delta,2,420,0.5429,176629,0
scale_31x21,kc_delta,2,421,0.5333,176664,0
scale_31x21,kc_delta,2,422,0.5460,176711,0
scale_31x21,kc_delta,2,423,0.5429,176727,0
scale_31x21,kc_delta,2,424,0.5429,176749,0
scale_31x21,kc_delta,2,425,0.5365,176751,0
scale_31x21,kc_delta,2,426,0.5492,177351,0
scale_31x21,kc_delta,2,427,0.5397,177951,0
scale_31x21,kc_delta,2,428,0.5206,178551,0
scale_31x21,kc_delta,2,429,0.5302,178564,0
scale_31x21,kc_delta,2,430,0.5365,178580,0
scale_31x21,kc_delta,2,431,0.5333,179142,0
scale_31x21,kc_delta,2,432,0.5556,179742,0
scale_31x21,kc_delta,2,433,0.5397,180342,0
scale_31x21,kc_delta,2,434,0.5270,180942,0
scale_31x21,kc_delta,2,435,0.5111,181542,0
scale_31x21,kc_delta,2,436,0.5079,181559,0
scale_31x21,kc_delta,2,437,0.5175,181564,0
scale_31x21,kc_delta,2,438,0.5175,182164,0
scale_31x21,kc_delta,2,439,0.5333,182385,0
scale_31x21,kc_delta,2,440,0.5333,182403,0
scale_31x21,kc_delta,2,441,0.5365,182421,0
scale_31x21,kc_delta,2,442,0.5492,182949,0
scale_31x21,kc_delta,2,443,0.5365,183172,0
scale_31x21,kc_delta,2,444,0.5238,183772,0
scale_31x21,kc_delta,2,445,0.5206,184372,0
scale_31x21,kc_delta,2,446,0.5206,184387,0
scale_31x21,kc_delta,2,447,0.5397,184987,0
scale_31x21,kc_delta,2,448,0.5333,185587,0
scale_31x21,kc_delta,2,449,0.5365,186187,0
scale_31x21,kc_delta,2,450,0.5270,186787,0
scale_31x21,kc_delta,2,451,0.5238,187387,0
scale_31x21,kc_delta,2,452,0.5143,187987,0
scale_31x21,kc_delta,2,453,0.5302,188587,0
scale_31x21,kc_delta,2,454,0.5206,189187,0
scale_31x21,kc_delta,2,455,0.5238,189207,0
scale_31x21,kc_delta,2,456,0.5238,189223,0
scale_31x21,kc_delta,2,457,0.5238,189823,0
scale_31x21,kc_delta,2,458,0.5079,190423,0
scale_31x21,kc_delta,2,459,0.5016,191023,0
scale_31x21,kc_delta,2,460,0.5111,191623,0
scale_31x21,kc_delta,2,461,0.5238,191632,0
scale_31x21,kc_delta,2,462,0.5397,191708,0
scale_31x21,kc_delta,2,463,0.5365,192308,0
scale_31x21,kc_delta,2,464,0.5556,192908,0
scale_31x21,kc_delta,2,465,0.5492,192931,0
scale_31x21,kc_delta,2,466,0.5619,193077,0
scale_31x21,kc_delta,2,467,0.5587,193128,0
scale_31x21,kc_delta,2,468,0.5524,193728,0
scale_31x21,kc_delta,2,469,0.5333,194328,0
scale_31x21,kc_delta,2,470,0.5619,194459,0
scale_31x21,kc_delta,2,471,0.5492,195059,0
scale_31x21,kc_delta,2,472,0.5429,195083,0
scale_31x21,kc_delta,2,473,0.5651,195419,0
scale_31x21,kc_delta,2,474,0.5619,195436,0
scale_31x21,kc_delta,2,475,0.5651,196036,0
scale_31x21,kc_delta,2,476,0.5365,196636,0
scale_31x21,kc_delta,2,477,0.5524,196922,0
scale_31x21,kc_delta,2,478,0.5556,197522,0
scale_31x21,kc_delta,2,479,0.5651,198122,0
scale_31x21,kc_delta,2,480,0.5524,198722,0
scale_31x21,kc_delta,2,481,0.5587,198732,0
scale_31x21,kc_delta,2,482,0.5619,199332,0
scale_31x21,kc_delta,2,483,0.5746,199374,0
scale_31x21,kc_delta,2,484,0.5556,199974,0
scale_31x21,kc_delta,2,485,0.5587,199983,0
scale_31x21,kc_delta,2,486,0.5905,200060,0
scale_31x21,kc_delta,2,487,0.5492,200660,0
scale_31x21,kc_delta,2,488,0.5365,201260,0
scale_31x21,kc_delta,2,489,0.5556,201277,0
scale_31x21,kc_delta,2,490,0.5619,201734,0
scale_31x21,kc_delta,2,491,0.5619,201740,0
scale_31x21,kc_delta,2,492,0.5683,202340,0
scale_31x21,kc_delta,2,493,0.5873,202463,0
scale_31x21,kc_delta,2,494,0.5905,203063,0
scale_31x21,kc_delta,2,495,0.5714,203663,0
scale_31x21,kc_delta,2,496,0.5778,203673,0
scale_31x21,kc_delta,2,497,0.5746,203690,0
scale_31x21,kc_delta,2,498,0.5778,204290,0
scale_31x21,kc_delta,2,499,0.5651,204346,0
scale_31x21,kc_delta,2,500,0.5778,204946,0
scale_31x21,kc_delta,2,501,0.5683,204970,0
scale_31x21,kc_delta,2,502,0.5778,204999,0
scale_31x21,kc_delta,2,503,0.5778,205599,0
scale_31x21,kc_delta,2,504,0.5365,206199,0
scale_31x21,kc_delta,2,505,0.4984,206799,0
scale_31x21,kc_delta,2,506,0.4984,207399,0
scale_31x21,kc_delta,2,507,0.4857,207999,0
scale_31x21,kc_delta,2,508,0.5048,208599,0
scale_31x21,kc_delta,2,509,0.5333,208864,0
scale_31x21,kc_delta,2,510,0.5556,208928,0
scale_31x21,kc_delta,2,511,0.5492,209528,0
scale_31x21,kc_delta,2,512,0.5429,210128,0
scale_31x21,kc_delta,2,513,0.5587,210728,0
scale_31x21,kc_delta,2,514,0.5492,211328,0
scale_31x21,kc_delta,2,515,0.5460,211928,0
scale_31x21,kc_delta,2,516,0.5492,212462,0
scale_31x21,kc_delta,2,517,0.5397,213062,0
scale_31x21,kc_delta,2,518,0.5714,213553,0
scale_31x21,kc_delta,2,519,0.5683,213570,0
scale_31x21,kc_delta,2,520,0.5556,214170,0
scale_31x21,kc_delta,2,521,0.5460,214770,0
scale_31x21,kc_delta,2,522,0.5333,215370,0
scale_31x21,kc_delta,2,523,0.5492,215496,0
scale_31x21,kc_delta,2,524,0.5492,215583,0
scale_31x21,kc_delta,2,525,0.5587,215876,0
scale_31x21,kc_delta,2,526,0.5619,215885,0
scale_31x21,kc_delta,2,527,0.5302,216485,0
scale_31x21,kc_delta,2,528,0.5397,216531,0
scale_31x21,kc_delta,2,529,0.5333,217131,0
scale_31x21,kc_delta,2,530,0.5302,217731,0
scale_31x21,kc_delta,2,531,0.5206,218331,0
scale_31x21,kc_delta,2,532,0.5206,218931,0
scale_31x21,kc_delta,2,533,0.5206,218965,0
scale_31x21,kc_delta,2,534,0.5270,218975,0
scale_31x21,kc_delta,2,535,0.5143,219010,0
scale_31x21,kc_delta,2,536,0.5206,219610,0
scale_31x21,kc_delta,2,537,0.5302,220210,0
scale_31x21,kc_delta,2,538,0.5270,220308,0
scale_31x21,kc_delta,2,539,0.5365,220573,0
scale_31x21,kc_delta,2,540,0.5333,221173,0
scale_31x21,kc_delta,2,541,0.5333,221178,0
scale_31x21,kc_delta,2,542,0.5270,221259,0
scale_31x21,kc_delta,2,543,0.5238,221282,0
scale_31x21,kc_delta,2,544,0.5270,221882,0
scale_31x21,kc_delta,2,545,0.5238,221901,0
scale_31x21,kc_delta,2,546,0.5111,222501,0
scale_31x21,kc_delta,2,547,0.4762,223101,0
scale_31x21,kc_delta,2,548,0.4571,223701,0
scale_31x21,kc_delta,2,549,0.4857,224301,0
scale_31x21,kc_delta,2,550,0.4730,224901,0
scale_31x21,kc_delta,2,551,0.4952,224942,0
scale_31x21,kc_delta,2,552,0.5079,225214,0
scale_31x21,kc_delta,2,553,0.4857,225814,0
scale_31x21,kc_delta,2,554,0.4857,226414,0
scale_31x21,kc_delta,2,555,0.4667,227014,0
scale_31x21,kc_delta,2,556,0.4825,227156,0
scale_31x21,kc_delta,2,557,0.4794,227168,0
scale_31x21,kc_delta,2,558,0.4794,227768,0
scale_31x21,kc_delta,2,559,0.4603,228368,0
scale_31x21,kc_delta,2,560,0.4762,228968,0
scale_31x21,kc_delta,2,561,0.4921,229568,0
scale_31x21,kc_delta,2,562,0.4825,230168,0
scale_31x21,kc_delta,2,563,0.4952,230768,0
scale_31x21,kc_delta,2,564,0.4825,230830,0
scale_31x21,kc_delta,2,565,0.4889,231430,0
scale_31x21,kc_delta,2,566,0.4921,232030,0
scale_31x21,kc_delta,2,567,0.5206,232630,0
scale_31x21,kc_delta,2,568,0.5111,233230,0
scale_31x21,kc_delta,2,569,0.4984,233830,0
scale_31x21,kc_delta,2,570,0.5238,234430,0
scale_31x21,kc_delta,2,571,0.5238,235030,0
scale_31x21,kc_delta,2,572,0.5365,235630,0
scale_31x21,kc_delta,2,573,0.5206,236230,0
scale_31x21,kc_delta,2,574,0.5175,236830,0
scale_31x21,kc_delta,2,575,0.5302,237430,0
scale_31x21,kc_delta,2,576,0.4730,238030,0
scale_31x21,kc_delta,2,577,0.4984,238102,0
scale_31x21,kc_delta,2,578,0.5079,238702,0
scale_31x21,kc_delta,2,579,0.4921,239302,0
scale_31x21,kc_delta,2,580,0.5048,239902,0
scale_31x21,kc_delta,2,581,0.5206,239916,0
scale_31x21,kc_delta,2,582,0.5175,239946,0
scale_31x21,kc_delta,2,583,0.4889,240546,0
scale_31x21,kc_delta,2,584,0.4762,240829,0
scale_31x21,kc_delta,2,585,0.4857,240919,0
scale_31x21,kc_delta,2,586,0.4635,241519,0
scale_31x21,kc_delta,2,587,0.4571,242119,0
scale_31x21,kc_delta,2,588,0.4794,242719,0
scale_31x21,kc_delta,2,589,0.5048,243319,0
scale_31x21,kc_delta,2,590,0.4952,243919,0
scale_31x21,kc_delta,2,591,0.4825,244519,0
scale_31x21,kc_delta,2,592,0.5175,245119,0
scale_31x21,kc_delta,2,593,0.5111,245719,0
scale_31x21,kc_delta,2,594,0.5111,245795,0
scale_31x21,kc_delta,2,595,0.5048,246395,0
scale_31x21,kc_delta,2,596,0.5079,246995,0
scale_31x21,kc_delta,2,597,0.5048,247595,0
scale_31x21,kc_delta,2,598,0.5333,247674,0
scale_31x21,kc_delta,2,599,0.5206,248274,0
scale_31x21,rand_delta,2,0,0.4095,600,0
scale_31x21,rand_delta,2,1,0.4000,1200,0
scale_31x21,rand_delta,2,2,0.4286,1567,0
scale_31x21,rand_delta,2,3,0.4698,1962,0
scale_31x21,rand_delta,2,4,0.3429,2562,0
scale_31x21,rand_delta,2,5,0.3810,2603,0
scale_31x21,rand_delta,2,6,0.4317,2913,0
scale_31x21,rand_delta,2,7,0.5048,3513,0
scale_31x21,rand_delta,2,8,0.4825,3527,0
scale_31x21,rand_delta,2,9,0.5175,3934,0
scale_31x21,rand_delta,2,10,0.5206,4367,0
scale_31x21,rand_delta,2,11,0.5270,4446,0
scale_31x21,rand_delta,2,12,0.5429,4501,0
scale_31x21,rand_delta,2,13,0.5460,5101,0
scale_31x21,rand_delta,2,14,0.6032,5439,0
scale_31x21,rand_delta,2,15,0.5651,6039,0
scale_31x21,rand_delta,2,16,0.5683,6055,0
scale_31x21,rand_delta,2,17,0.5746,6113,0
scale_31x21,rand_delta,2,18,0.5714,6167,0
scale_31x21,rand_delta,2,19,0.6063,6396,0
scale_31x21,rand_delta,2,20,0.6381,6510,0
scale_31x21,rand_delta,2,21,0.5079,7110,0
scale_31x21,rand_delta,2,22,0.6000,7308,0
scale_31x21,rand_delta,2,23,0.6190,7425,0
scale_31x21,rand_delta,2,24,0.6254,7434,0
scale_31x21,rand_delta,2,25,0.6222,7510,0
scale_31x21,rand_delta,2,26,0.6413,7635,0
scale_31x21,rand_delta,2,27,0.6413,7641,0
scale_31x21,rand_delta,2,28,0.6254,7780,0
scale_31x21,rand_delta,2,29,0.6286,7906,0
scale_31x21,rand_delta,2,30,0.6254,7977,0
scale_31x21,rand_delta,2,31,0.6571,8260,0
scale_31x21,rand_delta,2,32,0.6381,8413,0
scale_31x21,rand_delta,2,33,0.6127,9013,0
scale_31x21,rand_delta,2,34,0.5683,9613,0
scale_31x21,rand_delta,2,35,0.6032,9685,0
scale_31x21,rand_delta,2,36,0.6190,9760,0
scale_31x21,rand_delta,2,37,0.6254,10258,0
scale_31x21,rand_delta,2,38,0.5556,10858,0
scale_31x21,rand_delta,2,39,0.6286,10952,0
scale_31x21,rand_delta,2,40,0.6381,11064,0
scale_31x21,rand_delta,2,41,0.6254,11165,0
scale_31x21,rand_delta,2,42,0.6000,11765,0
scale_31x21,rand_delta,2,43,0.6222,11833,0
scale_31x21,rand_delta,2,44,0.6413,11899,0
scale_31x21,rand_delta,2,45,0.6349,12003,0
scale_31x21,rand_delta,2,46,0.6381,12073,0
scale_31x21,rand_delta,2,47,0.5587,12673,0
scale_31x21,rand_delta,2,48,0.6508,12790,0
scale_31x21,rand_delta,2,49,0.6222,12855,0
scale_31x21,rand_delta,2,50,0.6444,12926,0
scale_31x21,rand_delta,2,51,0.6381,13485,0
scale_31x21,rand_delta,2,52,0.6349,13817,0
scale_31x21,rand_delta,2,53,0.6095,14417,0
scale_31x21,rand_delta,2,54,0.6286,14483,0
scale_31x21,rand_delta,2,55,0.6127,15083,0
scale_31x21,rand_delta,2,56,0.6159,15683,0
scale_31x21,rand_delta,2,57,0.5619,16283,0
scale_31x21,rand_delta,2,58,0.6159,16524,0
scale_31x21,rand_delta,2,59,0.6190,16586,0
scale_31x21,rand_delta,2,60,0.5238,17186,0
scale_31x21,rand_delta,2,61,0.6095,17233,0
scale_31x21,rand_delta,2,62,0.6127,17312,0
scale_31x21,rand_delta,2,63,0.5968,17912,0
scale_31x21,rand_delta,2,64,0.6159,18066,0
scale_31x21,rand_delta,2,65,0.6127,18114,0
scale_31x21,rand_delta,2,66,0.6254,18173,0
scale_31x21,rand_delta,2,67,0.6286,18237,0
scale_31x21,rand_delta,2,68,0.6222,18837,0
scale_31x21,rand_delta,2,69,0.6254,18876,0
scale_31x21,rand_delta,2,70,0.6159,18946,0
scale_31x21,rand_delta,2,71,0.6063,19226,0
scale_31x21,rand_delta,2,72,0.6127,19281,0
scale_31x21,rand_delta,2,73,0.6286,19412,0
scale_31x21,rand_delta,2,74,0.5524,20012,0
scale_31x21,rand_delta,2,75,0.6095,20230,0
scale_31x21,rand_delta,2,76,0.6222,20403,0
scale_31x21,rand_delta,2,77,0.6317,20479,0
scale_31x21,rand_delta,2,78,0.6222,20588,0
scale_31x21,rand_delta,2,79,0.6444,20667,0
scale_31x21,rand_delta,2,80,0.6571,20723,0
scale_31x21,rand_delta,2,81,0.6571,20774,0
scale_31x21,rand_delta,2,82,0.6254,21374,0
scale_31x21,rand_delta,2,83,0.6508,21570,0
scale_31x21,rand_delta,2,84,0.6222,22170,0
scale_31x21,rand_delta,2,85,0.6286,22182,0
scale_31x21,rand_delta,2,86,0.6317,22782,0
scale_31x21,rand_delta,2,87,0.6476,22836,0
scale_31x21,rand_delta,2,88,0.6444,22875,0
scale_31x21,rand_delta,2,89,0.6413,22937,0
scale_31x21,rand_delta,2,90,0.6190,23537,0
scale_31x21,rand_delta,2,91,0.6444,23634,0
scale_31x21,rand_delta,2,92,0.6476,23684,0
scale_31x21,rand_delta,2,93,0.6127,24284,0
scale_31x21,rand_delta,2,94,0.6159,24297,0
scale_31x21,rand_delta,2,95,0.6127,24324,0
scale_31x21,rand_delta,2,96,0.6254,24423,0
scale_31x21,rand_delta,2,97,0.5873,25023,0
scale_31x21,rand_delta,2,98,0.5968,25080,0
scale_31x21,rand_delta,2,99,0.5746,25680,0
scale_31x21,rand_delta,2,100,0.6254,25752,0
scale_31x21,rand_delta,2,101,0.5746,26352,0
scale_31x21,rand_delta,2,102,0.5778,26952,0
scale_31x21,rand_delta,2,103,0.5651,27552,0
scale_31x21,rand_delta,2,104,0.6159,27666,0
scale_31x21,rand_delta,2,105,0.6127,28042,0
scale_31x21,rand_delta,2,106,0.5651,28642,0
scale_31x21,rand_delta,2,107,0.6063,28709,0
scale_31x21,rand_delta,2,108,0.6540,29309,0
scale_31x21,rand_delta,2,109,0.5714,29909,0
scale_31x21,rand_delta,2,110,0.6127,30509,0
scale_31x21,rand_delta,2,111,0.6190,31109,0
scale_31x21,rand_delta,2,112,0.6222,31158,0
scale_31x21,rand_delta,2,113,0.5873,31758,0
scale_31x21,rand_delta,2,114,0.6286,31829,0
scale_31x21,rand_delta,2,115,0.6063,32429,0
scale_31x21,rand_delta,2,116,0.6254,32481,0
scale_31x21,rand_delta,2,117,0.6127,33081,0
scale_31x21,rand_delta,2,118,0.5683,33681,0
scale_31x21,rand_delta,2,119,0.6127,33777,0
scale_31x21,rand_delta,2,120,0.6317,33830,0
scale_31x21,rand_delta,2,121,0.6413,33876,0
scale_31x21,rand_delta,2,122,0.6762,34159,0
scale_31x21,rand_delta,2,123,0.6413,34316,0
scale_31x21,rand_delta,2,124,0.6222,34916,0
scale_31x21,rand_delta,2,125,0.6254,34922,0
scale_31x21,rand_delta,2,126,0.6349,34934,0
scale_31x21,rand_delta,2,127,0.6603,35534,0
scale_31x21,rand_delta,2,128,0.6698,35714,0
scale_31x21,rand_delta,2,129,0.6635,35743,0
scale_31x21,rand_delta,2,130,0.6476,35785,0
scale_31x21,rand_delta,2,131,0.6508,35828,0
scale_31x21,rand_delta,2,132,0.6540,35836,0
scale_31x21,rand_delta,2,133,0.6603,35876,0
scale_31x21,rand_delta,2,134,0.6540,35915,0
scale_31x21,rand_delta,2,135,0.6413,35943,0
scale_31x21,rand_delta,2,136,0.6222,36543,0
scale_31x21,rand_delta,2,137,0.6413,36948,0
scale_31x21,rand_delta,2,138,0.6159,37548,0
scale_31x21,rand_delta,2,139,0.6508,37636,0
scale_31x21,rand_delta,2,140,0.6413,37657,0
scale_31x21,rand_delta,2,141,0.6381,37679,0
scale_31x21,rand_delta,2,142,0.5714,38279,0
scale_31x21,rand_delta,2,143,0.5937,38299,0
scale_31x21,rand_delta,2,144,0.5778,38899,0
scale_31x21,rand_delta,2,145,0.6317,38992,0
scale_31x21,rand_delta,2,146,0.6476,39079,0
scale_31x21,rand_delta,2,147,0.6254,39679,0
scale_31x21,rand_delta,2,148,0.6190,39691,0
scale_31x21,rand_delta,2,149,0.6603,39753,0
scale_31x21,rand_delta,2,150,0.6571,39798,0
scale_31x21,rand_delta,2,151,0.6635,39839,0
scale_31x21,rand_delta,2,152,0.5778,40439,0
scale_31x21,rand_delta,2,153,0.6349,40530,0
scale_31x21,rand_delta,2,154,0.6286,40570,0
scale_31x21,rand_delta,2,155,0.6381,40611,0
scale_31x21,rand_delta,2,156,0.6317,40625,0
scale_31x21,rand_delta,2,157,0.5968,41225,0
scale_31x21,rand_delta,2,158,0.6190,41258,0
scale_31x21,rand_delta,2,159,0.6317,41297,0
scale_31x21,rand_delta,2,160,0.6286,41348,0
scale_31x21,rand_delta,2,161,0.6254,41362,0
scale_31x21,rand_delta,2,162,0.6444,41491,0
scale_31x21,rand_delta,2,163,0.6413,41508,0
scale_31x21,rand_delta,2,164,0.6444,41521,0
scale_31x21,rand_delta,2,165,0.6476,41564,0
scale_31x21,rand_delta,2,166,0.5365,42164,0
scale_31x21,rand_delta,2,167,0.6254,42255,0
scale_31x21,rand_delta,2,168,0.6127,42855,0
scale_31x21,rand_delta,2,169,0.6413,42885,0
scale_31x21,rand_delta,2,170,0.6349,43485,0
scale_31x21,rand_delta,2,171,0.6190,44085,0
scale_31x21,rand_delta,2,172,0.6317,44121,0
scale_31x21,rand_delta,2,173,0.6667,44219,0
scale_31x21,rand_delta,2,174,0.6667,44240,0
scale_31x21,rand_delta,2,175,0.6603,44324,0
scale_31x21,rand_delta,2,176,0.6603,44341,0
scale_31x21,rand_delta,2,177,0.6127,44941,0
scale_31x21,rand_delta,2,178,0.5746,45541,0
scale_31x21,rand_delta,2,179,0.5968,46141,0
scale_31x21,rand_delta,2,180,0.5937,46741,0
scale_31x21,rand_delta,2,181,0.6095,46760,0
scale_31x21,rand_delta,2,182,0.6413,46845,0
scale_31x21,rand_delta,2,183,0.6190,47445,0
scale_31x21,rand_delta,2,184,0.6444,47514,0
scale_31x21,rand_delta,2,185,0.6540,47535,0
scale_31x21,rand_delta,2,186,0.6444,48135,0
scale_31x21,rand_delta,2,187,0.6381,48735,0
scale_31x21,rand_delta,2,188,0.6286,49335,0
scale_31x21,rand_delta,2,189,0.6508,49398,0
scale_31x21,rand_delta,2,190,0.6603,49893,0
scale_31x21,rand_delta,2,191,0.6667,49949,0
scale_31x21,rand_delta,2,192,0.6730,49977,0
scale_31x21,rand_delta,2,193,0.6730,50027,0
scale_31x21,rand_delta,2,194,0.6159,50627,0
scale_31x21,rand_delta,2,195,0.6476,50682,0
scale_31x21,rand_delta,2,196,0.6730,50728,0
scale_31x21,rand_delta,2,197,0.6413,50759,0
scale_31x21,rand_delta,2,198,0.6413,51359,0
scale_31x21,rand_delta,2,199,0.6413,51429,0
scale_31x21,rand_delta,2,200,0.5683,52029,0
scale_31x21,rand_delta,2,201,0.6190,52056,0
scale_31x21,rand_delta,2,202,0.6540,52102,0
scale_31x21,rand_delta,2,203,0.6603,52125,0
scale_31x21,rand_delta,2,204,0.6444,52158,0
scale_31x21,rand_delta,2,205,0.6476,52183,0
scale_31x21,rand_delta,2,206,0.6476,52192,0
scale_31x21,rand_delta,2,207,0.6444,52233,0
scale_31x21,rand_delta,2,208,0.6571,52262,0
scale_31x21,rand_delta,2,209,0.6349,52862,0
scale_31x21,rand_delta,2,210,0.6571,52889,0
scale_31x21,rand_delta,2,211,0.6476,52927,0
scale_31x21,rand_delta,2,212,0.6762,52939,0
scale_31x21,rand_delta,2,213,0.6508,53539,0
scale_31x21,rand_delta,2,214,0.6508,53561,0
scale_31x21,rand_delta,2,215,0.6317,54161,0
scale_31x21,rand_delta,2,216,0.6286,54179,0
scale_31x21,rand_delta,2,217,0.6317,54228,0
scale_31x21,rand_delta,2,218,0.5714,54828,0
scale_31x21,rand_delta,2,219,0.6254,55170,0
scale_31x21,rand_delta,2,220,0.6444,55185,0
scale_31x21,rand_delta,2,221,0.6444,55207,0
scale_31x21,rand_delta,2,222,0.6603,55270,0
scale_31x21,rand_delta,2,223,0.6794,55322,0
scale_31x21,rand_delta,2,224,0.6762,55351,0
scale_31x21,rand_delta,2,225,0.6984,55408,0
scale_31x21,rand_delta,2,226,0.6159,56008,0
scale_31x21,rand_delta,2,227,0.5873,56608,0
scale_31x21,rand_delta,2,228,0.6667,56781,0
scale_31x21,rand_delta,2,229,0.6667,56796,0
scale_31x21,rand_delta,2,230,0.6794,56826,0
scale_31x21,rand_delta,2,231,0.6762,57426,0
scale_31x21,rand_delta,2,232,0.6762,58026,0
scale_31x21,rand_delta,2,233,0.6794,58029,0
scale_31x21,rand_delta,2,234,0.6730,58157,0
scale_31x21,rand_delta,2,235,0.6508,58757,0
scale_31x21,rand_delta,2,236,0.6349,59357,0
scale_31x21,rand_delta,2,237,0.6762,59416,0
scale_31x21,rand_delta,2,238,0.6698,59454,0
scale_31x21,rand_delta,2,239,0.6667,59493,0
scale_31x21,rand_delta,2,240,0.6603,59511,0
scale_31x21,rand_delta,2,241,0.6603,59551,0
scale_31x21,rand_delta,2,242,0.6190,60151,0
scale_31x21,rand_delta,2,243,0.6635,60198,0
scale_31x21,rand_delta,2,244,0.6540,60798,0
scale_31x21,rand_delta,2,245,0.6603,60841,0
scale_31x21,rand_delta,2,246,0.6603,60846,0
scale_31x21,rand_delta,2,247,0.6286,61446,0
scale_31x21,rand_delta,2,248,0.6286,61792,0
scale_31x21,rand_delta,2,249,0.6286,61839,0
scale_31x21,rand_delta,2,250,0.6349,61906,0
scale_31x21,rand_delta,2,251,0.6857,61959,0
scale_31x21,rand_delta,2,252,0.6063,62559,0
scale_31x21,rand_delta,2,253,0.6603,62925,0
scale_31x21,rand_delta,2,254,0.6349,63525,0
scale_31x21,rand_delta,2,255,0.6603,63593,0
scale_31x21,rand_delta,2,256,0.6381,64193,0
scale_31x21,rand_delta,2,257,0.6413,64793,0
scale_31x21,rand_delta,2,258,0.6286,65393,0
scale_31x21,rand_delta,2,259,0.6635,65468,0
scale_31x21,rand_delta,2,260,0.6667,66068,0
scale_31x21,rand_delta,2,261,0.6508,66668,0
scale_31x21,rand_delta,2,262,0.6825,66720,0
scale_31x21,rand_delta,2,263,0.6794,66775,0
scale_31x21,rand_delta,2,264,0.6889,66783,0
scale_31x21,rand_delta,2,265,0.6413,67383,0
scale_31x21,rand_delta,2,266,0.6794,67449,0
scale_31x21,rand_delta,2,267,0.6730,67473,0
scale_31x21,rand_delta,2,268,0.6857,67541,0
scale_31x21,rand_delta,2,269,0.6952,67563,0
scale_31x21,rand_delta,2,270,0.6952,67638,0
scale_31x21,rand_delta,2,271,0.6984,67664,0
scale_31x21,rand_delta,2,272,0.6921,67725,0
scale_31x21,rand_delta,2,273,0.6921,68325,0
scale_31x21,rand_delta,2,274,0.6921,68925,0
scale_31x21,rand_delta,2,275,0.6825,69018,0
scale_31x21,rand_delta,2,276,0.6889,69057,0
scale_31x21,rand_delta,2,277,0.6762,69657,0
scale_31x21,rand_delta,2,278,0.6921,69735,0
scale_31x21,rand_delta,2,279,0.6952,69813,0
scale_31x21,rand_delta,2,280,0.6825,70413,0
scale_31x21,rand_delta,2,281,0.6984,70464,0
scale_31x21,rand_delta,2,282,0.6952,70494,0
scale_31x21,rand_delta,2,283,0.6984,70527,0
scale_31x21,rand_delta,2,284,0.6889,71127,0
scale_31x21,rand_delta,2,285,0.6889,71133,0
scale_31x21,rand_delta,2,286,0.6921,71178,0
scale_31x21,rand_delta,2,287,0.6921,71187,0
scale_31x21,rand_delta,2,288,0.6857,71206,0
scale_31x21,rand_delta,2,289,0.6825,71806,0
scale_31x21,rand_delta,2,290,0.6762,71833,0
scale_31x21,rand_delta,2,291,0.6730,71846,0
scale_31x21,rand_delta,2,292,0.6698,72446,0
scale_31x21,rand_delta,2,293,0.6825,73046,0
scale_31x21,rand_delta,2,294,0.6730,73646,0
scale_31x21,rand_delta,2,295,0.6762,73694,0
scale_31x21,rand_delta,2,296,0.6444,74294,0
scale_31x21,rand_delta,2,297,0.6476,74315,0
scale_31x21,rand_delta,2,298,0.6476,74317,0
scale_31x21,rand_delta,2,299,0.6222,74917,0
scale_31x21,rand_delta,2,300,0.5937,75517,0
scale_31x21,rand_delta,2,301,0.5460,76117,0
scale_31x21,rand_delta,2,302,0.5714,76717,0
scale_31x21,rand_delta,2,303,0.6476,76797,0
scale_31x21,rand_delta,2,304,0.6540,76829,0
scale_31x21,rand_delta,2,305,0.6667,77004,0
scale_31x21,rand_delta,2,306,0.6635,77037,0
scale_31x21,rand_delta,2,307,0.6540,77202,0
scale_31x21,rand_delta,2,308,0.6635,77296,0
scale_31x21,rand_delta,2,309,0.6730,77342,0
scale_31x21,rand_delta,2,310,0.6063,77942,0
scale_31x21,rand_delta,2,311,0.6286,78542,0
scale_31x21,rand_delta,2,312,0.6222,79142,0
scale_31x21,rand_delta,2,313,0.6667,79219,0
scale_31x21,rand_delta,2,314,0.5714,79819,0
scale_31x21,rand_delta,2,315,0.6095,79850,0
scale_31x21,rand_delta,2,316,0.6159,79858,0
scale_31x21,rand_delta,2,317,0.6286,79874,0
scale_31x21,rand_delta,2,318,0.6571,80022,0
scale_31x21,rand_delta,2,319,0.6857,80093,0
scale_31x21,rand_delta,2,320,0.6857,80120,0
scale_31x21,rand_delta,2,321,0.6317,80720,0
scale_31x21,rand_delta,2,322,0.6349,80732,0
scale_31x21,rand_delta,2,323,0.6698,80802,0
scale_31x21,rand_delta,2,324,0.6762,80842,0
scale_31x21,rand_delta,2,325,0.6825,81442,0
scale_31x21,rand_delta,2,326,0.6857,81472,0
scale_31x21,rand_delta,2,327,0.6762,82072,0
scale_31x21,rand_delta,2,328,0.6794,82150,0
scale_31x21,rand_delta,2,329,0.6730,82198,0
scale_31x21,rand_delta,2,330,0.6889,82235,0
scale_31x21,rand_delta,2,331,0.6476,82835,0
scale_31x21,rand_delta,2,332,0.6476,82949,0
scale_31x21,rand_delta,2,333,0.6476,82956,0
scale_31x21,rand_delta,2,334,0.6540,83556,0
scale_31x21,rand_delta,2,335,0.5365,84156,0
scale_31x21,rand_delta,2,336,0.6127,84253,0
scale_31x21,rand_delta,2,337,0.6413,84282,0
scale_31x21,rand_delta,2,338,0.6444,84299,0
scale_31x21,rand_delta,2,339,0.6794,84453,0
scale_31x21,rand_delta,2,340,0.6762,85053,0
scale_31x21,rand_delta,2,341,0.6762,85063,0
scale_31x21,rand_delta,2,342,0.6762,85094,0
scale_31x21,rand_delta,2,343,0.6921,85116,0
scale_31x21,rand_delta,2,344,0.6921,85122,0
scale_31x21,rand_delta,2,345,0.6952,85151,0
scale_31x21,rand_delta,2,346,0.7016,85194,0
scale_31x21,rand_delta,2,347,0.6857,85227,0
scale_31x21,rand_delta,2,348,0.6000,85827,0
scale_31x21,rand_delta,2,349,0.6000,86427,0
scale_31x21,rand_delta,2,350,0.5937,86441,0
scale_31x21,rand_delta,2,351,0.6444,86535,0
scale_31x21,rand_delta,2,352,0.6730,86786,0
scale_31x21,rand_delta,2,353,0.6762,86834,0
scale_31x21,rand_delta,2,354,0.6762,87121,0
scale_31x21,rand_delta,2,355,0.6730,87130,0
scale_31x21,rand_delta,2,356,0.6730,87139,0
scale_31x21,rand_delta,2,357,0.6825,87187,0
scale_31x21,rand_delta,2,358,0.6762,87194,0
scale_31x21,rand_delta,2,359,0.6762,87210,0
scale_31x21,rand_delta,2,360,0.6794,87222,0
scale_31x21,rand_delta,2,361,0.6857,87354,0
scale_31x21,rand_delta,2,362,0.6667,87954,0
scale_31x21,rand_delta,2,363,0.6635,87967,0
scale_31x21,rand_delta,2,364,0.6508,88567,0
scale_31x21,rand_delta,2,365,0.6825,88708,0
scale_31x21,rand_delta,2,366,0.6159,89308,0
scale_31x21,rand_delta,2,367,0.6635,89361,0
scale_31x21,rand_delta,2,368,0.6730,89405,0
scale_31x21,rand_delta,2,369,0.6698,90005,0
scale_31x21,rand_delta,2,370,0.6825,90018,0
scale_31x21,rand_delta,2,371,0.6794,90044,0
scale_31x21,rand_delta,2,372,0.6730,90644,0
scale_31x21,rand_delta,2,373,0.6413,91244,0
scale_31x21,rand_delta,2,374,0.6762,91407,0
scale_31x21,rand_delta,2,375,0.6762,91420,0
scale_31x21,rand_delta,2,376,0.6762,91423,0
scale_31x21,rand_delta,2,377,0.6603,92023,0
scale_31x21,rand_delta,2,378,0.6571,92036,0
scale_31x21,rand_delta,2,379,0.6603,92636,0
scale_31x21,rand_delta,2,380,0.6762,93236,0
scale_31x21,rand_delta,2,381,0.6952,93295,0
scale_31x21,rand_delta,2,382,0.6984,93302,0
scale_31x21,rand_delta,2,383,0.6921,93309,0
scale_31x21,rand_delta,2,384,0.6984,93340,0
scale_31x21,rand_delta,2,385,0.6921,93373,0
scale_31x21,rand_delta,2,386,0.6984,93973,0
scale_31x21,rand_delta,2,387,0.6952,93993,0
scale_31x21,rand_delta,2,388,0.6889,94593,0
scale_31x21,rand_delta,2,389,0.6794,94632,0
scale_31x21,rand_delta,2,390,0.6889,94702,0
scale_31x21,rand_delta,2,391,0.6889,94717,0
scale_31x21,rand_delta,2,392,0.6889,94732,0
scale_31x21,rand_delta,2,393,0.6889,94775,0
scale_31x21,rand_delta,2,394,0.6825,94822,0
scale_31x21,rand_delta,2,395,0.6762,94857,0
scale_31x21,rand_delta,2,396,0.6857,94885,0
scale_31x21,rand_delta,2,397,0.6825,95485,0
scale_31x21,rand_delta,2,398,0.6857,95502,0
scale_31x21,rand_delta,2,399,0.6444,96102,0
scale_31x21,rand_delta,2,400,0.6698,96179,0
scale_31x21,rand_delta,2,401,0.6794,96779,0
scale_31x21,rand_delta,2,402,0.5841,97379,0
scale_31x21,rand_delta,2,403,0.6032,97413,0
scale_31x21,rand_delta,2,404,0.6825,97556,0
scale_31x21,rand_delta,2,405,0.7016,97614,0
scale_31x21,rand_delta,2,406,0.7111,97643,0
scale_31x21,rand_delta,2,407,0.7111,97645,0
scale_31x21,rand_delta,2,408,0.7048,97653,0
scale_31x21,rand_delta,2,409,0.5905,98253,0
scale_31x21,rand_delta,2,410,0.6698,98411,0
scale_31x21,rand_delta,2,411,0.6889,98438,0
scale_31x21,rand_delta,2,412,0.6857,98446,0
scale_31x21,rand_delta,2,413,0.6889,98496,0
scale_31x21,rand_delta,2,414,0.7079,98561,0
scale_31x21,rand_delta,2,415,0.7079,98582,0
scale_31x21,rand_delta,2,416,0.7175,98694,0
scale_31x21,rand_delta,2,417,0.7175,98709,0
scale_31x21,rand_delta,2,418,0.7016,99309,0
scale_31x21,rand_delta,2,419,0.6984,99909,0
scale_31x21,rand_delta,2,420,0.6921,99950,0
scale_31x21,rand_delta,2,421,0.6984,99982,0
scale_31x21,rand_delta,2,422,0.6984,100005,0
scale_31x21,rand_delta,2,423,0.6984,100015,0
scale_31x21,rand_delta,2,424,0.6984,100042,0
scale_31x21,rand_delta,2,425,0.6984,100044,0
scale_31x21,rand_delta,2,426,0.7016,100644,0
scale_31x21,rand_delta,2,427,0.7048,100738,0
scale_31x21,rand_delta,2,428,0.6984,101338,0
scale_31x21,rand_delta,2,429,0.6984,101348,0
scale_31x21,rand_delta,2,430,0.6984,101361,0
scale_31x21,rand_delta,2,431,0.7079,101388,0
scale_31x21,rand_delta,2,432,0.6952,101988,0
scale_31x21,rand_delta,2,433,0.6635,102588,0
scale_31x21,rand_delta,2,434,0.6381,103188,0
scale_31x21,rand_delta,2,435,0.5905,103788,0
scale_31x21,rand_delta,2,436,0.5968,103807,0
scale_31x21,rand_delta,2,437,0.5968,103809,0
scale_31x21,rand_delta,2,438,0.6857,104409,0
scale_31x21,rand_delta,2,439,0.6794,104454,0
scale_31x21,rand_delta,2,440,0.6794,104472,0
scale_31x21,rand_delta,2,441,0.6794,104531,0
scale_31x21,rand_delta,2,442,0.6762,104558,0
scale_31x21,rand_delta,2,443,0.6762,104578,0
scale_31x21,rand_delta,2,444,0.7016,105178,0
scale_31x21,rand_delta,2,445,0.7111,105778,0
scale_31x21,rand_delta,2,446,0.7048,105793,0
scale_31x21,rand_delta,2,447,0.7016,106336,0
scale_31x21,rand_delta,2,448,0.6984,106427,0
scale_31x21,rand_delta,2,449,0.6190,107027,0
scale_31x21,rand_delta,2,450,0.6540,107072,0
scale_31x21,rand_delta,2,451,0.6984,107672,0
scale_31x21,rand_delta,2,452,0.6984,108272,0
scale_31x21,rand_delta,2,453,0.6444,108872,0
scale_31x21,rand_delta,2,454,0.5968,109472,0
scale_31x21,rand_delta,2,455,0.6317,109508,0
scale_31x21,rand_delta,2,456,0.6317,109524,0
scale_31x21,rand_delta,2,457,0.6000,110124,0
scale_31x21,rand_delta,2,458,0.5492,110724,0
scale_31x21,rand_delta,2,459,0.6032,111324,0
scale_31x21,rand_delta,2,460,0.6095,111385,0
scale_31x21,rand_delta,2,461,0.6063,111392,0
scale_31x21,rand_delta,2,462,0.6476,111501,0
scale_31x21,rand_delta,2,463,0.6794,112101,0
scale_31x21,rand_delta,2,464,0.6000,112701,0
scale_31x21,rand_delta,2,465,0.6254,112731,0
scale_31x21,rand_delta,2,466,0.6381,112769,0
scale_31x21,rand_delta,2,467,0.6571,112807,0
scale_31x21,rand_delta,2,468,0.6508,113407,0
scale_31x21,rand_delta,2,469,0.6667,114007,0
scale_31x21,rand_delta,2,470,0.6730,114029,0
scale_31x21,rand_delta,2,471,0.6317,114629,0
scale_31x21,rand_delta,2,472,0.6286,114641,0
scale_31x21,rand_delta,2,473,0.6698,114699,0
scale_31x21,rand_delta,2,474,0.6857,114718,0
scale_31x21,rand_delta,2,475,0.6825,114784,0
scale_31x21,rand_delta,2,476,0.6857,115384,0
scale_31x21,rand_delta,2,477,0.6921,115413,0
scale_31x21,rand_delta,2,478,0.6984,116013,0
scale_31x21,rand_delta,2,479,0.6984,116056,0
scale_31x21,rand_delta,2,480,0.7016,116094,0
scale_31x21,rand_delta,2,481,0.7016,116104,0
scale_31x21,rand_delta,2,482,0.7111,116153,0
scale_31x21,rand_delta,2,483,0.7143,116184,0
scale_31x21,rand_delta,2,484,0.6603,116784,0
scale_31x21,rand_delta,2,485,0.6603,116792,0
scale_31x21,rand_delta,2,486,0.6540,116813,0
scale_31x21,rand_delta,2,487,0.6730,117413,0
scale_31x21,rand_delta,2,488,0.6095,118013,0
scale_31x21,rand_delta,2,489,0.6381,118028,0
scale_31x21,rand_delta,2,490,0.6698,118065,0
scale_31x21,rand_delta,2,491,0.6698,118071,0
scale_31x21,rand_delta,2,492,0.6857,118126,0
scale_31x21,rand_delta,2,493,0.6952,118157,0
scale_31x21,rand_delta,2,494,0.7079,118205,0
scale_31x21,rand_delta,2,495,0.6762,118805,0
scale_31x21,rand_delta,2,496,0.6825,118814,0
scale_31x21,rand_delta,2,497,0.6794,118829,0
scale_31x21,rand_delta,2,498,0.6857,118879,0
scale_31x21,rand_delta,2,499,0.6857,118912,0
scale_31x21,rand_delta,2,500,0.7048,119512,0
scale_31x21,rand_delta,2,501,0.7016,119533,0
scale_31x21,rand_delta,2,502,0.7016,119578,0
scale_31x21,rand_delta,2,503,0.7016,119615,0
scale_31x21,rand_delta,2,504,0.7016,119636,0
scale_31x21,rand_delta,2,505,0.6889,120236,0
scale_31x21,rand_delta,2,506,0.7238,120309,0
scale_31x21,rand_delta,2,507,0.7238,120362,0
scale_31x21,rand_delta,2,508,0.7206,120400,0
scale_31x21,rand_delta,2,509,0.7365,120510,0
scale_31x21,rand_delta,2,510,0.7365,120529,0
scale_31x21,rand_delta,2,511,0.7365,120572,0
scale_31x21,rand_delta,2,512,0.6921,121172,0
scale_31x21,rand_delta,2,513,0.6984,121772,0
scale_31x21,rand_delta,2,514,0.7175,121876,0
scale_31x21,rand_delta,2,515,0.7333,121929,0
scale_31x21,rand_delta,2,516,0.7270,121955,0
scale_31x21,rand_delta,2,517,0.6984,122555,0
scale_31x21,rand_delta,2,518,0.7016,122581,0
scale_31x21,rand_delta,2,519,0.7079,122599,0
scale_31x21,rand_delta,2,520,0.7079,122653,0
scale_31x21,rand_delta,2,521,0.7016,123253,0
scale_31x21,rand_delta,2,522,0.7048,123853,0
scale_31x21,rand_delta,2,523,0.7079,123876,0
scale_31x21,rand_delta,2,524,0.7079,123897,0
scale_31x21,rand_delta,2,525,0.7079,123932,0
scale_31x21,rand_delta,2,526,0.7079,123939,0
scale_31x21,rand_delta,2,527,0.7397,124539,0
scale_31x21,rand_delta,2,528,0.7397,124560,0
scale_31x21,rand_delta,2,529,0.6889,125160,0
scale_31x21,rand_delta,2,530,0.6921,125760,0
scale_31x21,rand_delta,2,531,0.6698,126360,0
scale_31x21,rand_delta,2,532,0.7048,126410,0
scale_31x21,rand_delta,2,533,0.7143,126438,0
scale_31x21,rand_delta,2,534,0.7143,126445,0
scale_31x21,rand_delta,2,535,0.7143,126469,0
scale_31x21,rand_delta,2,536,0.7143,126506,0
scale_31x21,rand_delta,2,537,0.7143,127106,0
scale_31x21,rand_delta,2,538,0.7206,127139,0
scale_31x21,rand_delta,2,539,0.7238,127179,0
scale_31x21,rand_delta,2,540,0.6984,127779,0
scale_31x21,rand_delta,2,541,0.7048,127785,0
scale_31x21,rand_delta,2,542,0.7270,127864,0
scale_31x21,rand_delta,2,543,0.7270,127891,0
scale_31x21,rand_delta,2,544,0.7270,127925,0
scale_31x21,rand_delta,2,545,0.7270,127944,0
scale_31x21,rand_delta,2,546,0.7333,127982,0
scale_31x21,rand_delta,2,547,0.7333,128035,0
scale_31x21,rand_delta,2,548,0.6825,128635,0
scale_31x21,rand_delta,2,549,0.7079,128691,0
scale_31x21,rand_delta,2,550,0.6317,129291,0
scale_31x21,rand_delta,2,551,0.6476,129311,0
scale_31x21,rand_delta,2,552,0.6857,129370,0
scale_31x21,rand_delta,2,553,0.7175,129476,0
scale_31x21,rand_delta,2,554,0.7206,129516,0
scale_31x21,rand_delta,2,555,0.7206,129565,0
scale_31x21,rand_delta,2,556,0.7206,129593,0
scale_31x21,rand_delta,2,557,0.7206,129604,0
scale_31x21,rand_delta,2,558,0.6508,130204,0
scale_31x21,rand_delta,2,559,0.6857,130804,0
scale_31x21,rand_delta,2,560,0.7111,130877,0
scale_31x21,rand_delta,2,561,0.6698,131477,0
scale_31x21,rand_delta,2,562,0.6921,132077,0
scale_31x21,rand_delta,2,563,0.6984,132114,0
scale_31x21,rand_delta,2,564,0.7048,132127,0
scale_31x21,rand_delta,2,565,0.7206,132183,0
scale_31x21,rand_delta,2,566,0.7302,132254,0
scale_31x21,rand_delta,2,567,0.7302,132854,0
scale_31x21,rand_delta,2,568,0.7333,132891,0
scale_31x21,rand_delta,2,569,0.7238,133091,0
scale_31x21,rand_delta,2,570,0.6698,133691,0
scale_31x21,rand_delta,2,571,0.6159,134291,0
scale_31x21,rand_delta,2,572,0.6349,134891,0
scale_31x21,rand_delta,2,573,0.5524,135491,0
scale_31x21,rand_delta,2,574,0.6825,135589,0
scale_31x21,rand_delta,2,575,0.6921,136189,0
scale_31x21,rand_delta,2,576,0.6317,136789,0
scale_31x21,rand_delta,2,577,0.6413,136812,0
scale_31x21,rand_delta,2,578,0.6603,136861,0
scale_31x21,rand_delta,2,579,0.6698,136905,0
scale_31x21,rand_delta,2,580,0.6889,137505,0
scale_31x21,rand_delta,2,581,0.6889,137506,0
scale_31x21,rand_delta,2,582,0.6984,137531,0
scale_31x21,rand_delta,2,583,0.6952,138131,0
scale_31x21,rand_delta,2,584,0.7016,138161,0
scale_31x21,rand_delta,2,585,0.7016,138178,0
scale_31x21,rand_delta,2,586,0.6349,138778,0
scale_31x21,rand_delta,2,587,0.6921,138882,0
scale_31x21,rand_delta,2,588,0.7016,138976,0
scale_31x21,rand_delta,2,589,0.7175,139024,0
scale_31x21,rand_delta,2,590,0.7175,139068,0
scale_31x21,rand_delta,2,591,0.7048,139668,0
scale_31x21,rand_delta,2,592,0.6508,140268,0
scale_31x21,rand_delta,2,593,0.6730,140868,0
scale_31x21,rand_delta,2,594,0.6857,140893,0
scale_31x21,rand_delta,2,595,0.6762,140959,0
scale_31x21,rand_delta,2,596,0.6476,141559,0
scale_31x21,rand_delta,2,597,0.6857,141622,0
scale_31x21,rand_delta,2,598,0.6857,141648,0
scale_31x21,rand_delta,2,599,0.7175,142248,0
