maze,agent,seed,episode,policy_acc,cum_trained,cum_skipped
large_rs2,khot_rank,0,0,0.4821,31,319
large_rs2,khot_rank,0,1,0.5089,56,644
large_rs2,khot_rank,0,2,0.5893,78,853
large_rs2,khot_rank,0,3,0.5804,83,914
large_rs2,khot_rank,0,4,0.5446,93,1011
large_rs2,khot_rank,0,5,0.5446,102,1120
large_rs2,khot_rank,0,6,0.5625,116,1170
large_rs2,khot_rank,0,7,0.5804,120,1211
large_rs2,khot_rank,0,8,0.5804,120,1256
large_rs2,khot_rank,0,9,0.5804,120,1273
large_rs2,khot_rank,0,10,0.5714,148,1529
large_rs2,khot_rank,0,11,0.5804,154,1550
large_rs2,khot_rank,0,12,0.6250,171,1602
large_rs2,khot_rank,0,13,0.6429,173,1614
large_rs2,khot_rank,0,14,0.6429,173,1651
large_rs2,khot_rank,0,15,0.6696,178,1734
large_rs2,khot_rank,0,16,0.6518,182,1750
large_rs2,khot_rank,0,17,0.6518,182,1782
large_rs2,khot_rank,0,18,0.6786,190,1819
large_rs2,khot_rank,0,19,0.6786,190,1820
large_rs2,khot_rank,0,20,0.6518,210,1967
large_rs2,khot_rank,0,21,0.6518,210,1970
large_rs2,khot_rank,0,22,0.6518,210,1979
large_rs2,khot_rank,0,23,0.7500,248,2172
large_rs2,khot_rank,0,24,0.7589,249,2178
large_rs2,khot_rank,0,25,0.7321,257,2195
large_rs2,khot_rank,0,26,0.7143,259,2205
large_rs2,khot_rank,0,27,0.7143,259,2207
large_rs2,khot_rank,0,28,0.7321,266,2230
large_rs2,khot_rank,0,29,0.7054,289,2332
large_rs2,khot_rank,0,30,0.7143,290,2353
large_rs2,khot_rank,0,31,0.7143,290,2366
large_rs2,khot_rank,0,32,0.7321,292,2381
large_rs2,khot_rank,0,33,0.7589,296,2409
large_rs2,khot_rank,0,34,0.7679,298,2433
large_rs2,khot_rank,0,35,0.7679,298,2450
large_rs2,khot_rank,0,36,0.7679,298,2455
large_rs2,khot_rank,0,37,0.7679,299,2460
large_rs2,khot_rank,0,38,0.7768,304,2487
large_rs2,khot_rank,0,39,0.7857,308,2517
large_rs2,khot_rank,0,40,0.7768,309,2526
large_rs2,khot_rank,0,41,0.7768,309,2529
large_rs2,khot_rank,0,42,0.7768,309,2532
large_rs2,khot_rank,0,43,0.7768,313,2554
large_rs2,khot_rank,0,44,0.7768,313,2559
large_rs2,khot_rank,0,45,0.7768,313,2564
large_rs2,khot_rank,0,46,0.7768,313,2570
large_rs2,khot_rank,0,47,0.7768,313,2583
large_rs2,khot_rank,0,48,0.7768,313,2594
large_rs2,khot_rank,0,49,0.8125,323,2665
large_rs2,khot_rank,0,50,0.8125,323,2670
large_rs2,khot_rank,0,51,0.8125,323,2688
large_rs2,khot_rank,0,52,0.8125,323,2690
large_rs2,khot_rank,0,53,0.8036,325,2713
large_rs2,khot_rank,0,54,0.8125,326,2735
large_rs2,khot_rank,0,55,0.8214,327,2769
large_rs2,khot_rank,0,56,0.8393,333,2804
large_rs2,khot_rank,0,57,0.8214,335,2810
large_rs2,khot_rank,0,58,0.8036,342,2840
large_rs2,khot_rank,0,59,0.8036,342,2845
large_rs2,khot_rank,0,60,0.8036,345,2866
large_rs2,khot_rank,0,61,0.8036,347,2890
large_rs2,khot_rank,0,62,0.8125,350,2915
large_rs2,khot_rank,0,63,0.8125,350,2929
large_rs2,khot_rank,0,64,0.8125,351,2956
large_rs2,khot_rank,0,65,0.8125,351,2959
large_rs2,khot_rank,0,66,0.8125,354,2985
large_rs2,khot_rank,0,67,0.8125,357,3011
large_rs2,khot_rank,0,68,0.8214,362,3029
large_rs2,khot_rank,0,69,0.8214,363,3046
large_rs2,khot_rank,0,70,0.8125,370,3072
large_rs2,khot_rank,0,71,0.8036,372,3093
large_rs2,khot_rank,0,72,0.8125,373,3104
large_rs2,khot_rank,0,73,0.8125,373,3124
large_rs2,khot_rank,0,74,0.7857,375,3146
large_rs2,khot_rank,0,75,0.7946,376,3149
large_rs2,khot_rank,0,76,0.8214,382,3180
large_rs2,khot_rank,0,77,0.8125,389,3212
large_rs2,khot_rank,0,78,0.8304,441,3290
large_rs2,khot_rank,0,79,0.8304,441,3303
large_rs2,khot_rank,0,80,0.7143,475,3380
large_rs2,khot_rank,0,81,0.7143,475,3387
large_rs2,khot_rank,0,82,0.7679,487,3414
large_rs2,khot_rank,0,83,0.7679,519,3442
large_rs2,khot_rank,0,84,0.7768,521,3468
large_rs2,khot_rank,0,85,0.7679,531,3489
large_rs2,khot_rank,0,86,0.7589,542,3526
large_rs2,khot_rank,0,87,0.7768,792,3546
large_rs2,khot_rank,0,88,0.7857,806,3620
large_rs2,khot_rank,0,89,0.8036,836,3660
large_rs2,khot_rank,0,90,0.8036,838,3686
large_rs2,khot_rank,0,91,0.8036,842,3695
large_rs2,khot_rank,0,92,0.8036,842,3696
large_rs2,khot_rank,0,93,0.7857,844,3726
large_rs2,khot_rank,0,94,0.8125,851,3746
large_rs2,khot_rank,0,95,0.8125,851,3751
large_rs2,khot_rank,0,96,0.8036,857,3778
large_rs2,khot_rank,0,97,0.8036,857,3789
large_rs2,khot_rank,0,98,0.7500,883,3828
large_rs2,khot_rank,0,99,0.7589,888,3852
large_rs2,khot_rank,0,100,0.7589,888,3858
large_rs2,khot_rank,0,101,0.7411,890,3883
large_rs2,khot_rank,0,102,0.7411,890,3885
large_rs2,khot_rank,0,103,0.7500,895,3908
large_rs2,khot_rank,0,104,0.7411,1069,4084
large_rs2,khot_rank,0,105,0.7411,1069,4086
large_rs2,khot_rank,0,106,0.7500,1078,4097
large_rs2,khot_rank,0,107,0.7411,1082,4123
large_rs2,khot_rank,0,108,0.7321,1087,4133
large_rs2,khot_rank,0,109,0.7321,1087,4152
large_rs2,khot_rank,0,110,0.7500,1095,4172
large_rs2,khot_rank,0,111,0.7679,1097,4199
large_rs2,khot_rank,0,112,0.7679,1097,4222
large_rs2,khot_rank,0,113,0.7589,1099,4240
large_rs2,khot_rank,0,114,0.7679,1275,4414
large_rs2,khot_rank,0,115,0.7679,1275,4437
large_rs2,khot_rank,0,116,0.7679,1621,4441
large_rs2,khot_rank,0,117,0.7321,1623,4454
large_rs2,khot_rank,0,118,0.7321,1623,4468
large_rs2,khot_rank,0,119,0.7500,1624,4483
large_rs2,khot_rank,0,120,0.7500,1624,4499
large_rs2,khot_rank,0,121,0.7411,1829,4575
large_rs2,khot_rank,0,122,0.7500,1830,4601
large_rs2,khot_rank,0,123,0.7500,1830,4607
large_rs2,khot_rank,0,124,0.7500,1830,4615
large_rs2,khot_rank,0,125,0.7589,1832,4639
large_rs2,khot_rank,0,126,0.7589,1833,4655
large_rs2,khot_rank,0,127,0.7946,1906,4754
large_rs2,khot_rank,0,128,0.7946,2080,4930
large_rs2,khot_rank,0,129,0.7857,2085,4949
large_rs2,khot_rank,0,130,0.7857,2085,4958
large_rs2,khot_rank,0,131,0.7857,2086,4961
large_rs2,khot_rank,0,132,0.7857,2086,4973
large_rs2,khot_rank,0,133,0.7857,2086,4997
large_rs2,khot_rank,0,134,0.7857,2086,5009
large_rs2,khot_rank,0,135,0.7857,2086,5021
large_rs2,khot_rank,0,136,0.7857,2086,5026
large_rs2,khot_rank,0,137,0.7857,2086,5038
large_rs2,khot_rank,0,138,0.7857,2086,5043
large_rs2,khot_rank,0,139,0.7857,2086,5058
large_rs2,khot_rank,0,140,0.7857,2086,5071
large_rs2,khot_rank,0,141,0.7857,2086,5087
large_rs2,khot_rank,0,142,0.8036,2366,5104
large_rs2,khot_rank,0,143,0.8036,2366,5120
large_rs2,khot_rank,0,144,0.8036,2366,5134
large_rs2,khot_rank,0,145,0.8036,2366,5150
large_rs2,khot_rank,0,146,0.8036,2367,5179
large_rs2,khot_rank,0,147,0.8036,2367,5195
large_rs2,khot_rank,0,148,0.8036,2367,5216
large_rs2,khot_rank,0,149,0.8036,2367,5233
large_rs2,khot_rank,0,150,0.7857,2546,5404
large_rs2,khot_rank,0,151,0.7857,2551,5431
large_rs2,khot_rank,0,152,0.7857,2551,5451
large_rs2,khot_rank,0,153,0.7857,2551,5475
large_rs2,khot_rank,0,154,0.7857,2551,5491
large_rs2,khot_rank,0,155,0.7857,2551,5513
large_rs2,khot_rank,0,156,0.7946,2621,5602
large_rs2,khot_rank,0,157,0.7946,2621,5627
large_rs2,khot_rank,0,158,0.8214,2628,5647
large_rs2,khot_rank,0,159,0.8304,2793,5827
large_rs2,khot_rank,0,160,0.8125,2796,5839
large_rs2,khot_rank,0,161,0.8125,2796,5844
large_rs2,khot_rank,0,162,0.8125,2796,5845
large_rs2,khot_rank,0,163,0.8304,2798,5871
large_rs2,khot_rank,0,164,0.8304,2798,5890
large_rs2,khot_rank,0,165,0.7946,2975,6063
large_rs2,khot_rank,0,166,0.7946,2975,6090
large_rs2,khot_rank,0,167,0.7946,2975,6109
large_rs2,khot_rank,0,168,0.7946,2975,6119
large_rs2,khot_rank,0,169,0.7946,2975,6124
large_rs2,khot_rank,0,170,0.8036,2977,6138
large_rs2,khot_rank,0,171,0.8036,2977,6165
large_rs2,khot_rank,0,172,0.7946,2983,6193
large_rs2,khot_rank,0,173,0.7946,2983,6215
large_rs2,khot_rank,0,174,0.7768,2987,6243
large_rs2,khot_rank,0,175,0.7768,2987,6257
large_rs2,khot_rank,0,176,0.7768,2987,6267
large_rs2,khot_rank,0,177,0.7768,2987,6284
large_rs2,khot_rank,0,178,0.7768,2987,6294
large_rs2,khot_rank,0,179,0.7768,2987,6309
large_rs2,khot_rank,0,180,0.8036,3336,6310
large_rs2,khot_rank,0,181,0.8036,3336,6316
large_rs2,khot_rank,0,182,0.8036,3336,6337
large_rs2,khot_rank,0,183,0.8036,3336,6341
large_rs2,khot_rank,0,184,0.8036,3336,6368
large_rs2,khot_rank,0,185,0.8036,3336,6397
large_rs2,khot_rank,0,186,0.8036,3336,6410
large_rs2,khot_rank,0,187,0.8036,3337,6437
large_rs2,khot_rank,0,188,0.7946,3385,6483
large_rs2,khot_rank,0,189,0.8036,3451,6571
large_rs2,khot_rank,0,190,0.8036,3453,6586
large_rs2,khot_rank,0,191,0.8036,3453,6598
large_rs2,khot_rank,0,192,0.7946,3793,6608
large_rs2,khot_rank,0,193,0.7946,3793,6629
large_rs2,khot_rank,0,194,0.7946,3816,6651
large_rs2,khot_rank,0,195,0.7946,3816,6663
large_rs2,khot_rank,0,196,0.7946,3817,6686
large_rs2,khot_rank,0,197,0.7946,3817,6696
large_rs2,khot_rank,0,198,0.7946,3817,6720
large_rs2,khot_rank,0,199,0.7946,3817,6733
large_rs2,khot_rank,0,200,0.7946,3817,6742
large_rs2,khot_rank,0,201,0.7946,3817,6759
large_rs2,khot_rank,0,202,0.7946,3817,6779
large_rs2,khot_rank,0,203,0.7946,4162,6784
large_rs2,khot_rank,0,204,0.7946,4180,6808
large_rs2,khot_rank,0,205,0.8036,4183,6832
large_rs2,khot_rank,0,206,0.8125,4185,6842
large_rs2,khot_rank,0,207,0.8214,4186,6867
large_rs2,khot_rank,0,208,0.8214,4186,6896
large_rs2,khot_rank,0,209,0.8214,4186,6900
large_rs2,khot_rank,0,210,0.8214,4359,7077
large_rs2,khot_rank,0,211,0.8304,4361,7101
large_rs2,khot_rank,0,212,0.8304,4361,7113
large_rs2,khot_rank,0,213,0.8304,4361,7126
large_rs2,khot_rank,0,214,0.8214,4363,7149
large_rs2,khot_rank,0,215,0.8125,4381,7168
large_rs2,khot_rank,0,216,0.8125,4381,7187
large_rs2,khot_rank,0,217,0.8125,4381,7194
large_rs2,khot_rank,0,218,0.8125,4381,7214
large_rs2,khot_rank,0,219,0.8125,4418,7233
large_rs2,khot_rank,0,220,0.8125,4592,7409
large_rs2,khot_rank,0,221,0.8125,4940,7411
large_rs2,khot_rank,0,222,0.7946,4942,7423
large_rs2,khot_rank,0,223,0.7946,4942,7438
large_rs2,khot_rank,0,224,0.7946,4942,7457
large_rs2,khot_rank,0,225,0.7946,4942,7480
large_rs2,khot_rank,0,226,0.7768,5210,7562
large_rs2,khot_rank,0,227,0.7768,5210,7571
large_rs2,khot_rank,0,228,0.8125,5546,7585
large_rs2,khot_rank,0,229,0.8125,5565,7618
large_rs2,khot_rank,0,230,0.8125,5565,7633
large_rs2,khot_rank,0,231,0.8125,5565,7644
large_rs2,khot_rank,0,232,0.8125,5565,7651
large_rs2,khot_rank,0,233,0.8125,5565,7679
large_rs2,khot_rank,0,234,0.8125,5565,7703
large_rs2,khot_rank,0,235,0.8125,5565,7710
large_rs2,khot_rank,0,236,0.8125,5565,7733
large_rs2,khot_rank,0,237,0.8125,5565,7744
large_rs2,khot_rank,0,238,0.8125,5565,7767
large_rs2,khot_rank,0,239,0.8125,5565,7779
large_rs2,khot_rank,0,240,0.8036,5566,7801
large_rs2,khot_rank,0,241,0.8036,5566,7818
large_rs2,khot_rank,0,242,0.8036,5913,7821
large_rs2,khot_rank,0,243,0.8036,5913,7826
large_rs2,khot_rank,0,244,0.8125,5937,7853
large_rs2,khot_rank,0,245,0.8125,5937,7881
large_rs2,khot_rank,0,246,0.8214,6281,7887
large_rs2,khot_rank,0,247,0.8214,6626,7892
large_rs2,khot_rank,0,248,0.8304,6636,7915
large_rs2,khot_rank,0,249,0.8482,6789,7935
large_rs2,khot_rank,0,250,0.8482,7076,7998
large_rs2,khot_rank,0,251,0.8482,7076,8011
large_rs2,khot_rank,0,252,0.8482,7080,8031
large_rs2,khot_rank,0,253,0.8482,7080,8051
large_rs2,khot_rank,0,254,0.8661,7412,8069
large_rs2,khot_rank,0,255,0.8750,7608,8092
large_rs2,khot_rank,0,256,0.8750,7608,8118
large_rs2,khot_rank,0,257,0.8750,7608,8132
large_rs2,khot_rank,0,258,0.8750,7608,8158
large_rs2,khot_rank,0,259,0.8661,7609,8172
large_rs2,khot_rank,0,260,0.8661,7609,8199
large_rs2,khot_rank,0,261,0.8661,7958,8200
large_rs2,khot_rank,0,262,0.8661,8055,8209
large_rs2,khot_rank,0,263,0.8661,8055,8228
large_rs2,khot_rank,0,264,0.8661,8055,8230
large_rs2,khot_rank,0,265,0.8661,8055,8249
large_rs2,khot_rank,0,266,0.8661,8055,8271
large_rs2,khot_rank,0,267,0.8661,8055,8287
large_rs2,khot_rank,0,268,0.8661,8055,8288
large_rs2,khot_rank,0,269,0.8482,8061,8304
large_rs2,khot_rank,0,270,0.8482,8061,8322
large_rs2,khot_rank,0,271,0.8482,8061,8329
large_rs2,khot_rank,0,272,0.8571,8227,8513
large_rs2,khot_rank,0,273,0.8571,8227,8531
large_rs2,khot_rank,0,274,0.8571,8227,8533
large_rs2,khot_rank,0,275,0.8571,8399,8711
large_rs2,khot_rank,0,276,0.8571,8562,8898
large_rs2,khot_rank,0,277,0.8571,8727,9083
large_rs2,khot_rank,0,278,0.8661,8873,9255
large_rs2,khot_rank,0,279,0.8661,8873,9281
large_rs2,khot_rank,0,280,0.8661,8873,9292
large_rs2,khot_rank,0,281,0.8661,8873,9311
large_rs2,khot_rank,0,282,0.8393,8960,9425
large_rs2,khot_rank,0,283,0.8125,9304,9431
large_rs2,khot_rank,0,284,0.8125,9304,9434
large_rs2,khot_rank,0,285,0.7946,9308,9452
large_rs2,khot_rank,0,286,0.8214,9646,9464
large_rs2,khot_rank,0,287,0.8214,9987,9473
large_rs2,khot_rank,0,288,0.8304,10011,9494
large_rs2,khot_rank,0,289,0.8304,10011,9503
large_rs2,khot_rank,0,290,0.8214,10357,9507
large_rs2,khot_rank,0,291,0.8214,10357,9524
large_rs2,khot_rank,0,292,0.8214,10357,9527
large_rs2,khot_rank,0,293,0.8125,10666,9556
large_rs2,khot_rank,0,294,0.8125,10685,9579
large_rs2,khot_rank,0,295,0.8125,10687,9606
large_rs2,khot_rank,0,296,0.8125,10687,9614
large_rs2,khot_rank,0,297,0.8125,10687,9616
large_rs2,khot_rank,0,298,0.8125,10687,9623
large_rs2,khot_rank,0,299,0.8125,10687,9647
large_rs2,khot_rank02,0,0,0.4464,33,317
large_rs2,khot_rank02,0,1,0.4464,62,638
large_rs2,khot_rank02,0,2,0.5179,82,851
large_rs2,khot_rank02,0,3,0.5446,92,914
large_rs2,khot_rank02,0,4,0.5357,102,1011
large_rs2,khot_rank02,0,5,0.5982,114,1120
large_rs2,khot_rank02,0,6,0.6161,129,1151
large_rs2,khot_rank02,0,7,0.6429,131,1184
large_rs2,khot_rank02,0,8,0.6429,131,1231
large_rs2,khot_rank02,0,9,0.6429,131,1247
large_rs2,khot_rank02,0,10,0.6518,165,1517
large_rs2,khot_rank02,0,11,0.6518,165,1536
large_rs2,khot_rank02,0,12,0.6786,193,1654
large_rs2,khot_rank02,0,13,0.6786,198,1671
large_rs2,khot_rank02,0,14,0.6696,206,1694
large_rs2,khot_rank02,0,15,0.7054,213,1796
large_rs2,khot_rank02,0,16,0.7143,224,1823
large_rs2,khot_rank02,0,17,0.7143,224,1834
large_rs2,khot_rank02,0,18,0.7232,231,1884
large_rs2,khot_rank02,0,19,0.7232,231,1885
large_rs2,khot_rank02,0,20,0.7321,250,2037
large_rs2,khot_rank02,0,21,0.7143,252,2042
large_rs2,khot_rank02,0,22,0.7232,255,2051
large_rs2,khot_rank02,0,23,0.7143,283,2242
large_rs2,khot_rank02,0,24,0.7143,283,2248
large_rs2,khot_rank02,0,25,0.6964,299,2270
large_rs2,khot_rank02,0,26,0.6964,300,2281
large_rs2,khot_rank02,0,27,0.6964,300,2283
large_rs2,khot_rank02,0,28,0.7232,306,2309
large_rs2,khot_rank02,0,29,0.7232,311,2360
large_rs2,khot_rank02,0,30,0.7589,323,2385
large_rs2,khot_rank02,0,31,0.7589,323,2399
large_rs2,khot_rank02,0,32,0.7589,328,2416
large_rs2,khot_rank02,0,33,0.7589,328,2446
large_rs2,khot_rank02,0,34,0.7768,333,2470
large_rs2,khot_rank02,0,35,0.7768,333,2494
large_rs2,khot_rank02,0,36,0.7768,333,2499
large_rs2,khot_rank02,0,37,0.7768,333,2505
large_rs2,khot_rank02,0,38,0.7589,406,2585
large_rs2,khot_rank02,0,39,0.7411,410,2610
large_rs2,khot_rank02,0,40,0.7232,414,2622
large_rs2,khot_rank02,0,41,0.7232,414,2625
large_rs2,khot_rank02,0,42,0.7232,414,2628
large_rs2,khot_rank02,0,43,0.6875,426,2651
large_rs2,khot_rank02,0,44,0.6964,428,2655
large_rs2,khot_rank02,0,45,0.6964,428,2660
large_rs2,khot_rank02,0,46,0.6964,428,2662
large_rs2,khot_rank02,0,47,0.6964,428,2678
large_rs2,khot_rank02,0,48,0.6964,428,2691
large_rs2,khot_rank02,0,49,0.7232,436,2766
large_rs2,khot_rank02,0,50,0.7232,436,2771
large_rs2,khot_rank02,0,51,0.7232,437,2785
large_rs2,khot_rank02,0,52,0.7232,437,2787
large_rs2,khot_rank02,0,53,0.7411,472,2846
large_rs2,khot_rank02,0,54,0.7500,476,2871
large_rs2,khot_rank02,0,55,0.7500,476,2896
large_rs2,khot_rank02,0,56,0.7143,485,2930
large_rs2,khot_rank02,0,57,0.6875,491,2935
large_rs2,khot_rank02,0,58,0.6875,513,2968
large_rs2,khot_rank02,0,59,0.6875,513,2973
large_rs2,khot_rank02,0,60,0.6964,523,2993
large_rs2,khot_rank02,0,61,0.6696,526,3019
large_rs2,khot_rank02,0,62,0.6786,527,3047
large_rs2,khot_rank02,0,63,0.6786,528,3059
large_rs2,khot_rank02,0,64,0.6786,553,3165
large_rs2,khot_rank02,0,65,0.6875,554,3168
large_rs2,khot_rank02,0,66,0.6875,581,3192
large_rs2,khot_rank02,0,67,0.6964,593,3218
large_rs2,khot_rank02,0,68,0.7143,601,3235
large_rs2,khot_rank02,0,69,0.7143,603,3252
large_rs2,khot_rank02,0,70,0.7232,608,3271
large_rs2,khot_rank02,0,71,0.7321,610,3296
large_rs2,khot_rank02,0,72,0.7589,613,3304
large_rs2,khot_rank02,0,73,0.7589,613,3326
large_rs2,khot_rank02,0,74,0.7500,625,3349
large_rs2,khot_rank02,0,75,0.7232,628,3352
large_rs2,khot_rank02,0,76,0.7411,632,3382
large_rs2,khot_rank02,0,77,0.7411,657,3409
large_rs2,khot_rank02,0,78,0.7232,662,3435
large_rs2,khot_rank02,0,79,0.7232,662,3447
large_rs2,khot_rank02,0,80,0.7054,930,3528
large_rs2,khot_rank02,0,81,0.7054,930,3535
large_rs2,khot_rank02,0,82,0.7321,943,3561
large_rs2,khot_rank02,0,83,0.7321,1002,3590
large_rs2,khot_rank02,0,84,0.7321,1002,3616
large_rs2,khot_rank02,0,85,0.7500,1005,3636
large_rs2,khot_rank02,0,86,0.7500,1005,3666
large_rs2,khot_rank02,0,87,0.7411,1021,3686
large_rs2,khot_rank02,0,88,0.7232,1197,3860
large_rs2,khot_rank02,0,89,0.7321,1414,3880
large_rs2,khot_rank02,0,90,0.7143,1531,4018
large_rs2,khot_rank02,0,91,0.6786,1542,4030
large_rs2,khot_rank02,0,92,0.6786,1542,4031
large_rs2,khot_rank02,0,93,0.6875,1543,4059
large_rs2,khot_rank02,0,94,0.7143,1559,4087
large_rs2,khot_rank02,0,95,0.7143,1559,4092
large_rs2,khot_rank02,0,96,0.7321,1652,4199
large_rs2,khot_rank02,0,97,0.7321,1652,4210
large_rs2,khot_rank02,0,98,0.6875,1830,4382
large_rs2,khot_rank02,0,99,0.7054,2009,4553
large_rs2,khot_rank02,0,100,0.7054,2009,4559
large_rs2,khot_rank02,0,101,0.7054,2028,4593
large_rs2,khot_rank02,0,102,0.7054,2028,4595
large_rs2,khot_rank02,0,103,0.7143,2059,4621
large_rs2,khot_rank02,0,104,0.7232,2397,4633
large_rs2,khot_rank02,0,105,0.7232,2397,4635
large_rs2,khot_rank02,0,106,0.7054,2404,4646
large_rs2,khot_rank02,0,107,0.7232,2411,4673
large_rs2,khot_rank02,0,108,0.7232,2586,4848
large_rs2,khot_rank02,0,109,0.7143,2587,4867
large_rs2,khot_rank02,0,110,0.7232,2935,4869
large_rs2,khot_rank02,0,111,0.7054,2939,4895
large_rs2,khot_rank02,0,112,0.7054,2939,4920
large_rs2,khot_rank02,0,113,0.7232,2987,4950
large_rs2,khot_rank02,0,114,0.7232,3263,5024
large_rs2,khot_rank02,0,115,0.7411,3266,5046
large_rs2,khot_rank02,0,116,0.7143,3562,5100
large_rs2,khot_rank02,0,117,0.7500,3587,5111
large_rs2,khot_rank02,0,118,0.7500,3757,5291
large_rs2,khot_rank02,0,119,0.7500,3757,5306
large_rs2,khot_rank02,0,120,0.7500,3931,5482
large_rs2,khot_rank02,0,121,0.7500,4103,5660
large_rs2,khot_rank02,0,122,0.7679,4125,5703
large_rs2,khot_rank02,0,123,0.7679,4125,5709
large_rs2,khot_rank02,0,124,0.7679,4125,5717
large_rs2,khot_rank02,0,125,0.7589,4126,5739
large_rs2,khot_rank02,0,126,0.7589,4475,5740
large_rs2,khot_rank02,0,127,0.7589,4645,5920
large_rs2,khot_rank02,0,128,0.7679,4683,5975
large_rs2,khot_rank02,0,129,0.7768,4690,5997
large_rs2,khot_rank02,0,130,0.7768,4690,6006
large_rs2,khot_rank02,0,131,0.7768,4692,6010
large_rs2,khot_rank02,0,132,0.7768,4692,6022
large_rs2,khot_rank02,0,133,0.7768,4692,6046
large_rs2,khot_rank02,0,134,0.7768,4692,6058
large_rs2,khot_rank02,0,135,0.7768,4692,6070
large_rs2,khot_rank02,0,136,0.7768,4692,6075
large_rs2,khot_rank02,0,137,0.7768,4692,6087
large_rs2,khot_rank02,0,138,0.7768,4692,6092
large_rs2,khot_rank02,0,139,0.7768,4692,6107
large_rs2,khot_rank02,0,140,0.7768,4700,6121
large_rs2,khot_rank02,0,141,0.7768,4700,6137
large_rs2,khot_rank02,0,142,0.7768,5044,6143
large_rs2,khot_rank02,0,143,0.7768,5044,6157
large_rs2,khot_rank02,0,144,0.7768,5044,6171
large_rs2,khot_rank02,0,145,0.7768,5121,6190
large_rs2,khot_rank02,0,146,0.7679,5374,6287
large_rs2,khot_rank02,0,147,0.7679,5374,6303
large_rs2,khot_rank02,0,148,0.7679,5374,6324
large_rs2,khot_rank02,0,149,0.7679,5376,6342
large_rs2,khot_rank02,0,150,0.7589,5726,6342
large_rs2,khot_rank02,0,151,0.7589,6071,6347
large_rs2,khot_rank02,0,152,0.7589,6071,6366
large_rs2,khot_rank02,0,153,0.7589,6071,6390
large_rs2,khot_rank02,0,154,0.7589,6071,6405
large_rs2,khot_rank02,0,155,0.7589,6071,6427
large_rs2,khot_rank02,0,156,0.7589,6337,6511
large_rs2,khot_rank02,0,157,0.7589,6337,6536
large_rs2,khot_rank02,0,158,0.7589,6337,6552
large_rs2,khot_rank02,0,159,0.7679,6504,6574
large_rs2,khot_rank02,0,160,0.7679,6504,6586
large_rs2,khot_rank02,0,161,0.7679,6504,6591
large_rs2,khot_rank02,0,162,0.7679,6504,6592
large_rs2,khot_rank02,0,163,0.7768,6505,6618
large_rs2,khot_rank02,0,164,0.7857,6509,6636
large_rs2,khot_rank02,0,165,0.7857,6682,6813
large_rs2,khot_rank02,0,166,0.7857,6856,6989
large_rs2,khot_rank02,0,167,0.7857,6856,7008
large_rs2,khot_rank02,0,168,0.7857,6856,7019
large_rs2,khot_rank02,0,169,0.7857,6856,7024
large_rs2,khot_rank02,0,170,0.7857,6856,7039
large_rs2,khot_rank02,0,171,0.7857,6856,7066
large_rs2,khot_rank02,0,172,0.7946,6892,7093
large_rs2,khot_rank02,0,173,0.7946,6892,7115
large_rs2,khot_rank02,0,174,0.7857,7066,7291
large_rs2,khot_rank02,0,175,0.7857,7066,7305
large_rs2,khot_rank02,0,176,0.7857,7066,7315
large_rs2,khot_rank02,0,177,0.7857,7066,7332
large_rs2,khot_rank02,0,178,0.7857,7066,7342
large_rs2,khot_rank02,0,179,0.7857,7066,7357
large_rs2,khot_rank02,0,180,0.7946,7182,7492
large_rs2,khot_rank02,0,181,0.7946,7182,7498
large_rs2,khot_rank02,0,182,0.7946,7182,7520
large_rs2,khot_rank02,0,183,0.7946,7182,7524
large_rs2,khot_rank02,0,184,0.7946,7182,7551
large_rs2,khot_rank02,0,185,0.7768,7267,7667
large_rs2,khot_rank02,0,186,0.7679,7271,7680
large_rs2,khot_rank02,0,187,0.7679,7281,7707
large_rs2,khot_rank02,0,188,0.7679,7328,7761
large_rs2,khot_rank02,0,189,0.7768,7605,7793
large_rs2,khot_rank02,0,190,0.7768,7605,7810
large_rs2,khot_rank02,0,191,0.7768,7605,7822
large_rs2,khot_rank02,0,192,0.7500,7877,7900
large_rs2,khot_rank02,0,193,0.7589,7879,7921
large_rs2,khot_rank02,0,194,0.7679,8221,7929
large_rs2,khot_rank02,0,195,0.7589,8223,7941
large_rs2,khot_rank02,0,196,0.7500,8558,7956
large_rs2,khot_rank02,0,197,0.7500,8558,7968
large_rs2,khot_rank02,0,198,0.7232,8774,7990
large_rs2,khot_rank02,0,199,0.7232,8774,8003
large_rs2,khot_rank02,0,200,0.7232,8774,8012
large_rs2,khot_rank02,0,201,0.7232,8949,8187
large_rs2,khot_rank02,0,202,0.7232,9205,8281
large_rs2,khot_rank02,0,203,0.7232,9554,8282
large_rs2,khot_rank02,0,204,0.7679,9842,8344
large_rs2,khot_rank02,0,205,0.7857,9848,8371
large_rs2,khot_rank02,0,206,0.8036,9857,8381
large_rs2,khot_rank02,0,207,0.7946,10104,8484
large_rs2,khot_rank02,0,208,0.7857,10105,8512
large_rs2,khot_rank02,0,209,0.7857,10105,8516
large_rs2,khot_rank02,0,210,0.8125,10134,8569
large_rs2,khot_rank02,0,211,0.8125,10134,8593
large_rs2,khot_rank02,0,212,0.8125,10134,8603
large_rs2,khot_rank02,0,213,0.8214,10149,8615
large_rs2,khot_rank02,0,214,0.8214,10149,8639
large_rs2,khot_rank02,0,215,0.8304,10282,8793
large_rs2,khot_rank02,0,216,0.8304,10282,8812
large_rs2,khot_rank02,0,217,0.8304,10282,8818
large_rs2,khot_rank02,0,218,0.8304,10282,8838
large_rs2,khot_rank02,0,219,0.8304,10282,8854
large_rs2,khot_rank02,0,220,0.8304,10282,8883
large_rs2,khot_rank02,0,221,0.8304,10282,8911
large_rs2,khot_rank02,0,222,0.8304,10282,8925
large_rs2,khot_rank02,0,223,0.8125,10295,8938
large_rs2,khot_rank02,0,224,0.8214,10504,8956
large_rs2,khot_rank02,0,225,0.8214,10504,8978
large_rs2,khot_rank02,0,226,0.8214,10527,9015
large_rs2,khot_rank02,0,227,0.8214,10527,9024
large_rs2,khot_rank02,0,228,0.8214,10877,9024
large_rs2,khot_rank02,0,229,0.8214,11066,9047
large_rs2,khot_rank02,0,230,0.8214,11066,9062
large_rs2,khot_rank02,0,231,0.8214,11066,9073
large_rs2,khot_rank02,0,232,0.8214,11066,9080
large_rs2,khot_rank02,0,233,0.8214,11066,9110
large_rs2,khot_rank02,0,234,0.8393,11079,9145
large_rs2,khot_rank02,0,235,0.8393,11079,9152
large_rs2,khot_rank02,0,236,0.8393,11079,9175
large_rs2,khot_rank02,0,237,0.8393,11079,9186
large_rs2,khot_rank02,0,238,0.8393,11079,9209
large_rs2,khot_rank02,0,239,0.8393,11079,9221
large_rs2,khot_rank02,0,240,0.8393,11079,9244
large_rs2,khot_rank02,0,241,0.8393,11111,9260
large_rs2,khot_rank02,0,242,0.8393,11130,9288
large_rs2,khot_rank02,0,243,0.8393,11130,9293
large_rs2,khot_rank02,0,244,0.8393,11475,9298
large_rs2,khot_rank02,0,245,0.8393,11475,9326
large_rs2,khot_rank02,0,246,0.7946,11659,9338
large_rs2,khot_rank02,0,247,0.8036,11743,9350
large_rs2,khot_rank02,0,248,0.7946,12080,9363
large_rs2,khot_rank02,0,249,0.8036,12313,9480
large_rs2,khot_rank02,0,250,0.8125,12316,9506
large_rs2,khot_rank02,0,251,0.8125,12316,9519
large_rs2,khot_rank02,0,252,0.8304,12328,9542
large_rs2,khot_rank02,0,253,0.8304,12328,9562
large_rs2,khot_rank02,0,254,0.8304,12329,9590
large_rs2,khot_rank02,0,255,0.8304,12329,9609
large_rs2,khot_rank02,0,256,0.8304,12677,9611
large_rs2,khot_rank02,0,257,0.8304,12677,9628
large_rs2,khot_rank02,0,258,0.8304,12677,9654
large_rs2,khot_rank02,0,259,0.8214,13027,9654
large_rs2,khot_rank02,0,260,0.8214,13377,9654
large_rs2,khot_rank02,0,261,0.8214,13725,9656
large_rs2,khot_rank02,0,262,0.8036,14068,9663
large_rs2,khot_rank02,0,263,0.8036,14068,9682
large_rs2,khot_rank02,0,264,0.8036,14068,9684
large_rs2,khot_rank02,0,265,0.8036,14068,9703
large_rs2,khot_rank02,0,266,0.8036,14068,9725
large_rs2,khot_rank02,0,267,0.8036,14411,9732
large_rs2,khot_rank02,0,268,0.8036,14411,9733
large_rs2,khot_rank02,0,269,0.7857,14756,9738
large_rs2,khot_rank02,0,270,0.7946,15080,9755
large_rs2,khot_rank02,0,271,0.7946,15080,9762
large_rs2,khot_rank02,0,272,0.7946,15085,9783
large_rs2,khot_rank02,0,273,0.7946,15258,9960
large_rs2,khot_rank02,0,274,0.7946,15258,9962
large_rs2,khot_rank02,0,275,0.7946,15258,9970
large_rs2,khot_rank02,0,276,0.7946,15258,9994
large_rs2,khot_rank02,0,277,0.7946,15258,10019
large_rs2,khot_rank02,0,278,0.7946,15258,10044
large_rs2,khot_rank02,0,279,0.7946,15258,10070
large_rs2,khot_rank02,0,280,0.7946,15258,10080
large_rs2,khot_rank02,0,281,0.7946,15258,10099
large_rs2,khot_rank02,0,282,0.7946,15258,10129
large_rs2,khot_rank02,0,283,0.8125,15596,10141
large_rs2,khot_rank02,0,284,0.8125,15596,10144
large_rs2,khot_rank02,0,285,0.8125,15596,10164
large_rs2,khot_rank02,0,286,0.8125,15770,10340
large_rs2,khot_rank02,0,287,0.8125,16120,10340
large_rs2,khot_rank02,0,288,0.8125,16120,10363
large_rs2,khot_rank02,0,289,0.8125,16120,10372
large_rs2,khot_rank02,0,290,0.7946,16466,10376
large_rs2,khot_rank02,0,291,0.7946,16466,10393
large_rs2,khot_rank02,0,292,0.7946,16466,10396
large_rs2,khot_rank02,0,293,0.7946,16814,10398
large_rs2,khot_rank02,0,294,0.7946,17156,10406
large_rs2,khot_rank02,0,295,0.8036,17228,10436
large_rs2,khot_rank02,0,296,0.8036,17228,10444
large_rs2,khot_rank02,0,297,0.8036,17228,10446
large_rs2,khot_rank02,0,298,0.8036,17228,10453
large_rs2,khot_rank02,0,299,0.8036,17228,10477
large_rs2,khot_rank_cap,0,0,0.4821,31,319
large_rs2,khot_rank_cap,0,1,0.5089,56,644
large_rs2,khot_rank_cap,0,2,0.5893,78,853
large_rs2,khot_rank_cap,0,3,0.5804,83,914
large_rs2,khot_rank_cap,0,4,0.5446,93,1011
large_rs2,khot_rank_cap,0,5,0.5446,102,1120
large_rs2,khot_rank_cap,0,6,0.5625,116,1170
large_rs2,khot_rank_cap,0,7,0.5804,120,1211
large_rs2,khot_rank_cap,0,8,0.5804,120,1256
large_rs2,khot_rank_cap,0,9,0.5804,120,1273
large_rs2,khot_rank_cap,0,10,0.5714,148,1529
large_rs2,khot_rank_cap,0,11,0.5804,154,1550
large_rs2,khot_rank_cap,0,12,0.6250,171,1602
large_rs2,khot_rank_cap,0,13,0.6429,173,1614
large_rs2,khot_rank_cap,0,14,0.6429,173,1651
large_rs2,khot_rank_cap,0,15,0.6696,178,1734
large_rs2,khot_rank_cap,0,16,0.6518,182,1750
large_rs2,khot_rank_cap,0,17,0.6518,182,1782
large_rs2,khot_rank_cap,0,18,0.6786,190,1819
large_rs2,khot_rank_cap,0,19,0.6786,190,1820
large_rs2,khot_rank_cap,0,20,0.6518,210,1967
large_rs2,khot_rank_cap,0,21,0.6518,210,1970
large_rs2,khot_rank_cap,0,22,0.6518,210,1979
large_rs2,khot_rank_cap,0,23,0.7500,248,2172
large_rs2,khot_rank_cap,0,24,0.7589,249,2178
large_rs2,khot_rank_cap,0,25,0.7321,257,2195
large_rs2,khot_rank_cap,0,26,0.7143,259,2205
large_rs2,khot_rank_cap,0,27,0.7143,259,2207
large_rs2,khot_rank_cap,0,28,0.7321,266,2230
large_rs2,khot_rank_cap,0,29,0.7054,289,2332
large_rs2,khot_rank_cap,0,30,0.7143,290,2353
large_rs2,khot_rank_cap,0,31,0.7143,290,2366
large_rs2,khot_rank_cap,0,32,0.7321,292,2381
large_rs2,khot_rank_cap,0,33,0.7589,296,2409
large_rs2,khot_rank_cap,0,34,0.7679,298,2433
large_rs2,khot_rank_cap,0,35,0.7679,298,2450
large_rs2,khot_rank_cap,0,36,0.7679,298,2455
large_rs2,khot_rank_cap,0,37,0.7679,299,2460
large_rs2,khot_rank_cap,0,38,0.7768,304,2487
large_rs2,khot_rank_cap,0,39,0.7857,308,2517
large_rs2,khot_rank_cap,0,40,0.7768,309,2526
large_rs2,khot_rank_cap,0,41,0.7768,309,2529
large_rs2,khot_rank_cap,0,42,0.7768,309,2532
large_rs2,khot_rank_cap,0,43,0.7768,313,2554
large_rs2,khot_rank_cap,0,44,0.7768,313,2559
large_rs2,khot_rank_cap,0,45,0.7768,313,2564
large_rs2,khot_rank_cap,0,46,0.7768,313,2570
large_rs2,khot_rank_cap,0,47,0.7768,313,2583
large_rs2,khot_rank_cap,0,48,0.7768,313,2594
large_rs2,khot_rank_cap,0,49,0.8125,323,2665
large_rs2,khot_rank_cap,0,50,0.8125,323,2670
large_rs2,khot_rank_cap,0,51,0.8125,323,2688
large_rs2,khot_rank_cap,0,52,0.8125,323,2690
large_rs2,khot_rank_cap,0,53,0.8036,325,2713
large_rs2,khot_rank_cap,0,54,0.8125,326,2735
large_rs2,khot_rank_cap,0,55,0.8214,327,2769
large_rs2,khot_rank_cap,0,56,0.8393,333,2804
large_rs2,khot_rank_cap,0,57,0.8214,335,2810
large_rs2,khot_rank_cap,0,58,0.8036,342,2840
large_rs2,khot_rank_cap,0,59,0.8036,342,2845
large_rs2,khot_rank_cap,0,60,0.8036,345,2866
large_rs2,khot_rank_cap,0,61,0.8036,347,2890
large_rs2,khot_rank_cap,0,62,0.8125,350,2915
large_rs2,khot_rank_cap,0,63,0.8125,350,2929
large_rs2,khot_rank_cap,0,64,0.8125,351,2956
large_rs2,khot_rank_cap,0,65,0.8125,351,2959
large_rs2,khot_rank_cap,0,66,0.8125,354,2985
large_rs2,khot_rank_cap,0,67,0.8125,357,3011
large_rs2,khot_rank_cap,0,68,0.8214,362,3029
large_rs2,khot_rank_cap,0,69,0.8214,363,3046
large_rs2,khot_rank_cap,0,70,0.8125,370,3072
large_rs2,khot_rank_cap,0,71,0.8036,372,3093
large_rs2,khot_rank_cap,0,72,0.8125,373,3104
large_rs2,khot_rank_cap,0,73,0.8125,373,3124
large_rs2,khot_rank_cap,0,74,0.7857,375,3146
large_rs2,khot_rank_cap,0,75,0.7946,376,3149
large_rs2,khot_rank_cap,0,76,0.8214,382,3180
large_rs2,khot_rank_cap,0,77,0.8125,389,3212
large_rs2,khot_rank_cap,0,78,0.8304,392,3367
large_rs2,khot_rank_cap,0,79,0.8304,392,3379
large_rs2,khot_rank_cap,0,80,0.7232,424,3453
large_rs2,khot_rank_cap,0,81,0.7232,424,3460
large_rs2,khot_rank_cap,0,82,0.7679,435,3485
large_rs2,khot_rank_cap,0,83,0.7946,442,3515
large_rs2,khot_rank_cap,0,84,0.7946,444,3540
large_rs2,khot_rank_cap,0,85,0.7946,446,3560
large_rs2,khot_rank_cap,0,86,0.7768,459,3595
large_rs2,khot_rank_cap,0,87,0.7946,472,3866
large_rs2,khot_rank_cap,0,88,0.8036,484,3941
large_rs2,khot_rank_cap,0,89,0.7946,498,3980
large_rs2,khot_rank_cap,0,90,0.8036,499,4006
large_rs2,khot_rank_cap,0,91,0.7946,503,4016
large_rs2,khot_rank_cap,0,92,0.7946,503,4017
large_rs2,khot_rank_cap,0,93,0.7946,505,4046
large_rs2,khot_rank_cap,0,94,0.8036,507,4068
large_rs2,khot_rank_cap,0,95,0.8036,507,4073
large_rs2,khot_rank_cap,0,96,0.8125,508,4100
large_rs2,khot_rank_cap,0,97,0.8125,508,4111
large_rs2,khot_rank_cap,0,98,0.7143,534,4156
large_rs2,khot_rank_cap,0,99,0.7232,535,4181
large_rs2,khot_rank_cap,0,100,0.7232,535,4187
large_rs2,khot_rank_cap,0,101,0.7232,536,4212
large_rs2,khot_rank_cap,0,102,0.7232,536,4214
large_rs2,khot_rank_cap,0,103,0.7321,538,4238
large_rs2,khot_rank_cap,0,104,0.7321,552,4265
large_rs2,khot_rank_cap,0,105,0.7321,552,4267
large_rs2,khot_rank_cap,0,106,0.7321,558,4279
large_rs2,khot_rank_cap,0,107,0.7411,562,4307
large_rs2,khot_rank_cap,0,108,0.7411,567,4315
large_rs2,khot_rank_cap,0,109,0.7411,567,4334
large_rs2,khot_rank_cap,0,110,0.7589,574,4354
large_rs2,khot_rank_cap,0,111,0.7857,577,4382
large_rs2,khot_rank_cap,0,112,0.7857,577,4405
large_rs2,khot_rank_cap,0,113,0.7857,577,4425
large_rs2,khot_rank_cap,0,114,0.7946,584,4448
large_rs2,khot_rank_cap,0,115,0.7946,584,4471
large_rs2,khot_rank_cap,0,116,0.7946,584,4491
large_rs2,khot_rank_cap,0,117,0.8125,585,4506
large_rs2,khot_rank_cap,0,118,0.8125,585,4520
large_rs2,khot_rank_cap,0,119,0.8125,585,4535
large_rs2,khot_rank_cap,0,120,0.8125,585,4551
large_rs2,khot_rank_cap,0,121,0.7857,586,4573
large_rs2,khot_rank_cap,0,122,0.7768,588,4599
large_rs2,khot_rank_cap,0,123,0.7768,588,4605
large_rs2,khot_rank_cap,0,124,0.7768,588,4613
large_rs2,khot_rank_cap,0,125,0.7857,589,4637
large_rs2,khot_rank_cap,0,126,0.7500,599,4686
large_rs2,khot_rank_cap,0,127,0.7411,605,5030
large_rs2,khot_rank_cap,0,128,0.7500,607,5054
large_rs2,khot_rank_cap,0,129,0.7768,613,5074
large_rs2,khot_rank_cap,0,130,0.7768,613,5083
large_rs2,khot_rank_cap,0,131,0.7768,613,5086
large_rs2,khot_rank_cap,0,132,0.7768,613,5098
large_rs2,khot_rank_cap,0,133,0.7589,615,5120
large_rs2,khot_rank_cap,0,134,0.7679,616,5131
large_rs2,khot_rank_cap,0,135,0.7679,616,5143
large_rs2,khot_rank_cap,0,136,0.7679,616,5148
large_rs2,khot_rank_cap,0,137,0.7679,616,5160
large_rs2,khot_rank_cap,0,138,0.7679,616,5165
large_rs2,khot_rank_cap,0,139,0.7500,618,5180
large_rs2,khot_rank_cap,0,140,0.7500,618,5193
large_rs2,khot_rank_cap,0,141,0.7500,618,5209
large_rs2,khot_rank_cap,0,142,0.7500,619,5228
large_rs2,khot_rank_cap,0,143,0.7500,619,5242
large_rs2,khot_rank_cap,0,144,0.7500,619,5256
large_rs2,khot_rank_cap,0,145,0.7500,619,5606
large_rs2,khot_rank_cap,0,146,0.7500,619,5956
large_rs2,khot_rank_cap,0,147,0.7500,619,5973
large_rs2,khot_rank_cap,0,148,0.7411,622,5993
large_rs2,khot_rank_cap,0,149,0.7768,627,6080
large_rs2,khot_rank_cap,0,150,0.7768,643,6414
large_rs2,khot_rank_cap,0,151,0.7768,643,6764
large_rs2,khot_rank_cap,0,152,0.7768,643,7114
large_rs2,khot_rank_cap,0,153,0.7768,644,7463
large_rs2,khot_rank_cap,0,154,0.7857,645,7549
large_rs2,khot_rank_cap,0,155,0.7857,645,7571
large_rs2,khot_rank_cap,0,156,0.7946,659,7907
large_rs2,khot_rank_cap,0,157,0.8036,664,7933
large_rs2,khot_rank_cap,0,158,0.8036,666,7949
large_rs2,khot_rank_cap,0,159,0.8214,669,8080
large_rs2,khot_rank_cap,0,160,0.8214,669,8092
large_rs2,khot_rank_cap,0,161,0.8214,669,8097
large_rs2,khot_rank_cap,0,162,0.8214,669,8098
large_rs2,khot_rank_cap,0,163,0.8214,669,8124
large_rs2,khot_rank_cap,0,164,0.8214,669,8143
large_rs2,khot_rank_cap,0,165,0.8125,674,8150
large_rs2,khot_rank_cap,0,166,0.8125,674,8500
large_rs2,khot_rank_cap,0,167,0.8304,675,8520
large_rs2,khot_rank_cap,0,168,0.8304,675,8530
large_rs2,khot_rank_cap,0,169,0.8304,675,8535
large_rs2,khot_rank_cap,0,170,0.8304,675,8550
large_rs2,khot_rank_cap,0,171,0.8304,675,8577
large_rs2,khot_rank_cap,0,172,0.8125,677,8604
large_rs2,khot_rank_cap,0,173,0.8125,677,8626
large_rs2,khot_rank_cap,0,174,0.8036,683,8677
large_rs2,khot_rank_cap,0,175,0.8036,683,8691
large_rs2,khot_rank_cap,0,176,0.8125,684,8701
large_rs2,khot_rank_cap,0,177,0.8125,684,8718
large_rs2,khot_rank_cap,0,178,0.8125,684,8728
large_rs2,khot_rank_cap,0,179,0.8125,684,8744
large_rs2,khot_rank_cap,0,180,0.8214,688,9090
large_rs2,khot_rank_cap,0,181,0.8214,688,9096
large_rs2,khot_rank_cap,0,182,0.8036,689,9116
large_rs2,khot_rank_cap,0,183,0.8036,689,9120
large_rs2,khot_rank_cap,0,184,0.8036,689,9147
large_rs2,khot_rank_cap,0,185,0.8036,689,9176
large_rs2,khot_rank_cap,0,186,0.8036,689,9189
large_rs2,khot_rank_cap,0,187,0.8214,691,9216
large_rs2,khot_rank_cap,0,188,0.8214,691,9225
large_rs2,khot_rank_cap,0,189,0.8214,691,9575
large_rs2,khot_rank_cap,0,190,0.8304,697,9919
large_rs2,khot_rank_cap,0,191,0.8304,697,9931
large_rs2,khot_rank_cap,0,192,0.8214,714,9961
large_rs2,khot_rank_cap,0,193,0.8214,714,9982
large_rs2,khot_rank_cap,0,194,0.8304,716,10330
large_rs2,khot_rank_cap,0,195,0.8393,717,10341
large_rs2,khot_rank_cap,0,196,0.8393,720,10466
large_rs2,khot_rank_cap,0,197,0.8393,720,10476
large_rs2,khot_rank_cap,0,198,0.8393,721,10499
large_rs2,khot_rank_cap,0,199,0.8393,721,10512
large_rs2,khot_rank_cap,0,200,0.8393,721,10521
large_rs2,khot_rank_cap,0,201,0.8393,721,10538
large_rs2,khot_rank_cap,0,202,0.8214,729,10555
large_rs2,khot_rank_cap,0,203,0.7768,746,10888
large_rs2,khot_rank_cap,0,204,0.8036,760,11224
large_rs2,khot_rank_cap,0,205,0.8125,770,11248
large_rs2,khot_rank_cap,0,206,0.8214,772,11258
large_rs2,khot_rank_cap,0,207,0.8125,782,11598
large_rs2,khot_rank_cap,0,208,0.8125,782,11628
large_rs2,khot_rank_cap,0,209,0.8125,782,11632
large_rs2,khot_rank_cap,0,210,0.7857,785,11965
large_rs2,khot_rank_cap,0,211,0.7946,786,11989
large_rs2,khot_rank_cap,0,212,0.7946,786,11999
large_rs2,khot_rank_cap,0,213,0.7946,787,12012
large_rs2,khot_rank_cap,0,214,0.8036,788,12036
large_rs2,khot_rank_cap,0,215,0.8036,788,12386
large_rs2,khot_rank_cap,0,216,0.8036,788,12736
large_rs2,khot_rank_cap,0,217,0.8036,788,12742
large_rs2,khot_rank_cap,0,218,0.8036,788,12762
large_rs2,khot_rank_cap,0,219,0.8036,788,13112
large_rs2,khot_rank_cap,0,220,0.8125,789,13382
large_rs2,khot_rank_cap,0,221,0.8214,793,13408
large_rs2,khot_rank_cap,0,222,0.8214,793,13758
large_rs2,khot_rank_cap,0,223,0.8304,796,13917
large_rs2,khot_rank_cap,0,224,0.8304,797,14024
large_rs2,khot_rank_cap,0,225,0.8304,797,14046
large_rs2,khot_rank_cap,0,226,0.8393,798,14302
large_rs2,khot_rank_cap,0,227,0.8393,798,14311
large_rs2,khot_rank_cap,0,228,0.8393,798,14339
large_rs2,khot_rank_cap,0,229,0.8393,798,14570
large_rs2,khot_rank_cap,0,230,0.8393,798,14585
large_rs2,khot_rank_cap,0,231,0.8393,798,14596
large_rs2,khot_rank_cap,0,232,0.8393,798,14603
large_rs2,khot_rank_cap,0,233,0.8393,798,14633
large_rs2,khot_rank_cap,0,234,0.8393,798,14657
large_rs2,khot_rank_cap,0,235,0.8393,798,14664
large_rs2,khot_rank_cap,0,236,0.8393,798,14687
large_rs2,khot_rank_cap,0,237,0.8393,798,14698
large_rs2,khot_rank_cap,0,238,0.8393,798,14721
large_rs2,khot_rank_cap,0,239,0.8393,798,14731
large_rs2,khot_rank_cap,0,240,0.8393,798,14754
large_rs2,khot_rank_cap,0,241,0.8571,800,14769
large_rs2,khot_rank_cap,0,242,0.8661,803,14797
large_rs2,khot_rank_cap,0,243,0.8750,807,15143
large_rs2,khot_rank_cap,0,244,0.8571,808,15170
large_rs2,khot_rank_cap,0,245,0.8571,808,15198
large_rs2,khot_rank_cap,0,246,0.8571,808,15548
large_rs2,khot_rank_cap,0,247,0.8661,809,15725
large_rs2,khot_rank_cap,0,248,0.8661,826,15751
large_rs2,khot_rank_cap,0,249,0.8482,834,16093
large_rs2,khot_rank_cap,0,250,0.8571,835,16442
large_rs2,khot_rank_cap,0,251,0.8571,835,16455
large_rs2,khot_rank_cap,0,252,0.8571,835,16479
large_rs2,khot_rank_cap,0,253,0.8571,835,16499
large_rs2,khot_rank_cap,0,254,0.8393,839,16529
large_rs2,khot_rank_cap,0,255,0.8571,843,16547
large_rs2,khot_rank_cap,0,256,0.8571,843,16897
large_rs2,khot_rank_cap,0,257,0.8571,843,16911
large_rs2,khot_rank_cap,0,258,0.8571,843,16937
large_rs2,khot_rank_cap,0,259,0.8571,844,16951
large_rs2,khot_rank_cap,0,260,0.8571,846,17299
large_rs2,khot_rank_cap,0,261,0.8571,846,17649
large_rs2,khot_rank_cap,0,262,0.8750,849,17764
large_rs2,khot_rank_cap,0,263,0.8750,849,17783
large_rs2,khot_rank_cap,0,264,0.8750,849,17785
large_rs2,khot_rank_cap,0,265,0.8750,849,17804
large_rs2,khot_rank_cap,0,266,0.8750,849,17826
large_rs2,khot_rank_cap,0,267,0.8750,849,17842
large_rs2,khot_rank_cap,0,268,0.8750,849,17843
large_rs2,khot_rank_cap,0,269,0.8929,856,17863
large_rs2,khot_rank_cap,0,270,0.8929,856,17881
large_rs2,khot_rank_cap,0,271,0.8929,856,17888
large_rs2,khot_rank_cap,0,272,0.8929,856,17911
large_rs2,khot_rank_cap,0,273,0.8929,856,17929
large_rs2,khot_rank_cap,0,274,0.8929,856,17931
large_rs2,khot_rank_cap,0,275,0.8929,856,17939
large_rs2,khot_rank_cap,0,276,0.8929,856,17963
large_rs2,khot_rank_cap,0,277,0.8929,856,17988
large_rs2,khot_rank_cap,0,278,0.8929,856,18013
large_rs2,khot_rank_cap,0,279,0.8929,856,18039
large_rs2,khot_rank_cap,0,280,0.8929,856,18049
large_rs2,khot_rank_cap,0,281,0.8929,856,18068
large_rs2,khot_rank_cap,0,282,0.8393,858,18095
large_rs2,khot_rank_cap,0,283,0.7857,872,18431
large_rs2,khot_rank_cap,0,284,0.7857,872,18434
large_rs2,khot_rank_cap,0,285,0.7946,875,18453
large_rs2,khot_rank_cap,0,286,0.7946,878,18800
large_rs2,khot_rank_cap,0,287,0.8214,882,19146
large_rs2,khot_rank_cap,0,288,0.8393,884,19340
large_rs2,khot_rank_cap,0,289,0.8393,884,19349
large_rs2,khot_rank_cap,0,290,0.8571,893,19690
large_rs2,khot_rank_cap,0,291,0.8482,895,19708
large_rs2,khot_rank_cap,0,292,0.8482,895,19711
large_rs2,khot_rank_cap,0,293,0.8482,895,20061
large_rs2,khot_rank_cap,0,294,0.8571,897,20153
large_rs2,khot_rank_cap,0,295,0.8571,897,20182
large_rs2,khot_rank_cap,0,296,0.8571,897,20190
large_rs2,khot_rank_cap,0,297,0.8571,897,20192
large_rs2,khot_rank_cap,0,298,0.8571,897,20199
large_rs2,khot_rank_cap,0,299,0.8571,897,20223
large_rs2,khot_rank,1,0,0.4018,27,323
large_rs2,khot_rank,1,1,0.4375,54,646
large_rs2,khot_rank,1,2,0.5000,69,738
large_rs2,khot_rank,1,3,0.5089,96,1061
large_rs2,khot_rank,1,4,0.6339,145,1362
large_rs2,khot_rank,1,5,0.5982,168,1607
large_rs2,khot_rank,1,6,0.6429,174,1673
large_rs2,khot_rank,1,7,0.6429,174,1674
large_rs2,khot_rank,1,8,0.6429,182,1689
large_rs2,khot_rank,1,9,0.6429,182,1705
large_rs2,khot_rank,1,10,0.6161,189,1719
large_rs2,khot_rank,1,11,0.6607,207,1831
large_rs2,khot_rank,1,12,0.6696,226,1955
large_rs2,khot_rank,1,13,0.6786,229,1974
large_rs2,khot_rank,1,14,0.6607,239,1996
large_rs2,khot_rank,1,15,0.6875,240,2012
large_rs2,khot_rank,1,16,0.6875,243,2034
large_rs2,khot_rank,1,17,0.7143,248,2086
large_rs2,khot_rank,1,18,0.7143,248,2103
large_rs2,khot_rank,1,19,0.7143,248,2118
large_rs2,khot_rank,1,20,0.7321,249,2125
large_rs2,khot_rank,1,21,0.7232,276,2232
large_rs2,khot_rank,1,22,0.7232,276,2234
large_rs2,khot_rank,1,23,0.7232,276,2236
large_rs2,khot_rank,1,24,0.7232,276,2248
large_rs2,khot_rank,1,25,0.7589,278,2259
large_rs2,khot_rank,1,26,0.7589,279,2284
large_rs2,khot_rank,1,27,0.7589,279,2300
large_rs2,khot_rank,1,28,0.7768,280,2317
large_rs2,khot_rank,1,29,0.7768,280,2339
large_rs2,khot_rank,1,30,0.7768,280,2342
large_rs2,khot_rank,1,31,0.7768,280,2369
large_rs2,khot_rank,1,32,0.7768,280,2382
large_rs2,khot_rank,1,33,0.7768,280,2403
large_rs2,khot_rank,1,34,0.7768,280,2419
large_rs2,khot_rank,1,35,0.7768,283,2432
large_rs2,khot_rank,1,36,0.7768,283,2445
large_rs2,khot_rank,1,37,0.7857,284,2462
large_rs2,khot_rank,1,38,0.7143,293,2474
large_rs2,khot_rank,1,39,0.7500,300,2505
large_rs2,khot_rank,1,40,0.7500,302,2526
large_rs2,khot_rank,1,41,0.7143,304,2544
large_rs2,khot_rank,1,42,0.7679,323,2666
large_rs2,khot_rank,1,43,0.7768,325,2671
large_rs2,khot_rank,1,44,0.7768,325,2672
large_rs2,khot_rank,1,45,0.7946,326,2680
large_rs2,khot_rank,1,46,0.7857,330,2692
large_rs2,khot_rank,1,47,0.7679,332,2708
large_rs2,khot_rank,1,48,0.7946,335,2767
large_rs2,khot_rank,1,49,0.7679,374,2802
large_rs2,khot_rank,1,50,0.7857,385,2824
large_rs2,khot_rank,1,51,0.7679,398,2864
large_rs2,khot_rank,1,52,0.7679,398,2880
large_rs2,khot_rank,1,53,0.7589,401,2894
large_rs2,khot_rank,1,54,0.7768,405,2917
large_rs2,khot_rank,1,55,0.7768,405,2934
large_rs2,khot_rank,1,56,0.7768,405,2953
large_rs2,khot_rank,1,57,0.8036,408,2985
large_rs2,khot_rank,1,58,0.8214,414,2996
large_rs2,khot_rank,1,59,0.8214,414,2999
large_rs2,khot_rank,1,60,0.8304,417,3021
large_rs2,khot_rank,1,61,0.8393,418,3047
large_rs2,khot_rank,1,62,0.8393,418,3068
large_rs2,khot_rank,1,63,0.8304,420,3094
large_rs2,khot_rank,1,64,0.8304,420,3119
large_rs2,khot_rank,1,65,0.8304,420,3143
large_rs2,khot_rank,1,66,0.8304,420,3167
large_rs2,khot_rank,1,67,0.8304,420,3186
large_rs2,khot_rank,1,68,0.8482,421,3226
large_rs2,khot_rank,1,69,0.8125,422,3248
large_rs2,khot_rank,1,70,0.8125,422,3264
large_rs2,khot_rank,1,71,0.8125,422,3285
large_rs2,khot_rank,1,72,0.8125,422,3294
large_rs2,khot_rank,1,73,0.7946,426,3313
large_rs2,khot_rank,1,74,0.7768,444,3342
large_rs2,khot_rank,1,75,0.7768,444,3354
large_rs2,khot_rank,1,76,0.7768,444,3357
large_rs2,khot_rank,1,77,0.8304,446,3381
large_rs2,khot_rank,1,78,0.8304,446,3387
large_rs2,khot_rank,1,79,0.7589,457,3417
large_rs2,khot_rank,1,80,0.7679,458,3434
large_rs2,khot_rank,1,81,0.7857,463,3461
large_rs2,khot_rank,1,82,0.7857,463,3467
large_rs2,khot_rank,1,83,0.8125,466,3506
large_rs2,khot_rank,1,84,0.7946,468,3516
large_rs2,khot_rank,1,85,0.7946,590,3671
large_rs2,khot_rank,1,86,0.7946,592,3677
large_rs2,khot_rank,1,87,0.7946,592,3691
large_rs2,khot_rank,1,88,0.7411,597,3715
large_rs2,khot_rank,1,89,0.7946,603,3740
large_rs2,khot_rank,1,90,0.7946,603,3743
large_rs2,khot_rank,1,91,0.7946,603,3747
large_rs2,khot_rank,1,92,0.8304,615,3772
large_rs2,khot_rank,1,93,0.8304,615,3796
large_rs2,khot_rank,1,94,0.8304,615,3799
large_rs2,khot_rank,1,95,0.8304,615,3805
large_rs2,khot_rank,1,96,0.8304,615,3829
large_rs2,khot_rank,1,97,0.8304,615,3838
large_rs2,khot_rank,1,98,0.8304,615,3849
large_rs2,khot_rank,1,99,0.8304,615,3871
large_rs2,khot_rank,1,100,0.8125,620,3895
large_rs2,khot_rank,1,101,0.8125,620,3912
large_rs2,khot_rank,1,102,0.8125,620,3925
large_rs2,khot_rank,1,103,0.8125,620,3942
large_rs2,khot_rank,1,104,0.8125,620,3953
large_rs2,khot_rank,1,105,0.8125,620,3967
large_rs2,khot_rank,1,106,0.8125,620,3984
large_rs2,khot_rank,1,107,0.8125,620,4000
large_rs2,khot_rank,1,108,0.8125,620,4020
large_rs2,khot_rank,1,109,0.8125,620,4041
large_rs2,khot_rank,1,110,0.8304,639,4068
large_rs2,khot_rank,1,111,0.7946,653,4080
large_rs2,khot_rank,1,112,0.8125,675,4113
large_rs2,khot_rank,1,113,0.8125,675,4140
large_rs2,khot_rank,1,114,0.8125,692,4168
large_rs2,khot_rank,1,115,0.8036,696,4189
large_rs2,khot_rank,1,116,0.7946,697,4207
large_rs2,khot_rank,1,117,0.7946,697,4210
large_rs2,khot_rank,1,118,0.7946,697,4236
large_rs2,khot_rank,1,119,0.7857,699,4257
large_rs2,khot_rank,1,120,0.7857,699,4265
large_rs2,khot_rank,1,121,0.8036,703,4291
large_rs2,khot_rank,1,122,0.8036,703,4318
large_rs2,khot_rank,1,123,0.8036,703,4335
large_rs2,khot_rank,1,124,0.8036,713,4350
large_rs2,khot_rank,1,125,0.8214,714,4367
large_rs2,khot_rank,1,126,0.8214,714,4376
large_rs2,khot_rank,1,127,0.8214,714,4387
large_rs2,khot_rank,1,128,0.7946,715,4404
large_rs2,khot_rank,1,129,0.7946,716,4425
large_rs2,khot_rank,1,130,0.7946,716,4426
large_rs2,khot_rank,1,131,0.7946,716,4433
large_rs2,khot_rank,1,132,0.7946,716,4453
large_rs2,khot_rank,1,133,0.8036,717,4473
large_rs2,khot_rank,1,134,0.8125,724,4505
large_rs2,khot_rank,1,135,0.8125,728,4514
large_rs2,khot_rank,1,136,0.8125,728,4515
large_rs2,khot_rank,1,137,0.8125,728,4521
large_rs2,khot_rank,1,138,0.8125,728,4543
large_rs2,khot_rank,1,139,0.8125,728,4545
large_rs2,khot_rank,1,140,0.8125,728,4556
large_rs2,khot_rank,1,141,0.8125,728,4581
large_rs2,khot_rank,1,142,0.8125,728,4607
large_rs2,khot_rank,1,143,0.8125,728,4614
large_rs2,khot_rank,1,144,0.8304,731,4639
large_rs2,khot_rank,1,145,0.8304,731,4644
large_rs2,khot_rank,1,146,0.8393,733,4673
large_rs2,khot_rank,1,147,0.8393,733,4702
large_rs2,khot_rank,1,148,0.8393,733,4715
large_rs2,khot_rank,1,149,0.8393,733,4734
large_rs2,khot_rank,1,150,0.8393,733,4759
large_rs2,khot_rank,1,151,0.8393,733,4782
large_rs2,khot_rank,1,152,0.8304,734,4797
large_rs2,khot_rank,1,153,0.8304,1077,4804
large_rs2,khot_rank,1,154,0.8571,1088,4837
large_rs2,khot_rank,1,155,0.8482,1089,4861
large_rs2,khot_rank,1,156,0.8661,1095,4887
large_rs2,khot_rank,1,157,0.8482,1101,4912
large_rs2,khot_rank,1,158,0.8482,1101,4919
large_rs2,khot_rank,1,159,0.8482,1101,4935
large_rs2,khot_rank,1,160,0.8482,1101,4943
large_rs2,khot_rank,1,161,0.8482,1102,4966
large_rs2,khot_rank,1,162,0.8482,1102,4979
large_rs2,khot_rank,1,163,0.8482,1102,4994
large_rs2,khot_rank,1,164,0.8304,1104,5019
large_rs2,khot_rank,1,165,0.8125,1112,5030
large_rs2,khot_rank,1,166,0.8036,1182,5117
large_rs2,khot_rank,1,167,0.8036,1183,5125
large_rs2,khot_rank,1,168,0.8036,1227,5189
large_rs2,khot_rank,1,169,0.8036,1227,5200
large_rs2,khot_rank,1,170,0.8036,1227,5206
large_rs2,khot_rank,1,171,0.8036,1227,5210
large_rs2,khot_rank,1,172,0.8036,1227,5228
large_rs2,khot_rank,1,173,0.8036,1227,5235
large_rs2,khot_rank,1,174,0.8036,1227,5252
large_rs2,khot_rank,1,175,0.8036,1227,5277
large_rs2,khot_rank,1,176,0.8036,1227,5299
large_rs2,khot_rank,1,177,0.8036,1227,5319
large_rs2,khot_rank,1,178,0.8125,1228,5344
large_rs2,khot_rank,1,179,0.8036,1240,5372
large_rs2,khot_rank,1,180,0.8036,1240,5400
large_rs2,khot_rank,1,181,0.7946,1241,5417
large_rs2,khot_rank,1,182,0.8393,1251,5450
large_rs2,khot_rank,1,183,0.8393,1251,5472
large_rs2,khot_rank,1,184,0.8214,1253,5500
large_rs2,khot_rank,1,185,0.8214,1253,5509
large_rs2,khot_rank,1,186,0.8214,1253,5515
large_rs2,khot_rank,1,187,0.8214,1256,5518
large_rs2,khot_rank,1,188,0.8214,1256,5533
large_rs2,khot_rank,1,189,0.8125,1267,5555
large_rs2,khot_rank,1,190,0.8214,1268,5566
large_rs2,khot_rank,1,191,0.8304,1272,5579
large_rs2,khot_rank,1,192,0.8214,1273,5595
large_rs2,khot_rank,1,193,0.8214,1273,5599
large_rs2,khot_rank,1,194,0.8214,1273,5624
large_rs2,khot_rank,1,195,0.8304,1277,5650
large_rs2,khot_rank,1,196,0.8304,1277,5677
large_rs2,khot_rank,1,197,0.8214,1278,5689
large_rs2,khot_rank,1,198,0.8214,1278,5712
large_rs2,khot_rank,1,199,0.8304,1279,5723
large_rs2,khot_rank,1,200,0.8304,1280,5739
large_rs2,khot_rank,1,201,0.8304,1292,5775
large_rs2,khot_rank,1,202,0.8125,1293,5796
large_rs2,khot_rank,1,203,0.8125,1294,5814
large_rs2,khot_rank,1,204,0.8125,1294,5835
large_rs2,khot_rank,1,205,0.8214,1299,5856
large_rs2,khot_rank,1,206,0.8214,1299,5871
large_rs2,khot_rank,1,207,0.8125,1300,5890
large_rs2,khot_rank,1,208,0.8214,1302,5908
large_rs2,khot_rank,1,209,0.8214,1302,5933
large_rs2,khot_rank,1,210,0.8214,1302,5938
large_rs2,khot_rank,1,211,0.8214,1304,5960
large_rs2,khot_rank,1,212,0.8214,1304,5961
large_rs2,khot_rank,1,213,0.8393,1305,5977
large_rs2,khot_rank,1,214,0.8214,1306,5987
large_rs2,khot_rank,1,215,0.8214,1306,6004
large_rs2,khot_rank,1,216,0.8214,1306,6017
large_rs2,khot_rank,1,217,0.8304,1307,6043
large_rs2,khot_rank,1,218,0.8304,1307,6060
large_rs2,khot_rank,1,219,0.8304,1307,6065
large_rs2,khot_rank,1,220,0.8304,1307,6086
large_rs2,khot_rank,1,221,0.8304,1307,6100
large_rs2,khot_rank,1,222,0.8304,1307,6106
large_rs2,khot_rank,1,223,0.8304,1307,6118
large_rs2,khot_rank,1,224,0.8304,1307,6131
large_rs2,khot_rank,1,225,0.8304,1307,6142
large_rs2,khot_rank,1,226,0.8304,1308,6165
large_rs2,khot_rank,1,227,0.8304,1313,6183
large_rs2,khot_rank,1,228,0.8304,1313,6200
large_rs2,khot_rank,1,229,0.8125,1656,6207
large_rs2,khot_rank,1,230,0.8214,1660,6213
large_rs2,khot_rank,1,231,0.8304,1661,6237
large_rs2,khot_rank,1,232,0.8304,1661,6265
large_rs2,khot_rank,1,233,0.8304,1661,6273
large_rs2,khot_rank,1,234,0.8214,1669,6299
large_rs2,khot_rank,1,235,0.7857,1670,6320
large_rs2,khot_rank,1,236,0.7857,1839,6501
large_rs2,khot_rank,1,237,0.8036,1840,6518
large_rs2,khot_rank,1,238,0.8036,1840,6521
large_rs2,khot_rank,1,239,0.8036,1847,6543
large_rs2,khot_rank,1,240,0.8482,2043,6697
large_rs2,khot_rank,1,241,0.8571,2044,6710
large_rs2,khot_rank,1,242,0.8661,2045,6722
large_rs2,khot_rank,1,243,0.8661,2214,6903
large_rs2,khot_rank,1,244,0.8661,2214,6906
large_rs2,khot_rank,1,245,0.8661,2381,7089
large_rs2,khot_rank,1,246,0.8661,2549,7271
large_rs2,khot_rank,1,247,0.8661,2550,7289
large_rs2,khot_rank,1,248,0.8661,2724,7465
large_rs2,khot_rank,1,249,0.8661,2752,7515
large_rs2,khot_rank,1,250,0.8661,2920,7697
large_rs2,khot_rank,1,251,0.8661,2920,7709
large_rs2,khot_rank,1,252,0.8661,2920,7731
large_rs2,khot_rank,1,253,0.8661,2920,7752
large_rs2,khot_rank,1,254,0.8661,2935,7780
large_rs2,khot_rank,1,255,0.8661,2936,7786
large_rs2,khot_rank,1,256,0.8661,2936,7804
large_rs2,khot_rank,1,257,0.8661,3105,7985
large_rs2,khot_rank,1,258,0.8393,3241,8140
large_rs2,khot_rank,1,259,0.8482,3441,8155
large_rs2,khot_rank,1,260,0.8482,3445,8178
large_rs2,khot_rank,1,261,0.8482,3445,8192
large_rs2,khot_rank,1,262,0.8482,3446,8211
large_rs2,khot_rank,1,263,0.8393,3447,8232
large_rs2,khot_rank,1,264,0.8482,3452,8262
large_rs2,khot_rank,1,265,0.8482,3452,8279
large_rs2,khot_rank,1,266,0.8482,3452,8290
large_rs2,khot_rank,1,267,0.8482,3452,8297
large_rs2,khot_rank,1,268,0.8304,3455,8321
large_rs2,khot_rank,1,269,0.8304,3455,8332
large_rs2,khot_rank,1,270,0.8304,3455,8336
large_rs2,khot_rank,1,271,0.8304,3455,8343
large_rs2,khot_rank,1,272,0.8304,3455,8350
large_rs2,khot_rank,1,273,0.8304,3607,8525
large_rs2,khot_rank,1,274,0.8304,3607,8527
large_rs2,khot_rank,1,275,0.8304,3607,8530
large_rs2,khot_rank,1,276,0.8304,3607,8535
large_rs2,khot_rank,1,277,0.8304,3607,8541
large_rs2,khot_rank,1,278,0.8304,3779,8719
large_rs2,khot_rank,1,279,0.8304,3950,8898
large_rs2,khot_rank,1,280,0.8304,4119,9079
large_rs2,khot_rank,1,281,0.8304,4286,9262
large_rs2,khot_rank,1,282,0.8393,4341,9341
large_rs2,khot_rank,1,283,0.8393,4341,9346
large_rs2,khot_rank,1,284,0.8393,4341,9352
large_rs2,khot_rank,1,285,0.8393,4342,9377
large_rs2,khot_rank,1,286,0.8750,4354,9402
large_rs2,khot_rank,1,287,0.8750,4355,9431
large_rs2,khot_rank,1,288,0.8750,4355,9433
large_rs2,khot_rank,1,289,0.8750,4355,9443
large_rs2,khot_rank,1,290,0.8750,4355,9444
large_rs2,khot_rank,1,291,0.8929,4368,9454
large_rs2,khot_rank,1,292,0.8929,4369,9478
large_rs2,khot_rank,1,293,0.8661,4372,9503
large_rs2,khot_rank,1,294,0.8750,4374,9531
large_rs2,khot_rank,1,295,0.8750,4374,9548
large_rs2,khot_rank,1,296,0.8661,4377,9560
large_rs2,khot_rank,1,297,0.8661,4377,9577
large_rs2,khot_rank,1,298,0.8661,4377,9590
large_rs2,khot_rank,1,299,0.8750,4378,9615
large_rs2,khot_rank02,1,0,0.3393,25,325
large_rs2,khot_rank02,1,1,0.4018,52,648
large_rs2,khot_rank02,1,2,0.4464,65,742
large_rs2,khot_rank02,1,3,0.5446,98,1059
large_rs2,khot_rank02,1,4,0.5893,142,1344
large_rs2,khot_rank02,1,5,0.5982,174,1652
large_rs2,khot_rank02,1,6,0.5893,180,1680
large_rs2,khot_rank02,1,7,0.5893,180,1681
large_rs2,khot_rank02,1,8,0.6161,184,1699
large_rs2,khot_rank02,1,9,0.6339,186,1716
large_rs2,khot_rank02,1,10,0.5982,190,1730
large_rs2,khot_rank02,1,11,0.6429,209,1836
large_rs2,khot_rank02,1,12,0.6518,218,1926
large_rs2,khot_rank02,1,13,0.6518,219,1945
large_rs2,khot_rank02,1,14,0.6875,223,1967
large_rs2,khot_rank02,1,15,0.6875,223,1990
large_rs2,khot_rank02,1,16,0.6875,224,2012
large_rs2,khot_rank02,1,17,0.7500,225,2033
large_rs2,khot_rank02,1,18,0.7500,225,2049
large_rs2,khot_rank02,1,19,0.7500,225,2065
large_rs2,khot_rank02,1,20,0.7500,226,2070
large_rs2,khot_rank02,1,21,0.7500,250,2180
large_rs2,khot_rank02,1,22,0.7500,251,2182
large_rs2,khot_rank02,1,23,0.7500,251,2184
large_rs2,khot_rank02,1,24,0.7500,252,2196
large_rs2,khot_rank02,1,25,0.7321,254,2207
large_rs2,khot_rank02,1,26,0.7321,261,2232
large_rs2,khot_rank02,1,27,0.7321,261,2268
large_rs2,khot_rank02,1,28,0.7411,264,2287
large_rs2,khot_rank02,1,29,0.7054,273,2331
large_rs2,khot_rank02,1,30,0.7054,273,2334
large_rs2,khot_rank02,1,31,0.7054,280,2364
large_rs2,khot_rank02,1,32,0.7143,281,2378
large_rs2,khot_rank02,1,33,0.7321,282,2399
large_rs2,khot_rank02,1,34,0.7500,284,2429
large_rs2,khot_rank02,1,35,0.7589,287,2438
large_rs2,khot_rank02,1,36,0.7589,287,2451
large_rs2,khot_rank02,1,37,0.7679,288,2470
large_rs2,khot_rank02,1,38,0.7054,291,2517
large_rs2,khot_rank02,1,39,0.7054,291,2546
large_rs2,khot_rank02,1,40,0.7054,291,2571
large_rs2,khot_rank02,1,41,0.7232,295,2589
large_rs2,khot_rank02,1,42,0.7321,323,2704
large_rs2,khot_rank02,1,43,0.7321,323,2709
large_rs2,khot_rank02,1,44,0.7321,323,2710
large_rs2,khot_rank02,1,45,0.7321,323,2717
large_rs2,khot_rank02,1,46,0.7321,323,2730
large_rs2,khot_rank02,1,47,0.7321,327,2749
large_rs2,khot_rank02,1,48,0.7679,331,2788
large_rs2,khot_rank02,1,49,0.7589,375,2839
large_rs2,khot_rank02,1,50,0.7411,393,2861
large_rs2,khot_rank02,1,51,0.7411,426,2894
large_rs2,khot_rank02,1,52,0.7589,428,2910
large_rs2,khot_rank02,1,53,0.7589,428,2926
large_rs2,khot_rank02,1,54,0.7500,432,2950
large_rs2,khot_rank02,1,55,0.7500,432,2967
large_rs2,khot_rank02,1,56,0.7500,432,2988
large_rs2,khot_rank02,1,57,0.7589,435,3017
large_rs2,khot_rank02,1,58,0.7500,436,3029
large_rs2,khot_rank02,1,59,0.7500,436,3033
large_rs2,khot_rank02,1,60,0.7768,438,3053
large_rs2,khot_rank02,1,61,0.7857,439,3077
large_rs2,khot_rank02,1,62,0.7857,439,3098
large_rs2,khot_rank02,1,63,0.7857,439,3123
large_rs2,khot_rank02,1,64,0.7857,439,3149
large_rs2,khot_rank02,1,65,0.7857,439,3173
large_rs2,khot_rank02,1,66,0.8304,444,3197
large_rs2,khot_rank02,1,67,0.8125,445,3217
large_rs2,khot_rank02,1,68,0.8214,447,3258
large_rs2,khot_rank02,1,69,0.8214,447,3280
large_rs2,khot_rank02,1,70,0.8214,447,3297
large_rs2,khot_rank02,1,71,0.8214,447,3315
large_rs2,khot_rank02,1,72,0.8214,447,3324
large_rs2,khot_rank02,1,73,0.8214,447,3342
large_rs2,khot_rank02,1,74,0.8125,452,3369
large_rs2,khot_rank02,1,75,0.8125,452,3382
large_rs2,khot_rank02,1,76,0.8125,452,3385
large_rs2,khot_rank02,1,77,0.8393,455,3413
large_rs2,khot_rank02,1,78,0.8393,455,3419
large_rs2,khot_rank02,1,79,0.8214,534,3453
large_rs2,khot_rank02,1,80,0.8214,535,3470
large_rs2,khot_rank02,1,81,0.8393,546,3503
large_rs2,khot_rank02,1,82,0.8393,546,3509
large_rs2,khot_rank02,1,83,0.8125,624,3549
large_rs2,khot_rank02,1,84,0.8214,626,3560
large_rs2,khot_rank02,1,85,0.7679,724,3694
large_rs2,khot_rank02,1,86,0.7857,726,3701
large_rs2,khot_rank02,1,87,0.7946,727,3715
large_rs2,khot_rank02,1,88,0.7946,731,3736
large_rs2,khot_rank02,1,89,0.7857,748,3767
large_rs2,khot_rank02,1,90,0.7857,748,3770
large_rs2,khot_rank02,1,91,0.7857,748,3774
large_rs2,khot_rank02,1,92,0.8214,926,3802
large_rs2,khot_rank02,1,93,0.8214,928,3826
large_rs2,khot_rank02,1,94,0.8214,928,3829
large_rs2,khot_rank02,1,95,0.8214,928,3835
large_rs2,khot_rank02,1,96,0.8214,928,3859
large_rs2,khot_rank02,1,97,0.8214,928,3868
large_rs2,khot_rank02,1,98,0.8304,929,3882
large_rs2,khot_rank02,1,99,0.8304,929,3906
large_rs2,khot_rank02,1,100,0.8482,933,3930
large_rs2,khot_rank02,1,101,0.8482,933,3947
large_rs2,khot_rank02,1,102,0.8482,933,3962
large_rs2,khot_rank02,1,103,0.8393,939,3979
large_rs2,khot_rank02,1,104,0.8393,939,3991
large_rs2,khot_rank02,1,105,0.8393,939,4005
large_rs2,khot_rank02,1,106,0.8393,939,4025
large_rs2,khot_rank02,1,107,0.8393,939,4041
large_rs2,khot_rank02,1,108,0.8393,939,4061
large_rs2,khot_rank02,1,109,0.8393,939,4082
large_rs2,khot_rank02,1,110,0.8304,948,4113
large_rs2,khot_rank02,1,111,0.7143,1292,4119
large_rs2,khot_rank02,1,112,0.7143,1463,4298
large_rs2,khot_rank02,1,113,0.7321,1809,4302
large_rs2,khot_rank02,1,114,0.7143,2149,4312
large_rs2,khot_rank02,1,115,0.7143,2497,4314
large_rs2,khot_rank02,1,116,0.7054,2669,4492
large_rs2,khot_rank02,1,117,0.7143,3000,4495
large_rs2,khot_rank02,1,118,0.6875,3233,4612
large_rs2,khot_rank02,1,119,0.7054,3468,4727
large_rs2,khot_rank02,1,120,0.7321,3473,4736
large_rs2,khot_rank02,1,121,0.7411,3749,4810
large_rs2,khot_rank02,1,122,0.7411,3916,4993
large_rs2,khot_rank02,1,123,0.7411,3940,5020
large_rs2,khot_rank02,1,124,0.7143,3957,5035
large_rs2,khot_rank02,1,125,0.7321,4072,5166
large_rs2,khot_rank02,1,126,0.7321,4072,5175
large_rs2,khot_rank02,1,127,0.7321,4078,5191
large_rs2,khot_rank02,1,128,0.7232,4080,5209
large_rs2,khot_rank02,1,129,0.7232,4187,5230
large_rs2,khot_rank02,1,130,0.7232,4187,5231
large_rs2,khot_rank02,1,131,0.7232,4187,5238
large_rs2,khot_rank02,1,132,0.7232,4187,5258
large_rs2,khot_rank02,1,133,0.7500,4359,5436
large_rs2,khot_rank02,1,134,0.7768,4523,5622
large_rs2,khot_rank02,1,135,0.7411,4542,5632
large_rs2,khot_rank02,1,136,0.7411,4542,5633
large_rs2,khot_rank02,1,137,0.7411,4542,5639
large_rs2,khot_rank02,1,138,0.7500,4570,5687
large_rs2,khot_rank02,1,139,0.7500,4570,5689
large_rs2,khot_rank02,1,140,0.7500,4570,5702
large_rs2,khot_rank02,1,141,0.7589,4746,5876
large_rs2,khot_rank02,1,142,0.7679,4776,5932
large_rs2,khot_rank02,1,143,0.7679,4776,5939
large_rs2,khot_rank02,1,144,0.7679,4951,6114
large_rs2,khot_rank02,1,145,0.7679,4953,6121
large_rs2,khot_rank02,1,146,0.7768,5086,6281
large_rs2,khot_rank02,1,147,0.7500,5164,6379
large_rs2,khot_rank02,1,148,0.7500,5164,6392
large_rs2,khot_rank02,1,149,0.7589,5165,6412
large_rs2,khot_rank02,1,150,0.7679,5341,6586
large_rs2,khot_rank02,1,151,0.7679,5429,6694
large_rs2,khot_rank02,1,152,0.7679,5602,6871
large_rs2,khot_rank02,1,153,0.7411,5940,6883
large_rs2,khot_rank02,1,154,0.7589,6099,7065
large_rs2,khot_rank02,1,155,0.7589,6100,7091
large_rs2,khot_rank02,1,156,0.7589,6274,7267
large_rs2,khot_rank02,1,157,0.7321,6283,7294
large_rs2,khot_rank02,1,158,0.7143,6365,7303
large_rs2,khot_rank02,1,159,0.7232,6366,7320
large_rs2,khot_rank02,1,160,0.7232,6366,7328
large_rs2,khot_rank02,1,161,0.7321,6552,7353
large_rs2,khot_rank02,1,162,0.7321,6554,7367
large_rs2,khot_rank02,1,163,0.7321,6555,7383
large_rs2,khot_rank02,1,164,0.7500,6557,7410
large_rs2,khot_rank02,1,165,0.7500,6847,7422
large_rs2,khot_rank02,1,166,0.7500,6870,7460
large_rs2,khot_rank02,1,167,0.7500,6870,7468
large_rs2,khot_rank02,1,168,0.7411,7005,7506
large_rs2,khot_rank02,1,169,0.7411,7006,7517
large_rs2,khot_rank02,1,170,0.7411,7006,7523
large_rs2,khot_rank02,1,171,0.7411,7006,7527
large_rs2,khot_rank02,1,172,0.7500,7008,7546
large_rs2,khot_rank02,1,173,0.7500,7008,7554
large_rs2,khot_rank02,1,174,0.7500,7008,7571
large_rs2,khot_rank02,1,175,0.7500,7009,7597
large_rs2,khot_rank02,1,176,0.7589,7354,7602
large_rs2,khot_rank02,1,177,0.7589,7355,7623
large_rs2,khot_rank02,1,178,0.7589,7395,7653
large_rs2,khot_rank02,1,179,0.7589,7569,7829
large_rs2,khot_rank02,1,180,0.7321,7582,7860
large_rs2,khot_rank02,1,181,0.7321,7582,7878
large_rs2,khot_rank02,1,182,0.7321,7754,8056
large_rs2,khot_rank02,1,183,0.7232,8103,8057
large_rs2,khot_rank02,1,184,0.7500,8170,8152
large_rs2,khot_rank02,1,185,0.7589,8174,8165
large_rs2,khot_rank02,1,186,0.7589,8174,8171
large_rs2,khot_rank02,1,187,0.7589,8174,8175
large_rs2,khot_rank02,1,188,0.7589,8174,8190
large_rs2,khot_rank02,1,189,0.7589,8520,8194
large_rs2,khot_rank02,1,190,0.7589,8520,8205
large_rs2,khot_rank02,1,191,0.7589,8520,8219
large_rs2,khot_rank02,1,192,0.7589,8521,8237
large_rs2,khot_rank02,1,193,0.7589,8521,8241
large_rs2,khot_rank02,1,194,0.7589,8522,8267
large_rs2,khot_rank02,1,195,0.7589,8866,8273
large_rs2,khot_rank02,1,196,0.7500,9208,8281
large_rs2,khot_rank02,1,197,0.7500,9208,8294
large_rs2,khot_rank02,1,198,0.7500,9548,8304
large_rs2,khot_rank02,1,199,0.7500,9548,8315
large_rs2,khot_rank02,1,200,0.7500,9549,8333
large_rs2,khot_rank02,1,201,0.7589,9890,8342
large_rs2,khot_rank02,1,202,0.7589,9891,8365
large_rs2,khot_rank02,1,203,0.7857,10024,8384
large_rs2,khot_rank02,1,204,0.7857,10025,8406
large_rs2,khot_rank02,1,205,0.7679,10138,8431
large_rs2,khot_rank02,1,206,0.7679,10139,8447
large_rs2,khot_rank02,1,207,0.7679,10140,8468
large_rs2,khot_rank02,1,208,0.7768,10141,8487
large_rs2,khot_rank02,1,209,0.7768,10401,8577
large_rs2,khot_rank02,1,210,0.7768,10401,8582
large_rs2,khot_rank02,1,211,0.7589,10742,8591
large_rs2,khot_rank02,1,212,0.7589,10742,8592
large_rs2,khot_rank02,1,213,0.7589,10742,8609
large_rs2,khot_rank02,1,214,0.7589,10742,8620
large_rs2,khot_rank02,1,215,0.7589,10914,8798
large_rs2,khot_rank02,1,216,0.7589,10914,8811
large_rs2,khot_rank02,1,217,0.7589,11263,8812
large_rs2,khot_rank02,1,218,0.7679,11271,8835
large_rs2,khot_rank02,1,219,0.7679,11271,8840
large_rs2,khot_rank02,1,220,0.7679,11272,8862
large_rs2,khot_rank02,1,221,0.7679,11272,8876
large_rs2,khot_rank02,1,222,0.7679,11272,8882
large_rs2,khot_rank02,1,223,0.7679,11272,8896
large_rs2,khot_rank02,1,224,0.7679,11272,8909
large_rs2,khot_rank02,1,225,0.7679,11272,8921
large_rs2,khot_rank02,1,226,0.7768,11287,8946
large_rs2,khot_rank02,1,227,0.7946,11288,8964
large_rs2,khot_rank02,1,228,0.7946,11289,8982
large_rs2,khot_rank02,1,229,0.7946,11507,8997
large_rs2,khot_rank02,1,230,0.7946,11517,9002
large_rs2,khot_rank02,1,231,0.8036,11647,9156
large_rs2,khot_rank02,1,232,0.8036,11817,9336
large_rs2,khot_rank02,1,233,0.8036,11817,9344
large_rs2,khot_rank02,1,234,0.8125,11820,9371
large_rs2,khot_rank02,1,235,0.8214,11821,9392
large_rs2,khot_rank02,1,236,0.8214,12167,9396
large_rs2,khot_rank02,1,237,0.8214,12167,9413
large_rs2,khot_rank02,1,238,0.8214,12167,9416
large_rs2,khot_rank02,1,239,0.8214,12167,9440
large_rs2,khot_rank02,1,240,0.7857,12517,9440
large_rs2,khot_rank02,1,241,0.7679,12528,9461
large_rs2,khot_rank02,1,242,0.7679,12528,9473
large_rs2,khot_rank02,1,243,0.7679,12704,9647
large_rs2,khot_rank02,1,244,0.7679,12704,9650
large_rs2,khot_rank02,1,245,0.7768,12830,9801
large_rs2,khot_rank02,1,246,0.7768,12831,9827
large_rs2,khot_rank02,1,247,0.7768,12832,9843
large_rs2,khot_rank02,1,248,0.7768,12833,9859
large_rs2,khot_rank02,1,249,0.7946,13111,9931
large_rs2,khot_rank02,1,250,0.7946,13279,10113
large_rs2,khot_rank02,1,251,0.7946,13514,10131
large_rs2,khot_rank02,1,252,0.8036,13517,10151
large_rs2,khot_rank02,1,253,0.8036,13517,10172
large_rs2,khot_rank02,1,254,0.8036,13691,10348
large_rs2,khot_rank02,1,255,0.8036,13691,10355
large_rs2,khot_rank02,1,256,0.7857,13694,10374
large_rs2,khot_rank02,1,257,0.7857,13864,10554
large_rs2,khot_rank02,1,258,0.7946,14018,10725
large_rs2,khot_rank02,1,259,0.7946,14365,10728
large_rs2,khot_rank02,1,260,0.7946,14532,10911
large_rs2,khot_rank02,1,261,0.7946,14706,11087
large_rs2,khot_rank02,1,262,0.7946,14706,11107
large_rs2,khot_rank02,1,263,0.7857,15054,11109
large_rs2,khot_rank02,1,264,0.7946,15223,11290
large_rs2,khot_rank02,1,265,0.7946,15395,11468
large_rs2,khot_rank02,1,266,0.7946,15395,11479
large_rs2,khot_rank02,1,267,0.7946,15395,11486
large_rs2,khot_rank02,1,268,0.7946,15557,11671
large_rs2,khot_rank02,1,269,0.8214,15560,11683
large_rs2,khot_rank02,1,270,0.8214,15560,11687
large_rs2,khot_rank02,1,271,0.8214,15560,11694
large_rs2,khot_rank02,1,272,0.8214,15560,11701
large_rs2,khot_rank02,1,273,0.8125,15662,11826
large_rs2,khot_rank02,1,274,0.8125,15662,11828
large_rs2,khot_rank02,1,275,0.8125,15662,11832
large_rs2,khot_rank02,1,276,0.8125,15662,11837
large_rs2,khot_rank02,1,277,0.8125,15662,11843
large_rs2,khot_rank02,1,278,0.8125,15739,11941
large_rs2,khot_rank02,1,279,0.8125,15948,12064
large_rs2,khot_rank02,1,280,0.8036,15978,12111
large_rs2,khot_rank02,1,281,0.7946,15984,12142
large_rs2,khot_rank02,1,282,0.7946,16099,12282
large_rs2,khot_rank02,1,283,0.7946,16099,12287
large_rs2,khot_rank02,1,284,0.7946,16099,12293
large_rs2,khot_rank02,1,285,0.7946,16215,12433
large_rs2,khot_rank02,1,286,0.8036,16390,12608
large_rs2,khot_rank02,1,287,0.8036,16488,12733
large_rs2,khot_rank02,1,288,0.8036,16488,12735
large_rs2,khot_rank02,1,289,0.8036,16488,12745
large_rs2,khot_rank02,1,290,0.8036,16488,12746
large_rs2,khot_rank02,1,291,0.7679,16834,12750
large_rs2,khot_rank02,1,292,0.7679,17003,12931
large_rs2,khot_rank02,1,293,0.7946,17024,12955
large_rs2,khot_rank02,1,294,0.7768,17271,13058
large_rs2,khot_rank02,1,295,0.7768,17442,13237
large_rs2,khot_rank02,1,296,0.8214,17457,13250
large_rs2,khot_rank02,1,297,0.8214,17570,13380
large_rs2,khot_rank02,1,298,0.8214,17570,13393
large_rs2,khot_rank02,1,299,0.8214,17579,13424
large_rs2,khot_rank_cap,1,0,0.4018,27,323
large_rs2,khot_rank_cap,1,1,0.4375,54,646
large_rs2,khot_rank_cap,1,2,0.5000,69,738
large_rs2,khot_rank_cap,1,3,0.5089,96,1061
large_rs2,khot_rank_cap,1,4,0.6339,145,1362
large_rs2,khot_rank_cap,1,5,0.5982,168,1607
large_rs2,khot_rank_cap,1,6,0.6429,174,1673
large_rs2,khot_rank_cap,1,7,0.6429,174,1674
large_rs2,khot_rank_cap,1,8,0.6429,182,1689
large_rs2,khot_rank_cap,1,9,0.6429,182,1705
large_rs2,khot_rank_cap,1,10,0.6161,189,1719
large_rs2,khot_rank_cap,1,11,0.6607,207,1831
large_rs2,khot_rank_cap,1,12,0.6696,226,1955
large_rs2,khot_rank_cap,1,13,0.6786,229,1974
large_rs2,khot_rank_cap,1,14,0.6607,239,1996
large_rs2,khot_rank_cap,1,15,0.6875,240,2012
large_rs2,khot_rank_cap,1,16,0.6875,243,2034
large_rs2,khot_rank_cap,1,17,0.7143,248,2086
large_rs2,khot_rank_cap,1,18,0.7143,248,2103
large_rs2,khot_rank_cap,1,19,0.7143,248,2118
large_rs2,khot_rank_cap,1,20,0.7321,249,2125
large_rs2,khot_rank_cap,1,21,0.7232,276,2232
large_rs2,khot_rank_cap,1,22,0.7232,276,2234
large_rs2,khot_rank_cap,1,23,0.7232,276,2236
large_rs2,khot_rank_cap,1,24,0.7232,276,2248
large_rs2,khot_rank_cap,1,25,0.7589,278,2259
large_rs2,khot_rank_cap,1,26,0.7589,279,2284
large_rs2,khot_rank_cap,1,27,0.7589,279,2300
large_rs2,khot_rank_cap,1,28,0.7768,280,2317
large_rs2,khot_rank_cap,1,29,0.7768,280,2339
large_rs2,khot_rank_cap,1,30,0.7768,280,2342
large_rs2,khot_rank_cap,1,31,0.7768,280,2369
large_rs2,khot_rank_cap,1,32,0.7768,280,2382
large_rs2,khot_rank_cap,1,33,0.7768,280,2403
large_rs2,khot_rank_cap,1,34,0.7768,280,2419
large_rs2,khot_rank_cap,1,35,0.7768,283,2432
large_rs2,khot_rank_cap,1,36,0.7768,283,2445
large_rs2,khot_rank_cap,1,37,0.7857,284,2462
large_rs2,khot_rank_cap,1,38,0.7143,293,2474
large_rs2,khot_rank_cap,1,39,0.7500,300,2505
large_rs2,khot_rank_cap,1,40,0.7500,302,2526
large_rs2,khot_rank_cap,1,41,0.7143,304,2544
large_rs2,khot_rank_cap,1,42,0.7679,323,2666
large_rs2,khot_rank_cap,1,43,0.7768,325,2671
large_rs2,khot_rank_cap,1,44,0.7768,325,2672
large_rs2,khot_rank_cap,1,45,0.7946,326,2680
large_rs2,khot_rank_cap,1,46,0.7857,330,2692
large_rs2,khot_rank_cap,1,47,0.7679,332,2708
large_rs2,khot_rank_cap,1,48,0.7946,335,2767
large_rs2,khot_rank_cap,1,49,0.7679,374,2802
large_rs2,khot_rank_cap,1,50,0.7857,385,2824
large_rs2,khot_rank_cap,1,51,0.7679,398,2864
large_rs2,khot_rank_cap,1,52,0.7679,398,2880
large_rs2,khot_rank_cap,1,53,0.7589,401,2894
large_rs2,khot_rank_cap,1,54,0.7768,405,2917
large_rs2,khot_rank_cap,1,55,0.7768,405,2934
large_rs2,khot_rank_cap,1,56,0.7768,405,2953
large_rs2,khot_rank_cap,1,57,0.8036,408,2985
large_rs2,khot_rank_cap,1,58,0.8214,414,2996
large_rs2,khot_rank_cap,1,59,0.8214,414,2999
large_rs2,khot_rank_cap,1,60,0.8304,417,3021
large_rs2,khot_rank_cap,1,61,0.8393,418,3047
large_rs2,khot_rank_cap,1,62,0.8393,418,3068
large_rs2,khot_rank_cap,1,63,0.8304,420,3094
large_rs2,khot_rank_cap,1,64,0.8304,420,3119
large_rs2,khot_rank_cap,1,65,0.8304,420,3143
large_rs2,khot_rank_cap,1,66,0.8304,420,3167
large_rs2,khot_rank_cap,1,67,0.8304,420,3186
large_rs2,khot_rank_cap,1,68,0.8482,421,3226
large_rs2,khot_rank_cap,1,69,0.8125,422,3248
large_rs2,khot_rank_cap,1,70,0.8125,422,3264
large_rs2,khot_rank_cap,1,71,0.8125,422,3285
large_rs2,khot_rank_cap,1,72,0.8125,422,3294
large_rs2,khot_rank_cap,1,73,0.7946,426,3313
large_rs2,khot_rank_cap,1,74,0.7768,444,3342
large_rs2,khot_rank_cap,1,75,0.7768,444,3354
large_rs2,khot_rank_cap,1,76,0.7768,444,3357
large_rs2,khot_rank_cap,1,77,0.8304,446,3381
large_rs2,khot_rank_cap,1,78,0.8304,446,3387
large_rs2,khot_rank_cap,1,79,0.7589,457,3417
large_rs2,khot_rank_cap,1,80,0.7679,458,3434
large_rs2,khot_rank_cap,1,81,0.7857,463,3461
large_rs2,khot_rank_cap,1,82,0.7857,463,3467
large_rs2,khot_rank_cap,1,83,0.8125,466,3506
large_rs2,khot_rank_cap,1,84,0.7946,468,3516
large_rs2,khot_rank_cap,1,85,0.7857,491,3770
large_rs2,khot_rank_cap,1,86,0.7946,493,3776
large_rs2,khot_rank_cap,1,87,0.7946,493,3790
large_rs2,khot_rank_cap,1,88,0.7857,495,3813
large_rs2,khot_rank_cap,1,89,0.8036,498,3838
large_rs2,khot_rank_cap,1,90,0.8036,498,3841
large_rs2,khot_rank_cap,1,91,0.8036,498,3845
large_rs2,khot_rank_cap,1,92,0.8482,505,3870
large_rs2,khot_rank_cap,1,93,0.8482,505,3895
large_rs2,khot_rank_cap,1,94,0.8482,505,3898
large_rs2,khot_rank_cap,1,95,0.8482,505,3904
large_rs2,khot_rank_cap,1,96,0.8482,505,3928
large_rs2,khot_rank_cap,1,97,0.8482,505,3937
large_rs2,khot_rank_cap,1,98,0.8482,505,3948
large_rs2,khot_rank_cap,1,99,0.8482,505,3970
large_rs2,khot_rank_cap,1,100,0.8393,508,3995
large_rs2,khot_rank_cap,1,101,0.8393,508,4012
large_rs2,khot_rank_cap,1,102,0.8393,508,4025
large_rs2,khot_rank_cap,1,103,0.8304,509,4042
large_rs2,khot_rank_cap,1,104,0.8304,509,4054
large_rs2,khot_rank_cap,1,105,0.8304,509,4068
large_rs2,khot_rank_cap,1,106,0.8304,509,4085
large_rs2,khot_rank_cap,1,107,0.8304,509,4101
large_rs2,khot_rank_cap,1,108,0.8304,509,4121
large_rs2,khot_rank_cap,1,109,0.8304,509,4142
large_rs2,khot_rank_cap,1,110,0.8393,515,4171
large_rs2,khot_rank_cap,1,111,0.8214,525,4183
large_rs2,khot_rank_cap,1,112,0.7857,545,4292
large_rs2,khot_rank_cap,1,113,0.7679,550,4317
large_rs2,khot_rank_cap,1,114,0.7679,567,4344
large_rs2,khot_rank_cap,1,115,0.7857,573,4370
large_rs2,khot_rank_cap,1,116,0.7857,573,4391
large_rs2,khot_rank_cap,1,117,0.7857,573,4394
large_rs2,khot_rank_cap,1,118,0.7857,573,4420
large_rs2,khot_rank_cap,1,119,0.7946,575,4440
large_rs2,khot_rank_cap,1,120,0.7946,575,4446
large_rs2,khot_rank_cap,1,121,0.8036,577,4472
large_rs2,khot_rank_cap,1,122,0.8036,577,4499
large_rs2,khot_rank_cap,1,123,0.8036,577,4516
large_rs2,khot_rank_cap,1,124,0.8036,591,4532
large_rs2,khot_rank_cap,1,125,0.8036,592,4549
large_rs2,khot_rank_cap,1,126,0.8036,592,4558
large_rs2,khot_rank_cap,1,127,0.8036,592,4569
large_rs2,khot_rank_cap,1,128,0.8036,592,4587
large_rs2,khot_rank_cap,1,129,0.8036,596,4608
large_rs2,khot_rank_cap,1,130,0.8036,596,4609
large_rs2,khot_rank_cap,1,131,0.8036,596,4616
large_rs2,khot_rank_cap,1,132,0.8036,596,4636
large_rs2,khot_rank_cap,1,133,0.8125,597,4655
large_rs2,khot_rank_cap,1,134,0.8214,607,4687
large_rs2,khot_rank_cap,1,135,0.8571,616,4696
large_rs2,khot_rank_cap,1,136,0.8571,616,4697
large_rs2,khot_rank_cap,1,137,0.8571,616,4703
large_rs2,khot_rank_cap,1,138,0.8571,616,4725
large_rs2,khot_rank_cap,1,139,0.8571,616,4727
large_rs2,khot_rank_cap,1,140,0.8571,616,4739
large_rs2,khot_rank_cap,1,141,0.8571,616,4764
large_rs2,khot_rank_cap,1,142,0.8571,616,4792
large_rs2,khot_rank_cap,1,143,0.8571,616,4799
large_rs2,khot_rank_cap,1,144,0.8571,617,4827
large_rs2,khot_rank_cap,1,145,0.8571,617,4832
large_rs2,khot_rank_cap,1,146,0.8750,623,4861
large_rs2,khot_rank_cap,1,147,0.8839,625,4889
large_rs2,khot_rank_cap,1,148,0.8839,625,4902
large_rs2,khot_rank_cap,1,149,0.8839,625,4921
large_rs2,khot_rank_cap,1,150,0.8929,627,4945
large_rs2,khot_rank_cap,1,151,0.8929,627,4968
large_rs2,khot_rank_cap,1,152,0.8929,627,4985
large_rs2,khot_rank_cap,1,153,0.8125,647,5315
large_rs2,khot_rank_cap,1,154,0.8304,651,5342
large_rs2,khot_rank_cap,1,155,0.8304,651,5367
large_rs2,khot_rank_cap,1,156,0.8482,657,5393
large_rs2,khot_rank_cap,1,157,0.8482,659,5741
large_rs2,khot_rank_cap,1,158,0.8482,659,5748
large_rs2,khot_rank_cap,1,159,0.8571,660,5761
large_rs2,khot_rank_cap,1,160,0.8571,660,5769
large_rs2,khot_rank_cap,1,161,0.8661,666,5948
large_rs2,khot_rank_cap,1,162,0.8661,667,5962
large_rs2,khot_rank_cap,1,163,0.8661,667,5978
large_rs2,khot_rank_cap,1,164,0.8571,669,6004
large_rs2,khot_rank_cap,1,165,0.8661,670,6016
large_rs2,khot_rank_cap,1,166,0.8661,670,6035
large_rs2,khot_rank_cap,1,167,0.8661,670,6043
large_rs2,khot_rank_cap,1,168,0.8125,678,6066
large_rs2,khot_rank_cap,1,169,0.8125,678,6077
large_rs2,khot_rank_cap,1,170,0.8214,680,6085
large_rs2,khot_rank_cap,1,171,0.8214,680,6089
large_rs2,khot_rank_cap,1,172,0.8214,680,6107
large_rs2,khot_rank_cap,1,173,0.8214,680,6114
large_rs2,khot_rank_cap,1,174,0.8214,680,6131
large_rs2,khot_rank_cap,1,175,0.8214,680,6156
large_rs2,khot_rank_cap,1,176,0.8214,680,6178
large_rs2,khot_rank_cap,1,177,0.8214,680,6198
large_rs2,khot_rank_cap,1,178,0.8214,680,6223
large_rs2,khot_rank_cap,1,179,0.8304,697,6252
large_rs2,khot_rank_cap,1,180,0.8571,705,6358
large_rs2,khot_rank_cap,1,181,0.8571,705,6374
large_rs2,khot_rank_cap,1,182,0.8661,708,6402
large_rs2,khot_rank_cap,1,183,0.8661,708,6424
large_rs2,khot_rank_cap,1,184,0.8661,708,6452
large_rs2,khot_rank_cap,1,185,0.8661,708,6461
large_rs2,khot_rank_cap,1,186,0.8661,708,6467
large_rs2,khot_rank_cap,1,187,0.8661,708,6471
large_rs2,khot_rank_cap,1,188,0.8661,708,6486
large_rs2,khot_rank_cap,1,189,0.8482,710,6509
large_rs2,khot_rank_cap,1,190,0.8482,711,6520
large_rs2,khot_rank_cap,1,191,0.8393,713,6532
large_rs2,khot_rank_cap,1,192,0.8393,713,6549
large_rs2,khot_rank_cap,1,193,0.8393,713,6553
large_rs2,khot_rank_cap,1,194,0.8393,713,6578
large_rs2,khot_rank_cap,1,195,0.8125,715,6604
large_rs2,khot_rank_cap,1,196,0.8125,716,6631
large_rs2,khot_rank_cap,1,197,0.8214,717,6644
large_rs2,khot_rank_cap,1,198,0.8214,717,6667
large_rs2,khot_rank_cap,1,199,0.8214,717,6678
large_rs2,khot_rank_cap,1,200,0.8214,717,6695
large_rs2,khot_rank_cap,1,201,0.8214,717,6722
large_rs2,khot_rank_cap,1,202,0.8214,717,6744
large_rs2,khot_rank_cap,1,203,0.8125,723,6758
large_rs2,khot_rank_cap,1,204,0.8214,724,6802
large_rs2,khot_rank_cap,1,205,0.8393,728,6824
large_rs2,khot_rank_cap,1,206,0.8393,729,6838
large_rs2,khot_rank_cap,1,207,0.8393,729,6858
large_rs2,khot_rank_cap,1,208,0.8393,735,6877
large_rs2,khot_rank_cap,1,209,0.8393,736,6902
large_rs2,khot_rank_cap,1,210,0.8393,736,6907
large_rs2,khot_rank_cap,1,211,0.8393,736,6931
large_rs2,khot_rank_cap,1,212,0.8393,736,6932
large_rs2,khot_rank_cap,1,213,0.8393,736,6949
large_rs2,khot_rank_cap,1,214,0.8393,736,6961
large_rs2,khot_rank_cap,1,215,0.8393,736,6978
large_rs2,khot_rank_cap,1,216,0.8393,736,6993
large_rs2,khot_rank_cap,1,217,0.8393,736,7017
large_rs2,khot_rank_cap,1,218,0.8393,736,7034
large_rs2,khot_rank_cap,1,219,0.8393,736,7039
large_rs2,khot_rank_cap,1,220,0.8393,736,7060
large_rs2,khot_rank_cap,1,221,0.8393,736,7074
large_rs2,khot_rank_cap,1,222,0.8393,736,7080
large_rs2,khot_rank_cap,1,223,0.8393,736,7092
large_rs2,khot_rank_cap,1,224,0.8393,736,7105
large_rs2,khot_rank_cap,1,225,0.8393,736,7116
large_rs2,khot_rank_cap,1,226,0.8393,736,7140
large_rs2,khot_rank_cap,1,227,0.8661,739,7262
large_rs2,khot_rank_cap,1,228,0.8661,739,7279
large_rs2,khot_rank_cap,1,229,0.8661,739,7295
large_rs2,khot_rank_cap,1,230,0.8929,743,7303
large_rs2,khot_rank_cap,1,231,0.8929,743,7328
large_rs2,khot_rank_cap,1,232,0.8839,744,7355
large_rs2,khot_rank_cap,1,233,0.8839,744,7363
large_rs2,khot_rank_cap,1,234,0.8839,744,7389
large_rs2,khot_rank_cap,1,235,0.8839,744,7410
large_rs2,khot_rank_cap,1,236,0.8839,744,7433
large_rs2,khot_rank_cap,1,237,0.8839,744,7450
large_rs2,khot_rank_cap,1,238,0.8839,744,7453
large_rs2,khot_rank_cap,1,239,0.8750,746,7479
large_rs2,khot_rank_cap,1,240,0.8750,759,7722
large_rs2,khot_rank_cap,1,241,0.8750,759,7734
large_rs2,khot_rank_cap,1,242,0.8571,767,7744
large_rs2,khot_rank_cap,1,243,0.8571,769,8092
large_rs2,khot_rank_cap,1,244,0.8571,769,8095
large_rs2,khot_rank_cap,1,245,0.8571,769,8123
large_rs2,khot_rank_cap,1,246,0.8571,769,8150
large_rs2,khot_rank_cap,1,247,0.8571,770,8166
large_rs2,khot_rank_cap,1,248,0.8571,770,8181
large_rs2,khot_rank_cap,1,249,0.8571,773,8203
large_rs2,khot_rank_cap,1,250,0.8571,773,8227
large_rs2,khot_rank_cap,1,251,0.8571,773,8239
large_rs2,khot_rank_cap,1,252,0.8661,775,8260
large_rs2,khot_rank_cap,1,253,0.8661,775,8280
large_rs2,khot_rank_cap,1,254,0.8661,775,8297
large_rs2,khot_rank_cap,1,255,0.8571,779,8303
large_rs2,khot_rank_cap,1,256,0.8571,779,8323
large_rs2,khot_rank_cap,1,257,0.8661,784,8347
large_rs2,khot_rank_cap,1,258,0.8482,785,8371
large_rs2,khot_rank_cap,1,259,0.8482,788,8385
large_rs2,khot_rank_cap,1,260,0.8482,788,8408
large_rs2,khot_rank_cap,1,261,0.8482,788,8422
large_rs2,khot_rank_cap,1,262,0.8571,791,8441
large_rs2,khot_rank_cap,1,263,0.8482,795,8787
large_rs2,khot_rank_cap,1,264,0.8393,801,9131
large_rs2,khot_rank_cap,1,265,0.8393,803,9464
large_rs2,khot_rank_cap,1,266,0.8393,803,9475
large_rs2,khot_rank_cap,1,267,0.8393,803,9484
large_rs2,khot_rank_cap,1,268,0.8393,803,9834
large_rs2,khot_rank_cap,1,269,0.8482,804,9847
large_rs2,khot_rank_cap,1,270,0.8482,804,9851
large_rs2,khot_rank_cap,1,271,0.8393,816,9859
large_rs2,khot_rank_cap,1,272,0.8393,816,9866
large_rs2,khot_rank_cap,1,273,0.8482,827,9888
large_rs2,khot_rank_cap,1,274,0.8482,827,9890
large_rs2,khot_rank_cap,1,275,0.8482,827,9893
large_rs2,khot_rank_cap,1,276,0.8482,827,9898
large_rs2,khot_rank_cap,1,277,0.8482,827,9904
large_rs2,khot_rank_cap,1,278,0.8482,827,10254
large_rs2,khot_rank_cap,1,279,0.8482,827,10550
large_rs2,khot_rank_cap,1,280,0.8482,827,10725
large_rs2,khot_rank_cap,1,281,0.8482,828,11074
large_rs2,khot_rank_cap,1,282,0.8482,829,11303
large_rs2,khot_rank_cap,1,283,0.8482,829,11308
large_rs2,khot_rank_cap,1,284,0.8482,829,11314
large_rs2,khot_rank_cap,1,285,0.8393,830,11663
large_rs2,khot_rank_cap,1,286,0.8661,834,12009
large_rs2,khot_rank_cap,1,287,0.8661,835,12358
large_rs2,khot_rank_cap,1,288,0.8661,835,12360
large_rs2,khot_rank_cap,1,289,0.8661,835,12370
large_rs2,khot_rank_cap,1,290,0.8661,835,12371
large_rs2,khot_rank_cap,1,291,0.8482,847,12384
large_rs2,khot_rank_cap,1,292,0.8482,847,12734
large_rs2,khot_rank_cap,1,293,0.8571,849,12757
large_rs2,khot_rank_cap,1,294,0.8929,851,13105
large_rs2,khot_rank_cap,1,295,0.8929,852,13162
large_rs2,khot_rank_cap,1,296,0.8929,852,13176
large_rs2,khot_rank_cap,1,297,0.8929,852,13476
large_rs2,khot_rank_cap,1,298,0.8929,852,13489
large_rs2,khot_rank_cap,1,299,0.8929,852,13839
large_rs2,khot_rank,2,0,0.4018,34,316
large_rs2,khot_rank,2,1,0.4821,58,642
large_rs2,khot_rank,2,2,0.4286,70,817
large_rs2,khot_rank,2,3,0.5268,98,1139
large_rs2,khot_rank,2,4,0.5357,132,1455
large_rs2,khot_rank,2,5,0.5714,150,1482
large_rs2,khot_rank,2,6,0.5536,155,1501
large_rs2,khot_rank,2,7,0.5714,168,1531
large_rs2,khot_rank,2,8,0.6518,174,1559
large_rs2,khot_rank,2,9,0.6607,186,1620
large_rs2,khot_rank,2,10,0.6964,206,1729
large_rs2,khot_rank,2,11,0.6875,210,1734
large_rs2,khot_rank,2,12,0.6786,232,1776
large_rs2,khot_rank,2,13,0.6786,232,1791
large_rs2,khot_rank,2,14,0.6786,232,1796
large_rs2,khot_rank,2,15,0.6786,232,1815
large_rs2,khot_rank,2,16,0.6696,234,1820
large_rs2,khot_rank,2,17,0.6607,238,1829
large_rs2,khot_rank,2,18,0.6786,241,1841
large_rs2,khot_rank,2,19,0.6786,257,1868
large_rs2,khot_rank,2,20,0.6875,260,1886
large_rs2,khot_rank,2,21,0.6875,260,1894
large_rs2,khot_rank,2,22,0.6875,263,1908
large_rs2,khot_rank,2,23,0.7143,264,1921
large_rs2,khot_rank,2,24,0.6875,286,1964
large_rs2,khot_rank,2,25,0.7321,298,1984
large_rs2,khot_rank,2,26,0.7321,298,1991
large_rs2,khot_rank,2,27,0.7321,298,1993
large_rs2,khot_rank,2,28,0.7321,298,2003
large_rs2,khot_rank,2,29,0.7321,298,2016
large_rs2,khot_rank,2,30,0.7054,341,2254
large_rs2,khot_rank,2,31,0.6875,359,2321
large_rs2,khot_rank,2,32,0.6875,359,2337
large_rs2,khot_rank,2,33,0.6696,386,2457
large_rs2,khot_rank,2,34,0.7054,393,2471
large_rs2,khot_rank,2,35,0.7054,393,2473
large_rs2,khot_rank,2,36,0.7143,394,2494
large_rs2,khot_rank,2,37,0.7500,399,2516
large_rs2,khot_rank,2,38,0.7500,399,2526
large_rs2,khot_rank,2,39,0.7500,399,2547
large_rs2,khot_rank,2,40,0.7500,407,2564
large_rs2,khot_rank,2,41,0.7321,410,2603
large_rs2,khot_rank,2,42,0.7411,420,2629
large_rs2,khot_rank,2,43,0.7411,420,2651
large_rs2,khot_rank,2,44,0.7500,421,2662
large_rs2,khot_rank,2,45,0.7500,422,2674
large_rs2,khot_rank,2,46,0.7857,432,2688
large_rs2,khot_rank,2,47,0.8036,444,2715
large_rs2,khot_rank,2,48,0.8125,445,2729
large_rs2,khot_rank,2,49,0.8125,445,2745
large_rs2,khot_rank,2,50,0.8125,445,2757
large_rs2,khot_rank,2,51,0.7768,451,2781
large_rs2,khot_rank,2,52,0.7679,452,2788
large_rs2,khot_rank,2,53,0.7768,453,2816
large_rs2,khot_rank,2,54,0.7768,453,2817
large_rs2,khot_rank,2,55,0.7768,454,2843
large_rs2,khot_rank,2,56,0.7768,454,2849
large_rs2,khot_rank,2,57,0.7857,458,2880
large_rs2,khot_rank,2,58,0.7857,458,2888
large_rs2,khot_rank,2,59,0.7857,458,2915
large_rs2,khot_rank,2,60,0.7857,458,2929
large_rs2,khot_rank,2,61,0.7857,467,3005
large_rs2,khot_rank,2,62,0.7857,467,3010
large_rs2,khot_rank,2,63,0.7768,468,3018
large_rs2,khot_rank,2,64,0.7768,468,3031
large_rs2,khot_rank,2,65,0.8125,470,3053
large_rs2,khot_rank,2,66,0.8036,471,3079
large_rs2,khot_rank,2,67,0.8036,471,3102
large_rs2,khot_rank,2,68,0.8036,471,3114
large_rs2,khot_rank,2,69,0.7679,475,3137
large_rs2,khot_rank,2,70,0.7679,475,3148
large_rs2,khot_rank,2,71,0.7857,480,3169
large_rs2,khot_rank,2,72,0.8125,488,3214
large_rs2,khot_rank,2,73,0.8125,488,3238
large_rs2,khot_rank,2,74,0.8036,489,3245
large_rs2,khot_rank,2,75,0.8393,494,3267
large_rs2,khot_rank,2,76,0.8393,494,3274
large_rs2,khot_rank,2,77,0.8304,495,3294
large_rs2,khot_rank,2,78,0.7857,511,3313
large_rs2,khot_rank,2,79,0.7857,511,3325
large_rs2,khot_rank,2,80,0.7857,511,3333
large_rs2,khot_rank,2,81,0.7946,512,3357
large_rs2,khot_rank,2,82,0.8214,521,3375
large_rs2,khot_rank,2,83,0.8214,521,3384
large_rs2,khot_rank,2,84,0.8214,521,3403
large_rs2,khot_rank,2,85,0.8125,859,3415
large_rs2,khot_rank,2,86,0.8125,859,3438
large_rs2,khot_rank,2,87,0.8214,864,3466
large_rs2,khot_rank,2,88,0.8214,864,3493
large_rs2,khot_rank,2,89,0.8214,864,3503
large_rs2,khot_rank,2,90,0.8214,864,3513
large_rs2,khot_rank,2,91,0.8214,864,3534
large_rs2,khot_rank,2,92,0.8304,865,3550
large_rs2,khot_rank,2,93,0.8304,867,3572
large_rs2,khot_rank,2,94,0.8304,867,3578
large_rs2,khot_rank,2,95,0.8125,919,3608
large_rs2,khot_rank,2,96,0.8304,923,3630
large_rs2,khot_rank,2,97,0.8304,923,3644
large_rs2,khot_rank,2,98,0.8304,926,3671
large_rs2,khot_rank,2,99,0.8304,931,3695
large_rs2,khot_rank,2,100,0.8304,931,3711
large_rs2,khot_rank,2,101,0.8304,931,3735
large_rs2,khot_rank,2,102,0.8304,931,3759
large_rs2,khot_rank,2,103,0.8304,931,3769
large_rs2,khot_rank,2,104,0.8304,933,3792
large_rs2,khot_rank,2,105,0.8304,933,3806
large_rs2,khot_rank,2,106,0.8036,949,3838
large_rs2,khot_rank,2,107,0.8214,952,3848
large_rs2,khot_rank,2,108,0.8125,953,3856
large_rs2,khot_rank,2,109,0.7857,955,3871
large_rs2,khot_rank,2,110,0.7857,955,3883
large_rs2,khot_rank,2,111,0.8125,960,3902
large_rs2,khot_rank,2,112,0.8125,960,3910
large_rs2,khot_rank,2,113,0.8304,961,3938
large_rs2,khot_rank,2,114,0.8304,961,3961
large_rs2,khot_rank,2,115,0.8214,962,3983
large_rs2,khot_rank,2,116,0.8214,962,4009
large_rs2,khot_rank,2,117,0.8214,962,4028
large_rs2,khot_rank,2,118,0.8214,962,4042
large_rs2,khot_rank,2,119,0.8214,962,4067
large_rs2,khot_rank,2,120,0.8214,962,4086
large_rs2,khot_rank,2,121,0.8214,974,4130
large_rs2,khot_rank,2,122,0.8214,976,4153
large_rs2,khot_rank,2,123,0.8214,977,4159
large_rs2,khot_rank,2,124,0.8214,977,4175
large_rs2,khot_rank,2,125,0.8214,977,4178
large_rs2,khot_rank,2,126,0.8214,977,4184
large_rs2,khot_rank,2,127,0.8304,981,4212
large_rs2,khot_rank,2,128,0.8304,981,4233
large_rs2,khot_rank,2,129,0.8393,982,4257
large_rs2,khot_rank,2,130,0.8393,982,4272
large_rs2,khot_rank,2,131,0.8482,983,4278
large_rs2,khot_rank,2,132,0.8482,983,4284
large_rs2,khot_rank,2,133,0.8482,983,4299
large_rs2,khot_rank,2,134,0.8482,983,4316
large_rs2,khot_rank,2,135,0.8482,983,4323
large_rs2,khot_rank,2,136,0.8393,984,4350
large_rs2,khot_rank,2,137,0.8393,984,4371
large_rs2,khot_rank,2,138,0.8393,1328,4377
large_rs2,khot_rank,2,139,0.7946,1366,4395
large_rs2,khot_rank,2,140,0.7946,1366,4401
large_rs2,khot_rank,2,141,0.8214,1686,4429
large_rs2,khot_rank,2,142,0.8214,1686,4452
large_rs2,khot_rank,2,143,0.8214,1686,4458
large_rs2,khot_rank,2,144,0.8214,1686,4468
large_rs2,khot_rank,2,145,0.8304,1688,4478
large_rs2,khot_rank,2,146,0.8304,1688,4495
large_rs2,khot_rank,2,147,0.8304,1688,4518
large_rs2,khot_rank,2,148,0.8304,1692,4547
large_rs2,khot_rank,2,149,0.8125,1696,4567
large_rs2,khot_rank,2,150,0.8125,1696,4583
large_rs2,khot_rank,2,151,0.8125,1704,4609
large_rs2,khot_rank,2,152,0.8125,1704,4632
large_rs2,khot_rank,2,153,0.8393,1706,4639
large_rs2,khot_rank,2,154,0.8393,1706,4660
large_rs2,khot_rank,2,155,0.8393,1706,4673
large_rs2,khot_rank,2,156,0.8125,1726,4686
large_rs2,khot_rank,2,157,0.7946,1732,4718
large_rs2,khot_rank,2,158,0.7946,1736,4747
large_rs2,khot_rank,2,159,0.7946,1736,4761
large_rs2,khot_rank,2,160,0.8036,1740,4775
large_rs2,khot_rank,2,161,0.8036,1740,4778
large_rs2,khot_rank,2,162,0.8125,1743,4782
large_rs2,khot_rank,2,163,0.7321,1773,4825
large_rs2,khot_rank,2,164,0.7321,1773,4828
large_rs2,khot_rank,2,165,0.7321,1773,4831
large_rs2,khot_rank,2,166,0.7054,1990,4964
large_rs2,khot_rank,2,167,0.7589,1997,4974
large_rs2,khot_rank,2,168,0.7054,2093,5063
large_rs2,khot_rank,2,169,0.7054,2095,5081
large_rs2,khot_rank,2,170,0.7054,2305,5106
large_rs2,khot_rank,2,171,0.7054,2305,5117
large_rs2,khot_rank,2,172,0.7232,2309,5124
large_rs2,khot_rank,2,173,0.7411,2331,5145
large_rs2,khot_rank,2,174,0.7411,2623,5151
large_rs2,khot_rank,2,175,0.7411,2623,5166
large_rs2,khot_rank,2,176,0.7411,2716,5194
large_rs2,khot_rank,2,177,0.7857,2721,5210
large_rs2,khot_rank,2,178,0.7857,2721,5218
large_rs2,khot_rank,2,179,0.7857,3062,5227
large_rs2,khot_rank,2,180,0.7857,3062,5242
large_rs2,khot_rank,2,181,0.8036,3073,5251
large_rs2,khot_rank,2,182,0.7768,3077,5273
large_rs2,khot_rank,2,183,0.7768,3077,5288
large_rs2,khot_rank,2,184,0.7768,3077,5314
large_rs2,khot_rank,2,185,0.7768,3426,5315
large_rs2,khot_rank,2,186,0.7768,3426,5334
large_rs2,khot_rank,2,187,0.7768,3426,5351
large_rs2,khot_rank,2,188,0.7857,3737,5369
large_rs2,khot_rank,2,189,0.7857,3737,5384
large_rs2,khot_rank,2,190,0.7857,3737,5395
large_rs2,khot_rank,2,191,0.7857,3737,5400
large_rs2,khot_rank,2,192,0.7857,3738,5405
large_rs2,khot_rank,2,193,0.7946,3739,5430
large_rs2,khot_rank,2,194,0.7946,3739,5450
large_rs2,khot_rank,2,195,0.7946,3739,5475
large_rs2,khot_rank,2,196,0.7946,3739,5486
large_rs2,khot_rank,2,197,0.7857,3742,5513
large_rs2,khot_rank,2,198,0.7946,3817,5533
large_rs2,khot_rank,2,199,0.7946,3817,5550
large_rs2,khot_rank,2,200,0.7946,3817,5574
large_rs2,khot_rank,2,201,0.7946,3817,5585
large_rs2,khot_rank,2,202,0.7946,3817,5591
large_rs2,khot_rank,2,203,0.7946,3817,5596
large_rs2,khot_rank,2,204,0.7857,3824,5615
large_rs2,khot_rank,2,205,0.7857,3824,5625
large_rs2,khot_rank,2,206,0.7054,4174,5625
large_rs2,khot_rank,2,207,0.7411,4180,5641
large_rs2,khot_rank,2,208,0.7411,4180,5643
large_rs2,khot_rank,2,209,0.7054,4494,5679
large_rs2,khot_rank,2,210,0.7054,4495,5684
large_rs2,khot_rank,2,211,0.7054,4526,5717
large_rs2,khot_rank,2,212,0.7143,4701,5892
large_rs2,khot_rank,2,213,0.7232,5048,5895
large_rs2,khot_rank,2,214,0.7232,5301,5932
large_rs2,khot_rank,2,215,0.7232,5506,6077
large_rs2,khot_rank,2,216,0.7589,5846,6087
large_rs2,khot_rank,2,217,0.7589,6188,6095
large_rs2,khot_rank,2,218,0.7679,6524,6109
large_rs2,khot_rank,2,219,0.7679,6755,6125
large_rs2,khot_rank,2,220,0.7679,6755,6127
large_rs2,khot_rank,2,221,0.7411,6789,6166
large_rs2,khot_rank,2,222,0.7500,7133,6172
large_rs2,khot_rank,2,223,0.7500,7175,6194
large_rs2,khot_rank,2,224,0.7411,7516,6203
large_rs2,khot_rank,2,225,0.7411,7517,6219
large_rs2,khot_rank,2,226,0.7232,7520,6241
large_rs2,khot_rank,2,227,0.7321,7867,6244
large_rs2,khot_rank,2,228,0.7321,7867,6257
large_rs2,khot_rank,2,229,0.7321,8216,6258
large_rs2,khot_rank,2,230,0.7321,8566,6258
large_rs2,khot_rank,2,231,0.7321,8566,6275
large_rs2,khot_rank,2,232,0.7232,8568,6298
large_rs2,khot_rank,2,233,0.7232,8568,6300
large_rs2,khot_rank,2,234,0.7232,8568,6307
large_rs2,khot_rank,2,235,0.7321,8743,6482
large_rs2,khot_rank,2,236,0.7411,8830,6587
large_rs2,khot_rank,2,237,0.7411,8830,6602
large_rs2,khot_rank,2,238,0.7411,9171,6611
large_rs2,khot_rank,2,239,0.7411,9171,6623
large_rs2,khot_rank,2,240,0.7411,9519,6625
large_rs2,khot_rank,2,241,0.7589,9837,6657
large_rs2,khot_rank,2,242,0.7411,9838,6668
large_rs2,khot_rank,2,243,0.7500,10175,6681
large_rs2,khot_rank,2,244,0.7589,10516,6690
large_rs2,khot_rank,2,245,0.7589,10848,6708
large_rs2,khot_rank,2,246,0.7589,11022,6884
large_rs2,khot_rank,2,247,0.7589,11027,6906
large_rs2,khot_rank,2,248,0.7679,11298,6914
large_rs2,khot_rank,2,249,0.7589,11300,6927
large_rs2,khot_rank,2,250,0.7679,11305,6951
large_rs2,khot_rank,2,251,0.7679,11305,6978
large_rs2,khot_rank,2,252,0.7679,11305,6988
large_rs2,khot_rank,2,253,0.7679,11305,7008
large_rs2,khot_rank,2,254,0.7679,11305,7027
large_rs2,khot_rank,2,255,0.7679,11305,7033
large_rs2,khot_rank,2,256,0.7589,11482,7206
large_rs2,khot_rank,2,257,0.7589,11482,7230
large_rs2,khot_rank,2,258,0.7589,11482,7239
large_rs2,khot_rank,2,259,0.7768,11485,7255
large_rs2,khot_rank,2,260,0.7589,11700,7390
large_rs2,khot_rank,2,261,0.7411,11701,7407
large_rs2,khot_rank,2,262,0.7411,12049,7409
large_rs2,khot_rank,2,263,0.7411,12049,7410
large_rs2,khot_rank,2,264,0.7143,12378,7431
large_rs2,khot_rank,2,265,0.7054,12708,7451
large_rs2,khot_rank,2,266,0.7054,12882,7627
large_rs2,khot_rank,2,267,0.7054,13231,7628
large_rs2,khot_rank,2,268,0.6964,13518,7644
large_rs2,khot_rank,2,269,0.7143,13856,7656
large_rs2,khot_rank,2,270,0.7232,14034,7828
large_rs2,khot_rank,2,271,0.7411,14206,8006
large_rs2,khot_rank,2,272,0.7589,14250,8026
large_rs2,khot_rank,2,273,0.7411,14583,8043
large_rs2,khot_rank,2,274,0.7411,14920,8056
large_rs2,khot_rank,2,275,0.7500,15248,8071
large_rs2,khot_rank,2,276,0.7143,15590,8079
large_rs2,khot_rank,2,277,0.7143,15935,8084
large_rs2,khot_rank,2,278,0.7232,16254,8094
large_rs2,khot_rank,2,279,0.7143,16599,8099
large_rs2,khot_rank,2,280,0.7143,16948,8100
large_rs2,khot_rank,2,281,0.7232,17268,8130
large_rs2,khot_rank,2,282,0.7143,17473,8138
large_rs2,khot_rank,2,283,0.7232,17565,8153
large_rs2,khot_rank,2,284,0.7054,17905,8163
large_rs2,khot_rank,2,285,0.7054,17905,8165
large_rs2,khot_rank,2,286,0.7321,18189,8195
large_rs2,khot_rank,2,287,0.7232,18539,8195
large_rs2,khot_rank,2,288,0.6964,18861,8223
large_rs2,khot_rank,2,289,0.6964,19202,8232
large_rs2,khot_rank,2,290,0.6964,19545,8239
large_rs2,khot_rank,2,291,0.7054,19890,8244
large_rs2,khot_rank,2,292,0.7232,20230,8254
large_rs2,khot_rank,2,293,0.7411,20506,8272
large_rs2,khot_rank,2,294,0.7500,20676,8294
large_rs2,khot_rank,2,295,0.7500,20676,8297
large_rs2,khot_rank,2,296,0.7054,20773,8320
large_rs2,khot_rank,2,297,0.7054,20773,8328
large_rs2,khot_rank,2,298,0.7054,20773,8329
large_rs2,khot_rank,2,299,0.7321,20942,8358
large_rs2,khot_rank02,2,0,0.3393,30,320
large_rs2,khot_rank02,2,1,0.4554,59,641
large_rs2,khot_rank02,2,2,0.4821,75,816
large_rs2,khot_rank02,2,3,0.5625,98,1143
large_rs2,khot_rank02,2,4,0.6071,124,1467
large_rs2,khot_rank02,2,5,0.5982,136,1554
large_rs2,khot_rank02,2,6,0.5714,153,1576
large_rs2,khot_rank02,2,7,0.5714,167,1607
large_rs2,khot_rank02,2,8,0.6071,174,1636
large_rs2,khot_rank02,2,9,0.6429,195,1750
large_rs2,khot_rank02,2,10,0.6607,196,1770
large_rs2,khot_rank02,2,11,0.6607,200,1776
large_rs2,khot_rank02,2,12,0.7054,237,1827
large_rs2,khot_rank02,2,13,0.7143,245,1842
large_rs2,khot_rank02,2,14,0.7143,245,1850
large_rs2,khot_rank02,2,15,0.7411,248,1868
large_rs2,khot_rank02,2,16,0.7411,249,1874
large_rs2,khot_rank02,2,17,0.7411,249,1883
large_rs2,khot_rank02,2,18,0.6786,259,1898
large_rs2,khot_rank02,2,19,0.6607,285,1933
large_rs2,khot_rank02,2,20,0.6786,286,1941
large_rs2,khot_rank02,2,21,0.6518,289,1947
large_rs2,khot_rank02,2,22,0.6607,298,1976
large_rs2,khot_rank02,2,23,0.6607,298,1990
large_rs2,khot_rank02,2,24,0.6607,329,2023
large_rs2,khot_rank02,2,25,0.7143,342,2049
large_rs2,khot_rank02,2,26,0.7143,342,2057
large_rs2,khot_rank02,2,27,0.7143,342,2059
large_rs2,khot_rank02,2,28,0.7143,342,2069
large_rs2,khot_rank02,2,29,0.7143,343,2083
large_rs2,khot_rank02,2,30,0.6518,568,2208
large_rs2,khot_rank02,2,31,0.7232,609,2326
large_rs2,khot_rank02,2,32,0.7143,610,2342
large_rs2,khot_rank02,2,33,0.7143,626,2476
large_rs2,khot_rank02,2,34,0.7232,631,2494
large_rs2,khot_rank02,2,35,0.7232,631,2496
large_rs2,khot_rank02,2,36,0.6875,636,2518
large_rs2,khot_rank02,2,37,0.7143,640,2545
large_rs2,khot_rank02,2,38,0.7232,641,2554
large_rs2,khot_rank02,2,39,0.7232,644,2578
large_rs2,khot_rank02,2,40,0.7054,657,2602
large_rs2,khot_rank02,2,41,0.7232,666,2633
large_rs2,khot_rank02,2,42,0.6875,717,2667
large_rs2,khot_rank02,2,43,0.7232,721,2688
large_rs2,khot_rank02,2,44,0.7411,729,2701
large_rs2,khot_rank02,2,45,0.7411,729,2714
large_rs2,khot_rank02,2,46,0.7321,732,2725
large_rs2,khot_rank02,2,47,0.6964,739,2747
large_rs2,khot_rank02,2,48,0.6964,739,2758
large_rs2,khot_rank02,2,49,0.6964,739,2775
large_rs2,khot_rank02,2,50,0.6964,739,2789
large_rs2,khot_rank02,2,51,0.7321,747,2822
large_rs2,khot_rank02,2,52,0.7321,747,2832
large_rs2,khot_rank02,2,53,0.6786,769,2897
large_rs2,khot_rank02,2,54,0.6786,769,2898
large_rs2,khot_rank02,2,55,0.6875,1093,2924
large_rs2,khot_rank02,2,56,0.6964,1095,2930
large_rs2,khot_rank02,2,57,0.6696,1284,2981
large_rs2,khot_rank02,2,58,0.6786,1286,2988
large_rs2,khot_rank02,2,59,0.7232,1454,3023
large_rs2,khot_rank02,2,60,0.7054,1456,3037
large_rs2,khot_rank02,2,61,0.6875,1466,3104
large_rs2,khot_rank02,2,62,0.6875,1466,3109
large_rs2,khot_rank02,2,63,0.7143,1574,3118
large_rs2,khot_rank02,2,64,0.7143,1799,3137
large_rs2,khot_rank02,2,65,0.7589,1803,3161
large_rs2,khot_rank02,2,66,0.7589,1806,3187
large_rs2,khot_rank02,2,67,0.7589,1806,3209
large_rs2,khot_rank02,2,68,0.7679,1808,3221
large_rs2,khot_rank02,2,69,0.7768,1809,3245
large_rs2,khot_rank02,2,70,0.7768,1809,3258
large_rs2,khot_rank02,2,71,0.7768,1811,3279
large_rs2,khot_rank02,2,72,0.6786,2080,3353
large_rs2,khot_rank02,2,73,0.6786,2080,3375
large_rs2,khot_rank02,2,74,0.6964,2082,3383
large_rs2,khot_rank02,2,75,0.7054,2367,3421
large_rs2,khot_rank02,2,76,0.7232,2368,3429
large_rs2,khot_rank02,2,77,0.7143,2441,3463
large_rs2,khot_rank02,2,78,0.7232,2769,3485
large_rs2,khot_rank02,2,79,0.7411,2946,3499
large_rs2,khot_rank02,2,80,0.7411,2946,3508
large_rs2,khot_rank02,2,81,0.7232,2967,3529
large_rs2,khot_rank02,2,82,0.7679,2977,3549
large_rs2,khot_rank02,2,83,0.7589,2979,3556
large_rs2,khot_rank02,2,84,0.7589,2979,3575
large_rs2,khot_rank02,2,85,0.7232,3325,3579
large_rs2,khot_rank02,2,86,0.7321,3501,3753
large_rs2,khot_rank02,2,87,0.7321,3671,3933
large_rs2,khot_rank02,2,88,0.7143,3955,3999
large_rs2,khot_rank02,2,89,0.7143,3955,4009
large_rs2,khot_rank02,2,90,0.7143,3961,4020
large_rs2,khot_rank02,2,91,0.7411,3994,4039
large_rs2,khot_rank02,2,92,0.7500,4165,4218
large_rs2,khot_rank02,2,93,0.7411,4284,4344
large_rs2,khot_rank02,2,94,0.7411,4284,4350
large_rs2,khot_rank02,2,95,0.6786,4458,4526
large_rs2,khot_rank02,2,96,0.6607,4495,4553
large_rs2,khot_rank02,2,97,0.6607,4495,4567
large_rs2,khot_rank02,2,98,0.6696,4837,4575
large_rs2,khot_rank02,2,99,0.6875,4940,4600
large_rs2,khot_rank02,2,100,0.6964,4941,4618
large_rs2,khot_rank02,2,101,0.6964,4941,4641
large_rs2,khot_rank02,2,102,0.6964,4941,4665
large_rs2,khot_rank02,2,103,0.6696,5181,4775
large_rs2,khot_rank02,2,104,0.6696,5353,4953
large_rs2,khot_rank02,2,105,0.6786,5524,5132
large_rs2,khot_rank02,2,106,0.6696,5694,5312
large_rs2,khot_rank02,2,107,0.6429,6034,5322
large_rs2,khot_rank02,2,108,0.6786,6381,5325
large_rs2,khot_rank02,2,109,0.6607,6728,5328
large_rs2,khot_rank02,2,110,0.6875,6994,5339
large_rs2,khot_rank02,2,111,0.6786,7162,5521
large_rs2,khot_rank02,2,112,0.7143,7174,5532
large_rs2,khot_rank02,2,113,0.6786,7394,5662
large_rs2,khot_rank02,2,114,0.6786,7565,5841
large_rs2,khot_rank02,2,115,0.6875,7737,6019
large_rs2,khot_rank02,2,116,0.6875,7911,6195
large_rs2,khot_rank02,2,117,0.7054,7951,6239
large_rs2,khot_rank02,2,118,0.7054,7951,6253
large_rs2,khot_rank02,2,119,0.6875,8300,6254
large_rs2,khot_rank02,2,120,0.6786,8650,6254
large_rs2,khot_rank02,2,121,0.6696,8864,6279
large_rs2,khot_rank02,2,122,0.6696,8864,6303
large_rs2,khot_rank02,2,123,0.6607,8867,6307
large_rs2,khot_rank02,2,124,0.7054,9126,6398
large_rs2,khot_rank02,2,125,0.7054,9126,6401
large_rs2,khot_rank02,2,126,0.7054,9126,6407
large_rs2,khot_rank02,2,127,0.7321,9388,6495
large_rs2,khot_rank02,2,128,0.7321,9718,6515
large_rs2,khot_rank02,2,129,0.7232,9904,6679
large_rs2,khot_rank02,2,130,0.7321,10041,6693
large_rs2,khot_rank02,2,131,0.7321,10041,6699
large_rs2,khot_rank02,2,132,0.7321,10041,6705
large_rs2,khot_rank02,2,133,0.7232,10382,6714
large_rs2,khot_rank02,2,134,0.7232,10384,6727
large_rs2,khot_rank02,2,135,0.7321,10617,6734
large_rs2,khot_rank02,2,136,0.7321,10735,6764
large_rs2,khot_rank02,2,137,0.7321,10735,6783
large_rs2,khot_rank02,2,138,0.6964,10912,6956
large_rs2,khot_rank02,2,139,0.7054,11246,6972
large_rs2,khot_rank02,2,140,0.7143,11271,6977
large_rs2,khot_rank02,2,141,0.7054,11546,7052
large_rs2,khot_rank02,2,142,0.7054,11876,7072
large_rs2,khot_rank02,2,143,0.6964,11884,7077
large_rs2,khot_rank02,2,144,0.6964,11971,7086
large_rs2,khot_rank02,2,145,0.6875,12310,7097
large_rs2,khot_rank02,2,146,0.6875,12658,7099
large_rs2,khot_rank02,2,147,0.6875,12658,7122
large_rs2,khot_rank02,2,148,0.6875,12835,7295
large_rs2,khot_rank02,2,149,0.6875,12836,7316
large_rs2,khot_rank02,2,150,0.6786,13165,7337
large_rs2,khot_rank02,2,151,0.6786,13338,7514
large_rs2,khot_rank02,2,152,0.6786,13679,7523
large_rs2,khot_rank02,2,153,0.6964,13867,7534
large_rs2,khot_rank02,2,154,0.6964,14209,7542
large_rs2,khot_rank02,2,155,0.6964,14209,7555
large_rs2,khot_rank02,2,156,0.6518,14553,7561
large_rs2,khot_rank02,2,157,0.6518,14731,7733
large_rs2,khot_rank02,2,158,0.6429,14929,7885
large_rs2,khot_rank02,2,159,0.6429,14929,7894
large_rs2,khot_rank02,2,160,0.6429,15263,7910
large_rs2,khot_rank02,2,161,0.6429,15263,7913
large_rs2,khot_rank02,2,162,0.6429,15607,7919
large_rs2,khot_rank02,2,163,0.6518,15949,7927
large_rs2,khot_rank02,2,164,0.6518,16298,7928
large_rs2,khot_rank02,2,165,0.6518,16645,7931
large_rs2,khot_rank02,2,166,0.6875,16955,7971
large_rs2,khot_rank02,2,167,0.6875,16971,7983
large_rs2,khot_rank02,2,168,0.6429,17303,8001
large_rs2,khot_rank02,2,169,0.6518,17652,8002
large_rs2,khot_rank02,2,170,0.6518,17988,8016
large_rs2,khot_rank02,2,171,0.6518,18333,8021
large_rs2,khot_rank02,2,172,0.6607,18342,8036
large_rs2,khot_rank02,2,173,0.6696,18679,8049
large_rs2,khot_rank02,2,174,0.6696,19028,8050
large_rs2,khot_rank02,2,175,0.6786,19269,8062
large_rs2,khot_rank02,2,176,0.6786,19614,8067
large_rs2,khot_rank02,2,177,0.6786,19949,8082
large_rs2,khot_rank02,2,178,0.6786,19949,8090
large_rs2,khot_rank02,2,179,0.7143,20291,8098
large_rs2,khot_rank02,2,180,0.7054,20505,8111
large_rs2,khot_rank02,2,181,0.7143,20600,8122
large_rs2,khot_rank02,2,182,0.6875,20789,8144
large_rs2,khot_rank02,2,183,0.6964,20887,8158
large_rs2,khot_rank02,2,184,0.6964,20890,8180
large_rs2,khot_rank02,2,185,0.7054,21234,8186
large_rs2,khot_rank02,2,186,0.7054,21575,8195
large_rs2,khot_rank02,2,187,0.7054,21668,8211
large_rs2,khot_rank02,2,188,0.7143,22012,8217
large_rs2,khot_rank02,2,189,0.7054,22351,8228
large_rs2,khot_rank02,2,190,0.7054,22351,8239
large_rs2,khot_rank02,2,191,0.7054,22351,8244
large_rs2,khot_rank02,2,192,0.7143,22656,8253
large_rs2,khot_rank02,2,193,0.7232,22985,8274
large_rs2,khot_rank02,2,194,0.7232,23191,8297
large_rs2,khot_rank02,2,195,0.7232,23432,8327
large_rs2,khot_rank02,2,196,0.7143,23594,8336
large_rs2,khot_rank02,2,197,0.7143,23931,8349
large_rs2,khot_rank02,2,198,0.7143,24104,8526
large_rs2,khot_rank02,2,199,0.7232,24437,8543
large_rs2,khot_rank02,2,200,0.7321,24621,8565
large_rs2,khot_rank02,2,201,0.7321,24621,8576
large_rs2,khot_rank02,2,202,0.7321,24621,8584
large_rs2,khot_rank02,2,203,0.7321,24621,8589
large_rs2,khot_rank02,2,204,0.7321,24902,8658
large_rs2,khot_rank02,2,205,0.7321,24939,8667
large_rs2,khot_rank02,2,206,0.7232,25287,8669
large_rs2,khot_rank02,2,207,0.7232,25461,8845
large_rs2,khot_rank02,2,208,0.7232,25461,8847
large_rs2,khot_rank02,2,209,0.7143,25809,8849
large_rs2,khot_rank02,2,210,0.7143,25809,8855
large_rs2,khot_rank02,2,211,0.6964,26050,8881
large_rs2,khot_rank02,2,212,0.6875,26226,9055
large_rs2,khot_rank02,2,213,0.7054,26480,9088
large_rs2,khot_rank02,2,214,0.7054,26481,9114
large_rs2,khot_rank02,2,215,0.6875,26798,9147
large_rs2,khot_rank02,2,216,0.6607,27147,9148
large_rs2,khot_rank02,2,217,0.6607,27477,9168
large_rs2,khot_rank02,2,218,0.6607,27538,9194
large_rs2,khot_rank02,2,219,0.6518,27876,9206
large_rs2,khot_rank02,2,220,0.6518,28224,9208
large_rs2,khot_rank02,2,221,0.6518,28559,9223
large_rs2,khot_rank02,2,222,0.6696,28843,9289
large_rs2,khot_rank02,2,223,0.6429,29087,9395
large_rs2,khot_rank02,2,224,0.6429,29103,9408
large_rs2,khot_rank02,2,225,0.6250,29453,9408
large_rs2,khot_rank02,2,226,0.6250,29795,9416
large_rs2,khot_rank02,2,227,0.6250,30142,9419
large_rs2,khot_rank02,2,228,0.6161,30468,9443
large_rs2,khot_rank02,2,229,0.6161,30468,9450
large_rs2,khot_rank02,2,230,0.6339,30803,9465
large_rs2,khot_rank02,2,231,0.6339,31146,9472
large_rs2,khot_rank02,2,232,0.6518,31335,9633
large_rs2,khot_rank02,2,233,0.6518,31335,9635
large_rs2,khot_rank02,2,234,0.6518,31682,9638
large_rs2,khot_rank02,2,235,0.6518,31856,9814
large_rs2,khot_rank02,2,236,0.6339,32029,9991
large_rs2,khot_rank02,2,237,0.6429,32284,10086
large_rs2,khot_rank02,2,238,0.6429,32633,10087
large_rs2,khot_rank02,2,239,0.6429,32806,10101
large_rs2,khot_rank02,2,240,0.6429,33107,10150
large_rs2,khot_rank02,2,241,0.6696,33201,10247
large_rs2,khot_rank02,2,242,0.6518,33214,10256
large_rs2,khot_rank02,2,243,0.6518,33492,10328
large_rs2,khot_rank02,2,244,0.6607,33840,10330
large_rs2,khot_rank02,2,245,0.6696,34015,10505
large_rs2,khot_rank02,2,246,0.6429,34190,10680
large_rs2,khot_rank02,2,247,0.6518,34536,10684
large_rs2,khot_rank02,2,248,0.6786,34700,10693
large_rs2,khot_rank02,2,249,0.6518,34885,10858
large_rs2,khot_rank02,2,250,0.6786,35162,10931
large_rs2,khot_rank02,2,251,0.6696,35332,11111
large_rs2,khot_rank02,2,252,0.6696,35332,11121
large_rs2,khot_rank02,2,253,0.6696,35512,11291
large_rs2,khot_rank02,2,254,0.6696,35860,11293
large_rs2,khot_rank02,2,255,0.6786,36199,11304
large_rs2,khot_rank02,2,256,0.6518,36460,11393
large_rs2,khot_rank02,2,257,0.6518,36713,11490
large_rs2,khot_rank02,2,258,0.6607,37055,11498
large_rs2,khot_rank02,2,259,0.6518,37371,11532
large_rs2,khot_rank02,2,260,0.6339,37719,11534
large_rs2,khot_rank02,2,261,0.6339,38062,11541
large_rs2,khot_rank02,2,262,0.6339,38409,11544
large_rs2,khot_rank02,2,263,0.6339,38409,11545
large_rs2,khot_rank02,2,264,0.6071,38757,11547
large_rs2,khot_rank02,2,265,0.6071,39106,11548
large_rs2,khot_rank02,2,266,0.6071,39106,11553
large_rs2,khot_rank02,2,267,0.6071,39452,11557
large_rs2,khot_rank02,2,268,0.6071,39626,11733
large_rs2,khot_rank02,2,269,0.6071,39974,11735
large_rs2,khot_rank02,2,270,0.6071,40147,11912
large_rs2,khot_rank02,2,271,0.6339,40320,12089
large_rs2,khot_rank02,2,272,0.6518,40640,12119
large_rs2,khot_rank02,2,273,0.6607,40969,12140
large_rs2,khot_rank02,2,274,0.6607,41143,12316
large_rs2,khot_rank02,2,275,0.6607,41317,12492
large_rs2,khot_rank02,2,276,0.6875,41649,12510
large_rs2,khot_rank02,2,277,0.6250,41977,12532
large_rs2,khot_rank02,2,278,0.6250,42324,12535
large_rs2,khot_rank02,2,279,0.6071,42662,12547
large_rs2,khot_rank02,2,280,0.6161,43010,12549
large_rs2,khot_rank02,2,281,0.6161,43182,12727
large_rs2,khot_rank02,2,282,0.5982,43526,12733
large_rs2,khot_rank02,2,283,0.6250,43725,12884
large_rs2,khot_rank02,2,284,0.6250,44063,12896
large_rs2,khot_rank02,2,285,0.6250,44412,12897
large_rs2,khot_rank02,2,286,0.6250,44754,12905
large_rs2,khot_rank02,2,287,0.5804,45008,13001
large_rs2,khot_rank02,2,288,0.5446,45331,13028
large_rs2,khot_rank02,2,289,0.5536,45531,13178
large_rs2,khot_rank02,2,290,0.5536,45872,13187
large_rs2,khot_rank02,2,291,0.5625,46214,13195
large_rs2,khot_rank02,2,292,0.5625,46520,13239
large_rs2,khot_rank02,2,293,0.5625,46867,13242
large_rs2,khot_rank02,2,294,0.5625,47083,13376
large_rs2,khot_rank02,2,295,0.5625,47431,13378
large_rs2,khot_rank02,2,296,0.5714,47681,13478
large_rs2,khot_rank02,2,297,0.5714,48029,13480
large_rs2,khot_rank02,2,298,0.5714,48029,13481
large_rs2,khot_rank02,2,299,0.5714,48379,13481
large_rs2,khot_rank_cap,2,0,0.4018,34,316
large_rs2,khot_rank_cap,2,1,0.4821,58,642
large_rs2,khot_rank_cap,2,2,0.4286,70,817
large_rs2,khot_rank_cap,2,3,0.5268,98,1139
large_rs2,khot_rank_cap,2,4,0.5357,132,1455
large_rs2,khot_rank_cap,2,5,0.5714,150,1482
large_rs2,khot_rank_cap,2,6,0.5536,155,1501
large_rs2,khot_rank_cap,2,7,0.5714,168,1531
large_rs2,khot_rank_cap,2,8,0.6518,174,1559
large_rs2,khot_rank_cap,2,9,0.6607,186,1620
large_rs2,khot_rank_cap,2,10,0.6964,206,1729
large_rs2,khot_rank_cap,2,11,0.6875,210,1734
large_rs2,khot_rank_cap,2,12,0.6786,232,1776
large_rs2,khot_rank_cap,2,13,0.6786,232,1791
large_rs2,khot_rank_cap,2,14,0.6786,232,1796
large_rs2,khot_rank_cap,2,15,0.6786,232,1815
large_rs2,khot_rank_cap,2,16,0.6696,234,1820
large_rs2,khot_rank_cap,2,17,0.6607,238,1829
large_rs2,khot_rank_cap,2,18,0.6786,241,1841
large_rs2,khot_rank_cap,2,19,0.6786,257,1868
large_rs2,khot_rank_cap,2,20,0.6875,260,1886
large_rs2,khot_rank_cap,2,21,0.6875,260,1894
large_rs2,khot_rank_cap,2,22,0.6875,263,1908
large_rs2,khot_rank_cap,2,23,0.7143,264,1921
large_rs2,khot_rank_cap,2,24,0.6875,286,1964
large_rs2,khot_rank_cap,2,25,0.7321,298,1984
large_rs2,khot_rank_cap,2,26,0.7321,298,1991
large_rs2,khot_rank_cap,2,27,0.7321,298,1993
large_rs2,khot_rank_cap,2,28,0.7321,298,2003
large_rs2,khot_rank_cap,2,29,0.7321,298,2016
large_rs2,khot_rank_cap,2,30,0.7054,341,2254
large_rs2,khot_rank_cap,2,31,0.6875,359,2321
large_rs2,khot_rank_cap,2,32,0.6875,359,2337
large_rs2,khot_rank_cap,2,33,0.6696,386,2457
large_rs2,khot_rank_cap,2,34,0.7054,393,2471
large_rs2,khot_rank_cap,2,35,0.7054,393,2473
large_rs2,khot_rank_cap,2,36,0.7143,394,2494
large_rs2,khot_rank_cap,2,37,0.7500,399,2516
large_rs2,khot_rank_cap,2,38,0.7500,399,2526
large_rs2,khot_rank_cap,2,39,0.7500,399,2547
large_rs2,khot_rank_cap,2,40,0.7500,407,2564
large_rs2,khot_rank_cap,2,41,0.7321,410,2603
large_rs2,khot_rank_cap,2,42,0.7411,420,2629
large_rs2,khot_rank_cap,2,43,0.7411,420,2651
large_rs2,khot_rank_cap,2,44,0.7500,421,2662
large_rs2,khot_rank_cap,2,45,0.7500,422,2674
large_rs2,khot_rank_cap,2,46,0.7857,432,2688
large_rs2,khot_rank_cap,2,47,0.8036,444,2715
large_rs2,khot_rank_cap,2,48,0.8125,445,2729
large_rs2,khot_rank_cap,2,49,0.8125,445,2745
large_rs2,khot_rank_cap,2,50,0.8125,445,2757
large_rs2,khot_rank_cap,2,51,0.7768,451,2781
large_rs2,khot_rank_cap,2,52,0.7679,452,2788
large_rs2,khot_rank_cap,2,53,0.7768,453,2816
large_rs2,khot_rank_cap,2,54,0.7768,453,2817
large_rs2,khot_rank_cap,2,55,0.7768,454,2843
large_rs2,khot_rank_cap,2,56,0.7768,454,2849
large_rs2,khot_rank_cap,2,57,0.7857,458,2880
large_rs2,khot_rank_cap,2,58,0.7857,458,2888
large_rs2,khot_rank_cap,2,59,0.7857,458,2915
large_rs2,khot_rank_cap,2,60,0.7857,458,2929
large_rs2,khot_rank_cap,2,61,0.7857,467,3005
large_rs2,khot_rank_cap,2,62,0.7857,467,3010
large_rs2,khot_rank_cap,2,63,0.7768,468,3018
large_rs2,khot_rank_cap,2,64,0.7768,468,3031
large_rs2,khot_rank_cap,2,65,0.8125,470,3053
large_rs2,khot_rank_cap,2,66,0.8036,471,3079
large_rs2,khot_rank_cap,2,67,0.8036,471,3102
large_rs2,khot_rank_cap,2,68,0.8036,471,3114
large_rs2,khot_rank_cap,2,69,0.7679,475,3137
large_rs2,khot_rank_cap,2,70,0.7679,475,3148
large_rs2,khot_rank_cap,2,71,0.7857,480,3169
large_rs2,khot_rank_cap,2,72,0.8125,488,3214
large_rs2,khot_rank_cap,2,73,0.8125,488,3238
large_rs2,khot_rank_cap,2,74,0.8036,489,3245
large_rs2,khot_rank_cap,2,75,0.8393,494,3267
large_rs2,khot_rank_cap,2,76,0.8393,494,3274
large_rs2,khot_rank_cap,2,77,0.8304,495,3294
large_rs2,khot_rank_cap,2,78,0.7857,511,3313
large_rs2,khot_rank_cap,2,79,0.7857,511,3325
large_rs2,khot_rank_cap,2,80,0.7857,511,3333
large_rs2,khot_rank_cap,2,81,0.7946,512,3357
large_rs2,khot_rank_cap,2,82,0.8036,519,3700
large_rs2,khot_rank_cap,2,83,0.8036,519,3709
large_rs2,khot_rank_cap,2,84,0.8214,520,3803
large_rs2,khot_rank_cap,2,85,0.8214,552,4121
large_rs2,khot_rank_cap,2,86,0.8036,555,4145
large_rs2,khot_rank_cap,2,87,0.8125,561,4437
large_rs2,khot_rank_cap,2,88,0.8125,562,4465
large_rs2,khot_rank_cap,2,89,0.8304,564,4474
large_rs2,khot_rank_cap,2,90,0.8304,564,4484
large_rs2,khot_rank_cap,2,91,0.8214,565,4504
large_rs2,khot_rank_cap,2,92,0.8214,566,4519
large_rs2,khot_rank_cap,2,93,0.7768,575,4544
large_rs2,khot_rank_cap,2,94,0.7768,575,4550
large_rs2,khot_rank_cap,2,95,0.7589,592,4758
large_rs2,khot_rank_cap,2,96,0.7768,593,4779
large_rs2,khot_rank_cap,2,97,0.7768,593,4793
large_rs2,khot_rank_cap,2,98,0.7857,595,4819
large_rs2,khot_rank_cap,2,99,0.7679,597,4844
large_rs2,khot_rank_cap,2,100,0.7679,597,4860
large_rs2,khot_rank_cap,2,101,0.7679,597,4883
large_rs2,khot_rank_cap,2,102,0.7679,597,4908
large_rs2,khot_rank_cap,2,103,0.7679,597,4918
large_rs2,khot_rank_cap,2,104,0.7679,598,4941
large_rs2,khot_rank_cap,2,105,0.7679,598,4955
large_rs2,khot_rank_cap,2,106,0.7679,612,5291
large_rs2,khot_rank_cap,2,107,0.7857,614,5303
large_rs2,khot_rank_cap,2,108,0.7857,615,5312
large_rs2,khot_rank_cap,2,109,0.7857,616,5330
large_rs2,khot_rank_cap,2,110,0.7857,616,5342
large_rs2,khot_rank_cap,2,111,0.8125,622,5361
large_rs2,khot_rank_cap,2,112,0.8125,622,5369
large_rs2,khot_rank_cap,2,113,0.8214,625,5396
large_rs2,khot_rank_cap,2,114,0.8304,627,5422
large_rs2,khot_rank_cap,2,115,0.8304,627,5445
large_rs2,khot_rank_cap,2,116,0.8304,627,5468
large_rs2,khot_rank_cap,2,117,0.8304,627,5487
large_rs2,khot_rank_cap,2,118,0.8304,627,5501
large_rs2,khot_rank_cap,2,119,0.8304,627,5516
large_rs2,khot_rank_cap,2,120,0.8304,627,5535
large_rs2,khot_rank_cap,2,121,0.8393,639,5578
large_rs2,khot_rank_cap,2,122,0.8393,639,5602
large_rs2,khot_rank_cap,2,123,0.8393,639,5607
large_rs2,khot_rank_cap,2,124,0.8393,639,5623
large_rs2,khot_rank_cap,2,125,0.8393,639,5626
large_rs2,khot_rank_cap,2,126,0.8393,639,5632
large_rs2,khot_rank_cap,2,127,0.7946,646,5662
large_rs2,khot_rank_cap,2,128,0.7946,646,5683
large_rs2,khot_rank_cap,2,129,0.7946,646,5706
large_rs2,khot_rank_cap,2,130,0.7946,646,5721
large_rs2,khot_rank_cap,2,131,0.7946,646,5727
large_rs2,khot_rank_cap,2,132,0.7946,646,5733
large_rs2,khot_rank_cap,2,133,0.7946,646,5748
large_rs2,khot_rank_cap,2,134,0.7946,646,5763
large_rs2,khot_rank_cap,2,135,0.7946,646,5770
large_rs2,khot_rank_cap,2,136,0.8036,651,5795
large_rs2,khot_rank_cap,2,137,0.8036,651,5814
large_rs2,khot_rank_cap,2,138,0.8304,663,6148
large_rs2,khot_rank_cap,2,139,0.8304,663,6164
large_rs2,khot_rank_cap,2,140,0.8393,665,6169
large_rs2,khot_rank_cap,2,141,0.8393,665,6199
large_rs2,khot_rank_cap,2,142,0.8393,665,6222
large_rs2,khot_rank_cap,2,143,0.8393,665,6228
large_rs2,khot_rank_cap,2,144,0.8393,665,6238
large_rs2,khot_rank_cap,2,145,0.8393,665,6248
large_rs2,khot_rank_cap,2,146,0.8304,667,6476
large_rs2,khot_rank_cap,2,147,0.8304,667,6499
large_rs2,khot_rank_cap,2,148,0.8304,667,6527
large_rs2,khot_rank_cap,2,149,0.8304,667,6549
large_rs2,khot_rank_cap,2,150,0.8304,667,6565
large_rs2,khot_rank_cap,2,151,0.8304,667,6588
large_rs2,khot_rank_cap,2,152,0.8304,667,6611
large_rs2,khot_rank_cap,2,153,0.8304,667,6619
large_rs2,khot_rank_cap,2,154,0.8304,667,6640
large_rs2,khot_rank_cap,2,155,0.8304,667,6653
large_rs2,khot_rank_cap,2,156,0.8393,685,6668
large_rs2,khot_rank_cap,2,157,0.8304,687,6706
large_rs2,khot_rank_cap,2,158,0.8304,687,6736
large_rs2,khot_rank_cap,2,159,0.8304,687,6745
large_rs2,khot_rank_cap,2,160,0.8304,687,6761
large_rs2,khot_rank_cap,2,161,0.8304,687,6764
large_rs2,khot_rank_cap,2,162,0.8304,687,6767
large_rs2,khot_rank_cap,2,163,0.8304,701,6808
large_rs2,khot_rank_cap,2,164,0.8304,701,6811
large_rs2,khot_rank_cap,2,165,0.8304,701,6814
large_rs2,khot_rank_cap,2,166,0.8304,713,7152
large_rs2,khot_rank_cap,2,167,0.8482,717,7161
large_rs2,khot_rank_cap,2,168,0.8304,740,7368
large_rs2,khot_rank_cap,2,169,0.8304,740,7388
large_rs2,khot_rank_cap,2,170,0.8304,740,7414
large_rs2,khot_rank_cap,2,171,0.8304,740,7424
large_rs2,khot_rank_cap,2,172,0.8304,740,7433
large_rs2,khot_rank_cap,2,173,0.8393,749,7452
large_rs2,khot_rank_cap,2,174,0.8393,749,7458
large_rs2,khot_rank_cap,2,175,0.8393,750,7472
large_rs2,khot_rank_cap,2,176,0.8393,756,7498
large_rs2,khot_rank_cap,2,177,0.8482,757,7518
large_rs2,khot_rank_cap,2,178,0.8482,757,7526
large_rs2,khot_rank_cap,2,179,0.8482,757,7548
large_rs2,khot_rank_cap,2,180,0.8482,757,7563
large_rs2,khot_rank_cap,2,181,0.8482,757,7573
large_rs2,khot_rank_cap,2,182,0.8571,758,7922
large_rs2,khot_rank_cap,2,183,0.8571,758,7937
large_rs2,khot_rank_cap,2,184,0.8571,758,8287
large_rs2,khot_rank_cap,2,185,0.8571,758,8293
large_rs2,khot_rank_cap,2,186,0.8571,758,8312
large_rs2,khot_rank_cap,2,187,0.8571,758,8329
large_rs2,khot_rank_cap,2,188,0.8571,758,8347
large_rs2,khot_rank_cap,2,189,0.8571,758,8362
large_rs2,khot_rank_cap,2,190,0.8571,758,8373
large_rs2,khot_rank_cap,2,191,0.8571,758,8378
large_rs2,khot_rank_cap,2,192,0.8571,758,8384
large_rs2,khot_rank_cap,2,193,0.8214,762,8585
large_rs2,khot_rank_cap,2,194,0.8304,763,8604
large_rs2,khot_rank_cap,2,195,0.8304,763,8630
large_rs2,khot_rank_cap,2,196,0.8304,763,8641
large_rs2,khot_rank_cap,2,197,0.8304,763,8668
large_rs2,khot_rank_cap,2,198,0.8304,768,8834
large_rs2,khot_rank_cap,2,199,0.8661,772,8853
large_rs2,khot_rank_cap,2,200,0.8661,772,8876
large_rs2,khot_rank_cap,2,201,0.8661,772,8887
large_rs2,khot_rank_cap,2,202,0.8482,773,8892
large_rs2,khot_rank_cap,2,203,0.8482,773,8897
large_rs2,khot_rank_cap,2,204,0.8125,779,9241
large_rs2,khot_rank_cap,2,205,0.8393,780,9336
large_rs2,khot_rank_cap,2,206,0.7768,815,9651
large_rs2,khot_rank_cap,2,207,0.7768,816,10000
large_rs2,khot_rank_cap,2,208,0.7768,816,10002
large_rs2,khot_rank_cap,2,209,0.7768,823,10105
large_rs2,khot_rank_cap,2,210,0.7946,824,10202
large_rs2,khot_rank_cap,2,211,0.7857,834,10229
large_rs2,khot_rank_cap,2,212,0.8036,842,10571
large_rs2,khot_rank_cap,2,213,0.7589,855,10908
large_rs2,khot_rank_cap,2,214,0.7857,865,10934
large_rs2,khot_rank_cap,2,215,0.7857,865,11284
large_rs2,khot_rank_cap,2,216,0.7857,865,11634
large_rs2,khot_rank_cap,2,217,0.7946,866,11658
large_rs2,khot_rank_cap,2,218,0.7946,866,11684
large_rs2,khot_rank_cap,2,219,0.7946,866,11834
large_rs2,khot_rank_cap,2,220,0.7946,866,11836
large_rs2,khot_rank_cap,2,221,0.7500,874,12073
large_rs2,khot_rank_cap,2,222,0.7500,874,12423
large_rs2,khot_rank_cap,2,223,0.7500,876,12771
large_rs2,khot_rank_cap,2,224,0.7500,880,12783
large_rs2,khot_rank_cap,2,225,0.7500,881,13132
large_rs2,khot_rank_cap,2,226,0.7500,883,13346
large_rs2,khot_rank_cap,2,227,0.7500,888,13691
large_rs2,khot_rank_cap,2,228,0.7500,888,14041
large_rs2,khot_rank_cap,2,229,0.7589,889,14048
large_rs2,khot_rank_cap,2,230,0.7232,892,14074
large_rs2,khot_rank_cap,2,231,0.7321,893,14289
large_rs2,khot_rank_cap,2,232,0.7411,894,14508
large_rs2,khot_rank_cap,2,233,0.7411,894,14510
large_rs2,khot_rank_cap,2,234,0.7411,894,14860
large_rs2,khot_rank_cap,2,235,0.7411,894,15210
large_rs2,khot_rank_cap,2,236,0.7411,894,15560
large_rs2,khot_rank_cap,2,237,0.7411,894,15884
large_rs2,khot_rank_cap,2,238,0.7411,894,15907
large_rs2,khot_rank_cap,2,239,0.7411,894,16045
large_rs2,khot_rank_cap,2,240,0.7321,895,16394
large_rs2,khot_rank_cap,2,241,0.7768,907,16404
large_rs2,khot_rank_cap,2,242,0.7768,907,16532
large_rs2,khot_rank_cap,2,243,0.7768,908,16556
large_rs2,khot_rank_cap,2,244,0.7768,908,16566
large_rs2,khot_rank_cap,2,245,0.7857,910,16593
large_rs2,khot_rank_cap,2,246,0.7768,919,16747
large_rs2,khot_rank_cap,2,247,0.7857,922,17094
large_rs2,khot_rank_cap,2,248,0.7857,922,17105
large_rs2,khot_rank_cap,2,249,0.8036,923,17370
large_rs2,khot_rank_cap,2,250,0.8036,923,17720
large_rs2,khot_rank_cap,2,251,0.8036,923,17745
large_rs2,khot_rank_cap,2,252,0.8036,923,17755
large_rs2,khot_rank_cap,2,253,0.7768,933,17946
large_rs2,khot_rank_cap,2,254,0.7768,933,17965
large_rs2,khot_rank_cap,2,255,0.7768,933,18132
large_rs2,khot_rank_cap,2,256,0.7411,936,18479
large_rs2,khot_rank_cap,2,257,0.7411,938,18501
large_rs2,khot_rank_cap,2,258,0.7411,938,18510
large_rs2,khot_rank_cap,2,259,0.7500,942,18612
large_rs2,khot_rank_cap,2,260,0.7768,946,18899
large_rs2,khot_rank_cap,2,261,0.7768,946,18916
large_rs2,khot_rank_cap,2,262,0.7768,946,18936
large_rs2,khot_rank_cap,2,263,0.7768,946,18937
large_rs2,khot_rank_cap,2,264,0.7589,948,19285
large_rs2,khot_rank_cap,2,265,0.7679,956,19627
large_rs2,khot_rank_cap,2,266,0.7679,958,19975
large_rs2,khot_rank_cap,2,267,0.7500,960,19993
large_rs2,khot_rank_cap,2,268,0.7054,961,20266
large_rs2,khot_rank_cap,2,269,0.7054,963,20401
large_rs2,khot_rank_cap,2,270,0.7232,969,20745
large_rs2,khot_rank_cap,2,271,0.7411,976,21088
large_rs2,khot_rank_cap,2,272,0.7411,984,21430
large_rs2,khot_rank_cap,2,273,0.7500,985,21779
large_rs2,khot_rank_cap,2,274,0.7500,985,22129
large_rs2,khot_rank_cap,2,275,0.7500,985,22479
large_rs2,khot_rank_cap,2,276,0.7500,985,22829
large_rs2,khot_rank_cap,2,277,0.7589,992,23172
large_rs2,khot_rank_cap,2,278,0.7589,1002,23512
large_rs2,khot_rank_cap,2,279,0.7589,1002,23801
large_rs2,khot_rank_cap,2,280,0.7589,1002,24151
large_rs2,khot_rank_cap,2,281,0.7589,1002,24501
large_rs2,khot_rank_cap,2,282,0.7589,1002,24759
large_rs2,khot_rank_cap,2,283,0.7589,1002,25109
large_rs2,khot_rank_cap,2,284,0.7679,1006,25455
large_rs2,khot_rank_cap,2,285,0.7679,1006,25457
large_rs2,khot_rank_cap,2,286,0.7679,1010,25803
large_rs2,khot_rank_cap,2,287,0.7679,1013,26150
large_rs2,khot_rank_cap,2,288,0.7679,1013,26500
large_rs2,khot_rank_cap,2,289,0.7679,1013,26850
large_rs2,khot_rank_cap,2,290,0.7679,1014,27114
large_rs2,khot_rank_cap,2,291,0.7679,1019,27459
large_rs2,khot_rank_cap,2,292,0.7679,1029,27730
large_rs2,khot_rank_cap,2,293,0.7679,1030,28079
large_rs2,khot_rank_cap,2,294,0.7679,1030,28102
large_rs2,khot_rank_cap,2,295,0.7679,1030,28105
large_rs2,khot_rank_cap,2,296,0.7589,1033,28452
large_rs2,khot_rank_cap,2,297,0.7589,1033,28460
large_rs2,khot_rank_cap,2,298,0.7589,1033,28461
large_rs2,khot_rank_cap,2,299,0.7589,1036,28808
