maze,agent,seed,episode,policy_acc,cum_trained,cum_skipped
small26_assisted,khot_rank,0,0,0.3600,12,88
small26_assisted,khot_rank,0,1,0.5200,22,178
small26_assisted,khot_rank,0,2,0.6400,26,203
small26_assisted,khot_rank,0,3,0.6400,26,212
small26_assisted,khot_rank,0,4,0.6400,26,221
small26_assisted,khot_rank,0,5,0.6400,26,230
small26_assisted,khot_rank,0,6,0.6800,31,319
small26_assisted,khot_rank,0,7,0.9200,41,409
small26_assisted,khot_rank,0,8,0.9200,41,419
small26_assisted,khot_rank,0,9,0.9200,41,428
small26_assisted,khot_rank,0,10,0.9200,41,437
small26_assisted,khot_rank,0,11,0.9200,41,447
small26_assisted,khot_rank,0,12,0.9200,41,456
small26_assisted,khot_rank,0,13,0.8400,42,468
small26_assisted,khot_rank,0,14,0.8800,43,479
small26_assisted,khot_rank,0,15,0.8800,43,488
small26_assisted,khot_rank,0,16,0.8800,43,498
small26_assisted,khot_rank,0,17,0.8800,43,510
small26_assisted,khot_rank,0,18,0.8800,43,519
small26_assisted,khot_rank,0,19,0.8800,43,528
small26_assisted,khot_rank,0,20,0.8800,43,537
small26_assisted,khot_rank,0,21,0.8800,43,548
small26_assisted,khot_rank,0,22,0.8800,43,557
small26_assisted,khot_rank,0,23,0.8800,43,566
small26_assisted,khot_rank,0,24,0.8800,43,575
small26_assisted,khot_rank,0,25,0.8800,43,584
small26_assisted,khot_rank,0,26,0.8800,43,593
small26_assisted,khot_rank,0,27,0.8800,43,602
small26_assisted,khot_rank,0,28,0.8800,43,611
small26_assisted,khot_rank,0,29,0.8800,43,620
small26_assisted,khot_rank,0,30,0.8800,43,629
small26_assisted,khot_rank,0,31,0.8800,43,638
small26_assisted,khot_rank,0,32,0.8800,43,647
small26_assisted,khot_rank,0,33,0.8800,43,657
small26_assisted,khot_rank,0,34,0.8800,43,666
small26_assisted,khot_rank,0,35,0.8800,43,675
small26_assisted,khot_rank,0,36,0.8800,43,686
small26_assisted,khot_rank,0,37,0.8800,43,697
small26_assisted,khot_rank,0,38,0.8800,43,706
small26_assisted,khot_rank,0,39,0.8800,43,717
small26_assisted,khot_rank,0,40,0.8800,43,726
small26_assisted,khot_rank,0,41,0.8800,43,735
small26_assisted,khot_rank,0,42,0.8800,43,744
small26_assisted,khot_rank,0,43,0.8800,43,755
small26_assisted,khot_rank,0,44,0.8800,43,764
small26_assisted,khot_rank,0,45,0.8800,43,773
small26_assisted,khot_rank,0,46,0.8800,43,782
small26_assisted,khot_rank,0,47,0.8800,43,791
small26_assisted,khot_rank,0,48,0.8800,43,800
small26_assisted,khot_rank,0,49,0.8800,43,809
small26_assisted,khot_rank,0,50,0.8800,43,818
small26_assisted,khot_rank,0,51,0.8800,43,827
small26_assisted,khot_rank,0,52,0.8800,43,836
small26_assisted,khot_rank,0,53,0.8800,43,845
small26_assisted,khot_rank,0,54,0.8800,43,855
small26_assisted,khot_rank,0,55,0.8800,43,864
small26_assisted,khot_rank,0,56,0.8800,43,873
small26_assisted,khot_rank,0,57,0.8800,43,882
small26_assisted,khot_rank,0,58,0.8800,43,891
small26_assisted,khot_rank,0,59,0.8800,43,900
small26_assisted,khot_rank,0,60,0.8800,43,909
small26_assisted,khot_rank,0,61,0.8800,43,919
small26_assisted,khot_rank,0,62,0.8800,43,928
small26_assisted,khot_rank,0,63,0.8800,43,937
small26_assisted,khot_rank,0,64,0.8800,43,947
small26_assisted,khot_rank,0,65,0.8800,43,957
small26_assisted,khot_rank,0,66,0.8800,43,966
small26_assisted,khot_rank,0,67,0.9200,49,1026
small26_assisted,khot_rank,0,68,0.9200,49,1035
small26_assisted,khot_rank,0,69,0.9200,49,1045
small26_assisted,khot_rank,0,70,0.9200,49,1054
small26_assisted,khot_rank,0,71,0.9200,49,1063
small26_assisted,khot_rank,0,72,0.9200,49,1072
small26_assisted,khot_rank,0,73,0.9200,49,1081
small26_assisted,khot_rank,0,74,0.9200,50,1089
small26_assisted,khot_rank,0,75,0.9200,50,1098
small26_assisted,khot_rank,0,76,0.9200,50,1107
small26_assisted,khot_rank,0,77,0.9200,50,1116
small26_assisted,khot_rank,0,78,0.9200,50,1125
small26_assisted,khot_rank,0,79,0.9200,50,1134
small26_assisted,khot_rank,0,80,0.9200,50,1143
small26_assisted,khot_rank,0,81,0.9200,50,1152
small26_assisted,khot_rank,0,82,0.9200,50,1161
small26_assisted,khot_rank,0,83,0.9200,50,1173
small26_assisted,khot_rank,0,84,0.9200,50,1182
small26_assisted,khot_rank,0,85,0.9200,50,1191
small26_assisted,khot_rank,0,86,0.9200,51,1199
small26_assisted,khot_rank,0,87,0.9200,51,1208
small26_assisted,khot_rank,0,88,0.9200,51,1217
small26_assisted,khot_rank,0,89,0.9200,51,1226
small26_assisted,khot_rank,0,90,0.9200,51,1239
small26_assisted,khot_rank,0,91,0.9200,51,1248
small26_assisted,khot_rank,0,92,0.9200,51,1257
small26_assisted,khot_rank,0,93,0.9200,51,1266
small26_assisted,khot_rank,0,94,0.9200,51,1275
small26_assisted,khot_rank,0,95,0.9200,51,1284
small26_assisted,khot_rank,0,96,0.9200,51,1293
small26_assisted,khot_rank,0,97,0.9200,51,1304
small26_assisted,khot_rank,0,98,0.9200,51,1313
small26_assisted,khot_rank,0,99,0.9200,51,1322
small26_assisted,khot_rank,0,100,0.9200,51,1331
small26_assisted,khot_rank,0,101,0.9200,51,1340
small26_assisted,khot_rank,0,102,0.9200,51,1349
small26_assisted,khot_rank,0,103,0.9200,51,1358
small26_assisted,khot_rank,0,104,0.9200,51,1367
small26_assisted,khot_rank,0,105,0.9200,51,1376
small26_assisted,khot_rank,0,106,0.9200,51,1385
small26_assisted,khot_rank,0,107,0.9200,51,1394
small26_assisted,khot_rank,0,108,0.9200,51,1403
small26_assisted,khot_rank,0,109,0.9200,51,1412
small26_assisted,khot_rank,0,110,0.9200,51,1421
small26_assisted,khot_rank,0,111,0.9200,51,1430
small26_assisted,khot_rank,0,112,0.9200,51,1439
small26_assisted,khot_rank,0,113,0.9200,51,1448
small26_assisted,khot_rank,0,114,0.9200,51,1457
small26_assisted,khot_rank,0,115,0.9200,51,1466
small26_assisted,khot_rank,0,116,0.9200,51,1475
small26_assisted,khot_rank,0,117,0.9200,51,1484
small26_assisted,khot_rank,0,118,0.9200,51,1493
small26_assisted,khot_rank,0,119,0.9200,51,1502
small26_assisted,khot_rank,0,120,0.9200,51,1511
small26_assisted,khot_rank,0,121,0.9200,51,1520
small26_assisted,khot_rank,0,122,0.9200,51,1531
small26_assisted,khot_rank,0,123,0.9200,51,1540
small26_assisted,khot_rank,0,124,0.9200,51,1549
small26_assisted,khot_rank,0,125,0.9200,51,1558
small26_assisted,khot_rank,0,126,0.9200,51,1567
small26_assisted,khot_rank,0,127,0.9200,51,1576
small26_assisted,khot_rank,0,128,0.9200,51,1585
small26_assisted,khot_rank,0,129,0.9200,51,1594
small26_assisted,khot_rank,0,130,0.9200,51,1603
small26_assisted,khot_rank,0,131,0.9200,51,1612
small26_assisted,khot_rank,0,132,0.9200,51,1621
small26_assisted,khot_rank,0,133,0.9200,51,1630
small26_assisted,khot_rank,0,134,0.9200,51,1639
small26_assisted,khot_rank,0,135,0.9200,51,1648
small26_assisted,khot_rank,0,136,0.9200,51,1659
small26_assisted,khot_rank,0,137,0.9200,51,1668
small26_assisted,khot_rank,0,138,0.9200,51,1677
small26_assisted,khot_rank,0,139,0.9200,51,1693
small26_assisted,khot_rank,0,140,0.9200,51,1702
small26_assisted,khot_rank,0,141,0.9200,51,1713
small26_assisted,khot_rank,0,142,0.9200,51,1722
small26_assisted,khot_rank,0,143,0.9200,51,1731
small26_assisted,khot_rank,0,144,0.9200,51,1740
small26_assisted,khot_rank,0,145,0.9200,51,1749
small26_assisted,khot_rank,0,146,0.9200,51,1758
small26_assisted,khot_rank,0,147,0.9200,51,1767
small26_assisted,khot_rank,0,148,0.9200,51,1776
small26_assisted,khot_rank,0,149,0.9200,51,1785
small26_assisted,khot_rank,0,150,0.9200,51,1794
small26_assisted,khot_rank,0,151,0.9200,51,1803
small26_assisted,khot_rank,0,152,0.9200,51,1812
small26_assisted,khot_rank,0,153,0.9200,51,1821
small26_assisted,khot_rank,0,154,0.9200,51,1830
small26_assisted,khot_rank,0,155,0.9200,51,1839
small26_assisted,khot_rank,0,156,0.9200,51,1848
small26_assisted,khot_rank,0,157,0.9200,51,1857
small26_assisted,khot_rank,0,158,0.9200,51,1866
small26_assisted,khot_rank,0,159,0.9200,51,1875
small26_assisted,khot_rank,0,160,0.9200,51,1884
small26_assisted,khot_rank,0,161,0.9200,51,1893
small26_assisted,khot_rank,0,162,0.9200,51,1902
small26_assisted,khot_rank,0,163,0.9200,52,1910
small26_assisted,khot_rank,0,164,0.9200,52,1919
small26_assisted,khot_rank,0,165,0.9200,52,1928
small26_assisted,khot_rank,0,166,0.9200,52,1938
small26_assisted,khot_rank,0,167,0.9200,52,1947
small26_assisted,khot_rank,0,168,0.9200,52,1956
small26_assisted,khot_rank,0,169,0.9200,52,1965
small26_assisted,khot_rank,0,170,0.9200,52,1974
small26_assisted,khot_rank,0,171,0.9200,52,1983
small26_assisted,khot_rank,0,172,0.9200,52,1992
small26_assisted,khot_rank,0,173,0.9200,52,2001
small26_assisted,khot_rank,0,174,0.9200,52,2010
small26_assisted,khot_rank,0,175,0.9200,52,2019
small26_assisted,khot_rank,0,176,0.9200,52,2028
small26_assisted,khot_rank,0,177,0.9200,52,2037
small26_assisted,khot_rank,0,178,0.9200,52,2046
small26_assisted,khot_rank,0,179,0.9200,52,2055
small26_assisted,khot_rank,0,180,0.9200,52,2066
small26_assisted,khot_rank,0,181,0.9200,52,2075
small26_assisted,khot_rank,0,182,0.9200,52,2084
small26_assisted,khot_rank,0,183,0.9200,52,2093
small26_assisted,khot_rank,0,184,0.9200,52,2102
small26_assisted,khot_rank,0,185,0.9200,52,2111
small26_assisted,khot_rank,0,186,0.9200,52,2120
small26_assisted,khot_rank,0,187,0.9200,52,2129
small26_assisted,khot_rank,0,188,0.9200,52,2138
small26_assisted,khot_rank,0,189,0.9200,52,2147
small26_assisted,khot_rank,0,190,0.9200,52,2156
small26_assisted,khot_rank,0,191,0.9200,52,2165
small26_assisted,khot_rank,0,192,0.9200,52,2174
small26_assisted,khot_rank,0,193,0.9200,52,2183
small26_assisted,khot_rank,0,194,0.9200,52,2193
small26_assisted,khot_rank,0,195,0.9200,52,2202
small26_assisted,khot_rank,0,196,0.9200,52,2211
small26_assisted,khot_rank,0,197,0.9200,52,2220
small26_assisted,khot_rank,0,198,0.9200,52,2229
small26_assisted,khot_rank,0,199,0.9200,52,2238
small26_assisted,khot_rank,0,200,0.9200,52,2247
small26_assisted,khot_rank,0,201,0.9200,52,2256
small26_assisted,khot_rank,0,202,0.9200,52,2265
small26_assisted,khot_rank,0,203,0.9200,52,2274
small26_assisted,khot_rank,0,204,0.9200,52,2283
small26_assisted,khot_rank,0,205,0.9200,52,2292
small26_assisted,khot_rank,0,206,0.9200,52,2301
small26_assisted,khot_rank,0,207,0.9200,52,2310
small26_assisted,khot_rank,0,208,0.9200,52,2319
small26_assisted,khot_rank,0,209,0.9200,52,2329
small26_assisted,khot_rank,0,210,0.9200,52,2338
small26_assisted,khot_rank,0,211,0.9200,52,2347
small26_assisted,khot_rank,0,212,0.9200,52,2356
small26_assisted,khot_rank,0,213,0.9200,52,2365
small26_assisted,khot_rank,0,214,0.9200,52,2374
small26_assisted,khot_rank,0,215,0.9200,52,2383
small26_assisted,khot_rank,0,216,0.9200,52,2392
small26_assisted,khot_rank,0,217,0.9200,52,2401
small26_assisted,khot_rank,0,218,0.9200,52,2410
small26_assisted,khot_rank,0,219,0.9200,52,2419
small26_assisted,khot_rank,0,220,0.9200,52,2428
small26_assisted,khot_rank,0,221,0.9200,52,2437
small26_assisted,khot_rank,0,222,0.9200,52,2446
small26_assisted,khot_rank,0,223,0.9200,52,2455
small26_assisted,khot_rank,0,224,0.9200,52,2464
small26_assisted,khot_rank,0,225,0.9200,52,2473
small26_assisted,khot_rank,0,226,0.8800,54,2482
small26_assisted,khot_rank,0,227,0.8800,54,2491
small26_assisted,khot_rank,0,228,0.8800,54,2500
small26_assisted,khot_rank,0,229,0.8800,54,2509
small26_assisted,khot_rank,0,230,0.8800,54,2518
small26_assisted,khot_rank,0,231,0.8800,54,2527
small26_assisted,khot_rank,0,232,0.8800,54,2536
small26_assisted,khot_rank,0,233,0.8800,54,2545
small26_assisted,khot_rank,0,234,0.8800,54,2554
small26_assisted,khot_rank,0,235,0.8800,54,2563
small26_assisted,khot_rank,0,236,0.8800,54,2572
small26_assisted,khot_rank,0,237,0.8800,54,2581
small26_assisted,khot_rank,0,238,0.8800,54,2590
small26_assisted,khot_rank,0,239,0.8800,54,2599
small26_assisted,khot_rank,0,240,0.8800,54,2608
small26_assisted,khot_rank,0,241,0.8800,54,2617
small26_assisted,khot_rank,0,242,0.8800,54,2626
small26_assisted,khot_rank,0,243,0.8800,54,2635
small26_assisted,khot_rank,0,244,0.8800,54,2644
small26_assisted,khot_rank,0,245,0.8800,54,2653
small26_assisted,khot_rank,0,246,0.8800,54,2662
small26_assisted,khot_rank,0,247,0.8800,54,2671
small26_assisted,khot_rank,0,248,0.8800,54,2680
small26_assisted,khot_rank,0,249,0.8800,54,2689
small26_assisted,khot_rank,0,250,0.8800,54,2699
small26_assisted,khot_rank,0,251,0.8800,54,2708
small26_assisted,khot_rank,0,252,0.8800,54,2717
small26_assisted,khot_rank,0,253,0.8800,54,2726
small26_assisted,khot_rank,0,254,0.8800,54,2735
small26_assisted,khot_rank,0,255,0.8800,54,2744
small26_assisted,khot_rank,0,256,0.8800,54,2753
small26_assisted,khot_rank,0,257,0.8800,54,2762
small26_assisted,khot_rank,0,258,0.8800,54,2771
small26_assisted,khot_rank,0,259,0.8800,54,2780
small26_assisted,khot_rank,0,260,0.8800,54,2789
small26_assisted,khot_rank,0,261,0.8800,54,2798
small26_assisted,khot_rank,0,262,0.8800,54,2807
small26_assisted,khot_rank,0,263,0.8800,54,2816
small26_assisted,khot_rank,0,264,0.8800,54,2825
small26_assisted,khot_rank,0,265,0.8800,54,2835
small26_assisted,khot_rank,0,266,0.8800,54,2844
small26_assisted,khot_rank,0,267,0.8800,54,2853
small26_assisted,khot_rank,0,268,0.8800,54,2862
small26_assisted,khot_rank,0,269,0.8800,54,2871
small26_assisted,khot_rank,0,270,0.8800,54,2880
small26_assisted,khot_rank,0,271,0.8800,54,2889
small26_assisted,khot_rank,0,272,0.8800,54,2898
small26_assisted,khot_rank,0,273,0.8800,54,2907
small26_assisted,khot_rank,0,274,0.8800,54,2916
small26_assisted,khot_rank,0,275,0.8800,54,2925
small26_assisted,khot_rank,0,276,0.8800,54,2934
small26_assisted,khot_rank,0,277,0.8800,54,2943
small26_assisted,khot_rank,0,278,0.8800,54,2952
small26_assisted,khot_rank,0,279,0.8800,54,2961
small26_assisted,khot_rank,0,280,0.8800,54,2970
small26_assisted,khot_rank,0,281,0.8800,55,2978
small26_assisted,khot_rank,0,282,0.8400,56,2986
small26_assisted,khot_rank,0,283,0.8400,56,2995
small26_assisted,khot_rank,0,284,0.8400,56,3004
small26_assisted,khot_rank,0,285,0.8400,56,3013
small26_assisted,khot_rank,0,286,0.8400,56,3022
small26_assisted,khot_rank,0,287,0.8400,56,3031
small26_assisted,khot_rank,0,288,0.8400,56,3040
small26_assisted,khot_rank,0,289,0.8400,56,3049
small26_assisted,khot_rank,0,290,0.8400,56,3058
small26_assisted,khot_rank,0,291,0.8400,57,3066
small26_assisted,khot_rank,0,292,0.8400,58,3074
small26_assisted,khot_rank,0,293,0.8400,58,3083
small26_assisted,khot_rank,0,294,0.8400,58,3092
small26_assisted,khot_rank,0,295,0.8400,58,3101
small26_assisted,khot_rank,0,296,0.8400,58,3110
small26_assisted,khot_rank,0,297,0.8400,58,3119
small26_assisted,khot_rank,0,298,0.8400,58,3130
small26_assisted,khot_rank,0,299,0.8400,58,3139
small26_assisted,khot_rank,0,300,0.8400,58,3148
small26_assisted,khot_rank,0,301,0.8400,58,3157
small26_assisted,khot_rank,0,302,0.8400,58,3166
small26_assisted,khot_rank,0,303,0.8400,58,3175
small26_assisted,khot_rank,0,304,0.8400,58,3184
small26_assisted,khot_rank,0,305,0.8400,58,3193
small26_assisted,khot_rank,0,306,0.8400,58,3202
small26_assisted,khot_rank,0,307,0.8400,58,3211
small26_assisted,khot_rank,0,308,0.8400,58,3220
small26_assisted,khot_rank,0,309,0.8400,58,3229
small26_assisted,khot_rank,0,310,0.8400,58,3238
small26_assisted,khot_rank,0,311,0.8400,58,3247
small26_assisted,khot_rank,0,312,0.8400,58,3256
small26_assisted,khot_rank,0,313,0.8400,58,3265
small26_assisted,khot_rank,0,314,0.8400,58,3274
small26_assisted,khot_rank,0,315,0.8400,58,3283
small26_assisted,khot_rank,0,316,0.8400,58,3292
small26_assisted,khot_rank,0,317,0.8400,58,3301
small26_assisted,khot_rank,0,318,0.8400,58,3310
small26_assisted,khot_rank,0,319,0.8400,58,3319
small26_assisted,khot_rank,0,320,0.8400,58,3328
small26_assisted,khot_rank,0,321,0.8400,58,3337
small26_assisted,khot_rank,0,322,0.8400,58,3346
small26_assisted,khot_rank,0,323,0.8400,58,3355
small26_assisted,khot_rank,0,324,0.8400,58,3364
small26_assisted,khot_rank,0,325,0.8400,58,3373
small26_assisted,khot_rank,0,326,0.8400,58,3382
small26_assisted,khot_rank,0,327,0.8400,58,3391
small26_assisted,khot_rank,0,328,0.8400,58,3400
small26_assisted,khot_rank,0,329,0.8400,58,3409
small26_assisted,khot_rank,0,330,0.8400,58,3418
small26_assisted,khot_rank,0,331,0.8400,58,3427
small26_assisted,khot_rank,0,332,0.8400,58,3436
small26_assisted,khot_rank,0,333,0.8400,58,3445
small26_assisted,khot_rank,0,334,0.8400,58,3454
small26_assisted,khot_rank,0,335,0.8400,58,3463
small26_assisted,khot_rank,0,336,0.8400,58,3472
small26_assisted,khot_rank,0,337,0.8400,58,3481
small26_assisted,khot_rank,0,338,0.8400,58,3490
small26_assisted,khot_rank,0,339,0.8400,58,3499
small26_assisted,khot_rank,0,340,0.8400,58,3508
small26_assisted,khot_rank,0,341,0.8400,58,3517
small26_assisted,khot_rank,0,342,0.8400,58,3526
small26_assisted,khot_rank,0,343,0.8400,58,3535
small26_assisted,khot_rank,0,344,0.8400,58,3544
small26_assisted,khot_rank,0,345,0.8400,58,3553
small26_assisted,khot_rank,0,346,0.8400,58,3562
small26_assisted,khot_rank,0,347,0.8400,58,3571
small26_assisted,khot_rank,0,348,0.8400,58,3580
small26_assisted,khot_rank,0,349,0.8400,58,3589
small26_assisted,khot_rank,0,350,0.8400,58,3598
small26_assisted,khot_rank,0,351,0.8400,58,3607
small26_assisted,khot_rank,0,352,0.8400,58,3616
small26_assisted,khot_rank,0,353,0.8400,58,3625
small26_assisted,khot_rank,0,354,0.8400,58,3634
small26_assisted,khot_rank,0,355,0.8400,58,3643
small26_assisted,khot_rank,0,356,0.8400,58,3652
small26_assisted,khot_rank,0,357,0.8400,58,3662
small26_assisted,khot_rank,0,358,0.8400,58,3671
small26_assisted,khot_rank,0,359,0.8400,59,3679
small26_assisted,khot_rank,0,360,0.8400,59,3688
small26_assisted,khot_rank,0,361,0.8400,59,3697
small26_assisted,khot_rank,0,362,0.8400,59,3706
small26_assisted,khot_rank,0,363,0.8400,59,3715
small26_assisted,khot_rank,0,364,0.8400,59,3724
small26_assisted,khot_rank,0,365,0.8400,59,3733
small26_assisted,khot_rank,0,366,0.8400,59,3742
small26_assisted,khot_rank,0,367,0.8400,59,3751
small26_assisted,khot_rank,0,368,0.8400,59,3760
small26_assisted,khot_rank,0,369,0.8400,59,3769
small26_assisted,khot_rank,0,370,0.8400,59,3778
small26_assisted,khot_rank,0,371,0.8400,59,3787
small26_assisted,khot_rank,0,372,0.8400,59,3796
small26_assisted,khot_rank,0,373,0.8400,59,3806
small26_assisted,khot_rank,0,374,0.8400,59,3815
small26_assisted,khot_rank,0,375,0.8400,59,3824
small26_assisted,khot_rank,0,376,0.8400,59,3833
small26_assisted,khot_rank,0,377,0.8400,59,3842
small26_assisted,khot_rank,0,378,0.8400,59,3851
small26_assisted,khot_rank,0,379,0.8400,59,3860
small26_assisted,khot_rank,0,380,0.8400,59,3869
small26_assisted,khot_rank,0,381,0.8400,59,3878
small26_assisted,khot_rank,0,382,0.8400,59,3887
small26_assisted,khot_rank,0,383,0.8400,59,3896
small26_assisted,khot_rank,0,384,0.8400,59,3905
small26_assisted,khot_rank,0,385,0.8400,59,3914
small26_assisted,khot_rank,0,386,0.8400,59,3923
small26_assisted,khot_rank,0,387,0.8400,59,3932
small26_assisted,khot_rank,0,388,0.8400,59,3941
small26_assisted,khot_rank,0,389,0.8400,59,3950
small26_assisted,khot_rank,0,390,0.8400,59,3959
small26_assisted,khot_rank,0,391,0.8400,59,3968
small26_assisted,khot_rank,0,392,0.8400,59,3977
small26_assisted,khot_rank,0,393,0.8400,59,3986
small26_assisted,khot_rank,0,394,0.8400,59,3995
small26_assisted,khot_rank,0,395,0.8400,59,4004
small26_assisted,khot_rank,0,396,0.8400,59,4013
small26_assisted,khot_rank,0,397,0.8400,59,4022
small26_assisted,khot_rank,0,398,0.8400,59,4031
small26_assisted,khot_rank,0,399,0.8400,59,4040
small26_assisted,khot_error,0,0,0.4800,16,84
small26_assisted,khot_error,0,1,0.6000,24,176
small26_assisted,khot_error,0,2,0.5200,32,236
small26_assisted,khot_error,0,3,0.6800,36,261
small26_assisted,khot_error,0,4,0.6800,36,278
small26_assisted,khot_error,0,5,0.6800,36,287
small26_assisted,khot_error,0,6,0.6800,36,298
small26_assisted,khot_error,0,7,0.6800,36,308
small26_assisted,khot_error,0,8,0.6800,36,317
small26_assisted,khot_error,0,9,0.6800,36,326
small26_assisted,khot_error,0,10,0.6800,36,336
small26_assisted,khot_error,0,11,0.6800,36,345
small26_assisted,khot_error,0,12,0.6800,36,357
small26_assisted,khot_error,0,13,0.6800,36,367
small26_assisted,khot_error,0,14,0.6800,36,376
small26_assisted,khot_error,0,15,0.6800,36,386
small26_assisted,khot_error,0,16,0.6800,36,398
small26_assisted,khot_error,0,17,0.6800,36,407
small26_assisted,khot_error,0,18,0.6800,36,416
small26_assisted,khot_error,0,19,0.6800,36,425
small26_assisted,khot_error,0,20,0.6800,36,436
small26_assisted,khot_error,0,21,0.6800,36,445
small26_assisted,khot_error,0,22,0.6800,36,454
small26_assisted,khot_error,0,23,0.6800,36,463
small26_assisted,khot_error,0,24,0.6800,36,472
small26_assisted,khot_error,0,25,0.6800,36,481
small26_assisted,khot_error,0,26,0.6800,36,490
small26_assisted,khot_error,0,27,0.6800,36,499
small26_assisted,khot_error,0,28,0.6800,36,508
small26_assisted,khot_error,0,29,0.6800,36,517
small26_assisted,khot_error,0,30,0.6800,36,526
small26_assisted,khot_error,0,31,0.6800,36,535
small26_assisted,khot_error,0,32,0.6800,36,545
small26_assisted,khot_error,0,33,0.6800,36,554
small26_assisted,khot_error,0,34,0.6800,36,563
small26_assisted,khot_error,0,35,0.6800,39,588
small26_assisted,khot_error,0,36,0.6800,39,597
small26_assisted,khot_error,0,37,0.6800,39,606
small26_assisted,khot_error,0,38,0.6800,39,617
small26_assisted,khot_error,0,39,0.6800,39,626
small26_assisted,khot_error,0,40,0.6800,39,636
small26_assisted,khot_error,0,41,0.6800,39,645
small26_assisted,khot_error,0,42,0.6800,39,654
small26_assisted,khot_error,0,43,0.6800,39,663
small26_assisted,khot_error,0,44,0.6800,39,672
small26_assisted,khot_error,0,45,0.6800,39,681
small26_assisted,khot_error,0,46,0.6800,39,690
small26_assisted,khot_error,0,47,0.6800,39,699
small26_assisted,khot_error,0,48,0.6800,39,708
small26_assisted,khot_error,0,49,0.6800,39,717
small26_assisted,khot_error,0,50,0.6800,39,726
small26_assisted,khot_error,0,51,0.6800,39,735
small26_assisted,khot_error,0,52,0.6800,39,744
small26_assisted,khot_error,0,53,0.6800,39,753
small26_assisted,khot_error,0,54,0.6800,39,762
small26_assisted,khot_error,0,55,0.6800,39,773
small26_assisted,khot_error,0,56,0.6800,39,782
small26_assisted,khot_error,0,57,0.6800,39,791
small26_assisted,khot_error,0,58,0.6800,39,800
small26_assisted,khot_error,0,59,0.6800,39,809
small26_assisted,khot_error,0,60,0.6800,39,818
small26_assisted,khot_error,0,61,0.6800,39,827
small26_assisted,khot_error,0,62,0.6800,39,836
small26_assisted,khot_error,0,63,0.6800,39,846
small26_assisted,khot_error,0,64,0.6800,39,857
small26_assisted,khot_error,0,65,0.6800,39,866
small26_assisted,khot_error,0,66,0.6800,39,875
small26_assisted,khot_error,0,67,0.6800,39,885
small26_assisted,khot_error,0,68,0.6800,39,894
small26_assisted,khot_error,0,69,0.6800,39,904
small26_assisted,khot_error,0,70,0.6800,39,913
small26_assisted,khot_error,0,71,0.6800,39,922
small26_assisted,khot_error,0,72,0.6800,39,931
small26_assisted,khot_error,0,73,0.6800,39,940
small26_assisted,khot_error,0,74,0.6800,39,949
small26_assisted,khot_error,0,75,0.6800,39,958
small26_assisted,khot_error,0,76,0.6800,39,967
small26_assisted,khot_error,0,77,0.6800,39,976
small26_assisted,khot_error,0,78,0.6800,39,985
small26_assisted,khot_error,0,79,0.6800,39,994
small26_assisted,khot_error,0,80,0.6800,39,1003
small26_assisted,khot_error,0,81,0.6800,39,1012
small26_assisted,khot_error,0,82,0.6800,39,1024
small26_assisted,khot_error,0,83,0.6800,39,1033
small26_assisted,khot_error,0,84,0.6800,39,1042
small26_assisted,khot_error,0,85,0.6800,39,1051
small26_assisted,khot_error,0,86,0.6800,39,1060
small26_assisted,khot_error,0,87,0.6800,39,1069
small26_assisted,khot_error,0,88,0.6800,39,1079
small26_assisted,khot_error,0,89,0.6800,39,1088
small26_assisted,khot_error,0,90,0.6800,39,1098
small26_assisted,khot_error,0,91,0.6800,39,1107
small26_assisted,khot_error,0,92,0.6800,39,1116
small26_assisted,khot_error,0,93,0.6800,39,1125
small26_assisted,khot_error,0,94,0.6800,39,1134
small26_assisted,khot_error,0,95,0.6800,39,1143
small26_assisted,khot_error,0,96,0.6800,39,1152
small26_assisted,khot_error,0,97,0.6800,39,1163
small26_assisted,khot_error,0,98,0.6800,39,1172
small26_assisted,khot_error,0,99,0.6800,39,1182
small26_assisted,khot_error,0,100,0.6800,39,1191
small26_assisted,khot_error,0,101,0.6800,39,1200
small26_assisted,khot_error,0,102,0.6800,39,1209
small26_assisted,khot_error,0,103,0.6800,39,1218
small26_assisted,khot_error,0,104,0.6800,39,1227
small26_assisted,khot_error,0,105,0.6800,39,1236
small26_assisted,khot_error,0,106,0.6800,39,1245
small26_assisted,khot_error,0,107,0.6800,39,1254
small26_assisted,khot_error,0,108,0.6800,39,1263
small26_assisted,khot_error,0,109,0.6800,39,1272
small26_assisted,khot_error,0,110,0.6800,39,1281
small26_assisted,khot_error,0,111,0.6800,39,1290
small26_assisted,khot_error,0,112,0.6800,39,1299
small26_assisted,khot_error,0,113,0.6800,39,1308
small26_assisted,khot_error,0,114,0.6800,39,1317
small26_assisted,khot_error,0,115,0.6800,39,1326
small26_assisted,khot_error,0,116,0.6800,39,1335
small26_assisted,khot_error,0,117,0.6800,39,1344
small26_assisted,khot_error,0,118,0.6800,39,1353
small26_assisted,khot_error,0,119,0.6800,39,1362
small26_assisted,khot_error,0,120,0.6800,39,1371
small26_assisted,khot_error,0,121,0.6800,39,1380
small26_assisted,khot_error,0,122,0.6800,39,1390
small26_assisted,khot_error,0,123,0.6800,39,1399
small26_assisted,khot_error,0,124,0.6800,39,1408
small26_assisted,khot_error,0,125,0.6800,39,1417
small26_assisted,khot_error,0,126,0.6800,39,1426
small26_assisted,khot_error,0,127,0.6800,39,1435
small26_assisted,khot_error,0,128,0.6800,39,1444
small26_assisted,khot_error,0,129,0.6800,39,1453
small26_assisted,khot_error,0,130,0.6800,39,1462
small26_assisted,khot_error,0,131,0.6800,39,1471
small26_assisted,khot_error,0,132,0.6800,39,1480
small26_assisted,khot_error,0,133,0.6800,39,1489
small26_assisted,khot_error,0,134,0.6800,39,1498
small26_assisted,khot_error,0,135,0.6800,39,1507
small26_assisted,khot_error,0,136,0.8800,47,1599
small26_assisted,khot_error,0,137,0.8800,47,1608
small26_assisted,khot_error,0,138,0.8800,47,1617
small26_assisted,khot_error,0,139,0.8800,47,1626
small26_assisted,khot_error,0,140,0.8800,48,1636
small26_assisted,khot_error,0,141,0.8800,48,1645
small26_assisted,khot_error,0,142,0.8800,48,1656
small26_assisted,khot_error,0,143,0.8800,48,1665
small26_assisted,khot_error,0,144,0.8800,48,1674
small26_assisted,khot_error,0,145,0.8800,48,1683
small26_assisted,khot_error,0,146,0.8800,48,1692
small26_assisted,khot_error,0,147,0.8800,48,1701
small26_assisted,khot_error,0,148,0.8800,48,1710
small26_assisted,khot_error,0,149,0.8800,48,1719
small26_assisted,khot_error,0,150,0.8800,48,1728
small26_assisted,khot_error,0,151,0.8800,48,1737
small26_assisted,khot_error,0,152,0.8800,48,1746
small26_assisted,khot_error,0,153,0.8800,48,1755
small26_assisted,khot_error,0,154,0.8800,48,1764
small26_assisted,khot_error,0,155,0.8800,48,1775
small26_assisted,khot_error,0,156,0.8800,48,1784
small26_assisted,khot_error,0,157,0.8800,48,1793
small26_assisted,khot_error,0,158,0.8800,48,1802
small26_assisted,khot_error,0,159,0.8800,48,1811
small26_assisted,khot_error,0,160,0.8800,48,1820
small26_assisted,khot_error,0,161,0.8800,48,1829
small26_assisted,khot_error,0,162,0.8800,48,1838
small26_assisted,khot_error,0,163,0.8800,48,1848
small26_assisted,khot_error,0,164,0.8800,48,1857
small26_assisted,khot_error,0,165,0.8800,48,1866
small26_assisted,khot_error,0,166,0.8800,48,1877
small26_assisted,khot_error,0,167,0.8800,48,1886
small26_assisted,khot_error,0,168,0.8800,48,1895
small26_assisted,khot_error,0,169,0.8800,48,1904
small26_assisted,khot_error,0,170,0.8800,48,1913
small26_assisted,khot_error,0,171,0.8800,48,1922
small26_assisted,khot_error,0,172,0.8800,48,1933
small26_assisted,khot_error,0,173,0.8800,48,1942
small26_assisted,khot_error,0,174,0.8800,48,1951
small26_assisted,khot_error,0,175,0.8800,48,1960
small26_assisted,khot_error,0,176,0.8800,48,1969
small26_assisted,khot_error,0,177,0.8800,48,1978
small26_assisted,khot_error,0,178,0.8800,48,1987
small26_assisted,khot_error,0,179,0.8800,48,1996
small26_assisted,khot_error,0,180,0.8800,48,2005
small26_assisted,khot_error,0,181,0.8800,48,2014
small26_assisted,khot_error,0,182,0.8800,48,2023
small26_assisted,khot_error,0,183,0.9200,51,2097
small26_assisted,khot_error,0,184,0.9200,51,2106
small26_assisted,khot_error,0,185,0.9200,51,2115
small26_assisted,khot_error,0,186,0.9200,51,2124
small26_assisted,khot_error,0,187,0.9200,51,2133
small26_assisted,khot_error,0,188,0.9200,51,2142
small26_assisted,khot_error,0,189,0.9200,51,2151
small26_assisted,khot_error,0,190,0.9200,51,2161
small26_assisted,khot_error,0,191,0.9200,51,2170
small26_assisted,khot_error,0,192,0.9200,51,2179
small26_assisted,khot_error,0,193,0.9200,51,2188
small26_assisted,khot_error,0,194,0.9200,51,2198
small26_assisted,khot_error,0,195,0.9200,51,2207
small26_assisted,khot_error,0,196,0.9200,51,2216
small26_assisted,khot_error,0,197,0.9200,51,2227
small26_assisted,khot_error,0,198,0.9200,51,2236
small26_assisted,khot_error,0,199,0.9200,51,2245
small26_assisted,khot_error,0,200,0.9200,51,2254
small26_assisted,khot_error,0,201,0.9200,51,2263
small26_assisted,khot_error,0,202,0.9200,51,2272
small26_assisted,khot_error,0,203,0.9200,51,2281
small26_assisted,khot_error,0,204,0.9200,51,2290
small26_assisted,khot_error,0,205,0.9200,51,2299
small26_assisted,khot_error,0,206,0.9200,51,2308
small26_assisted,khot_error,0,207,0.9200,51,2317
small26_assisted,khot_error,0,208,0.9200,51,2328
small26_assisted,khot_error,0,209,0.9200,51,2337
small26_assisted,khot_error,0,210,0.9200,51,2348
small26_assisted,khot_error,0,211,0.9200,51,2357
small26_assisted,khot_error,0,212,0.9200,51,2366
small26_assisted,khot_error,0,213,0.9200,51,2375
small26_assisted,khot_error,0,214,0.9200,51,2384
small26_assisted,khot_error,0,215,0.9200,51,2393
small26_assisted,khot_error,0,216,0.9200,51,2402
small26_assisted,khot_error,0,217,0.9200,51,2411
small26_assisted,khot_error,0,218,0.9200,51,2420
small26_assisted,khot_error,0,219,0.9200,51,2429
small26_assisted,khot_error,0,220,0.9200,51,2438
small26_assisted,khot_error,0,221,0.9200,51,2447
small26_assisted,khot_error,0,222,0.9200,51,2456
small26_assisted,khot_error,0,223,0.9200,51,2465
small26_assisted,khot_error,0,224,0.9200,51,2474
small26_assisted,khot_error,0,225,0.9200,51,2483
small26_assisted,khot_error,0,226,0.9200,51,2494
small26_assisted,khot_error,0,227,0.9200,51,2503
small26_assisted,khot_error,0,228,0.9200,51,2512
small26_assisted,khot_error,0,229,0.9200,51,2521
small26_assisted,khot_error,0,230,0.9200,51,2530
small26_assisted,khot_error,0,231,0.9200,51,2539
small26_assisted,khot_error,0,232,0.9200,51,2548
small26_assisted,khot_error,0,233,0.9200,51,2557
small26_assisted,khot_error,0,234,0.9200,51,2566
small26_assisted,khot_error,0,235,0.9200,51,2575
small26_assisted,khot_error,0,236,0.9200,51,2584
small26_assisted,khot_error,0,237,0.9200,51,2593
small26_assisted,khot_error,0,238,0.9200,51,2602
small26_assisted,khot_error,0,239,0.9200,51,2611
small26_assisted,khot_error,0,240,0.9200,51,2620
small26_assisted,khot_error,0,241,0.9200,51,2629
small26_assisted,khot_error,0,242,0.9200,51,2638
small26_assisted,khot_error,0,243,0.9200,51,2647
small26_assisted,khot_error,0,244,0.9200,51,2656
small26_assisted,khot_error,0,245,0.9200,51,2665
small26_assisted,khot_error,0,246,0.9200,51,2674
small26_assisted,khot_error,0,247,0.9200,51,2683
small26_assisted,khot_error,0,248,0.9200,51,2692
small26_assisted,khot_error,0,249,0.9200,51,2702
small26_assisted,khot_error,0,250,0.9200,51,2711
small26_assisted,khot_error,0,251,0.9200,51,2720
small26_assisted,khot_error,0,252,0.9200,51,2729
small26_assisted,khot_error,0,253,0.9200,51,2738
small26_assisted,khot_error,0,254,0.9200,51,2747
small26_assisted,khot_error,0,255,0.9200,51,2756
small26_assisted,khot_error,0,256,0.9200,51,2765
small26_assisted,khot_error,0,257,0.9200,51,2774
small26_assisted,khot_error,0,258,0.9200,51,2783
small26_assisted,khot_error,0,259,0.9200,51,2792
small26_assisted,khot_error,0,260,0.9200,51,2801
small26_assisted,khot_error,0,261,0.9200,51,2810
small26_assisted,khot_error,0,262,0.9200,51,2819
small26_assisted,khot_error,0,263,0.9200,51,2828
small26_assisted,khot_error,0,264,0.9200,51,2838
small26_assisted,khot_error,0,265,0.9200,51,2847
small26_assisted,khot_error,0,266,0.9200,51,2856
small26_assisted,khot_error,0,267,0.9200,51,2865
small26_assisted,khot_error,0,268,0.9200,51,2874
small26_assisted,khot_error,0,269,0.9200,51,2883
small26_assisted,khot_error,0,270,0.9200,51,2892
small26_assisted,khot_error,0,271,0.9200,51,2901
small26_assisted,khot_error,0,272,0.9200,51,2910
small26_assisted,khot_error,0,273,0.9200,51,2919
small26_assisted,khot_error,0,274,0.9200,51,2928
small26_assisted,khot_error,0,275,0.9200,51,2937
small26_assisted,khot_error,0,276,0.9200,51,2946
small26_assisted,khot_error,0,277,0.9200,51,2955
small26_assisted,khot_error,0,278,0.9200,51,2964
small26_assisted,khot_error,0,279,0.9200,51,2973
small26_assisted,khot_error,0,280,0.9200,51,2984
small26_assisted,khot_error,0,281,0.9200,51,2993
small26_assisted,khot_error,0,282,0.9200,51,3002
small26_assisted,khot_error,0,283,0.9200,51,3011
small26_assisted,khot_error,0,284,0.9200,51,3020
small26_assisted,khot_error,0,285,0.9200,51,3029
small26_assisted,khot_error,0,286,0.9200,51,3038
small26_assisted,khot_error,0,287,0.9200,51,3047
small26_assisted,khot_error,0,288,0.9200,51,3056
small26_assisted,khot_error,0,289,0.9200,51,3065
small26_assisted,khot_error,0,290,0.9200,51,3076
small26_assisted,khot_error,0,291,0.9200,51,3085
small26_assisted,khot_error,0,292,0.9200,51,3094
small26_assisted,khot_error,0,293,0.9200,51,3103
small26_assisted,khot_error,0,294,0.9200,51,3112
small26_assisted,khot_error,0,295,0.9200,51,3121
small26_assisted,khot_error,0,296,0.9200,51,3130
small26_assisted,khot_error,0,297,0.9200,51,3139
small26_assisted,khot_error,0,298,0.9200,51,3148
small26_assisted,khot_error,0,299,0.9200,51,3157
small26_assisted,khot_error,0,300,0.9200,51,3166
small26_assisted,khot_error,0,301,0.9200,51,3175
small26_assisted,khot_error,0,302,0.9200,51,3184
small26_assisted,khot_error,0,303,0.9200,51,3193
small26_assisted,khot_error,0,304,0.9200,51,3202
small26_assisted,khot_error,0,305,0.9200,51,3211
small26_assisted,khot_error,0,306,0.9200,51,3220
small26_assisted,khot_error,0,307,0.9200,51,3229
small26_assisted,khot_error,0,308,0.9200,51,3238
small26_assisted,khot_error,0,309,0.9200,51,3247
small26_assisted,khot_error,0,310,0.9200,51,3256
small26_assisted,khot_error,0,311,0.9200,51,3265
small26_assisted,khot_error,0,312,0.9200,51,3274
small26_assisted,khot_error,0,313,0.9200,51,3283
small26_assisted,khot_error,0,314,0.9200,51,3292
small26_assisted,khot_error,0,315,0.9200,51,3301
small26_assisted,khot_error,0,316,0.9200,51,3310
small26_assisted,khot_error,0,317,0.9200,51,3319
small26_assisted,khot_error,0,318,0.9200,51,3328
small26_assisted,khot_error,0,319,0.9200,51,3337
small26_assisted,khot_error,0,320,0.9200,51,3346
small26_assisted,khot_error,0,321,0.9200,51,3355
small26_assisted,khot_error,0,322,0.9200,51,3364
small26_assisted,khot_error,0,323,0.9200,51,3373
small26_assisted,khot_error,0,324,0.9200,51,3382
small26_assisted,khot_error,0,325,0.9200,51,3391
small26_assisted,khot_error,0,326,0.9200,51,3400
small26_assisted,khot_error,0,327,0.9200,51,3409
small26_assisted,khot_error,0,328,0.9200,51,3418
small26_assisted,khot_error,0,329,0.9200,51,3427
small26_assisted,khot_error,0,330,0.9200,51,3436
small26_assisted,khot_error,0,331,0.9200,51,3445
small26_assisted,khot_error,0,332,0.9200,51,3454
small26_assisted,khot_error,0,333,0.9200,51,3463
small26_assisted,khot_error,0,334,0.9200,51,3472
small26_assisted,khot_error,0,335,0.9200,51,3481
small26_assisted,khot_error,0,336,0.9200,51,3492
small26_assisted,khot_error,0,337,0.9200,51,3501
small26_assisted,khot_error,0,338,0.9200,51,3510
small26_assisted,khot_error,0,339,0.9200,51,3519
small26_assisted,khot_error,0,340,0.9200,51,3528
small26_assisted,khot_error,0,341,0.9200,51,3537
small26_assisted,khot_error,0,342,0.9200,51,3546
small26_assisted,khot_error,0,343,0.9200,51,3555
small26_assisted,khot_error,0,344,0.9200,51,3564
small26_assisted,khot_error,0,345,0.9200,51,3573
small26_assisted,khot_error,0,346,0.9200,51,3582
small26_assisted,khot_error,0,347,0.9200,51,3591
small26_assisted,khot_error,0,348,0.9200,51,3600
small26_assisted,khot_error,0,349,0.9200,51,3609
small26_assisted,khot_error,0,350,0.9200,51,3618
small26_assisted,khot_error,0,351,0.9200,51,3627
small26_assisted,khot_error,0,352,0.9200,51,3636
small26_assisted,khot_error,0,353,0.9200,51,3645
small26_assisted,khot_error,0,354,0.9200,51,3654
small26_assisted,khot_error,0,355,0.9200,51,3663
small26_assisted,khot_error,0,356,0.9200,51,3674
small26_assisted,khot_error,0,357,0.9200,51,3683
small26_assisted,khot_error,0,358,0.9200,52,3692
small26_assisted,khot_error,0,359,0.9200,52,3701
small26_assisted,khot_error,0,360,0.9200,52,3710
small26_assisted,khot_error,0,361,0.9200,52,3719
small26_assisted,khot_error,0,362,0.9200,52,3728
small26_assisted,khot_error,0,363,0.9200,52,3737
small26_assisted,khot_error,0,364,0.9200,52,3746
small26_assisted,khot_error,0,365,0.9200,52,3755
small26_assisted,khot_error,0,366,0.9200,52,3764
small26_assisted,khot_error,0,367,0.9200,52,3773
small26_assisted,khot_error,0,368,0.9200,52,3782
small26_assisted,khot_error,0,369,0.9200,52,3791
small26_assisted,khot_error,0,370,0.9200,52,3800
small26_assisted,khot_error,0,371,0.9200,52,3809
small26_assisted,khot_error,0,372,0.9200,52,3818
small26_assisted,khot_error,0,373,0.9200,52,3827
small26_assisted,khot_error,0,374,0.9200,52,3836
small26_assisted,khot_error,0,375,0.9200,52,3845
small26_assisted,khot_error,0,376,0.9200,52,3854
small26_assisted,khot_error,0,377,0.9200,52,3863
small26_assisted,khot_error,0,378,0.9200,52,3872
small26_assisted,khot_error,0,379,0.9200,52,3881
small26_assisted,khot_error,0,380,0.9200,52,3890
small26_assisted,khot_error,0,381,0.9200,52,3899
small26_assisted,khot_error,0,382,0.9200,52,3908
small26_assisted,khot_error,0,383,0.9200,52,3917
small26_assisted,khot_error,0,384,0.9200,52,3926
small26_assisted,khot_error,0,385,0.9200,52,3935
small26_assisted,khot_error,0,386,0.9200,52,3944
small26_assisted,khot_error,0,387,0.9200,52,3953
small26_assisted,khot_error,0,388,0.9200,52,3962
small26_assisted,khot_error,0,389,0.9200,52,3971
small26_assisted,khot_error,0,390,0.9200,52,3980
small26_assisted,khot_error,0,391,0.9200,52,3989
small26_assisted,khot_error,0,392,0.9200,52,3998
small26_assisted,khot_error,0,393,0.9200,52,4007
small26_assisted,khot_error,0,394,0.9200,52,4016
small26_assisted,khot_error,0,395,0.9200,52,4025
small26_assisted,khot_error,0,396,0.9200,52,4034
small26_assisted,khot_error,0,397,0.9200,52,4043
small26_assisted,khot_error,0,398,0.9200,52,4052
small26_assisted,khot_error,0,399,0.9200,52,4061
small26_assisted,khot_decay,0,0,0.4400,100,0
small26_assisted,khot_decay,0,1,0.5600,198,2
small26_assisted,khot_decay,0,2,0.6000,258,8
small26_assisted,khot_decay,0,3,0.6000,262,13
small26_assisted,khot_decay,0,4,0.6000,269,15
small26_assisted,khot_decay,0,5,0.6000,275,18
small26_assisted,khot_decay,0,6,0.5600,281,24
small26_assisted,khot_decay,0,7,0.5600,288,31
small26_assisted,khot_decay,0,8,0.5600,292,36
small26_assisted,khot_decay,0,9,0.5600,294,43
small26_assisted,khot_decay,0,10,0.5600,296,50
small26_assisted,khot_decay,0,11,0.5600,298,57
small26_assisted,khot_decay,0,12,0.5600,307,61
small26_assisted,khot_decay,0,13,0.5600,308,69
small26_assisted,khot_decay,0,14,0.5600,312,75
small26_assisted,khot_decay,0,15,0.5600,315,81
small26_assisted,khot_decay,0,16,0.5600,317,88
small26_assisted,khot_decay,0,17,0.5600,321,93
small26_assisted,khot_decay,0,18,0.5600,323,100
small26_assisted,khot_decay,0,19,0.5600,326,107
small26_assisted,khot_decay,0,20,0.5600,328,115
small26_assisted,khot_decay,0,21,0.5600,331,121
small26_assisted,khot_decay,0,22,0.5600,334,127
small26_assisted,khot_decay,0,23,0.5600,337,135
small26_assisted,khot_decay,0,24,0.5600,340,141
small26_assisted,khot_decay,0,25,0.5600,342,148
small26_assisted,khot_decay,0,26,0.5600,344,155
small26_assisted,khot_decay,0,27,0.5600,349,167
small26_assisted,khot_decay,0,28,0.5600,351,174
small26_assisted,khot_decay,0,29,0.5600,352,182
small26_assisted,khot_decay,0,30,0.5600,353,190
small26_assisted,khot_decay,0,31,0.5600,355,197
small26_assisted,khot_decay,0,32,0.5600,358,207
small26_assisted,khot_decay,0,33,0.5600,360,214
small26_assisted,khot_decay,0,34,0.5600,361,222
small26_assisted,khot_decay,0,35,0.5600,362,230
small26_assisted,khot_decay,0,36,0.6400,407,235
small26_assisted,khot_decay,0,37,0.6400,413,238
small26_assisted,khot_decay,0,38,0.6400,419,241
small26_assisted,khot_decay,0,39,0.6400,427,242
small26_assisted,khot_decay,0,40,0.6800,431,247
small26_assisted,khot_decay,0,41,0.6800,435,252
small26_assisted,khot_decay,0,42,0.6800,436,260
small26_assisted,khot_decay,0,43,0.6800,440,265
small26_assisted,khot_decay,0,44,0.6800,446,268
small26_assisted,khot_decay,0,45,0.6800,449,274
small26_assisted,khot_decay,0,46,0.6800,453,281
small26_assisted,khot_decay,0,47,0.6800,456,290
small26_assisted,khot_decay,0,48,0.6800,457,298
small26_assisted,khot_decay,0,49,0.6800,459,305
small26_assisted,khot_decay,0,50,0.6800,461,312
small26_assisted,khot_decay,0,51,0.8400,560,313
small26_assisted,khot_decay,0,52,0.8400,566,317
small26_assisted,khot_decay,0,53,0.8400,569,324
small26_assisted,khot_decay,0,54,0.8400,571,331
small26_assisted,khot_decay,0,55,0.8400,573,338
small26_assisted,khot_decay,0,56,0.8400,574,346
small26_assisted,khot_decay,0,57,0.8400,576,353
small26_assisted,khot_decay,0,58,0.8400,581,357
small26_assisted,khot_decay,0,59,0.8400,583,364
small26_assisted,khot_decay,0,60,0.8400,584,372
small26_assisted,khot_decay,0,61,0.8400,587,378
small26_assisted,khot_decay,0,62,0.8400,591,383
small26_assisted,khot_decay,0,63,0.8400,593,392
small26_assisted,khot_decay,0,64,0.8400,595,399
small26_assisted,khot_decay,0,65,0.8400,600,403
small26_assisted,khot_decay,0,66,0.8400,601,411
small26_assisted,khot_decay,0,67,0.8400,602,419
small26_assisted,khot_decay,0,68,0.8400,604,426
small26_assisted,khot_decay,0,69,0.8400,605,434
small26_assisted,khot_decay,0,70,0.8400,607,441
small26_assisted,khot_decay,0,71,0.8400,609,448
small26_assisted,khot_decay,0,72,0.8400,612,455
small26_assisted,khot_decay,0,73,0.8400,613,463
small26_assisted,khot_decay,0,74,0.8400,615,471
small26_assisted,khot_decay,0,75,0.8400,616,479
small26_assisted,khot_decay,0,76,0.8400,617,487
small26_assisted,khot_decay,0,77,0.8400,618,495
small26_assisted,khot_decay,0,78,0.8400,622,500
small26_assisted,khot_decay,0,79,0.8400,625,506
small26_assisted,khot_decay,0,80,0.8400,631,509
small26_assisted,khot_decay,0,81,0.8400,635,516
small26_assisted,khot_decay,0,82,0.8400,636,524
small26_assisted,khot_decay,0,83,0.8400,637,532
small26_assisted,khot_decay,0,84,0.8400,639,539
small26_assisted,khot_decay,0,85,0.8400,640,547
small26_assisted,khot_decay,0,86,0.8400,642,554
small26_assisted,khot_decay,0,87,0.8400,644,563
small26_assisted,khot_decay,0,88,0.8400,646,570
small26_assisted,khot_decay,0,89,0.8400,648,577
small26_assisted,khot_decay,0,90,0.8400,650,584
small26_assisted,khot_decay,0,91,0.8400,652,591
small26_assisted,khot_decay,0,92,0.8400,653,599
small26_assisted,khot_decay,0,93,0.8400,655,606
small26_assisted,khot_decay,0,94,0.8400,656,614
small26_assisted,khot_decay,0,95,0.8400,658,622
small26_assisted,khot_decay,0,96,0.8400,661,628
small26_assisted,khot_decay,0,97,0.8400,662,636
small26_assisted,khot_decay,0,98,0.8400,663,644
small26_assisted,khot_decay,0,99,0.8400,666,650
small26_assisted,khot_decay,0,100,0.8400,669,656
small26_assisted,khot_decay,0,101,0.8400,670,664
small26_assisted,khot_decay,0,102,0.8400,672,671
small26_assisted,khot_decay,0,103,0.8400,673,679
small26_assisted,khot_decay,0,104,0.8400,675,686
small26_assisted,khot_decay,0,105,0.8400,677,693
small26_assisted,khot_decay,0,106,0.8400,679,700
small26_assisted,khot_decay,0,107,0.8400,680,708
small26_assisted,khot_decay,0,108,0.8400,682,715
small26_assisted,khot_decay,0,109,0.8400,684,723
small26_assisted,khot_decay,0,110,0.8400,685,731
small26_assisted,khot_decay,0,111,0.8400,687,738
small26_assisted,khot_decay,0,112,0.8400,688,746
small26_assisted,khot_decay,0,113,0.8400,689,754
small26_assisted,khot_decay,0,114,0.8400,691,761
small26_assisted,khot_decay,0,115,0.8400,693,768
small26_assisted,khot_decay,0,116,0.8400,694,776
small26_assisted,khot_decay,0,117,0.8400,696,783
small26_assisted,khot_decay,0,118,0.8400,698,790
small26_assisted,khot_decay,0,119,0.8400,700,797
small26_assisted,khot_decay,0,120,0.8400,703,803
small26_assisted,khot_decay,0,121,0.8400,704,811
small26_assisted,khot_decay,0,122,0.8400,705,819
small26_assisted,khot_decay,0,123,0.8400,706,827
small26_assisted,khot_decay,0,124,0.8400,707,835
small26_assisted,khot_decay,0,125,0.8400,709,842
small26_assisted,khot_decay,0,126,0.8400,711,849
small26_assisted,khot_decay,0,127,0.8400,712,857
small26_assisted,khot_decay,0,128,0.8400,713,865
small26_assisted,khot_decay,0,129,0.8400,714,873
small26_assisted,khot_decay,0,130,0.8400,715,881
small26_assisted,khot_decay,0,131,0.8400,718,889
small26_assisted,khot_decay,0,132,0.8400,719,897
small26_assisted,khot_decay,0,133,0.8400,721,904
small26_assisted,khot_decay,0,134,0.8400,724,910
small26_assisted,khot_decay,0,135,0.8400,726,917
small26_assisted,khot_decay,0,136,0.8400,727,925
small26_assisted,khot_decay,0,137,0.8400,728,933
small26_assisted,khot_decay,0,138,0.8400,730,940
small26_assisted,khot_decay,0,139,0.8400,731,948
small26_assisted,khot_decay,0,140,0.8400,732,956
small26_assisted,khot_decay,0,141,0.8400,733,964
small26_assisted,khot_decay,0,142,0.8400,734,972
small26_assisted,khot_decay,0,143,0.8400,735,980
small26_assisted,khot_decay,0,144,0.8400,736,988
small26_assisted,khot_decay,0,145,0.8400,737,996
small26_assisted,khot_decay,0,146,0.8400,739,1003
small26_assisted,khot_decay,0,147,0.8400,740,1011
small26_assisted,khot_decay,0,148,0.8400,742,1018
small26_assisted,khot_decay,0,149,0.8400,743,1026
small26_assisted,khot_decay,0,150,0.8400,744,1034
small26_assisted,khot_decay,0,151,0.8400,746,1041
small26_assisted,khot_decay,0,152,0.8400,747,1049
small26_assisted,khot_decay,0,153,0.8400,748,1057
small26_assisted,khot_decay,0,154,0.8400,749,1065
small26_assisted,khot_decay,0,155,0.8400,751,1072
small26_assisted,khot_decay,0,156,0.8400,752,1080
small26_assisted,khot_decay,0,157,0.8400,753,1088
small26_assisted,khot_decay,0,158,0.8400,755,1095
small26_assisted,khot_decay,0,159,0.8400,757,1102
small26_assisted,khot_decay,0,160,0.8400,758,1110
small26_assisted,khot_decay,0,161,0.8400,759,1118
small26_assisted,khot_decay,0,162,0.8400,760,1126
small26_assisted,khot_decay,0,163,0.8400,761,1134
small26_assisted,khot_decay,0,164,0.8400,762,1142
small26_assisted,khot_decay,0,165,0.8400,764,1149
small26_assisted,khot_decay,0,166,0.8400,766,1156
small26_assisted,khot_decay,0,167,0.8400,768,1165
small26_assisted,khot_decay,0,168,0.8400,769,1173
small26_assisted,khot_decay,0,169,0.8400,770,1181
small26_assisted,khot_decay,0,170,0.8400,771,1189
small26_assisted,khot_decay,0,171,0.8400,773,1196
small26_assisted,khot_decay,0,172,0.8400,775,1203
small26_assisted,khot_decay,0,173,0.8400,777,1210
small26_assisted,khot_decay,0,174,0.8400,779,1217
small26_assisted,khot_decay,0,175,0.8400,780,1225
small26_assisted,khot_decay,0,176,0.8400,781,1233
small26_assisted,khot_decay,0,177,0.8400,782,1241
small26_assisted,khot_decay,0,178,0.8400,784,1248
small26_assisted,khot_decay,0,179,0.8400,785,1256
small26_assisted,khot_decay,0,180,0.8400,787,1263
small26_assisted,khot_decay,0,181,0.8400,788,1271
small26_assisted,khot_decay,0,182,0.8400,789,1279
small26_assisted,khot_decay,0,183,0.8400,790,1287
small26_assisted,khot_decay,0,184,0.8400,791,1295
small26_assisted,khot_decay,0,185,0.8400,793,1302
small26_assisted,khot_decay,0,186,0.8400,795,1309
small26_assisted,khot_decay,0,187,0.8400,796,1317
small26_assisted,khot_decay,0,188,0.8400,797,1325
small26_assisted,khot_decay,0,189,0.8400,799,1332
small26_assisted,khot_decay,0,190,0.8400,800,1340
small26_assisted,khot_decay,0,191,0.8400,802,1347
small26_assisted,khot_decay,0,192,0.8400,806,1352
small26_assisted,khot_decay,0,193,0.8400,807,1360
small26_assisted,khot_decay,0,194,0.8400,810,1366
small26_assisted,khot_decay,0,195,0.8400,811,1374
small26_assisted,khot_decay,0,196,0.8400,813,1381
small26_assisted,khot_decay,0,197,0.8400,815,1388
small26_assisted,khot_decay,0,198,0.8400,817,1395
small26_assisted,khot_decay,0,199,0.8400,818,1403
small26_assisted,khot_decay,0,200,0.8400,819,1411
small26_assisted,khot_decay,0,201,0.8400,822,1417
small26_assisted,khot_decay,0,202,0.8400,823,1425
small26_assisted,khot_decay,0,203,0.8400,824,1433
small26_assisted,khot_decay,0,204,0.8400,825,1441
small26_assisted,khot_decay,0,205,0.8400,826,1449
small26_assisted,khot_decay,0,206,0.8400,827,1457
small26_assisted,khot_decay,0,207,0.8400,830,1463
small26_assisted,khot_decay,0,208,0.8400,831,1471
small26_assisted,khot_decay,0,209,0.8400,833,1478
small26_assisted,khot_decay,0,210,0.8400,834,1486
small26_assisted,khot_decay,0,211,0.8400,835,1494
small26_assisted,khot_decay,0,212,0.9200,896,1533
small26_assisted,khot_decay,0,213,0.9200,897,1541
small26_assisted,khot_decay,0,214,0.9200,899,1548
small26_assisted,khot_decay,0,215,0.9200,900,1556
small26_assisted,khot_decay,0,216,0.9200,901,1564
small26_assisted,khot_decay,0,217,0.9200,902,1572
small26_assisted,khot_decay,0,218,0.9200,903,1580
small26_assisted,khot_decay,0,219,0.9200,904,1588
small26_assisted,khot_decay,0,220,0.9200,905,1596
small26_assisted,khot_decay,0,221,0.9200,906,1604
small26_assisted,khot_decay,0,222,0.9200,907,1612
small26_assisted,khot_decay,0,223,0.9200,910,1618
small26_assisted,khot_decay,0,224,0.9200,911,1626
small26_assisted,khot_decay,0,225,0.9200,912,1634
small26_assisted,khot_decay,0,226,0.9200,914,1641
small26_assisted,khot_decay,0,227,0.9200,915,1649
small26_assisted,khot_decay,0,228,0.9200,916,1657
small26_assisted,khot_decay,0,229,0.9200,920,1664
small26_assisted,khot_decay,0,230,0.9200,921,1674
small26_assisted,khot_decay,0,231,0.9200,922,1682
small26_assisted,khot_decay,0,232,0.9200,924,1689
small26_assisted,khot_decay,0,233,0.9200,925,1697
small26_assisted,khot_decay,0,234,0.9200,927,1704
small26_assisted,khot_decay,0,235,0.9200,928,1712
small26_assisted,khot_decay,0,236,0.9200,929,1720
small26_assisted,khot_decay,0,237,0.9200,930,1728
small26_assisted,khot_decay,0,238,0.9200,932,1735
small26_assisted,khot_decay,0,239,0.9200,934,1742
small26_assisted,khot_decay,0,240,0.9200,936,1749
small26_assisted,khot_decay,0,241,0.9200,937,1757
small26_assisted,khot_decay,0,242,0.9200,938,1765
small26_assisted,khot_decay,0,243,0.9200,939,1773
small26_assisted,khot_decay,0,244,0.9200,940,1781
small26_assisted,khot_decay,0,245,0.9200,941,1789
small26_assisted,khot_decay,0,246,0.9200,943,1796
small26_assisted,khot_decay,0,247,0.9200,944,1804
small26_assisted,khot_decay,0,248,0.9200,945,1812
small26_assisted,khot_decay,0,249,0.9200,947,1819
small26_assisted,khot_decay,0,250,0.9200,950,1825
small26_assisted,khot_decay,0,251,0.9200,951,1833
small26_assisted,khot_decay,0,252,0.9200,953,1840
small26_assisted,khot_decay,0,253,0.9200,956,1846
small26_assisted,khot_decay,0,254,0.9200,957,1854
small26_assisted,khot_decay,0,255,0.9200,958,1862
small26_assisted,khot_decay,0,256,0.9200,959,1870
small26_assisted,khot_decay,0,257,0.9200,960,1878
small26_assisted,khot_decay,0,258,0.9200,961,1886
small26_assisted,khot_decay,0,259,0.9200,962,1894
small26_assisted,khot_decay,0,260,0.9200,963,1902
small26_assisted,khot_decay,0,261,0.9200,964,1910
small26_assisted,khot_decay,0,262,0.9200,966,1917
small26_assisted,khot_decay,0,263,0.9200,967,1925
small26_assisted,khot_decay,0,264,0.9200,969,1932
small26_assisted,khot_decay,0,265,0.9200,970,1940
small26_assisted,khot_decay,0,266,0.9200,971,1948
small26_assisted,khot_decay,0,267,0.9200,972,1956
small26_assisted,khot_decay,0,268,0.9200,973,1964
small26_assisted,khot_decay,0,269,0.9200,974,1972
small26_assisted,khot_decay,0,270,0.9200,975,1980
small26_assisted,khot_decay,0,271,0.9200,976,1988
small26_assisted,khot_decay,0,272,0.9200,977,1996
small26_assisted,khot_decay,0,273,0.9200,978,2004
small26_assisted,khot_decay,0,274,0.9200,982,2009
small26_assisted,khot_decay,0,275,0.9200,983,2017
small26_assisted,khot_decay,0,276,0.9200,984,2027
small26_assisted,khot_decay,0,277,0.9200,985,2035
small26_assisted,khot_decay,0,278,0.9200,986,2043
small26_assisted,khot_decay,0,279,0.9200,987,2051
small26_assisted,khot_decay,0,280,0.9200,988,2059
small26_assisted,khot_decay,0,281,0.9200,989,2067
small26_assisted,khot_decay,0,282,0.9200,990,2075
small26_assisted,khot_decay,0,283,0.9200,991,2083
small26_assisted,khot_decay,0,284,0.9200,992,2091
small26_assisted,khot_decay,0,285,0.9200,995,2098
small26_assisted,khot_decay,0,286,0.9200,996,2106
small26_assisted,khot_decay,0,287,0.9200,999,2112
small26_assisted,khot_decay,0,288,0.9200,1001,2119
small26_assisted,khot_decay,0,289,0.9200,1003,2126
small26_assisted,khot_decay,0,290,0.9200,1004,2134
small26_assisted,khot_decay,0,291,0.9200,1005,2142
small26_assisted,khot_decay,0,292,0.9200,1007,2149
small26_assisted,khot_decay,0,293,0.9200,1008,2157
small26_assisted,khot_decay,0,294,0.9200,1011,2163
small26_assisted,khot_decay,0,295,0.9200,1013,2170
small26_assisted,khot_decay,0,296,0.9200,1016,2176
small26_assisted,khot_decay,0,297,0.9200,1017,2184
small26_assisted,khot_decay,0,298,0.9200,1018,2192
small26_assisted,khot_decay,0,299,0.9200,1020,2201
small26_assisted,khot_decay,0,300,0.9200,1021,2209
small26_assisted,khot_decay,0,301,0.9200,1022,2217
small26_assisted,khot_decay,0,302,0.9200,1024,2224
small26_assisted,khot_decay,0,303,0.9200,1025,2232
small26_assisted,khot_decay,0,304,0.9200,1027,2239
small26_assisted,khot_decay,0,305,0.9200,1029,2246
small26_assisted,khot_decay,0,306,0.9200,1031,2253
small26_assisted,khot_decay,0,307,0.9200,1032,2261
small26_assisted,khot_decay,0,308,0.9200,1034,2270
small26_assisted,khot_decay,0,309,0.9200,1036,2277
small26_assisted,khot_decay,0,310,0.9200,1038,2284
small26_assisted,khot_decay,0,311,0.9200,1039,2292
small26_assisted,khot_decay,0,312,0.9200,1040,2300
small26_assisted,khot_decay,0,313,0.9200,1041,2308
small26_assisted,khot_decay,0,314,0.9200,1043,2315
small26_assisted,khot_decay,0,315,0.9200,1046,2321
small26_assisted,khot_decay,0,316,0.9200,1048,2328
small26_assisted,khot_decay,0,317,0.9600,1086,2331
small26_assisted,khot_decay,0,318,0.9600,1087,2339
small26_assisted,khot_decay,0,319,0.9600,1089,2346
small26_assisted,khot_decay,0,320,0.9600,1090,2354
small26_assisted,khot_decay,0,321,0.9600,1092,2361
small26_assisted,khot_decay,0,322,0.9600,1093,2369
small26_assisted,khot_decay,0,323,0.9600,1094,2377
small26_assisted,khot_decay,0,324,0.9600,1096,2384
small26_assisted,khot_decay,0,325,0.9600,1097,2392
small26_assisted,khot_decay,0,326,0.9600,1099,2399
small26_assisted,khot_decay,0,327,0.9600,1100,2407
small26_assisted,khot_decay,0,328,0.9600,1101,2415
small26_assisted,khot_decay,0,329,0.9600,1103,2422
small26_assisted,khot_decay,0,330,0.9600,1104,2430
small26_assisted,khot_decay,0,331,0.9600,1106,2437
small26_assisted,khot_decay,0,332,0.9600,1107,2445
small26_assisted,khot_decay,0,333,0.9600,1108,2453
small26_assisted,khot_decay,0,334,0.9600,1109,2461
small26_assisted,khot_decay,0,335,0.9600,1110,2469
small26_assisted,khot_decay,0,336,0.9600,1112,2476
small26_assisted,khot_decay,0,337,0.9600,1114,2483
small26_assisted,khot_decay,0,338,0.9600,1116,2490
small26_assisted,khot_decay,0,339,0.9600,1118,2497
small26_assisted,khot_decay,0,340,0.9600,1121,2504
small26_assisted,khot_decay,0,341,0.9600,1124,2511
small26_assisted,khot_decay,0,342,0.9600,1126,2518
small26_assisted,khot_decay,0,343,0.9600,1127,2526
small26_assisted,khot_decay,0,344,0.9600,1128,2534
small26_assisted,khot_decay,0,345,0.9600,1129,2542
small26_assisted,khot_decay,0,346,0.9600,1130,2550
small26_assisted,khot_decay,0,347,0.9600,1132,2557
small26_assisted,khot_decay,0,348,0.9600,1133,2565
small26_assisted,khot_decay,0,349,0.9600,1134,2573
small26_assisted,khot_decay,0,350,0.9600,1136,2580
small26_assisted,khot_decay,0,351,0.9600,1137,2588
small26_assisted,khot_decay,0,352,0.9600,1138,2596
small26_assisted,khot_decay,0,353,0.9600,1140,2603
small26_assisted,khot_decay,0,354,0.9600,1141,2611
small26_assisted,khot_decay,0,355,0.9600,1142,2619
small26_assisted,khot_decay,0,356,0.9600,1144,2626
small26_assisted,khot_decay,0,357,0.9600,1146,2633
small26_assisted,khot_decay,0,358,0.9600,1148,2640
small26_assisted,khot_decay,0,359,0.9600,1150,2647
small26_assisted,khot_decay,0,360,0.9600,1151,2655
small26_assisted,khot_decay,0,361,0.9600,1152,2663
small26_assisted,khot_decay,0,362,0.9600,1153,2671
small26_assisted,khot_decay,0,363,0.9600,1154,2679
small26_assisted,khot_decay,0,364,0.9600,1155,2687
small26_assisted,khot_decay,0,365,0.9600,1156,2695
small26_assisted,khot_decay,0,366,0.9600,1157,2703
small26_assisted,khot_decay,0,367,0.9600,1159,2710
small26_assisted,khot_decay,0,368,0.9600,1160,2718
small26_assisted,khot_decay,0,369,0.9600,1161,2726
small26_assisted,khot_decay,0,370,0.9600,1162,2734
small26_assisted,khot_decay,0,371,0.9600,1163,2742
small26_assisted,khot_decay,0,372,0.9600,1164,2750
small26_assisted,khot_decay,0,373,0.9600,1165,2758
small26_assisted,khot_decay,0,374,0.9600,1166,2766
small26_assisted,khot_decay,0,375,0.9600,1168,2773
small26_assisted,khot_decay,0,376,0.9600,1170,2780
small26_assisted,khot_decay,0,377,0.9600,1171,2788
small26_assisted,khot_decay,0,378,0.9600,1172,2796
small26_assisted,khot_decay,0,379,0.9600,1173,2804
small26_assisted,khot_decay,0,380,0.9600,1174,2812
small26_assisted,khot_decay,0,381,0.9600,1176,2819
small26_assisted,khot_decay,0,382,0.9600,1179,2825
small26_assisted,khot_decay,0,383,0.9600,1180,2833
small26_assisted,khot_decay,0,384,0.9600,1182,2840
small26_assisted,khot_decay,0,385,0.9600,1184,2847
small26_assisted,khot_decay,0,386,0.9600,1186,2854
small26_assisted,khot_decay,0,387,0.9600,1188,2861
small26_assisted,khot_decay,0,388,0.9600,1189,2869
small26_assisted,khot_decay,0,389,0.9600,1190,2877
small26_assisted,khot_decay,0,390,0.9600,1192,2884
small26_assisted,khot_decay,0,391,0.9600,1194,2891
small26_assisted,khot_decay,0,392,0.9600,1195,2899
small26_assisted,khot_decay,0,393,0.9600,1196,2907
small26_assisted,khot_decay,0,394,0.9600,1198,2914
small26_assisted,khot_decay,0,395,0.9600,1200,2921
small26_assisted,khot_decay,0,396,0.9600,1201,2929
small26_assisted,khot_decay,0,397,0.9600,1202,2937
small26_assisted,khot_decay,0,398,0.9600,1204,2944
small26_assisted,khot_decay,0,399,0.9600,1205,2952
small26_assisted,khot_rank,1,0,0.4000,10,90
small26_assisted,khot_rank,1,1,0.5200,27,173
small26_assisted,khot_rank,1,2,0.6400,42,258
small26_assisted,khot_rank,1,3,0.6800,46,279
small26_assisted,khot_rank,1,4,0.6800,46,288
small26_assisted,khot_rank,1,5,0.6800,46,297
small26_assisted,khot_rank,1,6,0.6800,46,306
small26_assisted,khot_rank,1,7,0.6800,46,315
small26_assisted,khot_rank,1,8,0.6000,50,376
small26_assisted,khot_rank,1,9,0.6400,51,387
small26_assisted,khot_rank,1,10,0.6400,51,396
small26_assisted,khot_rank,1,11,0.6400,51,405
small26_assisted,khot_rank,1,12,0.6400,51,414
small26_assisted,khot_rank,1,13,0.6400,51,423
small26_assisted,khot_rank,1,14,0.6400,51,432
small26_assisted,khot_rank,1,15,0.6400,51,441
small26_assisted,khot_rank,1,16,0.6400,51,450
small26_assisted,khot_rank,1,17,0.6400,51,459
small26_assisted,khot_rank,1,18,0.6400,51,468
small26_assisted,khot_rank,1,19,0.6400,51,477
small26_assisted,khot_rank,1,20,0.7600,61,561
small26_assisted,khot_rank,1,21,0.8000,62,569
small26_assisted,khot_rank,1,22,0.8000,63,577
small26_assisted,khot_rank,1,23,0.8000,65,584
small26_assisted,khot_rank,1,24,0.8000,65,593
small26_assisted,khot_rank,1,25,0.8000,65,602
small26_assisted,khot_rank,1,26,0.8000,65,612
small26_assisted,khot_rank,1,27,0.8000,65,622
small26_assisted,khot_rank,1,28,0.8000,65,633
small26_assisted,khot_rank,1,29,0.8000,65,644
small26_assisted,khot_rank,1,30,0.8000,65,653
small26_assisted,khot_rank,1,31,0.8000,65,664
small26_assisted,khot_rank,1,32,0.8000,65,673
small26_assisted,khot_rank,1,33,0.8000,65,682
small26_assisted,khot_rank,1,34,0.8000,65,691
small26_assisted,khot_rank,1,35,0.8000,65,701
small26_assisted,khot_rank,1,36,0.8000,65,710
small26_assisted,khot_rank,1,37,0.8000,65,719
small26_assisted,khot_rank,1,38,0.8000,65,728
small26_assisted,khot_rank,1,39,0.8000,65,739
small26_assisted,khot_rank,1,40,0.8000,65,748
small26_assisted,khot_rank,1,41,0.8000,65,757
small26_assisted,khot_rank,1,42,0.8000,65,766
small26_assisted,khot_rank,1,43,0.8000,65,775
small26_assisted,khot_rank,1,44,0.8000,65,784
small26_assisted,khot_rank,1,45,0.8000,65,793
small26_assisted,khot_rank,1,46,0.8000,65,802
small26_assisted,khot_rank,1,47,0.8000,65,811
small26_assisted,khot_rank,1,48,0.8000,65,820
small26_assisted,khot_rank,1,49,0.8000,65,829
small26_assisted,khot_rank,1,50,0.8000,65,838
small26_assisted,khot_rank,1,51,0.8000,65,847
small26_assisted,khot_rank,1,52,0.8000,65,858
small26_assisted,khot_rank,1,53,0.8000,65,868
small26_assisted,khot_rank,1,54,0.8000,65,878
small26_assisted,khot_rank,1,55,0.8000,65,887
small26_assisted,khot_rank,1,56,0.8000,65,896
small26_assisted,khot_rank,1,57,0.8000,65,905
small26_assisted,khot_rank,1,58,0.8000,65,914
small26_assisted,khot_rank,1,59,0.8000,65,923
small26_assisted,khot_rank,1,60,0.8000,65,932
small26_assisted,khot_rank,1,61,0.8000,65,941
small26_assisted,khot_rank,1,62,0.8000,65,950
small26_assisted,khot_rank,1,63,0.8000,65,959
small26_assisted,khot_rank,1,64,0.8000,65,968
small26_assisted,khot_rank,1,65,0.8000,65,977
small26_assisted,khot_rank,1,66,0.8000,65,986
small26_assisted,khot_rank,1,67,0.8000,65,995
small26_assisted,khot_rank,1,68,0.8000,65,1004
small26_assisted,khot_rank,1,69,0.8000,65,1013
small26_assisted,khot_rank,1,70,0.8000,65,1022
small26_assisted,khot_rank,1,71,0.8000,65,1031
small26_assisted,khot_rank,1,72,0.8000,65,1040
small26_assisted,khot_rank,1,73,0.8000,65,1049
small26_assisted,khot_rank,1,74,0.8000,65,1058
small26_assisted,khot_rank,1,75,0.8000,65,1067
small26_assisted,khot_rank,1,76,0.8000,65,1076
small26_assisted,khot_rank,1,77,0.8000,65,1085
small26_assisted,khot_rank,1,78,0.8000,65,1094
small26_assisted,khot_rank,1,79,0.8000,65,1103
small26_assisted,khot_rank,1,80,0.8000,65,1112
small26_assisted,khot_rank,1,81,0.8000,65,1121
small26_assisted,khot_rank,1,82,0.8000,65,1130
small26_assisted,khot_rank,1,83,0.8000,65,1139
small26_assisted,khot_rank,1,84,0.8000,65,1149
small26_assisted,khot_rank,1,85,0.8000,65,1158
small26_assisted,khot_rank,1,86,0.8000,65,1167
small26_assisted,khot_rank,1,87,0.8000,65,1178
small26_assisted,khot_rank,1,88,0.7600,66,1186
small26_assisted,khot_rank,1,89,0.7600,66,1195
small26_assisted,khot_rank,1,90,0.7600,66,1206
small26_assisted,khot_rank,1,91,0.7600,66,1215
small26_assisted,khot_rank,1,92,0.7600,66,1224
small26_assisted,khot_rank,1,93,0.7600,66,1233
small26_assisted,khot_rank,1,94,0.7600,66,1242
small26_assisted,khot_rank,1,95,0.7600,66,1251
small26_assisted,khot_rank,1,96,0.7600,66,1260
small26_assisted,khot_rank,1,97,0.7600,66,1271
small26_assisted,khot_rank,1,98,0.7600,66,1280
small26_assisted,khot_rank,1,99,0.7600,66,1289
small26_assisted,khot_rank,1,100,0.7600,66,1298
small26_assisted,khot_rank,1,101,0.7600,66,1307
small26_assisted,khot_rank,1,102,0.7600,66,1316
small26_assisted,khot_rank,1,103,0.7600,66,1325
small26_assisted,khot_rank,1,104,0.7600,66,1334
small26_assisted,khot_rank,1,105,0.7600,66,1343
small26_assisted,khot_rank,1,106,0.7600,66,1352
small26_assisted,khot_rank,1,107,0.7600,66,1361
small26_assisted,khot_rank,1,108,0.7600,66,1370
small26_assisted,khot_rank,1,109,0.7600,66,1379
small26_assisted,khot_rank,1,110,0.7600,66,1388
small26_assisted,khot_rank,1,111,0.7600,66,1397
small26_assisted,khot_rank,1,112,0.7600,66,1406
small26_assisted,khot_rank,1,113,0.7600,66,1415
small26_assisted,khot_rank,1,114,0.7600,66,1424
small26_assisted,khot_rank,1,115,0.7600,66,1433
small26_assisted,khot_rank,1,116,0.7600,66,1442
small26_assisted,khot_rank,1,117,0.7600,66,1451
small26_assisted,khot_rank,1,118,0.7600,66,1460
small26_assisted,khot_rank,1,119,0.7600,66,1469
small26_assisted,khot_rank,1,120,0.7600,66,1478
small26_assisted,khot_rank,1,121,0.7600,66,1487
small26_assisted,khot_rank,1,122,0.7600,66,1496
small26_assisted,khot_rank,1,123,0.7600,66,1505
small26_assisted,khot_rank,1,124,0.7600,66,1514
small26_assisted,khot_rank,1,125,0.7600,66,1523
small26_assisted,khot_rank,1,126,0.7600,66,1532
small26_assisted,khot_rank,1,127,0.7600,66,1541
small26_assisted,khot_rank,1,128,0.7600,66,1550
small26_assisted,khot_rank,1,129,0.7600,66,1559
small26_assisted,khot_rank,1,130,0.7600,66,1568
small26_assisted,khot_rank,1,131,0.7600,66,1577
small26_assisted,khot_rank,1,132,0.7600,66,1586
small26_assisted,khot_rank,1,133,0.7600,66,1595
small26_assisted,khot_rank,1,134,0.7600,66,1604
small26_assisted,khot_rank,1,135,0.7600,66,1613
small26_assisted,khot_rank,1,136,0.7600,66,1622
small26_assisted,khot_rank,1,137,0.7600,66,1631
small26_assisted,khot_rank,1,138,0.7600,66,1640
small26_assisted,khot_rank,1,139,0.7600,66,1649
small26_assisted,khot_rank,1,140,0.7600,66,1658
small26_assisted,khot_rank,1,141,0.7600,66,1667
small26_assisted,khot_rank,1,142,0.7600,66,1676
small26_assisted,khot_rank,1,143,0.7600,66,1685
small26_assisted,khot_rank,1,144,0.7600,66,1694
small26_assisted,khot_rank,1,145,0.7600,66,1706
small26_assisted,khot_rank,1,146,0.7600,66,1715
small26_assisted,khot_rank,1,147,0.7600,66,1725
small26_assisted,khot_rank,1,148,0.7600,66,1734
small26_assisted,khot_rank,1,149,0.7600,66,1743
small26_assisted,khot_rank,1,150,0.7600,66,1752
small26_assisted,khot_rank,1,151,0.7600,66,1761
small26_assisted,khot_rank,1,152,0.7600,66,1770
small26_assisted,khot_rank,1,153,0.7600,66,1779
small26_assisted,khot_rank,1,154,0.7600,66,1788
small26_assisted,khot_rank,1,155,0.7600,66,1797
small26_assisted,khot_rank,1,156,0.7600,66,1806
small26_assisted,khot_rank,1,157,0.7600,66,1815
small26_assisted,khot_rank,1,158,0.7600,66,1824
small26_assisted,khot_rank,1,159,0.7600,66,1833
small26_assisted,khot_rank,1,160,0.7600,66,1842
small26_assisted,khot_rank,1,161,0.7600,66,1851
small26_assisted,khot_rank,1,162,0.7600,66,1860
small26_assisted,khot_rank,1,163,0.7600,66,1869
small26_assisted,khot_rank,1,164,0.7600,66,1878
small26_assisted,khot_rank,1,165,0.7600,66,1888
small26_assisted,khot_rank,1,166,0.7600,66,1897
small26_assisted,khot_rank,1,167,0.7600,66,1906
small26_assisted,khot_rank,1,168,0.7600,66,1915
small26_assisted,khot_rank,1,169,0.7600,66,1924
small26_assisted,khot_rank,1,170,0.7600,66,1933
small26_assisted,khot_rank,1,171,0.7600,66,1942
small26_assisted,khot_rank,1,172,0.7600,66,1951
small26_assisted,khot_rank,1,173,0.7600,66,1960
small26_assisted,khot_rank,1,174,0.7600,66,1969
small26_assisted,khot_rank,1,175,0.7600,66,1978
small26_assisted,khot_rank,1,176,0.7600,66,1987
small26_assisted,khot_rank,1,177,0.7600,66,1996
small26_assisted,khot_rank,1,178,0.7600,66,2005
small26_assisted,khot_rank,1,179,0.7600,66,2014
small26_assisted,khot_rank,1,180,0.7600,66,2023
small26_assisted,khot_rank,1,181,0.7600,66,2032
small26_assisted,khot_rank,1,182,0.7600,66,2041
small26_assisted,khot_rank,1,183,0.7600,66,2050
small26_assisted,khot_rank,1,184,0.7600,66,2059
small26_assisted,khot_rank,1,185,0.7600,66,2068
small26_assisted,khot_rank,1,186,0.7600,66,2077
small26_assisted,khot_rank,1,187,0.7600,66,2086
small26_assisted,khot_rank,1,188,0.7600,66,2095
small26_assisted,khot_rank,1,189,0.7600,66,2104
small26_assisted,khot_rank,1,190,0.7600,66,2113
small26_assisted,khot_rank,1,191,0.7600,66,2122
small26_assisted,khot_rank,1,192,0.7600,66,2131
small26_assisted,khot_rank,1,193,0.7600,66,2140
small26_assisted,khot_rank,1,194,0.7600,66,2149
small26_assisted,khot_rank,1,195,0.7600,66,2158
small26_assisted,khot_rank,1,196,0.7600,67,2166
small26_assisted,khot_rank,1,197,0.7600,67,2175
small26_assisted,khot_rank,1,198,0.7600,67,2184
small26_assisted,khot_rank,1,199,0.7600,67,2193
small26_assisted,khot_rank,1,200,0.7600,67,2202
small26_assisted,khot_rank,1,201,0.7600,67,2211
small26_assisted,khot_rank,1,202,0.7600,67,2220
small26_assisted,khot_rank,1,203,0.7600,67,2229
small26_assisted,khot_rank,1,204,0.7600,67,2238
small26_assisted,khot_rank,1,205,0.7600,67,2247
small26_assisted,khot_rank,1,206,0.7600,67,2256
small26_assisted,khot_rank,1,207,0.7600,67,2265
small26_assisted,khot_rank,1,208,0.7600,67,2274
small26_assisted,khot_rank,1,209,0.7600,67,2283
small26_assisted,khot_rank,1,210,0.7600,67,2292
small26_assisted,khot_rank,1,211,0.7600,67,2301
small26_assisted,khot_rank,1,212,0.7600,67,2310
small26_assisted,khot_rank,1,213,0.7600,67,2319
small26_assisted,khot_rank,1,214,0.7600,67,2328
small26_assisted,khot_rank,1,215,0.7600,67,2337
small26_assisted,khot_rank,1,216,0.7600,67,2346
small26_assisted,khot_rank,1,217,0.7600,67,2355
small26_assisted,khot_rank,1,218,0.7600,67,2364
small26_assisted,khot_rank,1,219,0.7600,67,2373
small26_assisted,khot_rank,1,220,0.7600,67,2382
small26_assisted,khot_rank,1,221,0.7600,67,2391
small26_assisted,khot_rank,1,222,0.7600,67,2400
small26_assisted,khot_rank,1,223,0.7600,67,2410
small26_assisted,khot_rank,1,224,0.7600,67,2419
small26_assisted,khot_rank,1,225,0.7600,67,2428
small26_assisted,khot_rank,1,226,0.7600,67,2437
small26_assisted,khot_rank,1,227,0.7600,67,2446
small26_assisted,khot_rank,1,228,0.7600,67,2455
small26_assisted,khot_rank,1,229,0.7600,67,2464
small26_assisted,khot_rank,1,230,0.7600,67,2475
small26_assisted,khot_rank,1,231,0.7600,67,2484
small26_assisted,khot_rank,1,232,0.7600,67,2493
small26_assisted,khot_rank,1,233,0.7600,67,2502
small26_assisted,khot_rank,1,234,0.7600,67,2511
small26_assisted,khot_rank,1,235,0.7600,67,2520
small26_assisted,khot_rank,1,236,0.7600,67,2529
small26_assisted,khot_rank,1,237,0.7600,67,2538
small26_assisted,khot_rank,1,238,0.7600,67,2547
small26_assisted,khot_rank,1,239,0.7600,67,2556
small26_assisted,khot_rank,1,240,0.7600,67,2565
small26_assisted,khot_rank,1,241,0.7600,67,2574
small26_assisted,khot_rank,1,242,0.7600,67,2583
small26_assisted,khot_rank,1,243,0.7600,67,2592
small26_assisted,khot_rank,1,244,0.7600,67,2601
small26_assisted,khot_rank,1,245,0.7600,67,2610
small26_assisted,khot_rank,1,246,0.7600,67,2619
small26_assisted,khot_rank,1,247,0.7600,67,2628
small26_assisted,khot_rank,1,248,0.7600,67,2637
small26_assisted,khot_rank,1,249,0.7600,67,2646
small26_assisted,khot_rank,1,250,0.7600,67,2655
small26_assisted,khot_rank,1,251,0.7600,67,2664
small26_assisted,khot_rank,1,252,0.7600,67,2673
small26_assisted,khot_rank,1,253,0.7600,67,2682
small26_assisted,khot_rank,1,254,0.7600,67,2691
small26_assisted,khot_rank,1,255,0.7600,67,2700
small26_assisted,khot_rank,1,256,0.7600,67,2709
small26_assisted,khot_rank,1,257,0.7600,67,2718
small26_assisted,khot_rank,1,258,0.7600,67,2727
small26_assisted,khot_rank,1,259,0.7600,67,2736
small26_assisted,khot_rank,1,260,0.7600,67,2745
small26_assisted,khot_rank,1,261,0.7600,67,2754
small26_assisted,khot_rank,1,262,0.7600,67,2763
small26_assisted,khot_rank,1,263,0.7600,67,2772
small26_assisted,khot_rank,1,264,0.7600,67,2781
small26_assisted,khot_rank,1,265,0.7600,67,2790
small26_assisted,khot_rank,1,266,0.7600,67,2799
small26_assisted,khot_rank,1,267,0.7600,67,2808
small26_assisted,khot_rank,1,268,0.7600,67,2817
small26_assisted,khot_rank,1,269,0.7600,67,2826
small26_assisted,khot_rank,1,270,0.7600,67,2835
small26_assisted,khot_rank,1,271,0.7600,67,2844
small26_assisted,khot_rank,1,272,0.7600,67,2853
small26_assisted,khot_rank,1,273,0.7600,67,2862
small26_assisted,khot_rank,1,274,0.7600,67,2871
small26_assisted,khot_rank,1,275,0.7600,67,2880
small26_assisted,khot_rank,1,276,0.7600,67,2889
small26_assisted,khot_rank,1,277,0.7600,67,2899
small26_assisted,khot_rank,1,278,0.7600,67,2908
small26_assisted,khot_rank,1,279,0.7600,67,2917
small26_assisted,khot_rank,1,280,0.7600,67,2926
small26_assisted,khot_rank,1,281,0.7600,67,2935
small26_assisted,khot_rank,1,282,0.7600,67,2944
small26_assisted,khot_rank,1,283,0.7600,67,2953
small26_assisted,khot_rank,1,284,0.7600,67,2962
small26_assisted,khot_rank,1,285,0.7600,67,2971
small26_assisted,khot_rank,1,286,0.7600,67,2980
small26_assisted,khot_rank,1,287,0.8000,68,2988
small26_assisted,khot_rank,1,288,0.8000,68,2997
small26_assisted,khot_rank,1,289,0.7600,71,3004
small26_assisted,khot_rank,1,290,0.7600,71,3013
small26_assisted,khot_rank,1,291,0.7600,71,3022
small26_assisted,khot_rank,1,292,0.7600,71,3031
small26_assisted,khot_rank,1,293,0.7600,71,3040
small26_assisted,khot_rank,1,294,0.7600,71,3049
small26_assisted,khot_rank,1,295,0.7600,71,3058
small26_assisted,khot_rank,1,296,0.7600,71,3067
small26_assisted,khot_rank,1,297,0.7600,71,3076
small26_assisted,khot_rank,1,298,0.7600,71,3085
small26_assisted,khot_rank,1,299,0.7600,71,3094
small26_assisted,khot_rank,1,300,0.7600,71,3103
small26_assisted,khot_rank,1,301,0.7600,71,3113
small26_assisted,khot_rank,1,302,0.7600,71,3122
small26_assisted,khot_rank,1,303,0.7600,71,3133
small26_assisted,khot_rank,1,304,0.7600,71,3142
small26_assisted,khot_rank,1,305,0.7600,71,3151
small26_assisted,khot_rank,1,306,0.7600,71,3160
small26_assisted,khot_rank,1,307,0.7600,71,3169
small26_assisted,khot_rank,1,308,0.7600,71,3178
small26_assisted,khot_rank,1,309,0.7600,71,3187
small26_assisted,khot_rank,1,310,0.7600,71,3196
small26_assisted,khot_rank,1,311,0.7600,71,3205
small26_assisted,khot_rank,1,312,0.7600,71,3214
small26_assisted,khot_rank,1,313,0.7600,71,3223
small26_assisted,khot_rank,1,314,0.7600,71,3232
small26_assisted,khot_rank,1,315,0.7600,71,3241
small26_assisted,khot_rank,1,316,0.7600,71,3250
small26_assisted,khot_rank,1,317,0.7600,71,3259
small26_assisted,khot_rank,1,318,0.7600,71,3268
small26_assisted,khot_rank,1,319,0.7600,71,3277
small26_assisted,khot_rank,1,320,0.7600,71,3286
small26_assisted,khot_rank,1,321,0.7600,71,3295
small26_assisted,khot_rank,1,322,0.7600,71,3304
small26_assisted,khot_rank,1,323,0.7600,71,3313
small26_assisted,khot_rank,1,324,0.7600,71,3322
small26_assisted,khot_rank,1,325,0.7600,71,3331
small26_assisted,khot_rank,1,326,0.7600,71,3340
small26_assisted,khot_rank,1,327,0.7600,71,3349
small26_assisted,khot_rank,1,328,0.7600,71,3359
small26_assisted,khot_rank,1,329,0.7600,71,3368
small26_assisted,khot_rank,1,330,0.7600,71,3377
small26_assisted,khot_rank,1,331,0.7600,71,3386
small26_assisted,khot_rank,1,332,0.7600,71,3395
small26_assisted,khot_rank,1,333,0.7600,71,3404
small26_assisted,khot_rank,1,334,0.7600,71,3413
small26_assisted,khot_rank,1,335,0.7600,71,3422
small26_assisted,khot_rank,1,336,0.7600,71,3431
small26_assisted,khot_rank,1,337,0.7600,71,3440
small26_assisted,khot_rank,1,338,0.7600,71,3449
small26_assisted,khot_rank,1,339,0.7600,71,3458
small26_assisted,khot_rank,1,340,0.7600,71,3467
small26_assisted,khot_rank,1,341,0.7600,71,3476
small26_assisted,khot_rank,1,342,0.7600,71,3485
small26_assisted,khot_rank,1,343,0.7600,71,3494
small26_assisted,khot_rank,1,344,0.7600,71,3503
small26_assisted,khot_rank,1,345,0.7600,71,3512
small26_assisted,khot_rank,1,346,0.7600,71,3523
small26_assisted,khot_rank,1,347,0.7600,71,3532
small26_assisted,khot_rank,1,348,0.7600,71,3541
small26_assisted,khot_rank,1,349,0.7600,71,3550
small26_assisted,khot_rank,1,350,0.7600,71,3561
small26_assisted,khot_rank,1,351,0.7600,71,3570
small26_assisted,khot_rank,1,352,0.7600,71,3579
small26_assisted,khot_rank,1,353,0.7600,71,3588
small26_assisted,khot_rank,1,354,0.7600,71,3598
small26_assisted,khot_rank,1,355,0.7600,71,3607
small26_assisted,khot_rank,1,356,0.7600,71,3616
small26_assisted,khot_rank,1,357,0.7600,71,3625
small26_assisted,khot_rank,1,358,0.7600,71,3634
small26_assisted,khot_rank,1,359,0.7600,71,3643
small26_assisted,khot_rank,1,360,0.7600,71,3652
small26_assisted,khot_rank,1,361,0.7600,71,3661
small26_assisted,khot_rank,1,362,0.7600,71,3670
small26_assisted,khot_rank,1,363,0.7600,71,3679
small26_assisted,khot_rank,1,364,0.7600,71,3688
small26_assisted,khot_rank,1,365,0.7600,71,3697
small26_assisted,khot_rank,1,366,0.7600,71,3706
small26_assisted,khot_rank,1,367,0.7600,71,3715
small26_assisted,khot_rank,1,368,0.7600,71,3724
small26_assisted,khot_rank,1,369,0.7600,71,3733
small26_assisted,khot_rank,1,370,0.7600,71,3742
small26_assisted,khot_rank,1,371,0.7600,71,3751
small26_assisted,khot_rank,1,372,0.7600,71,3760
small26_assisted,khot_rank,1,373,0.7600,71,3769
small26_assisted,khot_rank,1,374,0.7600,71,3778
small26_assisted,khot_rank,1,375,0.7600,71,3789
small26_assisted,khot_rank,1,376,0.7600,71,3798
small26_assisted,khot_rank,1,377,0.7600,71,3807
small26_assisted,khot_rank,1,378,0.7600,71,3816
small26_assisted,khot_rank,1,379,0.7600,71,3825
small26_assisted,khot_rank,1,380,0.7600,71,3834
small26_assisted,khot_rank,1,381,0.7600,71,3843
small26_assisted,khot_rank,1,382,0.7600,71,3852
small26_assisted,khot_rank,1,383,0.7600,71,3861
small26_assisted,khot_rank,1,384,0.7600,71,3870
small26_assisted,khot_rank,1,385,0.7600,71,3879
small26_assisted,khot_rank,1,386,0.7600,71,3888
small26_assisted,khot_rank,1,387,0.7600,71,3897
small26_assisted,khot_rank,1,388,0.7600,71,3906
small26_assisted,khot_rank,1,389,0.7600,71,3915
small26_assisted,khot_rank,1,390,0.7600,71,3924
small26_assisted,khot_rank,1,391,0.7600,71,3933
small26_assisted,khot_rank,1,392,0.7600,71,3942
small26_assisted,khot_rank,1,393,0.7600,71,3951
small26_assisted,khot_rank,1,394,0.7600,71,3960
small26_assisted,khot_rank,1,395,0.7600,71,3969
small26_assisted,khot_rank,1,396,0.7600,71,3978
small26_assisted,khot_rank,1,397,0.7600,71,3987
small26_assisted,khot_rank,1,398,0.7600,71,3996
small26_assisted,khot_rank,1,399,0.7600,71,4005
small26_assisted,khot_error,1,0,0.4000,11,89
small26_assisted,khot_error,1,1,0.5600,25,175
small26_assisted,khot_error,1,2,0.4800,32,231
small26_assisted,khot_error,1,3,0.6400,34,240
small26_assisted,khot_error,1,4,0.6400,34,249
small26_assisted,khot_error,1,5,0.6400,34,258
small26_assisted,khot_error,1,6,0.6400,34,267
small26_assisted,khot_error,1,7,0.6400,34,277
small26_assisted,khot_error,1,8,0.6400,34,286
small26_assisted,khot_error,1,9,0.6400,34,296
small26_assisted,khot_error,1,10,0.6400,34,306
small26_assisted,khot_error,1,11,0.6400,34,315
small26_assisted,khot_error,1,12,0.6400,34,324
small26_assisted,khot_error,1,13,0.6400,34,333
small26_assisted,khot_error,1,14,0.6400,34,342
small26_assisted,khot_error,1,15,0.6400,34,351
small26_assisted,khot_error,1,16,0.6400,34,360
small26_assisted,khot_error,1,17,0.6400,34,369
small26_assisted,khot_error,1,18,0.6400,34,378
small26_assisted,khot_error,1,19,0.6400,34,388
small26_assisted,khot_error,1,20,0.6400,34,397
small26_assisted,khot_error,1,21,0.6400,34,407
small26_assisted,khot_error,1,22,0.6400,34,416
small26_assisted,khot_error,1,23,0.6400,34,425
small26_assisted,khot_error,1,24,0.7600,44,515
small26_assisted,khot_error,1,25,0.6800,51,540
small26_assisted,khot_error,1,26,0.8400,53,560
small26_assisted,khot_error,1,27,0.8400,53,572
small26_assisted,khot_error,1,28,0.8400,53,583
small26_assisted,khot_error,1,29,0.8400,53,592
small26_assisted,khot_error,1,30,0.8400,53,603
small26_assisted,khot_error,1,31,0.8400,53,612
small26_assisted,khot_error,1,32,0.8400,53,621
small26_assisted,khot_error,1,33,0.8400,53,630
small26_assisted,khot_error,1,34,0.8000,54,640
small26_assisted,khot_error,1,35,0.8000,54,649
small26_assisted,khot_error,1,36,0.8000,54,658
small26_assisted,khot_error,1,37,0.8000,54,667
small26_assisted,khot_error,1,38,0.8000,54,677
small26_assisted,khot_error,1,39,0.8000,54,686
small26_assisted,khot_error,1,40,0.8000,54,695
small26_assisted,khot_error,1,41,0.8000,54,704
small26_assisted,khot_error,1,42,0.8000,54,713
small26_assisted,khot_error,1,43,0.8000,54,722
small26_assisted,khot_error,1,44,0.8000,54,731
small26_assisted,khot_error,1,45,0.8000,54,740
small26_assisted,khot_error,1,46,0.8000,54,749
small26_assisted,khot_error,1,47,0.8000,54,758
small26_assisted,khot_error,1,48,0.8000,54,767
small26_assisted,khot_error,1,49,0.8000,54,776
small26_assisted,khot_error,1,50,0.8000,54,785
small26_assisted,khot_error,1,51,0.8000,54,798
small26_assisted,khot_error,1,52,0.8000,54,807
small26_assisted,khot_error,1,53,0.8000,54,817
small26_assisted,khot_error,1,54,0.8000,54,826
small26_assisted,khot_error,1,55,0.8000,54,835
small26_assisted,khot_error,1,56,0.8000,54,844
small26_assisted,khot_error,1,57,0.8000,54,853
small26_assisted,khot_error,1,58,0.8000,54,862
small26_assisted,khot_error,1,59,0.8000,54,871
small26_assisted,khot_error,1,60,0.8000,54,880
small26_assisted,khot_error,1,61,0.8000,54,889
small26_assisted,khot_error,1,62,0.8000,54,898
small26_assisted,khot_error,1,63,0.8000,54,907
small26_assisted,khot_error,1,64,0.8000,54,916
small26_assisted,khot_error,1,65,0.8000,54,925
small26_assisted,khot_error,1,66,0.8000,54,934
small26_assisted,khot_error,1,67,0.8000,54,943
small26_assisted,khot_error,1,68,0.8000,54,952
small26_assisted,khot_error,1,69,0.8000,54,961
small26_assisted,khot_error,1,70,0.8000,54,970
small26_assisted,khot_error,1,71,0.8000,54,979
small26_assisted,khot_error,1,72,0.8000,54,988
small26_assisted,khot_error,1,73,0.8000,54,997
small26_assisted,khot_error,1,74,0.8000,54,1006
small26_assisted,khot_error,1,75,0.8000,54,1015
small26_assisted,khot_error,1,76,0.8000,54,1024
small26_assisted,khot_error,1,77,0.8000,54,1033
small26_assisted,khot_error,1,78,0.8000,54,1042
small26_assisted,khot_error,1,79,0.8000,54,1051
small26_assisted,khot_error,1,80,0.8000,54,1060
small26_assisted,khot_error,1,81,0.8000,54,1069
small26_assisted,khot_error,1,82,0.8000,54,1078
small26_assisted,khot_error,1,83,0.8000,54,1089
small26_assisted,khot_error,1,84,0.8000,54,1098
small26_assisted,khot_error,1,85,0.8000,54,1109
small26_assisted,khot_error,1,86,0.8000,54,1119
small26_assisted,khot_error,1,87,0.8000,54,1128
small26_assisted,khot_error,1,88,0.8000,54,1139
small26_assisted,khot_error,1,89,0.8000,54,1148
small26_assisted,khot_error,1,90,0.8000,54,1157
small26_assisted,khot_error,1,91,0.8000,54,1166
small26_assisted,khot_error,1,92,0.8000,54,1175
small26_assisted,khot_error,1,93,0.8000,54,1184
small26_assisted,khot_error,1,94,0.8000,54,1193
small26_assisted,khot_error,1,95,0.8000,54,1202
small26_assisted,khot_error,1,96,0.8000,54,1212
small26_assisted,khot_error,1,97,0.8000,54,1221
small26_assisted,khot_error,1,98,0.8000,54,1230
small26_assisted,khot_error,1,99,0.8000,54,1239
small26_assisted,khot_error,1,100,0.8000,54,1248
small26_assisted,khot_error,1,101,0.8000,54,1257
small26_assisted,khot_error,1,102,0.8000,54,1266
small26_assisted,khot_error,1,103,0.8000,54,1275
small26_assisted,khot_error,1,104,0.8000,54,1284
small26_assisted,khot_error,1,105,0.8000,54,1293
small26_assisted,khot_error,1,106,0.8000,54,1302
small26_assisted,khot_error,1,107,0.8000,54,1311
small26_assisted,khot_error,1,108,0.8000,54,1320
small26_assisted,khot_error,1,109,0.8000,54,1329
small26_assisted,khot_error,1,110,0.8000,54,1338
small26_assisted,khot_error,1,111,0.8000,54,1347
small26_assisted,khot_error,1,112,0.8000,54,1356
small26_assisted,khot_error,1,113,0.8000,54,1365
small26_assisted,khot_error,1,114,0.8000,54,1374
small26_assisted,khot_error,1,115,0.8000,54,1383
small26_assisted,khot_error,1,116,0.8000,54,1392
small26_assisted,khot_error,1,117,0.8000,54,1401
small26_assisted,khot_error,1,118,0.8000,54,1410
small26_assisted,khot_error,1,119,0.8000,54,1419
small26_assisted,khot_error,1,120,0.8000,54,1428
small26_assisted,khot_error,1,121,0.8000,54,1437
small26_assisted,khot_error,1,122,0.8000,54,1446
small26_assisted,khot_error,1,123,0.8000,54,1455
small26_assisted,khot_error,1,124,0.8000,54,1464
small26_assisted,khot_error,1,125,0.8000,54,1473
small26_assisted,khot_error,1,126,0.8000,54,1482
small26_assisted,khot_error,1,127,0.8000,54,1491
small26_assisted,khot_error,1,128,0.8000,54,1500
small26_assisted,khot_error,1,129,0.8000,54,1509
small26_assisted,khot_error,1,130,0.8000,54,1518
small26_assisted,khot_error,1,131,0.8000,54,1527
small26_assisted,khot_error,1,132,0.8000,54,1536
small26_assisted,khot_error,1,133,0.8000,54,1545
small26_assisted,khot_error,1,134,0.8000,54,1554
small26_assisted,khot_error,1,135,0.8000,54,1563
small26_assisted,khot_error,1,136,0.8000,54,1572
small26_assisted,khot_error,1,137,0.8000,54,1581
small26_assisted,khot_error,1,138,0.8000,54,1590
small26_assisted,khot_error,1,139,0.8000,54,1599
small26_assisted,khot_error,1,140,0.8000,54,1608
small26_assisted,khot_error,1,141,0.8000,54,1617
small26_assisted,khot_error,1,142,0.8000,54,1626
small26_assisted,khot_error,1,143,0.8000,54,1637
small26_assisted,khot_error,1,144,0.8000,54,1648
small26_assisted,khot_error,1,145,0.8000,54,1657
small26_assisted,khot_error,1,146,0.8000,54,1666
small26_assisted,khot_error,1,147,0.8000,54,1675
small26_assisted,khot_error,1,148,0.8000,54,1684
small26_assisted,khot_error,1,149,0.8000,54,1693
small26_assisted,khot_error,1,150,0.8000,54,1702
small26_assisted,khot_error,1,151,0.8000,54,1711
small26_assisted,khot_error,1,152,0.8000,54,1720
small26_assisted,khot_error,1,153,0.8000,54,1729
small26_assisted,khot_error,1,154,0.8000,54,1738
small26_assisted,khot_error,1,155,0.8000,54,1747
small26_assisted,khot_error,1,156,0.8000,54,1756
small26_assisted,khot_error,1,157,0.8000,54,1765
small26_assisted,khot_error,1,158,0.8000,54,1774
small26_assisted,khot_error,1,159,0.8000,54,1783
small26_assisted,khot_error,1,160,0.8000,54,1792
small26_assisted,khot_error,1,161,0.8000,54,1801
small26_assisted,khot_error,1,162,0.8000,54,1810
small26_assisted,khot_error,1,163,0.8000,54,1821
small26_assisted,khot_error,1,164,0.8000,54,1830
small26_assisted,khot_error,1,165,0.8000,54,1839
small26_assisted,khot_error,1,166,0.8000,54,1848
small26_assisted,khot_error,1,167,0.8000,54,1857
small26_assisted,khot_error,1,168,0.8000,54,1866
small26_assisted,khot_error,1,169,0.8000,54,1875
small26_assisted,khot_error,1,170,0.8000,54,1884
small26_assisted,khot_error,1,171,0.8000,54,1893
small26_assisted,khot_error,1,172,0.8000,54,1902
small26_assisted,khot_error,1,173,0.8000,54,1911
small26_assisted,khot_error,1,174,0.8000,54,1920
small26_assisted,khot_error,1,175,0.8000,54,1929
small26_assisted,khot_error,1,176,0.8000,54,1938
small26_assisted,khot_error,1,177,0.8000,54,1947
small26_assisted,khot_error,1,178,0.8000,54,1956
small26_assisted,khot_error,1,179,0.8000,54,1965
small26_assisted,khot_error,1,180,0.8000,54,1974
small26_assisted,khot_error,1,181,0.8000,54,1983
small26_assisted,khot_error,1,182,0.8000,54,1992
small26_assisted,khot_error,1,183,0.8000,54,2001
small26_assisted,khot_error,1,184,0.8000,54,2010
small26_assisted,khot_error,1,185,0.8000,54,2019
small26_assisted,khot_error,1,186,0.8000,54,2029
small26_assisted,khot_error,1,187,0.8000,54,2038
small26_assisted,khot_error,1,188,0.8000,54,2047
small26_assisted,khot_error,1,189,0.8000,54,2056
small26_assisted,khot_error,1,190,0.8000,54,2065
small26_assisted,khot_error,1,191,0.8000,54,2074
small26_assisted,khot_error,1,192,0.8000,54,2083
small26_assisted,khot_error,1,193,0.8000,54,2092
small26_assisted,khot_error,1,194,0.8000,54,2101
small26_assisted,khot_error,1,195,0.8000,54,2110
small26_assisted,khot_error,1,196,0.8000,54,2119
small26_assisted,khot_error,1,197,0.8000,54,2128
small26_assisted,khot_error,1,198,0.8000,54,2137
small26_assisted,khot_error,1,199,0.8000,54,2146
small26_assisted,khot_error,1,200,0.8000,54,2155
small26_assisted,khot_error,1,201,0.8000,54,2164
small26_assisted,khot_error,1,202,0.8000,54,2173
small26_assisted,khot_error,1,203,0.8000,54,2182
small26_assisted,khot_error,1,204,0.8000,54,2191
small26_assisted,khot_error,1,205,0.8000,54,2200
small26_assisted,khot_error,1,206,0.8000,54,2209
small26_assisted,khot_error,1,207,0.8000,54,2218
small26_assisted,khot_error,1,208,0.8000,54,2227
small26_assisted,khot_error,1,209,0.8000,54,2236
small26_assisted,khot_error,1,210,0.8000,54,2245
small26_assisted,khot_error,1,211,0.8000,54,2254
small26_assisted,khot_error,1,212,0.8000,54,2263
small26_assisted,khot_error,1,213,0.8000,54,2272
small26_assisted,khot_error,1,214,0.8000,54,2281
small26_assisted,khot_error,1,215,0.8000,54,2290
small26_assisted,khot_error,1,216,0.8000,54,2299
small26_assisted,khot_error,1,217,0.8800,56,2397
small26_assisted,khot_error,1,218,0.8800,56,2406
small26_assisted,khot_error,1,219,0.8800,56,2416
small26_assisted,khot_error,1,220,0.8800,56,2425
small26_assisted,khot_error,1,221,0.8800,56,2434
small26_assisted,khot_error,1,222,0.8800,56,2443
small26_assisted,khot_error,1,223,0.8800,56,2452
small26_assisted,khot_error,1,224,0.8800,56,2461
small26_assisted,khot_error,1,225,0.8800,56,2470
small26_assisted,khot_error,1,226,0.8800,56,2479
small26_assisted,khot_error,1,227,0.8800,56,2488
small26_assisted,khot_error,1,228,0.8800,56,2497
small26_assisted,khot_error,1,229,0.8800,56,2506
small26_assisted,khot_error,1,230,0.8800,56,2515
small26_assisted,khot_error,1,231,0.8800,56,2524
small26_assisted,khot_error,1,232,0.8800,56,2533
small26_assisted,khot_error,1,233,0.8800,56,2542
small26_assisted,khot_error,1,234,0.8800,56,2551
small26_assisted,khot_error,1,235,0.8800,56,2560
small26_assisted,khot_error,1,236,0.8800,56,2569
small26_assisted,khot_error,1,237,0.8800,56,2578
small26_assisted,khot_error,1,238,0.8800,56,2587
small26_assisted,khot_error,1,239,0.8800,56,2596
small26_assisted,khot_error,1,240,0.8800,56,2605
small26_assisted,khot_error,1,241,0.8800,56,2614
small26_assisted,khot_error,1,242,0.8800,56,2623
small26_assisted,khot_error,1,243,0.8800,56,2632
small26_assisted,khot_error,1,244,0.8800,56,2641
small26_assisted,khot_error,1,245,0.8800,56,2650
small26_assisted,khot_error,1,246,0.8800,56,2659
small26_assisted,khot_error,1,247,0.8800,56,2668
small26_assisted,khot_error,1,248,0.8800,56,2677
small26_assisted,khot_error,1,249,0.8800,56,2686
small26_assisted,khot_error,1,250,0.8800,56,2695
small26_assisted,khot_error,1,251,0.8800,56,2704
small26_assisted,khot_error,1,252,0.8800,56,2713
small26_assisted,khot_error,1,253,0.8800,56,2722
small26_assisted,khot_error,1,254,0.8800,56,2731
small26_assisted,khot_error,1,255,0.8800,56,2740
small26_assisted,khot_error,1,256,0.8800,56,2749
small26_assisted,khot_error,1,257,0.8800,56,2758
small26_assisted,khot_error,1,258,0.8800,56,2767
small26_assisted,khot_error,1,259,0.8800,56,2776
small26_assisted,khot_error,1,260,0.8800,56,2785
small26_assisted,khot_error,1,261,0.8800,56,2794
small26_assisted,khot_error,1,262,0.8800,56,2803
small26_assisted,khot_error,1,263,0.8800,56,2812
small26_assisted,khot_error,1,264,0.8800,56,2821
small26_assisted,khot_error,1,265,0.8400,57,2831
small26_assisted,khot_error,1,266,0.8400,57,2840
small26_assisted,khot_error,1,267,0.8400,57,2849
small26_assisted,khot_error,1,268,0.8400,57,2858
small26_assisted,khot_error,1,269,0.8400,57,2867
small26_assisted,khot_error,1,270,0.8400,57,2876
small26_assisted,khot_error,1,271,0.8400,57,2885
small26_assisted,khot_error,1,272,0.8400,57,2894
small26_assisted,khot_error,1,273,0.8400,57,2903
small26_assisted,khot_error,1,274,0.8400,57,2912
small26_assisted,khot_error,1,275,0.8400,57,2921
small26_assisted,khot_error,1,276,0.9200,66,2992
small26_assisted,khot_error,1,277,0.9200,66,3002
small26_assisted,khot_error,1,278,0.9200,66,3011
small26_assisted,khot_error,1,279,0.9200,66,3020
small26_assisted,khot_error,1,280,0.9200,66,3029
small26_assisted,khot_error,1,281,0.9200,66,3038
small26_assisted,khot_error,1,282,0.9200,66,3047
small26_assisted,khot_error,1,283,0.9200,66,3056
small26_assisted,khot_error,1,284,0.9200,66,3065
small26_assisted,khot_error,1,285,0.9200,66,3074
small26_assisted,khot_error,1,286,0.9200,66,3083
small26_assisted,khot_error,1,287,0.9200,66,3092
small26_assisted,khot_error,1,288,0.9200,66,3101
small26_assisted,khot_error,1,289,0.9200,66,3112
small26_assisted,khot_error,1,290,0.9200,66,3121
small26_assisted,khot_error,1,291,0.9200,66,3130
small26_assisted,khot_error,1,292,0.9200,66,3140
small26_assisted,khot_error,1,293,0.9200,66,3149
small26_assisted,khot_error,1,294,0.9200,66,3158
small26_assisted,khot_error,1,295,0.9200,66,3167
small26_assisted,khot_error,1,296,0.9200,66,3176
small26_assisted,khot_error,1,297,0.9200,66,3185
small26_assisted,khot_error,1,298,0.9200,66,3194
small26_assisted,khot_error,1,299,0.9200,66,3203
small26_assisted,khot_error,1,300,0.9200,66,3212
small26_assisted,khot_error,1,301,0.9200,66,3221
small26_assisted,khot_error,1,302,0.9200,66,3230
small26_assisted,khot_error,1,303,0.9200,66,3239
small26_assisted,khot_error,1,304,0.9200,66,3248
small26_assisted,khot_error,1,305,0.9200,66,3257
small26_assisted,khot_error,1,306,0.9200,66,3266
small26_assisted,khot_error,1,307,0.9200,66,3275
small26_assisted,khot_error,1,308,0.9200,66,3284
small26_assisted,khot_error,1,309,0.9200,66,3293
small26_assisted,khot_error,1,310,0.9200,66,3302
small26_assisted,khot_error,1,311,0.9200,66,3311
small26_assisted,khot_error,1,312,0.9200,66,3320
small26_assisted,khot_error,1,313,0.9200,66,3329
small26_assisted,khot_error,1,314,0.9200,66,3338
small26_assisted,khot_error,1,315,0.9200,66,3347
small26_assisted,khot_error,1,316,0.9200,66,3358
small26_assisted,khot_error,1,317,0.9200,66,3367
small26_assisted,khot_error,1,318,0.9200,66,3376
small26_assisted,khot_error,1,319,0.9200,66,3385
small26_assisted,khot_error,1,320,0.9200,66,3394
small26_assisted,khot_error,1,321,0.9200,66,3403
small26_assisted,khot_error,1,322,0.9200,66,3412
small26_assisted,khot_error,1,323,0.9200,66,3421
small26_assisted,khot_error,1,324,0.9200,66,3430
small26_assisted,khot_error,1,325,0.9200,66,3439
small26_assisted,khot_error,1,326,0.9200,66,3448
small26_assisted,khot_error,1,327,0.9200,66,3457
small26_assisted,khot_error,1,328,0.9200,66,3466
small26_assisted,khot_error,1,329,0.9200,66,3475
small26_assisted,khot_error,1,330,0.9200,66,3484
small26_assisted,khot_error,1,331,0.9200,66,3493
small26_assisted,khot_error,1,332,0.9200,66,3502
small26_assisted,khot_error,1,333,0.9200,66,3511
small26_assisted,khot_error,1,334,0.9200,66,3524
small26_assisted,khot_error,1,335,0.9200,66,3533
small26_assisted,khot_error,1,336,0.9200,66,3542
small26_assisted,khot_error,1,337,0.9200,66,3551
small26_assisted,khot_error,1,338,0.9200,66,3562
small26_assisted,khot_error,1,339,0.9200,66,3571
small26_assisted,khot_error,1,340,0.9200,66,3580
small26_assisted,khot_error,1,341,0.9200,66,3589
small26_assisted,khot_error,1,342,0.9200,66,3598
small26_assisted,khot_error,1,343,0.9200,66,3607
small26_assisted,khot_error,1,344,0.9200,66,3616
small26_assisted,khot_error,1,345,0.9200,66,3625
small26_assisted,khot_error,1,346,0.9200,66,3634
small26_assisted,khot_error,1,347,0.9200,66,3643
small26_assisted,khot_error,1,348,0.9200,66,3652
small26_assisted,khot_error,1,349,0.9200,66,3661
small26_assisted,khot_error,1,350,0.9200,66,3670
small26_assisted,khot_error,1,351,0.9200,66,3679
small26_assisted,khot_error,1,352,0.9200,66,3688
small26_assisted,khot_error,1,353,0.9200,66,3697
small26_assisted,khot_error,1,354,0.9200,66,3706
small26_assisted,khot_error,1,355,0.9200,66,3715
small26_assisted,khot_error,1,356,0.9200,66,3724
small26_assisted,khot_error,1,357,0.9200,66,3733
small26_assisted,khot_error,1,358,0.9200,66,3742
small26_assisted,khot_error,1,359,0.9200,66,3751
small26_assisted,khot_error,1,360,0.9200,66,3760
small26_assisted,khot_error,1,361,0.9200,66,3769
small26_assisted,khot_error,1,362,0.9200,66,3778
small26_assisted,khot_error,1,363,0.9200,66,3789
small26_assisted,khot_error,1,364,0.9200,66,3798
small26_assisted,khot_error,1,365,0.9200,66,3807
small26_assisted,khot_error,1,366,0.9200,66,3816
small26_assisted,khot_error,1,367,0.9200,66,3825
small26_assisted,khot_error,1,368,0.9200,66,3834
small26_assisted,khot_error,1,369,0.9200,66,3843
small26_assisted,khot_error,1,370,0.9200,66,3852
small26_assisted,khot_error,1,371,0.9200,66,3861
small26_assisted,khot_error,1,372,0.9200,66,3870
small26_assisted,khot_error,1,373,0.9200,66,3879
small26_assisted,khot_error,1,374,0.9200,66,3888
small26_assisted,khot_error,1,375,0.9200,66,3897
small26_assisted,khot_error,1,376,0.9200,66,3906
small26_assisted,khot_error,1,377,0.9200,66,3915
small26_assisted,khot_error,1,378,0.9200,66,3924
small26_assisted,khot_error,1,379,0.9200,66,3933
small26_assisted,khot_error,1,380,0.9200,66,3942
small26_assisted,khot_error,1,381,0.9200,66,3951
small26_assisted,khot_error,1,382,0.9200,66,3960
small26_assisted,khot_error,1,383,0.9200,66,3969
small26_assisted,khot_error,1,384,0.9200,66,3978
small26_assisted,khot_error,1,385,0.9200,66,3987
small26_assisted,khot_error,1,386,0.9200,66,3996
small26_assisted,khot_error,1,387,0.9200,66,4005
small26_assisted,khot_error,1,388,0.9200,66,4014
small26_assisted,khot_error,1,389,0.9200,66,4023
small26_assisted,khot_error,1,390,0.9200,68,4031
small26_assisted,khot_error,1,391,0.9200,68,4040
small26_assisted,khot_error,1,392,0.9200,68,4049
small26_assisted,khot_error,1,393,0.9200,69,4058
small26_assisted,khot_error,1,394,0.9200,69,4067
small26_assisted,khot_error,1,395,0.9200,69,4076
small26_assisted,khot_error,1,396,0.9200,69,4085
small26_assisted,khot_error,1,397,0.9200,69,4094
small26_assisted,khot_error,1,398,0.9200,69,4103
small26_assisted,khot_error,1,399,0.9200,69,4113
small26_assisted,khot_decay,1,0,0.4000,99,1
small26_assisted,khot_decay,1,1,0.5600,199,1
small26_assisted,khot_decay,1,2,0.7200,261,2
small26_assisted,khot_decay,1,3,0.8400,360,3
small26_assisted,khot_decay,1,4,0.8400,366,6
small26_assisted,khot_decay,1,5,0.8000,373,8
small26_assisted,khot_decay,1,6,0.8400,378,12
small26_assisted,khot_decay,1,7,0.8000,382,17
small26_assisted,khot_decay,1,8,0.8000,397,21
small26_assisted,khot_decay,1,9,0.8000,402,27
small26_assisted,khot_decay,1,10,0.8000,407,31
small26_assisted,khot_decay,1,11,0.8000,409,38
small26_assisted,khot_decay,1,12,0.8000,413,43
small26_assisted,khot_decay,1,13,0.8000,417,49
small26_assisted,khot_decay,1,14,0.8000,420,55
small26_assisted,khot_decay,1,15,0.8000,449,61
small26_assisted,khot_decay,1,16,0.8000,451,68
small26_assisted,khot_decay,1,17,0.8000,453,75
small26_assisted,khot_decay,1,18,0.8000,454,83
small26_assisted,khot_decay,1,19,0.8400,473,90
small26_assisted,khot_decay,1,20,0.8400,478,94
small26_assisted,khot_decay,1,21,0.8400,480,103
small26_assisted,khot_decay,1,22,0.8400,484,109
small26_assisted,khot_decay,1,23,0.8400,487,118
small26_assisted,khot_decay,1,24,0.8400,491,123
small26_assisted,khot_decay,1,25,0.8400,495,129
small26_assisted,khot_decay,1,26,0.8400,499,134
small26_assisted,khot_decay,1,27,0.8400,501,141
small26_assisted,khot_decay,1,28,0.8400,503,148
small26_assisted,khot_decay,1,29,0.8400,506,154
small26_assisted,khot_decay,1,30,0.8400,509,160
small26_assisted,khot_decay,1,31,0.8400,511,167
small26_assisted,khot_decay,1,32,0.8400,512,175
small26_assisted,khot_decay,1,33,0.8400,515,182
small26_assisted,khot_decay,1,34,0.8400,517,189
small26_assisted,khot_decay,1,35,0.8400,519,196
small26_assisted,khot_decay,1,36,0.8400,521,203
small26_assisted,khot_decay,1,37,0.8400,522,211
small26_assisted,khot_decay,1,38,0.8400,525,218
small26_assisted,khot_decay,1,39,0.8400,527,227
small26_assisted,khot_decay,1,40,0.8400,528,235
small26_assisted,khot_decay,1,41,0.8400,529,243
small26_assisted,khot_decay,1,42,0.8400,530,251
small26_assisted,khot_decay,1,43,0.8400,532,258
small26_assisted,khot_decay,1,44,0.8400,537,263
small26_assisted,khot_decay,1,45,0.8400,539,270
small26_assisted,khot_decay,1,46,0.8400,542,276
small26_assisted,khot_decay,1,47,0.8400,544,284
small26_assisted,khot_decay,1,48,0.8400,548,289
small26_assisted,khot_decay,1,49,0.8400,549,297
small26_assisted,khot_decay,1,50,0.8400,554,301
small26_assisted,khot_decay,1,51,0.8400,555,309
small26_assisted,khot_decay,1,52,0.8400,556,317
small26_assisted,khot_decay,1,53,0.8400,559,325
small26_assisted,khot_decay,1,54,0.8400,562,333
small26_assisted,khot_decay,1,55,0.8400,565,339
small26_assisted,khot_decay,1,56,0.8400,568,345
small26_assisted,khot_decay,1,57,0.8400,570,353
small26_assisted,khot_decay,1,58,0.8400,571,361
small26_assisted,khot_decay,1,59,0.8400,572,369
small26_assisted,khot_decay,1,60,0.8400,649,371
small26_assisted,khot_decay,1,61,0.8800,655,382
small26_assisted,khot_decay,1,62,0.8800,657,389
small26_assisted,khot_decay,1,63,0.8800,660,395
small26_assisted,khot_decay,1,64,0.8800,661,403
small26_assisted,khot_decay,1,65,0.8800,662,411
small26_assisted,khot_decay,1,66,0.8800,663,419
small26_assisted,khot_decay,1,67,0.8800,664,427
small26_assisted,khot_decay,1,68,0.8800,665,435
small26_assisted,khot_decay,1,69,0.8800,668,441
small26_assisted,khot_decay,1,70,0.8800,669,450
small26_assisted,khot_decay,1,71,0.8800,671,457
small26_assisted,khot_decay,1,72,0.8800,672,465
small26_assisted,khot_decay,1,73,0.8800,673,473
small26_assisted,khot_decay,1,74,0.8800,676,479
small26_assisted,khot_decay,1,75,0.8800,678,486
small26_assisted,khot_decay,1,76,0.8800,679,494
small26_assisted,khot_decay,1,77,0.8800,681,501
small26_assisted,khot_decay,1,78,0.8800,682,509
small26_assisted,khot_decay,1,79,0.8800,684,516
small26_assisted,khot_decay,1,80,0.8800,685,524
small26_assisted,khot_decay,1,81,0.8800,687,531
small26_assisted,khot_decay,1,82,0.8800,688,539
small26_assisted,khot_decay,1,83,0.8800,689,547
small26_assisted,khot_decay,1,84,0.8800,691,554
small26_assisted,khot_decay,1,85,0.8800,692,562
small26_assisted,khot_decay,1,86,0.8800,693,570
small26_assisted,khot_decay,1,87,0.8800,695,577
small26_assisted,khot_decay,1,88,0.8800,696,585
small26_assisted,khot_decay,1,89,0.8800,699,592
small26_assisted,khot_decay,1,90,0.8800,700,600
small26_assisted,khot_decay,1,91,0.8800,701,608
small26_assisted,khot_decay,1,92,0.8800,702,616
small26_assisted,khot_decay,1,93,0.8800,705,624
small26_assisted,khot_decay,1,94,0.8800,706,632
small26_assisted,khot_decay,1,95,0.8800,707,640
small26_assisted,khot_decay,1,96,0.8800,708,648
small26_assisted,khot_decay,1,97,0.8800,711,654
small26_assisted,khot_decay,1,98,0.8800,714,660
small26_assisted,khot_decay,1,99,0.8800,716,667
small26_assisted,khot_decay,1,100,0.8800,719,673
small26_assisted,khot_decay,1,101,0.8800,720,681
small26_assisted,khot_decay,1,102,0.8800,721,689
small26_assisted,khot_decay,1,103,0.8800,722,697
small26_assisted,khot_decay,1,104,0.8800,724,704
small26_assisted,khot_decay,1,105,0.8800,725,712
small26_assisted,khot_decay,1,106,0.8800,726,720
small26_assisted,khot_decay,1,107,0.8800,728,727
small26_assisted,khot_decay,1,108,0.8800,730,736
small26_assisted,khot_decay,1,109,0.8800,732,743
small26_assisted,khot_decay,1,110,0.8800,733,751
small26_assisted,khot_decay,1,111,0.8800,735,758
small26_assisted,khot_decay,1,112,0.8800,737,765
small26_assisted,khot_decay,1,113,0.8800,739,772
small26_assisted,khot_decay,1,114,0.8800,740,780
small26_assisted,khot_decay,1,115,0.8800,742,787
small26_assisted,khot_decay,1,116,0.8800,743,795
small26_assisted,khot_decay,1,117,0.8800,744,803
small26_assisted,khot_decay,1,118,0.8800,745,811
small26_assisted,khot_decay,1,119,0.8800,746,819
small26_assisted,khot_decay,1,120,0.8800,747,827
small26_assisted,khot_decay,1,121,0.8800,749,834
small26_assisted,khot_decay,1,122,0.8800,750,842
small26_assisted,khot_decay,1,123,0.8800,752,849
small26_assisted,khot_decay,1,124,0.8800,754,858
small26_assisted,khot_decay,1,125,0.8800,755,866
small26_assisted,khot_decay,1,126,0.8800,756,874
small26_assisted,khot_decay,1,127,0.8800,758,881
small26_assisted,khot_decay,1,128,0.8800,760,888
small26_assisted,khot_decay,1,129,0.8800,761,896
small26_assisted,khot_decay,1,130,0.8800,763,905
small26_assisted,khot_decay,1,131,0.8800,766,911
small26_assisted,khot_decay,1,132,0.8800,769,917
small26_assisted,khot_decay,1,133,0.8800,770,925
small26_assisted,khot_decay,1,134,0.8800,771,933
small26_assisted,khot_decay,1,135,0.8800,772,941
small26_assisted,khot_decay,1,136,0.8800,774,948
small26_assisted,khot_decay,1,137,0.8800,776,955
small26_assisted,khot_decay,1,138,0.8800,778,962
small26_assisted,khot_decay,1,139,0.8800,779,970
small26_assisted,khot_decay,1,140,0.8800,781,977
small26_assisted,khot_decay,1,141,0.8800,782,985
small26_assisted,khot_decay,1,142,0.8800,784,992
small26_assisted,khot_decay,1,143,0.8800,785,1000
small26_assisted,khot_decay,1,144,0.8800,788,1008
small26_assisted,khot_decay,1,145,0.8800,789,1016
small26_assisted,khot_decay,1,146,0.8800,790,1024
small26_assisted,khot_decay,1,147,0.8800,791,1032
small26_assisted,khot_decay,1,148,0.8800,792,1040
small26_assisted,khot_decay,1,149,0.8800,793,1048
small26_assisted,khot_decay,1,150,0.8800,796,1054
small26_assisted,khot_decay,1,151,0.8800,797,1062
small26_assisted,khot_decay,1,152,0.8800,798,1070
small26_assisted,khot_decay,1,153,0.8800,800,1077
small26_assisted,khot_decay,1,154,0.8800,802,1084
small26_assisted,khot_decay,1,155,0.8800,803,1092
small26_assisted,khot_decay,1,156,0.8800,805,1099
small26_assisted,khot_decay,1,157,0.8800,807,1106
small26_assisted,khot_decay,1,158,0.8800,809,1113
small26_assisted,khot_decay,1,159,0.8800,811,1120
small26_assisted,khot_decay,1,160,0.8800,812,1128
small26_assisted,khot_decay,1,161,0.8800,813,1136
small26_assisted,khot_decay,1,162,0.8800,814,1144
small26_assisted,khot_decay,1,163,0.8800,816,1151
small26_assisted,khot_decay,1,164,0.8800,818,1158
small26_assisted,khot_decay,1,165,0.8800,819,1166
small26_assisted,khot_decay,1,166,0.8800,820,1174
small26_assisted,khot_decay,1,167,0.8800,821,1182
small26_assisted,khot_decay,1,168,0.8800,822,1190
small26_assisted,khot_decay,1,169,0.8800,824,1199
small26_assisted,khot_decay,1,170,0.8800,825,1207
small26_assisted,khot_decay,1,171,0.8800,826,1215
small26_assisted,khot_decay,1,172,0.8800,827,1223
small26_assisted,khot_decay,1,173,0.8800,828,1231
small26_assisted,khot_decay,1,174,0.8800,829,1239
small26_assisted,khot_decay,1,175,0.8800,832,1245
small26_assisted,khot_decay,1,176,0.8800,833,1253
small26_assisted,khot_decay,1,177,0.8800,835,1260
small26_assisted,khot_decay,1,178,0.8800,836,1268
small26_assisted,khot_decay,1,179,0.8800,837,1276
small26_assisted,khot_decay,1,180,0.8800,839,1283
small26_assisted,khot_decay,1,181,0.8800,840,1291
small26_assisted,khot_decay,1,182,0.8800,843,1297
small26_assisted,khot_decay,1,183,0.8800,844,1305
small26_assisted,khot_decay,1,184,0.8800,846,1312
small26_assisted,khot_decay,1,185,0.8800,848,1320
small26_assisted,khot_decay,1,186,0.8800,849,1328
small26_assisted,khot_decay,1,187,0.8800,850,1336
small26_assisted,khot_decay,1,188,0.8800,852,1344
small26_assisted,khot_decay,1,189,0.8800,853,1352
small26_assisted,khot_decay,1,190,0.8800,856,1358
small26_assisted,khot_decay,1,191,0.8800,857,1366
small26_assisted,khot_decay,1,192,0.8800,858,1374
small26_assisted,khot_decay,1,193,0.8800,860,1382
small26_assisted,khot_decay,1,194,0.8800,861,1390
small26_assisted,khot_decay,1,195,0.8800,863,1397
small26_assisted,khot_decay,1,196,0.8800,864,1405
small26_assisted,khot_decay,1,197,0.8800,866,1412
small26_assisted,khot_decay,1,198,0.8800,868,1420
small26_assisted,khot_decay,1,199,0.8800,869,1428
small26_assisted,khot_decay,1,200,0.8800,872,1434
small26_assisted,khot_decay,1,201,0.8800,873,1442
small26_assisted,khot_decay,1,202,0.8800,874,1450
small26_assisted,khot_decay,1,203,0.8800,876,1457
small26_assisted,khot_decay,1,204,0.8800,877,1465
small26_assisted,khot_decay,1,205,0.8800,878,1473
small26_assisted,khot_decay,1,206,0.8800,879,1481
small26_assisted,khot_decay,1,207,0.8800,880,1489
small26_assisted,khot_decay,1,208,0.8800,882,1496
small26_assisted,khot_decay,1,209,0.8800,883,1504
small26_assisted,khot_decay,1,210,0.8800,884,1512
small26_assisted,khot_decay,1,211,0.8800,885,1520
small26_assisted,khot_decay,1,212,0.8800,887,1527
small26_assisted,khot_decay,1,213,0.8800,889,1534
small26_assisted,khot_decay,1,214,0.8800,891,1541
small26_assisted,khot_decay,1,215,0.8800,894,1547
small26_assisted,khot_decay,1,216,0.8800,895,1555
small26_assisted,khot_decay,1,217,0.8800,896,1563
small26_assisted,khot_decay,1,218,0.8800,898,1570
small26_assisted,khot_decay,1,219,0.8800,899,1578
small26_assisted,khot_decay,1,220,0.8800,901,1585
small26_assisted,khot_decay,1,221,0.8800,902,1593
small26_assisted,khot_decay,1,222,0.8800,904,1600
small26_assisted,khot_decay,1,223,0.8800,905,1608
small26_assisted,khot_decay,1,224,0.8800,907,1615
small26_assisted,khot_decay,1,225,0.8800,908,1625
small26_assisted,khot_decay,1,226,0.8800,909,1633
small26_assisted,khot_decay,1,227,0.8800,910,1641
small26_assisted,khot_decay,1,228,0.8800,912,1649
small26_assisted,khot_decay,1,229,0.8800,913,1657
small26_assisted,khot_decay,1,230,0.8800,915,1664
small26_assisted,khot_decay,1,231,0.8800,916,1672
small26_assisted,khot_decay,1,232,0.8800,917,1680
small26_assisted,khot_decay,1,233,0.8800,918,1688
small26_assisted,khot_decay,1,234,0.8800,920,1695
small26_assisted,khot_decay,1,235,0.8800,921,1703
small26_assisted,khot_decay,1,236,0.8800,922,1711
small26_assisted,khot_decay,1,237,0.8800,925,1717
small26_assisted,khot_decay,1,238,0.8800,926,1725
small26_assisted,khot_decay,1,239,0.8800,927,1733
small26_assisted,khot_decay,1,240,0.8800,929,1740
small26_assisted,khot_decay,1,241,0.8800,930,1748
small26_assisted,khot_decay,1,242,0.8800,931,1756
small26_assisted,khot_decay,1,243,0.8800,932,1764
small26_assisted,khot_decay,1,244,0.8800,933,1772
small26_assisted,khot_decay,1,245,0.8800,934,1780
small26_assisted,khot_decay,1,246,0.8800,936,1787
small26_assisted,khot_decay,1,247,0.8800,937,1795
small26_assisted,khot_decay,1,248,0.8800,938,1803
small26_assisted,khot_decay,1,249,0.8800,940,1810
small26_assisted,khot_decay,1,250,0.8800,942,1817
small26_assisted,khot_decay,1,251,0.8800,944,1824
small26_assisted,khot_decay,1,252,0.8800,945,1832
small26_assisted,khot_decay,1,253,0.8800,946,1840
small26_assisted,khot_decay,1,254,0.8800,947,1848
small26_assisted,khot_decay,1,255,0.8800,949,1855
small26_assisted,khot_decay,1,256,0.8800,950,1863
small26_assisted,khot_decay,1,257,0.8800,952,1870
small26_assisted,khot_decay,1,258,0.8800,954,1877
small26_assisted,khot_decay,1,259,0.8800,955,1885
small26_assisted,khot_decay,1,260,0.8800,957,1892
small26_assisted,khot_decay,1,261,0.8800,958,1900
small26_assisted,khot_decay,1,262,0.8800,959,1908
small26_assisted,khot_decay,1,263,0.8800,960,1916
small26_assisted,khot_decay,1,264,0.8800,961,1924
small26_assisted,khot_decay,1,265,0.8800,962,1932
small26_assisted,khot_decay,1,266,0.8800,964,1939
small26_assisted,khot_decay,1,267,0.8800,965,1947
small26_assisted,khot_decay,1,268,0.8800,966,1955
small26_assisted,khot_decay,1,269,0.8800,967,1963
small26_assisted,khot_decay,1,270,0.8800,969,1970
small26_assisted,khot_decay,1,271,0.8800,970,1978
small26_assisted,khot_decay,1,272,0.8800,971,1986
small26_assisted,khot_decay,1,273,0.8800,972,1994
small26_assisted,khot_decay,1,274,0.8800,973,2002
small26_assisted,khot_decay,1,275,0.8800,974,2010
small26_assisted,khot_decay,1,276,0.8800,975,2018
small26_assisted,khot_decay,1,277,0.8800,977,2025
small26_assisted,khot_decay,1,278,0.8800,978,2033
small26_assisted,khot_decay,1,279,0.8800,979,2041
small26_assisted,khot_decay,1,280,0.8800,982,2047
small26_assisted,khot_decay,1,281,0.8800,983,2055
small26_assisted,khot_decay,1,282,0.8800,984,2063
small26_assisted,khot_decay,1,283,0.8800,986,2070
small26_assisted,khot_decay,1,284,0.8800,987,2078
small26_assisted,khot_decay,1,285,0.8800,988,2087
small26_assisted,khot_decay,1,286,0.8800,989,2095
small26_assisted,khot_decay,1,287,0.8800,990,2103
small26_assisted,khot_decay,1,288,0.8800,993,2110
small26_assisted,khot_decay,1,289,0.8800,994,2118
small26_assisted,khot_decay,1,290,0.8800,996,2125
small26_assisted,khot_decay,1,291,0.8800,997,2133
small26_assisted,khot_decay,1,292,0.8800,999,2140
small26_assisted,khot_decay,1,293,0.8800,1001,2147
small26_assisted,khot_decay,1,294,0.8800,1002,2155
small26_assisted,khot_decay,1,295,0.8800,1004,2162
small26_assisted,khot_decay,1,296,0.8800,1005,2170
small26_assisted,khot_decay,1,297,0.8800,1006,2178
small26_assisted,khot_decay,1,298,0.8800,1008,2185
small26_assisted,khot_decay,1,299,0.8800,1009,2193
small26_assisted,khot_decay,1,300,0.8800,1010,2203
small26_assisted,khot_decay,1,301,0.8800,1011,2211
small26_assisted,khot_decay,1,302,0.8800,1012,2219
small26_assisted,khot_decay,1,303,0.8800,1013,2227
small26_assisted,khot_decay,1,304,0.8800,1015,2234
small26_assisted,khot_decay,1,305,0.8800,1017,2241
small26_assisted,khot_decay,1,306,0.8800,1018,2249
small26_assisted,khot_decay,1,307,0.8800,1020,2256
small26_assisted,khot_decay,1,308,0.8800,1022,2263
small26_assisted,khot_decay,1,309,0.8800,1023,2271
small26_assisted,khot_decay,1,310,0.8800,1026,2277
small26_assisted,khot_decay,1,311,0.8800,1027,2285
small26_assisted,khot_decay,1,312,0.8800,1028,2293
small26_assisted,khot_decay,1,313,0.8800,1029,2301
small26_assisted,khot_decay,1,314,0.8800,1030,2309
small26_assisted,khot_decay,1,315,0.8800,1032,2316
small26_assisted,khot_decay,1,316,0.8800,1033,2324
small26_assisted,khot_decay,1,317,0.8800,1034,2332
small26_assisted,khot_decay,1,318,0.8800,1035,2340
small26_assisted,khot_decay,1,319,0.8800,1036,2348
small26_assisted,khot_decay,1,320,0.8800,1037,2356
small26_assisted,khot_decay,1,321,0.8800,1038,2364
small26_assisted,khot_decay,1,322,0.8800,1039,2372
small26_assisted,khot_decay,1,323,0.8800,1042,2378
small26_assisted,khot_decay,1,324,0.8800,1045,2384
small26_assisted,khot_decay,1,325,0.8800,1046,2392
small26_assisted,khot_decay,1,326,0.8800,1047,2400
small26_assisted,khot_decay,1,327,0.8800,1048,2408
small26_assisted,khot_decay,1,328,0.8800,1051,2414
small26_assisted,khot_decay,1,329,0.8800,1052,2422
small26_assisted,khot_decay,1,330,0.8800,1053,2430
small26_assisted,khot_decay,1,331,0.8800,1054,2438
small26_assisted,khot_decay,1,332,0.8800,1056,2445
small26_assisted,khot_decay,1,333,0.8800,1058,2452
small26_assisted,khot_decay,1,334,0.8800,1060,2459
small26_assisted,khot_decay,1,335,0.8800,1061,2467
small26_assisted,khot_decay,1,336,0.8800,1063,2474
small26_assisted,khot_decay,1,337,0.8800,1065,2481
small26_assisted,khot_decay,1,338,0.8800,1066,2489
small26_assisted,khot_decay,1,339,0.8800,1068,2496
small26_assisted,khot_decay,1,340,0.8800,1069,2504
small26_assisted,khot_decay,1,341,0.8800,1070,2512
small26_assisted,khot_decay,1,342,0.8800,1071,2520
small26_assisted,khot_decay,1,343,0.8800,1072,2528
small26_assisted,khot_decay,1,344,0.8800,1074,2535
small26_assisted,khot_decay,1,345,0.8800,1075,2543
small26_assisted,khot_decay,1,346,0.8800,1076,2551
small26_assisted,khot_decay,1,347,0.8800,1078,2558
small26_assisted,khot_decay,1,348,0.8800,1079,2566
small26_assisted,khot_decay,1,349,0.8800,1082,2572
small26_assisted,khot_decay,1,350,0.8800,1083,2580
small26_assisted,khot_decay,1,351,0.8800,1084,2588
small26_assisted,khot_decay,1,352,0.8800,1085,2596
small26_assisted,khot_decay,1,353,0.8800,1086,2604
small26_assisted,khot_decay,1,354,0.8800,1087,2612
small26_assisted,khot_decay,1,355,0.8800,1089,2619
small26_assisted,khot_decay,1,356,0.8800,1091,2626
small26_assisted,khot_decay,1,357,0.8800,1093,2633
small26_assisted,khot_decay,1,358,0.8800,1094,2641
small26_assisted,khot_decay,1,359,0.8800,1095,2649
small26_assisted,khot_decay,1,360,0.8800,1096,2658
small26_assisted,khot_decay,1,361,0.8800,1097,2666
small26_assisted,khot_decay,1,362,0.8800,1098,2674
small26_assisted,khot_decay,1,363,0.8800,1099,2682
small26_assisted,khot_decay,1,364,0.8800,1100,2690
small26_assisted,khot_decay,1,365,0.8800,1101,2698
small26_assisted,khot_decay,1,366,0.8800,1104,2704
small26_assisted,khot_decay,1,367,0.8800,1106,2711
small26_assisted,khot_decay,1,368,0.8800,1107,2719
small26_assisted,khot_decay,1,369,0.8800,1108,2727
small26_assisted,khot_decay,1,370,0.8800,1109,2735
small26_assisted,khot_decay,1,371,0.8800,1111,2742
small26_assisted,khot_decay,1,372,0.8800,1112,2751
small26_assisted,khot_decay,1,373,0.8800,1113,2759
small26_assisted,khot_decay,1,374,0.8800,1114,2767
small26_assisted,khot_decay,1,375,0.8800,1116,2774
small26_assisted,khot_decay,1,376,0.8800,1117,2782
small26_assisted,khot_decay,1,377,0.8800,1118,2790
small26_assisted,khot_decay,1,378,0.8800,1119,2798
small26_assisted,khot_decay,1,379,0.8800,1120,2806
small26_assisted,khot_decay,1,380,0.8800,1121,2814
small26_assisted,khot_decay,1,381,0.8800,1122,2822
small26_assisted,khot_decay,1,382,0.8800,1123,2830
small26_assisted,khot_decay,1,383,0.8800,1124,2838
small26_assisted,khot_decay,1,384,0.8800,1126,2845
small26_assisted,khot_decay,1,385,0.8800,1127,2853
small26_assisted,khot_decay,1,386,0.8800,1128,2861
small26_assisted,khot_decay,1,387,0.8800,1130,2868
small26_assisted,khot_decay,1,388,0.8800,1131,2876
small26_assisted,khot_decay,1,389,0.8800,1138,2880
small26_assisted,khot_decay,1,390,0.8800,1139,2888
small26_assisted,khot_decay,1,391,0.8800,1141,2895
small26_assisted,khot_decay,1,392,0.8800,1144,2901
small26_assisted,khot_decay,1,393,0.8800,1145,2909
small26_assisted,khot_decay,1,394,0.8800,1146,2917
small26_assisted,khot_decay,1,395,0.8800,1147,2925
small26_assisted,khot_decay,1,396,0.8800,1149,2932
small26_assisted,khot_decay,1,397,0.8800,1150,2940
small26_assisted,khot_decay,1,398,0.8800,1151,2948
small26_assisted,khot_decay,1,399,0.8800,1152,2956
small26_assisted,khot_rank,2,0,0.5600,12,88
small26_assisted,khot_rank,2,1,0.4800,21,179
small26_assisted,khot_rank,2,2,0.5200,24,200
small26_assisted,khot_rank,2,3,0.5200,24,209
small26_assisted,khot_rank,2,4,0.5200,24,218
small26_assisted,khot_rank,2,5,0.5200,24,227
small26_assisted,khot_rank,2,6,0.5200,24,236
small26_assisted,khot_rank,2,7,0.6800,29,296
small26_assisted,khot_rank,2,8,0.6800,29,306
small26_assisted,khot_rank,2,9,0.6800,29,315
small26_assisted,khot_rank,2,10,0.6800,29,328
small26_assisted,khot_rank,2,11,0.6800,29,339
small26_assisted,khot_rank,2,12,0.6800,29,349
small26_assisted,khot_rank,2,13,0.6800,29,358
small26_assisted,khot_rank,2,14,0.6800,29,367
small26_assisted,khot_rank,2,15,0.6800,29,378
small26_assisted,khot_rank,2,16,0.6800,29,387
small26_assisted,khot_rank,2,17,0.6800,29,396
small26_assisted,khot_rank,2,18,0.6800,29,405
small26_assisted,khot_rank,2,19,0.6800,29,414
small26_assisted,khot_rank,2,20,0.6800,29,424
small26_assisted,khot_rank,2,21,0.6800,29,433
small26_assisted,khot_rank,2,22,0.6800,29,443
small26_assisted,khot_rank,2,23,0.6800,29,452
small26_assisted,khot_rank,2,24,0.6800,29,461
small26_assisted,khot_rank,2,25,0.6800,29,470
small26_assisted,khot_rank,2,26,0.6800,29,479
small26_assisted,khot_rank,2,27,0.6800,29,488
small26_assisted,khot_rank,2,28,0.6800,29,497
small26_assisted,khot_rank,2,29,0.6800,29,507
small26_assisted,khot_rank,2,30,0.6800,29,516
small26_assisted,khot_rank,2,31,0.6800,29,525
small26_assisted,khot_rank,2,32,0.6800,29,534
small26_assisted,khot_rank,2,33,0.6800,29,543
small26_assisted,khot_rank,2,34,0.6800,29,552
small26_assisted,khot_rank,2,35,0.6800,29,561
small26_assisted,khot_rank,2,36,0.6800,29,570
small26_assisted,khot_rank,2,37,0.6800,29,579
small26_assisted,khot_rank,2,38,0.6800,29,588
small26_assisted,khot_rank,2,39,0.6800,29,597
small26_assisted,khot_rank,2,40,0.6800,29,608
small26_assisted,khot_rank,2,41,0.6800,29,617
small26_assisted,khot_rank,2,42,0.6800,29,626
small26_assisted,khot_rank,2,43,0.6800,29,635
small26_assisted,khot_rank,2,44,0.6800,29,644
small26_assisted,khot_rank,2,45,0.6800,29,660
small26_assisted,khot_rank,2,46,0.6800,29,671
small26_assisted,khot_rank,2,47,0.6800,29,680
small26_assisted,khot_rank,2,48,0.6800,29,689
small26_assisted,khot_rank,2,49,0.8800,35,779
small26_assisted,khot_rank,2,50,0.8400,36,787
small26_assisted,khot_rank,2,51,0.8400,36,798
small26_assisted,khot_rank,2,52,0.8400,36,807
small26_assisted,khot_rank,2,53,0.8400,36,816
small26_assisted,khot_rank,2,54,0.8400,36,825
small26_assisted,khot_rank,2,55,0.8400,36,834
small26_assisted,khot_rank,2,56,0.8400,36,843
small26_assisted,khot_rank,2,57,0.8400,36,852
small26_assisted,khot_rank,2,58,0.8400,36,861
small26_assisted,khot_rank,2,59,0.8400,36,870
small26_assisted,khot_rank,2,60,0.8400,36,879
small26_assisted,khot_rank,2,61,0.8400,36,888
small26_assisted,khot_rank,2,62,0.8400,36,897
small26_assisted,khot_rank,2,63,0.8400,36,906
small26_assisted,khot_rank,2,64,0.8400,36,915
small26_assisted,khot_rank,2,65,0.8400,36,924
small26_assisted,khot_rank,2,66,0.8400,36,933
small26_assisted,khot_rank,2,67,0.8400,36,942
small26_assisted,khot_rank,2,68,0.8400,36,951
small26_assisted,khot_rank,2,69,0.8400,36,960
small26_assisted,khot_rank,2,70,0.8400,36,969
small26_assisted,khot_rank,2,71,0.8400,36,978
small26_assisted,khot_rank,2,72,0.8400,36,987
small26_assisted,khot_rank,2,73,0.8400,36,996
small26_assisted,khot_rank,2,74,0.8400,36,1005
small26_assisted,khot_rank,2,75,0.8400,36,1014
small26_assisted,khot_rank,2,76,0.8400,36,1023
small26_assisted,khot_rank,2,77,0.8400,36,1032
small26_assisted,khot_rank,2,78,0.8400,36,1041
small26_assisted,khot_rank,2,79,0.8400,36,1050
small26_assisted,khot_rank,2,80,0.8400,36,1059
small26_assisted,khot_rank,2,81,0.8400,36,1068
small26_assisted,khot_rank,2,82,0.8400,36,1077
small26_assisted,khot_rank,2,83,0.8400,36,1086
small26_assisted,khot_rank,2,84,0.8400,36,1095
small26_assisted,khot_rank,2,85,0.8400,36,1104
small26_assisted,khot_rank,2,86,0.8400,36,1113
small26_assisted,khot_rank,2,87,0.8400,36,1122
small26_assisted,khot_rank,2,88,0.8400,36,1131
small26_assisted,khot_rank,2,89,0.8400,36,1142
small26_assisted,khot_rank,2,90,0.8400,36,1151
small26_assisted,khot_rank,2,91,0.8400,36,1160
small26_assisted,khot_rank,2,92,0.8400,36,1169
small26_assisted,khot_rank,2,93,0.8400,36,1178
small26_assisted,khot_rank,2,94,0.8400,36,1187
small26_assisted,khot_rank,2,95,0.8400,36,1196
small26_assisted,khot_rank,2,96,0.8400,36,1205
small26_assisted,khot_rank,2,97,0.8400,36,1214
small26_assisted,khot_rank,2,98,0.8400,36,1225
small26_assisted,khot_rank,2,99,0.8400,36,1234
small26_assisted,khot_rank,2,100,0.8400,36,1243
small26_assisted,khot_rank,2,101,0.8400,36,1252
small26_assisted,khot_rank,2,102,0.8400,36,1261
small26_assisted,khot_rank,2,103,0.8400,36,1270
small26_assisted,khot_rank,2,104,0.8400,36,1279
small26_assisted,khot_rank,2,105,0.8400,36,1288
small26_assisted,khot_rank,2,106,0.8400,36,1297
small26_assisted,khot_rank,2,107,0.8400,36,1306
small26_assisted,khot_rank,2,108,0.8400,36,1315
small26_assisted,khot_rank,2,109,0.8400,36,1324
small26_assisted,khot_rank,2,110,0.8400,36,1333
small26_assisted,khot_rank,2,111,0.8400,36,1342
small26_assisted,khot_rank,2,112,0.8400,36,1351
small26_assisted,khot_rank,2,113,0.8400,36,1360
small26_assisted,khot_rank,2,114,0.8400,36,1369
small26_assisted,khot_rank,2,115,0.8400,36,1378
small26_assisted,khot_rank,2,116,0.8400,36,1387
small26_assisted,khot_rank,2,117,0.8400,36,1396
small26_assisted,khot_rank,2,118,0.8400,36,1405
small26_assisted,khot_rank,2,119,0.8400,36,1414
small26_assisted,khot_rank,2,120,0.8400,36,1423
small26_assisted,khot_rank,2,121,0.8400,36,1432
small26_assisted,khot_rank,2,122,0.8400,36,1441
small26_assisted,khot_rank,2,123,0.8400,36,1450
small26_assisted,khot_rank,2,124,0.8400,36,1459
small26_assisted,khot_rank,2,125,0.8400,36,1468
small26_assisted,khot_rank,2,126,0.8400,36,1477
small26_assisted,khot_rank,2,127,0.8400,36,1488
small26_assisted,khot_rank,2,128,0.8400,36,1499
small26_assisted,khot_rank,2,129,0.8400,36,1508
small26_assisted,khot_rank,2,130,0.8400,36,1519
small26_assisted,khot_rank,2,131,0.8400,36,1528
small26_assisted,khot_rank,2,132,0.8400,36,1537
small26_assisted,khot_rank,2,133,0.8400,36,1546
small26_assisted,khot_rank,2,134,0.8400,36,1555
small26_assisted,khot_rank,2,135,0.8400,36,1565
small26_assisted,khot_rank,2,136,0.8400,36,1574
small26_assisted,khot_rank,2,137,0.8400,36,1583
small26_assisted,khot_rank,2,138,0.8400,36,1592
small26_assisted,khot_rank,2,139,0.8400,36,1601
small26_assisted,khot_rank,2,140,0.8400,36,1610
small26_assisted,khot_rank,2,141,0.8400,36,1619
small26_assisted,khot_rank,2,142,0.8400,36,1628
small26_assisted,khot_rank,2,143,0.8400,36,1637
small26_assisted,khot_rank,2,144,0.8400,36,1646
small26_assisted,khot_rank,2,145,0.8400,36,1655
small26_assisted,khot_rank,2,146,0.8400,36,1664
small26_assisted,khot_rank,2,147,0.8400,36,1673
small26_assisted,khot_rank,2,148,0.8400,36,1682
small26_assisted,khot_rank,2,149,0.8400,36,1691
small26_assisted,khot_rank,2,150,0.8400,36,1700
small26_assisted,khot_rank,2,151,0.8400,36,1709
small26_assisted,khot_rank,2,152,0.8400,36,1718
small26_assisted,khot_rank,2,153,0.8400,36,1727
small26_assisted,khot_rank,2,154,0.8400,36,1736
small26_assisted,khot_rank,2,155,0.8400,36,1747
small26_assisted,khot_rank,2,156,0.8400,36,1756
small26_assisted,khot_rank,2,157,0.8400,36,1765
small26_assisted,khot_rank,2,158,0.8400,36,1774
small26_assisted,khot_rank,2,159,0.8400,36,1783
small26_assisted,khot_rank,2,160,0.8400,36,1794
small26_assisted,khot_rank,2,161,0.8400,36,1803
small26_assisted,khot_rank,2,162,0.8400,36,1812
small26_assisted,khot_rank,2,163,0.8400,36,1821
small26_assisted,khot_rank,2,164,0.8400,36,1830
small26_assisted,khot_rank,2,165,0.8400,36,1839
small26_assisted,khot_rank,2,166,0.8400,36,1850
small26_assisted,khot_rank,2,167,0.8400,36,1859
small26_assisted,khot_rank,2,168,0.8400,36,1868
small26_assisted,khot_rank,2,169,0.8400,36,1877
small26_assisted,khot_rank,2,170,0.8400,36,1888
small26_assisted,khot_rank,2,171,0.8400,36,1897
small26_assisted,khot_rank,2,172,0.8400,36,1906
small26_assisted,khot_rank,2,173,0.8400,36,1915
small26_assisted,khot_rank,2,174,0.8400,36,1925
small26_assisted,khot_rank,2,175,0.8400,36,1934
small26_assisted,khot_rank,2,176,0.8400,36,1943
small26_assisted,khot_rank,2,177,0.8400,36,1952
small26_assisted,khot_rank,2,178,0.8400,36,1961
small26_assisted,khot_rank,2,179,0.8400,36,1970
small26_assisted,khot_rank,2,180,0.8400,36,1979
small26_assisted,khot_rank,2,181,0.8400,36,1988
small26_assisted,khot_rank,2,182,0.8400,36,1997
small26_assisted,khot_rank,2,183,0.8400,36,2006
small26_assisted,khot_rank,2,184,0.8400,36,2015
small26_assisted,khot_rank,2,185,0.8400,36,2024
small26_assisted,khot_rank,2,186,0.8400,36,2033
small26_assisted,khot_rank,2,187,0.8400,36,2042
small26_assisted,khot_rank,2,188,0.8400,36,2051
small26_assisted,khot_rank,2,189,0.8400,36,2060
small26_assisted,khot_rank,2,190,0.8400,36,2069
small26_assisted,khot_rank,2,191,0.8400,36,2078
small26_assisted,khot_rank,2,192,0.8400,36,2087
small26_assisted,khot_rank,2,193,0.8400,36,2096
small26_assisted,khot_rank,2,194,0.8400,36,2105
small26_assisted,khot_rank,2,195,0.8400,36,2114
small26_assisted,khot_rank,2,196,0.8400,36,2125
small26_assisted,khot_rank,2,197,0.8400,36,2136
small26_assisted,khot_rank,2,198,0.8400,36,2145
small26_assisted,khot_rank,2,199,0.8400,36,2154
small26_assisted,khot_rank,2,200,0.8400,36,2163
small26_assisted,khot_rank,2,201,0.8400,36,2172
small26_assisted,khot_rank,2,202,0.8400,36,2181
small26_assisted,khot_rank,2,203,0.8400,36,2190
small26_assisted,khot_rank,2,204,0.8400,36,2199
small26_assisted,khot_rank,2,205,0.8400,36,2211
small26_assisted,khot_rank,2,206,0.8400,36,2220
small26_assisted,khot_rank,2,207,0.8400,36,2229
small26_assisted,khot_rank,2,208,0.8400,36,2238
small26_assisted,khot_rank,2,209,0.8400,36,2247
small26_assisted,khot_rank,2,210,0.8400,36,2256
small26_assisted,khot_rank,2,211,0.8400,36,2265
small26_assisted,khot_rank,2,212,0.8400,36,2274
small26_assisted,khot_rank,2,213,0.8400,36,2284
small26_assisted,khot_rank,2,214,0.8400,36,2293
small26_assisted,khot_rank,2,215,0.8400,36,2302
small26_assisted,khot_rank,2,216,0.8400,36,2311
small26_assisted,khot_rank,2,217,0.8400,36,2320
small26_assisted,khot_rank,2,218,0.8400,36,2329
small26_assisted,khot_rank,2,219,0.8400,36,2338
small26_assisted,khot_rank,2,220,0.8400,36,2347
small26_assisted,khot_rank,2,221,0.8400,36,2356
small26_assisted,khot_rank,2,222,0.8400,36,2365
small26_assisted,khot_rank,2,223,0.8400,36,2374
small26_assisted,khot_rank,2,224,0.8400,36,2383
small26_assisted,khot_rank,2,225,0.8400,36,2392
small26_assisted,khot_rank,2,226,0.8400,36,2401
small26_assisted,khot_rank,2,227,0.8400,36,2410
small26_assisted,khot_rank,2,228,0.8400,36,2419
small26_assisted,khot_rank,2,229,0.8400,36,2428
small26_assisted,khot_rank,2,230,0.8400,36,2437
small26_assisted,khot_rank,2,231,0.8800,37,2445
small26_assisted,khot_rank,2,232,0.9200,38,2453
small26_assisted,khot_rank,2,233,0.9200,38,2462
small26_assisted,khot_rank,2,234,0.9200,38,2471
small26_assisted,khot_rank,2,235,0.9200,38,2480
small26_assisted,khot_rank,2,236,0.9200,38,2489
small26_assisted,khot_rank,2,237,0.9200,38,2498
small26_assisted,khot_rank,2,238,0.9200,38,2507
small26_assisted,khot_rank,2,239,0.9200,38,2516
small26_assisted,khot_rank,2,240,0.9200,38,2525
small26_assisted,khot_rank,2,241,0.9200,38,2534
small26_assisted,khot_rank,2,242,0.9200,38,2543
small26_assisted,khot_rank,2,243,0.9200,38,2552
small26_assisted,khot_rank,2,244,0.9200,38,2561
small26_assisted,khot_rank,2,245,0.9200,38,2570
small26_assisted,khot_rank,2,246,0.9200,38,2579
small26_assisted,khot_rank,2,247,0.9200,38,2588
small26_assisted,khot_rank,2,248,0.9200,38,2597
small26_assisted,khot_rank,2,249,0.9200,38,2606
small26_assisted,khot_rank,2,250,0.9200,38,2615
small26_assisted,khot_rank,2,251,0.9200,38,2624
small26_assisted,khot_rank,2,252,0.9200,38,2633
small26_assisted,khot_rank,2,253,0.9200,38,2642
small26_assisted,khot_rank,2,254,0.9200,38,2651
small26_assisted,khot_rank,2,255,0.9200,38,2660
small26_assisted,khot_rank,2,256,0.9200,38,2671
small26_assisted,khot_rank,2,257,0.9200,38,2680
small26_assisted,khot_rank,2,258,0.9200,38,2689
small26_assisted,khot_rank,2,259,0.9200,38,2698
small26_assisted,khot_rank,2,260,0.9200,38,2707
small26_assisted,khot_rank,2,261,0.9200,38,2716
small26_assisted,khot_rank,2,262,0.9200,38,2725
small26_assisted,khot_rank,2,263,0.9200,38,2734
small26_assisted,khot_rank,2,264,0.9200,38,2743
small26_assisted,khot_rank,2,265,0.9200,38,2752
small26_assisted,khot_rank,2,266,0.9200,38,2761
small26_assisted,khot_rank,2,267,0.9200,38,2770
small26_assisted,khot_rank,2,268,0.9200,38,2779
small26_assisted,khot_rank,2,269,0.9200,38,2788
small26_assisted,khot_rank,2,270,0.9200,38,2797
small26_assisted,khot_rank,2,271,0.9200,38,2806
small26_assisted,khot_rank,2,272,0.9200,38,2815
small26_assisted,khot_rank,2,273,0.9200,38,2824
small26_assisted,khot_rank,2,274,0.9200,38,2833
small26_assisted,khot_rank,2,275,0.9200,38,2842
small26_assisted,khot_rank,2,276,0.9200,38,2851
small26_assisted,khot_rank,2,277,0.9200,38,2860
small26_assisted,khot_rank,2,278,0.9200,38,2869
small26_assisted,khot_rank,2,279,0.9200,38,2878
small26_assisted,khot_rank,2,280,0.9200,38,2887
small26_assisted,khot_rank,2,281,0.9200,38,2896
small26_assisted,khot_rank,2,282,0.9200,38,2905
small26_assisted,khot_rank,2,283,0.9200,38,2914
small26_assisted,khot_rank,2,284,0.9200,45,3007
small26_assisted,khot_rank,2,285,0.9600,46,3016
small26_assisted,khot_rank,2,286,0.9600,46,3025
small26_assisted,khot_rank,2,287,0.9600,46,3034
small26_assisted,khot_rank,2,288,0.9600,46,3043
small26_assisted,khot_rank,2,289,0.9600,46,3052
small26_assisted,khot_rank,2,290,0.9600,46,3061
small26_assisted,khot_rank,2,291,0.9600,46,3070
small26_assisted,khot_rank,2,292,0.9600,46,3079
small26_assisted,khot_rank,2,293,0.9600,46,3088
small26_assisted,khot_rank,2,294,0.9600,46,3097
small26_assisted,khot_rank,2,295,0.9600,46,3106
small26_assisted,khot_rank,2,296,0.9600,46,3115
small26_assisted,khot_rank,2,297,0.9600,46,3124
small26_assisted,khot_rank,2,298,0.9600,46,3133
small26_assisted,khot_rank,2,299,0.9600,46,3142
small26_assisted,khot_rank,2,300,0.9600,46,3151
small26_assisted,khot_rank,2,301,0.9600,46,3160
small26_assisted,khot_rank,2,302,0.9600,46,3169
small26_assisted,khot_rank,2,303,0.9600,46,3178
small26_assisted,khot_rank,2,304,0.9600,46,3187
small26_assisted,khot_rank,2,305,0.9600,46,3196
small26_assisted,khot_rank,2,306,0.9600,46,3206
small26_assisted,khot_rank,2,307,0.9600,46,3215
small26_assisted,khot_rank,2,308,0.9600,46,3224
small26_assisted,khot_rank,2,309,0.9600,46,3233
small26_assisted,khot_rank,2,310,0.9600,46,3242
small26_assisted,khot_rank,2,311,0.9600,46,3251
small26_assisted,khot_rank,2,312,0.9600,46,3260
small26_assisted,khot_rank,2,313,0.9600,46,3269
small26_assisted,khot_rank,2,314,0.9600,46,3278
small26_assisted,khot_rank,2,315,0.9600,46,3287
small26_assisted,khot_rank,2,316,0.9600,46,3296
small26_assisted,khot_rank,2,317,0.9600,46,3305
small26_assisted,khot_rank,2,318,0.9600,46,3314
small26_assisted,khot_rank,2,319,0.9600,46,3323
small26_assisted,khot_rank,2,320,0.9600,46,3332
small26_assisted,khot_rank,2,321,0.9600,46,3343
small26_assisted,khot_rank,2,322,0.9600,46,3352
small26_assisted,khot_rank,2,323,0.9600,46,3361
small26_assisted,khot_rank,2,324,0.9600,46,3370
small26_assisted,khot_rank,2,325,0.9600,46,3379
small26_assisted,khot_rank,2,326,0.9600,46,3388
small26_assisted,khot_rank,2,327,0.9600,46,3397
small26_assisted,khot_rank,2,328,0.9600,46,3406
small26_assisted,khot_rank,2,329,0.9600,46,3415
small26_assisted,khot_rank,2,330,0.9600,46,3424
small26_assisted,khot_rank,2,331,0.9600,46,3433
small26_assisted,khot_rank,2,332,0.9600,46,3442
small26_assisted,khot_rank,2,333,0.9600,46,3451
small26_assisted,khot_rank,2,334,0.9600,46,3460
small26_assisted,khot_rank,2,335,0.9600,46,3469
small26_assisted,khot_rank,2,336,0.9600,46,3478
small26_assisted,khot_rank,2,337,0.9600,46,3487
small26_assisted,khot_rank,2,338,0.9600,46,3496
small26_assisted,khot_rank,2,339,0.9600,46,3506
small26_assisted,khot_rank,2,340,0.9600,46,3515
small26_assisted,khot_rank,2,341,0.9600,46,3524
small26_assisted,khot_rank,2,342,0.9600,46,3533
small26_assisted,khot_rank,2,343,0.9600,46,3542
small26_assisted,khot_rank,2,344,0.9600,46,3551
small26_assisted,khot_rank,2,345,0.9600,48,3560
small26_assisted,khot_rank,2,346,0.9600,48,3569
small26_assisted,khot_rank,2,347,0.9600,48,3578
small26_assisted,khot_rank,2,348,0.9600,48,3587
small26_assisted,khot_rank,2,349,0.9600,48,3596
small26_assisted,khot_rank,2,350,0.9600,48,3605
small26_assisted,khot_rank,2,351,0.9600,48,3614
small26_assisted,khot_rank,2,352,0.9600,48,3623
small26_assisted,khot_rank,2,353,0.9600,48,3632
small26_assisted,khot_rank,2,354,0.9600,48,3641
small26_assisted,khot_rank,2,355,0.9600,48,3650
small26_assisted,khot_rank,2,356,0.9600,48,3659
small26_assisted,khot_rank,2,357,0.9600,48,3668
small26_assisted,khot_rank,2,358,0.9600,48,3677
small26_assisted,khot_rank,2,359,0.9600,48,3686
small26_assisted,khot_rank,2,360,0.9600,48,3696
small26_assisted,khot_rank,2,361,0.9600,48,3705
small26_assisted,khot_rank,2,362,0.9600,48,3714
small26_assisted,khot_rank,2,363,0.9600,48,3723
small26_assisted,khot_rank,2,364,0.9600,48,3732
small26_assisted,khot_rank,2,365,0.9600,48,3741
small26_assisted,khot_rank,2,366,0.9600,48,3751
small26_assisted,khot_rank,2,367,0.9600,48,3760
small26_assisted,khot_rank,2,368,0.9600,48,3769
small26_assisted,khot_rank,2,369,0.9600,48,3778
small26_assisted,khot_rank,2,370,0.9600,48,3787
small26_assisted,khot_rank,2,371,0.9600,48,3796
small26_assisted,khot_rank,2,372,0.9600,48,3805
small26_assisted,khot_rank,2,373,0.9600,48,3814
small26_assisted,khot_rank,2,374,0.9600,48,3823
small26_assisted,khot_rank,2,375,0.9600,48,3832
small26_assisted,khot_rank,2,376,0.9600,48,3841
small26_assisted,khot_rank,2,377,0.9600,48,3850
small26_assisted,khot_rank,2,378,0.9600,48,3859
small26_assisted,khot_rank,2,379,0.9600,48,3868
small26_assisted,khot_rank,2,380,0.9600,48,3877
small26_assisted,khot_rank,2,381,0.9600,48,3886
small26_assisted,khot_rank,2,382,0.9600,48,3895
small26_assisted,khot_rank,2,383,0.9600,48,3904
small26_assisted,khot_rank,2,384,0.9600,48,3913
small26_assisted,khot_rank,2,385,0.9600,48,3922
small26_assisted,khot_rank,2,386,0.9600,48,3931
small26_assisted,khot_rank,2,387,0.9600,48,3940
small26_assisted,khot_rank,2,388,0.9600,48,3949
small26_assisted,khot_rank,2,389,0.9600,48,3959
small26_assisted,khot_rank,2,390,0.9600,48,3968
small26_assisted,khot_rank,2,391,0.9600,48,3977
small26_assisted,khot_rank,2,392,0.9600,48,3986
small26_assisted,khot_rank,2,393,0.9600,48,3995
small26_assisted,khot_rank,2,394,0.9600,48,4004
small26_assisted,khot_rank,2,395,0.9600,48,4015
small26_assisted,khot_rank,2,396,0.9600,48,4024
small26_assisted,khot_rank,2,397,0.9600,48,4033
small26_assisted,khot_rank,2,398,0.9600,48,4042
small26_assisted,khot_rank,2,399,0.9600,48,4051
small26_assisted,khot_error,2,0,0.5600,16,84
small26_assisted,khot_error,2,1,0.6000,28,172
small26_assisted,khot_error,2,2,0.7200,35,249
small26_assisted,khot_error,2,3,0.7200,35,258
small26_assisted,khot_error,2,4,0.7200,35,267
small26_assisted,khot_error,2,5,0.7200,35,276
small26_assisted,khot_error,2,6,0.7200,35,287
small26_assisted,khot_error,2,7,0.7200,35,296
small26_assisted,khot_error,2,8,0.7200,35,306
small26_assisted,khot_error,2,9,0.7200,35,315
small26_assisted,khot_error,2,10,0.7200,35,329
small26_assisted,khot_error,2,11,0.7600,39,363
small26_assisted,khot_error,2,12,0.7600,39,372
small26_assisted,khot_error,2,13,0.7600,39,381
small26_assisted,khot_error,2,14,0.7600,39,390
small26_assisted,khot_error,2,15,0.7600,39,401
small26_assisted,khot_error,2,16,0.7600,39,410
small26_assisted,khot_error,2,17,0.7600,39,419
small26_assisted,khot_error,2,18,0.7600,39,428
small26_assisted,khot_error,2,19,0.7600,39,437
small26_assisted,khot_error,2,20,0.7600,39,447
small26_assisted,khot_error,2,21,0.7600,39,456
small26_assisted,khot_error,2,22,0.7600,39,467
small26_assisted,khot_error,2,23,0.7600,39,476
small26_assisted,khot_error,2,24,0.7600,39,485
small26_assisted,khot_error,2,25,0.7600,39,494
small26_assisted,khot_error,2,26,0.7600,39,503
small26_assisted,khot_error,2,27,0.7600,39,512
small26_assisted,khot_error,2,28,0.7600,39,521
small26_assisted,khot_error,2,29,0.7600,40,530
small26_assisted,khot_error,2,30,0.7600,40,539
small26_assisted,khot_error,2,31,0.7600,40,548
small26_assisted,khot_error,2,32,0.7600,40,557
small26_assisted,khot_error,2,33,0.7600,40,566
small26_assisted,khot_error,2,34,0.7600,40,575
small26_assisted,khot_error,2,35,0.7600,40,584
small26_assisted,khot_error,2,36,0.7600,40,593
small26_assisted,khot_error,2,37,0.7600,40,602
small26_assisted,khot_error,2,38,0.7600,40,611
small26_assisted,khot_error,2,39,0.7600,40,620
small26_assisted,khot_error,2,40,0.7600,40,629
small26_assisted,khot_error,2,41,0.7600,40,639
small26_assisted,khot_error,2,42,0.7600,40,648
small26_assisted,khot_error,2,43,0.7600,40,657
small26_assisted,khot_error,2,44,0.8800,48,749
small26_assisted,khot_error,2,45,0.8800,49,759
small26_assisted,khot_error,2,46,0.8800,50,767
small26_assisted,khot_error,2,47,0.8800,50,778
small26_assisted,khot_error,2,48,0.8800,50,787
small26_assisted,khot_error,2,49,0.8800,50,796
small26_assisted,khot_error,2,50,0.8800,50,806
small26_assisted,khot_error,2,51,0.8800,50,815
small26_assisted,khot_error,2,52,0.8800,50,826
small26_assisted,khot_error,2,53,0.8800,50,835
small26_assisted,khot_error,2,54,0.8800,50,844
small26_assisted,khot_error,2,55,0.8800,50,853
small26_assisted,khot_error,2,56,0.8800,50,864
small26_assisted,khot_error,2,57,0.8800,50,873
small26_assisted,khot_error,2,58,0.8800,50,882
small26_assisted,khot_error,2,59,0.8800,50,893
small26_assisted,khot_error,2,60,0.8800,50,902
small26_assisted,khot_error,2,61,0.8800,50,911
small26_assisted,khot_error,2,62,0.8800,50,920
small26_assisted,khot_error,2,63,0.8800,50,929
small26_assisted,khot_error,2,64,0.8800,50,938
small26_assisted,khot_error,2,65,0.8800,50,947
small26_assisted,khot_error,2,66,0.8800,50,956
small26_assisted,khot_error,2,67,0.8800,50,965
small26_assisted,khot_error,2,68,0.8800,50,974
small26_assisted,khot_error,2,69,0.8800,50,983
small26_assisted,khot_error,2,70,0.8800,50,992
small26_assisted,khot_error,2,71,0.8800,50,1001
small26_assisted,khot_error,2,72,0.8800,50,1010
small26_assisted,khot_error,2,73,0.8800,50,1019
small26_assisted,khot_error,2,74,0.8800,50,1028
small26_assisted,khot_error,2,75,0.8800,50,1037
small26_assisted,khot_error,2,76,0.8800,50,1046
small26_assisted,khot_error,2,77,0.8800,50,1055
small26_assisted,khot_error,2,78,0.8800,50,1064
small26_assisted,khot_error,2,79,0.8800,50,1073
small26_assisted,khot_error,2,80,0.8800,50,1082
small26_assisted,khot_error,2,81,0.8800,50,1091
small26_assisted,khot_error,2,82,0.8800,50,1100
small26_assisted,khot_error,2,83,0.8800,50,1109
small26_assisted,khot_error,2,84,0.8800,50,1118
small26_assisted,khot_error,2,85,0.8800,50,1127
small26_assisted,khot_error,2,86,0.8800,50,1136
small26_assisted,khot_error,2,87,0.8800,50,1145
small26_assisted,khot_error,2,88,0.8800,50,1154
small26_assisted,khot_error,2,89,0.8800,50,1165
small26_assisted,khot_error,2,90,0.8800,50,1174
small26_assisted,khot_error,2,91,0.8800,50,1183
small26_assisted,khot_error,2,92,0.8800,50,1192
small26_assisted,khot_error,2,93,0.8800,50,1201
small26_assisted,khot_error,2,94,0.8800,50,1210
small26_assisted,khot_error,2,95,0.8800,50,1219
small26_assisted,khot_error,2,96,0.8800,50,1228
small26_assisted,khot_error,2,97,0.8800,50,1237
small26_assisted,khot_error,2,98,0.8800,50,1248
small26_assisted,khot_error,2,99,0.8800,50,1257
small26_assisted,khot_error,2,100,0.8800,50,1266
small26_assisted,khot_error,2,101,0.8800,50,1275
small26_assisted,khot_error,2,102,0.8800,50,1284
small26_assisted,khot_error,2,103,0.8800,50,1293
small26_assisted,khot_error,2,104,0.8800,50,1302
small26_assisted,khot_error,2,105,0.8800,50,1311
small26_assisted,khot_error,2,106,0.8800,50,1320
small26_assisted,khot_error,2,107,0.8800,50,1329
small26_assisted,khot_error,2,108,0.8800,50,1338
small26_assisted,khot_error,2,109,0.8800,50,1347
small26_assisted,khot_error,2,110,0.8800,50,1356
small26_assisted,khot_error,2,111,0.8800,50,1365
small26_assisted,khot_error,2,112,0.8800,50,1374
small26_assisted,khot_error,2,113,0.8800,50,1383
small26_assisted,khot_error,2,114,0.8800,50,1392
small26_assisted,khot_error,2,115,0.8800,50,1401
small26_assisted,khot_error,2,116,0.8800,50,1410
small26_assisted,khot_error,2,117,0.8800,50,1419
small26_assisted,khot_error,2,118,0.8800,50,1428
small26_assisted,khot_error,2,119,0.8800,50,1437
small26_assisted,khot_error,2,120,0.8800,50,1446
small26_assisted,khot_error,2,121,0.8800,50,1455
small26_assisted,khot_error,2,122,0.8800,50,1464
small26_assisted,khot_error,2,123,0.8800,50,1473
small26_assisted,khot_error,2,124,0.8800,50,1482
small26_assisted,khot_error,2,125,0.8800,50,1491
small26_assisted,khot_error,2,126,0.8800,50,1500
small26_assisted,khot_error,2,127,0.8800,50,1511
small26_assisted,khot_error,2,128,0.8800,50,1522
small26_assisted,khot_error,2,129,0.8800,50,1531
small26_assisted,khot_error,2,130,0.8800,50,1542
small26_assisted,khot_error,2,131,0.8800,50,1551
small26_assisted,khot_error,2,132,0.8800,50,1560
small26_assisted,khot_error,2,133,0.8800,50,1569
small26_assisted,khot_error,2,134,0.8800,50,1578
small26_assisted,khot_error,2,135,0.8800,50,1588
small26_assisted,khot_error,2,136,0.8800,50,1597
small26_assisted,khot_error,2,137,0.8800,50,1606
small26_assisted,khot_error,2,138,0.8800,50,1615
small26_assisted,khot_error,2,139,0.8800,50,1624
small26_assisted,khot_error,2,140,0.8800,50,1633
small26_assisted,khot_error,2,141,0.8800,50,1642
small26_assisted,khot_error,2,142,0.8800,50,1651
small26_assisted,khot_error,2,143,0.8800,50,1660
small26_assisted,khot_error,2,144,0.8800,50,1669
small26_assisted,khot_error,2,145,0.8800,50,1678
small26_assisted,khot_error,2,146,0.8800,50,1687
small26_assisted,khot_error,2,147,0.8800,50,1696
small26_assisted,khot_error,2,148,0.8800,50,1705
small26_assisted,khot_error,2,149,0.8800,50,1714
small26_assisted,khot_error,2,150,0.8800,50,1723
small26_assisted,khot_error,2,151,0.8800,50,1732
small26_assisted,khot_error,2,152,0.8800,50,1741
small26_assisted,khot_error,2,153,0.8800,50,1750
small26_assisted,khot_error,2,154,0.8800,50,1759
small26_assisted,khot_error,2,155,0.8800,50,1770
small26_assisted,khot_error,2,156,0.8800,50,1779
small26_assisted,khot_error,2,157,0.8800,50,1788
small26_assisted,khot_error,2,158,0.8800,50,1797
small26_assisted,khot_error,2,159,0.8800,50,1806
small26_assisted,khot_error,2,160,0.8800,50,1816
small26_assisted,khot_error,2,161,0.8800,50,1825
small26_assisted,khot_error,2,162,0.8800,50,1834
small26_assisted,khot_error,2,163,0.8800,50,1843
small26_assisted,khot_error,2,164,0.8800,50,1852
small26_assisted,khot_error,2,165,0.8800,50,1861
small26_assisted,khot_error,2,166,0.8800,50,1872
small26_assisted,khot_error,2,167,0.8800,50,1881
small26_assisted,khot_error,2,168,0.8800,50,1890
small26_assisted,khot_error,2,169,0.8800,50,1899
small26_assisted,khot_error,2,170,0.8800,50,1910
small26_assisted,khot_error,2,171,0.8800,50,1919
small26_assisted,khot_error,2,172,0.8800,50,1928
small26_assisted,khot_error,2,173,0.8800,50,1937
small26_assisted,khot_error,2,174,0.8800,50,1947
small26_assisted,khot_error,2,175,0.8800,50,1956
small26_assisted,khot_error,2,176,0.8800,50,1965
small26_assisted,khot_error,2,177,0.8800,50,1974
small26_assisted,khot_error,2,178,0.8800,50,1983
small26_assisted,khot_error,2,179,0.8800,50,1992
small26_assisted,khot_error,2,180,0.8800,50,2001
small26_assisted,khot_error,2,181,0.8800,50,2010
small26_assisted,khot_error,2,182,0.8800,50,2019
small26_assisted,khot_error,2,183,0.8800,50,2028
small26_assisted,khot_error,2,184,0.8800,50,2037
small26_assisted,khot_error,2,185,0.8800,50,2046
small26_assisted,khot_error,2,186,0.8800,50,2055
small26_assisted,khot_error,2,187,0.8800,50,2064
small26_assisted,khot_error,2,188,0.8800,50,2073
small26_assisted,khot_error,2,189,0.8800,50,2082
small26_assisted,khot_error,2,190,0.8800,50,2091
small26_assisted,khot_error,2,191,0.8800,50,2100
small26_assisted,khot_error,2,192,0.8800,50,2109
small26_assisted,khot_error,2,193,0.8800,50,2118
small26_assisted,khot_error,2,194,0.8800,50,2127
small26_assisted,khot_error,2,195,0.8800,50,2136
small26_assisted,khot_error,2,196,0.8800,50,2147
small26_assisted,khot_error,2,197,0.8800,50,2156
small26_assisted,khot_error,2,198,0.8800,50,2166
small26_assisted,khot_error,2,199,0.8800,50,2175
small26_assisted,khot_error,2,200,0.8800,50,2184
small26_assisted,khot_error,2,201,0.8800,50,2193
small26_assisted,khot_error,2,202,0.8800,50,2202
small26_assisted,khot_error,2,203,0.8800,50,2211
small26_assisted,khot_error,2,204,0.8800,50,2220
small26_assisted,khot_error,2,205,0.8800,50,2229
small26_assisted,khot_error,2,206,0.8800,50,2240
small26_assisted,khot_error,2,207,0.8800,50,2249
small26_assisted,khot_error,2,208,0.8800,50,2258
small26_assisted,khot_error,2,209,0.8800,50,2267
small26_assisted,khot_error,2,210,0.8800,50,2276
small26_assisted,khot_error,2,211,0.8800,50,2285
small26_assisted,khot_error,2,212,0.8800,50,2294
small26_assisted,khot_error,2,213,0.8800,51,2304
small26_assisted,khot_error,2,214,0.8800,51,2313
small26_assisted,khot_error,2,215,0.8800,51,2322
small26_assisted,khot_error,2,216,0.8800,51,2331
small26_assisted,khot_error,2,217,0.8800,51,2340
small26_assisted,khot_error,2,218,0.8800,51,2349
small26_assisted,khot_error,2,219,0.8800,51,2358
small26_assisted,khot_error,2,220,0.8800,51,2367
small26_assisted,khot_error,2,221,0.8800,51,2376
small26_assisted,khot_error,2,222,0.8800,51,2385
small26_assisted,khot_error,2,223,0.8800,51,2394
small26_assisted,khot_error,2,224,0.8800,51,2403
small26_assisted,khot_error,2,225,0.8800,51,2412
small26_assisted,khot_error,2,226,0.8800,51,2421
small26_assisted,khot_error,2,227,0.8800,51,2430
small26_assisted,khot_error,2,228,0.8800,51,2439
small26_assisted,khot_error,2,229,0.8800,51,2448
small26_assisted,khot_error,2,230,0.8800,51,2457
small26_assisted,khot_error,2,231,0.8800,51,2466
small26_assisted,khot_error,2,232,0.8800,51,2475
small26_assisted,khot_error,2,233,0.8800,51,2484
small26_assisted,khot_error,2,234,0.8800,51,2493
small26_assisted,khot_error,2,235,0.8800,51,2502
small26_assisted,khot_error,2,236,0.8800,51,2511
small26_assisted,khot_error,2,237,0.8800,51,2520
small26_assisted,khot_error,2,238,0.8800,51,2529
small26_assisted,khot_error,2,239,0.8800,51,2538
small26_assisted,khot_error,2,240,0.8800,51,2547
small26_assisted,khot_error,2,241,0.8800,51,2556
small26_assisted,khot_error,2,242,0.8800,51,2565
small26_assisted,khot_error,2,243,0.8800,51,2574
small26_assisted,khot_error,2,244,0.8800,51,2583
small26_assisted,khot_error,2,245,0.8800,51,2592
small26_assisted,khot_error,2,246,0.8800,51,2601
small26_assisted,khot_error,2,247,0.8800,51,2610
small26_assisted,khot_error,2,248,0.8800,51,2619
small26_assisted,khot_error,2,249,0.8800,51,2628
small26_assisted,khot_error,2,250,0.8800,51,2637
small26_assisted,khot_error,2,251,0.8800,51,2646
small26_assisted,khot_error,2,252,0.8800,51,2655
small26_assisted,khot_error,2,253,0.8800,51,2664
small26_assisted,khot_error,2,254,0.8800,51,2673
small26_assisted,khot_error,2,255,0.8800,51,2682
small26_assisted,khot_error,2,256,0.8800,51,2693
small26_assisted,khot_error,2,257,0.8800,51,2702
small26_assisted,khot_error,2,258,0.8800,51,2711
small26_assisted,khot_error,2,259,0.8800,51,2720
small26_assisted,khot_error,2,260,0.8800,51,2729
small26_assisted,khot_error,2,261,0.8800,51,2738
small26_assisted,khot_error,2,262,0.8800,51,2747
small26_assisted,khot_error,2,263,0.8800,51,2756
small26_assisted,khot_error,2,264,0.8800,51,2765
small26_assisted,khot_error,2,265,0.8800,51,2774
small26_assisted,khot_error,2,266,0.8800,51,2783
small26_assisted,khot_error,2,267,0.8800,51,2792
small26_assisted,khot_error,2,268,0.8800,51,2801
small26_assisted,khot_error,2,269,0.8800,51,2810
small26_assisted,khot_error,2,270,0.8800,51,2819
small26_assisted,khot_error,2,271,0.8800,51,2828
small26_assisted,khot_error,2,272,0.8800,51,2837
small26_assisted,khot_error,2,273,0.8800,51,2846
small26_assisted,khot_error,2,274,0.8800,51,2855
small26_assisted,khot_error,2,275,0.8800,51,2864
small26_assisted,khot_error,2,276,0.8800,51,2873
small26_assisted,khot_error,2,277,0.8800,51,2882
small26_assisted,khot_error,2,278,0.8800,51,2891
small26_assisted,khot_error,2,279,0.8800,51,2900
small26_assisted,khot_error,2,280,0.8800,51,2909
small26_assisted,khot_error,2,281,0.8800,51,2918
small26_assisted,khot_error,2,282,0.8800,51,2927
small26_assisted,khot_error,2,283,0.8800,51,2936
small26_assisted,khot_error,2,284,0.8800,51,2945
small26_assisted,khot_error,2,285,0.8800,51,2954
small26_assisted,khot_error,2,286,0.8800,51,2963
small26_assisted,khot_error,2,287,0.8800,51,2972
small26_assisted,khot_error,2,288,0.8800,51,2981
small26_assisted,khot_error,2,289,0.8800,51,2990
small26_assisted,khot_error,2,290,0.8800,51,2999
small26_assisted,khot_error,2,291,0.8800,51,3008
small26_assisted,khot_error,2,292,0.8800,51,3017
small26_assisted,khot_error,2,293,0.8800,51,3026
small26_assisted,khot_error,2,294,0.8800,51,3035
small26_assisted,khot_error,2,295,0.8800,51,3044
small26_assisted,khot_error,2,296,0.8800,51,3053
small26_assisted,khot_error,2,297,0.8800,51,3062
small26_assisted,khot_error,2,298,0.8800,51,3071
small26_assisted,khot_error,2,299,0.8800,51,3080
small26_assisted,khot_error,2,300,0.8800,51,3089
small26_assisted,khot_error,2,301,0.8800,51,3098
small26_assisted,khot_error,2,302,0.8800,51,3107
small26_assisted,khot_error,2,303,0.8800,51,3116
small26_assisted,khot_error,2,304,0.8800,51,3125
small26_assisted,khot_error,2,305,0.8800,51,3134
small26_assisted,khot_error,2,306,0.8800,51,3144
small26_assisted,khot_error,2,307,0.8800,51,3153
small26_assisted,khot_error,2,308,0.8800,51,3162
small26_assisted,khot_error,2,309,0.8800,51,3171
small26_assisted,khot_error,2,310,0.8800,51,3180
small26_assisted,khot_error,2,311,0.8800,51,3189
small26_assisted,khot_error,2,312,0.8800,51,3198
small26_assisted,khot_error,2,313,0.8800,51,3207
small26_assisted,khot_error,2,314,0.8800,51,3216
small26_assisted,khot_error,2,315,0.8800,51,3225
small26_assisted,khot_error,2,316,0.8800,51,3234
small26_assisted,khot_error,2,317,0.8800,51,3243
small26_assisted,khot_error,2,318,0.8800,51,3252
small26_assisted,khot_error,2,319,0.8800,51,3261
small26_assisted,khot_error,2,320,0.8800,51,3270
small26_assisted,khot_error,2,321,0.8800,51,3281
small26_assisted,khot_error,2,322,0.8800,51,3290
small26_assisted,khot_error,2,323,0.8800,51,3299
small26_assisted,khot_error,2,324,0.8800,51,3308
small26_assisted,khot_error,2,325,0.8800,51,3317
small26_assisted,khot_error,2,326,0.8800,51,3326
small26_assisted,khot_error,2,327,0.8800,51,3335
small26_assisted,khot_error,2,328,0.8800,51,3344
small26_assisted,khot_error,2,329,0.8800,51,3353
small26_assisted,khot_error,2,330,0.8800,51,3362
small26_assisted,khot_error,2,331,0.8800,51,3371
small26_assisted,khot_error,2,332,0.8800,51,3380
small26_assisted,khot_error,2,333,0.8800,51,3389
small26_assisted,khot_error,2,334,0.8800,51,3398
small26_assisted,khot_error,2,335,0.8800,51,3407
small26_assisted,khot_error,2,336,0.8800,51,3416
small26_assisted,khot_error,2,337,0.8800,51,3425
small26_assisted,khot_error,2,338,0.8800,51,3434
small26_assisted,khot_error,2,339,0.8800,51,3444
small26_assisted,khot_error,2,340,0.8800,51,3453
small26_assisted,khot_error,2,341,0.8800,51,3462
small26_assisted,khot_error,2,342,0.8800,51,3471
small26_assisted,khot_error,2,343,0.8800,51,3480
small26_assisted,khot_error,2,344,0.8800,51,3489
small26_assisted,khot_error,2,345,0.8800,51,3500
small26_assisted,khot_error,2,346,0.8800,51,3509
small26_assisted,khot_error,2,347,0.8800,51,3518
small26_assisted,khot_error,2,348,0.8800,51,3527
small26_assisted,khot_error,2,349,0.8800,51,3536
small26_assisted,khot_error,2,350,0.8800,51,3545
small26_assisted,khot_error,2,351,0.8800,51,3554
small26_assisted,khot_error,2,352,0.8800,51,3563
small26_assisted,khot_error,2,353,0.8800,51,3572
small26_assisted,khot_error,2,354,0.8800,51,3581
small26_assisted,khot_error,2,355,0.8800,51,3590
small26_assisted,khot_error,2,356,0.8800,51,3599
small26_assisted,khot_error,2,357,0.8800,51,3608
small26_assisted,khot_error,2,358,0.8800,51,3617
small26_assisted,khot_error,2,359,0.8800,51,3626
small26_assisted,khot_error,2,360,0.8800,51,3636
small26_assisted,khot_error,2,361,0.8800,51,3645
small26_assisted,khot_error,2,362,0.8800,51,3654
small26_assisted,khot_error,2,363,0.8800,51,3663
small26_assisted,khot_error,2,364,0.8800,51,3672
small26_assisted,khot_error,2,365,0.8800,51,3681
small26_assisted,khot_error,2,366,0.8800,51,3691
small26_assisted,khot_error,2,367,0.8800,51,3700
small26_assisted,khot_error,2,368,0.8800,51,3709
small26_assisted,khot_error,2,369,0.8800,51,3718
small26_assisted,khot_error,2,370,0.8800,51,3727
small26_assisted,khot_error,2,371,0.8800,51,3736
small26_assisted,khot_error,2,372,0.8800,51,3745
small26_assisted,khot_error,2,373,0.8800,51,3754
small26_assisted,khot_error,2,374,0.8800,51,3763
small26_assisted,khot_error,2,375,0.8800,51,3772
small26_assisted,khot_error,2,376,0.8800,51,3781
small26_assisted,khot_error,2,377,0.8800,51,3790
small26_assisted,khot_error,2,378,0.8800,51,3799
small26_assisted,khot_error,2,379,0.8800,51,3808
small26_assisted,khot_error,2,380,0.8800,51,3817
small26_assisted,khot_error,2,381,0.8800,51,3826
small26_assisted,khot_error,2,382,0.8800,51,3835
small26_assisted,khot_error,2,383,0.8800,51,3844
small26_assisted,khot_error,2,384,0.8800,51,3853
small26_assisted,khot_error,2,385,0.8800,51,3862
small26_assisted,khot_error,2,386,0.8800,51,3871
small26_assisted,khot_error,2,387,0.8800,51,3880
small26_assisted,khot_error,2,388,0.8800,51,3889
small26_assisted,khot_error,2,389,0.8800,52,3898
small26_assisted,khot_error,2,390,0.8800,52,3907
small26_assisted,khot_error,2,391,0.8800,52,3916
small26_assisted,khot_error,2,392,0.8800,52,3925
small26_assisted,khot_error,2,393,0.8800,52,3934
small26_assisted,khot_error,2,394,0.8800,52,3943
small26_assisted,khot_error,2,395,0.8800,52,3954
small26_assisted,khot_error,2,396,0.8800,52,3963
small26_assisted,khot_error,2,397,0.8800,52,3972
small26_assisted,khot_error,2,398,0.8800,52,3981
small26_assisted,khot_error,2,399,0.8800,52,3990
small26_assisted,khot_decay,2,0,0.4800,100,0
small26_assisted,khot_decay,2,1,0.6000,197,3
small26_assisted,khot_decay,2,2,0.6800,257,7
small26_assisted,khot_decay,2,3,0.6800,265,10
small26_assisted,khot_decay,2,4,0.6800,268,16
small26_assisted,khot_decay,2,5,0.7200,273,22
small26_assisted,khot_decay,2,6,0.6800,278,26
small26_assisted,khot_decay,2,7,0.7600,281,32
small26_assisted,khot_decay,2,8,0.7600,285,39
small26_assisted,khot_decay,2,9,0.7600,291,42
small26_assisted,khot_decay,2,10,0.7600,294,48
small26_assisted,khot_decay,2,11,0.7200,299,52
small26_assisted,khot_decay,2,12,0.7200,302,58
small26_assisted,khot_decay,2,13,0.7200,305,67
small26_assisted,khot_decay,2,14,0.7600,311,70
small26_assisted,khot_decay,2,15,0.7600,316,74
small26_assisted,khot_decay,2,16,0.7600,319,81
small26_assisted,khot_decay,2,17,0.7600,323,86
small26_assisted,khot_decay,2,18,0.7600,327,91
small26_assisted,khot_decay,2,19,0.7600,330,97
small26_assisted,khot_decay,2,20,0.7200,332,104
small26_assisted,khot_decay,2,21,0.7200,334,111
small26_assisted,khot_decay,2,22,0.7200,335,119
small26_assisted,khot_decay,2,23,0.7200,337,126
small26_assisted,khot_decay,2,24,0.7200,339,133
small26_assisted,khot_decay,2,25,0.7200,342,139
small26_assisted,khot_decay,2,26,0.7600,356,146
small26_assisted,khot_decay,2,27,0.7600,357,154
small26_assisted,khot_decay,2,28,0.7600,358,162
small26_assisted,khot_decay,2,29,0.7600,360,169
small26_assisted,khot_decay,2,30,0.7600,361,177
small26_assisted,khot_decay,2,31,0.7600,362,185
small26_assisted,khot_decay,2,32,0.7600,363,193
small26_assisted,khot_decay,2,33,0.7600,366,200
small26_assisted,khot_decay,2,34,0.7600,368,209
small26_assisted,khot_decay,2,35,0.7600,369,217
small26_assisted,khot_decay,2,36,0.7600,370,225
small26_assisted,khot_decay,2,37,0.7600,372,232
small26_assisted,khot_decay,2,38,0.7600,373,240
small26_assisted,khot_decay,2,39,0.7600,374,248
small26_assisted,khot_decay,2,40,0.7600,376,255
small26_assisted,khot_decay,2,41,0.7600,379,261
small26_assisted,khot_decay,2,42,0.7600,380,269
small26_assisted,khot_decay,2,43,0.7600,381,277
small26_assisted,khot_decay,2,44,0.7600,383,285
small26_assisted,khot_decay,2,45,0.7600,384,293
small26_assisted,khot_decay,2,46,0.7600,387,301
small26_assisted,khot_decay,2,47,0.7600,390,307
small26_assisted,khot_decay,2,48,0.7600,391,315
small26_assisted,khot_decay,2,49,0.7600,392,323
small26_assisted,khot_decay,2,50,0.7600,394,330
small26_assisted,khot_decay,2,51,0.7600,395,338
small26_assisted,khot_decay,2,52,0.7600,397,345
small26_assisted,khot_decay,2,53,0.7600,398,353
small26_assisted,khot_decay,2,54,0.7600,399,363
small26_assisted,khot_decay,2,55,0.7600,400,371
small26_assisted,khot_decay,2,56,0.7600,403,378
small26_assisted,khot_decay,2,57,0.7600,404,386
small26_assisted,khot_decay,2,58,0.7600,406,393
small26_assisted,khot_decay,2,59,0.7600,408,400
small26_assisted,khot_decay,2,60,0.7600,409,408
small26_assisted,khot_decay,2,61,0.7600,411,416
small26_assisted,khot_decay,2,62,0.7600,413,423
small26_assisted,khot_decay,2,63,0.7600,414,431
small26_assisted,khot_decay,2,64,0.7600,415,439
small26_assisted,khot_decay,2,65,0.7600,416,447
small26_assisted,khot_decay,2,66,0.7600,418,454
small26_assisted,khot_decay,2,67,0.7600,420,461
small26_assisted,khot_decay,2,68,0.7600,421,469
small26_assisted,khot_decay,2,69,0.7600,424,475
small26_assisted,khot_decay,2,70,0.7600,425,483
small26_assisted,khot_decay,2,71,0.7600,428,489
small26_assisted,khot_decay,2,72,0.7600,429,497
small26_assisted,khot_decay,2,73,0.7600,432,505
small26_assisted,khot_decay,2,74,0.7600,434,512
small26_assisted,khot_decay,2,75,0.7600,437,518
small26_assisted,khot_decay,2,76,0.7600,439,525
small26_assisted,khot_decay,2,77,0.7600,442,531
small26_assisted,khot_decay,2,78,0.7600,443,539
small26_assisted,khot_decay,2,79,0.7600,444,547
small26_assisted,khot_decay,2,80,0.7600,446,554
small26_assisted,khot_decay,2,81,0.7600,447,562
small26_assisted,khot_decay,2,82,0.7600,448,570
small26_assisted,khot_decay,2,83,0.7600,449,578
small26_assisted,khot_decay,2,84,0.7600,451,585
small26_assisted,khot_decay,2,85,0.7600,453,594
small26_assisted,khot_decay,2,86,0.7600,454,602
small26_assisted,khot_decay,2,87,0.7600,455,610
small26_assisted,khot_decay,2,88,0.7600,456,618
small26_assisted,khot_decay,2,89,0.7600,480,627
small26_assisted,khot_decay,2,90,0.7600,482,634
small26_assisted,khot_decay,2,91,0.7600,483,642
small26_assisted,khot_decay,2,92,0.7600,485,650
small26_assisted,khot_decay,2,93,0.7600,486,658
small26_assisted,khot_decay,2,94,0.7600,487,666
small26_assisted,khot_decay,2,95,0.7600,489,673
small26_assisted,khot_decay,2,96,0.7600,491,680
small26_assisted,khot_decay,2,97,0.7600,492,688
small26_assisted,khot_decay,2,98,0.7600,493,696
small26_assisted,khot_decay,2,99,0.7600,494,704
small26_assisted,khot_decay,2,100,0.7600,495,712
small26_assisted,khot_decay,2,101,0.7600,497,719
small26_assisted,khot_decay,2,102,0.7600,499,726
small26_assisted,khot_decay,2,103,0.7600,500,734
small26_assisted,khot_decay,2,104,0.7600,501,742
small26_assisted,khot_decay,2,105,0.7600,502,750
small26_assisted,khot_decay,2,106,0.7600,504,757
small26_assisted,khot_decay,2,107,0.7600,505,765
small26_assisted,khot_decay,2,108,0.7600,506,775
small26_assisted,khot_decay,2,109,0.7600,507,783
small26_assisted,khot_decay,2,110,0.7600,508,791
small26_assisted,khot_decay,2,111,0.7600,509,799
small26_assisted,khot_decay,2,112,0.7600,511,806
small26_assisted,khot_decay,2,113,0.7600,513,813
small26_assisted,khot_decay,2,114,0.7600,514,821
small26_assisted,khot_decay,2,115,0.7600,515,829
small26_assisted,khot_decay,2,116,0.7600,516,837
small26_assisted,khot_decay,2,117,0.7600,517,845
small26_assisted,khot_decay,2,118,0.7600,518,853
small26_assisted,khot_decay,2,119,0.7600,519,863
small26_assisted,khot_decay,2,120,0.7600,520,871
small26_assisted,khot_decay,2,121,0.7600,521,879
small26_assisted,khot_decay,2,122,0.7600,523,886
small26_assisted,khot_decay,2,123,0.7600,524,894
small26_assisted,khot_decay,2,124,0.7600,525,902
small26_assisted,khot_decay,2,125,0.7600,526,910
small26_assisted,khot_decay,2,126,0.7600,527,918
small26_assisted,khot_decay,2,127,0.7600,530,924
small26_assisted,khot_decay,2,128,0.7600,532,931
small26_assisted,khot_decay,2,129,0.7600,533,939
small26_assisted,khot_decay,2,130,0.7600,534,947
small26_assisted,khot_decay,2,131,0.7600,536,954
small26_assisted,khot_decay,2,132,0.7600,537,962
small26_assisted,khot_decay,2,133,0.7600,539,969
small26_assisted,khot_decay,2,134,0.7600,540,977
small26_assisted,khot_decay,2,135,0.7600,541,985
small26_assisted,khot_decay,2,136,0.7600,542,993
small26_assisted,khot_decay,2,137,0.7600,543,1001
small26_assisted,khot_decay,2,138,0.7600,546,1007
small26_assisted,khot_decay,2,139,0.7600,547,1015
small26_assisted,khot_decay,2,140,0.7600,548,1023
small26_assisted,khot_decay,2,141,0.7600,549,1031
small26_assisted,khot_decay,2,142,0.7600,550,1039
small26_assisted,khot_decay,2,143,0.7600,551,1047
small26_assisted,khot_decay,2,144,0.7600,552,1055
small26_assisted,khot_decay,2,145,0.7600,553,1063
small26_assisted,khot_decay,2,146,0.7600,555,1072
small26_assisted,khot_decay,2,147,0.7600,557,1079
small26_assisted,khot_decay,2,148,0.7600,558,1087
small26_assisted,khot_decay,2,149,0.7600,559,1095
small26_assisted,khot_decay,2,150,0.7600,561,1102
small26_assisted,khot_decay,2,151,0.7600,563,1109
small26_assisted,khot_decay,2,152,0.7600,564,1117
small26_assisted,khot_decay,2,153,0.7600,567,1123
small26_assisted,khot_decay,2,154,0.7600,568,1131
small26_assisted,khot_decay,2,155,0.7600,569,1139
small26_assisted,khot_decay,2,156,0.7600,570,1147
small26_assisted,khot_decay,2,157,0.7600,571,1155
small26_assisted,khot_decay,2,158,0.7600,574,1161
small26_assisted,khot_decay,2,159,0.7600,575,1169
small26_assisted,khot_decay,2,160,0.7600,577,1176
small26_assisted,khot_decay,2,161,0.7600,580,1182
small26_assisted,khot_decay,2,162,0.7600,582,1189
small26_assisted,khot_decay,2,163,0.7600,583,1197
small26_assisted,khot_decay,2,164,0.7600,584,1205
small26_assisted,khot_decay,2,165,0.7600,586,1212
small26_assisted,khot_decay,2,166,0.7600,591,1218
small26_assisted,khot_decay,2,167,0.7600,592,1226
small26_assisted,khot_decay,2,168,0.7600,593,1234
small26_assisted,khot_decay,2,169,0.7600,595,1241
small26_assisted,khot_decay,2,170,0.7600,597,1248
small26_assisted,khot_decay,2,171,0.7600,598,1256
small26_assisted,khot_decay,2,172,0.7600,599,1264
small26_assisted,khot_decay,2,173,0.7600,601,1271
small26_assisted,khot_decay,2,174,0.7600,603,1278
small26_assisted,khot_decay,2,175,0.7600,604,1286
small26_assisted,khot_decay,2,176,0.7600,605,1294
small26_assisted,khot_decay,2,177,0.7600,608,1300
small26_assisted,khot_decay,2,178,0.7600,609,1308
small26_assisted,khot_decay,2,179,0.7600,610,1316
small26_assisted,khot_decay,2,180,0.7600,611,1324
small26_assisted,khot_decay,2,181,0.7600,612,1332
small26_assisted,khot_decay,2,182,0.7600,613,1340
small26_assisted,khot_decay,2,183,0.7600,614,1348
small26_assisted,khot_decay,2,184,0.7600,615,1356
small26_assisted,khot_decay,2,185,0.7600,617,1363
small26_assisted,khot_decay,2,186,0.7600,618,1371
small26_assisted,khot_decay,2,187,0.7600,620,1378
small26_assisted,khot_decay,2,188,0.7600,621,1386
small26_assisted,khot_decay,2,189,0.7600,623,1393
small26_assisted,khot_decay,2,190,0.7600,624,1401
small26_assisted,khot_decay,2,191,0.7600,625,1409
small26_assisted,khot_decay,2,192,0.7600,626,1417
small26_assisted,khot_decay,2,193,0.7600,629,1424
small26_assisted,khot_decay,2,194,0.7600,630,1432
small26_assisted,khot_decay,2,195,0.7600,631,1440
small26_assisted,khot_decay,2,196,0.7600,634,1447
small26_assisted,khot_decay,2,197,0.7600,635,1455
small26_assisted,khot_decay,2,198,0.7600,636,1463
small26_assisted,khot_decay,2,199,0.7600,637,1471
small26_assisted,khot_decay,2,200,0.7600,640,1477
small26_assisted,khot_decay,2,201,0.7600,641,1485
small26_assisted,khot_decay,2,202,0.7600,643,1492
small26_assisted,khot_decay,2,203,0.7600,645,1499
small26_assisted,khot_decay,2,204,0.7600,647,1506
small26_assisted,khot_decay,2,205,0.7600,648,1514
small26_assisted,khot_decay,2,206,0.7600,649,1522
small26_assisted,khot_decay,2,207,0.7600,650,1530
small26_assisted,khot_decay,2,208,0.7600,652,1537
small26_assisted,khot_decay,2,209,0.7600,654,1544
small26_assisted,khot_decay,2,210,0.7600,656,1551
small26_assisted,khot_decay,2,211,0.7600,657,1559
small26_assisted,khot_decay,2,212,0.7600,659,1566
small26_assisted,khot_decay,2,213,0.7600,660,1574
small26_assisted,khot_decay,2,214,0.7600,661,1582
small26_assisted,khot_decay,2,215,0.7600,662,1590
small26_assisted,khot_decay,2,216,0.7600,663,1598
small26_assisted,khot_decay,2,217,0.7600,664,1606
small26_assisted,khot_decay,2,218,0.7600,665,1614
small26_assisted,khot_decay,2,219,0.7600,666,1622
small26_assisted,khot_decay,2,220,0.7600,667,1630
small26_assisted,khot_decay,2,221,0.7600,669,1637
small26_assisted,khot_decay,2,222,0.7600,670,1645
small26_assisted,khot_decay,2,223,0.7600,671,1653
small26_assisted,khot_decay,2,224,0.7600,672,1661
small26_assisted,khot_decay,2,225,0.7600,674,1668
small26_assisted,khot_decay,2,226,0.7600,675,1676
small26_assisted,khot_decay,2,227,0.7600,676,1684
small26_assisted,khot_decay,2,228,0.7600,677,1692
small26_assisted,khot_decay,2,229,0.7600,678,1700
small26_assisted,khot_decay,2,230,0.7600,681,1706
small26_assisted,khot_decay,2,231,0.7600,682,1714
small26_assisted,khot_decay,2,232,0.7600,683,1722
small26_assisted,khot_decay,2,233,0.7600,685,1730
small26_assisted,khot_decay,2,234,0.7600,687,1737
small26_assisted,khot_decay,2,235,0.7600,688,1745
small26_assisted,khot_decay,2,236,0.7600,689,1753
small26_assisted,khot_decay,2,237,0.7600,690,1761
small26_assisted,khot_decay,2,238,0.7600,691,1769
small26_assisted,khot_decay,2,239,0.7600,693,1776
small26_assisted,khot_decay,2,240,0.7600,696,1783
small26_assisted,khot_decay,2,241,0.7600,697,1791
small26_assisted,khot_decay,2,242,0.7600,698,1799
small26_assisted,khot_decay,2,243,0.7600,700,1806
small26_assisted,khot_decay,2,244,0.7600,701,1814
small26_assisted,khot_decay,2,245,0.7600,702,1822
small26_assisted,khot_decay,2,246,0.7600,703,1830
small26_assisted,khot_decay,2,247,0.7600,704,1838
small26_assisted,khot_decay,2,248,0.7600,705,1846
small26_assisted,khot_decay,2,249,0.7600,707,1853
small26_assisted,khot_decay,2,250,0.7600,708,1861
small26_assisted,khot_decay,2,251,0.7600,709,1869
small26_assisted,khot_decay,2,252,0.7600,710,1877
small26_assisted,khot_decay,2,253,0.7600,711,1885
small26_assisted,khot_decay,2,254,0.7600,712,1893
small26_assisted,khot_decay,2,255,0.7600,713,1901
small26_assisted,khot_decay,2,256,0.7600,714,1909
small26_assisted,khot_decay,2,257,0.7600,715,1917
small26_assisted,khot_decay,2,258,0.7600,716,1925
small26_assisted,khot_decay,2,259,0.7600,718,1932
small26_assisted,khot_decay,2,260,0.7600,720,1939
small26_assisted,khot_decay,2,261,0.7200,724,1945
small26_assisted,khot_decay,2,262,0.7200,725,1953
small26_assisted,khot_decay,2,263,0.7200,726,1961
small26_assisted,khot_decay,2,264,0.7200,727,1969
small26_assisted,khot_decay,2,265,0.7200,729,1976
small26_assisted,khot_decay,2,266,0.7200,730,1984
small26_assisted,khot_decay,2,267,0.7200,734,1991
small26_assisted,khot_decay,2,268,0.7200,736,1998
small26_assisted,khot_decay,2,269,0.7200,739,2005
small26_assisted,khot_decay,2,270,0.7200,741,2012
small26_assisted,khot_decay,2,271,0.7200,742,2020
small26_assisted,khot_decay,2,272,0.7200,743,2028
small26_assisted,khot_decay,2,273,0.7200,744,2036
small26_assisted,khot_decay,2,274,0.7200,745,2044
small26_assisted,khot_decay,2,275,0.7200,746,2052
small26_assisted,khot_decay,2,276,0.7200,747,2060
small26_assisted,khot_decay,2,277,0.7200,748,2068
small26_assisted,khot_decay,2,278,0.7200,749,2076
small26_assisted,khot_decay,2,279,0.7200,750,2084
small26_assisted,khot_decay,2,280,0.7200,752,2091
small26_assisted,khot_decay,2,281,0.7200,753,2099
small26_assisted,khot_decay,2,282,0.7200,754,2107
small26_assisted,khot_decay,2,283,0.7200,756,2114
small26_assisted,khot_decay,2,284,0.7200,758,2121
small26_assisted,khot_decay,2,285,0.7200,759,2129
small26_assisted,khot_decay,2,286,0.7200,761,2136
small26_assisted,khot_decay,2,287,0.7200,762,2144
small26_assisted,khot_decay,2,288,0.7200,764,2151
small26_assisted,khot_decay,2,289,0.7200,765,2159
small26_assisted,khot_decay,2,290,0.7200,767,2166
small26_assisted,khot_decay,2,291,0.7200,769,2173
small26_assisted,khot_decay,2,292,0.7200,771,2180
small26_assisted,khot_decay,2,293,0.7200,772,2188
small26_assisted,khot_decay,2,294,0.7200,773,2196
small26_assisted,khot_decay,2,295,0.7200,774,2204
small26_assisted,khot_decay,2,296,0.7200,775,2212
small26_assisted,khot_decay,2,297,0.7200,776,2220
small26_assisted,khot_decay,2,298,0.7200,779,2228
small26_assisted,khot_decay,2,299,0.7200,780,2236
small26_assisted,khot_decay,2,300,0.7200,781,2244
small26_assisted,khot_decay,2,301,0.7200,783,2251
small26_assisted,khot_decay,2,302,0.7200,784,2259
small26_assisted,khot_decay,2,303,0.7200,785,2267
small26_assisted,khot_decay,2,304,0.7200,786,2275
small26_assisted,khot_decay,2,305,0.7200,787,2283
small26_assisted,khot_decay,2,306,0.7200,789,2290
small26_assisted,khot_decay,2,307,0.7200,790,2298
small26_assisted,khot_decay,2,308,0.7200,792,2305
small26_assisted,khot_decay,2,309,0.7200,793,2313
small26_assisted,khot_decay,2,310,0.7200,794,2321
small26_assisted,khot_decay,2,311,0.7200,795,2329
small26_assisted,khot_decay,2,312,0.7200,796,2337
small26_assisted,khot_decay,2,313,0.7200,798,2344
small26_assisted,khot_decay,2,314,0.7200,801,2353
small26_assisted,khot_decay,2,315,0.7200,803,2360
small26_assisted,khot_decay,2,316,0.7200,804,2368
small26_assisted,khot_decay,2,317,0.7200,805,2376
small26_assisted,khot_decay,2,318,0.7200,806,2384
small26_assisted,khot_decay,2,319,0.7200,808,2393
small26_assisted,khot_decay,2,320,0.7200,810,2401
small26_assisted,khot_decay,2,321,0.7200,811,2409
small26_assisted,khot_decay,2,322,0.7200,813,2416
small26_assisted,khot_decay,2,323,0.7200,814,2424
small26_assisted,khot_decay,2,324,0.7200,815,2432
small26_assisted,khot_decay,2,325,0.7200,816,2440
small26_assisted,khot_decay,2,326,0.7200,817,2448
small26_assisted,khot_decay,2,327,0.7200,819,2455
small26_assisted,khot_decay,2,328,0.7200,822,2461
small26_assisted,khot_decay,2,329,0.7200,825,2469
small26_assisted,khot_decay,2,330,0.7200,826,2477
small26_assisted,khot_decay,2,331,0.7200,827,2485
small26_assisted,khot_decay,2,332,0.7200,828,2493
small26_assisted,khot_decay,2,333,0.7200,830,2500
small26_assisted,khot_decay,2,334,0.7200,832,2507
small26_assisted,khot_decay,2,335,0.7200,833,2517
small26_assisted,khot_decay,2,336,0.7200,834,2525
small26_assisted,khot_decay,2,337,0.7200,836,2532
small26_assisted,khot_decay,2,338,0.7200,854,2540
small26_assisted,khot_decay,2,339,0.7200,856,2547
small26_assisted,khot_decay,2,340,0.7200,857,2556
small26_assisted,khot_decay,2,341,0.7200,858,2564
small26_assisted,khot_decay,2,342,0.7200,861,2570
small26_assisted,khot_decay,2,343,0.7200,862,2578
small26_assisted,khot_decay,2,344,0.7200,863,2586
small26_assisted,khot_decay,2,345,0.7200,864,2594
small26_assisted,khot_decay,2,346,0.7200,865,2602
small26_assisted,khot_decay,2,347,0.7200,866,2610
small26_assisted,khot_decay,2,348,0.7200,867,2618
small26_assisted,khot_decay,2,349,0.7200,868,2626
small26_assisted,khot_decay,2,350,0.7200,869,2634
small26_assisted,khot_decay,2,351,0.7200,871,2641
small26_assisted,khot_decay,2,352,0.7200,872,2649
small26_assisted,khot_decay,2,353,0.7200,873,2657
small26_assisted,khot_decay,2,354,0.7200,874,2665
small26_assisted,khot_decay,2,355,0.7200,876,2672
small26_assisted,khot_decay,2,356,0.7200,877,2680
small26_assisted,khot_decay,2,357,0.7200,879,2687
small26_assisted,khot_decay,2,358,0.7200,881,2694
small26_assisted,khot_decay,2,359,0.7200,883,2701
small26_assisted,khot_decay,2,360,0.7200,885,2708
small26_assisted,khot_decay,2,361,0.7200,886,2716
small26_assisted,khot_decay,2,362,0.7200,889,2722
small26_assisted,khot_decay,2,363,0.7200,890,2730
small26_assisted,khot_decay,2,364,0.7200,891,2738
small26_assisted,khot_decay,2,365,0.7200,894,2746
small26_assisted,khot_decay,2,366,0.7200,895,2754
small26_assisted,khot_decay,2,367,0.7200,897,2761
small26_assisted,khot_decay,2,368,0.7200,898,2769
small26_assisted,khot_decay,2,369,0.7200,899,2777
small26_assisted,khot_decay,2,370,0.7200,900,2785
small26_assisted,khot_decay,2,371,0.7200,902,2792
small26_assisted,khot_decay,2,372,0.7200,903,2800
small26_assisted,khot_decay,2,373,0.7200,904,2808
small26_assisted,khot_decay,2,374,0.7200,905,2816
small26_assisted,khot_decay,2,375,0.7200,906,2824
small26_assisted,khot_decay,2,376,0.7200,907,2832
small26_assisted,khot_decay,2,377,0.7200,909,2839
small26_assisted,khot_decay,2,378,0.7200,911,2846
small26_assisted,khot_decay,2,379,0.7200,912,2854
small26_assisted,khot_decay,2,380,0.7200,913,2862
small26_assisted,khot_decay,2,381,0.7200,914,2870
small26_assisted,khot_decay,2,382,0.7200,916,2877
small26_assisted,khot_decay,2,383,0.7200,917,2885
small26_assisted,khot_decay,2,384,0.7200,918,2893
small26_assisted,khot_decay,2,385,0.7200,920,2900
small26_assisted,khot_decay,2,386,0.7200,922,2907
small26_assisted,khot_decay,2,387,0.7200,923,2915
small26_assisted,khot_decay,2,388,0.7200,925,2922
small26_assisted,khot_decay,2,389,0.7200,926,2930
small26_assisted,khot_decay,2,390,0.7200,928,2937
small26_assisted,khot_decay,2,391,0.7200,929,2945
small26_assisted,khot_decay,2,392,0.7200,931,2952
small26_assisted,khot_decay,2,393,0.7200,932,2960
small26_assisted,khot_decay,2,394,0.7200,933,2968
small26_assisted,khot_decay,2,395,0.7200,935,2975
small26_assisted,khot_decay,2,396,0.7200,936,2983
small26_assisted,khot_decay,2,397,0.7200,937,2991
small26_assisted,khot_decay,2,398,0.7200,938,3000
small26_assisted,khot_decay,2,399,0.7200,939,3008
