agent,seed,trial,arm,reward,cum_reward,regret,cum_regret
qlearning,0,0,0,0.0,0.0,0.7,0.7
qlearning,0,1,0,1.0,1.0,-0.30000000000000004,0.3999999999999999
qlearning,0,2,0,1.0,2.0,-0.30000000000000004,0.09999999999999987
qlearning,0,3,0,1.0,3.0,-0.30000000000000004,-0.20000000000000018
qlearning,0,4,0,0.0,3.0,0.7,0.4999999999999998
qlearning,0,5,0,0.0,3.0,0.7,1.1999999999999997
qlearning,0,6,0,0.0,3.0,0.7,1.8999999999999997
qlearning,0,7,0,0.0,3.0,0.7,2.5999999999999996
qlearning,0,8,0,0.0,3.0,0.7,3.3
qlearning,0,9,0,0.0,3.0,0.7,4.0
qlearning,0,10,1,0.0,3.0,0.7,4.7
qlearning,0,11,1,1.0,4.0,-0.30000000000000004,4.4
qlearning,0,12,1,0.0,4.0,0.7,5.1000000000000005
qlearning,0,13,1,1.0,5.0,-0.30000000000000004,4.800000000000001
qlearning,0,14,1,0.0,5.0,0.7,5.500000000000001
qlearning,0,15,1,1.0,6.0,-0.30000000000000004,5.200000000000001
qlearning,0,16,1,0.0,6.0,0.7,5.900000000000001
qlearning,0,17,1,1.0,7.0,-0.30000000000000004,5.600000000000001
qlearning,0,18,1,1.0,8.0,-0.30000000000000004,5.300000000000002
qlearning,0,19,1,1.0,9.0,-0.30000000000000004,5.000000000000002
qlearning,0,20,1,1.0,10.0,-0.30000000000000004,4.700000000000002
qlearning,0,21,1,1.0,11.0,-0.30000000000000004,4.400000000000002
qlearning,0,22,0,0.0,11.0,0.7,5.100000000000002
qlearning,0,23,1,1.0,12.0,-0.30000000000000004,4.8000000000000025
qlearning,0,24,1,1.0,13.0,-0.30000000000000004,4.500000000000003
qlearning,0,25,1,1.0,14.0,-0.30000000000000004,4.200000000000003
qlearning,0,26,1,0.0,14.0,0.7,4.900000000000003
qlearning,0,27,1,0.0,14.0,0.7,5.600000000000003
qlearning,0,28,1,1.0,15.0,-0.30000000000000004,5.300000000000003
qlearning,0,29,1,1.0,16.0,-0.30000000000000004,5.0000000000000036
qlearning,0,30,0,0.0,16.0,0.7,5.700000000000004
qlearning,0,31,1,1.0,17.0,-0.30000000000000004,5.400000000000004
qlearning,0,32,1,1.0,18.0,-0.30000000000000004,5.100000000000004
qlearning,0,33,1,0.0,18.0,0.7,5.800000000000004
qlearning,0,34,1,1.0,19.0,-0.30000000000000004,5.500000000000004
qlearning,0,35,1,1.0,20.0,-0.30000000000000004,5.200000000000005
qlearning,0,36,1,1.0,21.0,-0.30000000000000004,4.900000000000005
qlearning,0,37,1,0.0,21.0,0.7,5.600000000000005
qlearning,0,38,1,0.0,21.0,0.7,6.300000000000005
qlearning,0,39,1,1.0,22.0,-0.30000000000000004,6.000000000000005
qlearning,0,40,1,1.0,23.0,-0.30000000000000004,5.7000000000000055
qlearning,0,41,1,1.0,24.0,-0.30000000000000004,5.400000000000006
qlearning,0,42,1,1.0,25.0,-0.30000000000000004,5.100000000000006
qlearning,0,43,1,1.0,26.0,-0.30000000000000004,4.800000000000006
qlearning,0,44,1,1.0,27.0,-0.30000000000000004,4.500000000000006
qlearning,0,45,1,0.0,27.0,0.7,5.200000000000006
qlearning,0,46,1,1.0,28.0,-0.30000000000000004,4.900000000000007
qlearning,0,47,1,1.0,29.0,-0.30000000000000004,4.600000000000007
qlearning,0,48,1,1.0,30.0,-0.30000000000000004,4.300000000000007
qlearning,0,49,1,0.0,30.0,0.7,5.000000000000007
qlearning,0,50,1,0.0,30.0,0.7,5.700000000000007
qlearning,0,51,1,1.0,31.0,-0.30000000000000004,5.4000000000000075
qlearning,0,52,1,0.0,31.0,0.7,6.100000000000008
qlearning,0,53,1,1.0,32.0,-0.30000000000000004,5.800000000000008
qlearning,0,54,1,1.0,33.0,-0.30000000000000004,5.500000000000008
qlearning,0,55,1,1.0,34.0,-0.30000000000000004,5.200000000000008
qlearning,0,56,1,1.0,35.0,-0.30000000000000004,4.900000000000008
qlearning,0,57,1,0.0,35.0,0.7,5.6000000000000085
qlearning,0,58,1,1.0,36.0,-0.30000000000000004,5.300000000000009
qlearning,0,59,1,1.0,37.0,-0.30000000000000004,5.000000000000009
qlearning,0,60,1,1.0,38.0,-0.30000000000000004,4.700000000000009
qlearning,0,61,1,1.0,39.0,-0.30000000000000004,4.400000000000009
qlearning,0,62,1,1.0,40.0,-0.30000000000000004,4.100000000000009
qlearning,0,63,1,1.0,41.0,-0.30000000000000004,3.8000000000000096
qlearning,0,64,1,1.0,42.0,-0.30000000000000004,3.5000000000000098
qlearning,0,65,1,1.0,43.0,-0.30000000000000004,3.20000000000001
qlearning,0,66,0,1.0,44.0,-0.30000000000000004,2.90000000000001
qlearning,0,67,1,0.0,44.0,0.7,3.6000000000000103
qlearning,0,68,1,1.0,45.0,-0.30000000000000004,3.3000000000000105
qlearning,0,69,1,1.0,46.0,-0.30000000000000004,3.0000000000000107
qlearning,0,70,1,1.0,47.0,-0.30000000000000004,2.700000000000011
qlearning,0,71,1,0.0,47.0,0.7,3.400000000000011
qlearning,0,72,1,1.0,48.0,-0.30000000000000004,3.100000000000011
qlearning,0,73,1,0.0,48.0,0.7,3.8000000000000114
qlearning,0,74,1,1.0,49.0,-0.30000000000000004,3.5000000000000115
qlearning,0,75,1,1.0,50.0,-0.30000000000000004,3.2000000000000117
qlearning,0,76,1,1.0,51.0,-0.30000000000000004,2.900000000000012
qlearning,0,77,1,0.0,51.0,0.7,3.600000000000012
qlearning,0,78,0,0.0,51.0,0.7,4.300000000000012
qlearning,0,79,1,1.0,52.0,-0.30000000000000004,4.000000000000012
qlearning,0,80,1,0.0,52.0,0.7,4.700000000000013
qlearning,0,81,1,1.0,53.0,-0.30000000000000004,4.400000000000013
qlearning,0,82,1,1.0,54.0,-0.30000000000000004,4.100000000000013
qlearning,0,83,1,0.0,54.0,0.7,4.800000000000013
qlearning,0,84,1,1.0,55.0,-0.30000000000000004,4.500000000000013
qlearning,0,85,1,0.0,55.0,0.7,5.2000000000000135
qlearning,0,86,1,0.0,55.0,0.7,5.900000000000014
qlearning,0,87,1,0.0,55.0,0.7,6.600000000000014
qlearning,0,88,1,1.0,56.0,-0.30000000000000004,6.300000000000014
qlearning,0,89,1,0.0,56.0,0.7,7.000000000000014
qlearning,0,90,1,0.0,56.0,0.7,7.700000000000014
qlearning,0,91,1,0.0,56.0,0.7,8.400000000000015
qlearning,0,92,1,1.0,57.0,-0.30000000000000004,8.100000000000014
qlearning,0,93,1,0.0,57.0,0.7,8.800000000000013
qlearning,0,94,1,0.0,57.0,0.7,9.500000000000012
qlearning,0,95,1,0.0,57.0,0.7,10.200000000000012
qlearning,0,96,1,1.0,58.0,-0.30000000000000004,9.900000000000011
qlearning,0,97,1,0.0,58.0,0.7,10.60000000000001
qlearning,0,98,1,0.0,58.0,0.7,11.30000000000001
qlearning,0,99,1,0.0,58.0,0.7,12.000000000000009
qlearning,0,100,1,1.0,59.0,-0.30000000000000004,11.700000000000008
qlearning,0,101,1,1.0,60.0,-0.30000000000000004,11.400000000000007
qlearning,0,102,1,0.0,60.0,0.7,12.100000000000007
qlearning,0,103,1,0.0,60.0,0.7,12.800000000000006
qlearning,0,104,1,1.0,61.0,-0.30000000000000004,12.500000000000005
qlearning,0,105,1,1.0,62.0,-0.30000000000000004,12.200000000000005
qlearning,0,106,1,1.0,63.0,-0.30000000000000004,11.900000000000004
qlearning,0,107,1,0.0,63.0,0.7,12.600000000000003
qlearning,0,108,0,1.0,64.0,-0.30000000000000004,12.300000000000002
qlearning,0,109,1,0.0,64.0,0.7,13.000000000000002
qlearning,0,110,1,1.0,65.0,-0.30000000000000004,12.700000000000001
qlearning,0,111,1,1.0,66.0,-0.30000000000000004,12.4
qlearning,0,112,1,0.0,66.0,0.7,13.1
qlearning,0,113,1,1.0,67.0,-0.30000000000000004,12.799999999999999
qlearning,0,114,1,0.0,67.0,0.7,13.499999999999998
qlearning,0,115,1,1.0,68.0,-0.30000000000000004,13.199999999999998
qlearning,0,116,1,0.0,68.0,0.7,13.899999999999997
qlearning,0,117,1,1.0,69.0,-0.30000000000000004,13.599999999999996
qlearning,0,118,1,0.0,69.0,0.7,14.299999999999995
qlearning,0,119,1,1.0,70.0,-0.30000000000000004,13.999999999999995
qlearning,0,120,1,1.0,71.0,-0.30000000000000004,13.699999999999994
qlearning,0,121,1,1.0,72.0,-0.30000000000000004,13.399999999999993
qlearning,0,122,1,0.0,72.0,0.7,14.099999999999993
qlearning,0,123,1,1.0,73.0,-0.30000000000000004,13.799999999999992
qlearning,0,124,1,1.0,74.0,-0.30000000000000004,13.499999999999991
qlearning,0,125,1,1.0,75.0,-0.30000000000000004,13.19999999999999
qlearning,0,126,1,0.0,75.0,0.7,13.89999999999999
qlearning,0,127,1,1.0,76.0,-0.30000000000000004,13.599999999999989
qlearning,0,128,1,1.0,77.0,-0.30000000000000004,13.299999999999988
qlearning,0,129,1,1.0,78.0,-0.30000000000000004,12.999999999999988
qlearning,0,130,1,1.0,79.0,-0.30000000000000004,12.699999999999987
qlearning,0,131,0,0.0,79.0,0.7,13.399999999999986
qlearning,0,132,1,0.0,79.0,0.7,14.099999999999985
qlearning,0,133,1,1.0,80.0,-0.30000000000000004,13.799999999999985
qlearning,0,134,1,1.0,81.0,-0.30000000000000004,13.499999999999984
qlearning,0,135,1,1.0,82.0,-0.30000000000000004,13.199999999999983
qlearning,0,136,1,0.0,82.0,0.7,13.899999999999983
qlearning,0,137,1,1.0,83.0,-0.30000000000000004,13.599999999999982
qlearning,0,138,1,0.0,83.0,0.7,14.299999999999981
qlearning,0,139,1,1.0,84.0,-0.30000000000000004,13.99999999999998
qlearning,0,140,1,1.0,85.0,-0.30000000000000004,13.69999999999998
qlearning,0,141,1,1.0,86.0,-0.30000000000000004,13.399999999999979
qlearning,0,142,1,0.0,86.0,0.7,14.099999999999978
qlearning,0,143,1,1.0,87.0,-0.30000000000000004,13.799999999999978
qlearning,0,144,1,1.0,88.0,-0.30000000000000004,13.499999999999977
qlearning,0,145,1,0.0,88.0,0.7,14.199999999999976
qlearning,0,146,1,1.0,89.0,-0.30000000000000004,13.899999999999975
qlearning,0,147,1,0.0,89.0,0.7,14.599999999999975
qlearning,0,148,1,1.0,90.0,-0.30000000000000004,14.299999999999974
qlearning,0,149,1,0.0,90.0,0.7,14.999999999999973
qlearning,0,150,1,1.0,91.0,-0.30000000000000004,14.699999999999973
qlearning,0,151,1,1.0,92.0,-0.30000000000000004,14.399999999999972
qlearning,0,152,1,1.0,93.0,-0.30000000000000004,14.099999999999971
qlearning,0,153,1,1.0,94.0,-0.30000000000000004,13.79999999999997
qlearning,0,154,1,1.0,95.0,-0.30000000000000004,13.49999999999997
qlearning,0,155,1,0.0,95.0,0.7,14.199999999999969
qlearning,0,156,1,0.0,95.0,0.7,14.899999999999968
qlearning,0,157,1,1.0,96.0,-0.30000000000000004,14.599999999999968
qlearning,0,158,1,0.0,96.0,0.7,15.299999999999967
qlearning,0,159,1,1.0,97.0,-0.30000000000000004,14.999999999999966
qlearning,0,160,1,1.0,98.0,-0.30000000000000004,14.699999999999966
qlearning,0,161,1,1.0,99.0,-0.30000000000000004,14.399999999999965
qlearning,0,162,1,1.0,100.0,-0.30000000000000004,14.099999999999964
qlearning,0,163,1,0.0,100.0,0.7,14.799999999999963
qlearning,0,164,0,0.0,100.0,0.7,15.499999999999963
qlearning,0,165,1,1.0,101.0,-0.30000000000000004,15.199999999999962
qlearning,0,166,1,1.0,102.0,-0.30000000000000004,14.899999999999961
qlearning,0,167,1,0.0,102.0,0.7,15.59999999999996
qlearning,0,168,1,0.0,102.0,0.7,16.29999999999996
qlearning,0,169,1,1.0,103.0,-0.30000000000000004,15.999999999999961
qlearning,0,170,1,1.0,104.0,-0.30000000000000004,15.69999999999996
qlearning,0,171,1,0.0,104.0,0.7,16.39999999999996
qlearning,0,172,1,1.0,105.0,-0.30000000000000004,16.09999999999996
qlearning,0,173,1,1.0,106.0,-0.30000000000000004,15.799999999999958
qlearning,0,174,1,0.0,106.0,0.7,16.499999999999957
qlearning,0,175,1,0.0,106.0,0.7,17.199999999999957
qlearning,0,176,1,1.0,107.0,-0.30000000000000004,16.899999999999956
qlearning,0,177,1,0.0,107.0,0.7,17.599999999999955
qlearning,0,178,1,0.0,107.0,0.7,18.299999999999955
qlearning,0,179,1,0.0,107.0,0.7,18.999999999999954
qlearning,0,180,1,0.0,107.0,0.7,19.699999999999953
qlearning,0,181,1,1.0,108.0,-0.30000000000000004,19.399999999999952
qlearning,0,182,1,1.0,109.0,-0.30000000000000004,19.09999999999995
qlearning,0,183,1,1.0,110.0,-0.30000000000000004,18.79999999999995
qlearning,0,184,1,0.0,110.0,0.7,19.49999999999995
qlearning,0,185,1,1.0,111.0,-0.30000000000000004,19.19999999999995
qlearning,0,186,1,1.0,112.0,-0.30000000000000004,18.89999999999995
qlearning,0,187,1,0.0,112.0,0.7,19.599999999999948
qlearning,0,188,1,1.0,113.0,-0.30000000000000004,19.299999999999947
qlearning,0,189,1,1.0,114.0,-0.30000000000000004,18.999999999999947
qlearning,0,190,1,1.0,115.0,-0.30000000000000004,18.699999999999946
qlearning,0,191,1,1.0,116.0,-0.30000000000000004,18.399999999999945
qlearning,0,192,1,1.0,117.0,-0.30000000000000004,18.099999999999945
qlearning,0,193,1,1.0,118.0,-0.30000000000000004,17.799999999999944
qlearning,0,194,1,0.0,118.0,0.7,18.499999999999943
qlearning,0,195,1,1.0,119.0,-0.30000000000000004,18.199999999999942
qlearning,0,196,1,1.0,120.0,-0.30000000000000004,17.89999999999994
qlearning,0,197,1,0.0,120.0,0.7,18.59999999999994
qlearning,0,198,1,0.0,120.0,0.7,19.29999999999994
qlearning,0,199,1,1.0,121.0,-0.30000000000000004,18.99999999999994
qlearning,0,200,1,1.0,122.0,-0.30000000000000004,18.69999999999994
qlearning,0,201,1,1.0,123.0,-0.30000000000000004,18.399999999999938
qlearning,0,202,1,1.0,124.0,-0.30000000000000004,18.099999999999937
qlearning,0,203,1,1.0,125.0,-0.30000000000000004,17.799999999999937
qlearning,0,204,1,1.0,126.0,-0.30000000000000004,17.499999999999936
qlearning,0,205,1,1.0,127.0,-0.30000000000000004,17.199999999999935
qlearning,0,206,1,0.0,127.0,0.7,17.899999999999935
qlearning,0,207,1,1.0,128.0,-0.30000000000000004,17.599999999999934
qlearning,0,208,1,1.0,129.0,-0.30000000000000004,17.299999999999933
qlearning,0,209,1,0.0,129.0,0.7,17.999999999999932
qlearning,0,210,1,1.0,130.0,-0.30000000000000004,17.699999999999932
qlearning,0,211,1,1.0,131.0,-0.30000000000000004,17.39999999999993
qlearning,0,212,1,1.0,132.0,-0.30000000000000004,17.09999999999993
qlearning,0,213,1,0.0,132.0,0.7,17.79999999999993
qlearning,0,214,1,1.0,133.0,-0.30000000000000004,17.49999999999993
qlearning,0,215,1,1.0,134.0,-0.30000000000000004,17.19999999999993
qlearning,0,216,1,0.0,134.0,0.7,17.899999999999928
qlearning,0,217,1,1.0,135.0,-0.30000000000000004,17.599999999999927
qlearning,0,218,1,0.0,135.0,0.7,18.299999999999926
qlearning,0,219,1,0.0,135.0,0.7,18.999999999999925
qlearning,0,220,1,0.0,135.0,0.7,19.699999999999925
qlearning,0,221,0,1.0,136.0,-0.30000000000000004,19.399999999999924
qlearning,0,222,1,1.0,137.0,-0.30000000000000004,19.099999999999923
qlearning,0,223,0,1.0,138.0,-0.30000000000000004,18.799999999999923
qlearning,0,224,1,0.0,138.0,0.7,19.499999999999922
qlearning,0,225,1,1.0,139.0,-0.30000000000000004,19.19999999999992
qlearning,0,226,1,1.0,140.0,-0.30000000000000004,18.89999999999992
qlearning,0,227,1,1.0,141.0,-0.30000000000000004,18.59999999999992
qlearning,0,228,1,1.0,142.0,-0.30000000000000004,18.29999999999992
qlearning,0,229,1,1.0,143.0,-0.30000000000000004,17.99999999999992
qlearning,0,230,0,0.0,143.0,0.7,18.699999999999918
qlearning,0,231,0,0.0,143.0,0.7,19.399999999999917
qlearning,0,232,1,1.0,144.0,-0.30000000000000004,19.099999999999916
qlearning,0,233,1,0.0,144.0,0.7,19.799999999999915
qlearning,0,234,1,1.0,145.0,-0.30000000000000004,19.499999999999915
qlearning,0,235,1,1.0,146.0,-0.30000000000000004,19.199999999999914
qlearning,0,236,1,1.0,147.0,-0.30000000000000004,18.899999999999913
qlearning,0,237,1,0.0,147.0,0.7,19.599999999999913
qlearning,0,238,1,1.0,148.0,-0.30000000000000004,19.299999999999912
qlearning,0,239,1,0.0,148.0,0.7,19.99999999999991
qlearning,0,240,1,1.0,149.0,-0.30000000000000004,19.69999999999991
qlearning,0,241,1,0.0,149.0,0.7,20.39999999999991
qlearning,0,242,1,0.0,149.0,0.7,21.09999999999991
qlearning,0,243,1,1.0,150.0,-0.30000000000000004,20.79999999999991
qlearning,0,244,1,0.0,150.0,0.7,21.499999999999908
qlearning,0,245,1,1.0,151.0,-0.30000000000000004,21.199999999999907
qlearning,0,246,1,1.0,152.0,-0.30000000000000004,20.899999999999906
qlearning,0,247,1,0.0,152.0,0.7,21.599999999999905
qlearning,0,248,1,1.0,153.0,-0.30000000000000004,21.299999999999905
qlearning,0,249,1,0.0,153.0,0.7,21.999999999999904
qlearning,0,250,1,1.0,154.0,-0.30000000000000004,21.699999999999903
qlearning,0,251,1,1.0,155.0,-0.30000000000000004,21.399999999999903
qlearning,0,252,1,0.0,155.0,0.7,22.099999999999902
qlearning,0,253,1,0.0,155.0,0.7,22.7999999999999
qlearning,0,254,1,1.0,156.0,-0.30000000000000004,22.4999999999999
qlearning,0,255,1,1.0,157.0,-0.30000000000000004,22.1999999999999
qlearning,0,256,1,0.0,157.0,0.7,22.8999999999999
qlearning,0,257,1,1.0,158.0,-0.30000000000000004,22.5999999999999
qlearning,0,258,1,0.0,158.0,0.7,23.299999999999898
qlearning,0,259,1,0.0,158.0,0.7,23.999999999999897
qlearning,0,260,1,0.0,158.0,0.7,24.699999999999896
qlearning,0,261,1,1.0,159.0,-0.30000000000000004,24.399999999999896
qlearning,0,262,1,0.0,159.0,0.7,25.099999999999895
qlearning,0,263,1,1.0,160.0,-0.30000000000000004,24.799999999999894
qlearning,0,264,1,1.0,161.0,-0.30000000000000004,24.499999999999893
qlearning,0,265,1,1.0,162.0,-0.30000000000000004,24.199999999999893
qlearning,0,266,1,1.0,163.0,-0.30000000000000004,23.899999999999892
qlearning,0,267,1,1.0,164.0,-0.30000000000000004,23.59999999999989
qlearning,0,268,1,1.0,165.0,-0.30000000000000004,23.29999999999989
qlearning,0,269,1,1.0,166.0,-0.30000000000000004,22.99999999999989
qlearning,0,270,1,0.0,166.0,0.7,23.69999999999989
qlearning,0,271,1,0.0,166.0,0.7,24.39999999999989
qlearning,0,272,1,1.0,167.0,-0.30000000000000004,24.099999999999888
qlearning,0,273,1,0.0,167.0,0.7,24.799999999999887
qlearning,0,274,1,0.0,167.0,0.7,25.499999999999886
qlearning,0,275,0,0.0,167.0,0.7,26.199999999999886
qlearning,0,276,1,0.0,167.0,0.7,26.899999999999885
qlearning,0,277,1,1.0,168.0,-0.30000000000000004,26.599999999999884
qlearning,0,278,1,0.0,168.0,0.7,27.299999999999883
qlearning,0,279,1,0.0,168.0,0.7,27.999999999999883
qlearning,0,280,1,1.0,169.0,-0.30000000000000004,27.699999999999882
qlearning,0,281,1,0.0,169.0,0.7,28.39999999999988
qlearning,0,282,1,0.0,169.0,0.7,29.09999999999988
qlearning,0,283,1,1.0,170.0,-0.30000000000000004,28.79999999999988
qlearning,0,284,1,0.0,170.0,0.7,29.49999999999988
qlearning,0,285,1,0.0,170.0,0.7,30.19999999999988
qlearning,0,286,1,1.0,171.0,-0.30000000000000004,29.899999999999878
qlearning,0,287,1,0.0,171.0,0.7,30.599999999999877
qlearning,0,288,1,1.0,172.0,-0.30000000000000004,30.299999999999876
qlearning,0,289,1,1.0,173.0,-0.30000000000000004,29.999999999999876
qlearning,0,290,1,1.0,174.0,-0.30000000000000004,29.699999999999875
qlearning,0,291,1,1.0,175.0,-0.30000000000000004,29.399999999999874
qlearning,0,292,1,1.0,176.0,-0.30000000000000004,29.099999999999874
qlearning,0,293,1,1.0,177.0,-0.30000000000000004,28.799999999999873
qlearning,0,294,1,1.0,178.0,-0.30000000000000004,28.499999999999872
qlearning,0,295,1,1.0,179.0,-0.30000000000000004,28.19999999999987
qlearning,0,296,0,1.0,180.0,-0.30000000000000004,27.89999999999987
qlearning,0,297,1,0.0,180.0,0.7,28.59999999999987
qlearning,0,298,1,1.0,181.0,-0.30000000000000004,28.29999999999987
qlearning,0,299,1,0.0,181.0,0.7,28.99999999999987
mlp,0,0,0,0.0,0.0,0.7,0.7
mlp,0,1,0,1.0,1.0,-0.30000000000000004,0.3999999999999999
mlp,0,2,0,1.0,2.0,-0.30000000000000004,0.09999999999999987
mlp,0,3,0,1.0,3.0,-0.30000000000000004,-0.20000000000000018
mlp,0,4,0,0.0,3.0,0.7,0.4999999999999998
mlp,0,5,0,0.0,3.0,0.7,1.1999999999999997
mlp,0,6,0,0.0,3.0,0.7,1.8999999999999997
mlp,0,7,0,0.0,3.0,0.7,2.5999999999999996
mlp,0,8,0,0.0,3.0,0.7,3.3
mlp,0,9,0,0.0,3.0,0.7,4.0
mlp,0,10,1,0.0,3.0,0.7,4.7
mlp,0,11,1,1.0,4.0,-0.30000000000000004,4.4
mlp,0,12,1,0.0,4.0,0.7,5.1000000000000005
mlp,0,13,1,1.0,5.0,-0.30000000000000004,4.800000000000001
mlp,0,14,1,0.0,5.0,0.7,5.500000000000001
mlp,0,15,1,1.0,6.0,-0.30000000000000004,5.200000000000001
mlp,0,16,1,0.0,6.0,0.7,5.900000000000001
mlp,0,17,1,1.0,7.0,-0.30000000000000004,5.600000000000001
mlp,0,18,1,1.0,8.0,-0.30000000000000004,5.300000000000002
mlp,0,19,1,1.0,9.0,-0.30000000000000004,5.000000000000002
mlp,0,20,0,1.0,10.0,-0.30000000000000004,4.700000000000002
mlp,0,21,1,1.0,11.0,-0.30000000000000004,4.400000000000002
mlp,0,22,1,1.0,12.0,-0.30000000000000004,4.100000000000002
mlp,0,23,1,1.0,13.0,-0.30000000000000004,3.8000000000000025
mlp,0,24,1,1.0,14.0,-0.30000000000000004,3.5000000000000027
mlp,0,25,1,1.0,15.0,-0.30000000000000004,3.200000000000003
mlp,0,26,1,0.0,15.0,0.7,3.900000000000003
mlp,0,27,1,0.0,15.0,0.7,4.600000000000003
mlp,0,28,0,0.0,15.0,0.7,5.300000000000003
mlp,0,29,1,1.0,16.0,-0.30000000000000004,5.0000000000000036
mlp,0,30,1,1.0,17.0,-0.30000000000000004,4.700000000000004
mlp,0,31,1,1.0,18.0,-0.30000000000000004,4.400000000000004
mlp,0,32,1,1.0,19.0,-0.30000000000000004,4.100000000000004
mlp,0,33,1,0.0,19.0,0.7,4.800000000000004
mlp,0,34,1,1.0,20.0,-0.30000000000000004,4.500000000000004
mlp,0,35,1,1.0,21.0,-0.30000000000000004,4.200000000000005
mlp,0,36,1,1.0,22.0,-0.30000000000000004,3.900000000000005
mlp,0,37,1,0.0,22.0,0.7,4.600000000000005
mlp,0,38,1,0.0,22.0,0.7,5.300000000000005
mlp,0,39,1,1.0,23.0,-0.30000000000000004,5.000000000000005
mlp,0,40,1,1.0,24.0,-0.30000000000000004,4.7000000000000055
mlp,0,41,1,1.0,25.0,-0.30000000000000004,4.400000000000006
mlp,0,42,1,1.0,26.0,-0.30000000000000004,4.100000000000006
mlp,0,43,1,1.0,27.0,-0.30000000000000004,3.800000000000006
mlp,0,44,1,1.0,28.0,-0.30000000000000004,3.500000000000006
mlp,0,45,1,0.0,28.0,0.7,4.200000000000006
mlp,0,46,1,1.0,29.0,-0.30000000000000004,3.9000000000000066
mlp,0,47,1,1.0,30.0,-0.30000000000000004,3.6000000000000068
mlp,0,48,1,1.0,31.0,-0.30000000000000004,3.300000000000007
mlp,0,49,1,0.0,31.0,0.7,4.000000000000007
mlp,0,50,1,0.0,31.0,0.7,4.700000000000007
mlp,0,51,1,1.0,32.0,-0.30000000000000004,4.4000000000000075
mlp,0,52,1,0.0,32.0,0.7,5.100000000000008
mlp,0,53,1,1.0,33.0,-0.30000000000000004,4.800000000000008
mlp,0,54,1,1.0,34.0,-0.30000000000000004,4.500000000000008
mlp,0,55,1,1.0,35.0,-0.30000000000000004,4.200000000000008
mlp,0,56,1,1.0,36.0,-0.30000000000000004,3.9000000000000083
mlp,0,57,1,0.0,36.0,0.7,4.6000000000000085
mlp,0,58,1,1.0,37.0,-0.30000000000000004,4.300000000000009
mlp,0,59,1,1.0,38.0,-0.30000000000000004,4.000000000000009
mlp,0,60,1,1.0,39.0,-0.30000000000000004,3.700000000000009
mlp,0,61,1,1.0,40.0,-0.30000000000000004,3.4000000000000092
mlp,0,62,1,1.0,41.0,-0.30000000000000004,3.1000000000000094
mlp,0,63,1,1.0,42.0,-0.30000000000000004,2.8000000000000096
mlp,0,64,0,1.0,43.0,-0.30000000000000004,2.5000000000000098
mlp,0,65,1,1.0,44.0,-0.30000000000000004,2.20000000000001
mlp,0,66,1,1.0,45.0,-0.30000000000000004,1.90000000000001
mlp,0,67,1,0.0,45.0,0.7,2.60000000000001
mlp,0,68,1,1.0,46.0,-0.30000000000000004,2.3000000000000096
mlp,0,69,1,1.0,47.0,-0.30000000000000004,2.0000000000000098
mlp,0,70,1,1.0,48.0,-0.30000000000000004,1.7000000000000097
mlp,0,71,1,0.0,48.0,0.7,2.4000000000000097
mlp,0,72,1,1.0,49.0,-0.30000000000000004,2.1000000000000094
mlp,0,73,1,0.0,49.0,0.7,2.8000000000000096
mlp,0,74,1,1.0,50.0,-0.30000000000000004,2.5000000000000098
mlp,0,75,1,1.0,51.0,-0.30000000000000004,2.20000000000001
mlp,0,76,0,0.0,51.0,0.7,2.90000000000001
mlp,0,77,1,0.0,51.0,0.7,3.6000000000000103
mlp,0,78,1,0.0,51.0,0.7,4.3000000000000105
mlp,0,79,1,1.0,52.0,-0.30000000000000004,4.000000000000011
mlp,0,80,1,0.0,52.0,0.7,4.700000000000011
mlp,0,81,1,1.0,53.0,-0.30000000000000004,4.400000000000011
mlp,0,82,1,1.0,54.0,-0.30000000000000004,4.100000000000011
mlp,0,83,1,0.0,54.0,0.7,4.800000000000011
mlp,0,84,1,1.0,55.0,-0.30000000000000004,4.5000000000000115
mlp,0,85,1,0.0,55.0,0.7,5.200000000000012
mlp,0,86,1,0.0,55.0,0.7,5.900000000000012
mlp,0,87,0,0.0,55.0,0.7,6.600000000000012
mlp,0,88,1,1.0,56.0,-0.30000000000000004,6.300000000000012
mlp,0,89,1,0.0,56.0,0.7,7.000000000000012
mlp,0,90,1,0.0,56.0,0.7,7.700000000000013
mlp,0,91,1,0.0,56.0,0.7,8.400000000000013
mlp,0,92,0,1.0,57.0,-0.30000000000000004,8.100000000000012
mlp,0,93,0,0.0,57.0,0.7,8.800000000000011
mlp,0,94,0,0.0,57.0,0.7,9.50000000000001
mlp,0,95,0,0.0,57.0,0.7,10.20000000000001
mlp,0,96,1,1.0,58.0,-0.30000000000000004,9.90000000000001
mlp,0,97,1,0.0,58.0,0.7,10.600000000000009
mlp,0,98,1,0.0,58.0,0.7,11.300000000000008
mlp,0,99,1,0.0,58.0,0.7,12.000000000000007
mlp,0,100,0,0.0,58.0,0.7,12.700000000000006
mlp,0,101,1,1.0,59.0,-0.30000000000000004,12.400000000000006
mlp,0,102,1,0.0,59.0,0.7,13.100000000000005
mlp,0,103,1,0.0,59.0,0.7,13.800000000000004
mlp,0,104,1,1.0,60.0,-0.30000000000000004,13.500000000000004
mlp,0,105,1,1.0,61.0,-0.30000000000000004,13.200000000000003
mlp,0,106,0,0.0,61.0,0.7,13.900000000000002
mlp,0,107,1,0.0,61.0,0.7,14.600000000000001
mlp,0,108,1,1.0,62.0,-0.30000000000000004,14.3
mlp,0,109,1,0.0,62.0,0.7,15.0
mlp,0,110,1,1.0,63.0,-0.30000000000000004,14.7
mlp,0,111,1,1.0,64.0,-0.30000000000000004,14.399999999999999
mlp,0,112,1,0.0,64.0,0.7,15.099999999999998
mlp,0,113,1,1.0,65.0,-0.30000000000000004,14.799999999999997
mlp,0,114,1,0.0,65.0,0.7,15.499999999999996
mlp,0,115,1,1.0,66.0,-0.30000000000000004,15.199999999999996
mlp,0,116,1,0.0,66.0,0.7,15.899999999999995
mlp,0,117,1,1.0,67.0,-0.30000000000000004,15.599999999999994
mlp,0,118,1,0.0,67.0,0.7,16.299999999999994
mlp,0,119,1,1.0,68.0,-0.30000000000000004,15.999999999999993
mlp,0,120,1,1.0,69.0,-0.30000000000000004,15.699999999999992
mlp,0,121,1,1.0,70.0,-0.30000000000000004,15.399999999999991
mlp,0,122,1,0.0,70.0,0.7,16.09999999999999
mlp,0,123,1,1.0,71.0,-0.30000000000000004,15.79999999999999
mlp,0,124,1,1.0,72.0,-0.30000000000000004,15.49999999999999
mlp,0,125,1,1.0,73.0,-0.30000000000000004,15.199999999999989
mlp,0,126,1,0.0,73.0,0.7,15.899999999999988
mlp,0,127,1,1.0,74.0,-0.30000000000000004,15.599999999999987
mlp,0,128,1,1.0,75.0,-0.30000000000000004,15.299999999999986
mlp,0,129,0,1.0,76.0,-0.30000000000000004,14.999999999999986
mlp,0,130,1,1.0,77.0,-0.30000000000000004,14.699999999999985
mlp,0,131,1,1.0,78.0,-0.30000000000000004,14.399999999999984
mlp,0,132,1,0.0,78.0,0.7,15.099999999999984
mlp,0,133,1,1.0,79.0,-0.30000000000000004,14.799999999999983
mlp,0,134,1,1.0,80.0,-0.30000000000000004,14.499999999999982
mlp,0,135,1,1.0,81.0,-0.30000000000000004,14.199999999999982
mlp,0,136,1,0.0,81.0,0.7,14.89999999999998
mlp,0,137,1,1.0,82.0,-0.30000000000000004,14.59999999999998
mlp,0,138,1,0.0,82.0,0.7,15.29999999999998
mlp,0,139,1,1.0,83.0,-0.30000000000000004,14.999999999999979
mlp,0,140,1,1.0,84.0,-0.30000000000000004,14.699999999999978
mlp,0,141,1,1.0,85.0,-0.30000000000000004,14.399999999999977
mlp,0,142,1,0.0,85.0,0.7,15.099999999999977
mlp,0,143,1,1.0,86.0,-0.30000000000000004,14.799999999999976
mlp,0,144,1,1.0,87.0,-0.30000000000000004,14.499999999999975
mlp,0,145,1,0.0,87.0,0.7,15.199999999999974
mlp,0,146,1,1.0,88.0,-0.30000000000000004,14.899999999999974
mlp,0,147,1,0.0,88.0,0.7,15.599999999999973
mlp,0,148,1,1.0,89.0,-0.30000000000000004,15.299999999999972
mlp,0,149,1,0.0,89.0,0.7,15.999999999999972
mlp,0,150,1,1.0,90.0,-0.30000000000000004,15.69999999999997
mlp,0,151,1,1.0,91.0,-0.30000000000000004,15.39999999999997
mlp,0,152,1,1.0,92.0,-0.30000000000000004,15.09999999999997
mlp,0,153,1,1.0,93.0,-0.30000000000000004,14.799999999999969
mlp,0,154,1,1.0,94.0,-0.30000000000000004,14.499999999999968
mlp,0,155,1,0.0,94.0,0.7,15.199999999999967
mlp,0,156,1,0.0,94.0,0.7,15.899999999999967
mlp,0,157,1,1.0,95.0,-0.30000000000000004,15.599999999999966
mlp,0,158,1,0.0,95.0,0.7,16.299999999999965
mlp,0,159,1,1.0,96.0,-0.30000000000000004,15.999999999999964
mlp,0,160,1,1.0,97.0,-0.30000000000000004,15.699999999999964
mlp,0,161,1,1.0,98.0,-0.30000000000000004,15.399999999999963
mlp,0,162,0,0.0,98.0,0.7,16.099999999999962
mlp,0,163,1,0.0,98.0,0.7,16.79999999999996
mlp,0,164,1,0.0,98.0,0.7,17.49999999999996
mlp,0,165,1,1.0,99.0,-0.30000000000000004,17.19999999999996
mlp,0,166,1,1.0,100.0,-0.30000000000000004,16.89999999999996
mlp,0,167,1,0.0,100.0,0.7,17.59999999999996
mlp,0,168,1,0.0,100.0,0.7,18.299999999999958
mlp,0,169,1,1.0,101.0,-0.30000000000000004,17.999999999999957
mlp,0,170,1,1.0,102.0,-0.30000000000000004,17.699999999999957
mlp,0,171,1,0.0,102.0,0.7,18.399999999999956
mlp,0,172,1,1.0,103.0,-0.30000000000000004,18.099999999999955
mlp,0,173,1,1.0,104.0,-0.30000000000000004,17.799999999999955
mlp,0,174,1,0.0,104.0,0.7,18.499999999999954
mlp,0,175,1,0.0,104.0,0.7,19.199999999999953
mlp,0,176,1,1.0,105.0,-0.30000000000000004,18.899999999999952
mlp,0,177,1,0.0,105.0,0.7,19.59999999999995
mlp,0,178,1,0.0,105.0,0.7,20.29999999999995
mlp,0,179,1,0.0,105.0,0.7,20.99999999999995
mlp,0,180,0,0.0,105.0,0.7,21.69999999999995
mlp,0,181,1,1.0,106.0,-0.30000000000000004,21.39999999999995
mlp,0,182,1,1.0,107.0,-0.30000000000000004,21.099999999999948
mlp,0,183,1,1.0,108.0,-0.30000000000000004,20.799999999999947
mlp,0,184,1,0.0,108.0,0.7,21.499999999999947
mlp,0,185,1,1.0,109.0,-0.30000000000000004,21.199999999999946
mlp,0,186,1,1.0,110.0,-0.30000000000000004,20.899999999999945
mlp,0,187,1,0.0,110.0,0.7,21.599999999999945
mlp,0,188,1,1.0,111.0,-0.30000000000000004,21.299999999999944
mlp,0,189,1,1.0,112.0,-0.30000000000000004,20.999999999999943
mlp,0,190,1,1.0,113.0,-0.30000000000000004,20.699999999999942
mlp,0,191,1,1.0,114.0,-0.30000000000000004,20.39999999999994
mlp,0,192,1,1.0,115.0,-0.30000000000000004,20.09999999999994
mlp,0,193,1,1.0,116.0,-0.30000000000000004,19.79999999999994
mlp,0,194,1,0.0,116.0,0.7,20.49999999999994
mlp,0,195,1,1.0,117.0,-0.30000000000000004,20.19999999999994
mlp,0,196,1,1.0,118.0,-0.30000000000000004,19.899999999999938
mlp,0,197,1,0.0,118.0,0.7,20.599999999999937
mlp,0,198,1,0.0,118.0,0.7,21.299999999999937
mlp,0,199,1,1.0,119.0,-0.30000000000000004,20.999999999999936
mlp,0,200,1,1.0,120.0,-0.30000000000000004,20.699999999999935
mlp,0,201,1,1.0,121.0,-0.30000000000000004,20.399999999999935
mlp,0,202,1,1.0,122.0,-0.30000000000000004,20.099999999999934
mlp,0,203,1,1.0,123.0,-0.30000000000000004,19.799999999999933
mlp,0,204,1,1.0,124.0,-0.30000000000000004,19.499999999999932
mlp,0,205,1,1.0,125.0,-0.30000000000000004,19.199999999999932
mlp,0,206,1,0.0,125.0,0.7,19.89999999999993
mlp,0,207,1,1.0,126.0,-0.30000000000000004,19.59999999999993
mlp,0,208,1,1.0,127.0,-0.30000000000000004,19.29999999999993
mlp,0,209,1,0.0,127.0,0.7,19.99999999999993
mlp,0,210,1,1.0,128.0,-0.30000000000000004,19.69999999999993
mlp,0,211,1,1.0,129.0,-0.30000000000000004,19.399999999999928
mlp,0,212,1,1.0,130.0,-0.30000000000000004,19.099999999999927
mlp,0,213,1,0.0,130.0,0.7,19.799999999999926
mlp,0,214,1,1.0,131.0,-0.30000000000000004,19.499999999999925
mlp,0,215,1,1.0,132.0,-0.30000000000000004,19.199999999999925
mlp,0,216,1,0.0,132.0,0.7,19.899999999999924
mlp,0,217,1,1.0,133.0,-0.30000000000000004,19.599999999999923
mlp,0,218,1,0.0,133.0,0.7,20.299999999999923
mlp,0,219,0,0.0,133.0,0.7,20.999999999999922
mlp,0,220,1,0.0,133.0,0.7,21.69999999999992
mlp,0,221,0,1.0,134.0,-0.30000000000000004,21.39999999999992
mlp,0,222,0,1.0,135.0,-0.30000000000000004,21.09999999999992
mlp,0,223,0,1.0,136.0,-0.30000000000000004,20.79999999999992
mlp,0,224,0,0.0,136.0,0.7,21.49999999999992
mlp,0,225,0,0.0,136.0,0.7,22.199999999999918
mlp,0,226,0,0.0,136.0,0.7,22.899999999999917
mlp,0,227,1,1.0,137.0,-0.30000000000000004,22.599999999999916
mlp,0,228,0,0.0,137.0,0.7,23.299999999999915
mlp,0,229,0,0.0,137.0,0.7,23.999999999999915
mlp,0,230,1,0.0,137.0,0.7,24.699999999999914
mlp,0,231,1,1.0,138.0,-0.30000000000000004,24.399999999999913
mlp,0,232,1,1.0,139.0,-0.30000000000000004,24.099999999999913
mlp,0,233,1,0.0,139.0,0.7,24.799999999999912
mlp,0,234,1,1.0,140.0,-0.30000000000000004,24.49999999999991
mlp,0,235,1,1.0,141.0,-0.30000000000000004,24.19999999999991
mlp,0,236,1,1.0,142.0,-0.30000000000000004,23.89999999999991
mlp,0,237,1,0.0,142.0,0.7,24.59999999999991
mlp,0,238,1,1.0,143.0,-0.30000000000000004,24.29999999999991
mlp,0,239,1,0.0,143.0,0.7,24.999999999999908
mlp,0,240,1,1.0,144.0,-0.30000000000000004,24.699999999999907
mlp,0,241,1,0.0,144.0,0.7,25.399999999999906
mlp,0,242,1,0.0,144.0,0.7,26.099999999999905
mlp,0,243,1,1.0,145.0,-0.30000000000000004,25.799999999999905
mlp,0,244,1,0.0,145.0,0.7,26.499999999999904
mlp,0,245,1,1.0,146.0,-0.30000000000000004,26.199999999999903
mlp,0,246,1,1.0,147.0,-0.30000000000000004,25.899999999999903
mlp,0,247,1,0.0,147.0,0.7,26.599999999999902
mlp,0,248,1,1.0,148.0,-0.30000000000000004,26.2999999999999
mlp,0,249,1,0.0,148.0,0.7,26.9999999999999
mlp,0,250,1,1.0,149.0,-0.30000000000000004,26.6999999999999
mlp,0,251,1,1.0,150.0,-0.30000000000000004,26.3999999999999
mlp,0,252,1,0.0,150.0,0.7,27.0999999999999
mlp,0,253,1,0.0,150.0,0.7,27.799999999999898
mlp,0,254,1,1.0,151.0,-0.30000000000000004,27.499999999999897
mlp,0,255,1,1.0,152.0,-0.30000000000000004,27.199999999999896
mlp,0,256,1,0.0,152.0,0.7,27.899999999999896
mlp,0,257,1,1.0,153.0,-0.30000000000000004,27.599999999999895
mlp,0,258,1,0.0,153.0,0.7,28.299999999999894
mlp,0,259,1,0.0,153.0,0.7,28.999999999999893
mlp,0,260,1,0.0,153.0,0.7,29.699999999999893
mlp,0,261,1,1.0,154.0,-0.30000000000000004,29.399999999999892
mlp,0,262,1,0.0,154.0,0.7,30.09999999999989
mlp,0,263,1,1.0,155.0,-0.30000000000000004,29.79999999999989
mlp,0,264,1,1.0,156.0,-0.30000000000000004,29.49999999999989
mlp,0,265,1,1.0,157.0,-0.30000000000000004,29.19999999999989
mlp,0,266,1,1.0,158.0,-0.30000000000000004,28.89999999999989
mlp,0,267,1,1.0,159.0,-0.30000000000000004,28.599999999999888
mlp,0,268,1,1.0,160.0,-0.30000000000000004,28.299999999999887
mlp,0,269,1,1.0,161.0,-0.30000000000000004,27.999999999999886
mlp,0,270,1,0.0,161.0,0.7,28.699999999999886
mlp,0,271,1,0.0,161.0,0.7,29.399999999999885
mlp,0,272,1,1.0,162.0,-0.30000000000000004,29.099999999999884
mlp,0,273,0,0.0,162.0,0.7,29.799999999999883
mlp,0,274,1,0.0,162.0,0.7,30.499999999999883
mlp,0,275,1,0.0,162.0,0.7,31.199999999999882
mlp,0,276,1,0.0,162.0,0.7,31.89999999999988
mlp,0,277,1,1.0,163.0,-0.30000000000000004,31.59999999999988
mlp,0,278,1,0.0,163.0,0.7,32.29999999999988
mlp,0,279,1,0.0,163.0,0.7,32.999999999999886
mlp,0,280,1,1.0,164.0,-0.30000000000000004,32.69999999999989
mlp,0,281,1,0.0,164.0,0.7,33.39999999999989
mlp,0,282,1,0.0,164.0,0.7,34.099999999999895
mlp,0,283,1,1.0,165.0,-0.30000000000000004,33.7999999999999
mlp,0,284,1,0.0,165.0,0.7,34.4999999999999
mlp,0,285,1,0.0,165.0,0.7,35.1999999999999
mlp,0,286,1,1.0,166.0,-0.30000000000000004,34.899999999999906
mlp,0,287,1,0.0,166.0,0.7,35.59999999999991
mlp,0,288,1,1.0,167.0,-0.30000000000000004,35.29999999999991
mlp,0,289,1,1.0,168.0,-0.30000000000000004,34.999999999999915
mlp,0,290,1,1.0,169.0,-0.30000000000000004,34.69999999999992
mlp,0,291,1,1.0,170.0,-0.30000000000000004,34.39999999999992
mlp,0,292,1,1.0,171.0,-0.30000000000000004,34.09999999999992
mlp,0,293,1,1.0,172.0,-0.30000000000000004,33.799999999999926
mlp,0,294,0,0.0,172.0,0.7,34.49999999999993
mlp,0,295,1,1.0,173.0,-0.30000000000000004,34.19999999999993
mlp,0,296,1,1.0,174.0,-0.30000000000000004,33.899999999999935
mlp,0,297,1,0.0,174.0,0.7,34.59999999999994
mlp,0,298,1,1.0,175.0,-0.30000000000000004,34.29999999999994
mlp,0,299,1,0.0,175.0,0.7,34.99999999999994
connectome,0,0,0,0.0,0.0,0.7,0.7
connectome,0,1,0,1.0,1.0,-0.30000000000000004,0.3999999999999999
connectome,0,2,0,1.0,2.0,-0.30000000000000004,0.09999999999999987
connectome,0,3,0,1.0,3.0,-0.30000000000000004,-0.20000000000000018
connectome,0,4,0,0.0,3.0,0.7,0.4999999999999998
connectome,0,5,0,0.0,3.0,0.7,1.1999999999999997
connectome,0,6,0,0.0,3.0,0.7,1.8999999999999997
connectome,0,7,0,0.0,3.0,0.7,2.5999999999999996
connectome,0,8,0,0.0,3.0,0.7,3.3
connectome,0,9,0,0.0,3.0,0.7,4.0
connectome,0,10,1,0.0,3.0,0.7,4.7
connectome,0,11,1,1.0,4.0,-0.30000000000000004,4.4
connectome,0,12,1,0.0,4.0,0.7,5.1000000000000005
connectome,0,13,1,1.0,5.0,-0.30000000000000004,4.800000000000001
connectome,0,14,1,0.0,5.0,0.7,5.500000000000001
connectome,0,15,1,1.0,6.0,-0.30000000000000004,5.200000000000001
connectome,0,16,1,0.0,6.0,0.7,5.900000000000001
connectome,0,17,1,1.0,7.0,-0.30000000000000004,5.600000000000001
connectome,0,18,1,1.0,8.0,-0.30000000000000004,5.300000000000002
connectome,0,19,1,1.0,9.0,-0.30000000000000004,5.000000000000002
connectome,0,20,1,1.0,10.0,-0.30000000000000004,4.700000000000002
connectome,0,21,1,1.0,11.0,-0.30000000000000004,4.400000000000002
connectome,0,22,0,0.0,11.0,0.7,5.100000000000002
connectome,0,23,1,1.0,12.0,-0.30000000000000004,4.8000000000000025
connectome,0,24,1,1.0,13.0,-0.30000000000000004,4.500000000000003
connectome,0,25,1,1.0,14.0,-0.30000000000000004,4.200000000000003
connectome,0,26,1,0.0,14.0,0.7,4.900000000000003
connectome,0,27,1,0.0,14.0,0.7,5.600000000000003
connectome,0,28,1,1.0,15.0,-0.30000000000000004,5.300000000000003
connectome,0,29,1,1.0,16.0,-0.30000000000000004,5.0000000000000036
connectome,0,30,0,0.0,16.0,0.7,5.700000000000004
connectome,0,31,1,1.0,17.0,-0.30000000000000004,5.400000000000004
connectome,0,32,1,1.0,18.0,-0.30000000000000004,5.100000000000004
connectome,0,33,1,0.0,18.0,0.7,5.800000000000004
connectome,0,34,1,1.0,19.0,-0.30000000000000004,5.500000000000004
connectome,0,35,1,1.0,20.0,-0.30000000000000004,5.200000000000005
connectome,0,36,1,1.0,21.0,-0.30000000000000004,4.900000000000005
connectome,0,37,1,0.0,21.0,0.7,5.600000000000005
connectome,0,38,1,0.0,21.0,0.7,6.300000000000005
connectome,0,39,1,1.0,22.0,-0.30000000000000004,6.000000000000005
connectome,0,40,1,1.0,23.0,-0.30000000000000004,5.7000000000000055
connectome,0,41,1,1.0,24.0,-0.30000000000000004,5.400000000000006
connectome,0,42,1,1.0,25.0,-0.30000000000000004,5.100000000000006
connectome,0,43,1,1.0,26.0,-0.30000000000000004,4.800000000000006
connectome,0,44,1,1.0,27.0,-0.30000000000000004,4.500000000000006
connectome,0,45,1,0.0,27.0,0.7,5.200000000000006
connectome,0,46,1,1.0,28.0,-0.30000000000000004,4.900000000000007
connectome,0,47,1,1.0,29.0,-0.30000000000000004,4.600000000000007
connectome,0,48,1,1.0,30.0,-0.30000000000000004,4.300000000000007
connectome,0,49,1,0.0,30.0,0.7,5.000000000000007
connectome,0,50,1,0.0,30.0,0.7,5.700000000000007
connectome,0,51,1,1.0,31.0,-0.30000000000000004,5.4000000000000075
connectome,0,52,1,0.0,31.0,0.7,6.100000000000008
connectome,0,53,1,1.0,32.0,-0.30000000000000004,5.800000000000008
connectome,0,54,1,1.0,33.0,-0.30000000000000004,5.500000000000008
connectome,0,55,1,1.0,34.0,-0.30000000000000004,5.200000000000008
connectome,0,56,1,1.0,35.0,-0.30000000000000004,4.900000000000008
connectome,0,57,1,0.0,35.0,0.7,5.6000000000000085
connectome,0,58,1,1.0,36.0,-0.30000000000000004,5.300000000000009
connectome,0,59,1,1.0,37.0,-0.30000000000000004,5.000000000000009
connectome,0,60,1,1.0,38.0,-0.30000000000000004,4.700000000000009
connectome,0,61,1,1.0,39.0,-0.30000000000000004,4.400000000000009
connectome,0,62,1,1.0,40.0,-0.30000000000000004,4.100000000000009
connectome,0,63,1,1.0,41.0,-0.30000000000000004,3.8000000000000096
connectome,0,64,1,1.0,42.0,-0.30000000000000004,3.5000000000000098
connectome,0,65,1,1.0,43.0,-0.30000000000000004,3.20000000000001
connectome,0,66,0,1.0,44.0,-0.30000000000000004,2.90000000000001
connectome,0,67,1,0.0,44.0,0.7,3.6000000000000103
connectome,0,68,1,1.0,45.0,-0.30000000000000004,3.3000000000000105
connectome,0,69,1,1.0,46.0,-0.30000000000000004,3.0000000000000107
connectome,0,70,1,1.0,47.0,-0.30000000000000004,2.700000000000011
connectome,0,71,1,0.0,47.0,0.7,3.400000000000011
connectome,0,72,1,1.0,48.0,-0.30000000000000004,3.100000000000011
connectome,0,73,1,0.0,48.0,0.7,3.8000000000000114
connectome,0,74,1,1.0,49.0,-0.30000000000000004,3.5000000000000115
connectome,0,75,1,1.0,50.0,-0.30000000000000004,3.2000000000000117
connectome,0,76,1,1.0,51.0,-0.30000000000000004,2.900000000000012
connectome,0,77,1,0.0,51.0,0.7,3.600000000000012
connectome,0,78,0,0.0,51.0,0.7,4.300000000000012
connectome,0,79,1,1.0,52.0,-0.30000000000000004,4.000000000000012
connectome,0,80,1,0.0,52.0,0.7,4.700000000000013
connectome,0,81,1,1.0,53.0,-0.30000000000000004,4.400000000000013
connectome,0,82,1,1.0,54.0,-0.30000000000000004,4.100000000000013
connectome,0,83,1,0.0,54.0,0.7,4.800000000000013
connectome,0,84,1,1.0,55.0,-0.30000000000000004,4.500000000000013
connectome,0,85,1,0.0,55.0,0.7,5.2000000000000135
connectome,0,86,1,0.0,55.0,0.7,5.900000000000014
connectome,0,87,1,0.0,55.0,0.7,6.600000000000014
connectome,0,88,1,1.0,56.0,-0.30000000000000004,6.300000000000014
connectome,0,89,1,0.0,56.0,0.7,7.000000000000014
connectome,0,90,1,0.0,56.0,0.7,7.700000000000014
connectome,0,91,1,0.0,56.0,0.7,8.400000000000015
connectome,0,92,1,1.0,57.0,-0.30000000000000004,8.100000000000014
connectome,0,93,1,0.0,57.0,0.7,8.800000000000013
connectome,0,94,1,0.0,57.0,0.7,9.500000000000012
connectome,0,95,1,0.0,57.0,0.7,10.200000000000012
connectome,0,96,1,1.0,58.0,-0.30000000000000004,9.900000000000011
connectome,0,97,1,0.0,58.0,0.7,10.60000000000001
connectome,0,98,1,0.0,58.0,0.7,11.30000000000001
connectome,0,99,1,0.0,58.0,0.7,12.000000000000009
connectome,0,100,1,1.0,59.0,-0.30000000000000004,11.700000000000008
connectome,0,101,1,1.0,60.0,-0.30000000000000004,11.400000000000007
connectome,0,102,1,0.0,60.0,0.7,12.100000000000007
connectome,0,103,1,0.0,60.0,0.7,12.800000000000006
connectome,0,104,1,1.0,61.0,-0.30000000000000004,12.500000000000005
connectome,0,105,1,1.0,62.0,-0.30000000000000004,12.200000000000005
connectome,0,106,1,1.0,63.0,-0.30000000000000004,11.900000000000004
connectome,0,107,1,0.0,63.0,0.7,12.600000000000003
connectome,0,108,0,1.0,64.0,-0.30000000000000004,12.300000000000002
connectome,0,109,1,0.0,64.0,0.7,13.000000000000002
connectome,0,110,1,1.0,65.0,-0.30000000000000004,12.700000000000001
connectome,0,111,1,1.0,66.0,-0.30000000000000004,12.4
connectome,0,112,1,0.0,66.0,0.7,13.1
connectome,0,113,1,1.0,67.0,-0.30000000000000004,12.799999999999999
connectome,0,114,1,0.0,67.0,0.7,13.499999999999998
connectome,0,115,1,1.0,68.0,-0.30000000000000004,13.199999999999998
connectome,0,116,1,0.0,68.0,0.7,13.899999999999997
connectome,0,117,1,1.0,69.0,-0.30000000000000004,13.599999999999996
connectome,0,118,1,0.0,69.0,0.7,14.299999999999995
connectome,0,119,1,1.0,70.0,-0.30000000000000004,13.999999999999995
connectome,0,120,1,1.0,71.0,-0.30000000000000004,13.699999999999994
connectome,0,121,1,1.0,72.0,-0.30000000000000004,13.399999999999993
connectome,0,122,1,0.0,72.0,0.7,14.099999999999993
connectome,0,123,1,1.0,73.0,-0.30000000000000004,13.799999999999992
connectome,0,124,1,1.0,74.0,-0.30000000000000004,13.499999999999991
connectome,0,125,1,1.0,75.0,-0.30000000000000004,13.19999999999999
connectome,0,126,1,0.0,75.0,0.7,13.89999999999999
connectome,0,127,1,1.0,76.0,-0.30000000000000004,13.599999999999989
connectome,0,128,1,1.0,77.0,-0.30000000000000004,13.299999999999988
connectome,0,129,1,1.0,78.0,-0.30000000000000004,12.999999999999988
connectome,0,130,1,1.0,79.0,-0.30000000000000004,12.699999999999987
connectome,0,131,0,0.0,79.0,0.7,13.399999999999986
connectome,0,132,1,0.0,79.0,0.7,14.099999999999985
connectome,0,133,1,1.0,80.0,-0.30000000000000004,13.799999999999985
connectome,0,134,1,1.0,81.0,-0.30000000000000004,13.499999999999984
connectome,0,135,1,1.0,82.0,-0.30000000000000004,13.199999999999983
connectome,0,136,1,0.0,82.0,0.7,13.899999999999983
connectome,0,137,1,1.0,83.0,-0.30000000000000004,13.599999999999982
connectome,0,138,1,0.0,83.0,0.7,14.299999999999981
connectome,0,139,1,1.0,84.0,-0.30000000000000004,13.99999999999998
connectome,0,140,1,1.0,85.0,-0.30000000000000004,13.69999999999998
connectome,0,141,1,1.0,86.0,-0.30000000000000004,13.399999999999979
connectome,0,142,1,0.0,86.0,0.7,14.099999999999978
connectome,0,143,1,1.0,87.0,-0.30000000000000004,13.799999999999978
connectome,0,144,1,1.0,88.0,-0.30000000000000004,13.499999999999977
connectome,0,145,1,0.0,88.0,0.7,14.199999999999976
connectome,0,146,1,1.0,89.0,-0.30000000000000004,13.899999999999975
connectome,0,147,1,0.0,89.0,0.7,14.599999999999975
connectome,0,148,1,1.0,90.0,-0.30000000000000004,14.299999999999974
connectome,0,149,1,0.0,90.0,0.7,14.999999999999973
connectome,0,150,1,1.0,91.0,-0.30000000000000004,14.699999999999973
connectome,0,151,1,1.0,92.0,-0.30000000000000004,14.399999999999972
connectome,0,152,1,1.0,93.0,-0.30000000000000004,14.099999999999971
connectome,0,153,1,1.0,94.0,-0.30000000000000004,13.79999999999997
connectome,0,154,1,1.0,95.0,-0.30000000000000004,13.49999999999997
connectome,0,155,1,0.0,95.0,0.7,14.199999999999969
connectome,0,156,1,0.0,95.0,0.7,14.899999999999968
connectome,0,157,1,1.0,96.0,-0.30000000000000004,14.599999999999968
connectome,0,158,1,0.0,96.0,0.7,15.299999999999967
connectome,0,159,1,1.0,97.0,-0.30000000000000004,14.999999999999966
connectome,0,160,1,1.0,98.0,-0.30000000000000004,14.699999999999966
connectome,0,161,1,1.0,99.0,-0.30000000000000004,14.399999999999965
connectome,0,162,1,1.0,100.0,-0.30000000000000004,14.099999999999964
connectome,0,163,1,0.0,100.0,0.7,14.799999999999963
connectome,0,164,0,0.0,100.0,0.7,15.499999999999963
connectome,0,165,1,1.0,101.0,-0.30000000000000004,15.199999999999962
connectome,0,166,1,1.0,102.0,-0.30000000000000004,14.899999999999961
connectome,0,167,1,0.0,102.0,0.7,15.59999999999996
connectome,0,168,1,0.0,102.0,0.7,16.29999999999996
connectome,0,169,1,1.0,103.0,-0.30000000000000004,15.999999999999961
connectome,0,170,1,1.0,104.0,-0.30000000000000004,15.69999999999996
connectome,0,171,1,0.0,104.0,0.7,16.39999999999996
connectome,0,172,1,1.0,105.0,-0.30000000000000004,16.09999999999996
connectome,0,173,1,1.0,106.0,-0.30000000000000004,15.799999999999958
connectome,0,174,1,0.0,106.0,0.7,16.499999999999957
connectome,0,175,1,0.0,106.0,0.7,17.199999999999957
connectome,0,176,1,1.0,107.0,-0.30000000000000004,16.899999999999956
connectome,0,177,1,0.0,107.0,0.7,17.599999999999955
connectome,0,178,1,0.0,107.0,0.7,18.299999999999955
connectome,0,179,1,0.0,107.0,0.7,18.999999999999954
connectome,0,180,1,0.0,107.0,0.7,19.699999999999953
connectome,0,181,1,1.0,108.0,-0.30000000000000004,19.399999999999952
connectome,0,182,1,1.0,109.0,-0.30000000000000004,19.09999999999995
connectome,0,183,1,1.0,110.0,-0.30000000000000004,18.79999999999995
connectome,0,184,1,0.0,110.0,0.7,19.49999999999995
connectome,0,185,1,1.0,111.0,-0.30000000000000004,19.19999999999995
connectome,0,186,1,1.0,112.0,-0.30000000000000004,18.89999999999995
connectome,0,187,1,0.0,112.0,0.7,19.599999999999948
connectome,0,188,1,1.0,113.0,-0.30000000000000004,19.299999999999947
connectome,0,189,1,1.0,114.0,-0.30000000000000004,18.999999999999947
connectome,0,190,1,1.0,115.0,-0.30000000000000004,18.699999999999946
connectome,0,191,1,1.0,116.0,-0.30000000000000004,18.399999999999945
connectome,0,192,1,1.0,117.0,-0.30000000000000004,18.099999999999945
connectome,0,193,1,1.0,118.0,-0.30000000000000004,17.799999999999944
connectome,0,194,1,0.0,118.0,0.7,18.499999999999943
connectome,0,195,1,1.0,119.0,-0.30000000000000004,18.199999999999942
connectome,0,196,1,1.0,120.0,-0.30000000000000004,17.89999999999994
connectome,0,197,1,0.0,120.0,0.7,18.59999999999994
connectome,0,198,1,0.0,120.0,0.7,19.29999999999994
connectome,0,199,1,1.0,121.0,-0.30000000000000004,18.99999999999994
connectome,0,200,1,1.0,122.0,-0.30000000000000004,18.69999999999994
connectome,0,201,1,1.0,123.0,-0.30000000000000004,18.399999999999938
connectome,0,202,1,1.0,124.0,-0.30000000000000004,18.099999999999937
connectome,0,203,1,1.0,125.0,-0.30000000000000004,17.799999999999937
connectome,0,204,1,1.0,126.0,-0.30000000000000004,17.499999999999936
connectome,0,205,1,1.0,127.0,-0.30000000000000004,17.199999999999935
connectome,0,206,1,0.0,127.0,0.7,17.899999999999935
connectome,0,207,1,1.0,128.0,-0.30000000000000004,17.599999999999934
connectome,0,208,1,1.0,129.0,-0.30000000000000004,17.299999999999933
connectome,0,209,1,0.0,129.0,0.7,17.999999999999932
connectome,0,210,1,1.0,130.0,-0.30000000000000004,17.699999999999932
connectome,0,211,1,1.0,131.0,-0.30000000000000004,17.39999999999993
connectome,0,212,1,1.0,132.0,-0.30000000000000004,17.09999999999993
connectome,0,213,1,0.0,132.0,0.7,17.79999999999993
connectome,0,214,1,1.0,133.0,-0.30000000000000004,17.49999999999993
connectome,0,215,1,1.0,134.0,-0.30000000000000004,17.19999999999993
connectome,0,216,1,0.0,134.0,0.7,17.899999999999928
connectome,0,217,1,1.0,135.0,-0.30000000000000004,17.599999999999927
connectome,0,218,1,0.0,135.0,0.7,18.299999999999926
connectome,0,219,1,0.0,135.0,0.7,18.999999999999925
connectome,0,220,1,0.0,135.0,0.7,19.699999999999925
connectome,0,221,0,1.0,136.0,-0.30000000000000004,19.399999999999924
connectome,0,222,1,1.0,137.0,-0.30000000000000004,19.099999999999923
connectome,0,223,0,1.0,138.0,-0.30000000000000004,18.799999999999923
connectome,0,224,1,0.0,138.0,0.7,19.499999999999922
connectome,0,225,1,1.0,139.0,-0.30000000000000004,19.19999999999992
connectome,0,226,1,1.0,140.0,-0.30000000000000004,18.89999999999992
connectome,0,227,1,1.0,141.0,-0.30000000000000004,18.59999999999992
connectome,0,228,1,1.0,142.0,-0.30000000000000004,18.29999999999992
connectome,0,229,1,1.0,143.0,-0.30000000000000004,17.99999999999992
connectome,0,230,0,0.0,143.0,0.7,18.699999999999918
connectome,0,231,0,0.0,143.0,0.7,19.399999999999917
connectome,0,232,1,1.0,144.0,-0.30000000000000004,19.099999999999916
connectome,0,233,1,0.0,144.0,0.7,19.799999999999915
connectome,0,234,1,1.0,145.0,-0.30000000000000004,19.499999999999915
connectome,0,235,1,1.0,146.0,-0.30000000000000004,19.199999999999914
connectome,0,236,1,1.0,147.0,-0.30000000000000004,18.899999999999913
connectome,0,237,1,0.0,147.0,0.7,19.599999999999913
connectome,0,238,1,1.0,148.0,-0.30000000000000004,19.299999999999912
connectome,0,239,1,0.0,148.0,0.7,19.99999999999991
connectome,0,240,1,1.0,149.0,-0.30000000000000004,19.69999999999991
connectome,0,241,1,0.0,149.0,0.7,20.39999999999991
connectome,0,242,1,0.0,149.0,0.7,21.09999999999991
connectome,0,243,1,1.0,150.0,-0.30000000000000004,20.79999999999991
connectome,0,244,1,0.0,150.0,0.7,21.499999999999908
connectome,0,245,1,1.0,151.0,-0.30000000000000004,21.199999999999907
connectome,0,246,1,1.0,152.0,-0.30000000000000004,20.899999999999906
connectome,0,247,1,0.0,152.0,0.7,21.599999999999905
connectome,0,248,1,1.0,153.0,-0.30000000000000004,21.299999999999905
connectome,0,249,1,0.0,153.0,0.7,21.999999999999904
connectome,0,250,1,1.0,154.0,-0.30000000000000004,21.699999999999903
connectome,0,251,1,1.0,155.0,-0.30000000000000004,21.399999999999903
connectome,0,252,1,0.0,155.0,0.7,22.099999999999902
connectome,0,253,1,0.0,155.0,0.7,22.7999999999999
connectome,0,254,1,1.0,156.0,-0.30000000000000004,22.4999999999999
connectome,0,255,1,1.0,157.0,-0.30000000000000004,22.1999999999999
connectome,0,256,1,0.0,157.0,0.7,22.8999999999999
connectome,0,257,1,1.0,158.0,-0.30000000000000004,22.5999999999999
connectome,0,258,1,0.0,158.0,0.7,23.299999999999898
connectome,0,259,1,0.0,158.0,0.7,23.999999999999897
connectome,0,260,1,0.0,158.0,0.7,24.699999999999896
connectome,0,261,1,1.0,159.0,-0.30000000000000004,24.399999999999896
connectome,0,262,1,0.0,159.0,0.7,25.099999999999895
connectome,0,263,1,1.0,160.0,-0.30000000000000004,24.799999999999894
connectome,0,264,1,1.0,161.0,-0.30000000000000004,24.499999999999893
connectome,0,265,1,1.0,162.0,-0.30000000000000004,24.199999999999893
connectome,0,266,1,1.0,163.0,-0.30000000000000004,23.899999999999892
connectome,0,267,1,1.0,164.0,-0.30000000000000004,23.59999999999989
connectome,0,268,1,1.0,165.0,-0.30000000000000004,23.29999999999989
connectome,0,269,1,1.0,166.0,-0.30000000000000004,22.99999999999989
connectome,0,270,1,0.0,166.0,0.7,23.69999999999989
connectome,0,271,1,0.0,166.0,0.7,24.39999999999989
connectome,0,272,1,1.0,167.0,-0.30000000000000004,24.099999999999888
connectome,0,273,1,0.0,167.0,0.7,24.799999999999887
connectome,0,274,1,0.0,167.0,0.7,25.499999999999886
connectome,0,275,0,0.0,167.0,0.7,26.199999999999886
connectome,0,276,1,0.0,167.0,0.7,26.899999999999885
connectome,0,277,1,1.0,168.0,-0.30000000000000004,26.599999999999884
connectome,0,278,1,0.0,168.0,0.7,27.299999999999883
connectome,0,279,1,0.0,168.0,0.7,27.999999999999883
connectome,0,280,1,1.0,169.0,-0.30000000000000004,27.699999999999882
connectome,0,281,1,0.0,169.0,0.7,28.39999999999988
connectome,0,282,1,0.0,169.0,0.7,29.09999999999988
connectome,0,283,1,1.0,170.0,-0.30000000000000004,28.79999999999988
connectome,0,284,1,0.0,170.0,0.7,29.49999999999988
connectome,0,285,1,0.0,170.0,0.7,30.19999999999988
connectome,0,286,1,1.0,171.0,-0.30000000000000004,29.899999999999878
connectome,0,287,1,0.0,171.0,0.7,30.599999999999877
connectome,0,288,1,1.0,172.0,-0.30000000000000004,30.299999999999876
connectome,0,289,1,1.0,173.0,-0.30000000000000004,29.999999999999876
connectome,0,290,1,1.0,174.0,-0.30000000000000004,29.699999999999875
connectome,0,291,1,1.0,175.0,-0.30000000000000004,29.399999999999874
connectome,0,292,1,1.0,176.0,-0.30000000000000004,29.099999999999874
connectome,0,293,1,1.0,177.0,-0.30000000000000004,28.799999999999873
connectome,0,294,1,1.0,178.0,-0.30000000000000004,28.499999999999872
connectome,0,295,1,1.0,179.0,-0.30000000000000004,28.19999999999987
connectome,0,296,0,1.0,180.0,-0.30000000000000004,27.89999999999987
connectome,0,297,1,0.0,180.0,0.7,28.59999999999987
connectome,0,298,1,1.0,181.0,-0.30000000000000004,28.29999999999987
connectome,0,299,1,0.0,181.0,0.7,28.99999999999987
qlearning,1,0,0,0.0,0.0,0.7,0.7
qlearning,1,1,0,0.0,0.0,0.7,1.4
qlearning,1,2,0,1.0,1.0,-0.30000000000000004,1.0999999999999999
qlearning,1,3,0,0.0,1.0,0.7,1.7999999999999998
qlearning,1,4,0,0.0,1.0,0.7,2.5
qlearning,1,5,0,0.0,1.0,0.7,3.2
qlearning,1,6,0,0.0,1.0,0.7,3.9000000000000004
qlearning,1,7,0,0.0,1.0,0.7,4.6000000000000005
qlearning,1,8,0,0.0,1.0,0.7,5.300000000000001
qlearning,1,9,0,1.0,2.0,-0.30000000000000004,5.000000000000001
qlearning,1,10,1,0.0,2.0,0.7,5.700000000000001
qlearning,1,11,1,1.0,3.0,-0.30000000000000004,5.400000000000001
qlearning,1,12,1,1.0,4.0,-0.30000000000000004,5.100000000000001
qlearning,1,13,1,0.0,4.0,0.7,5.800000000000002
qlearning,1,14,1,1.0,5.0,-0.30000000000000004,5.500000000000002
qlearning,1,15,1,1.0,6.0,-0.30000000000000004,5.200000000000002
qlearning,1,16,1,1.0,7.0,-0.30000000000000004,4.900000000000002
qlearning,1,17,1,1.0,8.0,-0.30000000000000004,4.600000000000002
qlearning,1,18,1,1.0,9.0,-0.30000000000000004,4.3000000000000025
qlearning,1,19,1,1.0,10.0,-0.30000000000000004,4.000000000000003
qlearning,1,20,1,0.0,10.0,0.7,4.700000000000003
qlearning,1,21,1,1.0,11.0,-0.30000000000000004,4.400000000000003
qlearning,1,22,1,1.0,12.0,-0.30000000000000004,4.100000000000003
qlearning,1,23,1,0.0,12.0,0.7,4.800000000000003
qlearning,1,24,1,0.0,12.0,0.7,5.5000000000000036
qlearning,1,25,1,0.0,12.0,0.7,6.200000000000004
qlearning,1,26,1,1.0,13.0,-0.30000000000000004,5.900000000000004
qlearning,1,27,1,1.0,14.0,-0.30000000000000004,5.600000000000004
qlearning,1,28,1,1.0,15.0,-0.30000000000000004,5.300000000000004
qlearning,1,29,1,0.0,15.0,0.7,6.000000000000004
qlearning,1,30,1,1.0,16.0,-0.30000000000000004,5.700000000000005
qlearning,1,31,1,1.0,17.0,-0.30000000000000004,5.400000000000005
qlearning,1,32,1,1.0,18.0,-0.30000000000000004,5.100000000000005
qlearning,1,33,1,0.0,18.0,0.7,5.800000000000005
qlearning,1,34,1,1.0,19.0,-0.30000000000000004,5.500000000000005
qlearning,1,35,1,0.0,19.0,0.7,6.2000000000000055
qlearning,1,36,1,1.0,20.0,-0.30000000000000004,5.900000000000006
qlearning,1,37,1,1.0,21.0,-0.30000000000000004,5.600000000000006
qlearning,1,38,1,1.0,22.0,-0.30000000000000004,5.300000000000006
qlearning,1,39,1,1.0,23.0,-0.30000000000000004,5.000000000000006
qlearning,1,40,1,1.0,24.0,-0.30000000000000004,4.700000000000006
qlearning,1,41,1,0.0,24.0,0.7,5.400000000000007
qlearning,1,42,1,1.0,25.0,-0.30000000000000004,5.100000000000007
qlearning,1,43,1,1.0,26.0,-0.30000000000000004,4.800000000000007
qlearning,1,44,1,0.0,26.0,0.7,5.500000000000007
qlearning,1,45,1,1.0,27.0,-0.30000000000000004,5.200000000000007
qlearning,1,46,1,1.0,28.0,-0.30000000000000004,4.9000000000000075
qlearning,1,47,1,0.0,28.0,0.7,5.600000000000008
qlearning,1,48,1,1.0,29.0,-0.30000000000000004,5.300000000000008
qlearning,1,49,1,0.0,29.0,0.7,6.000000000000008
qlearning,1,50,1,1.0,30.0,-0.30000000000000004,5.700000000000008
qlearning,1,51,1,0.0,30.0,0.7,6.400000000000008
qlearning,1,52,1,1.0,31.0,-0.30000000000000004,6.1000000000000085
qlearning,1,53,1,0.0,31.0,0.7,6.800000000000009
qlearning,1,54,1,1.0,32.0,-0.30000000000000004,6.500000000000009
qlearning,1,55,1,1.0,33.0,-0.30000000000000004,6.200000000000009
qlearning,1,56,1,0.0,33.0,0.7,6.900000000000009
qlearning,1,57,1,0.0,33.0,0.7,7.600000000000009
qlearning,1,58,0,0.0,33.0,0.7,8.30000000000001
qlearning,1,59,1,1.0,34.0,-0.30000000000000004,8.000000000000009
qlearning,1,60,1,1.0,35.0,-0.30000000000000004,7.700000000000009
qlearning,1,61,1,1.0,36.0,-0.30000000000000004,7.400000000000009
qlearning,1,62,1,1.0,37.0,-0.30000000000000004,7.100000000000009
qlearning,1,63,1,0.0,37.0,0.7,7.80000000000001
qlearning,1,64,1,0.0,37.0,0.7,8.500000000000009
qlearning,1,65,1,1.0,38.0,-0.30000000000000004,8.200000000000008
qlearning,1,66,1,1.0,39.0,-0.30000000000000004,7.900000000000008
qlearning,1,67,1,1.0,40.0,-0.30000000000000004,7.6000000000000085
qlearning,1,68,1,0.0,40.0,0.7,8.300000000000008
qlearning,1,69,1,0.0,40.0,0.7,9.000000000000007
qlearning,1,70,1,1.0,41.0,-0.30000000000000004,8.700000000000006
qlearning,1,71,1,1.0,42.0,-0.30000000000000004,8.400000000000006
qlearning,1,72,1,0.0,42.0,0.7,9.100000000000005
qlearning,1,73,1,1.0,43.0,-0.30000000000000004,8.800000000000004
qlearning,1,74,1,1.0,44.0,-0.30000000000000004,8.500000000000004
qlearning,1,75,1,1.0,45.0,-0.30000000000000004,8.200000000000003
qlearning,1,76,1,1.0,46.0,-0.30000000000000004,7.900000000000003
qlearning,1,77,1,0.0,46.0,0.7,8.600000000000003
qlearning,1,78,1,0.0,46.0,0.7,9.300000000000002
qlearning,1,79,1,0.0,46.0,0.7,10.000000000000002
qlearning,1,80,1,1.0,47.0,-0.30000000000000004,9.700000000000001
qlearning,1,81,1,1.0,48.0,-0.30000000000000004,9.4
qlearning,1,82,1,0.0,48.0,0.7,10.1
qlearning,1,83,1,1.0,49.0,-0.30000000000000004,9.799999999999999
qlearning,1,84,1,0.0,49.0,0.7,10.499999999999998
qlearning,1,85,1,1.0,50.0,-0.30000000000000004,10.199999999999998
qlearning,1,86,1,0.0,50.0,0.7,10.899999999999997
qlearning,1,87,1,1.0,51.0,-0.30000000000000004,10.599999999999996
qlearning,1,88,1,1.0,52.0,-0.30000000000000004,10.299999999999995
qlearning,1,89,1,1.0,53.0,-0.30000000000000004,9.999999999999995
qlearning,1,90,1,1.0,54.0,-0.30000000000000004,9.699999999999994
qlearning,1,91,1,1.0,55.0,-0.30000000000000004,9.399999999999993
qlearning,1,92,1,1.0,56.0,-0.30000000000000004,9.099999999999993
qlearning,1,93,1,1.0,57.0,-0.30000000000000004,8.799999999999992
qlearning,1,94,1,1.0,58.0,-0.30000000000000004,8.499999999999991
qlearning,1,95,1,1.0,59.0,-0.30000000000000004,8.19999999999999
qlearning,1,96,1,1.0,60.0,-0.30000000000000004,7.899999999999991
qlearning,1,97,1,1.0,61.0,-0.30000000000000004,7.599999999999991
qlearning,1,98,1,1.0,62.0,-0.30000000000000004,7.299999999999991
qlearning,1,99,1,0.0,62.0,0.7,7.999999999999991
qlearning,1,100,1,1.0,63.0,-0.30000000000000004,7.699999999999991
qlearning,1,101,1,1.0,64.0,-0.30000000000000004,7.3999999999999915
qlearning,1,102,1,0.0,64.0,0.7,8.09999999999999
qlearning,1,103,1,1.0,65.0,-0.30000000000000004,7.799999999999991
qlearning,1,104,1,0.0,65.0,0.7,8.499999999999991
qlearning,1,105,1,1.0,66.0,-0.30000000000000004,8.19999999999999
qlearning,1,106,1,1.0,67.0,-0.30000000000000004,7.899999999999991
qlearning,1,107,1,1.0,68.0,-0.30000000000000004,7.599999999999991
qlearning,1,108,1,0.0,68.0,0.7,8.29999999999999
qlearning,1,109,1,1.0,69.0,-0.30000000000000004,7.99999999999999
qlearning,1,110,1,1.0,70.0,-0.30000000000000004,7.69999999999999
qlearning,1,111,1,1.0,71.0,-0.30000000000000004,7.399999999999991
qlearning,1,112,1,1.0,72.0,-0.30000000000000004,7.099999999999991
qlearning,1,113,1,0.0,72.0,0.7,7.799999999999991
qlearning,1,114,1,1.0,73.0,-0.30000000000000004,7.499999999999991
qlearning,1,115,1,1.0,74.0,-0.30000000000000004,7.199999999999991
qlearning,1,116,1,1.0,75.0,-0.30000000000000004,6.8999999999999915
qlearning,1,117,1,1.0,76.0,-0.30000000000000004,6.599999999999992
qlearning,1,118,1,1.0,77.0,-0.30000000000000004,6.299999999999992
qlearning,1,119,1,1.0,78.0,-0.30000000000000004,5.999999999999992
qlearning,1,120,1,1.0,79.0,-0.30000000000000004,5.699999999999992
qlearning,1,121,1,0.0,79.0,0.7,6.399999999999992
qlearning,1,122,1,0.0,79.0,0.7,7.0999999999999925
qlearning,1,123,1,1.0,80.0,-0.30000000000000004,6.799999999999993
qlearning,1,124,1,1.0,81.0,-0.30000000000000004,6.499999999999993
qlearning,1,125,1,1.0,82.0,-0.30000000000000004,6.199999999999993
qlearning,1,126,1,1.0,83.0,-0.30000000000000004,5.899999999999993
qlearning,1,127,1,1.0,84.0,-0.30000000000000004,5.599999999999993
qlearning,1,128,1,1.0,85.0,-0.30000000000000004,5.299999999999994
qlearning,1,129,1,1.0,86.0,-0.30000000000000004,4.999999999999994
qlearning,1,130,1,1.0,87.0,-0.30000000000000004,4.699999999999994
qlearning,1,131,1,1.0,88.0,-0.30000000000000004,4.399999999999994
qlearning,1,132,1,0.0,88.0,0.7,5.099999999999994
qlearning,1,133,1,0.0,88.0,0.7,5.7999999999999945
qlearning,1,134,1,0.0,88.0,0.7,6.499999999999995
qlearning,1,135,1,0.0,88.0,0.7,7.199999999999995
qlearning,1,136,1,1.0,89.0,-0.30000000000000004,6.899999999999995
qlearning,1,137,1,0.0,89.0,0.7,7.599999999999995
qlearning,1,138,1,1.0,90.0,-0.30000000000000004,7.299999999999995
qlearning,1,139,1,1.0,91.0,-0.30000000000000004,6.999999999999996
qlearning,1,140,1,1.0,92.0,-0.30000000000000004,6.699999999999996
qlearning,1,141,1,1.0,93.0,-0.30000000000000004,6.399999999999996
qlearning,1,142,1,1.0,94.0,-0.30000000000000004,6.099999999999996
qlearning,1,143,1,1.0,95.0,-0.30000000000000004,5.799999999999996
qlearning,1,144,1,1.0,96.0,-0.30000000000000004,5.4999999999999964
qlearning,1,145,1,0.0,96.0,0.7,6.199999999999997
qlearning,1,146,1,1.0,97.0,-0.30000000000000004,5.899999999999997
qlearning,1,147,1,0.0,97.0,0.7,6.599999999999997
qlearning,1,148,1,1.0,98.0,-0.30000000000000004,6.299999999999997
qlearning,1,149,1,1.0,99.0,-0.30000000000000004,5.999999999999997
qlearning,1,150,1,0.0,99.0,0.7,6.6999999999999975
qlearning,1,151,1,1.0,100.0,-0.30000000000000004,6.399999999999998
qlearning,1,152,1,1.0,101.0,-0.30000000000000004,6.099999999999998
qlearning,1,153,1,0.0,101.0,0.7,6.799999999999998
qlearning,1,154,1,1.0,102.0,-0.30000000000000004,6.499999999999998
qlearning,1,155,0,0.0,102.0,0.7,7.199999999999998
qlearning,1,156,1,1.0,103.0,-0.30000000000000004,6.899999999999999
qlearning,1,157,1,1.0,104.0,-0.30000000000000004,6.599999999999999
qlearning,1,158,1,1.0,105.0,-0.30000000000000004,6.299999999999999
qlearning,1,159,1,0.0,105.0,0.7,6.999999999999999
qlearning,1,160,1,1.0,106.0,-0.30000000000000004,6.699999999999999
qlearning,1,161,1,0.0,106.0,0.7,7.3999999999999995
qlearning,1,162,1,1.0,107.0,-0.30000000000000004,7.1
qlearning,1,163,1,1.0,108.0,-0.30000000000000004,6.8
qlearning,1,164,1,1.0,109.0,-0.30000000000000004,6.5
qlearning,1,165,1,1.0,110.0,-0.30000000000000004,6.2
qlearning,1,166,1,1.0,111.0,-0.30000000000000004,5.9
qlearning,1,167,1,0.0,111.0,0.7,6.6000000000000005
qlearning,1,168,1,1.0,112.0,-0.30000000000000004,6.300000000000001
qlearning,1,169,1,0.0,112.0,0.7,7.000000000000001
qlearning,1,170,1,0.0,112.0,0.7,7.700000000000001
qlearning,1,171,1,1.0,113.0,-0.30000000000000004,7.400000000000001
qlearning,1,172,1,1.0,114.0,-0.30000000000000004,7.100000000000001
qlearning,1,173,1,1.0,115.0,-0.30000000000000004,6.800000000000002
qlearning,1,174,1,1.0,116.0,-0.30000000000000004,6.500000000000002
qlearning,1,175,1,1.0,117.0,-0.30000000000000004,6.200000000000002
qlearning,1,176,1,1.0,118.0,-0.30000000000000004,5.900000000000002
qlearning,1,177,1,1.0,119.0,-0.30000000000000004,5.600000000000002
qlearning,1,178,1,0.0,119.0,0.7,6.3000000000000025
qlearning,1,179,1,1.0,120.0,-0.30000000000000004,6.000000000000003
qlearning,1,180,1,0.0,120.0,0.7,6.700000000000003
qlearning,1,181,1,1.0,121.0,-0.30000000000000004,6.400000000000003
qlearning,1,182,1,1.0,122.0,-0.30000000000000004,6.100000000000003
qlearning,1,183,1,0.0,122.0,0.7,6.800000000000003
qlearning,1,184,1,1.0,123.0,-0.30000000000000004,6.5000000000000036
qlearning,1,185,1,1.0,124.0,-0.30000000000000004,6.200000000000004
qlearning,1,186,1,0.0,124.0,0.7,6.900000000000004
qlearning,1,187,1,1.0,125.0,-0.30000000000000004,6.600000000000004
qlearning,1,188,1,0.0,125.0,0.7,7.300000000000004
qlearning,1,189,1,1.0,126.0,-0.30000000000000004,7.000000000000004
qlearning,1,190,1,0.0,126.0,0.7,7.700000000000005
qlearning,1,191,0,0.0,126.0,0.7,8.400000000000004
qlearning,1,192,1,1.0,127.0,-0.30000000000000004,8.100000000000003
qlearning,1,193,1,0.0,127.0,0.7,8.800000000000002
qlearning,1,194,1,1.0,128.0,-0.30000000000000004,8.500000000000002
qlearning,1,195,1,1.0,129.0,-0.30000000000000004,8.200000000000001
qlearning,1,196,1,1.0,130.0,-0.30000000000000004,7.900000000000001
qlearning,1,197,1,1.0,131.0,-0.30000000000000004,7.600000000000001
qlearning,1,198,0,1.0,132.0,-0.30000000000000004,7.300000000000002
qlearning,1,199,1,1.0,133.0,-0.30000000000000004,7.000000000000002
qlearning,1,200,1,1.0,134.0,-0.30000000000000004,6.700000000000002
qlearning,1,201,1,1.0,135.0,-0.30000000000000004,6.400000000000002
qlearning,1,202,1,0.0,135.0,0.7,7.100000000000002
qlearning,1,203,1,1.0,136.0,-0.30000000000000004,6.8000000000000025
qlearning,1,204,1,0.0,136.0,0.7,7.500000000000003
qlearning,1,205,1,0.0,136.0,0.7,8.200000000000003
qlearning,1,206,1,1.0,137.0,-0.30000000000000004,7.900000000000003
qlearning,1,207,1,1.0,138.0,-0.30000000000000004,7.600000000000003
qlearning,1,208,0,0.0,138.0,0.7,8.300000000000002
qlearning,1,209,1,1.0,139.0,-0.30000000000000004,8.000000000000002
qlearning,1,210,1,1.0,140.0,-0.30000000000000004,7.700000000000002
qlearning,1,211,1,0.0,140.0,0.7,8.400000000000002
qlearning,1,212,1,1.0,141.0,-0.30000000000000004,8.100000000000001
qlearning,1,213,1,0.0,141.0,0.7,8.8
qlearning,1,214,1,1.0,142.0,-0.30000000000000004,8.5
qlearning,1,215,1,1.0,143.0,-0.30000000000000004,8.2
qlearning,1,216,1,1.0,144.0,-0.30000000000000004,7.8999999999999995
qlearning,1,217,1,1.0,145.0,-0.30000000000000004,7.6
qlearning,1,218,1,1.0,146.0,-0.30000000000000004,7.3
qlearning,1,219,1,1.0,147.0,-0.30000000000000004,7.0
qlearning,1,220,1,1.0,148.0,-0.30000000000000004,6.7
qlearning,1,221,1,0.0,148.0,0.7,7.4
qlearning,1,222,1,1.0,149.0,-0.30000000000000004,7.1000000000000005
qlearning,1,223,0,0.0,149.0,0.7,7.800000000000001
qlearning,1,224,1,1.0,150.0,-0.30000000000000004,7.500000000000001
qlearning,1,225,1,0.0,150.0,0.7,8.200000000000001
qlearning,1,226,1,1.0,151.0,-0.30000000000000004,7.900000000000001
qlearning,1,227,1,1.0,152.0,-0.30000000000000004,7.600000000000001
qlearning,1,228,1,1.0,153.0,-0.30000000000000004,7.300000000000002
qlearning,1,229,1,1.0,154.0,-0.30000000000000004,7.000000000000002
qlearning,1,230,1,1.0,155.0,-0.30000000000000004,6.700000000000002
qlearning,1,231,1,1.0,156.0,-0.30000000000000004,6.400000000000002
qlearning,1,232,1,1.0,157.0,-0.30000000000000004,6.100000000000002
qlearning,1,233,1,0.0,157.0,0.7,6.8000000000000025
qlearning,1,234,1,0.0,157.0,0.7,7.500000000000003
qlearning,1,235,1,0.0,157.0,0.7,8.200000000000003
qlearning,1,236,1,1.0,158.0,-0.30000000000000004,7.900000000000003
qlearning,1,237,1,0.0,158.0,0.7,8.600000000000003
qlearning,1,238,1,0.0,158.0,0.7,9.300000000000002
qlearning,1,239,1,1.0,159.0,-0.30000000000000004,9.000000000000002
qlearning,1,240,0,1.0,160.0,-0.30000000000000004,8.700000000000001
qlearning,1,241,1,1.0,161.0,-0.30000000000000004,8.4
qlearning,1,242,1,1.0,162.0,-0.30000000000000004,8.1
qlearning,1,243,1,1.0,163.0,-0.30000000000000004,7.8
qlearning,1,244,1,1.0,164.0,-0.30000000000000004,7.5
qlearning,1,245,1,1.0,165.0,-0.30000000000000004,7.2
qlearning,1,246,1,1.0,166.0,-0.30000000000000004,6.9
qlearning,1,247,1,1.0,167.0,-0.30000000000000004,6.6000000000000005
qlearning,1,248,1,0.0,167.0,0.7,7.300000000000001
qlearning,1,249,1,1.0,168.0,-0.30000000000000004,7.000000000000001
qlearning,1,250,1,1.0,169.0,-0.30000000000000004,6.700000000000001
qlearning,1,251,0,1.0,170.0,-0.30000000000000004,6.400000000000001
qlearning,1,252,1,1.0,171.0,-0.30000000000000004,6.100000000000001
qlearning,1,253,0,0.0,171.0,0.7,6.800000000000002
qlearning,1,254,1,1.0,172.0,-0.30000000000000004,6.500000000000002
qlearning,1,255,1,1.0,173.0,-0.30000000000000004,6.200000000000002
qlearning,1,256,1,1.0,174.0,-0.30000000000000004,5.900000000000002
qlearning,1,257,1,1.0,175.0,-0.30000000000000004,5.600000000000002
qlearning,1,258,1,1.0,176.0,-0.30000000000000004,5.3000000000000025
qlearning,1,259,1,1.0,177.0,-0.30000000000000004,5.000000000000003
qlearning,1,260,1,1.0,178.0,-0.30000000000000004,4.700000000000003
qlearning,1,261,1,0.0,178.0,0.7,5.400000000000003
qlearning,1,262,1,1.0,179.0,-0.30000000000000004,5.100000000000003
qlearning,1,263,1,1.0,180.0,-0.30000000000000004,4.800000000000003
qlearning,1,264,1,0.0,180.0,0.7,5.5000000000000036
qlearning,1,265,1,1.0,181.0,-0.30000000000000004,5.200000000000004
qlearning,1,266,0,1.0,182.0,-0.30000000000000004,4.900000000000004
qlearning,1,267,1,0.0,182.0,0.7,5.600000000000004
qlearning,1,268,1,0.0,182.0,0.7,6.300000000000004
qlearning,1,269,1,1.0,183.0,-0.30000000000000004,6.000000000000004
qlearning,1,270,1,1.0,184.0,-0.30000000000000004,5.700000000000005
qlearning,1,271,1,1.0,185.0,-0.30000000000000004,5.400000000000005
qlearning,1,272,0,0.0,185.0,0.7,6.100000000000005
qlearning,1,273,1,0.0,185.0,0.7,6.800000000000005
qlearning,1,274,0,0.0,185.0,0.7,7.500000000000005
qlearning,1,275,1,1.0,186.0,-0.30000000000000004,7.2000000000000055
qlearning,1,276,1,0.0,186.0,0.7,7.900000000000006
qlearning,1,277,1,1.0,187.0,-0.30000000000000004,7.600000000000006
qlearning,1,278,1,1.0,188.0,-0.30000000000000004,7.300000000000006
qlearning,1,279,1,1.0,189.0,-0.30000000000000004,7.000000000000006
qlearning,1,280,1,1.0,190.0,-0.30000000000000004,6.700000000000006
qlearning,1,281,1,1.0,191.0,-0.30000000000000004,6.400000000000007
qlearning,1,282,1,1.0,192.0,-0.30000000000000004,6.100000000000007
qlearning,1,283,0,0.0,192.0,0.7,6.800000000000007
qlearning,1,284,1,1.0,193.0,-0.30000000000000004,6.500000000000007
qlearning,1,285,1,0.0,193.0,0.7,7.200000000000007
qlearning,1,286,1,0.0,193.0,0.7,7.9000000000000075
qlearning,1,287,1,0.0,193.0,0.7,8.600000000000007
qlearning,1,288,1,1.0,194.0,-0.30000000000000004,8.300000000000006
qlearning,1,289,1,1.0,195.0,-0.30000000000000004,8.000000000000005
qlearning,1,290,1,1.0,196.0,-0.30000000000000004,7.7000000000000055
qlearning,1,291,1,1.0,197.0,-0.30000000000000004,7.400000000000006
qlearning,1,292,1,1.0,198.0,-0.30000000000000004,7.100000000000006
qlearning,1,293,1,0.0,198.0,0.7,7.800000000000006
qlearning,1,294,1,1.0,199.0,-0.30000000000000004,7.500000000000006
qlearning,1,295,1,0.0,199.0,0.7,8.200000000000006
qlearning,1,296,1,1.0,200.0,-0.30000000000000004,7.900000000000007
qlearning,1,297,1,0.0,200.0,0.7,8.600000000000007
qlearning,1,298,0,1.0,201.0,-0.30000000000000004,8.300000000000006
qlearning,1,299,1,1.0,202.0,-0.30000000000000004,8.000000000000005
mlp,1,0,0,0.0,0.0,0.7,0.7
mlp,1,1,0,0.0,0.0,0.7,1.4
mlp,1,2,0,1.0,1.0,-0.30000000000000004,1.0999999999999999
mlp,1,3,0,0.0,1.0,0.7,1.7999999999999998
mlp,1,4,0,0.0,1.0,0.7,2.5
mlp,1,5,0,0.0,1.0,0.7,3.2
mlp,1,6,0,0.0,1.0,0.7,3.9000000000000004
mlp,1,7,0,0.0,1.0,0.7,4.6000000000000005
mlp,1,8,0,0.0,1.0,0.7,5.300000000000001
mlp,1,9,0,1.0,2.0,-0.30000000000000004,5.000000000000001
mlp,1,10,1,0.0,2.0,0.7,5.700000000000001
mlp,1,11,1,1.0,3.0,-0.30000000000000004,5.400000000000001
mlp,1,12,1,1.0,4.0,-0.30000000000000004,5.100000000000001
mlp,1,13,1,0.0,4.0,0.7,5.800000000000002
mlp,1,14,1,1.0,5.0,-0.30000000000000004,5.500000000000002
mlp,1,15,1,1.0,6.0,-0.30000000000000004,5.200000000000002
mlp,1,16,1,1.0,7.0,-0.30000000000000004,4.900000000000002
mlp,1,17,1,1.0,8.0,-0.30000000000000004,4.600000000000002
mlp,1,18,1,1.0,9.0,-0.30000000000000004,4.3000000000000025
mlp,1,19,1,1.0,10.0,-0.30000000000000004,4.000000000000003
mlp,1,20,1,0.0,10.0,0.7,4.700000000000003
mlp,1,21,1,1.0,11.0,-0.30000000000000004,4.400000000000003
mlp,1,22,1,1.0,12.0,-0.30000000000000004,4.100000000000003
mlp,1,23,1,0.0,12.0,0.7,4.800000000000003
mlp,1,24,1,0.0,12.0,0.7,5.5000000000000036
mlp,1,25,1,0.0,12.0,0.7,6.200000000000004
mlp,1,26,0,0.0,12.0,0.7,6.900000000000004
mlp,1,27,1,1.0,13.0,-0.30000000000000004,6.600000000000004
mlp,1,28,1,1.0,14.0,-0.30000000000000004,6.300000000000004
mlp,1,29,1,0.0,14.0,0.7,7.000000000000004
mlp,1,30,1,1.0,15.0,-0.30000000000000004,6.700000000000005
mlp,1,31,1,1.0,16.0,-0.30000000000000004,6.400000000000005
mlp,1,32,1,1.0,17.0,-0.30000000000000004,6.100000000000005
mlp,1,33,1,0.0,17.0,0.7,6.800000000000005
mlp,1,34,1,1.0,18.0,-0.30000000000000004,6.500000000000005
mlp,1,35,1,0.0,18.0,0.7,7.2000000000000055
mlp,1,36,1,1.0,19.0,-0.30000000000000004,6.900000000000006
mlp,1,37,1,1.0,20.0,-0.30000000000000004,6.600000000000006
mlp,1,38,1,1.0,21.0,-0.30000000000000004,6.300000000000006
mlp,1,39,1,1.0,22.0,-0.30000000000000004,6.000000000000006
mlp,1,40,1,1.0,23.0,-0.30000000000000004,5.700000000000006
mlp,1,41,1,0.0,23.0,0.7,6.400000000000007
mlp,1,42,1,1.0,24.0,-0.30000000000000004,6.100000000000007
mlp,1,43,1,1.0,25.0,-0.30000000000000004,5.800000000000007
mlp,1,44,1,0.0,25.0,0.7,6.500000000000007
mlp,1,45,1,1.0,26.0,-0.30000000000000004,6.200000000000007
mlp,1,46,1,1.0,27.0,-0.30000000000000004,5.9000000000000075
mlp,1,47,1,0.0,27.0,0.7,6.600000000000008
mlp,1,48,1,1.0,28.0,-0.30000000000000004,6.300000000000008
mlp,1,49,1,0.0,28.0,0.7,7.000000000000008
mlp,1,50,1,1.0,29.0,-0.30000000000000004,6.700000000000008
mlp,1,51,1,0.0,29.0,0.7,7.400000000000008
mlp,1,52,1,1.0,30.0,-0.30000000000000004,7.1000000000000085
mlp,1,53,1,0.0,30.0,0.7,7.800000000000009
mlp,1,54,1,1.0,31.0,-0.30000000000000004,7.500000000000009
mlp,1,55,1,1.0,32.0,-0.30000000000000004,7.200000000000009
mlp,1,56,0,0.0,32.0,0.7,7.900000000000009
mlp,1,57,1,0.0,32.0,0.7,8.600000000000009
mlp,1,58,1,0.0,32.0,0.7,9.300000000000008
mlp,1,59,1,1.0,33.0,-0.30000000000000004,9.000000000000007
mlp,1,60,1,1.0,34.0,-0.30000000000000004,8.700000000000006
mlp,1,61,1,1.0,35.0,-0.30000000000000004,8.400000000000006
mlp,1,62,1,1.0,36.0,-0.30000000000000004,8.100000000000005
mlp,1,63,1,0.0,36.0,0.7,8.800000000000004
mlp,1,64,1,0.0,36.0,0.7,9.500000000000004
mlp,1,65,1,1.0,37.0,-0.30000000000000004,9.200000000000003
mlp,1,66,1,1.0,38.0,-0.30000000000000004,8.900000000000002
mlp,1,67,1,1.0,39.0,-0.30000000000000004,8.600000000000001
mlp,1,68,1,0.0,39.0,0.7,9.3
mlp,1,69,1,0.0,39.0,0.7,10.0
mlp,1,70,1,1.0,40.0,-0.30000000000000004,9.7
mlp,1,71,1,1.0,41.0,-0.30000000000000004,9.399999999999999
mlp,1,72,1,0.0,41.0,0.7,10.099999999999998
mlp,1,73,1,1.0,42.0,-0.30000000000000004,9.799999999999997
mlp,1,74,1,1.0,43.0,-0.30000000000000004,9.499999999999996
mlp,1,75,1,1.0,44.0,-0.30000000000000004,9.199999999999996
mlp,1,76,1,1.0,45.0,-0.30000000000000004,8.899999999999995
mlp,1,77,1,0.0,45.0,0.7,9.599999999999994
mlp,1,78,1,0.0,45.0,0.7,10.299999999999994
mlp,1,79,1,0.0,45.0,0.7,10.999999999999993
mlp,1,80,1,1.0,46.0,-0.30000000000000004,10.699999999999992
mlp,1,81,1,1.0,47.0,-0.30000000000000004,10.399999999999991
mlp,1,82,1,0.0,47.0,0.7,11.09999999999999
mlp,1,83,1,1.0,48.0,-0.30000000000000004,10.79999999999999
mlp,1,84,1,0.0,48.0,0.7,11.49999999999999
mlp,1,85,1,1.0,49.0,-0.30000000000000004,11.199999999999989
mlp,1,86,1,0.0,49.0,0.7,11.899999999999988
mlp,1,87,1,1.0,50.0,-0.30000000000000004,11.599999999999987
mlp,1,88,1,1.0,51.0,-0.30000000000000004,11.299999999999986
mlp,1,89,1,1.0,52.0,-0.30000000000000004,10.999999999999986
mlp,1,90,1,1.0,53.0,-0.30000000000000004,10.699999999999985
mlp,1,91,1,1.0,54.0,-0.30000000000000004,10.399999999999984
mlp,1,92,1,1.0,55.0,-0.30000000000000004,10.099999999999984
mlp,1,93,1,1.0,56.0,-0.30000000000000004,9.799999999999983
mlp,1,94,1,1.0,57.0,-0.30000000000000004,9.499999999999982
mlp,1,95,1,1.0,58.0,-0.30000000000000004,9.199999999999982
mlp,1,96,1,1.0,59.0,-0.30000000000000004,8.89999999999998
mlp,1,97,1,1.0,60.0,-0.30000000000000004,8.59999999999998
mlp,1,98,1,1.0,61.0,-0.30000000000000004,8.29999999999998
mlp,1,99,1,0.0,61.0,0.7,8.999999999999979
mlp,1,100,1,1.0,62.0,-0.30000000000000004,8.699999999999978
mlp,1,101,1,1.0,63.0,-0.30000000000000004,8.399999999999977
mlp,1,102,1,0.0,63.0,0.7,9.099999999999977
mlp,1,103,1,1.0,64.0,-0.30000000000000004,8.799999999999976
mlp,1,104,1,0.0,64.0,0.7,9.499999999999975
mlp,1,105,1,1.0,65.0,-0.30000000000000004,9.199999999999974
mlp,1,106,1,1.0,66.0,-0.30000000000000004,8.899999999999974
mlp,1,107,1,1.0,67.0,-0.30000000000000004,8.599999999999973
mlp,1,108,1,0.0,67.0,0.7,9.299999999999972
mlp,1,109,1,1.0,68.0,-0.30000000000000004,8.999999999999972
mlp,1,110,1,1.0,69.0,-0.30000000000000004,8.69999999999997
mlp,1,111,1,1.0,70.0,-0.30000000000000004,8.39999999999997
mlp,1,112,1,1.0,71.0,-0.30000000000000004,8.09999999999997
mlp,1,113,1,0.0,71.0,0.7,8.799999999999969
mlp,1,114,1,1.0,72.0,-0.30000000000000004,8.499999999999968
mlp,1,115,1,1.0,73.0,-0.30000000000000004,8.199999999999967
mlp,1,116,1,1.0,74.0,-0.30000000000000004,7.8999999999999675
mlp,1,117,1,1.0,75.0,-0.30000000000000004,7.599999999999968
mlp,1,118,1,1.0,76.0,-0.30000000000000004,7.299999999999968
mlp,1,119,1,1.0,77.0,-0.30000000000000004,6.999999999999968
mlp,1,120,1,1.0,78.0,-0.30000000000000004,6.699999999999968
mlp,1,121,1,0.0,78.0,0.7,7.399999999999968
mlp,1,122,1,0.0,78.0,0.7,8.099999999999968
mlp,1,123,1,1.0,79.0,-0.30000000000000004,7.799999999999968
mlp,1,124,1,1.0,80.0,-0.30000000000000004,7.499999999999968
mlp,1,125,1,1.0,81.0,-0.30000000000000004,7.199999999999968
mlp,1,126,1,1.0,82.0,-0.30000000000000004,6.899999999999968
mlp,1,127,1,1.0,83.0,-0.30000000000000004,6.599999999999969
mlp,1,128,1,1.0,84.0,-0.30000000000000004,6.299999999999969
mlp,1,129,1,1.0,85.0,-0.30000000000000004,5.999999999999969
mlp,1,130,1,1.0,86.0,-0.30000000000000004,5.699999999999969
mlp,1,131,1,1.0,87.0,-0.30000000000000004,5.399999999999969
mlp,1,132,1,0.0,87.0,0.7,6.0999999999999694
mlp,1,133,1,0.0,87.0,0.7,6.79999999999997
mlp,1,134,1,0.0,87.0,0.7,7.49999999999997
mlp,1,135,1,0.0,87.0,0.7,8.199999999999969
mlp,1,136,1,1.0,88.0,-0.30000000000000004,7.899999999999969
mlp,1,137,1,0.0,88.0,0.7,8.59999999999997
mlp,1,138,1,1.0,89.0,-0.30000000000000004,8.299999999999969
mlp,1,139,1,1.0,90.0,-0.30000000000000004,7.999999999999969
mlp,1,140,1,1.0,91.0,-0.30000000000000004,7.699999999999969
mlp,1,141,1,1.0,92.0,-0.30000000000000004,7.399999999999969
mlp,1,142,1,1.0,93.0,-0.30000000000000004,7.0999999999999694
mlp,1,143,1,1.0,94.0,-0.30000000000000004,6.79999999999997
mlp,1,144,1,1.0,95.0,-0.30000000000000004,6.49999999999997
mlp,1,145,1,0.0,95.0,0.7,7.19999999999997
mlp,1,146,1,1.0,96.0,-0.30000000000000004,6.89999999999997
mlp,1,147,1,0.0,96.0,0.7,7.59999999999997
mlp,1,148,1,1.0,97.0,-0.30000000000000004,7.2999999999999705
mlp,1,149,1,1.0,98.0,-0.30000000000000004,6.999999999999971
mlp,1,150,1,0.0,98.0,0.7,7.699999999999971
mlp,1,151,1,1.0,99.0,-0.30000000000000004,7.399999999999971
mlp,1,152,1,1.0,100.0,-0.30000000000000004,7.099999999999971
mlp,1,153,0,0.0,100.0,0.7,7.799999999999971
mlp,1,154,1,1.0,101.0,-0.30000000000000004,7.499999999999972
mlp,1,155,1,0.0,101.0,0.7,8.19999999999997
mlp,1,156,1,1.0,102.0,-0.30000000000000004,7.899999999999971
mlp,1,157,1,1.0,103.0,-0.30000000000000004,7.599999999999971
mlp,1,158,1,1.0,104.0,-0.30000000000000004,7.299999999999971
mlp,1,159,1,0.0,104.0,0.7,7.999999999999972
mlp,1,160,1,1.0,105.0,-0.30000000000000004,7.699999999999972
mlp,1,161,1,0.0,105.0,0.7,8.399999999999972
mlp,1,162,1,1.0,106.0,-0.30000000000000004,8.099999999999971
mlp,1,163,1,1.0,107.0,-0.30000000000000004,7.799999999999971
mlp,1,164,1,1.0,108.0,-0.30000000000000004,7.499999999999972
mlp,1,165,1,1.0,109.0,-0.30000000000000004,7.199999999999972
mlp,1,166,1,1.0,110.0,-0.30000000000000004,6.899999999999972
mlp,1,167,1,0.0,110.0,0.7,7.599999999999972
mlp,1,168,1,1.0,111.0,-0.30000000000000004,7.299999999999972
mlp,1,169,1,0.0,111.0,0.7,7.9999999999999725
mlp,1,170,1,0.0,111.0,0.7,8.699999999999973
mlp,1,171,1,1.0,112.0,-0.30000000000000004,8.399999999999972
mlp,1,172,1,1.0,113.0,-0.30000000000000004,8.099999999999971
mlp,1,173,1,1.0,114.0,-0.30000000000000004,7.799999999999971
mlp,1,174,1,1.0,115.0,-0.30000000000000004,7.499999999999972
mlp,1,175,1,1.0,116.0,-0.30000000000000004,7.199999999999972
mlp,1,176,1,1.0,117.0,-0.30000000000000004,6.899999999999972
mlp,1,177,1,1.0,118.0,-0.30000000000000004,6.599999999999972
mlp,1,178,1,0.0,118.0,0.7,7.299999999999972
mlp,1,179,1,1.0,119.0,-0.30000000000000004,6.9999999999999725
mlp,1,180,1,0.0,119.0,0.7,7.699999999999973
mlp,1,181,1,1.0,120.0,-0.30000000000000004,7.399999999999973
mlp,1,182,1,1.0,121.0,-0.30000000000000004,7.099999999999973
mlp,1,183,1,0.0,121.0,0.7,7.799999999999973
mlp,1,184,1,1.0,122.0,-0.30000000000000004,7.499999999999973
mlp,1,185,1,1.0,123.0,-0.30000000000000004,7.1999999999999735
mlp,1,186,1,0.0,123.0,0.7,7.899999999999974
mlp,1,187,1,1.0,124.0,-0.30000000000000004,7.599999999999974
mlp,1,188,1,0.0,124.0,0.7,8.299999999999974
mlp,1,189,0,0.0,124.0,0.7,8.999999999999973
mlp,1,190,1,0.0,124.0,0.7,9.699999999999973
mlp,1,191,1,1.0,125.0,-0.30000000000000004,9.399999999999972
mlp,1,192,1,1.0,126.0,-0.30000000000000004,9.099999999999971
mlp,1,193,1,0.0,126.0,0.7,9.79999999999997
mlp,1,194,1,1.0,127.0,-0.30000000000000004,9.49999999999997
mlp,1,195,1,1.0,128.0,-0.30000000000000004,9.199999999999969
mlp,1,196,0,0.0,128.0,0.7,9.899999999999968
mlp,1,197,1,1.0,129.0,-0.30000000000000004,9.599999999999968
mlp,1,198,1,1.0,130.0,-0.30000000000000004,9.299999999999967
mlp,1,199,1,1.0,131.0,-0.30000000000000004,8.999999999999966
mlp,1,200,1,1.0,132.0,-0.30000000000000004,8.699999999999966
mlp,1,201,1,1.0,133.0,-0.30000000000000004,8.399999999999965
mlp,1,202,1,0.0,133.0,0.7,9.099999999999964
mlp,1,203,1,1.0,134.0,-0.30000000000000004,8.799999999999963
mlp,1,204,1,0.0,134.0,0.7,9.499999999999963
mlp,1,205,1,0.0,134.0,0.7,10.199999999999962
mlp,1,206,0,0.0,134.0,0.7,10.899999999999961
mlp,1,207,1,1.0,135.0,-0.30000000000000004,10.59999999999996
mlp,1,208,1,0.0,135.0,0.7,11.29999999999996
mlp,1,209,1,1.0,136.0,-0.30000000000000004,10.99999999999996
mlp,1,210,1,1.0,137.0,-0.30000000000000004,10.699999999999958
mlp,1,211,1,0.0,137.0,0.7,11.399999999999958
mlp,1,212,1,1.0,138.0,-0.30000000000000004,11.099999999999957
mlp,1,213,1,0.0,138.0,0.7,11.799999999999956
mlp,1,214,1,1.0,139.0,-0.30000000000000004,11.499999999999956
mlp,1,215,1,1.0,140.0,-0.30000000000000004,11.199999999999955
mlp,1,216,1,1.0,141.0,-0.30000000000000004,10.899999999999954
mlp,1,217,1,1.0,142.0,-0.30000000000000004,10.599999999999953
mlp,1,218,1,1.0,143.0,-0.30000000000000004,10.299999999999953
mlp,1,219,1,1.0,144.0,-0.30000000000000004,9.999999999999952
mlp,1,220,1,1.0,145.0,-0.30000000000000004,9.699999999999951
mlp,1,221,0,0.0,145.0,0.7,10.39999999999995
mlp,1,222,1,1.0,146.0,-0.30000000000000004,10.09999999999995
mlp,1,223,1,1.0,147.0,-0.30000000000000004,9.79999999999995
mlp,1,224,1,1.0,148.0,-0.30000000000000004,9.499999999999948
mlp,1,225,1,0.0,148.0,0.7,10.199999999999948
mlp,1,226,1,1.0,149.0,-0.30000000000000004,9.899999999999947
mlp,1,227,1,1.0,150.0,-0.30000000000000004,9.599999999999946
mlp,1,228,1,1.0,151.0,-0.30000000000000004,9.299999999999946
mlp,1,229,1,1.0,152.0,-0.30000000000000004,8.999999999999945
mlp,1,230,1,1.0,153.0,-0.30000000000000004,8.699999999999944
mlp,1,231,1,1.0,154.0,-0.30000000000000004,8.399999999999944
mlp,1,232,1,1.0,155.0,-0.30000000000000004,8.099999999999943
mlp,1,233,1,0.0,155.0,0.7,8.799999999999942
mlp,1,234,1,0.0,155.0,0.7,9.499999999999941
mlp,1,235,1,0.0,155.0,0.7,10.19999999999994
mlp,1,236,1,1.0,156.0,-0.30000000000000004,9.89999999999994
mlp,1,237,1,0.0,156.0,0.7,10.59999999999994
mlp,1,238,0,0.0,156.0,0.7,11.299999999999939
mlp,1,239,1,1.0,157.0,-0.30000000000000004,10.999999999999938
mlp,1,240,1,1.0,158.0,-0.30000000000000004,10.699999999999937
mlp,1,241,1,1.0,159.0,-0.30000000000000004,10.399999999999936
mlp,1,242,1,1.0,160.0,-0.30000000000000004,10.099999999999936
mlp,1,243,1,1.0,161.0,-0.30000000000000004,9.799999999999935
mlp,1,244,1,1.0,162.0,-0.30000000000000004,9.499999999999934
mlp,1,245,1,1.0,163.0,-0.30000000000000004,9.199999999999934
mlp,1,246,1,1.0,164.0,-0.30000000000000004,8.899999999999933
mlp,1,247,1,1.0,165.0,-0.30000000000000004,8.599999999999932
mlp,1,248,1,0.0,165.0,0.7,9.299999999999931
mlp,1,249,0,0.0,165.0,0.7,9.99999999999993
mlp,1,250,1,1.0,166.0,-0.30000000000000004,9.69999999999993
mlp,1,251,0,1.0,167.0,-0.30000000000000004,9.39999999999993
mlp,1,252,1,1.0,168.0,-0.30000000000000004,9.099999999999929
mlp,1,253,1,1.0,169.0,-0.30000000000000004,8.799999999999928
mlp,1,254,1,1.0,170.0,-0.30000000000000004,8.499999999999927
mlp,1,255,1,1.0,171.0,-0.30000000000000004,8.199999999999926
mlp,1,256,1,1.0,172.0,-0.30000000000000004,7.899999999999927
mlp,1,257,1,1.0,173.0,-0.30000000000000004,7.599999999999927
mlp,1,258,1,1.0,174.0,-0.30000000000000004,7.299999999999927
mlp,1,259,1,1.0,175.0,-0.30000000000000004,6.999999999999927
mlp,1,260,1,1.0,176.0,-0.30000000000000004,6.699999999999927
mlp,1,261,1,0.0,176.0,0.7,7.3999999999999275
mlp,1,262,1,1.0,177.0,-0.30000000000000004,7.099999999999928
mlp,1,263,1,1.0,178.0,-0.30000000000000004,6.799999999999928
mlp,1,264,0,0.0,178.0,0.7,7.499999999999928
mlp,1,265,1,1.0,179.0,-0.30000000000000004,7.199999999999928
mlp,1,266,1,1.0,180.0,-0.30000000000000004,6.899999999999928
mlp,1,267,1,0.0,180.0,0.7,7.599999999999929
mlp,1,268,1,0.0,180.0,0.7,8.299999999999928
mlp,1,269,1,1.0,181.0,-0.30000000000000004,7.999999999999928
mlp,1,270,0,1.0,182.0,-0.30000000000000004,7.699999999999928
mlp,1,271,1,1.0,183.0,-0.30000000000000004,7.399999999999928
mlp,1,272,0,0.0,183.0,0.7,8.099999999999929
mlp,1,273,1,0.0,183.0,0.7,8.799999999999928
mlp,1,274,1,1.0,184.0,-0.30000000000000004,8.499999999999927
mlp,1,275,1,1.0,185.0,-0.30000000000000004,8.199999999999926
mlp,1,276,1,0.0,185.0,0.7,8.899999999999926
mlp,1,277,1,1.0,186.0,-0.30000000000000004,8.599999999999925
mlp,1,278,1,1.0,187.0,-0.30000000000000004,8.299999999999924
mlp,1,279,1,1.0,188.0,-0.30000000000000004,7.9999999999999245
mlp,1,280,1,1.0,189.0,-0.30000000000000004,7.699999999999925
mlp,1,281,0,1.0,190.0,-0.30000000000000004,7.399999999999925
mlp,1,282,1,1.0,191.0,-0.30000000000000004,7.099999999999925
mlp,1,283,1,1.0,192.0,-0.30000000000000004,6.799999999999925
mlp,1,284,1,1.0,193.0,-0.30000000000000004,6.499999999999925
mlp,1,285,1,0.0,193.0,0.7,7.199999999999926
mlp,1,286,1,0.0,193.0,0.7,7.899999999999926
mlp,1,287,1,0.0,193.0,0.7,8.599999999999925
mlp,1,288,0,0.0,193.0,0.7,9.299999999999924
mlp,1,289,1,1.0,194.0,-0.30000000000000004,8.999999999999924
mlp,1,290,1,1.0,195.0,-0.30000000000000004,8.699999999999923
mlp,1,291,1,1.0,196.0,-0.30000000000000004,8.399999999999922
mlp,1,292,1,1.0,197.0,-0.30000000000000004,8.099999999999921
mlp,1,293,1,0.0,197.0,0.7,8.79999999999992
mlp,1,294,1,1.0,198.0,-0.30000000000000004,8.49999999999992
mlp,1,295,1,0.0,198.0,0.7,9.19999999999992
mlp,1,296,0,0.0,198.0,0.7,9.899999999999919
mlp,1,297,1,0.0,198.0,0.7,10.599999999999918
mlp,1,298,1,1.0,199.0,-0.30000000000000004,10.299999999999917
mlp,1,299,1,1.0,200.0,-0.30000000000000004,9.999999999999917
connectome,1,0,0,0.0,0.0,0.7,0.7
connectome,1,1,0,0.0,0.0,0.7,1.4
connectome,1,2,0,1.0,1.0,-0.30000000000000004,1.0999999999999999
connectome,1,3,0,0.0,1.0,0.7,1.7999999999999998
connectome,1,4,0,0.0,1.0,0.7,2.5
connectome,1,5,0,0.0,1.0,0.7,3.2
connectome,1,6,0,0.0,1.0,0.7,3.9000000000000004
connectome,1,7,0,0.0,1.0,0.7,4.6000000000000005
connectome,1,8,0,0.0,1.0,0.7,5.300000000000001
connectome,1,9,0,1.0,2.0,-0.30000000000000004,5.000000000000001
connectome,1,10,1,0.0,2.0,0.7,5.700000000000001
connectome,1,11,1,1.0,3.0,-0.30000000000000004,5.400000000000001
connectome,1,12,1,1.0,4.0,-0.30000000000000004,5.100000000000001
connectome,1,13,1,0.0,4.0,0.7,5.800000000000002
connectome,1,14,1,1.0,5.0,-0.30000000000000004,5.500000000000002
connectome,1,15,1,1.0,6.0,-0.30000000000000004,5.200000000000002
connectome,1,16,1,1.0,7.0,-0.30000000000000004,4.900000000000002
connectome,1,17,1,1.0,8.0,-0.30000000000000004,4.600000000000002
connectome,1,18,1,1.0,9.0,-0.30000000000000004,4.3000000000000025
connectome,1,19,1,1.0,10.0,-0.30000000000000004,4.000000000000003
connectome,1,20,1,0.0,10.0,0.7,4.700000000000003
connectome,1,21,1,1.0,11.0,-0.30000000000000004,4.400000000000003
connectome,1,22,1,1.0,12.0,-0.30000000000000004,4.100000000000003
connectome,1,23,1,0.0,12.0,0.7,4.800000000000003
connectome,1,24,1,0.0,12.0,0.7,5.5000000000000036
connectome,1,25,1,0.0,12.0,0.7,6.200000000000004
connectome,1,26,1,1.0,13.0,-0.30000000000000004,5.900000000000004
connectome,1,27,1,1.0,14.0,-0.30000000000000004,5.600000000000004
connectome,1,28,1,1.0,15.0,-0.30000000000000004,5.300000000000004
connectome,1,29,1,0.0,15.0,0.7,6.000000000000004
connectome,1,30,1,1.0,16.0,-0.30000000000000004,5.700000000000005
connectome,1,31,1,1.0,17.0,-0.30000000000000004,5.400000000000005
connectome,1,32,1,1.0,18.0,-0.30000000000000004,5.100000000000005
connectome,1,33,1,0.0,18.0,0.7,5.800000000000005
connectome,1,34,1,1.0,19.0,-0.30000000000000004,5.500000000000005
connectome,1,35,1,0.0,19.0,0.7,6.2000000000000055
connectome,1,36,1,1.0,20.0,-0.30000000000000004,5.900000000000006
connectome,1,37,1,1.0,21.0,-0.30000000000000004,5.600000000000006
connectome,1,38,1,1.0,22.0,-0.30000000000000004,5.300000000000006
connectome,1,39,1,1.0,23.0,-0.30000000000000004,5.000000000000006
connectome,1,40,1,1.0,24.0,-0.30000000000000004,4.700000000000006
connectome,1,41,1,0.0,24.0,0.7,5.400000000000007
connectome,1,42,1,1.0,25.0,-0.30000000000000004,5.100000000000007
connectome,1,43,1,1.0,26.0,-0.30000000000000004,4.800000000000007
connectome,1,44,1,0.0,26.0,0.7,5.500000000000007
connectome,1,45,1,1.0,27.0,-0.30000000000000004,5.200000000000007
connectome,1,46,1,1.0,28.0,-0.30000000000000004,4.9000000000000075
connectome,1,47,1,0.0,28.0,0.7,5.600000000000008
connectome,1,48,1,1.0,29.0,-0.30000000000000004,5.300000000000008
connectome,1,49,1,0.0,29.0,0.7,6.000000000000008
connectome,1,50,1,1.0,30.0,-0.30000000000000004,5.700000000000008
connectome,1,51,1,0.0,30.0,0.7,6.400000000000008
connectome,1,52,1,1.0,31.0,-0.30000000000000004,6.1000000000000085
connectome,1,53,1,0.0,31.0,0.7,6.800000000000009
connectome,1,54,1,1.0,32.0,-0.30000000000000004,6.500000000000009
connectome,1,55,1,1.0,33.0,-0.30000000000000004,6.200000000000009
connectome,1,56,1,0.0,33.0,0.7,6.900000000000009
connectome,1,57,1,0.0,33.0,0.7,7.600000000000009
connectome,1,58,0,0.0,33.0,0.7,8.30000000000001
connectome,1,59,1,1.0,34.0,-0.30000000000000004,8.000000000000009
connectome,1,60,1,1.0,35.0,-0.30000000000000004,7.700000000000009
connectome,1,61,1,1.0,36.0,-0.30000000000000004,7.400000000000009
connectome,1,62,1,1.0,37.0,-0.30000000000000004,7.100000000000009
connectome,1,63,1,0.0,37.0,0.7,7.80000000000001
connectome,1,64,1,0.0,37.0,0.7,8.500000000000009
connectome,1,65,1,1.0,38.0,-0.30000000000000004,8.200000000000008
connectome,1,66,1,1.0,39.0,-0.30000000000000004,7.900000000000008
connectome,1,67,1,1.0,40.0,-0.30000000000000004,7.6000000000000085
connectome,1,68,1,0.0,40.0,0.7,8.300000000000008
connectome,1,69,1,0.0,40.0,0.7,9.000000000000007
connectome,1,70,1,1.0,41.0,-0.30000000000000004,8.700000000000006
connectome,1,71,1,1.0,42.0,-0.30000000000000004,8.400000000000006
connectome,1,72,1,0.0,42.0,0.7,9.100000000000005
connectome,1,73,1,1.0,43.0,-0.30000000000000004,8.800000000000004
connectome,1,74,1,1.0,44.0,-0.30000000000000004,8.500000000000004
connectome,1,75,1,1.0,45.0,-0.30000000000000004,8.200000000000003
connectome,1,76,1,1.0,46.0,-0.30000000000000004,7.900000000000003
connectome,1,77,1,0.0,46.0,0.7,8.600000000000003
connectome,1,78,1,0.0,46.0,0.7,9.300000000000002
connectome,1,79,1,0.0,46.0,0.7,10.000000000000002
connectome,1,80,1,1.0,47.0,-0.30000000000000004,9.700000000000001
connectome,1,81,1,1.0,48.0,-0.30000000000000004,9.4
connectome,1,82,1,0.0,48.0,0.7,10.1
connectome,1,83,1,1.0,49.0,-0.30000000000000004,9.799999999999999
connectome,1,84,1,0.0,49.0,0.7,10.499999999999998
connectome,1,85,1,1.0,50.0,-0.30000000000000004,10.199999999999998
connectome,1,86,1,0.0,50.0,0.7,10.899999999999997
connectome,1,87,1,1.0,51.0,-0.30000000000000004,10.599999999999996
connectome,1,88,1,1.0,52.0,-0.30000000000000004,10.299999999999995
connectome,1,89,1,1.0,53.0,-0.30000000000000004,9.999999999999995
connectome,1,90,1,1.0,54.0,-0.30000000000000004,9.699999999999994
connectome,1,91,1,1.0,55.0,-0.30000000000000004,9.399999999999993
connectome,1,92,1,1.0,56.0,-0.30000000000000004,9.099999999999993
connectome,1,93,1,1.0,57.0,-0.30000000000000004,8.799999999999992
connectome,1,94,1,1.0,58.0,-0.30000000000000004,8.499999999999991
connectome,1,95,1,1.0,59.0,-0.30000000000000004,8.19999999999999
connectome,1,96,1,1.0,60.0,-0.30000000000000004,7.899999999999991
connectome,1,97,1,1.0,61.0,-0.30000000000000004,7.599999999999991
connectome,1,98,1,1.0,62.0,-0.30000000000000004,7.299999999999991
connectome,1,99,1,0.0,62.0,0.7,7.999999999999991
connectome,1,100,1,1.0,63.0,-0.30000000000000004,7.699999999999991
connectome,1,101,1,1.0,64.0,-0.30000000000000004,7.3999999999999915
connectome,1,102,1,0.0,64.0,0.7,8.09999999999999
connectome,1,103,1,1.0,65.0,-0.30000000000000004,7.799999999999991
connectome,1,104,1,0.0,65.0,0.7,8.499999999999991
connectome,1,105,1,1.0,66.0,-0.30000000000000004,8.19999999999999
connectome,1,106,1,1.0,67.0,-0.30000000000000004,7.899999999999991
connectome,1,107,1,1.0,68.0,-0.30000000000000004,7.599999999999991
connectome,1,108,1,0.0,68.0,0.7,8.29999999999999
connectome,1,109,1,1.0,69.0,-0.30000000000000004,7.99999999999999
connectome,1,110,1,1.0,70.0,-0.30000000000000004,7.69999999999999
connectome,1,111,1,1.0,71.0,-0.30000000000000004,7.399999999999991
connectome,1,112,1,1.0,72.0,-0.30000000000000004,7.099999999999991
connectome,1,113,1,0.0,72.0,0.7,7.799999999999991
connectome,1,114,1,1.0,73.0,-0.30000000000000004,7.499999999999991
connectome,1,115,1,1.0,74.0,-0.30000000000000004,7.199999999999991
connectome,1,116,1,1.0,75.0,-0.30000000000000004,6.8999999999999915
connectome,1,117,1,1.0,76.0,-0.30000000000000004,6.599999999999992
connectome,1,118,1,1.0,77.0,-0.30000000000000004,6.299999999999992
connectome,1,119,1,1.0,78.0,-0.30000000000000004,5.999999999999992
connectome,1,120,1,1.0,79.0,-0.30000000000000004,5.699999999999992
connectome,1,121,1,0.0,79.0,0.7,6.399999999999992
connectome,1,122,1,0.0,79.0,0.7,7.0999999999999925
connectome,1,123,1,1.0,80.0,-0.30000000000000004,6.799999999999993
connectome,1,124,1,1.0,81.0,-0.30000000000000004,6.499999999999993
connectome,1,125,1,1.0,82.0,-0.30000000000000004,6.199999999999993
connectome,1,126,1,1.0,83.0,-0.30000000000000004,5.899999999999993
connectome,1,127,1,1.0,84.0,-0.30000000000000004,5.599999999999993
connectome,1,128,1,1.0,85.0,-0.30000000000000004,5.299999999999994
connectome,1,129,1,1.0,86.0,-0.30000000000000004,4.999999999999994
connectome,1,130,1,1.0,87.0,-0.30000000000000004,4.699999999999994
connectome,1,131,1,1.0,88.0,-0.30000000000000004,4.399999999999994
connectome,1,132,1,0.0,88.0,0.7,5.099999999999994
connectome,1,133,1,0.0,88.0,0.7,5.7999999999999945
connectome,1,134,1,0.0,88.0,0.7,6.499999999999995
connectome,1,135,1,0.0,88.0,0.7,7.199999999999995
connectome,1,136,1,1.0,89.0,-0.30000000000000004,6.899999999999995
connectome,1,137,1,0.0,89.0,0.7,7.599999999999995
connectome,1,138,1,1.0,90.0,-0.30000000000000004,7.299999999999995
connectome,1,139,1,1.0,91.0,-0.30000000000000004,6.999999999999996
connectome,1,140,1,1.0,92.0,-0.30000000000000004,6.699999999999996
connectome,1,141,1,1.0,93.0,-0.30000000000000004,6.399999999999996
connectome,1,142,1,1.0,94.0,-0.30000000000000004,6.099999999999996
connectome,1,143,1,1.0,95.0,-0.30000000000000004,5.799999999999996
connectome,1,144,1,1.0,96.0,-0.30000000000000004,5.4999999999999964
connectome,1,145,1,0.0,96.0,0.7,6.199999999999997
connectome,1,146,1,1.0,97.0,-0.30000000000000004,5.899999999999997
connectome,1,147,1,0.0,97.0,0.7,6.599999999999997
connectome,1,148,1,1.0,98.0,-0.30000000000000004,6.299999999999997
connectome,1,149,1,1.0,99.0,-0.30000000000000004,5.999999999999997
connectome,1,150,1,0.0,99.0,0.7,6.6999999999999975
connectome,1,151,1,1.0,100.0,-0.30000000000000004,6.399999999999998
connectome,1,152,1,1.0,101.0,-0.30000000000000004,6.099999999999998
connectome,1,153,1,0.0,101.0,0.7,6.799999999999998
connectome,1,154,1,1.0,102.0,-0.30000000000000004,6.499999999999998
connectome,1,155,0,0.0,102.0,0.7,7.199999999999998
connectome,1,156,1,1.0,103.0,-0.30000000000000004,6.899999999999999
connectome,1,157,1,1.0,104.0,-0.30000000000000004,6.599999999999999
connectome,1,158,1,1.0,105.0,-0.30000000000000004,6.299999999999999
connectome,1,159,1,0.0,105.0,0.7,6.999999999999999
connectome,1,160,1,1.0,106.0,-0.30000000000000004,6.699999999999999
connectome,1,161,1,0.0,106.0,0.7,7.3999999999999995
connectome,1,162,1,1.0,107.0,-0.30000000000000004,7.1
connectome,1,163,1,1.0,108.0,-0.30000000000000004,6.8
connectome,1,164,1,1.0,109.0,-0.30000000000000004,6.5
connectome,1,165,1,1.0,110.0,-0.30000000000000004,6.2
connectome,1,166,1,1.0,111.0,-0.30000000000000004,5.9
connectome,1,167,1,0.0,111.0,0.7,6.6000000000000005
connectome,1,168,1,1.0,112.0,-0.30000000000000004,6.300000000000001
connectome,1,169,1,0.0,112.0,0.7,7.000000000000001
connectome,1,170,1,0.0,112.0,0.7,7.700000000000001
connectome,1,171,1,1.0,113.0,-0.30000000000000004,7.400000000000001
connectome,1,172,1,1.0,114.0,-0.30000000000000004,7.100000000000001
connectome,1,173,1,1.0,115.0,-0.30000000000000004,6.800000000000002
connectome,1,174,1,1.0,116.0,-0.30000000000000004,6.500000000000002
connectome,1,175,1,1.0,117.0,-0.30000000000000004,6.200000000000002
connectome,1,176,1,1.0,118.0,-0.30000000000000004,5.900000000000002
connectome,1,177,1,1.0,119.0,-0.30000000000000004,5.600000000000002
connectome,1,178,1,0.0,119.0,0.7,6.3000000000000025
connectome,1,179,1,1.0,120.0,-0.30000000000000004,6.000000000000003
connectome,1,180,1,0.0,120.0,0.7,6.700000000000003
connectome,1,181,1,1.0,121.0,-0.30000000000000004,6.400000000000003
connectome,1,182,1,1.0,122.0,-0.30000000000000004,6.100000000000003
connectome,1,183,1,0.0,122.0,0.7,6.800000000000003
connectome,1,184,1,1.0,123.0,-0.30000000000000004,6.5000000000000036
connectome,1,185,1,1.0,124.0,-0.30000000000000004,6.200000000000004
connectome,1,186,1,0.0,124.0,0.7,6.900000000000004
connectome,1,187,1,1.0,125.0,-0.30000000000000004,6.600000000000004
connectome,1,188,1,0.0,125.0,0.7,7.300000000000004
connectome,1,189,1,1.0,126.0,-0.30000000000000004,7.000000000000004
connectome,1,190,1,0.0,126.0,0.7,7.700000000000005
connectome,1,191,0,0.0,126.0,0.7,8.400000000000004
connectome,1,192,1,1.0,127.0,-0.30000000000000004,8.100000000000003
connectome,1,193,1,0.0,127.0,0.7,8.800000000000002
connectome,1,194,1,1.0,128.0,-0.30000000000000004,8.500000000000002
connectome,1,195,1,1.0,129.0,-0.30000000000000004,8.200000000000001
connectome,1,196,1,1.0,130.0,-0.30000000000000004,7.900000000000001
connectome,1,197,1,1.0,131.0,-0.30000000000000004,7.600000000000001
connectome,1,198,0,1.0,132.0,-0.30000000000000004,7.300000000000002
connectome,1,199,1,1.0,133.0,-0.30000000000000004,7.000000000000002
connectome,1,200,1,1.0,134.0,-0.30000000000000004,6.700000000000002
connectome,1,201,1,1.0,135.0,-0.30000000000000004,6.400000000000002
connectome,1,202,1,0.0,135.0,0.7,7.100000000000002
connectome,1,203,1,1.0,136.0,-0.30000000000000004,6.8000000000000025
connectome,1,204,1,0.0,136.0,0.7,7.500000000000003
connectome,1,205,1,0.0,136.0,0.7,8.200000000000003
connectome,1,206,1,1.0,137.0,-0.30000000000000004,7.900000000000003
connectome,1,207,1,1.0,138.0,-0.30000000000000004,7.600000000000003
connectome,1,208,0,0.0,138.0,0.7,8.300000000000002
connectome,1,209,1,1.0,139.0,-0.30000000000000004,8.000000000000002
connectome,1,210,1,1.0,140.0,-0.30000000000000004,7.700000000000002
connectome,1,211,1,0.0,140.0,0.7,8.400000000000002
connectome,1,212,1,1.0,141.0,-0.30000000000000004,8.100000000000001
connectome,1,213,1,0.0,141.0,0.7,8.8
connectome,1,214,1,1.0,142.0,-0.30000000000000004,8.5
connectome,1,215,1,1.0,143.0,-0.30000000000000004,8.2
connectome,1,216,1,1.0,144.0,-0.30000000000000004,7.8999999999999995
connectome,1,217,1,1.0,145.0,-0.30000000000000004,7.6
connectome,1,218,1,1.0,146.0,-0.30000000000000004,7.3
connectome,1,219,1,1.0,147.0,-0.30000000000000004,7.0
connectome,1,220,1,1.0,148.0,-0.30000000000000004,6.7
connectome,1,221,1,0.0,148.0,0.7,7.4
connectome,1,222,1,1.0,149.0,-0.30000000000000004,7.1000000000000005
connectome,1,223,0,0.0,149.0,0.7,7.800000000000001
connectome,1,224,1,1.0,150.0,-0.30000000000000004,7.500000000000001
connectome,1,225,1,0.0,150.0,0.7,8.200000000000001
connectome,1,226,1,1.0,151.0,-0.30000000000000004,7.900000000000001
connectome,1,227,1,1.0,152.0,-0.30000000000000004,7.600000000000001
connectome,1,228,1,1.0,153.0,-0.30000000000000004,7.300000000000002
connectome,1,229,1,1.0,154.0,-0.30000000000000004,7.000000000000002
connectome,1,230,1,1.0,155.0,-0.30000000000000004,6.700000000000002
connectome,1,231,1,1.0,156.0,-0.30000000000000004,6.400000000000002
connectome,1,232,1,1.0,157.0,-0.30000000000000004,6.100000000000002
connectome,1,233,1,0.0,157.0,0.7,6.8000000000000025
connectome,1,234,1,0.0,157.0,0.7,7.500000000000003
connectome,1,235,1,0.0,157.0,0.7,8.200000000000003
connectome,1,236,1,1.0,158.0,-0.30000000000000004,7.900000000000003
connectome,1,237,1,0.0,158.0,0.7,8.600000000000003
connectome,1,238,1,0.0,158.0,0.7,9.300000000000002
connectome,1,239,1,1.0,159.0,-0.30000000000000004,9.000000000000002
connectome,1,240,0,1.0,160.0,-0.30000000000000004,8.700000000000001
connectome,1,241,1,1.0,161.0,-0.30000000000000004,8.4
connectome,1,242,1,1.0,162.0,-0.30000000000000004,8.1
connectome,1,243,1,1.0,163.0,-0.30000000000000004,7.8
connectome,1,244,1,1.0,164.0,-0.30000000000000004,7.5
connectome,1,245,1,1.0,165.0,-0.30000000000000004,7.2
connectome,1,246,1,1.0,166.0,-0.30000000000000004,6.9
connectome,1,247,1,1.0,167.0,-0.30000000000000004,6.6000000000000005
connectome,1,248,1,0.0,167.0,0.7,7.300000000000001
connectome,1,249,1,1.0,168.0,-0.30000000000000004,7.000000000000001
connectome,1,250,1,1.0,169.0,-0.30000000000000004,6.700000000000001
connectome,1,251,0,1.0,170.0,-0.30000000000000004,6.400000000000001
connectome,1,252,1,1.0,171.0,-0.30000000000000004,6.100000000000001
connectome,1,253,0,0.0,171.0,0.7,6.800000000000002
connectome,1,254,1,1.0,172.0,-0.30000000000000004,6.500000000000002
connectome,1,255,1,1.0,173.0,-0.30000000000000004,6.200000000000002
connectome,1,256,1,1.0,174.0,-0.30000000000000004,5.900000000000002
connectome,1,257,1,1.0,175.0,-0.30000000000000004,5.600000000000002
connectome,1,258,1,1.0,176.0,-0.30000000000000004,5.3000000000000025
connectome,1,259,1,1.0,177.0,-0.30000000000000004,5.000000000000003
connectome,1,260,1,1.0,178.0,-0.30000000000000004,4.700000000000003
connectome,1,261,1,0.0,178.0,0.7,5.400000000000003
connectome,1,262,1,1.0,179.0,-0.30000000000000004,5.100000000000003
connectome,1,263,1,1.0,180.0,-0.30000000000000004,4.800000000000003
connectome,1,264,1,0.0,180.0,0.7,5.5000000000000036
connectome,1,265,1,1.0,181.0,-0.30000000000000004,5.200000000000004
connectome,1,266,0,1.0,182.0,-0.30000000000000004,4.900000000000004
connectome,1,267,1,0.0,182.0,0.7,5.600000000000004
connectome,1,268,1,0.0,182.0,0.7,6.300000000000004
connectome,1,269,1,1.0,183.0,-0.30000000000000004,6.000000000000004
connectome,1,270,1,1.0,184.0,-0.30000000000000004,5.700000000000005
connectome,1,271,1,1.0,185.0,-0.30000000000000004,5.400000000000005
connectome,1,272,0,0.0,185.0,0.7,6.100000000000005
connectome,1,273,1,0.0,185.0,0.7,6.800000000000005
connectome,1,274,0,0.0,185.0,0.7,7.500000000000005
connectome,1,275,1,1.0,186.0,-0.30000000000000004,7.2000000000000055
connectome,1,276,1,0.0,186.0,0.7,7.900000000000006
connectome,1,277,1,1.0,187.0,-0.30000000000000004,7.600000000000006
connectome,1,278,1,1.0,188.0,-0.30000000000000004,7.300000000000006
connectome,1,279,1,1.0,189.0,-0.30000000000000004,7.000000000000006
connectome,1,280,1,1.0,190.0,-0.30000000000000004,6.700000000000006
connectome,1,281,1,1.0,191.0,-0.30000000000000004,6.400000000000007
connectome,1,282,1,1.0,192.0,-0.30000000000000004,6.100000000000007
connectome,1,283,0,0.0,192.0,0.7,6.800000000000007
connectome,1,284,1,1.0,193.0,-0.30000000000000004,6.500000000000007
connectome,1,285,1,0.0,193.0,0.7,7.200000000000007
connectome,1,286,1,0.0,193.0,0.7,7.9000000000000075
connectome,1,287,1,0.0,193.0,0.7,8.600000000000007
connectome,1,288,1,1.0,194.0,-0.30000000000000004,8.300000000000006
connectome,1,289,1,1.0,195.0,-0.30000000000000004,8.000000000000005
connectome,1,290,1,1.0,196.0,-0.30000000000000004,7.7000000000000055
connectome,1,291,1,1.0,197.0,-0.30000000000000004,7.400000000000006
connectome,1,292,1,1.0,198.0,-0.30000000000000004,7.100000000000006
connectome,1,293,1,0.0,198.0,0.7,7.800000000000006
connectome,1,294,1,1.0,199.0,-0.30000000000000004,7.500000000000006
connectome,1,295,1,0.0,199.0,0.7,8.200000000000006
connectome,1,296,1,1.0,200.0,-0.30000000000000004,7.900000000000007
connectome,1,297,1,0.0,200.0,0.7,8.600000000000007
connectome,1,298,0,1.0,201.0,-0.30000000000000004,8.300000000000006
connectome,1,299,1,1.0,202.0,-0.30000000000000004,8.000000000000005
qlearning,2,0,0,1.0,1.0,-0.30000000000000004,-0.30000000000000004
qlearning,2,1,0,1.0,2.0,-0.30000000000000004,-0.6000000000000001
qlearning,2,2,0,0.0,2.0,0.7,0.09999999999999987
qlearning,2,3,0,1.0,3.0,-0.30000000000000004,-0.20000000000000018
qlearning,2,4,0,0.0,3.0,0.7,0.4999999999999998
qlearning,2,5,0,0.0,3.0,0.7,1.1999999999999997
qlearning,2,6,0,1.0,4.0,-0.30000000000000004,0.8999999999999997
qlearning,2,7,0,1.0,5.0,-0.30000000000000004,0.5999999999999996
qlearning,2,8,0,1.0,6.0,-0.30000000000000004,0.2999999999999996
qlearning,2,9,0,0.0,6.0,0.7,0.9999999999999996
qlearning,2,10,1,1.0,7.0,-0.30000000000000004,0.6999999999999995
qlearning,2,11,1,1.0,8.0,-0.30000000000000004,0.39999999999999947
qlearning,2,12,1,1.0,9.0,-0.30000000000000004,0.09999999999999942
qlearning,2,13,1,1.0,10.0,-0.30000000000000004,-0.20000000000000062
qlearning,2,14,1,1.0,11.0,-0.30000000000000004,-0.5000000000000007
qlearning,2,15,1,1.0,12.0,-0.30000000000000004,-0.8000000000000007
qlearning,2,16,1,0.0,12.0,0.7,-0.10000000000000075
qlearning,2,17,1,1.0,13.0,-0.30000000000000004,-0.4000000000000008
qlearning,2,18,1,1.0,14.0,-0.30000000000000004,-0.7000000000000008
qlearning,2,19,1,1.0,15.0,-0.30000000000000004,-1.0000000000000009
qlearning,2,20,1,1.0,16.0,-0.30000000000000004,-1.300000000000001
qlearning,2,21,1,1.0,17.0,-0.30000000000000004,-1.600000000000001
qlearning,2,22,1,0.0,17.0,0.7,-0.900000000000001
qlearning,2,23,0,0.0,17.0,0.7,-0.20000000000000107
qlearning,2,24,1,1.0,18.0,-0.30000000000000004,-0.5000000000000011
qlearning,2,25,1,0.0,18.0,0.7,0.19999999999999885
qlearning,2,26,1,1.0,19.0,-0.30000000000000004,-0.1000000000000012
qlearning,2,27,1,1.0,20.0,-0.30000000000000004,-0.40000000000000124
qlearning,2,28,1,1.0,21.0,-0.30000000000000004,-0.7000000000000013
qlearning,2,29,1,1.0,22.0,-0.30000000000000004,-1.0000000000000013
qlearning,2,30,1,1.0,23.0,-0.30000000000000004,-1.3000000000000014
qlearning,2,31,1,0.0,23.0,0.7,-0.6000000000000014
qlearning,2,32,1,1.0,24.0,-0.30000000000000004,-0.9000000000000015
qlearning,2,33,1,0.0,24.0,0.7,-0.2000000000000015
qlearning,2,34,1,1.0,25.0,-0.30000000000000004,-0.5000000000000016
qlearning,2,35,1,1.0,26.0,-0.30000000000000004,-0.8000000000000016
qlearning,2,36,1,1.0,27.0,-0.30000000000000004,-1.1000000000000016
qlearning,2,37,1,1.0,28.0,-0.30000000000000004,-1.4000000000000017
qlearning,2,38,1,0.0,28.0,0.7,-0.7000000000000017
qlearning,2,39,1,1.0,29.0,-0.30000000000000004,-1.0000000000000018
qlearning,2,40,1,0.0,29.0,0.7,-0.3000000000000018
qlearning,2,41,1,1.0,30.0,-0.30000000000000004,-0.6000000000000019
qlearning,2,42,1,0.0,30.0,0.7,0.09999999999999809
qlearning,2,43,1,1.0,31.0,-0.30000000000000004,-0.20000000000000195
qlearning,2,44,1,1.0,32.0,-0.30000000000000004,-0.500000000000002
qlearning,2,45,1,1.0,33.0,-0.30000000000000004,-0.800000000000002
qlearning,2,46,1,1.0,34.0,-0.30000000000000004,-1.100000000000002
qlearning,2,47,1,1.0,35.0,-0.30000000000000004,-1.4000000000000021
qlearning,2,48,1,1.0,36.0,-0.30000000000000004,-1.7000000000000022
qlearning,2,49,1,1.0,37.0,-0.30000000000000004,-2.000000000000002
qlearning,2,50,1,0.0,37.0,0.7,-1.3000000000000023
qlearning,2,51,1,1.0,38.0,-0.30000000000000004,-1.6000000000000023
qlearning,2,52,1,0.0,38.0,0.7,-0.9000000000000024
qlearning,2,53,1,0.0,38.0,0.7,-0.2000000000000024
qlearning,2,54,1,1.0,39.0,-0.30000000000000004,-0.5000000000000024
qlearning,2,55,1,0.0,39.0,0.7,0.1999999999999975
qlearning,2,56,1,1.0,40.0,-0.30000000000000004,-0.10000000000000253
qlearning,2,57,1,0.0,40.0,0.7,0.5999999999999974
qlearning,2,58,1,1.0,41.0,-0.30000000000000004,0.2999999999999974
qlearning,2,59,1,1.0,42.0,-0.30000000000000004,-2.6645352591003757e-15
qlearning,2,60,1,1.0,43.0,-0.30000000000000004,-0.3000000000000027
qlearning,2,61,1,1.0,44.0,-0.30000000000000004,-0.6000000000000028
qlearning,2,62,1,1.0,45.0,-0.30000000000000004,-0.9000000000000028
qlearning,2,63,1,1.0,46.0,-0.30000000000000004,-1.2000000000000028
qlearning,2,64,1,1.0,47.0,-0.30000000000000004,-1.5000000000000029
qlearning,2,65,1,0.0,47.0,0.7,-0.8000000000000029
qlearning,2,66,1,1.0,48.0,-0.30000000000000004,-1.100000000000003
qlearning,2,67,1,1.0,49.0,-0.30000000000000004,-1.400000000000003
qlearning,2,68,1,1.0,50.0,-0.30000000000000004,-1.700000000000003
qlearning,2,69,1,1.0,51.0,-0.30000000000000004,-2.000000000000003
qlearning,2,70,1,1.0,52.0,-0.30000000000000004,-2.3000000000000034
qlearning,2,71,1,0.0,52.0,0.7,-1.6000000000000034
qlearning,2,72,1,0.0,52.0,0.7,-0.9000000000000035
qlearning,2,73,1,1.0,53.0,-0.30000000000000004,-1.2000000000000035
qlearning,2,74,1,1.0,54.0,-0.30000000000000004,-1.5000000000000036
qlearning,2,75,1,1.0,55.0,-0.30000000000000004,-1.8000000000000036
qlearning,2,76,1,0.0,55.0,0.7,-1.1000000000000036
qlearning,2,77,1,1.0,56.0,-0.30000000000000004,-1.4000000000000037
qlearning,2,78,1,1.0,57.0,-0.30000000000000004,-1.7000000000000037
qlearning,2,79,1,1.0,58.0,-0.30000000000000004,-2.0000000000000036
qlearning,2,80,1,1.0,59.0,-0.30000000000000004,-2.3000000000000034
qlearning,2,81,1,1.0,60.0,-0.30000000000000004,-2.600000000000003
qlearning,2,82,1,0.0,60.0,0.7,-1.9000000000000032
qlearning,2,83,1,0.0,60.0,0.7,-1.2000000000000033
qlearning,2,84,0,1.0,61.0,-0.30000000000000004,-1.5000000000000033
qlearning,2,85,1,1.0,62.0,-0.30000000000000004,-1.8000000000000034
qlearning,2,86,1,1.0,63.0,-0.30000000000000004,-2.100000000000003
qlearning,2,87,1,0.0,63.0,0.7,-1.4000000000000032
qlearning,2,88,1,1.0,64.0,-0.30000000000000004,-1.7000000000000033
qlearning,2,89,1,1.0,65.0,-0.30000000000000004,-2.0000000000000036
qlearning,2,90,1,0.0,65.0,0.7,-1.3000000000000036
qlearning,2,91,1,1.0,66.0,-0.30000000000000004,-1.6000000000000036
qlearning,2,92,1,1.0,67.0,-0.30000000000000004,-1.9000000000000037
qlearning,2,93,1,1.0,68.0,-0.30000000000000004,-2.2000000000000037
qlearning,2,94,1,1.0,69.0,-0.30000000000000004,-2.5000000000000036
qlearning,2,95,1,1.0,70.0,-0.30000000000000004,-2.8000000000000034
qlearning,2,96,1,1.0,71.0,-0.30000000000000004,-3.100000000000003
qlearning,2,97,0,1.0,72.0,-0.30000000000000004,-3.400000000000003
qlearning,2,98,1,1.0,73.0,-0.30000000000000004,-3.700000000000003
qlearning,2,99,1,1.0,74.0,-0.30000000000000004,-4.000000000000003
qlearning,2,100,1,1.0,75.0,-0.30000000000000004,-4.3000000000000025
qlearning,2,101,0,0.0,75.0,0.7,-3.6000000000000023
qlearning,2,102,0,0.0,75.0,0.7,-2.900000000000002
qlearning,2,103,1,1.0,76.0,-0.30000000000000004,-3.200000000000002
qlearning,2,104,1,0.0,76.0,0.7,-2.5000000000000018
qlearning,2,105,1,0.0,76.0,0.7,-1.8000000000000018
qlearning,2,106,1,1.0,77.0,-0.30000000000000004,-2.100000000000002
qlearning,2,107,1,1.0,78.0,-0.30000000000000004,-2.400000000000002
qlearning,2,108,1,1.0,79.0,-0.30000000000000004,-2.700000000000002
qlearning,2,109,1,0.0,79.0,0.7,-2.0000000000000018
qlearning,2,110,1,1.0,80.0,-0.30000000000000004,-2.3000000000000016
qlearning,2,111,1,1.0,81.0,-0.30000000000000004,-2.6000000000000014
qlearning,2,112,1,1.0,82.0,-0.30000000000000004,-2.9000000000000012
qlearning,2,113,1,1.0,83.0,-0.30000000000000004,-3.200000000000001
qlearning,2,114,1,0.0,83.0,0.7,-2.500000000000001
qlearning,2,115,1,0.0,83.0,0.7,-1.800000000000001
qlearning,2,116,1,0.0,83.0,0.7,-1.100000000000001
qlearning,2,117,1,1.0,84.0,-0.30000000000000004,-1.400000000000001
qlearning,2,118,1,0.0,84.0,0.7,-0.7000000000000011
qlearning,2,119,1,1.0,85.0,-0.30000000000000004,-1.000000000000001
qlearning,2,120,0,1.0,86.0,-0.30000000000000004,-1.3000000000000012
qlearning,2,121,1,1.0,87.0,-0.30000000000000004,-1.6000000000000012
qlearning,2,122,1,1.0,88.0,-0.30000000000000004,-1.9000000000000012
qlearning,2,123,1,1.0,89.0,-0.30000000000000004,-2.200000000000001
qlearning,2,124,1,1.0,90.0,-0.30000000000000004,-2.500000000000001
qlearning,2,125,1,0.0,90.0,0.7,-1.800000000000001
qlearning,2,126,1,0.0,90.0,0.7,-1.100000000000001
qlearning,2,127,1,1.0,91.0,-0.30000000000000004,-1.400000000000001
qlearning,2,128,1,0.0,91.0,0.7,-0.7000000000000011
qlearning,2,129,1,1.0,92.0,-0.30000000000000004,-1.000000000000001
qlearning,2,130,0,0.0,92.0,0.7,-0.30000000000000115
qlearning,2,131,1,1.0,93.0,-0.30000000000000004,-0.6000000000000012
qlearning,2,132,1,0.0,93.0,0.7,0.09999999999999876
qlearning,2,133,0,1.0,94.0,-0.30000000000000004,-0.2000000000000013
qlearning,2,134,1,0.0,94.0,0.7,0.49999999999999867
qlearning,2,135,1,1.0,95.0,-0.30000000000000004,0.19999999999999862
qlearning,2,136,1,0.0,95.0,0.7,0.8999999999999986
qlearning,2,137,1,1.0,96.0,-0.30000000000000004,0.5999999999999985
qlearning,2,138,1,1.0,97.0,-0.30000000000000004,0.2999999999999985
qlearning,2,139,1,1.0,98.0,-0.30000000000000004,-1.5543122344752192e-15
qlearning,2,140,1,1.0,99.0,-0.30000000000000004,-0.3000000000000016
qlearning,2,141,1,1.0,100.0,-0.30000000000000004,-0.6000000000000016
qlearning,2,142,1,0.0,100.0,0.7,0.09999999999999831
qlearning,2,143,1,1.0,101.0,-0.30000000000000004,-0.20000000000000173
qlearning,2,144,1,1.0,102.0,-0.30000000000000004,-0.5000000000000018
qlearning,2,145,0,1.0,103.0,-0.30000000000000004,-0.8000000000000018
qlearning,2,146,1,1.0,104.0,-0.30000000000000004,-1.1000000000000019
qlearning,2,147,1,0.0,104.0,0.7,-0.4000000000000019
qlearning,2,148,1,1.0,105.0,-0.30000000000000004,-0.700000000000002
qlearning,2,149,1,0.0,105.0,0.7,-1.9984014443252818e-15
qlearning,2,150,1,0.0,105.0,0.7,0.699999999999998
qlearning,2,151,1,1.0,106.0,-0.30000000000000004,0.3999999999999979
qlearning,2,152,1,1.0,107.0,-0.30000000000000004,0.09999999999999787
qlearning,2,153,0,0.0,107.0,0.7,0.7999999999999978
qlearning,2,154,1,1.0,108.0,-0.30000000000000004,0.4999999999999978
qlearning,2,155,1,1.0,109.0,-0.30000000000000004,0.19999999999999774
qlearning,2,156,1,1.0,110.0,-0.30000000000000004,-0.10000000000000231
qlearning,2,157,1,1.0,111.0,-0.30000000000000004,-0.40000000000000235
qlearning,2,158,1,1.0,112.0,-0.30000000000000004,-0.7000000000000024
qlearning,2,159,1,1.0,113.0,-0.30000000000000004,-1.0000000000000024
qlearning,2,160,1,0.0,113.0,0.7,-0.3000000000000025
qlearning,2,161,1,1.0,114.0,-0.30000000000000004,-0.6000000000000025
qlearning,2,162,1,1.0,115.0,-0.30000000000000004,-0.9000000000000026
qlearning,2,163,1,1.0,116.0,-0.30000000000000004,-1.2000000000000026
qlearning,2,164,1,1.0,117.0,-0.30000000000000004,-1.5000000000000027
qlearning,2,165,1,0.0,117.0,0.7,-0.8000000000000027
qlearning,2,166,1,0.0,117.0,0.7,-0.10000000000000275
qlearning,2,167,1,0.0,117.0,0.7,0.5999999999999972
qlearning,2,168,1,0.0,117.0,0.7,1.2999999999999972
qlearning,2,169,1,1.0,118.0,-0.30000000000000004,0.9999999999999971
qlearning,2,170,1,1.0,119.0,-0.30000000000000004,0.6999999999999971
qlearning,2,171,1,1.0,120.0,-0.30000000000000004,0.399999999999997
qlearning,2,172,1,1.0,121.0,-0.30000000000000004,0.09999999999999698
qlearning,2,173,1,1.0,122.0,-0.30000000000000004,-0.20000000000000306
qlearning,2,174,1,0.0,122.0,0.7,0.4999999999999969
qlearning,2,175,1,1.0,123.0,-0.30000000000000004,0.19999999999999685
qlearning,2,176,1,1.0,124.0,-0.30000000000000004,-0.1000000000000032
qlearning,2,177,1,1.0,125.0,-0.30000000000000004,-0.40000000000000324
qlearning,2,178,1,1.0,126.0,-0.30000000000000004,-0.7000000000000033
qlearning,2,179,1,0.0,126.0,0.7,-3.3306690738754696e-15
qlearning,2,180,1,0.0,126.0,0.7,0.6999999999999966
qlearning,2,181,1,0.0,126.0,0.7,1.3999999999999966
qlearning,2,182,1,1.0,127.0,-0.30000000000000004,1.0999999999999965
qlearning,2,183,1,1.0,128.0,-0.30000000000000004,0.7999999999999965
qlearning,2,184,1,1.0,129.0,-0.30000000000000004,0.49999999999999645
qlearning,2,185,1,0.0,129.0,0.7,1.1999999999999964
qlearning,2,186,1,0.0,129.0,0.7,1.8999999999999964
qlearning,2,187,1,1.0,130.0,-0.30000000000000004,1.5999999999999963
qlearning,2,188,1,0.0,130.0,0.7,2.2999999999999963
qlearning,2,189,1,0.0,130.0,0.7,2.9999999999999964
qlearning,2,190,1,0.0,130.0,0.7,3.6999999999999966
qlearning,2,191,1,1.0,131.0,-0.30000000000000004,3.399999999999997
qlearning,2,192,1,0.0,131.0,0.7,4.099999999999997
qlearning,2,193,1,1.0,132.0,-0.30000000000000004,3.799999999999997
qlearning,2,194,1,1.0,133.0,-0.30000000000000004,3.4999999999999973
qlearning,2,195,1,0.0,133.0,0.7,4.1999999999999975
qlearning,2,196,1,1.0,134.0,-0.30000000000000004,3.8999999999999977
qlearning,2,197,1,1.0,135.0,-0.30000000000000004,3.599999999999998
qlearning,2,198,1,1.0,136.0,-0.30000000000000004,3.299999999999998
qlearning,2,199,1,1.0,137.0,-0.30000000000000004,2.9999999999999982
qlearning,2,200,1,0.0,137.0,0.7,3.6999999999999984
qlearning,2,201,1,1.0,138.0,-0.30000000000000004,3.3999999999999986
qlearning,2,202,1,1.0,139.0,-0.30000000000000004,3.0999999999999988
qlearning,2,203,1,1.0,140.0,-0.30000000000000004,2.799999999999999
qlearning,2,204,0,1.0,141.0,-0.30000000000000004,2.499999999999999
qlearning,2,205,1,1.0,142.0,-0.30000000000000004,2.1999999999999993
qlearning,2,206,1,1.0,143.0,-0.30000000000000004,1.8999999999999992
qlearning,2,207,1,0.0,143.0,0.7,2.599999999999999
qlearning,2,208,1,1.0,144.0,-0.30000000000000004,2.299999999999999
qlearning,2,209,1,1.0,145.0,-0.30000000000000004,1.999999999999999
qlearning,2,210,1,0.0,145.0,0.7,2.699999999999999
qlearning,2,211,1,1.0,146.0,-0.30000000000000004,2.3999999999999986
qlearning,2,212,1,1.0,147.0,-0.30000000000000004,2.0999999999999988
qlearning,2,213,1,0.0,147.0,0.7,2.799999999999999
qlearning,2,214,1,1.0,148.0,-0.30000000000000004,2.499999999999999
qlearning,2,215,1,1.0,149.0,-0.30000000000000004,2.1999999999999993
qlearning,2,216,1,0.0,149.0,0.7,2.8999999999999995
qlearning,2,217,1,0.0,149.0,0.7,3.5999999999999996
qlearning,2,218,1,1.0,150.0,-0.30000000000000004,3.3
qlearning,2,219,1,1.0,151.0,-0.30000000000000004,3.0
qlearning,2,220,1,1.0,152.0,-0.30000000000000004,2.7
qlearning,2,221,1,1.0,153.0,-0.30000000000000004,2.4000000000000004
qlearning,2,222,1,0.0,153.0,0.7,3.1000000000000005
qlearning,2,223,1,0.0,153.0,0.7,3.8000000000000007
qlearning,2,224,0,0.0,153.0,0.7,4.500000000000001
qlearning,2,225,1,1.0,154.0,-0.30000000000000004,4.200000000000001
qlearning,2,226,1,1.0,155.0,-0.30000000000000004,3.9000000000000012
qlearning,2,227,1,1.0,156.0,-0.30000000000000004,3.6000000000000014
qlearning,2,228,1,1.0,157.0,-0.30000000000000004,3.3000000000000016
qlearning,2,229,1,1.0,158.0,-0.30000000000000004,3.0000000000000018
qlearning,2,230,1,1.0,159.0,-0.30000000000000004,2.700000000000002
qlearning,2,231,1,1.0,160.0,-0.30000000000000004,2.400000000000002
qlearning,2,232,1,1.0,161.0,-0.30000000000000004,2.1000000000000023
qlearning,2,233,1,1.0,162.0,-0.30000000000000004,1.8000000000000023
qlearning,2,234,1,1.0,163.0,-0.30000000000000004,1.5000000000000022
qlearning,2,235,1,1.0,164.0,-0.30000000000000004,1.2000000000000022
qlearning,2,236,1,1.0,165.0,-0.30000000000000004,0.9000000000000021
qlearning,2,237,1,1.0,166.0,-0.30000000000000004,0.6000000000000021
qlearning,2,238,1,1.0,167.0,-0.30000000000000004,0.30000000000000204
qlearning,2,239,1,1.0,168.0,-0.30000000000000004,1.9984014443252818e-15
qlearning,2,240,0,0.0,168.0,0.7,0.700000000000002
qlearning,2,241,0,0.0,168.0,0.7,1.400000000000002
qlearning,2,242,1,1.0,169.0,-0.30000000000000004,1.1000000000000019
qlearning,2,243,1,1.0,170.0,-0.30000000000000004,0.8000000000000018
qlearning,2,244,1,1.0,171.0,-0.30000000000000004,0.5000000000000018
qlearning,2,245,1,0.0,171.0,0.7,1.2000000000000017
qlearning,2,246,1,1.0,172.0,-0.30000000000000004,0.9000000000000017
qlearning,2,247,1,1.0,173.0,-0.30000000000000004,0.6000000000000016
qlearning,2,248,1,1.0,174.0,-0.30000000000000004,0.3000000000000016
qlearning,2,249,1,1.0,175.0,-0.30000000000000004,1.5543122344752192e-15
qlearning,2,250,1,1.0,176.0,-0.30000000000000004,-0.2999999999999985
qlearning,2,251,1,1.0,177.0,-0.30000000000000004,-0.5999999999999985
qlearning,2,252,1,0.0,177.0,0.7,0.10000000000000142
qlearning,2,253,1,1.0,178.0,-0.30000000000000004,-0.19999999999999862
qlearning,2,254,1,1.0,179.0,-0.30000000000000004,-0.49999999999999867
qlearning,2,255,1,1.0,180.0,-0.30000000000000004,-0.7999999999999987
qlearning,2,256,1,1.0,181.0,-0.30000000000000004,-1.0999999999999988
qlearning,2,257,1,0.0,181.0,0.7,-0.3999999999999988
qlearning,2,258,1,1.0,182.0,-0.30000000000000004,-0.6999999999999988
qlearning,2,259,1,1.0,183.0,-0.30000000000000004,-0.9999999999999989
qlearning,2,260,1,1.0,184.0,-0.30000000000000004,-1.299999999999999
qlearning,2,261,1,1.0,185.0,-0.30000000000000004,-1.599999999999999
qlearning,2,262,1,0.0,185.0,0.7,-0.899999999999999
qlearning,2,263,1,1.0,186.0,-0.30000000000000004,-1.199999999999999
qlearning,2,264,1,1.0,187.0,-0.30000000000000004,-1.4999999999999991
qlearning,2,265,1,1.0,188.0,-0.30000000000000004,-1.7999999999999992
qlearning,2,266,1,0.0,188.0,0.7,-1.0999999999999992
qlearning,2,267,1,1.0,189.0,-0.30000000000000004,-1.3999999999999992
qlearning,2,268,1,1.0,190.0,-0.30000000000000004,-1.6999999999999993
qlearning,2,269,1,1.0,191.0,-0.30000000000000004,-1.9999999999999993
qlearning,2,270,1,1.0,192.0,-0.30000000000000004,-2.2999999999999994
qlearning,2,271,0,0.0,192.0,0.7,-1.5999999999999994
qlearning,2,272,1,0.0,192.0,0.7,-0.8999999999999995
qlearning,2,273,1,0.0,192.0,0.7,-0.1999999999999995
qlearning,2,274,1,1.0,193.0,-0.30000000000000004,-0.49999999999999956
qlearning,2,275,1,0.0,193.0,0.7,0.2000000000000004
qlearning,2,276,0,1.0,194.0,-0.30000000000000004,-0.09999999999999964
qlearning,2,277,1,1.0,195.0,-0.30000000000000004,-0.3999999999999997
qlearning,2,278,1,1.0,196.0,-0.30000000000000004,-0.6999999999999997
qlearning,2,279,1,1.0,197.0,-0.30000000000000004,-0.9999999999999998
qlearning,2,280,1,1.0,198.0,-0.30000000000000004,-1.2999999999999998
qlearning,2,281,0,0.0,198.0,0.7,-0.5999999999999999
qlearning,2,282,1,1.0,199.0,-0.30000000000000004,-0.8999999999999999
qlearning,2,283,1,0.0,199.0,0.7,-0.19999999999999996
qlearning,2,284,1,1.0,200.0,-0.30000000000000004,-0.5
qlearning,2,285,1,1.0,201.0,-0.30000000000000004,-0.8
qlearning,2,286,1,1.0,202.0,-0.30000000000000004,-1.1
qlearning,2,287,1,0.0,202.0,0.7,-0.40000000000000013
qlearning,2,288,1,1.0,203.0,-0.30000000000000004,-0.7000000000000002
qlearning,2,289,1,1.0,204.0,-0.30000000000000004,-1.0000000000000002
qlearning,2,290,1,1.0,205.0,-0.30000000000000004,-1.3000000000000003
qlearning,2,291,1,1.0,206.0,-0.30000000000000004,-1.6000000000000003
qlearning,2,292,1,0.0,206.0,0.7,-0.9000000000000004
qlearning,2,293,1,1.0,207.0,-0.30000000000000004,-1.2000000000000004
qlearning,2,294,1,1.0,208.0,-0.30000000000000004,-1.5000000000000004
qlearning,2,295,1,1.0,209.0,-0.30000000000000004,-1.8000000000000005
qlearning,2,296,1,1.0,210.0,-0.30000000000000004,-2.1000000000000005
qlearning,2,297,1,1.0,211.0,-0.30000000000000004,-2.4000000000000004
qlearning,2,298,1,0.0,211.0,0.7,-1.7000000000000004
qlearning,2,299,1,1.0,212.0,-0.30000000000000004,-2.0000000000000004
mlp,2,0,0,1.0,1.0,-0.30000000000000004,-0.30000000000000004
mlp,2,1,0,1.0,2.0,-0.30000000000000004,-0.6000000000000001
mlp,2,2,0,0.0,2.0,0.7,0.09999999999999987
mlp,2,3,0,1.0,3.0,-0.30000000000000004,-0.20000000000000018
mlp,2,4,0,0.0,3.0,0.7,0.4999999999999998
mlp,2,5,0,0.0,3.0,0.7,1.1999999999999997
mlp,2,6,0,1.0,4.0,-0.30000000000000004,0.8999999999999997
mlp,2,7,0,1.0,5.0,-0.30000000000000004,0.5999999999999996
mlp,2,8,0,1.0,6.0,-0.30000000000000004,0.2999999999999996
mlp,2,9,0,0.0,6.0,0.7,0.9999999999999996
mlp,2,10,1,1.0,7.0,-0.30000000000000004,0.6999999999999995
mlp,2,11,1,1.0,8.0,-0.30000000000000004,0.39999999999999947
mlp,2,12,1,1.0,9.0,-0.30000000000000004,0.09999999999999942
mlp,2,13,1,1.0,10.0,-0.30000000000000004,-0.20000000000000062
mlp,2,14,1,1.0,11.0,-0.30000000000000004,-0.5000000000000007
mlp,2,15,1,1.0,12.0,-0.30000000000000004,-0.8000000000000007
mlp,2,16,1,0.0,12.0,0.7,-0.10000000000000075
mlp,2,17,1,1.0,13.0,-0.30000000000000004,-0.4000000000000008
mlp,2,18,1,1.0,14.0,-0.30000000000000004,-0.7000000000000008
mlp,2,19,1,1.0,15.0,-0.30000000000000004,-1.0000000000000009
mlp,2,20,1,1.0,16.0,-0.30000000000000004,-1.300000000000001
mlp,2,21,0,0.0,16.0,0.7,-0.600000000000001
mlp,2,22,1,0.0,16.0,0.7,0.09999999999999898
mlp,2,23,1,0.0,16.0,0.7,0.7999999999999989
mlp,2,24,1,1.0,17.0,-0.30000000000000004,0.4999999999999989
mlp,2,25,1,0.0,17.0,0.7,1.1999999999999988
mlp,2,26,1,1.0,18.0,-0.30000000000000004,0.8999999999999988
mlp,2,27,1,1.0,19.0,-0.30000000000000004,0.5999999999999988
mlp,2,28,1,1.0,20.0,-0.30000000000000004,0.2999999999999987
mlp,2,29,1,1.0,21.0,-0.30000000000000004,-1.3322676295501878e-15
mlp,2,30,1,1.0,22.0,-0.30000000000000004,-0.3000000000000014
mlp,2,31,1,0.0,22.0,0.7,0.3999999999999986
mlp,2,32,1,1.0,23.0,-0.30000000000000004,0.09999999999999853
mlp,2,33,1,0.0,23.0,0.7,0.7999999999999985
mlp,2,34,1,1.0,24.0,-0.30000000000000004,0.49999999999999845
mlp,2,35,1,1.0,25.0,-0.30000000000000004,0.1999999999999984
mlp,2,36,1,1.0,26.0,-0.30000000000000004,-0.10000000000000164
mlp,2,37,1,1.0,27.0,-0.30000000000000004,-0.4000000000000017
mlp,2,38,1,0.0,27.0,0.7,0.29999999999999827
mlp,2,39,1,1.0,28.0,-0.30000000000000004,-1.7763568394002505e-15
mlp,2,40,1,0.0,28.0,0.7,0.6999999999999982
mlp,2,41,1,1.0,29.0,-0.30000000000000004,0.39999999999999813
mlp,2,42,1,0.0,29.0,0.7,1.099999999999998
mlp,2,43,1,1.0,30.0,-0.30000000000000004,0.799999999999998
mlp,2,44,1,1.0,31.0,-0.30000000000000004,0.499999999999998
mlp,2,45,1,1.0,32.0,-0.30000000000000004,0.19999999999999796
mlp,2,46,1,1.0,33.0,-0.30000000000000004,-0.10000000000000209
mlp,2,47,1,1.0,34.0,-0.30000000000000004,-0.40000000000000213
mlp,2,48,1,1.0,35.0,-0.30000000000000004,-0.7000000000000022
mlp,2,49,1,1.0,36.0,-0.30000000000000004,-1.0000000000000022
mlp,2,50,1,0.0,36.0,0.7,-0.30000000000000226
mlp,2,51,1,1.0,37.0,-0.30000000000000004,-0.6000000000000023
mlp,2,52,1,0.0,37.0,0.7,0.09999999999999765
mlp,2,53,1,0.0,37.0,0.7,0.7999999999999976
mlp,2,54,1,1.0,38.0,-0.30000000000000004,0.49999999999999756
mlp,2,55,1,0.0,38.0,0.7,1.1999999999999975
mlp,2,56,1,1.0,39.0,-0.30000000000000004,0.8999999999999975
mlp,2,57,1,0.0,39.0,0.7,1.5999999999999974
mlp,2,58,1,1.0,40.0,-0.30000000000000004,1.2999999999999974
mlp,2,59,1,1.0,41.0,-0.30000000000000004,0.9999999999999973
mlp,2,60,1,1.0,42.0,-0.30000000000000004,0.6999999999999973
mlp,2,61,1,1.0,43.0,-0.30000000000000004,0.39999999999999725
mlp,2,62,1,1.0,44.0,-0.30000000000000004,0.0999999999999972
mlp,2,63,1,1.0,45.0,-0.30000000000000004,-0.20000000000000284
mlp,2,64,1,1.0,46.0,-0.30000000000000004,-0.5000000000000029
mlp,2,65,1,0.0,46.0,0.7,0.19999999999999707
mlp,2,66,1,1.0,47.0,-0.30000000000000004,-0.10000000000000298
mlp,2,67,1,1.0,48.0,-0.30000000000000004,-0.400000000000003
mlp,2,68,1,1.0,49.0,-0.30000000000000004,-0.7000000000000031
mlp,2,69,1,1.0,50.0,-0.30000000000000004,-1.000000000000003
mlp,2,70,1,1.0,51.0,-0.30000000000000004,-1.3000000000000032
mlp,2,71,1,0.0,51.0,0.7,-0.6000000000000032
mlp,2,72,1,0.0,51.0,0.7,0.09999999999999676
mlp,2,73,1,1.0,52.0,-0.30000000000000004,-0.2000000000000033
mlp,2,74,1,1.0,53.0,-0.30000000000000004,-0.5000000000000033
mlp,2,75,1,1.0,54.0,-0.30000000000000004,-0.8000000000000034
mlp,2,76,1,0.0,54.0,0.7,-0.10000000000000342
mlp,2,77,1,1.0,55.0,-0.30000000000000004,-0.40000000000000346
mlp,2,78,1,1.0,56.0,-0.30000000000000004,-0.7000000000000035
mlp,2,79,1,1.0,57.0,-0.30000000000000004,-1.0000000000000036
mlp,2,80,1,1.0,58.0,-0.30000000000000004,-1.3000000000000036
mlp,2,81,1,1.0,59.0,-0.30000000000000004,-1.6000000000000036
mlp,2,82,0,0.0,59.0,0.7,-0.9000000000000037
mlp,2,83,1,0.0,59.0,0.7,-0.20000000000000373
mlp,2,84,1,1.0,60.0,-0.30000000000000004,-0.5000000000000038
mlp,2,85,1,1.0,61.0,-0.30000000000000004,-0.8000000000000038
mlp,2,86,1,1.0,62.0,-0.30000000000000004,-1.1000000000000039
mlp,2,87,1,0.0,62.0,0.7,-0.4000000000000039
mlp,2,88,1,1.0,63.0,-0.30000000000000004,-0.700000000000004
mlp,2,89,1,1.0,64.0,-0.30000000000000004,-1.000000000000004
mlp,2,90,1,0.0,64.0,0.7,-0.30000000000000404
mlp,2,91,1,1.0,65.0,-0.30000000000000004,-0.6000000000000041
mlp,2,92,1,1.0,66.0,-0.30000000000000004,-0.9000000000000041
mlp,2,93,1,1.0,67.0,-0.30000000000000004,-1.2000000000000042
mlp,2,94,1,1.0,68.0,-0.30000000000000004,-1.5000000000000042
mlp,2,95,0,0.0,68.0,0.7,-0.8000000000000043
mlp,2,96,1,1.0,69.0,-0.30000000000000004,-1.1000000000000043
mlp,2,97,1,1.0,70.0,-0.30000000000000004,-1.4000000000000044
mlp,2,98,1,1.0,71.0,-0.30000000000000004,-1.7000000000000044
mlp,2,99,0,1.0,72.0,-0.30000000000000004,-2.0000000000000044
mlp,2,100,0,0.0,72.0,0.7,-1.3000000000000045
mlp,2,101,1,1.0,73.0,-0.30000000000000004,-1.6000000000000045
mlp,2,102,1,1.0,74.0,-0.30000000000000004,-1.9000000000000046
mlp,2,103,1,1.0,75.0,-0.30000000000000004,-2.2000000000000046
mlp,2,104,1,0.0,75.0,0.7,-1.5000000000000047
mlp,2,105,1,0.0,75.0,0.7,-0.8000000000000047
mlp,2,106,1,1.0,76.0,-0.30000000000000004,-1.1000000000000048
mlp,2,107,1,1.0,77.0,-0.30000000000000004,-1.4000000000000048
mlp,2,108,1,1.0,78.0,-0.30000000000000004,-1.7000000000000048
mlp,2,109,1,0.0,78.0,0.7,-1.0000000000000049
mlp,2,110,1,1.0,79.0,-0.30000000000000004,-1.300000000000005
mlp,2,111,1,1.0,80.0,-0.30000000000000004,-1.600000000000005
mlp,2,112,1,1.0,81.0,-0.30000000000000004,-1.900000000000005
mlp,2,113,1,1.0,82.0,-0.30000000000000004,-2.200000000000005
mlp,2,114,1,0.0,82.0,0.7,-1.500000000000005
mlp,2,115,1,0.0,82.0,0.7,-0.8000000000000052
mlp,2,116,1,0.0,82.0,0.7,-0.1000000000000052
mlp,2,117,1,1.0,83.0,-0.30000000000000004,-0.40000000000000524
mlp,2,118,0,0.0,83.0,0.7,0.2999999999999947
mlp,2,119,1,1.0,84.0,-0.30000000000000004,-5.329070518200751e-15
mlp,2,120,1,1.0,85.0,-0.30000000000000004,-0.3000000000000054
mlp,2,121,1,1.0,86.0,-0.30000000000000004,-0.6000000000000054
mlp,2,122,1,1.0,87.0,-0.30000000000000004,-0.9000000000000055
mlp,2,123,1,1.0,88.0,-0.30000000000000004,-1.2000000000000055
mlp,2,124,1,1.0,89.0,-0.30000000000000004,-1.5000000000000056
mlp,2,125,1,0.0,89.0,0.7,-0.8000000000000056
mlp,2,126,1,0.0,89.0,0.7,-0.10000000000000564
mlp,2,127,1,1.0,90.0,-0.30000000000000004,-0.4000000000000057
mlp,2,128,0,0.0,90.0,0.7,0.29999999999999427
mlp,2,129,1,1.0,91.0,-0.30000000000000004,-5.773159728050814e-15
mlp,2,130,1,0.0,91.0,0.7,0.6999999999999942
mlp,2,131,0,0.0,91.0,0.7,1.3999999999999941
mlp,2,132,1,0.0,91.0,0.7,2.0999999999999943
mlp,2,133,1,1.0,92.0,-0.30000000000000004,1.7999999999999943
mlp,2,134,1,0.0,92.0,0.7,2.4999999999999942
mlp,2,135,1,1.0,93.0,-0.30000000000000004,2.199999999999994
mlp,2,136,1,0.0,93.0,0.7,2.899999999999994
mlp,2,137,1,1.0,94.0,-0.30000000000000004,2.5999999999999943
mlp,2,138,1,1.0,95.0,-0.30000000000000004,2.2999999999999945
mlp,2,139,1,1.0,96.0,-0.30000000000000004,1.9999999999999944
mlp,2,140,1,1.0,97.0,-0.30000000000000004,1.6999999999999944
mlp,2,141,1,1.0,98.0,-0.30000000000000004,1.3999999999999944
mlp,2,142,1,0.0,98.0,0.7,2.0999999999999943
mlp,2,143,0,0.0,98.0,0.7,2.7999999999999945
mlp,2,144,1,1.0,99.0,-0.30000000000000004,2.4999999999999947
mlp,2,145,1,1.0,100.0,-0.30000000000000004,2.199999999999995
mlp,2,146,1,1.0,101.0,-0.30000000000000004,1.8999999999999948
mlp,2,147,1,0.0,101.0,0.7,2.5999999999999948
mlp,2,148,1,1.0,102.0,-0.30000000000000004,2.2999999999999945
mlp,2,149,1,0.0,102.0,0.7,2.9999999999999947
mlp,2,150,1,0.0,102.0,0.7,3.699999999999995
mlp,2,151,0,1.0,103.0,-0.30000000000000004,3.399999999999995
mlp,2,152,1,1.0,104.0,-0.30000000000000004,3.099999999999995
mlp,2,153,1,1.0,105.0,-0.30000000000000004,2.7999999999999954
mlp,2,154,1,1.0,106.0,-0.30000000000000004,2.4999999999999956
mlp,2,155,1,1.0,107.0,-0.30000000000000004,2.1999999999999957
mlp,2,156,1,1.0,108.0,-0.30000000000000004,1.8999999999999957
mlp,2,157,1,1.0,109.0,-0.30000000000000004,1.5999999999999956
mlp,2,158,1,1.0,110.0,-0.30000000000000004,1.2999999999999956
mlp,2,159,1,1.0,111.0,-0.30000000000000004,0.9999999999999956
mlp,2,160,1,0.0,111.0,0.7,1.6999999999999955
mlp,2,161,1,1.0,112.0,-0.30000000000000004,1.3999999999999955
mlp,2,162,1,1.0,113.0,-0.30000000000000004,1.0999999999999954
mlp,2,163,1,1.0,114.0,-0.30000000000000004,0.7999999999999954
mlp,2,164,1,1.0,115.0,-0.30000000000000004,0.49999999999999534
mlp,2,165,1,0.0,115.0,0.7,1.1999999999999953
mlp,2,166,1,0.0,115.0,0.7,1.8999999999999952
mlp,2,167,1,0.0,115.0,0.7,2.599999999999995
mlp,2,168,0,0.0,115.0,0.7,3.2999999999999954
mlp,2,169,1,1.0,116.0,-0.30000000000000004,2.9999999999999956
mlp,2,170,1,1.0,117.0,-0.30000000000000004,2.6999999999999957
mlp,2,171,1,1.0,118.0,-0.30000000000000004,2.399999999999996
mlp,2,172,1,1.0,119.0,-0.30000000000000004,2.099999999999996
mlp,2,173,1,1.0,120.0,-0.30000000000000004,1.799999999999996
mlp,2,174,1,0.0,120.0,0.7,2.499999999999996
mlp,2,175,1,1.0,121.0,-0.30000000000000004,2.1999999999999957
mlp,2,176,1,1.0,122.0,-0.30000000000000004,1.8999999999999957
mlp,2,177,1,1.0,123.0,-0.30000000000000004,1.5999999999999956
mlp,2,178,1,1.0,124.0,-0.30000000000000004,1.2999999999999956
mlp,2,179,1,0.0,124.0,0.7,1.9999999999999956
mlp,2,180,1,0.0,124.0,0.7,2.6999999999999957
mlp,2,181,1,0.0,124.0,0.7,3.399999999999996
mlp,2,182,1,1.0,125.0,-0.30000000000000004,3.099999999999996
mlp,2,183,1,1.0,126.0,-0.30000000000000004,2.7999999999999963
mlp,2,184,1,1.0,127.0,-0.30000000000000004,2.4999999999999964
mlp,2,185,1,0.0,127.0,0.7,3.1999999999999966
mlp,2,186,1,0.0,127.0,0.7,3.899999999999997
mlp,2,187,1,1.0,128.0,-0.30000000000000004,3.599999999999997
mlp,2,188,1,0.0,128.0,0.7,4.299999999999997
mlp,2,189,1,0.0,128.0,0.7,4.999999999999997
mlp,2,190,1,0.0,128.0,0.7,5.6999999999999975
mlp,2,191,0,1.0,129.0,-0.30000000000000004,5.399999999999998
mlp,2,192,0,0.0,129.0,0.7,6.099999999999998
mlp,2,193,1,1.0,130.0,-0.30000000000000004,5.799999999999998
mlp,2,194,1,1.0,131.0,-0.30000000000000004,5.499999999999998
mlp,2,195,1,0.0,131.0,0.7,6.199999999999998
mlp,2,196,1,1.0,132.0,-0.30000000000000004,5.899999999999999
mlp,2,197,1,1.0,133.0,-0.30000000000000004,5.599999999999999
mlp,2,198,1,1.0,134.0,-0.30000000000000004,5.299999999999999
mlp,2,199,1,1.0,135.0,-0.30000000000000004,4.999999999999999
mlp,2,200,1,0.0,135.0,0.7,5.699999999999999
mlp,2,201,1,1.0,136.0,-0.30000000000000004,5.3999999999999995
mlp,2,202,0,0.0,136.0,0.7,6.1
mlp,2,203,1,1.0,137.0,-0.30000000000000004,5.8
mlp,2,204,1,1.0,138.0,-0.30000000000000004,5.5
mlp,2,205,1,1.0,139.0,-0.30000000000000004,5.2
mlp,2,206,1,1.0,140.0,-0.30000000000000004,4.9
mlp,2,207,1,0.0,140.0,0.7,5.6000000000000005
mlp,2,208,1,1.0,141.0,-0.30000000000000004,5.300000000000001
mlp,2,209,1,1.0,142.0,-0.30000000000000004,5.000000000000001
mlp,2,210,1,0.0,142.0,0.7,5.700000000000001
mlp,2,211,1,1.0,143.0,-0.30000000000000004,5.400000000000001
mlp,2,212,1,1.0,144.0,-0.30000000000000004,5.100000000000001
mlp,2,213,1,0.0,144.0,0.7,5.800000000000002
mlp,2,214,1,1.0,145.0,-0.30000000000000004,5.500000000000002
mlp,2,215,1,1.0,146.0,-0.30000000000000004,5.200000000000002
mlp,2,216,1,0.0,146.0,0.7,5.900000000000002
mlp,2,217,1,0.0,146.0,0.7,6.600000000000002
mlp,2,218,1,1.0,147.0,-0.30000000000000004,6.3000000000000025
mlp,2,219,1,1.0,148.0,-0.30000000000000004,6.000000000000003
mlp,2,220,1,1.0,149.0,-0.30000000000000004,5.700000000000003
mlp,2,221,1,1.0,150.0,-0.30000000000000004,5.400000000000003
mlp,2,222,0,0.0,150.0,0.7,6.100000000000003
mlp,2,223,1,0.0,150.0,0.7,6.800000000000003
mlp,2,224,1,0.0,150.0,0.7,7.5000000000000036
mlp,2,225,1,1.0,151.0,-0.30000000000000004,7.200000000000004
mlp,2,226,1,1.0,152.0,-0.30000000000000004,6.900000000000004
mlp,2,227,1,1.0,153.0,-0.30000000000000004,6.600000000000004
mlp,2,228,1,1.0,154.0,-0.30000000000000004,6.300000000000004
mlp,2,229,1,1.0,155.0,-0.30000000000000004,6.000000000000004
mlp,2,230,1,1.0,156.0,-0.30000000000000004,5.700000000000005
mlp,2,231,1,1.0,157.0,-0.30000000000000004,5.400000000000005
mlp,2,232,1,1.0,158.0,-0.30000000000000004,5.100000000000005
mlp,2,233,1,1.0,159.0,-0.30000000000000004,4.800000000000005
mlp,2,234,1,1.0,160.0,-0.30000000000000004,4.500000000000005
mlp,2,235,1,1.0,161.0,-0.30000000000000004,4.2000000000000055
mlp,2,236,1,1.0,162.0,-0.30000000000000004,3.9000000000000057
mlp,2,237,1,1.0,163.0,-0.30000000000000004,3.600000000000006
mlp,2,238,0,0.0,163.0,0.7,4.300000000000006
mlp,2,239,0,0.0,163.0,0.7,5.000000000000006
mlp,2,240,1,1.0,164.0,-0.30000000000000004,4.700000000000006
mlp,2,241,1,0.0,164.0,0.7,5.400000000000007
mlp,2,242,1,1.0,165.0,-0.30000000000000004,5.100000000000007
mlp,2,243,1,1.0,166.0,-0.30000000000000004,4.800000000000007
mlp,2,244,1,1.0,167.0,-0.30000000000000004,4.500000000000007
mlp,2,245,1,0.0,167.0,0.7,5.200000000000007
mlp,2,246,1,1.0,168.0,-0.30000000000000004,4.9000000000000075
mlp,2,247,1,1.0,169.0,-0.30000000000000004,4.600000000000008
mlp,2,248,1,1.0,170.0,-0.30000000000000004,4.300000000000008
mlp,2,249,1,1.0,171.0,-0.30000000000000004,4.000000000000008
mlp,2,250,1,1.0,172.0,-0.30000000000000004,3.700000000000008
mlp,2,251,1,1.0,173.0,-0.30000000000000004,3.4000000000000083
mlp,2,252,1,0.0,173.0,0.7,4.1000000000000085
mlp,2,253,1,1.0,174.0,-0.30000000000000004,3.8000000000000087
mlp,2,254,1,1.0,175.0,-0.30000000000000004,3.500000000000009
mlp,2,255,1,1.0,176.0,-0.30000000000000004,3.200000000000009
mlp,2,256,1,1.0,177.0,-0.30000000000000004,2.9000000000000092
mlp,2,257,1,0.0,177.0,0.7,3.6000000000000094
mlp,2,258,1,1.0,178.0,-0.30000000000000004,3.3000000000000096
mlp,2,259,1,1.0,179.0,-0.30000000000000004,3.0000000000000098
mlp,2,260,1,1.0,180.0,-0.30000000000000004,2.70000000000001
mlp,2,261,1,1.0,181.0,-0.30000000000000004,2.40000000000001
mlp,2,262,1,0.0,181.0,0.7,3.1000000000000103
mlp,2,263,1,1.0,182.0,-0.30000000000000004,2.8000000000000105
mlp,2,264,1,1.0,183.0,-0.30000000000000004,2.5000000000000107
mlp,2,265,1,1.0,184.0,-0.30000000000000004,2.200000000000011
mlp,2,266,1,0.0,184.0,0.7,2.900000000000011
mlp,2,267,1,1.0,185.0,-0.30000000000000004,2.600000000000011
mlp,2,268,1,1.0,186.0,-0.30000000000000004,2.3000000000000114
mlp,2,269,0,1.0,187.0,-0.30000000000000004,2.0000000000000115
mlp,2,270,1,1.0,188.0,-0.30000000000000004,1.7000000000000115
mlp,2,271,1,1.0,189.0,-0.30000000000000004,1.4000000000000115
mlp,2,272,1,0.0,189.0,0.7,2.100000000000011
mlp,2,273,1,0.0,189.0,0.7,2.8000000000000114
mlp,2,274,0,0.0,189.0,0.7,3.5000000000000115
mlp,2,275,1,0.0,189.0,0.7,4.200000000000012
mlp,2,276,1,1.0,190.0,-0.30000000000000004,3.900000000000012
mlp,2,277,1,1.0,191.0,-0.30000000000000004,3.600000000000012
mlp,2,278,1,1.0,192.0,-0.30000000000000004,3.3000000000000123
mlp,2,279,0,0.0,192.0,0.7,4.000000000000012
mlp,2,280,1,1.0,193.0,-0.30000000000000004,3.7000000000000126
mlp,2,281,1,0.0,193.0,0.7,4.400000000000013
mlp,2,282,1,1.0,194.0,-0.30000000000000004,4.100000000000013
mlp,2,283,1,0.0,194.0,0.7,4.800000000000013
mlp,2,284,1,1.0,195.0,-0.30000000000000004,4.500000000000013
mlp,2,285,1,1.0,196.0,-0.30000000000000004,4.2000000000000135
mlp,2,286,1,1.0,197.0,-0.30000000000000004,3.9000000000000137
mlp,2,287,1,0.0,197.0,0.7,4.600000000000014
mlp,2,288,1,1.0,198.0,-0.30000000000000004,4.300000000000014
mlp,2,289,1,1.0,199.0,-0.30000000000000004,4.000000000000014
mlp,2,290,1,1.0,200.0,-0.30000000000000004,3.7000000000000144
mlp,2,291,1,1.0,201.0,-0.30000000000000004,3.4000000000000146
mlp,2,292,1,0.0,201.0,0.7,4.100000000000015
mlp,2,293,1,1.0,202.0,-0.30000000000000004,3.800000000000015
mlp,2,294,1,1.0,203.0,-0.30000000000000004,3.500000000000015
mlp,2,295,1,1.0,204.0,-0.30000000000000004,3.2000000000000153
mlp,2,296,1,1.0,205.0,-0.30000000000000004,2.9000000000000155
mlp,2,297,1,1.0,206.0,-0.30000000000000004,2.6000000000000156
mlp,2,298,1,0.0,206.0,0.7,3.300000000000016
mlp,2,299,1,1.0,207.0,-0.30000000000000004,3.000000000000016
connectome,2,0,0,1.0,1.0,-0.30000000000000004,-0.30000000000000004
connectome,2,1,0,1.0,2.0,-0.30000000000000004,-0.6000000000000001
connectome,2,2,0,0.0,2.0,0.7,0.09999999999999987
connectome,2,3,0,1.0,3.0,-0.30000000000000004,-0.20000000000000018
connectome,2,4,0,0.0,3.0,0.7,0.4999999999999998
connectome,2,5,0,0.0,3.0,0.7,1.1999999999999997
connectome,2,6,0,1.0,4.0,-0.30000000000000004,0.8999999999999997
connectome,2,7,0,1.0,5.0,-0.30000000000000004,0.5999999999999996
connectome,2,8,0,1.0,6.0,-0.30000000000000004,0.2999999999999996
connectome,2,9,0,0.0,6.0,0.7,0.9999999999999996
connectome,2,10,1,1.0,7.0,-0.30000000000000004,0.6999999999999995
connectome,2,11,1,1.0,8.0,-0.30000000000000004,0.39999999999999947
connectome,2,12,1,1.0,9.0,-0.30000000000000004,0.09999999999999942
connectome,2,13,1,1.0,10.0,-0.30000000000000004,-0.20000000000000062
connectome,2,14,1,1.0,11.0,-0.30000000000000004,-0.5000000000000007
connectome,2,15,1,1.0,12.0,-0.30000000000000004,-0.8000000000000007
connectome,2,16,1,0.0,12.0,0.7,-0.10000000000000075
connectome,2,17,1,1.0,13.0,-0.30000000000000004,-0.4000000000000008
connectome,2,18,1,1.0,14.0,-0.30000000000000004,-0.7000000000000008
connectome,2,19,1,1.0,15.0,-0.30000000000000004,-1.0000000000000009
connectome,2,20,1,1.0,16.0,-0.30000000000000004,-1.300000000000001
connectome,2,21,1,1.0,17.0,-0.30000000000000004,-1.600000000000001
connectome,2,22,1,0.0,17.0,0.7,-0.900000000000001
connectome,2,23,0,0.0,17.0,0.7,-0.20000000000000107
connectome,2,24,1,1.0,18.0,-0.30000000000000004,-0.5000000000000011
connectome,2,25,1,0.0,18.0,0.7,0.19999999999999885
connectome,2,26,1,1.0,19.0,-0.30000000000000004,-0.1000000000000012
connectome,2,27,1,1.0,20.0,-0.30000000000000004,-0.40000000000000124
connectome,2,28,1,1.0,21.0,-0.30000000000000004,-0.7000000000000013
connectome,2,29,1,1.0,22.0,-0.30000000000000004,-1.0000000000000013
connectome,2,30,1,1.0,23.0,-0.30000000000000004,-1.3000000000000014
connectome,2,31,1,0.0,23.0,0.7,-0.6000000000000014
connectome,2,32,1,1.0,24.0,-0.30000000000000004,-0.9000000000000015
connectome,2,33,1,0.0,24.0,0.7,-0.2000000000000015
connectome,2,34,1,1.0,25.0,-0.30000000000000004,-0.5000000000000016
connectome,2,35,1,1.0,26.0,-0.30000000000000004,-0.8000000000000016
connectome,2,36,1,1.0,27.0,-0.30000000000000004,-1.1000000000000016
connectome,2,37,1,1.0,28.0,-0.30000000000000004,-1.4000000000000017
connectome,2,38,1,0.0,28.0,0.7,-0.7000000000000017
connectome,2,39,1,1.0,29.0,-0.30000000000000004,-1.0000000000000018
connectome,2,40,1,0.0,29.0,0.7,-0.3000000000000018
connectome,2,41,1,1.0,30.0,-0.30000000000000004,-0.6000000000000019
connectome,2,42,1,0.0,30.0,0.7,0.09999999999999809
connectome,2,43,1,1.0,31.0,-0.30000000000000004,-0.20000000000000195
connectome,2,44,1,1.0,32.0,-0.30000000000000004,-0.500000000000002
connectome,2,45,1,1.0,33.0,-0.30000000000000004,-0.800000000000002
connectome,2,46,1,1.0,34.0,-0.30000000000000004,-1.100000000000002
connectome,2,47,1,1.0,35.0,-0.30000000000000004,-1.4000000000000021
connectome,2,48,1,1.0,36.0,-0.30000000000000004,-1.7000000000000022
connectome,2,49,1,1.0,37.0,-0.30000000000000004,-2.000000000000002
connectome,2,50,1,0.0,37.0,0.7,-1.3000000000000023
connectome,2,51,1,1.0,38.0,-0.30000000000000004,-1.6000000000000023
connectome,2,52,1,0.0,38.0,0.7,-0.9000000000000024
connectome,2,53,1,0.0,38.0,0.7,-0.2000000000000024
connectome,2,54,1,1.0,39.0,-0.30000000000000004,-0.5000000000000024
connectome,2,55,1,0.0,39.0,0.7,0.1999999999999975
connectome,2,56,1,1.0,40.0,-0.30000000000000004,-0.10000000000000253
connectome,2,57,1,0.0,40.0,0.7,0.5999999999999974
connectome,2,58,1,1.0,41.0,-0.30000000000000004,0.2999999999999974
connectome,2,59,1,1.0,42.0,-0.30000000000000004,-2.6645352591003757e-15
connectome,2,60,1,1.0,43.0,-0.30000000000000004,-0.3000000000000027
connectome,2,61,1,1.0,44.0,-0.30000000000000004,-0.6000000000000028
connectome,2,62,1,1.0,45.0,-0.30000000000000004,-0.9000000000000028
connectome,2,63,1,1.0,46.0,-0.30000000000000004,-1.2000000000000028
connectome,2,64,1,1.0,47.0,-0.30000000000000004,-1.5000000000000029
connectome,2,65,1,0.0,47.0,0.7,-0.8000000000000029
connectome,2,66,1,1.0,48.0,-0.30000000000000004,-1.100000000000003
connectome,2,67,1,1.0,49.0,-0.30000000000000004,-1.400000000000003
connectome,2,68,1,1.0,50.0,-0.30000000000000004,-1.700000000000003
connectome,2,69,1,1.0,51.0,-0.30000000000000004,-2.000000000000003
connectome,2,70,1,1.0,52.0,-0.30000000000000004,-2.3000000000000034
connectome,2,71,1,0.0,52.0,0.7,-1.6000000000000034
connectome,2,72,1,0.0,52.0,0.7,-0.9000000000000035
connectome,2,73,1,1.0,53.0,-0.30000000000000004,-1.2000000000000035
connectome,2,74,1,1.0,54.0,-0.30000000000000004,-1.5000000000000036
connectome,2,75,1,1.0,55.0,-0.30000000000000004,-1.8000000000000036
connectome,2,76,1,0.0,55.0,0.7,-1.1000000000000036
connectome,2,77,1,1.0,56.0,-0.30000000000000004,-1.4000000000000037
connectome,2,78,1,1.0,57.0,-0.30000000000000004,-1.7000000000000037
connectome,2,79,1,1.0,58.0,-0.30000000000000004,-2.0000000000000036
connectome,2,80,1,1.0,59.0,-0.30000000000000004,-2.3000000000000034
connectome,2,81,1,1.0,60.0,-0.30000000000000004,-2.600000000000003
connectome,2,82,1,0.0,60.0,0.7,-1.9000000000000032
connectome,2,83,1,0.0,60.0,0.7,-1.2000000000000033
connectome,2,84,0,1.0,61.0,-0.30000000000000004,-1.5000000000000033
connectome,2,85,1,1.0,62.0,-0.30000000000000004,-1.8000000000000034
connectome,2,86,1,1.0,63.0,-0.30000000000000004,-2.100000000000003
connectome,2,87,1,0.0,63.0,0.7,-1.4000000000000032
connectome,2,88,1,1.0,64.0,-0.30000000000000004,-1.7000000000000033
connectome,2,89,1,1.0,65.0,-0.30000000000000004,-2.0000000000000036
connectome,2,90,1,0.0,65.0,0.7,-1.3000000000000036
connectome,2,91,1,1.0,66.0,-0.30000000000000004,-1.6000000000000036
connectome,2,92,1,1.0,67.0,-0.30000000000000004,-1.9000000000000037
connectome,2,93,1,1.0,68.0,-0.30000000000000004,-2.2000000000000037
connectome,2,94,1,1.0,69.0,-0.30000000000000004,-2.5000000000000036
connectome,2,95,1,1.0,70.0,-0.30000000000000004,-2.8000000000000034
connectome,2,96,1,1.0,71.0,-0.30000000000000004,-3.100000000000003
connectome,2,97,0,1.0,72.0,-0.30000000000000004,-3.400000000000003
connectome,2,98,1,1.0,73.0,-0.30000000000000004,-3.700000000000003
connectome,2,99,1,1.0,74.0,-0.30000000000000004,-4.000000000000003
connectome,2,100,1,1.0,75.0,-0.30000000000000004,-4.3000000000000025
connectome,2,101,0,0.0,75.0,0.7,-3.6000000000000023
connectome,2,102,0,0.0,75.0,0.7,-2.900000000000002
connectome,2,103,1,1.0,76.0,-0.30000000000000004,-3.200000000000002
connectome,2,104,1,0.0,76.0,0.7,-2.5000000000000018
connectome,2,105,1,0.0,76.0,0.7,-1.8000000000000018
connectome,2,106,1,1.0,77.0,-0.30000000000000004,-2.100000000000002
connectome,2,107,1,1.0,78.0,-0.30000000000000004,-2.400000000000002
connectome,2,108,1,1.0,79.0,-0.30000000000000004,-2.700000000000002
connectome,2,109,1,0.0,79.0,0.7,-2.0000000000000018
connectome,2,110,1,1.0,80.0,-0.30000000000000004,-2.3000000000000016
connectome,2,111,1,1.0,81.0,-0.30000000000000004,-2.6000000000000014
connectome,2,112,1,1.0,82.0,-0.30000000000000004,-2.9000000000000012
connectome,2,113,1,1.0,83.0,-0.30000000000000004,-3.200000000000001
connectome,2,114,1,0.0,83.0,0.7,-2.500000000000001
connectome,2,115,1,0.0,83.0,0.7,-1.800000000000001
connectome,2,116,1,0.0,83.0,0.7,-1.100000000000001
connectome,2,117,1,1.0,84.0,-0.30000000000000004,-1.400000000000001
connectome,2,118,1,0.0,84.0,0.7,-0.7000000000000011
connectome,2,119,1,1.0,85.0,-0.30000000000000004,-1.000000000000001
connectome,2,120,0,1.0,86.0,-0.30000000000000004,-1.3000000000000012
connectome,2,121,1,1.0,87.0,-0.30000000000000004,-1.6000000000000012
connectome,2,122,1,1.0,88.0,-0.30000000000000004,-1.9000000000000012
connectome,2,123,1,1.0,89.0,-0.30000000000000004,-2.200000000000001
connectome,2,124,1,1.0,90.0,-0.30000000000000004,-2.500000000000001
connectome,2,125,1,0.0,90.0,0.7,-1.800000000000001
connectome,2,126,1,0.0,90.0,0.7,-1.100000000000001
connectome,2,127,1,1.0,91.0,-0.30000000000000004,-1.400000000000001
connectome,2,128,1,0.0,91.0,0.7,-0.7000000000000011
connectome,2,129,1,1.0,92.0,-0.30000000000000004,-1.000000000000001
connectome,2,130,0,0.0,92.0,0.7,-0.30000000000000115
connectome,2,131,1,1.0,93.0,-0.30000000000000004,-0.6000000000000012
connectome,2,132,1,0.0,93.0,0.7,0.09999999999999876
connectome,2,133,0,1.0,94.0,-0.30000000000000004,-0.2000000000000013
connectome,2,134,1,0.0,94.0,0.7,0.49999999999999867
connectome,2,135,1,1.0,95.0,-0.30000000000000004,0.19999999999999862
connectome,2,136,1,0.0,95.0,0.7,0.8999999999999986
connectome,2,137,1,1.0,96.0,-0.30000000000000004,0.5999999999999985
connectome,2,138,1,1.0,97.0,-0.30000000000000004,0.2999999999999985
connectome,2,139,1,1.0,98.0,-0.30000000000000004,-1.5543122344752192e-15
connectome,2,140,1,1.0,99.0,-0.30000000000000004,-0.3000000000000016
connectome,2,141,1,1.0,100.0,-0.30000000000000004,-0.6000000000000016
connectome,2,142,1,0.0,100.0,0.7,0.09999999999999831
connectome,2,143,1,1.0,101.0,-0.30000000000000004,-0.20000000000000173
connectome,2,144,1,1.0,102.0,-0.30000000000000004,-0.5000000000000018
connectome,2,145,0,1.0,103.0,-0.30000000000000004,-0.8000000000000018
connectome,2,146,1,1.0,104.0,-0.30000000000000004,-1.1000000000000019
connectome,2,147,1,0.0,104.0,0.7,-0.4000000000000019
connectome,2,148,1,1.0,105.0,-0.30000000000000004,-0.700000000000002
connectome,2,149,1,0.0,105.0,0.7,-1.9984014443252818e-15
connectome,2,150,1,0.0,105.0,0.7,0.699999999999998
connectome,2,151,1,1.0,106.0,-0.30000000000000004,0.3999999999999979
connectome,2,152,1,1.0,107.0,-0.30000000000000004,0.09999999999999787
connectome,2,153,0,0.0,107.0,0.7,0.7999999999999978
connectome,2,154,1,1.0,108.0,-0.30000000000000004,0.4999999999999978
connectome,2,155,1,1.0,109.0,-0.30000000000000004,0.19999999999999774
connectome,2,156,1,1.0,110.0,-0.30000000000000004,-0.10000000000000231
connectome,2,157,1,1.0,111.0,-0.30000000000000004,-0.40000000000000235
connectome,2,158,1,1.0,112.0,-0.30000000000000004,-0.7000000000000024
connectome,2,159,1,1.0,113.0,-0.30000000000000004,-1.0000000000000024
connectome,2,160,1,0.0,113.0,0.7,-0.3000000000000025
connectome,2,161,1,1.0,114.0,-0.30000000000000004,-0.6000000000000025
connectome,2,162,1,1.0,115.0,-0.30000000000000004,-0.9000000000000026
connectome,2,163,1,1.0,116.0,-0.30000000000000004,-1.2000000000000026
connectome,2,164,1,1.0,117.0,-0.30000000000000004,-1.5000000000000027
connectome,2,165,1,0.0,117.0,0.7,-0.8000000000000027
connectome,2,166,1,0.0,117.0,0.7,-0.10000000000000275
connectome,2,167,1,0.0,117.0,0.7,0.5999999999999972
connectome,2,168,1,0.0,117.0,0.7,1.2999999999999972
connectome,2,169,1,1.0,118.0,-0.30000000000000004,0.9999999999999971
connectome,2,170,1,1.0,119.0,-0.30000000000000004,0.6999999999999971
connectome,2,171,1,1.0,120.0,-0.30000000000000004,0.399999999999997
connectome,2,172,1,1.0,121.0,-0.30000000000000004,0.09999999999999698
connectome,2,173,1,1.0,122.0,-0.30000000000000004,-0.20000000000000306
connectome,2,174,1,0.0,122.0,0.7,0.4999999999999969
connectome,2,175,1,1.0,123.0,-0.30000000000000004,0.19999999999999685
connectome,2,176,1,1.0,124.0,-0.30000000000000004,-0.1000000000000032
connectome,2,177,1,1.0,125.0,-0.30000000000000004,-0.40000000000000324
connectome,2,178,1,1.0,126.0,-0.30000000000000004,-0.7000000000000033
connectome,2,179,1,0.0,126.0,0.7,-3.3306690738754696e-15
connectome,2,180,1,0.0,126.0,0.7,0.6999999999999966
connectome,2,181,1,0.0,126.0,0.7,1.3999999999999966
connectome,2,182,1,1.0,127.0,-0.30000000000000004,1.0999999999999965
connectome,2,183,1,1.0,128.0,-0.30000000000000004,0.7999999999999965
connectome,2,184,1,1.0,129.0,-0.30000000000000004,0.49999999999999645
connectome,2,185,1,0.0,129.0,0.7,1.1999999999999964
connectome,2,186,1,0.0,129.0,0.7,1.8999999999999964
connectome,2,187,1,1.0,130.0,-0.30000000000000004,1.5999999999999963
connectome,2,188,1,0.0,130.0,0.7,2.2999999999999963
connectome,2,189,1,0.0,130.0,0.7,2.9999999999999964
connectome,2,190,1,0.0,130.0,0.7,3.6999999999999966
connectome,2,191,1,1.0,131.0,-0.30000000000000004,3.399999999999997
connectome,2,192,1,0.0,131.0,0.7,4.099999999999997
connectome,2,193,1,1.0,132.0,-0.30000000000000004,3.799999999999997
connectome,2,194,1,1.0,133.0,-0.30000000000000004,3.4999999999999973
connectome,2,195,1,0.0,133.0,0.7,4.1999999999999975
connectome,2,196,1,1.0,134.0,-0.30000000000000004,3.8999999999999977
connectome,2,197,1,1.0,135.0,-0.30000000000000004,3.599999999999998
connectome,2,198,1,1.0,136.0,-0.30000000000000004,3.299999999999998
connectome,2,199,1,1.0,137.0,-0.30000000000000004,2.9999999999999982
connectome,2,200,1,0.0,137.0,0.7,3.6999999999999984
connectome,2,201,1,1.0,138.0,-0.30000000000000004,3.3999999999999986
connectome,2,202,1,1.0,139.0,-0.30000000000000004,3.0999999999999988
connectome,2,203,1,1.0,140.0,-0.30000000000000004,2.799999999999999
connectome,2,204,0,1.0,141.0,-0.30000000000000004,2.499999999999999
connectome,2,205,1,1.0,142.0,-0.30000000000000004,2.1999999999999993
connectome,2,206,1,1.0,143.0,-0.30000000000000004,1.8999999999999992
connectome,2,207,1,0.0,143.0,0.7,2.599999999999999
connectome,2,208,1,1.0,144.0,-0.30000000000000004,2.299999999999999
connectome,2,209,1,1.0,145.0,-0.30000000000000004,1.999999999999999
connectome,2,210,1,0.0,145.0,0.7,2.699999999999999
connectome,2,211,1,1.0,146.0,-0.30000000000000004,2.3999999999999986
connectome,2,212,1,1.0,147.0,-0.30000000000000004,2.0999999999999988
connectome,2,213,1,0.0,147.0,0.7,2.799999999999999
connectome,2,214,1,1.0,148.0,-0.30000000000000004,2.499999999999999
connectome,2,215,1,1.0,149.0,-0.30000000000000004,2.1999999999999993
connectome,2,216,1,0.0,149.0,0.7,2.8999999999999995
connectome,2,217,1,0.0,149.0,0.7,3.5999999999999996
connectome,2,218,1,1.0,150.0,-0.30000000000000004,3.3
connectome,2,219,1,1.0,151.0,-0.30000000000000004,3.0
connectome,2,220,1,1.0,152.0,-0.30000000000000004,2.7
connectome,2,221,1,1.0,153.0,-0.30000000000000004,2.4000000000000004
connectome,2,222,1,0.0,153.0,0.7,3.1000000000000005
connectome,2,223,1,0.0,153.0,0.7,3.8000000000000007
connectome,2,224,0,0.0,153.0,0.7,4.500000000000001
connectome,2,225,1,1.0,154.0,-0.30000000000000004,4.200000000000001
connectome,2,226,1,1.0,155.0,-0.30000000000000004,3.9000000000000012
connectome,2,227,1,1.0,156.0,-0.30000000000000004,3.6000000000000014
connectome,2,228,1,1.0,157.0,-0.30000000000000004,3.3000000000000016
connectome,2,229,1,1.0,158.0,-0.30000000000000004,3.0000000000000018
connectome,2,230,1,1.0,159.0,-0.30000000000000004,2.700000000000002
connectome,2,231,1,1.0,160.0,-0.30000000000000004,2.400000000000002
connectome,2,232,1,1.0,161.0,-0.30000000000000004,2.1000000000000023
connectome,2,233,1,1.0,162.0,-0.30000000000000004,1.8000000000000023
connectome,2,234,1,1.0,163.0,-0.30000000000000004,1.5000000000000022
connectome,2,235,1,1.0,164.0,-0.30000000000000004,1.2000000000000022
connectome,2,236,1,1.0,165.0,-0.30000000000000004,0.9000000000000021
connectome,2,237,1,1.0,166.0,-0.30000000000000004,0.6000000000000021
connectome,2,238,1,1.0,167.0,-0.30000000000000004,0.30000000000000204
connectome,2,239,1,1.0,168.0,-0.30000000000000004,1.9984014443252818e-15
connectome,2,240,0,0.0,168.0,0.7,0.700000000000002
connectome,2,241,0,0.0,168.0,0.7,1.400000000000002
connectome,2,242,1,1.0,169.0,-0.30000000000000004,1.1000000000000019
connectome,2,243,1,1.0,170.0,-0.30000000000000004,0.8000000000000018
connectome,2,244,1,1.0,171.0,-0.30000000000000004,0.5000000000000018
connectome,2,245,1,0.0,171.0,0.7,1.2000000000000017
connectome,2,246,1,1.0,172.0,-0.30000000000000004,0.9000000000000017
connectome,2,247,1,1.0,173.0,-0.30000000000000004,0.6000000000000016
connectome,2,248,1,1.0,174.0,-0.30000000000000004,0.3000000000000016
connectome,2,249,1,1.0,175.0,-0.30000000000000004,1.5543122344752192e-15
connectome,2,250,1,1.0,176.0,-0.30000000000000004,-0.2999999999999985
connectome,2,251,1,1.0,177.0,-0.30000000000000004,-0.5999999999999985
connectome,2,252,1,0.0,177.0,0.7,0.10000000000000142
connectome,2,253,1,1.0,178.0,-0.30000000000000004,-0.19999999999999862
connectome,2,254,1,1.0,179.0,-0.30000000000000004,-0.49999999999999867
connectome,2,255,1,1.0,180.0,-0.30000000000000004,-0.7999999999999987
connectome,2,256,1,1.0,181.0,-0.30000000000000004,-1.0999999999999988
connectome,2,257,1,0.0,181.0,0.7,-0.3999999999999988
connectome,2,258,1,1.0,182.0,-0.30000000000000004,-0.6999999999999988
connectome,2,259,1,1.0,183.0,-0.30000000000000004,-0.9999999999999989
connectome,2,260,1,1.0,184.0,-0.30000000000000004,-1.299999999999999
connectome,2,261,1,1.0,185.0,-0.30000000000000004,-1.599999999999999
connectome,2,262,1,0.0,185.0,0.7,-0.899999999999999
connectome,2,263,1,1.0,186.0,-0.30000000000000004,-1.199999999999999
connectome,2,264,1,1.0,187.0,-0.30000000000000004,-1.4999999999999991
connectome,2,265,1,1.0,188.0,-0.30000000000000004,-1.7999999999999992
connectome,2,266,1,0.0,188.0,0.7,-1.0999999999999992
connectome,2,267,1,1.0,189.0,-0.30000000000000004,-1.3999999999999992
connectome,2,268,1,1.0,190.0,-0.30000000000000004,-1.6999999999999993
connectome,2,269,1,1.0,191.0,-0.30000000000000004,-1.9999999999999993
connectome,2,270,1,1.0,192.0,-0.30000000000000004,-2.2999999999999994
connectome,2,271,0,0.0,192.0,0.7,-1.5999999999999994
connectome,2,272,1,0.0,192.0,0.7,-0.8999999999999995
connectome,2,273,1,0.0,192.0,0.7,-0.1999999999999995
connectome,2,274,1,1.0,193.0,-0.30000000000000004,-0.49999999999999956
connectome,2,275,1,0.0,193.0,0.7,0.2000000000000004
connectome,2,276,0,1.0,194.0,-0.30000000000000004,-0.09999999999999964
connectome,2,277,1,1.0,195.0,-0.30000000000000004,-0.3999999999999997
connectome,2,278,1,1.0,196.0,-0.30000000000000004,-0.6999999999999997
connectome,2,279,1,1.0,197.0,-0.30000000000000004,-0.9999999999999998
connectome,2,280,1,1.0,198.0,-0.30000000000000004,-1.2999999999999998
connectome,2,281,0,0.0,198.0,0.7,-0.5999999999999999
connectome,2,282,1,1.0,199.0,-0.30000000000000004,-0.8999999999999999
connectome,2,283,1,0.0,199.0,0.7,-0.19999999999999996
connectome,2,284,1,1.0,200.0,-0.30000000000000004,-0.5
connectome,2,285,1,1.0,201.0,-0.30000000000000004,-0.8
connectome,2,286,1,1.0,202.0,-0.30000000000000004,-1.1
connectome,2,287,1,0.0,202.0,0.7,-0.40000000000000013
connectome,2,288,1,1.0,203.0,-0.30000000000000004,-0.7000000000000002
connectome,2,289,1,1.0,204.0,-0.30000000000000004,-1.0000000000000002
connectome,2,290,1,1.0,205.0,-0.30000000000000004,-1.3000000000000003
connectome,2,291,1,1.0,206.0,-0.30000000000000004,-1.6000000000000003
connectome,2,292,1,0.0,206.0,0.7,-0.9000000000000004
connectome,2,293,1,1.0,207.0,-0.30000000000000004,-1.2000000000000004
connectome,2,294,1,1.0,208.0,-0.30000000000000004,-1.5000000000000004
connectome,2,295,1,1.0,209.0,-0.30000000000000004,-1.8000000000000005
connectome,2,296,1,1.0,210.0,-0.30000000000000004,-2.1000000000000005
connectome,2,297,1,1.0,211.0,-0.30000000000000004,-2.4000000000000004
connectome,2,298,1,0.0,211.0,0.7,-1.7000000000000004
connectome,2,299,1,1.0,212.0,-0.30000000000000004,-2.0000000000000004
