episode,a1_played_first,outcome_a1,epsilon,drift_pct_a1
0,True,1,0.1,0.3403994736324303
1,False,0,0.09988493699365053,0.3403994736324303
2,True,-1,0.09977000638225535,0.9453037398941608
3,False,1,0.09965520801347685,1.160615924888491
4,True,1,0.09954054173515271,1.3341150132395974
5,False,0,0.09942600739529568,1.3341150132395974
6,True,-1,0.09931160484209339,1.8021266169224357
7,False,1,0.09919733392390816,1.976150905981522
8,True,-1,0.09908319448927677,2.3697256202163133
9,False,-1,0.09896918638691031,2.7194999145660637
10,True,-1,0.09885530946569392,3.0255928313458824
11,False,1,0.09874156357468661,3.183693740610412
12,True,0,0.09862794856312108,3.183693740610412
13,False,-1,0.09851446428040354,3.3332550723171352
14,True,1,0.09840111057611342,3.5116316374202006
15,False,-1,0.09828788730000326,3.8063190607195927
16,True,1,0.09817479430199849,3.9477171729488534
17,False,1,0.0980618314321972,4.07113782944168
18,True,1,0.09794899854086996,4.174905855296541
19,False,-1,0.09783629547845962,4.451674946679552
20,True,1,0.09772372209558115,4.5882770363444285
21,False,1,0.09761127824302136,4.6964345290333025
22,True,-1,0.09749896377173879,4.908018655196725
23,False,-1,0.09738677853286344,5.083916152167523
24,True,1,0.09727472237769662,5.145251711683594
25,False,1,0.09716279515771073,5.24942978983883
26,True,-1,0.09705099672454907,5.430321978124194
27,False,1,0.09693932693002567,5.513954210940648
28,True,-1,0.09682778562612504,5.687059219958893
29,False,-1,0.09671637266500199,5.814436722215338
30,True,1,0.09660508789898148,5.893084117687234
31,False,-1,0.09649393118055835,6.076566946474967
32,True,1,0.0963829023623972,6.151061688263067
33,False,-1,0.09627200129733214,6.278971940639998
34,True,-1,0.09616122783836661,6.4629862480682165
35,False,1,0.09605058183867321,6.543835211162126
36,True,1,0.09594006315159347,6.610118099362719
37,False,-1,0.09582967163063766,6.682266960548675
38,True,-1,0.09571940712948461,6.890505504959039
39,False,-1,0.09560926950198152,7.09939759009
40,True,1,0.09549925860214377,7.177415602961321
41,False,-1,0.09538937428415467,7.346357150715761
42,True,0,0.09527961640236536,7.346357150715761
43,False,-1,0.09516998481129454,7.513038642768135
44,True,1,0.09506047936562832,7.567299051817738
45,False,0,0.09495109992022001,7.567299051817738
46,True,1,0.09484184633008991,7.629312310174428
47,False,-1,0.09473271845042515,7.778552911050858
48,True,1,0.0946237161365795,7.840848437967806
49,False,-1,0.09451483924407315,7.936077204134861
50,True,1,0.09440608762859254,7.980668643515624
51,False,-1,0.09429746114599015,8.140685673141906
52,True,1,0.09418895965228434,8.196543061072969
53,False,1,0.09408058300365912,8.277217195666719
54,True,-1,0.09397233105646399,8.432721742768875
55,False,0,0.09386420366721374,8.432721742768875
56,True,-1,0.09375620069258823,8.550940138836944
57,False,-1,0.09364832198943229,8.675227308950564
58,True,-1,0.09354056741475542,8.79205279867736
59,False,1,0.09343293682573163,8.838308605379646
60,True,-1,0.09332543007969933,8.916106016470765
61,False,-1,0.09321804703416105,9.008397028095136
62,True,1,0.09311078754678327,9.040753015424713
63,False,1,0.09300365147539627,9.102054880720754
64,True,1,0.09289663867799389,9.143868136298977
65,False,0,0.09278974901273337,9.143868136298977
66,True,1,0.09268298233793519,9.181331023053225
67,False,-1,0.0925763385120828,9.253594953179286
68,True,0,0.09246981739382253,9.253594953179286
69,False,-1,0.09236341884196332,9.340854718439054
70,True,-1,0.0922571427154766,9.391771770825601
71,False,-1,0.09215098887349604,9.48329735148927
72,True,1,0.09204495717531742,9.524680846827103
73,False,-1,0.09193904748039841,9.576841406654784
74,True,1,0.0918332596483584,9.628150710621691
75,False,-1,0.09172759353897827,9.70575294953263
76,True,1,0.0916220490122003,9.744485409068039
77,False,1,0.09151662592812786,9.775007922235941
78,True,1,0.09141132414702534,9.818554205055749
79,False,-1,0.0913061435293179,9.902763689792732
80,True,-1,0.0912010839355913,10.039049816677318
81,False,-1,0.0910961452265917,10.11788920562939
82,True,1,0.0909913272632255,10.142082291351507
83,False,-1,0.09088662990655913,10.216905710719908
84,True,1,0.09078205301781891,10.2500436582502
85,False,-1,0.09067759645839084,10.328695503902102
86,True,1,0.09057326008982036,10.36234204343286
87,False,-1,0.09046904377381228,10.398170442645613
88,True,0,0.0903649473722305,10.398170442645613
89,False,-1,0.09026097074709788,10.49564527823472
90,True,1,0.09015711376059604,10.519121884976181
91,False,0,0.09005337627506518,10.519121884976181
92,True,1,0.08994975815300388,10.54783508210243
93,False,-1,0.08984625925706895,10.629652277217225
94,True,1,0.08974287945007521,10.663879883108514
95,False,1,0.08963961859499536,10.700103076861629
96,True,1,0.08953647655495975,10.723942055403421
97,False,-1,0.08943345319325621,10.7932720454268
98,True,1,0.08933054837332989,10.822924230533907
99,False,-1,0.08922776195878306,10.883510252589293
100,True,-1,0.08912509381337493,10.93279917483435
101,False,-1,0.08902254380102147,11.003925766099371
102,True,1,0.08892011178579523,11.032942211205897
103,False,-1,0.08881779763192517,11.097707588025104
104,True,-1,0.08871560120379648,11.169017272410292
105,False,1,0.08861352236595038,11.189202017428745
106,True,1,0.08851156098308395,11.214365878131748
107,False,-1,0.08840971692004997,11.26513607457816
108,True,1,0.08830799004185669,11.290374952601233
109,False,-1,0.08820638021366772,11.32887663851643
110,True,1,0.08810488730080182,11.350705407176385
111,False,1,0.0880035111687327,11.374947444878545
112,True,1,0.08790225168308885,11.39434768673628
113,False,1,0.0878011087096534,11.435851336934222
114,True,-1,0.08770008211436389,11.470258857245675
115,False,1,0.08759917176331214,11.507419131759645
116,True,-1,0.08749837752274403,11.556643208524646
117,False,-1,0.08739769925905934,11.60186085180598
118,True,1,0.08729713683881159,11.615595378778536
119,False,-1,0.08719669012870783,11.679736458917173
120,True,-1,0.0870963589956085,11.712833083347428
121,False,-1,0.08699614330652722,11.761946541352325
122,True,-1,0.08689604292863062,11.80606689739266
123,False,-1,0.08679605772923821,11.86865041452987
124,True,1,0.08669618757582212,11.883587761583525
125,False,-1,0.086596432336007,11.954287135568157
126,True,1,0.0864967918775698,11.965553719858455
127,False,1,0.08639726606843962,11.985067123436293
128,True,1,0.0862978547766975,11.992493838123083
129,False,-1,0.08619855787057633,12.01910337158741
130,True,-1,0.08609937521846055,12.037332580364072
131,False,-1,0.08600030668888607,12.085114798807753
132,True,1,0.08590135215054007,12.099795306901173
133,False,1,0.0858025114722608,12.124149234843438
134,True,1,0.08570378452303745,12.134315988932732
135,False,1,0.08560517117200997,12.162982777038938
136,True,-1,0.08550667128846884,12.19419379662747
137,False,0,0.08540828474185495,12.19419379662747
138,True,-1,0.08531001140175945,12.217600471968867
139,False,0,0.0852118511379235,12.217600471968867
140,True,0,0.08511380382023816,12.217600471968867
141,False,-1,0.08501586931874419,12.287610703792868
142,True,1,0.0849180475036319,12.309650538133015
143,False,1,0.08482033824524093,12.350072158849967
144,True,-1,0.08472274141406017,12.387632949564304
145,False,1,0.08462525688072745,12.404832259540028
146,True,1,0.08452788451602951,12.415754272750013
147,False,1,0.08443062419090175,12.459188029589717
148,True,-1,0.08433347577642807,12.49074997765857
149,False,1,0.0842364391438407,12.505084643191674
150,True,1,0.08413951416452005,12.518726352124144
151,False,0,0.0840427007099945,12.518726352124144
152,True,1,0.08394599865194029,12.528870219573419
153,False,1,0.08384940786218127,12.552571878275085
154,True,1,0.0837529282126888,12.56302344388464
155,False,-1,0.08365655957558156,12.594076799953028
156,True,1,0.08356030182312535,12.605963866483894
157,False,-1,0.08346415482773296,12.634518764349998
158,True,-1,0.08336811846196399,12.67284117158503
159,False,1,0.08327219259852466,12.70856594517769
160,True,-1,0.08317637711026767,12.738164728124747
161,False,0,0.08308067187019201,12.738164728124747
162,True,-1,0.08298507675144282,12.762839069027303
163,False,-1,0.08288959162731119,12.804847496785706
164,True,1,0.08279421637123399,12.816569270916421
165,False,0,0.08269895085679375,12.816569270916421
166,True,0,0.08260379495771845,12.816569270916421
167,False,1,0.08250874854788134,12.839295704457196
168,True,1,0.08241381150130082,12.846665202543933
169,False,-1,0.08231898369214023,12.902063586194577
170,True,-1,0.08222426499470771,12.92402077433465
171,False,-1,0.08212965528345603,12.958594858526256
172,True,1,0.08203515443298243,12.970714605897335
173,False,-1,0.0819407623180284,13.014843862297676
174,True,1,0.08184647881347959,13.028985262870604
175,False,-1,0.08175230379436561,13.059233772098256
176,True,1,0.08165823713585986,13.071442523069416
177,False,-1,0.08156427871327936,13.11819992863216
178,True,0,0.08147042840208459,13.11819992863216
179,False,-1,0.08137668607787935,13.1637494281938
180,True,0,0.08128305161641056,13.1637494281938
181,False,-1,0.08118952489356812,13.201265717108097
182,True,1,0.08109610578538472,13.215999627361565
183,False,-1,0.0810027941680357,13.228808516893276
184,True,-1,0.08090958991783888,13.246133703389113
185,False,-1,0.08081649291125438,13.289516601028772
186,True,-1,0.08072350302488447,13.305775015803635
187,False,1,0.08063062013547342,13.318774627335518
188,True,1,0.08053784411990732,13.331477984027131
189,False,-1,0.0804451748552139,13.349627089563723
190,True,0,0.0803526122185624,13.349627089563723
191,False,1,0.08026015608726338,13.360959790814082
192,True,-1,0.08016780633876859,13.4028754005324
193,False,-1,0.08007556285067077,13.428591083555908
194,True,-1,0.07998342550070352,13.447979882093634
195,False,-1,0.07989139416674111,13.476043988679288
196,True,1,0.07979946872679834,13.489882777011939
197,False,-1,0.07970764905903037,13.558594827754753
198,True,-1,0.07961593504173256,13.58281016437689
199,False,-1,0.0795243265533403,13.625456875095876
200,True,-1,0.07943282347242885,13.6356566876652
201,False,1,0.0793414256777132,13.646859697955442
202,True,1,0.07925013304804789,13.66000807264746
203,False,1,0.07915894546242684,13.681745294747333
204,True,1,0.07906786279998322,13.69241936935709
205,False,-1,0.07897688493998928,13.712981743935888
206,True,-1,0.07888601176185615,13.72622039370799
207,False,-1,0.07879524314513375,13.745574862285682
208,True,1,0.07870457896951058,13.754640514693971
209,False,1,0.07861401911481355,13.77380553275149
210,True,-1,0.07852356346100789,13.791452403687623
211,False,1,0.07843321188819691,13.80829569926302
212,True,1,0.0783429642766219,13.8189926605128
213,False,-1,0.07825282050666191,13.834118186606625
214,True,1,0.07816278045883368,13.858423798308845
215,False,1,0.0780728440137914,13.868818147318347
216,True,1,0.07798301105232659,13.877860913086614
217,False,1,0.07789328145536793,13.893577677380982
218,True,1,0.07780365510398113,13.902635700909263
219,False,-1,0.07771413187936871,13.92237797088731
220,True,-1,0.07762471166286991,13.931411836295569
221,False,0,0.0775353943359605,13.931411836295569
222,True,-1,0.07744617978025262,13.940157075743564
223,False,-1,0.07735706787749463,13.963009385804453
224,True,-1,0.07726805850957098,13.975152019815553
225,False,1,0.077179151558502,13.988245720867523
226,True,1,0.07709034690644376,13.997413091675904
227,False,-1,0.07700164443568797,14.02952686206526
228,True,0,0.07691304402866173,14.02952686206526
229,False,-1,0.07682454556792745,14.05504673716859
230,True,1,0.07673614893618266,14.072719037704745
231,False,0,0.07664785401625987,14.072719037704745
232,True,-1,0.0765596606911264,14.083065070474204
233,False,-1,0.07647156884388422,14.100120703209795
234,True,-1,0.07638357835776984,14.115103823543492
235,False,-1,0.07629568911615407,14.134109906600868
236,True,1,0.07620790100254198,14.14096191232713
237,False,-1,0.07612021390057261,14.153599152058684
238,True,-1,0.07603262769401896,14.161009337505458
239,False,-1,0.07594514226678771,14.183964637446442
240,True,1,0.07585775750291915,14.191494342013327
241,False,1,0.075770473286587,14.211776990991867
242,True,1,0.07568328950209821,14.22463419676362
243,False,0,0.07559620603389292,14.22463419676362
244,True,1,0.07550922276654418,14.244331964941628
245,False,1,0.07542233958475786,14.252543182789134
246,True,-1,0.07533555637337253,14.2637716226794
247,False,-1,0.07524887301735922,14.27590408485049
248,True,1,0.07516228940182135,14.284889634018704
249,False,-1,0.07507580541199452,14.314705840045962
250,True,1,0.07498942093324638,14.323433278773939
251,False,-1,0.07490313585107652,14.346506826355032
252,True,-1,0.07481695005111624,14.374789627500887
253,False,1,0.07473086341912843,14.394834509719212
254,True,1,0.07464487584100746,14.434367365915351
255,False,1,0.07455898720277895,14.457354452856364
256,True,1,0.07447319739059971,14.467475433665618
257,False,-1,0.07438750629075751,14.483273572680059
258,True,1,0.07430191378967095,14.493689536849582
259,False,-1,0.07421641977388936,14.508167879622818
260,True,1,0.07413102413009258,14.513745862387916
261,False,1,0.07404572674509084,14.535244046247568
262,True,1,0.07396052750582462,14.559051237789333
263,False,-1,0.07387542629936449,14.582365095090646
264,True,1,0.07379042301291094,14.591301056538814
265,False,1,0.07370551753379428,14.605864588472128
266,True,0,0.07362070974947446,14.605864588472128
267,False,-1,0.07353599954754089,14.615830448721239
268,True,-1,0.07345138681571235,14.64144059890465
269,False,-1,0.0733668714418368,14.69099398898995
270,True,1,0.07328245331389127,14.697561183195953
271,False,0,0.07319813231998165,14.697561183195953
272,True,1,0.07311390834834261,14.700926790759029
273,False,-1,0.0730297812873374,14.70968983092704
274,True,1,0.07294575102545775,14.714343447731295
275,False,-1,0.07286181745132365,14.722644940658883
276,True,1,0.07277798045368329,14.730098356425698
277,False,-1,0.07269423992141284,14.74943120984337
278,True,1,0.07261059574351636,14.755344863328776
279,False,-1,0.0725270478091256,14.766511000698983
280,True,0,0.07244359600749989,14.766511000698983
281,False,1,0.072360240228026,14.783784056514774
282,True,0,0.07227698036021792,14.783784056514774
283,False,1,0.07219381629371682,14.792514038202755
284,True,1,0.07211074791829085,14.80368907593297
285,False,1,0.07202777512383497,14.812636480701151
286,True,-1,0.07194489780037085,14.818782815026768
287,False,-1,0.07186211583804668,14.829561150996623
288,True,1,0.07177942912713707,14.836275836882761
289,False,1,0.07169683755804289,14.85138101929657
290,True,-1,0.0716143410212911,14.860697153265086
291,False,-1,0.07153193940753463,14.894508349455995
292,True,1,0.07144963260755223,14.900446161061423
293,False,1,0.07136742051224833,14.920815270680043
294,True,1,0.07128530301265286,14.926433940805179
295,False,-1,0.07120327999992117,14.952033919148583
296,True,1,0.07112135136533382,14.956660834872812
297,False,-1,0.07103951700029648,14.972259351527072
298,True,-1,0.07095777679633979,14.9783065104126
299,False,-1,0.07087613064511916,15.028228629698237
300,True,1,0.0707945784384147,15.03512259426454
301,False,1,0.07071312006813102,15.050703310198783
302,True,1,0.07063175542629711,15.05722091668474
303,False,1,0.0705504844050662,15.071455135297752
304,True,-1,0.07046930689671561,15.090166234994857
305,False,-1,0.07038822279364661,15.10066993128446
306,True,1,0.07030723198838426,15.105718978369076
307,False,-1,0.07022633437357732,15.121503131103506
308,True,1,0.07014552984199805,15.128959089830321
309,False,-1,0.07006481828654208,15.141457738241746
310,True,-1,0.06998419960022828,15.147351048047133
311,False,-1,0.06990367367619864,15.160510866059164
312,True,1,0.06982324040771808,15.164270632422602
313,False,-1,0.06974289968817433,15.181911145958727
314,True,1,0.06966265141107782,15.18989985480603
315,False,-1,0.06958249547006147,15.196482306772047
316,True,1,0.06950243175888063,15.20349706193846
317,False,1,0.06942246017141286,15.220669670834159
318,True,1,0.06934258060165786,15.226692671599665
319,False,0,0.06926279294373729,15.226692671599665
320,True,1,0.0691830970918946,15.230316389602978
321,False,0,0.06910349294049499,15.230316389602978
322,True,-1,0.06902398038402516,15.236264373048416
323,False,-1,0.06894455931709323,15.250168006861125
324,True,1,0.06886522963442858,15.255528566546026
325,False,-1,0.06878599123088174,15.26802594347745
326,True,1,0.0687068440014242,15.273727259802662
327,False,1,0.06862778784114831,15.292480318339805
328,True,-1,0.06854882264526714,15.300783082747396
329,False,-1,0.06846994830911432,15.306929417073015
330,True,1,0.06839116472814392,15.309867807355701
331,False,0,0.06831247179793029,15.309867807355701
332,True,1,0.06823386941416795,15.3274790768518
333,False,1,0.06815535747267143,15.333655926697446
334,True,-1,0.06807693586937513,15.344769933387607
335,False,1,0.06799860450033322,15.352302180914492
336,True,0,0.06792036326171945,15.352302180914492
337,False,1,0.06784221204982703,15.354775209516752
338,True,1,0.06776415076106851,15.361364018882776
339,False,1,0.06768617929197562,15.377958104377946
340,True,1,0.06760829753919918,15.384540556343964
341,False,1,0.06753050539950887,15.400100928598189
342,True,-1,0.06745280276979321,15.410947924488104
343,False,-1,0.0673751895470593,15.423910663099955
344,True,1,0.0672976656284328,15.428659640904295
345,False,1,0.0672202309111577,15.43362095586883
346,True,-1,0.06714288529259625,15.439385846194101
347,False,1,0.0670656286702288,15.446915550760984
348,True,1,0.06698846094165366,15.452087931405712
349,False,1,0.06691138200458695,15.46260688545533
350,True,1,0.06683439175686248,15.467873355620144
351,False,1,0.06675749009643164,15.47888564391021
352,True,1,0.06668067692136323,15.484150842595023
353,False,-1,0.06660395212984332,15.496676192086474
354,True,-1,0.06652731562017516,15.503284073652514
355,False,1,0.06645076729077898,15.520199843587978
356,True,1,0.06637430704019191,15.525761297113062
357,False,1,0.06629793476706783,15.536581591922953
358,True,-1,0.06622165037017723,15.544139269049863
359,False,1,0.06614545374840707,15.552944268057912
360,True,1,0.06606934480076064,15.556879498661509
361,False,-1,0.06599332342635748,15.592488567574062
362,True,1,0.06591738952443318,15.59573592749703
363,False,1,0.06584154299433928,15.606257424506648
364,True,1,0.0657657837355431,15.610309631270352
365,False,-1,0.0656901116476277,15.616687374956184
366,True,1,0.0656145266302916,15.619455386918714
367,False,0,0.06553902858334881,15.619455386918714
368,True,0,0.06546361740672857,15.619455386918714
369,False,1,0.06538829300047526,15.629189837807612
370,True,-1,0.0653130552647483,15.63391211453193
371,False,1,0.06523790409982198,15.641300684818685
372,True,1,0.06516283940608533,15.645963201982946
373,False,-1,0.065087861084042,15.65689538703294
374,True,-1,0.06501296903431013,15.665414303040727
375,False,0,0.0649381631576222,15.665414303040727
376,True,1,0.06486344335482491,15.667570733122698
377,False,-1,0.06478880952687906,15.677063602811376
378,True,1,0.06471426157485939,15.679335737573455
379,False,-1,0.0646397993999545,15.716943573047834
380,True,1,0.06456542290346663,15.72151200069201
381,False,-1,0.06449113198681165,15.769779924496135
382,True,1,0.06441692655151882,15.774591204820533
383,False,-1,0.0643428064992307,15.78019970310566
384,True,1,0.06426877173170306,15.783686101268847
385,False,-1,0.06419482215080467,15.794953957039148
386,True,-1,0.06412095765851726,15.800598056764308
387,False,1,0.0640471781569353,15.809738726492663
388,True,-1,0.06397348354826592,15.816497914178843
389,False,-1,0.06389987373482879,15.820227165022251
390,True,-1,0.06382634861905598,15.824171295985858
391,False,-1,0.0637529081034918,15.833074198953996
392,True,-1,0.0636795520907927,15.843097275803158
393,False,-1,0.06360628048372714,15.851458528290802
394,True,1,0.06353309318517548,15.852972860972187
395,False,-1,0.0634599900981298,15.859568027738215
396,True,1,0.06338697112569382,15.863345594821668
397,False,0,0.06331403617108272,15.863345594821668
398,True,1,0.06324118513762307,15.868715054866577
399,False,0,0.06316841792875268,15.868715054866577
400,True,1,0.06309573444802045,15.871385162869018
401,False,1,0.06302313459908628,15.875691665632955
402,True,-1,0.06295061828572089,15.880799200797624
403,False,1,0.06287818541180576,15.890943068246898
404,True,1,0.06280583588133294,15.89418534224986
405,False,-1,0.06273356959840495,15.901989686496997
406,True,0,0.06266138646723468,15.901989686496997
407,False,0,0.06258928639214521,15.901989686496997
408,True,1,0.06251726927756972,15.904349553379154
409,False,-1,0.062445335028051344,15.921840032275142
410,True,-1,0.06237348354824306,15.92432196123741
411,False,1,0.062301714742907556,15.931826236204271
412,True,1,0.06223002851691709,15.935668648767784
413,False,1,0.062158424775253386,15.947498498698598
414,True,1,0.062086903423007496,15.95345156806404
415,False,1,0.062015464365379684,15.957703397187927
416,True,-1,0.061944107507679286,15.960667217070636
417,False,-1,0.0618728327553246,15.968818675358088
418,True,0,0.06180164001384274,15.968818675358088
419,False,0,0.06173052918886952,15.968818675358088
420,True,1,0.061659500186149366,15.971996103880993
421,False,1,0.061588552911535116,15.978024190566504
422,True,0,0.06151768727098796,15.978024190566504
423,False,-1,0.06144690317057729,15.986886406174605
424,True,-1,0.06137620051648057,15.99465896342171
425,False,1,0.061305579214983225,16.00166736118812
426,True,-1,0.0612350391724785,16.010483803516177
427,False,1,0.06116458029546737,16.014889481720203
428,True,-1,0.061094202490558365,16.016279209361475
429,False,-1,0.06102390566446749,16.027973010932165
430,True,1,0.06095368972401809,16.02942376961349
431,False,0,0.0608835545761407,16.02942376961349
432,True,1,0.06081350012787296,16.032399032816212
433,False,-1,0.060743526286359484,16.03911371870235
434,True,1,0.06067363295885171,16.044645928187407
435,False,0,0.060603820052707806,16.044645928187407
436,True,-1,0.06053408747539253,16.046395484669006
437,False,-1,0.06046443513447712,16.060366506921778
438,True,1,0.06039486293763916,16.064051255965147
439,False,0,0.06032537079266247,16.064051255965147
440,True,-1,0.06025595860743696,16.06910666044977
441,False,0,0.06018662628995854,16.06910666044977
442,True,0,0.06011737374832899,16.06910666044977
443,False,1,0.06004820089075581,16.082438128261956
444,True,-1,0.059979107625552135,16.093060072191665
445,False,1,0.05991009386113658,16.09623750071457
446,True,-1,0.059841159506033165,16.11026319660739
447,False,1,0.059772304468871135,16.114292516731076
448,True,0,0.05970352865838489,16.114292516731076
449,False,1,0.05963483198341383,16.117202934453736
450,True,1,0.05956621435290225,16.117859018134336
451,False,1,0.059497675675899225,16.128908179344435
452,True,1,0.05942921586155847,16.130777254946146
453,False,1,0.05936083481913824,16.133249012068404
454,True,1,0.05929253245800119,16.13646077055134
455,False,1,0.05922430868761427,16.143563257837833
456,True,-1,0.059156163417548605,16.150982343644614
457,False,-1,0.05908809655747936,16.159089300132027
458,True,1,0.059020108017185643,16.16238370481504
459,False,-1,0.05895219770655036,16.166329107258644
460,True,-1,0.05888436553556011,16.171086985422995
461,False,0,0.05881661141430508,16.171086985422995
462,True,1,0.05874893525297889,16.18836512715879
463,False,-1,0.0586813369618785,16.196795039566496
464,True,-1,0.058613816451404094,16.197865625727474
465,False,1,0.05854637363205894,16.201429584170732
466,True,1,0.05847900841444929,16.203519897292644
467,False,1,0.058411720709284264,16.20922502805786
468,True,1,0.0583445104273757,16.216497893664506
469,False,1,0.05827737747963808,16.21978466946751
470,True,-1,0.05821032177708837,16.221938556589482
471,False,-1,0.05814334323084595,16.22882870671578
472,True,-1,0.05807644175213244,16.23513143308154
473,False,1,0.058009617252271634,16.24041316100637
474,True,1,0.05794286964268934,16.242561962208335
475,False,-1,0.0578761988349133,16.24800643957331
476,True,-1,0.05780960474057305,16.264244510668156
477,False,-1,0.05774308727139979,16.285993176088038
478,True,-1,0.05767664633922631,16.28667596084866
479,False,-1,0.05761028185598684,16.29507408625634
480,True,0,0.057543993733716936,16.29507408625634
481,False,-1,0.05747778188455337,16.302648292623264
482,True,0,0.057411646220734004,16.302648292623264
483,False,-1,0.0573455866545977,16.309191328709243
484,True,0,0.057279603098584174,16.309191328709243
485,False,-1,0.057213695465233895,16.31671213291612
486,True,-1,0.05714786366718796,16.323384859962218
487,False,1,0.05708210761718799,16.328489852166886
488,True,1,0.057016427228076004,16.32939260296771
489,False,1,0.05695082241279432,16.336267495333995
490,True,1,0.056885293084385405,16.33704945553471
491,False,-1,0.0568198391559918,16.34395867786103
492,True,0,0.05675446054085598,16.34395867786103
493,False,-1,0.05668915715232024,16.347768031944508
494,True,1,0.056623928903826594,16.348439373385123
495,False,1,0.05655877570891666,16.38124101445511
496,True,1,0.05649369748123152,16.38313551965684
497,False,1,0.05642869413451164,16.38663717558004
498,True,1,0.05636376558259672,16.387683603621
499,False,1,0.056298911739425604,16.389974810583094
500,True,1,0.05623413251903618,16.390971650904003
501,False,0,0.05616942783556523,16.390971650904003
502,True,1,0.056104797603248324,16.392142683985075
503,False,-1,0.056040241736419735,16.40683844983851
504,True,1,0.0559757601495123,16.40832735291987
505,False,-1,0.055911352757057296,16.41272285928389
506,True,-1,0.05584701947368436,16.413940937125002
507,False,-1,0.05578276021412136,16.421646105932044
508,True,1,0.05571857489319427,16.424039031294235
509,False,1,0.05565446342582707,16.42776573917764
510,True,1,0.05559042572704164,16.42879309501858
511,False,-1,0.05552646171195763,16.43436980630368
512,True,1,0.05546257129579236,16.435342488504567
513,False,1,0.055398754393860695,16.43760826586664
514,True,1,0.05533501092157495,16.440612773109386
515,False,0,0.055271340794444776,16.440612773109386
516,True,1,0.05520774392807702,16.441498994670194
517,False,-1,0.055144220238175654,16.443773672392275
518,True,1,0.05508076964054163,16.455164861722686
519,False,-1,0.05501739205107279,16.460948824247975
520,True,-1,0.054954087385763746,16.46315229908999
521,False,-1,0.05489085556070577,16.476102322901827
522,True,1,0.05482769649208667,16.482341475267532
523,False,-1,0.054764610096190706,16.48797540315268
524,True,-1,0.05470159628939846,16.491437643195848
525,False,1,0.05463865498818672,16.49903473620279
526,True,0,0.054575786109128395,16.49903473620279
527,False,1,0.05451298956889237,16.502157491085647
528,True,1,0.054450265284243425,16.504109212887432
529,False,1,0.054387613172042104,16.506664887689766
530,True,0,0.054325033149244625,16.506664887689766
531,False,1,0.05426252513290275,16.516339579018613
532,True,-1,0.05420008904016369,16.518391747740488
533,False,1,0.05413772478826998,16.526524133827923
534,True,1,0.05407543229455939,16.527651936588953
535,False,1,0.05401321147646479,16.546730494006393
536,True,1,0.05395106225151407,16.549070017208532
537,False,-1,0.053888984537329994,16.552777652891923
538,True,0,0.05382697825163014,16.552777652891923
539,False,-1,0.05376504331222673,16.557927146896628
540,True,1,0.05370317963702658,16.560812135019265
541,False,1,0.05364138714403096,16.564706678262827
542,True,-1,0.05357966575133547,16.578979041275876
543,False,1,0.05351801537712998,16.5853555134817
544,True,0,0.05345643593969848,16.5853555134817
545,False,-1,0.05339492735741898,16.58891947192496
546,True,1,0.05333348954876341,16.5909309532868
547,False,1,0.053272122432297515,16.597785501973068
548,True,1,0.053210825926680735,16.599906330615006
549,False,-1,0.05314959995066611,16.602915923777758
550,True,1,0.05308844442310015,16.60711053630159
551,False,-1,0.053027359262922756,16.612758450466753
552,True,-1,0.0529663443891671,16.61561038010936
553,False,-1,0.052905399720959506,16.622908675316033
554,True,1,0.052844525177519364,16.623647405196706
555,False,-1,0.052783720678159,16.630170097602672
556,True,1,0.0527229861422836,16.634538902886664
557,False,-1,0.05266232148939107,16.63856822301035
558,True,0,0.05260172663907194,16.63856822301035
559,False,-1,0.05254120151100929,16.643905896055227
560,True,-1,0.05248074602497859,16.65086470610159
561,False,-1,0.052420360100847614,16.65575354670606
562,True,1,0.052360043658576355,16.656391829666642
563,False,0,0.0522997966182169,16.656391829666642
564,True,1,0.05223961889991331,16.657140731387326
565,False,1,0.05217951042390156,16.65992527258987
566,True,1,0.05211947111050937,16.660806408230677
567,False,0,0.05205950088015617,16.660806408230677
568,True,1,0.05199959965335293,16.662642425352356
569,False,1,0.05193976735070208,16.66515486983465
570,True,1,0.05188000389289744,16.667990270237244
571,False,-1,0.05182030920072404,16.71778015560276
572,True,1,0.051760683195058096,16.719738234804552
573,False,-1,0.05170112579686683,16.724719893449105
574,True,1,0.051641636927208426,16.727410345131563
575,False,0,0.051582216507231896,16.727410345131563
576,True,1,0.05152286445817698,16.730080453134004
577,False,0,0.05146358070137403,16.730080453134004
578,True,1,0.05140436515824394,16.732015645695775
579,False,-1,0.051345217750297996,16.7368574415402
580,True,1,0.051286138399137815,16.738821878141994
581,False,0,0.05122712702645521,16.738821878141994
582,True,1,0.051168183554032104,16.74004122746311
583,False,-1,0.051109307903740415,16.75619665235788
584,True,1,0.05105049999754196,16.757730057239282
585,False,-1,0.05099175975748835,16.7629990703641
586,True,1,0.05093308710572088,16.764667252125623
587,False,-1,0.05087448196447043,16.795350607513672
588,True,1,0.05081594425605739,16.797479065035617
589,False,1,0.050757473902891495,16.80186567103963
590,True,0,0.05069907082747178,16.80186567103963
591,False,0,0.05064073495238643,16.80186567103963
592,True,0,0.050582466200312745,16.80186567103963
593,False,-1,0.05052426449401696,16.806469700123838
594,True,-1,0.05046612975635418,16.807200801124505
595,False,-1,0.05040806191026829,16.845046403359103
596,True,1,0.050350060878791826,16.84704389844093
597,False,1,0.05029212658504589,16.85145466256496
598,True,-1,0.050234258952240055,16.866608161218814
599,False,0,0.05017645790367222,16.866608161218814
600,True,0,0.05011872336272857,16.866608161218814
601,False,-1,0.05006105525288344,16.868475965340522
602,True,1,0.0500034534976992,16.87021789294211
603,False,-1,0.04994591802082618,16.872525629144224
604,True,1,0.04988844874600257,16.87312322474477
605,False,-1,0.0498310455970543,16.878226945469436
606,True,-1,0.04977370849789495,16.87878258222994
607,False,1,0.049716437372525644,16.8884699883588
608,True,0,0.04965923214503496,16.8884699883588
609,False,0,0.04960209273959881,16.8884699883588
610,True,1,0.049545019080480375,16.89010129720029
611,False,-1,0.04948801109202995,16.893649997883536
612,True,1,0.049431068698684896,16.89431371044414
613,False,-1,0.049374191824969514,16.915055363703104
614,True,0,0.04931738039549494,16.915055363703104
615,False,-1,0.04926063433495908,16.92321190791056
616,True,-1,0.04920395356814645,16.931423125758066
617,False,-1,0.049147338019928134,16.935425744801723
618,True,1,0.049090787615261665,16.936292894162516
619,False,-1,0.04903430227919091,16.938370492484417
620,True,1,0.04897788193684598,16.940079361605978
621,False,-1,0.04892152651344314,16.94180984588756
622,True,-1,0.04886523593428472,16.94217221768789
623,False,-1,0.04880901012475897,16.945293701090744
624,True,-1,0.048752849010339994,16.95250680713734
625,False,-1,0.04869675251658767,16.98885842037057
626,True,1,0.04864072056914752,16.991579387573058
627,False,-1,0.048584753093750606,17.015007678074475
628,True,-1,0.048528850016213466,17.01604520575542
629,False,1,0.04847301126243798,17.018038886397246
630,True,0,0.048417236758411294,17.018038886397246
631,False,1,0.04836152643020572,17.021441366880357
632,True,-1,0.04830588020397863,17.044937045821836
633,False,1,0.04825029800597235,17.04862942374521
634,True,1,0.048194779762514094,17.050712107987113
635,False,-1,0.04813932540001584,17.05545218543145
636,True,1,0.04808393484497422,17.056506242352413
637,False,1,0.048028608023970465,17.059911265795524
638,True,1,0.047973344863670275,17.06040841447598
639,False,-1,0.047918145290823735,17.064515294879733
640,True,1,0.0478630092322652,17.066528047721572
641,False,-1,0.04780793661491323,17.070267470404993
642,True,0,0.047752927365770456,17.070267470404993
643,False,-1,0.04769798141192352,17.090429328783422
644,True,1,0.04764309868054294,17.09101548106396
645,False,-1,0.04758827909888306,17.101774744833794
646,True,1,0.0475335225942819,17.10315938655506
647,False,-1,0.04747882909416111,17.10583839491751
648,True,-1,0.047424198526025835,17.106514822278125
649,False,0,0.04736963081746464,17.106514822278125
650,True,1,0.04731512589614942,17.10696746915854
651,False,-1,0.04726068368983527,17.111059091802282
652,True,1,0.04720630412636043,17.116335733807105
653,False,-1,0.047151987133646156,17.123018632693213
654,True,1,0.04709773263969666,17.124955096734986
655,False,1,0.047043540572598984,17.12944723557909
656,True,0,0.04698941086052291,17.12944723557909
657,False,-1,0.046935343431720886,17.15128236163905
658,True,1,0.0468813382145279,17.152295731199978
659,False,1,0.046827395137361394,17.155428657922844
660,True,1,0.046773514128721196,17.165539466892085
661,False,-1,0.04671969511718939,17.169154284535388
662,True,1,0.04666593803143024,17.170748720456846
663,False,-1,0.046612242800190086,17.17844117446388
664,True,0,0.04655860935229727,17.17844117446388
665,False,-1,0.046505037616662005,17.180803584306037
666,True,1,0.04645152752227632,17.18267520286775
667,False,0,0.04639807899821393,17.18267520286775
668,True,1,0.04634469197363018,17.18466761202957
669,False,1,0.04629136637776191,17.192025666796297
670,True,1,0.046238102139927406,17.193082266677262
671,False,1,0.046184899189526264,17.209841644572585
672,True,1,0.04613175745603932,17.21352385065595
673,False,1,0.04607867686902855,17.215204747217488
674,True,-1,0.04602565735813698,17.220979809382765
675,False,-1,0.0459726988530886,17.22237462294404
676,True,1,0.04591980128368824,17.22297349002459
677,False,-1,0.04586696457982152,17.226623909107925
678,True,1,0.045814188671454724,17.229610615630655
679,False,0,0.04576147348863473,17.229610615630655
680,True,1,0.04570881896148888,17.230690102151645
681,False,1,0.04565622502022495,17.247373191246893
682,True,1,0.045603691595130995,17.24950292024884
683,False,1,0.04555121861657529,17.254241726213174
684,True,1,0.045498806015006235,17.254583754333485
685,False,-1,0.045446453720952254,17.25615021769492
686,True,-1,0.0453941616650217,17.257800598736427
687,False,-1,0.04534192977790278,17.263344251541493
688,True,1,0.04528975799036346,17.265006075903013
689,False,-1,0.04523764623325134,17.26693872550478
690,True,1,0.04518559443749362,17.268619622066318
691,False,-1,0.045133602534096956,17.28725443296335
692,True,1,0.0450816704541474,17.28835680612436
693,False,-1,0.04502979812881029,17.292124201367805
694,True,-1,0.04497798548933018,17.293766953529307
695,False,-1,0.04492623246703072,17.295363932410766
696,True,-1,0.0448745389933146,17.295619499891
697,False,1,0.044822904999663425,17.297656410852863
698,True,1,0.04477133041763764,17.29925084677432
699,False,1,0.044719815178876444,17.314905308548628
700,True,1,0.0446683592150977,17.317219402150744
701,False,0,0.04461696245809783,17.317219402150744
702,True,1,0.04456562483975172,17.318651088632055
703,False,-1,0.04451434629201267,17.3228596874359
704,True,1,0.04446312674691226,17.324173126277103
705,False,-1,0.04441196613656028,17.32770656920033
706,True,-1,0.04436086439314464,17.32822914748081
707,False,1,0.04430982144893127,17.33050382520289
708,True,1,0.044258837236264045,17.331847779564118
709,False,-1,0.044207911687564674,17.335442253527404
710,True,1,0.04415704473533264,17.33655098408842
711,False,1,0.04410623631214508,17.340264977171813
712,True,1,0.04405548635065672,17.341958588533362
713,False,-1,0.04400479478359977,17.345222477696346
714,True,0,0.043954161543783836,17.345222477696346
715,False,-1,0.04390358656409585,17.34738526517832
716,True,1,0.043853069777499955,17.348790250579604
717,False,-1,0.04380261111703743,17.35409995106446
718,True,0,0.04375221051582659,17.35409995106446
719,False,1,0.04370186790706273,17.368330355237468
720,True,1,0.043651583224017985,17.369002968158085
721,False,-1,0.043601356400041286,17.378472951206742
722,True,1,0.043551187368558245,17.37972027308788
723,False,-1,0.04350107606307109,17.386287467293883
724,True,1,0.04345102241715854,17.387271592814784
725,False,0,0.04340102636447577,17.387271592814784
726,True,1,0.04335108783875428,17.38951194057683
727,False,-1,0.0433012067738018,17.39225579441934
728,True,1,0.04325138310350226,17.392859747419894
729,False,0,0.04320161676181564,17.392859747419894
730,True,-1,0.043151907682777914,17.39544848070226
731,False,-1,0.043102255800500956,17.396672915943377
732,True,1,0.04305266104917246,17.40554403191149
733,False,1,0.043003123363055826,17.40748176743326
734,True,0,0.04295364267649012,17.40748176743326
735,False,0,0.04290421892388994,17.40748176743326
736,True,0,0.042854852039745345,17.40748176743326
737,False,1,0.04280554195862179,17.409968782315534
738,True,1,0.04275628861516001,17.41114617279661
739,False,0,0.042707091944075945,17.41114617279661
740,True,-1,0.04265795188016065,17.41187854527728
741,False,-1,0.042608868358280226,17.41337762019865
742,True,1,0.042559841313375694,17.415690442320763
743,False,-1,0.042510870680462956,17.420710245365353
744,True,1,0.042461956394632676,17.42817637593218
745,False,-1,0.04241309839105021,17.43474229865818
746,True,1,0.042364296604955505,17.436419380779714
747,False,-1,0.042315550971663035,17.43920392198226
748,True,1,0.04226686142656169,17.439968081462958
749,False,1,0.04221822790511472,17.44312262334584
750,True,1,0.042169650342859626,17.443738019666405
751,False,-1,0.04212112867540807,17.44910620823131
752,True,-1,0.04207266283844581,17.450363701952462
753,False,1,0.04202425276773261,17.45286724607475
754,True,1,0.04197589839910215,17.454195942675963
755,False,-1,0.04192759966846194,17.45581962263745
756,True,-1,0.04187935651179323,17.45909114068044
757,False,-1,0.041831168865150946,17.462197366323277
758,True,1,0.04178303666466358,17.47582000305573
759,False,1,0.04173495984653311,17.478884269858533
760,True,-1,0.04168693834703494,17.480140492099682
761,False,-1,0.04163897210251779,17.49619801303436
762,True,1,0.04159106104940361,17.497697087955732
763,False,0,0.04154320512418752,17.497697087955732
764,True,1,0.0414954042634377,17.49800351463601
765,False,0,0.04144765840379532,17.49800351463601
766,True,1,0.04139996748197445,17.49938179895727
767,False,1,0.04135233143476198,17.50147211207918
768,True,-1,0.04130475019901755,17.503259812960817
769,False,0,0.04125722371167342,17.503259812960817
770,True,1,0.041209751909734436,17.5091518512862
771,False,-1,0.04116233473027793,17.512156358528948
772,True,1,0.04111497211045364,17.51958688765574
773,False,-1,0.0410676639874836,17.521144450657165
774,True,-1,0.041020410298662095,17.522994454058857
775,False,1,0.04097321098135556,17.52666394534221
776,True,-1,0.040926065973002496,17.527784119223234
777,False,0,0.04087897521111339,17.527784119223234
778,True,1,0.04083193863327062,17.52865254006403
779,False,1,0.040784956177128406,17.533798219628732
780,True,1,0.04073802778041268,17.534361485269248
781,False,0,0.04069115338092105,17.534361485269248
782,True,0,0.04064433291652269,17.534361485269248
783,False,1,0.04059756632515825,17.536571317511267
784,True,1,0.040550853544839796,17.537274445951912
785,False,-1,0.040504194513650726,17.53872774759324
786,True,-1,0.04045758916974568,17.539696615354124
787,False,-1,0.04041103745135045,17.54044551707481
788,True,-1,0.04036453929676191,17.543434766557542
789,False,-1,0.04031809464434794,17.557038331089977
790,True,0,0.04027170343254732,17.557038331089977
791,False,-1,0.04022536559986969,17.561978030894494
792,True,1,0.04017908108489541,17.562723118175175
793,False,-1,0.04013284982627553,17.577816857268974
794,True,1,0.040086671762731695,17.58024029815119
795,False,-1,0.040040546833056044,17.580826450431726
796,True,1,0.03999447497611116,17.581206622952074
797,False,1,0.03994845613082996,17.58427724715488
798,True,1,0.03990249023621562,17.588832959999046
799,False,-1,0.039856577231341526,17.590035780080143
800,True,1,0.03981071705535114,17.590881314280917
801,False,0,0.03976490964745797,17.590881314280917
802,True,1,0.03971915494694545,17.59126784420127
803,False,-1,0.039673452893166886,17.59220873940213
804,True,0,0.039627803425545366,17.59220873940213
805,False,-1,0.03958220648357367,17.593450975363265
806,True,1,0.03953666200681421,17.594271079964017
807,False,-1,0.039491169934898936,17.608735436457238
808,True,-1,0.039445730207529256,17.609124509337594
809,False,0,0.03940034276447597,17.609124509337594
810,True,1,0.03935500754557916,17.61601338798389
811,False,0,0.039309724490748155,17.61601338798389
812,True,1,0.0392644935399614,17.616757203784573
813,False,-1,0.039219314633266424,17.629939908436622
814,True,1,0.039174187710779726,17.63029973727695
815,False,-1,0.039129112712686716,17.64217917492781
816,True,0,0.03908408957924162,17.64217917492781
817,False,-1,0.039039118250767425,17.644133439689597
818,True,1,0.038994198667655765,17.644230072169687
819,False,1,0.03894933077036687,17.647544820532715
820,True,1,0.038904514499429485,17.648591248573673
821,False,-1,0.038859749795440775,17.659424258183577
822,True,-1,0.03881503659906625,17.661664605945624
823,False,1,0.038770374851039714,17.66342051982723
824,True,1,0.038725764492163146,17.668098294751506
825,False,1,0.038681205463306646,17.67059548147379
826,True,0,0.03863669770540835,17.67059548147379
827,False,-1,0.03859224115947434,17.672646378715662
828,True,1,0.03854783576657861,17.6729044891559
829,False,-1,0.03850348146786292,17.683787086485847
830,True,1,0.03845917820453678,17.69406445933524
831,False,-1,0.03841492591787734,17.6963137074573
832,True,0,0.0383707245492293,17.6963137074573
833,False,-1,0.038326574040004883,17.698849038579617
834,True,1,0.03828247433168369,17.699276255860006
835,False,1,0.038238425365812685,17.701113544461688
836,True,1,0.038194427084006076,17.701657737902185
837,False,-1,0.03815047942794526,17.71011943730992
838,True,1,0.03810658233937872,17.710977686310706
839,False,-1,0.03806273576012199,17.713966935793437
840,True,1,0.03801893963205754,17.71429116319373
841,False,-1,0.0379751938971347,17.71832175479742
842,True,1,0.03793149849736961,17.718586222637658
843,False,0,0.03788785337484513,17.718586222637658
844,True,1,0.03784425847171075,17.71878330203784
845,False,0,0.03780071373018253,17.71878330203784
846,True,1,0.03775721909254302,17.724784687643325
847,False,1,0.03771377450114118,17.726644862885028
848,True,-1,0.03767037989839231,17.727138197125477
849,False,0,0.03762703522677795,17.727138197125477
850,True,1,0.03758374042884584,17.727364520565683
851,False,-1,0.037540495447209825,17.7283689897666
852,True,1,0.03749730022454977,17.733732092411504
853,False,-1,0.03745415470361151,17.747671327664246
854,True,1,0.03741105882720675,17.75700780531278
855,False,-1,0.037368012538212994,17.763255858038494
856,True,-1,0.03732501577957348,17.76508678924017
857,False,-1,0.037282068494297084,17.779972005613775
858,True,1,0.03723917062545827,17.78018561425397
859,False,-1,0.03719632211619701,17.78289640961645
860,True,1,0.03715352290971868,17.784916791338297
861,False,1,0.03711077294929401,17.78834215846143
862,True,0,0.037068072178259026,17.78834215846143
863,False,1,0.037025420540014925,17.789836147462793
864,True,1,0.03698281797802805,17.798699634550896
865,False,-1,0.036940264435829775,17.80070602999273
866,True,1,0.03689775985701646,17.80503669087669
867,False,0,0.03685530418524936,17.80503669087669
868,True,0,0.03681289736425457,17.80503669087669
869,False,-1,0.036770539337822906,17.809415668000693
870,True,-1,0.036728230049809886,17.81335217008429
871,False,-1,0.03668596944413562,17.820421598890754
872,True,-1,0.03664375746478475,17.821070053691347
873,False,-1,0.03660159405580636,17.82339431913347
874,True,1,0.03655947916131392,17.824754802734716
875,False,-1,0.0365174127254852,17.83074347354019
876,True,1,0.03647539469256221,17.835102106984174
877,False,1,0.03643342500685111,17.83736152694624
878,True,-1,0.03639150361272214,17.83814984454696
879,False,1,0.036349630454609566,17.839951531708607
880,True,0,0.03630780547701157,17.839951531708607
881,False,-1,0.036266028624490194,17.8400532501087
882,True,-1,0.03622429984167129,17.841225554669773
883,False,-1,0.03618261907324441,17.842063459990538
884,True,1,0.036140986263962754,17.842227480910687
885,False,-1,0.036099401358643084,17.847220582875252
886,True,1,0.03605786430216566,17.847921168355892
887,False,-1,0.03601637503947418,17.851165985318858
888,True,-1,0.03597493351557565,17.85379286300126
889,False,-1,0.0359335396755404,17.859649299886613
890,True,1,0.03589219346450194,17.85976500456672
891,False,-1,0.03585089482765691,17.865063261731564
892,True,1,0.035809643710265016,17.865753675372193
893,False,-1,0.03576844005764895,17.86642883125281
894,True,-1,0.035727283815194306,17.867407870853707
895,False,-1,0.03568617492834953,17.86982876877592
896,True,1,0.035645113342625837,17.873509703379284
897,False,-1,0.03560409900359713,17.87417087297989
898,True,-1,0.035563131856899945,17.875930601301498
899,False,-1,0.035522211848233363,17.87622685614177
900,True,1,0.03548133892335895,17.87659939978211
901,False,-1,0.03544051302810069,17.88076858270592
902,True,1,0.03539973410834488,17.88803381943256
903,False,-1,0.035359002110040096,17.891520217595748
904,True,1,0.03531831697919711,17.891635922275857
905,False,-1,0.03527767866188881,17.891682967035898
906,True,1,0.03523708710425013,17.891759255835968
907,False,1,0.035196542252477994,17.892456026876605
908,True,-1,0.03515604405283123,17.894005960998022
909,False,-1,0.03511559245163049,17.894504381158477
910,True,-1,0.035075187395258216,17.89844342620208
911,False,0,0.035034828830158515,17.89844342620208
912,True,0,0.03499451670283714,17.89844342620208
913,False,-1,0.034954250959861384,17.901356386884743
914,True,0,0.034914031547860026,17.901356386884743
915,False,-1,0.03487385841352325,17.90253759180582
916,True,1,0.03483373150360259,17.91349647793584
917,False,-1,0.03479365076491084,17.9196873140615
918,True,-1,0.03475361614432199,17.920437487262184
919,False,0,0.034713627588771175,17.920437487262184
920,True,-1,0.034673685045254574,17.94436928384406
921,False,1,0.03463378846082935,17.94814939388752
922,True,1,0.034593937782613604,17.948242211927603
923,False,1,0.03455413295778626,17.94961922476886
924,True,1,0.034514373933587035,17.949675169888913
925,False,-1,0.03447466065731635,17.952171085131194
926,True,1,0.03443499307633526,17.95221304397123
927,False,-1,0.03439537113806539,17.955826590134535
928,True,-1,0.034355794789988875,17.96004154633839
929,False,-1,0.03431626397964826,17.961034572219297
930,True,-1,0.03427677865464645,17.961623267459835
931,False,1,0.03423733876264665,17.963839457101862
932,True,0,0.0341979442513723,17.963839457101862
933,False,1,0.03415859506860695,17.964595987702552
934,True,0,0.03411929116219427,17.964595987702552
935,False,1,0.034080032480037915,17.96547076594335
936,True,-1,0.03404081897010151,17.96555595510343
937,False,0,0.03400165058040852,17.96555595510343
938,True,1,0.03396252725904226,17.965591556543462
939,False,-1,0.03392344895414574,17.966477778104274
940,True,-1,0.03388441561392167,17.966676128984453
941,False,-1,0.03384542718663234,17.968042969985703
942,True,-1,0.03380648362059958,17.97251349366979
943,False,1,0.03376758486420467,17.974269407551397
944,True,-1,0.033728730865888304,17.97946086039614
945,False,-1,0.03368992157415049,17.980221205436838
946,True,1,0.03365115693755049,17.980943406077497
947,False,-1,0.03361243690470676,17.981294334557816
948,True,-1,0.03357376142429688,17.981983476718447
949,False,-1,0.03353513044505749,17.982256844918698
950,True,1,0.03349654391578418,17.982647189279053
951,False,1,0.03345800178533151,17.983710146560025
952,True,1,0.03341950400261284,17.98373811912005
953,False,0,0.033381050516600355,17.98373811912005
954,True,1,0.033342641276324914,17.983860181200164
955,False,-1,0.03330427623087605,17.98453406560078
956,True,0,0.03326595532940187,17.98453406560078
957,False,0,0.03322767852110898,17.98453406560078
958,True,-1,0.03318944575526245,17.98508461644128
959,False,0,0.03315125698118571,17.98508461644128
960,True,1,0.03311311214826052,17.985106231601304
961,False,1,0.03307501120592686,17.987964518643913
962,True,-1,0.033036954103682896,17.993421710808903
963,False,0,0.0329989407910849,17.993421710808903
964,True,-1,0.032960971217747194,17.99399769124943
965,False,-1,0.03292304533334207,17.995991371891254
966,True,1,0.03288516308759972,17.996012987051273
967,False,-1,0.032847324430308196,17.9970288995722
968,True,1,0.03280952931131332,17.998594091453633
969,False,1,0.03277177768051861,17.999362065374335
970,True,1,0.03273406948788524,17.999551515894506
971,False,1,0.03269640468343195,18.002342414497058
972,True,-1,0.032658783217235,18.002928566777594
973,False,-1,0.032621205039428086,18.00832727086253
974,True,1,0.03258367010020229,18.008342528622542
975,False,-1,0.032546178349806006,18.013157623386945
976,True,-1,0.03250872973854486,18.018092237271457
977,False,-1,0.03247132421678166,18.019729903512953
978,True,1,0.032433961734936345,18.01973753239296
979,False,-1,0.03239664224348589,18.02004523055324
980,True,0,0.03235936569296425,18.02004523055324
981,False,1,0.0323221320339623,18.022822142875782
982,True,1,0.03228494121712778,18.027362597959932
983,False,1,0.03224779319316519,18.02932957752173
984,True,0,0.03221068791283577,18.02932957752173
985,False,-1,0.03217362532695741,18.03065573116294
986,True,-1,0.032136605386404594,18.031119821363365
987,False,-1,0.03209962804210833,18.032212022684366
988,True,1,0.032062693245056076,18.04136413573273
989,False,-1,0.032025800946291705,18.043215410614422
990,True,0,0.0319889510969154,18.043215410614422
991,False,-1,0.031952143648083624,18.043542180974722
992,True,-1,0.03191537855100903,18.04359558313477
993,False,-1,0.031878655756960424,18.045254864536286
994,True,1,0.03184197521726266,18.053411408743745
995,False,1,0.03180533688329662,18.05731485234731
996,True,1,0.03176874070649912,18.057370797467364
997,False,0,0.03173218663836285,18.057370797467364
998,True,1,0.03169567463043632,18.057372068947366
999,False,-1,0.03165920463432379,18.05826337642818
1000,True,1,0.03162277660168521,18.06628260079551
1001,False,-1,0.03158639048423613,18.068379271317426
1002,True,1,0.03155004623374768,18.06891837883792
1003,False,-1,0.031513743802046475,18.073453748002066
1004,True,1,0.03147748314101457,18.073469005762078
1005,False,0,0.031441264202589365,18.073469005762078
1006,True,-1,0.031405086938763586,18.074088216522647
1007,False,1,0.03136895130158518,18.074498904563022
1008,True,1,0.03133285724315727,18.08229816289015
1009,False,-1,0.0312968047156381,18.08371840605145
1010,True,-1,0.03126079367124096,18.084139265931835
1011,False,-1,0.031224824062234122,18.084865281012497
1012,True,1,0.03118889584094078,18.08501913009264
1013,False,-1,0.031153008959738986,18.0892442581365
1014,True,1,0.031117163371061587,18.096674787263293
1015,False,-1,0.031081359027396165,18.099178331385584
1016,True,0,0.031045595881284967,18.099178331385584
1017,False,-1,0.031009873885324852,18.11834970684311
1018,True,1,0.030974192992167214,18.11878836744351
1019,False,-1,0.030938553154517937,18.12283548828721
1020,True,1,0.030902954325137316,18.122852017527222
1021,False,-1,0.030867396456840005,18.123457242007778
1022,True,1,0.03083187950249495,18.123457242007778
1023,False,-1,0.03079640341502533,18.12560350024974
1024,True,1,0.030760968147408488,18.13217069445574
1025,False,-1,0.030725573652675874,18.133432002616896
1026,True,-1,0.030690219883912982,18.13687262750004
1027,False,-1,0.030654906794259286,18.1374854808606
1028,True,1,0.03061963433690818,18.142923600825572
1029,False,-1,0.03058440246510692,18.1430621921457
1030,True,1,0.030549211132156542,18.14324909970587
1031,False,0,0.03051406029141183,18.14324909970587
1032,True,-1,0.03047894989628124,18.14517157746763
1033,False,-1,0.030443879900226824,18.147260619109538
1034,True,-1,0.030408850256764198,18.147476770709734
1035,False,-1,0.030373860919462453,18.14795484719017
1036,True,-1,0.03033891184194411,18.149511138711595
1037,False,-1,0.03030400297788505,18.151700627273595
1038,True,-1,0.03026913428101446,18.152343996154183
1039,False,1,0.030234305705114765,18.152680938354493
1040,True,1,0.030199517204021566,18.1526885672345
1041,False,-1,0.03016476873162359,18.153077640114855
1042,True,-1,0.030130060241862617,18.153260733235022
1043,False,1,0.03009539168873342,18.153788397435505
1044,True,0,0.030060763026283712,18.153788397435505
1045,False,0,0.030026174208614077,18.153788397435505
1046,True,0,0.029991625189877913,18.153788397435505
1047,False,-1,0.02995711592428137,18.15435420603602
1048,True,-1,0.029922646366083293,18.15450296919616
1049,False,-1,0.029888216469595153,18.15532561675691
1050,True,1,0.029853826189180997,18.159836827801033
1051,False,-1,0.02981947547925738,18.16015088336132
1052,True,0,0.029785164294293297,18.16015088336132
1053,False,0,0.02975089258881015,18.16015088336132
1054,True,1,0.02971666031738166,18.160163598161333
1055,False,-1,0.02968246743463382,18.16063150280176
1056,True,1,0.029648313895244825,18.164278107445096
1057,False,-1,0.029614199653945027,18.183733022942878
1058,True,-1,0.02958012466551686,18.18757416402639
1059,False,0,0.02954608888479479,18.18757416402639
1060,True,1,0.029512092266665256,18.188267120627025
1061,False,-1,0.0294781347660666,18.188560832507292
1062,True,0,0.02944421633798901,18.188560832507292
1063,False,0,0.029410336937474475,18.188560832507292
1064,True,1,0.029376496519616706,18.189691178228326
1065,False,-1,0.029342695039561086,18.2088066085658
1066,True,-1,0.029308932452504606,18.208990973165967
1067,False,-1,0.029275208713695815,18.21006410228695
1068,True,0,0.029241523778434753,18.21006410228695
1069,False,-1,0.029207877602072888,18.211600050128354
1070,True,-1,0.029174270140013066,18.21193572084866
1071,False,-1,0.02914070134770945,18.215180537811626
1072,True,1,0.02910717118066745,18.215756518252153
1073,False,-1,0.029073679594443687,18.216422773772763
1074,True,0,0.029040226544645904,18.216422773772763
1075,False,-1,0.029006811986932935,18.218481299894645
1076,True,1,0.02897343587701463,18.224422925940075
1077,False,1,0.0289400981706518,18.22524938794083
1078,True,-1,0.028906798823656155,18.225526570581085
1079,False,-1,0.02887353779189026,18.225745265141285
1080,True,-1,0.028840315031267456,18.22597158858149
1081,False,0,0.02880713049775182,18.22597158858149
1082,True,1,0.028773984147358087,18.22909561494435
1083,False,-1,0.028740875936151614,18.230149671865313
1084,True,0,0.028707805820248303,18.230149671865313
1085,False,-1,0.028674773755814554,18.23783958291234
1086,True,-1,0.028641779699067203,18.239397145913767
1087,False,-1,0.02860882360627346,18.240099002874405
1088,True,1,0.028575905433750864,18.242241446676367
1089,False,-1,0.028543025137867207,18.243108596037157
1090,True,-1,0.028510182675040487,18.244699217518612
1091,False,-1,0.028477378001738857,18.24520908099908
1092,True,1,0.028444611074480552,18.245223067279092
1093,False,-1,0.02841188184983384,18.245402345959256
1094,True,1,0.028379190284416957,18.245402345959256
1095,False,-1,0.028346536334898066,18.245554923559393
1096,True,1,0.028313919957995183,18.246104202919895
1097,False,-1,0.02828134111047613,18.246231350920013
1098,True,1,0.028248799749158466,18.248816269762376
1099,False,-1,0.02821629583090944,18.248911630762464
1100,True,-1,0.028183829312645934,18.252133561085408
1101,False,-1,0.028151400151334396,18.252399300405653
1102,True,1,0.0281190083039908,18.252405657805657
1103,False,0,0.028086653727680568,18.252405657805657
1104,True,1,0.02805433637951853,18.252592565365827
1105,False,-1,0.02802205621666886,18.2526713971259
1106,True,1,0.02798981319634502,18.25789209401067
1107,False,-1,0.0279576072758097,18.259578076492215
1108,True,1,0.027925438412374774,18.260363851132933
1109,False,1,0.02789330656340122,18.262587669654966
1110,True,-1,0.027861211686299094,18.265826129217924
1111,False,-1,0.027829153738527446,18.265899875057993
1112,True,1,0.027797132677594278,18.270002941021744
1113,False,-1,0.027765148461056485,18.27108242754273
1114,True,0,0.027733201046519797,18.27108242754273
1115,False,-1,0.027701290391638725,18.271144730062787
1116,True,1,0.027669416454116507,18.275986525907214
1117,False,0,0.027637579191705043,18.275986525907214
1118,True,-1,0.02760577856220485,18.27649766086768
1119,False,-1,0.027574014523464998,18.277992921349046
1120,True,1,0.027542287033383055,18.285142453395583
1121,False,-1,0.02751059604990504,18.287811289918025
1122,True,1,0.02747894153102536,18.288588164198735
1123,False,-1,0.027447323434786744,18.28943751283951
1124,True,-1,0.027415741719280212,18.305219122613938
1125,False,0,0.027384196342645,18.305219122613938
1126,True,1,0.02735268726306851,18.305235651853952
1127,False,-1,0.02732121443878625,18.30533228433404
1128,True,1,0.027289777828081795,18.30533228433404
1129,False,1,0.02725837738928671,18.306416856775034
1130,True,1,0.027227013080780512,18.308575829817006
1131,False,-1,0.0271956848609906,18.308597444977025
1132,True,1,0.027164392688392214,18.316315328584082
1133,False,0,0.02713313652150837,18.316315328584082
1134,True,1,0.027101916318909812,18.316331857824096
1135,False,1,0.027070732039214954,18.31663319858437
1136,True,1,0.027039583641089823,18.31663319858437
1137,False,0,0.027008471083248,18.31663319858437
1138,True,1,0.026977394324450586,18.320849426268225
1139,False,-1,0.02694635332350612,18.322291284589543
1140,True,-1,0.02691534803927054,18.32248327806972
1141,False,-1,0.02688437843064713,18.322499807309736
1142,True,1,0.026853444456586457,18.32276936106998
1143,False,-1,0.02682254607608632,18.32277953290999
1144,True,1,0.0267916832481917,18.322907952390107
1145,False,-1,0.0267608559319947,18.324131116151225
1146,True,1,0.026730064086634493,18.32413365911123
1147,False,-1,0.02669930767129727,18.324140016511233
1148,True,-1,0.026668586645216177,18.324372697351446
1149,False,-1,0.026637900967671276,18.32540386763239
1150,True,1,0.026607250597989476,18.32621380039313
1151,False,-1,0.02657663549554449,18.327087307153928
1152,True,1,0.026546055619756773,18.33148535647795
1153,False,-1,0.026515510930093474,18.331545116038004
1154,True,1,0.026485001386068383,18.33334807467965
1155,False,1,0.02645452694724187,18.335143404441293
1156,True,0,0.02642408757322084,18.335143404441293
1157,False,-1,0.026393683223658673,18.336305537162357
1158,True,1,0.02636331385825517,18.337484199123434
1159,False,0,0.026332979436756512,18.337484199123434
1160,True,1,0.02630267991895519,18.337489285043436
1161,False,1,0.026272415264689958,18.339116779444925
1162,True,-1,0.026242185433845787,18.339260456685057
1163,False,-1,0.026211990386353797,18.339804650125554
1164,True,1,0.026181830082191222,18.34366486340908
1165,False,-1,0.02615170448138134,18.343700464849114
1166,True,-1,0.02612161354399343,18.343742423689154
1167,False,-1,0.026091557230142715,18.34381489804922
1168,True,1,0.026061535499990317,18.34458160048992
1169,False,1,0.02603154831374319,18.345439849490706
1170,True,0,0.02600159563165408,18.345439849490706
1171,False,-1,0.02597167741402146,18.345517409770775
1172,True,0,0.0259417936211895,18.345517409770775
1173,False,-1,0.02591194421354798,18.345540296410796
1174,True,0,0.025882129151532273,18.345540296410796
1175,False,-1,0.025852348395623264,18.345594970050847
1176,True,-1,0.025822601906347317,18.346674456571833
1177,False,-1,0.025792889644276215,18.346682085451842
1178,True,1,0.025763211570027107,18.349977761614852
1179,False,1,0.025733567644262455,18.35149336577624
1180,True,1,0.02570395782768999,18.35733454490158
1181,False,0,0.025674382081062645,18.35733454490158
1182,True,-1,0.02564484036517852,18.3589963692631
1183,False,-1,0.02561533264088082,18.35977451502381
1184,True,1,0.025585858869057804,18.361267232545174
1185,False,-1,0.02555641901064273,18.363413490787135
1186,True,0,0.025527013026613813,18.363413490787135
1187,False,1,0.02549764087799417,18.36362455646733
1188,True,1,0.025468302525851756,18.368624015831898
1189,False,-1,0.02543899793129933,18.36936783163258
1190,True,-1,0.025409727055494394,18.36987133771304
1191,False,1,0.025380489859639144,18.37327636115615
1192,True,1,0.025351286304980417,18.373290347436164
1193,False,-1,0.02532211635280964,18.373915915596736
1194,True,1,0.025292979964462784,18.378158844360616
1195,False,-1,0.0252638771013203,18.379649018921977
1196,True,0,0.025234807724807084,18.379649018921977
1197,False,-1,0.02520577179639241,18.380902698203123
1198,True,1,0.02517676927758989,18.380907784123128
1199,False,-1,0.02514780012995742,18.38179400568394
1200,True,1,0.025118864315097134,18.38179400568394
1201,False,-1,0.025089961794655335,18.381814349363957
1202,True,1,0.02506109253032247,18.38416785884611
1203,False,1,0.025032256483833056,18.384292463886222
1204,True,1,0.025003453616965644,18.384296278326225
1205,False,-1,0.024974683891542764,18.384823942526708
1206,True,1,0.024945947269430876,18.38606109256784
1207,False,-1,0.024917243712540314,18.386699375528423
1208,True,1,0.024888573182825238,18.387556353049206
1209,False,1,0.02485993564228359,18.387652985529297
1210,True,-1,0.024831331052957033,18.387674600689316
1211,False,-1,0.024802759376930907,18.388799860490344
1212,True,1,0.02477422057633418,18.388802403450345
1213,False,-1,0.0247457146133394,18.38933261061083
1214,True,0,0.024717241450162627,18.38933261061083
1215,False,-1,0.02468880104906341,18.39551073193648
1216,True,1,0.024660393372344713,18.39551073193648
1217,False,-1,0.024632018382352884,18.3955348900565
1218,True,-1,0.024603676041477594,18.395548876336512
1219,False,-1,0.02457536631215178,18.39645544157734
1220,True,1,0.024547089156851623,18.397498055178296
1221,False,-1,0.02451884453809646,18.397508227018303
1222,True,1,0.02449063241844877,18.397510769978307
1223,False,1,0.024462452760514102,18.39765444721844
1224,True,-1,0.024434305526941032,18.398067678218816
1225,False,-1,0.024406190680421117,18.39807276413882
1226,True,1,0.024378108183688837,18.398788607379476
1227,False,-1,0.024350057999521557,18.398854724339536
1228,True,-1,0.024322040090739464,18.403777894904035
1229,False,-1,0.024294054420205533,18.403818582264073
1230,True,1,0.024266100950825466,18.404278858024494
1231,False,-1,0.024238179645547645,18.40437549050458
1232,True,1,0.02421029046736309,18.40497817202513
1233,False,-1,0.024182433379305403,18.40659549458661
1234,True,-1,0.024154608344450712,18.41027007178997
1235,False,0,0.024126815325917643,18.41027007178997
1236,True,0,0.024099054286867254,18.41027007178997
1237,False,-1,0.02407132519050299,18.410722718670385
1238,True,1,0.024043628000070635,18.414026023713404
1239,False,-1,0.02401596267885827,18.41404382443342
1240,True,1,0.023988329190196205,18.414047638873424
1241,False,-1,0.023960727497456955,18.414416368073763
1242,True,-1,0.023933157564055174,18.414603275633933
1243,False,-1,0.023905619353447614,18.41532420479459
1244,True,-1,0.023878112829133075,18.415362349194627
1245,False,-1,0.023850637954652355,18.415671318834907
1246,True,1,0.0238231946935882,18.41655881187572
1247,False,0,0.023795783009565266,18.41655881187572
1248,True,1,0.023768402866250062,18.41656135483572
1249,False,0,0.0237410542273509,18.41656135483572
1250,True,1,0.023713737056617848,18.41935861083828
1251,False,1,0.023686451317842694,18.419431085198344
1252,True,0,0.023659196974858878,18.419431085198344
1253,False,-1,0.02363197399154146,18.41974386927863
1254,True,1,0.023604782331807066,18.420130399198985
1255,False,0,0.023577621959613836,18.420130399198985
1256,True,1,0.02355049283896139,18.420878029439667
1257,False,1,0.02352339493389076,18.422318616280986
1258,True,1,0.023496328208484362,18.422831022721454
1259,False,-1,0.02346929262686594,18.423047174321653
1260,True,1,0.02344228815320051,18.423675285442226
1261,False,-1,0.023415314751694328,18.42374521684229
1262,True,-1,0.023388372386594834,18.42374521684229
1263,False,-1,0.023361461022190607,18.42433899800283
1264,True,1,0.023334580622811314,18.424344083922836
1265,False,-1,0.023307731152827662,18.424352984282844
1266,True,1,0.023280912576651363,18.424778930083235
1267,False,1,0.023254124858735074,18.425602849123987
1268,True,1,0.023227367963572353,18.426115255564454
1269,False,-1,0.02320064185569761,18.426543744324846
1270,True,1,0.02317394649968607,18.42654883024485
1271,False,1,0.02314728186015371,18.426606046844903
1272,True,-1,0.02312064790175723,18.426753538525038
1273,False,-1,0.02309404458919399,18.42708285184534
1274,True,1,0.023067471887201974,18.42708285184534
1275,False,1,0.02304092976055974,18.42718202728543
1276,True,1,0.023014418174086365,18.427539313165756
1277,False,-1,0.02298793709264142,18.42754185612576
1278,True,1,0.022961486481124897,18.42767281856588
1279,False,-1,0.022935066304477184,18.427675361525882
1280,True,1,0.022908676527679004,18.42800213188618
1281,False,-1,0.02288231711575138,18.42836068924651
1282,True,1,0.022855988033755575,18.428468765046606
1283,False,-1,0.02282968924679306,18.429835606047856
1284,True,1,0.022803420720005456,18.42983687752786
1285,False,1,0.022777182418574498,18.432009836849844
1286,True,1,0.02275097430772198,18.433444066291155
1287,False,-1,0.022724796352709718,18.43344788073116
1288,True,0,0.022698648518839494,18.43344788073116
1289,False,-1,0.022672530771453016,18.43344788073116
1290,True,1,0.02264644307593187,18.43353815581124
1291,False,-1,0.02262038539769748,18.434274342731914
1292,True,1,0.02259435770221105,18.434524824292144
1293,False,-1,0.02256835995497353,18.43630235333377
1294,True,-1,0.022542392121525565,18.436306167773772
1295,False,-1,0.02251645416744745,18.437502630454865
1296,True,1,0.02249054605835908,18.437505173414866
1297,False,-1,0.02246466775991992,18.438378680175667
1298,True,1,0.022438819237828932,18.438449883055732
1299,False,-1,0.022413000457824562,18.439929885777083
1300,True,-1,0.022387211385684665,18.439934971697088
1301,False,-1,0.022361451987226482,18.440552910977654
1302,True,1,0.022335722228306584,18.440552910977654
1303,False,1,0.022310022074820825,18.441715043698718
1304,True,1,0.022284351492704305,18.442161333179126
1305,False,-1,0.022258710447931315,18.44216769057913
1306,True,-1,0.0222330989065153,18.44216896205913
1307,False,-1,0.02220751683450881,18.442929307099828
1308,True,1,0.022181964198003456,18.442930578579826
1309,False,-1,0.022156440963129867,18.44294329337984
1310,True,1,0.022130947096057643,18.442985252219877
1311,False,-1,0.022105482562995306,18.44299669553989
1312,True,1,0.022080047330190263,18.443202675300075
1313,False,-1,0.02205464136392876,18.443504016060352
1314,True,0,0.022029264630535825,18.443504016060352
1315,False,-1,0.022003917096375246,18.443504016060352
1316,True,0,0.02197859872784951,18.443504016060352
1317,False,-1,0.021953309491399755,18.444195701180984
1318,True,1,0.021928049353505744,18.445518040382193
1319,False,1,0.021902818280685802,18.447272682783797
1320,True,0,0.021877616239496783,18.447272682783797
1321,False,-1,0.021852443196534014,18.447275225743798
1322,True,0,0.02182729911843127,18.447275225743798
1323,False,-1,0.02180218397186071,18.447880450224353
1324,True,-1,0.02177709772353284,18.448471688424892
1325,False,-1,0.02175204034019648,18.44947107170581
1326,True,1,0.021727011788638697,18.449852515706155
1327,False,1,0.021702012035684785,18.449885574186187
1328,True,1,0.0216770410481982,18.449890660106192
1329,False,0,0.021652098793080533,18.449890660106192
1330,True,-1,0.021627185237271456,18.449917361186216
1331,False,-1,0.021602300347748682,18.450759080946984
1332,True,1,0.02157744409152792,18.450837912707055
1333,False,-1,0.02155261643566283,18.4515423126277
1334,True,1,0.021527817347244984,18.452912968068954
1335,False,-1,0.02150304679340382,18.45414376071008
1336,True,1,0.021478304741306593,18.45655321531228
1337,False,-1,0.02145359115815834,18.457583114113223
1338,True,-1,0.02142890601120184,18.457594557433232
1339,False,1,0.021404249267717546,18.458474421594037
1340,True,1,0.021379620895023575,18.458791020114326
1341,False,1,0.021355020860475638,18.460211263275625
1342,True,1,0.021330449131467016,18.462374050757603
1343,False,0,0.021305905675428505,18.462374050757603
1344,True,0,0.02128139045982837,18.462374050757603
1345,False,-1,0.02125690345217232,18.462377865197606
1346,True,1,0.021232444620003444,18.462637247117843
1347,False,-1,0.02120801393090218,18.462637247117843
1348,True,1,0.021183611352486267,18.46264233303785
1349,False,-1,0.021159236852410706,18.46264233303785
1350,True,-1,0.021134890398367714,18.462979275238155
1351,False,1,0.021110571958086684,18.463642987798764
1352,True,1,0.02108628149933414,18.463955771879046
1353,False,-1,0.02106201898991369,18.464463092399512
1354,True,-1,0.021037784397665998,18.464544467119588
1355,False,-1,0.021013577690468722,18.465411616480377
1356,True,-1,0.020989398836236486,18.465691342080635
1357,False,-1,0.02096524780292083,18.465901136280827
1358,True,1,0.02094112455851017,18.465957081400877
1359,False,1,0.02091702907102976,18.465988868400906
1360,True,-1,0.020892961308541638,18.465988868400906
1361,False,-1,0.020868921239144595,18.46599013988091
1362,True,-1,0.02084490883097413,18.466006669120922
1363,False,0,0.0208209240522024,18.466006669120922
1364,True,0,0.020796966871038193,18.466006669120922
1365,False,-1,0.02077303725572687,18.46625715068115
1366,True,-1,0.020749135174550334,18.46625715068115
1367,False,1,0.02072526059582698,18.466274951401168
1368,True,-1,0.020701413487911657,18.466360140561246
1369,False,1,0.02067759381919563,18.466876361441717
1370,True,1,0.02065380155810653,18.46702131016185
1371,False,-1,0.020630036673108317,18.467228561402038
1372,True,1,0.020606299132701237,18.467231104362043
1373,False,-1,0.020582588905421785,18.4679507620427
1374,True,0,0.020558905959842652,18.4679507620427
1375,False,1,0.020535250264572695,18.46903406300369
1376,True,1,0.020511621788256888,18.46907729332373
1377,False,-1,0.020488020499576286,18.469650730804254
1378,True,-1,0.020464446367247976,18.469663445604265
1379,False,-1,0.020440899360025043,18.469838909844427
1380,True,1,0.020417379446696526,18.471664755126096
1381,False,1,0.020393886596087377,18.471676198446104
1382,True,1,0.020370420777058414,18.47178936016621
1383,False,-1,0.020346981958506292,18.47179063164621
1384,True,-1,0.020323570109363448,18.47179063164621
1385,False,-1,0.02030018519859807,18.472385684286753
1386,True,-1,0.02027682719521405,18.47244925828681
1387,False,-1,0.02025349606825095,18.472594207006946
1388,True,1,0.020230191786783945,18.47271881204706
1389,False,1,0.020206914319923806,18.473634277647896
1390,True,1,0.020183663636816836,18.47517912584931
1391,False,-1,0.02016043970664485,18.475677546009763
1392,True,1,0.02013724249862511,18.47588988316996
1393,False,-1,0.020114071982010307,18.475891154649958
1394,True,1,0.02009092812608851,18.475893697609962
1395,False,-1,0.020067810900183117,18.477461432451395
1396,True,1,0.02004472027365284,18.47747923317141
1397,False,0,0.02002165621589163,18.47747923317141
1398,True,1,0.019998618696328668,18.47747923317141
1399,False,-1,0.0199756076844283,18.47764071113156
1400,True,-1,0.01995262314969002,18.4783425680922
1401,False,-1,0.019929665061648404,18.478941435172747
1402,True,0,0.019906733389873088,18.478941435172747
1403,False,-1,0.019883828103968725,18.479062225772857
1404,True,1,0.019860949173574935,18.479062225772857
1405,False,-1,0.019838096568366277,18.48004635129376
1406,True,1,0.0198152702580522,18.480095939013804
1407,False,-1,0.01979247021237701,18.48010356789381
1408,True,0,0.019769696401119825,18.48010356789381
1409,False,1,0.01974694879409453,18.481389034174985
1410,True,-1,0.019724227361149753,18.481390305654987
1411,False,0,0.019701532072168806,18.481390305654987
1412,True,0,0.019678862897069663,18.481390305654987
1413,False,-1,0.0196562198058049,18.481390305654987
1414,True,1,0.01963360276836168,18.481430993015024
1415,False,-1,0.01961101175476169,18.481528896975114
1416,True,1,0.019588446735061108,18.481621715015198
1417,False,-1,0.01956590767935058,18.481747591535314
1418,True,1,0.019543394557755157,18.48208199077562
1419,False,-1,0.01952090734043426,18.482501579176002
1420,True,0,0.019498445997581663,18.482501579176002
1421,False,-1,0.019476010499425416,18.482977112696435
1422,True,0,0.019453600816227837,18.482977112696435
1423,False,-1,0.01943121691828546,18.483085188496535
1424,True,1,0.019408858775928992,18.483251752376688
1425,False,1,0.019386526359523284,18.483259381256694
1426,True,1,0.019364219639467283,18.4832619242167
1427,False,1,0.019341938586193996,18.483578522736988
1428,True,1,0.01931968317017045,18.483578522736988
1429,False,-1,0.01929745336189766,18.484020997777392
1430,True,1,0.01927524913191057,18.484071856977437
1431,False,-1,0.01925307045077804,18.484569005657892
1432,True,1,0.01923091728910279,18.484570277137895
1433,False,1,0.019208789617521368,18.485625605538857
1434,True,1,0.019186687406704102,18.486933958460053
1435,False,-1,0.01916461062735507,18.486933958460053
1436,True,-1,0.019142559250212063,18.486945401780066
1437,False,-1,0.01912053324604654,18.487353546860437
1438,True,-1,0.019098532585663585,18.487361175740446
1439,False,-1,0.019076557239901884,18.487363718700447
1440,True,1,0.019054607179633674,18.487366261660448
1441,False,1,0.019032682375764703,18.487370076100454
1442,True,1,0.0190107827992342,18.487445093420522
1443,False,-1,0.018988908421014833,18.487464165620537
1444,True,0,0.018967059212112662,18.487464165620537
1445,False,1,0.018945235143567118,18.487708289780763
1446,True,0,0.01892343618645095,18.487708289780763
1447,False,1,0.018901662311870196,18.487911726580947
1448,True,-1,0.018879913490964132,18.487911726580947
1449,False,1,0.01885818969490525,18.488084647861104
1450,True,0,0.018836490894899204,18.488084647861104
1451,False,-1,0.018814817062184786,18.488084647861104
1452,True,1,0.01879316816803388,18.488219424741228
1453,False,1,0.01877154418375143,18.488219424741228
1454,True,1,0.018749945080675384,18.48822069622123
1455,False,-1,0.018728370830176682,18.488640284621614
1456,True,0,0.018706821403659202,18.488640284621614
1457,False,1,0.018685296772559725,18.48881066294177
1458,True,0,0.018663796908347897,18.48881066294177
1459,False,1,0.01864232178252619,18.489845647662715
1460,True,-1,0.01862087136662987,18.489845647662715
1461,False,-1,0.018599445632226954,18.490196576143035
1462,True,1,0.018578044550918178,18.49029829454313
1463,False,1,0.018556668094336946,18.490444514743263
1464,True,1,0.018535316234149307,18.490445786223265
1465,False,-1,0.018513988942053913,18.490447057703264
1466,True,-1,0.018492686189781976,18.490447057703264
1467,False,0,0.018471407949097237,18.490447057703264
1468,True,1,0.01845015419179593,18.490447057703264
1469,False,-1,0.018428924889706735,18.49052843242334
1470,True,1,0.01840772001469075,18.49108406918385
1471,False,1,0.01838653953864145,18.49120740274396
1472,True,1,0.018365383433484653,18.49120740274396
1473,False,-1,0.018344251671178476,18.49129513486404
1474,True,1,0.018323144223713304,18.49129513486404
1475,False,-1,0.01830206106311175,18.49129513486404
1476,True,1,0.018281002161428615,18.49137015218411
1477,False,-1,0.018259967490750862,18.49218008494485
1478,True,1,0.018238957023197565,18.49319599746578
1479,False,-1,0.018217970730919884,18.49319854042578
1480,True,-1,0.01819700858610102,18.493203626345785
1481,False,-1,0.018176070560956176,18.493499881186057
1482,True,-1,0.018155156627732538,18.49434668686683
1483,False,0,0.018134266758709213,18.49434668686683
1484,True,1,0.018113400926197207,18.494403903466882
1485,False,-1,0.01809255910253939,18.494495450026967
1486,True,1,0.018071741260110453,18.49535369902775
1487,False,-1,0.01805094737131687,18.495356241987754
1488,True,-1,0.01803017740859687,18.495393114907788
1489,False,-1,0.018009431344420394,18.495728785628092
1490,True,1,0.01798870915128906,18.496068270788403
1491,False,1,0.01796801080173612,18.496070813748407
1492,True,-1,0.017947336268326446,18.496094971868427
1493,False,-1,0.01792668552365646,18.496156002908485
1494,True,1,0.017906058540354125,18.49619541878852
1495,False,1,0.017885455291078895,18.49619541878852
1496,True,1,0.017864875748521688,18.496223391348547
1497,False,1,0.01784431988540484,18.496223391348547
1498,True,-1,0.017823787674482075,18.496242463548562
1499,False,-1,0.017803279088538466,18.496243735028564
1500,True,1,0.017782794100390405,18.496243735028564
1501,False,1,0.01776233268288556,18.496344181948658
1502,True,-1,0.017741894808902835,18.496344181948658
1503,False,-1,0.01772148045135235,18.496344181948658
1504,True,1,0.017701089583175386,18.496625179028914
1505,False,-1,0.01768072217734437,18.497313049709543
1506,True,1,0.01766037820686282,18.497395695909617
1507,False,1,0.017640057644765315,18.49784961427003
1508,True,1,0.017619760464117465,18.497872500910052
1509,False,1,0.017599486638015874,18.49794624675012
1510,True,1,0.017579236139588096,18.49797676227015
1511,False,-1,0.017559008941992613,18.49822978679038
1512,True,1,0.01753880501841878,18.49826538823041
1513,False,-1,0.017518624342086814,18.49832896223047
1514,True,1,0.017498466886247736,18.498959616311048
1515,False,1,0.01747833262418335,18.49896088779105
1516,True,1,0.017458221529206203,18.49948982347153
1517,False,1,0.017438133574659547,18.500218381512198
1518,True,1,0.017418068733917307,18.50024381111222
1519,False,-1,0.017398026980384042,18.500245082592222
1520,True,1,0.017378008287494917,18.500246354072225
1521,False,-1,0.017358012628715662,18.500247625552223
1522,True,1,0.01733803997754254,18.50026542627224
1523,False,-1,0.017318090307502303,18.500540065952492
1524,True,1,0.017298163592152173,18.500540065952492
1525,False,1,0.01727825980507979,18.50210017191392
1526,True,1,0.017258378919903193,18.50210271487392
1527,False,-1,0.01723852091027077,18.50210271487392
1528,True,1,0.017218685749861226,18.502133230393948
1529,False,1,0.017198873412383565,18.50213450187395
1530,True,-1,0.017179083871577034,18.50214594519396
1531,False,1,0.0171593171012111,18.50214594519396
1532,True,1,0.017139573075085405,18.50216883183398
1533,False,1,0.017119851767029747,18.502786771114547
1534,True,0,0.01710015315090403,18.502786771114547
1535,False,1,0.017080477200598233,18.502832544394586
1536,True,1,0.017060823890032387,18.502833815874588
1537,False,-1,0.017041193193156525,18.502870688794623
1538,True,-1,0.017021585083950658,18.502870688794623
1539,False,-1,0.017001999536424728,18.50309701223483
1540,True,1,0.01698243652461859,18.503112269994844
1541,False,1,0.016962896022601974,18.503384366715093
1542,True,1,0.016943378004474433,18.503825570275495
1543,False,1,0.016923882444365327,18.503861171715528
1544,True,0,0.016904409316433788,18.503861171715528
1545,False,1,0.016884958594868677,18.503861171715528
1546,True,1,0.016865530253888556,18.50387770095554
1547,False,-1,0.016846124267741652,18.503904402035566
1548,True,-1,0.01682674061070582,18.50413708287578
1549,False,-1,0.01680737925708851,18.504327804875956
1550,True,1,0.016788040181226746,18.50444350955606
1551,False,1,0.016768723357487067,18.5049215860365
1552,True,1,0.016749428760265514,18.50518732535674
1553,False,1,0.01673015636398759,18.50518732535674
1554,True,0,0.016710906143108217,18.50518732535674
1555,False,-1,0.016691678072111717,18.50539457659693
1556,True,1,0.01667247212551177,18.50540347695694
1557,False,1,0.016653288277851376,18.505594198957112
1558,True,-1,0.016634126503702835,18.505596741917113
1559,False,0,0.0166149867776677,18.505596741917113
1560,True,1,0.016595869074376747,18.50560564227712
1561,False,-1,0.016576773368489946,18.50560564227712
1562,True,-1,0.016557699634696423,18.5057989072373
1563,False,-1,0.016538647847714423,18.505966742597455
1564,True,1,0.01651961798229129,18.505968014077453
1565,False,-1,0.016500610013203416,18.506034131037513
1566,True,-1,0.016481623915256222,18.506034131037513
1567,False,1,0.016462659663284113,18.506034131037513
1568,True,-1,0.016443717232150455,18.507525577078876
1569,False,-1,0.016424796596747535,18.507684512079024
1570,True,-1,0.016405897731996532,18.507690869479028
1571,False,-1,0.016387020612847476,18.508087571239393
1572,True,1,0.016368165214279223,18.5080977430794
1573,False,-1,0.016349331511299425,18.508099014559402
1574,True,1,0.01633051947894448,18.508115543799416
1575,False,-1,0.016311729092279518,18.508471558199744
1576,True,1,0.01629296032639836,18.508475372639747
1577,False,0,0.016274213156423478,18.508475372639747
1578,True,1,0.016255487557505974,18.50874238343999
1579,False,1,0.016236783504825544,18.50874238343999
1580,True,1,0.016218100973590433,18.509084411560302
1581,False,1,0.016199439939037427,18.50946204112065
1582,True,1,0.01618080037643179,18.509470941480657
1583,False,1,0.01616218226106726,18.509492556640676
1584,True,1,0.016143585568265992,18.50949382812068
1585,False,1,0.016125010273378544,18.509631147960803
1586,True,1,0.016106456351783833,18.50991468800106
1587,False,-1,0.016087923778889103,18.50991468800106
1588,True,1,0.0160694125301299,18.509970633121114
1589,False,-1,0.01605092258097003,18.509971904601116
1590,True,-1,0.01603245390690154,18.509971904601116
1591,False,-1,0.016014006483444664,18.510106681481236
1592,True,1,0.015995580286147813,18.51011049592124
1593,False,0,0.015977175290587526,18.51011049592124
1594,True,-1,0.01595879147236845,18.51011176740124
1595,False,-1,0.0159404288071233,18.51011176740124
1596,True,1,0.015922087270512822,18.51033046196144
1597,False,0,0.01590376683822578,18.51033046196144
1598,True,-1,0.015885467485978907,18.51051228360161
1599,False,-1,0.01586718918951687,18.510532627281627
1600,True,1,0.015848931924612255,18.510532627281627
1601,False,1,0.015830695667065513,18.51062290236171
1602,True,1,0.01581248039270495,18.51062544532171
1603,False,-1,0.01579428607738668,18.51062544532171
1604,True,-1,0.015776112696994603,18.51062544532171
1605,False,-1,0.01575796022744036,18.510748778881826
1606,True,1,0.01573982864466331,18.510748778881826
1607,False,-1,0.015721717924630504,18.51084159692191
1608,True,1,0.015703628043336637,18.511056477042107
1609,False,-1,0.015685558976804032,18.511156923962197
1610,True,1,0.0156675107010826,18.511191253922227
1611,False,1,0.01564948319224981,18.511252284962286
1612,True,0,0.015631476426410648,18.511252284962286
1613,False,0,0.015613490379697609,18.511252284962286
1614,True,1,0.015595525028270642,18.511252284962286
1615,False,1,0.015577580348317127,18.5112713571623
1616,True,1,0.015559656316051848,18.5112713571623
1617,False,-1,0.015541752907716951,18.511350188922375
1618,True,1,0.015523870099581925,18.512191908683143
1619,False,-1,0.015506007867943558,18.512191908683143
1620,True,1,0.015488166189125916,18.512194451643147
1621,False,-1,0.015470345039480304,18.512247853803196
1622,True,1,0.01545254439538524,18.512250396763196
1623,False,1,0.015434764233246422,18.512301255963244
1624,True,0,0.015417004529496695,18.512301255963244
1625,False,-1,0.01539926526059602,18.512302527443246
1626,True,1,0.015381546403031446,18.51246146244339
1627,False,0,0.015363847933317078,18.51246146244339
1628,True,1,0.015346169827994041,18.512462733923392
1629,False,-1,0.015328512063630454,18.512462733923392
1630,True,1,0.015310874616821398,18.5124703628034
1631,False,-1,0.015293257464188885,18.512545380123466
1632,True,-1,0.015275660582381823,18.513256137444117
1633,False,1,0.015258083948075991,18.51327012372413
1634,True,0,0.015240527537974008,18.51327012372413
1635,False,-1,0.015222991328805294,18.513271395204132
1636,True,1,0.015205475297326049,18.513271395204132
1637,False,-1,0.015187979420319218,18.51328919592415
1638,True,1,0.015170503674594459,18.51328919592415
1639,False,-1,0.015153048036988111,18.513298096284156
1640,True,1,0.01513561248436317,18.513300639244157
1641,False,0,0.015118196993609256,18.513300639244157
1642,True,1,0.015100801541642572,18.513514247884352
1643,False,0,0.01508342610540589,18.513514247884352
1644,True,1,0.015066070661868507,18.513514247884352
1645,False,-1,0.015048735188026224,18.513814317164627
1646,True,1,0.015031419660901308,18.51381558864463
1647,False,-1,0.01501412405754247,18.5141105720049
1648,True,-1,0.01499684835502482,18.514111843484898
1649,False,-1,0.014979592530449856,18.5141131149649
1650,True,1,0.014962356560945418,18.5141131149649
1651,False,-1,0.014945140423665666,18.514114386444902
1652,True,1,0.014927944095791046,18.514114386444902
1653,False,1,0.014910767554528258,18.51412455828491
1654,True,1,0.014893610777110235,18.51412455828491
1655,False,-1,0.014876473740796103,18.514129644204914
1656,True,0,0.014859356422871152,18.514129644204914
1657,False,-1,0.014842258800646812,18.514129644204914
1658,True,-1,0.014825180851460618,18.51413473012492
1659,False,-1,0.014808122552676179,18.52003312585031
1660,True,1,0.014791083881683154,18.52003312585031
1661,False,-1,0.014774064815897216,18.520053469530332
1662,True,1,0.014757065332760024,18.520053469530332
1663,False,0,0.014740085409739194,18.520053469530332
1664,True,0,0.014723125024328267,18.520053469530332
1665,False,0,0.014706184154046682,18.520053469530332
1666,True,1,0.014689262776439746,18.520053469530332
1667,False,-1,0.0146723608690786,18.520120857970394
1668,True,-1,0.014655478409560193,18.5201284868504
1669,False,-1,0.014638615375507254,18.520132301290403
1670,True,-1,0.014621771744568258,18.52013993017041
1671,False,-1,0.0146049474944174,18.520701924330922
1672,True,1,0.01458814260275456,18.52072099653094
1673,False,-1,0.014571357047305281,18.52072099653094
1674,True,1,0.014554590805820736,18.520728625410946
1675,False,-1,0.014537843856077693,18.52097402105117
1676,True,1,0.014521116175878496,18.521041409491232
1677,False,-1,0.014504407743051029,18.52110244053129
1678,True,-1,0.014487718535448687,18.521265189971437
1679,False,-1,0.01447104853095035,18.521309691771478
1680,True,1,0.014454397707460346,18.52131096325148
1681,False,0,0.014437766042908431,18.52131096325148
1682,True,1,0.014421153515249757,18.52131096325148
1683,False,-1,0.014404560102464837,18.521312234731482
1684,True,1,0.014387985782559523,18.521324949531493
1685,False,-1,0.014371430533564974,18.521324949531493
1686,True,1,0.014354894333537628,18.521445740131604
1687,False,-1,0.014338377160559168,18.52147625565163
1688,True,-1,0.0143218789927365,18.521492784891645
1689,False,1,0.014305399808201722,18.521492784891645
1690,True,1,0.014288939585112093,18.52149787081165
1691,False,-1,0.014272498301650002,18.52149787081165
1692,True,1,0.014256075936022945,18.52149787081165
1693,False,0,0.014239672466463491,18.52149787081165
1694,True,1,0.014223287871229258,18.52149787081165
1695,False,0,0.01420692212860288,18.52149787081165
1696,True,1,0.01419057521689198,18.52149787081165
1697,False,-1,0.01417424711442914,18.52154110113169
1698,True,1,0.014157937799571875,18.52154110113169
1699,False,-1,0.014141647250702598,18.52154110113169
1700,True,1,0.0141253754462286,18.52164027657178
1701,False,-1,0.014109122364582017,18.52164027657178
1702,True,1,0.014092887984219803,18.52164027657178
1703,False,-1,0.014076672283623694,18.521686049851823
1704,True,1,0.014060475241300193,18.522434951572507
1705,False,-1,0.014044296835780528,18.522434951572507
1706,True,1,0.014028137045620634,18.52243622305251
1707,False,0,0.014011995849401116,18.52243622305251
1708,True,0,0.013995873225727231,18.52243622305251
1709,False,-1,0.013979769153228848,18.52246928153254
1710,True,1,0.013963683610560424,18.5226485602127
1711,False,-1,0.013947616576400984,18.5226485602127
1712,True,0,0.013931568029454078,18.5226485602127
1713,False,1,0.013915537948447765,18.52265873205271
1714,True,1,0.01389952631213458,18.522662546492715
1715,False,-1,0.0138835330992915,18.52266508945272
1716,True,-1,0.01386755828871993,18.52266508945272
1717,False,-1,0.013851601859245662,18.522691790532743
1718,True,-1,0.013835663789718854,18.522691790532743
1719,False,1,0.013819744059013997,18.522691790532743
1720,True,1,0.013803842646029891,18.522745192692792
1721,False,1,0.013787959529689617,18.522857082932894
1722,True,1,0.013772094688940507,18.522937186172967
1723,False,1,0.013756248102754115,18.52303000421305
1724,True,1,0.013740419750126192,18.52318258181319
1725,False,1,0.01372460961007666,18.52325887061326
1726,True,0,0.013708817661649575,18.52325887061326
1727,False,-1,0.013693043883913113,18.523462307413446
1728,True,1,0.013677288255959529,18.523462307413446
1729,False,-1,0.013661550756905137,18.523462307413446
1730,True,0,0.013645831365890282,18.523462307413446
1731,False,1,0.013630130062079308,18.52346357889345
1732,True,-1,0.013614446824660535,18.52346485037345
1733,False,-1,0.01359878163284623,18.523482651093467
1734,True,1,0.013583134465872575,18.523482651093467
1735,False,-1,0.01356750530299965,18.523494094413476
1736,True,1,0.013551894123511394,18.523495365893478
1737,False,-1,0.013536300906715584,18.523496637373476
1738,True,1,0.013520725631943805,18.523496637373476
1739,False,0,0.013505168278551426,18.523496637373476
1740,True,1,0.013489628825917569,18.523496637373476
1741,False,-1,0.013474107253445082,18.523496637373476
1742,True,1,0.013458603540560514,18.52350172329348
1743,False,1,0.013443117666714088,18.52350172329348
1744,True,0,0.013427649611379669,18.52350172329348
1745,False,-1,0.013412199354054742,18.523522066973502
1746,True,1,0.01339676687426038,18.52359962725357
1747,False,-1,0.013381352151541225,18.52359962725357
1748,True,1,0.013365955165465451,18.52364412905361
1749,False,-1,0.013350575895624743,18.523975985333916
1750,True,1,0.013335214321634268,18.523975985333916
1751,False,-1,0.013319870423132648,18.523975985333916
1752,True,-1,0.013304544179781936,18.523975985333916
1753,False,-1,0.013289235571267584,18.523975985333916
1754,True,-1,0.013273944577298418,18.523982342733923
1755,False,-1,0.013258671177606615,18.52399251457393
1756,True,1,0.013243415351947669,18.525234750535066
1757,False,-1,0.01322817708010037,18.525234750535066
1758,True,1,0.013212956341866774,18.52523856497507
1759,False,-1,0.013197753117072178,18.52523856497507
1760,True,0,0.013182567385565093,18.52523856497507
1761,False,1,0.013167399127217216,18.525504304295314
1762,True,-1,0.013152248321923405,18.525504304295314
1763,False,-1,0.013137114949601651,18.52554117721535
1764,True,-1,0.013121998990193052,18.52554626313535
1765,False,-1,0.013106900423661787,18.525823445775604
1766,True,1,0.01309181922999509,18.525884476815662
1767,False,0,0.013076755389203219,18.525884476815662
1768,True,1,0.013061708881319434,18.52601543925578
1769,False,-1,0.01304667968639997,18.52646427169619
1770,True,1,0.013031667784524012,18.526465543176194
1771,False,1,0.013016673155793662,18.526465543176194
1772,True,1,0.01300169578033392,18.527180114936847
1773,False,0,0.012986735638292654,18.527180114936847
1774,True,1,0.012971792709840575,18.528330804337898
1775,False,1,0.012956866975171209,18.529468778938938
1776,True,0,0.012941958414500873,18.529468778938938
1777,False,-1,0.012927067008068649,18.529499294458965
1778,True,1,0.012912192736136353,18.52950183741897
1779,False,0,0.012897335578988514,18.52950183741897
1780,True,1,0.012882495516932348,18.52950183741897
1781,False,-1,0.01286767253029773,18.52973324677918
1782,True,-1,0.012852866599437162,18.529866752179302
1783,False,-1,0.012838077704725762,18.529869295139303
1784,True,-1,0.012823305826561222,18.529869295139303
1785,False,1,0.012808550945363793,18.529870566619305
1786,True,1,0.012793813041576252,18.529873109579306
1787,False,-1,0.012779092095663882,18.529873109579306
1788,True,1,0.012764388088114443,18.529876924019312
1789,False,1,0.012749700999438143,18.529932869139362
1790,True,-1,0.01273503081016762,18.529932869139362
1791,False,-1,0.012720377500857909,18.530002800539425
1792,True,-1,0.012705741052086418,18.530002800539425
1793,False,-1,0.012691121444452908,18.530002800539425
1794,True,0,0.012676518658579458,18.530002800539425
1795,False,-1,0.012661932675110444,18.530011700899433
1796,True,-1,0.012647363474712514,18.530011700899433
1797,False,-1,0.012632811038074563,18.530011700899433
1798,True,1,0.012618275345907705,18.530011700899433
1799,False,-1,0.012603756378945249,18.53002060125944
1800,True,1,0.01258925411794267,18.53002060125944
1801,False,1,0.01257476854367759,18.530068917499488
1802,True,0,0.012560299636949747,18.530068917499488
1803,False,1,0.01254584737858097,18.530103247459518
1804,True,0,0.012531411749415156,18.530103247459518
1805,False,1,0.012516992730318246,18.530135034459548
1806,True,-1,0.012502590302178197,18.530135034459548
1807,False,-1,0.012488204445904951,18.530135034459548
1808,True,-1,0.012473835142430424,18.530135034459548
1809,False,-1,0.012459482372708466,18.530135034459548
1810,True,1,0.012445146117714844,18.530135034459548
1811,False,0,0.012430826358447215,18.530135034459548
1812,True,1,0.012416523075925102,18.5312882668206
1813,False,-1,0.012402236251189865,18.531290809780604
1814,True,0,0.012387965865304681,18.531290809780604
1815,False,-1,0.012373711899354514,18.531294624220607
1816,True,-1,0.012359474334446093,18.531294624220607
1817,False,-1,0.012345253151707886,18.531294624220607
1818,True,1,0.012331048332290076,18.531304796060617
1819,False,-1,0.012316859857364536,18.531304796060617
1820,True,1,0.0123026877081248,18.531307339020618
1821,False,-1,0.012288531865786044,18.53133022566064
1822,True,1,0.012274392311585057,18.53133022566064
1823,False,-1,0.012260269026780218,18.53133022566064
1824,True,-1,0.01224616199265147,18.531443387380744
1825,False,0,0.012232071190500298,18.531443387380744
1826,True,1,0.0122179966016497,18.531443387380744
1827,False,-1,0.012203938207444165,18.531444658860742
1828,True,1,0.012189895989249647,18.531481531780777
1829,False,-1,0.012175869928453542,18.53148407474078
1830,True,0,0.01216186000646466,18.53148407474078
1831,False,-1,0.012147866204713207,18.53148407474078
1832,True,1,0.01213388850465075,18.53148534622078
1833,False,-1,0.012119926887750206,18.53148534622078
1834,True,1,0.012105981335505802,18.53148534622078
1835,False,-1,0.012092051829433062,18.531651910100933
1836,True,1,0.012078138351068779,18.531651910100933
1837,False,-1,0.01206424088197099,18.531651910100933
1838,True,1,0.01205035940371895,18.531651910100933
1839,False,1,0.012036493897913114,18.531677339700956
1840,True,0,0.012022644346175103,18.531677339700956
1841,False,-1,0.012008810730147689,18.531677339700956
1842,True,0,0.011994993031494762,18.531677339700956
1843,False,1,0.011981191231901315,18.531698954860975
1844,True,-1,0.011967405313073408,18.531698954860975
1845,False,1,0.011953635256738157,18.531698954860975
1846,True,1,0.011939881044643703,18.531807030661074
1847,False,-1,0.011926142658559184,18.531818473981087
1848,True,1,0.011912420080274717,18.531818473981087
1849,False,-1,0.011898713291601373,18.5318375461811
1850,True,1,0.011885022274371151,18.531927821261185
1851,False,-1,0.011871347010436954,18.53193036422119
1852,True,1,0.011857687481672567,18.53193036422119
1853,False,1,0.011844043669972628,18.531937993101195
1854,True,1,0.011830415557252612,18.531937993101195
1855,False,-1,0.011816803125448801,18.531937993101195
1856,True,-1,0.011803206356518261,18.531937993101195
1857,False,1,0.011789625232438818,18.531941807541198
1858,True,1,0.011776059735209036,18.5319430790212
1859,False,-1,0.011762509846848195,18.5319430790212
1860,True,-1,0.011748975549396258,18.5319456219812
1861,False,0,0.011735456824913858,18.5319456219812
1862,True,-1,0.011721953655482266,18.5319456219812
1863,False,-1,0.011708466023203376,18.53196215122122
1864,True,1,0.01169499391019967,18.53200919598126
1865,False,0,0.011681537298614205,18.53200919598126
1866,True,1,0.011668096170610584,18.53200919598126
1867,False,-1,0.011654670508372931,18.53200919598126
1868,True,1,0.01164126029410587,18.53200919598126
1869,False,-1,0.011627865510034504,18.53200919598126
1870,True,0,0.011614486138404384,18.53200919598126
1871,False,-1,0.011601122161481492,18.53200919598126
1872,True,1,0.011587773561552215,18.53200919598126
1873,False,0,0.011574440320923323,18.53200919598126
1874,True,1,0.011561122421921942,18.53204225446129
1875,False,-1,0.011547819846895535,18.532515245021724
1876,True,1,0.011534532578211876,18.532515245021724
1877,False,1,0.011521260598259026,18.532531774261738
1878,True,-1,0.01150800388944531,18.532627135261826
1879,False,0,0.011494762434199298,18.532627135261826
1880,True,0,0.011481536214969779,18.532627135261826
1881,False,-1,0.01146832521422573,18.533028922942194
1882,True,1,0.011455129414456307,18.533028922942194
1883,False,1,0.011441948798170811,18.533041637742205
1884,True,0,0.011428783347898668,18.533041637742205
1885,False,1,0.011415633046189406,18.53322600234237
1886,True,1,0.011402497875612636,18.53322600234237
1887,False,-1,0.01138937781875802,18.533228545302375
1888,True,1,0.011376272858235257,18.533261603782403
1889,False,-1,0.011363182976674052,18.533261603782403
1890,True,1,0.011350108156724098,18.533261603782403
1891,False,0,0.011337048381055054,18.533261603782403
1892,True,-1,0.011324003632356517,18.533262875262405
1893,False,0,0.011310973893338003,18.533262875262405
1894,True,1,0.011297959146728924,18.533262875262405
1895,False,-1,0.011284959375278562,18.533262875262405
1896,True,1,0.011271974561756049,18.534065179143138
1897,False,1,0.011259004688950342,18.534220299703282
1898,True,1,0.011246049739670208,18.534245729303304
1899,False,1,0.011233109696744185,18.534245729303304
1900,True,1,0.011220184543020576,18.534245729303304
1901,False,1,0.011207274261367417,18.534245729303304
1902,True,1,0.011194378834672456,18.53427624482333
1903,False,-1,0.011181498245843132,18.534278787783336
1904,True,1,0.01116863247780655,18.534278787783336
1905,False,1,0.011155781513509462,18.53428387370334
1906,True,1,0.011142945335918239,18.534287688143344
1907,False,-1,0.011130123928018851,18.534288959623343
1908,True,1,0.01111731727281685,18.534288959623343
1909,False,0,0.011104525353337337,18.534288959623343
1910,True,-1,0.011091748152624948,18.534288959623343
1911,False,-1,0.011078985653743824,18.534301674423357
1912,True,1,0.0110662378397776,18.53438304914343
1913,False,-1,0.011053504693829368,18.53438304914343
1914,True,1,0.011040786199021666,18.53438304914343
1915,False,-1,0.011028082338496453,18.53438304914343
1916,True,-1,0.011015393095415082,18.534463152383502
1917,False,-1,0.011002718452958284,18.534463152383502
1918,True,-1,0.01099005839432614,18.534529269343565
1919,False,-1,0.010977412902738065,18.53475432130377
1920,True,-1,0.010964781961432779,18.53475559278377
1921,False,-1,0.010952165553668288,18.534758135743772
1922,True,0,0.010939563662721865,18.534758135743772
1923,False,1,0.01092697627189002,18.53488528374389
1924,True,1,0.01091440336448849,18.534886555223892
1925,False,1,0.0109018449238522,18.536217794785106
1926,True,1,0.010889300933335257,18.536217794785106
1927,False,-1,0.01087677137631092,18.53622033774511
1928,True,1,0.010864256236171576,18.53629789802518
1929,False,-1,0.010851755496328726,18.53629789802518
1930,True,1,0.010839269140212954,18.53629789802518
1931,False,0,0.010826797151273914,18.53629789802518
1932,True,1,0.010814339512980298,18.5363182417052
1933,False,-1,0.010801896208819823,18.5363182417052
1934,True,1,0.010789467222299204,18.536344942785224
1935,False,1,0.010777052536944134,18.536347485745225
1936,True,0,0.010764652136299263,18.536347485745225
1937,False,-1,0.010752266003928174,18.536347485745225
1938,True,0,0.010739894123413361,18.536347485745225
1939,False,-1,0.01072753647835621,18.536347485745225
1940,True,1,0.010715193052376976,18.536347485745225
1941,False,1,0.01070286382911476,18.53635002870523
1942,True,1,0.01069054879222749,18.53636274350524
1943,False,-1,0.010678247925391895,18.53636274350524
1944,True,1,0.010665961212303489,18.536364014985242
1945,False,1,0.010653688636676543,18.536366557945243
1946,True,1,0.010641430182244069,18.536366557945243
1947,False,-1,0.010629185832757798,18.536366557945243
1948,True,1,0.010616955571988154,18.536366557945243
1949,False,0,0.010604739383724235,18.536366557945243
1950,True,-1,0.010592537251773794,18.536366557945243
1951,False,0,0.010580349159963214,18.536366557945243
1952,True,1,0.010568175092137488,18.536433946385305
1953,False,0,0.010556015032160197,18.536433946385305
1954,True,0,0.01054386896391349,18.536433946385305
1955,False,1,0.010531736871298061,18.537388827866177
1956,True,-1,0.010519618738233129,18.53744477298623
1957,False,1,0.010507514548656414,18.537448587426233
1958,True,-1,0.010495424286524122,18.537448587426233
1959,False,1,0.010483347935810914,18.537448587426233
1960,True,0,0.010471285480509893,18.537448587426233
1961,False,-1,0.010459236904632581,18.53758717874636
1962,True,-1,0.010447202192208896,18.53758717874636
1963,False,-1,0.010435181327287131,18.537699068986463
1964,True,-1,0.010423174293933935,18.537699068986463
1965,False,-1,0.010411181076234288,18.538033468226768
1966,True,1,0.010399201658291484,18.53804618302678
1967,False,-1,0.01038723602422711,18.53805635486679
1968,True,1,0.010375284158181017,18.53807797002681
1969,False,-1,0.010363346044311312,18.53807797002681
1970,True,0,0.010351421666794328,18.53807797002681
1971,False,-1,0.010339511009824602,18.53807797002681
1972,True,1,0.010327614057614863,18.538095770746825
1973,False,-1,0.010315730794395999,18.538097042226827
1974,True,1,0.010303861204417048,18.538097042226827
1975,False,0,0.010292005271945168,18.538097042226827
1976,True,1,0.01028016298126562,18.538159344746884
1977,False,-1,0.010268334316681749,18.538159344746884
1978,True,1,0.01025651926251496,18.538160616226882
1979,False,-1,0.010244717803104696,18.5381796884269
1980,True,1,0.010232929922808423,18.53823563354695
1981,False,-1,0.010221155606001604,18.53823563354695
1982,True,1,0.01020939483707768,18.53824326242696
1983,False,-1,0.01019764760044805,18.538248348346965
1984,True,1,0.010185913880542049,18.538248348346965
1985,False,-1,0.010174193661806928,18.53825470574697
1986,True,1,0.010162486928707835,18.53829793606701
1987,False,1,0.01015079366572779,18.53829793606701
1988,True,1,0.010139113857367672,18.53829920754701
1989,False,-1,0.010127447488146188,18.538491201027185
1990,True,1,0.010115794542599862,18.538491201027185
1991,False,1,0.01010415500528301,18.53859546238728
1992,True,1,0.010092528860767721,18.538639964187322
1993,False,1,0.010080916093643833,18.539181614667818
1994,True,1,0.010069316688518917,18.539181614667818
1995,False,1,0.010057730630018257,18.539182886147817
1996,True,-1,0.010046157902784826,18.539182886147817
1997,False,-1,0.010034598491479266,18.53918542910782
1998,True,0,0.01002305238077987,18.53918542910782
1999,False,-1,0.010011519555382563,18.53918542910782
