episode,a1_played_first,outcome_a1,epsilon,drift_pct_a1
0,True,0,0.1,0.0
1,False,-1,0.09988493699365053,0.492576795974045
2,True,1,0.09977000638225535,0.8738197832813129
3,False,1,0.09965520801347685,1.0302546564068198
4,True,1,0.09954054173515271,1.2050858584616437
5,False,-1,0.09942600739529568,1.6891587975191649
6,True,-1,0.09931160484209339,2.0983844769582634
7,False,0,0.09919733392390816,2.0983844769582634
8,True,1,0.09908319448927677,2.2438177899062133
9,False,1,0.09896918638691031,2.3696053064212035
10,True,1,0.09885530946569392,2.5073742968571464
11,False,1,0.09874156357468661,2.6610332907376155
12,True,1,0.09862794856312108,2.8036642617630037
13,False,1,0.09851446428040354,2.8985281131697245
14,True,1,0.09840111057611342,3.0217774377323945
15,False,1,0.09828788730000326,3.124995548486752
16,True,-1,0.09817479430199849,3.4672404561396197
17,False,-1,0.0980618314321972,3.7495290422076772
18,True,1,0.09794899854086996,3.8414595892517167
19,False,-1,0.09783629547845962,4.185812928616511
20,True,-1,0.09772372209558115,4.4757644067815745
21,False,0,0.09761127824302136,4.4757644067815745
22,True,1,0.09749896377173879,4.635686711147769
23,False,1,0.09738677853286344,4.7098476894355645
24,True,1,0.09727472237769662,4.809216712356403
25,False,-1,0.09716279515771073,5.006001447046296
26,True,1,0.09705099672454907,5.087168598010496
27,False,-1,0.09693932693002567,5.307702989772101
28,True,-1,0.09682778562612504,5.55223211637564
29,False,-1,0.09671637266500199,5.815539095376345
30,True,1,0.09660508789898148,5.891276708865582
31,False,-1,0.09649393118055835,6.073946426192571
32,True,1,0.0963829023623972,6.147144894119487
33,False,-1,0.09627200129733214,6.2784245684994975
34,True,-1,0.09616122783836661,6.445227486891983
35,False,-1,0.09605058183867321,6.636212047686573
36,True,1,0.09594006315159347,6.741755059623057
37,False,-1,0.09582967163063766,6.900051776807766
38,True,1,0.09571940712948461,6.9814716344221965
39,False,1,0.09560926950198152,7.055408832229787
40,True,1,0.09549925860214377,7.156604018302296
41,False,-1,0.09538937428415467,7.395744612660909
42,True,-1,0.09527961640236536,7.5686474563589705
43,False,-1,0.09516998481129454,7.757282322111413
44,True,-1,0.09506047936562832,7.889588080852362
45,False,1,0.09495109992022001,7.936068939514853
46,True,0,0.09484184633008991,7.936068939514853
47,False,1,0.09473271845042515,8.020661775472185
48,True,0,0.0946237161365795,8.020661775472185
49,False,1,0.09451483924407315,8.095477565960579
50,True,1,0.09440608762859254,8.160012169159574
51,False,-1,0.09429746114599015,8.309744832796454
52,True,-1,0.09418895965228434,8.481684530393634
53,False,-1,0.09408058300365912,8.666490334122576
54,True,1,0.09397233105646399,8.724398619295515
55,False,-1,0.09386420366721374,8.854675095954608
56,True,1,0.09375620069258823,8.922909070216985
57,False,1,0.09364832198943229,9.01498710894116
58,True,1,0.09354056741475542,9.082268744682665
59,False,1,0.09343293682573163,9.135509426771335
60,True,1,0.09332543007969933,9.178510880410647
61,False,1,0.09321804703416105,9.218316469067036
62,True,1,0.09311078754678327,9.283184835766335
63,False,-1,0.09300365147539627,9.378037879593046
64,True,1,0.09289663867799389,9.431548115441963
65,False,-1,0.09278974901273337,9.515961672719131
66,True,1,0.09268298233793519,9.599192117855218
67,False,-1,0.0925763385120828,9.69666186752432
68,True,1,0.09246981739382253,9.754356544057062
69,False,-1,0.09236341884196332,9.898044591768416
70,True,1,0.0922571427154766,9.940848330267546
71,False,1,0.09215098887349604,10.005104479346286
72,True,-1,0.09204495717531742,10.119041166510444
73,False,-1,0.09193904748039841,10.205705879129669
74,True,1,0.0918332596483584,10.255344458375047
75,False,-1,0.09172759353897827,10.374751052504203
76,True,1,0.0916220490122003,10.426965014491936
77,False,-1,0.09151662592812786,10.515723854673077
78,True,-1,0.09141132414702534,10.644320706250634
79,False,1,0.0913061435293179,10.691520586853782
80,True,1,0.0912010839355913,10.732783927331504
81,False,1,0.0910961452265917,10.771686129447067
82,True,1,0.0909913272632255,10.80954953240168
83,False,-1,0.09088662990655913,10.913298486056524
84,True,1,0.09078205301781891,10.951955292531862
85,False,1,0.09067759645839084,10.98347909620068
86,True,-1,0.09057326008982036,11.088160044696375
87,False,0,0.09046904377381228,11.088160044696375
88,True,1,0.0903649473722305,11.110417302116723
89,False,-1,0.09026097074709788,11.223383214299991
90,True,1,0.09015711376059604,11.262996173736203
91,False,-1,0.09005337627506518,11.364649728349132
92,True,1,0.08994975815300388,11.394126449216078
93,False,-1,0.08984625925706895,11.474598418489643
94,True,1,0.08974287945007521,11.500133551352986
95,False,0,0.08963961859499536,11.500133551352986
96,True,-1,0.08953647655495975,11.66199041254095
97,False,0,0.08943345319325621,11.66199041254095
98,True,1,0.08933054837332989,11.70099941897661
99,False,1,0.08922776195878306,11.745920807417676
100,True,1,0.08912509381337493,11.667371315905868
101,False,1,0.08902254380102147,11.713527311428063
102,True,1,0.08892011178579523,11.743688088535635
103,False,-1,0.08881779763192517,11.852278838034904
104,True,1,0.08871560120379648,11.890760180270082
105,False,-1,0.08861352236595038,12.000842375810715
106,True,0,0.08851156098308395,12.000842375810715
107,False,0,0.08840971692004997,12.000842375810715
108,True,0,0.08830799004185669,12.000842375810715
109,False,-1,0.08820638021366772,12.089941336892165
110,True,1,0.08810488730080182,12.114260934874398
111,False,1,0.0880035111687327,12.152606228749452
112,True,-1,0.08790225168308885,12.287070324792374
113,False,-1,0.0878011087096534,12.428560619321718
114,True,1,0.08770008211436389,12.461250370151603
115,False,-1,0.08759917176331214,12.55260875119512
116,True,1,0.08749837752274403,12.573982330014658
117,False,0,0.08739769925905934,12.573982330014658
118,True,0,0.08729713683881159,12.573982330014658
119,False,-1,0.08719669012870783,12.691378078521977
120,True,1,0.0870963589956085,12.710995743459911
121,False,-1,0.08699614330652722,12.785550244808064
122,True,-1,0.08689604292863062,12.935503510225146
123,False,1,0.08679605772923821,12.96488995601201
124,True,-1,0.08669618757582212,13.08184831539893
125,False,-1,0.086596432336007,13.185283213493486
126,True,-1,0.0864967918775698,13.30437893076236
127,False,1,0.08639726606843962,13.344243643238801
128,True,0,0.0862978547766975,13.344243643238801
129,False,-1,0.08619855787057633,13.42536533879296
130,True,1,0.08609937521846055,13.474282988877679
131,False,-1,0.08600030668888607,13.560482975556479
132,True,1,0.08590135215054007,13.591887260105187
133,False,0,0.0858025114722608,13.591887260105187
134,True,1,0.08570378452303745,13.621095698691889
135,False,-1,0.08560517117200997,13.68884142463382
136,True,1,0.08550667128846884,13.717973574420451
137,False,1,0.08540828474185495,13.744167333924397
138,True,1,0.08531001140175945,13.76607111990442
139,False,-1,0.0852118511379235,13.894870772542165
140,True,-1,0.08511380382023816,14.017632166654387
141,False,1,0.08501586931874419,14.05944478649261
142,True,0,0.0849180475036319,14.05944478649261
143,False,1,0.08482033824524093,14.085321947476267
144,True,-1,0.08472274141406017,14.18109617856382
145,False,-1,0.08462525688072745,14.289049916582508
146,True,1,0.08452788451602951,14.306509879958469
147,False,-1,0.08443062419090175,14.414585680057268
148,True,-1,0.08433347577642807,14.482209343919086
149,False,-1,0.0842364391438407,14.563699768673581
150,True,1,0.08413951416452005,14.586356270814294
151,False,-1,0.0840427007099945,14.68652092234586
152,True,1,0.08394599865194029,14.700339366998493
153,False,-1,0.08384940786218127,14.769181108701424
154,True,-1,0.0837529282126888,14.86220004262646
155,False,-1,0.08365655957558156,14.941612869059055
156,True,-1,0.08356030182312535,14.99772328151035
157,False,-1,0.08346415482773296,15.047939112676255
158,True,-1,0.08336811846196399,15.132090745073183
159,False,-1,0.08327219259852466,15.201424549536565
160,True,1,0.08317637711026767,15.23223250996473
161,False,-1,0.08308067187019201,15.283681676731762
162,True,0,0.08298507675144282,15.283681676731762
163,False,-1,0.08288959162731119,15.330514099614575
164,True,1,0.08279421637123399,15.350303414352664
165,False,0,0.08269895085679375,15.350303414352664
166,True,1,0.08260379495771845,15.369502762370216
167,False,1,0.08250874854788134,15.40796630388538
168,True,-1,0.08241381150130082,15.492178967322362
169,False,-1,0.08231898369214023,15.550420380255604
170,True,1,0.08222426499470771,15.569163266952739
171,False,-1,0.08212965528345603,15.61106107595104
172,True,1,0.08203515443298243,15.627061380285667
173,False,0,0.0819407623180284,15.627061380285667
174,True,1,0.08184647881347959,15.639704977417225
175,False,0,0.08175230379436561,15.639704977417225
176,True,0,0.08165823713585986,15.639704977417225
177,False,1,0.08156427871327936,15.658348688674268
178,True,1,0.08147042840208459,15.681652374135572
179,False,1,0.08137668607787935,15.6995128537119
180,True,1,0.08128305161641056,15.721400110451908
181,False,-1,0.08118952489356812,15.78903776059374
182,True,1,0.08109610578538472,15.805011363848342
183,False,-1,0.0810027941680357,15.846595117286356
184,True,1,0.08090958991783888,15.858791153457505
185,False,0,0.08081649291125438,15.858791153457505
186,True,1,0.08072350302488447,15.881690508278439
187,False,-1,0.08063062013547342,15.915169848189045
188,True,1,0.08053784411990732,15.930811595163343
189,False,-1,0.0804451748552139,15.974928136763673
190,True,1,0.0803526122185624,15.988759296216317
191,False,1,0.08026015608726338,16.01359384359902
192,True,-1,0.08016780633876859,16.07038068341093
193,False,1,0.08007556285067077,16.09505502431349
194,True,1,0.07998342550070352,16.104708100482313
195,False,-1,0.07989139416674111,16.133217225068375
196,True,0,0.07979946872679834,16.133217225068375
197,False,1,0.07970764905903037,16.1457146019998
198,True,1,0.07961593504173256,16.15231104024583
199,False,-1,0.0795243265533403,16.189617534959936
200,True,1,0.07943282347242885,16.044887509387628
201,False,-1,0.0793414256777132,16.090532369949354
202,True,1,0.07925013304804789,16.110389073127507
203,False,-1,0.07915894546242684,16.134356471149417
204,True,-1,0.07906786279998322,16.163290270055867
205,False,-1,0.07897688493998928,16.246712072932127
206,True,-1,0.07888601176185615,16.302767811743372
207,False,-1,0.07879524314513375,16.34628294330315
208,True,1,0.07870457896951058,16.365712429200915
209,False,1,0.07861401911481355,16.38017932865414
210,True,1,0.07852356346100789,16.389070788302266
211,False,0,0.07843321188819691,16.389070788302266
212,True,-1,0.0783429642766219,16.434312589703627
213,False,-1,0.07825282050666191,16.474512972900374
214,True,1,0.07816278045883368,16.49235056583668
215,False,-1,0.0780728440137914,16.541841653401924
216,True,0,0.07798301105232659,16.541841653401924
217,False,-1,0.07789328145536793,16.59112676120698
218,True,1,0.07780365510398113,16.600352620095414
219,False,1,0.07771413187936871,16.612313432466348
220,True,0,0.07762471166286991,16.612313432466348
221,False,1,0.0775353943359605,16.626720572359517
222,True,1,0.07744617978025262,16.64160960317313
223,False,1,0.07735706787749463,16.667747417557024
224,True,1,0.07726805850957098,16.67927465524756
225,False,0,0.077179151558502,16.67927465524756
226,True,1,0.07709034690644376,16.685583739013328
227,False,-1,0.07700164443568797,16.711822000317312
228,True,0,0.07691304402866173,16.711822000317312
229,False,-1,0.07682454556792745,16.74732553638977
230,True,1,0.07673614893618266,16.76161315716283
231,False,1,0.07664785401625987,16.776954834856856
232,True,1,0.0765596606911264,16.780583638780172
233,False,1,0.07647156884388422,16.788918190187793
234,True,1,0.07638357835776984,16.804325984841878
235,False,-1,0.07629568911615407,16.83712253999186
236,True,0,0.07620790100254198,16.83712253999186
237,False,-1,0.07612021390057261,16.85531487584849
238,True,1,0.07603262769401896,16.866830670219016
239,False,-1,0.07594514226678771,16.887535450557944
240,True,-1,0.07585775750291915,16.932887870719405
241,False,1,0.075770473286587,16.940462077086327
242,True,0,0.07568328950209821,16.940462077086327
243,False,-1,0.07559620603389292,16.9611083693452
244,True,1,0.07550922276654418,16.98284431996507
245,False,0,0.07542233958475786,16.98284431996507
246,True,1,0.07533555637337253,16.989367012371034
247,False,-1,0.07524887301735922,17.009132168989105
248,True,1,0.07516228940182135,17.01548702603491
249,False,0,0.07507580541199452,17.01548702603491
250,True,-1,0.07498942093324638,17.029843306728036
251,False,-1,0.07490313585107652,17.05729328847313
252,True,-1,0.07481695005111624,17.0700564047248
253,False,-1,0.07473086341912843,17.090417885463413
254,True,-1,0.07464487584100746,17.106667399878265
255,False,-1,0.07455898720277895,17.112235210803355
256,True,-1,0.07447319739059971,17.182976543628026
257,False,-1,0.07438750629075751,17.1970619990809
258,True,1,0.07430191378967095,17.20936738253215
259,False,-1,0.07421641977388936,17.21454230613688
260,True,1,0.07413102413009258,17.217321761419424
261,False,-1,0.07404572674509084,17.236554167917003
262,True,0,0.07396052750582462,17.236554167917003
263,False,-1,0.07387542629936449,17.249188864688556
264,True,-1,0.07379042301291094,17.262821673261016
265,False,1,0.07370551753379428,17.27947678979624
266,True,1,0.07362070974947446,17.28712219904323
267,False,-1,0.07353599954754089,17.32292580439596
268,True,1,0.07345138681571235,17.33765844316943
269,False,-1,0.0733668714418368,17.38047426072857
270,True,-1,0.07328245331389127,17.395311160862132
271,False,-1,0.07319813231998165,17.41054730571606
272,True,0,0.07311390834834261,17.41054730571606
273,False,-1,0.0730297812873374,17.427647440251693
274,True,1,0.07294575102545775,17.430840126534612
275,False,-1,0.07286181745132365,17.449155795951356
276,True,1,0.07277798045368329,17.45523092739691
277,False,-1,0.07269423992141284,17.4595984612009
278,True,1,0.07261059574351636,17.46886119300937
279,False,-1,0.0725270478091256,17.48045327617997
280,True,-1,0.07244359600749989,17.491396904549973
281,False,-1,0.072360240228026,17.549541685003124
282,True,1,0.07227698036021792,17.559758026812464
283,False,-1,0.07219381629371682,17.569286497941174
284,True,1,0.07211074791829085,17.5744512497059
285,False,1,0.07202777512383497,17.579642702550643
286,True,1,0.07194489780037085,17.58324989131394
287,False,1,0.07186211583804668,17.622469963429793
288,True,-1,0.07177942912713707,17.633231770159632
289,False,-1,0.07169683755804289,17.647612208972777
290,True,0,0.0716143410212911,17.647612208972777
291,False,1,0.07153193940753463,17.655504285339994
292,True,0,0.07144963260755223,17.655504285339994
293,False,1,0.07136742051224833,17.660517730984576
294,True,1,0.07128530301265286,17.679855670322254
295,False,1,0.07120327999992117,17.689900362331436
296,True,1,0.07112135136533382,17.699995913540665
297,False,0,0.07103951700029648,17.699995913540665
298,True,-1,0.07095777679633979,17.70943029514929
299,False,1,0.07087613064511916,17.71389191847337
300,True,0,0.0707945784384147,17.515357945171875
301,False,1,0.07071312006813102,17.52682669478236
302,True,1,0.07063175542629711,17.53250385298755
303,False,-1,0.0705504844050662,17.553708324966934
304,True,-1,0.07046930689671561,17.563709786656077
305,False,1,0.07038822279364661,17.572582174104188
306,True,0,0.07030723198838426,17.572582174104188
307,False,-1,0.07022633437357732,17.583277863873967
308,True,-1,0.07014552984199805,17.58694989811732
309,False,-1,0.07006481828654208,17.611962452700187
310,True,-1,0.06998419960022828,17.618706382626353
311,False,1,0.06990367367619864,17.621981715109346
312,True,1,0.06982324040771808,17.628982483995745
313,False,1,0.06974289968817433,17.636243906282385
314,True,1,0.06966265141107782,17.647135403972342
315,False,1,0.06958249547006147,17.650334447655265
316,True,-1,0.06950243175888063,17.655429268019923
317,False,-1,0.06942246017141286,17.663743475747523
318,True,-1,0.06934258060165786,17.6757500613985
319,False,1,0.06926279294373729,17.68004003492242
320,True,1,0.0691830970918946,17.69289088329417
321,False,-1,0.06910349294049499,17.697141440938054
322,True,1,0.06902398038402516,17.70721156254726
323,False,-1,0.06894455931709323,17.712237722991855
324,True,-1,0.06886522963442858,17.71481374147421
325,False,-1,0.06878599123088174,17.717229553476418
326,True,1,0.0687068440014242,17.734529310372235
327,False,-1,0.06862778784114831,17.740980799898132
328,True,-1,0.06854882264526714,17.746843594183492
329,False,-1,0.06846994830911432,17.7521024354683
330,True,0,0.06839116472814392,17.7521024354683
331,False,-1,0.06831247179793029,17.75665433387246
332,True,0,0.06823386941416795,17.75665433387246
333,False,1,0.06815535747267143,17.758005917113696
334,True,0,0.06807693586937513,17.758005917113696
335,False,1,0.06799860450033322,17.76000086923552
336,True,-1,0.06792036326171945,17.76159021923697
337,False,-1,0.06784221204982703,17.76297867539824
338,True,1,0.06776415076106851,17.766131945801124
339,False,-1,0.06768617929197562,17.772049413726535
340,True,-1,0.06760829753919918,17.7775905235716
341,False,-1,0.06753050539950887,17.810228143721435
342,True,1,0.06745280276979321,17.821124727331398
343,False,-1,0.0673751895470593,17.82859085789822
344,True,-1,0.0672976656284328,17.83087570746031
345,False,-1,0.0672202309111577,17.842092704030563
346,True,-1,0.06714288529259625,17.844116900192414
347,False,1,0.0670656286702288,17.846263158434375
348,True,1,0.06698846094165366,17.852722276840282
349,False,1,0.06691138200458695,17.853902210281362
350,True,-1,0.06683439175686248,17.855042727842402
351,False,-1,0.06675749009643164,17.855972179723253
352,True,1,0.06668067692136323,17.85784888420497
353,False,-1,0.06660395212984332,17.863031436689706
354,True,-1,0.06652731562017516,17.86679883193315
355,False,-1,0.06645076729077898,17.867409142333706
356,True,-1,0.06637430704019191,17.86859416169479
357,False,-1,0.06629793476706783,17.87499352054064
358,True,-1,0.06622165037017723,17.87558475874118
359,False,-1,0.06614545374840707,17.87596874570153
360,True,1,0.06606934480076064,17.877109263262575
361,False,-1,0.06599332342635748,17.884108760668973
362,True,-1,0.06591738952443318,17.885751512830474
363,False,-1,0.06584154299433928,17.889329457553746
364,True,0,0.0657657837355431,17.889329457553746
365,False,-1,0.0656901116476277,17.890476332514794
366,True,-1,0.0656145266302916,17.893278674437358
367,False,1,0.06553902858334881,17.907329799930203
368,True,1,0.06546361740672857,17.910169014772798
369,False,-1,0.06538829300047526,17.915951705818085
370,True,-1,0.0653130552647483,17.91811576478006
371,False,-1,0.06523790409982198,17.92224680330384
372,True,1,0.06516283940608533,17.92714963018832
373,False,1,0.065087861084042,17.93171042895249
374,True,1,0.06501296903431013,17.93344218471407
375,False,-1,0.0649381631576222,17.937360886077656
376,True,-1,0.06486344335482491,17.94208952020198
377,False,-1,0.06478880952687906,17.948182452367547
378,True,-1,0.06471426157485939,17.94995870992917
379,False,1,0.0646397993999545,17.963944989941957
380,True,-1,0.06456542290346663,17.988583729404482
381,False,-1,0.06449113198681165,17.991332669166994
382,True,1,0.06441692655151882,17.993950646489388
383,False,-1,0.0643428064992307,17.9953899618507
384,True,1,0.06426877173170306,17.996868693092054
385,False,-1,0.06419482215080467,18.00200674377675
386,True,-1,0.06412095765851726,18.003083687337735
387,False,1,0.0640471781569353,18.006650188741
388,True,-1,0.06397348354826592,18.010357824424386
389,False,-1,0.06389987373482879,18.011886143385784
390,True,-1,0.06382634861905598,18.014032401627745
391,False,-1,0.0637529081034918,18.020308426913484
392,True,-1,0.0636795520907927,18.02097341095409
393,False,-1,0.06360628048372714,18.02175918559481
394,True,-1,0.06353309318517548,18.02323918831616
395,False,-1,0.0634599900981298,18.025429948358166
396,True,1,0.06338697112569382,18.027433800839997
397,False,-1,0.06331403617108272,18.02799579500051
398,True,1,0.06324118513762307,18.03107786252333
399,False,-1,0.06316841792875268,18.03292913740502
400,True,-1,0.06309573444802045,17.798054994190306
401,False,-1,0.06302313459908628,17.800484792472528
402,True,1,0.06295061828572089,17.80427125991599
403,False,-1,0.06287818541180576,17.811354675002466
404,True,-1,0.06280583588133294,17.81212519188317
405,False,-1,0.06273356959840495,17.815095369165885
406,True,-1,0.06266138646723468,17.817634514728205
407,False,-1,0.06258928639214521,17.821256961251517
408,True,1,0.06251726927756972,17.82356851189363
409,False,-1,0.062445335028051344,17.82446363381445
410,True,1,0.06237348354824306,17.83270155274198
411,False,-1,0.062301714742907556,17.865763847212204
412,True,-1,0.06223002851691709,17.866924708453265
413,False,-1,0.062158424775253386,17.868843371775018
414,True,-1,0.062086903423007496,17.874895616580552
415,False,-1,0.062015464365379684,17.875775480741357
416,True,1,0.061944107507679286,17.877818749103223
417,False,1,0.0618728327553246,17.882286729827307
418,True,-1,0.06180164001384274,17.882436764467446
419,False,-1,0.06173052918886952,17.88405027258892
420,True,-1,0.061659500186149366,17.885961307030666
421,False,-1,0.061588552911535116,17.889342172353757
422,True,-1,0.06151768727098796,17.889417189673825
423,False,-1,0.06144690317057729,17.890762415515056
424,True,-1,0.06137620051648057,17.890968395275245
425,False,1,0.061305579214983225,17.892115270236292
426,True,-1,0.0612350391724785,17.892272933756438
427,False,1,0.06116458029546737,17.896485347000286
428,True,-1,0.061094202490558365,17.896932907960696
429,False,-1,0.06102390566446749,17.898283219721932
430,True,1,0.06095368972401809,17.899586486723123
431,False,1,0.0608835545761407,17.90316061700639
432,True,1,0.06081350012787296,17.904180343967322
433,False,-1,0.060743526286359484,17.905179727248235
434,True,-1,0.06067363295885171,17.90554464200857
435,False,-1,0.060603820052707806,17.906866981209777
436,True,1,0.06053408747539253,17.908297396211086
437,False,-1,0.06046443513447712,17.90944681413214
438,True,1,0.06039486293763916,17.910519943253117
439,False,1,0.06032537079266247,17.914001255496302
440,True,1,0.06025595860743696,17.91493197885715
441,False,-1,0.06018662628995854,17.91638655197848
442,True,1,0.06011737374832899,17.9171723266192
443,False,-1,0.06004820089075581,17.9218780741035
444,True,1,0.059979107625552135,17.922543058144107
445,False,-1,0.05991009386113658,17.924860966186227
446,True,1,0.059841159506033165,17.926301553027546
447,False,-1,0.059772304468871135,17.9284389109095
448,True,1,0.05970352865838489,17.92900726247002
449,False,-1,0.05963483198341383,17.933490500954118
450,True,1,0.05956621435290225,17.93396349151455
451,False,-1,0.059497675675899225,17.936168237836565
452,True,-1,0.05942921586155847,17.942272613322146
453,False,-1,0.05936083481913824,17.943193164842988
454,True,1,0.05929253245800119,17.943588595123348
455,False,1,0.05922430868761427,17.950075686089278
456,True,1,0.059156163417548605,17.956580577775224
457,False,-1,0.05908809655747936,17.95901291901745
458,True,-1,0.059020108017185643,17.961239280499484
459,False,-1,0.05895219770655036,17.963197359701272
460,True,1,0.05888436553556011,17.963536844861583
461,False,-1,0.05881661141430508,17.96678039034455
462,True,1,0.05874893525297889,17.967047401144793
463,False,-1,0.0586813369618785,17.96808111438574
464,True,1,0.058613816451404094,17.96830235190594
465,False,-1,0.05854637363205894,17.990192151605953
466,True,1,0.05847900841444929,17.99037651620612
467,False,0,0.058411720709284264,17.99037651620612
468,True,1,0.0583445104273757,17.99053036528626
469,False,-1,0.05827737747963808,17.992896589568424
470,True,1,0.05821032177708837,17.99302373756854
471,False,-1,0.05814334323084595,17.994756764810123
472,True,-1,0.05807644175213244,18.002526779097227
473,False,1,0.058009617252271634,18.00528589069975
474,True,1,0.05794286964268934,18.00539523797985
475,False,-1,0.0578761988349133,18.006975687621296
476,True,1,0.05780960474057305,18.00705960530137
477,False,-1,0.05774308727139979,18.01040359770443
478,True,1,0.05767664633922631,18.010474800584493
479,False,-1,0.05761028185598684,18.0104811579845
480,True,1,0.057543993733716936,18.042607643173866
481,False,-1,0.05747778188455337,18.043718916694882
482,True,1,0.057411646220734004,18.043854965055008
483,False,-1,0.0573455866545977,18.044800946175872
484,True,1,0.057279603098584174,18.047760951618578
485,False,-1,0.057213695465233895,18.048606485819352
486,True,1,0.05714786366718796,18.048657345019397
487,False,-1,0.05708210761718799,18.049365559380046
488,True,1,0.057016427228076004,18.04940116082008
489,False,-1,0.05695082241279432,18.050895149821443
490,True,1,0.056885293084385405,18.05092439386147
491,False,-1,0.0568198391559918,18.05253408754294
492,True,1,0.05675446054085598,18.06635888959558
493,False,-1,0.05668915715232024,18.066864938636044
494,True,1,0.056623928903826594,18.066939955956112
495,False,-1,0.05655877570891666,18.07208817848082
496,True,1,0.05649369748123152,18.072107250680833
497,False,-1,0.05642869413451164,18.073388902522005
498,True,1,0.05636376558259672,18.07340288880202
499,False,-1,0.056298911739425604,18.073760174682345
500,True,1,0.05623413251903618,17.82694683425672
501,False,-1,0.05616942783556523,17.829755533579288
502,True,1,0.056104797603248324,17.830156049779653
503,False,1,0.056040241736419735,17.835292828984347
504,True,1,0.0559757601495123,17.835365303344414
505,False,-1,0.055911352757057296,17.84029355982892
506,True,1,0.05584701947368436,17.840311360548935
507,False,-1,0.05578276021412136,17.866623367692988
508,True,1,0.05571857489319427,17.866625910652992
509,False,1,0.05565446342582707,17.87089045457689
510,True,1,0.05559042572704164,17.870898083456897
511,False,-1,0.05552646171195763,17.87148932165744
512,True,1,0.05546257129579236,17.87148932165744
513,False,-1,0.055398754393860695,17.87179701981772
514,True,1,0.05533501092157495,17.87179701981772
515,False,-1,0.055271340794444776,17.872011899937917
516,True,1,0.05520774392807702,17.872011899937917
517,False,-1,0.055144220238175654,17.87218227825807
518,True,-1,0.05508076964054163,17.87493630394059
519,False,1,0.05501739205107279,17.89653239176033
520,True,-1,0.054954087385763746,17.90172511608508
521,False,-1,0.05489085556070577,17.906751276529672
522,True,1,0.05482769649208667,17.906798321289717
523,False,-1,0.054764610096190706,17.906948355929853
524,True,1,0.05470159628939846,17.906948355929853
525,False,-1,0.05463865498818672,17.957916903256447
526,True,-1,0.054575786109128395,17.958384807896874
527,False,-1,0.05451298956889237,17.958553914737028
528,True,0,0.054450265284243425,17.958553914737028
529,False,-1,0.054387613172042104,17.95865054721712
530,True,1,0.054325033149244625,17.978256768835042
531,False,1,0.05426252513290275,17.997273023732426
532,True,1,0.05420008904016369,17.997349312532496
533,False,-1,0.05413772478826998,18.01246466678631
534,True,1,0.05407543229455939,18.01958368331282
535,False,0,0.05401321147646479,18.01958368331282
536,True,1,0.05395106225151407,18.019601484032837
537,False,-1,0.053888984537329994,18.02781778780035
538,True,1,0.05382697825163014,18.02781778780035
539,False,0,0.05376504331222673,18.02781778780035
540,True,1,0.05370317963702658,18.033131302725206
541,False,0,0.05364138714403096,18.033131302725206
542,True,1,0.05357966575133547,18.03313893160521
543,False,-1,0.05351801537712998,18.050843019141396
544,True,-1,0.05345643593969848,18.05627223874636
545,False,-1,0.05339492735741898,18.07106209411988
546,True,-1,0.05333348954876341,18.080650324808644
547,False,-1,0.053272122432297515,18.094614989661412
548,True,-1,0.053210825926680735,18.095297774422036
549,False,1,0.05314959995066611,18.11211309743741
550,True,0,0.05308844442310015,18.11211309743741
551,False,-1,0.053027359262922756,18.12164156856612
552,True,1,0.0529663443891671,18.121682255926153
553,False,-1,0.052905399720959506,18.13177272121538
554,True,1,0.052844525177519364,18.13177272121538
555,False,-1,0.052783720678159,18.140169575143055
556,True,1,0.0527229861422836,18.140169575143055
557,False,-1,0.05266232148939107,18.153155200394927
558,True,1,0.05260172663907194,18.153863414755573
559,False,-1,0.05254120151100929,18.16323803680414
560,True,1,0.05248074602497859,18.163755529164618
561,False,-1,0.052420360100847614,18.17076011249102
562,True,-1,0.052360043658576355,18.17138695213159
563,False,-1,0.0522997966182169,18.1878030304266
564,True,1,0.05223961889991331,18.196581328354625
565,False,-1,0.05217951042390156,18.198835662396686
566,True,0,0.05211947111050937,18.198835662396686
567,False,-1,0.05205950088015617,18.207401623164515
568,True,1,0.05199959965335293,18.207878428164953
569,False,-1,0.05193976735070208,18.218106213294302
570,True,1,0.05188000389289744,18.227035817342465
571,False,1,0.05182030920072404,18.249474896402976
572,True,1,0.051760683195058096,18.249534655963032
573,False,-1,0.05170112579686683,18.255542398968526
574,True,1,0.051641636927208426,18.255542398968526
575,False,-1,0.051582216507231896,18.25833584053108
576,True,1,0.05152286445817698,18.25833584053108
577,False,-1,0.05146358070137403,18.263047945415387
578,True,1,0.05140436515824394,18.263047945415387
579,False,-1,0.051345217750297996,18.265006024617175
580,True,1,0.051286138399137815,18.265006024617175
581,False,1,0.05122712702645521,18.287176821397445
582,True,1,0.051168183554032104,18.287230223557494
583,False,-1,0.051109307903740415,18.293466832963194
584,True,1,0.05105049999754196,18.29403009860371
585,False,-1,0.05099175975748835,18.300445986689574
586,True,1,0.05093308710572088,18.300448529649575
587,False,-1,0.05087448196447043,18.30854658577698
588,True,1,0.05081594425605739,18.30854658577698
589,False,-1,0.050757473902891495,18.31311882786116
590,True,1,0.05069907082747178,18.31311882786116
591,False,-1,0.05064073495238643,18.3208201822282
592,True,1,0.050582466200312745,18.3208201822282
593,False,-1,0.05052426449401696,18.327485280394292
594,True,1,0.05046612975635418,18.32889280875558
595,False,1,0.05040806191026829,18.35840894550256
596,True,1,0.050350060878791826,18.358478876902627
597,False,-1,0.05029212658504589,18.363464349987183
598,True,1,0.050234258952240055,18.363464349987183
599,False,1,0.05017645790367222,18.376493205559093
600,True,1,0.05011872336272857,18.14866433303082
601,False,-1,0.05006105525288344,18.166402750527038
602,True,1,0.0500034534976992,18.166798180807398
603,False,-1,0.04994591802082618,18.180073703499534
604,True,1,0.04988844874600257,18.180161435619613
605,False,-1,0.0498310455970543,18.193986237672252
606,True,1,0.04977370849789495,18.19400785283227
607,False,-1,0.049716437372525644,18.199411642837212
608,True,1,0.04965923214503496,18.199412914317215
609,False,1,0.04960209273959881,18.2141671682507
610,True,1,0.049545019080480375,18.21418624045072
611,False,-1,0.04948801109202995,18.21703181269332
612,True,1,0.049431068698684896,18.21703181269332
613,False,0,0.049374191824969514,18.21703181269332
614,True,1,0.04931738039549494,18.21703181269332
615,False,-1,0.04926063433495908,18.23250063838746
616,True,1,0.04920395356814645,18.23250063838746
617,False,-1,0.049147338019928134,18.240887320475128
618,True,1,0.049090787615261665,18.240887320475128
619,False,1,0.04903430227919091,18.25586916932882
620,True,1,0.04897788193684598,18.25589841336885
621,False,1,0.04892152651344314,18.269152320900965
622,True,1,0.04886523593428472,18.269173936060987
623,False,0,0.04880901012475897,18.269173936060987
624,True,1,0.048752849010339994,18.269173936060987
625,False,0,0.04869675251658767,18.269173936060987
626,True,1,0.04864072056914752,18.269173936060987
627,False,-1,0.048584753093750606,18.280776191071592
628,True,1,0.048528850016213466,18.280776191071592
629,False,1,0.04847301126243798,18.293114633002872
630,True,-1,0.048417236758411294,18.294857832084464
631,False,1,0.04836152643020572,18.305730257574403
632,True,1,0.04830588020397863,18.30578111677445
633,False,-1,0.04825029800597235,18.310260540818547
634,True,1,0.048194779762514094,18.310260540818547
635,False,0,0.04813932540001584,18.310260540818547
636,True,1,0.04808393484497422,18.310260540818547
637,False,0,0.048028608023970465,18.310260540818547
638,True,1,0.047973344863670275,18.310260540818547
639,False,1,0.047918145290823735,18.3224629343897
640,True,-1,0.0478630092322652,18.322784618829996
641,False,0,0.04780793661491323,18.322784618829996
642,True,1,0.047752927365770456,18.322804962510013
643,False,-1,0.04769798141192352,18.32689404219375
644,True,-1,0.04764309868054294,18.32759208471439
645,False,1,0.04758827909888306,18.336620864202644
646,True,1,0.0475335225942819,18.336645022322667
647,False,-1,0.04747882909416111,18.339990286205722
648,True,1,0.047424198526025835,18.353666325098224
649,False,0,0.04736963081746464,18.353666325098224
650,True,-1,0.04731512589614942,18.35392189257846
651,False,1,0.04726068368983527,18.359755442823793
652,True,1,0.04720630412636043,18.359801216103833
653,False,1,0.047151987133646156,18.363039675666794
654,True,1,0.04709773263969666,18.3630460330668
655,False,1,0.047043540572598984,18.365622051549156
656,True,1,0.04698941086052291,18.36562713746916
657,False,1,0.046935343431720886,18.36856807071185
658,True,1,0.0468813382145279,18.368573156631854
659,False,1,0.046827395137361394,18.37523062591794
660,True,1,0.046773514128721196,18.37524206923795
661,False,1,0.04671969511718939,18.37789310504037
662,True,1,0.04666593803143024,18.377896919480378
663,False,1,0.046612242800190086,18.380401735082668
664,True,1,0.04655860935229727,18.38040809248267
665,False,-1,0.046505037616662005,18.42020414503905
666,True,1,0.04645152752227632,18.42020414503905
667,False,0,0.04639807899821393,18.42020414503905
668,True,1,0.04634469197363018,18.42020414503905
669,False,1,0.04629136637776191,18.423567209642126
670,True,1,0.046238102139927406,18.423573567042133
671,False,0,0.046184899189526264,18.423573567042133
672,True,1,0.04613175745603932,18.441331056738367
673,False,1,0.04607867686902855,18.44593127138257
674,True,1,0.04602565735813698,18.44621481142283
675,False,0,0.0459726988530886,18.44621481142283
676,True,1,0.04591980128368824,18.446219897342836
677,False,-1,0.04586696457982152,18.44906165514543
678,True,-1,0.045814188671454724,18.44916718798553
679,False,1,0.04576147348863473,18.454839260270713
680,True,1,0.04570881896148888,18.454849432110723
681,False,1,0.04565622502022495,18.459520849634995
682,True,1,0.045603691595130995,18.461608619796902
683,False,-1,0.04555121861657529,18.46614653192105
684,True,-1,0.045498806015006235,18.468459354043166
685,False,-1,0.045446453720952254,18.468959045683622
686,True,1,0.0453941616650217,18.46897048900363
687,False,-1,0.04534192977790278,18.470333515564878
688,True,1,0.04528975799036346,18.470333515564878
689,False,-1,0.04523764623325134,18.47091458192541
690,True,-1,0.04518559443749362,18.472492488606854
691,False,1,0.045133602534096956,18.473318950607606
692,True,1,0.0450816704541474,18.473318950607606
693,False,-1,0.04502979812881029,18.4741835570084
694,True,-1,0.04497798548933018,18.47419372884841
695,False,0,0.04492623246703072,18.47419372884841
696,True,1,0.0448745389933146,18.47419372884841
697,False,-1,0.044822904999663425,18.47442640968862
698,True,1,0.04477133041763764,18.474793867408955
699,False,-1,0.044719815178876444,18.47570806152979
700,True,1,0.0446683592150977,18.230298435025446
701,False,-1,0.04461696245809783,18.234463803509254
702,True,-1,0.04456562483975172,18.245270112039133
703,False,-1,0.04451434629201267,18.247898261201538
704,True,1,0.04446312674691226,18.25548009644847
705,False,-1,0.04441196613656028,18.255670818448642
706,True,1,0.04436086439314464,18.255889513008842
707,False,-1,0.04430982144893127,18.257785289690574
708,True,1,0.044258837236264045,18.257838691850623
709,False,-1,0.044207911687564674,18.260132441772722
710,True,1,0.04415704473533264,18.26014388509273
711,False,0,0.04410623631214508,18.26014388509273
712,True,1,0.04405548635065672,18.26014388509273
713,False,-1,0.04400479478359977,18.261262787493752
714,True,1,0.043954161543783836,18.261262787493752
715,False,-1,0.04390358656409585,18.263439561255744
716,True,1,0.043853069777499955,18.263878221856146
717,False,-1,0.04380261111703743,18.264222792936458
718,True,-1,0.04375221051582659,18.264984409457156
719,False,-1,0.04370186790706273,18.266658948618687
720,True,-1,0.043651583224017985,18.267079808499073
721,False,-1,0.043601356400041286,18.268569983060434
722,True,1,0.043551187368558245,18.269098918740916
723,False,-1,0.04350107606307109,18.269261668181066
724,True,1,0.04345102241715854,18.269699057301466
725,False,-1,0.04340102636447577,18.270910777742575
726,True,1,0.04335108783875428,18.27127696398291
727,False,-1,0.0433012067738018,18.272554801384075
728,True,0,0.04325138310350226,18.272554801384075
729,False,0,0.04320161676181564,18.272554801384075
730,True,1,0.043151907682777914,18.27286504250436
731,False,-1,0.043102255800500956,18.273964872705367
732,True,1,0.04305266104917246,18.274228069065607
733,False,-1,0.043003123363055826,18.278123883789167
734,True,-1,0.04295364267649012,18.278418867149437
735,False,-1,0.04290421892388994,18.279336875710275
736,True,1,0.042854852039745345,18.280580383151413
737,False,-1,0.04280554195862179,18.28135217151212
738,True,1,0.04275628861516001,18.282280351912966
739,False,-1,0.042707091944075945,18.282927535233558
740,True,-1,0.04265795188016065,18.30079182924989
741,False,-1,0.042608868358280226,18.301369081170417
742,True,1,0.042559841313375694,18.302123068811106
743,False,-1,0.042510870680462956,18.302576987171523
744,True,1,0.042461956394632676,18.303205098292096
745,False,-1,0.04241309839105021,18.303585270812444
746,True,1,0.042364296604955505,18.304110392052923
747,False,-1,0.042315550971663035,18.304426990573212
748,True,1,0.04226686142656169,18.30486183673361
749,False,-1,0.04221822790511472,18.305126304573854
750,True,1,0.042169650342859626,18.30869789189712
751,False,1,0.04212112867540807,18.31467257642258
752,True,1,0.04207266283844581,18.315052748942925
753,False,-1,0.04202425276773261,18.31527525794313
754,True,1,0.04197589839910215,18.315577870183407
755,False,-1,0.04192759966846194,18.315762234783577
756,True,1,0.04187935651179323,18.316015259303807
757,False,-1,0.041831168865150946,18.316169108383946
758,True,-1,0.04178303666466358,18.31889770446644
759,False,-1,0.04173495984653311,18.319031209866562
760,True,1,0.04168693834703494,18.319242275546756
761,False,-1,0.04163897210251779,18.31934526542685
762,True,1,0.04159106104940361,18.32057987250798
763,False,-1,0.04154320512418752,18.32066760462806
764,True,1,0.0414954042634377,18.320845611828222
765,False,-1,0.04144765840379532,18.32091808618829
766,True,1,0.04139996748197445,18.321066849348423
767,False,-1,0.04135233143476198,18.321125337428477
768,True,1,0.04130475019901755,18.321251213948592
769,False,-1,0.04125722371167342,18.33658399128261
770,True,1,0.041209751909734436,18.33669206708271
771,False,-1,0.04116233473027793,18.33677217032278
772,True,1,0.04111497211045364,18.336861173922863
773,False,-1,0.0410676639874836,18.340189908565907
774,True,1,0.041020410298662095,18.340263654405973
775,False,-1,0.04097321098135556,18.34030179880601
776,True,1,0.040926065973002496,18.340364101326067
777,False,-1,0.04087897521111339,18.34039080240609
778,True,1,0.04083193863327062,18.340442933086138
779,False,-1,0.040784956177128406,18.340463276766155
780,True,1,0.04073802778041268,18.340502692646194
781,False,-1,0.04069115338092105,18.340519221886208
782,True,1,0.04064433291652269,18.340551008886237
783,False,-1,0.04059756632515825,18.341182934446813
784,True,1,0.040550853544839796,18.341209635526837
785,False,-1,0.040504194513650726,18.34122107884685
786,True,-1,0.04045758916974568,18.341236336606862
787,False,0,0.04041103745135045,18.341236336606862
788,True,1,0.04036453929676191,18.341256680286882
789,False,0,0.04031809464434794,18.341256680286882
790,True,1,0.04027170343254732,18.341270666566896
791,False,-1,0.04022536559986969,18.3412782954469
792,True,1,0.04017908108489541,18.341291010246913
793,False,-1,0.04013284982627553,18.341294824686916
794,True,1,0.040086671762731695,18.341304996526926
795,False,1,0.040040546833056044,18.34845580005346
796,True,-1,0.03999447497611116,18.34845580005346
797,False,-1,0.03994845613082996,18.348458343013466
798,True,1,0.03990249023621562,18.35322130709782
799,False,-1,0.039856577231341526,18.35322257857782
800,True,1,0.03981071705535114,18.09911221442552
801,False,-1,0.03976490964745797,18.103435246429473
802,True,0,0.03971915494694545,18.103435246429473
803,False,-1,0.039673452893166886,18.103865006669867
804,True,1,0.039627803425545366,18.104486760390436
805,False,-1,0.03958220648357367,18.106947074192686
806,True,1,0.03953666200681421,18.107100923272824
807,False,-1,0.039491169934898936,18.107121266952845
808,True,-1,0.039445730207529256,18.10834188775396
809,False,-1,0.03940034276447597,18.10834188775396
810,True,1,0.03935500754557916,18.108382575113996
811,False,-1,0.039309724490748155,18.11205206639735
812,True,1,0.0392644935399614,18.112060966757358
813,False,-1,0.039219314633266424,18.112704335637947
814,True,1,0.039174187710779726,18.11270687859795
815,False,-1,0.039129112712686716,18.112711964517953
816,True,1,0.03908408957924162,18.113215470598416
817,False,-1,0.039039118250767425,18.113215470598416
818,True,1,0.038994198667655765,18.113218013558416
819,False,-1,0.03894933077036687,18.113218013558416
820,True,1,0.038904514499429485,18.12111136140563
821,False,-1,0.038859749795440775,18.12111136140563
822,True,1,0.03881503659906625,18.121131705085652
823,False,-1,0.038770374851039714,18.121131705085652
824,True,1,0.038725764492163146,18.121131705085652
825,False,-1,0.038681205463306646,18.121131705085652
826,True,1,0.03863669770540835,18.121131705085652
827,False,-1,0.03859224115947434,18.121131705085652
828,True,1,0.03854783576657861,18.121131705085652
829,False,-1,0.03850348146786292,18.121131705085652
830,True,1,0.03845917820453678,18.121131705085652
831,False,-1,0.03841492591787734,18.121131705085652
832,True,1,0.0383707245492293,18.121131705085652
833,False,-1,0.038326574040004883,18.121131705085652
834,True,1,0.03828247433168369,18.12517628296935
835,False,-1,0.038238425365812685,18.13736214730049
836,True,1,0.038194427084006076,18.1373774050605
837,False,-1,0.03815047942794526,18.137434621660553
838,True,1,0.03810658233937872,18.137434621660553
839,False,-1,0.03806273576012199,18.137785550140876
840,True,1,0.03801893963205754,18.137785550140876
841,False,-1,0.0379751938971347,18.174068503454045
842,True,1,0.03793149849736961,18.174068503454045
843,False,-1,0.03788785337484513,18.174165135934132
844,True,1,0.03784425847171075,18.174165135934132
845,False,1,0.03780071373018253,18.178542841578135
846,True,1,0.03775721909254302,18.17854919897814
847,False,-1,0.03771377450114118,18.17854919897814
848,True,1,0.03767037989839231,18.17854919897814
849,False,-1,0.03762703522677795,18.17854919897814
850,True,1,0.03758374042884584,18.17854919897814
851,False,-1,0.037540495447209825,18.17854919897814
852,True,1,0.03749730022454977,18.17854919897814
853,False,-1,0.03745415470361151,18.17854919897814
854,True,1,0.03741105882720675,18.17854919897814
855,False,-1,0.037368012538212994,18.181164633340533
856,True,1,0.03732501577957348,18.181788930021103
857,False,-1,0.037282068494297084,18.181792744461106
858,True,1,0.03723917062545827,18.181795287421107
859,False,-1,0.03719632211619701,18.181795287421107
860,True,1,0.03715352290971868,18.181795287421107
861,False,-1,0.03711077294929401,18.181795287421107
862,True,-1,0.037068072178259026,18.18195040798125
863,False,-1,0.037025420540014925,18.18195040798125
864,True,1,0.03698281797802805,18.18195040798125
865,False,-1,0.036940264435829775,18.18436876294346
866,True,1,0.03689775985701646,18.18436876294346
867,False,-1,0.03685530418524936,18.184372577383463
868,True,1,0.03681289736425457,18.184372577383463
869,False,-1,0.036770539337822906,18.184373848863466
870,True,1,0.036728230049809886,18.184373848863466
871,False,-1,0.03668596944413562,18.184373848863466
872,True,1,0.03664375746478475,18.184373848863466
873,False,-1,0.03660159405580636,18.184373848863466
874,True,1,0.03655947916131392,18.184373848863466
875,False,-1,0.0365174127254852,18.184373848863466
876,True,-1,0.03647539469256221,18.184570928263646
877,False,1,0.03643342500685111,18.186957496225826
878,True,1,0.03639150361272214,18.18696258214583
879,False,-1,0.036349630454609566,18.18696258214583
880,True,1,0.03630780547701157,18.187045228345905
881,False,-1,0.036266028624490194,18.187045228345905
882,True,1,0.03622429984167129,18.187045228345905
883,False,-1,0.03618261907324441,18.187045228345905
884,True,1,0.036140986263962754,18.187045228345905
885,False,-1,0.036099401358643084,18.187045228345905
886,True,1,0.03605786430216566,18.187045228345905
887,False,-1,0.03601637503947418,18.187045228345905
888,True,1,0.03597493351557565,18.187045228345905
889,False,-1,0.0359335396755404,18.19295506739131
890,True,1,0.03589219346450194,18.19295506739131
891,False,-1,0.03585089482765691,18.19621514211429
892,True,1,0.035809643710265016,18.224359351940016
893,False,-1,0.03576844005764895,18.22437206674003
894,True,1,0.035727283815194306,18.224435640740086
895,False,-1,0.03568617492834953,18.27667058214784
896,True,1,0.035645113342625837,18.27667058214784
897,False,-1,0.03560409900359713,18.276816802347973
898,True,-1,0.035563131856899945,18.277046940228182
899,False,-1,0.035522211848233363,18.277046940228182
900,True,1,0.03548133892335895,18.03325845072532
901,False,-1,0.03544051302810069,18.037576396809268
902,True,1,0.03539973410834488,18.04685438637775
903,False,1,0.035359002110040096,18.053148212383505
904,True,1,0.03531831697919711,18.053410137263743
905,False,-1,0.03527767866188881,18.053839897504137
906,True,1,0.03523708710425013,18.05389075670418
907,False,1,0.035196542252477994,18.059321247789146
908,True,1,0.03515604405283123,18.059344134429168
909,False,-1,0.03511559245163049,18.059383550309203
910,True,1,0.035075187395258216,18.059383550309203
911,False,-1,0.035034828830158515,18.059386093269207
912,True,1,0.03499451670283714,18.059386093269207
913,False,-1,0.034954250959861384,18.059386093269207
914,True,1,0.034914031547860026,18.059386093269207
915,False,-1,0.03487385841352325,18.059386093269207
916,True,1,0.03483373150360259,18.059386093269207
917,False,-1,0.03479365076491084,18.059386093269207
918,True,1,0.03475361614432199,18.059386093269207
919,False,-1,0.034713627588771175,18.059386093269207
920,True,-1,0.034673685045254574,18.061487849711128
921,False,-1,0.03463378846082935,18.06149166415113
922,True,1,0.034593937782613604,18.06149166415113
923,False,-1,0.03455413295778626,18.06149166415113
924,True,1,0.034514373933587035,18.06149166415113
925,False,-1,0.03447466065731635,18.06149166415113
926,True,1,0.03443499307633526,18.06149166415113
927,False,-1,0.03439537113806539,18.06149166415113
928,True,1,0.034355794789988875,18.06149166415113
929,False,-1,0.03431626397964826,18.06149166415113
930,True,1,0.03427677865464645,18.06149166415113
931,False,-1,0.03423733876264665,18.091610482418663
932,True,1,0.0341979442513723,18.091610482418663
933,False,-1,0.03415859506860695,18.09166007013871
934,True,1,0.03411929116219427,18.09166007013871
935,False,-1,0.034080032480037915,18.09166134161871
936,True,1,0.03404081897010151,18.09170584341875
937,False,-1,0.03400165058040852,18.1373735906205
938,True,1,0.03396252725904226,18.1373735906205
939,False,-1,0.03392344895414574,18.137542697460653
940,True,1,0.03388441561392167,18.137542697460653
941,False,-1,0.03384542718663234,18.137542697460653
942,True,1,0.03380648362059958,18.137542697460653
943,False,-1,0.03376758486420467,18.1548742413565
944,True,1,0.033728730865888304,18.1548742413565
945,False,-1,0.03368992157415049,18.154914928716536
946,True,1,0.03365115693755049,18.154914928716536
947,False,-1,0.03361243690470676,18.154914928716536
948,True,1,0.03357376142429688,18.154914928716536
949,False,-1,0.03353513044505749,18.154914928716536
950,True,1,0.03349654391578418,18.154914928716536
951,False,-1,0.03345800178533151,18.154914928716536
952,True,-1,0.03341950400261284,18.155370118556952
953,False,-1,0.033381050516600355,18.156389845517882
954,True,1,0.033342641276324914,18.156389845517882
955,False,-1,0.03330427623087605,18.156964554478407
956,True,1,0.03326595532940187,18.156964554478407
957,False,-1,0.03322767852110898,18.15696964039841
958,True,1,0.03318944575526245,18.15696964039841
959,False,-1,0.03315125698118571,18.15696964039841
960,True,1,0.03311311214826052,18.158991293600263
961,False,-1,0.03307501120592686,18.158991293600263
962,True,1,0.033036954103682896,18.158993836560263
963,False,-1,0.0329989407910849,18.158993836560263
964,True,1,0.032960971217747194,18.158993836560263
965,False,-1,0.03292304533334207,18.158993836560263
966,True,1,0.03288516308759972,18.158993836560263
967,False,-1,0.032847324430308196,18.158993836560263
968,True,1,0.03280952931131332,18.158993836560263
969,False,-1,0.03277177768051861,18.158993836560263
970,True,1,0.03273406948788524,18.158993836560263
971,False,-1,0.03269640468343195,18.158993836560263
972,True,1,0.032658783217235,18.158993836560263
973,False,-1,0.032621205039428086,18.15986480036106
974,True,1,0.03258367010020229,18.166673575767284
975,False,-1,0.032546178349806006,18.166674847247286
976,True,1,0.03250872973854486,18.1666913764873
977,False,-1,0.03247132421678166,18.1666913764873
978,True,-1,0.032433961734936345,18.1793832898589
979,False,-1,0.03239664224348589,18.179397276138914
980,True,-1,0.03235936569296425,18.17941507685893
981,False,-1,0.0323221320339623,18.17941507685893
982,True,1,0.03228494121712778,18.17941507685893
983,False,-1,0.03224779319316519,18.17941507685893
984,True,-1,0.03221068791283577,18.186954953265825
985,False,1,0.03217362532695741,18.203944469041357
986,True,1,0.032136605386404594,18.20398007048139
987,False,-1,0.03209962804210833,18.20401694340142
988,True,-1,0.032062693245056076,18.204126290681522
989,False,-1,0.032025800946291705,18.204126290681522
990,True,1,0.0319889510969154,18.204126290681522
991,False,-1,0.031952143648083624,18.204126290681522
992,True,1,0.03191537855100903,18.204126290681522
993,False,-1,0.031878655756960424,18.232229813147214
994,True,1,0.03184197521726266,18.232229813147214
995,False,-1,0.03180533688329662,18.232298473067274
996,True,1,0.03176874070649912,18.232298473067274
997,False,-1,0.03173218663836285,18.232298473067274
998,True,1,0.03169567463043632,18.232298473067274
999,False,-1,0.03165920463432379,18.232298473067274
1000,True,1,0.03162277660168521,17.990920709646616
1001,False,-1,0.03158639048423613,17.995237384250565
1002,True,1,0.03155004623374768,17.995623914170917
1003,False,-1,0.031513743802046475,17.99605240293131
1004,True,1,0.03147748314101457,17.99613250617138
1005,False,-1,0.031441264202589365,17.996171922051417
1006,True,1,0.031405086938763586,18.000545813255417
1007,False,-1,0.03136895130158518,18.000545813255417
1008,True,1,0.03133285724315727,18.022255062795264
1009,False,1,0.0312968047156381,18.049527037340194
1010,True,1,0.03126079367124096,18.049647827940305
1011,False,-1,0.031224824062234122,18.049647827940305
1012,True,1,0.03118889584094078,18.049649099420304
1013,False,-1,0.031153008959738986,18.049649099420304
1014,True,1,0.031117163371061587,18.049649099420304
1015,False,-1,0.031081359027396165,18.105160644791052
1016,True,1,0.031045595881284967,18.105160644791052
1017,False,1,0.031009873885324852,18.11251234215777
1018,True,1,0.030974192992167214,18.112527599917787
1019,False,-1,0.030938553154517937,18.116092829841044
1020,True,1,0.030902954325137316,18.116092829841044
1021,False,-1,0.030867396456840005,18.116172933081117
1022,True,1,0.03083187950249495,18.116172933081117
1023,False,-1,0.03079640341502533,18.116172933081117
1024,True,1,0.030760968147408488,18.116172933081117
1025,False,-1,0.030725573652675874,18.116172933081117
1026,True,1,0.030690219883912982,18.116172933081117
1027,False,-1,0.030654906794259286,18.116172933081117
1028,True,1,0.03061963433690818,18.116172933081117
1029,False,-1,0.03058440246510692,18.116172933081117
1030,True,1,0.030549211132156542,18.123037653607394
1031,False,-1,0.03051406029141183,18.123037653607394
1032,True,1,0.03047894989628124,18.123052911367406
1033,False,-1,0.030443879900226824,18.123052911367406
1034,True,1,0.030408850256764198,18.123052911367406
1035,False,-1,0.030373860919462453,18.123052911367406
1036,True,1,0.03033891184194411,18.123052911367406
1037,False,1,0.03030400297788505,18.137279501100412
1038,True,1,0.03026913428101446,18.13731128810044
1039,False,-1,0.030234305705114765,18.13731128810044
1040,True,1,0.030199517204021566,18.13731128810044
1041,False,1,0.03016476873162359,18.161794907002825
1042,True,1,0.030130060241862617,18.16183432288286
1043,False,-1,0.03009539168873342,18.16260992568357
1044,True,1,0.030060763026283712,18.16260992568357
1045,False,-1,0.030026174208614077,18.164845187525614
1046,True,1,0.029991625189877913,18.164845187525614
1047,False,-1,0.02995711592428137,18.164851544925618
1048,True,1,0.029922646366083293,18.164851544925618
1049,False,-1,0.029888216469595153,18.164851544925618
1050,True,1,0.029853826189180997,18.164851544925618
1051,False,-1,0.02981947547925738,18.164851544925618
1052,True,1,0.029785164294293297,18.164851544925618
1053,False,-1,0.02975089258881015,18.164851544925618
1054,True,1,0.02971666031738166,18.164851544925618
1055,False,-1,0.02968246743463382,18.189572930588216
1056,True,1,0.029648313895244825,18.189572930588216
1057,False,-1,0.029614199653945027,18.18962887570827
1058,True,1,0.02958012466551686,18.197012360075018
1059,False,-1,0.02954608888479479,18.233830606468675
1060,True,1,0.029512092266665256,18.23384840718869
1061,False,-1,0.0294781347660666,18.23393359634877
1062,True,1,0.02944421633798901,18.23393359634877
1063,False,-1,0.029410336937474475,18.23393359634877
1064,True,1,0.029376496519616706,18.23393359634877
1065,False,-1,0.029342695039561086,18.23393359634877
1066,True,1,0.029308932452504606,18.23393359634877
1067,False,-1,0.029275208713695815,18.23393359634877
1068,True,1,0.029241523778434753,18.23393359634877
1069,False,-1,0.029207877602072888,18.23393359634877
1070,True,1,0.029174270140013066,18.23393359634877
1071,False,-1,0.02914070134770945,18.23393359634877
1072,True,1,0.02910717118066745,18.23393359634877
1073,False,-1,0.029073679594443687,18.23393359634877
1074,True,1,0.029040226544645904,18.23393359634877
1075,False,-1,0.029006811986932935,18.234683769549456
1076,True,1,0.02897343587701463,18.234683769549456
1077,False,-1,0.0289400981706518,18.234685041029458
1078,True,1,0.028906798823656155,18.234685041029458
1079,False,-1,0.02887353779189026,18.234685041029458
1080,True,1,0.028840315031267456,18.234685041029458
1081,False,-1,0.02880713049775182,18.234685041029458
1082,True,1,0.028773984147358087,18.234685041029458
1083,False,-1,0.028740875936151614,18.234685041029458
1084,True,1,0.028707805820248303,18.234685041029458
1085,False,-1,0.028674773755814554,18.234685041029458
1086,True,1,0.028641779699067203,18.234685041029458
1087,False,-1,0.02860882360627346,18.23744669559198
1088,True,1,0.028575905433750864,18.23744669559198
1089,False,-1,0.028543025137867207,18.237451781511986
1090,True,1,0.028510182675040487,18.237451781511986
1091,False,-1,0.028477378001738857,18.237451781511986
1092,True,1,0.028444611074480552,18.237451781511986
1093,False,-1,0.02841188184983384,18.237451781511986
1094,True,1,0.028379190284416957,18.237451781511986
1095,False,-1,0.028346536334898066,18.237451781511986
1096,True,1,0.028313919957995183,18.237451781511986
1097,False,-1,0.02828134111047613,18.237451781511986
1098,True,1,0.028248799749158466,18.237451781511986
1099,False,-1,0.02821629583090944,18.237451781511986
1100,True,1,0.028183829312645934,17.998224090773295
1101,False,-1,0.028151400151334396,18.002536950937237
1102,True,1,0.0281190083039908,18.00292348085759
1103,False,-1,0.028086653727680568,18.00335196961798
1104,True,1,0.02805433637951853,18.003432072858054
1105,False,1,0.02802205621666886,18.0108117427848
1106,True,1,0.02798981319634502,18.01084352978483
1107,False,-1,0.0279576072758097,18.010882945664868
1108,True,1,0.027925438412374774,18.010882945664868
1109,False,0,0.02789330656340122,18.010882945664868
1110,True,1,0.027861211686299094,18.010882945664868
1111,False,-1,0.027829153738527446,18.01088548862487
1112,True,1,0.027797132677594278,18.01088548862487
1113,False,-1,0.027765148461056485,18.01088548862487
1114,True,-1,0.027733201046519797,18.048235213659012
1115,False,-1,0.027701290391638725,18.067690129156798
1116,True,1,0.027669416454116507,18.067690129156798
1117,False,1,0.027637579191705043,18.081897646689786
1118,True,1,0.02760577856220485,18.08192434776981
1119,False,-1,0.027574014523464998,18.082083282769954
1120,True,1,0.027542287033383055,18.082083282769954
1121,False,-1,0.02751059604990504,18.082084554249956
1122,True,1,0.02747894153102536,18.082084554249956
1123,False,-1,0.027447323434786744,18.082084554249956
1124,True,1,0.027415741719280212,18.082084554249956
1125,False,-1,0.027384196342645,18.082084554249956
1126,True,1,0.02735268726306851,18.082084554249956
1127,False,-1,0.02732121443878625,18.082084554249956
1128,True,1,0.027289777828081795,18.082084554249956
1129,False,-1,0.02725837738928671,18.082084554249956
1130,True,1,0.027227013080780512,18.082084554249956
1131,False,-1,0.0271956848609906,18.082916102170717
1132,True,1,0.027164392688392214,18.082916102170717
1133,False,-1,0.02713313652150837,18.082917373650716
1134,True,1,0.027101916318909812,18.082917373650716
1135,False,-1,0.027070732039214954,18.082917373650716
1136,True,1,0.027039583641089823,18.082917373650716
1137,False,1,0.027008471083248,18.093916947140773
1138,True,-1,0.026977394324450586,18.096745990143358
1139,False,-1,0.02694635332350612,18.096748533103362
1140,True,1,0.02691534803927054,18.096782863063392
1141,False,-1,0.02688437843064713,18.096782863063392
1142,True,1,0.026853444456586457,18.096782863063392
1143,False,-1,0.02682254607608632,18.096782863063392
1144,True,-1,0.0267916832481917,18.10417651927015
1145,False,-1,0.0267608559319947,18.104189234070162
1146,True,1,0.026730064086634493,18.104189234070162
1147,False,-1,0.02669930767129727,18.104189234070162
1148,True,-1,0.026668586645216177,18.111921103957233
1149,False,-1,0.026637900967671276,18.11193127579724
1150,True,1,0.026607250597989476,18.11193127579724
1151,False,-1,0.02657663549554449,18.11193127579724
1152,True,1,0.026546055619756773,18.11193127579724
1153,False,-1,0.026515510930093474,18.11193127579724
1154,True,1,0.026485001386068383,18.11193127579724
1155,False,-1,0.02645452694724187,18.11193127579724
1156,True,1,0.02642408757322084,18.11193127579724
1157,False,-1,0.026393683223658673,18.11193127579724
1158,True,1,0.02636331385825517,18.11193127579724
1159,False,-1,0.026332979436756512,18.11193127579724
1160,True,1,0.02630267991895519,18.11193127579724
1161,False,-1,0.026272415264689958,18.11193127579724
1162,True,1,0.026242185433845787,18.11193127579724
1163,False,-1,0.026211990386353797,18.11193127579724
1164,True,1,0.026181830082191222,18.11193127579724
1165,False,-1,0.02615170448138134,18.11193127579724
1166,True,1,0.02612161354399343,18.11193127579724
1167,False,-1,0.026091557230142715,18.11193127579724
1168,True,-1,0.026061535499990317,18.115970767760935
1169,False,-1,0.02603154831374319,18.115975853680936
1170,True,1,0.02600159563165408,18.115975853680936
1171,False,-1,0.02597167741402146,18.115975853680936
1172,True,1,0.0259417936211895,18.115975853680936
1173,False,-1,0.02591194421354798,18.115975853680936
1174,True,-1,0.025882129151532273,18.12078077660533
1175,False,-1,0.025852348395623264,18.12079094844534
1176,True,1,0.025822601906347317,18.12079094844534
1177,False,-1,0.025792889644276215,18.12079094844534
1178,True,1,0.025763211570027107,18.12079094844534
1179,False,-1,0.025733567644262455,18.12079094844534
1180,True,1,0.02570395782768999,18.12079094844534
1181,False,-1,0.025674382081062645,18.12079094844534
1182,True,1,0.02564484036517852,18.12079094844534
1183,False,-1,0.02561533264088082,18.12079094844534
1184,True,1,0.025585858869057804,18.12079094844534
1185,False,-1,0.02555641901064273,18.13959740914253
1186,True,1,0.025527013026613813,18.13959740914253
1187,False,-1,0.02549764087799417,18.13963936798257
1188,True,1,0.025468302525851756,18.13963936798257
1189,False,-1,0.02543899793129933,18.13963936798257
1190,True,1,0.025409727055494394,18.13963936798257
1191,False,-1,0.025380489859639144,18.13963936798257
1192,True,1,0.025351286304980417,18.13963936798257
1193,False,-1,0.02532211635280964,18.13963936798257
1194,True,1,0.025292979964462784,18.13963936798257
1195,False,-1,0.0252638771013203,18.13963936798257
1196,True,1,0.025234807724807084,18.13963936798257
1197,False,-1,0.02520577179639241,18.14189243054463
1198,True,1,0.02517676927758989,18.14189243054463
1199,False,-1,0.02514780012995742,18.141896244984633
1200,True,1,0.025118864315097134,17.891243034955497
1201,False,-1,0.025089961794655335,17.89554826623943
1202,True,1,0.02506109253032247,17.895934796159786
1203,False,-1,0.025032256483833056,17.896363284920177
1204,True,1,0.025003453616965644,17.905926086008918
1205,False,0,0.024974683891542764,17.905926086008918
1206,True,1,0.024945947269430876,17.90599093148898
1207,False,-1,0.024917243712540314,17.906030347369015
1208,True,1,0.024888573182825238,17.90603797624902
1209,False,-1,0.02485993564228359,17.906039247729023
1210,True,1,0.024831331052957033,17.906039247729023
1211,False,-1,0.024802759376930907,17.906039247729023
1212,True,1,0.02477422057633418,17.906039247729023
1213,False,-1,0.0247457146133394,17.91545455713763
1214,True,1,0.024717241450162627,17.91545455713763
1215,False,-1,0.02468880104906341,17.915476172297648
1216,True,1,0.024660393372344713,17.915476172297648
1217,False,-1,0.024632018382352884,17.944984680164623
1218,True,-1,0.024603676041477594,17.94644688216596
1219,False,-1,0.02457536631215178,17.94680543952629
1220,True,1,0.024547089156851623,17.94680543952629
1221,False,-1,0.02451884453809646,17.94680798248629
1222,True,1,0.02449063241844877,17.94680798248629
1223,False,-1,0.024462452760514102,17.94680798248629
1224,True,1,0.024434305526941032,17.94680798248629
1225,False,-1,0.024406190680421117,17.94680798248629
1226,True,1,0.024378108183688837,17.94680798248629
1227,False,-1,0.024350057999521557,17.94680798248629
1228,True,1,0.024322040090739464,17.94680798248629
1229,False,-1,0.024294054420205533,17.94680798248629
1230,True,1,0.024266100950825466,17.94680798248629
1231,False,-1,0.024238179645547645,17.94680798248629
1232,True,1,0.02421029046736309,17.94680798248629
1233,False,-1,0.024182433379305403,17.94680798248629
1234,True,1,0.024154608344450712,17.94680798248629
1235,False,-1,0.024126815325917643,17.94680798248629
1236,True,1,0.024099054286867254,17.94680798248629
1237,False,-1,0.02407132519050299,17.94680798248629
1238,True,1,0.024043628000070635,17.94680798248629
1239,False,-1,0.02401596267885827,17.94680798248629
1240,True,1,0.023988329190196205,17.94680798248629
1241,False,-1,0.023960727497456955,17.94680798248629
1242,True,1,0.023933157564055174,17.94680798248629
1243,False,-1,0.023905619353447614,17.94680798248629
1244,True,1,0.023878112829133075,17.94680798248629
1245,False,-1,0.023850637954652355,17.94680798248629
1246,True,1,0.0238231946935882,17.94680798248629
1247,False,-1,0.023795783009565266,17.94680798248629
1248,True,1,0.023768402866250062,17.94680798248629
1249,False,-1,0.0237410542273509,17.94680798248629
1250,True,1,0.023713737056617848,17.94680798248629
1251,False,-1,0.023686451317842694,17.94680798248629
1252,True,1,0.023659196974858878,17.94680798248629
1253,False,-1,0.02363197399154146,17.94680798248629
1254,True,1,0.023604782331807066,17.94680798248629
1255,False,-1,0.023577621959613836,17.94680798248629
1256,True,1,0.02355049283896139,17.94855753896789
1257,False,-1,0.02352339493389076,17.94855753896789
1258,True,1,0.023496328208484362,17.95453095201335
1259,False,-1,0.02346929262686594,17.95453095201335
1260,True,1,0.02344228815320051,17.95454366681336
1261,False,-1,0.023415314751694328,17.95454366681336
1262,True,-1,0.023388372386594834,17.955189578653954
1263,False,-1,0.023361461022190607,17.955189578653954
1264,True,1,0.023334580622811314,17.955189578653954
1265,False,-1,0.023307731152827662,17.955189578653954
1266,True,1,0.023280912576651363,17.955189578653954
1267,False,-1,0.023254124858735074,17.955189578653954
1268,True,1,0.023227367963572353,17.955189578653954
1269,False,-1,0.02320064185569761,17.963611862181654
1270,True,1,0.02317394649968607,17.963611862181654
1271,False,-1,0.02314728186015371,17.96363856326168
1272,True,1,0.02312064790175723,17.96363856326168
1273,False,-1,0.02309404458919399,17.96363856326168
1274,True,1,0.023067471887201974,17.96363856326168
1275,False,-1,0.02304092976055974,17.96363856326168
1276,True,1,0.023014418174086365,17.96363856326168
1277,False,-1,0.02298793709264142,17.96363856326168
1278,True,1,0.022961486481124897,17.96363856326168
1279,False,-1,0.022935066304477184,17.96363856326168
1280,True,1,0.022908676527679004,17.96363856326168
1281,False,-1,0.02288231711575138,17.96363856326168
1282,True,1,0.022855988033755575,17.96363856326168
1283,False,1,0.02282968924679306,17.96600605902384
1284,True,1,0.022803420720005456,17.966008601983845
1285,False,-1,0.022777182418574498,17.966008601983845
1286,True,1,0.02275097430772198,17.966008601983845
1287,False,-1,0.022724796352709718,17.966008601983845
1288,True,1,0.022698648518839494,17.966008601983845
1289,False,-1,0.022672530771453016,17.966008601983845
1290,True,1,0.02264644307593187,17.966008601983845
1291,False,-1,0.02262038539769748,17.966008601983845
1292,True,1,0.02259435770221105,17.966008601983845
1293,False,-1,0.02256835995497353,17.96685922210462
1294,True,1,0.022542392121525565,17.974114286991252
1295,False,-1,0.02251645416744745,17.974115558471254
1296,True,1,0.02249054605835908,17.97413081623127
1297,False,-1,0.02246466775991992,17.97413081623127
1298,True,1,0.022438819237828932,17.97413081623127
1299,False,-1,0.022413000457824562,17.97413081623127
1300,True,1,0.022387211385684665,17.713037483912586
1301,False,-1,0.022361451987226482,17.717323642996504
1302,True,1,0.022335722228306584,17.71885831935791
1303,False,-1,0.022310022074820825,17.719282993678295
1304,True,1,0.022284351492704305,17.719436842758437
1305,False,-1,0.022258710447931315,17.71947498715847
1306,True,1,0.0222330989065153,17.7195042311985
1307,False,-1,0.02220751683450881,17.7195067741585
1308,True,1,0.022181964198003456,17.719511860078505
1309,False,-1,0.022156440963129867,17.719511860078505
1310,True,1,0.022130947096057643,17.719513131558507
1311,False,-1,0.022105482562995306,17.719513131558507
1312,True,1,0.022080047330190263,17.719513131558507
1313,False,-1,0.02205464136392876,17.7209308317598
1314,True,1,0.022029264630535825,17.7209308317598
1315,False,-1,0.022003917096375246,17.720933374719806
1316,True,1,0.02197859872784951,17.720933374719806
1317,False,-1,0.021953309491399755,17.720933374719806
1318,True,1,0.021928049353505744,17.720933374719806
1319,False,-1,0.021902818280685802,17.720933374719806
1320,True,1,0.021877616239496783,17.720933374719806
1321,False,-1,0.021852443196534014,17.720933374719806
1322,True,-1,0.02182729911843127,17.722882553561586
1323,False,-1,0.02180218397186071,17.72288509652159
1324,True,1,0.02177709772353284,17.72288509652159
1325,False,-1,0.02175204034019648,17.72288509652159
1326,True,1,0.021727011788638697,17.72288509652159
1327,False,-1,0.021702012035684785,17.72288509652159
1328,True,1,0.0216770410481982,17.72288509652159
1329,False,-1,0.021652098793080533,17.72288509652159
1330,True,1,0.021627185237271456,17.72288509652159
1331,False,-1,0.021602300347748682,17.72288509652159
1332,True,1,0.02157744409152792,17.72288509652159
1333,False,1,0.02155261643566283,17.738441654335812
1334,True,1,0.021527817347244984,17.73847216985584
1335,False,-1,0.02150304679340382,17.73847216985584
1336,True,1,0.021478304741306593,17.73847216985584
1337,False,-1,0.02145359115815834,17.73847216985584
1338,True,1,0.02142890601120184,17.73847216985584
1339,False,-1,0.021404249267717546,17.73847216985584
1340,True,1,0.021379620895023575,17.73847216985584
1341,False,-1,0.021355020860475638,17.73847216985584
1342,True,-1,0.021330449131467016,17.754302095870308
1343,False,-1,0.021305905675428505,17.75434786915035
1344,True,1,0.02128139045982837,17.75434786915035
1345,False,-1,0.02125690345217232,17.75434786915035
1346,True,1,0.021232444620003444,17.75434786915035
1347,False,-1,0.02120801393090218,17.75434786915035
1348,True,1,0.021183611352486267,17.75434786915035
1349,False,-1,0.021159236852410706,17.75434786915035
1350,True,1,0.021134890398367714,17.75434786915035
1351,False,1,0.021110571958086684,17.766996552201913
1352,True,1,0.02108628149933414,17.767029610681945
1353,False,-1,0.02106201898991369,17.767029610681945
1354,True,1,0.021037784397665998,17.767029610681945
1355,False,-1,0.021013577690468722,17.767029610681945
1356,True,1,0.020989398836236486,17.767029610681945
1357,False,-1,0.02096524780292083,17.767029610681945
1358,True,1,0.02094112455851017,17.767029610681945
1359,False,-1,0.02091702907102976,17.767029610681945
1360,True,1,0.020892961308541638,17.767029610681945
1361,False,-1,0.020868921239144595,17.767029610681945
1362,True,1,0.02084490883097413,17.767029610681945
1363,False,0,0.0208209240522024,17.767029610681945
1364,True,1,0.020796966871038193,17.767029610681945
1365,False,-1,0.02077303725572687,17.767029610681945
1366,True,1,0.020749135174550334,17.767029610681945
1367,False,1,0.02072526059582698,17.79044645786335
1368,True,1,0.020701413487911657,17.790497317063398
1369,False,-1,0.02067759381919563,17.790497317063398
1370,True,1,0.02065380155810653,17.790497317063398
1371,False,-1,0.020630036673108317,17.790497317063398
1372,True,1,0.020606299132701237,17.790497317063398
1373,False,-1,0.020582588905421785,17.790497317063398
1374,True,1,0.020558905959842652,17.790497317063398
1375,False,-1,0.020535250264572695,17.790497317063398
1376,True,1,0.020511621788256888,17.790497317063398
1377,False,-1,0.020488020499576286,17.790497317063398
1378,True,1,0.020464446367247976,17.790497317063398
1379,False,-1,0.020440899360025043,17.790497317063398
1380,True,1,0.020417379446696526,17.790497317063398
1381,False,-1,0.020393886596087377,17.790497317063398
1382,True,1,0.020370420777058414,17.790497317063398
1383,False,-1,0.020346981958506292,17.790497317063398
1384,True,1,0.020323570109363448,17.790497317063398
1385,False,-1,0.02030018519859807,17.790497317063398
1386,True,1,0.02027682719521405,17.79315725322583
1387,False,-1,0.02025349606825095,17.79315725322583
1388,True,1,0.020230191786783945,17.793163610625836
1389,False,-1,0.020206914319923806,17.793163610625836
1390,True,1,0.020183663636816836,17.793163610625836
1391,False,-1,0.02016043970664485,17.793163610625836
1392,True,1,0.02013724249862511,17.793163610625836
1393,False,-1,0.020114071982010307,17.793163610625836
1394,True,1,0.02009092812608851,17.793163610625836
1395,False,-1,0.020067810900183117,17.793163610625836
1396,True,1,0.02004472027365284,17.793163610625836
1397,False,-1,0.02002165621589163,17.793163610625836
1398,True,1,0.019998618696328668,17.793163610625836
1399,False,0,0.0199756076844283,17.793163610625836
1400,True,1,0.01995262314969002,17.522245552338173
1401,False,-1,0.019929665061648404,17.52649865294206
1402,True,1,0.019906733389873088,17.52688263990241
1403,False,-1,0.019883828103968725,17.527306042742797
1404,True,1,0.019860949173574935,17.52738487450287
1405,False,-1,0.019838096568366277,17.527424290382907
1406,True,1,0.0198152702580522,17.527444634062924
1407,False,-1,0.01979247021237701,17.527445905542926
1408,True,1,0.019769696401119825,17.527448448502927
1409,False,-1,0.01974694879409453,17.527448448502927
1410,True,1,0.019724227361149753,17.527448448502927
1411,False,-1,0.019701532072168806,17.527448448502927
1412,True,1,0.019678862897069663,17.527448448502927
1413,False,-1,0.0196562198058049,17.527448448502927
1414,True,1,0.01963360276836168,17.527448448502927
1415,False,-1,0.01961101175476169,17.527448448502927
1416,True,1,0.019588446735061108,17.527448448502927
1417,False,-1,0.01956590767935058,17.527448448502927
1418,True,1,0.019543394557755157,17.527448448502927
1419,False,-1,0.01952090734043426,17.527448448502927
1420,True,1,0.019498445997581663,17.527448448502927
1421,False,-1,0.019476010499425416,17.527448448502927
1422,True,1,0.019453600816227837,17.527448448502927
1423,False,-1,0.01943121691828546,17.52867161226405
1424,True,1,0.019408858775928992,17.52867161226405
1425,False,-1,0.019386526359523284,17.52867415522405
1426,True,1,0.019364219639467283,17.52867415522405
1427,False,-1,0.019341938586193996,17.52867415522405
1428,True,1,0.01931968317017045,17.52867415522405
1429,False,-1,0.01929745336189766,17.52867415522405
1430,True,1,0.01927524913191057,17.52867415522405
1431,False,-1,0.01925307045077804,17.52867415522405
1432,True,1,0.01923091728910279,17.52867415522405
1433,False,-1,0.019208789617521368,17.52867415522405
1434,True,1,0.019186687406704102,17.529262850464587
1435,False,-1,0.01916461062735507,17.529262850464587
1436,True,1,0.019142559250212063,17.52926539342459
1437,False,-1,0.01912053324604654,17.52926539342459
1438,True,1,0.019098532585663585,17.52926539342459
1439,False,-1,0.019076557239901884,17.52926539342459
1440,True,1,0.019054607179633674,17.52926539342459
1441,False,-1,0.019032682375764703,17.52926539342459
1442,True,-1,0.0190107827992342,17.530969176626147
1443,False,-1,0.018988908421014833,17.530971719586148
1444,True,1,0.018967059212112662,17.530971719586148
1445,False,-1,0.018945235143567118,17.530971719586148
1446,True,1,0.01892343618645095,17.530971719586148
1447,False,-1,0.018901662311870196,17.530971719586148
1448,True,1,0.018879913490964132,17.530971719586148
1449,False,-1,0.01885818969490525,17.530971719586148
1450,True,1,0.018836490894899204,17.531545157066674
1451,False,-1,0.018814817062184786,17.531545157066674
1452,True,1,0.01879316816803388,17.531546428546676
1453,False,1,0.01877154418375143,17.539167679673643
1454,True,1,0.018749945080675384,17.53917658003365
1455,False,-1,0.018728370830176682,17.53917658003365
1456,True,-1,0.018706821403659202,17.550196497203725
1457,False,-1,0.018685296772559725,17.55021429792374
1458,True,1,0.018663796908347897,17.55021429792374
1459,False,-1,0.01864232178252619,17.55021429792374
1460,True,1,0.01862087136662987,17.55021429792374
1461,False,-1,0.018599445632226954,17.55021429792374
1462,True,1,0.018578044550918178,17.55021429792374
1463,False,-1,0.018556668094336946,17.55021429792374
1464,True,1,0.018535316234149307,17.55021429792374
1465,False,-1,0.018513988942053913,17.55021429792374
1466,True,1,0.018492686189781976,17.55021429792374
1467,False,-1,0.018471407949097237,17.55021429792374
1468,True,1,0.01845015419179593,17.55021429792374
1469,False,-1,0.018428924889706735,17.55021429792374
1470,True,1,0.01840772001469075,17.55021429792374
1471,False,-1,0.01838653953864145,17.55021429792374
1472,True,1,0.018365383433484653,17.55021429792374
1473,False,-1,0.018344251671178476,17.55021429792374
1474,True,1,0.018323144223713304,17.550635157804123
1475,False,-1,0.01830206106311175,17.550635157804123
1476,True,1,0.018281002161428615,17.550636429284125
1477,False,-1,0.018259967490750862,17.550636429284125
1478,True,1,0.018238957023197565,17.550636429284125
1479,False,-1,0.018217970730919884,17.550636429284125
1480,True,1,0.01819700858610102,17.550636429284125
1481,False,-1,0.018176070560956176,17.550636429284125
1482,True,1,0.018155156627732538,17.550636429284125
1483,False,-1,0.018134266758709213,17.550636429284125
1484,True,1,0.018113400926197207,17.550636429284125
1485,False,-1,0.01809255910253939,17.550636429284125
1486,True,1,0.018071741260110453,17.550636429284125
1487,False,-1,0.01805094737131687,17.550636429284125
1488,True,1,0.01803017740859687,17.550636429284125
1489,False,-1,0.018009431344420394,17.550636429284125
1490,True,1,0.01798870915128906,17.550636429284125
1491,False,-1,0.01796801080173612,17.550636429284125
1492,True,1,0.017947336268326446,17.550636429284125
1493,False,-1,0.01792668552365646,17.550636429284125
1494,True,1,0.017906058540354125,17.550636429284125
1495,False,-1,0.017885455291078895,17.550636429284125
1496,True,1,0.017864875748521688,17.550636429284125
1497,False,-1,0.01784431988540484,17.584698107035265
1498,True,1,0.017823787674482075,17.584698107035265
1499,False,-1,0.017803279088538466,17.58476930991533
1500,True,1,0.017782794100390405,17.31713929891067
1501,False,-1,0.01776233268288556,17.32137078435454
1502,True,1,0.017741894808902835,17.32175222835489
1503,False,1,0.01772148045135235,17.32382982667679
1504,True,1,0.017701089583175386,17.323871785516825
1505,False,-1,0.01768072217734437,17.32429137391721
1506,True,1,0.01766037820686282,17.324304088717223
1507,False,1,0.017640057644765315,17.326005328958775
1508,True,1,0.017619760464117465,17.32600914339878
1509,False,-1,0.017599486638015874,17.326047287798815
1510,True,1,0.017579236139588096,17.326047287798815
1511,False,-1,0.017559008941992613,17.326048559278817
1512,True,1,0.01753880501841878,17.326048559278817
1513,False,-1,0.017518624342086814,17.326048559278817
1514,True,1,0.017498466886247736,17.326048559278817
1515,False,-1,0.01747833262418335,17.326048559278817
1516,True,-1,0.017458221529206203,17.32728952375995
1517,False,-1,0.017438133574659547,17.327292066719952
1518,True,1,0.017418068733917307,17.327292066719952
1519,False,-1,0.017398026980384042,17.327292066719952
1520,True,1,0.017378008287494917,17.327292066719952
1521,False,-1,0.017358012628715662,17.327292066719952
1522,True,1,0.01733803997754254,17.327292066719952
1523,False,-1,0.017318090307502303,17.327292066719952
1524,True,1,0.017298163592152173,17.327292066719952
1525,False,-1,0.01727825980507979,17.327292066719952
1526,True,1,0.017258378919903193,17.327292066719952
1527,False,-1,0.01723852091027077,17.327292066719952
1528,True,-1,0.017218685749861226,17.328019353280617
1529,False,-1,0.017198873412383565,17.331343002003656
1530,True,1,0.017179083871577034,17.331343002003656
1531,False,-1,0.0171593171012111,17.331350630883662
1532,True,-1,0.017139573075085405,17.331809635164085
1533,False,-1,0.017119851767029747,17.331810906644083
1534,True,1,0.01710015315090403,17.331810906644083
1535,False,-1,0.017080477200598233,17.331810906644083
1536,True,1,0.017060823890032387,17.331810906644083
1537,False,-1,0.017041193193156525,17.331810906644083
1538,True,-1,0.017021585083950658,17.43915306278221
1539,False,-1,0.017001999536424728,17.439376843262416
1540,True,1,0.01698243652461859,17.439376843262416
1541,False,-1,0.016962896022601974,17.439376843262416
1542,True,-1,0.016943378004474433,17.43954467862257
1543,False,-1,0.016923882444365327,17.442402965665185
1544,True,1,0.016904409316433788,17.442402965665185
1545,False,-1,0.016884958594868677,17.442408051585186
1546,True,1,0.016865530253888556,17.442408051585186
1547,False,-1,0.016846124267741652,17.442408051585186
1548,True,1,0.01682674061070582,17.442408051585186
1549,False,-1,0.01680737925708851,17.442408051585186
1550,True,1,0.016788040181226746,17.442408051585186
1551,False,-1,0.016768723357487067,17.442408051585186
1552,True,1,0.016749428760265514,17.442408051585186
1553,False,-1,0.01673015636398759,17.442408051585186
1554,True,1,0.016710906143108217,17.442408051585186
1555,False,-1,0.016691678072111717,17.442408051585186
1556,True,0,0.01667247212551177,17.442408051585186
1557,False,-1,0.016653288277851376,17.442408051585186
1558,True,1,0.016634126503702835,17.442408051585186
1559,False,-1,0.0166149867776677,17.442408051585186
1560,True,1,0.016595869074376747,17.442408051585186
1561,False,-1,0.016576773368489946,17.442408051585186
1562,True,1,0.016557699634696423,17.442408051585186
1563,False,-1,0.016538647847714423,17.442408051585186
1564,True,1,0.01651961798229129,17.442408051585186
1565,False,-1,0.016500610013203416,17.442408051585186
1566,True,1,0.016481623915256222,17.442408051585186
1567,False,-1,0.016462659663284113,17.442408051585186
1568,True,1,0.016443717232150455,17.442408051585186
1569,False,-1,0.016424796596747535,17.442408051585186
1570,True,1,0.016405897731996532,17.442408051585186
1571,False,-1,0.016387020612847476,17.442408051585186
1572,True,-1,0.016368165214279223,17.44673108358914
1573,False,-1,0.016349331511299425,17.446737440989146
1574,True,1,0.01633051947894448,17.446737440989146
1575,False,-1,0.016311729092279518,17.446737440989146
1576,True,1,0.01629296032639836,17.446737440989146
1577,False,-1,0.016274213156423478,17.446737440989146
1578,True,1,0.016255487557505974,17.446737440989146
1579,False,-1,0.016236783504825544,17.446737440989146
1580,True,-1,0.016218100973590433,17.479288600498904
1581,False,-1,0.016199439939037427,17.47935217449896
1582,True,1,0.01618080037643179,17.47935217449896
1583,False,-1,0.01616218226106726,17.479523824299118
1584,True,1,0.016143585568265992,17.479523824299118
1585,False,-1,0.016125010273378544,17.479523824299118
1586,True,1,0.016106456351783833,17.479523824299118
1587,False,-1,0.016087923778889103,17.479523824299118
1588,True,1,0.0160694125301299,17.479523824299118
1589,False,-1,0.01605092258097003,17.479523824299118
1590,True,1,0.01603245390690154,17.479523824299118
1591,False,-1,0.016014006483444664,17.479523824299118
1592,True,1,0.015995580286147813,17.479523824299118
1593,False,-1,0.015977175290587526,17.482313451421668
1594,True,1,0.01595879147236845,17.482313451421668
1595,False,-1,0.0159404288071233,17.482318537341673
1596,True,1,0.015922087270512822,17.482318537341673
1597,False,-1,0.01590376683822578,17.482318537341673
1598,True,1,0.015885467485978907,17.482318537341673
1599,False,-1,0.01586718918951687,17.482318537341673
1600,True,1,0.015848931924612255,17.22625517990759
1601,False,-1,0.015830695667065513,17.231149106432063
1602,True,1,0.01581248039270495,17.23152800747241
1603,False,-1,0.01579428607738668,17.233240691033973
1604,True,1,0.015776112696994603,17.233318251314046
1605,False,-1,0.01575796022744036,17.234666020115277
1606,True,1,0.01573982864466331,17.234686363795298
1607,False,-1,0.015721717924630504,17.23583832467635
1608,True,1,0.015703628043336637,17.23584086763635
1609,False,-1,0.015685558976804032,17.236804649477232
1610,True,-1,0.0156675107010826,17.23908822755932
1611,False,-1,0.01564948319224981,17.239877816640043
1612,True,-1,0.015631476426410648,17.240897543600976
1613,False,-1,0.015613490379697609,17.241576513921597
1614,True,-1,0.015595525028270642,17.242222425762186
1615,False,1,0.015577580348317127,17.26114967705949
1616,True,1,0.015559656316051848,17.278488849835338
1617,False,-1,0.015541752907716951,17.279040672155844
1618,True,-1,0.015523870099581925,17.27953019195629
1619,False,-1,0.015506007867943558,17.279981567356703
1620,True,-1,0.015488166189125916,17.280366825797056
1621,False,-1,0.015470345039480304,17.284677143000998
1622,True,-1,0.01545254439538524,17.284988655601282
1623,False,-1,0.015434764233246422,17.285362470721623
1624,True,-1,0.015417004529496695,17.285595151561836
1625,False,-1,0.01539926526059602,17.28590412120212
1626,True,-1,0.015381546403031446,17.286085942842284
1627,False,-1,0.015363847933317078,17.286338967362514
1628,True,-1,0.015346169827994041,17.286471201282637
1629,False,-1,0.015328512063630454,17.286684809922832
1630,True,-1,0.015310874616821398,17.28678144240292
1631,False,-1,0.015293257464188885,17.286906047443033
1632,True,-1,0.015275660582381823,17.2869759788431
1633,False,-1,0.015258083948075991,17.287151443083257
1634,True,1,0.015240527537974008,17.296147164091483
1635,False,-1,0.015222991328805294,17.296292112811614
1636,True,-1,0.015205475297326049,17.296337886091656
1637,False,-1,0.015187979420319218,17.29645994817177
1638,True,-1,0.015170503674594459,17.296489192211794
1639,False,-1,0.015153048036988111,17.296587096171884
1640,True,-1,0.01513561248436317,17.296608711331903
1641,False,-1,0.015118196993609256,17.296690086051978
1642,True,-1,0.015100801541642572,17.29670407233199
1643,False,-1,0.01508342610540589,17.29676891781205
1644,True,-1,0.015066070661868507,17.296776546692058
1645,False,-1,0.015048735188026224,17.297510190652726
1646,True,-1,0.015031419660901308,17.297514005092733
1647,False,-1,0.01501412405754247,17.29756613577278
1648,True,-1,0.01499684835502482,17.29756867873278
1649,False,-1,0.014979592530449856,17.29907792549416
1650,True,-1,0.014962356560945418,17.299080468454164
1651,False,-1,0.014945140423665666,17.299113526934192
1652,True,-1,0.014927944095791046,17.299113526934192
1653,False,-1,0.014910767554528258,17.29914149949422
1654,True,-1,0.014893610777110235,17.29914149949422
1655,False,-1,0.014876473740796103,17.299160571694237
1656,True,-1,0.014859356422871152,17.299160571694237
1657,False,-1,0.014842258800646812,17.29917582945425
1658,True,-1,0.014825180851460618,17.29917582945425
1659,False,-1,0.014808122552676179,17.29918727277426
1660,True,-1,0.014791083881683154,17.29918727277426
1661,False,-1,0.014774064815897216,17.299194901654268
1662,True,-1,0.014757065332760024,17.299194901654268
1663,False,-1,0.014740085409739194,17.299199987574273
1664,True,-1,0.014723125024328267,17.299199987574273
1665,False,-1,0.014706184154046682,17.299202530534274
1666,True,-1,0.014689262776439746,17.299202530534274
1667,False,-1,0.0146723608690786,17.357749098667796
1668,True,-1,0.014655478409560193,17.358723052348687
1669,False,-1,0.014638615375507254,17.35875865378872
1670,True,1,0.014621771744568258,17.359849583629718
1671,False,-1,0.0146049474944174,17.359850855109716
1672,True,1,0.01458814260275456,17.35986484138973
1673,False,-1,0.014571357047305281,17.35986484138973
1674,True,1,0.014554590805820736,17.35986484138973
1675,False,-1,0.014537843856077693,17.35986611286973
1676,True,1,0.014521116175878496,17.35986611286973
1677,False,-1,0.014504407743051029,17.35986611286973
1678,True,1,0.014487718535448687,17.35986611286973
1679,False,-1,0.01447104853095035,17.35986611286973
1680,True,1,0.014454397707460346,17.35986611286973
1681,False,-1,0.014437766042908431,17.35986611286973
1682,True,1,0.014421153515249757,17.35986611286973
1683,False,-1,0.014404560102464837,17.35986611286973
1684,True,1,0.014387985782559523,17.35986611286973
1685,False,-1,0.014371430533564974,17.35986611286973
1686,True,1,0.014354894333537628,17.35986611286973
1687,False,-1,0.014338377160559168,17.35986611286973
1688,True,1,0.0143218789927365,17.36159278271131
1689,False,-1,0.014305399808201722,17.378947213247173
1690,True,1,0.014288939585112093,17.378949756207177
1691,False,-1,0.014272498301650002,17.385755988653397
1692,True,1,0.014256075936022945,17.385755988653397
1693,False,-1,0.014239672466463491,17.385781418253423
1694,True,1,0.014223287871229258,17.385781418253423
1695,False,-1,0.01420692212860288,17.385781418253423
1696,True,1,0.01419057521689198,17.385781418253423
1697,False,-1,0.01417424711442914,17.385781418253423
1698,True,1,0.014157937799571875,17.385781418253423
1699,False,-1,0.014141647250702598,17.385781418253423
1700,True,1,0.0141253754462286,17.133738480583013
1701,False,-1,0.014109122364582017,17.137467731426423
1702,True,-1,0.014092887984219803,17.139231274188035
1703,False,-1,0.014076672283623694,17.139438525428226
1704,True,-1,0.014060475241300193,17.13970807918847
1705,False,-1,0.014044296835780528,17.139727151388488
1706,True,-1,0.014028137045620634,17.13975003802851
1707,False,-1,0.014011995849401116,17.13975003802851
1708,True,-1,0.013995873225727231,17.13975003802851
1709,False,-1,0.013979769153228848,17.13975003802851
1710,True,-1,0.013963683610560424,17.13975003802851
1711,False,-1,0.013947616576400984,17.13975003802851
1712,True,-1,0.013931568029454078,17.13975003802851
1713,False,-1,0.013915537948447765,17.13975003802851
1714,True,-1,0.01389952631213458,17.13975003802851
1715,False,-1,0.0138835330992915,17.140413750589115
1716,True,-1,0.01386755828871993,17.140415022069117
1717,False,-1,0.013851601859245662,17.140415022069117
1718,True,-1,0.013835663789718854,17.140415022069117
1719,False,-1,0.013819744059013997,17.140415022069117
1720,True,-1,0.013803842646029891,17.140415022069117
1721,False,0,0.013787959529689617,17.140415022069117
1722,True,-1,0.013772094688940507,17.140415022069117
1723,False,-1,0.013756248102754115,17.140415022069117
1724,True,-1,0.013740419750126192,17.140415022069117
1725,False,-1,0.01372460961007666,17.140415022069117
1726,True,-1,0.013708817661649575,17.140415022069117
1727,False,-1,0.013693043883913113,17.140415022069117
1728,True,-1,0.013677288255959529,17.140415022069117
1729,False,-1,0.013661550756905137,17.140415022069117
1730,True,-1,0.013645831365890282,17.140415022069117
1731,False,-1,0.013630130062079308,17.140415022069117
1732,True,-1,0.013614446824660535,17.140415022069117
1733,False,-1,0.01359878163284623,17.140415022069117
1734,True,-1,0.013583134465872575,17.140415022069117
1735,False,-1,0.01356750530299965,17.140415022069117
1736,True,-1,0.013551894123511394,17.140415022069117
1737,False,-1,0.013536300906715584,17.14846984787648
1738,True,-1,0.013520725631943805,17.148486377116495
1739,False,-1,0.013505168278551426,17.148490191556498
1740,True,-1,0.013489628825917569,17.151768066999495
1741,False,-1,0.013474107253445082,17.1517706099595
1742,True,-1,0.013458603540560514,17.1517731529195
1743,False,-1,0.013443117666714088,17.1517731529195
1744,True,-1,0.013427649611379669,17.1517731529195
1745,False,-1,0.013412199354054742,17.1517731529195
1746,True,-1,0.01339676687426038,17.1517731529195
1747,False,-1,0.013381352151541225,17.1517731529195
1748,True,-1,0.013365955165465451,17.1517731529195
1749,False,-1,0.013350575895624743,17.1517731529195
1750,True,-1,0.013335214321634268,17.1517731529195
1751,False,-1,0.013319870423132648,17.1517731529195
1752,True,-1,0.013304544179781936,17.1517731529195
1753,False,-1,0.013289235571267584,17.1517731529195
1754,True,-1,0.013273944577298418,17.1517731529195
1755,False,-1,0.013258671177606615,17.1517731529195
1756,True,-1,0.013243415351947669,17.1517731529195
1757,False,-1,0.01322817708010037,17.1517731529195
1758,True,-1,0.013212956341866774,17.1517731529195
1759,False,-1,0.013197753117072178,17.1517731529195
1760,True,-1,0.013182567385565093,17.1517731529195
1761,False,-1,0.013167399127217216,17.1517731529195
1762,True,-1,0.013152248321923405,17.1517731529195
1763,False,-1,0.013137114949601651,17.1517731529195
1764,True,-1,0.013121998990193052,17.1517731529195
1765,False,-1,0.013106900423661787,17.1517731529195
1766,True,-1,0.01309181922999509,17.1517731529195
1767,False,-1,0.013076755389203219,17.1517731529195
1768,True,-1,0.013061708881319434,17.1517731529195
1769,False,-1,0.01304667968639997,17.1517731529195
1770,True,-1,0.013031667784524012,17.1517731529195
1771,False,-1,0.013016673155793662,17.1517731529195
1772,True,-1,0.01300169578033392,17.1517731529195
1773,False,-1,0.012986735638292654,17.1517731529195
1774,True,-1,0.012971792709840575,17.1517731529195
1775,False,-1,0.012956866975171209,17.1517731529195
1776,True,-1,0.012941958414500873,17.1517731529195
1777,False,-1,0.012927067008068649,17.1517731529195
1778,True,-1,0.012912192736136353,17.1517731529195
1779,False,-1,0.012897335578988514,17.1517731529195
1780,True,-1,0.012882495516932348,17.1517731529195
1781,False,-1,0.01286767253029773,17.1517731529195
1782,True,-1,0.012852866599437162,17.1517731529195
1783,False,-1,0.012838077704725762,17.1517731529195
1784,True,-1,0.012823305826561222,17.1517731529195
1785,False,-1,0.012808550945363793,17.1517731529195
1786,True,-1,0.012793813041576252,17.1517731529195
1787,False,-1,0.012779092095663882,17.1517731529195
1788,True,-1,0.012764388088114443,17.1517731529195
1789,False,-1,0.012749700999438143,17.1517731529195
1790,True,-1,0.01273503081016762,17.1517731529195
1791,False,-1,0.012720377500857909,17.1517731529195
1792,True,-1,0.012705741052086418,17.1517731529195
1793,False,-1,0.012691121444452908,17.1517731529195
1794,True,-1,0.012676518658579458,17.1517731529195
1795,False,-1,0.012661932675110444,17.1517731529195
1796,True,-1,0.012647363474712514,17.1517731529195
1797,False,-1,0.012632811038074563,17.1517731529195
1798,True,-1,0.012618275345907705,17.1517731529195
1799,False,-1,0.012603756378945249,17.1517731529195
1800,True,-1,0.01258925411794267,16.868320844780378
1801,False,-1,0.01257476854367759,16.869485520461446
1802,True,-1,0.012560299636949747,16.8697652460617
1803,False,-1,0.01254584737858097,16.86995469658187
1804,True,-1,0.012531411749415156,16.869976311741894
1805,False,-1,0.012516992730318246,16.86999411246191
1806,True,-1,0.012502590302178197,16.86999411246191
1807,False,-1,0.012488204445904951,16.86999538394191
1808,True,-1,0.012473835142430424,16.86999538394191
1809,False,-1,0.012459482372708466,16.86999538394191
1810,True,-1,0.012445146117714844,16.86999538394191
1811,False,-1,0.012430826358447215,16.86999538394191
1812,True,-1,0.012416523075925102,16.86999538394191
1813,False,-1,0.012402236251189865,16.86999538394191
1814,True,-1,0.012387965865304681,16.86999538394191
1815,False,-1,0.012373711899354514,16.86999538394191
1816,True,-1,0.012359474334446093,16.86999538394191
1817,False,-1,0.012345253151707886,16.86999538394191
1818,True,-1,0.012331048332290076,16.86999538394191
1819,False,-1,0.012316859857364536,16.86999538394191
1820,True,-1,0.0123026877081248,16.86999538394191
1821,False,-1,0.012288531865786044,16.86999538394191
1822,True,-1,0.012274392311585057,16.86999538394191
1823,False,-1,0.012260269026780218,16.86999538394191
1824,True,-1,0.01224616199265147,16.86999538394191
1825,False,-1,0.012232071190500298,16.86999538394191
1826,True,-1,0.0122179966016497,16.86999538394191
1827,False,-1,0.012203938207444165,16.86999538394191
1828,True,-1,0.012189895989249647,16.86999538394191
1829,False,-1,0.012175869928453542,16.86999538394191
1830,True,-1,0.01216186000646466,16.86999538394191
1831,False,-1,0.012147866204713207,16.86999538394191
1832,True,-1,0.01213388850465075,16.86999538394191
1833,False,-1,0.012119926887750206,16.86999538394191
1834,True,-1,0.012105981335505802,16.86999538394191
1835,False,-1,0.012092051829433062,16.86999538394191
1836,True,-1,0.012078138351068779,16.86999538394191
1837,False,-1,0.01206424088197099,16.86999538394191
1838,True,-1,0.01205035940371895,16.86999538394191
1839,False,-1,0.012036493897913114,16.86999538394191
1840,True,1,0.012022644346175103,16.877287321748575
1841,False,-1,0.012008810730147689,16.877287321748575
1842,True,-1,0.011994993031494762,16.877287321748575
1843,False,-1,0.011981191231901315,16.877287321748575
1844,True,-1,0.011967405313073408,16.877287321748575
1845,False,-1,0.011953635256738157,16.907949061976606
1846,True,-1,0.011939881044643703,16.908003735616656
1847,False,-1,0.011926142658559184,16.908021536336673
1848,True,-1,0.011912420080274717,16.908021536336673
1849,False,-1,0.011898713291601373,16.908021536336673
1850,True,-1,0.011885022274371151,16.908021536336673
1851,False,-1,0.011871347010436954,16.908021536336673
1852,True,-1,0.011857687481672567,16.908021536336673
1853,False,-1,0.011844043669972628,16.908021536336673
1854,True,-1,0.011830415557252612,16.908021536336673
1855,False,-1,0.011816803125448801,16.908021536336673
1856,True,-1,0.011803206356518261,16.908021536336673
1857,False,-1,0.011789625232438818,16.908021536336673
1858,True,-1,0.011776059735209036,16.908021536336673
1859,False,-1,0.011762509846848195,16.908021536336673
1860,True,-1,0.011748975549396258,16.908021536336673
1861,False,-1,0.011735456824913858,16.908021536336673
1862,True,-1,0.011721953655482266,16.908021536336673
1863,False,-1,0.011708466023203376,16.908021536336673
1864,True,-1,0.01169499391019967,16.908021536336673
1865,False,-1,0.011681537298614205,16.908021536336673
1866,True,-1,0.011668096170610584,16.908021536336673
1867,False,-1,0.011654670508372931,16.908021536336673
1868,True,-1,0.01164126029410587,16.908021536336673
1869,False,-1,0.011627865510034504,16.908021536336673
1870,True,-1,0.011614486138404384,16.908021536336673
1871,False,-1,0.011601122161481492,16.908021536336673
1872,True,-1,0.011587773561552215,16.908021536336673
1873,False,-1,0.011574440320923323,16.908021536336673
1874,True,-1,0.011561122421921942,16.908021536336673
1875,False,-1,0.011547819846895535,16.908021536336673
1876,True,-1,0.011534532578211876,16.908021536336673
1877,False,-1,0.011521260598259026,16.908021536336673
1878,True,-1,0.01150800388944531,16.908021536336673
1879,False,-1,0.011494762434199298,16.908021536336673
1880,True,-1,0.011481536214969779,16.908021536336673
1881,False,-1,0.01146832521422573,16.908021536336673
1882,True,-1,0.011455129414456307,16.908021536336673
1883,False,-1,0.011441948798170811,16.908021536336673
1884,True,-1,0.011428783347898668,16.908021536336673
1885,False,-1,0.011415633046189406,16.908021536336673
1886,True,-1,0.011402497875612636,16.908021536336673
1887,False,-1,0.01138937781875802,16.908021536336673
1888,True,-1,0.011376272858235257,16.908021536336673
1889,False,-1,0.011363182976674052,16.908021536336673
1890,True,-1,0.011350108156724098,16.908021536336673
1891,False,-1,0.011337048381055054,16.908021536336673
1892,True,-1,0.011324003632356517,16.908021536336673
1893,False,-1,0.011310973893338003,16.908021536336673
1894,True,-1,0.011297959146728924,16.908021536336673
1895,False,-1,0.011284959375278562,16.90834703521697
1896,True,-1,0.011271974561756049,16.90834703521697
1897,False,-1,0.011259004688950342,16.90834703521697
1898,True,-1,0.011246049739670208,16.90834703521697
1899,False,-1,0.011233109696744185,16.90834703521697
1900,True,1,0.011220184543020576,16.6277937014805
1901,False,-1,0.011207274261367417,16.631467007203856
1902,True,1,0.011194378834672456,16.633901891406083
1903,False,-1,0.011181498245843132,16.6343570812465
1904,True,1,0.01116863247780655,16.63610028032809
1905,False,-1,0.011155781513509462,16.636147325088135
1906,True,1,0.011142945335918239,16.637450592089326
1907,False,-1,0.011130123928018851,16.637450592089326
1908,True,1,0.01111731727281685,16.638455061290244
1909,False,-1,0.011104525353337337,16.638455061290244
1910,True,-1,0.011091748152624948,16.64074626825234
1911,False,-1,0.011078985653743824,16.64074881121234
1912,True,1,0.0110662378397776,16.642441151093887
1913,False,-1,0.011053504693829368,16.642441151093887
1914,True,1,0.011040786199021666,16.643107406614497
1915,False,-1,0.011028082338496453,16.643107406614497
1916,True,1,0.011015393095415082,16.64415892057546
1917,False,-1,0.011002718452958284,16.64415892057546
1918,True,0,0.01099005839432614,16.64415892057546
1919,False,-1,0.010977412902738065,16.64415892057546
1920,True,1,0.010964781961432779,16.6446395400159
1921,False,-1,0.010952165553668288,16.6446395400159
1922,True,1,0.010939563662721865,16.645326139216525
1923,False,-1,0.01092697627189002,16.645326139216525
1924,True,1,0.01091440336448849,16.645683425096852
1925,False,-1,0.0109018449238522,16.645683425096852
1926,True,1,0.010889300933335257,16.646147515297276
1927,False,-1,0.01087677137631092,16.646147515297276
1928,True,-1,0.010864256236171576,16.649022331579904
1929,False,-1,0.010851755496328726,16.64902741749991
1930,True,1,0.010839269140212954,16.649330029740185
1931,False,-1,0.010826797151273914,16.649330029740185
1932,True,1,0.010814339512980298,16.64953219506037
1933,False,-1,0.010801896208819823,16.64953219506037
1934,True,1,0.010789467222299204,16.6496733293405
1935,False,-1,0.010777052536944134,16.6496733293405
1936,True,1,0.010764652136299263,16.649776319220592
1937,False,-1,0.010752266003928174,16.649776319220592
1938,True,1,0.010739894123413361,16.649843707660654
1939,False,-1,0.01072753647835621,16.649843707660654
1940,True,1,0.010715193052376976,16.649883123540693
1941,False,-1,0.01070286382911476,16.649883123540693
1942,True,1,0.01069054879222749,16.649904738700712
1943,False,-1,0.010678247925391895,16.649904738700712
1944,True,1,0.010665961212303489,16.64991363906072
1945,False,-1,0.010653688636676543,16.64991363906072
1946,True,1,0.010641430182244069,16.64991618202072
1947,False,-1,0.010629185832757798,16.64991618202072
1948,True,1,0.010616955571988154,16.649917453500723
1949,False,-1,0.010604739383724235,16.649917453500723
1950,True,1,0.010592537251773794,16.649917453500723
1951,False,-1,0.010580349159963214,16.649917453500723
1952,True,1,0.010568175092137488,16.649917453500723
1953,False,-1,0.010556015032160197,16.72199384032661
1954,True,1,0.01054386896391349,16.72199384032661
1955,False,-1,0.010531736871298061,16.722134974606742
1956,True,1,0.010519618738233129,16.722134974606742
1957,False,-1,0.010507514548656414,16.722134974606742
1958,True,1,0.010495424286524122,16.722134974606742
1959,False,-1,0.010483347935810914,16.722134974606742
1960,True,1,0.010471285480509893,16.722134974606742
1961,False,-1,0.010459236904632581,16.722134974606742
1962,True,1,0.010447202192208896,16.722134974606742
1963,False,-1,0.010435181327287131,16.722134974606742
1964,True,1,0.010423174293933935,16.722134974606742
1965,False,-1,0.010411181076234288,16.722134974606742
1966,True,1,0.010399201658291484,16.722134974606742
1967,False,-1,0.01038723602422711,16.722134974606742
1968,True,1,0.010375284158181017,16.722134974606742
1969,False,-1,0.010363346044311312,16.722134974606742
1970,True,1,0.010351421666794328,16.722134974606742
1971,False,-1,0.010339511009824602,16.722134974606742
1972,True,1,0.010327614057614863,16.722134974606742
1973,False,-1,0.010315730794395999,16.722134974606742
1974,True,1,0.010303861204417048,16.722134974606742
1975,False,-1,0.010292005271945168,16.722134974606742
1976,True,1,0.01028016298126562,16.722134974606742
1977,False,-1,0.010268334316681749,16.722134974606742
1978,True,1,0.01025651926251496,16.722134974606742
1979,False,-1,0.010244717803104696,16.722134974606742
1980,True,1,0.010232929922808423,16.722134974606742
1981,False,-1,0.010221155606001604,16.722134974606742
1982,True,1,0.01020939483707768,16.722134974606742
1983,False,-1,0.01019764760044805,16.722134974606742
1984,True,1,0.010185913880542049,16.722134974606742
1985,False,-1,0.010174193661806928,16.722134974606742
1986,True,1,0.010162486928707835,16.722134974606742
1987,False,-1,0.01015079366572779,16.722134974606742
1988,True,1,0.010139113857367672,16.722134974606742
1989,False,-1,0.010127447488146188,16.722134974606742
1990,True,1,0.010115794542599862,16.722134974606742
1991,False,-1,0.01010415500528301,16.722134974606742
1992,True,1,0.010092528860767721,16.722134974606742
1993,False,-1,0.010080916093643833,16.722134974606742
1994,True,1,0.010069316688518917,16.722134974606742
1995,False,-1,0.010057730630018257,16.722134974606742
1996,True,1,0.010046157902784826,16.727129348051307
1997,False,-1,0.010034598491479266,16.727129348051307
1998,True,1,0.01002305238077987,16.72714333433132
1999,False,-1,0.010011519555382563,16.72714333433132
