episode,agent_first,outcome,epsilon,drift_pct
0,True,-1,0.1,19.225450230495177
1,False,-1,0.09988493699365053,19.22594483621563
2,True,-1,0.09977000638225535,19.22749858477705
3,False,-1,0.09965520801347685,19.22752147141707
4,True,-1,0.09954054173515271,19.22774016597727
5,False,-1,0.09942600739529568,19.22775033781728
6,True,-1,0.09931160484209339,19.228046592657552
7,False,-1,0.09919733392390816,19.228050407097555
8,True,-1,0.09908319448927677,19.228303431617785
9,False,-1,0.09896918638691031,19.22830724605779
10,True,-1,0.09885530946569392,19.22848271029795
11,False,-1,0.09874156357468661,19.228491610657958
12,True,-1,0.09862794856312108,19.22865944601811
13,False,-1,0.09851446428040354,19.228660717498112
14,True,-1,0.09840111057611342,19.228870511698304
15,False,-1,0.09828788730000326,19.22887559761831
16,True,-1,0.09817479430199849,19.229001474138425
17,False,-1,0.0980618314321972,19.229001474138425
18,True,-1,0.09794899854086996,19.229769448059127
19,False,-1,0.09783629547845962,19.229770719539125
20,True,-1,0.09772372209558115,19.230422988779722
21,False,-1,0.09761127824302136,19.23042934617973
22,True,-1,0.09749896377173879,19.231189691220425
23,False,0,0.09738677853286344,19.231189691220425
24,True,-1,0.09727472237769662,19.23250694450163
25,False,-1,0.09716279515771073,19.232510758941633
26,True,-1,0.09705099672454907,19.232613748821727
27,False,-1,0.09693932693002567,19.233019350942097
28,True,-1,0.09682778562612504,19.23309945418217
29,False,-1,0.09671637266500199,19.233948802822947
30,True,-1,0.09660508789898148,19.23401619126301
31,False,-1,0.09649393118055835,19.236135748424946
32,True,-1,0.0963829023623972,19.236201865385006
33,False,-1,0.09627200129733214,19.23620567982501
34,True,-1,0.09616122783836661,19.237381798826085
35,False,-1,0.09605058183867321,19.237383070306088
36,True,-1,0.09594006315159347,19.23751657570621
37,False,-1,0.09582967163063766,19.237521661626214
38,True,-1,0.09571940712948461,19.23883255750741
39,False,0,0.09560926950198152,19.23883255750741
40,True,-1,0.09549925860214377,19.238950805147518
41,False,-1,0.09538937428415467,19.23895207662752
42,True,-1,0.09527961640236536,19.239044894667604
43,False,-1,0.09516998481129454,19.239044894667604
44,True,-1,0.09506047936562832,19.239375479467906
45,False,-1,0.09495109992022001,19.239375479467906
46,True,-1,0.09484184633008991,19.239427610147956
47,False,-1,0.09473271845042515,19.239428881627955
48,True,-1,0.0946237161365795,19.239468297507994
49,False,-1,0.09451483924407315,19.239468297507994
50,True,-1,0.09440608762859254,19.23949754154802
51,False,-1,0.09429746114599015,19.239501355988022
52,True,-1,0.09418895965228434,19.239526785588044
53,False,-1,0.09408058300365912,19.239526785588044
54,True,-1,0.09397233105646399,19.24007860790855
55,False,-1,0.09386420366721374,19.240079879388553
56,True,-1,0.09375620069258823,19.24184977955017
57,False,-1,0.09364832198943229,19.241856136950176
58,True,-1,0.09354056741475542,19.242109161470406
59,False,-1,0.09343293682573163,19.243867618312013
60,True,-1,0.09332543007969933,19.243899405312042
61,False,0,0.09321804703416105,19.243899405312042
62,True,-1,0.09311078754678327,19.24436603847247
63,False,-1,0.09300365147539627,19.24436603847247
64,True,-1,0.09289663867799389,19.244380024752484
65,False,-1,0.09278974901273337,19.244380024752484
66,True,-1,0.09268298233793519,19.244388925112492
67,False,-1,0.0925763385120828,19.244394011032494
68,True,-1,0.09246981739382253,19.244472842792568
69,False,-1,0.09236341884196332,19.244472842792568
70,True,-1,0.0922571427154766,19.244479200192572
71,False,-1,0.09215098887349604,19.244479200192572
72,True,-1,0.09204495717531742,19.244797070192863
73,False,-1,0.09193904748039841,19.244798341672865
74,True,-1,0.0918332596483584,19.24485937271292
75,False,-1,0.09172759353897827,19.24485937271292
76,True,-1,0.0916220490122003,19.245245902633275
77,False,-1,0.09151662592812786,19.245245902633275
78,True,-1,0.09141132414702534,19.245295490353318
79,False,-1,0.0913061435293179,19.246382605754313
80,True,-1,0.0912010839355913,19.24639023463432
81,False,-1,0.0910961452265917,19.248101646715885
82,True,-1,0.0909913272632255,19.248432231516187
83,False,-1,0.09088662990655913,19.24843350299619
84,True,-1,0.09078205301781891,19.248701785276435
85,False,-1,0.09067759645839084,19.24870814267644
86,True,-1,0.09057326008982036,19.248929380196643
87,False,-1,0.09046904377381228,19.248931923156643
88,True,-1,0.0903649473722305,19.249118830716814
89,False,-1,0.09026097074709788,19.249120102196816
90,True,-1,0.09015711376059604,19.250934504158476
91,False,-1,0.09005337627506518,19.25093831859848
92,True,-1,0.08994975815300388,19.253026088760386
93,False,-1,0.08984625925706895,19.253034989120394
94,True,-1,0.08974287945007521,19.253046432440406
95,False,-1,0.08963961859499536,19.25336048800069
96,True,-1,0.08953647655495975,19.25336048800069
97,False,-1,0.08943345319325621,19.253363030960696
98,True,-1,0.08933054837332989,19.253364302440694
99,False,-1,0.08922776195878306,19.253364302440694
100,True,-1,0.08912509381337493,19.255552519522695
101,False,-1,0.08902254380102147,19.255556333962698
102,True,-1,0.08892011178579523,19.25571272600284
103,False,-1,0.08881779763192517,19.255716540442847
104,True,-1,0.08871560120379648,19.256306507163384
105,False,-1,0.08861352236595038,19.256307778643386
106,True,-1,0.08851156098308395,19.256309050123388
107,False,-1,0.08840971692004997,19.25631159308339
108,True,-1,0.08830799004185669,19.25631159308339
109,False,-1,0.08820638021366772,19.25663963492369
110,True,-1,0.08810488730080182,19.25663963492369
111,False,-1,0.0880035111687327,19.256640906403693
112,True,-1,0.08790225168308885,19.256765511443806
113,False,-1,0.0878011087096534,19.257038879644053
114,True,-1,0.08770008211436389,19.257074481084086
115,False,-1,0.08759917176331214,19.257074481084086
116,True,-1,0.08749837752274403,19.257074481084086
117,False,-1,0.08739769925905934,19.257074481084086
118,True,-1,0.08729713683881159,19.257074481084086
119,False,-1,0.08719669012870783,19.25729571860429
120,True,-1,0.0870963589956085,19.258284930045193
121,False,-1,0.08699614330652722,19.258286201525195
122,True,-1,0.08689604292863062,19.25911139204595
123,False,-1,0.08679605772923821,19.25911266352595
124,True,-1,0.08669618757582212,19.259141907565976
125,False,-1,0.086596432336007,19.25984503600662
126,True,-1,0.0864967918775698,19.25984757896662
127,False,-1,0.08639726606843962,19.259848850446623
128,True,-1,0.0862978547766975,19.259951840326718
129,False,-1,0.08619855787057633,19.259951840326718
130,True,-1,0.08609937521846055,19.259960740686726
131,False,-1,0.08600030668888607,19.259960740686726
132,True,-1,0.08590135215054007,19.260039572446797
133,False,-1,0.0858025114722608,19.260039572446797
134,True,-1,0.08570378452303745,19.260103146446856
135,False,-1,0.08560517117200997,19.260103146446856
136,True,-1,0.08550667128846884,19.260480776007203
137,False,-1,0.08540828474185495,19.260480776007203
138,True,-1,0.08531001140175945,19.260499848207218
139,False,-1,0.0852118511379235,19.260765587527462
140,True,-1,0.08511380382023816,19.260765587527462
141,False,-1,0.08501586931874419,19.260989368007667
142,True,-1,0.0849180475036319,19.26099445392767
143,False,-1,0.08482033824524093,19.262180744768756
144,True,-1,0.08472274141406017,19.262880058769394
145,False,-1,0.08462525688072745,19.262882601729398
146,True,-1,0.08452788451602951,19.2628851446894
147,False,-1,0.08443062419090175,19.263628960490077
148,True,-1,0.08433347577642807,19.263949373450373
149,False,-1,0.0842364391438407,19.263951916410374
150,True,-1,0.08413951416452005,19.263964631210385
151,False,-1,0.0840427007099945,19.263964631210385
152,True,-1,0.08394599865194029,19.26579556241206
153,False,-1,0.08384940786218127,19.26579683389206
154,True,-1,0.0837529282126888,19.267963435814043
155,False,-1,0.08365655957558156,19.267969793214046
156,True,-1,0.08356030182312535,19.267982508014057
157,False,-1,0.08346415482773296,19.26816941557423
158,True,-1,0.08336811846196399,19.268171958534232
159,False,-1,0.08327219259852466,19.268173230014234
160,True,-1,0.08317637711026767,19.268658935374678
161,False,-1,0.08308067187019201,19.268658935374678
162,True,-1,0.08298507675144282,19.26866020685468
163,False,-1,0.08288959162731119,19.26866147833468
164,True,-1,0.08279421637123399,19.268669107214688
165,False,-1,0.08269895085679375,19.268669107214688
166,True,-1,0.08260379495771845,19.268669107214688
167,False,-1,0.08250874854788134,19.26937605009533
168,True,-1,0.08241381150130082,19.269381136015337
169,False,-1,0.08231898369214023,19.26938240749534
170,True,-1,0.08222426499470771,19.269386221935342
171,False,-1,0.08212965528345603,19.269387493415344
172,True,-1,0.08203515443298243,19.269388764895343
173,False,-1,0.0819407623180284,19.269388764895343
174,True,-1,0.08184647881347959,19.269971102735877
175,False,-1,0.08175230379436561,19.26997237421588
176,True,-1,0.08165823713585986,19.26997491717588
177,False,-1,0.08156427871327936,19.26997491717588
178,True,-1,0.08147042840208459,19.270027047855926
179,False,-1,0.08137668607787935,19.270027047855926
180,True,-1,0.08128305161641056,19.270027047855926
181,False,-1,0.08118952489356812,19.270623371976473
182,True,-1,0.08109610578538472,19.270627186416476
183,False,-1,0.0810027941680357,19.27117646577698
184,True,-1,0.08090958991783888,19.27117773725698
185,False,-1,0.08081649291125438,19.27197368373771
186,True,-1,0.08072350302488447,19.27197876965771
187,False,-1,0.08063062013547342,19.27197876965771
188,True,-1,0.08053784411990732,19.27197876965771
189,False,-1,0.0804451748552139,19.27197876965771
190,True,-1,0.0803526122185624,19.27202072849775
191,False,-1,0.08026015608726338,19.27202072849775
192,True,-1,0.08016780633876859,19.272510248298197
193,False,-1,0.08007556285067077,19.2725115197782
194,True,-1,0.07998342550070352,19.2725127912582
195,False,-1,0.07989139416674111,19.2725127912582
196,True,-1,0.07979946872679834,19.272926022258577
197,False,-1,0.07970764905903037,19.272926022258577
198,True,-1,0.07961593504173256,19.272926022258577
199,False,-1,0.0795243265533403,19.272926022258577
200,True,-1,0.07943282347242885,19.272926022258577
201,False,-1,0.0793414256777132,19.272926022258577
202,True,-1,0.07925013304804789,19.274291591779825
203,False,-1,0.07915894546242684,19.274292863259827
204,True,-1,0.07906786279998322,19.27429540621983
205,False,-1,0.07897688493998928,19.27429540621983
206,True,-1,0.07888601176185615,19.27429667769983
207,False,-1,0.07879524314513375,19.27479128342028
208,True,-1,0.07870457896951058,19.274792554900284
209,False,-1,0.07861401911481355,19.274792554900284
210,True,-1,0.07852356346100789,19.274792554900284
211,False,-1,0.07843321188819691,19.274792554900284
212,True,-1,0.0783429642766219,19.274792554900284
213,False,-1,0.07825282050666191,19.274792554900284
214,True,-1,0.07816278045883368,19.274792554900284
215,False,-1,0.0780728440137914,19.274792554900284
216,True,-1,0.07798301105232659,19.274795097860288
217,False,-1,0.07789328145536793,19.274795097860288
218,True,-1,0.07780365510398113,19.275205785900663
219,False,-1,0.07771413187936871,19.275205785900663
220,True,-1,0.07762471166286991,19.275205785900663
221,False,-1,0.0775353943359605,19.275626645781045
222,True,-1,0.07744617978025262,19.27562918874105
223,False,-1,0.07735706787749463,19.27562918874105
224,True,-1,0.07726805850957098,19.27562918874105
225,False,-1,0.077179151558502,19.27562918874105
226,True,-1,0.07709034690644376,19.275823725181226
227,False,-1,0.07700164443568797,19.275823725181226
228,True,-1,0.07691304402866173,19.27582499666123
229,False,-1,0.07682454556792745,19.27582499666123
230,True,-1,0.07673614893618266,19.275855512181256
231,False,-1,0.07664785401625987,19.276214069541584
232,True,-1,0.0765596606911264,19.276214069541584
233,False,-1,0.07647156884388422,19.27638571934174
234,True,-1,0.07638357835776984,19.27638571934174
235,False,-1,0.07629568911615407,19.27638571934174
236,True,-1,0.07620790100254198,19.27638571934174
237,False,-1,0.07612021390057261,19.27638571934174
238,True,-1,0.07603262769401896,19.27638571934174
239,False,-1,0.07594514226678771,19.27638571934174
240,True,-1,0.07585775750291915,19.27638571934174
241,False,-1,0.075770473286587,19.27638571934174
242,True,-1,0.07568328950209821,19.27638571934174
243,False,-1,0.07559620603389292,19.27638571934174
244,True,-1,0.07550922276654418,19.277540223182797
245,False,-1,0.07542233958475786,19.278290396383483
246,True,-1,0.07533555637337253,19.278292939343483
247,False,-1,0.07524887301735922,19.278295482303488
248,True,-1,0.07516228940182135,19.278295482303488
249,False,-1,0.07507580541199452,19.278295482303488
250,True,-1,0.07498942093324638,19.278319640423508
251,False,-1,0.07490313585107652,19.278322183383512
252,True,-1,0.07481695005111624,19.279296137064403
253,False,-1,0.07473086341912843,19.2792974085444
254,True,-1,0.07464487584100746,19.279617821504697
255,False,-1,0.07455898720277895,19.279619092984696
256,True,-1,0.07447319739059971,19.279620364464698
257,False,-1,0.07438750629075751,19.279620364464698
258,True,-1,0.07430191378967095,19.279620364464698
259,False,-1,0.07421641977388936,19.279620364464698
260,True,-1,0.07413102413009258,19.279620364464698
261,False,-1,0.07404572674509084,19.2796216359447
262,True,-1,0.07396052750582462,19.279967478505014
263,False,-1,0.07387542629936449,19.279967478505014
264,True,0,0.07379042301291094,19.279967478505014
265,False,-1,0.07370551753379428,19.279967478505014
266,True,0,0.07362070974947446,19.279967478505014
267,False,-1,0.07353599954754089,19.279967478505014
268,True,-1,0.07345138681571235,19.279967478505014
269,False,-1,0.0733668714418368,19.279967478505014
270,True,-1,0.07328245331389127,19.279967478505014
271,False,-1,0.07319813231998165,19.280075554305114
272,True,-1,0.07311390834834261,19.280075554305114
273,False,-1,0.0730297812873374,19.280075554305114
274,True,-1,0.07294575102545775,19.280075554305114
275,False,-1,0.07286181745132365,19.280075554305114
276,True,-1,0.07277798045368329,19.280217960065244
277,False,-1,0.07269423992141284,19.280217960065244
278,True,-1,0.07261059574351636,19.28050785750551
279,False,-1,0.0725270478091256,19.28050785750551
280,True,-1,0.07244359600749989,19.280750710185732
281,False,-1,0.072360240228026,19.280750710185732
282,True,-1,0.07227698036021792,19.280750710185732
283,False,-1,0.07219381629371682,19.280750710185732
284,True,-1,0.07211074791829085,19.280750710185732
285,False,-1,0.07202777512383497,19.280750710185732
286,True,-1,0.07194489780037085,19.280750710185732
287,False,-1,0.07186211583804668,19.280750710185732
288,True,-1,0.07177942912713707,19.281134697146083
289,False,-1,0.07169683755804289,19.281137240106084
290,True,-1,0.0716143410212911,19.281385178706312
291,False,-1,0.07153193940753463,19.281385178706312
292,True,-1,0.07144963260755223,19.2814843541464
293,False,-1,0.07136742051224833,19.281485625626402
294,True,-1,0.07128530301265286,19.28150469782642
295,False,-1,0.07120327999992117,19.28165981838656
296,True,-1,0.07112135136533382,19.28165981838656
297,False,-1,0.07103951700029648,19.281661089866564
298,True,-1,0.07095777679633979,19.281661089866564
299,False,-1,0.07087613064511916,19.281661089866564
300,True,-1,0.0707945784384147,19.281661089866564
301,False,-1,0.07071312006813102,19.281661089866564
302,True,-1,0.07063175542629711,19.281661089866564
303,False,-1,0.0705504844050662,19.281661089866564
304,True,-1,0.07046930689671561,19.281661089866564
305,False,-1,0.07038822279364661,19.281661089866564
306,True,-1,0.07030723198838426,19.281661089866564
307,False,-1,0.07022633437357732,19.281661089866564
308,True,-1,0.07014552984199805,19.281661089866564
309,False,-1,0.07006481828654208,19.281661089866564
310,True,-1,0.06998419960022828,19.281661089866564
311,False,-1,0.06990367367619864,19.28196497358684
312,True,-1,0.06982324040771808,19.28196497358684
313,False,-1,0.06974289968817433,19.28196497358684
314,True,-1,0.06966265141107782,19.282790164107595
315,False,-1,0.06958249547006147,19.282790164107595
316,True,-1,0.06950243175888063,19.282791435587598
317,False,-1,0.06942246017141286,19.282791435587598
318,True,-1,0.06934258060165786,19.283489478108233
319,False,-1,0.06926279294373729,19.283489478108233
320,True,-1,0.0691830970918946,19.283695457868422
321,False,-1,0.06910349294049499,19.283695457868422
322,True,-1,0.06902398038402516,19.283696729348424
323,False,-1,0.06894455931709323,19.283951025348657
324,True,-1,0.06886522963442858,19.283953568308657
325,False,-1,0.06878599123088174,19.283953568308657
326,True,-1,0.0687068440014242,19.2845422635492
327,False,-1,0.06862778784114831,19.2845422635492
328,True,-1,0.06854882264526714,19.285040683709653
329,False,-1,0.06846994830911432,19.285040683709653
330,True,-1,0.06839116472814392,19.285043226669654
331,False,-1,0.06831247179793029,19.285043226669654
332,True,-1,0.06823386941416795,19.285128415829732
333,False,-1,0.06815535747267143,19.285128415829732
334,True,-1,0.06807693586937513,19.285128415829732
335,False,-1,0.06799860450033322,19.285128415829732
336,True,-1,0.06792036326171945,19.285128415829732
337,False,-1,0.06784221204982703,19.285128415829732
338,True,-1,0.06776415076106851,19.285128415829732
339,False,0,0.06768617929197562,19.285128415829732
340,True,-1,0.06760829753919918,19.28530006562989
341,False,-1,0.06753050539950887,19.28530006562989
342,True,-1,0.06745280276979321,19.28547552987005
343,False,-1,0.0673751895470593,19.28547552987005
344,True,-1,0.0672976656284328,19.28561412119018
345,False,0,0.0672202309111577,19.28561412119018
346,True,-1,0.06714288529259625,19.28561412119018
347,False,-1,0.0670656286702288,19.28561666415018
348,True,-1,0.06698846094165366,19.28561666415018
349,False,-1,0.06691138200458695,19.28570312479026
350,True,-1,0.06683439175686248,19.285761612870314
351,False,-1,0.06675749009643164,19.285761612870314
352,True,-1,0.06668067692136323,19.28577941359033
353,False,-1,0.06660395212984332,19.28577941359033
354,True,-1,0.06652731562017516,19.28577941359033
355,False,-1,0.06645076729077898,19.28577941359033
356,True,-1,0.06637430704019191,19.28577941359033
357,False,-1,0.06629793476706783,19.28577941359033
358,True,-1,0.06622165037017723,19.28577941359033
359,False,-1,0.06614545374840707,19.28577941359033
360,True,-1,0.06606934480076064,19.28579085691034
361,False,-1,0.06599332342635748,19.28579085691034
362,True,-1,0.06591738952443318,19.28579085691034
363,False,-1,0.06584154299433928,19.28579085691034
364,True,-1,0.0657657837355431,19.28579085691034
365,False,-1,0.0656901116476277,19.28579085691034
366,True,-1,0.0656145266302916,19.28579085691034
367,False,-1,0.06553902858334881,19.286008279990536
368,True,-1,0.06546361740672857,19.28612144171064
369,False,-1,0.06538829300047526,19.28612144171064
370,True,-1,0.0653130552647483,19.28612144171064
371,False,-1,0.06523790409982198,19.286122713190643
372,True,-1,0.06516283940608533,19.286122713190643
373,False,-1,0.065087861084042,19.286122713190643
374,True,-1,0.06501296903431013,19.28613288503065
375,False,-1,0.0649381631576222,19.286315978150817
376,True,-1,0.06486344335482491,19.286323607030827
377,False,-1,0.06478880952687906,19.286323607030827
378,True,-1,0.06471426157485939,19.286323607030827
379,False,-1,0.0646397993999545,19.286452026510943
380,True,-1,0.06456542290346663,19.286452026510943
381,False,-1,0.06449113198681165,19.286452026510943
382,True,-1,0.06441692655151882,19.286452026510943
383,False,-1,0.0643428064992307,19.28652704383101
384,True,-1,0.06426877173170306,19.28652704383101
385,False,-1,0.06419482215080467,19.28652704383101
386,True,-1,0.06412095765851726,19.286576631551057
387,False,-1,0.0640471781569353,19.286731752111198
388,True,-1,0.06397348354826592,19.286731752111198
389,False,-1,0.06389987373482879,19.286731752111198
390,True,-1,0.06382634861905598,19.286731752111198
391,False,-1,0.0637529081034918,19.286731752111198
392,True,-1,0.0636795520907927,19.286736838031203
393,False,-1,0.06360628048372714,19.286736838031203
394,True,-1,0.06353309318517548,19.28876739159306
395,False,-1,0.0634599900981298,19.288776291953067
396,True,-1,0.06338697112569382,19.288783920833076
397,False,-1,0.06331403617108272,19.288786463793077
398,True,-1,0.06324118513762307,19.288786463793077
399,False,-1,0.06316841792875268,19.288786463793077
400,True,-1,0.06309573444802045,19.288794092673083
401,False,-1,0.06302313459908628,19.288794092673083
402,True,-1,0.06295061828572089,19.288797907113086
403,False,-1,0.06287818541180576,19.288797907113086
404,True,-1,0.06280583588133294,19.28880045007309
405,False,-1,0.06273356959840495,19.28880045007309
406,True,-1,0.06266138646723468,19.28880045007309
407,False,-1,0.06258928639214521,19.28880045007309
408,True,-1,0.06251726927756972,19.28921622403347
409,False,-1,0.062445335028051344,19.289217495513473
410,True,-1,0.06237348354824306,19.289217495513473
411,False,-1,0.062301714742907556,19.28921876699347
412,True,-1,0.06223002851691709,19.289221309953476
413,False,-1,0.062158424775253386,19.289221309953476
414,True,-1,0.062086903423007496,19.289221309953476
415,False,-1,0.062015464365379684,19.289315399473562
416,True,-1,0.061944107507679286,19.289410760473647
417,False,-1,0.0618728327553246,19.289410760473647
418,True,-1,0.06180164001384274,19.289410760473647
419,False,-1,0.06173052918886952,19.289410760473647
420,True,-1,0.061659500186149366,19.289485777793715
421,False,-1,0.061588552911535116,19.289485777793715
422,True,0,0.06151768727098796,19.289485777793715
423,False,-1,0.06144690317057729,19.289485777793715
424,True,-1,0.06137620051648057,19.289487049273717
425,False,-1,0.061305579214983225,19.289487049273717
426,True,-1,0.0612350391724785,19.289487049273717
427,False,-1,0.06116458029546737,19.289487049273717
428,True,-1,0.061094202490558365,19.289487049273717
429,False,-1,0.06102390566446749,19.289487049273717
430,True,-1,0.06095368972401809,19.289527736633755
431,False,-1,0.0608835545761407,19.289527736633755
432,True,-1,0.06081350012787296,19.289592582113816
433,False,-1,0.060743526286359484,19.289592582113816
434,True,-1,0.06067363295885171,19.289595125073816
435,False,-1,0.060603820052707806,19.289595125073816
436,True,-1,0.06053408747539253,19.289648527233865
437,False,-1,0.06046443513447712,19.289648527233865
438,True,-1,0.06039486293763916,19.289648527233865
439,False,-1,0.06032537079266247,19.289648527233865
440,True,-1,0.06025595860743696,19.289648527233865
441,False,-1,0.06018662628995854,19.289648527233865
442,True,-1,0.06011737374832899,19.289648527233865
443,False,-1,0.06004820089075581,19.289724816033935
444,True,-1,0.059979107625552135,19.289760417473968
445,False,-1,0.05991009386113658,19.289760417473968
446,True,-1,0.059841159506033165,19.289760417473968
447,False,-1,0.059772304468871135,19.289760417473968
448,True,-1,0.05970352865838489,19.289877393634075
449,False,-1,0.05963483198341383,19.289877393634075
450,True,-1,0.05956621435290225,19.289877393634075
451,False,0,0.059497675675899225,19.289877393634075
452,True,-1,0.05942921586155847,19.289877393634075
453,False,-1,0.05936083481913824,19.289877393634075
454,True,0,0.05929253245800119,19.289877393634075
455,False,-1,0.05922430868761427,19.290009627554195
456,True,-1,0.059156163417548605,19.290009627554195
457,False,-1,0.05908809655747936,19.290009627554195
458,True,-1,0.059020108017185643,19.290009627554195
459,False,-1,0.05895219770655036,19.290009627554195
460,True,-1,0.05888436553556011,19.290360556034518
461,False,-1,0.05881661141430508,19.290360556034518
462,True,-1,0.05874893525297889,19.290360556034518
463,False,-1,0.0586813369618785,19.290360556034518
464,True,-1,0.058613816451404094,19.29040124339455
465,False,-1,0.05854637363205894,19.290402514874554
466,True,-1,0.05847900841444929,19.290402514874554
467,False,-1,0.058411720709284264,19.290402514874554
468,True,-1,0.0583445104273757,19.29043048743458
469,False,-1,0.05827737747963808,19.290600865754737
470,True,-1,0.05821032177708837,19.29096832347507
471,False,-1,0.05814334323084595,19.290969594955072
472,True,-1,0.05807644175213244,19.290970866435075
473,False,-1,0.058009617252271634,19.290970866435075
474,True,-1,0.05794286964268934,19.290993753075096
475,False,-1,0.0578761988349133,19.290993753075096
476,True,-1,0.05780960474057305,19.290993753075096
477,False,-1,0.05774308727139979,19.290993753075096
478,True,-1,0.05767664633922631,19.290993753075096
479,False,-1,0.05761028185598684,19.290993753075096
480,True,-1,0.057543993733716936,19.290993753075096
481,False,-1,0.05747778188455337,19.290993753075096
482,True,-1,0.057411646220734004,19.290993753075096
483,False,-1,0.0573455866545977,19.290993753075096
484,True,-1,0.057279603098584174,19.290993753075096
485,False,-1,0.057213695465233895,19.290993753075096
486,True,-1,0.05714786366718796,19.290993753075096
487,False,-1,0.05708210761718799,19.290993753075096
488,True,-1,0.057016427228076004,19.290993753075096
489,False,-1,0.05695082241279432,19.291104371835196
490,True,-1,0.056885293084385405,19.291738840355777
491,False,-1,0.0568198391559918,19.29174011183578
492,True,-1,0.05675446054085598,19.291741383315777
493,False,-1,0.05668915715232024,19.291741383315777
494,True,-1,0.056623928903826594,19.291741383315777
495,False,-1,0.05655877570891666,19.291741383315777
496,True,-1,0.05649369748123152,19.291741383315777
497,False,-1,0.05642869413451164,19.291741383315777
498,True,-1,0.05636376558259672,19.292064339236074
499,False,-1,0.056298911739425604,19.292066882196075
500,True,-1,0.05623413251903618,19.292066882196075
501,False,-1,0.05616942783556523,19.292066882196075
502,True,-1,0.056104797603248324,19.292066882196075
503,False,-1,0.056040241736419735,19.292066882196075
504,True,-1,0.0559757601495123,19.292068153676077
505,False,-1,0.055911352757057296,19.292068153676077
506,True,-1,0.05584701947368436,19.292068153676077
507,False,-1,0.05578276021412136,19.292068153676077
508,True,-1,0.05571857489319427,19.29207069663608
509,False,-1,0.05565446342582707,19.29207069663608
510,True,-1,0.05559042572704164,19.29207069663608
511,False,-1,0.05552646171195763,19.29207069663608
512,True,-1,0.05546257129579236,19.292336435956322
513,False,-1,0.055398754393860695,19.292336435956322
514,True,-1,0.05533501092157495,19.29235423667634
515,False,-1,0.055271340794444776,19.29235423667634
516,True,-1,0.05520774392807702,19.29235550815634
517,False,-1,0.055144220238175654,19.29235550815634
518,True,-1,0.05508076964054163,19.29235550815634
519,False,-1,0.05501739205107279,19.29235550815634
520,True,-1,0.054954087385763746,19.29235550815634
521,False,-1,0.05489085556070577,19.29235550815634
522,True,-1,0.05482769649208667,19.29237966627636
523,False,-1,0.054764610096190706,19.29237966627636
524,True,-1,0.05470159628939846,19.29237966627636
525,False,-1,0.05463865498818672,19.29237966627636
526,True,-1,0.054575786109128395,19.292547501636516
527,False,-1,0.05451298956889237,19.292547501636516
528,True,-1,0.054450265284243425,19.292688635916644
529,False,-1,0.054387613172042104,19.292688635916644
530,True,-1,0.054325033149244625,19.292708979596664
531,False,-1,0.05426252513290275,19.292708979596664
532,True,-1,0.05420008904016369,19.292711522556665
533,False,-1,0.05413772478826998,19.292711522556665
534,True,-1,0.05407543229455939,19.29288062939682
535,False,-1,0.05401321147646479,19.29288062939682
536,True,-1,0.05395106225151407,19.292981076316913
537,False,-1,0.053888984537329994,19.292981076316913
538,True,-1,0.05382697825163014,19.29298234779691
539,False,-1,0.05376504331222673,19.293073894356997
540,True,-1,0.05370317963702658,19.29308788063701
541,False,-1,0.05364138714403096,19.29308788063701
542,True,-1,0.05357966575133547,19.29309678099702
543,False,-1,0.05351801537712998,19.29309678099702
544,True,-1,0.05345643593969848,19.293103138397022
545,False,-1,0.05339492735741898,19.293103138397022
546,True,-1,0.05333348954876341,19.293103138397022
547,False,-1,0.053272122432297515,19.293103138397022
548,True,-1,0.053210825926680735,19.293103138397022
549,False,-1,0.05314959995066611,19.293103138397022
550,True,-1,0.05308844442310015,19.293103138397022
551,False,-1,0.053027359262922756,19.293103138397022
552,True,-1,0.0529663443891671,19.293104409877024
553,False,-1,0.052905399720959506,19.293104409877024
554,True,-1,0.052844525177519364,19.293183241637095
555,False,-1,0.052783720678159,19.293183241637095
556,True,-1,0.0527229861422836,19.293183241637095
557,False,-1,0.05266232148939107,19.293183241637095
558,True,-1,0.05260172663907194,19.293183241637095
559,False,-1,0.05254120151100929,19.29326207339717
560,True,-1,0.05248074602497859,19.29327733115718
561,False,-1,0.052420360100847614,19.29327733115718
562,True,-1,0.052360043658576355,19.29327733115718
563,False,-1,0.0522997966182169,19.29327733115718
564,True,-1,0.05223961889991331,19.29336252031726
565,False,-1,0.05217951042390156,19.29336252031726
566,True,-1,0.05211947111050937,19.29342609431732
567,False,-1,0.05205950088015617,19.29342609431732
568,True,-1,0.05199959965335293,19.29342609431732
569,False,-1,0.05193976735070208,19.29342609431732
570,True,-1,0.05188000389289744,19.29342736579732
571,False,-1,0.05182030920072404,19.29342736579732
572,True,-1,0.051760683195058096,19.29342736579732
573,False,0,0.05170112579686683,19.29342736579732
574,True,-1,0.051641636927208426,19.29342736579732
575,False,-1,0.051582216507231896,19.29342736579732
576,True,-1,0.05152286445817698,19.293479496477367
577,False,-1,0.05146358070137403,19.293479496477367
578,True,-1,0.05140436515824394,19.293479496477367
579,False,-1,0.051345217750297996,19.293479496477367
580,True,-1,0.051286138399137815,19.293479496477367
581,False,-1,0.05122712702645521,19.293479496477367
582,True,-1,0.051168183554032104,19.29348076795737
583,False,-1,0.051109307903740415,19.29348076795737
584,True,-1,0.05105049999754196,19.293484582397372
585,False,-1,0.05099175975748835,19.293484582397372
586,True,-1,0.05093308710572088,19.293484582397372
587,False,-1,0.05087448196447043,19.293484582397372
588,True,-1,0.05081594425605739,19.29349348275738
589,False,-1,0.050757473902891495,19.29349348275738
590,True,-1,0.05069907082747178,19.29349602571738
591,False,-1,0.05064073495238643,19.29356214267744
592,True,-1,0.050582466200312745,19.29356214267744
593,False,-1,0.05052426449401696,19.29356214267744
594,True,-1,0.05046612975635418,19.29356214267744
595,False,-1,0.05040806191026829,19.29356214267744
596,True,-1,0.050350060878791826,19.29356214267744
597,False,-1,0.05029212658504589,19.29356214267744
598,True,-1,0.050234258952240055,19.29356214267744
599,False,-1,0.05017645790367222,19.29356214267744
600,True,-1,0.05011872336272857,19.29356214267744
601,False,-1,0.05006105525288344,19.29356214267744
602,True,-1,0.0500034534976992,19.293564685637445
603,False,-1,0.04994591802082618,19.293674032917544
604,True,-1,0.04988844874600257,19.293674032917544
605,False,-1,0.0498310455970543,19.293674032917544
606,True,-1,0.04977370849789495,19.293674032917544
607,False,-1,0.049716437372525644,19.293674032917544
608,True,-1,0.04965923214503496,19.293674032917544
609,False,-1,0.04960209273959881,19.293674032917544
610,True,-1,0.049545019080480375,19.293674032917544
611,False,-1,0.04948801109202995,19.29372489211759
612,True,-1,0.049431068698684896,19.29372489211759
613,False,-1,0.049374191824969514,19.29372489211759
614,True,0,0.04931738039549494,19.29372489211759
615,False,-1,0.04926063433495908,19.29372489211759
616,True,-1,0.04920395356814645,19.29372489211759
617,False,-1,0.049147338019928134,19.293816438677677
618,True,-1,0.049090787615261665,19.293816438677677
619,False,-1,0.04903430227919091,19.293892727477743
620,True,-1,0.04897788193684598,19.293892727477743
621,False,-1,0.04892152651344314,19.293892727477743
622,True,-1,0.04886523593428472,19.293892727477743
623,False,-1,0.04880901012475897,19.293892727477743
624,True,-1,0.048752849010339994,19.293892727477743
625,False,-1,0.04869675251658767,19.293892727477743
626,True,-1,0.04864072056914752,19.293892727477743
627,False,-1,0.048584753093750606,19.293892727477743
628,True,-1,0.048528850016213466,19.293893998957746
629,False,-1,0.04847301126243798,19.293893998957746
630,True,-1,0.048417236758411294,19.293893998957746
631,False,-1,0.04836152643020572,19.293938500757786
632,True,-1,0.04830588020397863,19.293946129637792
633,False,-1,0.04825029800597235,19.293946129637792
634,True,-1,0.048194779762514094,19.293946129637792
635,False,-1,0.04813932540001584,19.293946129637792
636,True,-1,0.04808393484497422,19.29398427403783
637,False,-1,0.048028608023970465,19.29398427403783
638,True,-1,0.047973344863670275,19.29398427403783
639,False,-1,0.047918145290823735,19.29398427403783
640,True,-1,0.0478630092322652,19.29398427403783
641,False,-1,0.04780793661491323,19.29398427403783
642,True,-1,0.047752927365770456,19.29398427403783
643,False,-1,0.04769798141192352,19.29398427403783
644,True,-1,0.04764309868054294,19.29398427403783
645,False,-1,0.04758827909888306,19.29398427403783
646,True,-1,0.0475335225942819,19.29398427403783
647,False,-1,0.04747882909416111,19.29398427403783
648,True,-1,0.047424198526025835,19.29398427403783
649,False,-1,0.04736963081746464,19.29398427403783
650,True,-1,0.04731512589614942,19.29398427403783
651,False,-1,0.04726068368983527,19.29398427403783
652,True,-1,0.04720630412636043,19.29398427403783
653,False,-1,0.047151987133646156,19.29398427403783
654,True,-1,0.04709773263969666,19.29398427403783
655,False,-1,0.047043540572598984,19.29398427403783
656,True,-1,0.04698941086052291,19.29398427403783
657,False,-1,0.046935343431720886,19.294042762117883
658,True,-1,0.0468813382145279,19.294042762117883
659,False,-1,0.046827395137361394,19.294042762117883
660,True,-1,0.046773514128721196,19.294042762117883
661,False,-1,0.04671969511718939,19.294042762117883
662,True,-1,0.04666593803143024,19.294042762117883
663,False,-1,0.046612242800190086,19.294042762117883
664,True,-1,0.04655860935229727,19.294042762117883
665,False,-1,0.046505037616662005,19.294042762117883
666,True,-1,0.04645152752227632,19.294042762117883
667,False,-1,0.04639807899821393,19.294042762117883
668,True,-1,0.04634469197363018,19.294108879077942
669,False,-1,0.04629136637776191,19.294108879077942
670,True,-1,0.046238102139927406,19.29416228123799
671,False,-1,0.046184899189526264,19.29416228123799
672,True,-1,0.04613175745603932,19.29416228123799
673,False,-1,0.04607867686902855,19.29416228123799
674,True,-1,0.04602565735813698,19.29416228123799
675,False,-1,0.0459726988530886,19.29416228123799
676,True,-1,0.04591980128368824,19.29416228123799
677,False,-1,0.04586696457982152,19.29416228123799
678,True,-1,0.045814188671454724,19.29416228123799
679,False,-1,0.04576147348863473,19.29416228123799
680,True,-1,0.04570881896148888,19.29416228123799
681,False,-1,0.04565622502022495,19.294210597478035
682,True,-1,0.045603691595130995,19.294210597478035
683,False,-1,0.04555121861657529,19.294210597478035
684,True,-1,0.045498806015006235,19.294210597478035
685,False,-1,0.045446453720952254,19.294210597478035
686,True,-1,0.0453941616650217,19.294210597478035
687,False,-1,0.04534192977790278,19.294210597478035
688,True,-1,0.04528975799036346,19.294210597478035
689,False,-1,0.04523764623325134,19.294210597478035
690,True,-1,0.04518559443749362,19.294210597478035
691,False,-1,0.045133602534096956,19.294210597478035
692,True,-1,0.0450816704541474,19.294210597478035
693,False,-1,0.04502979812881029,19.294251284838072
694,True,-1,0.04497798548933018,19.294251284838072
695,False,-1,0.04492623246703072,19.294312315878127
696,True,-1,0.0448745389933146,19.294317401798132
697,False,-1,0.044822904999663425,19.294317401798132
698,True,-1,0.04477133041763764,19.294317401798132
699,False,-1,0.044719815178876444,19.294317401798132
700,True,-1,0.0446683592150977,19.294317401798132
701,False,-1,0.04461696245809783,19.294317401798132
702,True,-1,0.04456562483975172,19.294317401798132
703,False,-1,0.04451434629201267,19.294356817678167
704,True,-1,0.04446312674691226,19.29440004799821
705,False,-1,0.04441196613656028,19.294426749078234
706,True,-1,0.04436086439314464,19.294428020558236
707,False,-1,0.04430982144893127,19.294428020558236
708,True,-1,0.044258837236264045,19.294430563518237
709,False,-1,0.044207911687564674,19.294430563518237
710,True,-1,0.04415704473533264,19.294430563518237
711,False,-1,0.04410623631214508,19.294430563518237
712,True,-1,0.04405548635065672,19.294430563518237
713,False,-1,0.04400479478359977,19.294430563518237
714,True,-1,0.043954161543783836,19.294430563518237
715,False,-1,0.04390358656409585,19.294430563518237
716,True,-1,0.043853069777499955,19.294458536078263
717,False,-1,0.04380261111703743,19.294458536078263
718,True,-1,0.04375221051582659,19.294458536078263
719,False,-1,0.04370186790706273,19.294458536078263
720,True,-1,0.043651583224017985,19.294458536078263
721,False,-1,0.043601356400041286,19.294458536078263
722,True,-1,0.043551187368558245,19.294458536078263
723,False,-1,0.04350107606307109,19.294458536078263
724,True,-1,0.04345102241715854,19.294458536078263
725,False,-1,0.04340102636447577,19.294485237158288
726,True,-1,0.04335108783875428,19.294485237158288
727,False,-1,0.0433012067738018,19.294485237158288
728,True,-1,0.04325138310350226,19.294485237158288
729,False,-1,0.04320161676181564,19.294485237158288
730,True,-1,0.043151907682777914,19.294485237158288
731,False,-1,0.043102255800500956,19.294485237158288
732,True,-1,0.04305266104917246,19.294485237158288
733,False,-1,0.043003123363055826,19.294485237158288
734,True,-1,0.04295364267649012,19.29448778011829
735,False,-1,0.04290421892388994,19.29448778011829
736,True,-1,0.042854852039745345,19.29448778011829
737,False,-1,0.04280554195862179,19.29448778011829
738,True,-1,0.04275628861516001,19.29448778011829
739,False,-1,0.042707091944075945,19.29448778011829
740,True,-1,0.04265795188016065,19.29448778011829
741,False,-1,0.042608868358280226,19.29448778011829
742,True,-1,0.042559841313375694,19.29448778011829
743,False,-1,0.042510870680462956,19.29448778011829
744,True,-1,0.042461956394632676,19.29448778011829
745,False,-1,0.04241309839105021,19.294538639318336
746,True,-1,0.042364296604955505,19.294557711518355
747,False,-1,0.042315550971663035,19.294557711518355
748,True,-1,0.04226686142656169,19.294557711518355
749,False,-1,0.04221822790511472,19.294592041478385
750,True,-1,0.042169650342859626,19.294592041478385
751,False,0,0.04212112867540807,19.294592041478385
752,True,-1,0.04207266283844581,19.294592041478385
753,False,-1,0.04202425276773261,19.294592041478385
754,True,-1,0.04197589839910215,19.294592041478385
755,False,-1,0.04192759966846194,19.294592041478385
756,True,-1,0.04187935651179323,19.29462891439842
757,False,0,0.041831168865150946,19.29462891439842
758,True,-1,0.04178303666466358,19.29462891439842
759,False,-1,0.04173495984653311,19.29462891439842
760,True,-1,0.04168693834703494,19.29462891439842
761,False,-1,0.04163897210251779,19.294670873238456
762,True,-1,0.04159106104940361,19.294670873238456
763,False,-1,0.04154320512418752,19.294670873238456
764,True,-1,0.0414954042634377,19.294670873238456
765,False,-1,0.04144765840379532,19.294670873238456
766,True,-1,0.04139996748197445,19.294670873238456
767,False,-1,0.04135233143476198,19.294670873238456
768,True,-1,0.04130475019901755,19.294670873238456
769,False,-1,0.04125722371167342,19.294670873238456
770,True,-1,0.041209751909734436,19.294670873238456
771,False,-1,0.04116233473027793,19.294691216918476
772,True,-1,0.04111497211045364,19.294691216918476
773,False,-1,0.0410676639874836,19.294691216918476
774,True,-1,0.041020410298662095,19.294691216918476
775,False,-1,0.04097321098135556,19.294691216918476
776,True,0,0.040926065973002496,19.294691216918476
777,False,-1,0.04087897521111339,19.294691216918476
778,True,-1,0.04083193863327062,19.294691216918476
779,False,-1,0.040784956177128406,19.294691216918476
780,True,-1,0.04073802778041268,19.294691216918476
781,False,-1,0.04069115338092105,19.294691216918476
782,True,-1,0.04064433291652269,19.294691216918476
783,False,-1,0.04059756632515825,19.294691216918476
784,True,-1,0.040550853544839796,19.294691216918476
785,False,-1,0.040504194513650726,19.294709017638493
786,True,-1,0.04045758916974568,19.294723003918502
787,False,-1,0.04041103745135045,19.294723003918502
788,True,-1,0.04036453929676191,19.294723003918502
789,False,-1,0.04031809464434794,19.294723003918502
790,True,-1,0.04027170343254732,19.294723003918502
791,False,-1,0.04022536559986969,19.29475224795853
792,True,-1,0.04017908108489541,19.29475224795853
793,False,-1,0.04013284982627553,19.29477386311855
794,True,-1,0.040086671762731695,19.29477386311855
795,False,-1,0.040040546833056044,19.29477386311855
796,True,-1,0.03999447497611116,19.29477386311855
797,False,-1,0.03994845613082996,19.2957058579594
798,True,-1,0.03990249023621562,19.2957058579594
799,False,-1,0.039856577231341526,19.295708400919406
800,True,-1,0.03981071705535114,19.295708400919406
801,False,-1,0.03976490964745797,19.295708400919406
802,True,-1,0.03971915494694545,19.295708400919406
803,False,-1,0.039673452893166886,19.295708400919406
804,True,-1,0.039627803425545366,19.295708400919406
805,False,-1,0.03958220648357367,19.295708400919406
806,True,-1,0.03953666200681421,19.295717301279414
807,False,-1,0.039491169934898936,19.295717301279414
808,True,-1,0.039445730207529256,19.295717301279414
809,False,-1,0.03940034276447597,19.295717301279414
810,True,-1,0.03935500754557916,19.29572493015942
811,False,-1,0.039309724490748155,19.29572493015942
812,True,-1,0.0392644935399614,19.29572493015942
813,False,-1,0.039219314633266424,19.29572493015942
814,True,-1,0.039174187710779726,19.29572493015942
815,False,-1,0.039129112712686716,19.295738916439433
816,True,-1,0.03908408957924162,19.295738916439433
817,False,0,0.039039118250767425,19.295738916439433
818,True,-1,0.038994198667655765,19.295738916439433
819,False,-1,0.03894933077036687,19.295738916439433
820,True,-1,0.038904514499429485,19.295738916439433
821,False,0,0.038859749795440775,19.295738916439433
822,True,-1,0.03881503659906625,19.295738916439433
823,False,-1,0.038770374851039714,19.295738916439433
824,True,-1,0.038725764492163146,19.295738916439433
825,False,-1,0.038681205463306646,19.295738916439433
826,True,-1,0.03863669770540835,19.295738916439433
827,False,-1,0.03859224115947434,19.295738916439433
828,True,-1,0.03854783576657861,19.29574527383944
829,False,-1,0.03850348146786292,19.29575671715945
830,True,-1,0.03845917820453678,19.29575671715945
831,False,-1,0.03841492591787734,19.29575671715945
832,True,-1,0.0383707245492293,19.29575671715945
833,False,-1,0.038326574040004883,19.29575671715945
834,True,-1,0.03828247433168369,19.29575671715945
835,False,-1,0.038238425365812685,19.295768160479458
836,True,-1,0.038194427084006076,19.295768160479458
837,False,-1,0.03815047942794526,19.295768160479458
838,True,-1,0.03810658233937872,19.2958126622795
839,False,-1,0.03806273576012199,19.2958126622795
840,True,-1,0.03801893963205754,19.295841906319527
841,False,-1,0.0379751938971347,19.295841906319527
842,True,-1,0.03793149849736961,19.295841906319527
843,False,-1,0.03788785337484513,19.295841906319527
844,True,-1,0.03784425847171075,19.295841906319527
845,False,-1,0.03780071373018253,19.295841906319527
846,True,-1,0.03775721909254302,19.295841906319527
847,False,-1,0.03771377450114118,19.29584826371953
848,True,-1,0.03767037989839231,19.29584826371953
849,False,-1,0.03762703522677795,19.29584826371953
850,True,-1,0.03758374042884584,19.29584826371953
851,False,-1,0.037540495447209825,19.29584826371953
852,True,-1,0.03749730022454977,19.29584826371953
853,False,-1,0.03745415470361151,19.29584826371953
854,True,-1,0.03741105882720675,19.29584826371953
855,False,-1,0.037368012538212994,19.29584826371953
856,True,-1,0.03732501577957348,19.29584826371953
857,False,-1,0.037282068494297084,19.29584826371953
858,True,-1,0.03723917062545827,19.29584826371953
859,False,-1,0.03719632211619701,19.29584826371953
860,True,-1,0.03715352290971868,19.295849535199533
861,False,-1,0.03711077294929401,19.295849535199533
862,True,0,0.037068072178259026,19.295849535199533
863,False,-1,0.037025420540014925,19.295849535199533
864,True,-1,0.03698281797802805,19.295849535199533
865,False,-1,0.036940264435829775,19.295849535199533
866,True,-1,0.03689775985701646,19.295853349639536
867,False,-1,0.03685530418524936,19.295853349639536
868,True,-1,0.03681289736425457,19.295853349639536
869,False,-1,0.036770539337822906,19.295853349639536
870,True,-1,0.036728230049809886,19.295853349639536
871,False,-1,0.03668596944413562,19.295853349639536
872,True,-1,0.03664375746478475,19.295853349639536
873,False,-1,0.03660159405580636,19.295853349639536
874,True,-1,0.03655947916131392,19.295853349639536
875,False,-1,0.0365174127254852,19.295853349639536
876,True,-1,0.03647539469256221,19.295853349639536
877,False,-1,0.03643342500685111,19.295853349639536
878,True,-1,0.03639150361272214,19.295853349639536
879,False,-1,0.036349630454609566,19.29585462111954
880,True,-1,0.03630780547701157,19.29585462111954
881,False,-1,0.036266028624490194,19.295863521479546
882,True,-1,0.03622429984167129,19.295863521479546
883,False,-1,0.03618261907324441,19.295863521479546
884,True,-1,0.036140986263962754,19.295863521479546
885,False,-1,0.036099401358643084,19.295863521479546
886,True,-1,0.03605786430216566,19.295863521479546
887,False,-1,0.03601637503947418,19.295863521479546
888,True,-1,0.03597493351557565,19.295863521479546
889,False,-1,0.0359335396755404,19.295863521479546
890,True,-1,0.03589219346450194,19.295863521479546
891,False,-1,0.03585089482765691,19.295863521479546
892,True,-1,0.035809643710265016,19.295863521479546
893,False,-1,0.03576844005764895,19.295863521479546
894,True,-1,0.035727283815194306,19.295863521479546
895,False,-1,0.03568617492834953,19.295863521479546
896,True,-1,0.035645113342625837,19.295863521479546
897,False,-1,0.03560409900359713,19.295863521479546
898,True,-1,0.035563131856899945,19.295863521479546
899,False,-1,0.035522211848233363,19.29586479295955
900,True,-1,0.03548133892335895,19.29586479295955
901,False,-1,0.03544051302810069,19.29586479295955
902,True,-1,0.03539973410834488,19.29586479295955
903,False,-1,0.035359002110040096,19.29586479295955
904,True,-1,0.03531831697919711,19.29586479295955
905,False,-1,0.03527767866188881,19.29586479295955
906,True,-1,0.03523708710425013,19.29586479295955
907,False,0,0.035196542252477994,19.29586479295955
908,True,-1,0.03515604405283123,19.29586479295955
909,False,-1,0.03511559245163049,19.29586479295955
910,True,-1,0.035075187395258216,19.29586479295955
911,False,-1,0.035034828830158515,19.29586479295955
912,True,-1,0.03499451670283714,19.29586479295955
913,False,-1,0.034954250959861384,19.29586479295955
914,True,-1,0.034914031547860026,19.29586479295955
915,False,-1,0.03487385841352325,19.29586479295955
916,True,-1,0.03483373150360259,19.29586479295955
917,False,-1,0.03479365076491084,19.29586479295955
918,True,-1,0.03475361614432199,19.29586479295955
919,False,-1,0.034713627588771175,19.29588005071956
920,True,-1,0.034673685045254574,19.29588005071956
921,False,-1,0.03463378846082935,19.29588005071956
922,True,0,0.034593937782613604,19.29588005071956
923,False,0,0.03455413295778626,19.29588005071956
924,True,-1,0.034514373933587035,19.29588005071956
925,False,-1,0.03447466065731635,19.29588005071956
926,True,-1,0.03443499307633526,19.29588005071956
927,False,-1,0.03439537113806539,19.29588005071956
928,True,-1,0.034355794789988875,19.29588005071956
929,False,-1,0.03431626397964826,19.29588005071956
930,True,-1,0.03427677865464645,19.29588005071956
931,False,-1,0.03423733876264665,19.29588005071956
932,True,-1,0.0341979442513723,19.29588005071956
933,False,-1,0.03415859506860695,19.295891494039573
934,True,-1,0.03411929116219427,19.295891494039573
935,False,-1,0.034080032480037915,19.295891494039573
936,True,-1,0.03404081897010151,19.295891494039573
937,False,-1,0.03400165058040852,19.295891494039573
938,True,-1,0.03396252725904226,19.295891494039573
939,False,-1,0.03392344895414574,19.295891494039573
940,True,-1,0.03388441561392167,19.295891494039573
941,False,-1,0.03384542718663234,19.295891494039573
942,True,-1,0.03380648362059958,19.295891494039573
943,False,-1,0.03376758486420467,19.295891494039573
944,True,-1,0.033728730865888304,19.295891494039573
945,False,-1,0.03368992157415049,19.295891494039573
946,True,-1,0.03365115693755049,19.295891494039573
947,False,-1,0.03361243690470676,19.295891494039573
948,True,-1,0.03357376142429688,19.295891494039573
949,False,-1,0.03353513044505749,19.295897851439577
950,True,0,0.03349654391578418,19.295897851439577
951,False,0,0.03345800178533151,19.295897851439577
952,True,-1,0.03341950400261284,19.295897851439577
953,False,-1,0.033381050516600355,19.295897851439577
954,True,-1,0.033342641276324914,19.295897851439577
955,False,-1,0.03330427623087605,19.295897851439577
956,True,-1,0.03326595532940187,19.295897851439577
957,False,-1,0.03322767852110898,19.295897851439577
958,True,-1,0.03318944575526245,19.295897851439577
959,False,-1,0.03315125698118571,19.295897851439577
960,True,-1,0.03311311214826052,19.295897851439577
961,False,-1,0.03307501120592686,19.295906751799585
962,True,-1,0.033036954103682896,19.295906751799585
963,False,-1,0.0329989407910849,19.295906751799585
964,True,-1,0.032960971217747194,19.295906751799585
965,False,-1,0.03292304533334207,19.295906751799585
966,True,-1,0.03288516308759972,19.295906751799585
967,False,-1,0.032847324430308196,19.295914380679594
968,True,-1,0.03280952931131332,19.295914380679594
969,False,-1,0.03277177768051861,19.295914380679594
970,True,-1,0.03273406948788524,19.295914380679594
971,False,-1,0.03269640468343195,19.295914380679594
972,True,-1,0.032658783217235,19.295914380679594
973,False,-1,0.032621205039428086,19.295914380679594
974,True,-1,0.03258367010020229,19.295914380679594
975,False,-1,0.032546178349806006,19.295914380679594
976,True,-1,0.03250872973854486,19.295914380679594
977,False,-1,0.03247132421678166,19.295914380679594
978,True,-1,0.032433961734936345,19.295914380679594
979,False,-1,0.03239664224348589,19.295914380679594
980,True,-1,0.03235936569296425,19.295914380679594
981,False,-1,0.0323221320339623,19.295914380679594
982,True,-1,0.03228494121712778,19.295914380679594
983,False,-1,0.03224779319316519,19.295914380679594
984,True,-1,0.03221068791283577,19.295914380679594
985,False,-1,0.03217362532695741,19.295914380679594
986,True,-1,0.032136605386404594,19.295914380679594
987,False,-1,0.03209962804210833,19.2959194665996
988,True,-1,0.032062693245056076,19.2959194665996
989,False,-1,0.032025800946291705,19.2959194665996
990,True,-1,0.0319889510969154,19.2959194665996
991,False,-1,0.031952143648083624,19.2959194665996
992,True,-1,0.03191537855100903,19.2959194665996
993,False,-1,0.031878655756960424,19.2959194665996
994,True,-1,0.03184197521726266,19.2959194665996
995,False,-1,0.03180533688329662,19.2959194665996
996,True,-1,0.03176874070649912,19.2959194665996
997,False,-1,0.03173218663836285,19.2959245525196
998,True,-1,0.03169567463043632,19.2959245525196
999,False,-1,0.03165920463432379,19.2959245525196
1000,True,-1,0.03162277660168521,19.2959245525196
1001,False,-1,0.03158639048423613,19.2959245525196
1002,True,-1,0.03155004623374768,19.2959245525196
1003,False,-1,0.031513743802046475,19.2959245525196
1004,True,-1,0.03147748314101457,19.2959245525196
1005,False,-1,0.031441264202589365,19.2959245525196
1006,True,-1,0.031405086938763586,19.2959245525196
1007,False,-1,0.03136895130158518,19.2959245525196
1008,True,-1,0.03133285724315727,19.2959245525196
1009,False,-1,0.0312968047156381,19.2959245525196
1010,True,-1,0.03126079367124096,19.2959245525196
1011,False,-1,0.031224824062234122,19.2959245525196
1012,True,-1,0.03118889584094078,19.2959245525196
1013,False,-1,0.031153008959738986,19.2959245525196
1014,True,-1,0.031117163371061587,19.2959245525196
1015,False,-1,0.031081359027396165,19.2959245525196
1016,True,-1,0.031045595881284967,19.2959245525196
1017,False,-1,0.031009873885324852,19.2959245525196
1018,True,-1,0.030974192992167214,19.2959245525196
1019,False,-1,0.030938553154517937,19.2959245525196
1020,True,-1,0.030902954325137316,19.2959245525196
1021,False,-1,0.030867396456840005,19.2959245525196
1022,True,-1,0.03083187950249495,19.2959245525196
1023,False,-1,0.03079640341502533,19.2959245525196
1024,True,0,0.030760968147408488,19.2959245525196
1025,False,-1,0.030725573652675874,19.2959245525196
1026,True,-1,0.030690219883912982,19.2959245525196
1027,False,-1,0.030654906794259286,19.2959245525196
1028,True,-1,0.03061963433690818,19.2959245525196
1029,False,-1,0.03058440246510692,19.2959245525196
1030,True,-1,0.030549211132156542,19.2959245525196
1031,False,-1,0.03051406029141183,19.2959245525196
1032,True,-1,0.03047894989628124,19.2959245525196
1033,False,-1,0.030443879900226824,19.2959245525196
1034,True,-1,0.030408850256764198,19.2959245525196
1035,False,-1,0.030373860919462453,19.295927095479605
1036,True,0,0.03033891184194411,19.295927095479605
1037,False,-1,0.03030400297788505,19.295927095479605
1038,True,-1,0.03026913428101446,19.295927095479605
1039,False,-1,0.030234305705114765,19.295927095479605
1040,True,-1,0.030199517204021566,19.295927095479605
1041,False,-1,0.03016476873162359,19.295927095479605
1042,True,-1,0.030130060241862617,19.295927095479605
1043,False,0,0.03009539168873342,19.295927095479605
1044,True,-1,0.030060763026283712,19.295927095479605
1045,False,-1,0.030026174208614077,19.295927095479605
1046,True,-1,0.029991625189877913,19.295927095479605
1047,False,-1,0.02995711592428137,19.295927095479605
1048,True,-1,0.029922646366083293,19.295927095479605
1049,False,-1,0.029888216469595153,19.295927095479605
1050,True,-1,0.029853826189180997,19.295927095479605
1051,False,-1,0.02981947547925738,19.295927095479605
1052,True,-1,0.029785164294293297,19.295927095479605
1053,False,-1,0.02975089258881015,19.295927095479605
1054,True,-1,0.02971666031738166,19.295927095479605
1055,False,-1,0.02968246743463382,19.295927095479605
1056,True,-1,0.029648313895244825,19.295927095479605
1057,False,-1,0.029614199653945027,19.295927095479605
1058,True,-1,0.02958012466551686,19.295927095479605
1059,False,-1,0.02954608888479479,19.295927095479605
1060,True,-1,0.029512092266665256,19.295927095479605
1061,False,-1,0.0294781347660666,19.295927095479605
1062,True,-1,0.02944421633798901,19.295927095479605
1063,False,-1,0.029410336937474475,19.295927095479605
1064,True,-1,0.029376496519616706,19.295927095479605
1065,False,-1,0.029342695039561086,19.295927095479605
1066,True,-1,0.029308932452504606,19.295927095479605
1067,False,-1,0.029275208713695815,19.295928366959608
1068,True,-1,0.029241523778434753,19.295928366959608
1069,False,-1,0.029207877602072888,19.295928366959608
1070,True,-1,0.029174270140013066,19.295928366959608
1071,False,-1,0.02914070134770945,19.295928366959608
1072,True,-1,0.02910717118066745,19.295928366959608
1073,False,-1,0.029073679594443687,19.29596396839964
1074,True,-1,0.029040226544645904,19.29596396839964
1075,False,-1,0.029006811986932935,19.29596523987964
1076,True,-1,0.02897343587701463,19.29596523987964
1077,False,-1,0.0289400981706518,19.29596523987964
1078,True,-1,0.028906798823656155,19.29596523987964
1079,False,-1,0.02887353779189026,19.29596523987964
1080,True,-1,0.028840315031267456,19.29596523987964
1081,False,-1,0.02880713049775182,19.29596523987964
1082,True,-1,0.028773984147358087,19.29596523987964
1083,False,-1,0.028740875936151614,19.29596523987964
1084,True,-1,0.028707805820248303,19.29596523987964
1085,False,-1,0.028674773755814554,19.29596523987964
1086,True,-1,0.028641779699067203,19.29596523987964
1087,False,-1,0.02860882360627346,19.29596523987964
1088,True,-1,0.028575905433750864,19.29596523987964
1089,False,-1,0.028543025137867207,19.29596523987964
1090,True,-1,0.028510182675040487,19.29596523987964
1091,False,-1,0.028477378001738857,19.29596523987964
1092,True,-1,0.028444611074480552,19.29596523987964
1093,False,-1,0.02841188184983384,19.29596523987964
1094,True,-1,0.028379190284416957,19.29596523987964
1095,False,-1,0.028346536334898066,19.29596523987964
1096,True,-1,0.028313919957995183,19.29596523987964
1097,False,-1,0.02828134111047613,19.29596523987964
1098,True,-1,0.028248799749158466,19.29596523987964
1099,False,-1,0.02821629583090944,19.29596523987964
1100,True,-1,0.028183829312645934,19.29596523987964
1101,False,-1,0.028151400151334396,19.29596523987964
1102,True,-1,0.0281190083039908,19.29596523987964
1103,False,-1,0.028086653727680568,19.29596523987964
1104,True,-1,0.02805433637951853,19.29596523987964
1105,False,-1,0.02802205621666886,19.29596523987964
1106,True,-1,0.02798981319634502,19.29596523987964
1107,False,-1,0.0279576072758097,19.29596523987964
1108,True,-1,0.027925438412374774,19.29596523987964
1109,False,-1,0.02789330656340122,19.29596523987964
1110,True,-1,0.027861211686299094,19.29596523987964
1111,False,-1,0.027829153738527446,19.29596523987964
1112,True,-1,0.027797132677594278,19.29596523987964
1113,False,-1,0.027765148461056485,19.29596523987964
1114,True,-1,0.027733201046519797,19.29596523987964
1115,False,-1,0.027701290391638725,19.29596523987964
1116,True,-1,0.027669416454116507,19.29596523987964
1117,False,-1,0.027637579191705043,19.29596523987964
1118,True,-1,0.02760577856220485,19.29596523987964
1119,False,-1,0.027574014523464998,19.29596523987964
1120,True,-1,0.027542287033383055,19.29596523987964
1121,False,-1,0.02751059604990504,19.29596523987964
1122,True,-1,0.02747894153102536,19.29596523987964
1123,False,-1,0.027447323434786744,19.29596523987964
1124,True,-1,0.027415741719280212,19.29596523987964
1125,False,-1,0.027384196342645,19.29596523987964
1126,True,-1,0.02735268726306851,19.29596523987964
1127,False,-1,0.02732121443878625,19.29596523987964
1128,True,-1,0.027289777828081795,19.29596523987964
1129,False,-1,0.02725837738928671,19.29596523987964
1130,True,-1,0.027227013080780512,19.296002112799673
1131,False,-1,0.0271956848609906,19.296002112799673
1132,True,-1,0.027164392688392214,19.296002112799673
1133,False,-1,0.02713313652150837,19.296002112799673
1134,True,-1,0.027101916318909812,19.296002112799673
1135,False,-1,0.027070732039214954,19.296002112799673
1136,True,-1,0.027039583641089823,19.296002112799673
1137,False,-1,0.027008471083248,19.296002112799673
1138,True,-1,0.026977394324450586,19.296002112799673
1139,False,-1,0.02694635332350612,19.296002112799673
1140,True,-1,0.02691534803927054,19.296003384279675
1141,False,-1,0.02688437843064713,19.296003384279675
1142,True,-1,0.026853444456586457,19.296003384279675
1143,False,-1,0.02682254607608632,19.296003384279675
1144,True,-1,0.0267916832481917,19.296003384279675
1145,False,-1,0.0267608559319947,19.296003384279675
1146,True,-1,0.026730064086634493,19.296003384279675
1147,False,0,0.02669930767129727,19.296003384279675
1148,True,-1,0.026668586645216177,19.296003384279675
1149,False,-1,0.026637900967671276,19.296003384279675
1150,True,-1,0.026607250597989476,19.296003384279675
1151,False,-1,0.02657663549554449,19.296003384279675
1152,True,0,0.026546055619756773,19.296003384279675
1153,False,-1,0.026515510930093474,19.296003384279675
1154,True,-1,0.026485001386068383,19.296003384279675
1155,False,-1,0.02645452694724187,19.2960313568397
1156,True,-1,0.02642408757322084,19.2960313568397
1157,False,-1,0.026393683223658673,19.2960313568397
1158,True,-1,0.02636331385825517,19.2960313568397
1159,False,-1,0.026332979436756512,19.2960313568397
1160,True,-1,0.02630267991895519,19.2960313568397
1161,False,-1,0.026272415264689958,19.2960313568397
1162,True,-1,0.026242185433845787,19.2960313568397
1163,False,-1,0.026211990386353797,19.2960313568397
1164,True,-1,0.026181830082191222,19.2960313568397
1165,False,-1,0.02615170448138134,19.2960313568397
1166,True,-1,0.02612161354399343,19.2960313568397
1167,False,0,0.026091557230142715,19.2960313568397
1168,True,-1,0.026061535499990317,19.2960313568397
1169,False,-1,0.02603154831374319,19.2960313568397
1170,True,-1,0.02600159563165408,19.296063143839728
1171,False,-1,0.02597167741402146,19.296063143839728
1172,True,-1,0.0259417936211895,19.296063143839728
1173,False,-1,0.02591194421354798,19.296063143839728
1174,True,-1,0.025882129151532273,19.296063143839728
1175,False,-1,0.025852348395623264,19.296063143839728
1176,True,-1,0.025822601906347317,19.296063143839728
1177,False,-1,0.025792889644276215,19.296063143839728
1178,True,-1,0.025763211570027107,19.296063143839728
1179,False,-1,0.025733567644262455,19.296063143839728
1180,True,-1,0.02570395782768999,19.296063143839728
1181,False,-1,0.025674382081062645,19.296063143839728
1182,True,-1,0.02564484036517852,19.296063143839728
1183,False,-1,0.02561533264088082,19.296063143839728
1184,True,-1,0.025585858869057804,19.296063143839728
1185,False,-1,0.02555641901064273,19.296063143839728
1186,True,-1,0.025527013026613813,19.296063143839728
1187,False,-1,0.02549764087799417,19.296063143839728
1188,True,-1,0.025468302525851756,19.296063143839728
1189,False,-1,0.02543899793129933,19.296063143839728
1190,True,-1,0.025409727055494394,19.296063143839728
1191,False,-1,0.025380489859639144,19.296063143839728
1192,True,-1,0.025351286304980417,19.296063143839728
1193,False,-1,0.02532211635280964,19.296063143839728
1194,True,-1,0.025292979964462784,19.296063143839728
1195,False,-1,0.0252638771013203,19.296063143839728
1196,True,-1,0.025234807724807084,19.296063143839728
1197,False,-1,0.02520577179639241,19.296063143839728
1198,True,-1,0.02517676927758989,19.296063143839728
1199,False,-1,0.02514780012995742,19.296063143839728
1200,True,0,0.025118864315097134,19.296063143839728
1201,False,-1,0.025089961794655335,19.296063143839728
1202,True,-1,0.02506109253032247,19.296063143839728
1203,False,-1,0.025032256483833056,19.296063143839728
1204,True,-1,0.025003453616965644,19.296063143839728
1205,False,-1,0.024974683891542764,19.296063143839728
1206,True,-1,0.024945947269430876,19.296088573439754
1207,False,-1,0.024917243712540314,19.296088573439754
1208,True,-1,0.024888573182825238,19.296088573439754
1209,False,-1,0.02485993564228359,19.296088573439754
1210,True,0,0.024831331052957033,19.296088573439754
1211,False,-1,0.024802759376930907,19.296088573439754
1212,True,-1,0.02477422057633418,19.29610891711977
1213,False,-1,0.0247457146133394,19.29610891711977
1214,True,-1,0.024717241450162627,19.296124174879786
1215,False,-1,0.02468880104906341,19.296124174879786
1216,True,-1,0.024660393372344713,19.296124174879786
1217,False,-1,0.024632018382352884,19.296124174879786
1218,True,-1,0.024603676041477594,19.296124174879786
1219,False,-1,0.02457536631215178,19.296124174879786
1220,True,-1,0.024547089156851623,19.296124174879786
1221,False,-1,0.02451884453809646,19.296124174879786
1222,True,-1,0.02449063241844877,19.296124174879786
1223,False,-1,0.024462452760514102,19.296124174879786
1224,True,-1,0.024434305526941032,19.296124174879786
1225,False,-1,0.024406190680421117,19.296124174879786
1226,True,-1,0.024378108183688837,19.296124174879786
1227,False,-1,0.024350057999521557,19.296124174879786
1228,True,-1,0.024322040090739464,19.296124174879786
1229,False,-1,0.024294054420205533,19.296124174879786
1230,True,-1,0.024266100950825466,19.296136889679797
1231,False,-1,0.024238179645547645,19.296136889679797
1232,True,-1,0.02421029046736309,19.296136889679797
1233,False,-1,0.024182433379305403,19.296136889679797
1234,True,-1,0.024154608344450712,19.29649036112012
1235,False,-1,0.024126815325917643,19.29649163260012
1236,True,-1,0.024099054286867254,19.29649290408012
1237,False,-1,0.02407132519050299,19.29649290408012
1238,True,-1,0.024043628000070635,19.29649290408012
1239,False,-1,0.02401596267885827,19.29649290408012
1240,True,-1,0.023988329190196205,19.29649290408012
1241,False,-1,0.023960727497456955,19.29649290408012
1242,True,-1,0.023933157564055174,19.29649290408012
1243,False,-1,0.023905619353447614,19.29649290408012
1244,True,-1,0.023878112829133075,19.29649290408012
1245,False,-1,0.023850637954652355,19.29649290408012
1246,True,-1,0.0238231946935882,19.29649290408012
1247,False,-1,0.023795783009565266,19.29649290408012
1248,True,-1,0.023768402866250062,19.29649290408012
1249,False,-1,0.0237410542273509,19.29649290408012
1250,True,-1,0.023713737056617848,19.29649290408012
1251,False,-1,0.023686451317842694,19.296515790720143
1252,True,-1,0.023659196974858878,19.296515790720143
1253,False,-1,0.02363197399154146,19.296515790720143
1254,True,-1,0.023604782331807066,19.296515790720143
1255,False,-1,0.023577621959613836,19.296515790720143
1256,True,-1,0.02355049283896139,19.296515790720143
1257,False,-1,0.02352339493389076,19.296515790720143
1258,True,-1,0.023496328208484362,19.296515790720143
1259,False,-1,0.02346929262686594,19.296515790720143
1260,True,-1,0.02344228815320051,19.296515790720143
1261,False,-1,0.023415314751694328,19.296515790720143
1262,True,-1,0.023388372386594834,19.296515790720143
1263,False,-1,0.023361461022190607,19.296515790720143
1264,True,-1,0.023334580622811314,19.296515790720143
1265,False,-1,0.023307731152827662,19.296515790720143
1266,True,-1,0.023280912576651363,19.296515790720143
1267,False,-1,0.023254124858735074,19.296515790720143
1268,True,-1,0.023227367963572353,19.296515790720143
1269,False,-1,0.02320064185569761,19.296515790720143
1270,True,-1,0.02317394649968607,19.296515790720143
1271,False,-1,0.02314728186015371,19.296515790720143
1272,True,-1,0.02312064790175723,19.296515790720143
1273,False,-1,0.02309404458919399,19.296515790720143
1274,True,-1,0.023067471887201974,19.29653613440016
1275,False,-1,0.02304092976055974,19.29653613440016
1276,True,-1,0.023014418174086365,19.29653613440016
1277,False,-1,0.02298793709264142,19.29653613440016
1278,True,-1,0.022961486481124897,19.29653613440016
1279,False,-1,0.022935066304477184,19.29653613440016
1280,True,0,0.022908676527679004,19.29653613440016
1281,False,-1,0.02288231711575138,19.29653613440016
1282,True,-1,0.022855988033755575,19.29653613440016
1283,False,-1,0.02282968924679306,19.29653613440016
1284,True,-1,0.022803420720005456,19.29653613440016
1285,False,-1,0.022777182418574498,19.29653613440016
1286,True,-1,0.02275097430772198,19.29653613440016
1287,False,-1,0.022724796352709718,19.29653613440016
1288,True,-1,0.022698648518839494,19.29653613440016
1289,False,-1,0.022672530771453016,19.29653613440016
1290,True,-1,0.02264644307593187,19.29653613440016
1291,False,-1,0.02262038539769748,19.29653613440016
1292,True,-1,0.02259435770221105,19.29653613440016
1293,False,-1,0.02256835995497353,19.29653613440016
1294,True,-1,0.022542392121525565,19.29653613440016
1295,False,-1,0.02251645416744745,19.29653613440016
1296,True,-1,0.02249054605835908,19.29653613440016
1297,False,-1,0.02246466775991992,19.29653613440016
1298,True,-1,0.022438819237828932,19.29653613440016
1299,False,-1,0.022413000457824562,19.29653613440016
1300,True,-1,0.022387211385684665,19.29653613440016
1301,False,-1,0.022361451987226482,19.29653613440016
1302,True,-1,0.022335722228306584,19.296551392160175
1303,False,-1,0.022310022074820825,19.296551392160175
1304,True,-1,0.022284351492704305,19.296551392160175
1305,False,-1,0.022258710447931315,19.296551392160175
1306,True,-1,0.0222330989065153,19.296551392160175
1307,False,-1,0.02220751683450881,19.296551392160175
1308,True,-1,0.022181964198003456,19.296551392160175
1309,False,-1,0.022156440963129867,19.296551392160175
1310,True,-1,0.022130947096057643,19.296551392160175
1311,False,-1,0.022105482562995306,19.296551392160175
1312,True,-1,0.022080047330190263,19.296551392160175
1313,False,-1,0.02205464136392876,19.296551392160175
1314,True,-1,0.022029264630535825,19.296551392160175
1315,False,-1,0.022003917096375246,19.296551392160175
1316,True,-1,0.02197859872784951,19.296551392160175
1317,False,-1,0.021953309491399755,19.296551392160175
1318,True,-1,0.021928049353505744,19.296551392160175
1319,False,-1,0.021902818280685802,19.296551392160175
1320,True,-1,0.021877616239496783,19.296551392160175
1321,False,-1,0.021852443196534014,19.296551392160175
1322,True,-1,0.02182729911843127,19.296551392160175
1323,False,-1,0.02180218397186071,19.296551392160175
1324,True,-1,0.02177709772353284,19.296551392160175
1325,False,-1,0.02175204034019648,19.296551392160175
1326,True,-1,0.021727011788638697,19.296551392160175
1327,False,-1,0.021702012035684785,19.296551392160175
1328,True,-1,0.0216770410481982,19.296551392160175
1329,False,-1,0.021652098793080533,19.296551392160175
1330,True,-1,0.021627185237271456,19.296560292520184
1331,False,-1,0.021602300347748682,19.296560292520184
1332,True,-1,0.02157744409152792,19.296560292520184
1333,False,-1,0.02155261643566283,19.296560292520184
1334,True,-1,0.021527817347244984,19.296560292520184
1335,False,-1,0.02150304679340382,19.296560292520184
1336,True,-1,0.021478304741306593,19.296560292520184
1337,False,-1,0.02145359115815834,19.296560292520184
1338,True,-1,0.02142890601120184,19.296560292520184
1339,False,-1,0.021404249267717546,19.296560292520184
1340,True,-1,0.021379620895023575,19.296560292520184
1341,False,-1,0.021355020860475638,19.296560292520184
1342,True,-1,0.021330449131467016,19.296560292520184
1343,False,-1,0.021305905675428505,19.296560292520184
1344,True,-1,0.02128139045982837,19.296560292520184
1345,False,-1,0.02125690345217232,19.296560292520184
1346,True,-1,0.021232444620003444,19.296560292520184
1347,False,-1,0.02120801393090218,19.296560292520184
1348,True,-1,0.021183611352486267,19.296560292520184
1349,False,-1,0.021159236852410706,19.296560292520184
1350,True,-1,0.021134890398367714,19.296560292520184
1351,False,-1,0.021110571958086684,19.296560292520184
1352,True,-1,0.02108628149933414,19.296560292520184
1353,False,-1,0.02106201898991369,19.296560292520184
1354,True,-1,0.021037784397665998,19.296560292520184
1355,False,-1,0.021013577690468722,19.296560292520184
1356,True,-1,0.020989398836236486,19.296560292520184
1357,False,-1,0.02096524780292083,19.296560292520184
1358,True,-1,0.02094112455851017,19.296560292520184
1359,False,-1,0.02091702907102976,19.296560292520184
1360,True,-1,0.020892961308541638,19.296560292520184
1361,False,-1,0.020868921239144595,19.296560292520184
1362,True,-1,0.02084490883097413,19.296560292520184
1363,False,-1,0.0208209240522024,19.296560292520184
1364,True,-1,0.020796966871038193,19.296560292520184
1365,False,-1,0.02077303725572687,19.296560292520184
1366,True,-1,0.020749135174550334,19.296560292520184
1367,False,-1,0.02072526059582698,19.296560292520184
1368,True,-1,0.020701413487911657,19.296560292520184
1369,False,-1,0.02067759381919563,19.298823526922252
1370,True,-1,0.02065380155810653,19.298836241722263
1371,False,-1,0.020630036673108317,19.298838784682268
1372,True,-1,0.020606299132701237,19.29884132764227
1373,False,0,0.020582588905421785,19.29884132764227
1374,True,-1,0.020558905959842652,19.29884132764227
1375,False,-1,0.020535250264572695,19.29884259912227
1376,True,-1,0.020511621788256888,19.298843870602273
1377,False,-1,0.020488020499576286,19.298843870602273
1378,True,-1,0.020464446367247976,19.298843870602273
1379,False,-1,0.020440899360025043,19.298843870602273
1380,True,-1,0.020417379446696526,19.298843870602273
1381,False,-1,0.020393886596087377,19.298843870602273
1382,True,-1,0.020370420777058414,19.298843870602273
1383,False,0,0.020346981958506292,19.298843870602273
1384,True,-1,0.020323570109363448,19.298843870602273
1385,False,-1,0.02030018519859807,19.298843870602273
1386,True,-1,0.02027682719521405,19.298843870602273
1387,False,-1,0.02025349606825095,19.298843870602273
1388,True,-1,0.020230191786783945,19.298843870602273
1389,False,-1,0.020206914319923806,19.29886421428229
1390,True,-1,0.020183663636816836,19.298865485762292
1391,False,-1,0.02016043970664485,19.298865485762292
1392,True,-1,0.02013724249862511,19.298865485762292
1393,False,-1,0.020114071982010307,19.298865485762292
1394,True,-1,0.02009092812608851,19.298865485762292
1395,False,-1,0.020067810900183117,19.298865485762292
1396,True,-1,0.02004472027365284,19.298865485762292
1397,False,-1,0.02002165621589163,19.298865485762292
1398,True,-1,0.019998618696328668,19.298865485762292
1399,False,-1,0.0199756076844283,19.298865485762292
1400,True,0,0.01995262314969002,19.298865485762292
1401,False,-1,0.019929665061648404,19.298865485762292
1402,True,-1,0.019906733389873088,19.298865485762292
1403,False,-1,0.019883828103968725,19.298865485762292
1404,True,-1,0.019860949173574935,19.298865485762292
1405,False,-1,0.019838096568366277,19.298865485762292
1406,True,-1,0.0198152702580522,19.298865485762292
1407,False,-1,0.01979247021237701,19.298865485762292
1408,True,-1,0.019769696401119825,19.298865485762292
1409,False,-1,0.01974694879409453,19.298865485762292
1410,True,-1,0.019724227361149753,19.298865485762292
1411,False,-1,0.019701532072168806,19.298865485762292
1412,True,-1,0.019678862897069663,19.298865485762292
1413,False,-1,0.0196562198058049,19.298865485762292
1414,True,-1,0.01963360276836168,19.298865485762292
1415,False,-1,0.01961101175476169,19.298865485762292
1416,True,-1,0.019588446735061108,19.298865485762292
1417,False,-1,0.01956590767935058,19.298865485762292
1418,True,-1,0.019543394557755157,19.298865485762292
1419,False,-1,0.01952090734043426,19.298865485762292
1420,True,-1,0.019498445997581663,19.298865485762292
1421,False,-1,0.019476010499425416,19.298865485762292
1422,True,-1,0.019453600816227837,19.298865485762292
1423,False,-1,0.01943121691828546,19.298865485762292
1424,True,-1,0.019408858775928992,19.298865485762292
1425,False,-1,0.019386526359523284,19.298865485762292
1426,True,-1,0.019364219639467283,19.298865485762292
1427,False,-1,0.019341938586193996,19.298865485762292
1428,True,-1,0.01931968317017045,19.298865485762292
1429,False,-1,0.01929745336189766,19.298865485762292
1430,True,-1,0.01927524913191057,19.298865485762292
1431,False,-1,0.01925307045077804,19.298865485762292
1432,True,-1,0.01923091728910279,19.298865485762292
1433,False,-1,0.019208789617521368,19.298865485762292
1434,True,-1,0.019186687406704102,19.298871843162296
1435,False,-1,0.01916461062735507,19.298871843162296
1436,True,-1,0.019142559250212063,19.298871843162296
1437,False,-1,0.01912053324604654,19.298871843162296
1438,True,-1,0.019098532585663585,19.298871843162296
1439,False,-1,0.019076557239901884,19.298871843162296
1440,True,-1,0.019054607179633674,19.298871843162296
1441,False,-1,0.019032682375764703,19.298871843162296
1442,True,-1,0.0190107827992342,19.298871843162296
1443,False,-1,0.018988908421014833,19.298871843162296
1444,True,-1,0.018967059212112662,19.298871843162296
1445,False,0,0.018945235143567118,19.298871843162296
1446,True,-1,0.01892343618645095,19.298871843162296
1447,False,-1,0.018901662311870196,19.298871843162296
1448,True,-1,0.018879913490964132,19.298871843162296
1449,False,-1,0.01885818969490525,19.298871843162296
1450,True,-1,0.018836490894899204,19.298871843162296
1451,False,-1,0.018814817062184786,19.298871843162296
1452,True,-1,0.01879316816803388,19.298871843162296
1453,False,-1,0.01877154418375143,19.298871843162296
1454,True,-1,0.018749945080675384,19.298871843162296
1455,False,-1,0.018728370830176682,19.298871843162296
1456,True,-1,0.018706821403659202,19.298871843162296
1457,False,-1,0.018685296772559725,19.298871843162296
1458,True,-1,0.018663796908347897,19.298871843162296
1459,False,-1,0.01864232178252619,19.298871843162296
1460,True,-1,0.01862087136662987,19.298871843162296
1461,False,-1,0.018599445632226954,19.298871843162296
1462,True,-1,0.018578044550918178,19.298871843162296
1463,False,-1,0.018556668094336946,19.298871843162296
1464,True,-1,0.018535316234149307,19.298871843162296
1465,False,-1,0.018513988942053913,19.298871843162296
1466,True,-1,0.018492686189781976,19.298871843162296
1467,False,-1,0.018471407949097237,19.29888710092231
1468,True,-1,0.01845015419179593,19.29888710092231
1469,False,-1,0.018428924889706735,19.29888710092231
1470,True,-1,0.01840772001469075,19.29888710092231
1471,False,-1,0.01838653953864145,19.29888710092231
1472,True,-1,0.018365383433484653,19.29888710092231
1473,False,-1,0.018344251671178476,19.29888710092231
1474,True,-1,0.018323144223713304,19.29888710092231
1475,False,-1,0.01830206106311175,19.29888710092231
1476,True,-1,0.018281002161428615,19.29888710092231
1477,False,-1,0.018259967490750862,19.29888710092231
1478,True,-1,0.018238957023197565,19.29888710092231
1479,False,-1,0.018217970730919884,19.29888710092231
1480,True,-1,0.01819700858610102,19.29888710092231
1481,False,-1,0.018176070560956176,19.29888710092231
1482,True,-1,0.018155156627732538,19.298892186842316
1483,False,-1,0.018134266758709213,19.298892186842316
1484,True,-1,0.018113400926197207,19.298892186842316
1485,False,-1,0.01809255910253939,19.298892186842316
1486,True,-1,0.018071741260110453,19.298892186842316
1487,False,-1,0.01805094737131687,19.298892186842316
1488,True,-1,0.01803017740859687,19.298892186842316
1489,False,-1,0.018009431344420394,19.298892186842316
1490,True,-1,0.01798870915128906,19.298892186842316
1491,False,-1,0.01796801080173612,19.298892186842316
1492,True,-1,0.017947336268326446,19.298892186842316
1493,False,-1,0.01792668552365646,19.298892186842316
1494,True,-1,0.017906058540354125,19.298892186842316
1495,False,-1,0.017885455291078895,19.298892186842316
1496,True,-1,0.017864875748521688,19.298892186842316
1497,False,-1,0.01784431988540484,19.298892186842316
1498,True,-1,0.017823787674482075,19.298892186842316
1499,False,-1,0.017803279088538466,19.298892186842316
1500,True,-1,0.017782794100390405,19.298892186842316
1501,False,-1,0.01776233268288556,19.298892186842316
1502,True,-1,0.017741894808902835,19.298892186842316
1503,False,-1,0.01772148045135235,19.298892186842316
1504,True,-1,0.017701089583175386,19.298892186842316
1505,False,-1,0.01768072217734437,19.298892186842316
1506,True,-1,0.01766037820686282,19.298892186842316
1507,False,-1,0.017640057644765315,19.298892186842316
1508,True,-1,0.017619760464117465,19.298892186842316
1509,False,-1,0.017599486638015874,19.298892186842316
1510,True,-1,0.017579236139588096,19.298892186842316
1511,False,-1,0.017559008941992613,19.298892186842316
1512,True,-1,0.01753880501841878,19.298892186842316
1513,False,-1,0.017518624342086814,19.298892186842316
1514,True,-1,0.017498466886247736,19.298892186842316
1515,False,-1,0.01747833262418335,19.298902358682323
1516,True,0,0.017458221529206203,19.298902358682323
1517,False,-1,0.017438133574659547,19.298902358682323
1518,True,-1,0.017418068733917307,19.298902358682323
1519,False,-1,0.017398026980384042,19.298902358682323
1520,True,-1,0.017378008287494917,19.29890617312233
1521,False,-1,0.017358012628715662,19.29890617312233
1522,True,-1,0.01733803997754254,19.29890617312233
1523,False,-1,0.017318090307502303,19.29890617312233
1524,True,-1,0.017298163592152173,19.29890617312233
1525,False,0,0.01727825980507979,19.29890617312233
1526,True,-1,0.017258378919903193,19.29890617312233
1527,False,-1,0.01723852091027077,19.29890617312233
1528,True,-1,0.017218685749861226,19.29890617312233
1529,False,-1,0.017198873412383565,19.29890617312233
1530,True,-1,0.017179083871577034,19.29890617312233
1531,False,-1,0.0171593171012111,19.29890617312233
1532,True,-1,0.017139573075085405,19.29890617312233
1533,False,-1,0.017119851767029747,19.29890617312233
1534,True,-1,0.01710015315090403,19.29890617312233
1535,False,-1,0.017080477200598233,19.29890617312233
1536,True,-1,0.017060823890032387,19.29890871608233
1537,False,-1,0.017041193193156525,19.29890871608233
1538,True,-1,0.017021585083950658,19.29890871608233
1539,False,-1,0.017001999536424728,19.29890871608233
1540,True,-1,0.01698243652461859,19.29890871608233
1541,False,-1,0.016962896022601974,19.29890871608233
1542,True,-1,0.016943378004474433,19.29890871608233
1543,False,-1,0.016923882444365327,19.29890871608233
1544,True,-1,0.016904409316433788,19.29890871608233
1545,False,-1,0.016884958594868677,19.29890871608233
1546,True,-1,0.016865530253888556,19.29890871608233
1547,False,-1,0.016846124267741652,19.29890871608233
1548,True,0,0.01682674061070582,19.29890871608233
1549,False,-1,0.01680737925708851,19.29890871608233
1550,True,-1,0.016788040181226746,19.29890871608233
1551,False,-1,0.016768723357487067,19.29890871608233
1552,True,-1,0.016749428760265514,19.29890871608233
1553,False,-1,0.01673015636398759,19.29890871608233
1554,True,-1,0.016710906143108217,19.29890871608233
1555,False,0,0.016691678072111717,19.29890871608233
1556,True,-1,0.01667247212551177,19.29890871608233
1557,False,-1,0.016653288277851376,19.29890871608233
1558,True,-1,0.016634126503702835,19.29890871608233
1559,False,-1,0.0166149867776677,19.29890871608233
1560,True,-1,0.016595869074376747,19.29890871608233
1561,False,-1,0.016576773368489946,19.29890871608233
1562,True,-1,0.016557699634696423,19.29890871608233
1563,False,-1,0.016538647847714423,19.29890871608233
1564,True,-1,0.01651961798229129,19.29890871608233
1565,False,-1,0.016500610013203416,19.29890871608233
1566,True,-1,0.016481623915256222,19.29890871608233
1567,False,-1,0.016462659663284113,19.29890871608233
1568,True,0,0.016443717232150455,19.29890871608233
1569,False,-1,0.016424796596747535,19.29890871608233
1570,True,-1,0.016405897731996532,19.29890871608233
1571,False,-1,0.016387020612847476,19.29890871608233
1572,True,-1,0.016368165214279223,19.29890871608233
1573,False,-1,0.016349331511299425,19.29890871608233
1574,True,0,0.01633051947894448,19.29890871608233
1575,False,-1,0.016311729092279518,19.29890871608233
1576,True,-1,0.01629296032639836,19.29890871608233
1577,False,-1,0.016274213156423478,19.29890871608233
1578,True,0,0.016255487557505974,19.29890871608233
1579,False,-1,0.016236783504825544,19.29890871608233
1580,True,-1,0.016218100973590433,19.29890871608233
1581,False,-1,0.016199439939037427,19.29890871608233
1582,True,-1,0.01618080037643179,19.29890871608233
1583,False,-1,0.01616218226106726,19.29890871608233
1584,True,-1,0.016143585568265992,19.29890871608233
1585,False,-1,0.016125010273378544,19.29890871608233
1586,True,-1,0.016106456351783833,19.29890871608233
1587,False,-1,0.016087923778889103,19.29890871608233
1588,True,-1,0.0160694125301299,19.29890871608233
1589,False,-1,0.01605092258097003,19.29890871608233
1590,True,-1,0.01603245390690154,19.29890871608233
1591,False,-1,0.016014006483444664,19.29890871608233
1592,True,-1,0.015995580286147813,19.29890871608233
1593,False,-1,0.015977175290587526,19.29890871608233
1594,True,-1,0.01595879147236845,19.29890871608233
1595,False,-1,0.0159404288071233,19.29890871608233
1596,True,-1,0.015922087270512822,19.29890871608233
1597,False,-1,0.01590376683822578,19.29890871608233
1598,True,-1,0.015885467485978907,19.29890871608233
1599,False,-1,0.01586718918951687,19.29890871608233
1600,True,-1,0.015848931924612255,19.29890871608233
1601,False,-1,0.015830695667065513,19.29890871608233
1602,True,-1,0.01581248039270495,19.29890871608233
1603,False,0,0.01579428607738668,19.29890871608233
1604,True,-1,0.015776112696994603,19.29890871608233
1605,False,-1,0.01575796022744036,19.29890871608233
1606,True,-1,0.01573982864466331,19.29890871608233
1607,False,-1,0.015721717924630504,19.29890871608233
1608,True,-1,0.015703628043336637,19.29890871608233
1609,False,-1,0.015685558976804032,19.29890871608233
1610,True,-1,0.0156675107010826,19.29890871608233
1611,False,-1,0.01564948319224981,19.29890871608233
1612,True,-1,0.015631476426410648,19.29890871608233
1613,False,-1,0.015613490379697609,19.29890871608233
1614,True,-1,0.015595525028270642,19.29890871608233
1615,False,-1,0.015577580348317127,19.29890871608233
1616,True,-1,0.015559656316051848,19.29890871608233
1617,False,-1,0.015541752907716951,19.29890871608233
1618,True,-1,0.015523870099581925,19.29890871608233
1619,False,-1,0.015506007867943558,19.29890871608233
1620,True,-1,0.015488166189125916,19.29890871608233
1621,False,-1,0.015470345039480304,19.29890871608233
1622,True,-1,0.01545254439538524,19.29890871608233
1623,False,-1,0.015434764233246422,19.29890871608233
1624,True,-1,0.015417004529496695,19.29890871608233
1625,False,-1,0.01539926526059602,19.29890871608233
1626,True,-1,0.015381546403031446,19.29890871608233
1627,False,-1,0.015363847933317078,19.29890871608233
1628,True,-1,0.015346169827994041,19.29890871608233
1629,False,-1,0.015328512063630454,19.29890871608233
1630,True,-1,0.015310874616821398,19.29890871608233
1631,False,-1,0.015293257464188885,19.29890871608233
1632,True,0,0.015275660582381823,19.29890871608233
1633,False,-1,0.015258083948075991,19.29890871608233
1634,True,-1,0.015240527537974008,19.29890871608233
1635,False,-1,0.015222991328805294,19.29890871608233
1636,True,-1,0.015205475297326049,19.29890871608233
1637,False,-1,0.015187979420319218,19.29890871608233
1638,True,-1,0.015170503674594459,19.29890871608233
1639,False,-1,0.015153048036988111,19.29890871608233
1640,True,-1,0.01513561248436317,19.29890871608233
1641,False,-1,0.015118196993609256,19.29890871608233
1642,True,-1,0.015100801541642572,19.29890871608233
1643,False,-1,0.01508342610540589,19.29890871608233
1644,True,-1,0.015066070661868507,19.29890871608233
1645,False,-1,0.015048735188026224,19.29890871608233
1646,True,-1,0.015031419660901308,19.29890871608233
1647,False,-1,0.01501412405754247,19.29890871608233
1648,True,-1,0.01499684835502482,19.29890871608233
1649,False,-1,0.014979592530449856,19.29890871608233
1650,True,-1,0.014962356560945418,19.29890871608233
1651,False,-1,0.014945140423665666,19.29890871608233
1652,True,-1,0.014927944095791046,19.29890871608233
1653,False,-1,0.014910767554528258,19.29890871608233
1654,True,-1,0.014893610777110235,19.29890871608233
1655,False,-1,0.014876473740796103,19.29890871608233
1656,True,-1,0.014859356422871152,19.29890871608233
1657,False,-1,0.014842258800646812,19.29890871608233
1658,True,-1,0.014825180851460618,19.29890871608233
1659,False,-1,0.014808122552676179,19.29890871608233
1660,True,-1,0.014791083881683154,19.29890871608233
1661,False,-1,0.014774064815897216,19.29890871608233
1662,True,-1,0.014757065332760024,19.29890871608233
1663,False,-1,0.014740085409739194,19.29890871608233
1664,True,-1,0.014723125024328267,19.29890871608233
1665,False,-1,0.014706184154046682,19.29891888792234
1666,True,-1,0.014689262776439746,19.29891888792234
1667,False,-1,0.0146723608690786,19.29891888792234
1668,True,-1,0.014655478409560193,19.29891888792234
1669,False,-1,0.014638615375507254,19.29891888792234
1670,True,-1,0.014621771744568258,19.29891888792234
1671,False,-1,0.0146049474944174,19.29891888792234
1672,True,-1,0.01458814260275456,19.29891888792234
1673,False,-1,0.014571357047305281,19.29891888792234
1674,True,-1,0.014554590805820736,19.29891888792234
1675,False,-1,0.014537843856077693,19.29891888792234
1676,True,-1,0.014521116175878496,19.29891888792234
1677,False,-1,0.014504407743051029,19.29891888792234
1678,True,-1,0.014487718535448687,19.29891888792234
1679,False,-1,0.01447104853095035,19.29891888792234
1680,True,-1,0.014454397707460346,19.29891888792234
1681,False,-1,0.014437766042908431,19.29891888792234
1682,True,-1,0.014421153515249757,19.29891888792234
1683,False,-1,0.014404560102464837,19.29891888792234
1684,True,-1,0.014387985782559523,19.29891888792234
1685,False,-1,0.014371430533564974,19.29891888792234
1686,True,-1,0.014354894333537628,19.29891888792234
1687,False,-1,0.014338377160559168,19.29891888792234
1688,True,-1,0.0143218789927365,19.29891888792234
1689,False,-1,0.014305399808201722,19.29891888792234
1690,True,-1,0.014288939585112093,19.29891888792234
1691,False,-1,0.014272498301650002,19.29891888792234
1692,True,-1,0.014256075936022945,19.29891888792234
1693,False,-1,0.014239672466463491,19.29891888792234
1694,True,-1,0.014223287871229258,19.29891888792234
1695,False,-1,0.01420692212860288,19.29891888792234
1696,True,-1,0.01419057521689198,19.29891888792234
1697,False,-1,0.01417424711442914,19.29891888792234
1698,True,-1,0.014157937799571875,19.29891888792234
1699,False,-1,0.014141647250702598,19.29891888792234
1700,True,-1,0.0141253754462286,19.29891888792234
1701,False,-1,0.014109122364582017,19.29891888792234
1702,True,-1,0.014092887984219803,19.29891888792234
1703,False,-1,0.014076672283623694,19.29891888792234
1704,True,-1,0.014060475241300193,19.29891888792234
1705,False,-1,0.014044296835780528,19.29891888792234
1706,True,-1,0.014028137045620634,19.29891888792234
1707,False,-1,0.014011995849401116,19.29891888792234
1708,True,-1,0.013995873225727231,19.29891888792234
1709,False,-1,0.013979769153228848,19.29891888792234
1710,True,-1,0.013963683610560424,19.29891888792234
1711,False,-1,0.013947616576400984,19.29891888792234
1712,True,-1,0.013931568029454078,19.29891888792234
1713,False,-1,0.013915537948447765,19.29891888792234
1714,True,-1,0.01389952631213458,19.29891888792234
1715,False,-1,0.0138835330992915,19.29891888792234
1716,True,-1,0.01386755828871993,19.29891888792234
1717,False,-1,0.013851601859245662,19.29891888792234
1718,True,-1,0.013835663789718854,19.29891888792234
1719,False,-1,0.013819744059013997,19.29891888792234
1720,True,-1,0.013803842646029891,19.29891888792234
1721,False,-1,0.013787959529689617,19.29891888792234
1722,True,-1,0.013772094688940507,19.29891888792234
1723,False,-1,0.013756248102754115,19.29891888792234
1724,True,-1,0.013740419750126192,19.29891888792234
1725,False,-1,0.01372460961007666,19.29891888792234
1726,True,-1,0.013708817661649575,19.29891888792234
1727,False,-1,0.013693043883913113,19.29891888792234
1728,True,-1,0.013677288255959529,19.29891888792234
1729,False,-1,0.013661550756905137,19.29891888792234
1730,True,-1,0.013645831365890282,19.29891888792234
1731,False,-1,0.013630130062079308,19.29891888792234
1732,True,-1,0.013614446824660535,19.29891888792234
1733,False,-1,0.01359878163284623,19.29891888792234
1734,True,-1,0.013583134465872575,19.29891888792234
1735,False,-1,0.01356750530299965,19.29891888792234
1736,True,-1,0.013551894123511394,19.29891888792234
1737,False,-1,0.013536300906715584,19.29891888792234
1738,True,-1,0.013520725631943805,19.29891888792234
1739,False,-1,0.013505168278551426,19.29891888792234
1740,True,-1,0.013489628825917569,19.29891888792234
1741,False,-1,0.013474107253445082,19.29891888792234
1742,True,0,0.013458603540560514,19.29891888792234
1743,False,-1,0.013443117666714088,19.29891888792234
1744,True,-1,0.013427649611379669,19.29891888792234
1745,False,-1,0.013412199354054742,19.29891888792234
1746,True,-1,0.01339676687426038,19.29891888792234
1747,False,-1,0.013381352151541225,19.29891888792234
1748,True,-1,0.013365955165465451,19.29891888792234
1749,False,-1,0.013350575895624743,19.29891888792234
1750,True,-1,0.013335214321634268,19.29891888792234
1751,False,-1,0.013319870423132648,19.29891888792234
1752,True,-1,0.013304544179781936,19.29891888792234
1753,False,-1,0.013289235571267584,19.29891888792234
1754,True,-1,0.013273944577298418,19.29891888792234
1755,False,-1,0.013258671177606615,19.29891888792234
1756,True,-1,0.013243415351947669,19.29891888792234
1757,False,-1,0.01322817708010037,19.29891888792234
1758,True,-1,0.013212956341866774,19.29891888792234
1759,False,-1,0.013197753117072178,19.29891888792234
1760,True,-1,0.013182567385565093,19.29891888792234
1761,False,-1,0.013167399127217216,19.29891888792234
1762,True,-1,0.013152248321923405,19.29891888792234
1763,False,-1,0.013137114949601651,19.29891888792234
1764,True,-1,0.013121998990193052,19.29891888792234
1765,False,-1,0.013106900423661787,19.29891888792234
1766,True,-1,0.01309181922999509,19.29891888792234
1767,False,-1,0.013076755389203219,19.29891888792234
1768,True,-1,0.013061708881319434,19.29891888792234
1769,False,-1,0.01304667968639997,19.29891888792234
1770,True,-1,0.013031667784524012,19.29891888792234
1771,False,-1,0.013016673155793662,19.29891888792234
1772,True,-1,0.01300169578033392,19.29891888792234
1773,False,-1,0.012986735638292654,19.29891888792234
1774,True,-1,0.012971792709840575,19.29891888792234
1775,False,-1,0.012956866975171209,19.29891888792234
1776,True,-1,0.012941958414500873,19.29891888792234
1777,False,-1,0.012927067008068649,19.29891888792234
1778,True,-1,0.012912192736136353,19.29891888792234
1779,False,-1,0.012897335578988514,19.29891888792234
1780,True,-1,0.012882495516932348,19.29891888792234
1781,False,-1,0.01286767253029773,19.29891888792234
1782,True,-1,0.012852866599437162,19.29891888792234
1783,False,-1,0.012838077704725762,19.29891888792234
1784,True,-1,0.012823305826561222,19.29891888792234
1785,False,-1,0.012808550945363793,19.29891888792234
1786,True,-1,0.012793813041576252,19.29891888792234
1787,False,-1,0.012779092095663882,19.29891888792234
1788,True,-1,0.012764388088114443,19.29891888792234
1789,False,-1,0.012749700999438143,19.29891888792234
1790,True,-1,0.01273503081016762,19.29891888792234
1791,False,-1,0.012720377500857909,19.29891888792234
1792,True,-1,0.012705741052086418,19.29891888792234
1793,False,-1,0.012691121444452908,19.298925245322344
1794,True,-1,0.012676518658579458,19.298925245322344
1795,False,-1,0.012661932675110444,19.298925245322344
1796,True,-1,0.012647363474712514,19.298925245322344
1797,False,-1,0.012632811038074563,19.298925245322344
1798,True,-1,0.012618275345907705,19.298925245322344
1799,False,-1,0.012603756378945249,19.298925245322344
1800,True,-1,0.01258925411794267,19.298925245322344
1801,False,-1,0.01257476854367759,19.298925245322344
1802,True,-1,0.012560299636949747,19.298925245322344
1803,False,-1,0.01254584737858097,19.298925245322344
1804,True,-1,0.012531411749415156,19.298925245322344
1805,False,-1,0.012516992730318246,19.298925245322344
1806,True,-1,0.012502590302178197,19.298925245322344
1807,False,-1,0.012488204445904951,19.298925245322344
1808,True,-1,0.012473835142430424,19.298925245322344
1809,False,-1,0.012459482372708466,19.298925245322344
1810,True,-1,0.012445146117714844,19.298925245322344
1811,False,-1,0.012430826358447215,19.298925245322344
1812,True,-1,0.012416523075925102,19.298925245322344
1813,False,-1,0.012402236251189865,19.298925245322344
1814,True,-1,0.012387965865304681,19.298925245322344
1815,False,-1,0.012373711899354514,19.298925245322344
1816,True,-1,0.012359474334446093,19.298925245322344
1817,False,-1,0.012345253151707886,19.298925245322344
1818,True,-1,0.012331048332290076,19.298925245322344
1819,False,-1,0.012316859857364536,19.298925245322344
1820,True,-1,0.0123026877081248,19.298925245322344
1821,False,-1,0.012288531865786044,19.298925245322344
1822,True,-1,0.012274392311585057,19.298925245322344
1823,False,-1,0.012260269026780218,19.298925245322344
1824,True,-1,0.01224616199265147,19.298925245322344
1825,False,-1,0.012232071190500298,19.298925245322344
1826,True,-1,0.0122179966016497,19.298925245322344
1827,False,-1,0.012203938207444165,19.298925245322344
1828,True,-1,0.012189895989249647,19.298925245322344
1829,False,-1,0.012175869928453542,19.298925245322344
1830,True,-1,0.01216186000646466,19.298937960122355
1831,False,-1,0.012147866204713207,19.298937960122355
1832,True,-1,0.01213388850465075,19.298937960122355
1833,False,-1,0.012119926887750206,19.298937960122355
1834,True,-1,0.012105981335505802,19.298937960122355
1835,False,-1,0.012092051829433062,19.298937960122355
1836,True,-1,0.012078138351068779,19.298937960122355
1837,False,-1,0.01206424088197099,19.298937960122355
1838,True,-1,0.01205035940371895,19.298937960122355
1839,False,-1,0.012036493897913114,19.298937960122355
1840,True,-1,0.012022644346175103,19.298937960122355
1841,False,-1,0.012008810730147689,19.298937960122355
1842,True,-1,0.011994993031494762,19.298937960122355
1843,False,-1,0.011981191231901315,19.298937960122355
1844,True,-1,0.011967405313073408,19.298937960122355
1845,False,-1,0.011953635256738157,19.298937960122355
1846,True,-1,0.011939881044643703,19.298937960122355
1847,False,-1,0.011926142658559184,19.298937960122355
1848,True,-1,0.011912420080274717,19.298937960122355
1849,False,-1,0.011898713291601373,19.298937960122355
1850,True,-1,0.011885022274371151,19.298937960122355
1851,False,-1,0.011871347010436954,19.298937960122355
1852,True,-1,0.011857687481672567,19.298937960122355
1853,False,-1,0.011844043669972628,19.298937960122355
1854,True,0,0.011830415557252612,19.298937960122355
1855,False,-1,0.011816803125448801,19.298937960122355
1856,True,-1,0.011803206356518261,19.298937960122355
1857,False,-1,0.011789625232438818,19.298937960122355
1858,True,-1,0.011776059735209036,19.298937960122355
1859,False,-1,0.011762509846848195,19.298937960122355
1860,True,-1,0.011748975549396258,19.298937960122355
1861,False,-1,0.011735456824913858,19.298937960122355
1862,True,-1,0.011721953655482266,19.298937960122355
1863,False,-1,0.011708466023203376,19.298937960122355
1864,True,-1,0.01169499391019967,19.298937960122355
1865,False,-1,0.011681537298614205,19.298937960122355
1866,True,-1,0.011668096170610584,19.298937960122355
1867,False,-1,0.011654670508372931,19.298937960122355
1868,True,-1,0.01164126029410587,19.298937960122355
1869,False,-1,0.011627865510034504,19.298937960122355
1870,True,-1,0.011614486138404384,19.298937960122355
1871,False,-1,0.011601122161481492,19.298937960122355
1872,True,-1,0.011587773561552215,19.298937960122355
1873,False,-1,0.011574440320923323,19.298937960122355
1874,True,-1,0.011561122421921942,19.298937960122355
1875,False,-1,0.011547819846895535,19.29894304604236
1876,True,-1,0.011534532578211876,19.29894304604236
1877,False,-1,0.011521260598259026,19.29894304604236
1878,True,-1,0.01150800388944531,19.29894304604236
1879,False,-1,0.011494762434199298,19.29894304604236
1880,True,0,0.011481536214969779,19.29894304604236
1881,False,-1,0.01146832521422573,19.29894304604236
1882,True,-1,0.011455129414456307,19.29894304604236
1883,False,-1,0.011441948798170811,19.29894304604236
1884,True,-1,0.011428783347898668,19.29894304604236
1885,False,-1,0.011415633046189406,19.29894304604236
1886,True,-1,0.011402497875612636,19.29894304604236
1887,False,0,0.01138937781875802,19.29894304604236
1888,True,-1,0.011376272858235257,19.29894304604236
1889,False,-1,0.011363182976674052,19.29894304604236
1890,True,-1,0.011350108156724098,19.29894304604236
1891,False,-1,0.011337048381055054,19.29894304604236
1892,True,-1,0.011324003632356517,19.29894304604236
1893,False,-1,0.011310973893338003,19.29894304604236
1894,True,-1,0.011297959146728924,19.29894304604236
1895,False,-1,0.011284959375278562,19.29894304604236
1896,True,-1,0.011271974561756049,19.29894304604236
1897,False,-1,0.011259004688950342,19.29894304604236
1898,True,-1,0.011246049739670208,19.29894304604236
1899,False,-1,0.011233109696744185,19.29894304604236
1900,True,-1,0.011220184543020576,19.29894304604236
1901,False,-1,0.011207274261367417,19.29894304604236
1902,True,-1,0.011194378834672456,19.29894304604236
1903,False,-1,0.011181498245843132,19.29894304604236
1904,True,-1,0.01116863247780655,19.29894304604236
1905,False,-1,0.011155781513509462,19.29894304604236
1906,True,-1,0.011142945335918239,19.29894304604236
1907,False,-1,0.011130123928018851,19.29894304604236
1908,True,-1,0.01111731727281685,19.29894304604236
1909,False,-1,0.011104525353337337,19.29894304604236
1910,True,-1,0.011091748152624948,19.29894304604236
1911,False,-1,0.011078985653743824,19.29894304604236
1912,True,-1,0.0110662378397776,19.29894304604236
1913,False,-1,0.011053504693829368,19.29894304604236
1914,True,-1,0.011040786199021666,19.29894304604236
1915,False,-1,0.011028082338496453,19.29894304604236
1916,True,-1,0.011015393095415082,19.29894304604236
1917,False,0,0.011002718452958284,19.29894304604236
1918,True,-1,0.01099005839432614,19.29894304604236
1919,False,-1,0.010977412902738065,19.29894304604236
1920,True,-1,0.010964781961432779,19.29894304604236
1921,False,-1,0.010952165553668288,19.29894304604236
1922,True,-1,0.010939563662721865,19.29894304604236
1923,False,0,0.01092697627189002,19.29894304604236
1924,True,-1,0.01091440336448849,19.29894304604236
1925,False,-1,0.0109018449238522,19.29894304604236
1926,True,-1,0.010889300933335257,19.29894304604236
1927,False,-1,0.01087677137631092,19.29894304604236
1928,True,-1,0.010864256236171576,19.29894304604236
1929,False,-1,0.010851755496328726,19.29894304604236
1930,True,-1,0.010839269140212954,19.29894304604236
1931,False,-1,0.010826797151273914,19.29894304604236
1932,True,-1,0.010814339512980298,19.29894304604236
1933,False,-1,0.010801896208819823,19.29894304604236
1934,True,-1,0.010789467222299204,19.29894304604236
1935,False,-1,0.010777052536944134,19.29894304604236
1936,True,-1,0.010764652136299263,19.29894304604236
1937,False,-1,0.010752266003928174,19.29894304604236
1938,True,-1,0.010739894123413361,19.29894304604236
1939,False,-1,0.01072753647835621,19.29894304604236
1940,True,-1,0.010715193052376976,19.29894304604236
1941,False,-1,0.01070286382911476,19.29894304604236
1942,True,-1,0.01069054879222749,19.29894304604236
1943,False,-1,0.010678247925391895,19.29894304604236
1944,True,-1,0.010665961212303489,19.29894304604236
1945,False,-1,0.010653688636676543,19.29894304604236
1946,True,-1,0.010641430182244069,19.29894304604236
1947,False,-1,0.010629185832757798,19.29894304604236
1948,True,-1,0.010616955571988154,19.29894304604236
1949,False,-1,0.010604739383724235,19.29894304604236
1950,True,-1,0.010592537251773794,19.29894304604236
1951,False,-1,0.010580349159963214,19.29894304604236
1952,True,-1,0.010568175092137488,19.29894304604236
1953,False,-1,0.010556015032160197,19.29894304604236
1954,True,-1,0.01054386896391349,19.29894304604236
1955,False,-1,0.010531736871298061,19.29894304604236
1956,True,-1,0.010519618738233129,19.29894304604236
1957,False,-1,0.010507514548656414,19.29894304604236
1958,True,-1,0.010495424286524122,19.29895321788237
1959,False,-1,0.010483347935810914,19.29895321788237
1960,True,-1,0.010471285480509893,19.29895321788237
1961,False,-1,0.010459236904632581,19.29895321788237
1962,True,-1,0.010447202192208896,19.29895321788237
1963,False,-1,0.010435181327287131,19.29895321788237
1964,True,-1,0.010423174293933935,19.29895321788237
1965,False,-1,0.010411181076234288,19.29895321788237
1966,True,-1,0.010399201658291484,19.29895321788237
1967,False,-1,0.01038723602422711,19.29895321788237
1968,True,-1,0.010375284158181017,19.29895321788237
1969,False,-1,0.010363346044311312,19.29895321788237
1970,True,-1,0.010351421666794328,19.29895321788237
1971,False,-1,0.010339511009824602,19.29895321788237
1972,True,-1,0.010327614057614863,19.29895321788237
1973,False,-1,0.010315730794395999,19.29895321788237
1974,True,-1,0.010303861204417048,19.29895321788237
1975,False,-1,0.010292005271945168,19.29895321788237
1976,True,-1,0.01028016298126562,19.29895321788237
1977,False,-1,0.010268334316681749,19.29895321788237
1978,True,-1,0.01025651926251496,19.29895321788237
1979,False,-1,0.010244717803104696,19.29895321788237
1980,True,-1,0.010232929922808423,19.29895321788237
1981,False,-1,0.010221155606001604,19.29895321788237
1982,True,-1,0.01020939483707768,19.29895321788237
1983,False,-1,0.01019764760044805,19.29895321788237
1984,True,-1,0.010185913880542049,19.29895321788237
1985,False,-1,0.010174193661806928,19.29895321788237
1986,True,-1,0.010162486928707835,19.29895321788237
1987,False,-1,0.01015079366572779,19.29895321788237
1988,True,-1,0.010139113857367672,19.29895321788237
1989,False,-1,0.010127447488146188,19.29895321788237
1990,True,-1,0.010115794542599862,19.29895321788237
1991,False,-1,0.01010415500528301,19.29895321788237
1992,True,-1,0.010092528860767721,19.29895321788237
1993,False,-1,0.010080916093643833,19.29895321788237
1994,True,-1,0.010069316688518917,19.29895321788237
1995,False,-1,0.010057730630018257,19.29895321788237
1996,True,0,0.010046157902784826,19.29895321788237
1997,False,-1,0.010034598491479266,19.29895321788237
1998,True,-1,0.01002305238077987,19.29895321788237
1999,False,-1,0.010011519555382563,19.29895321788237
