episode,agent_first,outcome,epsilon,drift_pct
0,True,-1,0.1,0.47125149366080027
1,False,0,0.09988493699365053,0.47125149366080027
2,True,0,0.09977000638225535,0.47125149366080027
3,False,-1,0.09965520801347685,0.7343656845063292
4,True,0,0.09954054173515271,0.7343656845063292
5,False,1,0.09942600739529568,1.0593170337283875
6,True,0,0.09931160484209339,1.0593170337283875
7,False,-1,0.09919733392390816,1.4146283056131996
8,True,1,0.09908319448927677,1.609157752651031
9,False,-1,0.09896918638691031,1.8563827347270347
10,True,-1,0.09885530946569392,2.1655683676746804
11,False,-1,0.09874156357468661,2.409407557442589
12,True,1,0.09862794856312108,2.6138319797194662
13,False,1,0.09851446428040354,2.7559421207493777
14,True,-1,0.09840111057611342,2.9476593718946384
15,False,0,0.09828788730000326,2.9476593718946384
16,True,1,0.09817479430199849,3.094614169598979
17,False,1,0.0980618314321972,3.1972849082128367
18,True,1,0.09794899854086996,3.3073448528534493
19,False,1,0.09783629547845962,3.4136787253506555
20,True,1,0.09772372209558115,3.5262021624935205
21,False,1,0.09761127824302136,3.601236011802113
22,True,1,0.09749896377173879,3.7021877094543996
23,False,-1,0.09738677853286344,3.843841389163894
24,True,0,0.09727472237769662,3.843841389163894
25,False,1,0.09716279515771073,3.9389585829608467
26,True,0,0.09705099672454907,3.9389585829608467
27,False,-1,0.09693932693002567,4.147750856911716
28,True,1,0.09682778562612504,4.277144926450004
29,False,-1,0.09671637266500199,4.626417621939296
30,True,1,0.09660508789898148,4.716605923511742
31,False,0,0.09649393118055835,4.716605923511742
32,True,1,0.0963829023623972,4.790843826339608
33,False,1,0.09627200129733214,4.895580719955354
34,True,-1,0.09616122783836661,5.090547873983586
35,False,1,0.09605058183867321,5.165797557022376
36,True,-1,0.09594006315159347,5.416029271431128
37,False,1,0.09582967163063766,5.533629728218634
38,True,-1,0.09571940712948461,5.690618092482147
39,False,-1,0.09560926950198152,5.955832291484596
40,True,-1,0.09549925860214377,6.193670254582019
41,False,-1,0.09538937428415467,6.363037112396847
42,True,1,0.09527961640236536,6.457295739323015
43,False,1,0.09516998481129454,6.55985395195677
44,True,1,0.09506047936562832,6.657306536645857
45,False,1,0.09495109992022001,6.7227559697056885
46,True,1,0.09484184633008991,6.801810874517957
47,False,1,0.09473271845042515,6.875475339865298
48,True,-1,0.0946237161365795,7.0727816992256685
49,False,-1,0.09451483924407315,7.311092652883524
50,True,1,0.09440608762859254,7.372643728259791
51,False,-1,0.09429746114599015,7.543047478015568
52,True,1,0.09418895965228434,7.6372666890617
53,False,-1,0.09408058300365912,7.795042735185932
54,True,-1,0.09397233105646399,8.046820569276099
55,False,1,0.09386420366721374,8.10921972181314
56,True,1,0.09375620069258823,8.195681633372182
57,False,-1,0.09364832198943229,8.35571900667848
58,True,1,0.09354056741475542,8.419332422616634
59,False,0,0.09343293682573163,8.419332422616634
60,True,1,0.09332543007969933,8.526399303334511
61,False,-1,0.09321804703416105,8.722799733194053
62,True,1,0.09311078754678327,8.781765253987956
63,False,-1,0.09300365147539627,8.945082409957255
64,True,-1,0.09289663867799389,9.132215022088324
65,False,-1,0.09278974901273337,9.274968531998825
66,True,1,0.09268298233793519,9.34583828430361
67,False,-1,0.0925763385120828,9.465534140133032
68,True,-1,0.09246981739382253,9.629968927023352
69,False,1,0.09236341884196332,9.67632518064573
70,True,-1,0.0922571427154766,9.831841806807898
71,False,1,0.09215098887349604,9.891274596502228
72,True,1,0.09204495717531742,9.95224079107796
73,False,-1,0.09193904748039841,10.070838723926379
74,True,-1,0.0918332596483584,10.198482601243066
75,False,-1,0.09172759353897827,10.326656049980237
76,True,1,0.0916220490122003,10.38325598223198
77,False,1,0.09151662592812786,10.438735104862696
78,True,0,0.09141132414702534,10.438735104862696
79,False,-1,0.0913061435293179,10.60582092755544
80,True,0,0.0912010839355913,10.60582092755544
81,False,1,0.0910961452265917,10.668855184353063
82,True,1,0.0909913272632255,10.748053130665463
83,False,-1,0.09088662990655913,10.890193151475401
84,True,1,0.09078205301781891,10.932335084633927
85,False,1,0.09067759645839084,10.990252270166872
86,True,1,0.09057326008982036,11.035229603727988
87,False,-1,0.09046904377381228,11.158086358840299
88,True,0,0.0903649473722305,11.158086358840299
89,False,-1,0.09026097074709788,11.312942451141863
90,True,1,0.09015711376059604,11.34329395024961
91,False,-1,0.09005337627506518,11.498577259831563
92,True,-1,0.08994975815300388,11.640596490041391
93,False,-1,0.08984625925706895,11.766569642636552
94,True,-1,0.08974287945007521,11.90760347584548
95,False,1,0.08963961859499536,11.955118683488916
96,True,0,0.08953647655495975,11.955118683488916
97,False,1,0.08943345319325621,11.995106729525471
98,True,1,0.08933054837332989,12.063278401267791
99,False,-1,0.08922776195878306,12.066646551790871
100,True,-1,0.08912509381337493,12.166831547002456
101,False,-1,0.08902254380102147,12.250976821999378
102,True,1,0.08892011178579523,12.310784698294052
103,False,-1,0.08881779763192517,12.383622701640638
104,True,1,0.08871560120379648,12.425821851399215
105,False,0,0.08861352236595038,12.425821851399215
106,True,1,0.08851156098308395,12.451668496862844
107,False,-1,0.08840971692004997,12.540560206704104
108,True,1,0.08830799004185669,12.566737436968035
109,False,0,0.08820638021366772,12.566737436968035
110,True,1,0.08810488730080182,12.613285048330587
111,False,1,0.0880035111687327,12.65375117084758
112,True,1,0.08790225168308885,12.689517903280276
113,False,-1,0.0878011087096534,12.761237004225839
114,True,0,0.08770008211436389,12.761237004225839
115,False,-1,0.08759917176331214,12.853323943310022
116,True,1,0.08749837752274403,12.880261518614647
117,False,1,0.08739769925905934,12.922769638013506
118,True,1,0.08729713683881159,12.957102141004892
119,False,-1,0.08719669012870783,13.04592391944609
120,True,1,0.0870963589956085,13.071436165669411
121,False,-1,0.08699614330652722,13.194319621861746
122,True,1,0.08689604292863062,13.22477919676959
123,False,1,0.08679605772923821,13.267617900968753
124,True,-1,0.08669618757582212,13.346547565000908
125,False,0,0.086596432336007,13.346547565000908
126,True,0,0.0864967918775698,13.346547565000908
127,False,-1,0.08639726606843962,13.418875704867027
128,True,1,0.0862978547766975,13.45076696625618
129,False,-1,0.08619855787057633,13.5474897214246
130,True,1,0.08609937521846055,13.579302151053684
131,False,-1,0.08600030668888607,13.649280595877654
132,True,0,0.08590135215054007,13.649280595877654
133,False,-1,0.0858025114722608,13.714956352377692
134,True,1,0.08570378452303745,13.738003198878761
135,False,-1,0.08560517117200997,13.813226498707527
136,True,1,0.08550667128846884,13.848669003739928
137,False,0,0.08540828474185495,13.848669003739928
138,True,1,0.08531001140175945,13.862261124952353
139,False,-1,0.0852118511379235,13.92886506185324
140,True,0,0.08511380382023816,13.92886506185324
141,False,0,0.08501586931874419,13.92886506185324
142,True,-1,0.0849180475036319,14.00355688304152
143,False,-1,0.08482033824524093,14.051718002525547
144,True,1,0.08472274141406017,14.069897623582166
145,False,1,0.08462525688072745,14.120685620748596
146,True,0,0.08452788451602951,14.120685620748596
147,False,1,0.08443062419090175,14.14739305817301
148,True,1,0.08433347577642807,14.167033609750964
149,False,1,0.0842364391438407,14.211614241551718
150,True,1,0.08413951416452005,14.226163787205019
151,False,-1,0.0840427007099945,14.28645991182014
152,True,-1,0.08394599865194029,14.358294717445808
153,False,-1,0.08384940786218127,14.461785560660417
154,True,1,0.0837529282126888,14.489112208845397
155,False,-1,0.08365655957558156,14.570279677679597
156,True,1,0.08356030182312535,14.603144892749642
157,False,-1,0.08346415482773296,14.706678966284288
158,True,-1,0.08336811846196399,14.749263374483217
159,False,-1,0.08327219259852466,14.826730836514034
160,True,1,0.08317637711026767,14.849277991374647
161,False,-1,0.08308067187019201,14.93321728661138
162,True,1,0.08298507675144282,14.963001705638609
163,False,1,0.08288959162731119,14.987847696341323
164,True,-1,0.08279421637123399,15.019418544770183
165,False,0,0.08269895085679375,15.019418544770183
166,True,-1,0.08260379495771845,15.053838779881648
167,False,-1,0.08250874854788134,15.12772321126919
168,True,1,0.08241381150130082,15.142897053603063
169,False,-1,0.08231898369214023,15.18798500592428
170,True,1,0.08222426499470771,15.21004899838445
171,False,-1,0.08212965528345603,15.259259088869436
172,True,1,0.08203515443298243,15.270500243559713
173,False,1,0.0819407623180284,15.297610740144496
174,True,0,0.08184647881347959,15.297610740144496
175,False,-1,0.08175230379436561,15.353670293395743
176,True,1,0.08165823713585986,15.379371990139239
177,False,-1,0.08156427871327936,15.463039188655724
178,True,-1,0.08147042840208459,15.501041182930464
179,False,-1,0.08137668607787935,15.561150399985413
180,True,1,0.08128305161641056,15.578216204561015
181,False,0,0.08118952489356812,15.578216204561015
182,True,1,0.08109610578538472,15.589627737571446
183,False,-1,0.0810027941680357,15.648774444265516
184,True,0,0.08090958991783888,15.648774444265516
185,False,1,0.08081649291125438,15.67224342212697
186,True,1,0.08072350302488447,15.68882733578213
187,False,-1,0.08063062013547342,15.713860234045015
188,True,-1,0.08053784411990732,15.74226255431098
189,False,-1,0.0804451748552139,15.76762095145416
190,True,1,0.0803526122185624,15.789971026914593
191,False,1,0.08026015608726338,15.81313739253577
192,True,1,0.08016780633876859,15.821244349023182
193,False,1,0.08007556285067077,15.85940909273807
194,True,0,0.07998342550070352,15.85940909273807
195,False,-1,0.07989139416674111,15.890888394606847
196,True,-1,0.07979946872679834,15.920443947233865
197,False,1,0.07970764905903037,15.946520730577705
198,True,-1,0.07961593504173256,15.973833392482673
199,False,1,0.0795243265533403,15.840052081200374
200,True,1,0.07943282347242885,15.855959567494917
201,False,0,0.0793414256777132,15.855959567494917
202,True,-1,0.07925013304804789,15.890866779446828
203,False,1,0.07915894546242684,15.919326316312844
204,True,1,0.07906786279998322,15.932861220925217
205,False,1,0.07897688493998928,15.946463513977653
206,True,1,0.07888601176185615,15.952759882943408
207,False,-1,0.07879524314513375,16.00093498870745
208,True,-1,0.07870457896951058,16.018267804083294
209,False,1,0.07861401911481355,16.03830251446161
210,True,1,0.07852356346100789,16.043725376666565
211,False,1,0.07843321188819691,16.0732974585336
212,True,1,0.0783429642766219,16.089632162108533
213,False,-1,0.07825282050666191,16.129835088265285
214,True,1,0.07816278045883368,16.149338320003114
215,False,1,0.0780728440137914,16.1752485394668
216,True,1,0.07798301105232659,16.191618844481763
217,False,-1,0.07789328145536793,16.215114523423242
218,True,1,0.07780365510398113,16.22522914683249
219,False,-1,0.07771413187936871,16.290250091131927
220,True,1,0.07762471166286991,16.299496293700383
221,False,1,0.0775353943359605,16.325875689284498
222,True,1,0.07744617978025262,16.336568836094273
223,False,-1,0.07735706787749463,16.366275694841427
224,True,1,0.07726805850957098,16.394349973267094
225,False,-1,0.077179151558502,16.437270052186328
226,True,-1,0.07709034690644376,16.479839202625243
227,False,0,0.07700164443568797,16.479839202625243
228,True,1,0.07691304402866173,16.485215020070157
229,False,-1,0.07682454556792745,16.522918216544625
230,True,-1,0.07673614893618266,16.543034301643015
231,False,-1,0.07664785401625987,16.58738861000356
232,True,-1,0.0765596606911264,16.61315769518712
233,False,1,0.07647156884388422,16.642753935174174
234,True,-1,0.07638357835776984,16.668395872357614
235,False,-1,0.07629568911615407,16.717546203282545
236,True,1,0.07620790100254198,16.723276763647785
237,False,-1,0.07612021390057261,16.765213988526124
238,True,-1,0.07603262769401896,16.785408905384585
239,False,0,0.07594514226678771,16.785408905384585
240,True,-1,0.07585775750291915,16.819854570096073
241,False,-1,0.075770473286587,16.87651299042787
242,True,1,0.07568328950209821,16.885841839196395
243,False,-1,0.07559620603389292,16.918764270866493
244,True,-1,0.07550922276654418,16.941467817767247
245,False,-1,0.07542233958475786,16.98691178448879
246,True,0,0.07533555637337253,16.98691178448879
247,False,-1,0.07524887301735922,17.01654362591588
248,True,1,0.07516228940182135,17.03072317088884
249,False,-1,0.07507580541199452,17.053874278750005
250,True,1,0.07498942093324638,17.066070314921156
251,False,-1,0.07490313585107652,17.107045029438613
252,True,1,0.07481695005111624,17.11174314804291
253,False,1,0.07473086341912843,17.13031057049988
254,True,-1,0.07464487584100746,17.152244871999933
255,False,-1,0.07455898720277895,17.176687803542276
256,True,1,0.07447319739059971,17.186029367110816
257,False,-1,0.07438750629075751,17.21353402249596
258,True,1,0.07430191378967095,17.224370846545867
259,False,0,0.07421641977388936,17.224370846545867
260,True,-1,0.07413102413009258,17.240120669320266
261,False,-1,0.07404572674509084,17.276879156153868
262,True,1,0.07396052750582462,17.288074537564103
263,False,-1,0.07387542629936449,17.32342676751642
264,True,-1,0.07379042301291094,17.36797052639714
265,False,-1,0.07370551753379428,17.40308371810924
266,True,-1,0.07362070974947446,17.42214193184666
267,False,-1,0.07353599954754089,17.454384121716135
268,True,1,0.07345138681571235,17.45859017755998
269,False,-1,0.0733668714418368,17.479488222859086
270,True,1,0.07328245331389127,17.48416472630336
271,False,1,0.07319813231998165,17.508528826085634
272,True,0,0.07311390834834261,17.508528826085634
273,False,-1,0.0730297812873374,17.553633307646866
274,True,1,0.07294575102545775,17.565151644977394
275,False,-1,0.07286181745132365,17.588307838758563
276,True,1,0.07277798045368329,17.602781095611796
277,False,1,0.07269423992141284,17.629665268756373
278,True,1,0.07261059574351636,17.63879576664472
279,False,-1,0.0725270478091256,17.695179547296263
280,True,1,0.07244359600749989,17.707345067947383
281,False,0,0.072360240228026,17.707345067947383
282,True,-1,0.07227698036021792,17.712978995832533
283,False,-1,0.07219381629371682,17.7577923084735
284,True,-1,0.07211074791829085,17.773304364487682
285,False,-1,0.07202777512383497,17.80232462403421
286,True,1,0.07194489780037085,17.81163185764272
287,False,-1,0.07186211583804668,17.88909041931353
288,True,-1,0.07177942912713707,17.90149752116487
289,False,-1,0.07169683755804289,17.93145740443226
290,True,1,0.0716143410212911,17.948726645808044
291,False,1,0.07153193940753463,17.969734038387248
292,True,1,0.07144963260755223,17.975373052192403
293,False,1,0.07136742051224833,17.993514528848987
294,True,1,0.07128530301265286,18.002679356697367
295,False,-1,0.07120327999992117,18.012684632826513
296,True,-1,0.07112135136533382,18.0326913706448
297,False,0,0.07103951700029648,18.0326913706448
298,True,0,0.07095777679633979,18.0326913706448
299,False,-1,0.07087613064511916,17.86014644856707
300,True,-1,0.0707945784384147,17.878333698503695
301,False,1,0.07071312006813102,17.88789777107244
302,True,1,0.07063175542629711,17.895440190439334
303,False,-1,0.0705504844050662,17.94127450152123
304,True,-1,0.07046930689671561,17.95242665261143
305,False,-1,0.07038822279364661,17.986794757042844
306,True,-1,0.07030723198838426,17.994723706330095
307,False,0,0.07022633437357732,17.994723706330095
308,True,0,0.07014552984199805,17.994723706330095
309,False,-1,0.07006481828654208,18.0139828139077
310,True,1,0.06998419960022828,18.0225131732355
311,False,1,0.06990367367619864,18.044638196735725
312,True,1,0.06982324040771808,18.05439171982464
313,False,-1,0.06974289968817433,18.104789372630712
314,True,-1,0.06966265141107782,18.10916326383471
315,False,-1,0.06958249547006147,18.139499505182442
316,True,1,0.06950243175888063,18.144973226587446
317,False,1,0.06942246017141286,18.15709678839853
318,True,1,0.06934258060165786,18.172927985893
319,False,-1,0.06926279294373729,18.18564914330463
320,True,0,0.0691830970918946,18.18564914330463
321,False,-1,0.06910349294049499,18.212824485369474
322,True,-1,0.06902398038402516,18.246694169640435
323,False,-1,0.06894455931709323,18.283767983514327
324,True,1,0.06886522963442858,18.290439439080426
325,False,-1,0.06878599123088174,18.349420853374344
326,True,1,0.0687068440014242,18.358365715182522
327,False,1,0.06862778784114831,18.377755785200247
328,True,1,0.06854882264526714,18.38169737320385
329,False,-1,0.06846994830911432,18.4084404120683
330,True,1,0.06839116472814392,18.41064388691031
331,False,-1,0.06831247179793029,18.431606777689474
332,True,-1,0.06823386941416795,18.438104040495414
333,False,-1,0.06815535747267143,18.465969796200888
334,True,1,0.06807693586937513,18.473861872568104
335,False,-1,0.06799860450033322,18.51208764732305
336,True,1,0.06792036326171945,18.518776903609165
337,False,-1,0.06784221204982703,18.560289454167112
338,True,-1,0.06776415076106851,18.575228072700767
339,False,1,0.06768617929197562,18.587603387552083
340,True,-1,0.06760829753919918,18.601643069724915
341,False,-1,0.06753050539950887,18.640200700760165
342,True,1,0.06745280276979321,18.647682089087002
343,False,0,0.0673751895470593,18.647682089087002
344,True,1,0.0672976656284328,18.65252134197143
345,False,1,0.0672202309111577,18.664488511742366
346,True,0,0.06714288529259625,18.664488511742366
347,False,-1,0.0670656286702288,18.680234520076763
348,True,0,0.06698846094165366,18.680234520076763
349,False,-1,0.06691138200458695,18.695816507491006
350,True,0,0.06683439175686248,18.695816507491006
351,False,-1,0.06675749009643164,18.726166735118753
352,True,1,0.06668067692136323,18.727862889440303
353,False,-1,0.06660395212984332,18.744050101335098
354,True,1,0.06652731562017516,18.7476623760184
355,False,0,0.06645076729077898,18.7476623760184
356,True,1,0.06637430704019191,18.75975033638945
357,False,-1,0.06629793476706783,18.772428263481043
358,True,1,0.06622165037017723,18.78082893184872
359,False,0,0.06614545374840707,18.78082893184872
360,True,-1,0.06606934480076064,18.78615643305359
361,False,-1,0.06599332342635748,18.81911573764372
362,True,-1,0.06591738952443318,18.84536798522772
363,False,0,0.06584154299433928,18.84536798522772
364,True,-1,0.0657657837355431,18.855435563876924
365,False,-1,0.0656901116476277,18.884282902143294
366,True,-1,0.0656145266302916,18.889689235108236
367,False,-1,0.06553902858334881,18.910129547606925
368,True,0,0.06546361740672857,18.910129547606925
369,False,0,0.06538829300047526,18.910129547606925
370,True,1,0.0653130552647483,18.915698630012013
371,False,-1,0.06523790409982198,18.934334712389052
372,True,1,0.06516283940608533,18.94706604164069
373,False,-1,0.065087861084042,18.971094470702656
374,True,-1,0.06501296903431013,18.98106414539177
375,False,-1,0.0649381631576222,19.00328198693208
376,True,1,0.06486344335482491,19.00895787365727
377,False,0,0.06478880952687906,19.00895787365727
378,True,-1,0.06471426157485939,19.014313347422164
379,False,-1,0.0646397993999545,19.034242524960383
380,True,1,0.06456542290346663,19.04439020684966
381,False,-1,0.06449113198681165,19.062764364346457
382,True,0,0.06441692655151882,19.062764364346457
383,False,-1,0.0643428064992307,19.08805155860957
384,True,0,0.06426877173170306,19.08805155860957
385,False,-1,0.06419482215080467,19.10221330286252
386,True,0,0.06412095765851726,19.10221330286252
387,False,-1,0.0640471781569353,19.121511826320162
388,True,-1,0.06397348354826592,19.127185170085347
389,False,-1,0.06389987373482879,19.14007543433713
390,True,-1,0.06382634861905598,19.147976411064352
391,False,-1,0.0637529081034918,19.166588335321368
392,True,1,0.0636795520907927,19.172076043006385
393,False,-1,0.06360628048372714,19.195330140747643
394,True,-1,0.06353309318517548,19.200337228992222
395,False,1,0.0634599900981298,19.21494017680557
396,True,1,0.06338697112569382,19.222731806252693
397,False,-1,0.06331403617108272,19.252179283079613
398,True,1,0.06324118513762307,19.269130654455108
399,False,1,0.06316841792875268,19.077189304959642
400,True,-1,0.06309573444802045,19.091490912012716
401,False,1,0.06302313459908628,19.10615234790612
402,True,-1,0.06295061828572089,19.115328619074507
403,False,-1,0.06287818541180576,19.135210751852682
404,True,-1,0.06280583588133294,19.139716876976802
405,False,1,0.06273356959840495,19.152758447348724
406,True,-1,0.06266138646723468,19.16326341511833
407,False,-1,0.06258928639214521,19.17795918097176
408,True,0,0.06251726927756972,19.17795918097176
409,False,1,0.062445335028051344,19.19629265110852
410,True,-1,0.06237348354824306,19.201292110473094
411,False,-1,0.062301714742907556,19.224112633533956
412,True,1,0.06223002851691709,19.228664531938115
413,False,1,0.062158424775253386,19.24198074199029
414,True,-1,0.062086903423007496,19.250799727278352
415,False,-1,0.062015464365379684,19.265991370332237
416,True,1,0.061944107507679286,19.269326462375286
417,False,0,0.0618728327553246,19.269326462375286
418,True,1,0.06180164001384274,19.275709291981123
419,False,-1,0.06173052918886952,19.28252188182735
420,True,1,0.061659500186149366,19.287211100071637
421,False,0,0.061588552911535116,19.287211100071637
422,True,-1,0.06151768727098796,19.291157773995245
423,False,-1,0.06144690317057729,19.309327223211856
424,True,1,0.06137620051648057,19.317103594898963
425,False,0,0.061305579214983225,19.317103594898963
426,True,1,0.0612350391724785,19.323452094544766
427,False,1,0.06116458029546737,19.33972322411964
428,True,0,0.061094202490558365,19.33972322411964
429,False,-1,0.06102390566446749,19.349594994848665
430,True,0,0.06095368972401809,19.349594994848665
431,False,-1,0.0608835545761407,19.36274718398069
432,True,1,0.06081350012787296,19.37441047003135
433,False,1,0.060743526286359484,19.386544203682444
434,True,-1,0.06067363295885171,19.389249913124917
435,False,1,0.060603820052707806,19.397949379292868
436,True,1,0.06053408747539253,19.401644300176248
437,False,0,0.06046443513447712,19.401644300176248
438,True,1,0.06039486293763916,19.403850317978264
439,False,0,0.06032537079266247,19.403850317978264
440,True,-1,0.06025595860743696,19.41044039882429
441,False,-1,0.06018662628995854,19.424885683117495
442,True,1,0.06011737374832899,19.436349346807972
443,False,-1,0.06004820089075581,19.444816132135713
444,True,-1,0.059979107625552135,19.446978919617692
445,False,-1,0.05991009386113658,19.462201078191605
446,True,-1,0.059841159506033165,19.466082906635155
447,False,-1,0.059772304468871135,19.48209211132979
448,True,-1,0.05970352865838489,19.483608986971177
449,False,1,0.05963483198341383,19.495209970501783
450,True,1,0.05956621435290225,19.50075616626685
451,False,-1,0.059497675675899225,19.511745567916897
452,True,-1,0.05942921586155847,19.51817798524278
453,False,1,0.05936083481913824,19.5258589959298
454,True,-1,0.05929253245800119,19.52992773193352
455,False,-1,0.05922430868761427,19.546284050668472
456,True,1,0.059156163417548605,19.547798383349857
457,False,-1,0.05908809655747936,19.568791789649048
458,True,1,0.059020108017185643,19.57494320989467
459,False,1,0.05895219770655036,19.589672034228137
460,True,1,0.05888436553556011,19.594190874152265
461,False,-1,0.05881661141430508,19.608343718045205
462,True,1,0.05874893525297889,19.613401665489828
463,False,-1,0.0586813369618785,19.627157807622403
464,True,0,0.058613816451404094,19.627157807622403
465,False,-1,0.05854637363205894,19.639236867633446
466,True,1,0.05847900841444929,19.64041171515452
467,False,-1,0.058411720709284264,19.65815394709074
468,True,-1,0.0583445104273757,19.67173208202315
469,False,-1,0.05827737747963808,19.685352175795604
470,True,-1,0.05821032177708837,19.690916172280687
471,False,1,0.05814334323084595,19.70789551621621
472,True,1,0.05807644175213244,19.714695391262428
473,False,1,0.058009617252271634,19.73117377207749
474,True,0,0.05794286964268934,19.73117377207749
475,False,-1,0.0578761988349133,19.747892462612775
476,True,-1,0.05780960474057305,19.749235145494
477,False,1,0.05774308727139979,19.76420809398769
478,True,1,0.05767664633922631,19.77612949047859
479,False,1,0.05761028185598684,19.797000834697666
480,True,-1,0.057543993733716936,19.80028633902067
481,False,1,0.05747778188455337,19.807346867467125
482,True,1,0.057411646220734004,19.809481682389077
483,False,-1,0.0573455866545977,19.824349098042667
484,True,1,0.057279603098584174,19.826536043644666
485,False,-1,0.057213695465233895,19.83855915853566
486,True,1,0.05714786366718796,19.843845972380493
487,False,0,0.05708210761718799,19.843845972380493
488,True,-1,0.057016427228076004,19.856508641712068
489,False,-1,0.05695082241279432,19.862621917557657
490,True,-1,0.056885293084385405,19.864829206839673
491,False,-1,0.0568198391559918,19.870099491444492
492,True,1,0.05675446054085598,19.87461451692862
493,False,-1,0.05668915715232024,19.886324847739324
494,True,1,0.056623928903826594,19.889895163582587
495,False,-1,0.05655877570891666,19.904461238475903
496,True,-1,0.05649369748123152,19.910491868121415
497,False,1,0.05642869413451164,19.91755239656787
498,True,1,0.05636376558259672,19.919178619489358
499,False,-1,0.056298911739425604,19.71702855706456
500,True,1,0.05623413251903618,19.721425334908577
501,False,1,0.05616942783556523,19.73222401455845
502,True,-1,0.056104797603248324,19.737063267442874
503,False,-1,0.056040241736419735,19.767043494390283
504,True,1,0.0559757601495123,19.777328496119683
505,False,1,0.055911352757057296,19.7865365542881
506,True,1,0.05584701947368436,19.79164408945277
507,False,-1,0.05578276021412136,19.799053003419544
508,True,-1,0.05571857489319427,19.804487308944513
509,False,-1,0.05565446342582707,19.824720370203007
510,True,-1,0.05559042572704164,19.827606629805647
511,False,-1,0.05552646171195763,19.846148622662596
512,True,-1,0.05546257129579236,19.853059116468913
513,False,1,0.055398754393860695,19.876032217129914
514,True,-1,0.05533501092157495,19.880387036133897
515,False,-1,0.055271340794444776,19.89856029979051
516,True,-1,0.05520774392807702,19.904760036276176
517,False,1,0.055144220238175654,19.91311111692381
518,True,1,0.05508076964054163,19.91479582792535
519,False,-1,0.05501739205107279,19.93017819297941
520,True,1,0.054954087385763746,19.931481459980603
521,False,1,0.05489085556070577,19.937949478746518
522,True,1,0.05482769649208667,19.941817320910054
523,False,-1,0.054764610096190706,19.950076854997604
524,True,1,0.05470159628939846,19.95355308132078
525,False,-1,0.05463865498818672,19.966659497172763
526,True,-1,0.054575786109128395,19.969583901175437
527,False,-1,0.05451298956889237,19.982369904067124
528,True,1,0.054450265284243425,19.991057926915065
529,False,-1,0.054387613172042104,20.010358993332712
530,True,-1,0.054325033149244625,20.01273030353488
531,False,-1,0.05426252513290275,20.04117203968088
532,True,1,0.05420008904016369,20.04257321064216
533,False,-1,0.05413772478826998,20.056886261015244
534,True,-1,0.05407543229455939,20.057864029136137
535,False,-1,0.05401321147646479,20.06462830274232
536,True,-1,0.05395106225151407,20.068419856105788
537,False,-1,0.053888984537329994,20.076641245793304
538,True,-1,0.05382697825163014,20.085278409441198
539,False,0,0.05376504331222673,20.085278409441198
540,True,-1,0.05370317963702658,20.08776288136347
541,False,-1,0.05364138714403096,20.098904860613658
542,True,-1,0.05357966575133547,20.10209118949657
543,False,-1,0.05351801537712998,20.118485652631556
544,True,0,0.05345643593969848,20.118485652631556
545,False,-1,0.05339492735741898,20.126628210559
546,True,1,0.05333348954876341,20.127454672559757
547,False,-1,0.053272122432297515,20.14265267301365
548,True,1,0.053210825926680735,20.144844704535654
549,False,0,0.05314959995066611,20.144844704535654
550,True,1,0.05308844442310015,20.148849866539315
551,False,0,0.053027359262922756,20.148849866539315
552,True,1,0.0529663443891671,20.154246027664247
553,False,-1,0.052905399720959506,20.159100538308685
554,True,1,0.052844525177519364,20.16698371431589
555,False,-1,0.052783720678159,20.184820035772198
556,True,1,0.0527229861422836,20.187126500494305
557,False,-1,0.05266232148939107,20.195101223061595
558,True,1,0.05260172663907194,20.199157244265304
559,False,1,0.05254120151100929,20.212250945317273
560,True,-1,0.05248074602497859,20.221816289366018
561,False,-1,0.052420360100847614,20.235544458938566
562,True,0,0.052360043658576355,20.235544458938566
563,False,-1,0.0522997966182169,20.239566150182245
564,True,1,0.05223961889991331,20.24369591722602
565,False,1,0.05217951042390156,20.253671949315137
566,True,1,0.05211947111050937,20.25695618215814
567,False,0,0.05205950088015617,20.25695618215814
568,True,-1,0.05199959965335293,20.259677149360627
569,False,-1,0.05193976735070208,20.263368255804004
570,True,1,0.05188000389289744,20.26983881752992
571,False,-1,0.05182030920072404,20.280006843099212
572,True,1,0.051760683195058096,20.28386832786274
573,False,0,0.05170112579686683,20.28386832786274
574,True,1,0.051641636927208426,20.291101777589354
575,False,1,0.051582216507231896,20.299455401196994
576,True,0,0.05152286445817698,20.299455401196994
577,False,-1,0.05146358070137403,20.308015004564815
578,True,1,0.05140436515824394,20.311566248208063
579,False,1,0.051345217750297996,20.31847419905438
580,True,1,0.051286138399137815,20.319553685575364
581,False,0,0.05122712702645521,20.319553685575364
582,True,-1,0.051168183554032104,20.326659987301863
583,False,-1,0.051109307903740415,20.33006119630497
584,True,0,0.05105049999754196,20.33006119630497
585,False,-1,0.05099175975748835,20.343597372397344
586,True,1,0.05093308710572088,20.349083808602362
587,False,-1,0.05087448196447043,20.35868602557114
588,True,-1,0.05081594425605739,20.363366343455418
589,False,1,0.050757473902891495,20.37558653774659
590,True,1,0.05069907082747178,20.382898819233272
591,False,0,0.05064073495238643,20.382898819233272
592,True,1,0.050582466200312745,20.386143636196238
593,False,-1,0.05052426449401696,20.395384752844688
594,True,0,0.05046612975635418,20.395384752844688
595,False,-1,0.05040806191026829,20.402042222130774
596,True,-1,0.050350060878791826,20.40353748261214
597,False,0,0.05029212658504589,20.40353748261214
598,True,0,0.050234258952240055,20.40353748261214
599,False,1,0.05017645790367222,20.196859679903202
600,True,-1,0.05011872336272857,20.20334295642913
601,False,-1,0.05006105525288344,20.20905190163435
602,True,1,0.0500034534976992,20.213809779798698
603,False,-1,0.04994591802082618,20.231595242054958
604,True,0,0.04988844874600257,20.231595242054958
605,False,1,0.0498310455970543,20.238498106981268
606,True,-1,0.04977370849789495,20.24506402970727
607,False,0,0.049716437372525644,20.24506402970727
608,True,-1,0.04965923214503496,20.247692178869674
609,False,1,0.04960209273959881,20.260450209201334
610,True,1,0.049545019080480375,20.264134958244703
611,False,0,0.04948801109202995,20.264134958244703
612,True,1,0.049431068698684896,20.269770157609855
613,False,0,0.049374191824969514,20.269770157609855
614,True,1,0.04931738039549494,20.27182995521174
615,False,0,0.04926063433495908,20.27182995521174
616,True,1,0.04920395356814645,20.27533033965494
617,False,1,0.049147338019928134,20.289704421068077
618,True,1,0.049090787615261665,20.29370831159174
619,False,-1,0.04903430227919091,20.304969809962035
620,True,1,0.04897788193684598,20.307379264564236
621,False,-1,0.04892152651344314,20.311577691528075
622,True,1,0.04886523593428472,20.31377226601008
623,False,1,0.04880901012475897,20.32635356062158
624,True,1,0.048752849010339994,20.329495387704455
625,False,0,0.04869675251658767,20.329495387704455
626,True,-1,0.04864072056914752,20.33390742330849
627,False,1,0.048584753093750606,20.33903148771317
628,True,1,0.048528850016213466,20.34198004983587
629,False,-1,0.04847301126243798,20.36191685625409
630,True,-1,0.048417236758411294,20.36450813249646
631,False,-1,0.04836152643020572,20.36931941282086
632,True,-1,0.04830588020397863,20.370868075462276
633,False,-1,0.04825029800597235,20.37549880562651
634,True,1,0.048194779762514094,20.378701663749435
635,False,-1,0.04813932540001584,20.38167184103215
636,True,-1,0.04808393484497422,20.382804729713186
637,False,-1,0.048028608023970465,20.392058561161647
638,True,0,0.047973344863670275,20.392058561161647
639,False,-1,0.047918145290823735,20.40614274513452
640,True,-1,0.0478630092322652,20.40829408929649
641,False,-1,0.04780793661491323,20.41736737058478
642,True,1,0.047752927365770456,20.418849916266137
643,False,-1,0.04769798141192352,20.42472415387151
644,True,1,0.04764309868054294,20.426614844633235
645,False,-1,0.04758827909888306,20.433590183919613
646,True,-1,0.0475335225942819,20.435760600281597
647,False,1,0.04747882909416111,20.447339968652184
648,True,-1,0.047424198526025835,20.44928406157396
649,False,0,0.04736963081746464,20.44928406157396
650,True,-1,0.04731512589614942,20.452638225817026
651,False,-1,0.04726068368983527,20.455186271739354
652,True,1,0.04720630412636043,20.462612986426144
653,False,0,0.047151987133646156,20.462612986426144
654,True,-1,0.04709773263969666,20.465904848149155
655,False,-1,0.047043540572598984,20.47279245531545
656,True,0,0.04698941086052291,20.47279245531545
657,False,1,0.046935343431720886,20.480575184402564
658,True,1,0.0468813382145279,20.48209206004395
659,False,-1,0.046827395137361394,20.48584419752738
660,True,-1,0.046773514128721196,20.49085382873196
661,False,1,0.04671969511718939,20.507683138027346
662,True,-1,0.04666593803143024,20.509960358709428
663,False,1,0.046612242800190086,20.52208392052051
664,True,1,0.04655860935229727,20.525467328803604
665,False,-1,0.046505037616662005,20.52902747280686
666,True,1,0.04645152752227632,20.531069469688724
667,False,-1,0.04639807899821393,20.5453698052618
668,True,0,0.04634469197363018,20.5453698052618
669,False,-1,0.04629136637776191,20.550637546906614
670,True,1,0.046238102139927406,20.5562028148717
671,False,1,0.046184899189526264,20.566302180520932
672,True,1,0.04613175745603932,20.569342289203714
673,False,1,0.04607867686902855,20.577767115691415
674,True,1,0.04602565735813698,20.58188416793518
675,False,-1,0.0459726988530886,20.587229469860063
676,True,-1,0.04591980128368824,20.589403700662054
677,False,-1,0.04586696457982152,20.60040454563211
678,True,-1,0.045814188671454724,20.601843860993423
679,False,-1,0.04576147348863473,20.606349986117543
680,True,1,0.04570881896148888,20.615668663046062
681,False,-1,0.04565622502022495,20.625726069855258
682,True,-1,0.045603691595130995,20.628822123658086
683,False,-1,0.04555121861657529,20.637975508186454
684,True,1,0.045498806015006235,20.64265455459073
685,False,-1,0.045446453720952254,20.650469070677875
686,True,1,0.0453941616650217,20.653759660920883
687,False,1,0.04534192977790278,20.66182593004826
688,True,1,0.04528975799036346,20.662315449848705
689,False,-1,0.04523764623325134,20.671461205497067
690,True,-1,0.04518559443749362,20.67200285597756
691,False,-1,0.045133602534096956,20.684773601109235
692,True,0,0.0450816704541474,20.684773601109235
693,False,0,0.04502979812881029,20.684773601109235
694,True,-1,0.04497798548933018,20.685822572110194
695,False,0,0.04492623246703072,20.685822572110194
696,True,1,0.0448745389933146,20.68697707595125
697,False,-1,0.044822904999663425,20.69353282683724
698,True,0,0.04477133041763764,20.69353282683724
699,False,-1,0.044719815178876444,20.484729109566363
700,True,1,0.0446683592150977,20.487531451488923
701,False,-1,0.04461696245809783,20.49403507169487
702,True,1,0.04456562483975172,20.501798728581967
703,False,-1,0.04451434629201267,20.50801626578765
704,True,-1,0.04446312674691226,20.51261902339186
705,False,-1,0.04441196613656028,20.51617535295511
706,True,-1,0.04436086439314464,20.519225633477898
707,False,-1,0.04430982144893127,20.533072050690556
708,True,-1,0.044258837236264045,20.534600369651955
709,False,-1,0.044207911687564674,20.53575741645301
710,True,-1,0.04415704473533264,20.541009900337812
711,False,-1,0.04410623631214508,20.547380015143634
712,True,1,0.04405548635065672,20.560867874995967
713,False,1,0.04400479478359977,20.56512606151986
714,True,0,0.043954161543783836,20.56512606151986
715,False,1,0.04390358656409585,20.572003496846147
716,True,1,0.043853069777499955,20.573586489447592
717,False,-1,0.04380261111703743,20.585033623898056
718,True,-1,0.04375221051582659,20.587608370900412
719,False,1,0.04370186790706273,20.59468542858688
720,True,-1,0.043651583224017985,20.597119041309107
721,False,-1,0.043601356400041286,20.600367672712075
722,True,1,0.043551187368558245,20.603865514195274
723,False,1,0.04350107606307109,20.620991078330928
724,True,1,0.04345102241715854,20.624355414414005
725,False,1,0.04340102636447577,20.62794225949728
726,True,1,0.04335108783875428,20.631479516860516
727,False,-1,0.0433012067738018,20.64947731627697
728,True,1,0.04325138310350226,20.651003092278362
729,False,0,0.04320161676181564,20.651003092278362
730,True,1,0.043151907682777914,20.651615945638923
731,False,-1,0.043102255800500956,20.654007599521112
732,True,1,0.04305266104917246,20.65734396304416
733,False,1,0.043003123363055826,20.668147728614038
734,True,1,0.04295364267649012,20.669272988415067
735,False,-1,0.04290421892388994,20.67912441546407
736,True,1,0.042854852039745345,20.68408954486861
737,False,-1,0.04280554195862179,20.68690205863118
738,True,1,0.04275628861516001,20.690408800474387
739,False,-1,0.042707091944075945,20.692909801636674
740,True,0,0.04265795188016065,20.692909801636674
741,False,1,0.042608868358280226,20.69546674791901
742,True,1,0.042559841313375694,20.697220118840615
743,False,1,0.042510870680462956,20.70623872648886
744,True,1,0.042461956394632676,20.71056048701281
745,False,-1,0.04241309839105021,20.71603929433782
746,True,1,0.042364296604955505,20.717580328099228
747,False,-1,0.042315550971663035,20.719622324981092
748,True,1,0.04226686142656169,20.72077937178215
749,False,1,0.04221822790511472,20.724701887585738
750,True,1,0.042169650342859626,20.725070616786073
751,False,-1,0.04212112867540807,20.736450362796475
752,True,0,0.04207266283844581,20.736450362796475
753,False,0,0.04202425276773261,20.736450362796475
754,True,0,0.04197589839910215,20.736450362796475
755,False,1,0.04192759966846194,20.747619043126686
756,True,1,0.04187935651179323,20.7498237894487
757,False,0,0.041831168865150946,20.7498237894487
758,True,-1,0.04178303666466358,20.75224977329092
759,False,0,0.04173495984653311,20.75224977329092
760,True,0,0.04168693834703494,20.75224977329092
761,False,-1,0.04163897210251779,20.753503452572065
762,True,1,0.04159106104940361,20.754565138373035
763,False,-1,0.04154320512418752,20.76175281481961
764,True,0,0.0414954042634377,20.76175281481961
765,False,-1,0.04144765840379532,20.77001616334716
766,True,1,0.04139996748197445,20.77312238899
767,False,-1,0.04135233143476198,20.776100195152722
768,True,1,0.04130475019901755,20.77828459779472
769,False,-1,0.04125722371167342,20.786147430121908
770,True,-1,0.041209751909734436,20.788067364923663
771,False,-1,0.04116233473027793,20.78886203992439
772,True,0,0.04111497211045364,20.78886203992439
773,False,-1,0.0410676639874836,20.795833564770764
774,True,0,0.041020410298662095,20.795833564770764
775,False,-1,0.04097321098135556,20.79942040985404
776,True,1,0.040926065973002496,20.80048082417501
777,False,-1,0.04087897521111339,20.80117123781564
778,True,0,0.04083193863327062,20.80117123781564
779,False,-1,0.040784956177128406,20.810712423744363
780,True,1,0.04073802778041268,20.81219496942572
781,False,-1,0.04069115338092105,20.818019619311045
782,True,1,0.04064433291652269,20.819783162072657
783,False,1,0.04059756632515825,20.824253685756744
784,True,0,0.040550853544839796,20.824253685756744
785,False,-1,0.040504194513650726,20.82531028563771
786,True,1,0.04045758916974568,20.825995613358334
787,False,1,0.04041103745135045,20.8293497776014
788,True,-1,0.04036453929676191,20.83070390380264
789,False,-1,0.04031809464434794,20.833330781485042
790,True,1,0.04027170343254732,20.83586865556736
791,False,1,0.04022536559986969,20.85453016754442
792,True,-1,0.04017908108489541,20.856236493705982
793,False,-1,0.04013284982627553,20.858593817628137
794,True,0,0.040086671762731695,20.858593817628137
795,False,-1,0.040040546833056044,20.85956395686902
796,True,0,0.03999447497611116,20.85956395686902
797,False,-1,0.03994845613082996,20.863158430832307
798,True,1,0.03990249023621562,20.867159778395965
799,False,-1,0.039856577231341526,20.64598710367378
800,True,0,0.03981071705535114,20.64598710367378
801,False,0,0.03976490964745797,20.64598710367378
802,True,1,0.03971915494694545,20.651683334078985
803,False,0,0.039673452893166886,20.651683334078985
804,True,1,0.039627803425545366,20.657439324044248
805,False,-1,0.03958220648357367,20.66813882825403
806,True,-1,0.03953666200681421,20.67088522505654
807,False,1,0.039491169934898936,20.676431420821608
808,True,0,0.039445730207529256,20.676431420821608
809,False,-1,0.03940034276447597,20.682329816547
810,True,-1,0.03935500754557916,20.68335844386794
811,False,-1,0.039309724490748155,20.699647374162833
812,True,-1,0.0392644935399614,20.700907410843985
813,False,-1,0.039219314633266424,20.711455608933626
814,True,1,0.039174187710779726,20.712933068694976
815,False,-1,0.039129112712686716,20.718046961259653
816,True,0,0.03908408957924162,20.718046961259653
817,False,-1,0.039039118250767425,20.729903512270493
818,True,-1,0.038994198667655765,20.73174080087217
819,False,1,0.03894933077036687,20.74125401424087
820,True,-1,0.038904514499429485,20.743654568483063
821,False,-1,0.038859749795440775,20.746294160965476
822,True,-1,0.03881503659906625,20.749296125248218
823,False,-1,0.038770374851039714,20.75243922381109
824,True,1,0.038725764492163146,20.754562595413034
825,False,-1,0.038681205463306646,20.756284179334607
826,True,1,0.03863669770540835,20.758199028216357
827,False,0,0.03859224115947434,20.758199028216357
828,True,1,0.03854783576657861,20.759628171737663
829,False,0,0.03850348146786292,20.759628171737663
830,True,1,0.03845917820453678,20.76184436137969
831,False,-1,0.03841492591787734,20.767045986064446
832,True,1,0.0383707245492293,20.770028878147173
833,False,-1,0.038326574040004883,20.77788916751436
834,True,1,0.03828247433168369,20.78069150943692
835,False,1,0.038238425365812685,20.784424574720333
836,True,-1,0.038194427084006076,20.784624197080515
837,False,-1,0.03815047942794526,20.78855688472411
838,True,0,0.03810658233937872,20.78855688472411
839,False,1,0.03806273576012199,20.799984946974558
840,True,-1,0.03801893963205754,20.80268048457702
841,False,1,0.0379751938971347,20.806741591700735
842,True,1,0.03793149849736961,20.80850894890235
843,False,-1,0.03788785337484513,20.817615288670673
844,True,1,0.03784425847171075,20.8214729589942
845,False,-1,0.03780071373018253,20.82293897543554
846,True,-1,0.03775721909254302,20.8239854034765
847,False,-1,0.03771377450114118,20.83978481397094
848,True,1,0.03767037989839231,20.840467598731564
849,False,-1,0.03762703522677795,20.84161193073261
850,True,1,0.03758374042884584,20.84321908145408
851,False,1,0.037540495447209825,20.845576405376235
852,True,-1,0.03749730022454977,20.845851045056488
853,False,-1,0.03745415470361151,20.853538413143514
854,True,-1,0.03741105882720675,20.857588076947216
855,False,-1,0.037368012538212994,20.86141904619072
856,True,1,0.03732501577957348,20.864835512953842
857,False,-1,0.037282068494297084,20.867888336436632
858,True,1,0.03723917062545827,20.8705889599591
859,False,-1,0.03719632211619701,20.872452949640806
860,True,-1,0.03715352290971868,20.873239995761523
861,False,-1,0.03711077294929401,20.88064128084829
862,True,1,0.037068072178259026,20.881873344969417
863,False,0,0.037025420540014925,20.881873344969417
864,True,-1,0.03698281797802805,20.883606372211002
865,False,-1,0.036940264435829775,20.890725388737508
866,True,1,0.03689775985701646,20.892647866499267
867,False,-1,0.03685530418524936,20.89689969562315
868,True,-1,0.03681289736425457,20.89934856610539
869,False,-1,0.036770539337822906,20.905040982070595
870,True,-1,0.036728230049809886,20.905629677311133
871,False,1,0.03668596944413562,20.91246006787738
872,True,-1,0.03664375746478475,20.912765223077656
873,False,1,0.03660159405580636,20.91635842556094
874,True,-1,0.03655947916131392,20.9171887020017
875,False,-1,0.0365174127254852,20.918127054242557
876,True,0,0.03647539469256221,20.918127054242557
877,False,-1,0.03643342500685111,20.920715787524927
878,True,-1,0.03639150361272214,20.921853762125966
879,False,-1,0.036349630454609566,20.924806138688663
880,True,-1,0.03630780547701157,20.928019168651602
881,False,1,0.036266028624490194,20.931480137214766
882,True,-1,0.03622429984167129,20.934497359257524
883,False,0,0.03618261907324441,20.934497359257524
884,True,0,0.036140986263962754,20.934497359257524
885,False,-1,0.036099401358643084,20.942520398064858
886,True,-1,0.03605786430216566,20.94341170554567
887,False,-1,0.03601637503947418,20.946651436588635
888,True,1,0.03597493351557565,20.947837727429718
889,False,1,0.0359335396755404,20.950418831832078
890,True,1,0.03589219346450194,20.9507697603124
891,False,0,0.03585089482765691,20.9507697603124
892,True,1,0.035809643710265016,20.952412512473902
893,False,0,0.03576844005764895,20.952412512473902
894,True,1,0.035727283815194306,20.953793339755162
895,False,1,0.03568617492834953,20.956398602277545
896,True,1,0.035645113342625837,20.95855630383952
897,False,-1,0.03560409900359713,20.959091596920008
898,True,1,0.035563131856899945,20.96007826540091
899,False,-1,0.035522211848233363,20.72551309182648
900,True,1,0.03548133892335895,20.72894100190961
901,False,-1,0.03544051302810069,20.736775861676772
902,True,1,0.03539973410834488,20.740188513999893
903,False,1,0.035359002110040096,20.743051886962512
904,True,1,0.03531831697919711,20.74428649404364
905,False,1,0.03527767866188881,20.747504609926583
906,True,-1,0.03523708710425013,20.74987719160875
907,False,-1,0.035196542252477994,20.766288183983754
908,True,-1,0.03515604405283123,20.76720619254459
909,False,-1,0.03511559245163049,20.77026664490739
910,True,1,0.035075187395258216,20.771136337228185
911,False,1,0.035034828830158515,20.776124353272746
912,True,-1,0.03499451670283714,20.778246453394686
913,False,0,0.034954250959861384,20.778246453394686
914,True,1,0.034914031547860026,20.77961710883594
915,False,-1,0.03487385841352325,20.786251691482004
916,True,0,0.03483373150360259,20.786251691482004
917,False,-1,0.03479365076491084,20.78882135256435
918,True,1,0.03475361614432199,20.78993135460537
919,False,1,0.034713627588771175,20.79147747428678
920,True,1,0.034673685045254574,20.79246159980768
921,False,-1,0.03463378846082935,20.795070676770067
922,True,1,0.034593937782613604,20.799600960014207
923,False,-1,0.03455413295778626,20.80065501693517
924,True,1,0.034514373933587035,20.80304921377736
925,False,-1,0.03447466065731635,20.803859146538098
926,True,-1,0.03443499307633526,20.804466913978654
927,False,0,0.03439537113806539,20.804466913978654
928,True,-1,0.034355794789988875,20.805734579539813
929,False,-1,0.03431626397964826,20.8078007345417
930,True,-1,0.03427677865464645,20.809578263583326
931,False,-1,0.03423733876264665,20.811568129785147
932,True,0,0.0341979442513723,20.811568129785147
933,False,-1,0.03415859506860695,20.817878485030914
934,True,1,0.03411929116219427,20.819807320192677
935,False,-1,0.034080032480037915,20.821294951794037
936,True,-1,0.03404081897010151,20.82321107215579
937,False,0,0.03400165058040852,20.82321107215579
938,True,-1,0.03396252725904226,20.824299459036784
939,False,1,0.03392344895414574,20.82998170316198
940,True,1,0.03388441561392167,20.832405144044195
941,False,1,0.03384542718663234,20.834050439165697
942,True,-1,0.03380648362059958,20.836187797047653
943,False,-1,0.03376758486420467,20.841582686692586
944,True,1,0.033728730865888304,20.84377726117459
945,False,-1,0.03368992157415049,20.84710981025764
946,True,-1,0.03365115693755049,20.847819296098287
947,False,-1,0.03361243690470676,20.8513362097815
948,True,1,0.03357376142429688,20.853485010983466
949,False,1,0.03353513044505749,20.858001307947593
950,True,0,0.03349654391578418,20.858001307947593
951,False,-1,0.03345800178533151,20.865531012514477
952,True,1,0.03341950400261284,20.868184591276904
953,False,-1,0.033381050516600355,20.87492724972307
954,True,-1,0.033342641276324914,20.876268661124293
955,False,-1,0.03330427623087605,20.87751344004543
956,True,1,0.03326595532940187,20.87940413080716
957,False,-1,0.03322767852110898,20.88346269497087
958,True,1,0.03318944575526245,20.88510163269237
959,False,-1,0.03315125698118571,20.886640123493773
960,True,1,0.03311311214826052,20.887973906014995
961,False,-1,0.03307501120592686,20.890103635016942
962,True,-1,0.033036954103682896,20.890268927417093
963,False,-1,0.0329989407910849,20.89362817758016
964,True,-1,0.032960971217747194,20.895108180301516
965,False,-1,0.03292304533334207,20.898250007384387
966,True,0,0.03288516308759972,20.898250007384387
967,False,-1,0.032847324430308196,20.903838161989498
968,True,-1,0.03280952931131332,20.904907476670473
969,False,0,0.03277177768051861,20.904907476670473
970,True,-1,0.03273406948788524,20.907207583992577
971,False,-1,0.03269640468343195,20.91211422531706
972,True,1,0.032658783217235,20.91443086187918
973,False,-1,0.032621205039428086,20.918827639723197
974,True,1,0.03258367010020229,20.919488809323802
975,False,0,0.032546178349806006,20.919488809323802
976,True,1,0.03250872973854486,20.920125820804387
977,False,-1,0.03247132421678166,20.92030509948455
978,True,-1,0.032433961734936345,20.92139857228555
979,False,-1,0.03239664224348589,20.925173596409
980,True,1,0.03235936569296425,20.925846209329617
981,False,-1,0.0323221320339623,20.929405081852867
982,True,1,0.03228494121712778,20.930703262934056
983,False,-1,0.03224779319316519,20.93210824833534
984,True,-1,0.03221068791283577,20.93375990085685
985,False,0,0.03217362532695741,20.93375990085685
986,True,1,0.032136605386404594,20.934489730377518
987,False,1,0.03209962804210833,20.938886508221536
988,True,1,0.032062693245056076,20.939479017902077
989,False,0,0.032025800946291705,20.939479017902077
990,True,1,0.0319889510969154,20.941224759943672
991,False,-1,0.031952143648083624,20.94258778650492
992,True,1,0.03191537855100903,20.946807828628778
993,False,-1,0.031878655756960424,20.94911683631089
994,True,1,0.03184197521726266,20.951160104672756
995,False,-1,0.03180533688329662,20.95346275495486
996,True,-1,0.03176874070649912,20.95407433683542
997,False,1,0.03173218663836285,20.956257467997414
998,True,1,0.03169567463043632,20.959014036639935
999,False,-1,0.03165920463432379,20.714484274296396
1000,True,1,0.03162277660168521,20.718882323620416
1001,False,-1,0.03158639048423613,20.726670138627536
1002,True,-1,0.03155004623374768,20.732839359593175
1003,False,1,0.031513743802046475,20.73831308099818
1004,True,-1,0.03147748314101457,20.741724461841297
1005,False,1,0.031441264202589365,20.743134533162586
1006,True,0,0.031405086938763586,20.743134533162586
1007,False,-1,0.03136895130158518,20.748024645247057
1008,True,1,0.03133285724315727,20.751228774849988
1009,False,-1,0.0312968047156381,20.77041922250753
1010,True,-1,0.03126079367124096,20.772285755149237
1011,False,-1,0.031224824062234122,20.78393886935989
1012,True,-1,0.03118889584094078,20.785760900201556
1013,False,-1,0.031153008959738986,20.790055959645482
1014,True,1,0.031117163371061587,20.792354795487583
1015,False,0,0.031081359027396165,20.792354795487583
1016,True,1,0.031045595881284967,20.79300960768818
1017,False,-1,0.031009873885324852,20.809663452743404
1018,True,-1,0.030974192992167214,20.811991532625534
1019,False,-1,0.030938553154517937,20.815055799428336
1020,True,1,0.030902954325137316,20.81621284622939
1021,False,-1,0.030867396456840005,20.819817492032687
1022,True,-1,0.03083187950249495,20.82138268391412
1023,False,-1,0.03079640341502533,20.821401756114135
1024,True,0,0.030760968147408488,20.821401756114135
1025,False,0,0.030725573652675874,20.821401756114135
1026,True,1,0.030690219883912982,20.821589935154307
1027,False,-1,0.030654906794259286,20.828000737320167
1028,True,-1,0.03061963433690818,20.831663871203517
1029,False,-1,0.03058440246510692,20.835052365406614
1030,True,-1,0.030549211132156542,20.836641715408067
1031,False,0,0.03051406029141183,20.836641715408067
1032,True,-1,0.03047894989628124,20.836964671328364
1033,False,-1,0.030443879900226824,20.838508248049774
1034,True,0,0.030408850256764198,20.838508248049774
1035,False,1,0.030373860919462453,20.84001240889115
1036,True,-1,0.03033891184194411,20.842646915453557
1037,False,-1,0.03030400297788505,20.84592097645655
1038,True,-1,0.03026913428101446,20.84793372929839
1039,False,0,0.030234305705114765,20.84793372929839
1040,True,1,0.030199517204021566,20.849985898020265
1041,False,-1,0.03016476873162359,20.85386391202381
1042,True,-1,0.030130060241862617,20.85509851910494
1043,False,1,0.03009539168873342,20.858662477548197
1044,True,1,0.030060763026283712,20.860897739390243
1045,False,-1,0.030026174208614077,20.862534134151737
1046,True,-1,0.029991625189877913,20.862958808472126
1047,False,1,0.02995711592428137,20.87455597756273
1048,True,1,0.029922646366083293,20.875111614323234
1049,False,1,0.029888216469595153,20.87578295576385
1050,True,1,0.029853826189180997,20.876151684964185
1051,False,-1,0.02981947547925738,20.878820521486627
1052,True,1,0.029785164294293297,20.8810888418087
1053,False,1,0.02975089258881015,20.888924973055865
1054,True,1,0.02971666031738166,20.891615424738323
1055,False,-1,0.02968246743463382,20.894077010020574
1056,True,1,0.029648313895244825,20.895932099342268
1057,False,1,0.029614199653945027,20.89939052494543
1058,True,1,0.02958012466551686,20.9007777096267
1059,False,-1,0.02954608888479479,20.901662659707508
1060,True,1,0.029512092266665256,20.90290235270864
1061,False,0,0.0294781347660666,20.90290235270864
1062,True,1,0.02944421633798901,20.90452094675012
1063,False,-1,0.029410336937474475,20.907423735592772
1064,True,1,0.029376496519616706,20.90867741487392
1065,False,1,0.029342695039561086,20.91825928816268
1066,True,1,0.029308932452504606,20.918800938643173
1067,False,-1,0.029275208713695815,20.92117224884534
1068,True,1,0.029241523778434753,20.922422113686483
1069,False,0,0.029207877602072888,20.922422113686483
1070,True,1,0.029174270140013066,20.922827715806857
1071,False,0,0.02914070134770945,20.922827715806857
1072,True,-1,0.02910717118066745,20.923589332327552
1073,False,-1,0.029073679594443687,20.925485109009283
1074,True,1,0.029040226544645904,20.92653153705024
1075,False,0,0.029006811986932935,20.92653153705024
1076,True,1,0.02897343587701463,20.928946077572448
1077,False,-1,0.0289400981706518,20.930080237733485
1078,True,-1,0.028906798823656155,20.931269071534572
1079,False,-1,0.02887353779189026,20.933021170976176
1080,True,-1,0.028840315031267456,20.93420746181726
1081,False,-1,0.02880713049775182,20.93612358217901
1082,True,-1,0.028773984147358087,20.937223412380014
1083,False,-1,0.028740875936151614,20.939302282181917
1084,True,-1,0.028707805820248303,20.939894791862457
1085,False,0,0.028674773755814554,20.939894791862457
1086,True,-1,0.028641779699067203,20.940603006223107
1087,False,-1,0.02860882360627346,20.94909649263087
1088,True,0,0.028575905433750864,20.94909649263087
1089,False,-1,0.028543025137867207,20.952188731993697
1090,True,1,0.028510182675040487,20.953355950634762
1091,False,1,0.028477378001738857,20.954460866755774
1092,True,-1,0.028444611074480552,20.954558770715863
1093,False,-1,0.02841188184983384,20.95579337779699
1094,True,1,0.028379190284416957,20.956398602277545
1095,False,0,0.028346536334898066,20.956398602277545
1096,True,-1,0.028313919957995183,20.957973965998985
1097,False,0,0.02828134111047613,20.957973965998985
1098,True,1,0.028248799749158466,20.95847365763944
1099,False,-1,0.02821629583090944,20.7113144746535
1100,True,0,0.028183829312645934,20.7113144746535
1101,False,0,0.028151400151334396,20.7113144746535
1102,True,-1,0.0281190083039908,20.715465856857293
1103,False,-1,0.028086653727680568,20.718460192260032
1104,True,-1,0.02805433637951853,20.72076411402214
1105,False,1,0.02802205621666886,20.723571541864704
1106,True,1,0.02798981319634502,20.72457473958562
1107,False,-1,0.0279576072758097,20.728483269109194
1108,True,1,0.027925438412374774,20.730101863150672
1109,False,-1,0.02789330656340122,20.730527808951063
1110,True,1,0.027861211686299094,20.732629565392983
1111,False,0,0.027829153738527446,20.732629565392983
1112,True,1,0.027797132677594278,20.733559017273834
1113,False,-1,0.027765148461056485,20.73591634119599
1114,True,1,0.027733201046519797,20.73629015631633
1115,False,-1,0.027701290391638725,20.737836275997743
1116,True,-1,0.027669416454116507,20.73853177555838
1117,False,1,0.027637579191705043,20.745734709764964
1118,True,1,0.02760577856220485,20.748350144127354
1119,False,1,0.027574014523464998,20.751509771930245
1120,True,-1,0.027542287033383055,20.752604516211242
1121,False,-1,0.02751059604990504,20.76211645809994
1122,True,0,0.02747894153102536,20.76211645809994
1123,False,1,0.027447323434786744,20.766574266984016
1124,True,-1,0.027415741719280212,20.766728116064154
1125,False,1,0.027384196342645,20.768040283425353
1126,True,1,0.02735268726306851,20.768912518706152
1127,False,1,0.02732121443878625,20.77098884554805
1128,True,1,0.027289777828081795,20.773335997630195
1129,False,-1,0.02725837738928671,20.775689507112347
1130,True,1,0.027227013080780512,20.77762851411412
1131,False,1,0.0271956848609906,20.778591024475
1132,True,1,0.027164392688392214,20.7805618184768
1133,False,1,0.02713313652150837,20.784713200680596
1134,True,1,0.027101916318909812,20.78583464604162
1135,False,-1,0.027070732039214954,20.786437327562172
1136,True,-1,0.027039583641089823,20.78673866832245
1137,False,-1,0.027008471083248,20.789708845605162
1138,True,1,0.026977394324450586,20.789941526445375
1139,False,-1,0.02694635332350612,20.7918296742471
1140,True,1,0.02691534803927054,20.79265867920786
1141,False,-1,0.02688437843064713,20.79680497549165
1142,True,1,0.026853444456586457,20.798540545693236
1143,False,1,0.02682254607608632,20.800006562134577
1144,True,-1,0.0267916832481917,20.800040892094607
1145,False,-1,0.0267608559319947,20.803445915537722
1146,True,0,0.026730064086634493,20.803445915537722
1147,False,-1,0.02669930767129727,20.8108586439445
1148,True,0,0.026668586645216177,20.8108586439445
1149,False,-1,0.026637900967671276,20.812900640826363
1150,True,1,0.026607250597989476,20.818860067591814
1151,False,-1,0.02657663549554449,20.82014807683299
1152,True,1,0.026546055619756773,20.82128350847403
1153,False,-1,0.026515510930093474,20.823120797075706
1154,True,-1,0.026485001386068383,20.825024202637447
1155,False,-1,0.02645452694724187,20.82566502855803
1156,True,-1,0.02642408757322084,20.82621939383854
1157,False,-1,0.026393683223658673,20.828698779840806
1158,True,0,0.02636331385825517,20.828698779840806
1159,False,1,0.026332979436756512,20.83016733924215
1160,True,-1,0.02630267991895519,20.830229641762205
1161,False,-1,0.026272415264689958,20.83308792880482
1162,True,-1,0.026242185433845787,20.834014837725665
1163,False,1,0.026211990386353797,20.842294715493235
1164,True,-1,0.026181830082191222,20.842501966733426
1165,False,-1,0.02615170448138134,20.85083143222104
1166,True,-1,0.02612161354399343,20.851394697861554
1167,False,-1,0.026091557230142715,20.85448693722438
1168,True,1,0.026061535499990317,20.85464968666453
1169,False,-1,0.02603154831374319,20.856834089306528
1170,True,-1,0.02600159563165408,20.85927914534876
1171,False,-1,0.02597167741402146,20.864179429273243
1172,True,1,0.0259417936211895,20.866101907035
1173,False,1,0.02591194421354798,20.86854442011723
1174,True,-1,0.025882129151532273,20.86910132835774
1175,False,-1,0.025852348395623264,20.87359728164185
1176,True,1,0.025822601906347317,20.873828691002064
1177,False,-1,0.025792889644276215,20.875831272003893
1178,True,-1,0.025763211570027107,20.875899931923957
1179,False,1,0.025733567644262455,20.87698831880495
1180,True,-1,0.02570395782768999,20.878028389445902
1181,False,-1,0.025674382081062645,20.882721422130192
1182,True,1,0.02564484036517852,20.88378183645116
1183,False,-1,0.02561533264088082,20.883827609731203
1184,True,1,0.025585858869057804,20.884699845012
1185,False,0,0.02555641901064273,20.884699845012
1186,True,1,0.025527013026613813,20.885504691852738
1187,False,0,0.02549764087799417,20.885504691852738
1188,True,1,0.025468302525851756,20.888027308175044
1189,False,-1,0.02543899793129933,20.88932803221623
1190,True,1,0.025409727055494394,20.889474252416367
1191,False,-1,0.025380489859639144,20.890599512217392
1192,True,1,0.025351286304980417,20.89105343057781
1193,False,1,0.02532211635280964,20.89234398277899
1194,True,-1,0.025292979964462784,20.893204774739775
1195,False,-1,0.0252638771013203,20.895148867661554
1196,True,1,0.025234807724807084,20.897866020424036
1197,False,1,0.02520577179639241,20.90124942870713
1198,True,1,0.02517676927758989,20.90145667994732
1199,False,1,0.02514780012995742,20.656372552323273
1200,True,0,0.025118864315097134,20.656372552323273
1201,False,-1,0.025089961794655335,20.659583039326208
1202,True,-1,0.02506109253032247,20.661955621008378
1203,False,1,0.025032256483833056,20.664988100811147
1204,True,0,0.025003453616965644,20.664988100811147
1205,False,-1,0.024974683891542764,20.666854633452854
1206,True,1,0.024945947269430876,20.669295875055088
1207,False,-1,0.024917243712540314,20.671976154897536
1208,True,1,0.024888573182825238,20.67394949185934
1209,False,1,0.02485993564228359,20.676346231661533
1210,True,-1,0.024831331052957033,20.677921595382973
1211,False,1,0.024802759376930907,20.68291851178754
1212,True,-1,0.02477422057633418,20.683107962307712
1213,False,0,0.0247457146133394,20.683107962307712
1214,True,1,0.024717241450162627,20.683756417108306
1215,False,1,0.02468880104906341,20.684860061749315
1216,True,1,0.024660393372344713,20.686270133070604
1217,False,-1,0.024632018382352884,20.69464282887826
1218,True,1,0.024603676041477594,20.6956765421192
1219,False,-1,0.02457536631215178,20.69673568496017
1220,True,1,0.024547089156851623,20.696930221400347
1221,False,0,0.02451884453809646,20.696930221400347
1222,True,1,0.02449063241844877,20.69736761052075
1223,False,0,0.024462452760514102,20.69736761052075
1224,True,0,0.024434305526941032,20.69736761052075
1225,False,-1,0.024406190680421117,20.702990095085887
1226,True,-1,0.024378108183688837,20.705000304967726
1227,False,1,0.024350057999521557,20.70799845481047
1228,True,1,0.024322040090739464,20.709962891412264
1229,False,-1,0.024294054420205533,20.712714374134777
1230,True,1,0.024266100950825466,20.714265579736196
1231,False,1,0.024238179645547645,20.715242076377088
1232,True,1,0.02421029046736309,20.720825145062193
1233,False,-1,0.024182433379305403,20.725136733746133
1234,True,-1,0.024154608344450712,20.726453987027337
1235,False,1,0.024126815325917643,20.729960728870545
1236,True,1,0.024099054286867254,20.730357430630907
1237,False,1,0.02407132519050299,20.732391798632765
1238,True,-1,0.024043628000070635,20.73273636971308
1239,False,-1,0.02401596267885827,20.734197300234417
1240,True,-1,0.023988329190196205,20.73430029011451
1241,False,-1,0.023960727497456955,20.7363677165964
1242,True,0,0.023933157564055174,20.7363677165964
1243,False,-1,0.023905619353447614,20.73950572923927
1244,True,1,0.023878112829133075,20.739841399959577
1245,False,-1,0.023850637954652355,20.74131123084092
1246,True,-1,0.0238231946935882,20.741579513121167
1247,False,1,0.023795783009565266,20.74401185436339
1248,True,0,0.023768402866250062,20.74401185436339
1249,False,1,0.0237410542273509,20.747563098006637
1250,True,-1,0.023713737056617848,20.747602513886672
1251,False,1,0.023686451317842694,20.749600008968496
1252,True,-1,0.023659196974858878,20.75243922381109
1253,False,-1,0.02363197399154146,20.75733569329557
1254,True,-1,0.023604782331807066,20.757527686775745
1255,False,-1,0.023577621959613836,20.758145626056308
1256,True,-1,0.02355049283896139,20.758927586257023
1257,False,-1,0.02352339493389076,20.75909796457718
1258,True,-1,0.023496328208484362,20.75956714069761
1259,False,0,0.02346929262686594,20.75956714069761
1260,True,0,0.02344228815320051,20.75956714069761
1261,False,-1,0.023415314751694328,20.765184539342744
1262,True,1,0.023388372386594834,20.766817119664235
1263,False,1,0.023361461022190607,20.767646124624996
1264,True,0,0.023334580622811314,20.767646124624996
1265,False,-1,0.023307731152827662,20.7703861640275
1266,True,1,0.023280912576651363,20.77116049534821
1267,False,0,0.023254124858735074,20.77116049534821
1268,True,1,0.023227367963572353,20.772884622229782
1269,False,-1,0.02320064185569761,20.773578850310418
1270,True,1,0.02317394649968607,20.77442565599119
1271,False,1,0.02314728186015371,20.77536146527205
1272,True,1,0.02312064790175723,20.77580139735245
1273,False,1,0.02309404458919399,20.78068133759691
1274,True,1,0.023067471887201974,20.7813285209175
1275,False,-1,0.02304092976055974,20.786218633001972
1276,True,-1,0.023014418174086365,20.786461485682196
1277,False,1,0.02298793709264142,20.790019086725447
1278,True,1,0.022961486481124897,20.790386544445784
1279,False,-1,0.022935066304477184,20.79402679168911
1280,True,-1,0.022908676527679004,20.795468650010427
1281,False,-1,0.02288231711575138,20.79553730993049
1282,True,1,0.022855988033755575,20.79573057489067
1283,False,-1,0.02282968924679306,20.799656905134256
1284,True,1,0.022803420720005456,20.800803780095308
1285,False,-1,0.022777182418574498,20.802006600176405
1286,True,-1,0.02275097430772198,20.802560965456912
1287,False,-1,0.022724796352709718,20.81682315662995
1288,True,1,0.022698648518839494,20.819132164312062
1289,False,0,0.022672530771453016,20.819132164312062
1290,True,0,0.02264644307593187,20.819132164312062
1291,False,-1,0.02262038539769748,20.823225058435803
1292,True,1,0.02259435770221105,20.824158324756656
1293,False,0,0.02256835995497353,20.824158324756656
1294,True,1,0.022542392121525565,20.825883723118235
1295,False,-1,0.02251645416744745,20.82896324768105
1296,True,1,0.02249054605835908,20.82966637612169
1297,False,-1,0.02246466775991992,20.831855864683693
1298,True,1,0.022438819237828932,20.83307648548481
1299,False,-1,0.022413000457824562,20.59057091930312
1300,True,1,0.022387211385684665,20.595468660267596
1301,False,1,0.022361451987226482,20.599660729831427
1302,True,-1,0.022335722228306584,20.60587572407711
1303,False,-1,0.022310022074820825,20.60795332239901
1304,True,-1,0.022284351492704305,20.609568102000484
1305,False,1,0.022258710447931315,20.618079389128265
1306,True,1,0.0222330989065153,20.619761557169802
1307,False,-1,0.02220751683450881,20.621172899971093
1308,True,-1,0.022181964198003456,20.623297543053038
1309,False,-1,0.022156440963129867,20.625949850335463
1310,True,1,0.022130947096057643,20.62784308405719
1311,False,-1,0.022105482562995306,20.634082236422895
1312,True,-1,0.022080047330190263,20.634281858783076
1313,False,-1,0.02205464136392876,20.637113444745665
1314,True,1,0.022029264630535825,20.63965767622799
1315,False,-1,0.022003917096375246,20.64020186966849
1316,True,1,0.02197859872784951,20.64233668459044
1317,False,-1,0.021953309491399755,20.64472833847263
1318,True,1,0.021928049353505744,20.64560947411343
1319,False,-1,0.021902818280685802,20.64711490643481
1320,True,-1,0.021877616239496783,20.648050715715666
1321,False,-1,0.021852443196534014,20.65354605228069
1322,True,-1,0.02182729911843127,20.654124575681216
1323,False,0,0.02180218397186071,20.654124575681216
1324,True,-1,0.02177709772353284,20.65538842680237
1325,False,1,0.02175204034019648,20.657188842484018
1326,True,1,0.021727011788638697,20.658761663245457
1327,False,-1,0.021702012035684785,20.65975850356637
1328,True,1,0.0216770410481982,20.660356099166915
1329,False,-1,0.021652098793080533,20.660968952527472
1330,True,0,0.021627185237271456,20.660968952527472
1331,False,-1,0.021602300347748682,20.661558919248012
1332,True,-1,0.02157744409152792,20.6620916693685
1333,False,1,0.02155261643566283,20.668011680253912
1334,True,1,0.021527817347244984,20.670797492936458
1335,False,-1,0.02150304679340382,20.676460664861636
1336,True,-1,0.021478304741306593,20.67711166262223
1337,False,-1,0.02145359115815834,20.686206559070545
1338,True,-1,0.02142890601120184,20.694834822358434
1339,False,1,0.021404249267717546,20.702039028045018
1340,True,-1,0.021379620895023575,20.702892191125798
1341,False,-1,0.021355020860475638,20.711168254453366
1342,True,1,0.021330449131467016,20.713079288895113
1343,False,-1,0.021305905675428505,20.71467626777657
1344,True,0,0.02128139045982837,20.71467626777657
1345,False,0,0.02125690345217232,20.71467626777657
1346,True,1,0.021232444620003444,20.715159430177014
1347,False,-1,0.02120801393090218,20.716658505098383
1348,True,-1,0.021183611352486267,20.71745318009911
1349,False,-1,0.021159236852410706,20.720064800021497
1350,True,-1,0.021134890398367714,20.720774285862145
1351,False,1,0.021110571958086684,20.7233503043445
1352,True,0,0.02108628149933414,20.7233503043445
1353,False,1,0.02106201898991369,20.7244437771455
1354,True,-1,0.021037784397665998,20.724686629825722
1355,False,0,0.021013577690468722,20.724686629825722
1356,True,-1,0.020989398836236486,20.725270239146255
1357,False,-1,0.02096524780292083,20.7273999681482
1358,True,0,0.02094112455851017,20.7273999681482
1359,False,-1,0.02091702907102976,20.727895845348655
1360,True,1,0.020892961308541638,20.729482652390107
1361,False,-1,0.020868921239144595,20.73230915243269
1362,True,1,0.02084490883097413,20.733175030313483
1363,False,-1,0.0208209240522024,20.735855310155934
1364,True,1,0.020796966871038193,20.737369642837315
1365,False,-1,0.02077303725572687,20.7386627379985
1366,True,1,0.020749135174550334,20.73945487003922
1367,False,1,0.02072526059582698,20.741302330480913
1368,True,1,0.020701413487911657,20.741550269081138
1369,False,0,0.02067759381919563,20.741550269081138
1370,True,0,0.02065380155810653,20.741550269081138
1371,False,-1,0.020630036673108317,20.742709858842197
1372,True,0,0.020606299132701237,20.742709858842197
1373,False,-1,0.020582588905421785,20.748472206207467
1374,True,0,0.020558905959842652,20.748472206207467
1375,False,0,0.020535250264572695,20.748472206207467
1376,True,-1,0.020511621788256888,20.75669232441498
1377,False,-1,0.020488020499576286,20.757036895495297
1378,True,0,0.020464446367247976,20.757036895495297
1379,False,-1,0.020440899360025043,20.767624509464973
1380,True,-1,0.020417379446696526,20.768717982265976
1381,False,-1,0.020393886596087377,20.769146471026367
1382,True,-1,0.020370420777058414,20.76933592154654
1383,False,1,0.020346981958506292,20.77209249018906
1384,True,1,0.020323570109363448,20.78130563427748
1385,False,1,0.02030018519859807,20.79460531508964
1386,True,-1,0.02027682719521405,20.79461802988965
1387,False,-1,0.02025349606825095,20.794623115809657
1388,True,-1,0.020230191786783945,20.795551296210505
1389,False,-1,0.020206914319923806,20.79914831313379
1390,True,1,0.020183663636816836,20.799323777373953
1391,False,-1,0.02016043970664485,20.801204296295673
1392,True,1,0.02013724249862511,20.80357687797784
1393,False,-1,0.020114071982010307,20.806480938300496
1394,True,1,0.02009092812608851,20.80765832878157
1395,False,-1,0.020067810900183117,20.810714966704367
1396,True,1,0.02004472027365284,20.81186947054542
1397,False,-1,0.02002165621589163,20.8127226336262
1398,True,-1,0.019998618696328668,20.81341304726683
1399,False,-1,0.0199756076844283,20.57758656553125
1400,True,1,0.01995262314969002,20.580308804213736
1401,False,-1,0.019929665061648404,20.585398538658392
1402,True,1,0.019906733389873088,20.586696719739578
1403,False,-1,0.019883828103968725,20.591363051343844
1404,True,1,0.019860949173574935,20.59396322794622
1405,False,1,0.019838096568366277,20.59772680874966
1406,True,-1,0.0198152702580522,20.599709046071474
1407,False,-1,0.01979247021237701,20.6021452017537
1408,True,1,0.019769696401119825,20.604161769035542
1409,False,0,0.01974694879409453,20.604161769035542
1410,True,1,0.019724227361149753,20.604731392076065
1411,False,-1,0.019701532072168806,20.6095846312405
1412,True,-1,0.019678862897069663,20.611582126322325
1413,False,0,0.0196562198058049,20.611582126322325
1414,True,0,0.01963360276836168,20.611582126322325
1415,False,-1,0.01961101175476169,20.61721859716748
1416,True,-1,0.019588446735061108,20.627050952016468
1417,False,-1,0.01956590767935058,20.630909893819997
1418,True,1,0.019543394557755157,20.632266562981236
1419,False,-1,0.01952090734043426,20.63388769998272
1420,True,1,0.019498445997581663,20.63598055606463
1421,False,0,0.019476010499425416,20.63598055606463
1422,True,1,0.019453600816227837,20.637494888746016
1423,False,-1,0.01943121691828546,20.642262938750374
1424,True,-1,0.019408858775928992,20.642550293230638
1425,False,-1,0.019386526359523284,20.643819230271795
1426,True,1,0.019364219639467283,20.644399025152328
1427,False,-1,0.019341938586193996,20.64740861831508
1428,True,0,0.01931968317017045,20.64740861831508
1429,False,-1,0.01929745336189766,20.64805707311567
1430,True,1,0.01927524913191057,20.648499548156074
1431,False,1,0.01925307045077804,20.64957394875706
1432,True,-1,0.01923091728910279,20.649722711917192
1433,False,-1,0.019208789617521368,20.65052501579793
1434,True,0,0.019186687406704102,20.65052501579793
1435,False,1,0.01916461062735507,20.652733576559946
1436,True,1,0.019142559250212063,20.653706258760835
1437,False,-1,0.01912053324604654,20.657206643204034
1438,True,1,0.019098532585663585,20.65821746980496
1439,False,1,0.019076557239901884,20.66050613380705
1440,True,0,0.019054607179633674,20.66050613380705
1441,False,-1,0.019032682375764703,20.663892085050147
1442,True,1,0.0190107827992342,20.6650465888912
1443,False,1,0.018988908421014833,20.670365189736064
1444,True,-1,0.018967059212112662,20.671171308056802
1445,False,0,0.018945235143567118,20.671171308056802
1446,True,1,0.01892343618645095,20.671720587417305
1447,False,1,0.018901662311870196,20.672367770737896
1448,True,1,0.018879913490964132,20.67524004406052
1449,False,-1,0.01885818969490525,20.675935543621158
1450,True,-1,0.018836490894899204,20.677870736182925
1451,False,0,0.018814817062184786,20.677870736182925
1452,True,-1,0.01879316816803388,20.678108502943143
1453,False,-1,0.01877154418375143,20.679697852944596
1454,True,1,0.018749945080675384,20.68072902322554
1455,False,1,0.018728370830176682,20.682585384027234
1456,True,1,0.018706821403659202,20.684542191749024
1457,False,1,0.018685296772559725,20.687582300431803
1458,True,1,0.018663796908347897,20.68774250691195
1459,False,-1,0.01864232178252619,20.690351583874335
1460,True,1,0.01862087136662987,20.69145014259534
1461,False,-1,0.018599445632226954,20.69150354475539
1462,True,1,0.018578044550918178,20.693788394317476
1463,False,-1,0.018556668094336946,20.695831662679343
1464,True,-1,0.018535316234149307,20.696619980280065
1465,False,-1,0.018513988942053913,20.70611793588875
1466,True,-1,0.018492686189781976,20.70741103104993
1467,False,-1,0.018471407949097237,20.707720000690212
1468,True,1,0.01845015419179593,20.7093474950917
1469,False,0,0.018428924889706735,20.7093474950917
1470,True,-1,0.01840772001469075,20.709413612051762
1471,False,1,0.01838653953864145,20.71145052301362
1472,True,-1,0.018365383433484653,20.711509011093675
1473,False,-1,0.018344251671178476,20.712257912814362
1474,True,1,0.018323144223713304,20.712666057894733
1475,False,-1,0.01830206106311175,20.715273863377117
1476,True,0,0.018281002161428615,20.715273863377117
1477,False,1,0.018259967490750862,20.715521801977346
1478,True,-1,0.018238957023197565,20.716214758577976
1479,False,-1,0.018217970730919884,20.716223658937984
1480,True,-1,0.01819700858610102,20.71806857641967
1481,False,0,0.018176070560956176,20.71806857641967
1482,True,1,0.018155156627732538,20.718863251420398
1483,False,1,0.018134266758709213,20.725454603746424
1484,True,1,0.018113400926197207,20.730483307151022
1485,False,-1,0.01809255910253939,20.733728124113988
1486,True,-1,0.018071741260110453,20.734151526954374
1487,False,-1,0.01805094737131687,20.735332731875456
1488,True,-1,0.01803017740859687,20.736309228516348
1489,False,1,0.018009431344420394,20.738492359678343
1490,True,-1,0.01798870915128906,20.738788614518615
1491,False,1,0.01796801080173612,20.74792801276697
1492,True,1,0.017947336268326446,20.748973169327925
1493,False,-1,0.01792668552365646,20.751063482449837
1494,True,-1,0.017906058540354125,20.751500871570236
1495,False,0,0.017885455291078895,20.751500871570236
1496,True,-1,0.017864875748521688,20.751903930730602
1497,False,-1,0.01784431988540484,20.7590127754171
1498,True,0,0.017823787674482075,20.7590127754171
1499,False,-1,0.017803279088538466,20.522943441001296
1500,True,1,0.017782794100390405,20.525665679683787
1501,False,-1,0.01776233268288556,20.534100678011495
1502,True,1,0.017741894808902835,20.535650612132912
1503,False,0,0.01772148045135235,20.535650612132912
1504,True,-1,0.017701089583175386,20.539009862295984
1505,False,0,0.01768072217734437,20.539009862295984
1506,True,-1,0.01766037820686282,20.539932956776827
1507,False,-1,0.017640057644765315,20.54366602206024
1508,True,-1,0.017619760464117465,20.54490317210137
1509,False,-1,0.017599486638015874,20.546468363982804
1510,True,1,0.017579236139588096,20.54808314358428
1511,False,1,0.017559008941992613,20.55125421470718
1512,True,0,0.01753880501841878,20.55125421470718
1513,False,-1,0.017518624342086814,20.55535728067093
1514,True,-1,0.017498466886247736,20.55556834635112
1515,False,1,0.01747833262418335,20.557143710072562
1516,True,1,0.017458221529206203,20.55855378139385
1517,False,-1,0.017438133574659547,20.560996294476084
1518,True,0,0.017418068733917307,20.560996294476084
1519,False,-1,0.017398026980384042,20.561326879276386
1520,True,0,0.017378008287494917,20.561326879276386
1521,False,-1,0.017358012628715662,20.563630801038492
1522,True,-1,0.01733803997754254,20.564060561278882
1523,False,-1,0.017318090307502303,20.565164205919892
1524,True,1,0.017298163592152173,20.566525961001137
1525,False,-1,0.01727825980507979,20.56816871316264
1526,True,1,0.017258378919903193,20.568861669763272
1527,False,-1,0.01723852091027077,20.569517753443872
1528,True,-1,0.017218685749861226,20.569859781564187
1529,False,-1,0.017198873412383565,20.57066462840492
1530,True,-1,0.017179083871577034,20.572419270806524
1531,False,-1,0.0171593171012111,20.573795012167782
1532,True,1,0.017139573075085405,20.57923694657276
1533,False,-1,0.017119851767029747,20.579847256973316
1534,True,-1,0.01710015315090403,20.580090109653536
1535,False,-1,0.017080477200598233,20.587416377420237
1536,True,0,0.017060823890032387,20.587416377420237
1537,False,1,0.017041193193156525,20.590147516462732
1538,True,0,0.017021585083950658,20.590147516462732
1539,False,0,0.017001999536424728,20.590147516462732
1540,True,1,0.01698243652461859,20.59030136554287
1541,False,1,0.016962896022601974,20.592133568224547
1542,True,0,0.016943378004474433,20.592133568224547
1543,False,-1,0.016923882444365327,20.59452267914673
1544,True,-1,0.016904409316433788,20.595021099307186
1545,False,-1,0.016884958594868677,20.59663206446866
1546,True,1,0.016865530253888556,20.597263990029237
1547,False,-1,0.016846124267741652,20.59867914727053
1548,True,1,0.01682674061070582,20.599641657631413
1549,False,1,0.01680737925708851,20.602752969194256
1550,True,1,0.016788040181226746,20.604230428955606
1551,False,-1,0.016768723357487067,20.609587174200502
1552,True,-1,0.016749428760265514,20.60998641892087
1553,False,-1,0.01673015636398759,20.611303672202073
1554,True,1,0.016710906143108217,20.61184786564257
1555,False,-1,0.016691678072111717,20.612759516803404
1556,True,1,0.01667247212551177,20.61347663152406
1557,False,-1,0.016653288277851376,20.61562034680602
1558,True,-1,0.016634126503702835,20.616252272366594
1559,False,-1,0.0166149867776677,20.618623582568762
1560,True,0,0.016595869074376747,20.618623582568762
1561,False,0,0.016576773368489946,20.618623582568762
1562,True,1,0.016557699634696423,20.6187748886889
1563,False,1,0.016538647847714423,20.6219434168518
1564,True,1,0.01651961798229129,20.62228417349211
1565,False,-1,0.016500610013203416,20.622947886052717
1566,True,-1,0.016481623915256222,20.623057233332815
1567,False,-1,0.016462659663284113,20.632387353581347
1568,True,-1,0.016443717232150455,20.632466185341418
1569,False,-1,0.016424796596747535,20.632856529701776
1570,True,1,0.016405897731996532,20.633469383062334
1571,False,1,0.016387020612847476,20.636456089585064
1572,True,-1,0.016368165214279223,20.636964681585532
1573,False,-1,0.016349331511299425,20.637431314745957
1574,True,1,0.01633051947894448,20.63858327562701
1575,False,-1,0.016311729092279518,20.64414218619209
1576,True,1,0.01629296032639836,20.644262976792202
1577,False,0,0.016274213156423478,20.644262976792202
1578,True,-1,0.016255487557505974,20.644451155832375
1579,False,0,0.016236783504825544,20.644451155832375
1580,True,0,0.016218100973590433,20.644451155832375
1581,False,-1,0.016199439939037427,20.648555493276127
1582,True,1,0.01618080037643179,20.649547247677035
1583,False,-1,0.01616218226106726,20.650347008597763
1584,True,1,0.016143585568265992,20.650723366678108
1585,False,-1,0.016125010273378544,20.65272849063994
1586,True,-1,0.016106456351783833,20.653604540360742
1587,False,-1,0.016087923778889103,20.656175472923092
1588,True,-1,0.0160694125301299,20.65626320504317
1589,False,-1,0.01605092258097003,20.65666626420354
1590,True,-1,0.01603245390690154,20.656668807163545
1591,False,-1,0.016014006483444664,20.657425337764234
1592,True,-1,0.015995580286147813,20.658668845205373
1593,False,1,0.015977175290587526,20.6613262384078
1594,True,0,0.01595879147236845,20.6613262384078
1595,False,-1,0.0159404288071233,20.662230260688627
1596,True,1,0.015922087270512822,20.66279098336914
1597,False,-1,0.01590376683822578,20.6634038367297
1598,True,-1,0.015885467485978907,20.66398236013023
1599,False,-1,0.01586718918951687,20.42206803214908
1600,True,1,0.015848931924612255,20.425694293112397
1601,False,-1,0.015830695667065513,20.428758559915195
1602,True,1,0.01581248039270495,20.42977955835613
1603,False,-1,0.01579428607738668,20.43331172979936
1604,True,-1,0.015776112696994603,20.436028882561843
1605,False,0,0.01575796022744036,20.436028882561843
1606,True,-1,0.01573982864466331,20.43737283692307
1607,False,1,0.015721717924630504,20.44051084956594
1608,True,-1,0.015703628043336637,20.44099401196638
1609,False,1,0.015685558976804032,20.443820512008966
1610,True,0,0.0156675107010826,20.443820512008966
1611,False,-1,0.01564948319224981,20.447670553452486
1612,True,1,0.015631476426410648,20.44876911217349
1613,False,-1,0.015613490379697609,20.450601314855163
1614,True,1,0.015595525028270642,20.451589254816067
1615,False,1,0.015577580348317127,20.458433631662324
1616,True,-1,0.015559656316051848,20.459013426542853
1617,False,-1,0.015541752907716951,20.46054047402425
1618,True,-1,0.015523870099581925,20.46066126462436
1619,False,-1,0.015506007867943558,20.46426336746765
1620,True,-1,0.015488166189125916,20.464404501747783
1621,False,0,0.015470345039480304,20.464404501747783
1622,True,-1,0.01545254439538524,20.46568361062895
1623,False,-1,0.015434764233246422,20.465929006269175
1624,True,1,0.015417004529496695,20.466254505149475
1625,False,-1,0.01539926526059602,20.4684706947915
1626,True,1,0.015381546403031446,20.469649356752576
1627,False,-1,0.015363847933317078,20.4697841336327
1628,True,-1,0.015346169827994041,20.47024313791312
1629,False,-1,0.015328512063630454,20.47123743527403
1630,True,-1,0.015310874616821398,20.472472042355157
1631,False,1,0.015293257464188885,20.474824280357307
1632,True,1,0.015275660582381823,20.47621527947858
1633,False,-1,0.015258083948075991,20.478343737000525
1634,True,1,0.015240527537974008,20.480781164162753
1635,False,0,0.015222991328805294,20.480781164162753
1636,True,1,0.015205475297326049,20.48095408544291
1637,False,-1,0.015187979420319218,20.482553607284373
1638,True,1,0.015170503674594459,20.483078728524855
1639,False,1,0.015153048036988111,20.48364453712537
1640,True,-1,0.01513561248436317,20.484111170285797
1641,False,0,0.015118196993609256,20.484111170285797
1642,True,1,0.015100801541642572,20.484406153646066
1643,False,-1,0.01508342610540589,20.486636329568107
1644,True,1,0.015066070661868507,20.488177363329516
1645,False,-1,0.015048735188026224,20.49620294509685
1646,True,1,0.015031419660901308,20.497031950057607
1647,False,-1,0.01501412405754247,20.50181271486198
1648,True,0,0.01499684835502482,20.50181271486198
1649,False,-1,0.014979592530449856,20.504435778104376
1650,True,1,0.014962356560945418,20.50466591598459
1651,False,-1,0.014945140423665666,20.506180248665974
1652,True,-1,0.014927944095791046,20.506533720106294
1653,False,0,0.014910767554528258,20.506533720106294
1654,True,-1,0.014893610777110235,20.506547706386307
1655,False,-1,0.014876473740796103,20.51096864235035
1656,True,-1,0.014859356422871152,20.510987714550367
1657,False,-1,0.014842258800646812,20.512538920151783
1658,True,-1,0.014825180851460618,20.51349634459266
1659,False,1,0.014808122552676179,20.515360334274366
1660,True,-1,0.014791083881683154,20.51560572991459
1661,False,-1,0.014774064815897216,20.519388382918045
1662,True,0,0.014757065332760024,20.519388382918045
1663,False,-1,0.014740085409739194,20.520250446358833
1664,True,-1,0.014723125024328267,20.520455154639023
1665,False,1,0.014706184154046682,20.521628730680096
1666,True,1,0.014689262776439746,20.522470450440863
1667,False,-1,0.0146723608690786,20.525731796643846
1668,True,-1,0.014655478409560193,20.52737709176535
1669,False,-1,0.014638615375507254,20.537532402534634
1670,True,0,0.014621771744568258,20.537532402534634
1671,False,1,0.0146049474944174,20.54969410874575
1672,True,-1,0.01458814260275456,20.54973861054579
1673,False,-1,0.014571357047305281,20.550619746186598
1674,True,1,0.014554590805820736,20.55170686158759
1675,False,1,0.014537843856077693,20.554389684390042
1676,True,1,0.014521116175878496,20.55498855147059
1677,False,1,0.014504407743051029,20.563129837918034
1678,True,1,0.014487718535448687,20.56763214860215
1679,False,-1,0.01447104853095035,20.57259982096669
1680,True,1,0.014454397707460346,20.57343264036745
1681,False,-1,0.014437766042908431,20.57847151561206
1682,True,-1,0.014421153515249757,20.57854907589213
1683,False,-1,0.014404560102464837,20.578873303292426
1684,True,-1,0.014387985782559523,20.579135228172664
1685,False,1,0.014371430533564974,20.585947818018894
1686,True,-1,0.014354894333537628,20.58721675506005
1687,False,-1,0.014338377160559168,20.589363013302016
1688,True,1,0.0143218789927365,20.589581707862216
1689,False,1,0.014305399808201722,20.590130987222718
1690,True,1,0.014288939585112093,20.591003222503513
1691,False,-1,0.014272498301650002,20.592466695984854
1692,True,0,0.014256075936022945,20.592466695984854
1693,False,-1,0.014239672466463491,20.592887555865236
1694,True,0,0.014223287871229258,20.592887555865236
1695,False,-1,0.01420692212860288,20.595116460307274
1696,True,1,0.01419057521689198,20.59524233682739
1697,False,-1,0.01417424711442914,20.598161654910058
1698,True,1,0.014157937799571875,20.598223957430115
1699,False,-1,0.014141647250702598,20.36294294061503
1700,True,-1,0.0141253754462286,20.367576213739266
1701,False,0,0.014109122364582017,20.367576213739266
1702,True,1,0.014092887984219803,20.370682439382104
1703,False,1,0.014076672283623694,20.374981313266034
1704,True,1,0.014060475241300193,20.376400284947334
1705,False,-1,0.014044296835780528,20.382486859712895
1706,True,-1,0.014028137045620634,20.384160127394427
1707,False,-1,0.014011995849401116,20.386039374836145
1708,True,0,0.013995873225727231,20.386039374836145
1709,False,-1,0.013979769153228848,20.386957383396982
1710,True,-1,0.013963683610560424,20.38767576959764
1711,False,-1,0.013947616576400984,20.388870960798734
1712,True,-1,0.013931568029454078,20.38964402063944
1713,False,-1,0.013915537948447765,20.390747665280447
1714,True,-1,0.01389952631213458,20.391630072401256
1715,False,-1,0.0138835330992915,20.395983619925236
1716,True,1,0.01386755828871993,20.397453450806577
1717,False,-1,0.013851601859245662,20.397888296966975
1718,True,1,0.013835663789718854,20.398599054287626
1719,False,-1,0.013819744059013997,20.40226854557098
1720,True,1,0.013803842646029891,20.40354002557214
1721,False,-1,0.013787959529689617,20.411896192139782
1722,True,-1,0.013772094688940507,20.41223186286009
1723,False,1,0.013756248102754115,20.41407296590177
1724,True,1,0.013740419750126192,20.414919771582547
1725,False,-1,0.01372460961007666,20.41893764838622
1726,True,1,0.013708817661649575,20.420774936987897
1727,False,1,0.013693043883913113,20.421831536868865
1728,True,1,0.013677288255959529,20.422383359189368
1729,False,-1,0.013661550756905137,20.425319206512054
1730,True,0,0.013645831365890282,20.425319206512054
1731,False,0,0.013630130062079308,20.425319206512054
1732,True,1,0.013614446824660535,20.42538278051211
1733,False,-1,0.01359878163284623,20.42873185883517
1734,True,1,0.013583134465872575,20.429349798115737
1735,False,1,0.01356750530299965,20.436077198801886
1736,True,-1,0.013551894123511394,20.43630097928209
1737,False,0,0.013536300906715584,20.43630097928209
1738,True,-1,0.013520725631943805,20.43660232004237
1739,False,1,0.013505168278551426,20.43810393792374
1740,True,-1,0.013489628825917569,20.43853242668413
1741,False,-1,0.013474107253445082,20.439465693004983
1742,True,1,0.013458603540560514,20.439594112485103
1743,False,1,0.013443117666714088,20.449563787174217
1744,True,-1,0.013427649611379669,20.449933787854555
1745,False,-1,0.013412199354054742,20.450139767614743
1746,True,1,0.01339676687426038,20.45063055889519
1747,False,1,0.013381352151541225,20.45130698625581
1748,True,-1,0.013365955165465451,20.451331144375832
1749,False,1,0.013350575895624743,20.452437331976842
1750,True,-1,0.013335214321634268,20.453482488537798
1751,False,-1,0.013319870423132648,20.455657990819788
1752,True,1,0.013304544179781936,20.456282287500358
1753,False,-1,0.013289235571267584,20.458192050462102
1754,True,1,0.013273944577298418,20.458695556542562
1755,False,-1,0.013258671177606615,20.46025566250399
1756,True,1,0.013243415351947669,20.460679065344376
1757,False,0,0.01322817708010037,20.460679065344376
1758,True,-1,0.013212956341866774,20.46316480874665
1759,False,-1,0.013197753117072178,20.464538007147905
1760,True,-1,0.013182567385565093,20.46473254358808
1761,False,0,0.013167399127217216,20.46473254358808
1762,True,-1,0.013152248321923405,20.46489529302823
1763,False,-1,0.013137114949601651,20.466310450269525
1764,True,1,0.013121998990193052,20.466878801830045
1765,False,-1,0.013106900423661787,20.46841729263145
1766,True,1,0.01309181922999509,20.468563512831583
1767,False,0,0.013076755389203219,20.468563512831583
1768,True,-1,0.013061708881319434,20.468587670951607
1769,False,-1,0.01304667968639997,20.47238685319508
1770,True,-1,0.013031667784524012,20.472400839475092
1771,False,-1,0.013016673155793662,20.473507027076103
1772,True,0,0.01300169578033392,20.473507027076103
1773,False,-1,0.012986735638292654,20.479700406161765
1774,True,1,0.012971792709840575,20.480092022002122
1775,False,-1,0.012956866975171209,20.484249761605923
1776,True,-1,0.012941958414500873,20.484881687166503
1777,False,0,0.012927067008068649,20.484881687166503
1778,True,-1,0.012912192736136353,20.484886773086508
1779,False,0,0.012897335578988514,20.484886773086508
1780,True,1,0.012882495516932348,20.485902685607435
1781,False,-1,0.01286767253029773,20.487745060129118
1782,True,-1,0.012852866599437162,20.488221865129557
1783,False,-1,0.012838077704725762,20.48880674593009
1784,True,1,0.012823305826561222,20.489387812290623
1785,False,-1,0.012808550945363793,20.491400565132462
1786,True,0,0.012793813041576252,20.491400565132462
1787,False,-1,0.012779092095663882,20.49299500105392
1788,True,1,0.012764388088114443,20.49309290501401
1789,False,-1,0.012749700999438143,20.496249989856896
1790,True,-1,0.01273503081016762,20.49627669093692
1791,False,-1,0.012720377500857909,20.496327550136964
1792,True,1,0.012705741052086418,20.497095524057666
1793,False,1,0.012691121444452908,20.499497349779862
1794,True,-1,0.012676518658579458,20.499540580099904
1795,False,-1,0.012661932675110444,20.499630855179984
1796,True,0,0.012647363474712514,20.499630855179984
1797,False,0,0.012632811038074563,20.499630855179984
1798,True,1,0.012618275345907705,20.50014071866045
1799,False,-1,0.012603756378945249,20.269990123650057
1800,True,1,0.01258925411794267,20.273283256853066
1801,False,-1,0.01257476854367759,20.27962285613886
1802,True,-1,0.012560299636949747,20.282319665221326
1803,False,1,0.01254584737858097,20.284109909062963
1804,True,-1,0.012531411749415156,20.286476133345126
1805,False,-1,0.012516992730318246,20.290902155229173
1806,True,-1,0.012502590302178197,20.29189645259008
1807,False,1,0.012488204445904951,20.29550491283338
1808,True,1,0.012473835142430424,20.296261443434073
1809,False,1,0.012459482372708466,20.299538047397068
1810,True,1,0.012445146117714844,20.30020811735768
1811,False,0,0.012430826358447215,20.30020811735768
1812,True,-1,0.012416523075925102,20.300862929558278
1813,False,-1,0.012402236251189865,20.304466303881572
1814,True,0,0.012387965865304681,20.304466303881572
1815,False,-1,0.012373711899354514,20.30484393344192
1816,True,1,0.012359474334446093,20.305403384642428
1817,False,-1,0.012345253151707886,20.307528027724373
1818,True,1,0.012331048332290076,20.307849712164668
1819,False,-1,0.012316859857364536,20.309570024606238
1820,True,-1,0.0123026877081248,20.31151920344802
1821,False,1,0.012288531865786044,20.3231990187387
1822,True,0,0.012274392311585057,20.3231990187387
1823,False,1,0.012260269026780218,20.326806207501996
1824,True,1,0.01224616199265147,20.326893939622074
1825,False,-1,0.012232071190500298,20.329377140064345
1826,True,1,0.0122179966016497,20.33148398242627
1827,False,-1,0.012203938207444165,20.332888967827557
1828,True,-1,0.012189895989249647,20.33430412506885
1829,False,-1,0.012175869928453542,20.33684072767117
1830,True,0,0.01216186000646466,20.33684072767117
1831,False,0,0.012147866204713207,20.33684072767117
1832,True,-1,0.01213388850465075,20.33718275579148
1833,False,-1,0.012119926887750206,20.341309979875255
1834,True,-1,0.012105981335505802,20.34162403543554
1835,False,-1,0.012092051829433062,20.345611396719185
1836,True,-1,0.012078138351068779,20.346837103440308
1837,False,-1,0.01206424088197099,20.347842844121224
1838,True,-1,0.01205035940371895,20.348731608642037
1839,False,-1,0.012036493897913114,20.34913975372241
1840,True,-1,0.012022644346175103,20.34919315588246
1841,False,-1,0.012008810730147689,20.351985325965014
1842,True,-1,0.011994993031494762,20.35286519012582
1843,False,1,0.011981191231901315,20.354240931487077
1844,True,1,0.011967405313073408,20.355663717608376
1845,False,1,0.011953635256738157,20.35713354848972
1846,True,1,0.011939881044643703,20.35717932176976
1847,False,-1,0.011926142658559184,20.357268325369844
1848,True,1,0.011912420080274717,20.358535990931003
1849,False,-1,0.011898713291601373,20.3599575055723
1850,True,-1,0.011885022274371151,20.36087551413314
1851,False,-1,0.011871347010436954,20.36153159781374
1852,True,1,0.011857687481672567,20.361593900333798
1853,False,-1,0.011844043669972628,20.366242431218048
1854,True,1,0.011830415557252612,20.366511984978292
1855,False,1,0.011816803125448801,20.367348618819058
1856,True,0,0.011803206356518261,20.367348618819058
1857,False,-1,0.011789625232438818,20.36874088942033
1858,True,1,0.011776059735209036,20.368926525500502
1859,False,-1,0.011762509846848195,20.36934357094088
1860,True,-1,0.011748975549396258,20.37044721558189
1861,False,0,0.011735456824913858,20.37044721558189
1862,True,1,0.011721953655482266,20.370902405422306
1863,False,-1,0.011708466023203376,20.373941242625083
1864,True,1,0.01169499391019967,20.375016914706066
1865,False,-1,0.011681537298614205,20.376060799787023
1866,True,-1,0.011668096170610584,20.376827502227723
1867,False,1,0.011654670508372931,20.380931839671476
1868,True,1,0.01164126029410587,20.38145060351195
1869,False,-1,0.011627865510034504,20.382263079232693
1870,True,-1,0.011614486138404384,20.382313938432738
1871,False,1,0.011601122161481492,20.382912805513286
1872,True,1,0.011587773561552215,20.383142943393498
1873,False,-1,0.011574440320923323,20.3853349749155
1874,True,0,0.011561122421921942,20.3853349749155
1875,False,-1,0.011547819846895535,20.386062261476166
1876,True,1,0.011534532578211876,20.386324186356404
1877,False,-1,0.011521260598259026,20.387790202797746
1878,True,-1,0.01150800388944531,20.388227591918145
1879,False,1,0.011494762434199298,20.393538563883
1880,True,0,0.011481536214969779,20.393538563883
1881,False,-1,0.01146832521422573,20.39609551016534
1882,True,-1,0.011455129414456307,20.39630657584553
1883,False,1,0.011441948798170811,20.398744003007756
1884,True,0,0.011428783347898668,20.398744003007756
1885,False,-1,0.011415633046189406,20.39897541236797
1886,True,1,0.011402497875612636,20.399201735808177
1887,False,-1,0.01138937781875802,20.412909561700708
1888,True,1,0.011376272858235257,20.414423894382093
1889,False,0,0.011363182976674052,20.414423894382093
1890,True,-1,0.011350108156724098,20.41461588786227
1891,False,-1,0.011337048381055054,20.41632221402383
1892,True,1,0.011324003632356517,20.41642393242392
1893,False,-1,0.011310973893338003,20.41689310854435
1894,True,1,0.011297959146728924,20.41693633886439
1895,False,-1,0.011284959375278562,20.41786579074524
1896,True,1,0.011271974561756049,20.417898849225267
1897,False,-1,0.011259004688950342,20.420249815747418
1898,True,1,0.011246049739670208,20.42157851234863
1899,False,-1,0.011233109696744185,20.189750835216703
1900,True,-1,0.011220184543020576,20.1943421495009
1901,False,-1,0.011207274261367417,20.197968410464217
1902,True,-1,0.011194378834672456,20.199189031265334
1903,False,-1,0.011181498245843132,20.201260272187227
1904,True,-1,0.01116863247780655,20.20274154638858
1905,False,-1,0.011155781513509462,20.204169418429885
1906,True,0,0.011142945335918239,20.204169418429885
1907,False,-1,0.011130123928018851,20.206913272272395
1908,True,0,0.01111731727281685,20.206913272272395
1909,False,-1,0.011104525353337337,20.20767488879309
1910,True,1,0.011091748152624948,20.210994723076126
1911,False,-1,0.011078985653743824,20.211950876036997
1912,True,1,0.0110662378397776,20.21443280499927
1913,False,1,0.011053504693829368,20.216092086400785
1914,True,-1,0.011040786199021666,20.21651548924117
1915,False,1,0.011028082338496453,20.22131659772556
1916,True,-1,0.011015393095415082,20.224162169968164
1917,False,-1,0.011002718452958284,20.22559258496947
1918,True,1,0.01099005839432614,20.226091005129927
1919,False,1,0.010977412902738065,20.22747564685119
1920,True,1,0.010964781961432779,20.22979228341331
1921,False,0,0.010952165553668288,20.22979228341331
1922,True,-1,0.010939563662721865,20.23138036193476
1923,False,-1,0.01092697627189002,20.232280569775583
1924,True,-1,0.01091440336448849,20.232642941575914
1925,False,1,0.0109018449238522,20.24107158250362
1926,True,-1,0.010889300933335257,20.241622133344123
1927,False,-1,0.01087677137631092,20.241703508064198
1928,True,1,0.010864256236171576,20.243050005385427
1929,False,0,0.010851755496328726,20.243050005385427
1930,True,-1,0.010839269140212954,20.243418734585767
1931,False,-1,0.010826797151273914,20.245969323468096
1932,True,-1,0.010814339512980298,20.245979495308106
1933,False,1,0.010801896208819823,20.253921159395368
1934,True,1,0.010789467222299204,20.25547872239679
1935,False,0,0.010777052536944134,20.25547872239679
1936,True,1,0.010764652136299263,20.25572793247702
1937,False,-1,0.010752266003928174,20.25704264279822
1938,True,0,0.010739894123413361,20.25704264279822
1939,False,-1,0.01072753647835621,20.257768657878884
1940,True,-1,0.010715193052376976,20.25836879643943
1941,False,-1,0.01070286382911476,20.260003919720926
1942,True,-1,0.01069054879222749,20.262860935283538
1943,False,-1,0.010678247925391895,20.262876193043553
1944,True,1,0.010665961212303489,20.26335426952399
1945,False,-1,0.010653688636676543,20.263480146044106
1946,True,0,0.010641430182244069,20.263480146044106
1947,False,1,0.010629185832757798,20.265707779006142
1948,True,0,0.010616955571988154,20.265707779006142
1949,False,-1,0.010604739383724235,20.27669718065619
1950,True,0,0.010592537251773794,20.27669718065619
1951,False,-1,0.010580349159963214,20.27754017189696
1952,True,1,0.010568175092137488,20.27830051693765
1953,False,-1,0.010556015032160197,20.279221068458494
1954,True,1,0.01054386896391349,20.280353957139532
1955,False,1,0.010531736871298061,20.28159873606067
1956,True,-1,0.010519618738233129,20.28199289486103
1957,False,-1,0.010507514548656414,20.285181766703943
1958,True,1,0.010495424286524122,20.285202110383963
1959,False,-1,0.010483347935810914,20.28683087626545
1960,True,-1,0.010471285480509893,20.286899536185516
1961,False,-1,0.010459236904632581,20.28701396938562
1962,True,1,0.010447202192208896,20.28704957082565
1963,False,-1,0.010435181327287131,20.28711568778571
1964,True,1,0.010423174293933935,20.2880858270266
1965,False,-1,0.010411181076234288,20.29026514374859
1966,True,1,0.010399201658291484,20.29050545346881
1967,False,-1,0.01038723602422711,20.29379731519182
1968,True,-1,0.010375284158181017,20.293909205431923
1969,False,-1,0.010363346044311312,20.296239828274054
1970,True,1,0.010351421666794328,20.29641020659421
1971,False,1,0.010339511009824602,20.30080825591823
1972,True,1,0.010327614057614863,20.3009951634784
1973,False,-1,0.010315730794395999,20.302804479520052
1974,True,-1,0.010303861204417048,20.30346692060066
1975,False,-1,0.010292005271945168,20.30556994852258
1976,True,1,0.01028016298126562,20.30560173552261
1977,False,-1,0.010268334316681749,20.311240749327766
1978,True,-1,0.01025651926251496,20.311263635967787
1979,False,-1,0.010244717803104696,20.31878316869466
1980,True,-1,0.010232929922808423,20.318821313094695
1981,False,-1,0.010221155606001604,20.32114176409682
1982,True,1,0.01020939483707768,20.322486989938046
1983,False,1,0.01019764760044805,20.324817612780176
1984,True,-1,0.010185913880542049,20.326544282621757
1985,False,-1,0.010174193661806928,20.32832944054339
1986,True,-1,0.010162486928707835,20.328391743063445
1987,False,1,0.01015079366572779,20.329200404344185
1988,True,-1,0.010139113857367672,20.3292194765442
1989,False,-1,0.010127447488146188,20.32959074870454
1990,True,-1,0.010115794542599862,20.32961109238456
1991,False,1,0.01010415500528301,20.33197350222672
1992,True,-1,0.010092528860767721,20.33197350222672
1993,False,-1,0.010080916093643833,20.332549482667247
1994,True,-1,0.010069316688518917,20.33377900382837
1995,False,1,0.010057730630018257,20.33517127442964
1996,True,-1,0.010046157902784826,20.336384266350752
1997,False,0,0.010034598491479266,20.336384266350752
1998,True,1,0.01002305238077987,20.33732261859161
1999,False,-1,0.010011519555382563,20.107010545621065
