episode,agent_first,outcome,epsilon,drift_pct
0,True,-1,0.1,18.66363789162159
1,False,-1,0.09988493699365053,18.66363789162159
2,True,-1,0.09977000638225535,18.664632188982498
3,False,-1,0.09965520801347685,18.665583256023368
4,True,-1,0.09954054173515271,18.66700477066467
5,False,-1,0.09942600739529568,18.66700477066467
6,True,-1,0.09931160484209339,18.66804738426562
7,False,-1,0.09919733392390816,18.66804738426562
8,True,-1,0.09908319448927677,18.66805501314563
9,False,-1,0.09896918638691031,18.66806899942564
10,True,-1,0.09885530946569392,18.669575703227018
11,False,-1,0.09874156357468661,18.67210594842933
12,True,-1,0.09862794856312108,18.67210594842933
13,False,-1,0.09851446428040354,18.67210594842933
14,True,-1,0.09840111057611342,18.674112343871165
15,False,-1,0.09828788730000326,18.674112343871165
16,True,-1,0.09817479430199849,18.67436028247139
17,False,-1,0.0980618314321972,18.67436028247139
18,True,-1,0.09794899854086996,18.674374268751404
19,False,-1,0.09783629547845962,18.675709322752624
20,True,-1,0.09772372209558115,18.67571568015263
21,False,-1,0.09761127824302136,18.67571568015263
22,True,-1,0.09749896377173879,18.67571568015263
23,False,-1,0.09738677853286344,18.67573475235265
24,True,-1,0.09727472237769662,18.67573475235265
25,False,-1,0.09716279515771073,18.67573475235265
26,True,-1,0.09705099672454907,18.67573475235265
27,False,-1,0.09693932693002567,18.67573475235265
28,True,-1,0.09682778562612504,18.67573475235265
29,False,-1,0.09671637266500199,18.67573475235265
30,True,-1,0.09660508789898148,18.67729104387407
31,False,-1,0.09649393118055835,18.67729994423408
32,True,-1,0.0963829023623972,18.67733173123411
33,False,-1,0.09627200129733214,18.67733173123411
34,True,-1,0.09616122783836661,18.67811877735483
35,False,-1,0.09605058183867321,18.678125134754833
36,True,-1,0.09594006315159347,18.68028792223681
37,False,-1,0.09582967163063766,18.681244075197686
38,True,-1,0.09571940712948461,18.681244075197686
39,False,-1,0.09560926950198152,18.68645460024245
40,True,-1,0.09549925860214377,18.686468586522462
41,False,-1,0.09538937428415467,18.686468586522462
42,True,-1,0.09527961640236536,18.68743109688334
43,False,-1,0.09516998481129454,18.68743109688334
44,True,-1,0.09506047936562832,18.687601475203497
45,False,-1,0.09495109992022001,18.68768157844357
46,True,-1,0.09484184633008991,18.687685392883573
47,False,-1,0.09473271845042515,18.687685392883573
48,True,-1,0.0946237161365795,18.68796384700383
49,False,-1,0.09451483924407315,18.690201651805875
50,True,-1,0.09440608762859254,18.691719798927263
51,False,-1,0.09429746114599015,18.691733785207273
52,True,-1,0.09418895965228434,18.691733785207273
53,False,-1,0.09408058300365912,18.691733785207273
54,True,-1,0.09397233105646399,18.69308409696851
55,False,-1,0.09386420366721374,18.69308409696851
56,True,-1,0.09375620069258823,18.69308409696851
57,False,-1,0.09364832198943229,18.69308409696851
58,True,-1,0.09354056741475542,18.693108255088532
59,False,-1,0.09343293682573163,18.693108255088532
60,True,-1,0.09332543007969933,18.693332035568734
61,False,-1,0.09321804703416105,18.693332035568734
62,True,-1,0.09311078754678327,18.693334578528738
63,False,-1,0.09300365147539627,18.693334578528738
64,True,-1,0.09289663867799389,18.693334578528738
65,False,-1,0.09278974901273337,18.693339664448743
66,True,-1,0.09268298233793519,18.693342207408744
67,False,-1,0.0925763385120828,18.69429963184962
68,True,-1,0.09246981739382253,18.69429963184962
69,False,-1,0.09236341884196332,18.69429963184962
70,True,0,0.0922571427154766,18.69429963184962
71,False,-1,0.09215098887349604,18.694303446289624
72,True,-1,0.09204495717531742,18.694303446289624
73,False,-1,0.09193904748039841,18.694303446289624
74,True,-1,0.0918332596483584,18.694303446289624
75,False,-1,0.09172759353897827,18.694303446289624
76,True,-1,0.0916220490122003,18.694303446289624
77,False,-1,0.09151662592812786,18.694303446289624
78,True,-1,0.09141132414702534,18.694303446289624
79,False,-1,0.0913061435293179,18.69441660800973
80,True,-1,0.0912010839355913,18.69442169392973
81,False,-1,0.0910961452265917,18.69599832913117
82,True,-1,0.0909913272632255,18.69599832913117
83,False,-1,0.09088662990655913,18.69599832913117
84,True,-1,0.09078205301781891,18.696436989731573
85,False,-1,0.09067759645839084,18.696757402691865
86,True,-1,0.09057326008982036,18.696757402691865
87,False,-1,0.09046904377381228,18.696757402691865
88,True,-1,0.0903649473722305,18.696757402691865
89,False,-1,0.09026097074709788,18.696757402691865
90,True,-1,0.09015711376059604,18.696757402691865
91,False,-1,0.09005337627506518,18.696757402691865
92,True,-1,0.08994975815300388,18.69676121713187
93,False,-1,0.08984625925706895,18.69676121713187
94,True,-1,0.08974287945007521,18.69791063505292
95,False,0,0.08963961859499536,18.69791063505292
96,True,-1,0.08953647655495975,18.69791063505292
97,False,-1,0.08943345319325621,18.69924568905414
98,True,-1,0.08933054837332989,18.699366479654252
99,False,-1,0.08922776195878306,18.699366479654252
100,True,-1,0.08912509381337493,18.699366479654252
101,False,-1,0.08902254380102147,18.701383046936094
102,True,-1,0.08892011178579523,18.701383046936094
103,False,0,0.08881779763192517,18.701383046936094
104,True,-1,0.08871560120379648,18.702031501736688
105,False,-1,0.08861352236595038,18.702031501736688
106,True,-1,0.08851156098308395,18.702037859136695
107,False,-1,0.08840971692004997,18.702037859136695
108,True,-1,0.08830799004185669,18.702037859136695
109,False,-1,0.08820638021366772,18.70371875569823
110,True,-1,0.08810488730080182,18.70371875569823
111,False,-1,0.0880035111687327,18.70371875569823
112,True,-1,0.08790225168308885,18.70371875569823
113,False,-1,0.0878011087096534,18.70381793113832
114,True,-1,0.08770008211436389,18.70381793113832
115,False,-1,0.08759917176331214,18.70381793113832
116,True,-1,0.08749837752274403,18.70381793113832
117,False,-1,0.08739769925905934,18.70381793113832
118,True,-1,0.08729713683881159,18.703819202618323
119,False,-1,0.08719669012870783,18.703819202618323
120,True,-1,0.0870963589956085,18.704383739738837
121,False,-1,0.08699614330652722,18.704383739738837
122,True,-1,0.08689604292863062,18.704383739738837
123,False,-1,0.08679605772923821,18.704383739738837
124,True,-1,0.08669618757582212,18.704383739738837
125,False,-1,0.086596432336007,18.704509616258953
126,True,-1,0.0864967918775698,18.70452741697897
127,False,-1,0.08639726606843962,18.70452741697897
128,True,-1,0.0862978547766975,18.70452741697897
129,False,-1,0.08619855787057633,18.70452741697897
130,True,-1,0.08609937521846055,18.70452741697897
131,False,-1,0.08600030668888607,18.70460497725904
132,True,-1,0.08590135215054007,18.70460497725904
133,False,-1,0.0858025114722608,18.70460497725904
134,True,-1,0.08570378452303745,18.70460497725904
135,False,-1,0.08560517117200997,18.70460497725904
136,True,-1,0.08550667128846884,18.706053192980363
137,False,-1,0.08540828474185495,18.706058278900368
138,True,-1,0.08531001140175945,18.706063364820373
139,False,-1,0.0852118511379235,18.70613838214044
140,True,-1,0.08511380382023816,18.70614855398045
141,False,-1,0.08501586931874419,18.70614855398045
142,True,-1,0.0849180475036319,18.70665968894092
143,False,-1,0.08482033824524093,18.70665968894092
144,True,-1,0.08472274141406017,18.70665968894092
145,False,-1,0.08462525688072745,18.70665968894092
146,True,-1,0.08452788451602951,18.70666096042092
147,False,-1,0.08443062419090175,18.70666096042092
148,True,-1,0.08433347577642807,18.70666096042092
149,False,0,0.0842364391438407,18.70666096042092
150,True,-1,0.08413951416452005,18.70666096042092
151,False,-1,0.0840427007099945,18.706664774860922
152,True,-1,0.08394599865194029,18.706664774860922
153,False,-1,0.08384940786218127,18.70710597842133
154,True,-1,0.0837529282126888,18.70710597842133
155,False,-1,0.08365655957558156,18.70710597842133
156,True,-1,0.08356030182312535,18.708133334262264
157,False,-1,0.08346415482773296,18.708133334262264
158,True,-1,0.08336811846196399,18.708133334262264
159,False,-1,0.08327219259852466,18.708133334262264
160,True,-1,0.08317637711026767,18.708133334262264
161,False,-1,0.08308067187019201,18.708134605742266
162,True,-1,0.08298507675144282,18.708134605742266
163,False,-1,0.08288959162731119,18.708134605742266
164,True,-1,0.08279421637123399,18.70813587722227
165,False,-1,0.08269895085679375,18.708196908262323
166,True,-1,0.08260379495771845,18.708228695262353
167,False,-1,0.08250874854788134,18.708294812222412
168,True,-1,0.08241381150130082,18.708294812222412
169,False,-1,0.08231898369214023,18.708294812222412
170,True,-1,0.08222426499470771,18.70909330166314
171,False,-1,0.08212965528345603,18.70909330166314
172,True,0,0.08203515443298243,18.70909330166314
173,False,-1,0.0819407623180284,18.70909330166314
174,True,-1,0.08184647881347959,18.70909330166314
175,False,-1,0.08175230379436561,18.70909330166314
176,True,-1,0.08165823713585986,18.70909330166314
177,False,-1,0.08156427871327936,18.70909330166314
178,True,-1,0.08147042840208459,18.70918866266323
179,False,-1,0.08137668607787935,18.70918866266323
180,True,-1,0.08128305161641056,18.70918866266323
181,False,-1,0.08118952489356812,18.70918866266323
182,True,-1,0.08109610578538472,18.709196291543236
183,False,-1,0.0810027941680357,18.709196291543236
184,True,-1,0.08090958991783888,18.710065983864034
185,False,-1,0.08081649291125438,18.710065983864034
186,True,-1,0.08072350302488447,18.710065983864034
187,False,-1,0.08063062013547342,18.71126626098513
188,True,-1,0.08053784411990732,18.71126626098513
189,False,-1,0.0804451748552139,18.71126626098513
190,True,-1,0.0803526122185624,18.711267532465133
191,False,-1,0.08026015608726338,18.712044406745843
192,True,-1,0.08016780633876859,18.712044406745843
193,False,-1,0.08007556285067077,18.712044406745843
194,True,-1,0.07998342550070352,18.712044406745843
195,False,-1,0.07989139416674111,18.712044406745843
196,True,-1,0.07979946872679834,18.712044406745843
197,False,-1,0.07970764905903037,18.712044406745843
198,True,-1,0.07961593504173256,18.712044406745843
199,False,-1,0.0795243265533403,18.712044406745843
200,True,-1,0.07943282347242885,18.712046949705844
201,False,-1,0.0793414256777132,18.712046949705844
202,True,-1,0.07925013304804789,18.712046949705844
203,False,-1,0.07915894546242684,18.712922999426645
204,True,-1,0.07906786279998322,18.712922999426645
205,False,-1,0.07897688493998928,18.712922999426645
206,True,-1,0.07888601176185615,18.712922999426645
207,False,-1,0.07879524314513375,18.712922999426645
208,True,-1,0.07870457896951058,18.712922999426645
209,False,-1,0.07861401911481355,18.712922999426645
210,True,-1,0.07852356346100789,18.712922999426645
211,False,-1,0.07843321188819691,18.712975130106692
212,True,-1,0.0783429642766219,18.712975130106692
213,False,0,0.07825282050666191,18.712975130106692
214,True,-1,0.07816278045883368,18.712975130106692
215,False,-1,0.0780728440137914,18.712975130106692
216,True,-1,0.07798301105232659,18.712975130106692
217,False,-1,0.07789328145536793,18.712975130106692
218,True,-1,0.07780365510398113,18.712975130106692
219,False,-1,0.07771413187936871,18.712975130106692
220,True,-1,0.07762471166286991,18.713651557467312
221,False,-1,0.0775353943359605,18.713651557467312
222,True,-1,0.07744617978025262,18.713651557467312
223,False,-1,0.07735706787749463,18.713651557467312
224,True,-1,0.07726805850957098,18.713651557467312
225,False,-1,0.077179151558502,18.717111254550474
226,True,-1,0.07709034690644376,18.717111254550474
227,False,-1,0.07700164443568797,18.717111254550474
228,True,-1,0.07691304402866173,18.717115068990477
229,False,-1,0.07682454556792745,18.717115068990477
230,True,-1,0.07673614893618266,18.717117611950478
231,False,-1,0.07664785401625987,18.717117611950478
232,True,-1,0.0765596606911264,18.717117611950478
233,False,-1,0.07647156884388422,18.717117611950478
234,True,-1,0.07638357835776984,18.7171417700705
235,False,-1,0.07629568911615407,18.7171417700705
236,True,-1,0.07620790100254198,18.7171417700705
237,False,-1,0.07612021390057261,18.7171417700705
238,True,-1,0.07603262769401896,18.7171417700705
239,False,-1,0.07594514226678771,18.7171417700705
240,True,-1,0.07585775750291915,18.7171417700705
241,False,-1,0.075770473286587,18.7171417700705
242,True,-1,0.07568328950209821,18.7171417700705
243,False,-1,0.07559620603389292,18.7171417700705
244,True,-1,0.07550922276654418,18.71721805887057
245,False,-1,0.07542233958475786,18.71721805887057
246,True,-1,0.07533555637337253,18.717616032110936
247,False,-1,0.07524887301735922,18.717616032110936
248,True,-1,0.07516228940182135,18.717616032110936
249,False,-1,0.07507580541199452,18.717616032110936
250,True,-1,0.07498942093324638,18.717616032110936
251,False,-1,0.07490313585107652,18.717616032110936
252,True,-1,0.07481695005111624,18.717947888391237
253,False,-1,0.07473086341912843,18.717947888391237
254,True,-1,0.07464487584100746,18.717947888391237
255,False,-1,0.07455898720277895,18.717947888391237
256,True,-1,0.07447319739059971,18.717947888391237
257,False,-1,0.07438750629075751,18.717947888391237
258,True,-1,0.07430191378967095,18.71795043135124
259,False,-1,0.07421641977388936,18.71795043135124
260,True,-1,0.07413102413009258,18.717951702831243
261,False,-1,0.07404572674509084,18.717951702831243
262,True,-1,0.07396052750582462,18.71868534679191
263,False,-1,0.07387542629936449,18.71868534679191
264,True,-1,0.07379042301291094,18.71868534679191
265,False,-1,0.07370551753379428,18.71868534679191
266,True,-1,0.07362070974947446,18.71868534679191
267,False,-1,0.07353599954754089,18.71868534679191
268,True,-1,0.07345138681571235,18.71868534679191
269,False,-1,0.0733668714418368,18.718959986472164
270,True,-1,0.07328245331389127,18.718959986472164
271,False,-1,0.07319813231998165,18.718959986472164
272,True,-1,0.07311390834834261,18.718959986472164
273,False,-1,0.0730297812873374,18.718959986472164
274,True,-1,0.07294575102545775,18.718959986472164
275,False,-1,0.07286181745132365,18.71991868239304
276,True,-1,0.07277798045368329,18.71991868239304
277,False,-1,0.07269423992141284,18.71991868239304
278,True,-1,0.07261059574351636,18.71991868239304
279,False,-1,0.0725270478091256,18.71991868239304
280,True,-1,0.07244359600749989,18.71991868239304
281,False,-1,0.072360240228026,18.71991868239304
282,True,-1,0.07227698036021792,18.71991868239304
283,False,-1,0.07219381629371682,18.71991868239304
284,True,-1,0.07211074791829085,18.719923768313045
285,False,-1,0.07202777512383497,18.719923768313045
286,True,-1,0.07194489780037085,18.719923768313045
287,False,-1,0.07186211583804668,18.720551879433618
288,True,-1,0.07177942912713707,18.720551879433618
289,False,-1,0.07169683755804289,18.720554422393622
290,True,-1,0.0716143410212911,18.720554422393622
291,False,-1,0.07153193940753463,18.720554422393622
292,True,-1,0.07144963260755223,18.720554422393622
293,False,-1,0.07136742051224833,18.72136308367436
294,True,-1,0.07128530301265286,18.72145081579444
295,False,-1,0.07120327999992117,18.72145081579444
296,True,-1,0.07112135136533382,18.72145081579444
297,False,-1,0.07103951700029648,18.72145081579444
298,True,-1,0.07095777679633979,18.72145081579444
299,False,-1,0.07087613064511916,18.72145081579444
300,True,-1,0.0707945784384147,18.721509303874495
301,False,-1,0.07071312006813102,18.721509303874495
302,True,-1,0.07063175542629711,18.721552534194533
303,False,-1,0.0705504844050662,18.721552534194533
304,True,-1,0.07046930689671561,18.721552534194533
305,False,-1,0.07038822279364661,18.721552534194533
306,True,-1,0.07030723198838426,18.721552534194533
307,False,-1,0.07022633437357732,18.721552534194533
308,True,-1,0.07014552984199805,18.721552534194533
309,False,-1,0.07006481828654208,18.721552534194533
310,True,-1,0.06998419960022828,18.721552534194533
311,False,-1,0.06990367367619864,18.721611022274587
312,True,-1,0.06982324040771808,18.721611022274587
313,False,-1,0.06974289968817433,18.721611022274587
314,True,-1,0.06966265141107782,18.721611022274587
315,False,-1,0.06958249547006147,18.721611022274587
316,True,-1,0.06950243175888063,18.721611022274587
317,False,-1,0.06942246017141286,18.721611022274587
318,True,-1,0.06934258060165786,18.722231504515154
319,False,-1,0.06926279294373729,18.722231504515154
320,True,-1,0.0691830970918946,18.72367972023648
321,False,0,0.06910349294049499,18.72367972023648
322,True,-1,0.06902398038402516,18.72367972023648
323,False,0,0.06894455931709323,18.72367972023648
324,True,-1,0.06886522963442858,18.72367972023648
325,False,-1,0.06878599123088174,18.72367972023648
326,True,-1,0.0687068440014242,18.724935942477625
327,False,-1,0.06862778784114831,18.724935942477625
328,True,-1,0.06854882264526714,18.724935942477625
329,False,-1,0.06846994830911432,18.724935942477625
330,True,-1,0.06839116472814392,18.725495393678138
331,False,-1,0.06831247179793029,18.725495393678138
332,True,-1,0.06823386941416795,18.726399415958966
333,False,-1,0.06815535747267143,18.726399415958966
334,True,-1,0.06807693586937513,18.726399415958966
335,False,-1,0.06799860450033322,18.726451546639012
336,True,-1,0.06792036326171945,18.726451546639012
337,False,-1,0.06784221204982703,18.726451546639012
338,True,-1,0.06776415076106851,18.726451546639012
339,False,-1,0.06768617929197562,18.726451546639012
340,True,-1,0.06760829753919918,18.726451546639012
341,False,-1,0.06753050539950887,18.726682955999223
342,True,-1,0.06745280276979321,18.72714831767965
343,False,-1,0.0673751895470593,18.72714831767965
344,True,-1,0.0672976656284328,18.72714831767965
345,False,-1,0.0672202309111577,18.72715086063965
346,True,-1,0.06714288529259625,18.72715086063965
347,False,-1,0.0670656286702288,18.72715086063965
348,True,-1,0.06698846094165366,18.72715086063965
349,False,-1,0.06691138200458695,18.72715086063965
350,True,-1,0.06683439175686248,18.727152132119652
351,False,-1,0.06675749009643164,18.727152132119652
352,True,-1,0.06668067692136323,18.727152132119652
353,False,-1,0.06660395212984332,18.727152132119652
354,True,-1,0.06652731562017516,18.72767471040013
355,False,0,0.06645076729077898,18.72767471040013
356,True,-1,0.06637430704019191,18.72767471040013
357,False,-1,0.06629793476706783,18.72767471040013
358,True,-1,0.06622165037017723,18.72767471040013
359,False,-1,0.06614545374840707,18.72767471040013
360,True,-1,0.06606934480076064,18.72767471040013
361,False,-1,0.06599332342635748,18.72855203160093
362,True,-1,0.06591738952443318,18.72855203160093
363,False,-1,0.06584154299433928,18.72855203160093
364,True,-1,0.0657657837355431,18.72855203160093
365,False,-1,0.0656901116476277,18.729551414881847
366,True,-1,0.0656145266302916,18.729551414881847
367,False,-1,0.06553902858334881,18.729551414881847
368,True,-1,0.06546361740672857,18.729551414881847
369,False,-1,0.06538829300047526,18.730087979442335
370,True,-1,0.0653130552647483,18.730087979442335
371,False,-1,0.06523790409982198,18.730087979442335
372,True,-1,0.06516283940608533,18.730352447282577
373,False,-1,0.065087861084042,18.730352447282577
374,True,-1,0.06501296903431013,18.730352447282577
375,False,-1,0.0649381631576222,18.730352447282577
376,True,-1,0.06486344335482491,18.73035371876258
377,False,-1,0.06478880952687906,18.73035371876258
378,True,-1,0.06471426157485939,18.73035371876258
379,False,-1,0.0646397993999545,18.73035371876258
380,True,-1,0.06456542290346663,18.73035371876258
381,False,-1,0.06449113198681165,18.73035371876258
382,True,-1,0.06441692655151882,18.73035626172258
383,False,-1,0.0643428064992307,18.73035626172258
384,True,-1,0.06426877173170306,18.73035626172258
385,False,-1,0.06419482215080467,18.73035626172258
386,True,-1,0.06412095765851726,18.73035626172258
387,False,-1,0.0640471781569353,18.73035626172258
388,True,-1,0.06397348354826592,18.73035626172258
389,False,-1,0.06389987373482879,18.730520282642733
390,True,-1,0.06382634861905598,18.730520282642733
391,False,-1,0.0637529081034918,18.730657602482857
392,True,-1,0.0636795520907927,18.730657602482857
393,False,-1,0.06360628048372714,18.730657602482857
394,True,-1,0.06353309318517548,18.730657602482857
395,False,-1,0.0634599900981298,18.730657602482857
396,True,-1,0.06338697112569382,18.73105176128322
397,False,-1,0.06331403617108272,18.73105176128322
398,True,-1,0.06324118513762307,18.73105176128322
399,False,-1,0.06316841792875268,18.73105176128322
400,True,-1,0.06309573444802045,18.73105176128322
401,False,-1,0.06302313459908628,18.73105176128322
402,True,-1,0.06295061828572089,18.73105176128322
403,False,-1,0.06287818541180576,18.73105176128322
404,True,-1,0.06280583588133294,18.73105176128322
405,False,-1,0.06273356959840495,18.732033343844115
406,True,-1,0.06266138646723468,18.732033343844115
407,False,-1,0.06258928639214521,18.732033343844115
408,True,-1,0.06251726927756972,18.732033343844115
409,False,-1,0.062445335028051344,18.732033343844115
410,True,-1,0.06237348354824306,18.732033343844115
411,False,-1,0.062301714742907556,18.73207148824415
412,True,-1,0.06223002851691709,18.73207148824415
413,False,-1,0.062158424775253386,18.73207148824415
414,True,-1,0.062086903423007496,18.73207275972415
415,False,-1,0.062015464365379684,18.73207275972415
416,True,-1,0.061944107507679286,18.73207275972415
417,False,-1,0.0618728327553246,18.73207275972415
418,True,-1,0.06180164001384274,18.73207275972415
419,False,-1,0.06173052918886952,18.732713585644735
420,True,-1,0.061659500186149366,18.732713585644735
421,False,-1,0.061588552911535116,18.732833104764847
422,True,-1,0.06151768727098796,18.732833104764847
423,False,-1,0.06144690317057729,18.732833104764847
424,True,-1,0.06137620051648057,18.732833104764847
425,False,-1,0.061305579214983225,18.732833104764847
426,True,-1,0.0612350391724785,18.732833104764847
427,False,-1,0.06116458029546737,18.732833104764847
428,True,-1,0.061094202490558365,18.732833104764847
429,False,-1,0.06102390566446749,18.732933551684937
430,True,-1,0.06095368972401809,18.732933551684937
431,False,-1,0.0608835545761407,18.732998397164998
432,True,-1,0.06081350012787296,18.733325167525294
433,False,-1,0.060743526286359484,18.733325167525294
434,True,-1,0.06067363295885171,18.733325167525294
435,False,-1,0.060603820052707806,18.733325167525294
436,True,-1,0.06053408747539253,18.733325167525294
437,False,-1,0.06046443513447712,18.733325167525294
438,True,-1,0.06039486293763916,18.733325167525294
439,False,-1,0.06032537079266247,18.734821699486663
440,True,-1,0.06025595860743696,18.734821699486663
441,False,-1,0.06018662628995854,18.734821699486663
442,True,-1,0.06011737374832899,18.734877644606716
443,False,-1,0.06004820089075581,18.734877644606716
444,True,-1,0.059979107625552135,18.734877644606716
445,False,-1,0.05991009386113658,18.734877644606716
446,True,-1,0.059841159506033165,18.73488400200672
447,False,-1,0.059772304468871135,18.73488400200672
448,True,0,0.05970352865838489,18.73488400200672
449,False,-1,0.05963483198341383,18.73488400200672
450,True,-1,0.05956621435290225,18.73488400200672
451,False,-1,0.059497675675899225,18.73488400200672
452,True,-1,0.05942921586155847,18.73488400200672
453,False,-1,0.05936083481913824,18.73488400200672
454,True,-1,0.05929253245800119,18.73488400200672
455,False,-1,0.05922430868761427,18.73488400200672
456,True,-1,0.059156163417548605,18.73488400200672
457,False,-1,0.05908809655747936,18.73488400200672
458,True,-1,0.059020108017185643,18.73488400200672
459,False,-1,0.05895219770655036,18.73488400200672
460,True,-1,0.05888436553556011,18.73488400200672
461,False,-1,0.05881661141430508,18.734969191166797
462,True,-1,0.05874893525297889,18.735370978847165
463,False,-1,0.0586813369618785,18.73537352180717
464,True,-1,0.058613816451404094,18.73537352180717
465,False,-1,0.05854637363205894,18.73537352180717
466,True,-1,0.05847900841444929,18.73537352180717
467,False,-1,0.058411720709284264,18.73537352180717
468,True,-1,0.0583445104273757,18.73537606476717
469,False,-1,0.05827737747963808,18.73537606476717
470,True,-1,0.05821032177708837,18.73537606476717
471,False,-1,0.05814334323084595,18.73537606476717
472,True,-1,0.05807644175213244,18.73537606476717
473,False,-1,0.058009617252271634,18.73537606476717
474,True,-1,0.05794286964268934,18.73537606476717
475,False,-1,0.0578761988349133,18.73537606476717
476,True,0,0.05780960474057305,18.73537606476717
477,False,-1,0.05774308727139979,18.73537606476717
478,True,-1,0.05767664633922631,18.73537606476717
479,False,-1,0.05761028185598684,18.73537606476717
480,True,-1,0.057543993733716936,18.735378607727174
481,False,-1,0.05747778188455337,18.735378607727174
482,True,-1,0.057411646220734004,18.735378607727174
483,False,-1,0.0573455866545977,18.735378607727174
484,True,-1,0.057279603098584174,18.735379879207173
485,False,-1,0.057213695465233895,18.735379879207173
486,True,-1,0.05714786366718796,18.735379879207173
487,False,0,0.05708210761718799,18.735379879207173
488,True,-1,0.057016427228076004,18.735379879207173
489,False,-1,0.05695082241279432,18.735379879207173
490,True,-1,0.056885293084385405,18.735379879207173
491,False,-1,0.0568198391559918,18.735379879207173
492,True,-1,0.05675446054085598,18.7358452408876
493,False,-1,0.05668915715232024,18.7358452408876
494,True,-1,0.056623928903826594,18.7358452408876
495,False,-1,0.05655877570891666,18.7358452408876
496,True,-1,0.05649369748123152,18.736116066127845
497,False,-1,0.05642869413451164,18.736116066127845
498,True,-1,0.05636376558259672,18.736116066127845
499,False,-1,0.056298911739425604,18.736117337607848
500,True,-1,0.05623413251903618,18.736117337607848
501,False,-1,0.05616942783556523,18.736117337607848
502,True,-1,0.056104797603248324,18.736117337607848
503,False,-1,0.056040241736419735,18.736117337607848
504,True,-1,0.0559757601495123,18.736117337607848
505,False,-1,0.055911352757057296,18.736117337607848
506,True,-1,0.05584701947368436,18.736117337607848
507,False,-1,0.05578276021412136,18.736117337607848
508,True,-1,0.05571857489319427,18.736160567927886
509,False,-1,0.05565446342582707,18.73707094760872
510,True,-1,0.05559042572704164,18.737107820528752
511,False,-1,0.05552646171195763,18.737107820528752
512,True,-1,0.05546257129579236,18.737107820528752
513,False,-1,0.055398754393860695,18.737107820528752
514,True,-1,0.05533501092157495,18.737109092008755
515,False,-1,0.055271340794444776,18.737109092008755
516,True,-1,0.05520774392807702,18.737109092008755
517,False,-1,0.055144220238175654,18.737109092008755
518,True,-1,0.05508076964054163,18.737109092008755
519,False,-1,0.05501739205107279,18.737109092008755
520,True,-1,0.054954087385763746,18.737373559848997
521,False,-1,0.05489085556070577,18.737373559848997
522,True,-1,0.05482769649208667,18.737373559848997
523,False,0,0.054764610096190706,18.737373559848997
524,True,-1,0.05470159628939846,18.737373559848997
525,False,-1,0.05463865498818672,18.737376102808998
526,True,-1,0.054575786109128395,18.737376102808998
527,False,-1,0.05451298956889237,18.737376102808998
528,True,-1,0.054450265284243425,18.737376102808998
529,False,-1,0.054387613172042104,18.737376102808998
530,True,-1,0.054325033149244625,18.737376102808998
531,False,-1,0.05426252513290275,18.737376102808998
532,True,-1,0.05420008904016369,18.737376102808998
533,False,-1,0.05413772478826998,18.737376102808998
534,True,0,0.05407543229455939,18.737376102808998
535,False,-1,0.05401321147646479,18.737376102808998
536,True,-1,0.05395106225151407,18.737376102808998
537,False,-1,0.053888984537329994,18.737376102808998
538,True,-1,0.05382697825163014,18.737376102808998
539,False,-1,0.05376504331222673,18.737376102808998
540,True,-1,0.05370317963702658,18.737376102808998
541,False,-1,0.05364138714403096,18.737376102808998
542,True,-1,0.05357966575133547,18.737376102808998
543,False,-1,0.05351801537712998,18.737376102808998
544,True,-1,0.05345643593969848,18.737376102808998
545,False,-1,0.05339492735741898,18.737376102808998
546,True,-1,0.05333348954876341,18.737376102808998
547,False,-1,0.053272122432297515,18.737376102808998
548,True,-1,0.053210825926680735,18.7378173063694
549,False,-1,0.05314959995066611,18.7378173063694
550,True,-1,0.05308844442310015,18.7378173063694
551,False,-1,0.053027359262922756,18.7378173063694
552,True,-1,0.0529663443891671,18.7378173063694
553,False,-1,0.052905399720959506,18.7378173063694
554,True,-1,0.052844525177519364,18.7378173063694
555,False,-1,0.052783720678159,18.7378173063694
556,True,-1,0.0527229861422836,18.7378173063694
557,False,-1,0.05266232148939107,18.7378173063694
558,True,-1,0.05260172663907194,18.7378173063694
559,False,-1,0.05254120151100929,18.7378173063694
560,True,-1,0.05248074602497859,18.737818577849403
561,False,-1,0.052420360100847614,18.737818577849403
562,True,-1,0.052360043658576355,18.737818577849403
563,False,-1,0.0522997966182169,18.737818577849403
564,True,-1,0.05223961889991331,18.740109784811498
565,False,-1,0.05217951042390156,18.740109784811498
566,True,-1,0.05211947111050937,18.740109784811498
567,False,-1,0.05205950088015617,18.740109784811498
568,True,-1,0.05199959965335293,18.740109784811498
569,False,-1,0.05193976735070208,18.740153015131536
570,True,-1,0.05188000389289744,18.740153015131536
571,False,-1,0.05182030920072404,18.740153015131536
572,True,-1,0.051760683195058096,18.740153015131536
573,False,-1,0.05170112579686683,18.740153015131536
574,True,0,0.051641636927208426,18.740153015131536
575,False,-1,0.051582216507231896,18.740153015131536
576,True,-1,0.05152286445817698,18.740153015131536
577,False,-1,0.05146358070137403,18.740153015131536
578,True,-1,0.05140436515824394,18.740153015131536
579,False,-1,0.051345217750297996,18.740153015131536
580,True,-1,0.051286138399137815,18.740153015131536
581,False,-1,0.05122712702645521,18.740153015131536
582,True,-1,0.051168183554032104,18.740153015131536
583,False,-1,0.051109307903740415,18.740153015131536
584,True,-1,0.05105049999754196,18.740153015131536
585,False,-1,0.05099175975748835,18.740153015131536
586,True,-1,0.05093308710572088,18.74179703877304
587,False,-1,0.05087448196447043,18.74179703877304
588,True,-1,0.05081594425605739,18.74179958173304
589,False,-1,0.050757473902891495,18.74179958173304
590,True,-1,0.05069907082747178,18.743942025535002
591,False,-1,0.05064073495238643,18.743942025535002
592,True,-1,0.050582466200312745,18.743942025535002
593,False,-1,0.05052426449401696,18.743942025535002
594,True,-1,0.05046612975635418,18.743942025535002
595,False,-1,0.05040806191026829,18.743942025535002
596,True,-1,0.050350060878791826,18.743978898455033
597,False,-1,0.05029212658504589,18.743978898455033
598,True,-1,0.050234258952240055,18.743978898455033
599,False,-1,0.05017645790367222,18.743978898455033
600,True,-1,0.05011872336272857,18.743978898455033
601,False,-1,0.05006105525288344,18.743978898455033
602,True,-1,0.0500034534976992,18.743978898455033
603,False,0,0.04994591802082618,18.743978898455033
604,True,-1,0.04988844874600257,18.743978898455033
605,False,-1,0.0498310455970543,18.743978898455033
606,True,-1,0.04977370849789495,18.744483676015495
607,False,-1,0.049716437372525644,18.744483676015495
608,True,-1,0.04965923214503496,18.744483676015495
609,False,-1,0.04960209273959881,18.744483676015495
610,True,-1,0.049545019080480375,18.744483676015495
611,False,-1,0.04948801109202995,18.744483676015495
612,True,-1,0.049431068698684896,18.744483676015495
613,False,-1,0.049374191824969514,18.744483676015495
614,True,-1,0.04931738039549494,18.744483676015495
615,False,-1,0.04926063433495908,18.744483676015495
616,True,-1,0.04920395356814645,18.74450783413552
617,False,-1,0.049147338019928134,18.74450783413552
618,True,-1,0.049090787615261665,18.74450783413552
619,False,-1,0.04903430227919091,18.74450783413552
620,True,-1,0.04897788193684598,18.74450783413552
621,False,-1,0.04892152651344314,18.74450783413552
622,True,-1,0.04886523593428472,18.74450783413552
623,False,-1,0.04880901012475897,18.74450783413552
624,True,-1,0.048752849010339994,18.74450783413552
625,False,-1,0.04869675251658767,18.74450783413552
626,True,-1,0.04864072056914752,18.74450783413552
627,False,-1,0.048584753093750606,18.74451164857552
628,True,-1,0.048528850016213466,18.74451164857552
629,False,0,0.04847301126243798,18.74451164857552
630,True,-1,0.048417236758411294,18.74451164857552
631,False,-1,0.04836152643020572,18.74451164857552
632,True,-1,0.04830588020397863,18.74451164857552
633,False,-1,0.04825029800597235,18.744810446375794
634,True,-1,0.048194779762514094,18.744810446375794
635,False,-1,0.04813932540001584,18.7448155322958
636,True,-1,0.04808393484497422,18.7448155322958
637,False,-1,0.048028608023970465,18.7448155322958
638,True,-1,0.047973344863670275,18.7448155322958
639,False,-1,0.047918145290823735,18.7448155322958
640,True,-1,0.0478630092322652,18.7448155322958
641,False,-1,0.04780793661491323,18.7448155322958
642,True,-1,0.047752927365770456,18.7448155322958
643,False,-1,0.04769798141192352,18.7448155322958
644,True,-1,0.04764309868054294,18.7448155322958
645,False,-1,0.04758827909888306,18.7448155322958
646,True,-1,0.0475335225942819,18.7448155322958
647,False,-1,0.04747882909416111,18.7448155322958
648,True,-1,0.047424198526025835,18.7448155322958
649,False,-1,0.04736963081746464,18.7448155322958
650,True,-1,0.04731512589614942,18.7448155322958
651,False,-1,0.04726068368983527,18.7448155322958
652,True,-1,0.04720630412636043,18.7448155322958
653,False,-1,0.047151987133646156,18.7448155322958
654,True,-1,0.04709773263969666,18.7448155322958
655,False,-1,0.047043540572598984,18.7448155322958
656,True,-1,0.04698941086052291,18.7448155322958
657,False,-1,0.046935343431720886,18.7448155322958
658,True,-1,0.0468813382145279,18.7448155322958
659,False,-1,0.046827395137361394,18.7448155322958
660,True,-1,0.046773514128721196,18.7448155322958
661,False,-1,0.04671969511718939,18.7448155322958
662,True,-1,0.04666593803143024,18.7448155322958
663,False,-1,0.046612242800190086,18.7448155322958
664,True,-1,0.04655860935229727,18.745872132176764
665,False,-1,0.046505037616662005,18.745872132176764
666,True,-1,0.04645152752227632,18.745872132176764
667,False,-1,0.04639807899821393,18.745872132176764
668,True,-1,0.04634469197363018,18.745872132176764
669,False,-1,0.04629136637776191,18.7463502086572
670,True,-1,0.046238102139927406,18.7463502086572
671,False,-1,0.046184899189526264,18.7463502086572
672,True,-1,0.04613175745603932,18.74830701637899
673,False,-1,0.04607867686902855,18.74830701637899
674,True,-1,0.04602565735813698,18.74830701637899
675,False,-1,0.0459726988530886,18.74830701637899
676,True,-1,0.04591980128368824,18.74830701637899
677,False,-1,0.04586696457982152,18.74830701637899
678,True,-1,0.045814188671454724,18.74830701637899
679,False,-1,0.04576147348863473,18.74915636501977
680,True,-1,0.04570881896148888,18.749296227819894
681,False,-1,0.04565622502022495,18.749296227819894
682,True,-1,0.045603691595130995,18.7493000422599
683,False,-1,0.04555121861657529,18.7493000422599
684,True,-1,0.045498806015006235,18.7493000422599
685,False,-1,0.045446453720952254,18.7493000422599
686,True,-1,0.0453941616650217,18.7493000422599
687,False,-1,0.04534192977790278,18.7493000422599
688,True,-1,0.04528975799036346,18.7493000422599
689,False,-1,0.04523764623325134,18.7493000422599
690,True,-1,0.04518559443749362,18.7493000422599
691,False,-1,0.045133602534096956,18.7493000422599
692,True,-1,0.0450816704541474,18.7493000422599
693,False,-1,0.04502979812881029,18.7493000422599
694,True,-1,0.04497798548933018,18.749817534620373
695,False,-1,0.04492623246703072,18.749817534620373
696,True,-1,0.0448745389933146,18.75007564506061
697,False,-1,0.044822904999663425,18.75007564506061
698,True,0,0.04477133041763764,18.75007564506061
699,False,-1,0.044719815178876444,18.75007564506061
700,True,-1,0.0446683592150977,18.75007564506061
701,False,-1,0.04461696245809783,18.75007564506061
702,True,-1,0.04456562483975172,18.75007564506061
703,False,-1,0.04451434629201267,18.75007564506061
704,True,-1,0.04446312674691226,18.75007564506061
705,False,-1,0.04441196613656028,18.75007564506061
706,True,-1,0.04436086439314464,18.75007564506061
707,False,-1,0.04430982144893127,18.75007564506061
708,True,-1,0.044258837236264045,18.75007564506061
709,False,-1,0.044207911687564674,18.75007564506061
710,True,-1,0.04415704473533264,18.75007564506061
711,False,-1,0.04410623631214508,18.75007564506061
712,True,-1,0.04405548635065672,18.750970766981425
713,False,-1,0.04400479478359977,18.750970766981425
714,True,-1,0.043954161543783836,18.750970766981425
715,False,0,0.04390358656409585,18.750970766981425
716,True,-1,0.043853069777499955,18.750993653621446
717,False,0,0.04380261111703743,18.750993653621446
718,True,-1,0.04375221051582659,18.750993653621446
719,False,-1,0.04370186790706273,18.750993653621446
720,True,-1,0.043651583224017985,18.750993653621446
721,False,-1,0.043601356400041286,18.750993653621446
722,True,-1,0.043551187368558245,18.750993653621446
723,False,-1,0.04350107606307109,18.751169117861608
724,True,-1,0.04345102241715854,18.751169117861608
725,False,-1,0.04340102636447577,18.751169117861608
726,True,-1,0.04335108783875428,18.751169117861608
727,False,-1,0.0433012067738018,18.751169117861608
728,True,-1,0.04325138310350226,18.751169117861608
729,False,0,0.04320161676181564,18.751169117861608
730,True,-1,0.043151907682777914,18.751169117861608
731,False,-1,0.043102255800500956,18.75120471930164
732,True,-1,0.04305266104917246,18.75120471930164
733,False,-1,0.043003123363055826,18.75120471930164
734,True,-1,0.04295364267649012,18.75120471930164
735,False,-1,0.04290421892388994,18.75120471930164
736,True,-1,0.042854852039745345,18.75120471930164
737,False,-1,0.04280554195862179,18.75120471930164
738,True,-1,0.04275628861516001,18.75120471930164
739,False,-1,0.042707091944075945,18.75120471930164
740,True,0,0.04265795188016065,18.75120471930164
741,False,0,0.042608868358280226,18.75120471930164
742,True,-1,0.042559841313375694,18.75120471930164
743,False,-1,0.042510870680462956,18.75120471930164
744,True,-1,0.042461956394632676,18.75120471930164
745,False,-1,0.04241309839105021,18.75120471930164
746,True,-1,0.042364296604955505,18.75120471930164
747,False,-1,0.042315550971663035,18.75120471930164
748,True,-1,0.04226686142656169,18.751251764061685
749,False,-1,0.04221822790511472,18.751251764061685
750,True,-1,0.042169650342859626,18.751251764061685
751,False,-1,0.04212112867540807,18.751251764061685
752,True,-1,0.04207266283844581,18.751251764061685
753,False,-1,0.04202425276773261,18.751305166221734
754,True,-1,0.04197589839910215,18.751419599421837
755,False,-1,0.04192759966846194,18.751419599421837
756,True,-1,0.04187935651179323,18.751419599421837
757,False,-1,0.041831168865150946,18.751419599421837
758,True,-1,0.04178303666466358,18.751419599421837
759,False,-1,0.04173495984653311,18.751419599421837
760,True,-1,0.04168693834703494,18.751419599421837
761,False,-1,0.04163897210251779,18.751419599421837
762,True,-1,0.04159106104940361,18.751419599421837
763,False,-1,0.04154320512418752,18.751419599421837
764,True,-1,0.0414954042634377,18.751419599421837
765,False,-1,0.04144765840379532,18.751419599421837
766,True,-1,0.04139996748197445,18.751419599421837
767,False,-1,0.04135233143476198,18.751419599421837
768,True,-1,0.04130475019901755,18.751419599421837
769,False,-1,0.04125722371167342,18.751419599421837
770,True,-1,0.041209751909734436,18.751916748102293
771,False,-1,0.04116233473027793,18.751916748102293
772,True,-1,0.04111497211045364,18.751916748102293
773,False,0,0.0410676639874836,18.751916748102293
774,True,-1,0.041020410298662095,18.751916748102293
775,False,-1,0.04097321098135556,18.751916748102293
776,True,-1,0.040926065973002496,18.751916748102293
777,False,-1,0.04087897521111339,18.751916748102293
778,True,-1,0.04083193863327062,18.752008294662375
779,False,-1,0.040784956177128406,18.752008294662375
780,True,-1,0.04073802778041268,18.752008294662375
781,False,-1,0.04069115338092105,18.752008294662375
782,True,-1,0.04064433291652269,18.752008294662375
783,False,-1,0.04059756632515825,18.752008294662375
784,True,-1,0.040550853544839796,18.75202482390239
785,False,-1,0.040504194513650726,18.75202482390239
786,True,-1,0.04045758916974568,18.75202482390239
787,False,-1,0.04041103745135045,18.752743210103045
788,True,-1,0.04036453929676191,18.752764825263068
789,False,-1,0.04031809464434794,18.752764825263068
790,True,0,0.04027170343254732,18.752764825263068
791,False,-1,0.04022536559986969,18.752764825263068
792,True,-1,0.04017908108489541,18.752764825263068
793,False,-1,0.04013284982627553,18.752764825263068
794,True,-1,0.040086671762731695,18.752764825263068
795,False,-1,0.040040546833056044,18.752766096743066
796,True,-1,0.03999447497611116,18.752766096743066
797,False,-1,0.03994845613082996,18.752766096743066
798,True,-1,0.03990249023621562,18.753517541423754
799,False,-1,0.039856577231341526,18.753517541423754
800,True,-1,0.03981071705535114,18.753517541423754
801,False,-1,0.03976490964745797,18.753517541423754
802,True,-1,0.03971915494694545,18.753517541423754
803,False,-1,0.039673452893166886,18.753517541423754
804,True,-1,0.039627803425545366,18.753517541423754
805,False,-1,0.03958220648357367,18.75354551398378
806,True,-1,0.03953666200681421,18.75354551398378
807,False,-1,0.039491169934898936,18.75354551398378
808,True,-1,0.039445730207529256,18.75354551398378
809,False,-1,0.03940034276447597,18.75362053130385
810,True,-1,0.03935500754557916,18.75362053130385
811,False,-1,0.039309724490748155,18.75362053130385
812,True,-1,0.0392644935399614,18.75362053130385
813,False,-1,0.039219314633266424,18.754022318984216
814,True,-1,0.039174187710779726,18.754022318984216
815,False,-1,0.039129112712686716,18.754022318984216
816,True,-1,0.03908408957924162,18.754022318984216
817,False,-1,0.039039118250767425,18.754022318984216
818,True,-1,0.038994198667655765,18.754023590464218
819,False,-1,0.03894933077036687,18.754023590464218
820,True,-1,0.038904514499429485,18.754023590464218
821,False,-1,0.038859749795440775,18.754023590464218
822,True,-1,0.03881503659906625,18.754023590464218
823,False,-1,0.038770374851039714,18.754023590464218
824,True,-1,0.038725764492163146,18.754023590464218
825,False,-1,0.038681205463306646,18.754023590464218
826,True,0,0.03863669770540835,18.754023590464218
827,False,-1,0.03859224115947434,18.754023590464218
828,True,-1,0.03854783576657861,18.75403630526423
829,False,-1,0.03850348146786292,18.75403630526423
830,True,-1,0.03845917820453678,18.75502170226513
831,False,-1,0.03841492591787734,18.75502170226513
832,True,-1,0.0383707245492293,18.75502170226513
833,False,-1,0.038326574040004883,18.75502170226513
834,True,-1,0.03828247433168369,18.75502170226513
835,False,-1,0.038238425365812685,18.75502170226513
836,True,-1,0.038194427084006076,18.75502170226513
837,False,-1,0.03815047942794526,18.75502170226513
838,True,-1,0.03810658233937872,18.75502170226513
839,False,-1,0.03806273576012199,18.75502170226513
840,True,-1,0.03801893963205754,18.755038231505143
841,False,-1,0.0379751938971347,18.755038231505143
842,True,-1,0.03793149849736961,18.755038231505143
843,False,-1,0.03788785337484513,18.755038231505143
844,True,-1,0.03784425847171075,18.755038231505143
845,False,-1,0.03780071373018253,18.755038231505143
846,True,-1,0.03775721909254302,18.755038231505143
847,False,-1,0.03771377450114118,18.755038231505143
848,True,-1,0.03767037989839231,18.755038231505143
849,False,-1,0.03762703522677795,18.755038231505143
850,True,-1,0.03758374042884584,18.755038231505143
851,False,-1,0.037540495447209825,18.755527751305593
852,True,-1,0.03749730022454977,18.755527751305593
853,False,-1,0.03745415470361151,18.755527751305593
854,True,-1,0.03741105882720675,18.7555391946256
855,False,-1,0.037368012538212994,18.7555391946256
856,True,-1,0.03732501577957348,18.7555391946256
857,False,-1,0.037282068494297084,18.7555391946256
858,True,-1,0.03723917062545827,18.75567778594573
859,False,-1,0.03719632211619701,18.75567778594573
860,True,-1,0.03715352290971868,18.75578713322583
861,False,-1,0.03711077294929401,18.75578713322583
862,True,-1,0.037068072178259026,18.75578713322583
863,False,-1,0.037025420540014925,18.75578713322583
864,True,-1,0.03698281797802805,18.75578713322583
865,False,-1,0.036940264435829775,18.75578713322583
866,True,-1,0.03689775985701646,18.75578713322583
867,False,-1,0.03685530418524936,18.75578713322583
868,True,-1,0.03681289736425457,18.75578713322583
869,False,-1,0.036770539337822906,18.75578713322583
870,True,-1,0.036728230049809886,18.75578713322583
871,False,-1,0.03668596944413562,18.75578713322583
872,True,-1,0.03664375746478475,18.75578713322583
873,False,-1,0.03660159405580636,18.75578713322583
874,True,-1,0.03655947916131392,18.75578967618583
875,False,-1,0.0365174127254852,18.75578967618583
876,True,-1,0.03647539469256221,18.75578967618583
877,False,-1,0.03643342500685111,18.75578967618583
878,True,-1,0.03639150361272214,18.75578967618583
879,False,-1,0.036349630454609566,18.75578967618583
880,True,-1,0.03630780547701157,18.75578967618583
881,False,-1,0.036266028624490194,18.75578967618583
882,True,-1,0.03622429984167129,18.75578967618583
883,False,-1,0.03618261907324441,18.75578967618583
884,True,-1,0.036140986263962754,18.75578967618583
885,False,-1,0.036099401358643084,18.75578967618583
886,True,-1,0.03605786430216566,18.75578967618583
887,False,-1,0.03601637503947418,18.75578967618583
888,True,-1,0.03597493351557565,18.755792219145835
889,False,0,0.0359335396755404,18.755792219145835
890,True,-1,0.03589219346450194,18.755792219145835
891,False,-1,0.03585089482765691,18.755792219145835
892,True,-1,0.035809643710265016,18.755792219145835
893,False,-1,0.03576844005764895,18.755792219145835
894,True,-1,0.035727283815194306,18.755792219145835
895,False,-1,0.03568617492834953,18.755792219145835
896,True,-1,0.035645113342625837,18.755792219145835
897,False,-1,0.03560409900359713,18.755792219145835
898,True,-1,0.035563131856899945,18.756787787986745
899,False,-1,0.035522211848233363,18.7568462760668
900,True,-1,0.03548133892335895,18.757541775627434
901,False,-1,0.03544051302810069,18.757616792947502
902,True,-1,0.03539973410834488,18.757616792947502
903,False,-1,0.035359002110040096,18.757616792947502
904,True,-1,0.03531831697919711,18.757616792947502
905,False,-1,0.03527767866188881,18.757616792947502
906,True,-1,0.03523708710425013,18.757626964787512
907,False,-1,0.035196542252477994,18.757626964787512
908,True,0,0.03515604405283123,18.757626964787512
909,False,-1,0.03511559245163049,18.757626964787512
910,True,-1,0.035075187395258216,18.757626964787512
911,False,-1,0.035034828830158515,18.757626964787512
912,True,-1,0.03499451670283714,18.757626964787512
913,False,-1,0.034954250959861384,18.757626964787512
914,True,-1,0.034914031547860026,18.759435009349165
915,False,-1,0.03487385841352325,18.759459167469185
916,True,-1,0.03483373150360259,18.759459167469185
917,False,-1,0.03479365076491084,18.759459167469185
918,True,-1,0.03475361614432199,18.759459167469185
919,False,-1,0.034713627588771175,18.759459167469185
920,True,-1,0.034673685045254574,18.760990029390584
921,False,-1,0.03463378846082935,18.760990029390584
922,True,-1,0.034593937782613604,18.760990029390584
923,False,-1,0.03455413295778626,18.76099384383059
924,True,-1,0.034514373933587035,18.76099511531059
925,False,-1,0.03447466065731635,18.76099511531059
926,True,-1,0.03443499307633526,18.76099511531059
927,False,-1,0.03439537113806539,18.76099511531059
928,True,-1,0.034355794789988875,18.76099511531059
929,False,-1,0.03431626397964826,18.76099511531059
930,True,-1,0.03427677865464645,18.76099511531059
931,False,-1,0.03423733876264665,18.76140961779097
932,True,-1,0.0341979442513723,18.76140961779097
933,False,-1,0.03415859506860695,18.76140961779097
934,True,-1,0.03411929116219427,18.76140961779097
935,False,-1,0.034080032480037915,18.76213181843163
936,True,-1,0.03404081897010151,18.76213181843163
937,False,0,0.03400165058040852,18.76213181843163
938,True,-1,0.03396252725904226,18.76213181843163
939,False,0,0.03392344895414574,18.76213181843163
940,True,-1,0.03388441561392167,18.76213181843163
941,False,-1,0.03384542718663234,18.762478932471947
942,True,0,0.03380648362059958,18.762478932471947
943,False,-1,0.03376758486420467,18.762628967112082
944,True,-1,0.033728730865888304,18.762628967112082
945,False,-1,0.03368992157415049,18.762628967112082
946,True,-1,0.03365115693755049,18.762628967112082
947,False,-1,0.03361243690470676,18.762628967112082
948,True,0,0.03357376142429688,18.762628967112082
949,False,-1,0.03353513044505749,18.762628967112082
950,True,-1,0.03349654391578418,18.762628967112082
951,False,-1,0.03345800178533151,18.762628967112082
952,True,-1,0.03341950400261284,18.762628967112082
953,False,-1,0.033381050516600355,18.762628967112082
954,True,-1,0.033342641276324914,18.762628967112082
955,False,-1,0.03330427623087605,18.762628967112082
956,True,-1,0.03326595532940187,18.762628967112082
957,False,-1,0.03322767852110898,18.762628967112082
958,True,-1,0.03318944575526245,18.762628967112082
959,False,-1,0.03315125698118571,18.762631510072087
960,True,-1,0.03311311214826052,18.762631510072087
961,False,-1,0.03307501120592686,18.762631510072087
962,True,-1,0.033036954103682896,18.762631510072087
963,False,-1,0.0329989407910849,18.762631510072087
964,True,-1,0.032960971217747194,18.762631510072087
965,False,-1,0.03292304533334207,18.762631510072087
966,True,-1,0.03288516308759972,18.762631510072087
967,False,-1,0.032847324430308196,18.762631510072087
968,True,-1,0.03280952931131332,18.762631510072087
969,False,-1,0.03277177768051861,18.762631510072087
970,True,-1,0.03273406948788524,18.762631510072087
971,False,-1,0.03269640468343195,18.762631510072087
972,True,-1,0.032658783217235,18.762631510072087
973,False,-1,0.032621205039428086,18.762631510072087
974,True,-1,0.03258367010020229,18.762631510072087
975,False,-1,0.032546178349806006,18.763037112192457
976,True,-1,0.03250872973854486,18.763037112192457
977,False,-1,0.03247132421678166,18.763037112192457
978,True,-1,0.032433961734936345,18.763037112192457
979,False,-1,0.03239664224348589,18.763037112192457
980,True,-1,0.03235936569296425,18.763037112192457
981,False,-1,0.0323221320339623,18.763037112192457
982,True,-1,0.03228494121712778,18.763037112192457
983,False,-1,0.03224779319316519,18.763037112192457
984,True,-1,0.03221068791283577,18.763037112192457
985,False,-1,0.03217362532695741,18.763037112192457
986,True,-1,0.032136605386404594,18.763037112192457
987,False,-1,0.03209962804210833,18.763037112192457
988,True,-1,0.032062693245056076,18.763037112192457
989,False,-1,0.032025800946291705,18.763037112192457
990,True,-1,0.0319889510969154,18.763037112192457
991,False,-1,0.031952143648083624,18.763037112192457
992,True,-1,0.03191537855100903,18.763037112192457
993,False,-1,0.031878655756960424,18.763037112192457
994,True,-1,0.03184197521726266,18.763037112192457
995,False,-1,0.03180533688329662,18.763037112192457
996,True,-1,0.03176874070649912,18.763037112192457
997,False,-1,0.03173218663836285,18.763037112192457
998,True,-1,0.03169567463043632,18.763037112192457
999,False,0,0.03165920463432379,18.763037112192457
1000,True,-1,0.03162277660168521,18.76303838367246
1001,False,-1,0.03158639048423613,18.76303838367246
1002,True,-1,0.03155004623374768,18.763087971392505
1003,False,-1,0.031513743802046475,18.763087971392505
1004,True,-1,0.03147748314101457,18.763087971392505
1005,False,-1,0.031441264202589365,18.763087971392505
1006,True,-1,0.031405086938763586,18.763087971392505
1007,False,-1,0.03136895130158518,18.763087971392505
1008,True,-1,0.03133285724315727,18.763087971392505
1009,False,-1,0.0312968047156381,18.763087971392505
1010,True,-1,0.03126079367124096,18.763087971392505
1011,False,-1,0.031224824062234122,18.763087971392505
1012,True,-1,0.03118889584094078,18.763087971392505
1013,False,-1,0.031153008959738986,18.763087971392505
1014,True,-1,0.031117163371061587,18.763087971392505
1015,False,-1,0.031081359027396165,18.763087971392505
1016,True,-1,0.031045595881284967,18.763087971392505
1017,False,-1,0.031009873885324852,18.763087971392505
1018,True,-1,0.030974192992167214,18.763087971392505
1019,False,-1,0.030938553154517937,18.763087971392505
1020,True,-1,0.030902954325137316,18.763087971392505
1021,False,-1,0.030867396456840005,18.763087971392505
1022,True,-1,0.03083187950249495,18.763087971392505
1023,False,-1,0.03079640341502533,18.763087971392505
1024,True,-1,0.030760968147408488,18.763087971392505
1025,False,-1,0.030725573652675874,18.763087971392505
1026,True,-1,0.030690219883912982,18.763087971392505
1027,False,-1,0.030654906794259286,18.763087971392505
1028,True,-1,0.03061963433690818,18.763087971392505
1029,False,0,0.03058440246510692,18.763087971392505
1030,True,-1,0.030549211132156542,18.763087971392505
1031,False,-1,0.03051406029141183,18.763087971392505
1032,True,-1,0.03047894989628124,18.763087971392505
1033,False,-1,0.030443879900226824,18.763087971392505
1034,True,-1,0.030408850256764198,18.763087971392505
1035,False,-1,0.030373860919462453,18.76310831507252
1036,True,-1,0.03033891184194411,18.76310831507252
1037,False,-1,0.03030400297788505,18.76310831507252
1038,True,-1,0.03026913428101446,18.76310831507252
1039,False,-1,0.030234305705114765,18.76310831507252
1040,True,-1,0.030199517204021566,18.76310831507252
1041,False,-1,0.03016476873162359,18.76310831507252
1042,True,-1,0.030130060241862617,18.76310831507252
1043,False,-1,0.03009539168873342,18.76310831507252
1044,True,-1,0.030060763026283712,18.76310831507252
1045,False,-1,0.030026174208614077,18.76310831507252
1046,True,-1,0.029991625189877913,18.76310831507252
1047,False,-1,0.02995711592428137,18.76310831507252
1048,True,-1,0.029922646366083293,18.76310831507252
1049,False,-1,0.029888216469595153,18.76310831507252
1050,True,-1,0.029853826189180997,18.76314900243256
1051,False,-1,0.02981947547925738,18.76314900243256
1052,True,-1,0.029785164294293297,18.76314900243256
1053,False,-1,0.02975089258881015,18.76314900243256
1054,True,-1,0.02971666031738166,18.76318078943259
1055,False,-1,0.02968246743463382,18.7635202745929
1056,True,-1,0.029648313895244825,18.7635202745929
1057,False,-1,0.029614199653945027,18.7635202745929
1058,True,-1,0.02958012466551686,18.7635202745929
1059,False,-1,0.02954608888479479,18.7635202745929
1060,True,-1,0.029512092266665256,18.7635202745929
1061,False,-1,0.0294781347660666,18.7635202745929
1062,True,-1,0.02944421633798901,18.7635202745929
1063,False,-1,0.029410336937474475,18.7635202745929
1064,True,-1,0.029376496519616706,18.7635202745929
1065,False,-1,0.029342695039561086,18.7635202745929
1066,True,-1,0.029308932452504606,18.7635202745929
1067,False,-1,0.029275208713695815,18.763811443513166
1068,True,-1,0.029241523778434753,18.763819072393172
1069,False,-1,0.029207877602072888,18.763819072393172
1070,True,-1,0.029174270140013066,18.763819072393172
1071,False,-1,0.02914070134770945,18.763819072393172
1072,True,-1,0.02910717118066745,18.763819072393172
1073,False,-1,0.029073679594443687,18.763819072393172
1074,True,-1,0.029040226544645904,18.763826701273178
1075,False,0,0.029006811986932935,18.763826701273178
1076,True,-1,0.02897343587701463,18.763826701273178
1077,False,-1,0.0289400981706518,18.763826701273178
1078,True,-1,0.028906798823656155,18.763826701273178
1079,False,-1,0.02887353779189026,18.763826701273178
1080,True,-1,0.028840315031267456,18.763826701273178
1081,False,-1,0.02880713049775182,18.763826701273178
1082,True,-1,0.028773984147358087,18.763826701273178
1083,False,-1,0.028740875936151614,18.763826701273178
1084,True,-1,0.028707805820248303,18.763826701273178
1085,False,-1,0.028674773755814554,18.763826701273178
1086,True,-1,0.028641779699067203,18.763826701273178
1087,False,-1,0.02860882360627346,18.763826701273178
1088,True,-1,0.028575905433750864,18.763826701273178
1089,False,-1,0.028543025137867207,18.763826701273178
1090,True,-1,0.028510182675040487,18.763826701273178
1091,False,-1,0.028477378001738857,18.763826701273178
1092,True,-1,0.028444611074480552,18.763826701273178
1093,False,-1,0.02841188184983384,18.763873746033223
1094,True,-1,0.028379190284416957,18.763873746033223
1095,False,-1,0.028346536334898066,18.763873746033223
1096,True,-1,0.028313919957995183,18.763873746033223
1097,False,-1,0.02828134111047613,18.763873746033223
1098,True,-1,0.028248799749158466,18.763873746033223
1099,False,-1,0.02821629583090944,18.763873746033223
1100,True,-1,0.028183829312645934,18.763873746033223
1101,False,-1,0.028151400151334396,18.763873746033223
1102,True,-1,0.0281190083039908,18.763873746033223
1103,False,-1,0.028086653727680568,18.763873746033223
1104,True,-1,0.02805433637951853,18.7651655697144
1105,False,-1,0.02802205621666886,18.7651655697144
1106,True,-1,0.02798981319634502,18.7651655697144
1107,False,-1,0.0279576072758097,18.7651655697144
1108,True,-1,0.027925438412374774,18.7651655697144
1109,False,-1,0.02789330656340122,18.7651655697144
1110,True,-1,0.027861211686299094,18.7651655697144
1111,False,-1,0.027829153738527446,18.7651655697144
1112,True,-1,0.027797132677594278,18.7651655697144
1113,False,-1,0.027765148461056485,18.7651655697144
1114,True,-1,0.027733201046519797,18.7651655697144
1115,False,-1,0.027701290391638725,18.7651655697144
1116,True,-1,0.027669416454116507,18.765704677234897
1117,False,-1,0.027637579191705043,18.765704677234897
1118,True,-1,0.02760577856220485,18.765704677234897
1119,False,-1,0.027574014523464998,18.76594880139512
1120,True,-1,0.027542287033383055,18.76594880139512
1121,False,-1,0.02751059604990504,18.76594880139512
1122,True,-1,0.02747894153102536,18.76594880139512
1123,False,-1,0.027447323434786744,18.76628955803543
1124,True,-1,0.027415741719280212,18.76628955803543
1125,False,-1,0.027384196342645,18.766306087275446
1126,True,0,0.02735268726306851,18.766306087275446
1127,False,-1,0.02732121443878625,18.766306087275446
1128,True,-1,0.027289777828081795,18.766306087275446
1129,False,-1,0.02725837738928671,18.76650825259563
1130,True,-1,0.027227013080780512,18.76650825259563
1131,False,-1,0.0271956848609906,18.76650825259563
1132,True,-1,0.027164392688392214,18.76650825259563
1133,False,0,0.02713313652150837,18.76650825259563
1134,True,-1,0.027101916318909812,18.767839492156845
1135,False,-1,0.027070732039214954,18.768008598997003
1136,True,-1,0.027039583641089823,18.768008598997003
1137,False,-1,0.027008471083248,18.76814973327713
1138,True,-1,0.026977394324450586,18.76814973327713
1139,False,-1,0.02694635332350612,18.76814973327713
1140,True,-1,0.02691534803927054,18.76814973327713
1141,False,-1,0.02688437843064713,18.76814973327713
1142,True,-1,0.026853444456586457,18.76814973327713
1143,False,-1,0.02682254607608632,18.76814973327713
1144,True,-1,0.0267916832481917,18.76814973327713
1145,False,-1,0.0267608559319947,18.76814973327713
1146,True,-1,0.026730064086634493,18.76814973327713
1147,False,-1,0.02669930767129727,18.76814973327713
1148,True,-1,0.026668586645216177,18.76814973327713
1149,False,-1,0.026637900967671276,18.76814973327713
1150,True,-1,0.026607250597989476,18.76814973327713
1151,False,-1,0.02657663549554449,18.76814973327713
1152,True,-1,0.026546055619756773,18.76814973327713
1153,False,-1,0.026515510930093474,18.76814973327713
1154,True,-1,0.026485001386068383,18.768151004757133
1155,False,-1,0.02645452694724187,18.768151004757133
1156,True,-1,0.02642408757322084,18.768151004757133
1157,False,-1,0.026393683223658673,18.768151004757133
1158,True,-1,0.02636331385825517,18.768151004757133
1159,False,-1,0.026332979436756512,18.768153547717134
1160,True,-1,0.02630267991895519,18.768153547717134
1161,False,-1,0.026272415264689958,18.768153547717134
1162,True,-1,0.026242185433845787,18.768153547717134
1163,False,-1,0.026211990386353797,18.768153547717134
1164,True,-1,0.026181830082191222,18.768153547717134
1165,False,-1,0.02615170448138134,18.768153547717134
1166,True,-1,0.02612161354399343,18.768242551317215
1167,False,-1,0.026091557230142715,18.768256537597228
1168,True,-1,0.026061535499990317,18.768256537597228
1169,False,-1,0.02603154831374319,18.768256537597228
1170,True,-1,0.02600159563165408,18.769344924478222
1171,False,-1,0.02597167741402146,18.769344924478222
1172,True,-1,0.0259417936211895,18.769344924478222
1173,False,-1,0.02591194421354798,18.769344924478222
1174,True,-1,0.025882129151532273,18.769346195958224
1175,False,-1,0.025852348395623264,18.769346195958224
1176,True,-1,0.025822601906347317,18.769347467438227
1177,False,-1,0.025792889644276215,18.769347467438227
1178,True,-1,0.025763211570027107,18.769347467438227
1179,False,-1,0.025733567644262455,18.769347467438227
1180,True,-1,0.02570395782768999,18.769348738918225
1181,False,-1,0.025674382081062645,18.769348738918225
1182,True,-1,0.02564484036517852,18.769348738918225
1183,False,-1,0.02561533264088082,18.769348738918225
1184,True,-1,0.025585858869057804,18.769348738918225
1185,False,-1,0.02555641901064273,18.769348738918225
1186,True,-1,0.025527013026613813,18.769348738918225
1187,False,-1,0.02549764087799417,18.769348738918225
1188,True,-1,0.025468302525851756,18.769348738918225
1189,False,-1,0.02543899793129933,18.769348738918225
1190,True,-1,0.025409727055494394,18.76935382483823
1191,False,-1,0.025380489859639144,18.76935382483823
1192,True,-1,0.025351286304980417,18.76938306887826
1193,False,-1,0.02532211635280964,18.76938306887826
1194,True,-1,0.025292979964462784,18.76938306887826
1195,False,-1,0.0252638771013203,18.76966788039852
1196,True,-1,0.025234807724807084,18.76966788039852
1197,False,-1,0.02520577179639241,18.76966788039852
1198,True,-1,0.02517676927758989,18.76966788039852
1199,False,-1,0.02514780012995742,18.76966788039852
1200,True,-1,0.025118864315097134,18.76966788039852
1201,False,-1,0.025089961794655335,18.76966788039852
1202,True,-1,0.02506109253032247,18.76966788039852
1203,False,-1,0.025032256483833056,18.76966788039852
1204,True,-1,0.025003453616965644,18.76966788039852
1205,False,-1,0.024974683891542764,18.76966788039852
1206,True,-1,0.024945947269430876,18.76966788039852
1207,False,-1,0.024917243712540314,18.76966788039852
1208,True,-1,0.024888573182825238,18.76966788039852
1209,False,-1,0.02485993564228359,18.76966788039852
1210,True,-1,0.024831331052957033,18.76966788039852
1211,False,-1,0.024802759376930907,18.76966788039852
1212,True,-1,0.02477422057633418,18.76966788039852
1213,False,-1,0.0247457146133394,18.76966788039852
1214,True,-1,0.024717241450162627,18.76966788039852
1215,False,-1,0.02468880104906341,18.76966788039852
1216,True,-1,0.024660393372344713,18.76966788039852
1217,False,-1,0.024632018382352884,18.76966788039852
1218,True,-1,0.024603676041477594,18.76966788039852
1219,False,0,0.02457536631215178,18.76966788039852
1220,True,-1,0.024547089156851623,18.769683138158534
1221,False,-1,0.02451884453809646,18.769683138158534
1222,True,-1,0.02449063241844877,18.769683138158534
1223,False,-1,0.024462452760514102,18.769683138158534
1224,True,-1,0.024434305526941032,18.769683138158534
1225,False,-1,0.024406190680421117,18.769683138158534
1226,True,-1,0.024378108183688837,18.769683138158534
1227,False,-1,0.024350057999521557,18.769727639958575
1228,True,-1,0.024322040090739464,18.769727639958575
1229,False,-1,0.024294054420205533,18.769727639958575
1230,True,-1,0.024266100950825466,18.769727639958575
1231,False,-1,0.024238179645547645,18.769727639958575
1232,True,-1,0.02421029046736309,18.769727639958575
1233,False,-1,0.024182433379305403,18.769727639958575
1234,True,-1,0.024154608344450712,18.769727639958575
1235,False,-1,0.024126815325917643,18.769727639958575
1236,True,-1,0.024099054286867254,18.769727639958575
1237,False,-1,0.02407132519050299,18.769727639958575
1238,True,-1,0.024043628000070635,18.769727639958575
1239,False,-1,0.02401596267885827,18.769727639958575
1240,True,-1,0.023988329190196205,18.769727639958575
1241,False,-1,0.023960727497456955,18.769727639958575
1242,True,-1,0.023933157564055174,18.769736540318583
1243,False,0,0.023905619353447614,18.769736540318583
1244,True,-1,0.023878112829133075,18.769736540318583
1245,False,-1,0.023850637954652355,18.769736540318583
1246,True,-1,0.0238231946935882,18.769736540318583
1247,False,-1,0.023795783009565266,18.769736540318583
1248,True,-1,0.023768402866250062,18.769736540318583
1249,False,-1,0.0237410542273509,18.769736540318583
1250,True,-1,0.023713737056617848,18.769736540318583
1251,False,-1,0.023686451317842694,18.769849702038684
1252,True,-1,0.023659196974858878,18.769849702038684
1253,False,-1,0.02363197399154146,18.76988911791872
1254,True,-1,0.023604782331807066,18.76988911791872
1255,False,-1,0.023577621959613836,18.76988911791872
1256,True,-1,0.02355049283896139,18.76988911791872
1257,False,-1,0.02352339493389076,18.76988911791872
1258,True,-1,0.023496328208484362,18.76988911791872
1259,False,-1,0.02346929262686594,18.76988911791872
1260,True,-1,0.02344228815320051,18.76988911791872
1261,False,-1,0.023415314751694328,18.76988911791872
1262,True,-1,0.023388372386594834,18.76988911791872
1263,False,-1,0.023361461022190607,18.76988911791872
1264,True,-1,0.023334580622811314,18.76988911791872
1265,False,-1,0.023307731152827662,18.76988911791872
1266,True,-1,0.023280912576651363,18.76988911791872
1267,False,-1,0.023254124858735074,18.76988911791872
1268,True,-1,0.023227367963572353,18.76988911791872
1269,False,-1,0.02320064185569761,18.76988911791872
1270,True,-1,0.02317394649968607,18.77004169551886
1271,False,-1,0.02314728186015371,18.77004169551886
1272,True,-1,0.02312064790175723,18.77004169551886
1273,False,-1,0.02309404458919399,18.77004169551886
1274,True,-1,0.023067471887201974,18.77004169551886
1275,False,-1,0.02304092976055974,18.770167572038975
1276,True,-1,0.023014418174086365,18.770167572038975
1277,False,-1,0.02298793709264142,18.770167572038975
1278,True,-1,0.022961486481124897,18.770167572038975
1279,False,-1,0.022935066304477184,18.770167572038975
1280,True,-1,0.022908676527679004,18.770167572038975
1281,False,-1,0.02288231711575138,18.770167572038975
1282,True,-1,0.022855988033755575,18.770167572038975
1283,False,-1,0.02282968924679306,18.770167572038975
1284,True,-1,0.022803420720005456,18.770167572038975
1285,False,-1,0.022777182418574498,18.770167572038975
1286,True,-1,0.02275097430772198,18.770167572038975
1287,False,-1,0.022724796352709718,18.77027056191907
1288,True,-1,0.022698648518839494,18.77027056191907
1289,False,-1,0.022672530771453016,18.77027056191907
1290,True,-1,0.02264644307593187,18.77027056191907
1291,False,-1,0.02262038539769748,18.77036973735916
1292,True,-1,0.02259435770221105,18.77036973735916
1293,False,-1,0.02256835995497353,18.77036973735916
1294,True,-1,0.022542392121525565,18.77036973735916
1295,False,-1,0.02251645416744745,18.77036973735916
1296,True,-1,0.02249054605835908,18.77036973735916
1297,False,-1,0.02246466775991992,18.77036973735916
1298,True,-1,0.022438819237828932,18.77036973735916
1299,False,-1,0.022413000457824562,18.77036973735916
1300,True,-1,0.022387211385684665,18.77036973735916
1301,False,-1,0.022361451987226482,18.77036973735916
1302,True,-1,0.022335722228306584,18.770887229719634
1303,False,-1,0.022310022074820825,18.770887229719634
1304,True,-1,0.022284351492704305,18.770887229719634
1305,False,-1,0.022258710447931315,18.770887229719634
1306,True,-1,0.0222330989065153,18.770887229719634
1307,False,-1,0.02220751683450881,18.770887229719634
1308,True,-1,0.022181964198003456,18.770887229719634
1309,False,-1,0.022156440963129867,18.770887229719634
1310,True,0,0.022130947096057643,18.770887229719634
1311,False,-1,0.022105482562995306,18.770887229719634
1312,True,-1,0.022080047330190263,18.770887229719634
1313,False,-1,0.02205464136392876,18.770887229719634
1314,True,-1,0.022029264630535825,18.770887229719634
1315,False,-1,0.022003917096375246,18.770887229719634
1316,True,-1,0.02197859872784951,18.770887229719634
1317,False,-1,0.021953309491399755,18.770887229719634
1318,True,-1,0.021928049353505744,18.770887229719634
1319,False,-1,0.021902818280685802,18.77112626795985
1320,True,0,0.021877616239496783,18.77112626795985
1321,False,-1,0.021852443196534014,18.77112626795985
1322,True,-1,0.02182729911843127,18.771127539439853
1323,False,-1,0.02180218397186071,18.771127539439853
1324,True,-1,0.02177709772353284,18.771127539439853
1325,False,-1,0.02175204034019648,18.771127539439853
1326,True,-1,0.021727011788638697,18.771127539439853
1327,False,-1,0.021702012035684785,18.771127539439853
1328,True,-1,0.0216770410481982,18.77156365708025
1329,False,-1,0.021652098793080533,18.77156365708025
1330,True,-1,0.021627185237271456,18.77156365708025
1331,False,-1,0.021602300347748682,18.77156365708025
1332,True,-1,0.02157744409152792,18.77193238628059
1333,False,-1,0.02155261643566283,18.77193238628059
1334,True,-1,0.021527817347244984,18.77193238628059
1335,False,-1,0.02150304679340382,18.77193238628059
1336,True,-1,0.021478304741306593,18.77193238628059
1337,False,-1,0.02145359115815834,18.77193238628059
1338,True,-1,0.02142890601120184,18.77193238628059
1339,False,-1,0.021404249267717546,18.772006132120655
1340,True,-1,0.021379620895023575,18.772006132120655
1341,False,-1,0.021355020860475638,18.772006132120655
1342,True,-1,0.021330449131467016,18.772041733560688
1343,False,-1,0.021305905675428505,18.772041733560688
1344,True,-1,0.02128139045982837,18.772041733560688
1345,False,-1,0.02125690345217232,18.772336716920957
1346,True,-1,0.021232444620003444,18.772646958041243
1347,False,-1,0.02120801393090218,18.772646958041243
1348,True,-1,0.021183611352486267,18.772646958041243
1349,False,-1,0.021159236852410706,18.772646958041243
1350,True,-1,0.021134890398367714,18.772646958041243
1351,False,-1,0.021110571958086684,18.772646958041243
1352,True,-1,0.02108628149933414,18.772646958041243
1353,False,-1,0.02106201898991369,18.772646958041243
1354,True,-1,0.021037784397665998,18.772646958041243
1355,False,-1,0.021013577690468722,18.772705446121297
1356,True,0,0.020989398836236486,18.772705446121297
1357,False,-1,0.02096524780292083,18.772705446121297
1358,True,-1,0.02094112455851017,18.77272451832131
1359,False,-1,0.02091702907102976,18.77272451832131
1360,True,-1,0.020892961308541638,18.77272451832131
1361,False,-1,0.020868921239144595,18.77272451832131
1362,True,-1,0.02084490883097413,18.77272451832131
1363,False,-1,0.0208209240522024,18.77272451832131
1364,True,-1,0.020796966871038193,18.77272451832131
1365,False,-1,0.02077303725572687,18.77272451832131
1366,True,-1,0.020749135174550334,18.77272451832131
1367,False,-1,0.02072526059582698,18.77272451832131
1368,True,-1,0.020701413487911657,18.77272451832131
1369,False,-1,0.02067759381919563,18.77272451832131
1370,True,-1,0.02065380155810653,18.77272451832131
1371,False,-1,0.020630036673108317,18.77272451832131
1372,True,-1,0.020606299132701237,18.77272451832131
1373,False,-1,0.020582588905421785,18.77272451832131
1374,True,-1,0.020558905959842652,18.77272451832131
1375,False,-1,0.020535250264572695,18.77272451832131
1376,True,-1,0.020511621788256888,18.77272451832131
1377,False,-1,0.020488020499576286,18.77272451832131
1378,True,-1,0.020464446367247976,18.77272451832131
1379,False,-1,0.020440899360025043,18.77272451832131
1380,True,-1,0.020417379446696526,18.77272451832131
1381,False,-1,0.020393886596087377,18.77272451832131
1382,True,-1,0.020370420777058414,18.77272451832131
1383,False,0,0.020346981958506292,18.77272451832131
1384,True,-1,0.020323570109363448,18.77272451832131
1385,False,-1,0.02030018519859807,18.772770291601354
1386,True,-1,0.02027682719521405,18.772770291601354
1387,False,-1,0.02025349606825095,18.772770291601354
1388,True,-1,0.020230191786783945,18.772770291601354
1389,False,-1,0.020206914319923806,18.772770291601354
1390,True,-1,0.020183663636816836,18.772770291601354
1391,False,-1,0.02016043970664485,18.772770291601354
1392,True,-1,0.02013724249862511,18.772770291601354
1393,False,-1,0.020114071982010307,18.772770291601354
1394,True,-1,0.02009092812608851,18.772770291601354
1395,False,-1,0.020067810900183117,18.772770291601354
1396,True,-1,0.02004472027365284,18.772770291601354
1397,False,-1,0.02002165621589163,18.772770291601354
1398,True,0,0.019998618696328668,18.772770291601354
1399,False,-1,0.0199756076844283,18.772770291601354
1400,True,-1,0.01995262314969002,18.772770291601354
1401,False,-1,0.019929665061648404,18.772770291601354
1402,True,-1,0.019906733389873088,18.772770291601354
1403,False,-1,0.019883828103968725,18.772971185441538
1404,True,-1,0.019860949173574935,18.772971185441538
1405,False,-1,0.019838096568366277,18.772971185441538
1406,True,-1,0.0198152702580522,18.772971185441538
1407,False,-1,0.01979247021237701,18.773535722562055
1408,True,-1,0.019769696401119825,18.773535722562055
1409,False,-1,0.01974694879409453,18.773535722562055
1410,True,-1,0.019724227361149753,18.773535722562055
1411,False,-1,0.019701532072168806,18.773535722562055
1412,True,-1,0.019678862897069663,18.773535722562055
1413,False,-1,0.0196562198058049,18.773535722562055
1414,True,-1,0.01963360276836168,18.773535722562055
1415,False,-1,0.01961101175476169,18.773535722562055
1416,True,-1,0.019588446735061108,18.773535722562055
1417,False,-1,0.01956590767935058,18.773535722562055
1418,True,-1,0.019543394557755157,18.773566238082083
1419,False,-1,0.01952090734043426,18.773566238082083
1420,True,-1,0.019498445997581663,18.773566238082083
1421,False,-1,0.019476010499425416,18.773566238082083
1422,True,-1,0.019453600816227837,18.773566238082083
1423,False,-1,0.01943121691828546,18.773566238082083
1424,True,-1,0.019408858775928992,18.773566238082083
1425,False,-1,0.019386526359523284,18.773566238082083
1426,True,-1,0.019364219639467283,18.773568781042083
1427,False,-1,0.019341938586193996,18.773568781042083
1428,True,-1,0.01931968317017045,18.773568781042083
1429,False,-1,0.01929745336189766,18.773568781042083
1430,True,-1,0.01927524913191057,18.773568781042083
1431,False,-1,0.01925307045077804,18.773568781042083
1432,True,-1,0.01923091728910279,18.773568781042083
1433,False,-1,0.019208789617521368,18.773568781042083
1434,True,-1,0.019186687406704102,18.773568781042083
1435,False,-1,0.01916461062735507,18.773568781042083
1436,True,-1,0.019142559250212063,18.773578952882094
1437,False,-1,0.01912053324604654,18.773578952882094
1438,True,-1,0.019098532585663585,18.773950225042434
1439,False,-1,0.019076557239901884,18.773950225042434
1440,True,-1,0.019054607179633674,18.773950225042434
1441,False,-1,0.019032682375764703,18.773950225042434
1442,True,0,0.0190107827992342,18.773950225042434
1443,False,0,0.018988908421014833,18.773950225042434
1444,True,-1,0.018967059212112662,18.773950225042434
1445,False,-1,0.018945235143567118,18.774115517442585
1446,True,-1,0.01892343618645095,18.774115517442585
1447,False,-1,0.018901662311870196,18.774115517442585
1448,True,-1,0.018879913490964132,18.774115517442585
1449,False,-1,0.01885818969490525,18.774115517442585
1450,True,-1,0.018836490894899204,18.774115517442585
1451,False,-1,0.018814817062184786,18.774115517442585
1452,True,-1,0.01879316816803388,18.774115517442585
1453,False,-1,0.01877154418375143,18.774115517442585
1454,True,-1,0.018749945080675384,18.774115517442585
1455,False,-1,0.018728370830176682,18.774115517442585
1456,True,-1,0.018706821403659202,18.774115517442585
1457,False,-1,0.018685296772559725,18.774115517442585
1458,True,-1,0.018663796908347897,18.774115517442585
1459,False,-1,0.01864232178252619,18.774115517442585
1460,True,-1,0.01862087136662987,18.774116788922587
1461,False,-1,0.018599445632226954,18.774116788922587
1462,True,-1,0.018578044550918178,18.774116788922587
1463,False,-1,0.018556668094336946,18.774116788922587
1464,True,-1,0.018535316234149307,18.774187991802652
1465,False,-1,0.018513988942053913,18.774187991802652
1466,True,-1,0.018492686189781976,18.774187991802652
1467,False,-1,0.018471407949097237,18.77432658312278
1468,True,-1,0.01845015419179593,18.77432658312278
1469,False,-1,0.018428924889706735,18.77432658312278
1470,True,-1,0.01840772001469075,18.77432658312278
1471,False,-1,0.01838653953864145,18.77432658312278
1472,True,-1,0.018365383433484653,18.77432658312278
1473,False,-1,0.018344251671178476,18.77432658312278
1474,True,-1,0.018323144223713304,18.77432658312278
1475,False,-1,0.01830206106311175,18.77432658312278
1476,True,-1,0.018281002161428615,18.77432658312278
1477,False,-1,0.018259967490750862,18.77432658312278
1478,True,-1,0.018238957023197565,18.77432658312278
1479,False,-1,0.018217970730919884,18.77432658312278
1480,True,-1,0.01819700858610102,18.77432658312278
1481,False,-1,0.018176070560956176,18.77432658312278
1482,True,-1,0.018155156627732538,18.77432658312278
1483,False,-1,0.018134266758709213,18.77432658312278
1484,True,-1,0.018113400926197207,18.77432658312278
1485,False,-1,0.01809255910253939,18.77432658312278
1486,True,0,0.018071741260110453,18.77432658312278
1487,False,-1,0.01805094737131687,18.77432658312278
1488,True,-1,0.01803017740859687,18.77432658312278
1489,False,-1,0.018009431344420394,18.77432658312278
1490,True,-1,0.01798870915128906,18.77432658312278
1491,False,-1,0.01796801080173612,18.77436345604281
1492,True,-1,0.017947336268326446,18.77436345604281
1493,False,-1,0.01792668552365646,18.77436345604281
1494,True,-1,0.017906058540354125,18.77436345604281
1495,False,-1,0.017885455291078895,18.77436345604281
1496,True,-1,0.017864875748521688,18.77436345604281
1497,False,-1,0.01784431988540484,18.77436345604281
1498,True,-1,0.017823787674482075,18.77436345604281
1499,False,-1,0.017803279088538466,18.77436345604281
1500,True,-1,0.017782794100390405,18.77462410944305
1501,False,-1,0.01776233268288556,18.77463428128306
1502,True,-1,0.017741894808902835,18.77463428128306
1503,False,-1,0.01772148045135235,18.77463428128306
1504,True,-1,0.017701089583175386,18.77463428128306
1505,False,-1,0.01768072217734437,18.77463428128306
1506,True,-1,0.01766037820686282,18.77463428128306
1507,False,-1,0.017640057644765315,18.77463428128306
1508,True,-1,0.017619760464117465,18.77463428128306
1509,False,-1,0.017599486638015874,18.77463428128306
1510,True,-1,0.017579236139588096,18.777603187085774
1511,False,-1,0.017559008941992613,18.777603187085774
1512,True,-1,0.01753880501841878,18.777603187085774
1513,False,-1,0.017518624342086814,18.777603187085774
1514,True,-1,0.017498466886247736,18.777603187085774
1515,False,-1,0.01747833262418335,18.777603187085774
1516,True,-1,0.017458221529206203,18.777603187085774
1517,False,-1,0.017438133574659547,18.777603187085774
1518,True,-1,0.017418068733917307,18.777603187085774
1519,False,-1,0.017398026980384042,18.777603187085774
1520,True,-1,0.017378008287494917,18.777603187085774
1521,False,-1,0.017358012628715662,18.777603187085774
1522,True,-1,0.01733803997754254,18.777603187085774
1523,False,-1,0.017318090307502303,18.777603187085774
1524,True,-1,0.017298163592152173,18.777603187085774
1525,False,-1,0.01727825980507979,18.777603187085774
1526,True,-1,0.017258378919903193,18.777615901885785
1527,False,-1,0.01723852091027077,18.777615901885785
1528,True,-1,0.017218685749861226,18.777615901885785
1529,False,-1,0.017198873412383565,18.777615901885785
1530,True,-1,0.017179083871577034,18.777615901885785
1531,False,-1,0.0171593171012111,18.777624802245793
1532,True,-1,0.017139573075085405,18.777624802245793
1533,False,-1,0.017119851767029747,18.777624802245793
1534,True,-1,0.01710015315090403,18.777624802245793
1535,False,-1,0.017080477200598233,18.777627345205794
1536,True,-1,0.017060823890032387,18.777627345205794
1537,False,-1,0.017041193193156525,18.777627345205794
1538,True,-1,0.017021585083950658,18.77837878988648
1539,False,-1,0.017001999536424728,18.77837878988648
1540,True,-1,0.01698243652461859,18.77837878988648
1541,False,-1,0.016962896022601974,18.77837878988648
1542,True,-1,0.016943378004474433,18.77837878988648
1543,False,-1,0.016923882444365327,18.77843219204653
1544,True,-1,0.016904409316433788,18.77843219204653
1545,False,0,0.016884958594868677,18.77843219204653
1546,True,-1,0.016865530253888556,18.77843219204653
1547,False,-1,0.016846124267741652,18.77843219204653
1548,True,-1,0.01682674061070582,18.77843219204653
1549,False,-1,0.01680737925708851,18.77843219204653
1550,True,-1,0.016788040181226746,18.77843219204653
1551,False,-1,0.016768723357487067,18.77843219204653
1552,True,-1,0.016749428760265514,18.77843219204653
1553,False,-1,0.01673015636398759,18.77843219204653
1554,True,-1,0.016710906143108217,18.77843219204653
1555,False,-1,0.016691678072111717,18.77843219204653
1556,True,-1,0.01667247212551177,18.77843219204653
1557,False,-1,0.016653288277851376,18.77843219204653
1558,True,-1,0.016634126503702835,18.77843219204653
1559,False,-1,0.0166149867776677,18.77843219204653
1560,True,-1,0.016595869074376747,18.77843219204653
1561,False,-1,0.016576773368489946,18.77843219204653
1562,True,-1,0.016557699634696423,18.77843219204653
1563,False,-1,0.016538647847714423,18.77843219204653
1564,True,-1,0.01651961798229129,18.77843219204653
1565,False,-1,0.016500610013203416,18.77843219204653
1566,True,-1,0.016481623915256222,18.778434735006535
1567,False,-1,0.016462659663284113,18.778434735006535
1568,True,-1,0.016443717232150455,18.778434735006535
1569,False,-1,0.016424796596747535,18.778434735006535
1570,True,-1,0.016405897731996532,18.778434735006535
1571,False,-1,0.016387020612847476,18.778434735006535
1572,True,-1,0.016368165214279223,18.778434735006535
1573,False,-1,0.016349331511299425,18.778434735006535
1574,True,-1,0.01633051947894448,18.778434735006535
1575,False,-1,0.016311729092279518,18.778434735006535
1576,True,-1,0.01629296032639836,18.778434735006535
1577,False,-1,0.016274213156423478,18.778434735006535
1578,True,-1,0.016255487557505974,18.778434735006535
1579,False,-1,0.016236783504825544,18.778434735006535
1580,True,-1,0.016218100973590433,18.77844109240654
1581,False,-1,0.016199439939037427,18.77844236388654
1582,True,-1,0.01618080037643179,18.77844236388654
1583,False,-1,0.01616218226106726,18.77844236388654
1584,True,-1,0.016143585568265992,18.77844236388654
1585,False,0,0.016125010273378544,18.77844236388654
1586,True,-1,0.016106456351783833,18.778443635366543
1587,False,-1,0.016087923778889103,18.778443635366543
1588,True,-1,0.0160694125301299,18.778443635366543
1589,False,-1,0.01605092258097003,18.778443635366543
1590,True,-1,0.01603245390690154,18.778443635366543
1591,False,-1,0.016014006483444664,18.778443635366543
1592,True,-1,0.015995580286147813,18.778443635366543
1593,False,-1,0.015977175290587526,18.778443635366543
1594,True,-1,0.01595879147236845,18.778443635366543
1595,False,-1,0.0159404288071233,18.778443635366543
1596,True,-1,0.015922087270512822,18.778500851966594
1597,False,-1,0.01590376683822578,18.778500851966594
1598,True,-1,0.015885467485978907,18.778500851966594
1599,False,-1,0.01586718918951687,18.778500851966594
1600,True,-1,0.015848931924612255,18.778718275046792
1601,False,-1,0.015830695667065513,18.778718275046792
1602,True,-1,0.01581248039270495,18.778718275046792
1603,False,-1,0.01579428607738668,18.778718275046792
1604,True,-1,0.015776112696994603,18.778718275046792
1605,False,-1,0.01575796022744036,18.778718275046792
1606,True,-1,0.01573982864466331,18.778718275046792
1607,False,-1,0.015721717924630504,18.778718275046792
1608,True,-1,0.015703628043336637,18.778718275046792
1609,False,-1,0.015685558976804032,18.778718275046792
1610,True,-1,0.0156675107010826,18.778718275046792
1611,False,-1,0.01564948319224981,18.778718275046792
1612,True,-1,0.015631476426410648,18.778907725566967
1613,False,-1,0.015613490379697609,18.778907725566967
1614,True,-1,0.015595525028270642,18.778907725566967
1615,False,-1,0.015577580348317127,18.778936969606992
1616,True,-1,0.015559656316051848,18.778939512566993
1617,False,-1,0.015541752907716951,18.778939512566993
1618,True,-1,0.015523870099581925,18.778939512566993
1619,False,-1,0.015506007867943558,18.778939512566993
1620,True,-1,0.015488166189125916,18.778942055526997
1621,False,-1,0.015470345039480304,18.778942055526997
1622,True,-1,0.01545254439538524,18.77930442732733
1623,False,-1,0.015434764233246422,18.77930442732733
1624,True,-1,0.015417004529496695,18.779314599167336
1625,False,-1,0.01539926526059602,18.779314599167336
1626,True,-1,0.015381546403031446,18.779314599167336
1627,False,-1,0.015363847933317078,18.779314599167336
1628,True,-1,0.015346169827994041,18.779314599167336
1629,False,-1,0.015328512063630454,18.779314599167336
1630,True,-1,0.015310874616821398,18.779314599167336
1631,False,-1,0.015293257464188885,18.779792675647773
1632,True,-1,0.015275660582381823,18.779792675647773
1633,False,-1,0.015258083948075991,18.779792675647773
1634,True,-1,0.015240527537974008,18.779792675647773
1635,False,-1,0.015222991328805294,18.779792675647773
1636,True,-1,0.015205475297326049,18.779819376727797
1637,False,-1,0.015187979420319218,18.77985243520783
1638,True,-1,0.015170503674594459,18.77985243520783
1639,False,-1,0.015153048036988111,18.77985243520783
1640,True,-1,0.01513561248436317,18.77985243520783
1641,False,-1,0.015118196993609256,18.77985243520783
1642,True,-1,0.015100801541642572,18.77985243520783
1643,False,-1,0.01508342610540589,18.77985243520783
1644,True,-1,0.015066070661868507,18.77985243520783
1645,False,-1,0.015048735188026224,18.77985243520783
1646,True,-1,0.015031419660901308,18.77985243520783
1647,False,-1,0.01501412405754247,18.77985243520783
1648,True,-1,0.01499684835502482,18.77985243520783
1649,False,-1,0.014979592530449856,18.77985243520783
1650,True,-1,0.014962356560945418,18.77985243520783
1651,False,-1,0.014945140423665666,18.77985243520783
1652,True,-1,0.014927944095791046,18.77985243520783
1653,False,-1,0.014910767554528258,18.77985243520783
1654,True,-1,0.014893610777110235,18.78022497884817
1655,False,-1,0.014876473740796103,18.78022497884817
1656,True,-1,0.014859356422871152,18.78022497884817
1657,False,-1,0.014842258800646812,18.78022497884817
1658,True,-1,0.014825180851460618,18.78022497884817
1659,False,-1,0.014808122552676179,18.78022497884817
1660,True,-1,0.014791083881683154,18.78022497884817
1661,False,-1,0.014774064815897216,18.78022497884817
1662,True,-1,0.014757065332760024,18.78022497884817
1663,False,-1,0.014740085409739194,18.78022497884817
1664,True,-1,0.014723125024328267,18.78022497884817
1665,False,-1,0.014706184154046682,18.78022497884817
1666,True,-1,0.014689262776439746,18.780227521808172
1667,False,-1,0.0146723608690786,18.780227521808172
1668,True,-1,0.014655478409560193,18.780227521808172
1669,False,-1,0.014638615375507254,18.780227521808172
1670,True,-1,0.014621771744568258,18.78041061492834
1671,False,-1,0.0146049474944174,18.78041061492834
1672,True,-1,0.01458814260275456,18.78041061492834
1673,False,-1,0.014571357047305281,18.78041061492834
1674,True,-1,0.014554590805820736,18.78041061492834
1675,False,-1,0.014537843856077693,18.78041061492834
1676,True,-1,0.014521116175878496,18.78041061492834
1677,False,-1,0.014504407743051029,18.78041061492834
1678,True,-1,0.014487718535448687,18.78041061492834
1679,False,-1,0.01447104853095035,18.78041061492834
1680,True,-1,0.014454397707460346,18.78041061492834
1681,False,-1,0.014437766042908431,18.78041061492834
1682,True,-1,0.014421153515249757,18.78041061492834
1683,False,-1,0.014404560102464837,18.78041061492834
1684,True,-1,0.014387985782559523,18.78041061492834
1685,False,-1,0.014371430533564974,18.78043223008836
1686,True,-1,0.014354894333537628,18.78043223008836
1687,False,-1,0.014338377160559168,18.78043223008836
1688,True,-1,0.0143218789927365,18.78043223008836
1689,False,-1,0.014305399808201722,18.78043223008836
1690,True,-1,0.014288939585112093,18.78043223008836
1691,False,-1,0.014272498301650002,18.78043223008836
1692,True,-1,0.014256075936022945,18.78043223008836
1693,False,-1,0.014239672466463491,18.78043223008836
1694,True,-1,0.014223287871229258,18.78043223008836
1695,False,-1,0.01420692212860288,18.78043223008836
1696,True,-1,0.01419057521689198,18.78043223008836
1697,False,-1,0.01417424711442914,18.78043223008836
1698,True,-1,0.014157937799571875,18.78043223008836
1699,False,-1,0.014141647250702598,18.78044367340837
1700,True,-1,0.0141253754462286,18.78044367340837
1701,False,-1,0.014109122364582017,18.78044367340837
1702,True,-1,0.014092887984219803,18.78044367340837
1703,False,-1,0.014076672283623694,18.78044367340837
1704,True,-1,0.014060475241300193,18.78044367340837
1705,False,-1,0.014044296835780528,18.78044367340837
1706,True,-1,0.014028137045620634,18.78044367340837
1707,False,-1,0.014011995849401116,18.78044367340837
1708,True,-1,0.013995873225727231,18.78044621636837
1709,False,-1,0.013979769153228848,18.78044621636837
1710,True,-1,0.013963683610560424,18.78044621636837
1711,False,-1,0.013947616576400984,18.78044621636837
1712,True,-1,0.013931568029454078,18.78044621636837
1713,False,-1,0.013915537948447765,18.78044621636837
1714,True,-1,0.01389952631213458,18.78044621636837
1715,False,-1,0.0138835330992915,18.78044621636837
1716,True,-1,0.01386755828871993,18.78044621636837
1717,False,-1,0.013851601859245662,18.78044621636837
1718,True,-1,0.013835663789718854,18.78044621636837
1719,False,-1,0.013819744059013997,18.78044621636837
1720,True,-1,0.013803842646029891,18.78044621636837
1721,False,-1,0.013787959529689617,18.78044621636837
1722,True,-1,0.013772094688940507,18.78044621636837
1723,False,-1,0.013756248102754115,18.78044621636837
1724,True,-1,0.013740419750126192,18.78044621636837
1725,False,-1,0.01372460961007666,18.78044621636837
1726,True,-1,0.013708817661649575,18.78044621636837
1727,False,-1,0.013693043883913113,18.78044621636837
1728,True,-1,0.013677288255959529,18.78044621636837
1729,False,-1,0.013661550756905137,18.780560649568475
1730,True,-1,0.013645831365890282,18.780560649568475
1731,False,-1,0.013630130062079308,18.780560649568475
1732,True,-1,0.013614446824660535,18.780560649568475
1733,False,-1,0.01359878163284623,18.780560649568475
1734,True,-1,0.013583134465872575,18.780560649568475
1735,False,-1,0.01356750530299965,18.780560649568475
1736,True,-1,0.013551894123511394,18.780560649568475
1737,False,-1,0.013536300906715584,18.780560649568475
1738,True,-1,0.013520725631943805,18.780560649568475
1739,False,-1,0.013505168278551426,18.780560649568475
1740,True,-1,0.013489628825917569,18.780560649568475
1741,False,-1,0.013474107253445082,18.780560649568475
1742,True,-1,0.013458603540560514,18.780560649568475
1743,False,-1,0.013443117666714088,18.780560649568475
1744,True,-1,0.013427649611379669,18.780560649568475
1745,False,-1,0.013412199354054742,18.780560649568475
1746,True,-1,0.01339676687426038,18.780560649568475
1747,False,-1,0.013381352151541225,18.780560649568475
1748,True,-1,0.013365955165465451,18.78056573548848
1749,False,-1,0.013350575895624743,18.780567006968482
1750,True,-1,0.013335214321634268,18.780567006968482
1751,False,-1,0.013319870423132648,18.780567006968482
1752,True,-1,0.013304544179781936,18.780567006968482
1753,False,-1,0.013289235571267584,18.780567006968482
1754,True,-1,0.013273944577298418,18.780567006968482
1755,False,-1,0.013258671177606615,18.780567006968482
1756,True,-1,0.013243415351947669,18.780567006968482
1757,False,-1,0.01322817708010037,18.780567006968482
1758,True,-1,0.013212956341866774,18.780567006968482
1759,False,-1,0.013197753117072178,18.780567006968482
1760,True,-1,0.013182567385565093,18.780567006968482
1761,False,-1,0.013167399127217216,18.78057336436849
1762,True,-1,0.013152248321923405,18.78057336436849
1763,False,-1,0.013137114949601651,18.78057336436849
1764,True,0,0.013121998990193052,18.78057336436849
1765,False,-1,0.013106900423661787,18.78057336436849
1766,True,-1,0.01309181922999509,18.780725941968626
1767,False,-1,0.013076755389203219,18.780725941968626
1768,True,-1,0.013061708881319434,18.780725941968626
1769,False,-1,0.01304667968639997,18.780725941968626
1770,True,-1,0.013031667784524012,18.780725941968626
1771,False,-1,0.013016673155793662,18.780725941968626
1772,True,-1,0.01300169578033392,18.780725941968626
1773,False,-1,0.012986735638292654,18.780725941968626
1774,True,-1,0.012971792709840575,18.780725941968626
1775,False,-1,0.012956866975171209,18.780725941968626
1776,True,-1,0.012941958414500873,18.780725941968626
1777,False,-1,0.012927067008068649,18.780725941968626
1778,True,-1,0.012912192736136353,18.780725941968626
1779,False,0,0.012897335578988514,18.780725941968626
1780,True,-1,0.012882495516932348,18.780853089968744
1781,False,-1,0.01286767253029773,18.780853089968744
1782,True,0,0.012852866599437162,18.780853089968744
1783,False,-1,0.012838077704725762,18.78094972244883
1784,True,-1,0.012823305826561222,18.78094972244883
1785,False,-1,0.012808550945363793,18.78094972244883
1786,True,-1,0.012793813041576252,18.78094972244883
1787,False,-1,0.012779092095663882,18.781029825688904
1788,True,-1,0.012764388088114443,18.781029825688904
1789,False,-1,0.012749700999438143,18.781029825688904
1790,True,0,0.01273503081016762,18.781029825688904
1791,False,-1,0.012720377500857909,18.781029825688904
1792,True,-1,0.012705741052086418,18.781029825688904
1793,False,-1,0.012691121444452908,18.781029825688904
1794,True,-1,0.012676518658579458,18.78195419164975
1795,False,-1,0.012661932675110444,18.78195419164975
1796,True,-1,0.012647363474712514,18.78195419164975
1797,False,-1,0.012632811038074563,18.78195419164975
1798,True,-1,0.012618275345907705,18.78195419164975
1799,False,-1,0.012603756378945249,18.781956734609754
1800,True,-1,0.01258925411794267,18.781956734609754
1801,False,-1,0.01257476854367759,18.781956734609754
1802,True,-1,0.012560299636949747,18.781956734609754
1803,False,-1,0.01254584737858097,18.781956734609754
1804,True,-1,0.012531411749415156,18.781956734609754
1805,False,-1,0.012516992730318246,18.781963092009757
1806,True,-1,0.012502590302178197,18.78205591004984
1807,False,-1,0.012488204445904951,18.78205591004984
1808,True,-1,0.012473835142430424,18.78205591004984
1809,False,-1,0.012459482372708466,18.782058453009846
1810,True,-1,0.012445146117714844,18.782058453009846
1811,False,-1,0.012430826358447215,18.782058453009846
1812,True,-1,0.012416523075925102,18.782058453009846
1813,False,-1,0.012402236251189865,18.782058453009846
1814,True,-1,0.012387965865304681,18.782058453009846
1815,False,-1,0.012373711899354514,18.782058453009846
1816,True,-1,0.012359474334446093,18.782058453009846
1817,False,-1,0.012345253151707886,18.782058453009846
1818,True,-1,0.012331048332290076,18.782058453009846
1819,False,-1,0.012316859857364536,18.782058453009846
1820,True,-1,0.0123026877081248,18.782058453009846
1821,False,-1,0.012288531865786044,18.782058453009846
1822,True,-1,0.012274392311585057,18.782058453009846
1823,False,-1,0.012260269026780218,18.782123298489903
1824,True,-1,0.01224616199265147,18.782123298489903
1825,False,-1,0.012232071190500298,18.782123298489903
1826,True,-1,0.0122179966016497,18.782123298489903
1827,False,-1,0.012203938207444165,18.782123298489903
1828,True,-1,0.012189895989249647,18.782123298489903
1829,False,-1,0.012175869928453542,18.782123298489903
1830,True,-1,0.01216186000646466,18.782123298489903
1831,False,-1,0.012147866204713207,18.782123298489903
1832,True,-1,0.01213388850465075,18.782125841449908
1833,False,-1,0.012119926887750206,18.782125841449908
1834,True,-1,0.012105981335505802,18.782125841449908
1835,False,-1,0.012092051829433062,18.782125841449908
1836,True,-1,0.012078138351068779,18.782125841449908
1837,False,-1,0.01206424088197099,18.782175429169953
1838,True,-1,0.01205035940371895,18.782175429169953
1839,False,-1,0.012036493897913114,18.782175429169953
1840,True,-1,0.012022644346175103,18.782175429169953
1841,False,-1,0.012008810730147689,18.782175429169953
1842,True,-1,0.011994993031494762,18.782175429169953
1843,False,-1,0.011981191231901315,18.782175429169953
1844,True,-1,0.011967405313073408,18.78228477645005
1845,False,-1,0.011953635256738157,18.78228477645005
1846,True,0,0.011939881044643703,18.78228477645005
1847,False,-1,0.011926142658559184,18.78228477645005
1848,True,-1,0.011912420080274717,18.78228477645005
1849,False,-1,0.011898713291601373,18.78228477645005
1850,True,-1,0.011885022274371151,18.782942131610653
1851,False,-1,0.011871347010436954,18.782942131610653
1852,True,-1,0.011857687481672567,18.782942131610653
1853,False,-1,0.011844043669972628,18.782942131610653
1854,True,-1,0.011830415557252612,18.782942131610653
1855,False,-1,0.011816803125448801,18.782942131610653
1856,True,-1,0.011803206356518261,18.782942131610653
1857,False,-1,0.011789625232438818,18.782943403090655
1858,True,-1,0.011776059735209036,18.783032406690737
1859,False,-1,0.011762509846848195,18.78303749261074
1860,True,-1,0.011748975549396258,18.78303749261074
1861,False,-1,0.011735456824913858,18.78303749261074
1862,True,-1,0.011721953655482266,18.78303749261074
1863,False,-1,0.011708466023203376,18.78303749261074
1864,True,-1,0.01169499391019967,18.78303749261074
1865,False,-1,0.011681537298614205,18.78303749261074
1866,True,-1,0.011668096170610584,18.78303876409074
1867,False,-1,0.011654670508372931,18.78303876409074
1868,True,-1,0.01164126029410587,18.78303876409074
1869,False,-1,0.011627865510034504,18.78303876409074
1870,True,-1,0.011614486138404384,18.78303876409074
1871,False,0,0.011601122161481492,18.78303876409074
1872,True,-1,0.011587773561552215,18.78303876409074
1873,False,-1,0.011574440320923323,18.783079451450778
1874,True,-1,0.011561122421921942,18.783079451450778
1875,False,0,0.011547819846895535,18.783079451450778
1876,True,-1,0.011534532578211876,18.78308072293078
1877,False,-1,0.011521260598259026,18.783108695490807
1878,True,-1,0.01150800388944531,18.783108695490807
1879,False,-1,0.011494762434199298,18.783108695490807
1880,True,-1,0.011481536214969779,18.783108695490807
1881,False,-1,0.01146832521422573,18.783108695490807
1882,True,-1,0.011455129414456307,18.783108695490807
1883,False,-1,0.011441948798170811,18.783108695490807
1884,True,-1,0.011428783347898668,18.783108695490807
1885,False,-1,0.011415633046189406,18.783108695490807
1886,True,-1,0.011402497875612636,18.783108695490807
1887,False,-1,0.01138937781875802,18.783108695490807
1888,True,-1,0.011376272858235257,18.783108695490807
1889,False,-1,0.011363182976674052,18.783108695490807
1890,True,-1,0.011350108156724098,18.783108695490807
1891,False,-1,0.011337048381055054,18.783108695490807
1892,True,-1,0.011324003632356517,18.783108695490807
1893,False,-1,0.011310973893338003,18.783108695490807
1894,True,-1,0.011297959146728924,18.783109966970805
1895,False,-1,0.011284959375278562,18.783109966970805
1896,True,-1,0.011271974561756049,18.783109966970805
1897,False,-1,0.011259004688950342,18.783109966970805
1898,True,-1,0.011246049739670208,18.783109966970805
1899,False,-1,0.011233109696744185,18.783109966970805
1900,True,-1,0.011220184543020576,18.783109966970805
1901,False,-1,0.011207274261367417,18.783109966970805
1902,True,-1,0.011194378834672456,18.783109966970805
1903,False,-1,0.011181498245843132,18.783109966970805
1904,True,-1,0.01116863247780655,18.783109966970805
1905,False,-1,0.011155781513509462,18.783109966970805
1906,True,-1,0.011142945335918239,18.783109966970805
1907,False,-1,0.011130123928018851,18.783109966970805
1908,True,-1,0.01111731727281685,18.783109966970805
1909,False,-1,0.011104525353337337,18.783131582130828
1910,True,-1,0.011091748152624948,18.783131582130828
1911,False,-1,0.011078985653743824,18.783131582130828
1912,True,-1,0.0110662378397776,18.783131582130828
1913,False,-1,0.011053504693829368,18.783131582130828
1914,True,-1,0.011040786199021666,18.783131582130828
1915,False,-1,0.011028082338496453,18.783131582130828
1916,True,-1,0.011015393095415082,18.783131582130828
1917,False,-1,0.011002718452958284,18.783131582130828
1918,True,-1,0.01099005839432614,18.783131582130828
1919,False,-1,0.010977412902738065,18.783131582130828
1920,True,-1,0.010964781961432779,18.783131582130828
1921,False,-1,0.010952165553668288,18.783131582130828
1922,True,-1,0.010939563662721865,18.783131582130828
1923,False,-1,0.01092697627189002,18.783131582130828
1924,True,-1,0.01091440336448849,18.783131582130828
1925,False,-1,0.0109018449238522,18.783131582130828
1926,True,-1,0.010889300933335257,18.783131582130828
1927,False,-1,0.01087677137631092,18.783131582130828
1928,True,-1,0.010864256236171576,18.783205327970894
1929,False,-1,0.010851755496328726,18.783205327970894
1930,True,-1,0.010839269140212954,18.783205327970894
1931,False,-1,0.010826797151273914,18.783205327970894
1932,True,-1,0.010814339512980298,18.783205327970894
1933,False,-1,0.010801896208819823,18.783205327970894
1934,True,-1,0.010789467222299204,18.783205327970894
1935,False,-1,0.010777052536944134,18.783205327970894
1936,True,-1,0.010764652136299263,18.783205327970894
1937,False,-1,0.010752266003928174,18.783205327970894
1938,True,0,0.010739894123413361,18.783205327970894
1939,False,-1,0.01072753647835621,18.783205327970894
1940,True,-1,0.010715193052376976,18.783205327970894
1941,False,-1,0.01070286382911476,18.783205327970894
1942,True,-1,0.01069054879222749,18.783205327970894
1943,False,-1,0.010678247925391895,18.783205327970894
1944,True,-1,0.010665961212303489,18.783205327970894
1945,False,-1,0.010653688636676543,18.783205327970894
1946,True,-1,0.010641430182244069,18.783205327970894
1947,False,-1,0.010629185832757798,18.783205327970894
1948,True,-1,0.010616955571988154,18.783207870930895
1949,False,-1,0.010604739383724235,18.783207870930895
1950,True,-1,0.010592537251773794,18.783207870930895
1951,False,-1,0.010580349159963214,18.783207870930895
1952,True,-1,0.010568175092137488,18.783207870930895
1953,False,-1,0.010556015032160197,18.783207870930895
1954,True,-1,0.01054386896391349,18.783207870930895
1955,False,-1,0.010531736871298061,18.783207870930895
1956,True,-1,0.010519618738233129,18.783271444930953
1957,False,0,0.010507514548656414,18.783271444930953
1958,True,-1,0.010495424286524122,18.783271444930953
1959,False,-1,0.010483347935810914,18.783271444930953
1960,True,-1,0.010471285480509893,18.783271444930953
1961,False,-1,0.010459236904632581,18.783271444930953
1962,True,-1,0.010447202192208896,18.783271444930953
1963,False,-1,0.010435181327287131,18.783271444930953
1964,True,-1,0.010423174293933935,18.783271444930953
1965,False,-1,0.010411181076234288,18.783271444930953
1966,True,-1,0.010399201658291484,18.783271444930953
1967,False,-1,0.01038723602422711,18.783271444930953
1968,True,-1,0.010375284158181017,18.783349005211026
1969,False,-1,0.010363346044311312,18.783349005211026
1970,True,-1,0.010351421666794328,18.783349005211026
1971,False,-1,0.010339511009824602,18.783349005211026
1972,True,-1,0.010327614057614863,18.783349005211026
1973,False,-1,0.010315730794395999,18.783349005211026
1974,True,-1,0.010303861204417048,18.783349005211026
1975,False,-1,0.010292005271945168,18.783349005211026
1976,True,-1,0.01028016298126562,18.783349005211026
1977,False,-1,0.010268334316681749,18.783349005211026
1978,True,-1,0.01025651926251496,18.783349005211026
1979,False,-1,0.010244717803104696,18.783349005211026
1980,True,-1,0.010232929922808423,18.783349005211026
1981,False,-1,0.010221155606001604,18.783349005211026
1982,True,-1,0.01020939483707768,18.783349005211026
1983,False,-1,0.01019764760044805,18.783349005211026
1984,True,-1,0.010185913880542049,18.783349005211026
1985,False,0,0.010174193661806928,18.783349005211026
1986,True,-1,0.010162486928707835,18.783349005211026
1987,False,-1,0.01015079366572779,18.78336553445104
1988,True,-1,0.010139113857367672,18.78336553445104
1989,False,-1,0.010127447488146188,18.78336553445104
1990,True,-1,0.010115794542599862,18.78336553445104
1991,False,-1,0.01010415500528301,18.78336553445104
1992,True,-1,0.010092528860767721,18.78336553445104
1993,False,-1,0.010080916093643833,18.78336553445104
1994,True,-1,0.010069316688518917,18.78336553445104
1995,False,-1,0.010057730630018257,18.78336553445104
1996,True,-1,0.010046157902784826,18.78336553445104
1997,False,-1,0.010034598491479266,18.783368077411044
1998,True,-1,0.01002305238077987,18.783368077411044
1999,False,-1,0.010011519555382563,18.783368077411044
