maze,agent,seed,episode,steps,total_reward,reached_goal,optimal_steps
scale_31x21,qlearning,0,0,600,-600.0,False,45
scale_31x21,qlearning,0,1,600,-600.0,False,46
scale_31x21,qlearning,0,2,600,-600.0,False,22
scale_31x21,qlearning,0,3,367,-356.0,True,19
scale_31x21,qlearning,0,4,102,-91.0,True,11
scale_31x21,qlearning,0,5,493,-482.0,True,22
scale_31x21,qlearning,0,6,456,-445.0,True,43
scale_31x21,qlearning,0,7,94,-83.0,True,45
scale_31x21,qlearning,0,8,22,-11.0,True,22
scale_31x21,qlearning,0,9,147,-136.0,True,46
scale_31x21,qlearning,0,10,48,-37.0,True,35
scale_31x21,qlearning,0,11,409,-398.0,True,49
scale_31x21,qlearning,0,12,114,-103.0,True,23
scale_31x21,qlearning,0,13,28,-17.0,True,28
scale_31x21,qlearning,0,14,98,-87.0,True,47
scale_31x21,qlearning,0,15,17,-6.0,True,17
scale_31x21,qlearning,0,16,233,-222.0,True,52
scale_31x21,qlearning,0,17,26,-15.0,True,26
scale_31x21,qlearning,0,18,161,-150.0,True,54
scale_31x21,qlearning,0,19,12,-1.0,True,12
scale_31x21,qlearning,0,20,380,-369.0,True,55
scale_31x21,qlearning,0,21,36,-25.0,True,25
scale_31x21,qlearning,0,22,10,1.0,True,10
scale_31x21,qlearning,0,23,45,-34.0,True,34
scale_31x21,qlearning,0,24,8,3.0,True,8
scale_31x21,qlearning,0,25,64,-53.0,True,51
scale_31x21,qlearning,0,26,52,-41.0,True,48
scale_31x21,qlearning,0,27,6,5.0,True,6
scale_31x21,qlearning,0,28,38,-27.0,True,36
scale_31x21,qlearning,0,29,19,-8.0,True,18
scale_31x21,qlearning,0,30,114,-103.0,True,52
scale_31x21,qlearning,0,31,42,-31.0,True,28
scale_31x21,qlearning,0,32,65,-54.0,True,44
scale_31x21,qlearning,0,33,50,-39.0,True,45
scale_31x21,qlearning,0,34,50,-39.0,True,27
scale_31x21,qlearning,0,35,63,-52.0,True,50
scale_31x21,qlearning,0,36,180,-169.0,True,20
scale_31x21,qlearning,0,37,30,-19.0,True,20
scale_31x21,qlearning,0,38,54,-43.0,True,26
scale_31x21,qlearning,0,39,131,-120.0,True,31
scale_31x21,qlearning,0,40,47,-36.0,True,24
scale_31x21,qlearning,0,41,8,3.0,True,8
scale_31x21,qlearning,0,42,21,-10.0,True,21
scale_31x21,qlearning,0,43,37,-26.0,True,37
scale_31x21,qlearning,0,44,56,-45.0,True,51
scale_31x21,qlearning,0,45,52,-41.0,True,51
scale_31x21,qlearning,0,46,13,-2.0,True,13
scale_31x21,qlearning,0,47,87,-76.0,True,26
scale_31x21,qlearning,0,48,35,-24.0,True,31
scale_31x21,qlearning,0,49,88,-77.0,True,44
scale_31x21,qlearning,0,50,23,-12.0,True,22
scale_31x21,qlearning,0,51,147,-136.0,True,53
scale_31x21,qlearning,0,52,5,6.0,True,5
scale_31x21,qlearning,0,53,117,-106.0,True,36
scale_31x21,qlearning,0,54,149,-138.0,True,52
scale_31x21,qlearning,0,55,41,-30.0,True,40
scale_31x21,qlearning,0,56,275,-264.0,True,48
scale_31x21,qlearning,0,57,30,-19.0,True,29
scale_31x21,qlearning,0,58,238,-227.0,True,44
scale_31x21,qlearning,0,59,51,-40.0,True,49
scale_31x21,qlearning,0,60,33,-22.0,True,33
scale_31x21,qlearning,0,61,124,-113.0,True,44
scale_31x21,qlearning,0,62,411,-400.0,True,50
scale_31x21,qlearning,0,63,35,-24.0,True,33
scale_31x21,qlearning,0,64,45,-34.0,True,20
scale_31x21,qlearning,0,65,13,-2.0,True,13
scale_31x21,qlearning,0,66,15,-4.0,True,13
scale_31x21,qlearning,0,67,234,-223.0,True,46
scale_31x21,qlearning,0,68,25,-14.0,True,25
scale_31x21,qlearning,0,69,100,-89.0,True,45
scale_31x21,qlearning,0,70,81,-70.0,True,46
scale_31x21,qlearning,0,71,248,-237.0,True,55
scale_31x21,qlearning,0,72,166,-155.0,True,39
scale_31x21,qlearning,0,73,318,-307.0,True,56
scale_31x21,qlearning,0,74,50,-39.0,True,50
scale_31x21,qlearning,0,75,22,-11.0,True,21
scale_31x21,qlearning,0,76,14,-3.0,True,13
scale_31x21,qlearning,0,77,83,-72.0,True,47
scale_31x21,qlearning,0,78,45,-34.0,True,43
scale_31x21,qlearning,0,79,75,-64.0,True,25
scale_31x21,qlearning,0,80,20,-9.0,True,20
scale_31x21,qlearning,0,81,21,-10.0,True,21
scale_31x21,qlearning,0,82,18,-7.0,True,18
scale_31x21,qlearning,0,83,377,-366.0,True,54
scale_31x21,qlearning,0,84,600,-600.0,False,53
scale_31x21,qlearning,0,85,35,-24.0,True,35
scale_31x21,qlearning,0,86,375,-364.0,True,47
scale_31x21,qlearning,0,87,44,-33.0,True,43
scale_31x21,qlearning,0,88,21,-10.0,True,19
scale_31x21,qlearning,0,89,21,-10.0,True,21
scale_31x21,qlearning,0,90,21,-10.0,True,19
scale_31x21,qlearning,0,91,31,-20.0,True,29
scale_31x21,qlearning,0,92,19,-8.0,True,19
scale_31x21,qlearning,0,93,92,-81.0,True,52
scale_31x21,qlearning,0,94,44,-33.0,True,44
scale_31x21,qlearning,0,95,21,-10.0,True,20
scale_31x21,qlearning,0,96,26,-15.0,True,26
scale_31x21,qlearning,0,97,24,-13.0,True,24
scale_31x21,qlearning,0,98,43,-32.0,True,42
scale_31x21,qlearning,0,99,50,-39.0,True,40
scale_31x21,qlearning,0,100,115,-104.0,True,55
scale_31x21,qlearning,0,101,19,-8.0,True,19
scale_31x21,qlearning,0,102,3,8.0,True,3
scale_31x21,qlearning,0,103,51,-40.0,True,51
scale_31x21,qlearning,0,104,45,-34.0,True,45
scale_31x21,qlearning,0,105,4,7.0,True,4
scale_31x21,qlearning,0,106,35,-24.0,True,35
scale_31x21,qlearning,0,107,98,-87.0,True,57
scale_31x21,qlearning,0,108,148,-137.0,True,56
scale_31x21,qlearning,0,109,47,-36.0,True,47
scale_31x21,qlearning,0,110,28,-17.0,True,28
scale_31x21,qlearning,0,111,43,-32.0,True,43
scale_31x21,qlearning,0,112,600,-600.0,False,54
scale_31x21,qlearning,0,113,35,-24.0,True,33
scale_31x21,qlearning,0,114,37,-26.0,True,37
scale_31x21,qlearning,0,115,26,-15.0,True,26
scale_31x21,qlearning,0,116,38,-27.0,True,38
scale_31x21,qlearning,0,117,600,-600.0,False,52
scale_31x21,qlearning,0,118,76,-65.0,True,46
scale_31x21,qlearning,0,119,32,-21.0,True,32
scale_31x21,qlearning,0,120,32,-21.0,True,32
scale_31x21,qlearning,0,121,42,-31.0,True,42
scale_31x21,qlearning,0,122,148,-137.0,True,51
scale_31x21,qlearning,0,123,18,-7.0,True,18
scale_31x21,qlearning,0,124,40,-29.0,True,40
scale_31x21,qlearning,0,125,48,-37.0,True,48
scale_31x21,qlearning,0,126,34,-23.0,True,34
scale_31x21,qlearning,0,127,56,-45.0,True,56
scale_31x21,qlearning,0,128,44,-33.0,True,44
scale_31x21,qlearning,0,129,77,-66.0,True,51
scale_31x21,qlearning,0,130,23,-12.0,True,23
scale_31x21,qlearning,0,131,7,4.0,True,7
scale_31x21,qlearning,0,132,34,-23.0,True,34
scale_31x21,qlearning,0,133,29,-18.0,True,29
scale_31x21,qlearning,0,134,26,-15.0,True,26
scale_31x21,qlearning,0,135,26,-15.0,True,26
scale_31x21,qlearning,0,136,20,-9.0,True,20
scale_31x21,qlearning,0,137,26,-15.0,True,26
scale_31x21,qlearning,0,138,49,-38.0,True,49
scale_31x21,qlearning,0,139,42,-31.0,True,40
scale_31x21,qlearning,0,140,37,-26.0,True,37
scale_31x21,qlearning,0,141,51,-40.0,True,51
scale_31x21,qlearning,0,142,38,-27.0,True,38
scale_31x21,qlearning,0,143,44,-33.0,True,44
scale_31x21,qlearning,0,144,44,-33.0,True,44
scale_31x21,qlearning,0,145,34,-23.0,True,34
scale_31x21,qlearning,0,146,21,-10.0,True,21
scale_31x21,qlearning,0,147,39,-28.0,True,39
scale_31x21,qlearning,0,148,20,-9.0,True,20
scale_31x21,qlearning,0,149,38,-27.0,True,38
scale_31x21,qlearning,0,150,20,-9.0,True,20
scale_31x21,qlearning,0,151,64,-53.0,True,53
scale_31x21,qlearning,0,152,17,-6.0,True,17
scale_31x21,qlearning,0,153,14,-3.0,True,13
scale_31x21,qlearning,0,154,45,-34.0,True,45
scale_31x21,qlearning,0,155,24,-13.0,True,23
scale_31x21,qlearning,0,156,20,-9.0,True,20
scale_31x21,qlearning,0,157,22,-11.0,True,22
scale_31x21,qlearning,0,158,33,-22.0,True,33
scale_31x21,qlearning,0,159,77,-66.0,True,35
scale_31x21,qlearning,0,160,34,-23.0,True,34
scale_31x21,qlearning,0,161,52,-41.0,True,51
scale_31x21,qlearning,0,162,2,9.0,True,2
scale_31x21,qlearning,0,163,4,7.0,True,4
scale_31x21,qlearning,0,164,484,-473.0,True,51
scale_31x21,qlearning,0,165,56,-45.0,True,56
scale_31x21,qlearning,0,166,25,-14.0,True,25
scale_31x21,qlearning,0,167,68,-57.0,True,49
scale_31x21,qlearning,0,168,24,-13.0,True,24
scale_31x21,qlearning,0,169,133,-122.0,True,33
scale_31x21,qlearning,0,170,43,-32.0,True,39
scale_31x21,qlearning,0,171,19,-8.0,True,19
scale_31x21,qlearning,0,172,10,1.0,True,10
scale_31x21,qlearning,0,173,36,-25.0,True,26
scale_31x21,qlearning,0,174,43,-32.0,True,43
scale_31x21,qlearning,0,175,45,-34.0,True,45
scale_31x21,qlearning,0,176,24,-13.0,True,24
scale_31x21,qlearning,0,177,52,-41.0,True,51
scale_31x21,qlearning,0,178,99,-88.0,True,54
scale_31x21,qlearning,0,179,47,-36.0,True,46
scale_31x21,qlearning,0,180,46,-35.0,True,46
scale_31x21,qlearning,0,181,18,-7.0,True,18
scale_31x21,qlearning,0,182,37,-26.0,True,37
scale_31x21,qlearning,0,183,73,-62.0,True,53
scale_31x21,qlearning,0,184,20,-9.0,True,20
scale_31x21,qlearning,0,185,43,-32.0,True,42
scale_31x21,qlearning,0,186,36,-25.0,True,36
scale_31x21,qlearning,0,187,12,-1.0,True,12
scale_31x21,qlearning,0,188,59,-48.0,True,59
scale_31x21,qlearning,0,189,53,-42.0,True,53
scale_31x21,qlearning,0,190,37,-26.0,True,37
scale_31x21,qlearning,0,191,33,-22.0,True,32
scale_31x21,qlearning,0,192,15,-4.0,True,15
scale_31x21,qlearning,0,193,88,-77.0,True,56
scale_31x21,qlearning,0,194,41,-30.0,True,41
scale_31x21,qlearning,0,195,26,-15.0,True,26
scale_31x21,qlearning,0,196,46,-35.0,True,45
scale_31x21,qlearning,0,197,24,-13.0,True,24
scale_31x21,qlearning,0,198,17,-6.0,True,17
scale_31x21,qlearning,0,199,28,-17.0,True,28
scale_31x21,qlearning,0,200,53,-42.0,True,53
scale_31x21,qlearning,0,201,53,-42.0,True,43
scale_31x21,qlearning,0,202,43,-32.0,True,41
scale_31x21,qlearning,0,203,23,-12.0,True,21
scale_31x21,qlearning,0,204,225,-214.0,True,44
scale_31x21,qlearning,0,205,600,-600.0,False,54
scale_31x21,qlearning,0,206,26,-15.0,True,26
scale_31x21,qlearning,0,207,37,-26.0,True,36
scale_31x21,qlearning,0,208,42,-31.0,True,42
scale_31x21,qlearning,0,209,56,-45.0,True,53
scale_31x21,qlearning,0,210,54,-43.0,True,54
scale_31x21,qlearning,0,211,13,-2.0,True,13
scale_31x21,qlearning,0,212,24,-13.0,True,24
scale_31x21,qlearning,0,213,37,-26.0,True,36
scale_31x21,qlearning,0,214,20,-9.0,True,19
scale_31x21,qlearning,0,215,37,-26.0,True,37
scale_31x21,qlearning,0,216,43,-32.0,True,42
scale_31x21,qlearning,0,217,19,-8.0,True,19
scale_31x21,qlearning,0,218,42,-31.0,True,42
scale_31x21,qlearning,0,219,33,-22.0,True,33
scale_31x21,qlearning,0,220,58,-47.0,True,54
scale_31x21,qlearning,0,221,4,7.0,True,4
scale_31x21,qlearning,0,222,167,-156.0,True,55
scale_31x21,qlearning,0,223,41,-30.0,True,40
scale_31x21,qlearning,0,224,40,-29.0,True,38
scale_31x21,qlearning,0,225,37,-26.0,True,37
scale_31x21,qlearning,0,226,48,-37.0,True,46
scale_31x21,qlearning,0,227,22,-11.0,True,22
scale_31x21,qlearning,0,228,54,-43.0,True,53
scale_31x21,qlearning,0,229,46,-35.0,True,44
scale_31x21,qlearning,0,230,47,-36.0,True,47
scale_31x21,qlearning,0,231,25,-14.0,True,25
scale_31x21,qlearning,0,232,67,-56.0,True,12
scale_31x21,qlearning,0,233,45,-34.0,True,45
scale_31x21,qlearning,0,234,40,-29.0,True,40
scale_31x21,qlearning,0,235,13,-2.0,True,13
scale_31x21,qlearning,0,236,29,-18.0,True,29
scale_31x21,qlearning,0,237,26,-15.0,True,25
scale_31x21,qlearning,0,238,60,-49.0,True,54
scale_31x21,qlearning,0,239,50,-39.0,True,48
scale_31x21,qlearning,0,240,42,-31.0,True,32
scale_31x21,qlearning,0,241,37,-26.0,True,37
scale_31x21,qlearning,0,242,56,-45.0,True,56
scale_31x21,qlearning,0,243,33,-22.0,True,32
scale_31x21,qlearning,0,244,11,0.0,True,11
scale_31x21,qlearning,0,245,43,-32.0,True,43
scale_31x21,qlearning,0,246,34,-23.0,True,34
scale_31x21,qlearning,0,247,34,-23.0,True,34
scale_31x21,qlearning,0,248,52,-41.0,True,52
scale_31x21,qlearning,0,249,28,-17.0,True,28
scale_31x21,qlearning,0,250,442,-431.0,True,45
scale_31x21,qlearning,0,251,27,-16.0,True,27
scale_31x21,qlearning,0,252,41,-30.0,True,41
scale_31x21,qlearning,0,253,196,-185.0,True,56
scale_31x21,qlearning,0,254,600,-600.0,False,45
scale_31x21,qlearning,0,255,43,-32.0,True,42
scale_31x21,qlearning,0,256,24,-13.0,True,24
scale_31x21,qlearning,0,257,46,-35.0,True,46
scale_31x21,qlearning,0,258,33,-22.0,True,33
scale_31x21,qlearning,0,259,41,-30.0,True,41
scale_31x21,qlearning,0,260,49,-38.0,True,49
scale_31x21,qlearning,0,261,29,-18.0,True,29
scale_31x21,qlearning,0,262,7,4.0,True,7
scale_31x21,qlearning,0,263,18,-7.0,True,18
scale_31x21,qlearning,0,264,6,5.0,True,6
scale_31x21,qlearning,0,265,17,-6.0,True,17
scale_31x21,qlearning,0,266,39,-28.0,True,39
scale_31x21,qlearning,0,267,35,-24.0,True,34
scale_31x21,qlearning,0,268,18,-7.0,True,18
scale_31x21,qlearning,0,269,139,-128.0,True,49
scale_31x21,qlearning,0,270,541,-530.0,True,47
scale_31x21,qlearning,0,271,22,-11.0,True,22
scale_31x21,qlearning,0,272,25,-14.0,True,23
scale_31x21,qlearning,0,273,569,-558.0,True,51
scale_31x21,qlearning,0,274,11,0.0,True,11
scale_31x21,qlearning,0,275,14,-3.0,True,14
scale_31x21,qlearning,0,276,43,-32.0,True,41
scale_31x21,qlearning,0,277,22,-11.0,True,22
scale_31x21,qlearning,0,278,35,-24.0,True,35
scale_31x21,qlearning,0,279,49,-38.0,True,49
scale_31x21,qlearning,0,280,54,-43.0,True,54
scale_31x21,qlearning,0,281,20,-9.0,True,20
scale_31x21,qlearning,0,282,135,-124.0,True,50
scale_31x21,qlearning,0,283,16,-5.0,True,16
scale_31x21,qlearning,0,284,8,3.0,True,8
scale_31x21,qlearning,0,285,17,-6.0,True,17
scale_31x21,qlearning,0,286,48,-37.0,True,45
scale_31x21,qlearning,0,287,12,-1.0,True,12
scale_31x21,qlearning,0,288,54,-43.0,True,54
scale_31x21,qlearning,0,289,24,-13.0,True,24
scale_31x21,qlearning,0,290,20,-9.0,True,20
scale_31x21,qlearning,0,291,52,-41.0,True,51
scale_31x21,qlearning,0,292,21,-10.0,True,21
scale_31x21,qlearning,0,293,53,-42.0,True,53
scale_31x21,qlearning,0,294,393,-382.0,True,54
scale_31x21,qlearning,0,295,195,-184.0,True,48
scale_31x21,qlearning,0,296,14,-3.0,True,14
scale_31x21,qlearning,0,297,12,-1.0,True,12
scale_31x21,qlearning,0,298,6,5.0,True,6
scale_31x21,qlearning,0,299,13,-2.0,True,13
scale_31x21,qlearning,0,300,2,9.0,True,2
scale_31x21,qlearning,0,301,36,-25.0,True,36
scale_31x21,qlearning,0,302,28,-17.0,True,28
scale_31x21,qlearning,0,303,47,-36.0,True,47
scale_31x21,qlearning,0,304,44,-33.0,True,44
scale_31x21,qlearning,0,305,18,-7.0,True,18
scale_31x21,qlearning,0,306,34,-23.0,True,32
scale_31x21,qlearning,0,307,24,-13.0,True,24
scale_31x21,qlearning,0,308,352,-341.0,True,46
scale_31x21,qlearning,0,309,26,-15.0,True,26
scale_31x21,qlearning,0,310,36,-25.0,True,36
scale_31x21,qlearning,0,311,10,1.0,True,10
scale_31x21,qlearning,0,312,600,-600.0,False,52
scale_31x21,qlearning,0,313,20,-9.0,True,19
scale_31x21,qlearning,0,314,39,-28.0,True,38
scale_31x21,qlearning,0,315,46,-35.0,True,46
scale_31x21,qlearning,0,316,53,-42.0,True,52
scale_31x21,qlearning,0,317,50,-39.0,True,49
scale_31x21,qlearning,0,318,7,4.0,True,7
scale_31x21,qlearning,0,319,22,-11.0,True,22
scale_31x21,qlearning,0,320,22,-11.0,True,22
scale_31x21,qlearning,0,321,21,-10.0,True,21
scale_31x21,qlearning,0,322,25,-14.0,True,25
scale_31x21,qlearning,0,323,54,-43.0,True,53
scale_31x21,qlearning,0,324,17,-6.0,True,17
scale_31x21,qlearning,0,325,41,-30.0,True,41
scale_31x21,qlearning,0,326,15,-4.0,True,15
scale_31x21,qlearning,0,327,16,-5.0,True,16
scale_31x21,qlearning,0,328,8,3.0,True,7
scale_31x21,qlearning,0,329,39,-28.0,True,37
scale_31x21,qlearning,0,330,30,-19.0,True,30
scale_31x21,qlearning,0,331,16,-5.0,True,16
scale_31x21,qlearning,0,332,184,-173.0,True,52
scale_31x21,qlearning,0,333,24,-13.0,True,24
scale_31x21,qlearning,0,334,21,-10.0,True,21
scale_31x21,qlearning,0,335,37,-26.0,True,37
scale_31x21,qlearning,0,336,600,-600.0,False,53
scale_31x21,qlearning,0,337,19,-8.0,True,19
scale_31x21,qlearning,0,338,39,-28.0,True,39
scale_31x21,qlearning,0,339,10,1.0,True,10
scale_31x21,qlearning,0,340,12,-1.0,True,12
scale_31x21,qlearning,0,341,21,-10.0,True,21
scale_31x21,qlearning,0,342,10,1.0,True,10
scale_31x21,qlearning,0,343,72,-61.0,True,54
scale_31x21,qlearning,0,344,22,-11.0,True,20
scale_31x21,qlearning,0,345,85,-74.0,True,45
scale_31x21,qlearning,0,346,52,-41.0,True,52
scale_31x21,qlearning,0,347,32,-21.0,True,31
scale_31x21,qlearning,0,348,48,-37.0,True,48
scale_31x21,qlearning,0,349,14,-3.0,True,12
scale_31x21,qlearning,0,350,39,-28.0,True,39
scale_31x21,qlearning,0,351,23,-12.0,True,23
scale_31x21,qlearning,0,352,23,-12.0,True,23
scale_31x21,qlearning,0,353,53,-42.0,True,53
scale_31x21,qlearning,0,354,50,-39.0,True,50
scale_31x21,qlearning,0,355,25,-14.0,True,25
scale_31x21,qlearning,0,356,14,-3.0,True,14
scale_31x21,qlearning,0,357,44,-33.0,True,44
scale_31x21,qlearning,0,358,52,-41.0,True,52
scale_31x21,qlearning,0,359,600,-600.0,False,53
scale_31x21,qlearning,0,360,31,-20.0,True,31
scale_31x21,qlearning,0,361,600,-600.0,False,49
scale_31x21,qlearning,0,362,49,-38.0,True,48
scale_31x21,qlearning,0,363,17,-6.0,True,17
scale_31x21,qlearning,0,364,53,-42.0,True,53
scale_31x21,qlearning,0,365,20,-9.0,True,20
scale_31x21,qlearning,0,366,17,-6.0,True,17
scale_31x21,qlearning,0,367,15,-4.0,True,15
scale_31x21,qlearning,0,368,52,-41.0,True,52
scale_31x21,qlearning,0,369,24,-13.0,True,24
scale_31x21,qlearning,0,370,35,-24.0,True,35
scale_31x21,qlearning,0,371,29,-18.0,True,29
scale_31x21,qlearning,0,372,23,-12.0,True,23
scale_31x21,qlearning,0,373,58,-47.0,True,58
scale_31x21,qlearning,0,374,13,-2.0,True,13
scale_31x21,qlearning,0,375,38,-27.0,True,37
scale_31x21,qlearning,0,376,69,-58.0,True,54
scale_31x21,qlearning,0,377,51,-40.0,True,51
scale_31x21,qlearning,0,378,21,-10.0,True,21
scale_31x21,qlearning,0,379,19,-8.0,True,19
scale_31x21,qlearning,0,380,37,-26.0,True,37
scale_31x21,qlearning,0,381,39,-28.0,True,39
scale_31x21,qlearning,0,382,37,-26.0,True,37
scale_31x21,qlearning,0,383,33,-22.0,True,33
scale_31x21,qlearning,0,384,8,3.0,True,8
scale_31x21,qlearning,0,385,17,-6.0,True,17
scale_31x21,qlearning,0,386,25,-14.0,True,25
scale_31x21,qlearning,0,387,24,-13.0,True,24
scale_31x21,qlearning,0,388,51,-40.0,True,51
scale_31x21,qlearning,0,389,32,-21.0,True,32
scale_31x21,qlearning,0,390,6,5.0,True,6
scale_31x21,qlearning,0,391,7,4.0,True,7
scale_31x21,qlearning,0,392,48,-37.0,True,48
scale_31x21,qlearning,0,393,37,-26.0,True,37
scale_31x21,qlearning,0,394,47,-36.0,True,47
scale_31x21,qlearning,0,395,29,-18.0,True,29
scale_31x21,qlearning,0,396,10,1.0,True,9
scale_31x21,qlearning,0,397,24,-13.0,True,24
scale_31x21,qlearning,0,398,36,-25.0,True,36
scale_31x21,qlearning,0,399,50,-39.0,True,50
scale_31x21,qlearning,0,400,25,-14.0,True,25
scale_31x21,qlearning,0,401,507,-496.0,True,46
scale_31x21,qlearning,0,402,20,-9.0,True,20
scale_31x21,qlearning,0,403,74,-63.0,True,52
scale_31x21,qlearning,0,404,26,-15.0,True,24
scale_31x21,qlearning,0,405,26,-15.0,True,26
scale_31x21,qlearning,0,406,33,-22.0,True,33
scale_31x21,qlearning,0,407,12,-1.0,True,12
scale_31x21,qlearning,0,408,17,-6.0,True,17
scale_31x21,qlearning,0,409,30,-19.0,True,29
scale_31x21,qlearning,0,410,24,-13.0,True,24
scale_31x21,qlearning,0,411,56,-45.0,True,56
scale_31x21,qlearning,0,412,60,-49.0,True,53
scale_31x21,qlearning,0,413,24,-13.0,True,24
scale_31x21,qlearning,0,414,31,-20.0,True,31
scale_31x21,qlearning,0,415,26,-15.0,True,26
scale_31x21,qlearning,0,416,48,-37.0,True,48
scale_31x21,qlearning,0,417,39,-28.0,True,39
scale_31x21,qlearning,0,418,45,-34.0,True,45
scale_31x21,qlearning,0,419,51,-40.0,True,51
scale_31x21,qlearning,0,420,47,-36.0,True,45
scale_31x21,qlearning,0,421,23,-12.0,True,21
scale_31x21,qlearning,0,422,33,-22.0,True,33
scale_31x21,qlearning,0,423,28,-17.0,True,26
scale_31x21,qlearning,0,424,112,-101.0,True,57
scale_31x21,qlearning,0,425,39,-28.0,True,39
scale_31x21,qlearning,0,426,33,-22.0,True,33
scale_31x21,qlearning,0,427,600,-600.0,False,48
scale_31x21,qlearning,0,428,21,-10.0,True,21
scale_31x21,qlearning,0,429,7,4.0,True,7
scale_31x21,qlearning,0,430,41,-30.0,True,41
scale_31x21,qlearning,0,431,7,4.0,True,7
scale_31x21,qlearning,0,432,15,-4.0,True,13
scale_31x21,qlearning,0,433,52,-41.0,True,52
scale_31x21,qlearning,0,434,23,-12.0,True,23
scale_31x21,qlearning,0,435,20,-9.0,True,20
scale_31x21,qlearning,0,436,13,-2.0,True,13
scale_31x21,qlearning,0,437,7,4.0,True,7
scale_31x21,qlearning,0,438,29,-18.0,True,29
scale_31x21,qlearning,0,439,43,-32.0,True,43
scale_31x21,qlearning,0,440,54,-43.0,True,54
scale_31x21,qlearning,0,441,40,-29.0,True,40
scale_31x21,qlearning,0,442,32,-21.0,True,31
scale_31x21,qlearning,0,443,12,-1.0,True,12
scale_31x21,qlearning,0,444,57,-46.0,True,56
scale_31x21,qlearning,0,445,8,3.0,True,8
scale_31x21,qlearning,0,446,20,-9.0,True,20
scale_31x21,qlearning,0,447,38,-27.0,True,38
scale_31x21,qlearning,0,448,13,-2.0,True,13
scale_31x21,qlearning,0,449,18,-7.0,True,18
scale_31x21,qlearning,0,450,7,4.0,True,7
scale_31x21,qlearning,0,451,158,-147.0,True,46
scale_31x21,qlearning,0,452,54,-43.0,True,54
scale_31x21,qlearning,0,453,30,-19.0,True,30
scale_31x21,qlearning,0,454,17,-6.0,True,17
scale_31x21,qlearning,0,455,43,-32.0,True,43
scale_31x21,qlearning,0,456,14,-3.0,True,14
scale_31x21,qlearning,0,457,9,2.0,True,9
scale_31x21,qlearning,0,458,34,-23.0,True,34
scale_31x21,qlearning,0,459,16,-5.0,True,16
scale_31x21,qlearning,0,460,45,-34.0,True,45
scale_31x21,qlearning,0,461,8,3.0,True,8
scale_31x21,qlearning,0,462,73,-62.0,True,54
scale_31x21,qlearning,0,463,11,0.0,True,10
scale_31x21,qlearning,0,464,10,1.0,True,10
scale_31x21,qlearning,0,465,53,-42.0,True,53
scale_31x21,qlearning,0,466,13,-2.0,True,13
scale_31x21,qlearning,0,467,20,-9.0,True,20
scale_31x21,qlearning,0,468,99,-88.0,True,47
scale_31x21,qlearning,0,469,47,-36.0,True,47
scale_31x21,qlearning,0,470,31,-20.0,True,31
scale_31x21,qlearning,0,471,10,1.0,True,10
scale_31x21,qlearning,0,472,54,-43.0,True,53
scale_31x21,qlearning,0,473,39,-28.0,True,34
scale_31x21,qlearning,0,474,19,-8.0,True,19
scale_31x21,qlearning,0,475,26,-15.0,True,26
scale_31x21,qlearning,0,476,31,-20.0,True,31
scale_31x21,qlearning,0,477,13,-2.0,True,13
scale_31x21,qlearning,0,478,44,-33.0,True,44
scale_31x21,qlearning,0,479,38,-27.0,True,38
scale_31x21,qlearning,0,480,16,-5.0,True,16
scale_31x21,qlearning,0,481,23,-12.0,True,23
scale_31x21,qlearning,0,482,53,-42.0,True,50
scale_31x21,qlearning,0,483,3,8.0,True,3
scale_31x21,qlearning,0,484,13,-2.0,True,13
scale_31x21,qlearning,0,485,36,-25.0,True,35
scale_31x21,qlearning,0,486,16,-5.0,True,16
scale_31x21,qlearning,0,487,42,-31.0,True,42
scale_31x21,qlearning,0,488,18,-7.0,True,16
scale_31x21,qlearning,0,489,55,-44.0,True,55
scale_31x21,qlearning,0,490,20,-9.0,True,20
scale_31x21,qlearning,0,491,41,-30.0,True,41
scale_31x21,qlearning,0,492,338,-327.0,True,53
scale_31x21,qlearning,0,493,45,-34.0,True,45
scale_31x21,qlearning,0,494,28,-17.0,True,27
scale_31x21,qlearning,0,495,23,-12.0,True,23
scale_31x21,qlearning,0,496,56,-45.0,True,52
scale_31x21,qlearning,0,497,39,-28.0,True,39
scale_31x21,qlearning,0,498,33,-22.0,True,33
scale_31x21,qlearning,0,499,17,-6.0,True,17
scale_31x21,qlearning,0,500,51,-40.0,True,51
scale_31x21,qlearning,0,501,11,0.0,True,11
scale_31x21,qlearning,0,502,134,-123.0,True,54
scale_31x21,qlearning,0,503,6,5.0,True,6
scale_31x21,qlearning,0,504,7,4.0,True,7
scale_31x21,qlearning,0,505,11,0.0,True,11
scale_31x21,qlearning,0,506,24,-13.0,True,22
scale_31x21,qlearning,0,507,34,-23.0,True,34
scale_31x21,qlearning,0,508,166,-155.0,True,51
scale_31x21,qlearning,0,509,47,-36.0,True,47
scale_31x21,qlearning,0,510,53,-42.0,True,53
scale_31x21,qlearning,0,511,42,-31.0,True,42
scale_31x21,qlearning,0,512,21,-10.0,True,21
scale_31x21,qlearning,0,513,14,-3.0,True,14
scale_31x21,qlearning,0,514,60,-49.0,True,56
scale_31x21,qlearning,0,515,52,-41.0,True,52
scale_31x21,qlearning,0,516,519,-508.0,True,50
scale_31x21,qlearning,0,517,24,-13.0,True,24
scale_31x21,qlearning,0,518,22,-11.0,True,22
scale_31x21,qlearning,0,519,7,4.0,True,7
scale_31x21,qlearning,0,520,31,-20.0,True,31
scale_31x21,qlearning,0,521,46,-35.0,True,46
scale_31x21,qlearning,0,522,8,3.0,True,7
scale_31x21,qlearning,0,523,32,-21.0,True,32
scale_31x21,qlearning,0,524,113,-102.0,True,50
scale_31x21,qlearning,0,525,388,-377.0,True,52
scale_31x21,qlearning,0,526,24,-13.0,True,24
scale_31x21,qlearning,0,527,52,-41.0,True,52
scale_31x21,qlearning,0,528,30,-19.0,True,25
scale_31x21,qlearning,0,529,43,-32.0,True,43
scale_31x21,qlearning,0,530,55,-44.0,True,55
scale_31x21,qlearning,0,531,186,-175.0,True,48
scale_31x21,qlearning,0,532,11,0.0,True,11
scale_31x21,qlearning,0,533,32,-21.0,True,32
scale_31x21,qlearning,0,534,8,3.0,True,8
scale_31x21,qlearning,0,535,42,-31.0,True,40
scale_31x21,qlearning,0,536,259,-248.0,True,47
scale_31x21,qlearning,0,537,47,-36.0,True,46
scale_31x21,qlearning,0,538,21,-10.0,True,21
scale_31x21,qlearning,0,539,15,-4.0,True,15
scale_31x21,qlearning,0,540,28,-17.0,True,28
scale_31x21,qlearning,0,541,53,-42.0,True,53
scale_31x21,qlearning,0,542,34,-23.0,True,34
scale_31x21,qlearning,0,543,20,-9.0,True,20
scale_31x21,qlearning,0,544,49,-38.0,True,49
scale_31x21,qlearning,0,545,50,-39.0,True,44
scale_31x21,qlearning,0,546,23,-12.0,True,23
scale_31x21,qlearning,0,547,49,-38.0,True,49
scale_31x21,qlearning,0,548,53,-42.0,True,53
scale_31x21,qlearning,0,549,26,-15.0,True,26
scale_31x21,qlearning,0,550,10,1.0,True,9
scale_31x21,qlearning,0,551,363,-352.0,True,43
scale_31x21,qlearning,0,552,214,-203.0,True,56
scale_31x21,qlearning,0,553,42,-31.0,True,42
scale_31x21,qlearning,0,554,46,-35.0,True,46
scale_31x21,qlearning,0,555,45,-34.0,True,44
scale_31x21,qlearning,0,556,12,-1.0,True,12
scale_31x21,qlearning,0,557,25,-14.0,True,25
scale_31x21,qlearning,0,558,38,-27.0,True,38
scale_31x21,qlearning,0,559,35,-24.0,True,35
scale_31x21,qlearning,0,560,600,-600.0,False,52
scale_31x21,qlearning,0,561,43,-32.0,True,43
scale_31x21,qlearning,0,562,33,-22.0,True,33
scale_31x21,qlearning,0,563,53,-42.0,True,53
scale_31x21,qlearning,0,564,40,-29.0,True,40
scale_31x21,qlearning,0,565,35,-24.0,True,35
scale_31x21,qlearning,0,566,29,-18.0,True,29
scale_31x21,qlearning,0,567,51,-40.0,True,51
scale_31x21,qlearning,0,568,28,-17.0,True,27
scale_31x21,qlearning,0,569,17,-6.0,True,17
scale_31x21,qlearning,0,570,26,-15.0,True,26
scale_31x21,qlearning,0,571,8,3.0,True,8
scale_31x21,qlearning,0,572,14,-3.0,True,14
scale_31x21,qlearning,0,573,31,-20.0,True,30
scale_31x21,qlearning,0,574,45,-34.0,True,45
scale_31x21,qlearning,0,575,16,-5.0,True,14
scale_31x21,qlearning,0,576,49,-38.0,True,48
scale_31x21,qlearning,0,577,36,-25.0,True,36
scale_31x21,qlearning,0,578,14,-3.0,True,14
scale_31x21,qlearning,0,579,40,-29.0,True,40
scale_31x21,qlearning,0,580,14,-3.0,True,14
scale_31x21,qlearning,0,581,21,-10.0,True,21
scale_31x21,qlearning,0,582,26,-15.0,True,26
scale_31x21,qlearning,0,583,434,-423.0,True,44
scale_31x21,qlearning,0,584,42,-31.0,True,42
scale_31x21,qlearning,0,585,40,-29.0,True,38
scale_31x21,qlearning,0,586,50,-39.0,True,50
scale_31x21,qlearning,0,587,43,-32.0,True,43
scale_31x21,qlearning,0,588,33,-22.0,True,33
scale_31x21,qlearning,0,589,47,-36.0,True,47
scale_31x21,qlearning,0,590,39,-28.0,True,39
scale_31x21,qlearning,0,591,30,-19.0,True,29
scale_31x21,qlearning,0,592,46,-35.0,True,45
scale_31x21,qlearning,0,593,12,-1.0,True,12
scale_31x21,qlearning,0,594,24,-13.0,True,24
scale_31x21,qlearning,0,595,47,-36.0,True,47
scale_31x21,qlearning,0,596,10,1.0,True,10
scale_31x21,qlearning,0,597,2,9.0,True,2
scale_31x21,qlearning,0,598,19,-8.0,True,19
scale_31x21,qlearning,0,599,41,-30.0,True,41
scale_31x21,kc_delta,0,0,600,-600.0,False,45
scale_31x21,kc_delta,0,1,600,-600.0,False,46
scale_31x21,kc_delta,0,2,600,-600.0,False,22
scale_31x21,kc_delta,0,3,600,-600.0,False,19
scale_31x21,kc_delta,0,4,342,-331.0,True,11
scale_31x21,kc_delta,0,5,600,-600.0,False,22
scale_31x21,kc_delta,0,6,600,-600.0,False,43
scale_31x21,kc_delta,0,7,600,-600.0,False,45
scale_31x21,kc_delta,0,8,436,-425.0,True,22
scale_31x21,kc_delta,0,9,600,-600.0,False,46
scale_31x21,kc_delta,0,10,600,-600.0,False,35
scale_31x21,kc_delta,0,11,600,-600.0,False,49
scale_31x21,kc_delta,0,12,594,-583.0,True,23
scale_31x21,kc_delta,0,13,428,-417.0,True,28
scale_31x21,kc_delta,0,14,600,-600.0,False,47
scale_31x21,kc_delta,0,15,450,-439.0,True,17
scale_31x21,kc_delta,0,16,600,-600.0,False,52
scale_31x21,kc_delta,0,17,600,-600.0,False,26
scale_31x21,kc_delta,0,18,600,-600.0,False,54
scale_31x21,kc_delta,0,19,159,-148.0,True,12
scale_31x21,kc_delta,0,20,600,-600.0,False,55
scale_31x21,kc_delta,0,21,238,-227.0,True,25
scale_31x21,kc_delta,0,22,30,-19.0,True,10
scale_31x21,kc_delta,0,23,600,-600.0,False,34
scale_31x21,kc_delta,0,24,8,3.0,True,8
scale_31x21,kc_delta,0,25,600,-600.0,False,51
scale_31x21,kc_delta,0,26,600,-600.0,False,48
scale_31x21,kc_delta,0,27,70,-59.0,True,6
scale_31x21,kc_delta,0,28,600,-600.0,False,36
scale_31x21,kc_delta,0,29,307,-296.0,True,18
scale_31x21,kc_delta,0,30,600,-600.0,False,52
scale_31x21,kc_delta,0,31,392,-381.0,True,28
scale_31x21,kc_delta,0,32,600,-600.0,False,44
scale_31x21,kc_delta,0,33,600,-600.0,False,45
scale_31x21,kc_delta,0,34,487,-476.0,True,27
scale_31x21,kc_delta,0,35,600,-600.0,False,50
scale_31x21,kc_delta,0,36,274,-263.0,True,20
scale_31x21,kc_delta,0,37,91,-80.0,True,20
scale_31x21,kc_delta,0,38,600,-600.0,False,26
scale_31x21,kc_delta,0,39,538,-527.0,True,31
scale_31x21,kc_delta,0,40,210,-199.0,True,24
scale_31x21,kc_delta,0,41,9,2.0,True,8
scale_31x21,kc_delta,0,42,49,-38.0,True,21
scale_31x21,kc_delta,0,43,533,-522.0,True,37
scale_31x21,kc_delta,0,44,600,-600.0,False,51
scale_31x21,kc_delta,0,45,600,-600.0,False,51
scale_31x21,kc_delta,0,46,412,-401.0,True,13
scale_31x21,kc_delta,0,47,222,-211.0,True,26
scale_31x21,kc_delta,0,48,255,-244.0,True,31
scale_31x21,kc_delta,0,49,600,-600.0,False,44
scale_31x21,kc_delta,0,50,400,-389.0,True,22
scale_31x21,kc_delta,0,51,600,-600.0,False,53
scale_31x21,kc_delta,0,52,5,6.0,True,5
scale_31x21,kc_delta,0,53,600,-600.0,False,36
scale_31x21,kc_delta,0,54,600,-600.0,False,52
scale_31x21,kc_delta,0,55,489,-478.0,True,40
scale_31x21,kc_delta,0,56,600,-600.0,False,48
scale_31x21,kc_delta,0,57,538,-527.0,True,29
scale_31x21,kc_delta,0,58,600,-600.0,False,44
scale_31x21,kc_delta,0,59,600,-600.0,False,49
scale_31x21,kc_delta,0,60,600,-600.0,False,33
scale_31x21,kc_delta,0,61,600,-600.0,False,44
scale_31x21,kc_delta,0,62,600,-600.0,False,50
scale_31x21,kc_delta,0,63,600,-600.0,False,33
scale_31x21,kc_delta,0,64,527,-516.0,True,20
scale_31x21,kc_delta,0,65,18,-7.0,True,13
scale_31x21,kc_delta,0,66,15,-4.0,True,13
scale_31x21,kc_delta,0,67,600,-600.0,False,46
scale_31x21,kc_delta,0,68,600,-600.0,False,25
scale_31x21,kc_delta,0,69,600,-600.0,False,45
scale_31x21,kc_delta,0,70,600,-600.0,False,46
scale_31x21,kc_delta,0,71,600,-600.0,False,55
scale_31x21,kc_delta,0,72,600,-600.0,False,39
scale_31x21,kc_delta,0,73,600,-600.0,False,56
scale_31x21,kc_delta,0,74,600,-600.0,False,50
scale_31x21,kc_delta,0,75,225,-214.0,True,21
scale_31x21,kc_delta,0,76,16,-5.0,True,13
scale_31x21,kc_delta,0,77,600,-600.0,False,47
scale_31x21,kc_delta,0,78,600,-600.0,False,43
scale_31x21,kc_delta,0,79,151,-140.0,True,25
scale_31x21,kc_delta,0,80,516,-505.0,True,20
scale_31x21,kc_delta,0,81,380,-369.0,True,21
scale_31x21,kc_delta,0,82,53,-42.0,True,18
scale_31x21,kc_delta,0,83,600,-600.0,False,54
scale_31x21,kc_delta,0,84,600,-600.0,False,53
scale_31x21,kc_delta,0,85,295,-284.0,True,35
scale_31x21,kc_delta,0,86,600,-600.0,False,47
scale_31x21,kc_delta,0,87,600,-600.0,False,43
scale_31x21,kc_delta,0,88,78,-67.0,True,19
scale_31x21,kc_delta,0,89,89,-78.0,True,21
scale_31x21,kc_delta,0,90,63,-52.0,True,19
scale_31x21,kc_delta,0,91,600,-600.0,False,29
scale_31x21,kc_delta,0,92,48,-37.0,True,19
scale_31x21,kc_delta,0,93,600,-600.0,False,52
scale_31x21,kc_delta,0,94,600,-600.0,False,44
scale_31x21,kc_delta,0,95,600,-600.0,False,20
scale_31x21,kc_delta,0,96,169,-158.0,True,26
scale_31x21,kc_delta,0,97,70,-59.0,True,24
scale_31x21,kc_delta,0,98,600,-600.0,False,42
scale_31x21,kc_delta,0,99,600,-600.0,False,40
scale_31x21,kc_delta,0,100,600,-600.0,False,55
scale_31x21,kc_delta,0,101,200,-189.0,True,19
scale_31x21,kc_delta,0,102,5,6.0,True,3
scale_31x21,kc_delta,0,103,600,-600.0,False,51
scale_31x21,kc_delta,0,104,600,-600.0,False,45
scale_31x21,kc_delta,0,105,4,7.0,True,4
scale_31x21,kc_delta,0,106,257,-246.0,True,35
scale_31x21,kc_delta,0,107,600,-600.0,False,57
scale_31x21,kc_delta,0,108,600,-600.0,False,56
scale_31x21,kc_delta,0,109,600,-600.0,False,47
scale_31x21,kc_delta,0,110,122,-111.0,True,28
scale_31x21,kc_delta,0,111,600,-600.0,False,43
scale_31x21,kc_delta,0,112,600,-600.0,False,54
scale_31x21,kc_delta,0,113,600,-600.0,False,33
scale_31x21,kc_delta,0,114,600,-600.0,False,37
scale_31x21,kc_delta,0,115,432,-421.0,True,26
scale_31x21,kc_delta,0,116,600,-600.0,False,38
scale_31x21,kc_delta,0,117,600,-600.0,False,52
scale_31x21,kc_delta,0,118,600,-600.0,False,46
scale_31x21,kc_delta,0,119,600,-600.0,False,32
scale_31x21,kc_delta,0,120,600,-600.0,False,32
scale_31x21,kc_delta,0,121,600,-600.0,False,42
scale_31x21,kc_delta,0,122,600,-600.0,False,51
scale_31x21,kc_delta,0,123,261,-250.0,True,18
scale_31x21,kc_delta,0,124,600,-600.0,False,40
scale_31x21,kc_delta,0,125,600,-600.0,False,48
scale_31x21,kc_delta,0,126,600,-600.0,False,34
scale_31x21,kc_delta,0,127,600,-600.0,False,56
scale_31x21,kc_delta,0,128,600,-600.0,False,44
scale_31x21,kc_delta,0,129,600,-600.0,False,51
scale_31x21,kc_delta,0,130,600,-600.0,False,23
scale_31x21,kc_delta,0,131,14,-3.0,True,7
scale_31x21,kc_delta,0,132,247,-236.0,True,34
scale_31x21,kc_delta,0,133,113,-102.0,True,29
scale_31x21,kc_delta,0,134,600,-600.0,False,26
scale_31x21,kc_delta,0,135,600,-600.0,False,26
scale_31x21,kc_delta,0,136,593,-582.0,True,20
scale_31x21,kc_delta,0,137,600,-600.0,False,26
scale_31x21,kc_delta,0,138,600,-600.0,False,49
scale_31x21,kc_delta,0,139,600,-600.0,False,40
scale_31x21,kc_delta,0,140,600,-600.0,False,37
scale_31x21,kc_delta,0,141,600,-600.0,False,51
scale_31x21,kc_delta,0,142,373,-362.0,True,38
scale_31x21,kc_delta,0,143,600,-600.0,False,44
scale_31x21,kc_delta,0,144,600,-600.0,False,44
scale_31x21,kc_delta,0,145,600,-600.0,False,34
scale_31x21,kc_delta,0,146,56,-45.0,True,21
scale_31x21,kc_delta,0,147,600,-600.0,False,39
scale_31x21,kc_delta,0,148,31,-20.0,True,20
scale_31x21,kc_delta,0,149,600,-600.0,False,38
scale_31x21,kc_delta,0,150,242,-231.0,True,20
scale_31x21,kc_delta,0,151,600,-600.0,False,53
scale_31x21,kc_delta,0,152,106,-95.0,True,17
scale_31x21,kc_delta,0,153,29,-18.0,True,13
scale_31x21,kc_delta,0,154,600,-600.0,False,45
scale_31x21,kc_delta,0,155,600,-600.0,False,23
scale_31x21,kc_delta,0,156,42,-31.0,True,20
scale_31x21,kc_delta,0,157,151,-140.0,True,22
scale_31x21,kc_delta,0,158,474,-463.0,True,33
scale_31x21,kc_delta,0,159,600,-600.0,False,35
scale_31x21,kc_delta,0,160,425,-414.0,True,34
scale_31x21,kc_delta,0,161,600,-600.0,False,51
scale_31x21,kc_delta,0,162,2,9.0,True,2
scale_31x21,kc_delta,0,163,4,7.0,True,4
scale_31x21,kc_delta,0,164,600,-600.0,False,51
scale_31x21,kc_delta,0,165,600,-600.0,False,56
scale_31x21,kc_delta,0,166,377,-366.0,True,25
scale_31x21,kc_delta,0,167,600,-600.0,False,49
scale_31x21,kc_delta,0,168,104,-93.0,True,24
scale_31x21,kc_delta,0,169,600,-600.0,False,33
scale_31x21,kc_delta,0,170,600,-600.0,False,39
scale_31x21,kc_delta,0,171,23,-12.0,True,19
scale_31x21,kc_delta,0,172,10,1.0,True,10
scale_31x21,kc_delta,0,173,600,-600.0,False,26
scale_31x21,kc_delta,0,174,600,-600.0,False,43
scale_31x21,kc_delta,0,175,600,-600.0,False,45
scale_31x21,kc_delta,0,176,33,-22.0,True,24
scale_31x21,kc_delta,0,177,600,-600.0,False,51
scale_31x21,kc_delta,0,178,600,-600.0,False,54
scale_31x21,kc_delta,0,179,600,-600.0,False,46
scale_31x21,kc_delta,0,180,600,-600.0,False,46
scale_31x21,kc_delta,0,181,41,-30.0,True,18
scale_31x21,kc_delta,0,182,600,-600.0,False,37
scale_31x21,kc_delta,0,183,600,-600.0,False,53
scale_31x21,kc_delta,0,184,39,-28.0,True,20
scale_31x21,kc_delta,0,185,600,-600.0,False,42
scale_31x21,kc_delta,0,186,600,-600.0,False,36
scale_31x21,kc_delta,0,187,24,-13.0,True,12
scale_31x21,kc_delta,0,188,600,-600.0,False,59
scale_31x21,kc_delta,0,189,600,-600.0,False,53
scale_31x21,kc_delta,0,190,600,-600.0,False,37
scale_31x21,kc_delta,0,191,600,-600.0,False,32
scale_31x21,kc_delta,0,192,46,-35.0,True,15
scale_31x21,kc_delta,0,193,600,-600.0,False,56
scale_31x21,kc_delta,0,194,600,-600.0,False,41
scale_31x21,kc_delta,0,195,272,-261.0,True,26
scale_31x21,kc_delta,0,196,600,-600.0,False,45
scale_31x21,kc_delta,0,197,70,-59.0,True,24
scale_31x21,kc_delta,0,198,89,-78.0,True,17
scale_31x21,kc_delta,0,199,600,-600.0,False,28
scale_31x21,kc_delta,0,200,600,-600.0,False,53
scale_31x21,kc_delta,0,201,600,-600.0,False,43
scale_31x21,kc_delta,0,202,600,-600.0,False,41
scale_31x21,kc_delta,0,203,54,-43.0,True,21
scale_31x21,kc_delta,0,204,600,-600.0,False,44
scale_31x21,kc_delta,0,205,600,-600.0,False,54
scale_31x21,kc_delta,0,206,222,-211.0,True,26
scale_31x21,kc_delta,0,207,600,-600.0,False,36
scale_31x21,kc_delta,0,208,600,-600.0,False,42
scale_31x21,kc_delta,0,209,600,-600.0,False,53
scale_31x21,kc_delta,0,210,600,-600.0,False,54
scale_31x21,kc_delta,0,211,63,-52.0,True,13
scale_31x21,kc_delta,0,212,77,-66.0,True,24
scale_31x21,kc_delta,0,213,600,-600.0,False,36
scale_31x21,kc_delta,0,214,174,-163.0,True,19
scale_31x21,kc_delta,0,215,600,-600.0,False,37
scale_31x21,kc_delta,0,216,600,-600.0,False,42
scale_31x21,kc_delta,0,217,25,-14.0,True,19
scale_31x21,kc_delta,0,218,600,-600.0,False,42
scale_31x21,kc_delta,0,219,242,-231.0,True,33
scale_31x21,kc_delta,0,220,600,-600.0,False,54
scale_31x21,kc_delta,0,221,33,-22.0,True,4
scale_31x21,kc_delta,0,222,600,-600.0,False,55
scale_31x21,kc_delta,0,223,600,-600.0,False,40
scale_31x21,kc_delta,0,224,600,-600.0,False,38
scale_31x21,kc_delta,0,225,600,-600.0,False,37
scale_31x21,kc_delta,0,226,600,-600.0,False,46
scale_31x21,kc_delta,0,227,525,-514.0,True,22
scale_31x21,kc_delta,0,228,600,-600.0,False,53
scale_31x21,kc_delta,0,229,600,-600.0,False,44
scale_31x21,kc_delta,0,230,600,-600.0,False,47
scale_31x21,kc_delta,0,231,449,-438.0,True,25
scale_31x21,kc_delta,0,232,40,-29.0,True,12
scale_31x21,kc_delta,0,233,600,-600.0,False,45
scale_31x21,kc_delta,0,234,600,-600.0,False,40
scale_31x21,kc_delta,0,235,157,-146.0,True,13
scale_31x21,kc_delta,0,236,177,-166.0,True,29
scale_31x21,kc_delta,0,237,28,-17.0,True,25
scale_31x21,kc_delta,0,238,600,-600.0,False,54
scale_31x21,kc_delta,0,239,600,-600.0,False,48
scale_31x21,kc_delta,0,240,600,-600.0,False,32
scale_31x21,kc_delta,0,241,600,-600.0,False,37
scale_31x21,kc_delta,0,242,600,-600.0,False,56
scale_31x21,kc_delta,0,243,600,-600.0,False,32
scale_31x21,kc_delta,0,244,23,-12.0,True,11
scale_31x21,kc_delta,0,245,600,-600.0,False,43
scale_31x21,kc_delta,0,246,600,-600.0,False,34
scale_31x21,kc_delta,0,247,600,-600.0,False,34
scale_31x21,kc_delta,0,248,600,-600.0,False,52
scale_31x21,kc_delta,0,249,99,-88.0,True,28
scale_31x21,kc_delta,0,250,600,-600.0,False,45
scale_31x21,kc_delta,0,251,600,-600.0,False,27
scale_31x21,kc_delta,0,252,600,-600.0,False,41
scale_31x21,kc_delta,0,253,600,-600.0,False,56
scale_31x21,kc_delta,0,254,600,-600.0,False,45
scale_31x21,kc_delta,0,255,600,-600.0,False,42
scale_31x21,kc_delta,0,256,600,-600.0,False,24
scale_31x21,kc_delta,0,257,600,-600.0,False,46
scale_31x21,kc_delta,0,258,600,-600.0,False,33
scale_31x21,kc_delta,0,259,600,-600.0,False,41
scale_31x21,kc_delta,0,260,600,-600.0,False,49
scale_31x21,kc_delta,0,261,51,-40.0,True,29
scale_31x21,kc_delta,0,262,7,4.0,True,7
scale_31x21,kc_delta,0,263,173,-162.0,True,18
scale_31x21,kc_delta,0,264,6,5.0,True,6
scale_31x21,kc_delta,0,265,25,-14.0,True,17
scale_31x21,kc_delta,0,266,600,-600.0,False,39
scale_31x21,kc_delta,0,267,600,-600.0,False,34
scale_31x21,kc_delta,0,268,213,-202.0,True,18
scale_31x21,kc_delta,0,269,600,-600.0,False,49
scale_31x21,kc_delta,0,270,600,-600.0,False,47
scale_31x21,kc_delta,0,271,115,-104.0,True,22
scale_31x21,kc_delta,0,272,85,-74.0,True,23
scale_31x21,kc_delta,0,273,600,-600.0,False,51
scale_31x21,kc_delta,0,274,12,-1.0,True,11
scale_31x21,kc_delta,0,275,58,-47.0,True,14
scale_31x21,kc_delta,0,276,600,-600.0,False,41
scale_31x21,kc_delta,0,277,85,-74.0,True,22
scale_31x21,kc_delta,0,278,600,-600.0,False,35
scale_31x21,kc_delta,0,279,600,-600.0,False,49
scale_31x21,kc_delta,0,280,600,-600.0,False,54
scale_31x21,kc_delta,0,281,55,-44.0,True,20
scale_31x21,kc_delta,0,282,600,-600.0,False,50
scale_31x21,kc_delta,0,283,30,-19.0,True,16
scale_31x21,kc_delta,0,284,8,3.0,True,8
scale_31x21,kc_delta,0,285,37,-26.0,True,17
scale_31x21,kc_delta,0,286,600,-600.0,False,45
scale_31x21,kc_delta,0,287,41,-30.0,True,12
scale_31x21,kc_delta,0,288,600,-600.0,False,54
scale_31x21,kc_delta,0,289,97,-86.0,True,24
scale_31x21,kc_delta,0,290,42,-31.0,True,20
scale_31x21,kc_delta,0,291,600,-600.0,False,51
scale_31x21,kc_delta,0,292,63,-52.0,True,21
scale_31x21,kc_delta,0,293,600,-600.0,False,53
scale_31x21,kc_delta,0,294,600,-600.0,False,54
scale_31x21,kc_delta,0,295,600,-600.0,False,48
scale_31x21,kc_delta,0,296,21,-10.0,True,14
scale_31x21,kc_delta,0,297,12,-1.0,True,12
scale_31x21,kc_delta,0,298,7,4.0,True,6
scale_31x21,kc_delta,0,299,16,-5.0,True,13
scale_31x21,kc_delta,0,300,2,9.0,True,2
scale_31x21,kc_delta,0,301,600,-600.0,False,36
scale_31x21,kc_delta,0,302,214,-203.0,True,28
scale_31x21,kc_delta,0,303,600,-600.0,False,47
scale_31x21,kc_delta,0,304,600,-600.0,False,44
scale_31x21,kc_delta,0,305,505,-494.0,True,18
scale_31x21,kc_delta,0,306,240,-229.0,True,32
scale_31x21,kc_delta,0,307,600,-600.0,False,24
scale_31x21,kc_delta,0,308,600,-600.0,False,46
scale_31x21,kc_delta,0,309,74,-63.0,True,26
scale_31x21,kc_delta,0,310,600,-600.0,False,36
scale_31x21,kc_delta,0,311,18,-7.0,True,10
scale_31x21,kc_delta,0,312,600,-600.0,False,52
scale_31x21,kc_delta,0,313,24,-13.0,True,19
scale_31x21,kc_delta,0,314,600,-600.0,False,38
scale_31x21,kc_delta,0,315,600,-600.0,False,46
scale_31x21,kc_delta,0,316,600,-600.0,False,52
scale_31x21,kc_delta,0,317,600,-600.0,False,49
scale_31x21,kc_delta,0,318,41,-30.0,True,7
scale_31x21,kc_delta,0,319,120,-109.0,True,22
scale_31x21,kc_delta,0,320,32,-21.0,True,22
scale_31x21,kc_delta,0,321,25,-14.0,True,21
scale_31x21,kc_delta,0,322,600,-600.0,False,25
scale_31x21,kc_delta,0,323,600,-600.0,False,53
scale_31x21,kc_delta,0,324,19,-8.0,True,17
scale_31x21,kc_delta,0,325,600,-600.0,False,41
scale_31x21,kc_delta,0,326,15,-4.0,True,15
scale_31x21,kc_delta,0,327,115,-104.0,True,16
scale_31x21,kc_delta,0,328,7,4.0,True,7
scale_31x21,kc_delta,0,329,600,-600.0,False,37
scale_31x21,kc_delta,0,330,245,-234.0,True,30
scale_31x21,kc_delta,0,331,16,-5.0,True,16
scale_31x21,kc_delta,0,332,600,-600.0,False,52
scale_31x21,kc_delta,0,333,102,-91.0,True,24
scale_31x21,kc_delta,0,334,34,-23.0,True,21
scale_31x21,kc_delta,0,335,600,-600.0,False,37
scale_31x21,kc_delta,0,336,600,-600.0,False,53
scale_31x21,kc_delta,0,337,24,-13.0,True,19
scale_31x21,kc_delta,0,338,600,-600.0,False,39
scale_31x21,kc_delta,0,339,10,1.0,True,10
scale_31x21,kc_delta,0,340,12,-1.0,True,12
scale_31x21,kc_delta,0,341,25,-14.0,True,21
scale_31x21,kc_delta,0,342,24,-13.0,True,10
scale_31x21,kc_delta,0,343,600,-600.0,False,54
scale_31x21,kc_delta,0,344,24,-13.0,True,20
scale_31x21,kc_delta,0,345,600,-600.0,False,45
scale_31x21,kc_delta,0,346,600,-600.0,False,52
scale_31x21,kc_delta,0,347,600,-600.0,False,31
scale_31x21,kc_delta,0,348,600,-600.0,False,48
scale_31x21,kc_delta,0,349,12,-1.0,True,12
scale_31x21,kc_delta,0,350,600,-600.0,False,39
scale_31x21,kc_delta,0,351,36,-25.0,True,23
scale_31x21,kc_delta,0,352,31,-20.0,True,23
scale_31x21,kc_delta,0,353,600,-600.0,False,53
scale_31x21,kc_delta,0,354,600,-600.0,False,50
scale_31x21,kc_delta,0,355,65,-54.0,True,25
scale_31x21,kc_delta,0,356,25,-14.0,True,14
scale_31x21,kc_delta,0,357,600,-600.0,False,44
scale_31x21,kc_delta,0,358,600,-600.0,False,52
scale_31x21,kc_delta,0,359,600,-600.0,False,53
scale_31x21,kc_delta,0,360,600,-600.0,False,31
scale_31x21,kc_delta,0,361,600,-600.0,False,49
scale_31x21,kc_delta,0,362,600,-600.0,False,48
scale_31x21,kc_delta,0,363,43,-32.0,True,17
scale_31x21,kc_delta,0,364,600,-600.0,False,53
scale_31x21,kc_delta,0,365,57,-46.0,True,20
scale_31x21,kc_delta,0,366,54,-43.0,True,17
scale_31x21,kc_delta,0,367,21,-10.0,True,15
scale_31x21,kc_delta,0,368,600,-600.0,False,52
scale_31x21,kc_delta,0,369,600,-600.0,False,24
scale_31x21,kc_delta,0,370,512,-501.0,True,35
scale_31x21,kc_delta,0,371,177,-166.0,True,29
scale_31x21,kc_delta,0,372,41,-30.0,True,23
scale_31x21,kc_delta,0,373,600,-600.0,False,58
scale_31x21,kc_delta,0,374,18,-7.0,True,13
scale_31x21,kc_delta,0,375,600,-600.0,False,37
scale_31x21,kc_delta,0,376,600,-600.0,False,54
scale_31x21,kc_delta,0,377,600,-600.0,False,51
scale_31x21,kc_delta,0,378,534,-523.0,True,21
scale_31x21,kc_delta,0,379,197,-186.0,True,19
scale_31x21,kc_delta,0,380,600,-600.0,False,37
scale_31x21,kc_delta,0,381,600,-600.0,False,39
scale_31x21,kc_delta,0,382,600,-600.0,False,37
scale_31x21,kc_delta,0,383,600,-600.0,False,33
scale_31x21,kc_delta,0,384,14,-3.0,True,8
scale_31x21,kc_delta,0,385,19,-8.0,True,17
scale_31x21,kc_delta,0,386,51,-40.0,True,25
scale_31x21,kc_delta,0,387,58,-47.0,True,24
scale_31x21,kc_delta,0,388,600,-600.0,False,51
scale_31x21,kc_delta,0,389,463,-452.0,True,32
scale_31x21,kc_delta,0,390,8,3.0,True,6
scale_31x21,kc_delta,0,391,11,0.0,True,7
scale_31x21,kc_delta,0,392,600,-600.0,False,48
scale_31x21,kc_delta,0,393,600,-600.0,False,37
scale_31x21,kc_delta,0,394,600,-600.0,False,47
scale_31x21,kc_delta,0,395,600,-600.0,False,29
scale_31x21,kc_delta,0,396,10,1.0,True,9
scale_31x21,kc_delta,0,397,25,-14.0,True,24
scale_31x21,kc_delta,0,398,600,-600.0,False,36
scale_31x21,kc_delta,0,399,600,-600.0,False,50
scale_31x21,kc_delta,0,400,35,-24.0,True,25
scale_31x21,kc_delta,0,401,600,-600.0,False,46
scale_31x21,kc_delta,0,402,41,-30.0,True,20
scale_31x21,kc_delta,0,403,600,-600.0,False,52
scale_31x21,kc_delta,0,404,24,-13.0,True,24
scale_31x21,kc_delta,0,405,31,-20.0,True,26
scale_31x21,kc_delta,0,406,600,-600.0,False,33
scale_31x21,kc_delta,0,407,12,-1.0,True,12
scale_31x21,kc_delta,0,408,21,-10.0,True,17
scale_31x21,kc_delta,0,409,600,-600.0,False,29
scale_31x21,kc_delta,0,410,30,-19.0,True,24
scale_31x21,kc_delta,0,411,600,-600.0,False,56
scale_31x21,kc_delta,0,412,600,-600.0,False,53
scale_31x21,kc_delta,0,413,41,-30.0,True,24
scale_31x21,kc_delta,0,414,600,-600.0,False,31
scale_31x21,kc_delta,0,415,55,-44.0,True,26
scale_31x21,kc_delta,0,416,600,-600.0,False,48
scale_31x21,kc_delta,0,417,600,-600.0,False,39
scale_31x21,kc_delta,0,418,600,-600.0,False,45
scale_31x21,kc_delta,0,419,600,-600.0,False,51
scale_31x21,kc_delta,0,420,600,-600.0,False,45
scale_31x21,kc_delta,0,421,38,-27.0,True,21
scale_31x21,kc_delta,0,422,600,-600.0,False,33
scale_31x21,kc_delta,0,423,600,-600.0,False,26
scale_31x21,kc_delta,0,424,600,-600.0,False,57
scale_31x21,kc_delta,0,425,600,-600.0,False,39
scale_31x21,kc_delta,0,426,179,-168.0,True,33
scale_31x21,kc_delta,0,427,600,-600.0,False,48
scale_31x21,kc_delta,0,428,21,-10.0,True,21
scale_31x21,kc_delta,0,429,10,1.0,True,7
scale_31x21,kc_delta,0,430,600,-600.0,False,41
scale_31x21,kc_delta,0,431,10,1.0,True,7
scale_31x21,kc_delta,0,432,35,-24.0,True,13
scale_31x21,kc_delta,0,433,600,-600.0,False,52
scale_31x21,kc_delta,0,434,86,-75.0,True,23
scale_31x21,kc_delta,0,435,25,-14.0,True,20
scale_31x21,kc_delta,0,436,15,-4.0,True,13
scale_31x21,kc_delta,0,437,26,-15.0,True,7
scale_31x21,kc_delta,0,438,600,-600.0,False,29
scale_31x21,kc_delta,0,439,600,-600.0,False,43
scale_31x21,kc_delta,0,440,600,-600.0,False,54
scale_31x21,kc_delta,0,441,600,-600.0,False,40
scale_31x21,kc_delta,0,442,600,-600.0,False,31
scale_31x21,kc_delta,0,443,74,-63.0,True,12
scale_31x21,kc_delta,0,444,600,-600.0,False,56
scale_31x21,kc_delta,0,445,9,2.0,True,8
scale_31x21,kc_delta,0,446,46,-35.0,True,20
scale_31x21,kc_delta,0,447,600,-600.0,False,38
scale_31x21,kc_delta,0,448,14,-3.0,True,13
scale_31x21,kc_delta,0,449,36,-25.0,True,18
scale_31x21,kc_delta,0,450,7,4.0,True,7
scale_31x21,kc_delta,0,451,600,-600.0,False,46
scale_31x21,kc_delta,0,452,600,-600.0,False,54
scale_31x21,kc_delta,0,453,600,-600.0,False,30
scale_31x21,kc_delta,0,454,48,-37.0,True,17
scale_31x21,kc_delta,0,455,600,-600.0,False,43
scale_31x21,kc_delta,0,456,16,-5.0,True,14
scale_31x21,kc_delta,0,457,16,-5.0,True,9
scale_31x21,kc_delta,0,458,600,-600.0,False,34
scale_31x21,kc_delta,0,459,16,-5.0,True,16
scale_31x21,kc_delta,0,460,600,-600.0,False,45
scale_31x21,kc_delta,0,461,8,3.0,True,8
scale_31x21,kc_delta,0,462,600,-600.0,False,54
scale_31x21,kc_delta,0,463,16,-5.0,True,10
scale_31x21,kc_delta,0,464,12,-1.0,True,10
scale_31x21,kc_delta,0,465,600,-600.0,False,53
scale_31x21,kc_delta,0,466,21,-10.0,True,13
scale_31x21,kc_delta,0,467,20,-9.0,True,20
scale_31x21,kc_delta,0,468,600,-600.0,False,47
scale_31x21,kc_delta,0,469,600,-600.0,False,47
scale_31x21,kc_delta,0,470,125,-114.0,True,31
scale_31x21,kc_delta,0,471,13,-2.0,True,10
scale_31x21,kc_delta,0,472,600,-600.0,False,53
scale_31x21,kc_delta,0,473,600,-600.0,False,34
scale_31x21,kc_delta,0,474,23,-12.0,True,19
scale_31x21,kc_delta,0,475,114,-103.0,True,26
scale_31x21,kc_delta,0,476,600,-600.0,False,31
scale_31x21,kc_delta,0,477,23,-12.0,True,13
scale_31x21,kc_delta,0,478,600,-600.0,False,44
scale_31x21,kc_delta,0,479,158,-147.0,True,38
scale_31x21,kc_delta,0,480,16,-5.0,True,16
scale_31x21,kc_delta,0,481,27,-16.0,True,23
scale_31x21,kc_delta,0,482,600,-600.0,False,50
scale_31x21,kc_delta,0,483,3,8.0,True,3
scale_31x21,kc_delta,0,484,13,-2.0,True,13
scale_31x21,kc_delta,0,485,600,-600.0,False,35
scale_31x21,kc_delta,0,486,16,-5.0,True,16
scale_31x21,kc_delta,0,487,600,-600.0,False,42
scale_31x21,kc_delta,0,488,16,-5.0,True,16
scale_31x21,kc_delta,0,489,600,-600.0,False,55
scale_31x21,kc_delta,0,490,28,-17.0,True,20
scale_31x21,kc_delta,0,491,600,-600.0,False,41
scale_31x21,kc_delta,0,492,600,-600.0,False,53
scale_31x21,kc_delta,0,493,600,-600.0,False,45
scale_31x21,kc_delta,0,494,139,-128.0,True,27
scale_31x21,kc_delta,0,495,33,-22.0,True,23
scale_31x21,kc_delta,0,496,600,-600.0,False,52
scale_31x21,kc_delta,0,497,161,-150.0,True,39
scale_31x21,kc_delta,0,498,71,-60.0,True,33
scale_31x21,kc_delta,0,499,29,-18.0,True,17
scale_31x21,kc_delta,0,500,600,-600.0,False,51
scale_31x21,kc_delta,0,501,11,0.0,True,11
scale_31x21,kc_delta,0,502,600,-600.0,False,54
scale_31x21,kc_delta,0,503,7,4.0,True,6
scale_31x21,kc_delta,0,504,9,2.0,True,7
scale_31x21,kc_delta,0,505,15,-4.0,True,11
scale_31x21,kc_delta,0,506,201,-190.0,True,22
scale_31x21,kc_delta,0,507,600,-600.0,False,34
scale_31x21,kc_delta,0,508,600,-600.0,False,51
scale_31x21,kc_delta,0,509,600,-600.0,False,47
scale_31x21,kc_delta,0,510,600,-600.0,False,53
scale_31x21,kc_delta,0,511,600,-600.0,False,42
scale_31x21,kc_delta,0,512,45,-34.0,True,21
scale_31x21,kc_delta,0,513,29,-18.0,True,14
scale_31x21,kc_delta,0,514,600,-600.0,False,56
scale_31x21,kc_delta,0,515,600,-600.0,False,52
scale_31x21,kc_delta,0,516,600,-600.0,False,50
scale_31x21,kc_delta,0,517,241,-230.0,True,24
scale_31x21,kc_delta,0,518,47,-36.0,True,22
scale_31x21,kc_delta,0,519,8,3.0,True,7
scale_31x21,kc_delta,0,520,600,-600.0,False,31
scale_31x21,kc_delta,0,521,600,-600.0,False,46
scale_31x21,kc_delta,0,522,8,3.0,True,7
scale_31x21,kc_delta,0,523,77,-66.0,True,32
scale_31x21,kc_delta,0,524,600,-600.0,False,50
scale_31x21,kc_delta,0,525,600,-600.0,False,52
scale_31x21,kc_delta,0,526,56,-45.0,True,24
scale_31x21,kc_delta,0,527,600,-600.0,False,52
scale_31x21,kc_delta,0,528,53,-42.0,True,25
scale_31x21,kc_delta,0,529,600,-600.0,False,43
scale_31x21,kc_delta,0,530,600,-600.0,False,55
scale_31x21,kc_delta,0,531,600,-600.0,False,48
scale_31x21,kc_delta,0,532,11,0.0,True,11
scale_31x21,kc_delta,0,533,600,-600.0,False,32
scale_31x21,kc_delta,0,534,8,3.0,True,8
scale_31x21,kc_delta,0,535,600,-600.0,False,40
scale_31x21,kc_delta,0,536,600,-600.0,False,47
scale_31x21,kc_delta,0,537,600,-600.0,False,46
scale_31x21,kc_delta,0,538,32,-21.0,True,21
scale_31x21,kc_delta,0,539,15,-4.0,True,15
scale_31x21,kc_delta,0,540,600,-600.0,False,28
scale_31x21,kc_delta,0,541,600,-600.0,False,53
scale_31x21,kc_delta,0,542,89,-78.0,True,34
scale_31x21,kc_delta,0,543,34,-23.0,True,20
scale_31x21,kc_delta,0,544,600,-600.0,False,49
scale_31x21,kc_delta,0,545,600,-600.0,False,44
scale_31x21,kc_delta,0,546,55,-44.0,True,23
scale_31x21,kc_delta,0,547,600,-600.0,False,49
scale_31x21,kc_delta,0,548,600,-600.0,False,53
scale_31x21,kc_delta,0,549,67,-56.0,True,26
scale_31x21,kc_delta,0,550,13,-2.0,True,9
scale_31x21,kc_delta,0,551,600,-600.0,False,43
scale_31x21,kc_delta,0,552,600,-600.0,False,56
scale_31x21,kc_delta,0,553,600,-600.0,False,42
scale_31x21,kc_delta,0,554,600,-600.0,False,46
scale_31x21,kc_delta,0,555,600,-600.0,False,44
scale_31x21,kc_delta,0,556,13,-2.0,True,12
scale_31x21,kc_delta,0,557,50,-39.0,True,25
scale_31x21,kc_delta,0,558,600,-600.0,False,38
scale_31x21,kc_delta,0,559,438,-427.0,True,35
scale_31x21,kc_delta,0,560,600,-600.0,False,52
scale_31x21,kc_delta,0,561,600,-600.0,False,43
scale_31x21,kc_delta,0,562,600,-600.0,False,33
scale_31x21,kc_delta,0,563,600,-600.0,False,53
scale_31x21,kc_delta,0,564,600,-600.0,False,40
scale_31x21,kc_delta,0,565,600,-600.0,False,35
scale_31x21,kc_delta,0,566,162,-151.0,True,29
scale_31x21,kc_delta,0,567,600,-600.0,False,51
scale_31x21,kc_delta,0,568,29,-18.0,True,27
scale_31x21,kc_delta,0,569,85,-74.0,True,17
scale_31x21,kc_delta,0,570,130,-119.0,True,26
scale_31x21,kc_delta,0,571,8,3.0,True,8
scale_31x21,kc_delta,0,572,16,-5.0,True,14
scale_31x21,kc_delta,0,573,50,-39.0,True,30
scale_31x21,kc_delta,0,574,600,-600.0,False,45
scale_31x21,kc_delta,0,575,14,-3.0,True,14
scale_31x21,kc_delta,0,576,600,-600.0,False,48
scale_31x21,kc_delta,0,577,332,-321.0,True,36
scale_31x21,kc_delta,0,578,16,-5.0,True,14
scale_31x21,kc_delta,0,579,600,-600.0,False,40
scale_31x21,kc_delta,0,580,20,-9.0,True,14
scale_31x21,kc_delta,0,581,105,-94.0,True,21
scale_31x21,kc_delta,0,582,35,-24.0,True,26
scale_31x21,kc_delta,0,583,600,-600.0,False,44
scale_31x21,kc_delta,0,584,600,-600.0,False,42
scale_31x21,kc_delta,0,585,241,-230.0,True,38
scale_31x21,kc_delta,0,586,600,-600.0,False,50
scale_31x21,kc_delta,0,587,600,-600.0,False,43
scale_31x21,kc_delta,0,588,600,-600.0,False,33
scale_31x21,kc_delta,0,589,600,-600.0,False,47
scale_31x21,kc_delta,0,590,600,-600.0,False,39
scale_31x21,kc_delta,0,591,255,-244.0,True,29
scale_31x21,kc_delta,0,592,600,-600.0,False,45
scale_31x21,kc_delta,0,593,22,-11.0,True,12
scale_31x21,kc_delta,0,594,42,-31.0,True,24
scale_31x21,kc_delta,0,595,600,-600.0,False,47
scale_31x21,kc_delta,0,596,10,1.0,True,10
scale_31x21,kc_delta,0,597,2,9.0,True,2
scale_31x21,kc_delta,0,598,25,-14.0,True,19
scale_31x21,kc_delta,0,599,600,-600.0,False,41
scale_31x21,rand_delta,0,0,600,-600.0,False,45
scale_31x21,rand_delta,0,1,600,-600.0,False,46
scale_31x21,rand_delta,0,2,600,-600.0,False,22
scale_31x21,rand_delta,0,3,372,-361.0,True,19
scale_31x21,rand_delta,0,4,106,-95.0,True,11
scale_31x21,rand_delta,0,5,494,-483.0,True,22
scale_31x21,rand_delta,0,6,600,-600.0,False,43
scale_31x21,rand_delta,0,7,600,-600.0,False,45
scale_31x21,rand_delta,0,8,144,-133.0,True,22
scale_31x21,rand_delta,0,9,600,-600.0,False,46
scale_31x21,rand_delta,0,10,524,-513.0,True,35
scale_31x21,rand_delta,0,11,600,-600.0,False,49
scale_31x21,rand_delta,0,12,122,-111.0,True,23
scale_31x21,rand_delta,0,13,142,-131.0,True,28
scale_31x21,rand_delta,0,14,600,-600.0,False,47
scale_31x21,rand_delta,0,15,24,-13.0,True,17
scale_31x21,rand_delta,0,16,600,-600.0,False,52
scale_31x21,rand_delta,0,17,38,-27.0,True,26
scale_31x21,rand_delta,0,18,600,-600.0,False,54
scale_31x21,rand_delta,0,19,26,-15.0,True,12
scale_31x21,rand_delta,0,20,600,-600.0,False,55
scale_31x21,rand_delta,0,21,106,-95.0,True,25
scale_31x21,rand_delta,0,22,15,-4.0,True,10
scale_31x21,rand_delta,0,23,387,-376.0,True,34
scale_31x21,rand_delta,0,24,17,-6.0,True,8
scale_31x21,rand_delta,0,25,600,-600.0,False,51
scale_31x21,rand_delta,0,26,600,-600.0,False,48
scale_31x21,rand_delta,0,27,119,-108.0,True,6
scale_31x21,rand_delta,0,28,357,-346.0,True,36
scale_31x21,rand_delta,0,29,174,-163.0,True,18
scale_31x21,rand_delta,0,30,600,-600.0,False,52
scale_31x21,rand_delta,0,31,37,-26.0,True,28
scale_31x21,rand_delta,0,32,270,-259.0,True,44
scale_31x21,rand_delta,0,33,600,-600.0,False,45
scale_31x21,rand_delta,0,34,231,-220.0,True,27
scale_31x21,rand_delta,0,35,600,-600.0,False,50
scale_31x21,rand_delta,0,36,214,-203.0,True,20
scale_31x21,rand_delta,0,37,91,-80.0,True,20
scale_31x21,rand_delta,0,38,130,-119.0,True,26
scale_31x21,rand_delta,0,39,284,-273.0,True,31
scale_31x21,rand_delta,0,40,154,-143.0,True,24
scale_31x21,rand_delta,0,41,11,0.0,True,8
scale_31x21,rand_delta,0,42,108,-97.0,True,21
scale_31x21,rand_delta,0,43,172,-161.0,True,37
scale_31x21,rand_delta,0,44,600,-600.0,False,51
scale_31x21,rand_delta,0,45,600,-600.0,False,51
scale_31x21,rand_delta,0,46,150,-139.0,True,13
scale_31x21,rand_delta,0,47,149,-138.0,True,26
scale_31x21,rand_delta,0,48,185,-174.0,True,31
scale_31x21,rand_delta,0,49,600,-600.0,False,44
scale_31x21,rand_delta,0,50,71,-60.0,True,22
scale_31x21,rand_delta,0,51,600,-600.0,False,53
scale_31x21,rand_delta,0,52,6,5.0,True,5
scale_31x21,rand_delta,0,53,442,-431.0,True,36
scale_31x21,rand_delta,0,54,600,-600.0,False,52
scale_31x21,rand_delta,0,55,53,-42.0,True,40
scale_31x21,rand_delta,0,56,600,-600.0,False,48
scale_31x21,rand_delta,0,57,233,-222.0,True,29
scale_31x21,rand_delta,0,58,600,-600.0,False,44
scale_31x21,rand_delta,0,59,600,-600.0,False,49
scale_31x21,rand_delta,0,60,152,-141.0,True,33
scale_31x21,rand_delta,0,61,600,-600.0,False,44
scale_31x21,rand_delta,0,62,600,-600.0,False,50
scale_31x21,rand_delta,0,63,159,-148.0,True,33
scale_31x21,rand_delta,0,64,262,-251.0,True,20
scale_31x21,rand_delta,0,65,39,-28.0,True,13
scale_31x21,rand_delta,0,66,27,-16.0,True,13
scale_31x21,rand_delta,0,67,600,-600.0,False,46
scale_31x21,rand_delta,0,68,73,-62.0,True,25
scale_31x21,rand_delta,0,69,600,-600.0,False,45
scale_31x21,rand_delta,0,70,600,-600.0,False,46
scale_31x21,rand_delta,0,71,600,-600.0,False,55
scale_31x21,rand_delta,0,72,270,-259.0,True,39
scale_31x21,rand_delta,0,73,600,-600.0,False,56
scale_31x21,rand_delta,0,74,600,-600.0,False,50
scale_31x21,rand_delta,0,75,80,-69.0,True,21
scale_31x21,rand_delta,0,76,18,-7.0,True,13
scale_31x21,rand_delta,0,77,600,-600.0,False,47
scale_31x21,rand_delta,0,78,600,-600.0,False,43
scale_31x21,rand_delta,0,79,235,-224.0,True,25
scale_31x21,rand_delta,0,80,234,-223.0,True,20
scale_31x21,rand_delta,0,81,50,-39.0,True,21
scale_31x21,rand_delta,0,82,127,-116.0,True,18
scale_31x21,rand_delta,0,83,600,-600.0,False,54
scale_31x21,rand_delta,0,84,600,-600.0,False,53
scale_31x21,rand_delta,0,85,146,-135.0,True,35
scale_31x21,rand_delta,0,86,600,-600.0,False,47
scale_31x21,rand_delta,0,87,600,-600.0,False,43
scale_31x21,rand_delta,0,88,154,-143.0,True,19
scale_31x21,rand_delta,0,89,64,-53.0,True,21
scale_31x21,rand_delta,0,90,41,-30.0,True,19
scale_31x21,rand_delta,0,91,76,-65.0,True,29
scale_31x21,rand_delta,0,92,36,-25.0,True,19
scale_31x21,rand_delta,0,93,600,-600.0,False,52
scale_31x21,rand_delta,0,94,347,-336.0,True,44
scale_31x21,rand_delta,0,95,32,-21.0,True,20
scale_31x21,rand_delta,0,96,115,-104.0,True,26
scale_31x21,rand_delta,0,97,35,-24.0,True,24
scale_31x21,rand_delta,0,98,600,-600.0,False,42
scale_31x21,rand_delta,0,99,329,-318.0,True,40
scale_31x21,rand_delta,0,100,600,-600.0,False,55
scale_31x21,rand_delta,0,101,78,-67.0,True,19
scale_31x21,rand_delta,0,102,3,8.0,True,3
scale_31x21,rand_delta,0,103,600,-600.0,False,51
scale_31x21,rand_delta,0,104,489,-478.0,True,45
scale_31x21,rand_delta,0,105,4,7.0,True,4
scale_31x21,rand_delta,0,106,43,-32.0,True,35
scale_31x21,rand_delta,0,107,600,-600.0,False,57
scale_31x21,rand_delta,0,108,600,-600.0,False,56
scale_31x21,rand_delta,0,109,600,-600.0,False,47
scale_31x21,rand_delta,0,110,96,-85.0,True,28
scale_31x21,rand_delta,0,111,600,-600.0,False,43
scale_31x21,rand_delta,0,112,600,-600.0,False,54
scale_31x21,rand_delta,0,113,113,-102.0,True,33
scale_31x21,rand_delta,0,114,329,-318.0,True,37
scale_31x21,rand_delta,0,115,54,-43.0,True,26
scale_31x21,rand_delta,0,116,600,-600.0,False,38
scale_31x21,rand_delta,0,117,600,-600.0,False,52
scale_31x21,rand_delta,0,118,320,-309.0,True,46
scale_31x21,rand_delta,0,119,74,-63.0,True,32
scale_31x21,rand_delta,0,120,168,-157.0,True,32
scale_31x21,rand_delta,0,121,56,-45.0,True,42
scale_31x21,rand_delta,0,122,600,-600.0,False,51
scale_31x21,rand_delta,0,123,18,-7.0,True,18
scale_31x21,rand_delta,0,124,128,-117.0,True,40
scale_31x21,rand_delta,0,125,332,-321.0,True,48
scale_31x21,rand_delta,0,126,141,-130.0,True,34
scale_31x21,rand_delta,0,127,600,-600.0,False,56
scale_31x21,rand_delta,0,128,600,-600.0,False,44
scale_31x21,rand_delta,0,129,600,-600.0,False,51
scale_31x21,rand_delta,0,130,404,-393.0,True,23
scale_31x21,rand_delta,0,131,7,4.0,True,7
scale_31x21,rand_delta,0,132,250,-239.0,True,34
scale_31x21,rand_delta,0,133,95,-84.0,True,29
scale_31x21,rand_delta,0,134,78,-67.0,True,26
scale_31x21,rand_delta,0,135,52,-41.0,True,26
scale_31x21,rand_delta,0,136,35,-24.0,True,20
scale_31x21,rand_delta,0,137,46,-35.0,True,26
scale_31x21,rand_delta,0,138,600,-600.0,False,49
scale_31x21,rand_delta,0,139,124,-113.0,True,40
scale_31x21,rand_delta,0,140,40,-29.0,True,37
scale_31x21,rand_delta,0,141,600,-600.0,False,51
scale_31x21,rand_delta,0,142,600,-600.0,False,38
scale_31x21,rand_delta,0,143,175,-164.0,True,44
scale_31x21,rand_delta,0,144,45,-34.0,True,44
scale_31x21,rand_delta,0,145,65,-54.0,True,34
scale_31x21,rand_delta,0,146,21,-10.0,True,21
scale_31x21,rand_delta,0,147,600,-600.0,False,39
scale_31x21,rand_delta,0,148,22,-11.0,True,20
scale_31x21,rand_delta,0,149,56,-45.0,True,38
scale_31x21,rand_delta,0,150,37,-26.0,True,20
scale_31x21,rand_delta,0,151,600,-600.0,False,53
scale_31x21,rand_delta,0,152,54,-43.0,True,17
scale_31x21,rand_delta,0,153,13,-2.0,True,13
scale_31x21,rand_delta,0,154,48,-37.0,True,45
scale_31x21,rand_delta,0,155,34,-23.0,True,23
scale_31x21,rand_delta,0,156,41,-30.0,True,20
scale_31x21,rand_delta,0,157,52,-41.0,True,22
scale_31x21,rand_delta,0,158,41,-30.0,True,33
scale_31x21,rand_delta,0,159,39,-28.0,True,35
scale_31x21,rand_delta,0,160,34,-23.0,True,34
scale_31x21,rand_delta,0,161,600,-600.0,False,51
scale_31x21,rand_delta,0,162,2,9.0,True,2
scale_31x21,rand_delta,0,163,4,7.0,True,4
scale_31x21,rand_delta,0,164,600,-600.0,False,51
scale_31x21,rand_delta,0,165,600,-600.0,False,56
scale_31x21,rand_delta,0,166,32,-21.0,True,25
scale_31x21,rand_delta,0,167,600,-600.0,False,49
scale_31x21,rand_delta,0,168,62,-51.0,True,24
scale_31x21,rand_delta,0,169,184,-173.0,True,33
scale_31x21,rand_delta,0,170,51,-40.0,True,39
scale_31x21,rand_delta,0,171,19,-8.0,True,19
scale_31x21,rand_delta,0,172,10,1.0,True,10
scale_31x21,rand_delta,0,173,63,-52.0,True,26
scale_31x21,rand_delta,0,174,600,-600.0,False,43
scale_31x21,rand_delta,0,175,60,-49.0,True,45
scale_31x21,rand_delta,0,176,54,-43.0,True,24
scale_31x21,rand_delta,0,177,600,-600.0,False,51
scale_31x21,rand_delta,0,178,600,-600.0,False,54
scale_31x21,rand_delta,0,179,600,-600.0,False,46
scale_31x21,rand_delta,0,180,600,-600.0,False,46
scale_31x21,rand_delta,0,181,18,-7.0,True,18
scale_31x21,rand_delta,0,182,71,-60.0,True,37
scale_31x21,rand_delta,0,183,600,-600.0,False,53
scale_31x21,rand_delta,0,184,22,-11.0,True,20
scale_31x21,rand_delta,0,185,600,-600.0,False,42
scale_31x21,rand_delta,0,186,51,-40.0,True,36
scale_31x21,rand_delta,0,187,12,-1.0,True,12
scale_31x21,rand_delta,0,188,600,-600.0,False,59
scale_31x21,rand_delta,0,189,600,-600.0,False,53
scale_31x21,rand_delta,0,190,281,-270.0,True,37
scale_31x21,rand_delta,0,191,110,-99.0,True,32
scale_31x21,rand_delta,0,192,15,-4.0,True,15
scale_31x21,rand_delta,0,193,600,-600.0,False,56
scale_31x21,rand_delta,0,194,600,-600.0,False,41
scale_31x21,rand_delta,0,195,54,-43.0,True,26
scale_31x21,rand_delta,0,196,600,-600.0,False,45
scale_31x21,rand_delta,0,197,27,-16.0,True,24
scale_31x21,rand_delta,0,198,21,-10.0,True,17
scale_31x21,rand_delta,0,199,42,-31.0,True,28
scale_31x21,rand_delta,0,200,600,-600.0,False,53
scale_31x21,rand_delta,0,201,600,-600.0,False,43
scale_31x21,rand_delta,0,202,600,-600.0,False,41
scale_31x21,rand_delta,0,203,39,-28.0,True,21
scale_31x21,rand_delta,0,204,600,-600.0,False,44
scale_31x21,rand_delta,0,205,600,-600.0,False,54
scale_31x21,rand_delta,0,206,62,-51.0,True,26
scale_31x21,rand_delta,0,207,112,-101.0,True,36
scale_31x21,rand_delta,0,208,600,-600.0,False,42
scale_31x21,rand_delta,0,209,600,-600.0,False,53
scale_31x21,rand_delta,0,210,600,-600.0,False,54
scale_31x21,rand_delta,0,211,13,-2.0,True,13
scale_31x21,rand_delta,0,212,69,-58.0,True,24
scale_31x21,rand_delta,0,213,70,-59.0,True,36
scale_31x21,rand_delta,0,214,19,-8.0,True,19
scale_31x21,rand_delta,0,215,51,-40.0,True,37
scale_31x21,rand_delta,0,216,432,-421.0,True,42
scale_31x21,rand_delta,0,217,19,-8.0,True,19
scale_31x21,rand_delta,0,218,43,-32.0,True,42
scale_31x21,rand_delta,0,219,40,-29.0,True,33
scale_31x21,rand_delta,0,220,600,-600.0,False,54
scale_31x21,rand_delta,0,221,4,7.0,True,4
scale_31x21,rand_delta,0,222,600,-600.0,False,55
scale_31x21,rand_delta,0,223,136,-125.0,True,40
scale_31x21,rand_delta,0,224,41,-30.0,True,38
scale_31x21,rand_delta,0,225,43,-32.0,True,37
scale_31x21,rand_delta,0,226,600,-600.0,False,46
scale_31x21,rand_delta,0,227,41,-30.0,True,22
scale_31x21,rand_delta,0,228,600,-600.0,False,53
scale_31x21,rand_delta,0,229,600,-600.0,False,44
scale_31x21,rand_delta,0,230,129,-118.0,True,47
scale_31x21,rand_delta,0,231,26,-15.0,True,25
scale_31x21,rand_delta,0,232,18,-7.0,True,12
scale_31x21,rand_delta,0,233,600,-600.0,False,45
scale_31x21,rand_delta,0,234,102,-91.0,True,40
scale_31x21,rand_delta,0,235,29,-18.0,True,13
scale_31x21,rand_delta,0,236,34,-23.0,True,29
scale_31x21,rand_delta,0,237,25,-14.0,True,25
scale_31x21,rand_delta,0,238,600,-600.0,False,54
scale_31x21,rand_delta,0,239,600,-600.0,False,48
scale_31x21,rand_delta,0,240,83,-72.0,True,32
scale_31x21,rand_delta,0,241,56,-45.0,True,37
scale_31x21,rand_delta,0,242,600,-600.0,False,56
scale_31x21,rand_delta,0,243,272,-261.0,True,32
scale_31x21,rand_delta,0,244,11,0.0,True,11
scale_31x21,rand_delta,0,245,600,-600.0,False,43
scale_31x21,rand_delta,0,246,70,-59.0,True,34
scale_31x21,rand_delta,0,247,50,-39.0,True,34
scale_31x21,rand_delta,0,248,600,-600.0,False,52
scale_31x21,rand_delta,0,249,28,-17.0,True,28
scale_31x21,rand_delta,0,250,600,-600.0,False,45
scale_31x21,rand_delta,0,251,27,-16.0,True,27
scale_31x21,rand_delta,0,252,46,-35.0,True,41
scale_31x21,rand_delta,0,253,600,-600.0,False,56
scale_31x21,rand_delta,0,254,600,-600.0,False,45
scale_31x21,rand_delta,0,255,600,-600.0,False,42
scale_31x21,rand_delta,0,256,38,-27.0,True,24
scale_31x21,rand_delta,0,257,600,-600.0,False,46
scale_31x21,rand_delta,0,258,62,-51.0,True,33
scale_31x21,rand_delta,0,259,600,-600.0,False,41
scale_31x21,rand_delta,0,260,600,-600.0,False,49
scale_31x21,rand_delta,0,261,29,-18.0,True,29
scale_31x21,rand_delta,0,262,7,4.0,True,7
scale_31x21,rand_delta,0,263,18,-7.0,True,18
scale_31x21,rand_delta,0,264,6,5.0,True,6
scale_31x21,rand_delta,0,265,17,-6.0,True,17
scale_31x21,rand_delta,0,266,246,-235.0,True,39
scale_31x21,rand_delta,0,267,42,-31.0,True,34
scale_31x21,rand_delta,0,268,28,-17.0,True,18
scale_31x21,rand_delta,0,269,600,-600.0,False,49
scale_31x21,rand_delta,0,270,600,-600.0,False,47
scale_31x21,rand_delta,0,271,83,-72.0,True,22
scale_31x21,rand_delta,0,272,49,-38.0,True,23
scale_31x21,rand_delta,0,273,600,-600.0,False,51
scale_31x21,rand_delta,0,274,16,-5.0,True,11
scale_31x21,rand_delta,0,275,16,-5.0,True,14
scale_31x21,rand_delta,0,276,389,-378.0,True,41
scale_31x21,rand_delta,0,277,23,-12.0,True,22
scale_31x21,rand_delta,0,278,36,-25.0,True,35
scale_31x21,rand_delta,0,279,468,-457.0,True,49
scale_31x21,rand_delta,0,280,600,-600.0,False,54
scale_31x21,rand_delta,0,281,25,-14.0,True,20
scale_31x21,rand_delta,0,282,600,-600.0,False,50
scale_31x21,rand_delta,0,283,16,-5.0,True,16
scale_31x21,rand_delta,0,284,8,3.0,True,8
scale_31x21,rand_delta,0,285,17,-6.0,True,17
scale_31x21,rand_delta,0,286,600,-600.0,False,45
scale_31x21,rand_delta,0,287,12,-1.0,True,12
scale_31x21,rand_delta,0,288,600,-600.0,False,54
scale_31x21,rand_delta,0,289,26,-15.0,True,24
scale_31x21,rand_delta,0,290,20,-9.0,True,20
scale_31x21,rand_delta,0,291,361,-350.0,True,51
scale_31x21,rand_delta,0,292,21,-10.0,True,21
scale_31x21,rand_delta,0,293,58,-47.0,True,53
scale_31x21,rand_delta,0,294,600,-600.0,False,54
scale_31x21,rand_delta,0,295,600,-600.0,False,48
scale_31x21,rand_delta,0,296,15,-4.0,True,14
scale_31x21,rand_delta,0,297,12,-1.0,True,12
scale_31x21,rand_delta,0,298,6,5.0,True,6
scale_31x21,rand_delta,0,299,13,-2.0,True,13
scale_31x21,rand_delta,0,300,2,9.0,True,2
scale_31x21,rand_delta,0,301,42,-31.0,True,36
scale_31x21,rand_delta,0,302,116,-105.0,True,28
scale_31x21,rand_delta,0,303,152,-141.0,True,47
scale_31x21,rand_delta,0,304,97,-86.0,True,44
scale_31x21,rand_delta,0,305,18,-7.0,True,18
scale_31x21,rand_delta,0,306,33,-22.0,True,32
scale_31x21,rand_delta,0,307,31,-20.0,True,24
scale_31x21,rand_delta,0,308,600,-600.0,False,46
scale_31x21,rand_delta,0,309,26,-15.0,True,26
scale_31x21,rand_delta,0,310,93,-82.0,True,36
scale_31x21,rand_delta,0,311,10,1.0,True,10
scale_31x21,rand_delta,0,312,600,-600.0,False,52
scale_31x21,rand_delta,0,313,19,-8.0,True,19
scale_31x21,rand_delta,0,314,38,-27.0,True,38
scale_31x21,rand_delta,0,315,600,-600.0,False,46
scale_31x21,rand_delta,0,316,600,-600.0,False,52
scale_31x21,rand_delta,0,317,600,-600.0,False,49
scale_31x21,rand_delta,0,318,7,4.0,True,7
scale_31x21,rand_delta,0,319,23,-12.0,True,22
scale_31x21,rand_delta,0,320,41,-30.0,True,22
scale_31x21,rand_delta,0,321,21,-10.0,True,21
scale_31x21,rand_delta,0,322,25,-14.0,True,25
scale_31x21,rand_delta,0,323,600,-600.0,False,53
scale_31x21,rand_delta,0,324,17,-6.0,True,17
scale_31x21,rand_delta,0,325,224,-213.0,True,41
scale_31x21,rand_delta,0,326,15,-4.0,True,15
scale_31x21,rand_delta,0,327,26,-15.0,True,16
scale_31x21,rand_delta,0,328,7,4.0,True,7
scale_31x21,rand_delta,0,329,60,-49.0,True,37
scale_31x21,rand_delta,0,330,32,-21.0,True,30
scale_31x21,rand_delta,0,331,16,-5.0,True,16
scale_31x21,rand_delta,0,332,600,-600.0,False,52
scale_31x21,rand_delta,0,333,39,-28.0,True,24
scale_31x21,rand_delta,0,334,22,-11.0,True,21
scale_31x21,rand_delta,0,335,47,-36.0,True,37
scale_31x21,rand_delta,0,336,600,-600.0,False,53
scale_31x21,rand_delta,0,337,19,-8.0,True,19
scale_31x21,rand_delta,0,338,39,-28.0,True,39
scale_31x21,rand_delta,0,339,10,1.0,True,10
scale_31x21,rand_delta,0,340,12,-1.0,True,12
scale_31x21,rand_delta,0,341,24,-13.0,True,21
scale_31x21,rand_delta,0,342,10,1.0,True,10
scale_31x21,rand_delta,0,343,600,-600.0,False,54
scale_31x21,rand_delta,0,344,30,-19.0,True,20
scale_31x21,rand_delta,0,345,600,-600.0,False,45
scale_31x21,rand_delta,0,346,265,-254.0,True,52
scale_31x21,rand_delta,0,347,44,-33.0,True,31
scale_31x21,rand_delta,0,348,77,-66.0,True,48
scale_31x21,rand_delta,0,349,14,-3.0,True,12
scale_31x21,rand_delta,0,350,40,-29.0,True,39
scale_31x21,rand_delta,0,351,23,-12.0,True,23
scale_31x21,rand_delta,0,352,23,-12.0,True,23
scale_31x21,rand_delta,0,353,600,-600.0,False,53
scale_31x21,rand_delta,0,354,50,-39.0,True,50
scale_31x21,rand_delta,0,355,99,-88.0,True,25
scale_31x21,rand_delta,0,356,17,-6.0,True,14
scale_31x21,rand_delta,0,357,600,-600.0,False,44
scale_31x21,rand_delta,0,358,600,-600.0,False,52
scale_31x21,rand_delta,0,359,600,-600.0,False,53
scale_31x21,rand_delta,0,360,33,-22.0,True,31
scale_31x21,rand_delta,0,361,600,-600.0,False,49
scale_31x21,rand_delta,0,362,50,-39.0,True,48
scale_31x21,rand_delta,0,363,31,-20.0,True,17
scale_31x21,rand_delta,0,364,600,-600.0,False,53
scale_31x21,rand_delta,0,365,23,-12.0,True,20
scale_31x21,rand_delta,0,366,18,-7.0,True,17
scale_31x21,rand_delta,0,367,17,-6.0,True,15
scale_31x21,rand_delta,0,368,88,-77.0,True,52
scale_31x21,rand_delta,0,369,24,-13.0,True,24
scale_31x21,rand_delta,0,370,58,-47.0,True,35
scale_31x21,rand_delta,0,371,29,-18.0,True,29
scale_31x21,rand_delta,0,372,23,-12.0,True,23
scale_31x21,rand_delta,0,373,600,-600.0,False,58
scale_31x21,rand_delta,0,374,16,-5.0,True,13
scale_31x21,rand_delta,0,375,45,-34.0,True,37
scale_31x21,rand_delta,0,376,600,-600.0,False,54
scale_31x21,rand_delta,0,377,478,-467.0,True,51
scale_31x21,rand_delta,0,378,21,-10.0,True,21
scale_31x21,rand_delta,0,379,19,-8.0,True,19
scale_31x21,rand_delta,0,380,38,-27.0,True,37
scale_31x21,rand_delta,0,381,39,-28.0,True,39
scale_31x21,rand_delta,0,382,37,-26.0,True,37
scale_31x21,rand_delta,0,383,41,-30.0,True,33
scale_31x21,rand_delta,0,384,8,3.0,True,8
scale_31x21,rand_delta,0,385,17,-6.0,True,17
scale_31x21,rand_delta,0,386,25,-14.0,True,25
scale_31x21,rand_delta,0,387,24,-13.0,True,24
scale_31x21,rand_delta,0,388,600,-600.0,False,51
scale_31x21,rand_delta,0,389,35,-24.0,True,32
scale_31x21,rand_delta,0,390,6,5.0,True,6
scale_31x21,rand_delta,0,391,9,2.0,True,7
scale_31x21,rand_delta,0,392,48,-37.0,True,48
scale_31x21,rand_delta,0,393,40,-29.0,True,37
scale_31x21,rand_delta,0,394,48,-37.0,True,47
scale_31x21,rand_delta,0,395,32,-21.0,True,29
scale_31x21,rand_delta,0,396,9,2.0,True,9
scale_31x21,rand_delta,0,397,24,-13.0,True,24
scale_31x21,rand_delta,0,398,36,-25.0,True,36
scale_31x21,rand_delta,0,399,600,-600.0,False,50
scale_31x21,rand_delta,0,400,29,-18.0,True,25
scale_31x21,rand_delta,0,401,600,-600.0,False,46
scale_31x21,rand_delta,0,402,21,-10.0,True,20
scale_31x21,rand_delta,0,403,600,-600.0,False,52
scale_31x21,rand_delta,0,404,41,-30.0,True,24
scale_31x21,rand_delta,0,405,28,-17.0,True,26
scale_31x21,rand_delta,0,406,51,-40.0,True,33
scale_31x21,rand_delta,0,407,14,-3.0,True,12
scale_31x21,rand_delta,0,408,17,-6.0,True,17
scale_31x21,rand_delta,0,409,30,-19.0,True,29
scale_31x21,rand_delta,0,410,24,-13.0,True,24
scale_31x21,rand_delta,0,411,600,-600.0,False,56
scale_31x21,rand_delta,0,412,600,-600.0,False,53
scale_31x21,rand_delta,0,413,24,-13.0,True,24
scale_31x21,rand_delta,0,414,31,-20.0,True,31
scale_31x21,rand_delta,0,415,33,-22.0,True,26
scale_31x21,rand_delta,0,416,48,-37.0,True,48
scale_31x21,rand_delta,0,417,41,-30.0,True,39
scale_31x21,rand_delta,0,418,600,-600.0,False,45
scale_31x21,rand_delta,0,419,62,-51.0,True,51
scale_31x21,rand_delta,0,420,600,-600.0,False,45
scale_31x21,rand_delta,0,421,21,-10.0,True,21
scale_31x21,rand_delta,0,422,188,-177.0,True,33
scale_31x21,rand_delta,0,423,26,-15.0,True,26
scale_31x21,rand_delta,0,424,600,-600.0,False,57
scale_31x21,rand_delta,0,425,44,-33.0,True,39
scale_31x21,rand_delta,0,426,33,-22.0,True,33
scale_31x21,rand_delta,0,427,600,-600.0,False,48
scale_31x21,rand_delta,0,428,23,-12.0,True,21
scale_31x21,rand_delta,0,429,7,4.0,True,7
scale_31x21,rand_delta,0,430,41,-30.0,True,41
scale_31x21,rand_delta,0,431,7,4.0,True,7
scale_31x21,rand_delta,0,432,13,-2.0,True,13
scale_31x21,rand_delta,0,433,54,-43.0,True,52
scale_31x21,rand_delta,0,434,23,-12.0,True,23
scale_31x21,rand_delta,0,435,21,-10.0,True,20
scale_31x21,rand_delta,0,436,13,-2.0,True,13
scale_31x21,rand_delta,0,437,7,4.0,True,7
scale_31x21,rand_delta,0,438,29,-18.0,True,29
scale_31x21,rand_delta,0,439,600,-600.0,False,43
scale_31x21,rand_delta,0,440,212,-201.0,True,54
scale_31x21,rand_delta,0,441,40,-29.0,True,40
scale_31x21,rand_delta,0,442,33,-22.0,True,31
scale_31x21,rand_delta,0,443,12,-1.0,True,12
scale_31x21,rand_delta,0,444,600,-600.0,False,56
scale_31x21,rand_delta,0,445,12,-1.0,True,8
scale_31x21,rand_delta,0,446,23,-12.0,True,20
scale_31x21,rand_delta,0,447,41,-30.0,True,38
scale_31x21,rand_delta,0,448,13,-2.0,True,13
scale_31x21,rand_delta,0,449,18,-7.0,True,18
scale_31x21,rand_delta,0,450,7,4.0,True,7
scale_31x21,rand_delta,0,451,600,-600.0,False,46
scale_31x21,rand_delta,0,452,600,-600.0,False,54
scale_31x21,rand_delta,0,453,30,-19.0,True,30
scale_31x21,rand_delta,0,454,17,-6.0,True,17
scale_31x21,rand_delta,0,455,600,-600.0,False,43
scale_31x21,rand_delta,0,456,14,-3.0,True,14
scale_31x21,rand_delta,0,457,9,2.0,True,9
scale_31x21,rand_delta,0,458,41,-30.0,True,34
scale_31x21,rand_delta,0,459,16,-5.0,True,16
scale_31x21,rand_delta,0,460,600,-600.0,False,45
scale_31x21,rand_delta,0,461,8,3.0,True,8
scale_31x21,rand_delta,0,462,600,-600.0,False,54
scale_31x21,rand_delta,0,463,15,-4.0,True,10
scale_31x21,rand_delta,0,464,12,-1.0,True,10
scale_31x21,rand_delta,0,465,53,-42.0,True,53
scale_31x21,rand_delta,0,466,13,-2.0,True,13
scale_31x21,rand_delta,0,467,20,-9.0,True,20
scale_31x21,rand_delta,0,468,600,-600.0,False,47
scale_31x21,rand_delta,0,469,47,-36.0,True,47
scale_31x21,rand_delta,0,470,79,-68.0,True,31
scale_31x21,rand_delta,0,471,10,1.0,True,10
scale_31x21,rand_delta,0,472,600,-600.0,False,53
scale_31x21,rand_delta,0,473,42,-31.0,True,34
scale_31x21,rand_delta,0,474,19,-8.0,True,19
scale_31x21,rand_delta,0,475,26,-15.0,True,26
scale_31x21,rand_delta,0,476,35,-24.0,True,31
scale_31x21,rand_delta,0,477,17,-6.0,True,13
scale_31x21,rand_delta,0,478,600,-600.0,False,44
scale_31x21,rand_delta,0,479,38,-27.0,True,38
scale_31x21,rand_delta,0,480,16,-5.0,True,16
scale_31x21,rand_delta,0,481,23,-12.0,True,23
scale_31x21,rand_delta,0,482,50,-39.0,True,50
scale_31x21,rand_delta,0,483,3,8.0,True,3
scale_31x21,rand_delta,0,484,13,-2.0,True,13
scale_31x21,rand_delta,0,485,135,-124.0,True,35
scale_31x21,rand_delta,0,486,18,-7.0,True,16
scale_31x21,rand_delta,0,487,42,-31.0,True,42
scale_31x21,rand_delta,0,488,16,-5.0,True,16
scale_31x21,rand_delta,0,489,600,-600.0,False,55
scale_31x21,rand_delta,0,490,25,-14.0,True,20
scale_31x21,rand_delta,0,491,41,-30.0,True,41
scale_31x21,rand_delta,0,492,600,-600.0,False,53
scale_31x21,rand_delta,0,493,600,-600.0,False,45
scale_31x21,rand_delta,0,494,55,-44.0,True,27
scale_31x21,rand_delta,0,495,25,-14.0,True,23
scale_31x21,rand_delta,0,496,593,-582.0,True,52
scale_31x21,rand_delta,0,497,39,-28.0,True,39
scale_31x21,rand_delta,0,498,33,-22.0,True,33
scale_31x21,rand_delta,0,499,17,-6.0,True,17
scale_31x21,rand_delta,0,500,51,-40.0,True,51
scale_31x21,rand_delta,0,501,11,0.0,True,11
scale_31x21,rand_delta,0,502,600,-600.0,False,54
scale_31x21,rand_delta,0,503,6,5.0,True,6
scale_31x21,rand_delta,0,504,9,2.0,True,7
scale_31x21,rand_delta,0,505,17,-6.0,True,11
scale_31x21,rand_delta,0,506,22,-11.0,True,22
scale_31x21,rand_delta,0,507,34,-23.0,True,34
scale_31x21,rand_delta,0,508,600,-600.0,False,51
scale_31x21,rand_delta,0,509,50,-39.0,True,47
scale_31x21,rand_delta,0,510,600,-600.0,False,53
scale_31x21,rand_delta,0,511,600,-600.0,False,42
scale_31x21,rand_delta,0,512,21,-10.0,True,21
scale_31x21,rand_delta,0,513,25,-14.0,True,14
scale_31x21,rand_delta,0,514,600,-600.0,False,56
scale_31x21,rand_delta,0,515,57,-46.0,True,52
scale_31x21,rand_delta,0,516,600,-600.0,False,50
scale_31x21,rand_delta,0,517,53,-42.0,True,24
scale_31x21,rand_delta,0,518,23,-12.0,True,22
scale_31x21,rand_delta,0,519,7,4.0,True,7
scale_31x21,rand_delta,0,520,47,-36.0,True,31
scale_31x21,rand_delta,0,521,600,-600.0,False,46
scale_31x21,rand_delta,0,522,7,4.0,True,7
scale_31x21,rand_delta,0,523,33,-22.0,True,32
scale_31x21,rand_delta,0,524,600,-600.0,False,50
scale_31x21,rand_delta,0,525,600,-600.0,False,52
scale_31x21,rand_delta,0,526,34,-23.0,True,24
scale_31x21,rand_delta,0,527,600,-600.0,False,52
scale_31x21,rand_delta,0,528,71,-60.0,True,25
scale_31x21,rand_delta,0,529,149,-138.0,True,43
scale_31x21,rand_delta,0,530,600,-600.0,False,55
scale_31x21,rand_delta,0,531,600,-600.0,False,48
scale_31x21,rand_delta,0,532,11,0.0,True,11
scale_31x21,rand_delta,0,533,52,-41.0,True,32
scale_31x21,rand_delta,0,534,8,3.0,True,8
scale_31x21,rand_delta,0,535,41,-30.0,True,40
scale_31x21,rand_delta,0,536,600,-600.0,False,47
scale_31x21,rand_delta,0,537,58,-47.0,True,46
scale_31x21,rand_delta,0,538,23,-12.0,True,21
scale_31x21,rand_delta,0,539,15,-4.0,True,15
scale_31x21,rand_delta,0,540,28,-17.0,True,28
scale_31x21,rand_delta,0,541,600,-600.0,False,53
scale_31x21,rand_delta,0,542,35,-24.0,True,34
scale_31x21,rand_delta,0,543,81,-70.0,True,20
scale_31x21,rand_delta,0,544,600,-600.0,False,49
scale_31x21,rand_delta,0,545,600,-600.0,False,44
scale_31x21,rand_delta,0,546,30,-19.0,True,23
scale_31x21,rand_delta,0,547,67,-56.0,True,49
scale_31x21,rand_delta,0,548,600,-600.0,False,53
scale_31x21,rand_delta,0,549,30,-19.0,True,26
scale_31x21,rand_delta,0,550,9,2.0,True,9
scale_31x21,rand_delta,0,551,600,-600.0,False,43
scale_31x21,rand_delta,0,552,600,-600.0,False,56
scale_31x21,rand_delta,0,553,600,-600.0,False,42
scale_31x21,rand_delta,0,554,60,-49.0,True,46
scale_31x21,rand_delta,0,555,600,-600.0,False,44
scale_31x21,rand_delta,0,556,30,-19.0,True,12
scale_31x21,rand_delta,0,557,27,-16.0,True,25
scale_31x21,rand_delta,0,558,50,-39.0,True,38
scale_31x21,rand_delta,0,559,56,-45.0,True,35
scale_31x21,rand_delta,0,560,600,-600.0,False,52
scale_31x21,rand_delta,0,561,45,-34.0,True,43
scale_31x21,rand_delta,0,562,35,-24.0,True,33
scale_31x21,rand_delta,0,563,600,-600.0,False,53
scale_31x21,rand_delta,0,564,600,-600.0,False,40
scale_31x21,rand_delta,0,565,35,-24.0,True,35
scale_31x21,rand_delta,0,566,32,-21.0,True,29
scale_31x21,rand_delta,0,567,53,-42.0,True,51
scale_31x21,rand_delta,0,568,27,-16.0,True,27
scale_31x21,rand_delta,0,569,17,-6.0,True,17
scale_31x21,rand_delta,0,570,132,-121.0,True,26
scale_31x21,rand_delta,0,571,8,3.0,True,8
scale_31x21,rand_delta,0,572,16,-5.0,True,14
scale_31x21,rand_delta,0,573,30,-19.0,True,30
scale_31x21,rand_delta,0,574,600,-600.0,False,45
scale_31x21,rand_delta,0,575,14,-3.0,True,14
scale_31x21,rand_delta,0,576,48,-37.0,True,48
scale_31x21,rand_delta,0,577,36,-25.0,True,36
scale_31x21,rand_delta,0,578,14,-3.0,True,14
scale_31x21,rand_delta,0,579,600,-600.0,False,40
scale_31x21,rand_delta,0,580,15,-4.0,True,14
scale_31x21,rand_delta,0,581,21,-10.0,True,21
scale_31x21,rand_delta,0,582,34,-23.0,True,26
scale_31x21,rand_delta,0,583,600,-600.0,False,44
scale_31x21,rand_delta,0,584,42,-31.0,True,42
scale_31x21,rand_delta,0,585,41,-30.0,True,38
scale_31x21,rand_delta,0,586,52,-41.0,True,50
scale_31x21,rand_delta,0,587,164,-153.0,True,43
scale_31x21,rand_delta,0,588,33,-22.0,True,33
scale_31x21,rand_delta,0,589,51,-40.0,True,47
scale_31x21,rand_delta,0,590,49,-38.0,True,39
scale_31x21,rand_delta,0,591,32,-21.0,True,29
scale_31x21,rand_delta,0,592,45,-34.0,True,45
scale_31x21,rand_delta,0,593,12,-1.0,True,12
scale_31x21,rand_delta,0,594,24,-13.0,True,24
scale_31x21,rand_delta,0,595,47,-36.0,True,47
scale_31x21,rand_delta,0,596,10,1.0,True,10
scale_31x21,rand_delta,0,597,2,9.0,True,2
scale_31x21,rand_delta,0,598,19,-8.0,True,19
scale_31x21,rand_delta,0,599,42,-31.0,True,41
scale_31x21,qlearning,1,0,600,-600.0,False,27
scale_31x21,qlearning,1,1,305,-294.0,True,15
scale_31x21,qlearning,1,2,6,5.0,True,5
scale_31x21,qlearning,1,3,600,-600.0,False,45
scale_31x21,qlearning,1,4,187,-176.0,True,21
scale_31x21,qlearning,1,5,479,-468.0,True,51
scale_31x21,qlearning,1,6,14,-3.0,True,13
scale_31x21,qlearning,1,7,179,-168.0,True,19
scale_31x21,qlearning,1,8,225,-214.0,True,31
scale_31x21,qlearning,1,9,147,-136.0,True,34
scale_31x21,qlearning,1,10,178,-167.0,True,46
scale_31x21,qlearning,1,11,600,-600.0,False,35
scale_31x21,qlearning,1,12,381,-370.0,True,55
scale_31x21,qlearning,1,13,161,-150.0,True,50
scale_31x21,qlearning,1,14,95,-84.0,True,37
scale_31x21,qlearning,1,15,96,-85.0,True,39
scale_31x21,qlearning,1,16,46,-35.0,True,20
scale_31x21,qlearning,1,17,38,-27.0,True,36
scale_31x21,qlearning,1,18,184,-173.0,True,45
scale_31x21,qlearning,1,19,41,-30.0,True,31
scale_31x21,qlearning,1,20,160,-149.0,True,30
scale_31x21,qlearning,1,21,43,-32.0,True,42
scale_31x21,qlearning,1,22,12,-1.0,True,12
scale_31x21,qlearning,1,23,7,4.0,True,6
scale_31x21,qlearning,1,24,166,-155.0,True,26
scale_31x21,qlearning,1,25,13,-2.0,True,13
scale_31x21,qlearning,1,26,26,-15.0,True,25
scale_31x21,qlearning,1,27,40,-29.0,True,33
scale_31x21,qlearning,1,28,49,-38.0,True,45
scale_31x21,qlearning,1,29,70,-59.0,True,47
scale_31x21,qlearning,1,30,7,4.0,True,7
scale_31x21,qlearning,1,31,31,-20.0,True,29
scale_31x21,qlearning,1,32,28,-17.0,True,28
scale_31x21,qlearning,1,33,29,-18.0,True,29
scale_31x21,qlearning,1,34,35,-24.0,True,34
scale_31x21,qlearning,1,35,9,2.0,True,9
scale_31x21,qlearning,1,36,36,-25.0,True,36
scale_31x21,qlearning,1,37,172,-161.0,True,44
scale_31x21,qlearning,1,38,32,-21.0,True,20
scale_31x21,qlearning,1,39,48,-37.0,True,35
scale_31x21,qlearning,1,40,22,-11.0,True,20
scale_31x21,qlearning,1,41,187,-176.0,True,46
scale_31x21,qlearning,1,42,24,-13.0,True,21
scale_31x21,qlearning,1,43,75,-64.0,True,32
scale_31x21,qlearning,1,44,1,10.0,True,1
scale_31x21,qlearning,1,45,169,-158.0,True,12
scale_31x21,qlearning,1,46,87,-76.0,True,27
scale_31x21,qlearning,1,47,46,-35.0,True,43
scale_31x21,qlearning,1,48,17,-6.0,True,17
scale_31x21,qlearning,1,49,2,9.0,True,2
scale_31x21,qlearning,1,50,65,-54.0,True,53
scale_31x21,qlearning,1,51,210,-199.0,True,40
scale_31x21,qlearning,1,52,55,-44.0,True,53
scale_31x21,qlearning,1,53,38,-27.0,True,38
scale_31x21,qlearning,1,54,24,-13.0,True,21
scale_31x21,qlearning,1,55,37,-26.0,True,36
scale_31x21,qlearning,1,56,39,-28.0,True,39
scale_31x21,qlearning,1,57,28,-17.0,True,26
scale_31x21,qlearning,1,58,15,-4.0,True,15
scale_31x21,qlearning,1,59,7,4.0,True,7
scale_31x21,qlearning,1,60,43,-32.0,True,43
scale_31x21,qlearning,1,61,41,-30.0,True,41
scale_31x21,qlearning,1,62,29,-18.0,True,28
scale_31x21,qlearning,1,63,24,-13.0,True,24
scale_31x21,qlearning,1,64,38,-27.0,True,36
scale_31x21,qlearning,1,65,41,-30.0,True,41
scale_31x21,qlearning,1,66,220,-209.0,True,45
scale_31x21,qlearning,1,67,43,-32.0,True,41
scale_31x21,qlearning,1,68,19,-8.0,True,19
scale_31x21,qlearning,1,69,30,-19.0,True,30
scale_31x21,qlearning,1,70,37,-26.0,True,33
scale_31x21,qlearning,1,71,50,-39.0,True,50
scale_31x21,qlearning,1,72,76,-65.0,True,53
scale_31x21,qlearning,1,73,68,-57.0,True,47
scale_31x21,qlearning,1,74,40,-29.0,True,40
scale_31x21,qlearning,1,75,44,-33.0,True,44
scale_31x21,qlearning,1,76,16,-5.0,True,14
scale_31x21,qlearning,1,77,23,-12.0,True,23
scale_31x21,qlearning,1,78,8,3.0,True,8
scale_31x21,qlearning,1,79,10,1.0,True,9
scale_31x21,qlearning,1,80,39,-28.0,True,39
scale_31x21,qlearning,1,81,75,-64.0,True,45
scale_31x21,qlearning,1,82,32,-21.0,True,30
scale_31x21,qlearning,1,83,129,-118.0,True,54
scale_31x21,qlearning,1,84,32,-21.0,True,30
scale_31x21,qlearning,1,85,44,-33.0,True,40
scale_31x21,qlearning,1,86,32,-21.0,True,32
scale_31x21,qlearning,1,87,46,-35.0,True,46
scale_31x21,qlearning,1,88,51,-40.0,True,49
scale_31x21,qlearning,1,89,55,-44.0,True,54
scale_31x21,qlearning,1,90,13,-2.0,True,13
scale_31x21,qlearning,1,91,38,-27.0,True,25
scale_31x21,qlearning,1,92,3,8.0,True,3
scale_31x21,qlearning,1,93,29,-18.0,True,29
scale_31x21,qlearning,1,94,6,5.0,True,6
scale_31x21,qlearning,1,95,6,5.0,True,6
scale_31x21,qlearning,1,96,220,-209.0,True,55
scale_31x21,qlearning,1,97,10,1.0,True,10
scale_31x21,qlearning,1,98,31,-20.0,True,31
scale_31x21,qlearning,1,99,41,-30.0,True,39
scale_31x21,qlearning,1,100,44,-33.0,True,40
scale_31x21,qlearning,1,101,52,-41.0,True,50
scale_31x21,qlearning,1,102,26,-15.0,True,26
scale_31x21,qlearning,1,103,39,-28.0,True,39
scale_31x21,qlearning,1,104,25,-14.0,True,25
scale_31x21,qlearning,1,105,45,-34.0,True,45
scale_31x21,qlearning,1,106,53,-42.0,True,52
scale_31x21,qlearning,1,107,43,-32.0,True,43
scale_31x21,qlearning,1,108,42,-31.0,True,42
scale_31x21,qlearning,1,109,38,-27.0,True,38
scale_31x21,qlearning,1,110,92,-81.0,True,52
scale_31x21,qlearning,1,111,23,-12.0,True,22
scale_31x21,qlearning,1,112,19,-8.0,True,19
scale_31x21,qlearning,1,113,21,-10.0,True,20
scale_31x21,qlearning,1,114,21,-10.0,True,21
scale_31x21,qlearning,1,115,23,-12.0,True,23
scale_31x21,qlearning,1,116,45,-34.0,True,45
scale_31x21,qlearning,1,117,8,3.0,True,8
scale_31x21,qlearning,1,118,137,-126.0,True,51
scale_31x21,qlearning,1,119,20,-9.0,True,20
scale_31x21,qlearning,1,120,31,-20.0,True,31
scale_31x21,qlearning,1,121,72,-61.0,True,46
scale_31x21,qlearning,1,122,53,-42.0,True,53
scale_31x21,qlearning,1,123,39,-28.0,True,39
scale_31x21,qlearning,1,124,35,-24.0,True,35
scale_31x21,qlearning,1,125,47,-36.0,True,46
scale_31x21,qlearning,1,126,29,-18.0,True,24
scale_31x21,qlearning,1,127,49,-38.0,True,48
scale_31x21,qlearning,1,128,52,-41.0,True,50
scale_31x21,qlearning,1,129,29,-18.0,True,29
scale_31x21,qlearning,1,130,18,-7.0,True,18
scale_31x21,qlearning,1,131,20,-9.0,True,20
scale_31x21,qlearning,1,132,43,-32.0,True,33
scale_31x21,qlearning,1,133,47,-36.0,True,45
scale_31x21,qlearning,1,134,13,-2.0,True,13
scale_31x21,qlearning,1,135,190,-179.0,True,59
scale_31x21,qlearning,1,136,12,-1.0,True,12
scale_31x21,qlearning,1,137,18,-7.0,True,18
scale_31x21,qlearning,1,138,23,-12.0,True,23
scale_31x21,qlearning,1,139,5,6.0,True,5
scale_31x21,qlearning,1,140,50,-39.0,True,50
scale_31x21,qlearning,1,141,66,-55.0,True,56
scale_31x21,qlearning,1,142,51,-40.0,True,51
scale_31x21,qlearning,1,143,22,-11.0,True,22
scale_31x21,qlearning,1,144,3,8.0,True,3
scale_31x21,qlearning,1,145,59,-48.0,True,34
scale_31x21,qlearning,1,146,43,-32.0,True,43
scale_31x21,qlearning,1,147,56,-45.0,True,52
scale_31x21,qlearning,1,148,37,-26.0,True,37
scale_31x21,qlearning,1,149,51,-40.0,True,51
scale_31x21,qlearning,1,150,115,-104.0,True,55
scale_31x21,qlearning,1,151,21,-10.0,True,21
scale_31x21,qlearning,1,152,32,-21.0,True,32
scale_31x21,qlearning,1,153,50,-39.0,True,50
scale_31x21,qlearning,1,154,24,-13.0,True,24
scale_31x21,qlearning,1,155,36,-25.0,True,36
scale_31x21,qlearning,1,156,8,3.0,True,8
scale_31x21,qlearning,1,157,17,-6.0,True,17
scale_31x21,qlearning,1,158,13,-2.0,True,13
scale_31x21,qlearning,1,159,47,-36.0,True,47
scale_31x21,qlearning,1,160,83,-72.0,True,38
scale_31x21,qlearning,1,161,18,-7.0,True,16
scale_31x21,qlearning,1,162,28,-17.0,True,28
scale_31x21,qlearning,1,163,38,-27.0,True,38
scale_31x21,qlearning,1,164,52,-41.0,True,51
scale_31x21,qlearning,1,165,112,-101.0,True,52
scale_31x21,qlearning,1,166,16,-5.0,True,16
scale_31x21,qlearning,1,167,41,-30.0,True,40
scale_31x21,qlearning,1,168,48,-37.0,True,46
scale_31x21,qlearning,1,169,26,-15.0,True,26
scale_31x21,qlearning,1,170,6,5.0,True,6
scale_31x21,qlearning,1,171,16,-5.0,True,16
scale_31x21,qlearning,1,172,19,-8.0,True,19
scale_31x21,qlearning,1,173,13,-2.0,True,13
scale_31x21,qlearning,1,174,41,-30.0,True,39
scale_31x21,qlearning,1,175,23,-12.0,True,23
scale_31x21,qlearning,1,176,71,-60.0,True,46
scale_31x21,qlearning,1,177,42,-31.0,True,42
scale_31x21,qlearning,1,178,45,-34.0,True,45
scale_31x21,qlearning,1,179,56,-45.0,True,56
scale_31x21,qlearning,1,180,18,-7.0,True,18
scale_31x21,qlearning,1,181,39,-28.0,True,39
scale_31x21,qlearning,1,182,56,-45.0,True,56
scale_31x21,qlearning,1,183,127,-116.0,True,51
scale_31x21,qlearning,1,184,14,-3.0,True,14
scale_31x21,qlearning,1,185,16,-5.0,True,16
scale_31x21,qlearning,1,186,8,3.0,True,8
scale_31x21,qlearning,1,187,55,-44.0,True,55
scale_31x21,qlearning,1,188,32,-21.0,True,32
scale_31x21,qlearning,1,189,42,-31.0,True,42
scale_31x21,qlearning,1,190,30,-19.0,True,30
scale_31x21,qlearning,1,191,46,-35.0,True,46
scale_31x21,qlearning,1,192,50,-39.0,True,50
scale_31x21,qlearning,1,193,53,-42.0,True,53
scale_31x21,qlearning,1,194,23,-12.0,True,23
scale_31x21,qlearning,1,195,45,-34.0,True,45
scale_31x21,qlearning,1,196,20,-9.0,True,20
scale_31x21,qlearning,1,197,35,-24.0,True,35
scale_31x21,qlearning,1,198,59,-48.0,True,44
scale_31x21,qlearning,1,199,25,-14.0,True,25
scale_31x21,qlearning,1,200,61,-50.0,True,46
scale_31x21,qlearning,1,201,43,-32.0,True,43
scale_31x21,qlearning,1,202,41,-30.0,True,39
scale_31x21,qlearning,1,203,44,-33.0,True,44
scale_31x21,qlearning,1,204,77,-66.0,True,57
scale_31x21,qlearning,1,205,44,-33.0,True,42
scale_31x21,qlearning,1,206,40,-29.0,True,38
scale_31x21,qlearning,1,207,43,-32.0,True,43
scale_31x21,qlearning,1,208,41,-30.0,True,41
scale_31x21,qlearning,1,209,35,-24.0,True,35
scale_31x21,qlearning,1,210,52,-41.0,True,49
scale_31x21,qlearning,1,211,26,-15.0,True,26
scale_31x21,qlearning,1,212,18,-7.0,True,18
scale_31x21,qlearning,1,213,39,-28.0,True,39
scale_31x21,qlearning,1,214,28,-17.0,True,26
scale_31x21,qlearning,1,215,47,-36.0,True,46
scale_31x21,qlearning,1,216,28,-17.0,True,28
scale_31x21,qlearning,1,217,42,-31.0,True,42
scale_31x21,qlearning,1,218,42,-31.0,True,42
scale_31x21,qlearning,1,219,70,-59.0,True,53
scale_31x21,qlearning,1,220,58,-47.0,True,56
scale_31x21,qlearning,1,221,55,-44.0,True,53
scale_31x21,qlearning,1,222,20,-9.0,True,20
scale_31x21,qlearning,1,223,36,-25.0,True,34
scale_31x21,qlearning,1,224,37,-26.0,True,37
scale_31x21,qlearning,1,225,31,-20.0,True,30
scale_31x21,qlearning,1,226,28,-17.0,True,27
scale_31x21,qlearning,1,227,48,-37.0,True,47
scale_31x21,qlearning,1,228,51,-40.0,True,51
scale_31x21,qlearning,1,229,34,-23.0,True,34
scale_31x21,qlearning,1,230,28,-17.0,True,28
scale_31x21,qlearning,1,231,36,-25.0,True,36
scale_31x21,qlearning,1,232,52,-41.0,True,52
scale_31x21,qlearning,1,233,42,-31.0,True,40
scale_31x21,qlearning,1,234,45,-34.0,True,45
scale_31x21,qlearning,1,235,31,-20.0,True,30
scale_31x21,qlearning,1,236,57,-46.0,True,54
scale_31x21,qlearning,1,237,39,-28.0,True,39
scale_31x21,qlearning,1,238,21,-10.0,True,21
scale_31x21,qlearning,1,239,17,-6.0,True,17
scale_31x21,qlearning,1,240,5,6.0,True,5
scale_31x21,qlearning,1,241,30,-19.0,True,28
scale_31x21,qlearning,1,242,52,-41.0,True,52
scale_31x21,qlearning,1,243,9,2.0,True,9
scale_31x21,qlearning,1,244,25,-14.0,True,25
scale_31x21,qlearning,1,245,52,-41.0,True,52
scale_31x21,qlearning,1,246,22,-11.0,True,22
scale_31x21,qlearning,1,247,32,-21.0,True,32
scale_31x21,qlearning,1,248,39,-28.0,True,37
scale_31x21,qlearning,1,249,78,-67.0,True,36
scale_31x21,qlearning,1,250,105,-94.0,True,50
scale_31x21,qlearning,1,251,29,-18.0,True,28
scale_31x21,qlearning,1,252,30,-19.0,True,30
scale_31x21,qlearning,1,253,45,-34.0,True,35
scale_31x21,qlearning,1,254,47,-36.0,True,47
scale_31x21,qlearning,1,255,31,-20.0,True,30
scale_31x21,qlearning,1,256,53,-42.0,True,53
scale_31x21,qlearning,1,257,38,-27.0,True,38
scale_31x21,qlearning,1,258,46,-35.0,True,46
scale_31x21,qlearning,1,259,31,-20.0,True,31
scale_31x21,qlearning,1,260,35,-24.0,True,25
scale_31x21,qlearning,1,261,45,-34.0,True,45
scale_31x21,qlearning,1,262,33,-22.0,True,33
scale_31x21,qlearning,1,263,52,-41.0,True,52
scale_31x21,qlearning,1,264,43,-32.0,True,43
scale_31x21,qlearning,1,265,54,-43.0,True,52
scale_31x21,qlearning,1,266,33,-22.0,True,31
scale_31x21,qlearning,1,267,14,-3.0,True,13
scale_31x21,qlearning,1,268,45,-34.0,True,45
scale_31x21,qlearning,1,269,25,-14.0,True,25
scale_31x21,qlearning,1,270,15,-4.0,True,15
scale_31x21,qlearning,1,271,30,-19.0,True,30
scale_31x21,qlearning,1,272,22,-11.0,True,22
scale_31x21,qlearning,1,273,57,-46.0,True,55
scale_31x21,qlearning,1,274,5,6.0,True,5
scale_31x21,qlearning,1,275,7,4.0,True,7
scale_31x21,qlearning,1,276,20,-9.0,True,20
scale_31x21,qlearning,1,277,18,-7.0,True,18
scale_31x21,qlearning,1,278,56,-45.0,True,56
scale_31x21,qlearning,1,279,17,-6.0,True,17
scale_31x21,qlearning,1,280,57,-46.0,True,57
scale_31x21,qlearning,1,281,33,-22.0,True,33
scale_31x21,qlearning,1,282,39,-28.0,True,39
scale_31x21,qlearning,1,283,22,-11.0,True,22
scale_31x21,qlearning,1,284,8,3.0,True,8
scale_31x21,qlearning,1,285,46,-35.0,True,46
scale_31x21,qlearning,1,286,3,8.0,True,3
scale_31x21,qlearning,1,287,53,-42.0,True,52
scale_31x21,qlearning,1,288,5,6.0,True,5
scale_31x21,qlearning,1,289,25,-14.0,True,25
scale_31x21,qlearning,1,290,12,-1.0,True,12
scale_31x21,qlearning,1,291,23,-12.0,True,23
scale_31x21,qlearning,1,292,22,-11.0,True,22
scale_31x21,qlearning,1,293,16,-5.0,True,16
scale_31x21,qlearning,1,294,56,-45.0,True,56
scale_31x21,qlearning,1,295,35,-24.0,True,33
scale_31x21,qlearning,1,296,47,-36.0,True,47
scale_31x21,qlearning,1,297,42,-31.0,True,41
scale_31x21,qlearning,1,298,37,-26.0,True,37
scale_31x21,qlearning,1,299,55,-44.0,True,55
scale_31x21,qlearning,1,300,44,-33.0,True,44
scale_31x21,qlearning,1,301,38,-27.0,True,38
scale_31x21,qlearning,1,302,29,-18.0,True,29
scale_31x21,qlearning,1,303,45,-34.0,True,45
scale_31x21,qlearning,1,304,42,-31.0,True,42
scale_31x21,qlearning,1,305,42,-31.0,True,41
scale_31x21,qlearning,1,306,29,-18.0,True,29
scale_31x21,qlearning,1,307,20,-9.0,True,20
scale_31x21,qlearning,1,308,28,-17.0,True,28
scale_31x21,qlearning,1,309,44,-33.0,True,44
scale_31x21,qlearning,1,310,53,-42.0,True,51
scale_31x21,qlearning,1,311,21,-10.0,True,21
scale_31x21,qlearning,1,312,55,-44.0,True,55
scale_31x21,qlearning,1,313,21,-10.0,True,21
scale_31x21,qlearning,1,314,50,-39.0,True,50
scale_31x21,qlearning,1,315,16,-5.0,True,16
scale_31x21,qlearning,1,316,51,-40.0,True,50
scale_31x21,qlearning,1,317,36,-25.0,True,26
scale_31x21,qlearning,1,318,5,6.0,True,5
scale_31x21,qlearning,1,319,9,2.0,True,9
scale_31x21,qlearning,1,320,20,-9.0,True,19
scale_31x21,qlearning,1,321,27,-16.0,True,27
scale_31x21,qlearning,1,322,53,-42.0,True,53
scale_31x21,qlearning,1,323,21,-10.0,True,21
scale_31x21,qlearning,1,324,53,-42.0,True,53
scale_31x21,qlearning,1,325,50,-39.0,True,50
scale_31x21,qlearning,1,326,48,-37.0,True,48
scale_31x21,qlearning,1,327,29,-18.0,True,29
scale_31x21,qlearning,1,328,55,-44.0,True,53
scale_31x21,qlearning,1,329,45,-34.0,True,45
scale_31x21,qlearning,1,330,53,-42.0,True,53
scale_31x21,qlearning,1,331,6,5.0,True,6
scale_31x21,qlearning,1,332,35,-24.0,True,35
scale_31x21,qlearning,1,333,55,-44.0,True,55
scale_31x21,qlearning,1,334,48,-37.0,True,46
scale_31x21,qlearning,1,335,19,-8.0,True,19
scale_31x21,qlearning,1,336,22,-11.0,True,21
scale_31x21,qlearning,1,337,43,-32.0,True,41
scale_31x21,qlearning,1,338,57,-46.0,True,57
scale_31x21,qlearning,1,339,42,-31.0,True,42
scale_31x21,qlearning,1,340,6,5.0,True,6
scale_31x21,qlearning,1,341,59,-48.0,True,57
scale_31x21,qlearning,1,342,56,-45.0,True,54
scale_31x21,qlearning,1,343,30,-19.0,True,30
scale_31x21,qlearning,1,344,45,-34.0,True,45
scale_31x21,qlearning,1,345,18,-7.0,True,18
scale_31x21,qlearning,1,346,19,-8.0,True,19
scale_31x21,qlearning,1,347,47,-36.0,True,45
scale_31x21,qlearning,1,348,36,-25.0,True,35
scale_31x21,qlearning,1,349,21,-10.0,True,21
scale_31x21,qlearning,1,350,44,-33.0,True,44
scale_31x21,qlearning,1,351,46,-35.0,True,46
scale_31x21,qlearning,1,352,19,-8.0,True,19
scale_31x21,qlearning,1,353,15,-4.0,True,15
scale_31x21,qlearning,1,354,13,-2.0,True,13
scale_31x21,qlearning,1,355,18,-7.0,True,16
scale_31x21,qlearning,1,356,31,-20.0,True,29
scale_31x21,qlearning,1,357,51,-40.0,True,51
scale_31x21,qlearning,1,358,56,-45.0,True,56
scale_31x21,qlearning,1,359,48,-37.0,True,48
scale_31x21,qlearning,1,360,20,-9.0,True,20
scale_31x21,qlearning,1,361,60,-49.0,True,56
scale_31x21,qlearning,1,362,46,-35.0,True,45
scale_31x21,qlearning,1,363,19,-8.0,True,19
scale_31x21,qlearning,1,364,45,-34.0,True,45
scale_31x21,qlearning,1,365,19,-8.0,True,19
scale_31x21,qlearning,1,366,28,-17.0,True,28
scale_31x21,qlearning,1,367,41,-30.0,True,41
scale_31x21,qlearning,1,368,16,-5.0,True,16
scale_31x21,qlearning,1,369,47,-36.0,True,46
scale_31x21,qlearning,1,370,4,7.0,True,4
scale_31x21,qlearning,1,371,42,-31.0,True,41
scale_31x21,qlearning,1,372,96,-85.0,True,56
scale_31x21,qlearning,1,373,29,-18.0,True,29
scale_31x21,qlearning,1,374,22,-11.0,True,22
scale_31x21,qlearning,1,375,34,-23.0,True,34
scale_31x21,qlearning,1,376,23,-12.0,True,23
scale_31x21,qlearning,1,377,18,-7.0,True,17
scale_31x21,qlearning,1,378,25,-14.0,True,24
scale_31x21,qlearning,1,379,34,-23.0,True,34
scale_31x21,qlearning,1,380,13,-2.0,True,13
scale_31x21,qlearning,1,381,44,-33.0,True,44
scale_31x21,qlearning,1,382,27,-16.0,True,27
scale_31x21,qlearning,1,383,50,-39.0,True,50
scale_31x21,qlearning,1,384,17,-6.0,True,17
scale_31x21,qlearning,1,385,48,-37.0,True,48
scale_31x21,qlearning,1,386,52,-41.0,True,52
scale_31x21,qlearning,1,387,65,-54.0,True,54
scale_31x21,qlearning,1,388,37,-26.0,True,37
scale_31x21,qlearning,1,389,58,-47.0,True,56
scale_31x21,qlearning,1,390,27,-16.0,True,27
scale_31x21,qlearning,1,391,56,-45.0,True,55
scale_31x21,qlearning,1,392,41,-30.0,True,41
scale_31x21,qlearning,1,393,1,10.0,True,1
scale_31x21,qlearning,1,394,53,-42.0,True,53
scale_31x21,qlearning,1,395,54,-43.0,True,52
scale_31x21,qlearning,1,396,26,-15.0,True,26
scale_31x21,qlearning,1,397,21,-10.0,True,20
scale_31x21,qlearning,1,398,55,-44.0,True,55
scale_31x21,qlearning,1,399,48,-37.0,True,48
scale_31x21,qlearning,1,400,40,-29.0,True,40
scale_31x21,qlearning,1,401,10,1.0,True,10
scale_31x21,qlearning,1,402,43,-32.0,True,43
scale_31x21,qlearning,1,403,54,-43.0,True,54
scale_31x21,qlearning,1,404,34,-23.0,True,34
scale_31x21,qlearning,1,405,24,-13.0,True,23
scale_31x21,qlearning,1,406,52,-41.0,True,52
scale_31x21,qlearning,1,407,27,-16.0,True,25
scale_31x21,qlearning,1,408,32,-21.0,True,32
scale_31x21,qlearning,1,409,37,-26.0,True,37
scale_31x21,qlearning,1,410,26,-15.0,True,25
scale_31x21,qlearning,1,411,21,-10.0,True,21
scale_31x21,qlearning,1,412,34,-23.0,True,34
scale_31x21,qlearning,1,413,41,-30.0,True,41
scale_31x21,qlearning,1,414,41,-30.0,True,41
scale_31x21,qlearning,1,415,39,-28.0,True,37
scale_31x21,qlearning,1,416,26,-15.0,True,26
scale_31x21,qlearning,1,417,52,-41.0,True,52
scale_31x21,qlearning,1,418,43,-32.0,True,43
scale_31x21,qlearning,1,419,38,-27.0,True,38
scale_31x21,qlearning,1,420,40,-29.0,True,39
scale_31x21,qlearning,1,421,21,-10.0,True,21
scale_31x21,qlearning,1,422,15,-4.0,True,15
scale_31x21,qlearning,1,423,39,-28.0,True,39
scale_31x21,qlearning,1,424,24,-13.0,True,24
scale_31x21,qlearning,1,425,55,-44.0,True,55
scale_31x21,qlearning,1,426,30,-19.0,True,30
scale_31x21,qlearning,1,427,44,-33.0,True,42
scale_31x21,qlearning,1,428,11,0.0,True,10
scale_31x21,qlearning,1,429,39,-28.0,True,39
scale_31x21,qlearning,1,430,19,-8.0,True,19
scale_31x21,qlearning,1,431,19,-8.0,True,19
scale_31x21,qlearning,1,432,29,-18.0,True,29
scale_31x21,qlearning,1,433,54,-43.0,True,54
scale_31x21,qlearning,1,434,26,-15.0,True,26
scale_31x21,qlearning,1,435,41,-30.0,True,41
scale_31x21,qlearning,1,436,25,-14.0,True,25
scale_31x21,qlearning,1,437,23,-12.0,True,23
scale_31x21,qlearning,1,438,36,-25.0,True,36
scale_31x21,qlearning,1,439,23,-12.0,True,23
scale_31x21,qlearning,1,440,54,-43.0,True,52
scale_31x21,qlearning,1,441,20,-9.0,True,20
scale_31x21,qlearning,1,442,49,-38.0,True,46
scale_31x21,qlearning,1,443,52,-41.0,True,52
scale_31x21,qlearning,1,444,16,-5.0,True,16
scale_31x21,qlearning,1,445,34,-23.0,True,34
scale_31x21,qlearning,1,446,39,-28.0,True,39
scale_31x21,qlearning,1,447,23,-12.0,True,23
scale_31x21,qlearning,1,448,40,-29.0,True,39
scale_31x21,qlearning,1,449,49,-38.0,True,49
scale_31x21,qlearning,1,450,21,-10.0,True,21
scale_31x21,qlearning,1,451,54,-43.0,True,54
scale_31x21,qlearning,1,452,38,-27.0,True,38
scale_31x21,qlearning,1,453,27,-16.0,True,25
scale_31x21,qlearning,1,454,22,-11.0,True,22
scale_31x21,qlearning,1,455,30,-19.0,True,30
scale_31x21,qlearning,1,456,1,10.0,True,1
scale_31x21,qlearning,1,457,19,-8.0,True,19
scale_31x21,qlearning,1,458,16,-5.0,True,16
scale_31x21,qlearning,1,459,11,0.0,True,11
scale_31x21,qlearning,1,460,35,-24.0,True,35
scale_31x21,qlearning,1,461,61,-50.0,True,59
scale_31x21,qlearning,1,462,18,-7.0,True,18
scale_31x21,qlearning,1,463,5,6.0,True,5
scale_31x21,qlearning,1,464,30,-19.0,True,30
scale_31x21,qlearning,1,465,15,-4.0,True,15
scale_31x21,qlearning,1,466,20,-9.0,True,20
scale_31x21,qlearning,1,467,41,-30.0,True,41
scale_31x21,qlearning,1,468,45,-34.0,True,43
scale_31x21,qlearning,1,469,36,-25.0,True,26
scale_31x21,qlearning,1,470,56,-45.0,True,54
scale_31x21,qlearning,1,471,21,-10.0,True,21
scale_31x21,qlearning,1,472,60,-49.0,True,57
scale_31x21,qlearning,1,473,29,-18.0,True,29
scale_31x21,qlearning,1,474,30,-19.0,True,28
scale_31x21,qlearning,1,475,26,-15.0,True,24
scale_31x21,qlearning,1,476,46,-35.0,True,46
scale_31x21,qlearning,1,477,45,-34.0,True,44
scale_31x21,qlearning,1,478,51,-40.0,True,51
scale_31x21,qlearning,1,479,9,2.0,True,9
scale_31x21,qlearning,1,480,33,-22.0,True,33
scale_31x21,qlearning,1,481,43,-32.0,True,41
scale_31x21,qlearning,1,482,55,-44.0,True,55
scale_31x21,qlearning,1,483,26,-15.0,True,26
scale_31x21,qlearning,1,484,39,-28.0,True,39
scale_31x21,qlearning,1,485,32,-21.0,True,32
scale_31x21,qlearning,1,486,16,-5.0,True,16
scale_31x21,qlearning,1,487,40,-29.0,True,40
scale_31x21,qlearning,1,488,43,-32.0,True,43
scale_31x21,qlearning,1,489,22,-11.0,True,22
scale_31x21,qlearning,1,490,15,-4.0,True,15
scale_31x21,qlearning,1,491,26,-15.0,True,26
scale_31x21,qlearning,1,492,59,-48.0,True,57
scale_31x21,qlearning,1,493,28,-17.0,True,28
scale_31x21,qlearning,1,494,42,-31.0,True,42
scale_31x21,qlearning,1,495,29,-18.0,True,28
scale_31x21,qlearning,1,496,30,-19.0,True,30
scale_31x21,qlearning,1,497,26,-15.0,True,26
scale_31x21,qlearning,1,498,45,-34.0,True,45
scale_31x21,qlearning,1,499,30,-19.0,True,30
scale_31x21,qlearning,1,500,22,-11.0,True,22
scale_31x21,qlearning,1,501,52,-41.0,True,32
scale_31x21,qlearning,1,502,36,-25.0,True,36
scale_31x21,qlearning,1,503,33,-22.0,True,33
scale_31x21,qlearning,1,504,4,7.0,True,4
scale_31x21,qlearning,1,505,52,-41.0,True,52
scale_31x21,qlearning,1,506,33,-22.0,True,33
scale_31x21,qlearning,1,507,33,-22.0,True,33
scale_31x21,qlearning,1,508,31,-20.0,True,31
scale_31x21,qlearning,1,509,49,-38.0,True,49
scale_31x21,qlearning,1,510,16,-5.0,True,16
scale_31x21,qlearning,1,511,35,-24.0,True,35
scale_31x21,qlearning,1,512,31,-20.0,True,31
scale_31x21,qlearning,1,513,43,-32.0,True,42
scale_31x21,qlearning,1,514,55,-44.0,True,55
scale_31x21,qlearning,1,515,38,-27.0,True,36
scale_31x21,qlearning,1,516,25,-14.0,True,25
scale_31x21,qlearning,1,517,34,-23.0,True,34
scale_31x21,qlearning,1,518,24,-13.0,True,24
scale_31x21,qlearning,1,519,31,-20.0,True,31
scale_31x21,qlearning,1,520,36,-25.0,True,36
scale_31x21,qlearning,1,521,46,-35.0,True,46
scale_31x21,qlearning,1,522,59,-48.0,True,59
scale_31x21,qlearning,1,523,40,-29.0,True,40
scale_31x21,qlearning,1,524,36,-25.0,True,36
scale_31x21,qlearning,1,525,9,2.0,True,9
scale_31x21,qlearning,1,526,36,-25.0,True,36
scale_31x21,qlearning,1,527,9,2.0,True,9
scale_31x21,qlearning,1,528,46,-35.0,True,46
scale_31x21,qlearning,1,529,56,-45.0,True,56
scale_31x21,qlearning,1,530,38,-27.0,True,37
scale_31x21,qlearning,1,531,54,-43.0,True,52
scale_31x21,qlearning,1,532,54,-43.0,True,54
scale_31x21,qlearning,1,533,49,-38.0,True,49
scale_31x21,qlearning,1,534,6,5.0,True,6
scale_31x21,qlearning,1,535,17,-6.0,True,17
scale_31x21,qlearning,1,536,52,-41.0,True,52
scale_31x21,qlearning,1,537,21,-10.0,True,21
scale_31x21,qlearning,1,538,40,-29.0,True,40
scale_31x21,qlearning,1,539,38,-27.0,True,38
scale_31x21,qlearning,1,540,25,-14.0,True,25
scale_31x21,qlearning,1,541,28,-17.0,True,28
scale_31x21,qlearning,1,542,20,-9.0,True,20
scale_31x21,qlearning,1,543,38,-27.0,True,38
scale_31x21,qlearning,1,544,4,7.0,True,2
scale_31x21,qlearning,1,545,16,-5.0,True,16
scale_31x21,qlearning,1,546,15,-4.0,True,15
scale_31x21,qlearning,1,547,37,-26.0,True,37
scale_31x21,qlearning,1,548,35,-24.0,True,33
scale_31x21,qlearning,1,549,26,-15.0,True,24
scale_31x21,qlearning,1,550,29,-18.0,True,29
scale_31x21,qlearning,1,551,40,-29.0,True,40
scale_31x21,qlearning,1,552,50,-39.0,True,49
scale_31x21,qlearning,1,553,12,-1.0,True,12
scale_31x21,qlearning,1,554,48,-37.0,True,44
scale_31x21,qlearning,1,555,20,-9.0,True,20
scale_31x21,qlearning,1,556,4,7.0,True,4
scale_31x21,qlearning,1,557,27,-16.0,True,22
scale_31x21,qlearning,1,558,47,-36.0,True,47
scale_31x21,qlearning,1,559,26,-15.0,True,26
scale_31x21,qlearning,1,560,31,-20.0,True,31
scale_31x21,qlearning,1,561,44,-33.0,True,44
scale_31x21,qlearning,1,562,2,9.0,True,2
scale_31x21,qlearning,1,563,54,-43.0,True,54
scale_31x21,qlearning,1,564,15,-4.0,True,15
scale_31x21,qlearning,1,565,12,-1.0,True,12
scale_31x21,qlearning,1,566,48,-37.0,True,46
scale_31x21,qlearning,1,567,36,-25.0,True,36
scale_31x21,qlearning,1,568,44,-33.0,True,44
scale_31x21,qlearning,1,569,47,-36.0,True,47
scale_31x21,qlearning,1,570,40,-29.0,True,40
scale_31x21,qlearning,1,571,46,-35.0,True,46
scale_31x21,qlearning,1,572,3,8.0,True,3
scale_31x21,qlearning,1,573,25,-14.0,True,25
scale_31x21,qlearning,1,574,4,7.0,True,4
scale_31x21,qlearning,1,575,48,-37.0,True,48
scale_31x21,qlearning,1,576,26,-15.0,True,26
scale_31x21,qlearning,1,577,17,-6.0,True,17
scale_31x21,qlearning,1,578,40,-29.0,True,40
scale_31x21,qlearning,1,579,23,-12.0,True,23
scale_31x21,qlearning,1,580,8,3.0,True,8
scale_31x21,qlearning,1,581,24,-13.0,True,24
scale_31x21,qlearning,1,582,16,-5.0,True,16
scale_31x21,qlearning,1,583,25,-14.0,True,25
scale_31x21,qlearning,1,584,44,-33.0,True,44
scale_31x21,qlearning,1,585,33,-22.0,True,32
scale_31x21,qlearning,1,586,26,-15.0,True,26
scale_31x21,qlearning,1,587,17,-6.0,True,17
scale_31x21,qlearning,1,588,19,-8.0,True,19
scale_31x21,qlearning,1,589,50,-39.0,True,50
scale_31x21,qlearning,1,590,8,3.0,True,8
scale_31x21,qlearning,1,591,27,-16.0,True,25
scale_31x21,qlearning,1,592,23,-12.0,True,23
scale_31x21,qlearning,1,593,51,-40.0,True,51
scale_31x21,qlearning,1,594,43,-32.0,True,43
scale_31x21,qlearning,1,595,52,-41.0,True,52
scale_31x21,qlearning,1,596,50,-39.0,True,50
scale_31x21,qlearning,1,597,32,-21.0,True,32
scale_31x21,qlearning,1,598,53,-42.0,True,52
scale_31x21,qlearning,1,599,24,-13.0,True,24
scale_31x21,kc_delta,1,0,600,-600.0,False,27
scale_31x21,kc_delta,1,1,313,-302.0,True,15
scale_31x21,kc_delta,1,2,6,5.0,True,5
scale_31x21,kc_delta,1,3,600,-600.0,False,45
scale_31x21,kc_delta,1,4,286,-275.0,True,21
scale_31x21,kc_delta,1,5,600,-600.0,False,51
scale_31x21,kc_delta,1,6,600,-600.0,False,13
scale_31x21,kc_delta,1,7,402,-391.0,True,19
scale_31x21,kc_delta,1,8,588,-577.0,True,31
scale_31x21,kc_delta,1,9,93,-82.0,True,34
scale_31x21,kc_delta,1,10,600,-600.0,False,46
scale_31x21,kc_delta,1,11,600,-600.0,False,35
scale_31x21,kc_delta,1,12,600,-600.0,False,55
scale_31x21,kc_delta,1,13,600,-600.0,False,50
scale_31x21,kc_delta,1,14,600,-600.0,False,37
scale_31x21,kc_delta,1,15,475,-464.0,True,39
scale_31x21,kc_delta,1,16,218,-207.0,True,20
scale_31x21,kc_delta,1,17,178,-167.0,True,36
scale_31x21,kc_delta,1,18,600,-600.0,False,45
scale_31x21,kc_delta,1,19,276,-265.0,True,31
scale_31x21,kc_delta,1,20,600,-600.0,False,30
scale_31x21,kc_delta,1,21,600,-600.0,False,42
scale_31x21,kc_delta,1,22,35,-24.0,True,12
scale_31x21,kc_delta,1,23,37,-26.0,True,6
scale_31x21,kc_delta,1,24,537,-526.0,True,26
scale_31x21,kc_delta,1,25,38,-27.0,True,13
scale_31x21,kc_delta,1,26,161,-150.0,True,25
scale_31x21,kc_delta,1,27,356,-345.0,True,33
scale_31x21,kc_delta,1,28,600,-600.0,False,45
scale_31x21,kc_delta,1,29,600,-600.0,False,47
scale_31x21,kc_delta,1,30,600,-600.0,False,7
scale_31x21,kc_delta,1,31,167,-156.0,True,29
scale_31x21,kc_delta,1,32,220,-209.0,True,28
scale_31x21,kc_delta,1,33,600,-600.0,False,29
scale_31x21,kc_delta,1,34,600,-600.0,False,34
scale_31x21,kc_delta,1,35,600,-600.0,False,9
scale_31x21,kc_delta,1,36,600,-600.0,False,36
scale_31x21,kc_delta,1,37,600,-600.0,False,44
scale_31x21,kc_delta,1,38,278,-267.0,True,20
scale_31x21,kc_delta,1,39,600,-600.0,False,35
scale_31x21,kc_delta,1,40,200,-189.0,True,20
scale_31x21,kc_delta,1,41,600,-600.0,False,46
scale_31x21,kc_delta,1,42,196,-185.0,True,21
scale_31x21,kc_delta,1,43,600,-600.0,False,32
scale_31x21,kc_delta,1,44,1,10.0,True,1
scale_31x21,kc_delta,1,45,67,-56.0,True,12
scale_31x21,kc_delta,1,46,600,-600.0,False,27
scale_31x21,kc_delta,1,47,600,-600.0,False,43
scale_31x21,kc_delta,1,48,107,-96.0,True,17
scale_31x21,kc_delta,1,49,10,1.0,True,2
scale_31x21,kc_delta,1,50,600,-600.0,False,53
scale_31x21,kc_delta,1,51,600,-600.0,False,40
scale_31x21,kc_delta,1,52,600,-600.0,False,53
scale_31x21,kc_delta,1,53,600,-600.0,False,38
scale_31x21,kc_delta,1,54,424,-413.0,True,21
scale_31x21,kc_delta,1,55,351,-340.0,True,36
scale_31x21,kc_delta,1,56,564,-553.0,True,39
scale_31x21,kc_delta,1,57,467,-456.0,True,26
scale_31x21,kc_delta,1,58,46,-35.0,True,15
scale_31x21,kc_delta,1,59,8,3.0,True,7
scale_31x21,kc_delta,1,60,600,-600.0,False,43
scale_31x21,kc_delta,1,61,600,-600.0,False,41
scale_31x21,kc_delta,1,62,600,-600.0,False,28
scale_31x21,kc_delta,1,63,129,-118.0,True,24
scale_31x21,kc_delta,1,64,600,-600.0,False,36
scale_31x21,kc_delta,1,65,600,-600.0,False,41
scale_31x21,kc_delta,1,66,600,-600.0,False,45
scale_31x21,kc_delta,1,67,600,-600.0,False,41
scale_31x21,kc_delta,1,68,334,-323.0,True,19
scale_31x21,kc_delta,1,69,106,-95.0,True,30
scale_31x21,kc_delta,1,70,600,-600.0,False,33
scale_31x21,kc_delta,1,71,600,-600.0,False,50
scale_31x21,kc_delta,1,72,600,-600.0,False,53
scale_31x21,kc_delta,1,73,600,-600.0,False,47
scale_31x21,kc_delta,1,74,600,-600.0,False,40
scale_31x21,kc_delta,1,75,600,-600.0,False,44
scale_31x21,kc_delta,1,76,104,-93.0,True,14
scale_31x21,kc_delta,1,77,203,-192.0,True,23
scale_31x21,kc_delta,1,78,21,-10.0,True,8
scale_31x21,kc_delta,1,79,13,-2.0,True,9
scale_31x21,kc_delta,1,80,453,-442.0,True,39
scale_31x21,kc_delta,1,81,600,-600.0,False,45
scale_31x21,kc_delta,1,82,600,-600.0,False,30
scale_31x21,kc_delta,1,83,600,-600.0,False,54
scale_31x21,kc_delta,1,84,600,-600.0,False,30
scale_31x21,kc_delta,1,85,600,-600.0,False,40
scale_31x21,kc_delta,1,86,600,-600.0,False,32
scale_31x21,kc_delta,1,87,600,-600.0,False,46
scale_31x21,kc_delta,1,88,600,-600.0,False,49
scale_31x21,kc_delta,1,89,600,-600.0,False,54
scale_31x21,kc_delta,1,90,70,-59.0,True,13
scale_31x21,kc_delta,1,91,600,-600.0,False,25
scale_31x21,kc_delta,1,92,3,8.0,True,3
scale_31x21,kc_delta,1,93,600,-600.0,False,29
scale_31x21,kc_delta,1,94,6,5.0,True,6
scale_31x21,kc_delta,1,95,28,-17.0,True,6
scale_31x21,kc_delta,1,96,600,-600.0,False,55
scale_31x21,kc_delta,1,97,23,-12.0,True,10
scale_31x21,kc_delta,1,98,419,-408.0,True,31
scale_31x21,kc_delta,1,99,600,-600.0,False,39
scale_31x21,kc_delta,1,100,477,-466.0,True,40
scale_31x21,kc_delta,1,101,600,-600.0,False,50
scale_31x21,kc_delta,1,102,138,-127.0,True,26
scale_31x21,kc_delta,1,103,600,-600.0,False,39
scale_31x21,kc_delta,1,104,475,-464.0,True,25
scale_31x21,kc_delta,1,105,600,-600.0,False,45
scale_31x21,kc_delta,1,106,600,-600.0,False,52
scale_31x21,kc_delta,1,107,600,-600.0,False,43
scale_31x21,kc_delta,1,108,600,-600.0,False,42
scale_31x21,kc_delta,1,109,600,-600.0,False,38
scale_31x21,kc_delta,1,110,600,-600.0,False,52
scale_31x21,kc_delta,1,111,271,-260.0,True,22
scale_31x21,kc_delta,1,112,40,-29.0,True,19
scale_31x21,kc_delta,1,113,47,-36.0,True,20
scale_31x21,kc_delta,1,114,59,-48.0,True,21
scale_31x21,kc_delta,1,115,600,-600.0,False,23
scale_31x21,kc_delta,1,116,600,-600.0,False,45
scale_31x21,kc_delta,1,117,23,-12.0,True,8
scale_31x21,kc_delta,1,118,600,-600.0,False,51
scale_31x21,kc_delta,1,119,90,-79.0,True,20
scale_31x21,kc_delta,1,120,273,-262.0,True,31
scale_31x21,kc_delta,1,121,600,-600.0,False,46
scale_31x21,kc_delta,1,122,600,-600.0,False,53
scale_31x21,kc_delta,1,123,600,-600.0,False,39
scale_31x21,kc_delta,1,124,600,-600.0,False,35
scale_31x21,kc_delta,1,125,600,-600.0,False,46
scale_31x21,kc_delta,1,126,154,-143.0,True,24
scale_31x21,kc_delta,1,127,600,-600.0,False,48
scale_31x21,kc_delta,1,128,600,-600.0,False,50
scale_31x21,kc_delta,1,129,200,-189.0,True,29
scale_31x21,kc_delta,1,130,31,-20.0,True,18
scale_31x21,kc_delta,1,131,600,-600.0,False,20
scale_31x21,kc_delta,1,132,600,-600.0,False,33
scale_31x21,kc_delta,1,133,600,-600.0,False,45
scale_31x21,kc_delta,1,134,171,-160.0,True,13
scale_31x21,kc_delta,1,135,600,-600.0,False,59
scale_31x21,kc_delta,1,136,33,-22.0,True,12
scale_31x21,kc_delta,1,137,54,-43.0,True,18
scale_31x21,kc_delta,1,138,171,-160.0,True,23
scale_31x21,kc_delta,1,139,9,2.0,True,5
scale_31x21,kc_delta,1,140,600,-600.0,False,50
scale_31x21,kc_delta,1,141,600,-600.0,False,56
scale_31x21,kc_delta,1,142,600,-600.0,False,51
scale_31x21,kc_delta,1,143,75,-64.0,True,22
scale_31x21,kc_delta,1,144,6,5.0,True,3
scale_31x21,kc_delta,1,145,600,-600.0,False,34
scale_31x21,kc_delta,1,146,600,-600.0,False,43
scale_31x21,kc_delta,1,147,600,-600.0,False,52
scale_31x21,kc_delta,1,148,600,-600.0,False,37
scale_31x21,kc_delta,1,149,600,-600.0,False,51
scale_31x21,kc_delta,1,150,600,-600.0,False,55
scale_31x21,kc_delta,1,151,238,-227.0,True,21
scale_31x21,kc_delta,1,152,600,-600.0,False,32
scale_31x21,kc_delta,1,153,600,-600.0,False,50
scale_31x21,kc_delta,1,154,296,-285.0,True,24
scale_31x21,kc_delta,1,155,600,-600.0,False,36
scale_31x21,kc_delta,1,156,56,-45.0,True,8
scale_31x21,kc_delta,1,157,63,-52.0,True,17
scale_31x21,kc_delta,1,158,23,-12.0,True,13
scale_31x21,kc_delta,1,159,600,-600.0,False,47
scale_31x21,kc_delta,1,160,600,-600.0,False,38
scale_31x21,kc_delta,1,161,39,-28.0,True,16
scale_31x21,kc_delta,1,162,600,-600.0,False,28
scale_31x21,kc_delta,1,163,600,-600.0,False,38
scale_31x21,kc_delta,1,164,600,-600.0,False,51
scale_31x21,kc_delta,1,165,600,-600.0,False,52
scale_31x21,kc_delta,1,166,57,-46.0,True,16
scale_31x21,kc_delta,1,167,600,-600.0,False,40
scale_31x21,kc_delta,1,168,600,-600.0,False,46
scale_31x21,kc_delta,1,169,600,-600.0,False,26
scale_31x21,kc_delta,1,170,6,5.0,True,6
scale_31x21,kc_delta,1,171,134,-123.0,True,16
scale_31x21,kc_delta,1,172,55,-44.0,True,19
scale_31x21,kc_delta,1,173,49,-38.0,True,13
scale_31x21,kc_delta,1,174,600,-600.0,False,39
scale_31x21,kc_delta,1,175,139,-128.0,True,23
scale_31x21,kc_delta,1,176,600,-600.0,False,46
scale_31x21,kc_delta,1,177,600,-600.0,False,42
scale_31x21,kc_delta,1,178,600,-600.0,False,45
scale_31x21,kc_delta,1,179,600,-600.0,False,56
scale_31x21,kc_delta,1,180,102,-91.0,True,18
scale_31x21,kc_delta,1,181,600,-600.0,False,39
scale_31x21,kc_delta,1,182,600,-600.0,False,56
scale_31x21,kc_delta,1,183,600,-600.0,False,51
scale_31x21,kc_delta,1,184,38,-27.0,True,14
scale_31x21,kc_delta,1,185,69,-58.0,True,16
scale_31x21,kc_delta,1,186,13,-2.0,True,8
scale_31x21,kc_delta,1,187,600,-600.0,False,55
scale_31x21,kc_delta,1,188,600,-600.0,False,32
scale_31x21,kc_delta,1,189,600,-600.0,False,42
scale_31x21,kc_delta,1,190,600,-600.0,False,30
scale_31x21,kc_delta,1,191,600,-600.0,False,46
scale_31x21,kc_delta,1,192,600,-600.0,False,50
scale_31x21,kc_delta,1,193,600,-600.0,False,53
scale_31x21,kc_delta,1,194,181,-170.0,True,23
scale_31x21,kc_delta,1,195,600,-600.0,False,45
scale_31x21,kc_delta,1,196,44,-33.0,True,20
scale_31x21,kc_delta,1,197,600,-600.0,False,35
scale_31x21,kc_delta,1,198,600,-600.0,False,44
scale_31x21,kc_delta,1,199,600,-600.0,False,25
scale_31x21,kc_delta,1,200,600,-600.0,False,46
scale_31x21,kc_delta,1,201,600,-600.0,False,43
scale_31x21,kc_delta,1,202,600,-600.0,False,39
scale_31x21,kc_delta,1,203,600,-600.0,False,44
scale_31x21,kc_delta,1,204,600,-600.0,False,57
scale_31x21,kc_delta,1,205,600,-600.0,False,42
scale_31x21,kc_delta,1,206,600,-600.0,False,38
scale_31x21,kc_delta,1,207,600,-600.0,False,43
scale_31x21,kc_delta,1,208,600,-600.0,False,41
scale_31x21,kc_delta,1,209,600,-600.0,False,35
scale_31x21,kc_delta,1,210,600,-600.0,False,49
scale_31x21,kc_delta,1,211,126,-115.0,True,26
scale_31x21,kc_delta,1,212,95,-84.0,True,18
scale_31x21,kc_delta,1,213,600,-600.0,False,39
scale_31x21,kc_delta,1,214,48,-37.0,True,26
scale_31x21,kc_delta,1,215,600,-600.0,False,46
scale_31x21,kc_delta,1,216,600,-600.0,False,28
scale_31x21,kc_delta,1,217,600,-600.0,False,42
scale_31x21,kc_delta,1,218,600,-600.0,False,42
scale_31x21,kc_delta,1,219,600,-600.0,False,53
scale_31x21,kc_delta,1,220,600,-600.0,False,56
scale_31x21,kc_delta,1,221,600,-600.0,False,53
scale_31x21,kc_delta,1,222,56,-45.0,True,20
scale_31x21,kc_delta,1,223,600,-600.0,False,34
scale_31x21,kc_delta,1,224,600,-600.0,False,37
scale_31x21,kc_delta,1,225,600,-600.0,False,30
scale_31x21,kc_delta,1,226,600,-600.0,False,27
scale_31x21,kc_delta,1,227,600,-600.0,False,47
scale_31x21,kc_delta,1,228,600,-600.0,False,51
scale_31x21,kc_delta,1,229,600,-600.0,False,34
scale_31x21,kc_delta,1,230,600,-600.0,False,28
scale_31x21,kc_delta,1,231,600,-600.0,False,36
scale_31x21,kc_delta,1,232,600,-600.0,False,52
scale_31x21,kc_delta,1,233,600,-600.0,False,40
scale_31x21,kc_delta,1,234,600,-600.0,False,45
scale_31x21,kc_delta,1,235,165,-154.0,True,30
scale_31x21,kc_delta,1,236,600,-600.0,False,54
scale_31x21,kc_delta,1,237,600,-600.0,False,39
scale_31x21,kc_delta,1,238,600,-600.0,False,21
scale_31x21,kc_delta,1,239,28,-17.0,True,17
scale_31x21,kc_delta,1,240,52,-41.0,True,5
scale_31x21,kc_delta,1,241,179,-168.0,True,28
scale_31x21,kc_delta,1,242,600,-600.0,False,52
scale_31x21,kc_delta,1,243,9,2.0,True,9
scale_31x21,kc_delta,1,244,600,-600.0,False,25
scale_31x21,kc_delta,1,245,600,-600.0,False,52
scale_31x21,kc_delta,1,246,74,-63.0,True,22
scale_31x21,kc_delta,1,247,600,-600.0,False,32
scale_31x21,kc_delta,1,248,600,-600.0,False,37
scale_31x21,kc_delta,1,249,600,-600.0,False,36
scale_31x21,kc_delta,1,250,600,-600.0,False,50
scale_31x21,kc_delta,1,251,600,-600.0,False,28
scale_31x21,kc_delta,1,252,600,-600.0,False,30
scale_31x21,kc_delta,1,253,600,-600.0,False,35
scale_31x21,kc_delta,1,254,600,-600.0,False,47
scale_31x21,kc_delta,1,255,600,-600.0,False,30
scale_31x21,kc_delta,1,256,600,-600.0,False,53
scale_31x21,kc_delta,1,257,600,-600.0,False,38
scale_31x21,kc_delta,1,258,600,-600.0,False,46
scale_31x21,kc_delta,1,259,600,-600.0,False,31
scale_31x21,kc_delta,1,260,472,-461.0,True,25
scale_31x21,kc_delta,1,261,600,-600.0,False,45
scale_31x21,kc_delta,1,262,600,-600.0,False,33
scale_31x21,kc_delta,1,263,600,-600.0,False,52
scale_31x21,kc_delta,1,264,600,-600.0,False,43
scale_31x21,kc_delta,1,265,600,-600.0,False,52
scale_31x21,kc_delta,1,266,600,-600.0,False,31
scale_31x21,kc_delta,1,267,109,-98.0,True,13
scale_31x21,kc_delta,1,268,600,-600.0,False,45
scale_31x21,kc_delta,1,269,265,-254.0,True,25
scale_31x21,kc_delta,1,270,37,-26.0,True,15
scale_31x21,kc_delta,1,271,600,-600.0,False,30
scale_31x21,kc_delta,1,272,439,-428.0,True,22
scale_31x21,kc_delta,1,273,600,-600.0,False,55
scale_31x21,kc_delta,1,274,28,-17.0,True,5
scale_31x21,kc_delta,1,275,11,0.0,True,7
scale_31x21,kc_delta,1,276,325,-314.0,True,20
scale_31x21,kc_delta,1,277,28,-17.0,True,18
scale_31x21,kc_delta,1,278,600,-600.0,False,56
scale_31x21,kc_delta,1,279,47,-36.0,True,17
scale_31x21,kc_delta,1,280,600,-600.0,False,57
scale_31x21,kc_delta,1,281,600,-600.0,False,33
scale_31x21,kc_delta,1,282,600,-600.0,False,39
scale_31x21,kc_delta,1,283,40,-29.0,True,22
scale_31x21,kc_delta,1,284,16,-5.0,True,8
scale_31x21,kc_delta,1,285,600,-600.0,False,46
scale_31x21,kc_delta,1,286,3,8.0,True,3
scale_31x21,kc_delta,1,287,600,-600.0,False,52
scale_31x21,kc_delta,1,288,8,3.0,True,5
scale_31x21,kc_delta,1,289,273,-262.0,True,25
scale_31x21,kc_delta,1,290,17,-6.0,True,12
scale_31x21,kc_delta,1,291,120,-109.0,True,23
scale_31x21,kc_delta,1,292,33,-22.0,True,22
scale_31x21,kc_delta,1,293,16,-5.0,True,16
scale_31x21,kc_delta,1,294,600,-600.0,False,56
scale_31x21,kc_delta,1,295,211,-200.0,True,33
scale_31x21,kc_delta,1,296,600,-600.0,False,47
scale_31x21,kc_delta,1,297,600,-600.0,False,41
scale_31x21,kc_delta,1,298,600,-600.0,False,37
scale_31x21,kc_delta,1,299,600,-600.0,False,55
scale_31x21,kc_delta,1,300,600,-600.0,False,44
scale_31x21,kc_delta,1,301,600,-600.0,False,38
scale_31x21,kc_delta,1,302,600,-600.0,False,29
scale_31x21,kc_delta,1,303,600,-600.0,False,45
scale_31x21,kc_delta,1,304,600,-600.0,False,42
scale_31x21,kc_delta,1,305,600,-600.0,False,41
scale_31x21,kc_delta,1,306,600,-600.0,False,29
scale_31x21,kc_delta,1,307,56,-45.0,True,20
scale_31x21,kc_delta,1,308,63,-52.0,True,28
scale_31x21,kc_delta,1,309,600,-600.0,False,44
scale_31x21,kc_delta,1,310,600,-600.0,False,51
scale_31x21,kc_delta,1,311,61,-50.0,True,21
scale_31x21,kc_delta,1,312,600,-600.0,False,55
scale_31x21,kc_delta,1,313,184,-173.0,True,21
scale_31x21,kc_delta,1,314,600,-600.0,False,50
scale_31x21,kc_delta,1,315,42,-31.0,True,16
scale_31x21,kc_delta,1,316,600,-600.0,False,50
scale_31x21,kc_delta,1,317,600,-600.0,False,26
scale_31x21,kc_delta,1,318,25,-14.0,True,5
scale_31x21,kc_delta,1,319,18,-7.0,True,9
scale_31x21,kc_delta,1,320,165,-154.0,True,19
scale_31x21,kc_delta,1,321,81,-70.0,True,27
scale_31x21,kc_delta,1,322,600,-600.0,False,53
scale_31x21,kc_delta,1,323,29,-18.0,True,21
scale_31x21,kc_delta,1,324,600,-600.0,False,53
scale_31x21,kc_delta,1,325,600,-600.0,False,50
scale_31x21,kc_delta,1,326,600,-600.0,False,48
scale_31x21,kc_delta,1,327,600,-600.0,False,29
scale_31x21,kc_delta,1,328,600,-600.0,False,53
scale_31x21,kc_delta,1,329,600,-600.0,False,45
scale_31x21,kc_delta,1,330,600,-600.0,False,53
scale_31x21,kc_delta,1,331,21,-10.0,True,6
scale_31x21,kc_delta,1,332,206,-195.0,True,35
scale_31x21,kc_delta,1,333,600,-600.0,False,55
scale_31x21,kc_delta,1,334,600,-600.0,False,46
scale_31x21,kc_delta,1,335,362,-351.0,True,19
scale_31x21,kc_delta,1,336,80,-69.0,True,21
scale_31x21,kc_delta,1,337,600,-600.0,False,41
scale_31x21,kc_delta,1,338,600,-600.0,False,57
scale_31x21,kc_delta,1,339,600,-600.0,False,42
scale_31x21,kc_delta,1,340,6,5.0,True,6
scale_31x21,kc_delta,1,341,600,-600.0,False,57
scale_31x21,kc_delta,1,342,600,-600.0,False,54
scale_31x21,kc_delta,1,343,600,-600.0,False,30
scale_31x21,kc_delta,1,344,600,-600.0,False,45
scale_31x21,kc_delta,1,345,102,-91.0,True,18
scale_31x21,kc_delta,1,346,138,-127.0,True,19
scale_31x21,kc_delta,1,347,600,-600.0,False,45
scale_31x21,kc_delta,1,348,600,-600.0,False,35
scale_31x21,kc_delta,1,349,35,-24.0,True,21
scale_31x21,kc_delta,1,350,600,-600.0,False,44
scale_31x21,kc_delta,1,351,600,-600.0,False,46
scale_31x21,kc_delta,1,352,36,-25.0,True,19
scale_31x21,kc_delta,1,353,25,-14.0,True,15
scale_31x21,kc_delta,1,354,14,-3.0,True,13
scale_31x21,kc_delta,1,355,18,-7.0,True,16
scale_31x21,kc_delta,1,356,600,-600.0,False,29
scale_31x21,kc_delta,1,357,600,-600.0,False,51
scale_31x21,kc_delta,1,358,600,-600.0,False,56
scale_31x21,kc_delta,1,359,600,-600.0,False,48
scale_31x21,kc_delta,1,360,86,-75.0,True,20
scale_31x21,kc_delta,1,361,600,-600.0,False,56
scale_31x21,kc_delta,1,362,600,-600.0,False,45
scale_31x21,kc_delta,1,363,81,-70.0,True,19
scale_31x21,kc_delta,1,364,600,-600.0,False,45
scale_31x21,kc_delta,1,365,29,-18.0,True,19
scale_31x21,kc_delta,1,366,600,-600.0,False,28
scale_31x21,kc_delta,1,367,600,-600.0,False,41
scale_31x21,kc_delta,1,368,17,-6.0,True,16
scale_31x21,kc_delta,1,369,600,-600.0,False,46
scale_31x21,kc_delta,1,370,4,7.0,True,4
scale_31x21,kc_delta,1,371,600,-600.0,False,41
scale_31x21,kc_delta,1,372,600,-600.0,False,56
scale_31x21,kc_delta,1,373,198,-187.0,True,29
scale_31x21,kc_delta,1,374,169,-158.0,True,22
scale_31x21,kc_delta,1,375,600,-600.0,False,34
scale_31x21,kc_delta,1,376,42,-31.0,True,23
scale_31x21,kc_delta,1,377,22,-11.0,True,17
scale_31x21,kc_delta,1,378,100,-89.0,True,24
scale_31x21,kc_delta,1,379,600,-600.0,False,34
scale_31x21,kc_delta,1,380,13,-2.0,True,13
scale_31x21,kc_delta,1,381,600,-600.0,False,44
scale_31x21,kc_delta,1,382,56,-45.0,True,27
scale_31x21,kc_delta,1,383,600,-600.0,False,50
scale_31x21,kc_delta,1,384,33,-22.0,True,17
scale_31x21,kc_delta,1,385,600,-600.0,False,48
scale_31x21,kc_delta,1,386,600,-600.0,False,52
scale_31x21,kc_delta,1,387,600,-600.0,False,54
scale_31x21,kc_delta,1,388,600,-600.0,False,37
scale_31x21,kc_delta,1,389,600,-600.0,False,56
scale_31x21,kc_delta,1,390,373,-362.0,True,27
scale_31x21,kc_delta,1,391,600,-600.0,False,55
scale_31x21,kc_delta,1,392,600,-600.0,False,41
scale_31x21,kc_delta,1,393,1,10.0,True,1
scale_31x21,kc_delta,1,394,600,-600.0,False,53
scale_31x21,kc_delta,1,395,600,-600.0,False,52
scale_31x21,kc_delta,1,396,239,-228.0,True,26
scale_31x21,kc_delta,1,397,159,-148.0,True,20
scale_31x21,kc_delta,1,398,600,-600.0,False,55
scale_31x21,kc_delta,1,399,600,-600.0,False,48
scale_31x21,kc_delta,1,400,600,-600.0,False,40
scale_31x21,kc_delta,1,401,14,-3.0,True,10
scale_31x21,kc_delta,1,402,600,-600.0,False,43
scale_31x21,kc_delta,1,403,600,-600.0,False,54
scale_31x21,kc_delta,1,404,600,-600.0,False,34
scale_31x21,kc_delta,1,405,175,-164.0,True,23
scale_31x21,kc_delta,1,406,600,-600.0,False,52
scale_31x21,kc_delta,1,407,127,-116.0,True,25
scale_31x21,kc_delta,1,408,336,-325.0,True,32
scale_31x21,kc_delta,1,409,600,-600.0,False,37
scale_31x21,kc_delta,1,410,70,-59.0,True,25
scale_31x21,kc_delta,1,411,26,-15.0,True,21
scale_31x21,kc_delta,1,412,600,-600.0,False,34
scale_31x21,kc_delta,1,413,600,-600.0,False,41
scale_31x21,kc_delta,1,414,600,-600.0,False,41
scale_31x21,kc_delta,1,415,600,-600.0,False,37
scale_31x21,kc_delta,1,416,32,-21.0,True,26
scale_31x21,kc_delta,1,417,600,-600.0,False,52
scale_31x21,kc_delta,1,418,600,-600.0,False,43
scale_31x21,kc_delta,1,419,600,-600.0,False,38
scale_31x21,kc_delta,1,420,600,-600.0,False,39
scale_31x21,kc_delta,1,421,49,-38.0,True,21
scale_31x21,kc_delta,1,422,44,-33.0,True,15
scale_31x21,kc_delta,1,423,600,-600.0,False,39
scale_31x21,kc_delta,1,424,231,-220.0,True,24
scale_31x21,kc_delta,1,425,600,-600.0,False,55
scale_31x21,kc_delta,1,426,600,-600.0,False,30
scale_31x21,kc_delta,1,427,600,-600.0,False,42
scale_31x21,kc_delta,1,428,16,-5.0,True,10
scale_31x21,kc_delta,1,429,600,-600.0,False,39
scale_31x21,kc_delta,1,430,109,-98.0,True,19
scale_31x21,kc_delta,1,431,20,-9.0,True,19
scale_31x21,kc_delta,1,432,39,-28.0,True,29
scale_31x21,kc_delta,1,433,600,-600.0,False,54
scale_31x21,kc_delta,1,434,95,-84.0,True,26
scale_31x21,kc_delta,1,435,600,-600.0,False,41
scale_31x21,kc_delta,1,436,600,-600.0,False,25
scale_31x21,kc_delta,1,437,35,-24.0,True,23
scale_31x21,kc_delta,1,438,600,-600.0,False,36
scale_31x21,kc_delta,1,439,179,-168.0,True,23
scale_31x21,kc_delta,1,440,600,-600.0,False,52
scale_31x21,kc_delta,1,441,22,-11.0,True,20
scale_31x21,kc_delta,1,442,600,-600.0,False,46
scale_31x21,kc_delta,1,443,600,-600.0,False,52
scale_31x21,kc_delta,1,444,63,-52.0,True,16
scale_31x21,kc_delta,1,445,600,-600.0,False,34
scale_31x21,kc_delta,1,446,600,-600.0,False,39
scale_31x21,kc_delta,1,447,36,-25.0,True,23
scale_31x21,kc_delta,1,448,600,-600.0,False,39
scale_31x21,kc_delta,1,449,600,-600.0,False,49
scale_31x21,kc_delta,1,450,24,-13.0,True,21
scale_31x21,kc_delta,1,451,600,-600.0,False,54
scale_31x21,kc_delta,1,452,600,-600.0,False,38
scale_31x21,kc_delta,1,453,521,-510.0,True,25
scale_31x21,kc_delta,1,454,229,-218.0,True,22
scale_31x21,kc_delta,1,455,74,-63.0,True,30
scale_31x21,kc_delta,1,456,1,10.0,True,1
scale_31x21,kc_delta,1,457,32,-21.0,True,19
scale_31x21,kc_delta,1,458,58,-47.0,True,16
scale_31x21,kc_delta,1,459,11,0.0,True,11
scale_31x21,kc_delta,1,460,600,-600.0,False,35
scale_31x21,kc_delta,1,461,600,-600.0,False,59
scale_31x21,kc_delta,1,462,25,-14.0,True,18
scale_31x21,kc_delta,1,463,6,5.0,True,5
scale_31x21,kc_delta,1,464,600,-600.0,False,30
scale_31x21,kc_delta,1,465,15,-4.0,True,15
scale_31x21,kc_delta,1,466,20,-9.0,True,20
scale_31x21,kc_delta,1,467,600,-600.0,False,41
scale_31x21,kc_delta,1,468,600,-600.0,False,43
scale_31x21,kc_delta,1,469,100,-89.0,True,26
scale_31x21,kc_delta,1,470,600,-600.0,False,54
scale_31x21,kc_delta,1,471,136,-125.0,True,21
scale_31x21,kc_delta,1,472,600,-600.0,False,57
scale_31x21,kc_delta,1,473,600,-600.0,False,29
scale_31x21,kc_delta,1,474,600,-600.0,False,28
scale_31x21,kc_delta,1,475,138,-127.0,True,24
scale_31x21,kc_delta,1,476,600,-600.0,False,46
scale_31x21,kc_delta,1,477,600,-600.0,False,44
scale_31x21,kc_delta,1,478,600,-600.0,False,51
scale_31x21,kc_delta,1,479,20,-9.0,True,9
scale_31x21,kc_delta,1,480,600,-600.0,False,33
scale_31x21,kc_delta,1,481,600,-600.0,False,41
scale_31x21,kc_delta,1,482,600,-600.0,False,55
scale_31x21,kc_delta,1,483,600,-600.0,False,26
scale_31x21,kc_delta,1,484,600,-600.0,False,39
scale_31x21,kc_delta,1,485,600,-600.0,False,32
scale_31x21,kc_delta,1,486,18,-7.0,True,16
scale_31x21,kc_delta,1,487,600,-600.0,False,40
scale_31x21,kc_delta,1,488,600,-600.0,False,43
scale_31x21,kc_delta,1,489,33,-22.0,True,22
scale_31x21,kc_delta,1,490,26,-15.0,True,15
scale_31x21,kc_delta,1,491,532,-521.0,True,26
scale_31x21,kc_delta,1,492,600,-600.0,False,57
scale_31x21,kc_delta,1,493,51,-40.0,True,28
scale_31x21,kc_delta,1,494,600,-600.0,False,42
scale_31x21,kc_delta,1,495,35,-24.0,True,28
scale_31x21,kc_delta,1,496,600,-600.0,False,30
scale_31x21,kc_delta,1,497,56,-45.0,True,26
scale_31x21,kc_delta,1,498,600,-600.0,False,45
scale_31x21,kc_delta,1,499,600,-600.0,False,30
scale_31x21,kc_delta,1,500,43,-32.0,True,22
scale_31x21,kc_delta,1,501,600,-600.0,False,32
scale_31x21,kc_delta,1,502,600,-600.0,False,36
scale_31x21,kc_delta,1,503,600,-600.0,False,33
scale_31x21,kc_delta,1,504,10,1.0,True,4
scale_31x21,kc_delta,1,505,600,-600.0,False,52
scale_31x21,kc_delta,1,506,600,-600.0,False,33
scale_31x21,kc_delta,1,507,600,-600.0,False,33
scale_31x21,kc_delta,1,508,600,-600.0,False,31
scale_31x21,kc_delta,1,509,600,-600.0,False,49
scale_31x21,kc_delta,1,510,16,-5.0,True,16
scale_31x21,kc_delta,1,511,600,-600.0,False,35
scale_31x21,kc_delta,1,512,600,-600.0,False,31
scale_31x21,kc_delta,1,513,600,-600.0,False,42
scale_31x21,kc_delta,1,514,600,-600.0,False,55
scale_31x21,kc_delta,1,515,600,-600.0,False,36
scale_31x21,kc_delta,1,516,39,-28.0,True,25
scale_31x21,kc_delta,1,517,600,-600.0,False,34
scale_31x21,kc_delta,1,518,26,-15.0,True,24
scale_31x21,kc_delta,1,519,600,-600.0,False,31
scale_31x21,kc_delta,1,520,600,-600.0,False,36
scale_31x21,kc_delta,1,521,600,-600.0,False,46
scale_31x21,kc_delta,1,522,600,-600.0,False,59
scale_31x21,kc_delta,1,523,600,-600.0,False,40
scale_31x21,kc_delta,1,524,600,-600.0,False,36
scale_31x21,kc_delta,1,525,9,2.0,True,9
scale_31x21,kc_delta,1,526,600,-600.0,False,36
scale_31x21,kc_delta,1,527,12,-1.0,True,9
scale_31x21,kc_delta,1,528,600,-600.0,False,46
scale_31x21,kc_delta,1,529,600,-600.0,False,56
scale_31x21,kc_delta,1,530,600,-600.0,False,37
scale_31x21,kc_delta,1,531,600,-600.0,False,52
scale_31x21,kc_delta,1,532,600,-600.0,False,54
scale_31x21,kc_delta,1,533,600,-600.0,False,49
scale_31x21,kc_delta,1,534,6,5.0,True,6
scale_31x21,kc_delta,1,535,59,-48.0,True,17
scale_31x21,kc_delta,1,536,600,-600.0,False,52
scale_31x21,kc_delta,1,537,60,-49.0,True,21
scale_31x21,kc_delta,1,538,600,-600.0,False,40
scale_31x21,kc_delta,1,539,600,-600.0,False,38
scale_31x21,kc_delta,1,540,600,-600.0,False,25
scale_31x21,kc_delta,1,541,600,-600.0,False,28
scale_31x21,kc_delta,1,542,20,-9.0,True,20
scale_31x21,kc_delta,1,543,600,-600.0,False,38
scale_31x21,kc_delta,1,544,3,8.0,True,2
scale_31x21,kc_delta,1,545,16,-5.0,True,16
scale_31x21,kc_delta,1,546,63,-52.0,True,15
scale_31x21,kc_delta,1,547,600,-600.0,False,37
scale_31x21,kc_delta,1,548,600,-600.0,False,33
scale_31x21,kc_delta,1,549,104,-93.0,True,24
scale_31x21,kc_delta,1,550,600,-600.0,False,29
scale_31x21,kc_delta,1,551,600,-600.0,False,40
scale_31x21,kc_delta,1,552,600,-600.0,False,49
scale_31x21,kc_delta,1,553,20,-9.0,True,12
scale_31x21,kc_delta,1,554,600,-600.0,False,44
scale_31x21,kc_delta,1,555,108,-97.0,True,20
scale_31x21,kc_delta,1,556,4,7.0,True,4
scale_31x21,kc_delta,1,557,37,-26.0,True,22
scale_31x21,kc_delta,1,558,600,-600.0,False,47
scale_31x21,kc_delta,1,559,206,-195.0,True,26
scale_31x21,kc_delta,1,560,600,-600.0,False,31
scale_31x21,kc_delta,1,561,600,-600.0,False,44
scale_31x21,kc_delta,1,562,2,9.0,True,2
scale_31x21,kc_delta,1,563,600,-600.0,False,54
scale_31x21,kc_delta,1,564,26,-15.0,True,15
scale_31x21,kc_delta,1,565,24,-13.0,True,12
scale_31x21,kc_delta,1,566,600,-600.0,False,46
scale_31x21,kc_delta,1,567,600,-600.0,False,36
scale_31x21,kc_delta,1,568,600,-600.0,False,44
scale_31x21,kc_delta,1,569,600,-600.0,False,47
scale_31x21,kc_delta,1,570,600,-600.0,False,40
scale_31x21,kc_delta,1,571,600,-600.0,False,46
scale_31x21,kc_delta,1,572,5,6.0,True,3
scale_31x21,kc_delta,1,573,346,-335.0,True,25
scale_31x21,kc_delta,1,574,4,7.0,True,4
scale_31x21,kc_delta,1,575,600,-600.0,False,48
scale_31x21,kc_delta,1,576,103,-92.0,True,26
scale_31x21,kc_delta,1,577,84,-73.0,True,17
scale_31x21,kc_delta,1,578,600,-600.0,False,40
scale_31x21,kc_delta,1,579,70,-59.0,True,23
scale_31x21,kc_delta,1,580,8,3.0,True,8
scale_31x21,kc_delta,1,581,37,-26.0,True,24
scale_31x21,kc_delta,1,582,18,-7.0,True,16
scale_31x21,kc_delta,1,583,45,-34.0,True,25
scale_31x21,kc_delta,1,584,600,-600.0,False,44
scale_31x21,kc_delta,1,585,600,-600.0,False,32
scale_31x21,kc_delta,1,586,53,-42.0,True,26
scale_31x21,kc_delta,1,587,49,-38.0,True,17
scale_31x21,kc_delta,1,588,29,-18.0,True,19
scale_31x21,kc_delta,1,589,600,-600.0,False,50
scale_31x21,kc_delta,1,590,8,3.0,True,8
scale_31x21,kc_delta,1,591,88,-77.0,True,25
scale_31x21,kc_delta,1,592,26,-15.0,True,23
scale_31x21,kc_delta,1,593,600,-600.0,False,51
scale_31x21,kc_delta,1,594,600,-600.0,False,43
scale_31x21,kc_delta,1,595,600,-600.0,False,52
scale_31x21,kc_delta,1,596,600,-600.0,False,50
scale_31x21,kc_delta,1,597,600,-600.0,False,32
scale_31x21,kc_delta,1,598,600,-600.0,False,52
scale_31x21,kc_delta,1,599,29,-18.0,True,24
scale_31x21,rand_delta,1,0,600,-600.0,False,27
scale_31x21,rand_delta,1,1,305,-294.0,True,15
scale_31x21,rand_delta,1,2,5,6.0,True,5
scale_31x21,rand_delta,1,3,600,-600.0,False,45
scale_31x21,rand_delta,1,4,187,-176.0,True,21
scale_31x21,rand_delta,1,5,600,-600.0,False,51
scale_31x21,rand_delta,1,6,246,-235.0,True,13
scale_31x21,rand_delta,1,7,192,-181.0,True,19
scale_31x21,rand_delta,1,8,236,-225.0,True,31
scale_31x21,rand_delta,1,9,182,-171.0,True,34
scale_31x21,rand_delta,1,10,600,-600.0,False,46
scale_31x21,rand_delta,1,11,600,-600.0,False,35
scale_31x21,rand_delta,1,12,600,-600.0,False,55
scale_31x21,rand_delta,1,13,600,-600.0,False,50
scale_31x21,rand_delta,1,14,212,-201.0,True,37
scale_31x21,rand_delta,1,15,112,-101.0,True,39
scale_31x21,rand_delta,1,16,46,-35.0,True,20
scale_31x21,rand_delta,1,17,70,-59.0,True,36
scale_31x21,rand_delta,1,18,358,-347.0,True,45
scale_31x21,rand_delta,1,19,60,-49.0,True,31
scale_31x21,rand_delta,1,20,258,-247.0,True,30
scale_31x21,rand_delta,1,21,600,-600.0,False,42
scale_31x21,rand_delta,1,22,40,-29.0,True,12
scale_31x21,rand_delta,1,23,77,-66.0,True,6
scale_31x21,rand_delta,1,24,227,-216.0,True,26
scale_31x21,rand_delta,1,25,128,-117.0,True,13
scale_31x21,rand_delta,1,26,100,-89.0,True,25
scale_31x21,rand_delta,1,27,82,-71.0,True,33
scale_31x21,rand_delta,1,28,600,-600.0,False,45
scale_31x21,rand_delta,1,29,600,-600.0,False,47
scale_31x21,rand_delta,1,30,121,-110.0,True,7
scale_31x21,rand_delta,1,31,51,-40.0,True,29
scale_31x21,rand_delta,1,32,58,-47.0,True,28
scale_31x21,rand_delta,1,33,89,-78.0,True,29
scale_31x21,rand_delta,1,34,47,-36.0,True,34
scale_31x21,rand_delta,1,35,64,-53.0,True,9
scale_31x21,rand_delta,1,36,600,-600.0,False,36
scale_31x21,rand_delta,1,37,600,-600.0,False,44
scale_31x21,rand_delta,1,38,90,-79.0,True,20
scale_31x21,rand_delta,1,39,89,-78.0,True,35
scale_31x21,rand_delta,1,40,85,-74.0,True,20
scale_31x21,rand_delta,1,41,600,-600.0,False,46
scale_31x21,rand_delta,1,42,98,-87.0,True,21
scale_31x21,rand_delta,1,43,103,-92.0,True,32
scale_31x21,rand_delta,1,44,1,10.0,True,1
scale_31x21,rand_delta,1,45,36,-25.0,True,12
scale_31x21,rand_delta,1,46,115,-104.0,True,27
scale_31x21,rand_delta,1,47,600,-600.0,False,43
scale_31x21,rand_delta,1,48,155,-144.0,True,17
scale_31x21,rand_delta,1,49,26,-15.0,True,2
scale_31x21,rand_delta,1,50,600,-600.0,False,53
scale_31x21,rand_delta,1,51,484,-473.0,True,40
scale_31x21,rand_delta,1,52,600,-600.0,False,53
scale_31x21,rand_delta,1,53,158,-147.0,True,38
scale_31x21,rand_delta,1,54,67,-56.0,True,21
scale_31x21,rand_delta,1,55,72,-61.0,True,36
scale_31x21,rand_delta,1,56,600,-600.0,False,39
scale_31x21,rand_delta,1,57,70,-59.0,True,26
scale_31x21,rand_delta,1,58,38,-27.0,True,15
scale_31x21,rand_delta,1,59,7,4.0,True,7
scale_31x21,rand_delta,1,60,600,-600.0,False,43
scale_31x21,rand_delta,1,61,600,-600.0,False,41
scale_31x21,rand_delta,1,62,111,-100.0,True,28
scale_31x21,rand_delta,1,63,44,-33.0,True,24
scale_31x21,rand_delta,1,64,59,-48.0,True,36
scale_31x21,rand_delta,1,65,600,-600.0,False,41
scale_31x21,rand_delta,1,66,600,-600.0,False,45
scale_31x21,rand_delta,1,67,600,-600.0,False,41
scale_31x21,rand_delta,1,68,35,-24.0,True,19
scale_31x21,rand_delta,1,69,52,-41.0,True,30
scale_31x21,rand_delta,1,70,51,-40.0,True,33
scale_31x21,rand_delta,1,71,600,-600.0,False,50
scale_31x21,rand_delta,1,72,600,-600.0,False,53
scale_31x21,rand_delta,1,73,600,-600.0,False,47
scale_31x21,rand_delta,1,74,286,-275.0,True,40
scale_31x21,rand_delta,1,75,600,-600.0,False,44
scale_31x21,rand_delta,1,76,31,-20.0,True,14
scale_31x21,rand_delta,1,77,66,-55.0,True,23
scale_31x21,rand_delta,1,78,19,-8.0,True,8
scale_31x21,rand_delta,1,79,29,-18.0,True,9
scale_31x21,rand_delta,1,80,270,-259.0,True,39
scale_31x21,rand_delta,1,81,600,-600.0,False,45
scale_31x21,rand_delta,1,82,100,-89.0,True,30
scale_31x21,rand_delta,1,83,600,-600.0,False,54
scale_31x21,rand_delta,1,84,45,-34.0,True,30
scale_31x21,rand_delta,1,85,119,-108.0,True,40
scale_31x21,rand_delta,1,86,151,-140.0,True,32
scale_31x21,rand_delta,1,87,600,-600.0,False,46
scale_31x21,rand_delta,1,88,600,-600.0,False,49
scale_31x21,rand_delta,1,89,600,-600.0,False,54
scale_31x21,rand_delta,1,90,17,-6.0,True,13
scale_31x21,rand_delta,1,91,67,-56.0,True,25
scale_31x21,rand_delta,1,92,5,6.0,True,3
scale_31x21,rand_delta,1,93,78,-67.0,True,29
scale_31x21,rand_delta,1,94,14,-3.0,True,6
scale_31x21,rand_delta,1,95,19,-8.0,True,6
scale_31x21,rand_delta,1,96,600,-600.0,False,55
scale_31x21,rand_delta,1,97,33,-22.0,True,10
scale_31x21,rand_delta,1,98,118,-107.0,True,31
scale_31x21,rand_delta,1,99,163,-152.0,True,39
scale_31x21,rand_delta,1,100,105,-94.0,True,40
scale_31x21,rand_delta,1,101,600,-600.0,False,50
scale_31x21,rand_delta,1,102,107,-96.0,True,26
scale_31x21,rand_delta,1,103,74,-63.0,True,39
scale_31x21,rand_delta,1,104,110,-99.0,True,25
scale_31x21,rand_delta,1,105,600,-600.0,False,45
scale_31x21,rand_delta,1,106,600,-600.0,False,52
scale_31x21,rand_delta,1,107,600,-600.0,False,43
scale_31x21,rand_delta,1,108,600,-600.0,False,42
scale_31x21,rand_delta,1,109,162,-151.0,True,38
scale_31x21,rand_delta,1,110,600,-600.0,False,52
scale_31x21,rand_delta,1,111,122,-111.0,True,22
scale_31x21,rand_delta,1,112,34,-23.0,True,19
scale_31x21,rand_delta,1,113,24,-13.0,True,20
scale_31x21,rand_delta,1,114,39,-28.0,True,21
scale_31x21,rand_delta,1,115,47,-36.0,True,23
scale_31x21,rand_delta,1,116,600,-600.0,False,45
scale_31x21,rand_delta,1,117,9,2.0,True,8
scale_31x21,rand_delta,1,118,600,-600.0,False,51
scale_31x21,rand_delta,1,119,21,-10.0,True,20
scale_31x21,rand_delta,1,120,84,-73.0,True,31
scale_31x21,rand_delta,1,121,600,-600.0,False,46
scale_31x21,rand_delta,1,122,600,-600.0,False,53
scale_31x21,rand_delta,1,123,170,-159.0,True,39
scale_31x21,rand_delta,1,124,61,-50.0,True,35
scale_31x21,rand_delta,1,125,600,-600.0,False,46
scale_31x21,rand_delta,1,126,43,-32.0,True,24
scale_31x21,rand_delta,1,127,600,-600.0,False,48
scale_31x21,rand_delta,1,128,600,-600.0,False,50
scale_31x21,rand_delta,1,129,206,-195.0,True,29
scale_31x21,rand_delta,1,130,47,-36.0,True,18
scale_31x21,rand_delta,1,131,31,-20.0,True,20
scale_31x21,rand_delta,1,132,69,-58.0,True,33
scale_31x21,rand_delta,1,133,600,-600.0,False,45
scale_31x21,rand_delta,1,134,39,-28.0,True,13
scale_31x21,rand_delta,1,135,600,-600.0,False,59
scale_31x21,rand_delta,1,136,43,-32.0,True,12
scale_31x21,rand_delta,1,137,70,-59.0,True,18
scale_31x21,rand_delta,1,138,60,-49.0,True,23
scale_31x21,rand_delta,1,139,7,4.0,True,5
scale_31x21,rand_delta,1,140,600,-600.0,False,50
scale_31x21,rand_delta,1,141,600,-600.0,False,56
scale_31x21,rand_delta,1,142,600,-600.0,False,51
scale_31x21,rand_delta,1,143,161,-150.0,True,22
scale_31x21,rand_delta,1,144,4,7.0,True,3
scale_31x21,rand_delta,1,145,108,-97.0,True,34
scale_31x21,rand_delta,1,146,520,-509.0,True,43
scale_31x21,rand_delta,1,147,600,-600.0,False,52
scale_31x21,rand_delta,1,148,233,-222.0,True,37
scale_31x21,rand_delta,1,149,600,-600.0,False,51
scale_31x21,rand_delta,1,150,600,-600.0,False,55
scale_31x21,rand_delta,1,151,57,-46.0,True,21
scale_31x21,rand_delta,1,152,80,-69.0,True,32
scale_31x21,rand_delta,1,153,600,-600.0,False,50
scale_31x21,rand_delta,1,154,34,-23.0,True,24
scale_31x21,rand_delta,1,155,90,-79.0,True,36
scale_31x21,rand_delta,1,156,10,1.0,True,8
scale_31x21,rand_delta,1,157,22,-11.0,True,17
scale_31x21,rand_delta,1,158,18,-7.0,True,13
scale_31x21,rand_delta,1,159,600,-600.0,False,47
scale_31x21,rand_delta,1,160,142,-131.0,True,38
scale_31x21,rand_delta,1,161,24,-13.0,True,16
scale_31x21,rand_delta,1,162,50,-39.0,True,28
scale_31x21,rand_delta,1,163,44,-33.0,True,38
scale_31x21,rand_delta,1,164,600,-600.0,False,51
scale_31x21,rand_delta,1,165,600,-600.0,False,52
scale_31x21,rand_delta,1,166,32,-21.0,True,16
scale_31x21,rand_delta,1,167,77,-66.0,True,40
scale_31x21,rand_delta,1,168,600,-600.0,False,46
scale_31x21,rand_delta,1,169,49,-38.0,True,26
scale_31x21,rand_delta,1,170,6,5.0,True,6
scale_31x21,rand_delta,1,171,24,-13.0,True,16
scale_31x21,rand_delta,1,172,32,-21.0,True,19
scale_31x21,rand_delta,1,173,17,-6.0,True,13
scale_31x21,rand_delta,1,174,50,-39.0,True,39
scale_31x21,rand_delta,1,175,36,-25.0,True,23
scale_31x21,rand_delta,1,176,600,-600.0,False,46
scale_31x21,rand_delta,1,177,600,-600.0,False,42
scale_31x21,rand_delta,1,178,600,-600.0,False,45
scale_31x21,rand_delta,1,179,600,-600.0,False,56
scale_31x21,rand_delta,1,180,65,-54.0,True,18
scale_31x21,rand_delta,1,181,126,-115.0,True,39
scale_31x21,rand_delta,1,182,600,-600.0,False,56
scale_31x21,rand_delta,1,183,600,-600.0,False,51
scale_31x21,rand_delta,1,184,30,-19.0,True,14
scale_31x21,rand_delta,1,185,20,-9.0,True,16
scale_31x21,rand_delta,1,186,17,-6.0,True,8
scale_31x21,rand_delta,1,187,600,-600.0,False,55
scale_31x21,rand_delta,1,188,66,-55.0,True,32
scale_31x21,rand_delta,1,189,600,-600.0,False,42
scale_31x21,rand_delta,1,190,99,-88.0,True,30
scale_31x21,rand_delta,1,191,600,-600.0,False,46
scale_31x21,rand_delta,1,192,600,-600.0,False,50
scale_31x21,rand_delta,1,193,600,-600.0,False,53
scale_31x21,rand_delta,1,194,58,-47.0,True,23
scale_31x21,rand_delta,1,195,600,-600.0,False,45
scale_31x21,rand_delta,1,196,26,-15.0,True,20
scale_31x21,rand_delta,1,197,79,-68.0,True,35
scale_31x21,rand_delta,1,198,600,-600.0,False,44
scale_31x21,rand_delta,1,199,40,-29.0,True,25
scale_31x21,rand_delta,1,200,600,-600.0,False,46
scale_31x21,rand_delta,1,201,166,-155.0,True,43
scale_31x21,rand_delta,1,202,46,-35.0,True,39
scale_31x21,rand_delta,1,203,600,-600.0,False,44
scale_31x21,rand_delta,1,204,600,-600.0,False,57
scale_31x21,rand_delta,1,205,600,-600.0,False,42
scale_31x21,rand_delta,1,206,61,-50.0,True,38
scale_31x21,rand_delta,1,207,584,-573.0,True,43
scale_31x21,rand_delta,1,208,203,-192.0,True,41
scale_31x21,rand_delta,1,209,59,-48.0,True,35
scale_31x21,rand_delta,1,210,600,-600.0,False,49
scale_31x21,rand_delta,1,211,30,-19.0,True,26
scale_31x21,rand_delta,1,212,21,-10.0,True,18
scale_31x21,rand_delta,1,213,53,-42.0,True,39
scale_31x21,rand_delta,1,214,84,-73.0,True,26
scale_31x21,rand_delta,1,215,351,-340.0,True,46
scale_31x21,rand_delta,1,216,49,-38.0,True,28
scale_31x21,rand_delta,1,217,600,-600.0,False,42
scale_31x21,rand_delta,1,218,78,-67.0,True,42
scale_31x21,rand_delta,1,219,600,-600.0,False,53
scale_31x21,rand_delta,1,220,600,-600.0,False,56
scale_31x21,rand_delta,1,221,600,-600.0,False,53
scale_31x21,rand_delta,1,222,93,-82.0,True,20
scale_31x21,rand_delta,1,223,117,-106.0,True,34
scale_31x21,rand_delta,1,224,53,-42.0,True,37
scale_31x21,rand_delta,1,225,58,-47.0,True,30
scale_31x21,rand_delta,1,226,66,-55.0,True,27
scale_31x21,rand_delta,1,227,600,-600.0,False,47
scale_31x21,rand_delta,1,228,600,-600.0,False,51
scale_31x21,rand_delta,1,229,56,-45.0,True,34
scale_31x21,rand_delta,1,230,46,-35.0,True,28
scale_31x21,rand_delta,1,231,44,-33.0,True,36
scale_31x21,rand_delta,1,232,600,-600.0,False,52
scale_31x21,rand_delta,1,233,58,-47.0,True,40
scale_31x21,rand_delta,1,234,600,-600.0,False,45
scale_31x21,rand_delta,1,235,81,-70.0,True,30
scale_31x21,rand_delta,1,236,600,-600.0,False,54
scale_31x21,rand_delta,1,237,66,-55.0,True,39
scale_31x21,rand_delta,1,238,51,-40.0,True,21
scale_31x21,rand_delta,1,239,23,-12.0,True,17
scale_31x21,rand_delta,1,240,5,6.0,True,5
scale_31x21,rand_delta,1,241,75,-64.0,True,28
scale_31x21,rand_delta,1,242,600,-600.0,False,52
scale_31x21,rand_delta,1,243,19,-8.0,True,9
scale_31x21,rand_delta,1,244,45,-34.0,True,25
scale_31x21,rand_delta,1,245,600,-600.0,False,52
scale_31x21,rand_delta,1,246,112,-101.0,True,22
scale_31x21,rand_delta,1,247,54,-43.0,True,32
scale_31x21,rand_delta,1,248,96,-85.0,True,37
scale_31x21,rand_delta,1,249,42,-31.0,True,36
scale_31x21,rand_delta,1,250,600,-600.0,False,50
scale_31x21,rand_delta,1,251,54,-43.0,True,28
scale_31x21,rand_delta,1,252,42,-31.0,True,30
scale_31x21,rand_delta,1,253,45,-34.0,True,35
scale_31x21,rand_delta,1,254,600,-600.0,False,47
scale_31x21,rand_delta,1,255,86,-75.0,True,30
scale_31x21,rand_delta,1,256,600,-600.0,False,53
scale_31x21,rand_delta,1,257,74,-63.0,True,38
scale_31x21,rand_delta,1,258,600,-600.0,False,46
scale_31x21,rand_delta,1,259,37,-26.0,True,31
scale_31x21,rand_delta,1,260,30,-19.0,True,25
scale_31x21,rand_delta,1,261,600,-600.0,False,45
scale_31x21,rand_delta,1,262,107,-96.0,True,33
scale_31x21,rand_delta,1,263,600,-600.0,False,52
scale_31x21,rand_delta,1,264,600,-600.0,False,43
scale_31x21,rand_delta,1,265,600,-600.0,False,52
scale_31x21,rand_delta,1,266,56,-45.0,True,31
scale_31x21,rand_delta,1,267,20,-9.0,True,13
scale_31x21,rand_delta,1,268,600,-600.0,False,45
scale_31x21,rand_delta,1,269,47,-36.0,True,25
scale_31x21,rand_delta,1,270,17,-6.0,True,15
scale_31x21,rand_delta,1,271,31,-20.0,True,30
scale_31x21,rand_delta,1,272,61,-50.0,True,22
scale_31x21,rand_delta,1,273,600,-600.0,False,55
scale_31x21,rand_delta,1,274,5,6.0,True,5
scale_31x21,rand_delta,1,275,7,4.0,True,7
scale_31x21,rand_delta,1,276,20,-9.0,True,20
scale_31x21,rand_delta,1,277,19,-8.0,True,18
scale_31x21,rand_delta,1,278,600,-600.0,False,56
scale_31x21,rand_delta,1,279,18,-7.0,True,17
scale_31x21,rand_delta,1,280,600,-600.0,False,57
scale_31x21,rand_delta,1,281,127,-116.0,True,33
scale_31x21,rand_delta,1,282,45,-34.0,True,39
scale_31x21,rand_delta,1,283,22,-11.0,True,22
scale_31x21,rand_delta,1,284,8,3.0,True,8
scale_31x21,rand_delta,1,285,600,-600.0,False,46
scale_31x21,rand_delta,1,286,3,8.0,True,3
scale_31x21,rand_delta,1,287,600,-600.0,False,52
scale_31x21,rand_delta,1,288,5,6.0,True,5
scale_31x21,rand_delta,1,289,59,-48.0,True,25
scale_31x21,rand_delta,1,290,12,-1.0,True,12
scale_31x21,rand_delta,1,291,30,-19.0,True,23
scale_31x21,rand_delta,1,292,46,-35.0,True,22
scale_31x21,rand_delta,1,293,18,-7.0,True,16
scale_31x21,rand_delta,1,294,600,-600.0,False,56
scale_31x21,rand_delta,1,295,140,-129.0,True,33
scale_31x21,rand_delta,1,296,600,-600.0,False,47
scale_31x21,rand_delta,1,297,93,-82.0,True,41
scale_31x21,rand_delta,1,298,45,-34.0,True,37
scale_31x21,rand_delta,1,299,600,-600.0,False,55
scale_31x21,rand_delta,1,300,600,-600.0,False,44
scale_31x21,rand_delta,1,301,59,-48.0,True,38
scale_31x21,rand_delta,1,302,38,-27.0,True,29
scale_31x21,rand_delta,1,303,600,-600.0,False,45
scale_31x21,rand_delta,1,304,600,-600.0,False,42
scale_31x21,rand_delta,1,305,105,-94.0,True,41
scale_31x21,rand_delta,1,306,50,-39.0,True,29
scale_31x21,rand_delta,1,307,24,-13.0,True,20
scale_31x21,rand_delta,1,308,48,-37.0,True,28
scale_31x21,rand_delta,1,309,600,-600.0,False,44
scale_31x21,rand_delta,1,310,600,-600.0,False,51
scale_31x21,rand_delta,1,311,46,-35.0,True,21
scale_31x21,rand_delta,1,312,600,-600.0,False,55
scale_31x21,rand_delta,1,313,21,-10.0,True,21
scale_31x21,rand_delta,1,314,500,-489.0,True,50
scale_31x21,rand_delta,1,315,105,-94.0,True,16
scale_31x21,rand_delta,1,316,600,-600.0,False,50
scale_31x21,rand_delta,1,317,63,-52.0,True,26
scale_31x21,rand_delta,1,318,5,6.0,True,5
scale_31x21,rand_delta,1,319,9,2.0,True,9
scale_31x21,rand_delta,1,320,76,-65.0,True,19
scale_31x21,rand_delta,1,321,28,-17.0,True,27
scale_31x21,rand_delta,1,322,600,-600.0,False,53
scale_31x21,rand_delta,1,323,21,-10.0,True,21
scale_31x21,rand_delta,1,324,600,-600.0,False,53
scale_31x21,rand_delta,1,325,600,-600.0,False,50
scale_31x21,rand_delta,1,326,600,-600.0,False,48
scale_31x21,rand_delta,1,327,52,-41.0,True,29
scale_31x21,rand_delta,1,328,600,-600.0,False,53
scale_31x21,rand_delta,1,329,600,-600.0,False,45
scale_31x21,rand_delta,1,330,600,-600.0,False,53
scale_31x21,rand_delta,1,331,6,5.0,True,6
scale_31x21,rand_delta,1,332,36,-25.0,True,35
scale_31x21,rand_delta,1,333,600,-600.0,False,55
scale_31x21,rand_delta,1,334,600,-600.0,False,46
scale_31x21,rand_delta,1,335,19,-8.0,True,19
scale_31x21,rand_delta,1,336,40,-29.0,True,21
scale_31x21,rand_delta,1,337,600,-600.0,False,41
scale_31x21,rand_delta,1,338,600,-600.0,False,57
scale_31x21,rand_delta,1,339,114,-103.0,True,42
scale_31x21,rand_delta,1,340,6,5.0,True,6
scale_31x21,rand_delta,1,341,600,-600.0,False,57
scale_31x21,rand_delta,1,342,600,-600.0,False,54
scale_31x21,rand_delta,1,343,84,-73.0,True,30
scale_31x21,rand_delta,1,344,375,-364.0,True,45
scale_31x21,rand_delta,1,345,18,-7.0,True,18
scale_31x21,rand_delta,1,346,25,-14.0,True,19
scale_31x21,rand_delta,1,347,600,-600.0,False,45
scale_31x21,rand_delta,1,348,70,-59.0,True,35
scale_31x21,rand_delta,1,349,23,-12.0,True,21
scale_31x21,rand_delta,1,350,466,-455.0,True,44
scale_31x21,rand_delta,1,351,600,-600.0,False,46
scale_31x21,rand_delta,1,352,19,-8.0,True,19
scale_31x21,rand_delta,1,353,19,-8.0,True,15
scale_31x21,rand_delta,1,354,13,-2.0,True,13
scale_31x21,rand_delta,1,355,16,-5.0,True,16
scale_31x21,rand_delta,1,356,35,-24.0,True,29
scale_31x21,rand_delta,1,357,600,-600.0,False,51
scale_31x21,rand_delta,1,358,600,-600.0,False,56
scale_31x21,rand_delta,1,359,600,-600.0,False,48
scale_31x21,rand_delta,1,360,37,-26.0,True,20
scale_31x21,rand_delta,1,361,600,-600.0,False,56
scale_31x21,rand_delta,1,362,600,-600.0,False,45
scale_31x21,rand_delta,1,363,26,-15.0,True,19
scale_31x21,rand_delta,1,364,600,-600.0,False,45
scale_31x21,rand_delta,1,365,27,-16.0,True,19
scale_31x21,rand_delta,1,366,36,-25.0,True,28
scale_31x21,rand_delta,1,367,148,-137.0,True,41
scale_31x21,rand_delta,1,368,16,-5.0,True,16
scale_31x21,rand_delta,1,369,600,-600.0,False,46
scale_31x21,rand_delta,1,370,4,7.0,True,4
scale_31x21,rand_delta,1,371,75,-64.0,True,41
scale_31x21,rand_delta,1,372,600,-600.0,False,56
scale_31x21,rand_delta,1,373,89,-78.0,True,29
scale_31x21,rand_delta,1,374,47,-36.0,True,22
scale_31x21,rand_delta,1,375,66,-55.0,True,34
scale_31x21,rand_delta,1,376,73,-62.0,True,23
scale_31x21,rand_delta,1,377,17,-6.0,True,17
scale_31x21,rand_delta,1,378,32,-21.0,True,24
scale_31x21,rand_delta,1,379,82,-71.0,True,34
scale_31x21,rand_delta,1,380,13,-2.0,True,13
scale_31x21,rand_delta,1,381,361,-350.0,True,44
scale_31x21,rand_delta,1,382,105,-94.0,True,27
scale_31x21,rand_delta,1,383,600,-600.0,False,50
scale_31x21,rand_delta,1,384,17,-6.0,True,17
scale_31x21,rand_delta,1,385,349,-338.0,True,48
scale_31x21,rand_delta,1,386,600,-600.0,False,52
scale_31x21,rand_delta,1,387,600,-600.0,False,54
scale_31x21,rand_delta,1,388,38,-27.0,True,37
scale_31x21,rand_delta,1,389,600,-600.0,False,56
scale_31x21,rand_delta,1,390,71,-60.0,True,27
scale_31x21,rand_delta,1,391,600,-600.0,False,55
scale_31x21,rand_delta,1,392,346,-335.0,True,41
scale_31x21,rand_delta,1,393,1,10.0,True,1
scale_31x21,rand_delta,1,394,600,-600.0,False,53
scale_31x21,rand_delta,1,395,600,-600.0,False,52
scale_31x21,rand_delta,1,396,31,-20.0,True,26
scale_31x21,rand_delta,1,397,25,-14.0,True,20
scale_31x21,rand_delta,1,398,600,-600.0,False,55
scale_31x21,rand_delta,1,399,600,-600.0,False,48
scale_31x21,rand_delta,1,400,600,-600.0,False,40
scale_31x21,rand_delta,1,401,10,1.0,True,10
scale_31x21,rand_delta,1,402,54,-43.0,True,43
scale_31x21,rand_delta,1,403,600,-600.0,False,54
scale_31x21,rand_delta,1,404,37,-26.0,True,34
scale_31x21,rand_delta,1,405,43,-32.0,True,23
scale_31x21,rand_delta,1,406,600,-600.0,False,52
scale_31x21,rand_delta,1,407,144,-133.0,True,25
scale_31x21,rand_delta,1,408,44,-33.0,True,32
scale_31x21,rand_delta,1,409,94,-83.0,True,37
scale_31x21,rand_delta,1,410,25,-14.0,True,25
scale_31x21,rand_delta,1,411,21,-10.0,True,21
scale_31x21,rand_delta,1,412,37,-26.0,True,34
scale_31x21,rand_delta,1,413,42,-31.0,True,41
scale_31x21,rand_delta,1,414,139,-128.0,True,41
scale_31x21,rand_delta,1,415,46,-35.0,True,37
scale_31x21,rand_delta,1,416,71,-60.0,True,26
scale_31x21,rand_delta,1,417,600,-600.0,False,52
scale_31x21,rand_delta,1,418,184,-173.0,True,43
scale_31x21,rand_delta,1,419,39,-28.0,True,38
scale_31x21,rand_delta,1,420,39,-28.0,True,39
scale_31x21,rand_delta,1,421,21,-10.0,True,21
scale_31x21,rand_delta,1,422,15,-4.0,True,15
scale_31x21,rand_delta,1,423,40,-29.0,True,39
scale_31x21,rand_delta,1,424,24,-13.0,True,24
scale_31x21,rand_delta,1,425,600,-600.0,False,55
scale_31x21,rand_delta,1,426,81,-70.0,True,30
scale_31x21,rand_delta,1,427,600,-600.0,False,42
scale_31x21,rand_delta,1,428,10,1.0,True,10
scale_31x21,rand_delta,1,429,97,-86.0,True,39
scale_31x21,rand_delta,1,430,19,-8.0,True,19
scale_31x21,rand_delta,1,431,19,-8.0,True,19
scale_31x21,rand_delta,1,432,31,-20.0,True,29
scale_31x21,rand_delta,1,433,600,-600.0,False,54
scale_31x21,rand_delta,1,434,43,-32.0,True,26
scale_31x21,rand_delta,1,435,600,-600.0,False,41
scale_31x21,rand_delta,1,436,25,-14.0,True,25
scale_31x21,rand_delta,1,437,23,-12.0,True,23
scale_31x21,rand_delta,1,438,36,-25.0,True,36
scale_31x21,rand_delta,1,439,25,-14.0,True,23
scale_31x21,rand_delta,1,440,600,-600.0,False,52
scale_31x21,rand_delta,1,441,20,-9.0,True,20
scale_31x21,rand_delta,1,442,600,-600.0,False,46
scale_31x21,rand_delta,1,443,600,-600.0,False,52
scale_31x21,rand_delta,1,444,18,-7.0,True,16
scale_31x21,rand_delta,1,445,41,-30.0,True,34
scale_31x21,rand_delta,1,446,134,-123.0,True,39
scale_31x21,rand_delta,1,447,23,-12.0,True,23
scale_31x21,rand_delta,1,448,54,-43.0,True,39
scale_31x21,rand_delta,1,449,600,-600.0,False,49
scale_31x21,rand_delta,1,450,28,-17.0,True,21
scale_31x21,rand_delta,1,451,600,-600.0,False,54
scale_31x21,rand_delta,1,452,233,-222.0,True,38
scale_31x21,rand_delta,1,453,26,-15.0,True,25
scale_31x21,rand_delta,1,454,23,-12.0,True,22
scale_31x21,rand_delta,1,455,34,-23.0,True,30
scale_31x21,rand_delta,1,456,1,10.0,True,1
scale_31x21,rand_delta,1,457,20,-9.0,True,19
scale_31x21,rand_delta,1,458,16,-5.0,True,16
scale_31x21,rand_delta,1,459,11,0.0,True,11
scale_31x21,rand_delta,1,460,37,-26.0,True,35
scale_31x21,rand_delta,1,461,600,-600.0,False,59
scale_31x21,rand_delta,1,462,18,-7.0,True,18
scale_31x21,rand_delta,1,463,5,6.0,True,5
scale_31x21,rand_delta,1,464,54,-43.0,True,30
scale_31x21,rand_delta,1,465,44,-33.0,True,15
scale_31x21,rand_delta,1,466,23,-12.0,True,20
scale_31x21,rand_delta,1,467,41,-30.0,True,41
scale_31x21,rand_delta,1,468,600,-600.0,False,43
scale_31x21,rand_delta,1,469,45,-34.0,True,26
scale_31x21,rand_delta,1,470,600,-600.0,False,54
scale_31x21,rand_delta,1,471,27,-16.0,True,21
scale_31x21,rand_delta,1,472,600,-600.0,False,57
scale_31x21,rand_delta,1,473,83,-72.0,True,29
scale_31x21,rand_delta,1,474,34,-23.0,True,28
scale_31x21,rand_delta,1,475,68,-57.0,True,24
scale_31x21,rand_delta,1,476,438,-427.0,True,46
scale_31x21,rand_delta,1,477,600,-600.0,False,44
scale_31x21,rand_delta,1,478,600,-600.0,False,51
scale_31x21,rand_delta,1,479,11,0.0,True,9
scale_31x21,rand_delta,1,480,37,-26.0,True,33
scale_31x21,rand_delta,1,481,47,-36.0,True,41
scale_31x21,rand_delta,1,482,600,-600.0,False,55
scale_31x21,rand_delta,1,483,35,-24.0,True,26
scale_31x21,rand_delta,1,484,591,-580.0,True,39
scale_31x21,rand_delta,1,485,36,-25.0,True,32
scale_31x21,rand_delta,1,486,24,-13.0,True,16
scale_31x21,rand_delta,1,487,600,-600.0,False,40
scale_31x21,rand_delta,1,488,44,-33.0,True,43
scale_31x21,rand_delta,1,489,22,-11.0,True,22
scale_31x21,rand_delta,1,490,15,-4.0,True,15
scale_31x21,rand_delta,1,491,26,-15.0,True,26
scale_31x21,rand_delta,1,492,600,-600.0,False,57
scale_31x21,rand_delta,1,493,28,-17.0,True,28
scale_31x21,rand_delta,1,494,600,-600.0,False,42
scale_31x21,rand_delta,1,495,28,-17.0,True,28
scale_31x21,rand_delta,1,496,59,-48.0,True,30
scale_31x21,rand_delta,1,497,27,-16.0,True,26
scale_31x21,rand_delta,1,498,600,-600.0,False,45
scale_31x21,rand_delta,1,499,30,-19.0,True,30
scale_31x21,rand_delta,1,500,22,-11.0,True,22
scale_31x21,rand_delta,1,501,53,-42.0,True,32
scale_31x21,rand_delta,1,502,36,-25.0,True,36
scale_31x21,rand_delta,1,503,33,-22.0,True,33
scale_31x21,rand_delta,1,504,4,7.0,True,4
scale_31x21,rand_delta,1,505,600,-600.0,False,52
scale_31x21,rand_delta,1,506,41,-30.0,True,33
scale_31x21,rand_delta,1,507,38,-27.0,True,33
scale_31x21,rand_delta,1,508,61,-50.0,True,31
scale_31x21,rand_delta,1,509,600,-600.0,False,49
scale_31x21,rand_delta,1,510,17,-6.0,True,16
scale_31x21,rand_delta,1,511,36,-25.0,True,35
scale_31x21,rand_delta,1,512,36,-25.0,True,31
scale_31x21,rand_delta,1,513,600,-600.0,False,42
scale_31x21,rand_delta,1,514,600,-600.0,False,55
scale_31x21,rand_delta,1,515,36,-25.0,True,36
scale_31x21,rand_delta,1,516,32,-21.0,True,25
scale_31x21,rand_delta,1,517,34,-23.0,True,34
scale_31x21,rand_delta,1,518,24,-13.0,True,24
scale_31x21,rand_delta,1,519,34,-23.0,True,31
scale_31x21,rand_delta,1,520,40,-29.0,True,36
scale_31x21,rand_delta,1,521,600,-600.0,False,46
scale_31x21,rand_delta,1,522,600,-600.0,False,59
scale_31x21,rand_delta,1,523,51,-40.0,True,40
scale_31x21,rand_delta,1,524,37,-26.0,True,36
scale_31x21,rand_delta,1,525,9,2.0,True,9
scale_31x21,rand_delta,1,526,41,-30.0,True,36
scale_31x21,rand_delta,1,527,9,2.0,True,9
scale_31x21,rand_delta,1,528,48,-37.0,True,46
scale_31x21,rand_delta,1,529,600,-600.0,False,56
scale_31x21,rand_delta,1,530,38,-27.0,True,37
scale_31x21,rand_delta,1,531,600,-600.0,False,52
scale_31x21,rand_delta,1,532,600,-600.0,False,54
scale_31x21,rand_delta,1,533,600,-600.0,False,49
scale_31x21,rand_delta,1,534,8,3.0,True,6
scale_31x21,rand_delta,1,535,23,-12.0,True,17
scale_31x21,rand_delta,1,536,600,-600.0,False,52
scale_31x21,rand_delta,1,537,53,-42.0,True,21
scale_31x21,rand_delta,1,538,600,-600.0,False,40
scale_31x21,rand_delta,1,539,43,-32.0,True,38
scale_31x21,rand_delta,1,540,31,-20.0,True,25
scale_31x21,rand_delta,1,541,92,-81.0,True,28
scale_31x21,rand_delta,1,542,20,-9.0,True,20
scale_31x21,rand_delta,1,543,39,-28.0,True,38
scale_31x21,rand_delta,1,544,2,9.0,True,2
scale_31x21,rand_delta,1,545,16,-5.0,True,16
scale_31x21,rand_delta,1,546,28,-17.0,True,15
scale_31x21,rand_delta,1,547,37,-26.0,True,37
scale_31x21,rand_delta,1,548,40,-29.0,True,33
scale_31x21,rand_delta,1,549,25,-14.0,True,24
scale_31x21,rand_delta,1,550,29,-18.0,True,29
scale_31x21,rand_delta,1,551,42,-31.0,True,40
scale_31x21,rand_delta,1,552,600,-600.0,False,49
scale_31x21,rand_delta,1,553,12,-1.0,True,12
scale_31x21,rand_delta,1,554,600,-600.0,False,44
scale_31x21,rand_delta,1,555,20,-9.0,True,20
scale_31x21,rand_delta,1,556,4,7.0,True,4
scale_31x21,rand_delta,1,557,22,-11.0,True,22
scale_31x21,rand_delta,1,558,600,-600.0,False,47
scale_31x21,rand_delta,1,559,33,-22.0,True,26
scale_31x21,rand_delta,1,560,64,-53.0,True,31
scale_31x21,rand_delta,1,561,600,-600.0,False,44
scale_31x21,rand_delta,1,562,2,9.0,True,2
scale_31x21,rand_delta,1,563,600,-600.0,False,54
scale_31x21,rand_delta,1,564,15,-4.0,True,15
scale_31x21,rand_delta,1,565,13,-2.0,True,12
scale_31x21,rand_delta,1,566,600,-600.0,False,46
scale_31x21,rand_delta,1,567,36,-25.0,True,36
scale_31x21,rand_delta,1,568,148,-137.0,True,44
scale_31x21,rand_delta,1,569,600,-600.0,False,47
scale_31x21,rand_delta,1,570,47,-36.0,True,40
scale_31x21,rand_delta,1,571,600,-600.0,False,46
scale_31x21,rand_delta,1,572,3,8.0,True,3
scale_31x21,rand_delta,1,573,27,-16.0,True,25
scale_31x21,rand_delta,1,574,4,7.0,True,4
scale_31x21,rand_delta,1,575,600,-600.0,False,48
scale_31x21,rand_delta,1,576,34,-23.0,True,26
scale_31x21,rand_delta,1,577,17,-6.0,True,17
scale_31x21,rand_delta,1,578,45,-34.0,True,40
scale_31x21,rand_delta,1,579,25,-14.0,True,23
scale_31x21,rand_delta,1,580,8,3.0,True,8
scale_31x21,rand_delta,1,581,24,-13.0,True,24
scale_31x21,rand_delta,1,582,16,-5.0,True,16
scale_31x21,rand_delta,1,583,33,-22.0,True,25
scale_31x21,rand_delta,1,584,600,-600.0,False,44
scale_31x21,rand_delta,1,585,34,-23.0,True,32
scale_31x21,rand_delta,1,586,26,-15.0,True,26
scale_31x21,rand_delta,1,587,17,-6.0,True,17
scale_31x21,rand_delta,1,588,21,-10.0,True,19
scale_31x21,rand_delta,1,589,600,-600.0,False,50
scale_31x21,rand_delta,1,590,8,3.0,True,8
scale_31x21,rand_delta,1,591,25,-14.0,True,25
scale_31x21,rand_delta,1,592,36,-25.0,True,23
scale_31x21,rand_delta,1,593,600,-600.0,False,51
scale_31x21,rand_delta,1,594,600,-600.0,False,43
scale_31x21,rand_delta,1,595,600,-600.0,False,52
scale_31x21,rand_delta,1,596,600,-600.0,False,50
scale_31x21,rand_delta,1,597,80,-69.0,True,32
scale_31x21,rand_delta,1,598,600,-600.0,False,52
scale_31x21,rand_delta,1,599,30,-19.0,True,24
scale_31x21,qlearning,2,0,600,-600.0,False,19
scale_31x21,qlearning,2,1,600,-600.0,False,40
scale_31x21,qlearning,2,2,369,-358.0,True,14
scale_31x21,qlearning,2,3,329,-318.0,True,30
scale_31x21,qlearning,2,4,600,-600.0,False,57
scale_31x21,qlearning,2,5,20,-9.0,True,19
scale_31x21,qlearning,2,6,262,-251.0,True,15
scale_31x21,qlearning,2,7,370,-359.0,True,41
scale_31x21,qlearning,2,8,13,-2.0,True,13
scale_31x21,qlearning,2,9,48,-37.0,True,35
scale_31x21,qlearning,2,10,379,-368.0,True,45
scale_31x21,qlearning,2,11,55,-44.0,True,20
scale_31x21,qlearning,2,12,30,-19.0,True,29
scale_31x21,qlearning,2,13,383,-372.0,True,52
scale_31x21,qlearning,2,14,328,-317.0,True,21
scale_31x21,qlearning,2,15,81,-70.0,True,52
scale_31x21,qlearning,2,16,8,3.0,True,8
scale_31x21,qlearning,2,17,37,-26.0,True,25
scale_31x21,qlearning,2,18,13,-2.0,True,13
scale_31x21,qlearning,2,19,25,-14.0,True,23
scale_31x21,qlearning,2,20,29,-18.0,True,24
scale_31x21,qlearning,2,21,359,-348.0,True,58
scale_31x21,qlearning,2,22,31,-20.0,True,30
scale_31x21,qlearning,2,23,32,-21.0,True,32
scale_31x21,qlearning,2,24,4,7.0,True,4
scale_31x21,qlearning,2,25,27,-16.0,True,27
scale_31x21,qlearning,2,26,67,-56.0,True,22
scale_31x21,qlearning,2,27,4,7.0,True,4
scale_31x21,qlearning,2,28,84,-73.0,True,24
scale_31x21,qlearning,2,29,45,-34.0,True,34
scale_31x21,qlearning,2,30,46,-35.0,True,20
scale_31x21,qlearning,2,31,145,-134.0,True,40
scale_31x21,qlearning,2,32,141,-130.0,True,34
scale_31x21,qlearning,2,33,77,-66.0,True,54
scale_31x21,qlearning,2,34,136,-125.0,True,53
scale_31x21,qlearning,2,35,14,-3.0,True,11
scale_31x21,qlearning,2,36,20,-9.0,True,17
scale_31x21,qlearning,2,37,160,-149.0,True,45
scale_31x21,qlearning,2,38,51,-40.0,True,48
scale_31x21,qlearning,2,39,41,-30.0,True,37
scale_31x21,qlearning,2,40,30,-19.0,True,29
scale_31x21,qlearning,2,41,34,-23.0,True,33
scale_31x21,qlearning,2,42,51,-40.0,True,50
scale_31x21,qlearning,2,43,16,-5.0,True,16
scale_31x21,qlearning,2,44,34,-23.0,True,31
scale_31x21,qlearning,2,45,37,-26.0,True,37
scale_31x21,qlearning,2,46,25,-14.0,True,24
scale_31x21,qlearning,2,47,49,-38.0,True,45
scale_31x21,qlearning,2,48,30,-19.0,True,30
scale_31x21,qlearning,2,49,41,-30.0,True,35
scale_31x21,qlearning,2,50,38,-27.0,True,34
scale_31x21,qlearning,2,51,161,-150.0,True,51
scale_31x21,qlearning,2,52,84,-73.0,True,39
scale_31x21,qlearning,2,53,53,-42.0,True,46
scale_31x21,qlearning,2,54,21,-10.0,True,19
scale_31x21,qlearning,2,55,73,-62.0,True,42
scale_31x21,qlearning,2,56,57,-46.0,True,55
scale_31x21,qlearning,2,57,56,-45.0,True,44
scale_31x21,qlearning,2,58,42,-31.0,True,40
scale_31x21,qlearning,2,59,29,-18.0,True,29
scale_31x21,qlearning,2,60,178,-167.0,True,46
scale_31x21,qlearning,2,61,15,-4.0,True,15
scale_31x21,qlearning,2,62,22,-11.0,True,22
scale_31x21,qlearning,2,63,60,-49.0,True,59
scale_31x21,qlearning,2,64,91,-80.0,True,28
scale_31x21,qlearning,2,65,74,-63.0,True,34
scale_31x21,qlearning,2,66,29,-18.0,True,29
scale_31x21,qlearning,2,67,39,-28.0,True,39
scale_31x21,qlearning,2,68,169,-158.0,True,44
scale_31x21,qlearning,2,69,19,-8.0,True,19
scale_31x21,qlearning,2,70,31,-20.0,True,30
scale_31x21,qlearning,2,71,46,-35.0,True,44
scale_31x21,qlearning,2,72,20,-9.0,True,20
scale_31x21,qlearning,2,73,31,-20.0,True,31
scale_31x21,qlearning,2,74,56,-45.0,True,56
scale_31x21,qlearning,2,75,19,-8.0,True,19
scale_31x21,qlearning,2,76,138,-127.0,True,28
scale_31x21,qlearning,2,77,37,-26.0,True,37
scale_31x21,qlearning,2,78,39,-28.0,True,37
scale_31x21,qlearning,2,79,32,-21.0,True,32
scale_31x21,qlearning,2,80,39,-28.0,True,39
scale_31x21,qlearning,2,81,22,-11.0,True,20
scale_31x21,qlearning,2,82,45,-34.0,True,45
scale_31x21,qlearning,2,83,26,-15.0,True,24
scale_31x21,qlearning,2,84,46,-35.0,True,45
scale_31x21,qlearning,2,85,11,0.0,True,11
scale_31x21,qlearning,2,86,48,-37.0,True,48
scale_31x21,qlearning,2,87,20,-9.0,True,20
scale_31x21,qlearning,2,88,21,-10.0,True,20
scale_31x21,qlearning,2,89,24,-13.0,True,24
scale_31x21,qlearning,2,90,114,-103.0,True,54
scale_31x21,qlearning,2,91,40,-29.0,True,37
scale_31x21,qlearning,2,92,37,-26.0,True,34
scale_31x21,qlearning,2,93,45,-34.0,True,45
scale_31x21,qlearning,2,94,10,1.0,True,7
scale_31x21,qlearning,2,95,21,-10.0,True,21
scale_31x21,qlearning,2,96,37,-26.0,True,37
scale_31x21,qlearning,2,97,46,-35.0,True,46
scale_31x21,qlearning,2,98,43,-32.0,True,41
scale_31x21,qlearning,2,99,45,-34.0,True,44
scale_31x21,qlearning,2,100,35,-24.0,True,35
scale_31x21,qlearning,2,101,44,-33.0,True,44
scale_31x21,qlearning,2,102,40,-29.0,True,40
scale_31x21,qlearning,2,103,49,-38.0,True,48
scale_31x21,qlearning,2,104,17,-6.0,True,17
scale_31x21,qlearning,2,105,65,-54.0,True,44
scale_31x21,qlearning,2,106,55,-44.0,True,54
scale_31x21,qlearning,2,107,31,-20.0,True,31
scale_31x21,qlearning,2,108,59,-48.0,True,58
scale_31x21,qlearning,2,109,50,-39.0,True,50
scale_31x21,qlearning,2,110,46,-35.0,True,44
scale_31x21,qlearning,2,111,45,-34.0,True,45
scale_31x21,qlearning,2,112,31,-20.0,True,30
scale_31x21,qlearning,2,113,45,-34.0,True,45
scale_31x21,qlearning,2,114,36,-25.0,True,36
scale_31x21,qlearning,2,115,45,-34.0,True,45
scale_31x21,qlearning,2,116,25,-14.0,True,25
scale_31x21,qlearning,2,117,41,-30.0,True,41
scale_31x21,qlearning,2,118,39,-28.0,True,39
scale_31x21,qlearning,2,119,40,-29.0,True,40
scale_31x21,qlearning,2,120,18,-7.0,True,18
scale_31x21,qlearning,2,121,30,-19.0,True,20
scale_31x21,qlearning,2,122,41,-30.0,True,41
scale_31x21,qlearning,2,123,139,-128.0,True,34
scale_31x21,qlearning,2,124,53,-42.0,True,50
scale_31x21,qlearning,2,125,6,5.0,True,6
scale_31x21,qlearning,2,126,8,3.0,True,8
scale_31x21,qlearning,2,127,54,-43.0,True,54
scale_31x21,qlearning,2,128,39,-28.0,True,38
scale_31x21,qlearning,2,129,25,-14.0,True,25
scale_31x21,qlearning,2,130,33,-22.0,True,31
scale_31x21,qlearning,2,131,31,-20.0,True,31
scale_31x21,qlearning,2,132,7,4.0,True,7
scale_31x21,qlearning,2,133,40,-29.0,True,40
scale_31x21,qlearning,2,134,30,-19.0,True,30
scale_31x21,qlearning,2,135,13,-2.0,True,13
scale_31x21,qlearning,2,136,43,-32.0,True,43
scale_31x21,qlearning,2,137,46,-35.0,True,46
scale_31x21,qlearning,2,138,143,-132.0,True,53
scale_31x21,qlearning,2,139,34,-23.0,True,32
scale_31x21,qlearning,2,140,19,-8.0,True,19
scale_31x21,qlearning,2,141,21,-10.0,True,21
scale_31x21,qlearning,2,142,123,-112.0,True,54
scale_31x21,qlearning,2,143,8,3.0,True,8
scale_31x21,qlearning,2,144,52,-41.0,True,48
scale_31x21,qlearning,2,145,24,-13.0,True,24
scale_31x21,qlearning,2,146,37,-26.0,True,37
scale_31x21,qlearning,2,147,66,-55.0,True,56
scale_31x21,qlearning,2,148,12,-1.0,True,12
scale_31x21,qlearning,2,149,39,-28.0,True,39
scale_31x21,qlearning,2,150,33,-22.0,True,33
scale_31x21,qlearning,2,151,26,-15.0,True,26
scale_31x21,qlearning,2,152,75,-64.0,True,54
scale_31x21,qlearning,2,153,38,-27.0,True,38
scale_31x21,qlearning,2,154,37,-26.0,True,37
scale_31x21,qlearning,2,155,26,-15.0,True,26
scale_31x21,qlearning,2,156,14,-3.0,True,14
scale_31x21,qlearning,2,157,52,-41.0,True,52
scale_31x21,qlearning,2,158,23,-12.0,True,21
scale_31x21,qlearning,2,159,10,1.0,True,10
scale_31x21,qlearning,2,160,35,-24.0,True,35
scale_31x21,qlearning,2,161,14,-3.0,True,14
scale_31x21,qlearning,2,162,21,-10.0,True,21
scale_31x21,qlearning,2,163,17,-6.0,True,17
scale_31x21,qlearning,2,164,13,-2.0,True,13
scale_31x21,qlearning,2,165,35,-24.0,True,25
scale_31x21,qlearning,2,166,54,-43.0,True,54
scale_31x21,qlearning,2,167,25,-14.0,True,25
scale_31x21,qlearning,2,168,54,-43.0,True,53
scale_31x21,qlearning,2,169,17,-6.0,True,17
scale_31x21,qlearning,2,170,51,-40.0,True,51
scale_31x21,qlearning,2,171,57,-46.0,True,54
scale_31x21,qlearning,2,172,28,-17.0,True,28
scale_31x21,qlearning,2,173,39,-28.0,True,38
scale_31x21,qlearning,2,174,20,-9.0,True,19
scale_31x21,qlearning,2,175,38,-27.0,True,38
scale_31x21,qlearning,2,176,18,-7.0,True,17
scale_31x21,qlearning,2,177,41,-30.0,True,41
scale_31x21,qlearning,2,178,58,-47.0,True,58
scale_31x21,qlearning,2,179,45,-34.0,True,43
scale_31x21,qlearning,2,180,47,-36.0,True,47
scale_31x21,qlearning,2,181,15,-4.0,True,14
scale_31x21,qlearning,2,182,25,-14.0,True,25
scale_31x21,qlearning,2,183,47,-36.0,True,47
scale_31x21,qlearning,2,184,29,-18.0,True,29
scale_31x21,qlearning,2,185,20,-9.0,True,20
scale_31x21,qlearning,2,186,47,-36.0,True,47
scale_31x21,qlearning,2,187,51,-40.0,True,51
scale_31x21,qlearning,2,188,43,-32.0,True,43
scale_31x21,qlearning,2,189,30,-19.0,True,30
scale_31x21,qlearning,2,190,49,-38.0,True,49
scale_31x21,qlearning,2,191,33,-22.0,True,33
scale_31x21,qlearning,2,192,19,-8.0,True,19
scale_31x21,qlearning,2,193,46,-35.0,True,26
scale_31x21,qlearning,2,194,121,-110.0,True,56
scale_31x21,qlearning,2,195,36,-25.0,True,36
scale_31x21,qlearning,2,196,31,-20.0,True,31
scale_31x21,qlearning,2,197,29,-18.0,True,29
scale_31x21,qlearning,2,198,50,-39.0,True,50
scale_31x21,qlearning,2,199,38,-27.0,True,38
scale_31x21,qlearning,2,200,55,-44.0,True,55
scale_31x21,qlearning,2,201,24,-13.0,True,24
scale_31x21,qlearning,2,202,30,-19.0,True,30
scale_31x21,qlearning,2,203,21,-10.0,True,21
scale_31x21,qlearning,2,204,30,-19.0,True,30
scale_31x21,qlearning,2,205,23,-12.0,True,23
scale_31x21,qlearning,2,206,9,2.0,True,9
scale_31x21,qlearning,2,207,33,-22.0,True,33
scale_31x21,qlearning,2,208,11,0.0,True,11
scale_31x21,qlearning,2,209,58,-47.0,True,57
scale_31x21,qlearning,2,210,20,-9.0,True,20
scale_31x21,qlearning,2,211,37,-26.0,True,36
scale_31x21,qlearning,2,212,9,2.0,True,9
scale_31x21,qlearning,2,213,53,-42.0,True,53
scale_31x21,qlearning,2,214,19,-8.0,True,19
scale_31x21,qlearning,2,215,51,-40.0,True,51
scale_31x21,qlearning,2,216,17,-6.0,True,17
scale_31x21,qlearning,2,217,23,-12.0,True,23
scale_31x21,qlearning,2,218,54,-43.0,True,51
scale_31x21,qlearning,2,219,39,-28.0,True,39
scale_31x21,qlearning,2,220,5,6.0,True,5
scale_31x21,qlearning,2,221,22,-11.0,True,22
scale_31x21,qlearning,2,222,52,-41.0,True,32
scale_31x21,qlearning,2,223,40,-29.0,True,40
scale_31x21,qlearning,2,224,28,-17.0,True,28
scale_31x21,qlearning,2,225,38,-27.0,True,38
scale_31x21,qlearning,2,226,65,-54.0,True,55
scale_31x21,qlearning,2,227,45,-34.0,True,45
scale_31x21,qlearning,2,228,40,-29.0,True,37
scale_31x21,qlearning,2,229,6,5.0,True,6
scale_31x21,qlearning,2,230,13,-2.0,True,13
scale_31x21,qlearning,2,231,53,-42.0,True,43
scale_31x21,qlearning,2,232,41,-30.0,True,41
scale_31x21,qlearning,2,233,3,8.0,True,3
scale_31x21,qlearning,2,234,20,-9.0,True,20
scale_31x21,qlearning,2,235,42,-31.0,True,41
scale_31x21,qlearning,2,236,56,-45.0,True,55
scale_31x21,qlearning,2,237,30,-19.0,True,30
scale_31x21,qlearning,2,238,23,-12.0,True,23
scale_31x21,qlearning,2,239,32,-21.0,True,32
scale_31x21,qlearning,2,240,17,-6.0,True,17
scale_31x21,qlearning,2,241,23,-12.0,True,23
scale_31x21,qlearning,2,242,45,-34.0,True,45
scale_31x21,qlearning,2,243,24,-13.0,True,24
scale_31x21,qlearning,2,244,56,-45.0,True,53
scale_31x21,qlearning,2,245,36,-25.0,True,35
scale_31x21,qlearning,2,246,5,6.0,True,5
scale_31x21,qlearning,2,247,46,-35.0,True,45
scale_31x21,qlearning,2,248,49,-38.0,True,49
scale_31x21,qlearning,2,249,39,-28.0,True,39
scale_31x21,qlearning,2,250,30,-19.0,True,30
scale_31x21,qlearning,2,251,24,-13.0,True,24
scale_31x21,qlearning,2,252,48,-37.0,True,48
scale_31x21,qlearning,2,253,45,-34.0,True,35
scale_31x21,qlearning,2,254,46,-35.0,True,46
scale_31x21,qlearning,2,255,20,-9.0,True,20
scale_31x21,qlearning,2,256,57,-46.0,True,54
scale_31x21,qlearning,2,257,48,-37.0,True,48
scale_31x21,qlearning,2,258,53,-42.0,True,53
scale_31x21,qlearning,2,259,38,-27.0,True,37
scale_31x21,qlearning,2,260,52,-41.0,True,49
scale_31x21,qlearning,2,261,52,-41.0,True,52
scale_31x21,qlearning,2,262,16,-5.0,True,16
scale_31x21,qlearning,2,263,19,-8.0,True,19
scale_31x21,qlearning,2,264,8,3.0,True,8
scale_31x21,qlearning,2,265,47,-36.0,True,46
scale_31x21,qlearning,2,266,32,-21.0,True,32
scale_31x21,qlearning,2,267,18,-7.0,True,18
scale_31x21,qlearning,2,268,35,-24.0,True,34
scale_31x21,qlearning,2,269,15,-4.0,True,15
scale_31x21,qlearning,2,270,28,-17.0,True,28
scale_31x21,qlearning,2,271,16,-5.0,True,16
scale_31x21,qlearning,2,272,34,-23.0,True,34
scale_31x21,qlearning,2,273,41,-30.0,True,41
scale_31x21,qlearning,2,274,53,-42.0,True,53
scale_31x21,qlearning,2,275,41,-30.0,True,39
scale_31x21,qlearning,2,276,25,-14.0,True,25
scale_31x21,qlearning,2,277,44,-33.0,True,42
scale_31x21,qlearning,2,278,38,-27.0,True,38
scale_31x21,qlearning,2,279,26,-15.0,True,24
scale_31x21,qlearning,2,280,60,-49.0,True,59
scale_31x21,qlearning,2,281,33,-22.0,True,33
scale_31x21,qlearning,2,282,24,-13.0,True,22
scale_31x21,qlearning,2,283,30,-19.0,True,30
scale_31x21,qlearning,2,284,58,-47.0,True,57
scale_31x21,qlearning,2,285,6,5.0,True,6
scale_31x21,qlearning,2,286,36,-25.0,True,36
scale_31x21,qlearning,2,287,9,2.0,True,9
scale_31x21,qlearning,2,288,19,-8.0,True,19
scale_31x21,qlearning,2,289,47,-36.0,True,47
scale_31x21,qlearning,2,290,26,-15.0,True,26
scale_31x21,qlearning,2,291,13,-2.0,True,13
scale_31x21,qlearning,2,292,55,-44.0,True,55
scale_31x21,qlearning,2,293,43,-32.0,True,43
scale_31x21,qlearning,2,294,54,-43.0,True,54
scale_31x21,qlearning,2,295,21,-10.0,True,21
scale_31x21,qlearning,2,296,53,-42.0,True,53
scale_31x21,qlearning,2,297,15,-4.0,True,15
scale_31x21,qlearning,2,298,2,9.0,True,2
scale_31x21,qlearning,2,299,43,-32.0,True,43
scale_31x21,qlearning,2,300,43,-32.0,True,43
scale_31x21,qlearning,2,301,54,-43.0,True,53
scale_31x21,qlearning,2,302,57,-46.0,True,55
scale_31x21,qlearning,2,303,39,-28.0,True,39
scale_31x21,qlearning,2,304,30,-19.0,True,30
scale_31x21,qlearning,2,305,49,-38.0,True,49
scale_31x21,qlearning,2,306,24,-13.0,True,24
scale_31x21,qlearning,2,307,17,-6.0,True,17
scale_31x21,qlearning,2,308,39,-28.0,True,37
scale_31x21,qlearning,2,309,38,-27.0,True,38
scale_31x21,qlearning,2,310,59,-48.0,True,56
scale_31x21,qlearning,2,311,47,-36.0,True,47
scale_31x21,qlearning,2,312,51,-40.0,True,51
scale_31x21,qlearning,2,313,36,-25.0,True,36
scale_31x21,qlearning,2,314,57,-46.0,True,54
scale_31x21,qlearning,2,315,13,-2.0,True,11
scale_31x21,qlearning,2,316,8,3.0,True,8
scale_31x21,qlearning,2,317,14,-3.0,True,14
scale_31x21,qlearning,2,318,47,-36.0,True,47
scale_31x21,qlearning,2,319,37,-26.0,True,37
scale_31x21,qlearning,2,320,19,-8.0,True,19
scale_31x21,qlearning,2,321,47,-36.0,True,45
scale_31x21,qlearning,2,322,12,-1.0,True,12
scale_31x21,qlearning,2,323,33,-22.0,True,33
scale_31x21,qlearning,2,324,39,-28.0,True,39
scale_31x21,qlearning,2,325,45,-34.0,True,43
scale_31x21,qlearning,2,326,29,-18.0,True,29
scale_31x21,qlearning,2,327,125,-114.0,True,50
scale_31x21,qlearning,2,328,40,-29.0,True,39
scale_31x21,qlearning,2,329,42,-31.0,True,40
scale_31x21,qlearning,2,330,33,-22.0,True,33
scale_31x21,qlearning,2,331,45,-34.0,True,44
scale_31x21,qlearning,2,332,41,-30.0,True,41
scale_31x21,qlearning,2,333,7,4.0,True,7
scale_31x21,qlearning,2,334,53,-42.0,True,52
scale_31x21,qlearning,2,335,54,-43.0,True,54
scale_31x21,qlearning,2,336,28,-17.0,True,28
scale_31x21,qlearning,2,337,15,-4.0,True,15
scale_31x21,qlearning,2,338,17,-6.0,True,17
scale_31x21,qlearning,2,339,17,-6.0,True,17
scale_31x21,qlearning,2,340,93,-82.0,True,52
scale_31x21,qlearning,2,341,10,1.0,True,10
scale_31x21,qlearning,2,342,22,-11.0,True,22
scale_31x21,qlearning,2,343,19,-8.0,True,19
scale_31x21,qlearning,2,344,6,5.0,True,6
scale_31x21,qlearning,2,345,29,-18.0,True,29
scale_31x21,qlearning,2,346,31,-20.0,True,31
scale_31x21,qlearning,2,347,33,-22.0,True,33
scale_31x21,qlearning,2,348,53,-42.0,True,53
scale_31x21,qlearning,2,349,59,-48.0,True,59
scale_31x21,qlearning,2,350,14,-3.0,True,14
scale_31x21,qlearning,2,351,35,-24.0,True,35
scale_31x21,qlearning,2,352,53,-42.0,True,52
scale_31x21,qlearning,2,353,46,-35.0,True,46
scale_31x21,qlearning,2,354,40,-29.0,True,40
scale_31x21,qlearning,2,355,9,2.0,True,9
scale_31x21,qlearning,2,356,9,2.0,True,9
scale_31x21,qlearning,2,357,40,-29.0,True,40
scale_31x21,qlearning,2,358,7,4.0,True,7
scale_31x21,qlearning,2,359,16,-5.0,True,16
scale_31x21,qlearning,2,360,12,-1.0,True,12
scale_31x21,qlearning,2,361,54,-43.0,True,54
scale_31x21,qlearning,2,362,51,-40.0,True,51
scale_31x21,qlearning,2,363,13,-2.0,True,13
scale_31x21,qlearning,2,364,53,-42.0,True,53
scale_31x21,qlearning,2,365,25,-14.0,True,25
scale_31x21,qlearning,2,366,46,-35.0,True,46
scale_31x21,qlearning,2,367,38,-27.0,True,38
scale_31x21,qlearning,2,368,34,-23.0,True,34
scale_31x21,qlearning,2,369,48,-37.0,True,47
scale_31x21,qlearning,2,370,11,0.0,True,11
scale_31x21,qlearning,2,371,20,-9.0,True,20
scale_31x21,qlearning,2,372,45,-34.0,True,45
scale_31x21,qlearning,2,373,44,-33.0,True,44
scale_31x21,qlearning,2,374,40,-29.0,True,40
scale_31x21,qlearning,2,375,13,-2.0,True,13
scale_31x21,qlearning,2,376,3,8.0,True,3
scale_31x21,qlearning,2,377,73,-62.0,True,53
scale_31x21,qlearning,2,378,13,-2.0,True,13
scale_31x21,qlearning,2,379,45,-34.0,True,45
scale_31x21,qlearning,2,380,44,-33.0,True,44
scale_31x21,qlearning,2,381,39,-28.0,True,39
scale_31x21,qlearning,2,382,7,4.0,True,7
scale_31x21,qlearning,2,383,6,5.0,True,6
scale_31x21,qlearning,2,384,25,-14.0,True,25
scale_31x21,qlearning,2,385,32,-21.0,True,32
scale_31x21,qlearning,2,386,44,-33.0,True,44
scale_31x21,qlearning,2,387,22,-11.0,True,19
scale_31x21,qlearning,2,388,45,-34.0,True,43
scale_31x21,qlearning,2,389,22,-11.0,True,22
scale_31x21,qlearning,2,390,32,-21.0,True,32
scale_31x21,qlearning,2,391,15,-4.0,True,15
scale_31x21,qlearning,2,392,15,-4.0,True,15
scale_31x21,qlearning,2,393,41,-30.0,True,41
scale_31x21,qlearning,2,394,49,-38.0,True,46
scale_31x21,qlearning,2,395,34,-23.0,True,32
scale_31x21,qlearning,2,396,24,-13.0,True,24
scale_31x21,qlearning,2,397,47,-36.0,True,47
scale_31x21,qlearning,2,398,17,-6.0,True,17
scale_31x21,qlearning,2,399,51,-40.0,True,51
scale_31x21,qlearning,2,400,74,-63.0,True,47
scale_31x21,qlearning,2,401,41,-30.0,True,41
scale_31x21,qlearning,2,402,56,-45.0,True,56
scale_31x21,qlearning,2,403,19,-8.0,True,19
scale_31x21,qlearning,2,404,25,-14.0,True,25
scale_31x21,qlearning,2,405,29,-18.0,True,29
scale_31x21,qlearning,2,406,25,-14.0,True,25
scale_31x21,qlearning,2,407,2,9.0,True,2
scale_31x21,qlearning,2,408,8,3.0,True,8
scale_31x21,qlearning,2,409,55,-44.0,True,55
scale_31x21,qlearning,2,410,42,-31.0,True,42
scale_31x21,qlearning,2,411,21,-10.0,True,21
scale_31x21,qlearning,2,412,8,3.0,True,8
scale_31x21,qlearning,2,413,44,-33.0,True,44
scale_31x21,qlearning,2,414,37,-26.0,True,37
scale_31x21,qlearning,2,415,23,-12.0,True,21
scale_31x21,qlearning,2,416,23,-12.0,True,23
scale_31x21,qlearning,2,417,16,-5.0,True,15
scale_31x21,qlearning,2,418,51,-40.0,True,51
scale_31x21,qlearning,2,419,43,-32.0,True,43
scale_31x21,qlearning,2,420,39,-28.0,True,39
scale_31x21,qlearning,2,421,24,-13.0,True,24
scale_31x21,qlearning,2,422,23,-12.0,True,23
scale_31x21,qlearning,2,423,10,1.0,True,10
scale_31x21,qlearning,2,424,21,-10.0,True,21
scale_31x21,qlearning,2,425,2,9.0,True,2
scale_31x21,qlearning,2,426,43,-32.0,True,43
scale_31x21,qlearning,2,427,49,-38.0,True,49
scale_31x21,qlearning,2,428,52,-41.0,True,51
scale_31x21,qlearning,2,429,10,1.0,True,10
scale_31x21,qlearning,2,430,12,-1.0,True,12
scale_31x21,qlearning,2,431,22,-11.0,True,21
scale_31x21,qlearning,2,432,42,-31.0,True,42
scale_31x21,qlearning,2,433,54,-43.0,True,54
scale_31x21,qlearning,2,434,43,-32.0,True,43
scale_31x21,qlearning,2,435,53,-42.0,True,53
scale_31x21,qlearning,2,436,17,-6.0,True,17
scale_31x21,qlearning,2,437,2,9.0,True,2
scale_31x21,qlearning,2,438,55,-44.0,True,55
scale_31x21,qlearning,2,439,25,-14.0,True,25
scale_31x21,qlearning,2,440,18,-7.0,True,18
scale_31x21,qlearning,2,441,16,-5.0,True,16
scale_31x21,qlearning,2,442,27,-16.0,True,27
scale_31x21,qlearning,2,443,20,-9.0,True,20
scale_31x21,qlearning,2,444,46,-35.0,True,46
scale_31x21,qlearning,2,445,44,-33.0,True,44
scale_31x21,qlearning,2,446,15,-4.0,True,15
scale_31x21,qlearning,2,447,47,-36.0,True,47
scale_31x21,qlearning,2,448,34,-23.0,True,34
scale_31x21,qlearning,2,449,56,-45.0,True,56
scale_31x21,qlearning,2,450,35,-24.0,True,35
scale_31x21,qlearning,2,451,56,-45.0,True,54
scale_31x21,qlearning,2,452,41,-30.0,True,41
scale_31x21,qlearning,2,453,57,-46.0,True,57
scale_31x21,qlearning,2,454,46,-35.0,True,46
scale_31x21,qlearning,2,455,20,-9.0,True,20
scale_31x21,qlearning,2,456,16,-5.0,True,16
scale_31x21,qlearning,2,457,59,-48.0,True,59
scale_31x21,qlearning,2,458,53,-42.0,True,51
scale_31x21,qlearning,2,459,51,-40.0,True,49
scale_31x21,qlearning,2,460,36,-25.0,True,36
scale_31x21,qlearning,2,461,7,4.0,True,7
scale_31x21,qlearning,2,462,28,-17.0,True,28
scale_31x21,qlearning,2,463,56,-45.0,True,54
scale_31x21,qlearning,2,464,54,-43.0,True,54
scale_31x21,qlearning,2,465,18,-7.0,True,18
scale_31x21,qlearning,2,466,27,-16.0,True,27
scale_31x21,qlearning,2,467,28,-17.0,True,28
scale_31x21,qlearning,2,468,45,-34.0,True,45
scale_31x21,qlearning,2,469,51,-40.0,True,49
scale_31x21,qlearning,2,470,19,-8.0,True,19
scale_31x21,qlearning,2,471,57,-46.0,True,57
scale_31x21,qlearning,2,472,12,-1.0,True,12
scale_31x21,qlearning,2,473,26,-15.0,True,26
scale_31x21,qlearning,2,474,18,-7.0,True,17
scale_31x21,qlearning,2,475,31,-20.0,True,31
scale_31x21,qlearning,2,476,53,-42.0,True,53
scale_31x21,qlearning,2,477,36,-25.0,True,26
scale_31x21,qlearning,2,478,45,-34.0,True,45
scale_31x21,qlearning,2,479,35,-24.0,True,34
scale_31x21,qlearning,2,480,29,-18.0,True,29
scale_31x21,qlearning,2,481,10,1.0,True,10
scale_31x21,qlearning,2,482,35,-24.0,True,32
scale_31x21,qlearning,2,483,27,-16.0,True,27
scale_31x21,qlearning,2,484,55,-44.0,True,55
scale_31x21,qlearning,2,485,8,3.0,True,8
scale_31x21,qlearning,2,486,21,-10.0,True,21
scale_31x21,qlearning,2,487,48,-37.0,True,47
scale_31x21,qlearning,2,488,51,-40.0,True,51
scale_31x21,qlearning,2,489,10,1.0,True,10
scale_31x21,qlearning,2,490,22,-11.0,True,22
scale_31x21,qlearning,2,491,6,5.0,True,6
scale_31x21,qlearning,2,492,34,-23.0,True,34
scale_31x21,qlearning,2,493,28,-17.0,True,28
scale_31x21,qlearning,2,494,42,-31.0,True,42
scale_31x21,qlearning,2,495,52,-41.0,True,50
scale_31x21,qlearning,2,496,9,2.0,True,9
scale_31x21,qlearning,2,497,15,-4.0,True,15
scale_31x21,qlearning,2,498,48,-37.0,True,48
scale_31x21,qlearning,2,499,33,-22.0,True,33
scale_31x21,qlearning,2,500,56,-45.0,True,54
scale_31x21,qlearning,2,501,21,-10.0,True,21
scale_31x21,qlearning,2,502,25,-14.0,True,25
scale_31x21,qlearning,2,503,35,-24.0,True,35
scale_31x21,qlearning,2,504,21,-10.0,True,21
scale_31x21,qlearning,2,505,56,-45.0,True,56
scale_31x21,qlearning,2,506,30,-19.0,True,30
scale_31x21,qlearning,2,507,49,-38.0,True,47
scale_31x21,qlearning,2,508,32,-21.0,True,32
scale_31x21,qlearning,2,509,28,-17.0,True,28
scale_31x21,qlearning,2,510,19,-8.0,True,19
scale_31x21,qlearning,2,511,44,-33.0,True,42
scale_31x21,qlearning,2,512,56,-45.0,True,56
scale_31x21,qlearning,2,513,53,-42.0,True,53
scale_31x21,qlearning,2,514,40,-29.0,True,40
scale_31x21,qlearning,2,515,48,-37.0,True,48
scale_31x21,qlearning,2,516,26,-15.0,True,26
scale_31x21,qlearning,2,517,52,-41.0,True,52
scale_31x21,qlearning,2,518,26,-15.0,True,26
scale_31x21,qlearning,2,519,17,-6.0,True,17
scale_31x21,qlearning,2,520,35,-24.0,True,33
scale_31x21,qlearning,2,521,61,-50.0,True,55
scale_31x21,qlearning,2,522,47,-36.0,True,47
scale_31x21,qlearning,2,523,23,-12.0,True,23
scale_31x21,qlearning,2,524,19,-8.0,True,19
scale_31x21,qlearning,2,525,34,-23.0,True,34
scale_31x21,qlearning,2,526,7,4.0,True,7
scale_31x21,qlearning,2,527,55,-44.0,True,55
scale_31x21,qlearning,2,528,22,-11.0,True,21
scale_31x21,qlearning,2,529,57,-46.0,True,57
scale_31x21,qlearning,2,530,53,-42.0,True,53
scale_31x21,qlearning,2,531,52,-41.0,True,52
scale_31x21,qlearning,2,532,35,-24.0,True,34
scale_31x21,qlearning,2,533,25,-14.0,True,25
scale_31x21,qlearning,2,534,7,4.0,True,7
scale_31x21,qlearning,2,535,24,-13.0,True,24
scale_31x21,qlearning,2,536,34,-23.0,True,34
scale_31x21,qlearning,2,537,56,-45.0,True,56
scale_31x21,qlearning,2,538,20,-9.0,True,20
scale_31x21,qlearning,2,539,34,-23.0,True,33
scale_31x21,qlearning,2,540,81,-70.0,True,46
scale_31x21,qlearning,2,541,5,6.0,True,5
scale_31x21,qlearning,2,542,21,-10.0,True,21
scale_31x21,qlearning,2,543,28,-17.0,True,23
scale_31x21,qlearning,2,544,32,-21.0,True,32
scale_31x21,qlearning,2,545,19,-8.0,True,19
scale_31x21,qlearning,2,546,33,-22.0,True,32
scale_31x21,qlearning,2,547,50,-39.0,True,50
scale_31x21,qlearning,2,548,53,-42.0,True,52
scale_31x21,qlearning,2,549,33,-22.0,True,33
scale_31x21,qlearning,2,550,52,-41.0,True,52
scale_31x21,qlearning,2,551,15,-4.0,True,15
scale_31x21,qlearning,2,552,34,-23.0,True,34
scale_31x21,qlearning,2,553,38,-27.0,True,38
scale_31x21,qlearning,2,554,39,-28.0,True,39
scale_31x21,qlearning,2,555,49,-38.0,True,49
scale_31x21,qlearning,2,556,27,-16.0,True,27
scale_31x21,qlearning,2,557,10,1.0,True,10
scale_31x21,qlearning,2,558,51,-40.0,True,51
scale_31x21,qlearning,2,559,54,-43.0,True,54
scale_31x21,qlearning,2,560,35,-24.0,True,35
scale_31x21,qlearning,2,561,44,-33.0,True,44
scale_31x21,qlearning,2,562,52,-41.0,True,52
scale_31x21,qlearning,2,563,35,-24.0,True,35
scale_31x21,qlearning,2,564,13,-2.0,True,13
scale_31x21,qlearning,2,565,34,-23.0,True,34
scale_31x21,qlearning,2,566,33,-22.0,True,31
scale_31x21,qlearning,2,567,40,-29.0,True,40
scale_31x21,qlearning,2,568,32,-21.0,True,30
scale_31x21,qlearning,2,569,52,-41.0,True,52
scale_31x21,qlearning,2,570,58,-47.0,True,56
scale_31x21,qlearning,2,571,71,-60.0,True,54
scale_31x21,qlearning,2,572,50,-39.0,True,48
scale_31x21,qlearning,2,573,54,-43.0,True,52
scale_31x21,qlearning,2,574,26,-15.0,True,26
scale_31x21,qlearning,2,575,47,-36.0,True,45
scale_31x21,qlearning,2,576,54,-43.0,True,54
scale_31x21,qlearning,2,577,20,-9.0,True,20
scale_31x21,qlearning,2,578,44,-33.0,True,44
scale_31x21,qlearning,2,579,44,-33.0,True,44
scale_31x21,qlearning,2,580,58,-47.0,True,58
scale_31x21,qlearning,2,581,1,10.0,True,1
scale_31x21,qlearning,2,582,20,-9.0,True,20
scale_31x21,qlearning,2,583,55,-44.0,True,55
scale_31x21,qlearning,2,584,26,-15.0,True,25
scale_31x21,qlearning,2,585,17,-6.0,True,17
scale_31x21,qlearning,2,586,56,-45.0,True,54
scale_31x21,qlearning,2,587,31,-20.0,True,31
scale_31x21,qlearning,2,588,40,-29.0,True,40
scale_31x21,qlearning,2,589,42,-31.0,True,42
scale_31x21,qlearning,2,590,44,-33.0,True,44
scale_31x21,qlearning,2,591,43,-32.0,True,41
scale_31x21,qlearning,2,592,50,-39.0,True,50
scale_31x21,qlearning,2,593,56,-45.0,True,55
scale_31x21,qlearning,2,594,21,-10.0,True,21
scale_31x21,qlearning,2,595,46,-35.0,True,46
scale_31x21,qlearning,2,596,43,-32.0,True,41
scale_31x21,qlearning,2,597,32,-21.0,True,30
scale_31x21,qlearning,2,598,26,-15.0,True,26
scale_31x21,qlearning,2,599,55,-44.0,True,55
scale_31x21,kc_delta,2,0,600,-600.0,False,19
scale_31x21,kc_delta,2,1,600,-600.0,False,40
scale_31x21,kc_delta,2,2,457,-446.0,True,14
scale_31x21,kc_delta,2,3,450,-439.0,True,30
scale_31x21,kc_delta,2,4,600,-600.0,False,57
scale_31x21,kc_delta,2,5,359,-348.0,True,19
scale_31x21,kc_delta,2,6,600,-600.0,False,15
scale_31x21,kc_delta,2,7,600,-600.0,False,41
scale_31x21,kc_delta,2,8,67,-56.0,True,13
scale_31x21,kc_delta,2,9,600,-600.0,False,35
scale_31x21,kc_delta,2,10,600,-600.0,False,45
scale_31x21,kc_delta,2,11,301,-290.0,True,20
scale_31x21,kc_delta,2,12,222,-211.0,True,29
scale_31x21,kc_delta,2,13,600,-600.0,False,52
scale_31x21,kc_delta,2,14,600,-600.0,False,21
scale_31x21,kc_delta,2,15,600,-600.0,False,52
scale_31x21,kc_delta,2,16,27,-16.0,True,8
scale_31x21,kc_delta,2,17,208,-197.0,True,25
scale_31x21,kc_delta,2,18,56,-45.0,True,13
scale_31x21,kc_delta,2,19,297,-286.0,True,23
scale_31x21,kc_delta,2,20,542,-531.0,True,24
scale_31x21,kc_delta,2,21,600,-600.0,False,58
scale_31x21,kc_delta,2,22,600,-600.0,False,30
scale_31x21,kc_delta,2,23,600,-600.0,False,32
scale_31x21,kc_delta,2,24,59,-48.0,True,4
scale_31x21,kc_delta,2,25,266,-255.0,True,27
scale_31x21,kc_delta,2,26,73,-62.0,True,22
scale_31x21,kc_delta,2,27,5,6.0,True,4
scale_31x21,kc_delta,2,28,138,-127.0,True,24
scale_31x21,kc_delta,2,29,600,-600.0,False,34
scale_31x21,kc_delta,2,30,70,-59.0,True,20
scale_31x21,kc_delta,2,31,600,-600.0,False,40
scale_31x21,kc_delta,2,32,600,-600.0,False,34
scale_31x21,kc_delta,2,33,600,-600.0,False,54
scale_31x21,kc_delta,2,34,600,-600.0,False,53
scale_31x21,kc_delta,2,35,196,-185.0,True,11
scale_31x21,kc_delta,2,36,600,-600.0,False,17
scale_31x21,kc_delta,2,37,600,-600.0,False,45
scale_31x21,kc_delta,2,38,600,-600.0,False,48
scale_31x21,kc_delta,2,39,600,-589.0,True,37
scale_31x21,kc_delta,2,40,156,-145.0,True,29
scale_31x21,kc_delta,2,41,272,-261.0,True,33
scale_31x21,kc_delta,2,42,600,-600.0,False,50
scale_31x21,kc_delta,2,43,38,-27.0,True,16
scale_31x21,kc_delta,2,44,374,-363.0,True,31
scale_31x21,kc_delta,2,45,600,-600.0,False,37
scale_31x21,kc_delta,2,46,286,-275.0,True,24
scale_31x21,kc_delta,2,47,600,-600.0,False,45
scale_31x21,kc_delta,2,48,125,-114.0,True,30
scale_31x21,kc_delta,2,49,600,-600.0,False,35
scale_31x21,kc_delta,2,50,600,-600.0,False,34
scale_31x21,kc_delta,2,51,600,-600.0,False,51
scale_31x21,kc_delta,2,52,600,-600.0,False,39
scale_31x21,kc_delta,2,53,600,-600.0,False,46
scale_31x21,kc_delta,2,54,135,-124.0,True,19
scale_31x21,kc_delta,2,55,600,-600.0,False,42
scale_31x21,kc_delta,2,56,600,-600.0,False,55
scale_31x21,kc_delta,2,57,367,-356.0,True,44
scale_31x21,kc_delta,2,58,600,-600.0,False,40
scale_31x21,kc_delta,2,59,600,-600.0,False,29
scale_31x21,kc_delta,2,60,600,-600.0,False,46
scale_31x21,kc_delta,2,61,36,-25.0,True,15
scale_31x21,kc_delta,2,62,53,-42.0,True,22
scale_31x21,kc_delta,2,63,600,-600.0,False,59
scale_31x21,kc_delta,2,64,381,-370.0,True,28
scale_31x21,kc_delta,2,65,600,-600.0,False,34
scale_31x21,kc_delta,2,66,600,-600.0,False,29
scale_31x21,kc_delta,2,67,600,-600.0,False,39
scale_31x21,kc_delta,2,68,600,-600.0,False,44
scale_31x21,kc_delta,2,69,176,-165.0,True,19
scale_31x21,kc_delta,2,70,182,-171.0,True,30
scale_31x21,kc_delta,2,71,600,-600.0,False,44
scale_31x21,kc_delta,2,72,82,-71.0,True,20
scale_31x21,kc_delta,2,73,118,-107.0,True,31
scale_31x21,kc_delta,2,74,600,-600.0,False,56
scale_31x21,kc_delta,2,75,57,-46.0,True,19
scale_31x21,kc_delta,2,76,600,-600.0,False,28
scale_31x21,kc_delta,2,77,600,-600.0,False,37
scale_31x21,kc_delta,2,78,600,-600.0,False,37
scale_31x21,kc_delta,2,79,600,-600.0,False,32
scale_31x21,kc_delta,2,80,600,-600.0,False,39
scale_31x21,kc_delta,2,81,132,-121.0,True,20
scale_31x21,kc_delta,2,82,600,-600.0,False,45
scale_31x21,kc_delta,2,83,47,-36.0,True,24
scale_31x21,kc_delta,2,84,600,-600.0,False,45
scale_31x21,kc_delta,2,85,22,-11.0,True,11
scale_31x21,kc_delta,2,86,600,-600.0,False,48
scale_31x21,kc_delta,2,87,68,-57.0,True,20
scale_31x21,kc_delta,2,88,22,-11.0,True,20
scale_31x21,kc_delta,2,89,121,-110.0,True,24
scale_31x21,kc_delta,2,90,600,-600.0,False,54
scale_31x21,kc_delta,2,91,600,-600.0,False,37
scale_31x21,kc_delta,2,92,600,-600.0,False,34
scale_31x21,kc_delta,2,93,600,-600.0,False,45
scale_31x21,kc_delta,2,94,94,-83.0,True,7
scale_31x21,kc_delta,2,95,294,-283.0,True,21
scale_31x21,kc_delta,2,96,600,-600.0,False,37
scale_31x21,kc_delta,2,97,600,-600.0,False,46
scale_31x21,kc_delta,2,98,600,-600.0,False,41
scale_31x21,kc_delta,2,99,600,-600.0,False,44
scale_31x21,kc_delta,2,100,600,-600.0,False,35
scale_31x21,kc_delta,2,101,600,-600.0,False,44
scale_31x21,kc_delta,2,102,600,-600.0,False,40
scale_31x21,kc_delta,2,103,600,-600.0,False,48
scale_31x21,kc_delta,2,104,39,-28.0,True,17
scale_31x21,kc_delta,2,105,600,-600.0,False,44
scale_31x21,kc_delta,2,106,600,-600.0,False,54
scale_31x21,kc_delta,2,107,600,-600.0,False,31
scale_31x21,kc_delta,2,108,600,-600.0,False,58
scale_31x21,kc_delta,2,109,600,-600.0,False,50
scale_31x21,kc_delta,2,110,600,-600.0,False,44
scale_31x21,kc_delta,2,111,600,-600.0,False,45
scale_31x21,kc_delta,2,112,600,-600.0,False,30
scale_31x21,kc_delta,2,113,600,-600.0,False,45
scale_31x21,kc_delta,2,114,393,-382.0,True,36
scale_31x21,kc_delta,2,115,600,-600.0,False,45
scale_31x21,kc_delta,2,116,585,-574.0,True,25
scale_31x21,kc_delta,2,117,600,-600.0,False,41
scale_31x21,kc_delta,2,118,600,-600.0,False,39
scale_31x21,kc_delta,2,119,600,-600.0,False,40
scale_31x21,kc_delta,2,120,496,-485.0,True,18
scale_31x21,kc_delta,2,121,50,-39.0,True,20
scale_31x21,kc_delta,2,122,600,-600.0,False,41
scale_31x21,kc_delta,2,123,600,-600.0,False,34
scale_31x21,kc_delta,2,124,600,-600.0,False,50
scale_31x21,kc_delta,2,125,6,5.0,True,6
scale_31x21,kc_delta,2,126,76,-65.0,True,8
scale_31x21,kc_delta,2,127,600,-600.0,False,54
scale_31x21,kc_delta,2,128,600,-600.0,False,38
scale_31x21,kc_delta,2,129,371,-360.0,True,25
scale_31x21,kc_delta,2,130,600,-600.0,False,31
scale_31x21,kc_delta,2,131,405,-394.0,True,31
scale_31x21,kc_delta,2,132,47,-36.0,True,7
scale_31x21,kc_delta,2,133,600,-600.0,False,40
scale_31x21,kc_delta,2,134,600,-600.0,False,30
scale_31x21,kc_delta,2,135,56,-45.0,True,13
scale_31x21,kc_delta,2,136,600,-600.0,False,43
scale_31x21,kc_delta,2,137,600,-600.0,False,46
scale_31x21,kc_delta,2,138,600,-600.0,False,53
scale_31x21,kc_delta,2,139,600,-600.0,False,32
scale_31x21,kc_delta,2,140,193,-182.0,True,19
scale_31x21,kc_delta,2,141,152,-141.0,True,21
scale_31x21,kc_delta,2,142,600,-600.0,False,54
scale_31x21,kc_delta,2,143,22,-11.0,True,8
scale_31x21,kc_delta,2,144,600,-600.0,False,48
scale_31x21,kc_delta,2,145,368,-357.0,True,24
scale_31x21,kc_delta,2,146,600,-600.0,False,37
scale_31x21,kc_delta,2,147,600,-600.0,False,56
scale_31x21,kc_delta,2,148,172,-161.0,True,12
scale_31x21,kc_delta,2,149,600,-600.0,False,39
scale_31x21,kc_delta,2,150,600,-600.0,False,33
scale_31x21,kc_delta,2,151,292,-281.0,True,26
scale_31x21,kc_delta,2,152,600,-600.0,False,54
scale_31x21,kc_delta,2,153,600,-600.0,False,38
scale_31x21,kc_delta,2,154,600,-600.0,False,37
scale_31x21,kc_delta,2,155,187,-176.0,True,26
scale_31x21,kc_delta,2,156,19,-8.0,True,14
scale_31x21,kc_delta,2,157,600,-600.0,False,52
scale_31x21,kc_delta,2,158,34,-23.0,True,21
scale_31x21,kc_delta,2,159,25,-14.0,True,10
scale_31x21,kc_delta,2,160,600,-600.0,False,35
scale_31x21,kc_delta,2,161,33,-22.0,True,14
scale_31x21,kc_delta,2,162,31,-20.0,True,21
scale_31x21,kc_delta,2,163,38,-27.0,True,17
scale_31x21,kc_delta,2,164,17,-6.0,True,13
scale_31x21,kc_delta,2,165,265,-254.0,True,25
scale_31x21,kc_delta,2,166,600,-600.0,False,54
scale_31x21,kc_delta,2,167,38,-27.0,True,25
scale_31x21,kc_delta,2,168,600,-600.0,False,53
scale_31x21,kc_delta,2,169,328,-317.0,True,17
scale_31x21,kc_delta,2,170,600,-600.0,False,51
scale_31x21,kc_delta,2,171,600,-600.0,False,54
scale_31x21,kc_delta,2,172,600,-600.0,False,28
scale_31x21,kc_delta,2,173,600,-600.0,False,38
scale_31x21,kc_delta,2,174,28,-17.0,True,19
scale_31x21,kc_delta,2,175,600,-600.0,False,38
scale_31x21,kc_delta,2,176,17,-6.0,True,17
scale_31x21,kc_delta,2,177,600,-600.0,False,41
scale_31x21,kc_delta,2,178,600,-600.0,False,58
scale_31x21,kc_delta,2,179,600,-600.0,False,43
scale_31x21,kc_delta,2,180,600,-600.0,False,47
scale_31x21,kc_delta,2,181,15,-4.0,True,14
scale_31x21,kc_delta,2,182,600,-600.0,False,25
scale_31x21,kc_delta,2,183,600,-600.0,False,47
scale_31x21,kc_delta,2,184,192,-181.0,True,29
scale_31x21,kc_delta,2,185,40,-29.0,True,20
scale_31x21,kc_delta,2,186,600,-600.0,False,47
scale_31x21,kc_delta,2,187,600,-600.0,False,51
scale_31x21,kc_delta,2,188,600,-600.0,False,43
scale_31x21,kc_delta,2,189,600,-600.0,False,30
scale_31x21,kc_delta,2,190,600,-600.0,False,49
scale_31x21,kc_delta,2,191,600,-600.0,False,33
scale_31x21,kc_delta,2,192,34,-23.0,True,19
scale_31x21,kc_delta,2,193,132,-121.0,True,26
scale_31x21,kc_delta,2,194,600,-600.0,False,56
scale_31x21,kc_delta,2,195,600,-600.0,False,36
scale_31x21,kc_delta,2,196,600,-600.0,False,31
scale_31x21,kc_delta,2,197,600,-600.0,False,29
scale_31x21,kc_delta,2,198,600,-600.0,False,50
scale_31x21,kc_delta,2,199,600,-600.0,False,38
scale_31x21,kc_delta,2,200,600,-600.0,False,55
scale_31x21,kc_delta,2,201,88,-77.0,True,24
scale_31x21,kc_delta,2,202,600,-600.0,False,30
scale_31x21,kc_delta,2,203,160,-149.0,True,21
scale_31x21,kc_delta,2,204,600,-600.0,False,30
scale_31x21,kc_delta,2,205,407,-396.0,True,23
scale_31x21,kc_delta,2,206,9,2.0,True,9
scale_31x21,kc_delta,2,207,600,-600.0,False,33
scale_31x21,kc_delta,2,208,13,-2.0,True,11
scale_31x21,kc_delta,2,209,600,-600.0,False,57
scale_31x21,kc_delta,2,210,29,-18.0,True,20
scale_31x21,kc_delta,2,211,600,-600.0,False,36
scale_31x21,kc_delta,2,212,46,-35.0,True,9
scale_31x21,kc_delta,2,213,600,-600.0,False,53
scale_31x21,kc_delta,2,214,20,-9.0,True,19
scale_31x21,kc_delta,2,215,600,-600.0,False,51
scale_31x21,kc_delta,2,216,36,-25.0,True,17
scale_31x21,kc_delta,2,217,600,-600.0,False,23
scale_31x21,kc_delta,2,218,600,-600.0,False,51
scale_31x21,kc_delta,2,219,600,-600.0,False,39
scale_31x21,kc_delta,2,220,6,5.0,True,5
scale_31x21,kc_delta,2,221,30,-19.0,True,22
scale_31x21,kc_delta,2,222,600,-600.0,False,32
scale_31x21,kc_delta,2,223,600,-600.0,False,40
scale_31x21,kc_delta,2,224,117,-106.0,True,28
scale_31x21,kc_delta,2,225,600,-600.0,False,38
scale_31x21,kc_delta,2,226,600,-600.0,False,55
scale_31x21,kc_delta,2,227,600,-600.0,False,45
scale_31x21,kc_delta,2,228,600,-600.0,False,37
scale_31x21,kc_delta,2,229,10,1.0,True,6
scale_31x21,kc_delta,2,230,600,-600.0,False,13
scale_31x21,kc_delta,2,231,600,-600.0,False,43
scale_31x21,kc_delta,2,232,600,-600.0,False,41
scale_31x21,kc_delta,2,233,3,8.0,True,3
scale_31x21,kc_delta,2,234,179,-168.0,True,20
scale_31x21,kc_delta,2,235,600,-600.0,False,41
scale_31x21,kc_delta,2,236,600,-600.0,False,55
scale_31x21,kc_delta,2,237,600,-600.0,False,30
scale_31x21,kc_delta,2,238,600,-600.0,False,23
scale_31x21,kc_delta,2,239,600,-600.0,False,32
scale_31x21,kc_delta,2,240,34,-23.0,True,17
scale_31x21,kc_delta,2,241,98,-87.0,True,23
scale_31x21,kc_delta,2,242,600,-600.0,False,45
scale_31x21,kc_delta,2,243,600,-600.0,False,24
scale_31x21,kc_delta,2,244,600,-600.0,False,53
scale_31x21,kc_delta,2,245,600,-600.0,False,35
scale_31x21,kc_delta,2,246,5,6.0,True,5
scale_31x21,kc_delta,2,247,600,-600.0,False,45
scale_31x21,kc_delta,2,248,600,-600.0,False,49
scale_31x21,kc_delta,2,249,600,-600.0,False,39
scale_31x21,kc_delta,2,250,457,-446.0,True,30
scale_31x21,kc_delta,2,251,600,-600.0,False,24
scale_31x21,kc_delta,2,252,600,-600.0,False,48
scale_31x21,kc_delta,2,253,600,-600.0,False,35
scale_31x21,kc_delta,2,254,600,-600.0,False,46
scale_31x21,kc_delta,2,255,29,-18.0,True,20
scale_31x21,kc_delta,2,256,600,-600.0,False,54
scale_31x21,kc_delta,2,257,600,-600.0,False,48
scale_31x21,kc_delta,2,258,600,-600.0,False,53
scale_31x21,kc_delta,2,259,600,-600.0,False,37
scale_31x21,kc_delta,2,260,600,-600.0,False,49
scale_31x21,kc_delta,2,261,600,-600.0,False,52
scale_31x21,kc_delta,2,262,38,-27.0,True,16
scale_31x21,kc_delta,2,263,59,-48.0,True,19
scale_31x21,kc_delta,2,264,9,2.0,True,8
scale_31x21,kc_delta,2,265,600,-600.0,False,46
scale_31x21,kc_delta,2,266,600,-600.0,False,32
scale_31x21,kc_delta,2,267,32,-21.0,True,18
scale_31x21,kc_delta,2,268,600,-600.0,False,34
scale_31x21,kc_delta,2,269,17,-6.0,True,15
scale_31x21,kc_delta,2,270,480,-469.0,True,28
scale_31x21,kc_delta,2,271,16,-5.0,True,16
scale_31x21,kc_delta,2,272,600,-600.0,False,34
scale_31x21,kc_delta,2,273,600,-600.0,False,41
scale_31x21,kc_delta,2,274,600,-600.0,False,53
scale_31x21,kc_delta,2,275,600,-600.0,False,39
scale_31x21,kc_delta,2,276,235,-224.0,True,25
scale_31x21,kc_delta,2,277,600,-600.0,False,42
scale_31x21,kc_delta,2,278,600,-600.0,False,38
scale_31x21,kc_delta,2,279,600,-600.0,False,24
scale_31x21,kc_delta,2,280,600,-600.0,False,59
scale_31x21,kc_delta,2,281,600,-600.0,False,33
scale_31x21,kc_delta,2,282,387,-376.0,True,22
scale_31x21,kc_delta,2,283,600,-600.0,False,30
scale_31x21,kc_delta,2,284,600,-600.0,False,57
scale_31x21,kc_delta,2,285,7,4.0,True,6
scale_31x21,kc_delta,2,286,600,-600.0,False,36
scale_31x21,kc_delta,2,287,11,0.0,True,9
scale_31x21,kc_delta,2,288,70,-59.0,True,19
scale_31x21,kc_delta,2,289,600,-600.0,False,47
scale_31x21,kc_delta,2,290,600,-600.0,False,26
scale_31x21,kc_delta,2,291,600,-600.0,False,13
scale_31x21,kc_delta,2,292,600,-600.0,False,55
scale_31x21,kc_delta,2,293,600,-600.0,False,43
scale_31x21,kc_delta,2,294,600,-600.0,False,54
scale_31x21,kc_delta,2,295,64,-53.0,True,21
scale_31x21,kc_delta,2,296,600,-600.0,False,53
scale_31x21,kc_delta,2,297,97,-86.0,True,15
scale_31x21,kc_delta,2,298,2,9.0,True,2
scale_31x21,kc_delta,2,299,600,-600.0,False,43
scale_31x21,kc_delta,2,300,600,-600.0,False,43
scale_31x21,kc_delta,2,301,600,-600.0,False,53
scale_31x21,kc_delta,2,302,600,-600.0,False,55
scale_31x21,kc_delta,2,303,600,-600.0,False,39
scale_31x21,kc_delta,2,304,600,-600.0,False,30
scale_31x21,kc_delta,2,305,600,-600.0,False,49
scale_31x21,kc_delta,2,306,97,-86.0,True,24
scale_31x21,kc_delta,2,307,26,-15.0,True,17
scale_31x21,kc_delta,2,308,600,-600.0,False,37
scale_31x21,kc_delta,2,309,600,-600.0,False,38
scale_31x21,kc_delta,2,310,600,-600.0,False,56
scale_31x21,kc_delta,2,311,600,-600.0,False,47
scale_31x21,kc_delta,2,312,600,-600.0,False,51
scale_31x21,kc_delta,2,313,600,-600.0,False,36
scale_31x21,kc_delta,2,314,600,-600.0,False,54
scale_31x21,kc_delta,2,315,47,-36.0,True,11
scale_31x21,kc_delta,2,316,43,-32.0,True,8
scale_31x21,kc_delta,2,317,22,-11.0,True,14
scale_31x21,kc_delta,2,318,600,-600.0,False,47
scale_31x21,kc_delta,2,319,600,-600.0,False,37
scale_31x21,kc_delta,2,320,132,-121.0,True,19
scale_31x21,kc_delta,2,321,600,-600.0,False,45
scale_31x21,kc_delta,2,322,16,-5.0,True,12
scale_31x21,kc_delta,2,323,600,-600.0,False,33
scale_31x21,kc_delta,2,324,600,-600.0,False,39
scale_31x21,kc_delta,2,325,600,-600.0,False,43
scale_31x21,kc_delta,2,326,113,-102.0,True,29
scale_31x21,kc_delta,2,327,600,-600.0,False,50
scale_31x21,kc_delta,2,328,600,-600.0,False,39
scale_31x21,kc_delta,2,329,600,-600.0,False,40
scale_31x21,kc_delta,2,330,600,-600.0,False,33
scale_31x21,kc_delta,2,331,600,-600.0,False,44
scale_31x21,kc_delta,2,332,600,-600.0,False,41
scale_31x21,kc_delta,2,333,8,3.0,True,7
scale_31x21,kc_delta,2,334,600,-600.0,False,52
scale_31x21,kc_delta,2,335,600,-600.0,False,54
scale_31x21,kc_delta,2,336,357,-346.0,True,28
scale_31x21,kc_delta,2,337,504,-493.0,True,15
scale_31x21,kc_delta,2,338,19,-8.0,True,17
scale_31x21,kc_delta,2,339,17,-6.0,True,17
scale_31x21,kc_delta,2,340,600,-600.0,False,52
scale_31x21,kc_delta,2,341,12,-1.0,True,10
scale_31x21,kc_delta,2,342,24,-13.0,True,22
scale_31x21,kc_delta,2,343,364,-353.0,True,19
scale_31x21,kc_delta,2,344,7,4.0,True,6
scale_31x21,kc_delta,2,345,600,-600.0,False,29
scale_31x21,kc_delta,2,346,600,-600.0,False,31
scale_31x21,kc_delta,2,347,600,-600.0,False,33
scale_31x21,kc_delta,2,348,600,-600.0,False,53
scale_31x21,kc_delta,2,349,600,-600.0,False,59
scale_31x21,kc_delta,2,350,61,-50.0,True,14
scale_31x21,kc_delta,2,351,600,-600.0,False,35
scale_31x21,kc_delta,2,352,600,-600.0,False,52
scale_31x21,kc_delta,2,353,600,-600.0,False,46
scale_31x21,kc_delta,2,354,600,-600.0,False,40
scale_31x21,kc_delta,2,355,16,-5.0,True,9
scale_31x21,kc_delta,2,356,45,-34.0,True,9
scale_31x21,kc_delta,2,357,600,-600.0,False,40
scale_31x21,kc_delta,2,358,13,-2.0,True,7
scale_31x21,kc_delta,2,359,33,-22.0,True,16
scale_31x21,kc_delta,2,360,12,-1.0,True,12
scale_31x21,kc_delta,2,361,600,-600.0,False,54
scale_31x21,kc_delta,2,362,600,-600.0,False,51
scale_31x21,kc_delta,2,363,58,-47.0,True,13
scale_31x21,kc_delta,2,364,600,-600.0,False,53
scale_31x21,kc_delta,2,365,600,-600.0,False,25
scale_31x21,kc_delta,2,366,600,-600.0,False,46
scale_31x21,kc_delta,2,367,600,-600.0,False,38
scale_31x21,kc_delta,2,368,600,-600.0,False,34
scale_31x21,kc_delta,2,369,600,-600.0,False,47
scale_31x21,kc_delta,2,370,13,-2.0,True,11
scale_31x21,kc_delta,2,371,47,-36.0,True,20
scale_31x21,kc_delta,2,372,600,-600.0,False,45
scale_31x21,kc_delta,2,373,600,-600.0,False,44
scale_31x21,kc_delta,2,374,600,-600.0,False,40
scale_31x21,kc_delta,2,375,15,-4.0,True,13
scale_31x21,kc_delta,2,376,3,8.0,True,3
scale_31x21,kc_delta,2,377,600,-600.0,False,53
scale_31x21,kc_delta,2,378,23,-12.0,True,13
scale_31x21,kc_delta,2,379,600,-600.0,False,45
scale_31x21,kc_delta,2,380,600,-600.0,False,44
scale_31x21,kc_delta,2,381,600,-600.0,False,39
scale_31x21,kc_delta,2,382,7,4.0,True,7
scale_31x21,kc_delta,2,383,9,2.0,True,6
scale_31x21,kc_delta,2,384,89,-78.0,True,25
scale_31x21,kc_delta,2,385,600,-600.0,False,32
scale_31x21,kc_delta,2,386,600,-600.0,False,44
scale_31x21,kc_delta,2,387,255,-244.0,True,19
scale_31x21,kc_delta,2,388,600,-600.0,False,43
scale_31x21,kc_delta,2,389,72,-61.0,True,22
scale_31x21,kc_delta,2,390,600,-600.0,False,32
scale_31x21,kc_delta,2,391,19,-8.0,True,15
scale_31x21,kc_delta,2,392,15,-4.0,True,15
scale_31x21,kc_delta,2,393,600,-600.0,False,41
scale_31x21,kc_delta,2,394,600,-600.0,False,46
scale_31x21,kc_delta,2,395,600,-600.0,False,32
scale_31x21,kc_delta,2,396,165,-154.0,True,24
scale_31x21,kc_delta,2,397,600,-600.0,False,47
scale_31x21,kc_delta,2,398,17,-6.0,True,17
scale_31x21,kc_delta,2,399,600,-600.0,False,51
scale_31x21,kc_delta,2,400,600,-600.0,False,47
scale_31x21,kc_delta,2,401,600,-600.0,False,41
scale_31x21,kc_delta,2,402,600,-600.0,False,56
scale_31x21,kc_delta,2,403,264,-253.0,True,19
scale_31x21,kc_delta,2,404,63,-52.0,True,25
scale_31x21,kc_delta,2,405,600,-600.0,False,29
scale_31x21,kc_delta,2,406,600,-600.0,False,25
scale_31x21,kc_delta,2,407,2,9.0,True,2
scale_31x21,kc_delta,2,408,18,-7.0,True,8
scale_31x21,kc_delta,2,409,600,-600.0,False,55
scale_31x21,kc_delta,2,410,600,-600.0,False,42
scale_31x21,kc_delta,2,411,25,-14.0,True,21
scale_31x21,kc_delta,2,412,38,-27.0,True,8
scale_31x21,kc_delta,2,413,600,-600.0,False,44
scale_31x21,kc_delta,2,414,600,-600.0,False,37
scale_31x21,kc_delta,2,415,53,-42.0,True,21
scale_31x21,kc_delta,2,416,226,-215.0,True,23
scale_31x21,kc_delta,2,417,18,-7.0,True,15
scale_31x21,kc_delta,2,418,600,-600.0,False,51
scale_31x21,kc_delta,2,419,600,-600.0,False,43
scale_31x21,kc_delta,2,420,600,-600.0,False,39
scale_31x21,kc_delta,2,421,35,-24.0,True,24
scale_31x21,kc_delta,2,422,47,-36.0,True,23
scale_31x21,kc_delta,2,423,16,-5.0,True,10
scale_31x21,kc_delta,2,424,22,-11.0,True,21
scale_31x21,kc_delta,2,425,2,9.0,True,2
scale_31x21,kc_delta,2,426,600,-600.0,False,43
scale_31x21,kc_delta,2,427,600,-600.0,False,49
scale_31x21,kc_delta,2,428,600,-600.0,False,51
scale_31x21,kc_delta,2,429,13,-2.0,True,10
scale_31x21,kc_delta,2,430,16,-5.0,True,12
scale_31x21,kc_delta,2,431,562,-551.0,True,21
scale_31x21,kc_delta,2,432,600,-600.0,False,42
scale_31x21,kc_delta,2,433,600,-600.0,False,54
scale_31x21,kc_delta,2,434,600,-600.0,False,43
scale_31x21,kc_delta,2,435,600,-600.0,False,53
scale_31x21,kc_delta,2,436,17,-6.0,True,17
scale_31x21,kc_delta,2,437,5,6.0,True,2
scale_31x21,kc_delta,2,438,600,-600.0,False,55
scale_31x21,kc_delta,2,439,221,-210.0,True,25
scale_31x21,kc_delta,2,440,18,-7.0,True,18
scale_31x21,kc_delta,2,441,18,-7.0,True,16
scale_31x21,kc_delta,2,442,528,-517.0,True,27
scale_31x21,kc_delta,2,443,223,-212.0,True,20
scale_31x21,kc_delta,2,444,600,-600.0,False,46
scale_31x21,kc_delta,2,445,600,-600.0,False,44
scale_31x21,kc_delta,2,446,15,-4.0,True,15
scale_31x21,kc_delta,2,447,600,-600.0,False,47
scale_31x21,kc_delta,2,448,600,-600.0,False,34
scale_31x21,kc_delta,2,449,600,-600.0,False,56
scale_31x21,kc_delta,2,450,600,-600.0,False,35
scale_31x21,kc_delta,2,451,600,-600.0,False,54
scale_31x21,kc_delta,2,452,600,-600.0,False,41
scale_31x21,kc_delta,2,453,600,-600.0,False,57
scale_31x21,kc_delta,2,454,600,-600.0,False,46
scale_31x21,kc_delta,2,455,20,-9.0,True,20
scale_31x21,kc_delta,2,456,16,-5.0,True,16
scale_31x21,kc_delta,2,457,600,-600.0,False,59
scale_31x21,kc_delta,2,458,600,-600.0,False,51
scale_31x21,kc_delta,2,459,600,-600.0,False,49
scale_31x21,kc_delta,2,460,600,-600.0,False,36
scale_31x21,kc_delta,2,461,9,2.0,True,7
scale_31x21,kc_delta,2,462,76,-65.0,True,28
scale_31x21,kc_delta,2,463,600,-600.0,False,54
scale_31x21,kc_delta,2,464,600,-600.0,False,54
scale_31x21,kc_delta,2,465,23,-12.0,True,18
scale_31x21,kc_delta,2,466,146,-135.0,True,27
scale_31x21,kc_delta,2,467,51,-40.0,True,28
scale_31x21,kc_delta,2,468,600,-600.0,False,45
scale_31x21,kc_delta,2,469,600,-600.0,False,49
scale_31x21,kc_delta,2,470,131,-120.0,True,19
scale_31x21,kc_delta,2,471,600,-600.0,False,57
scale_31x21,kc_delta,2,472,24,-13.0,True,12
scale_31x21,kc_delta,2,473,336,-325.0,True,26
scale_31x21,kc_delta,2,474,17,-6.0,True,17
scale_31x21,kc_delta,2,475,600,-600.0,False,31
scale_31x21,kc_delta,2,476,600,-600.0,False,53
scale_31x21,kc_delta,2,477,286,-275.0,True,26
scale_31x21,kc_delta,2,478,600,-600.0,False,45
scale_31x21,kc_delta,2,479,600,-600.0,False,34
scale_31x21,kc_delta,2,480,600,-600.0,False,29
scale_31x21,kc_delta,2,481,10,1.0,True,10
scale_31x21,kc_delta,2,482,600,-600.0,False,32
scale_31x21,kc_delta,2,483,42,-31.0,True,27
scale_31x21,kc_delta,2,484,600,-600.0,False,55
scale_31x21,kc_delta,2,485,9,2.0,True,8
scale_31x21,kc_delta,2,486,77,-66.0,True,21
scale_31x21,kc_delta,2,487,600,-600.0,False,47
scale_31x21,kc_delta,2,488,600,-600.0,False,51
scale_31x21,kc_delta,2,489,17,-6.0,True,10
scale_31x21,kc_delta,2,490,457,-446.0,True,22
scale_31x21,kc_delta,2,491,6,5.0,True,6
scale_31x21,kc_delta,2,492,600,-600.0,False,34
scale_31x21,kc_delta,2,493,123,-112.0,True,28
scale_31x21,kc_delta,2,494,600,-600.0,False,42
scale_31x21,kc_delta,2,495,600,-600.0,False,50
scale_31x21,kc_delta,2,496,10,1.0,True,9
scale_31x21,kc_delta,2,497,17,-6.0,True,15
scale_31x21,kc_delta,2,498,600,-600.0,False,48
scale_31x21,kc_delta,2,499,56,-45.0,True,33
scale_31x21,kc_delta,2,500,600,-600.0,False,54
scale_31x21,kc_delta,2,501,24,-13.0,True,21
scale_31x21,kc_delta,2,502,29,-18.0,True,25
scale_31x21,kc_delta,2,503,600,-600.0,False,35
scale_31x21,kc_delta,2,504,600,-600.0,False,21
scale_31x21,kc_delta,2,505,600,-600.0,False,56
scale_31x21,kc_delta,2,506,600,-600.0,False,30
scale_31x21,kc_delta,2,507,600,-600.0,False,47
scale_31x21,kc_delta,2,508,600,-600.0,False,32
scale_31x21,kc_delta,2,509,265,-254.0,True,28
scale_31x21,kc_delta,2,510,64,-53.0,True,19
scale_31x21,kc_delta,2,511,600,-600.0,False,42
scale_31x21,kc_delta,2,512,600,-600.0,False,56
scale_31x21,kc_delta,2,513,600,-600.0,False,53
scale_31x21,kc_delta,2,514,600,-600.0,False,40
scale_31x21,kc_delta,2,515,600,-600.0,False,48
scale_31x21,kc_delta,2,516,534,-523.0,True,26
scale_31x21,kc_delta,2,517,600,-600.0,False,52
scale_31x21,kc_delta,2,518,491,-480.0,True,26
scale_31x21,kc_delta,2,519,17,-6.0,True,17
scale_31x21,kc_delta,2,520,600,-600.0,False,33
scale_31x21,kc_delta,2,521,600,-600.0,False,55
scale_31x21,kc_delta,2,522,600,-600.0,False,47
scale_31x21,kc_delta,2,523,126,-115.0,True,23
scale_31x21,kc_delta,2,524,87,-76.0,True,19
scale_31x21,kc_delta,2,525,293,-282.0,True,34
scale_31x21,kc_delta,2,526,9,2.0,True,7
scale_31x21,kc_delta,2,527,600,-600.0,False,55
scale_31x21,kc_delta,2,528,46,-35.0,True,21
scale_31x21,kc_delta,2,529,600,-600.0,False,57
scale_31x21,kc_delta,2,530,600,-600.0,False,53
scale_31x21,kc_delta,2,531,600,-600.0,False,52
scale_31x21,kc_delta,2,532,600,-600.0,False,34
scale_31x21,kc_delta,2,533,34,-23.0,True,25
scale_31x21,kc_delta,2,534,10,1.0,True,7
scale_31x21,kc_delta,2,535,35,-24.0,True,24
scale_31x21,kc_delta,2,536,600,-600.0,False,34
scale_31x21,kc_delta,2,537,600,-600.0,False,56
scale_31x21,kc_delta,2,538,98,-87.0,True,20
scale_31x21,kc_delta,2,539,265,-254.0,True,33
scale_31x21,kc_delta,2,540,600,-600.0,False,46
scale_31x21,kc_delta,2,541,5,6.0,True,5
scale_31x21,kc_delta,2,542,81,-70.0,True,21
scale_31x21,kc_delta,2,543,23,-12.0,True,23
scale_31x21,kc_delta,2,544,600,-600.0,False,32
scale_31x21,kc_delta,2,545,19,-8.0,True,19
scale_31x21,kc_delta,2,546,600,-600.0,False,32
scale_31x21,kc_delta,2,547,600,-600.0,False,50
scale_31x21,kc_delta,2,548,600,-600.0,False,52
scale_31x21,kc_delta,2,549,600,-600.0,False,33
scale_31x21,kc_delta,2,550,600,-600.0,False,52
scale_31x21,kc_delta,2,551,41,-30.0,True,15
scale_31x21,kc_delta,2,552,272,-261.0,True,34
scale_31x21,kc_delta,2,553,600,-600.0,False,38
scale_31x21,kc_delta,2,554,600,-600.0,False,39
scale_31x21,kc_delta,2,555,600,-600.0,False,49
scale_31x21,kc_delta,2,556,142,-131.0,True,27
scale_31x21,kc_delta,2,557,12,-1.0,True,10
scale_31x21,kc_delta,2,558,600,-600.0,False,51
scale_31x21,kc_delta,2,559,600,-600.0,False,54
scale_31x21,kc_delta,2,560,600,-600.0,False,35
scale_31x21,kc_delta,2,561,600,-600.0,False,44
scale_31x21,kc_delta,2,562,600,-600.0,False,52
scale_31x21,kc_delta,2,563,600,-600.0,False,35
scale_31x21,kc_delta,2,564,62,-51.0,True,13
scale_31x21,kc_delta,2,565,600,-600.0,False,34
scale_31x21,kc_delta,2,566,600,-600.0,False,31
scale_31x21,kc_delta,2,567,600,-600.0,False,40
scale_31x21,kc_delta,2,568,600,-600.0,False,30
scale_31x21,kc_delta,2,569,600,-600.0,False,52
scale_31x21,kc_delta,2,570,600,-600.0,False,56
scale_31x21,kc_delta,2,571,600,-600.0,False,54
scale_31x21,kc_delta,2,572,600,-600.0,False,48
scale_31x21,kc_delta,2,573,600,-600.0,False,52
scale_31x21,kc_delta,2,574,600,-600.0,False,26
scale_31x21,kc_delta,2,575,600,-600.0,False,45
scale_31x21,kc_delta,2,576,600,-600.0,False,54
scale_31x21,kc_delta,2,577,72,-61.0,True,20
scale_31x21,kc_delta,2,578,600,-600.0,False,44
scale_31x21,kc_delta,2,579,600,-600.0,False,44
scale_31x21,kc_delta,2,580,600,-600.0,False,58
scale_31x21,kc_delta,2,581,14,-3.0,True,1
scale_31x21,kc_delta,2,582,30,-19.0,True,20
scale_31x21,kc_delta,2,583,600,-600.0,False,55
scale_31x21,kc_delta,2,584,283,-272.0,True,25
scale_31x21,kc_delta,2,585,90,-79.0,True,17
scale_31x21,kc_delta,2,586,600,-600.0,False,54
scale_31x21,kc_delta,2,587,600,-600.0,False,31
scale_31x21,kc_delta,2,588,600,-600.0,False,40
scale_31x21,kc_delta,2,589,600,-600.0,False,42
scale_31x21,kc_delta,2,590,600,-600.0,False,44
scale_31x21,kc_delta,2,591,600,-600.0,False,41
scale_31x21,kc_delta,2,592,600,-600.0,False,50
scale_31x21,kc_delta,2,593,600,-600.0,False,55
scale_31x21,kc_delta,2,594,76,-65.0,True,21
scale_31x21,kc_delta,2,595,600,-600.0,False,46
scale_31x21,kc_delta,2,596,600,-600.0,False,41
scale_31x21,kc_delta,2,597,600,-600.0,False,30
scale_31x21,kc_delta,2,598,79,-68.0,True,26
scale_31x21,kc_delta,2,599,600,-600.0,False,55
scale_31x21,rand_delta,2,0,600,-600.0,False,19
scale_31x21,rand_delta,2,1,600,-600.0,False,40
scale_31x21,rand_delta,2,2,367,-356.0,True,14
scale_31x21,rand_delta,2,3,395,-384.0,True,30
scale_31x21,rand_delta,2,4,600,-600.0,False,57
scale_31x21,rand_delta,2,5,41,-30.0,True,19
scale_31x21,rand_delta,2,6,310,-299.0,True,15
scale_31x21,rand_delta,2,7,600,-600.0,False,41
scale_31x21,rand_delta,2,8,14,-3.0,True,13
scale_31x21,rand_delta,2,9,407,-396.0,True,35
scale_31x21,rand_delta,2,10,433,-422.0,True,45
scale_31x21,rand_delta,2,11,79,-68.0,True,20
scale_31x21,rand_delta,2,12,55,-44.0,True,29
scale_31x21,rand_delta,2,13,600,-600.0,False,52
scale_31x21,rand_delta,2,14,338,-327.0,True,21
scale_31x21,rand_delta,2,15,600,-600.0,False,52
scale_31x21,rand_delta,2,16,16,-5.0,True,8
scale_31x21,rand_delta,2,17,58,-47.0,True,25
scale_31x21,rand_delta,2,18,54,-43.0,True,13
scale_31x21,rand_delta,2,19,229,-218.0,True,23
scale_31x21,rand_delta,2,20,114,-103.0,True,24
scale_31x21,rand_delta,2,21,600,-600.0,False,58
scale_31x21,rand_delta,2,22,198,-187.0,True,30
scale_31x21,rand_delta,2,23,117,-106.0,True,32
scale_31x21,rand_delta,2,24,9,2.0,True,4
scale_31x21,rand_delta,2,25,76,-65.0,True,27
scale_31x21,rand_delta,2,26,125,-114.0,True,22
scale_31x21,rand_delta,2,27,6,5.0,True,4
scale_31x21,rand_delta,2,28,139,-128.0,True,24
scale_31x21,rand_delta,2,29,126,-115.0,True,34
scale_31x21,rand_delta,2,30,71,-60.0,True,20
scale_31x21,rand_delta,2,31,283,-272.0,True,40
scale_31x21,rand_delta,2,32,153,-142.0,True,34
scale_31x21,rand_delta,2,33,600,-600.0,False,54
scale_31x21,rand_delta,2,34,600,-600.0,False,53
scale_31x21,rand_delta,2,35,72,-61.0,True,11
scale_31x21,rand_delta,2,36,75,-64.0,True,17
scale_31x21,rand_delta,2,37,498,-487.0,True,45
scale_31x21,rand_delta,2,38,600,-600.0,False,48
scale_31x21,rand_delta,2,39,94,-83.0,True,37
scale_31x21,rand_delta,2,40,112,-101.0,True,29
scale_31x21,rand_delta,2,41,101,-90.0,True,33
scale_31x21,rand_delta,2,42,600,-600.0,False,50
scale_31x21,rand_delta,2,43,68,-57.0,True,16
scale_31x21,rand_delta,2,44,66,-55.0,True,31
scale_31x21,rand_delta,2,45,104,-93.0,True,37
scale_31x21,rand_delta,2,46,70,-59.0,True,24
scale_31x21,rand_delta,2,47,600,-600.0,False,45
scale_31x21,rand_delta,2,48,117,-106.0,True,30
scale_31x21,rand_delta,2,49,65,-54.0,True,35
scale_31x21,rand_delta,2,50,71,-60.0,True,34
scale_31x21,rand_delta,2,51,559,-548.0,True,51
scale_31x21,rand_delta,2,52,332,-321.0,True,39
scale_31x21,rand_delta,2,53,600,-600.0,False,46
scale_31x21,rand_delta,2,54,66,-55.0,True,19
scale_31x21,rand_delta,2,55,600,-600.0,False,42
scale_31x21,rand_delta,2,56,600,-600.0,False,55
scale_31x21,rand_delta,2,57,600,-600.0,False,44
scale_31x21,rand_delta,2,58,241,-230.0,True,40
scale_31x21,rand_delta,2,59,62,-51.0,True,29
scale_31x21,rand_delta,2,60,600,-600.0,False,46
scale_31x21,rand_delta,2,61,47,-36.0,True,15
scale_31x21,rand_delta,2,62,79,-68.0,True,22
scale_31x21,rand_delta,2,63,600,-600.0,False,59
scale_31x21,rand_delta,2,64,154,-143.0,True,28
scale_31x21,rand_delta,2,65,48,-37.0,True,34
scale_31x21,rand_delta,2,66,59,-48.0,True,29
scale_31x21,rand_delta,2,67,64,-53.0,True,39
scale_31x21,rand_delta,2,68,600,-600.0,False,44
scale_31x21,rand_delta,2,69,39,-28.0,True,19
scale_31x21,rand_delta,2,70,70,-59.0,True,30
scale_31x21,rand_delta,2,71,280,-269.0,True,44
scale_31x21,rand_delta,2,72,55,-44.0,True,20
scale_31x21,rand_delta,2,73,131,-120.0,True,31
scale_31x21,rand_delta,2,74,600,-600.0,False,56
scale_31x21,rand_delta,2,75,218,-207.0,True,19
scale_31x21,rand_delta,2,76,173,-162.0,True,28
scale_31x21,rand_delta,2,77,76,-65.0,True,37
scale_31x21,rand_delta,2,78,109,-98.0,True,37
scale_31x21,rand_delta,2,79,79,-68.0,True,32
scale_31x21,rand_delta,2,80,56,-45.0,True,39
scale_31x21,rand_delta,2,81,51,-40.0,True,20
scale_31x21,rand_delta,2,82,600,-600.0,False,45
scale_31x21,rand_delta,2,83,196,-185.0,True,24
scale_31x21,rand_delta,2,84,600,-600.0,False,45
scale_31x21,rand_delta,2,85,12,-1.0,True,11
scale_31x21,rand_delta,2,86,600,-600.0,False,48
scale_31x21,rand_delta,2,87,54,-43.0,True,20
scale_31x21,rand_delta,2,88,39,-28.0,True,20
scale_31x21,rand_delta,2,89,62,-51.0,True,24
scale_31x21,rand_delta,2,90,600,-600.0,False,54
scale_31x21,rand_delta,2,91,97,-86.0,True,37
scale_31x21,rand_delta,2,92,50,-39.0,True,34
scale_31x21,rand_delta,2,93,600,-600.0,False,45
scale_31x21,rand_delta,2,94,13,-2.0,True,7
scale_31x21,rand_delta,2,95,27,-16.0,True,21
scale_31x21,rand_delta,2,96,99,-88.0,True,37
scale_31x21,rand_delta,2,97,600,-600.0,False,46
scale_31x21,rand_delta,2,98,57,-46.0,True,41
scale_31x21,rand_delta,2,99,600,-600.0,False,44
scale_31x21,rand_delta,2,100,72,-61.0,True,35
scale_31x21,rand_delta,2,101,600,-600.0,False,44
scale_31x21,rand_delta,2,102,600,-600.0,False,40
scale_31x21,rand_delta,2,103,600,-600.0,False,48
scale_31x21,rand_delta,2,104,114,-103.0,True,17
scale_31x21,rand_delta,2,105,376,-365.0,True,44
scale_31x21,rand_delta,2,106,600,-600.0,False,54
scale_31x21,rand_delta,2,107,67,-56.0,True,31
scale_31x21,rand_delta,2,108,600,-600.0,False,58
scale_31x21,rand_delta,2,109,600,-600.0,False,50
scale_31x21,rand_delta,2,110,600,-600.0,False,44
scale_31x21,rand_delta,2,111,600,-600.0,False,45
scale_31x21,rand_delta,2,112,49,-38.0,True,30
scale_31x21,rand_delta,2,113,600,-600.0,False,45
scale_31x21,rand_delta,2,114,71,-60.0,True,36
scale_31x21,rand_delta,2,115,600,-600.0,False,45
scale_31x21,rand_delta,2,116,52,-41.0,True,25
scale_31x21,rand_delta,2,117,600,-600.0,False,41
scale_31x21,rand_delta,2,118,600,-600.0,False,39
scale_31x21,rand_delta,2,119,96,-85.0,True,40
scale_31x21,rand_delta,2,120,53,-42.0,True,18
scale_31x21,rand_delta,2,121,46,-35.0,True,20
scale_31x21,rand_delta,2,122,283,-272.0,True,41
scale_31x21,rand_delta,2,123,157,-146.0,True,34
scale_31x21,rand_delta,2,124,600,-600.0,False,50
scale_31x21,rand_delta,2,125,6,5.0,True,6
scale_31x21,rand_delta,2,126,12,-1.0,True,8
scale_31x21,rand_delta,2,127,600,-600.0,False,54
scale_31x21,rand_delta,2,128,180,-169.0,True,38
scale_31x21,rand_delta,2,129,29,-18.0,True,25
scale_31x21,rand_delta,2,130,42,-31.0,True,31
scale_31x21,rand_delta,2,131,43,-32.0,True,31
scale_31x21,rand_delta,2,132,8,3.0,True,7
scale_31x21,rand_delta,2,133,40,-29.0,True,40
scale_31x21,rand_delta,2,134,39,-28.0,True,30
scale_31x21,rand_delta,2,135,28,-17.0,True,13
scale_31x21,rand_delta,2,136,600,-600.0,False,43
scale_31x21,rand_delta,2,137,405,-394.0,True,46
scale_31x21,rand_delta,2,138,600,-600.0,False,53
scale_31x21,rand_delta,2,139,88,-77.0,True,32
scale_31x21,rand_delta,2,140,21,-10.0,True,19
scale_31x21,rand_delta,2,141,22,-11.0,True,21
scale_31x21,rand_delta,2,142,600,-600.0,False,54
scale_31x21,rand_delta,2,143,20,-9.0,True,8
scale_31x21,rand_delta,2,144,600,-600.0,False,48
scale_31x21,rand_delta,2,145,93,-82.0,True,24
scale_31x21,rand_delta,2,146,87,-76.0,True,37
scale_31x21,rand_delta,2,147,600,-600.0,False,56
scale_31x21,rand_delta,2,148,12,-1.0,True,12
scale_31x21,rand_delta,2,149,62,-51.0,True,39
scale_31x21,rand_delta,2,150,45,-34.0,True,33
scale_31x21,rand_delta,2,151,41,-30.0,True,26
scale_31x21,rand_delta,2,152,600,-600.0,False,54
scale_31x21,rand_delta,2,153,91,-80.0,True,38
scale_31x21,rand_delta,2,154,40,-29.0,True,37
scale_31x21,rand_delta,2,155,41,-30.0,True,26
scale_31x21,rand_delta,2,156,14,-3.0,True,14
scale_31x21,rand_delta,2,157,600,-600.0,False,52
scale_31x21,rand_delta,2,158,33,-22.0,True,21
scale_31x21,rand_delta,2,159,39,-28.0,True,10
scale_31x21,rand_delta,2,160,51,-40.0,True,35
scale_31x21,rand_delta,2,161,14,-3.0,True,14
scale_31x21,rand_delta,2,162,129,-118.0,True,21
scale_31x21,rand_delta,2,163,17,-6.0,True,17
scale_31x21,rand_delta,2,164,13,-2.0,True,13
scale_31x21,rand_delta,2,165,43,-32.0,True,25
scale_31x21,rand_delta,2,166,600,-600.0,False,54
scale_31x21,rand_delta,2,167,91,-80.0,True,25
scale_31x21,rand_delta,2,168,600,-600.0,False,53
scale_31x21,rand_delta,2,169,30,-19.0,True,17
scale_31x21,rand_delta,2,170,600,-600.0,False,51
scale_31x21,rand_delta,2,171,600,-600.0,False,54
scale_31x21,rand_delta,2,172,36,-25.0,True,28
scale_31x21,rand_delta,2,173,98,-87.0,True,38
scale_31x21,rand_delta,2,174,21,-10.0,True,19
scale_31x21,rand_delta,2,175,84,-73.0,True,38
scale_31x21,rand_delta,2,176,17,-6.0,True,17
scale_31x21,rand_delta,2,177,600,-600.0,False,41
scale_31x21,rand_delta,2,178,600,-600.0,False,58
scale_31x21,rand_delta,2,179,600,-600.0,False,43
scale_31x21,rand_delta,2,180,600,-600.0,False,47
scale_31x21,rand_delta,2,181,19,-8.0,True,14
scale_31x21,rand_delta,2,182,85,-74.0,True,25
scale_31x21,rand_delta,2,183,600,-600.0,False,47
scale_31x21,rand_delta,2,184,69,-58.0,True,29
scale_31x21,rand_delta,2,185,21,-10.0,True,20
scale_31x21,rand_delta,2,186,600,-600.0,False,47
scale_31x21,rand_delta,2,187,600,-600.0,False,51
scale_31x21,rand_delta,2,188,600,-600.0,False,43
scale_31x21,rand_delta,2,189,63,-52.0,True,30
scale_31x21,rand_delta,2,190,495,-484.0,True,49
scale_31x21,rand_delta,2,191,56,-45.0,True,33
scale_31x21,rand_delta,2,192,28,-17.0,True,19
scale_31x21,rand_delta,2,193,50,-39.0,True,26
scale_31x21,rand_delta,2,194,600,-600.0,False,56
scale_31x21,rand_delta,2,195,55,-44.0,True,36
scale_31x21,rand_delta,2,196,46,-35.0,True,31
scale_31x21,rand_delta,2,197,31,-20.0,True,29
scale_31x21,rand_delta,2,198,600,-600.0,False,50
scale_31x21,rand_delta,2,199,70,-59.0,True,38
scale_31x21,rand_delta,2,200,600,-600.0,False,55
scale_31x21,rand_delta,2,201,27,-16.0,True,24
scale_31x21,rand_delta,2,202,46,-35.0,True,30
scale_31x21,rand_delta,2,203,23,-12.0,True,21
scale_31x21,rand_delta,2,204,33,-22.0,True,30
scale_31x21,rand_delta,2,205,25,-14.0,True,23
scale_31x21,rand_delta,2,206,9,2.0,True,9
scale_31x21,rand_delta,2,207,41,-30.0,True,33
scale_31x21,rand_delta,2,208,29,-18.0,True,11
scale_31x21,rand_delta,2,209,600,-600.0,False,57
scale_31x21,rand_delta,2,210,27,-16.0,True,20
scale_31x21,rand_delta,2,211,38,-27.0,True,36
scale_31x21,rand_delta,2,212,12,-1.0,True,9
scale_31x21,rand_delta,2,213,600,-600.0,False,53
scale_31x21,rand_delta,2,214,22,-11.0,True,19
scale_31x21,rand_delta,2,215,600,-600.0,False,51
scale_31x21,rand_delta,2,216,18,-7.0,True,17
scale_31x21,rand_delta,2,217,49,-38.0,True,23
scale_31x21,rand_delta,2,218,600,-600.0,False,51
scale_31x21,rand_delta,2,219,342,-331.0,True,39
scale_31x21,rand_delta,2,220,15,-4.0,True,5
scale_31x21,rand_delta,2,221,22,-11.0,True,22
scale_31x21,rand_delta,2,222,63,-52.0,True,32
scale_31x21,rand_delta,2,223,52,-41.0,True,40
scale_31x21,rand_delta,2,224,29,-18.0,True,28
scale_31x21,rand_delta,2,225,57,-46.0,True,38
scale_31x21,rand_delta,2,226,600,-600.0,False,55
scale_31x21,rand_delta,2,227,600,-600.0,False,45
scale_31x21,rand_delta,2,228,173,-162.0,True,37
scale_31x21,rand_delta,2,229,15,-4.0,True,6
scale_31x21,rand_delta,2,230,30,-19.0,True,13
scale_31x21,rand_delta,2,231,600,-600.0,False,43
scale_31x21,rand_delta,2,232,600,-600.0,False,41
scale_31x21,rand_delta,2,233,3,8.0,True,3
scale_31x21,rand_delta,2,234,128,-117.0,True,20
scale_31x21,rand_delta,2,235,600,-600.0,False,41
scale_31x21,rand_delta,2,236,600,-600.0,False,55
scale_31x21,rand_delta,2,237,59,-48.0,True,30
scale_31x21,rand_delta,2,238,38,-27.0,True,23
scale_31x21,rand_delta,2,239,39,-28.0,True,32
scale_31x21,rand_delta,2,240,18,-7.0,True,17
scale_31x21,rand_delta,2,241,40,-29.0,True,23
scale_31x21,rand_delta,2,242,600,-600.0,False,45
scale_31x21,rand_delta,2,243,47,-36.0,True,24
scale_31x21,rand_delta,2,244,600,-600.0,False,53
scale_31x21,rand_delta,2,245,43,-32.0,True,35
scale_31x21,rand_delta,2,246,5,6.0,True,5
scale_31x21,rand_delta,2,247,600,-600.0,False,45
scale_31x21,rand_delta,2,248,346,-335.0,True,49
scale_31x21,rand_delta,2,249,47,-36.0,True,39
scale_31x21,rand_delta,2,250,67,-56.0,True,30
scale_31x21,rand_delta,2,251,53,-42.0,True,24
scale_31x21,rand_delta,2,252,600,-600.0,False,48
scale_31x21,rand_delta,2,253,366,-355.0,True,35
scale_31x21,rand_delta,2,254,600,-600.0,False,46
scale_31x21,rand_delta,2,255,68,-57.0,True,20
scale_31x21,rand_delta,2,256,600,-600.0,False,54
scale_31x21,rand_delta,2,257,600,-600.0,False,48
scale_31x21,rand_delta,2,258,600,-600.0,False,53
scale_31x21,rand_delta,2,259,75,-64.0,True,37
scale_31x21,rand_delta,2,260,600,-600.0,False,49
scale_31x21,rand_delta,2,261,600,-600.0,False,52
scale_31x21,rand_delta,2,262,52,-41.0,True,16
scale_31x21,rand_delta,2,263,55,-44.0,True,19
scale_31x21,rand_delta,2,264,8,3.0,True,8
scale_31x21,rand_delta,2,265,600,-600.0,False,46
scale_31x21,rand_delta,2,266,66,-55.0,True,32
scale_31x21,rand_delta,2,267,24,-13.0,True,18
scale_31x21,rand_delta,2,268,68,-57.0,True,34
scale_31x21,rand_delta,2,269,22,-11.0,True,15
scale_31x21,rand_delta,2,270,75,-64.0,True,28
scale_31x21,rand_delta,2,271,26,-15.0,True,16
scale_31x21,rand_delta,2,272,61,-50.0,True,34
scale_31x21,rand_delta,2,273,600,-600.0,False,41
scale_31x21,rand_delta,2,274,600,-600.0,False,53
scale_31x21,rand_delta,2,275,93,-82.0,True,39
scale_31x21,rand_delta,2,276,39,-28.0,True,25
scale_31x21,rand_delta,2,277,600,-600.0,False,42
scale_31x21,rand_delta,2,278,78,-67.0,True,38
scale_31x21,rand_delta,2,279,78,-67.0,True,24
scale_31x21,rand_delta,2,280,600,-600.0,False,59
scale_31x21,rand_delta,2,281,51,-40.0,True,33
scale_31x21,rand_delta,2,282,30,-19.0,True,22
scale_31x21,rand_delta,2,283,33,-22.0,True,30
scale_31x21,rand_delta,2,284,600,-600.0,False,57
scale_31x21,rand_delta,2,285,6,5.0,True,6
scale_31x21,rand_delta,2,286,45,-34.0,True,36
scale_31x21,rand_delta,2,287,9,2.0,True,9
scale_31x21,rand_delta,2,288,19,-8.0,True,19
scale_31x21,rand_delta,2,289,600,-600.0,False,47
scale_31x21,rand_delta,2,290,27,-16.0,True,26
scale_31x21,rand_delta,2,291,13,-2.0,True,13
scale_31x21,rand_delta,2,292,600,-600.0,False,55
scale_31x21,rand_delta,2,293,600,-600.0,False,43
scale_31x21,rand_delta,2,294,600,-600.0,False,54
scale_31x21,rand_delta,2,295,48,-37.0,True,21
scale_31x21,rand_delta,2,296,600,-600.0,False,53
scale_31x21,rand_delta,2,297,21,-10.0,True,15
scale_31x21,rand_delta,2,298,2,9.0,True,2
scale_31x21,rand_delta,2,299,600,-600.0,False,43
scale_31x21,rand_delta,2,300,600,-600.0,False,43
scale_31x21,rand_delta,2,301,600,-600.0,False,53
scale_31x21,rand_delta,2,302,600,-600.0,False,55
scale_31x21,rand_delta,2,303,80,-69.0,True,39
scale_31x21,rand_delta,2,304,32,-21.0,True,30
scale_31x21,rand_delta,2,305,175,-164.0,True,49
scale_31x21,rand_delta,2,306,33,-22.0,True,24
scale_31x21,rand_delta,2,307,165,-154.0,True,17
scale_31x21,rand_delta,2,308,94,-83.0,True,37
scale_31x21,rand_delta,2,309,46,-35.0,True,38
scale_31x21,rand_delta,2,310,600,-600.0,False,56
scale_31x21,rand_delta,2,311,600,-600.0,False,47
scale_31x21,rand_delta,2,312,600,-600.0,False,51
scale_31x21,rand_delta,2,313,77,-66.0,True,36
scale_31x21,rand_delta,2,314,600,-600.0,False,54
scale_31x21,rand_delta,2,315,31,-20.0,True,11
scale_31x21,rand_delta,2,316,8,3.0,True,8
scale_31x21,rand_delta,2,317,16,-5.0,True,14
scale_31x21,rand_delta,2,318,148,-137.0,True,47
scale_31x21,rand_delta,2,319,71,-60.0,True,37
scale_31x21,rand_delta,2,320,27,-16.0,True,19
scale_31x21,rand_delta,2,321,600,-600.0,False,45
scale_31x21,rand_delta,2,322,12,-1.0,True,12
scale_31x21,rand_delta,2,323,70,-59.0,True,33
scale_31x21,rand_delta,2,324,40,-29.0,True,39
scale_31x21,rand_delta,2,325,600,-600.0,False,43
scale_31x21,rand_delta,2,326,30,-19.0,True,29
scale_31x21,rand_delta,2,327,600,-600.0,False,50
scale_31x21,rand_delta,2,328,78,-67.0,True,39
scale_31x21,rand_delta,2,329,48,-37.0,True,40
scale_31x21,rand_delta,2,330,37,-26.0,True,33
scale_31x21,rand_delta,2,331,600,-600.0,False,44
scale_31x21,rand_delta,2,332,114,-103.0,True,41
scale_31x21,rand_delta,2,333,7,4.0,True,7
scale_31x21,rand_delta,2,334,600,-600.0,False,52
scale_31x21,rand_delta,2,335,600,-600.0,False,54
scale_31x21,rand_delta,2,336,97,-86.0,True,28
scale_31x21,rand_delta,2,337,29,-18.0,True,15
scale_31x21,rand_delta,2,338,17,-6.0,True,17
scale_31x21,rand_delta,2,339,154,-143.0,True,17
scale_31x21,rand_delta,2,340,600,-600.0,False,52
scale_31x21,rand_delta,2,341,10,1.0,True,10
scale_31x21,rand_delta,2,342,31,-20.0,True,22
scale_31x21,rand_delta,2,343,22,-11.0,True,19
scale_31x21,rand_delta,2,344,6,5.0,True,6
scale_31x21,rand_delta,2,345,29,-18.0,True,29
scale_31x21,rand_delta,2,346,43,-32.0,True,31
scale_31x21,rand_delta,2,347,33,-22.0,True,33
scale_31x21,rand_delta,2,348,600,-600.0,False,53
scale_31x21,rand_delta,2,349,600,-600.0,False,59
scale_31x21,rand_delta,2,350,14,-3.0,True,14
scale_31x21,rand_delta,2,351,94,-83.0,True,35
scale_31x21,rand_delta,2,352,251,-240.0,True,52
scale_31x21,rand_delta,2,353,48,-37.0,True,46
scale_31x21,rand_delta,2,354,287,-276.0,True,40
scale_31x21,rand_delta,2,355,9,2.0,True,9
scale_31x21,rand_delta,2,356,9,2.0,True,9
scale_31x21,rand_delta,2,357,48,-37.0,True,40
scale_31x21,rand_delta,2,358,7,4.0,True,7
scale_31x21,rand_delta,2,359,16,-5.0,True,16
scale_31x21,rand_delta,2,360,12,-1.0,True,12
scale_31x21,rand_delta,2,361,132,-121.0,True,54
scale_31x21,rand_delta,2,362,600,-600.0,False,51
scale_31x21,rand_delta,2,363,13,-2.0,True,13
scale_31x21,rand_delta,2,364,600,-600.0,False,53
scale_31x21,rand_delta,2,365,141,-130.0,True,25
scale_31x21,rand_delta,2,366,600,-600.0,False,46
scale_31x21,rand_delta,2,367,53,-42.0,True,38
scale_31x21,rand_delta,2,368,44,-33.0,True,34
scale_31x21,rand_delta,2,369,600,-600.0,False,47
scale_31x21,rand_delta,2,370,13,-2.0,True,11
scale_31x21,rand_delta,2,371,26,-15.0,True,20
scale_31x21,rand_delta,2,372,600,-600.0,False,45
scale_31x21,rand_delta,2,373,600,-600.0,False,44
scale_31x21,rand_delta,2,374,163,-152.0,True,40
scale_31x21,rand_delta,2,375,13,-2.0,True,13
scale_31x21,rand_delta,2,376,3,8.0,True,3
scale_31x21,rand_delta,2,377,600,-600.0,False,53
scale_31x21,rand_delta,2,378,13,-2.0,True,13
scale_31x21,rand_delta,2,379,600,-600.0,False,45
scale_31x21,rand_delta,2,380,600,-600.0,False,44
scale_31x21,rand_delta,2,381,59,-48.0,True,39
scale_31x21,rand_delta,2,382,7,4.0,True,7
scale_31x21,rand_delta,2,383,7,4.0,True,6
scale_31x21,rand_delta,2,384,31,-20.0,True,25
scale_31x21,rand_delta,2,385,33,-22.0,True,32
scale_31x21,rand_delta,2,386,600,-600.0,False,44
scale_31x21,rand_delta,2,387,20,-9.0,True,19
scale_31x21,rand_delta,2,388,600,-600.0,False,43
scale_31x21,rand_delta,2,389,39,-28.0,True,22
scale_31x21,rand_delta,2,390,70,-59.0,True,32
scale_31x21,rand_delta,2,391,15,-4.0,True,15
scale_31x21,rand_delta,2,392,15,-4.0,True,15
scale_31x21,rand_delta,2,393,43,-32.0,True,41
scale_31x21,rand_delta,2,394,47,-36.0,True,46
scale_31x21,rand_delta,2,395,35,-24.0,True,32
scale_31x21,rand_delta,2,396,28,-17.0,True,24
scale_31x21,rand_delta,2,397,600,-600.0,False,47
scale_31x21,rand_delta,2,398,17,-6.0,True,17
scale_31x21,rand_delta,2,399,600,-600.0,False,51
scale_31x21,rand_delta,2,400,77,-66.0,True,47
scale_31x21,rand_delta,2,401,600,-600.0,False,41
scale_31x21,rand_delta,2,402,600,-600.0,False,56
scale_31x21,rand_delta,2,403,34,-23.0,True,19
scale_31x21,rand_delta,2,404,143,-132.0,True,25
scale_31x21,rand_delta,2,405,58,-47.0,True,29
scale_31x21,rand_delta,2,406,29,-18.0,True,25
scale_31x21,rand_delta,2,407,2,9.0,True,2
scale_31x21,rand_delta,2,408,8,3.0,True,8
scale_31x21,rand_delta,2,409,600,-600.0,False,55
scale_31x21,rand_delta,2,410,158,-147.0,True,42
scale_31x21,rand_delta,2,411,27,-16.0,True,21
scale_31x21,rand_delta,2,412,8,3.0,True,8
scale_31x21,rand_delta,2,413,50,-39.0,True,44
scale_31x21,rand_delta,2,414,65,-54.0,True,37
scale_31x21,rand_delta,2,415,21,-10.0,True,21
scale_31x21,rand_delta,2,416,112,-101.0,True,23
scale_31x21,rand_delta,2,417,15,-4.0,True,15
scale_31x21,rand_delta,2,418,600,-600.0,False,51
scale_31x21,rand_delta,2,419,600,-600.0,False,43
scale_31x21,rand_delta,2,420,41,-30.0,True,39
scale_31x21,rand_delta,2,421,32,-21.0,True,24
scale_31x21,rand_delta,2,422,23,-12.0,True,23
scale_31x21,rand_delta,2,423,10,1.0,True,10
scale_31x21,rand_delta,2,424,27,-16.0,True,21
scale_31x21,rand_delta,2,425,2,9.0,True,2
scale_31x21,rand_delta,2,426,600,-600.0,False,43
scale_31x21,rand_delta,2,427,94,-83.0,True,49
scale_31x21,rand_delta,2,428,600,-600.0,False,51
scale_31x21,rand_delta,2,429,10,1.0,True,10
scale_31x21,rand_delta,2,430,13,-2.0,True,12
scale_31x21,rand_delta,2,431,27,-16.0,True,21
scale_31x21,rand_delta,2,432,600,-600.0,False,42
scale_31x21,rand_delta,2,433,600,-600.0,False,54
scale_31x21,rand_delta,2,434,600,-600.0,False,43
scale_31x21,rand_delta,2,435,600,-600.0,False,53
scale_31x21,rand_delta,2,436,19,-8.0,True,17
scale_31x21,rand_delta,2,437,2,9.0,True,2
scale_31x21,rand_delta,2,438,600,-600.0,False,55
scale_31x21,rand_delta,2,439,45,-34.0,True,25
scale_31x21,rand_delta,2,440,18,-7.0,True,18
scale_31x21,rand_delta,2,441,59,-48.0,True,16
scale_31x21,rand_delta,2,442,27,-16.0,True,27
scale_31x21,rand_delta,2,443,20,-9.0,True,20
scale_31x21,rand_delta,2,444,600,-600.0,False,46
scale_31x21,rand_delta,2,445,600,-600.0,False,44
scale_31x21,rand_delta,2,446,15,-4.0,True,15
scale_31x21,rand_delta,2,447,543,-532.0,True,47
scale_31x21,rand_delta,2,448,91,-80.0,True,34
scale_31x21,rand_delta,2,449,600,-600.0,False,56
scale_31x21,rand_delta,2,450,45,-34.0,True,35
scale_31x21,rand_delta,2,451,600,-600.0,False,54
scale_31x21,rand_delta,2,452,600,-600.0,False,41
scale_31x21,rand_delta,2,453,600,-600.0,False,57
scale_31x21,rand_delta,2,454,600,-600.0,False,46
scale_31x21,rand_delta,2,455,36,-25.0,True,20
scale_31x21,rand_delta,2,456,16,-5.0,True,16
scale_31x21,rand_delta,2,457,600,-600.0,False,59
scale_31x21,rand_delta,2,458,600,-600.0,False,51
scale_31x21,rand_delta,2,459,600,-600.0,False,49
scale_31x21,rand_delta,2,460,61,-50.0,True,36
scale_31x21,rand_delta,2,461,7,4.0,True,7
scale_31x21,rand_delta,2,462,109,-98.0,True,28
scale_31x21,rand_delta,2,463,600,-600.0,False,54
scale_31x21,rand_delta,2,464,600,-600.0,False,54
scale_31x21,rand_delta,2,465,30,-19.0,True,18
scale_31x21,rand_delta,2,466,38,-27.0,True,27
scale_31x21,rand_delta,2,467,38,-27.0,True,28
scale_31x21,rand_delta,2,468,600,-600.0,False,45
scale_31x21,rand_delta,2,469,600,-600.0,False,49
scale_31x21,rand_delta,2,470,22,-11.0,True,19
scale_31x21,rand_delta,2,471,600,-600.0,False,57
scale_31x21,rand_delta,2,472,12,-1.0,True,12
scale_31x21,rand_delta,2,473,58,-47.0,True,26
scale_31x21,rand_delta,2,474,19,-8.0,True,17
scale_31x21,rand_delta,2,475,66,-55.0,True,31
scale_31x21,rand_delta,2,476,600,-600.0,False,53
scale_31x21,rand_delta,2,477,29,-18.0,True,26
scale_31x21,rand_delta,2,478,600,-600.0,False,45
scale_31x21,rand_delta,2,479,43,-32.0,True,34
scale_31x21,rand_delta,2,480,38,-27.0,True,29
scale_31x21,rand_delta,2,481,10,1.0,True,10
scale_31x21,rand_delta,2,482,49,-38.0,True,32
scale_31x21,rand_delta,2,483,31,-20.0,True,27
scale_31x21,rand_delta,2,484,600,-600.0,False,55
scale_31x21,rand_delta,2,485,8,3.0,True,8
scale_31x21,rand_delta,2,486,21,-10.0,True,21
scale_31x21,rand_delta,2,487,600,-600.0,False,47
scale_31x21,rand_delta,2,488,600,-600.0,False,51
scale_31x21,rand_delta,2,489,15,-4.0,True,10
scale_31x21,rand_delta,2,490,37,-26.0,True,22
scale_31x21,rand_delta,2,491,6,5.0,True,6
scale_31x21,rand_delta,2,492,55,-44.0,True,34
scale_31x21,rand_delta,2,493,31,-20.0,True,28
scale_31x21,rand_delta,2,494,48,-37.0,True,42
scale_31x21,rand_delta,2,495,600,-600.0,False,50
scale_31x21,rand_delta,2,496,9,2.0,True,9
scale_31x21,rand_delta,2,497,15,-4.0,True,15
scale_31x21,rand_delta,2,498,50,-39.0,True,48
scale_31x21,rand_delta,2,499,33,-22.0,True,33
scale_31x21,rand_delta,2,500,600,-600.0,False,54
scale_31x21,rand_delta,2,501,21,-10.0,True,21
scale_31x21,rand_delta,2,502,45,-34.0,True,25
scale_31x21,rand_delta,2,503,37,-26.0,True,35
scale_31x21,rand_delta,2,504,21,-10.0,True,21
scale_31x21,rand_delta,2,505,600,-600.0,False,56
scale_31x21,rand_delta,2,506,73,-62.0,True,30
scale_31x21,rand_delta,2,507,53,-42.0,True,47
scale_31x21,rand_delta,2,508,38,-27.0,True,32
scale_31x21,rand_delta,2,509,110,-99.0,True,28
scale_31x21,rand_delta,2,510,19,-8.0,True,19
scale_31x21,rand_delta,2,511,43,-32.0,True,42
scale_31x21,rand_delta,2,512,600,-600.0,False,56
scale_31x21,rand_delta,2,513,600,-600.0,False,53
scale_31x21,rand_delta,2,514,104,-93.0,True,40
scale_31x21,rand_delta,2,515,53,-42.0,True,48
scale_31x21,rand_delta,2,516,26,-15.0,True,26
scale_31x21,rand_delta,2,517,600,-600.0,False,52
scale_31x21,rand_delta,2,518,26,-15.0,True,26
scale_31x21,rand_delta,2,519,18,-7.0,True,17
scale_31x21,rand_delta,2,520,54,-43.0,True,33
scale_31x21,rand_delta,2,521,600,-600.0,False,55
scale_31x21,rand_delta,2,522,600,-600.0,False,47
scale_31x21,rand_delta,2,523,23,-12.0,True,23
scale_31x21,rand_delta,2,524,21,-10.0,True,19
scale_31x21,rand_delta,2,525,35,-24.0,True,34
scale_31x21,rand_delta,2,526,7,4.0,True,7
scale_31x21,rand_delta,2,527,600,-600.0,False,55
scale_31x21,rand_delta,2,528,21,-10.0,True,21
scale_31x21,rand_delta,2,529,600,-600.0,False,57
scale_31x21,rand_delta,2,530,600,-600.0,False,53
scale_31x21,rand_delta,2,531,600,-600.0,False,52
scale_31x21,rand_delta,2,532,50,-39.0,True,34
scale_31x21,rand_delta,2,533,28,-17.0,True,25
scale_31x21,rand_delta,2,534,7,4.0,True,7
scale_31x21,rand_delta,2,535,24,-13.0,True,24
scale_31x21,rand_delta,2,536,37,-26.0,True,34
scale_31x21,rand_delta,2,537,600,-600.0,False,56
scale_31x21,rand_delta,2,538,33,-22.0,True,20
scale_31x21,rand_delta,2,539,40,-29.0,True,33
scale_31x21,rand_delta,2,540,600,-600.0,False,46
scale_31x21,rand_delta,2,541,6,5.0,True,5
scale_31x21,rand_delta,2,542,79,-68.0,True,21
scale_31x21,rand_delta,2,543,27,-16.0,True,23
scale_31x21,rand_delta,2,544,34,-23.0,True,32
scale_31x21,rand_delta,2,545,19,-8.0,True,19
scale_31x21,rand_delta,2,546,38,-27.0,True,32
scale_31x21,rand_delta,2,547,53,-42.0,True,50
scale_31x21,rand_delta,2,548,600,-600.0,False,52
scale_31x21,rand_delta,2,549,56,-45.0,True,33
scale_31x21,rand_delta,2,550,600,-600.0,False,52
scale_31x21,rand_delta,2,551,20,-9.0,True,15
scale_31x21,rand_delta,2,552,59,-48.0,True,34
scale_31x21,rand_delta,2,553,106,-95.0,True,38
scale_31x21,rand_delta,2,554,40,-29.0,True,39
scale_31x21,rand_delta,2,555,49,-38.0,True,49
scale_31x21,rand_delta,2,556,28,-17.0,True,27
scale_31x21,rand_delta,2,557,11,0.0,True,10
scale_31x21,rand_delta,2,558,600,-600.0,False,51
scale_31x21,rand_delta,2,559,600,-600.0,False,54
scale_31x21,rand_delta,2,560,73,-62.0,True,35
scale_31x21,rand_delta,2,561,600,-600.0,False,44
scale_31x21,rand_delta,2,562,600,-600.0,False,52
scale_31x21,rand_delta,2,563,37,-26.0,True,35
scale_31x21,rand_delta,2,564,13,-2.0,True,13
scale_31x21,rand_delta,2,565,56,-45.0,True,34
scale_31x21,rand_delta,2,566,71,-60.0,True,31
scale_31x21,rand_delta,2,567,600,-600.0,False,40
scale_31x21,rand_delta,2,568,37,-26.0,True,30
scale_31x21,rand_delta,2,569,200,-189.0,True,52
scale_31x21,rand_delta,2,570,600,-600.0,False,56
scale_31x21,rand_delta,2,571,600,-600.0,False,54
scale_31x21,rand_delta,2,572,600,-600.0,False,48
scale_31x21,rand_delta,2,573,600,-600.0,False,52
scale_31x21,rand_delta,2,574,98,-87.0,True,26
scale_31x21,rand_delta,2,575,600,-600.0,False,45
scale_31x21,rand_delta,2,576,600,-600.0,False,54
scale_31x21,rand_delta,2,577,23,-12.0,True,20
scale_31x21,rand_delta,2,578,49,-38.0,True,44
scale_31x21,rand_delta,2,579,44,-33.0,True,44
scale_31x21,rand_delta,2,580,600,-600.0,False,58
scale_31x21,rand_delta,2,581,1,10.0,True,1
scale_31x21,rand_delta,2,582,25,-14.0,True,20
scale_31x21,rand_delta,2,583,600,-600.0,False,55
scale_31x21,rand_delta,2,584,30,-19.0,True,25
scale_31x21,rand_delta,2,585,17,-6.0,True,17
scale_31x21,rand_delta,2,586,600,-600.0,False,54
scale_31x21,rand_delta,2,587,104,-93.0,True,31
scale_31x21,rand_delta,2,588,94,-83.0,True,40
scale_31x21,rand_delta,2,589,48,-37.0,True,42
scale_31x21,rand_delta,2,590,44,-33.0,True,44
scale_31x21,rand_delta,2,591,600,-600.0,False,41
scale_31x21,rand_delta,2,592,600,-600.0,False,50
scale_31x21,rand_delta,2,593,600,-600.0,False,55
scale_31x21,rand_delta,2,594,25,-14.0,True,21
scale_31x21,rand_delta,2,595,66,-55.0,True,46
scale_31x21,rand_delta,2,596,600,-600.0,False,41
scale_31x21,rand_delta,2,597,63,-52.0,True,30
scale_31x21,rand_delta,2,598,26,-15.0,True,26
scale_31x21,rand_delta,2,599,600,-600.0,False,55
