maze,agent,seed,episode,steps,total_reward,reached_goal,optimal_steps
scale_f0.02,kc_delta,0,0,600,-600.0,False,45
scale_f0.02,kc_delta,0,1,600,-600.0,False,46
scale_f0.02,kc_delta,0,2,600,-600.0,False,22
scale_f0.02,kc_delta,0,3,555,-544.0,True,19
scale_f0.02,kc_delta,0,4,154,-143.0,True,11
scale_f0.02,kc_delta,0,5,508,-497.0,True,22
scale_f0.02,kc_delta,0,6,600,-600.0,False,43
scale_f0.02,kc_delta,0,7,600,-600.0,False,45
scale_f0.02,kc_delta,0,8,367,-356.0,True,22
scale_f0.02,kc_delta,0,9,600,-600.0,False,46
scale_f0.02,kc_delta,0,10,600,-600.0,False,35
scale_f0.02,kc_delta,0,11,600,-600.0,False,49
scale_f0.02,kc_delta,0,12,366,-355.0,True,23
scale_f0.02,kc_delta,0,13,271,-260.0,True,28
scale_f0.02,kc_delta,0,14,600,-600.0,False,47
scale_f0.02,kc_delta,0,15,28,-17.0,True,17
scale_f0.02,kc_delta,0,16,600,-600.0,False,52
scale_f0.02,kc_delta,0,17,600,-600.0,False,26
scale_f0.02,kc_delta,0,18,600,-600.0,False,54
scale_f0.02,kc_delta,0,19,44,-33.0,True,12
scale_f0.02,kc_delta,0,20,600,-600.0,False,55
scale_f0.02,kc_delta,0,21,600,-600.0,False,25
scale_f0.02,kc_delta,0,22,52,-41.0,True,10
scale_f0.02,kc_delta,0,23,600,-600.0,False,34
scale_f0.02,kc_delta,0,24,12,-1.0,True,8
scale_f0.02,kc_delta,0,25,600,-600.0,False,51
scale_f0.02,kc_delta,0,26,600,-600.0,False,48
scale_f0.02,kc_delta,0,27,20,-9.0,True,6
scale_f0.02,kc_delta,0,28,600,-600.0,False,36
scale_f0.02,kc_delta,0,29,498,-487.0,True,18
scale_f0.02,kc_delta,0,30,600,-600.0,False,52
scale_f0.02,kc_delta,0,31,529,-518.0,True,28
scale_f0.02,kc_delta,0,32,600,-600.0,False,44
scale_f0.02,kc_delta,0,33,600,-600.0,False,45
scale_f0.02,kc_delta,0,34,429,-418.0,True,27
scale_f0.02,kc_delta,0,35,600,-600.0,False,50
scale_f0.02,kc_delta,0,36,441,-430.0,True,20
scale_f0.02,kc_delta,0,37,187,-176.0,True,20
scale_f0.02,kc_delta,0,38,396,-385.0,True,26
scale_f0.02,kc_delta,0,39,94,-83.0,True,31
scale_f0.02,kc_delta,0,40,34,-23.0,True,24
scale_f0.02,kc_delta,0,41,12,-1.0,True,8
scale_f0.02,kc_delta,0,42,82,-71.0,True,21
scale_f0.02,kc_delta,0,43,600,-600.0,False,37
scale_f0.02,kc_delta,0,44,600,-600.0,False,51
scale_f0.02,kc_delta,0,45,600,-600.0,False,51
scale_f0.02,kc_delta,0,46,175,-164.0,True,13
scale_f0.02,kc_delta,0,47,600,-600.0,False,26
scale_f0.02,kc_delta,0,48,600,-600.0,False,31
scale_f0.02,kc_delta,0,49,600,-600.0,False,44
scale_f0.02,kc_delta,0,50,124,-113.0,True,22
scale_f0.02,kc_delta,0,51,600,-600.0,False,53
scale_f0.02,kc_delta,0,52,7,4.0,True,5
scale_f0.02,kc_delta,0,53,600,-600.0,False,36
scale_f0.02,kc_delta,0,54,600,-600.0,False,52
scale_f0.02,kc_delta,0,55,600,-600.0,False,40
scale_f0.02,kc_delta,0,56,600,-600.0,False,48
scale_f0.02,kc_delta,0,57,286,-275.0,True,29
scale_f0.02,kc_delta,0,58,600,-600.0,False,44
scale_f0.02,kc_delta,0,59,600,-600.0,False,49
scale_f0.02,kc_delta,0,60,600,-600.0,False,33
scale_f0.02,kc_delta,0,61,600,-600.0,False,44
scale_f0.02,kc_delta,0,62,600,-600.0,False,50
scale_f0.02,kc_delta,0,63,388,-377.0,True,33
scale_f0.02,kc_delta,0,64,144,-133.0,True,20
scale_f0.02,kc_delta,0,65,21,-10.0,True,13
scale_f0.02,kc_delta,0,66,21,-10.0,True,13
scale_f0.02,kc_delta,0,67,600,-600.0,False,46
scale_f0.02,kc_delta,0,68,34,-23.0,True,25
scale_f0.02,kc_delta,0,69,600,-600.0,False,45
scale_f0.02,kc_delta,0,70,600,-600.0,False,46
scale_f0.02,kc_delta,0,71,600,-600.0,False,55
scale_f0.02,kc_delta,0,72,600,-600.0,False,39
scale_f0.02,kc_delta,0,73,600,-600.0,False,56
scale_f0.02,kc_delta,0,74,600,-600.0,False,50
scale_f0.02,kc_delta,0,75,157,-146.0,True,21
scale_f0.02,kc_delta,0,76,84,-73.0,True,13
scale_f0.02,kc_delta,0,77,600,-600.0,False,47
scale_f0.02,kc_delta,0,78,600,-600.0,False,43
scale_f0.02,kc_delta,0,79,115,-104.0,True,25
scale_f0.02,kc_delta,0,80,271,-260.0,True,20
scale_f0.02,kc_delta,0,81,43,-32.0,True,21
scale_f0.02,kc_delta,0,82,41,-30.0,True,18
scale_f0.02,kc_delta,0,83,600,-600.0,False,54
scale_f0.02,kc_delta,0,84,600,-600.0,False,53
scale_f0.02,kc_delta,0,85,178,-167.0,True,35
scale_f0.02,kc_delta,0,86,600,-600.0,False,47
scale_f0.02,kc_delta,0,87,600,-600.0,False,43
scale_f0.02,kc_delta,0,88,35,-24.0,True,19
scale_f0.02,kc_delta,0,89,92,-81.0,True,21
scale_f0.02,kc_delta,0,90,53,-42.0,True,19
scale_f0.02,kc_delta,0,91,80,-69.0,True,29
scale_f0.02,kc_delta,0,92,38,-27.0,True,19
scale_f0.02,kc_delta,0,93,600,-600.0,False,52
scale_f0.02,kc_delta,0,94,600,-600.0,False,44
scale_f0.02,kc_delta,0,95,48,-37.0,True,20
scale_f0.02,kc_delta,0,96,152,-141.0,True,26
scale_f0.02,kc_delta,0,97,513,-502.0,True,24
scale_f0.02,kc_delta,0,98,600,-600.0,False,42
scale_f0.02,kc_delta,0,99,600,-600.0,False,40
scale_f0.02,kc_delta,0,100,600,-600.0,False,55
scale_f0.02,kc_delta,0,101,108,-97.0,True,19
scale_f0.02,kc_delta,0,102,3,8.0,True,3
scale_f0.02,kc_delta,0,103,600,-600.0,False,51
scale_f0.02,kc_delta,0,104,600,-600.0,False,45
scale_f0.02,kc_delta,0,105,4,7.0,True,4
scale_f0.02,kc_delta,0,106,394,-383.0,True,35
scale_f0.02,kc_delta,0,107,600,-600.0,False,57
scale_f0.02,kc_delta,0,108,600,-600.0,False,56
scale_f0.02,kc_delta,0,109,600,-600.0,False,47
scale_f0.02,kc_delta,0,110,402,-391.0,True,28
scale_f0.02,kc_delta,0,111,600,-600.0,False,43
scale_f0.02,kc_delta,0,112,600,-600.0,False,54
scale_f0.02,kc_delta,0,113,188,-177.0,True,33
scale_f0.02,kc_delta,0,114,600,-600.0,False,37
scale_f0.02,kc_delta,0,115,49,-38.0,True,26
scale_f0.02,kc_delta,0,116,321,-310.0,True,38
scale_f0.02,kc_delta,0,117,600,-600.0,False,52
scale_f0.02,kc_delta,0,118,600,-600.0,False,46
scale_f0.02,kc_delta,0,119,349,-338.0,True,32
scale_f0.02,kc_delta,0,120,199,-188.0,True,32
scale_f0.02,kc_delta,0,121,600,-600.0,False,42
scale_f0.02,kc_delta,0,122,600,-600.0,False,51
scale_f0.02,kc_delta,0,123,30,-19.0,True,18
scale_f0.02,kc_delta,0,124,600,-600.0,False,40
scale_f0.02,kc_delta,0,125,600,-600.0,False,48
scale_f0.02,kc_delta,0,126,583,-572.0,True,34
scale_f0.02,kc_delta,0,127,600,-600.0,False,56
scale_f0.02,kc_delta,0,128,600,-600.0,False,44
scale_f0.02,kc_delta,0,129,600,-600.0,False,51
scale_f0.02,kc_delta,0,130,399,-388.0,True,23
scale_f0.02,kc_delta,0,131,7,4.0,True,7
scale_f0.02,kc_delta,0,132,600,-600.0,False,34
scale_f0.02,kc_delta,0,133,113,-102.0,True,29
scale_f0.02,kc_delta,0,134,108,-97.0,True,26
scale_f0.02,kc_delta,0,135,131,-120.0,True,26
scale_f0.02,kc_delta,0,136,54,-43.0,True,20
scale_f0.02,kc_delta,0,137,61,-50.0,True,26
scale_f0.02,kc_delta,0,138,600,-600.0,False,49
scale_f0.02,kc_delta,0,139,600,-600.0,False,40
scale_f0.02,kc_delta,0,140,600,-600.0,False,37
scale_f0.02,kc_delta,0,141,600,-600.0,False,51
scale_f0.02,kc_delta,0,142,471,-460.0,True,38
scale_f0.02,kc_delta,0,143,600,-600.0,False,44
scale_f0.02,kc_delta,0,144,600,-600.0,False,44
scale_f0.02,kc_delta,0,145,600,-600.0,False,34
scale_f0.02,kc_delta,0,146,85,-74.0,True,21
scale_f0.02,kc_delta,0,147,432,-421.0,True,39
scale_f0.02,kc_delta,0,148,57,-46.0,True,20
scale_f0.02,kc_delta,0,149,600,-600.0,False,38
scale_f0.02,kc_delta,0,150,83,-72.0,True,20
scale_f0.02,kc_delta,0,151,600,-600.0,False,53
scale_f0.02,kc_delta,0,152,28,-17.0,True,17
scale_f0.02,kc_delta,0,153,22,-11.0,True,13
scale_f0.02,kc_delta,0,154,600,-600.0,False,45
scale_f0.02,kc_delta,0,155,38,-27.0,True,23
scale_f0.02,kc_delta,0,156,36,-25.0,True,20
scale_f0.02,kc_delta,0,157,37,-26.0,True,22
scale_f0.02,kc_delta,0,158,50,-39.0,True,33
scale_f0.02,kc_delta,0,159,206,-195.0,True,35
scale_f0.02,kc_delta,0,160,50,-39.0,True,34
scale_f0.02,kc_delta,0,161,600,-600.0,False,51
scale_f0.02,kc_delta,0,162,2,9.0,True,2
scale_f0.02,kc_delta,0,163,5,6.0,True,4
scale_f0.02,kc_delta,0,164,600,-600.0,False,51
scale_f0.02,kc_delta,0,165,600,-600.0,False,56
scale_f0.02,kc_delta,0,166,59,-48.0,True,25
scale_f0.02,kc_delta,0,167,600,-600.0,False,49
scale_f0.02,kc_delta,0,168,136,-125.0,True,24
scale_f0.02,kc_delta,0,169,224,-213.0,True,33
scale_f0.02,kc_delta,0,170,600,-600.0,False,39
scale_f0.02,kc_delta,0,171,31,-20.0,True,19
scale_f0.02,kc_delta,0,172,12,-1.0,True,10
scale_f0.02,kc_delta,0,173,74,-63.0,True,26
scale_f0.02,kc_delta,0,174,600,-600.0,False,43
scale_f0.02,kc_delta,0,175,600,-600.0,False,45
scale_f0.02,kc_delta,0,176,47,-36.0,True,24
scale_f0.02,kc_delta,0,177,600,-600.0,False,51
scale_f0.02,kc_delta,0,178,600,-600.0,False,54
scale_f0.02,kc_delta,0,179,600,-600.0,False,46
scale_f0.02,kc_delta,0,180,600,-600.0,False,46
scale_f0.02,kc_delta,0,181,41,-30.0,True,18
scale_f0.02,kc_delta,0,182,600,-600.0,False,37
scale_f0.02,kc_delta,0,183,600,-600.0,False,53
scale_f0.02,kc_delta,0,184,34,-23.0,True,20
scale_f0.02,kc_delta,0,185,600,-600.0,False,42
scale_f0.02,kc_delta,0,186,600,-600.0,False,36
scale_f0.02,kc_delta,0,187,17,-6.0,True,12
scale_f0.02,kc_delta,0,188,600,-600.0,False,59
scale_f0.02,kc_delta,0,189,600,-600.0,False,53
scale_f0.02,kc_delta,0,190,135,-124.0,True,37
scale_f0.02,kc_delta,0,191,129,-118.0,True,32
scale_f0.02,kc_delta,0,192,23,-12.0,True,15
scale_f0.02,kc_delta,0,193,600,-600.0,False,56
scale_f0.02,kc_delta,0,194,102,-91.0,True,41
scale_f0.02,kc_delta,0,195,221,-210.0,True,26
scale_f0.02,kc_delta,0,196,600,-600.0,False,45
scale_f0.02,kc_delta,0,197,32,-21.0,True,24
scale_f0.02,kc_delta,0,198,41,-30.0,True,17
scale_f0.02,kc_delta,0,199,82,-71.0,True,28
scale_f0.02,kc_delta,0,200,600,-600.0,False,53
scale_f0.02,kc_delta,0,201,600,-600.0,False,43
scale_f0.02,kc_delta,0,202,600,-600.0,False,41
scale_f0.02,kc_delta,0,203,93,-82.0,True,21
scale_f0.02,kc_delta,0,204,600,-600.0,False,44
scale_f0.02,kc_delta,0,205,600,-600.0,False,54
scale_f0.02,kc_delta,0,206,115,-104.0,True,26
scale_f0.02,kc_delta,0,207,600,-600.0,False,36
scale_f0.02,kc_delta,0,208,600,-600.0,False,42
scale_f0.02,kc_delta,0,209,600,-600.0,False,53
scale_f0.02,kc_delta,0,210,600,-600.0,False,54
scale_f0.02,kc_delta,0,211,18,-7.0,True,13
scale_f0.02,kc_delta,0,212,43,-32.0,True,24
scale_f0.02,kc_delta,0,213,600,-600.0,False,36
scale_f0.02,kc_delta,0,214,36,-25.0,True,19
scale_f0.02,kc_delta,0,215,189,-178.0,True,37
scale_f0.02,kc_delta,0,216,600,-600.0,False,42
scale_f0.02,kc_delta,0,217,28,-17.0,True,19
scale_f0.02,kc_delta,0,218,600,-600.0,False,42
scale_f0.02,kc_delta,0,219,113,-102.0,True,33
scale_f0.02,kc_delta,0,220,600,-600.0,False,54
scale_f0.02,kc_delta,0,221,34,-23.0,True,4
scale_f0.02,kc_delta,0,222,600,-600.0,False,55
scale_f0.02,kc_delta,0,223,600,-600.0,False,40
scale_f0.02,kc_delta,0,224,600,-600.0,False,38
scale_f0.02,kc_delta,0,225,600,-600.0,False,37
scale_f0.02,kc_delta,0,226,600,-600.0,False,46
scale_f0.02,kc_delta,0,227,50,-39.0,True,22
scale_f0.02,kc_delta,0,228,600,-600.0,False,53
scale_f0.02,kc_delta,0,229,600,-600.0,False,44
scale_f0.02,kc_delta,0,230,600,-600.0,False,47
scale_f0.02,kc_delta,0,231,148,-137.0,True,25
scale_f0.02,kc_delta,0,232,163,-152.0,True,12
scale_f0.02,kc_delta,0,233,600,-600.0,False,45
scale_f0.02,kc_delta,0,234,600,-600.0,False,40
scale_f0.02,kc_delta,0,235,29,-18.0,True,13
scale_f0.02,kc_delta,0,236,555,-544.0,True,29
scale_f0.02,kc_delta,0,237,65,-54.0,True,25
scale_f0.02,kc_delta,0,238,600,-600.0,False,54
scale_f0.02,kc_delta,0,239,600,-600.0,False,48
scale_f0.02,kc_delta,0,240,346,-335.0,True,32
scale_f0.02,kc_delta,0,241,600,-600.0,False,37
scale_f0.02,kc_delta,0,242,600,-600.0,False,56
scale_f0.02,kc_delta,0,243,60,-49.0,True,32
scale_f0.02,kc_delta,0,244,11,0.0,True,11
scale_f0.02,kc_delta,0,245,600,-600.0,False,43
scale_f0.02,kc_delta,0,246,600,-600.0,False,34
scale_f0.02,kc_delta,0,247,176,-165.0,True,34
scale_f0.02,kc_delta,0,248,600,-600.0,False,52
scale_f0.02,kc_delta,0,249,171,-160.0,True,28
scale_f0.02,kc_delta,0,250,600,-600.0,False,45
scale_f0.02,kc_delta,0,251,244,-233.0,True,27
scale_f0.02,kc_delta,0,252,600,-600.0,False,41
scale_f0.02,kc_delta,0,253,600,-600.0,False,56
scale_f0.02,kc_delta,0,254,600,-600.0,False,45
scale_f0.02,kc_delta,0,255,600,-600.0,False,42
scale_f0.02,kc_delta,0,256,41,-30.0,True,24
scale_f0.02,kc_delta,0,257,600,-600.0,False,46
scale_f0.02,kc_delta,0,258,96,-85.0,True,33
scale_f0.02,kc_delta,0,259,517,-506.0,True,41
scale_f0.02,kc_delta,0,260,600,-600.0,False,49
scale_f0.02,kc_delta,0,261,155,-144.0,True,29
scale_f0.02,kc_delta,0,262,15,-4.0,True,7
scale_f0.02,kc_delta,0,263,24,-13.0,True,18
scale_f0.02,kc_delta,0,264,7,4.0,True,6
scale_f0.02,kc_delta,0,265,21,-10.0,True,17
scale_f0.02,kc_delta,0,266,600,-600.0,False,39
scale_f0.02,kc_delta,0,267,134,-123.0,True,34
scale_f0.02,kc_delta,0,268,20,-9.0,True,18
scale_f0.02,kc_delta,0,269,600,-600.0,False,49
scale_f0.02,kc_delta,0,270,600,-600.0,False,47
scale_f0.02,kc_delta,0,271,124,-113.0,True,22
scale_f0.02,kc_delta,0,272,44,-33.0,True,23
scale_f0.02,kc_delta,0,273,600,-600.0,False,51
scale_f0.02,kc_delta,0,274,26,-15.0,True,11
scale_f0.02,kc_delta,0,275,19,-8.0,True,14
scale_f0.02,kc_delta,0,276,600,-600.0,False,41
scale_f0.02,kc_delta,0,277,38,-27.0,True,22
scale_f0.02,kc_delta,0,278,106,-95.0,True,35
scale_f0.02,kc_delta,0,279,600,-600.0,False,49
scale_f0.02,kc_delta,0,280,600,-600.0,False,54
scale_f0.02,kc_delta,0,281,61,-50.0,True,20
scale_f0.02,kc_delta,0,282,600,-600.0,False,50
scale_f0.02,kc_delta,0,283,41,-30.0,True,16
scale_f0.02,kc_delta,0,284,9,2.0,True,8
scale_f0.02,kc_delta,0,285,197,-186.0,True,17
scale_f0.02,kc_delta,0,286,600,-600.0,False,45
scale_f0.02,kc_delta,0,287,44,-33.0,True,12
scale_f0.02,kc_delta,0,288,600,-600.0,False,54
scale_f0.02,kc_delta,0,289,122,-111.0,True,24
scale_f0.02,kc_delta,0,290,70,-59.0,True,20
scale_f0.02,kc_delta,0,291,600,-600.0,False,51
scale_f0.02,kc_delta,0,292,43,-32.0,True,21
scale_f0.02,kc_delta,0,293,600,-600.0,False,53
scale_f0.02,kc_delta,0,294,600,-600.0,False,54
scale_f0.02,kc_delta,0,295,600,-600.0,False,48
scale_f0.02,kc_delta,0,296,37,-26.0,True,14
scale_f0.02,kc_delta,0,297,16,-5.0,True,12
scale_f0.02,kc_delta,0,298,73,-62.0,True,6
scale_f0.02,kc_delta,0,299,13,-2.0,True,13
scale_f0.02,kc_delta,0,300,2,9.0,True,2
scale_f0.02,kc_delta,0,301,251,-240.0,True,36
scale_f0.02,kc_delta,0,302,62,-51.0,True,28
scale_f0.02,kc_delta,0,303,600,-600.0,False,47
scale_f0.02,kc_delta,0,304,600,-600.0,False,44
scale_f0.02,kc_delta,0,305,35,-24.0,True,18
scale_f0.02,kc_delta,0,306,97,-86.0,True,32
scale_f0.02,kc_delta,0,307,59,-48.0,True,24
scale_f0.02,kc_delta,0,308,600,-600.0,False,46
scale_f0.02,kc_delta,0,309,53,-42.0,True,26
scale_f0.02,kc_delta,0,310,468,-457.0,True,36
scale_f0.02,kc_delta,0,311,28,-17.0,True,10
scale_f0.02,kc_delta,0,312,600,-600.0,False,52
scale_f0.02,kc_delta,0,313,68,-57.0,True,19
scale_f0.02,kc_delta,0,314,163,-152.0,True,38
scale_f0.02,kc_delta,0,315,600,-600.0,False,46
scale_f0.02,kc_delta,0,316,600,-600.0,False,52
scale_f0.02,kc_delta,0,317,600,-600.0,False,49
scale_f0.02,kc_delta,0,318,16,-5.0,True,7
scale_f0.02,kc_delta,0,319,138,-127.0,True,22
scale_f0.02,kc_delta,0,320,39,-28.0,True,22
scale_f0.02,kc_delta,0,321,69,-58.0,True,21
scale_f0.02,kc_delta,0,322,60,-49.0,True,25
scale_f0.02,kc_delta,0,323,600,-600.0,False,53
scale_f0.02,kc_delta,0,324,41,-30.0,True,17
scale_f0.02,kc_delta,0,325,600,-600.0,False,41
scale_f0.02,kc_delta,0,326,17,-6.0,True,15
scale_f0.02,kc_delta,0,327,59,-48.0,True,16
scale_f0.02,kc_delta,0,328,11,0.0,True,7
scale_f0.02,kc_delta,0,329,247,-236.0,True,37
scale_f0.02,kc_delta,0,330,97,-86.0,True,30
scale_f0.02,kc_delta,0,331,52,-41.0,True,16
scale_f0.02,kc_delta,0,332,600,-600.0,False,52
scale_f0.02,kc_delta,0,333,59,-48.0,True,24
scale_f0.02,kc_delta,0,334,38,-27.0,True,21
scale_f0.02,kc_delta,0,335,458,-447.0,True,37
scale_f0.02,kc_delta,0,336,600,-600.0,False,53
scale_f0.02,kc_delta,0,337,22,-11.0,True,19
scale_f0.02,kc_delta,0,338,375,-364.0,True,39
scale_f0.02,kc_delta,0,339,10,1.0,True,10
scale_f0.02,kc_delta,0,340,14,-3.0,True,12
scale_f0.02,kc_delta,0,341,78,-67.0,True,21
scale_f0.02,kc_delta,0,342,28,-17.0,True,10
scale_f0.02,kc_delta,0,343,600,-600.0,False,54
scale_f0.02,kc_delta,0,344,59,-48.0,True,20
scale_f0.02,kc_delta,0,345,600,-600.0,False,45
scale_f0.02,kc_delta,0,346,600,-600.0,False,52
scale_f0.02,kc_delta,0,347,197,-186.0,True,31
scale_f0.02,kc_delta,0,348,600,-600.0,False,48
scale_f0.02,kc_delta,0,349,13,-2.0,True,12
scale_f0.02,kc_delta,0,350,600,-600.0,False,39
scale_f0.02,kc_delta,0,351,61,-50.0,True,23
scale_f0.02,kc_delta,0,352,60,-49.0,True,23
scale_f0.02,kc_delta,0,353,600,-600.0,False,53
scale_f0.02,kc_delta,0,354,600,-600.0,False,50
scale_f0.02,kc_delta,0,355,119,-108.0,True,25
scale_f0.02,kc_delta,0,356,46,-35.0,True,14
scale_f0.02,kc_delta,0,357,600,-600.0,False,44
scale_f0.02,kc_delta,0,358,600,-600.0,False,52
scale_f0.02,kc_delta,0,359,600,-600.0,False,53
scale_f0.02,kc_delta,0,360,216,-205.0,True,31
scale_f0.02,kc_delta,0,361,600,-600.0,False,49
scale_f0.02,kc_delta,0,362,600,-600.0,False,48
scale_f0.02,kc_delta,0,363,25,-14.0,True,17
scale_f0.02,kc_delta,0,364,600,-600.0,False,53
scale_f0.02,kc_delta,0,365,110,-99.0,True,20
scale_f0.02,kc_delta,0,366,21,-10.0,True,17
scale_f0.02,kc_delta,0,367,37,-26.0,True,15
scale_f0.02,kc_delta,0,368,600,-600.0,False,52
scale_f0.02,kc_delta,0,369,54,-43.0,True,24
scale_f0.02,kc_delta,0,370,147,-136.0,True,35
scale_f0.02,kc_delta,0,371,180,-169.0,True,29
scale_f0.02,kc_delta,0,372,36,-25.0,True,23
scale_f0.02,kc_delta,0,373,600,-600.0,False,58
scale_f0.02,kc_delta,0,374,92,-81.0,True,13
scale_f0.02,kc_delta,0,375,154,-143.0,True,37
scale_f0.02,kc_delta,0,376,600,-600.0,False,54
scale_f0.02,kc_delta,0,377,600,-600.0,False,51
scale_f0.02,kc_delta,0,378,99,-88.0,True,21
scale_f0.02,kc_delta,0,379,41,-30.0,True,19
scale_f0.02,kc_delta,0,380,137,-126.0,True,37
scale_f0.02,kc_delta,0,381,331,-320.0,True,39
scale_f0.02,kc_delta,0,382,165,-154.0,True,37
scale_f0.02,kc_delta,0,383,62,-51.0,True,33
scale_f0.02,kc_delta,0,384,8,3.0,True,8
scale_f0.02,kc_delta,0,385,47,-36.0,True,17
scale_f0.02,kc_delta,0,386,81,-70.0,True,25
scale_f0.02,kc_delta,0,387,59,-48.0,True,24
scale_f0.02,kc_delta,0,388,600,-600.0,False,51
scale_f0.02,kc_delta,0,389,65,-54.0,True,32
scale_f0.02,kc_delta,0,390,7,4.0,True,6
scale_f0.02,kc_delta,0,391,7,4.0,True,7
scale_f0.02,kc_delta,0,392,600,-600.0,False,48
scale_f0.02,kc_delta,0,393,87,-76.0,True,37
scale_f0.02,kc_delta,0,394,600,-600.0,False,47
scale_f0.02,kc_delta,0,395,107,-96.0,True,29
scale_f0.02,kc_delta,0,396,9,2.0,True,9
scale_f0.02,kc_delta,0,397,28,-17.0,True,24
scale_f0.02,kc_delta,0,398,176,-165.0,True,36
scale_f0.02,kc_delta,0,399,600,-600.0,False,50
scale_f0.02,kc_delta,0,400,54,-43.0,True,25
scale_f0.02,kc_delta,0,401,600,-600.0,False,46
scale_f0.02,kc_delta,0,402,29,-18.0,True,20
scale_f0.02,kc_delta,0,403,600,-600.0,False,52
scale_f0.02,kc_delta,0,404,223,-212.0,True,24
scale_f0.02,kc_delta,0,405,44,-33.0,True,26
scale_f0.02,kc_delta,0,406,207,-196.0,True,33
scale_f0.02,kc_delta,0,407,13,-2.0,True,12
scale_f0.02,kc_delta,0,408,54,-43.0,True,17
scale_f0.02,kc_delta,0,409,149,-138.0,True,29
scale_f0.02,kc_delta,0,410,31,-20.0,True,24
scale_f0.02,kc_delta,0,411,600,-600.0,False,56
scale_f0.02,kc_delta,0,412,600,-600.0,False,53
scale_f0.02,kc_delta,0,413,89,-78.0,True,24
scale_f0.02,kc_delta,0,414,90,-79.0,True,31
scale_f0.02,kc_delta,0,415,77,-66.0,True,26
scale_f0.02,kc_delta,0,416,600,-600.0,False,48
scale_f0.02,kc_delta,0,417,600,-600.0,False,39
scale_f0.02,kc_delta,0,418,600,-600.0,False,45
scale_f0.02,kc_delta,0,419,600,-600.0,False,51
scale_f0.02,kc_delta,0,420,600,-600.0,False,45
scale_f0.02,kc_delta,0,421,36,-25.0,True,21
scale_f0.02,kc_delta,0,422,354,-343.0,True,33
scale_f0.02,kc_delta,0,423,134,-123.0,True,26
scale_f0.02,kc_delta,0,424,600,-600.0,False,57
scale_f0.02,kc_delta,0,425,600,-600.0,False,39
scale_f0.02,kc_delta,0,426,85,-74.0,True,33
scale_f0.02,kc_delta,0,427,600,-600.0,False,48
scale_f0.02,kc_delta,0,428,63,-52.0,True,21
scale_f0.02,kc_delta,0,429,7,4.0,True,7
scale_f0.02,kc_delta,0,430,600,-600.0,False,41
scale_f0.02,kc_delta,0,431,28,-17.0,True,7
scale_f0.02,kc_delta,0,432,24,-13.0,True,13
scale_f0.02,kc_delta,0,433,600,-600.0,False,52
scale_f0.02,kc_delta,0,434,43,-32.0,True,23
scale_f0.02,kc_delta,0,435,65,-54.0,True,20
scale_f0.02,kc_delta,0,436,27,-16.0,True,13
scale_f0.02,kc_delta,0,437,7,4.0,True,7
scale_f0.02,kc_delta,0,438,39,-28.0,True,29
scale_f0.02,kc_delta,0,439,600,-600.0,False,43
scale_f0.02,kc_delta,0,440,600,-600.0,False,54
scale_f0.02,kc_delta,0,441,600,-600.0,False,40
scale_f0.02,kc_delta,0,442,123,-112.0,True,31
scale_f0.02,kc_delta,0,443,68,-57.0,True,12
scale_f0.02,kc_delta,0,444,600,-600.0,False,56
scale_f0.02,kc_delta,0,445,30,-19.0,True,8
scale_f0.02,kc_delta,0,446,51,-40.0,True,20
scale_f0.02,kc_delta,0,447,240,-229.0,True,38
scale_f0.02,kc_delta,0,448,15,-4.0,True,13
scale_f0.02,kc_delta,0,449,33,-22.0,True,18
scale_f0.02,kc_delta,0,450,7,4.0,True,7
scale_f0.02,kc_delta,0,451,600,-600.0,False,46
scale_f0.02,kc_delta,0,452,600,-600.0,False,54
scale_f0.02,kc_delta,0,453,87,-76.0,True,30
scale_f0.02,kc_delta,0,454,25,-14.0,True,17
scale_f0.02,kc_delta,0,455,600,-600.0,False,43
scale_f0.02,kc_delta,0,456,19,-8.0,True,14
scale_f0.02,kc_delta,0,457,18,-7.0,True,9
scale_f0.02,kc_delta,0,458,600,-600.0,False,34
scale_f0.02,kc_delta,0,459,17,-6.0,True,16
scale_f0.02,kc_delta,0,460,600,-600.0,False,45
scale_f0.02,kc_delta,0,461,16,-5.0,True,8
scale_f0.02,kc_delta,0,462,600,-600.0,False,54
scale_f0.02,kc_delta,0,463,12,-1.0,True,10
scale_f0.02,kc_delta,0,464,14,-3.0,True,10
scale_f0.02,kc_delta,0,465,600,-600.0,False,53
scale_f0.02,kc_delta,0,466,15,-4.0,True,13
scale_f0.02,kc_delta,0,467,20,-9.0,True,20
scale_f0.02,kc_delta,0,468,600,-600.0,False,47
scale_f0.02,kc_delta,0,469,600,-600.0,False,47
scale_f0.02,kc_delta,0,470,86,-75.0,True,31
scale_f0.02,kc_delta,0,471,10,1.0,True,10
scale_f0.02,kc_delta,0,472,600,-600.0,False,53
scale_f0.02,kc_delta,0,473,466,-455.0,True,34
scale_f0.02,kc_delta,0,474,19,-8.0,True,19
scale_f0.02,kc_delta,0,475,336,-325.0,True,26
scale_f0.02,kc_delta,0,476,53,-42.0,True,31
scale_f0.02,kc_delta,0,477,58,-47.0,True,13
scale_f0.02,kc_delta,0,478,600,-600.0,False,44
scale_f0.02,kc_delta,0,479,548,-537.0,True,38
scale_f0.02,kc_delta,0,480,31,-20.0,True,16
scale_f0.02,kc_delta,0,481,35,-24.0,True,23
scale_f0.02,kc_delta,0,482,600,-600.0,False,50
scale_f0.02,kc_delta,0,483,5,6.0,True,3
scale_f0.02,kc_delta,0,484,20,-9.0,True,13
scale_f0.02,kc_delta,0,485,600,-600.0,False,35
scale_f0.02,kc_delta,0,486,48,-37.0,True,16
scale_f0.02,kc_delta,0,487,600,-600.0,False,42
scale_f0.02,kc_delta,0,488,29,-18.0,True,16
scale_f0.02,kc_delta,0,489,600,-600.0,False,55
scale_f0.02,kc_delta,0,490,21,-10.0,True,20
scale_f0.02,kc_delta,0,491,600,-600.0,False,41
scale_f0.02,kc_delta,0,492,600,-600.0,False,53
scale_f0.02,kc_delta,0,493,600,-600.0,False,45
scale_f0.02,kc_delta,0,494,121,-110.0,True,27
scale_f0.02,kc_delta,0,495,51,-40.0,True,23
scale_f0.02,kc_delta,0,496,600,-600.0,False,52
scale_f0.02,kc_delta,0,497,600,-600.0,False,39
scale_f0.02,kc_delta,0,498,95,-84.0,True,33
scale_f0.02,kc_delta,0,499,24,-13.0,True,17
scale_f0.02,kc_delta,0,500,600,-600.0,False,51
scale_f0.02,kc_delta,0,501,13,-2.0,True,11
scale_f0.02,kc_delta,0,502,600,-600.0,False,54
scale_f0.02,kc_delta,0,503,6,5.0,True,6
scale_f0.02,kc_delta,0,504,8,3.0,True,7
scale_f0.02,kc_delta,0,505,27,-16.0,True,11
scale_f0.02,kc_delta,0,506,65,-54.0,True,22
scale_f0.02,kc_delta,0,507,283,-272.0,True,34
scale_f0.02,kc_delta,0,508,600,-600.0,False,51
scale_f0.02,kc_delta,0,509,600,-600.0,False,47
scale_f0.02,kc_delta,0,510,600,-600.0,False,53
scale_f0.02,kc_delta,0,511,600,-600.0,False,42
scale_f0.02,kc_delta,0,512,39,-28.0,True,21
scale_f0.02,kc_delta,0,513,72,-61.0,True,14
scale_f0.02,kc_delta,0,514,600,-600.0,False,56
scale_f0.02,kc_delta,0,515,600,-600.0,False,52
scale_f0.02,kc_delta,0,516,600,-600.0,False,50
scale_f0.02,kc_delta,0,517,325,-314.0,True,24
scale_f0.02,kc_delta,0,518,61,-50.0,True,22
scale_f0.02,kc_delta,0,519,8,3.0,True,7
scale_f0.02,kc_delta,0,520,53,-42.0,True,31
scale_f0.02,kc_delta,0,521,600,-600.0,False,46
scale_f0.02,kc_delta,0,522,7,4.0,True,7
scale_f0.02,kc_delta,0,523,63,-52.0,True,32
scale_f0.02,kc_delta,0,524,600,-600.0,False,50
scale_f0.02,kc_delta,0,525,600,-600.0,False,52
scale_f0.02,kc_delta,0,526,97,-86.0,True,24
scale_f0.02,kc_delta,0,527,600,-600.0,False,52
scale_f0.02,kc_delta,0,528,335,-324.0,True,25
scale_f0.02,kc_delta,0,529,600,-600.0,False,43
scale_f0.02,kc_delta,0,530,600,-600.0,False,55
scale_f0.02,kc_delta,0,531,600,-600.0,False,48
scale_f0.02,kc_delta,0,532,15,-4.0,True,11
scale_f0.02,kc_delta,0,533,89,-78.0,True,32
scale_f0.02,kc_delta,0,534,8,3.0,True,8
scale_f0.02,kc_delta,0,535,600,-600.0,False,40
scale_f0.02,kc_delta,0,536,600,-600.0,False,47
scale_f0.02,kc_delta,0,537,600,-600.0,False,46
scale_f0.02,kc_delta,0,538,73,-62.0,True,21
scale_f0.02,kc_delta,0,539,16,-5.0,True,15
scale_f0.02,kc_delta,0,540,49,-38.0,True,28
scale_f0.02,kc_delta,0,541,600,-600.0,False,53
scale_f0.02,kc_delta,0,542,81,-70.0,True,34
scale_f0.02,kc_delta,0,543,22,-11.0,True,20
scale_f0.02,kc_delta,0,544,600,-600.0,False,49
scale_f0.02,kc_delta,0,545,600,-600.0,False,44
scale_f0.02,kc_delta,0,546,52,-41.0,True,23
scale_f0.02,kc_delta,0,547,600,-600.0,False,49
scale_f0.02,kc_delta,0,548,600,-600.0,False,53
scale_f0.02,kc_delta,0,549,67,-56.0,True,26
scale_f0.02,kc_delta,0,550,9,2.0,True,9
scale_f0.02,kc_delta,0,551,600,-600.0,False,43
scale_f0.02,kc_delta,0,552,600,-600.0,False,56
scale_f0.02,kc_delta,0,553,600,-600.0,False,42
scale_f0.02,kc_delta,0,554,600,-600.0,False,46
scale_f0.02,kc_delta,0,555,600,-600.0,False,44
scale_f0.02,kc_delta,0,556,29,-18.0,True,12
scale_f0.02,kc_delta,0,557,56,-45.0,True,25
scale_f0.02,kc_delta,0,558,600,-600.0,False,38
scale_f0.02,kc_delta,0,559,89,-78.0,True,35
scale_f0.02,kc_delta,0,560,600,-600.0,False,52
scale_f0.02,kc_delta,0,561,600,-600.0,False,43
scale_f0.02,kc_delta,0,562,168,-157.0,True,33
scale_f0.02,kc_delta,0,563,600,-600.0,False,53
scale_f0.02,kc_delta,0,564,600,-600.0,False,40
scale_f0.02,kc_delta,0,565,410,-399.0,True,35
scale_f0.02,kc_delta,0,566,92,-81.0,True,29
scale_f0.02,kc_delta,0,567,600,-600.0,False,51
scale_f0.02,kc_delta,0,568,50,-39.0,True,27
scale_f0.02,kc_delta,0,569,30,-19.0,True,17
scale_f0.02,kc_delta,0,570,98,-87.0,True,26
scale_f0.02,kc_delta,0,571,9,2.0,True,8
scale_f0.02,kc_delta,0,572,16,-5.0,True,14
scale_f0.02,kc_delta,0,573,60,-49.0,True,30
scale_f0.02,kc_delta,0,574,600,-600.0,False,45
scale_f0.02,kc_delta,0,575,47,-36.0,True,14
scale_f0.02,kc_delta,0,576,600,-600.0,False,48
scale_f0.02,kc_delta,0,577,302,-291.0,True,36
scale_f0.02,kc_delta,0,578,15,-4.0,True,14
scale_f0.02,kc_delta,0,579,600,-600.0,False,40
scale_f0.02,kc_delta,0,580,20,-9.0,True,14
scale_f0.02,kc_delta,0,581,48,-37.0,True,21
scale_f0.02,kc_delta,0,582,33,-22.0,True,26
scale_f0.02,kc_delta,0,583,600,-600.0,False,44
scale_f0.02,kc_delta,0,584,600,-600.0,False,42
scale_f0.02,kc_delta,0,585,600,-600.0,False,38
scale_f0.02,kc_delta,0,586,600,-600.0,False,50
scale_f0.02,kc_delta,0,587,600,-600.0,False,43
scale_f0.02,kc_delta,0,588,65,-54.0,True,33
scale_f0.02,kc_delta,0,589,600,-600.0,False,47
scale_f0.02,kc_delta,0,590,483,-472.0,True,39
scale_f0.02,kc_delta,0,591,47,-36.0,True,29
scale_f0.02,kc_delta,0,592,600,-600.0,False,45
scale_f0.02,kc_delta,0,593,19,-8.0,True,12
scale_f0.02,kc_delta,0,594,138,-127.0,True,24
scale_f0.02,kc_delta,0,595,600,-600.0,False,47
scale_f0.02,kc_delta,0,596,10,1.0,True,10
scale_f0.02,kc_delta,0,597,2,9.0,True,2
scale_f0.02,kc_delta,0,598,35,-24.0,True,19
scale_f0.02,kc_delta,0,599,600,-600.0,False,41
scale_f0.02,rand_delta,0,0,600,-600.0,False,45
scale_f0.02,rand_delta,0,1,600,-600.0,False,46
scale_f0.02,rand_delta,0,2,600,-600.0,False,22
scale_f0.02,rand_delta,0,3,525,-514.0,True,19
scale_f0.02,rand_delta,0,4,93,-82.0,True,11
scale_f0.02,rand_delta,0,5,488,-477.0,True,22
scale_f0.02,rand_delta,0,6,600,-600.0,False,43
scale_f0.02,rand_delta,0,7,600,-600.0,False,45
scale_f0.02,rand_delta,0,8,195,-184.0,True,22
scale_f0.02,rand_delta,0,9,301,-290.0,True,46
scale_f0.02,rand_delta,0,10,112,-101.0,True,35
scale_f0.02,rand_delta,0,11,600,-600.0,False,49
scale_f0.02,rand_delta,0,12,134,-123.0,True,23
scale_f0.02,rand_delta,0,13,247,-236.0,True,28
scale_f0.02,rand_delta,0,14,600,-589.0,True,47
scale_f0.02,rand_delta,0,15,17,-6.0,True,17
scale_f0.02,rand_delta,0,16,600,-600.0,False,52
scale_f0.02,rand_delta,0,17,102,-91.0,True,26
scale_f0.02,rand_delta,0,18,600,-600.0,False,54
scale_f0.02,rand_delta,0,19,18,-7.0,True,12
scale_f0.02,rand_delta,0,20,600,-600.0,False,55
scale_f0.02,rand_delta,0,21,118,-107.0,True,25
scale_f0.02,rand_delta,0,22,58,-47.0,True,10
scale_f0.02,rand_delta,0,23,377,-366.0,True,34
scale_f0.02,rand_delta,0,24,10,1.0,True,8
scale_f0.02,rand_delta,0,25,600,-600.0,False,51
scale_f0.02,rand_delta,0,26,600,-600.0,False,48
scale_f0.02,rand_delta,0,27,6,5.0,True,6
scale_f0.02,rand_delta,0,28,161,-150.0,True,36
scale_f0.02,rand_delta,0,29,19,-8.0,True,18
scale_f0.02,rand_delta,0,30,600,-600.0,False,52
scale_f0.02,rand_delta,0,31,387,-376.0,True,28
scale_f0.02,rand_delta,0,32,477,-466.0,True,44
scale_f0.02,rand_delta,0,33,600,-600.0,False,45
scale_f0.02,rand_delta,0,34,48,-37.0,True,27
scale_f0.02,rand_delta,0,35,429,-418.0,True,50
scale_f0.02,rand_delta,0,36,21,-10.0,True,20
scale_f0.02,rand_delta,0,37,20,-9.0,True,20
scale_f0.02,rand_delta,0,38,141,-130.0,True,26
scale_f0.02,rand_delta,0,39,132,-121.0,True,31
scale_f0.02,rand_delta,0,40,25,-14.0,True,24
scale_f0.02,rand_delta,0,41,9,2.0,True,8
scale_f0.02,rand_delta,0,42,33,-22.0,True,21
scale_f0.02,rand_delta,0,43,600,-600.0,False,37
scale_f0.02,rand_delta,0,44,600,-600.0,False,51
scale_f0.02,rand_delta,0,45,600,-600.0,False,51
scale_f0.02,rand_delta,0,46,16,-5.0,True,13
scale_f0.02,rand_delta,0,47,128,-117.0,True,26
scale_f0.02,rand_delta,0,48,61,-50.0,True,31
scale_f0.02,rand_delta,0,49,600,-600.0,False,44
scale_f0.02,rand_delta,0,50,24,-13.0,True,22
scale_f0.02,rand_delta,0,51,600,-600.0,False,53
scale_f0.02,rand_delta,0,52,5,6.0,True,5
scale_f0.02,rand_delta,0,53,541,-530.0,True,36
scale_f0.02,rand_delta,0,54,600,-600.0,False,52
scale_f0.02,rand_delta,0,55,45,-34.0,True,40
scale_f0.02,rand_delta,0,56,600,-600.0,False,48
scale_f0.02,rand_delta,0,57,62,-51.0,True,29
scale_f0.02,rand_delta,0,58,600,-600.0,False,44
scale_f0.02,rand_delta,0,59,600,-600.0,False,49
scale_f0.02,rand_delta,0,60,600,-600.0,False,33
scale_f0.02,rand_delta,0,61,600,-600.0,False,44
scale_f0.02,rand_delta,0,62,555,-544.0,True,50
scale_f0.02,rand_delta,0,63,35,-24.0,True,33
scale_f0.02,rand_delta,0,64,45,-34.0,True,20
scale_f0.02,rand_delta,0,65,14,-3.0,True,13
scale_f0.02,rand_delta,0,66,13,-2.0,True,13
scale_f0.02,rand_delta,0,67,600,-600.0,False,46
scale_f0.02,rand_delta,0,68,38,-27.0,True,25
scale_f0.02,rand_delta,0,69,600,-600.0,False,45
scale_f0.02,rand_delta,0,70,600,-600.0,False,46
scale_f0.02,rand_delta,0,71,600,-600.0,False,55
scale_f0.02,rand_delta,0,72,600,-600.0,False,39
scale_f0.02,rand_delta,0,73,600,-600.0,False,56
scale_f0.02,rand_delta,0,74,600,-600.0,False,50
scale_f0.02,rand_delta,0,75,22,-11.0,True,21
scale_f0.02,rand_delta,0,76,30,-19.0,True,13
scale_f0.02,rand_delta,0,77,600,-600.0,False,47
scale_f0.02,rand_delta,0,78,600,-600.0,False,43
scale_f0.02,rand_delta,0,79,195,-184.0,True,25
scale_f0.02,rand_delta,0,80,22,-11.0,True,20
scale_f0.02,rand_delta,0,81,21,-10.0,True,21
scale_f0.02,rand_delta,0,82,18,-7.0,True,18
scale_f0.02,rand_delta,0,83,600,-600.0,False,54
scale_f0.02,rand_delta,0,84,600,-600.0,False,53
scale_f0.02,rand_delta,0,85,42,-31.0,True,35
scale_f0.02,rand_delta,0,86,600,-600.0,False,47
scale_f0.02,rand_delta,0,87,600,-600.0,False,43
scale_f0.02,rand_delta,0,88,30,-19.0,True,19
scale_f0.02,rand_delta,0,89,24,-13.0,True,21
scale_f0.02,rand_delta,0,90,19,-8.0,True,19
scale_f0.02,rand_delta,0,91,30,-19.0,True,29
scale_f0.02,rand_delta,0,92,19,-8.0,True,19
scale_f0.02,rand_delta,0,93,600,-600.0,False,52
scale_f0.02,rand_delta,0,94,168,-157.0,True,44
scale_f0.02,rand_delta,0,95,20,-9.0,True,20
scale_f0.02,rand_delta,0,96,31,-20.0,True,26
scale_f0.02,rand_delta,0,97,27,-16.0,True,24
scale_f0.02,rand_delta,0,98,600,-600.0,False,42
scale_f0.02,rand_delta,0,99,600,-600.0,False,40
scale_f0.02,rand_delta,0,100,600,-600.0,False,55
scale_f0.02,rand_delta,0,101,25,-14.0,True,19
scale_f0.02,rand_delta,0,102,3,8.0,True,3
scale_f0.02,rand_delta,0,103,600,-600.0,False,51
scale_f0.02,rand_delta,0,104,600,-600.0,False,45
scale_f0.02,rand_delta,0,105,12,-1.0,True,4
scale_f0.02,rand_delta,0,106,43,-32.0,True,35
scale_f0.02,rand_delta,0,107,600,-600.0,False,57
scale_f0.02,rand_delta,0,108,600,-600.0,False,56
scale_f0.02,rand_delta,0,109,454,-443.0,True,47
scale_f0.02,rand_delta,0,110,39,-28.0,True,28
scale_f0.02,rand_delta,0,111,600,-600.0,False,43
scale_f0.02,rand_delta,0,112,600,-600.0,False,54
scale_f0.02,rand_delta,0,113,97,-86.0,True,33
scale_f0.02,rand_delta,0,114,600,-600.0,False,37
scale_f0.02,rand_delta,0,115,42,-31.0,True,26
scale_f0.02,rand_delta,0,116,600,-600.0,False,38
scale_f0.02,rand_delta,0,117,600,-600.0,False,52
scale_f0.02,rand_delta,0,118,600,-600.0,False,46
scale_f0.02,rand_delta,0,119,600,-600.0,False,32
scale_f0.02,rand_delta,0,120,132,-121.0,True,32
scale_f0.02,rand_delta,0,121,160,-149.0,True,42
scale_f0.02,rand_delta,0,122,600,-600.0,False,51
scale_f0.02,rand_delta,0,123,58,-47.0,True,18
scale_f0.02,rand_delta,0,124,173,-162.0,True,40
scale_f0.02,rand_delta,0,125,600,-600.0,False,48
scale_f0.02,rand_delta,0,126,42,-31.0,True,34
scale_f0.02,rand_delta,0,127,600,-600.0,False,56
scale_f0.02,rand_delta,0,128,600,-600.0,False,44
scale_f0.02,rand_delta,0,129,600,-600.0,False,51
scale_f0.02,rand_delta,0,130,70,-59.0,True,23
scale_f0.02,rand_delta,0,131,8,3.0,True,7
scale_f0.02,rand_delta,0,132,63,-52.0,True,34
scale_f0.02,rand_delta,0,133,42,-31.0,True,29
scale_f0.02,rand_delta,0,134,43,-32.0,True,26
scale_f0.02,rand_delta,0,135,109,-98.0,True,26
scale_f0.02,rand_delta,0,136,36,-25.0,True,20
scale_f0.02,rand_delta,0,137,35,-24.0,True,26
scale_f0.02,rand_delta,0,138,600,-600.0,False,49
scale_f0.02,rand_delta,0,139,50,-39.0,True,40
scale_f0.02,rand_delta,0,140,43,-32.0,True,37
scale_f0.02,rand_delta,0,141,600,-600.0,False,51
scale_f0.02,rand_delta,0,142,600,-600.0,False,38
scale_f0.02,rand_delta,0,143,445,-434.0,True,44
scale_f0.02,rand_delta,0,144,600,-600.0,False,44
scale_f0.02,rand_delta,0,145,49,-38.0,True,34
scale_f0.02,rand_delta,0,146,37,-26.0,True,21
scale_f0.02,rand_delta,0,147,600,-600.0,False,39
scale_f0.02,rand_delta,0,148,32,-21.0,True,20
scale_f0.02,rand_delta,0,149,600,-600.0,False,38
scale_f0.02,rand_delta,0,150,28,-17.0,True,20
scale_f0.02,rand_delta,0,151,600,-600.0,False,53
scale_f0.02,rand_delta,0,152,35,-24.0,True,17
scale_f0.02,rand_delta,0,153,18,-7.0,True,13
scale_f0.02,rand_delta,0,154,600,-600.0,False,45
scale_f0.02,rand_delta,0,155,32,-21.0,True,23
scale_f0.02,rand_delta,0,156,33,-22.0,True,20
scale_f0.02,rand_delta,0,157,40,-29.0,True,22
scale_f0.02,rand_delta,0,158,47,-36.0,True,33
scale_f0.02,rand_delta,0,159,189,-178.0,True,35
scale_f0.02,rand_delta,0,160,38,-27.0,True,34
scale_f0.02,rand_delta,0,161,600,-600.0,False,51
scale_f0.02,rand_delta,0,162,2,9.0,True,2
scale_f0.02,rand_delta,0,163,9,2.0,True,4
scale_f0.02,rand_delta,0,164,600,-600.0,False,51
scale_f0.02,rand_delta,0,165,600,-600.0,False,56
scale_f0.02,rand_delta,0,166,66,-55.0,True,25
scale_f0.02,rand_delta,0,167,600,-600.0,False,49
scale_f0.02,rand_delta,0,168,35,-24.0,True,24
scale_f0.02,rand_delta,0,169,185,-174.0,True,33
scale_f0.02,rand_delta,0,170,52,-41.0,True,39
scale_f0.02,rand_delta,0,171,103,-92.0,True,19
scale_f0.02,rand_delta,0,172,12,-1.0,True,10
scale_f0.02,rand_delta,0,173,40,-29.0,True,26
scale_f0.02,rand_delta,0,174,600,-600.0,False,43
scale_f0.02,rand_delta,0,175,600,-600.0,False,45
scale_f0.02,rand_delta,0,176,51,-40.0,True,24
scale_f0.02,rand_delta,0,177,600,-600.0,False,51
scale_f0.02,rand_delta,0,178,600,-600.0,False,54
scale_f0.02,rand_delta,0,179,600,-600.0,False,46
scale_f0.02,rand_delta,0,180,600,-600.0,False,46
scale_f0.02,rand_delta,0,181,27,-16.0,True,18
scale_f0.02,rand_delta,0,182,68,-57.0,True,37
scale_f0.02,rand_delta,0,183,600,-600.0,False,53
scale_f0.02,rand_delta,0,184,47,-36.0,True,20
scale_f0.02,rand_delta,0,185,600,-600.0,False,42
scale_f0.02,rand_delta,0,186,48,-37.0,True,36
scale_f0.02,rand_delta,0,187,17,-6.0,True,12
scale_f0.02,rand_delta,0,188,600,-600.0,False,59
scale_f0.02,rand_delta,0,189,600,-600.0,False,53
scale_f0.02,rand_delta,0,190,600,-600.0,False,37
scale_f0.02,rand_delta,0,191,113,-102.0,True,32
scale_f0.02,rand_delta,0,192,20,-9.0,True,15
scale_f0.02,rand_delta,0,193,600,-600.0,False,56
scale_f0.02,rand_delta,0,194,600,-600.0,False,41
scale_f0.02,rand_delta,0,195,60,-49.0,True,26
scale_f0.02,rand_delta,0,196,600,-600.0,False,45
scale_f0.02,rand_delta,0,197,72,-61.0,True,24
scale_f0.02,rand_delta,0,198,31,-20.0,True,17
scale_f0.02,rand_delta,0,199,87,-76.0,True,28
scale_f0.02,rand_delta,0,200,600,-600.0,False,53
scale_f0.02,rand_delta,0,201,600,-600.0,False,43
scale_f0.02,rand_delta,0,202,600,-600.0,False,41
scale_f0.02,rand_delta,0,203,71,-60.0,True,21
scale_f0.02,rand_delta,0,204,600,-600.0,False,44
scale_f0.02,rand_delta,0,205,600,-600.0,False,54
scale_f0.02,rand_delta,0,206,67,-56.0,True,26
scale_f0.02,rand_delta,0,207,181,-170.0,True,36
scale_f0.02,rand_delta,0,208,600,-600.0,False,42
scale_f0.02,rand_delta,0,209,600,-600.0,False,53
scale_f0.02,rand_delta,0,210,600,-600.0,False,54
scale_f0.02,rand_delta,0,211,27,-16.0,True,13
scale_f0.02,rand_delta,0,212,34,-23.0,True,24
scale_f0.02,rand_delta,0,213,42,-31.0,True,36
scale_f0.02,rand_delta,0,214,32,-21.0,True,19
scale_f0.02,rand_delta,0,215,600,-600.0,False,37
scale_f0.02,rand_delta,0,216,600,-600.0,False,42
scale_f0.02,rand_delta,0,217,82,-71.0,True,19
scale_f0.02,rand_delta,0,218,600,-600.0,False,42
scale_f0.02,rand_delta,0,219,364,-353.0,True,33
scale_f0.02,rand_delta,0,220,600,-600.0,False,54
scale_f0.02,rand_delta,0,221,9,2.0,True,4
scale_f0.02,rand_delta,0,222,600,-600.0,False,55
scale_f0.02,rand_delta,0,223,600,-600.0,False,40
scale_f0.02,rand_delta,0,224,600,-600.0,False,38
scale_f0.02,rand_delta,0,225,170,-159.0,True,37
scale_f0.02,rand_delta,0,226,600,-600.0,False,46
scale_f0.02,rand_delta,0,227,30,-19.0,True,22
scale_f0.02,rand_delta,0,228,600,-600.0,False,53
scale_f0.02,rand_delta,0,229,600,-600.0,False,44
scale_f0.02,rand_delta,0,230,600,-600.0,False,47
scale_f0.02,rand_delta,0,231,53,-42.0,True,25
scale_f0.02,rand_delta,0,232,30,-19.0,True,12
scale_f0.02,rand_delta,0,233,600,-600.0,False,45
scale_f0.02,rand_delta,0,234,600,-600.0,False,40
scale_f0.02,rand_delta,0,235,24,-13.0,True,13
scale_f0.02,rand_delta,0,236,33,-22.0,True,29
scale_f0.02,rand_delta,0,237,33,-22.0,True,25
scale_f0.02,rand_delta,0,238,600,-600.0,False,54
scale_f0.02,rand_delta,0,239,600,-600.0,False,48
scale_f0.02,rand_delta,0,240,254,-243.0,True,32
scale_f0.02,rand_delta,0,241,600,-600.0,False,37
scale_f0.02,rand_delta,0,242,600,-600.0,False,56
scale_f0.02,rand_delta,0,243,44,-33.0,True,32
scale_f0.02,rand_delta,0,244,13,-2.0,True,11
scale_f0.02,rand_delta,0,245,600,-600.0,False,43
scale_f0.02,rand_delta,0,246,48,-37.0,True,34
scale_f0.02,rand_delta,0,247,42,-31.0,True,34
scale_f0.02,rand_delta,0,248,600,-600.0,False,52
scale_f0.02,rand_delta,0,249,91,-80.0,True,28
scale_f0.02,rand_delta,0,250,600,-600.0,False,45
scale_f0.02,rand_delta,0,251,51,-40.0,True,27
scale_f0.02,rand_delta,0,252,600,-600.0,False,41
scale_f0.02,rand_delta,0,253,600,-600.0,False,56
scale_f0.02,rand_delta,0,254,600,-600.0,False,45
scale_f0.02,rand_delta,0,255,600,-600.0,False,42
scale_f0.02,rand_delta,0,256,39,-28.0,True,24
scale_f0.02,rand_delta,0,257,600,-600.0,False,46
scale_f0.02,rand_delta,0,258,48,-37.0,True,33
scale_f0.02,rand_delta,0,259,600,-600.0,False,41
scale_f0.02,rand_delta,0,260,600,-600.0,False,49
scale_f0.02,rand_delta,0,261,74,-63.0,True,29
scale_f0.02,rand_delta,0,262,11,0.0,True,7
scale_f0.02,rand_delta,0,263,24,-13.0,True,18
scale_f0.02,rand_delta,0,264,6,5.0,True,6
scale_f0.02,rand_delta,0,265,23,-12.0,True,17
scale_f0.02,rand_delta,0,266,118,-107.0,True,39
scale_f0.02,rand_delta,0,267,43,-32.0,True,34
scale_f0.02,rand_delta,0,268,26,-15.0,True,18
scale_f0.02,rand_delta,0,269,600,-600.0,False,49
scale_f0.02,rand_delta,0,270,600,-600.0,False,47
scale_f0.02,rand_delta,0,271,62,-51.0,True,22
scale_f0.02,rand_delta,0,272,37,-26.0,True,23
scale_f0.02,rand_delta,0,273,600,-600.0,False,51
scale_f0.02,rand_delta,0,274,20,-9.0,True,11
scale_f0.02,rand_delta,0,275,32,-21.0,True,14
scale_f0.02,rand_delta,0,276,600,-600.0,False,41
scale_f0.02,rand_delta,0,277,34,-23.0,True,22
scale_f0.02,rand_delta,0,278,221,-210.0,True,35
scale_f0.02,rand_delta,0,279,600,-600.0,False,49
scale_f0.02,rand_delta,0,280,600,-600.0,False,54
scale_f0.02,rand_delta,0,281,30,-19.0,True,20
scale_f0.02,rand_delta,0,282,600,-600.0,False,50
scale_f0.02,rand_delta,0,283,26,-15.0,True,16
scale_f0.02,rand_delta,0,284,9,2.0,True,8
scale_f0.02,rand_delta,0,285,34,-23.0,True,17
scale_f0.02,rand_delta,0,286,600,-600.0,False,45
scale_f0.02,rand_delta,0,287,21,-10.0,True,12
scale_f0.02,rand_delta,0,288,600,-600.0,False,54
scale_f0.02,rand_delta,0,289,68,-57.0,True,24
scale_f0.02,rand_delta,0,290,36,-25.0,True,20
scale_f0.02,rand_delta,0,291,600,-600.0,False,51
scale_f0.02,rand_delta,0,292,53,-42.0,True,21
scale_f0.02,rand_delta,0,293,600,-600.0,False,53
scale_f0.02,rand_delta,0,294,600,-600.0,False,54
scale_f0.02,rand_delta,0,295,600,-600.0,False,48
scale_f0.02,rand_delta,0,296,118,-107.0,True,14
scale_f0.02,rand_delta,0,297,18,-7.0,True,12
scale_f0.02,rand_delta,0,298,17,-6.0,True,6
scale_f0.02,rand_delta,0,299,14,-3.0,True,13
scale_f0.02,rand_delta,0,300,2,9.0,True,2
scale_f0.02,rand_delta,0,301,46,-35.0,True,36
scale_f0.02,rand_delta,0,302,37,-26.0,True,28
scale_f0.02,rand_delta,0,303,600,-600.0,False,47
scale_f0.02,rand_delta,0,304,600,-600.0,False,44
scale_f0.02,rand_delta,0,305,24,-13.0,True,18
scale_f0.02,rand_delta,0,306,42,-31.0,True,32
scale_f0.02,rand_delta,0,307,33,-22.0,True,24
scale_f0.02,rand_delta,0,308,600,-600.0,False,46
scale_f0.02,rand_delta,0,309,67,-56.0,True,26
scale_f0.02,rand_delta,0,310,61,-50.0,True,36
scale_f0.02,rand_delta,0,311,17,-6.0,True,10
scale_f0.02,rand_delta,0,312,600,-600.0,False,52
scale_f0.02,rand_delta,0,313,33,-22.0,True,19
scale_f0.02,rand_delta,0,314,461,-450.0,True,38
scale_f0.02,rand_delta,0,315,426,-415.0,True,46
scale_f0.02,rand_delta,0,316,600,-600.0,False,52
scale_f0.02,rand_delta,0,317,600,-600.0,False,49
scale_f0.02,rand_delta,0,318,21,-10.0,True,7
scale_f0.02,rand_delta,0,319,54,-43.0,True,22
scale_f0.02,rand_delta,0,320,28,-17.0,True,22
scale_f0.02,rand_delta,0,321,25,-14.0,True,21
scale_f0.02,rand_delta,0,322,42,-31.0,True,25
scale_f0.02,rand_delta,0,323,600,-600.0,False,53
scale_f0.02,rand_delta,0,324,30,-19.0,True,17
scale_f0.02,rand_delta,0,325,600,-600.0,False,41
scale_f0.02,rand_delta,0,326,16,-5.0,True,15
scale_f0.02,rand_delta,0,327,25,-14.0,True,16
scale_f0.02,rand_delta,0,328,7,4.0,True,7
scale_f0.02,rand_delta,0,329,600,-600.0,False,37
scale_f0.02,rand_delta,0,330,46,-35.0,True,30
scale_f0.02,rand_delta,0,331,20,-9.0,True,16
scale_f0.02,rand_delta,0,332,600,-600.0,False,52
scale_f0.02,rand_delta,0,333,32,-21.0,True,24
scale_f0.02,rand_delta,0,334,57,-46.0,True,21
scale_f0.02,rand_delta,0,335,50,-39.0,True,37
scale_f0.02,rand_delta,0,336,600,-600.0,False,53
scale_f0.02,rand_delta,0,337,27,-16.0,True,19
scale_f0.02,rand_delta,0,338,276,-265.0,True,39
scale_f0.02,rand_delta,0,339,10,1.0,True,10
scale_f0.02,rand_delta,0,340,12,-1.0,True,12
scale_f0.02,rand_delta,0,341,35,-24.0,True,21
scale_f0.02,rand_delta,0,342,15,-4.0,True,10
scale_f0.02,rand_delta,0,343,600,-600.0,False,54
scale_f0.02,rand_delta,0,344,32,-21.0,True,20
scale_f0.02,rand_delta,0,345,600,-600.0,False,45
scale_f0.02,rand_delta,0,346,600,-600.0,False,52
scale_f0.02,rand_delta,0,347,61,-50.0,True,31
scale_f0.02,rand_delta,0,348,600,-600.0,False,48
scale_f0.02,rand_delta,0,349,22,-11.0,True,12
scale_f0.02,rand_delta,0,350,50,-39.0,True,39
scale_f0.02,rand_delta,0,351,24,-13.0,True,23
scale_f0.02,rand_delta,0,352,24,-13.0,True,23
scale_f0.02,rand_delta,0,353,600,-600.0,False,53
scale_f0.02,rand_delta,0,354,600,-600.0,False,50
scale_f0.02,rand_delta,0,355,37,-26.0,True,25
scale_f0.02,rand_delta,0,356,27,-16.0,True,14
scale_f0.02,rand_delta,0,357,600,-600.0,False,44
scale_f0.02,rand_delta,0,358,600,-600.0,False,52
scale_f0.02,rand_delta,0,359,600,-600.0,False,53
scale_f0.02,rand_delta,0,360,51,-40.0,True,31
scale_f0.02,rand_delta,0,361,600,-600.0,False,49
scale_f0.02,rand_delta,0,362,600,-600.0,False,48
scale_f0.02,rand_delta,0,363,63,-52.0,True,17
scale_f0.02,rand_delta,0,364,600,-600.0,False,53
scale_f0.02,rand_delta,0,365,82,-71.0,True,20
scale_f0.02,rand_delta,0,366,25,-14.0,True,17
scale_f0.02,rand_delta,0,367,38,-27.0,True,15
scale_f0.02,rand_delta,0,368,600,-600.0,False,52
scale_f0.02,rand_delta,0,369,51,-40.0,True,24
scale_f0.02,rand_delta,0,370,50,-39.0,True,35
scale_f0.02,rand_delta,0,371,39,-28.0,True,29
scale_f0.02,rand_delta,0,372,29,-18.0,True,23
scale_f0.02,rand_delta,0,373,600,-600.0,False,58
scale_f0.02,rand_delta,0,374,28,-17.0,True,13
scale_f0.02,rand_delta,0,375,44,-33.0,True,37
scale_f0.02,rand_delta,0,376,600,-600.0,False,54
scale_f0.02,rand_delta,0,377,600,-600.0,False,51
scale_f0.02,rand_delta,0,378,52,-41.0,True,21
scale_f0.02,rand_delta,0,379,31,-20.0,True,19
scale_f0.02,rand_delta,0,380,60,-49.0,True,37
scale_f0.02,rand_delta,0,381,261,-250.0,True,39
scale_f0.02,rand_delta,0,382,59,-48.0,True,37
scale_f0.02,rand_delta,0,383,43,-32.0,True,33
scale_f0.02,rand_delta,0,384,8,3.0,True,8
scale_f0.02,rand_delta,0,385,21,-10.0,True,17
scale_f0.02,rand_delta,0,386,31,-20.0,True,25
scale_f0.02,rand_delta,0,387,66,-55.0,True,24
scale_f0.02,rand_delta,0,388,600,-600.0,False,51
scale_f0.02,rand_delta,0,389,41,-30.0,True,32
scale_f0.02,rand_delta,0,390,10,1.0,True,6
scale_f0.02,rand_delta,0,391,10,1.0,True,7
scale_f0.02,rand_delta,0,392,600,-600.0,False,48
scale_f0.02,rand_delta,0,393,76,-65.0,True,37
scale_f0.02,rand_delta,0,394,600,-600.0,False,47
scale_f0.02,rand_delta,0,395,36,-25.0,True,29
scale_f0.02,rand_delta,0,396,10,1.0,True,9
scale_f0.02,rand_delta,0,397,45,-34.0,True,24
scale_f0.02,rand_delta,0,398,39,-28.0,True,36
scale_f0.02,rand_delta,0,399,600,-600.0,False,50
scale_f0.02,rand_delta,0,400,29,-18.0,True,25
scale_f0.02,rand_delta,0,401,600,-600.0,False,46
scale_f0.02,rand_delta,0,402,24,-13.0,True,20
scale_f0.02,rand_delta,0,403,600,-600.0,False,52
scale_f0.02,rand_delta,0,404,61,-50.0,True,24
scale_f0.02,rand_delta,0,405,33,-22.0,True,26
scale_f0.02,rand_delta,0,406,34,-23.0,True,33
scale_f0.02,rand_delta,0,407,14,-3.0,True,12
scale_f0.02,rand_delta,0,408,42,-31.0,True,17
scale_f0.02,rand_delta,0,409,40,-29.0,True,29
scale_f0.02,rand_delta,0,410,30,-19.0,True,24
scale_f0.02,rand_delta,0,411,600,-600.0,False,56
scale_f0.02,rand_delta,0,412,600,-600.0,False,53
scale_f0.02,rand_delta,0,413,36,-25.0,True,24
scale_f0.02,rand_delta,0,414,46,-35.0,True,31
scale_f0.02,rand_delta,0,415,36,-25.0,True,26
scale_f0.02,rand_delta,0,416,600,-600.0,False,48
scale_f0.02,rand_delta,0,417,41,-30.0,True,39
scale_f0.02,rand_delta,0,418,600,-600.0,False,45
scale_f0.02,rand_delta,0,419,600,-600.0,False,51
scale_f0.02,rand_delta,0,420,600,-600.0,False,45
scale_f0.02,rand_delta,0,421,30,-19.0,True,21
scale_f0.02,rand_delta,0,422,104,-93.0,True,33
scale_f0.02,rand_delta,0,423,34,-23.0,True,26
scale_f0.02,rand_delta,0,424,600,-600.0,False,57
scale_f0.02,rand_delta,0,425,60,-49.0,True,39
scale_f0.02,rand_delta,0,426,66,-55.0,True,33
scale_f0.02,rand_delta,0,427,600,-600.0,False,48
scale_f0.02,rand_delta,0,428,33,-22.0,True,21
scale_f0.02,rand_delta,0,429,7,4.0,True,7
scale_f0.02,rand_delta,0,430,600,-600.0,False,41
scale_f0.02,rand_delta,0,431,8,3.0,True,7
scale_f0.02,rand_delta,0,432,14,-3.0,True,13
scale_f0.02,rand_delta,0,433,600,-600.0,False,52
scale_f0.02,rand_delta,0,434,23,-12.0,True,23
scale_f0.02,rand_delta,0,435,45,-34.0,True,20
scale_f0.02,rand_delta,0,436,13,-2.0,True,13
scale_f0.02,rand_delta,0,437,7,4.0,True,7
scale_f0.02,rand_delta,0,438,39,-28.0,True,29
scale_f0.02,rand_delta,0,439,600,-600.0,False,43
scale_f0.02,rand_delta,0,440,600,-600.0,False,54
scale_f0.02,rand_delta,0,441,600,-600.0,False,40
scale_f0.02,rand_delta,0,442,35,-24.0,True,31
scale_f0.02,rand_delta,0,443,34,-23.0,True,12
scale_f0.02,rand_delta,0,444,600,-600.0,False,56
scale_f0.02,rand_delta,0,445,8,3.0,True,8
scale_f0.02,rand_delta,0,446,42,-31.0,True,20
scale_f0.02,rand_delta,0,447,600,-600.0,False,38
scale_f0.02,rand_delta,0,448,14,-3.0,True,13
scale_f0.02,rand_delta,0,449,31,-20.0,True,18
scale_f0.02,rand_delta,0,450,7,4.0,True,7
scale_f0.02,rand_delta,0,451,600,-600.0,False,46
scale_f0.02,rand_delta,0,452,600,-600.0,False,54
scale_f0.02,rand_delta,0,453,36,-25.0,True,30
scale_f0.02,rand_delta,0,454,24,-13.0,True,17
scale_f0.02,rand_delta,0,455,600,-600.0,False,43
scale_f0.02,rand_delta,0,456,19,-8.0,True,14
scale_f0.02,rand_delta,0,457,33,-22.0,True,9
scale_f0.02,rand_delta,0,458,69,-58.0,True,34
scale_f0.02,rand_delta,0,459,16,-5.0,True,16
scale_f0.02,rand_delta,0,460,600,-600.0,False,45
scale_f0.02,rand_delta,0,461,8,3.0,True,8
scale_f0.02,rand_delta,0,462,600,-600.0,False,54
scale_f0.02,rand_delta,0,463,12,-1.0,True,10
scale_f0.02,rand_delta,0,464,10,1.0,True,10
scale_f0.02,rand_delta,0,465,600,-600.0,False,53
scale_f0.02,rand_delta,0,466,17,-6.0,True,13
scale_f0.02,rand_delta,0,467,28,-17.0,True,20
scale_f0.02,rand_delta,0,468,600,-600.0,False,47
scale_f0.02,rand_delta,0,469,600,-600.0,False,47
scale_f0.02,rand_delta,0,470,46,-35.0,True,31
scale_f0.02,rand_delta,0,471,15,-4.0,True,10
scale_f0.02,rand_delta,0,472,600,-600.0,False,53
scale_f0.02,rand_delta,0,473,61,-50.0,True,34
scale_f0.02,rand_delta,0,474,47,-36.0,True,19
scale_f0.02,rand_delta,0,475,28,-17.0,True,26
scale_f0.02,rand_delta,0,476,39,-28.0,True,31
scale_f0.02,rand_delta,0,477,20,-9.0,True,13
scale_f0.02,rand_delta,0,478,600,-600.0,False,44
scale_f0.02,rand_delta,0,479,41,-30.0,True,38
scale_f0.02,rand_delta,0,480,19,-8.0,True,16
scale_f0.02,rand_delta,0,481,30,-19.0,True,23
scale_f0.02,rand_delta,0,482,600,-600.0,False,50
scale_f0.02,rand_delta,0,483,3,8.0,True,3
scale_f0.02,rand_delta,0,484,15,-4.0,True,13
scale_f0.02,rand_delta,0,485,119,-108.0,True,35
scale_f0.02,rand_delta,0,486,17,-6.0,True,16
scale_f0.02,rand_delta,0,487,600,-600.0,False,42
scale_f0.02,rand_delta,0,488,18,-7.0,True,16
scale_f0.02,rand_delta,0,489,600,-600.0,False,55
scale_f0.02,rand_delta,0,490,26,-15.0,True,20
scale_f0.02,rand_delta,0,491,600,-600.0,False,41
scale_f0.02,rand_delta,0,492,600,-600.0,False,53
scale_f0.02,rand_delta,0,493,600,-600.0,False,45
scale_f0.02,rand_delta,0,494,43,-32.0,True,27
scale_f0.02,rand_delta,0,495,31,-20.0,True,23
scale_f0.02,rand_delta,0,496,600,-600.0,False,52
scale_f0.02,rand_delta,0,497,43,-32.0,True,39
scale_f0.02,rand_delta,0,498,43,-32.0,True,33
scale_f0.02,rand_delta,0,499,23,-12.0,True,17
scale_f0.02,rand_delta,0,500,600,-600.0,False,51
scale_f0.02,rand_delta,0,501,12,-1.0,True,11
scale_f0.02,rand_delta,0,502,600,-600.0,False,54
scale_f0.02,rand_delta,0,503,7,4.0,True,6
scale_f0.02,rand_delta,0,504,8,3.0,True,7
scale_f0.02,rand_delta,0,505,14,-3.0,True,11
scale_f0.02,rand_delta,0,506,34,-23.0,True,22
scale_f0.02,rand_delta,0,507,48,-37.0,True,34
scale_f0.02,rand_delta,0,508,600,-600.0,False,51
scale_f0.02,rand_delta,0,509,600,-600.0,False,47
scale_f0.02,rand_delta,0,510,600,-600.0,False,53
scale_f0.02,rand_delta,0,511,600,-600.0,False,42
scale_f0.02,rand_delta,0,512,30,-19.0,True,21
scale_f0.02,rand_delta,0,513,18,-7.0,True,14
scale_f0.02,rand_delta,0,514,600,-600.0,False,56
scale_f0.02,rand_delta,0,515,600,-600.0,False,52
scale_f0.02,rand_delta,0,516,600,-600.0,False,50
scale_f0.02,rand_delta,0,517,44,-33.0,True,24
scale_f0.02,rand_delta,0,518,22,-11.0,True,22
scale_f0.02,rand_delta,0,519,7,4.0,True,7
scale_f0.02,rand_delta,0,520,51,-40.0,True,31
scale_f0.02,rand_delta,0,521,600,-600.0,False,46
scale_f0.02,rand_delta,0,522,7,4.0,True,7
scale_f0.02,rand_delta,0,523,45,-34.0,True,32
scale_f0.02,rand_delta,0,524,600,-600.0,False,50
scale_f0.02,rand_delta,0,525,600,-600.0,False,52
scale_f0.02,rand_delta,0,526,52,-41.0,True,24
scale_f0.02,rand_delta,0,527,600,-600.0,False,52
scale_f0.02,rand_delta,0,528,41,-30.0,True,25
scale_f0.02,rand_delta,0,529,600,-600.0,False,43
scale_f0.02,rand_delta,0,530,600,-600.0,False,55
scale_f0.02,rand_delta,0,531,600,-600.0,False,48
scale_f0.02,rand_delta,0,532,12,-1.0,True,11
scale_f0.02,rand_delta,0,533,89,-78.0,True,32
scale_f0.02,rand_delta,0,534,8,3.0,True,8
scale_f0.02,rand_delta,0,535,40,-29.0,True,40
scale_f0.02,rand_delta,0,536,600,-600.0,False,47
scale_f0.02,rand_delta,0,537,600,-600.0,False,46
scale_f0.02,rand_delta,0,538,45,-34.0,True,21
scale_f0.02,rand_delta,0,539,16,-5.0,True,15
scale_f0.02,rand_delta,0,540,42,-31.0,True,28
scale_f0.02,rand_delta,0,541,600,-600.0,False,53
scale_f0.02,rand_delta,0,542,36,-25.0,True,34
scale_f0.02,rand_delta,0,543,22,-11.0,True,20
scale_f0.02,rand_delta,0,544,600,-600.0,False,49
scale_f0.02,rand_delta,0,545,600,-600.0,False,44
scale_f0.02,rand_delta,0,546,35,-24.0,True,23
scale_f0.02,rand_delta,0,547,600,-600.0,False,49
scale_f0.02,rand_delta,0,548,600,-600.0,False,53
scale_f0.02,rand_delta,0,549,39,-28.0,True,26
scale_f0.02,rand_delta,0,550,10,1.0,True,9
scale_f0.02,rand_delta,0,551,600,-600.0,False,43
scale_f0.02,rand_delta,0,552,600,-600.0,False,56
scale_f0.02,rand_delta,0,553,600,-600.0,False,42
scale_f0.02,rand_delta,0,554,600,-600.0,False,46
scale_f0.02,rand_delta,0,555,600,-600.0,False,44
scale_f0.02,rand_delta,0,556,36,-25.0,True,12
scale_f0.02,rand_delta,0,557,41,-30.0,True,25
scale_f0.02,rand_delta,0,558,600,-600.0,False,38
scale_f0.02,rand_delta,0,559,44,-33.0,True,35
scale_f0.02,rand_delta,0,560,600,-600.0,False,52
scale_f0.02,rand_delta,0,561,600,-600.0,False,43
scale_f0.02,rand_delta,0,562,82,-71.0,True,33
scale_f0.02,rand_delta,0,563,600,-600.0,False,53
scale_f0.02,rand_delta,0,564,600,-600.0,False,40
scale_f0.02,rand_delta,0,565,94,-83.0,True,35
scale_f0.02,rand_delta,0,566,42,-31.0,True,29
scale_f0.02,rand_delta,0,567,600,-600.0,False,51
scale_f0.02,rand_delta,0,568,32,-21.0,True,27
scale_f0.02,rand_delta,0,569,24,-13.0,True,17
scale_f0.02,rand_delta,0,570,39,-28.0,True,26
scale_f0.02,rand_delta,0,571,8,3.0,True,8
scale_f0.02,rand_delta,0,572,17,-6.0,True,14
scale_f0.02,rand_delta,0,573,49,-38.0,True,30
scale_f0.02,rand_delta,0,574,600,-600.0,False,45
scale_f0.02,rand_delta,0,575,18,-7.0,True,14
scale_f0.02,rand_delta,0,576,600,-600.0,False,48
scale_f0.02,rand_delta,0,577,42,-31.0,True,36
scale_f0.02,rand_delta,0,578,29,-18.0,True,14
scale_f0.02,rand_delta,0,579,107,-96.0,True,40
scale_f0.02,rand_delta,0,580,16,-5.0,True,14
scale_f0.02,rand_delta,0,581,24,-13.0,True,21
scale_f0.02,rand_delta,0,582,33,-22.0,True,26
scale_f0.02,rand_delta,0,583,600,-600.0,False,44
scale_f0.02,rand_delta,0,584,600,-600.0,False,42
scale_f0.02,rand_delta,0,585,56,-45.0,True,38
scale_f0.02,rand_delta,0,586,600,-600.0,False,50
scale_f0.02,rand_delta,0,587,600,-600.0,False,43
scale_f0.02,rand_delta,0,588,50,-39.0,True,33
scale_f0.02,rand_delta,0,589,600,-600.0,False,47
scale_f0.02,rand_delta,0,590,63,-52.0,True,39
scale_f0.02,rand_delta,0,591,36,-25.0,True,29
scale_f0.02,rand_delta,0,592,600,-600.0,False,45
scale_f0.02,rand_delta,0,593,16,-5.0,True,12
scale_f0.02,rand_delta,0,594,27,-16.0,True,24
scale_f0.02,rand_delta,0,595,600,-600.0,False,47
scale_f0.02,rand_delta,0,596,10,1.0,True,10
scale_f0.02,rand_delta,0,597,2,9.0,True,2
scale_f0.02,rand_delta,0,598,51,-40.0,True,19
scale_f0.02,rand_delta,0,599,600,-600.0,False,41
scale_f0.02,kc_delta,1,0,600,-600.0,False,27
scale_f0.02,kc_delta,1,1,305,-294.0,True,15
scale_f0.02,kc_delta,1,2,6,5.0,True,5
scale_f0.02,kc_delta,1,3,600,-600.0,False,45
scale_f0.02,kc_delta,1,4,600,-600.0,False,21
scale_f0.02,kc_delta,1,5,600,-600.0,False,51
scale_f0.02,kc_delta,1,6,415,-404.0,True,13
scale_f0.02,kc_delta,1,7,188,-177.0,True,19
scale_f0.02,kc_delta,1,8,600,-600.0,False,31
scale_f0.02,kc_delta,1,9,600,-600.0,False,34
scale_f0.02,kc_delta,1,10,600,-600.0,False,46
scale_f0.02,kc_delta,1,11,600,-600.0,False,35
scale_f0.02,kc_delta,1,12,600,-600.0,False,55
scale_f0.02,kc_delta,1,13,600,-600.0,False,50
scale_f0.02,kc_delta,1,14,600,-600.0,False,37
scale_f0.02,kc_delta,1,15,600,-600.0,False,39
scale_f0.02,kc_delta,1,16,475,-464.0,True,20
scale_f0.02,kc_delta,1,17,600,-600.0,False,36
scale_f0.02,kc_delta,1,18,600,-600.0,False,45
scale_f0.02,kc_delta,1,19,600,-600.0,False,31
scale_f0.02,kc_delta,1,20,600,-600.0,False,30
scale_f0.02,kc_delta,1,21,600,-600.0,False,42
scale_f0.02,kc_delta,1,22,228,-217.0,True,12
scale_f0.02,kc_delta,1,23,25,-14.0,True,6
scale_f0.02,kc_delta,1,24,299,-288.0,True,26
scale_f0.02,kc_delta,1,25,40,-29.0,True,13
scale_f0.02,kc_delta,1,26,499,-488.0,True,25
scale_f0.02,kc_delta,1,27,212,-201.0,True,33
scale_f0.02,kc_delta,1,28,600,-600.0,False,45
scale_f0.02,kc_delta,1,29,600,-600.0,False,47
scale_f0.02,kc_delta,1,30,16,-5.0,True,7
scale_f0.02,kc_delta,1,31,443,-432.0,True,29
scale_f0.02,kc_delta,1,32,134,-123.0,True,28
scale_f0.02,kc_delta,1,33,107,-96.0,True,29
scale_f0.02,kc_delta,1,34,397,-386.0,True,34
scale_f0.02,kc_delta,1,35,9,2.0,True,9
scale_f0.02,kc_delta,1,36,600,-600.0,False,36
scale_f0.02,kc_delta,1,37,600,-600.0,False,44
scale_f0.02,kc_delta,1,38,60,-49.0,True,20
scale_f0.02,kc_delta,1,39,103,-92.0,True,35
scale_f0.02,kc_delta,1,40,47,-36.0,True,20
scale_f0.02,kc_delta,1,41,600,-600.0,False,46
scale_f0.02,kc_delta,1,42,91,-80.0,True,21
scale_f0.02,kc_delta,1,43,600,-600.0,False,32
scale_f0.02,kc_delta,1,44,1,10.0,True,1
scale_f0.02,kc_delta,1,45,174,-163.0,True,12
scale_f0.02,kc_delta,1,46,341,-330.0,True,27
scale_f0.02,kc_delta,1,47,600,-600.0,False,43
scale_f0.02,kc_delta,1,48,30,-19.0,True,17
scale_f0.02,kc_delta,1,49,2,9.0,True,2
scale_f0.02,kc_delta,1,50,600,-600.0,False,53
scale_f0.02,kc_delta,1,51,600,-600.0,False,40
scale_f0.02,kc_delta,1,52,600,-600.0,False,53
scale_f0.02,kc_delta,1,53,600,-600.0,False,38
scale_f0.02,kc_delta,1,54,208,-197.0,True,21
scale_f0.02,kc_delta,1,55,600,-600.0,False,36
scale_f0.02,kc_delta,1,56,600,-600.0,False,39
scale_f0.02,kc_delta,1,57,412,-401.0,True,26
scale_f0.02,kc_delta,1,58,27,-16.0,True,15
scale_f0.02,kc_delta,1,59,11,0.0,True,7
scale_f0.02,kc_delta,1,60,600,-600.0,False,43
scale_f0.02,kc_delta,1,61,600,-600.0,False,41
scale_f0.02,kc_delta,1,62,57,-46.0,True,28
scale_f0.02,kc_delta,1,63,145,-134.0,True,24
scale_f0.02,kc_delta,1,64,600,-600.0,False,36
scale_f0.02,kc_delta,1,65,600,-600.0,False,41
scale_f0.02,kc_delta,1,66,600,-600.0,False,45
scale_f0.02,kc_delta,1,67,600,-600.0,False,41
scale_f0.02,kc_delta,1,68,59,-48.0,True,19
scale_f0.02,kc_delta,1,69,105,-94.0,True,30
scale_f0.02,kc_delta,1,70,261,-250.0,True,33
scale_f0.02,kc_delta,1,71,600,-600.0,False,50
scale_f0.02,kc_delta,1,72,600,-600.0,False,53
scale_f0.02,kc_delta,1,73,600,-600.0,False,47
scale_f0.02,kc_delta,1,74,600,-600.0,False,40
scale_f0.02,kc_delta,1,75,600,-600.0,False,44
scale_f0.02,kc_delta,1,76,69,-58.0,True,14
scale_f0.02,kc_delta,1,77,94,-83.0,True,23
scale_f0.02,kc_delta,1,78,15,-4.0,True,8
scale_f0.02,kc_delta,1,79,15,-4.0,True,9
scale_f0.02,kc_delta,1,80,600,-600.0,False,39
scale_f0.02,kc_delta,1,81,600,-600.0,False,45
scale_f0.02,kc_delta,1,82,600,-600.0,False,30
scale_f0.02,kc_delta,1,83,600,-600.0,False,54
scale_f0.02,kc_delta,1,84,600,-600.0,False,30
scale_f0.02,kc_delta,1,85,600,-600.0,False,40
scale_f0.02,kc_delta,1,86,600,-600.0,False,32
scale_f0.02,kc_delta,1,87,600,-600.0,False,46
scale_f0.02,kc_delta,1,88,600,-600.0,False,49
scale_f0.02,kc_delta,1,89,600,-600.0,False,54
scale_f0.02,kc_delta,1,90,32,-21.0,True,13
scale_f0.02,kc_delta,1,91,168,-157.0,True,25
scale_f0.02,kc_delta,1,92,19,-8.0,True,3
scale_f0.02,kc_delta,1,93,600,-600.0,False,29
scale_f0.02,kc_delta,1,94,6,5.0,True,6
scale_f0.02,kc_delta,1,95,15,-4.0,True,6
scale_f0.02,kc_delta,1,96,600,-600.0,False,55
scale_f0.02,kc_delta,1,97,43,-32.0,True,10
scale_f0.02,kc_delta,1,98,600,-600.0,False,31
scale_f0.02,kc_delta,1,99,600,-600.0,False,39
scale_f0.02,kc_delta,1,100,600,-600.0,False,40
scale_f0.02,kc_delta,1,101,600,-600.0,False,50
scale_f0.02,kc_delta,1,102,268,-257.0,True,26
scale_f0.02,kc_delta,1,103,339,-328.0,True,39
scale_f0.02,kc_delta,1,104,87,-76.0,True,25
scale_f0.02,kc_delta,1,105,600,-600.0,False,45
scale_f0.02,kc_delta,1,106,600,-600.0,False,52
scale_f0.02,kc_delta,1,107,600,-600.0,False,43
scale_f0.02,kc_delta,1,108,600,-600.0,False,42
scale_f0.02,kc_delta,1,109,273,-262.0,True,38
scale_f0.02,kc_delta,1,110,600,-600.0,False,52
scale_f0.02,kc_delta,1,111,109,-98.0,True,22
scale_f0.02,kc_delta,1,112,41,-30.0,True,19
scale_f0.02,kc_delta,1,113,34,-23.0,True,20
scale_f0.02,kc_delta,1,114,52,-41.0,True,21
scale_f0.02,kc_delta,1,115,275,-264.0,True,23
scale_f0.02,kc_delta,1,116,600,-600.0,False,45
scale_f0.02,kc_delta,1,117,23,-12.0,True,8
scale_f0.02,kc_delta,1,118,600,-600.0,False,51
scale_f0.02,kc_delta,1,119,134,-123.0,True,20
scale_f0.02,kc_delta,1,120,600,-600.0,False,31
scale_f0.02,kc_delta,1,121,600,-600.0,False,46
scale_f0.02,kc_delta,1,122,600,-600.0,False,53
scale_f0.02,kc_delta,1,123,600,-600.0,False,39
scale_f0.02,kc_delta,1,124,600,-600.0,False,35
scale_f0.02,kc_delta,1,125,600,-600.0,False,46
scale_f0.02,kc_delta,1,126,135,-124.0,True,24
scale_f0.02,kc_delta,1,127,600,-600.0,False,48
scale_f0.02,kc_delta,1,128,600,-600.0,False,50
scale_f0.02,kc_delta,1,129,143,-132.0,True,29
scale_f0.02,kc_delta,1,130,44,-33.0,True,18
scale_f0.02,kc_delta,1,131,83,-72.0,True,20
scale_f0.02,kc_delta,1,132,600,-600.0,False,33
scale_f0.02,kc_delta,1,133,600,-600.0,False,45
scale_f0.02,kc_delta,1,134,25,-14.0,True,13
scale_f0.02,kc_delta,1,135,600,-600.0,False,59
scale_f0.02,kc_delta,1,136,22,-11.0,True,12
scale_f0.02,kc_delta,1,137,49,-38.0,True,18
scale_f0.02,kc_delta,1,138,81,-70.0,True,23
scale_f0.02,kc_delta,1,139,12,-1.0,True,5
scale_f0.02,kc_delta,1,140,600,-600.0,False,50
scale_f0.02,kc_delta,1,141,600,-600.0,False,56
scale_f0.02,kc_delta,1,142,600,-600.0,False,51
scale_f0.02,kc_delta,1,143,106,-95.0,True,22
scale_f0.02,kc_delta,1,144,4,7.0,True,3
scale_f0.02,kc_delta,1,145,600,-600.0,False,34
scale_f0.02,kc_delta,1,146,600,-600.0,False,43
scale_f0.02,kc_delta,1,147,600,-600.0,False,52
scale_f0.02,kc_delta,1,148,600,-600.0,False,37
scale_f0.02,kc_delta,1,149,600,-600.0,False,51
scale_f0.02,kc_delta,1,150,600,-600.0,False,55
scale_f0.02,kc_delta,1,151,157,-146.0,True,21
scale_f0.02,kc_delta,1,152,330,-319.0,True,32
scale_f0.02,kc_delta,1,153,600,-600.0,False,50
scale_f0.02,kc_delta,1,154,46,-35.0,True,24
scale_f0.02,kc_delta,1,155,577,-566.0,True,36
scale_f0.02,kc_delta,1,156,100,-89.0,True,8
scale_f0.02,kc_delta,1,157,66,-55.0,True,17
scale_f0.02,kc_delta,1,158,125,-114.0,True,13
scale_f0.02,kc_delta,1,159,600,-600.0,False,47
scale_f0.02,kc_delta,1,160,600,-600.0,False,38
scale_f0.02,kc_delta,1,161,231,-220.0,True,16
scale_f0.02,kc_delta,1,162,600,-600.0,False,28
scale_f0.02,kc_delta,1,163,600,-600.0,False,38
scale_f0.02,kc_delta,1,164,600,-600.0,False,51
scale_f0.02,kc_delta,1,165,600,-600.0,False,52
scale_f0.02,kc_delta,1,166,34,-23.0,True,16
scale_f0.02,kc_delta,1,167,133,-122.0,True,40
scale_f0.02,kc_delta,1,168,600,-600.0,False,46
scale_f0.02,kc_delta,1,169,233,-222.0,True,26
scale_f0.02,kc_delta,1,170,10,1.0,True,6
scale_f0.02,kc_delta,1,171,23,-12.0,True,16
scale_f0.02,kc_delta,1,172,35,-24.0,True,19
scale_f0.02,kc_delta,1,173,73,-62.0,True,13
scale_f0.02,kc_delta,1,174,600,-600.0,False,39
scale_f0.02,kc_delta,1,175,33,-22.0,True,23
scale_f0.02,kc_delta,1,176,600,-600.0,False,46
scale_f0.02,kc_delta,1,177,600,-600.0,False,42
scale_f0.02,kc_delta,1,178,600,-600.0,False,45
scale_f0.02,kc_delta,1,179,600,-600.0,False,56
scale_f0.02,kc_delta,1,180,108,-97.0,True,18
scale_f0.02,kc_delta,1,181,600,-600.0,False,39
scale_f0.02,kc_delta,1,182,600,-600.0,False,56
scale_f0.02,kc_delta,1,183,600,-600.0,False,51
scale_f0.02,kc_delta,1,184,23,-12.0,True,14
scale_f0.02,kc_delta,1,185,32,-21.0,True,16
scale_f0.02,kc_delta,1,186,8,3.0,True,8
scale_f0.02,kc_delta,1,187,600,-600.0,False,55
scale_f0.02,kc_delta,1,188,184,-173.0,True,32
scale_f0.02,kc_delta,1,189,600,-600.0,False,42
scale_f0.02,kc_delta,1,190,190,-179.0,True,30
scale_f0.02,kc_delta,1,191,600,-600.0,False,46
scale_f0.02,kc_delta,1,192,600,-600.0,False,50
scale_f0.02,kc_delta,1,193,600,-600.0,False,53
scale_f0.02,kc_delta,1,194,73,-62.0,True,23
scale_f0.02,kc_delta,1,195,600,-600.0,False,45
scale_f0.02,kc_delta,1,196,61,-50.0,True,20
scale_f0.02,kc_delta,1,197,600,-600.0,False,35
scale_f0.02,kc_delta,1,198,600,-600.0,False,44
scale_f0.02,kc_delta,1,199,140,-129.0,True,25
scale_f0.02,kc_delta,1,200,600,-600.0,False,46
scale_f0.02,kc_delta,1,201,600,-600.0,False,43
scale_f0.02,kc_delta,1,202,332,-321.0,True,39
scale_f0.02,kc_delta,1,203,600,-600.0,False,44
scale_f0.02,kc_delta,1,204,600,-600.0,False,57
scale_f0.02,kc_delta,1,205,600,-600.0,False,42
scale_f0.02,kc_delta,1,206,600,-600.0,False,38
scale_f0.02,kc_delta,1,207,600,-600.0,False,43
scale_f0.02,kc_delta,1,208,600,-600.0,False,41
scale_f0.02,kc_delta,1,209,150,-139.0,True,35
scale_f0.02,kc_delta,1,210,600,-600.0,False,49
scale_f0.02,kc_delta,1,211,166,-155.0,True,26
scale_f0.02,kc_delta,1,212,27,-16.0,True,18
scale_f0.02,kc_delta,1,213,600,-600.0,False,39
scale_f0.02,kc_delta,1,214,96,-85.0,True,26
scale_f0.02,kc_delta,1,215,600,-600.0,False,46
scale_f0.02,kc_delta,1,216,84,-73.0,True,28
scale_f0.02,kc_delta,1,217,600,-600.0,False,42
scale_f0.02,kc_delta,1,218,600,-600.0,False,42
scale_f0.02,kc_delta,1,219,600,-600.0,False,53
scale_f0.02,kc_delta,1,220,600,-600.0,False,56
scale_f0.02,kc_delta,1,221,600,-600.0,False,53
scale_f0.02,kc_delta,1,222,85,-74.0,True,20
scale_f0.02,kc_delta,1,223,72,-61.0,True,34
scale_f0.02,kc_delta,1,224,600,-600.0,False,37
scale_f0.02,kc_delta,1,225,50,-39.0,True,30
scale_f0.02,kc_delta,1,226,149,-138.0,True,27
scale_f0.02,kc_delta,1,227,600,-600.0,False,47
scale_f0.02,kc_delta,1,228,600,-600.0,False,51
scale_f0.02,kc_delta,1,229,158,-147.0,True,34
scale_f0.02,kc_delta,1,230,80,-69.0,True,28
scale_f0.02,kc_delta,1,231,161,-150.0,True,36
scale_f0.02,kc_delta,1,232,600,-600.0,False,52
scale_f0.02,kc_delta,1,233,117,-106.0,True,40
scale_f0.02,kc_delta,1,234,600,-600.0,False,45
scale_f0.02,kc_delta,1,235,47,-36.0,True,30
scale_f0.02,kc_delta,1,236,600,-600.0,False,54
scale_f0.02,kc_delta,1,237,600,-600.0,False,39
scale_f0.02,kc_delta,1,238,34,-23.0,True,21
scale_f0.02,kc_delta,1,239,29,-18.0,True,17
scale_f0.02,kc_delta,1,240,5,6.0,True,5
scale_f0.02,kc_delta,1,241,52,-41.0,True,28
scale_f0.02,kc_delta,1,242,600,-600.0,False,52
scale_f0.02,kc_delta,1,243,68,-57.0,True,9
scale_f0.02,kc_delta,1,244,123,-112.0,True,25
scale_f0.02,kc_delta,1,245,600,-600.0,False,52
scale_f0.02,kc_delta,1,246,41,-30.0,True,22
scale_f0.02,kc_delta,1,247,49,-38.0,True,32
scale_f0.02,kc_delta,1,248,247,-236.0,True,37
scale_f0.02,kc_delta,1,249,600,-600.0,False,36
scale_f0.02,kc_delta,1,250,600,-600.0,False,50
scale_f0.02,kc_delta,1,251,82,-71.0,True,28
scale_f0.02,kc_delta,1,252,96,-85.0,True,30
scale_f0.02,kc_delta,1,253,62,-51.0,True,35
scale_f0.02,kc_delta,1,254,600,-600.0,False,47
scale_f0.02,kc_delta,1,255,266,-255.0,True,30
scale_f0.02,kc_delta,1,256,600,-600.0,False,53
scale_f0.02,kc_delta,1,257,128,-117.0,True,38
scale_f0.02,kc_delta,1,258,600,-600.0,False,46
scale_f0.02,kc_delta,1,259,36,-25.0,True,31
scale_f0.02,kc_delta,1,260,313,-302.0,True,25
scale_f0.02,kc_delta,1,261,600,-600.0,False,45
scale_f0.02,kc_delta,1,262,140,-129.0,True,33
scale_f0.02,kc_delta,1,263,600,-600.0,False,52
scale_f0.02,kc_delta,1,264,600,-600.0,False,43
scale_f0.02,kc_delta,1,265,600,-600.0,False,52
scale_f0.02,kc_delta,1,266,66,-55.0,True,31
scale_f0.02,kc_delta,1,267,48,-37.0,True,13
scale_f0.02,kc_delta,1,268,600,-600.0,False,45
scale_f0.02,kc_delta,1,269,37,-26.0,True,25
scale_f0.02,kc_delta,1,270,41,-30.0,True,15
scale_f0.02,kc_delta,1,271,600,-600.0,False,30
scale_f0.02,kc_delta,1,272,71,-60.0,True,22
scale_f0.02,kc_delta,1,273,600,-600.0,False,55
scale_f0.02,kc_delta,1,274,9,2.0,True,5
scale_f0.02,kc_delta,1,275,26,-15.0,True,7
scale_f0.02,kc_delta,1,276,52,-41.0,True,20
scale_f0.02,kc_delta,1,277,48,-37.0,True,18
scale_f0.02,kc_delta,1,278,600,-600.0,False,56
scale_f0.02,kc_delta,1,279,118,-107.0,True,17
scale_f0.02,kc_delta,1,280,600,-600.0,False,57
scale_f0.02,kc_delta,1,281,44,-33.0,True,33
scale_f0.02,kc_delta,1,282,159,-148.0,True,39
scale_f0.02,kc_delta,1,283,44,-33.0,True,22
scale_f0.02,kc_delta,1,284,8,3.0,True,8
scale_f0.02,kc_delta,1,285,600,-600.0,False,46
scale_f0.02,kc_delta,1,286,5,6.0,True,3
scale_f0.02,kc_delta,1,287,600,-600.0,False,52
scale_f0.02,kc_delta,1,288,5,6.0,True,5
scale_f0.02,kc_delta,1,289,90,-79.0,True,25
scale_f0.02,kc_delta,1,290,14,-3.0,True,12
scale_f0.02,kc_delta,1,291,25,-14.0,True,23
scale_f0.02,kc_delta,1,292,28,-17.0,True,22
scale_f0.02,kc_delta,1,293,19,-8.0,True,16
scale_f0.02,kc_delta,1,294,600,-600.0,False,56
scale_f0.02,kc_delta,1,295,600,-600.0,False,33
scale_f0.02,kc_delta,1,296,600,-600.0,False,47
scale_f0.02,kc_delta,1,297,320,-309.0,True,41
scale_f0.02,kc_delta,1,298,600,-600.0,False,37
scale_f0.02,kc_delta,1,299,600,-600.0,False,55
scale_f0.02,kc_delta,1,300,600,-600.0,False,44
scale_f0.02,kc_delta,1,301,260,-249.0,True,38
scale_f0.02,kc_delta,1,302,328,-317.0,True,29
scale_f0.02,kc_delta,1,303,600,-600.0,False,45
scale_f0.02,kc_delta,1,304,600,-600.0,False,42
scale_f0.02,kc_delta,1,305,161,-150.0,True,41
scale_f0.02,kc_delta,1,306,88,-77.0,True,29
scale_f0.02,kc_delta,1,307,35,-24.0,True,20
scale_f0.02,kc_delta,1,308,67,-56.0,True,28
scale_f0.02,kc_delta,1,309,600,-600.0,False,44
scale_f0.02,kc_delta,1,310,600,-600.0,False,51
scale_f0.02,kc_delta,1,311,23,-12.0,True,21
scale_f0.02,kc_delta,1,312,600,-600.0,False,55
scale_f0.02,kc_delta,1,313,22,-11.0,True,21
scale_f0.02,kc_delta,1,314,600,-600.0,False,50
scale_f0.02,kc_delta,1,315,38,-27.0,True,16
scale_f0.02,kc_delta,1,316,600,-600.0,False,50
scale_f0.02,kc_delta,1,317,172,-161.0,True,26
scale_f0.02,kc_delta,1,318,8,3.0,True,5
scale_f0.02,kc_delta,1,319,9,2.0,True,9
scale_f0.02,kc_delta,1,320,32,-21.0,True,19
scale_f0.02,kc_delta,1,321,45,-34.0,True,27
scale_f0.02,kc_delta,1,322,600,-600.0,False,53
scale_f0.02,kc_delta,1,323,53,-42.0,True,21
scale_f0.02,kc_delta,1,324,600,-600.0,False,53
scale_f0.02,kc_delta,1,325,600,-600.0,False,50
scale_f0.02,kc_delta,1,326,600,-600.0,False,48
scale_f0.02,kc_delta,1,327,236,-225.0,True,29
scale_f0.02,kc_delta,1,328,600,-600.0,False,53
scale_f0.02,kc_delta,1,329,600,-600.0,False,45
scale_f0.02,kc_delta,1,330,600,-600.0,False,53
scale_f0.02,kc_delta,1,331,11,0.0,True,6
scale_f0.02,kc_delta,1,332,600,-600.0,False,35
scale_f0.02,kc_delta,1,333,600,-600.0,False,55
scale_f0.02,kc_delta,1,334,600,-600.0,False,46
scale_f0.02,kc_delta,1,335,53,-42.0,True,19
scale_f0.02,kc_delta,1,336,112,-101.0,True,21
scale_f0.02,kc_delta,1,337,600,-600.0,False,41
scale_f0.02,kc_delta,1,338,600,-600.0,False,57
scale_f0.02,kc_delta,1,339,517,-506.0,True,42
scale_f0.02,kc_delta,1,340,6,5.0,True,6
scale_f0.02,kc_delta,1,341,600,-600.0,False,57
scale_f0.02,kc_delta,1,342,600,-600.0,False,54
scale_f0.02,kc_delta,1,343,182,-171.0,True,30
scale_f0.02,kc_delta,1,344,600,-600.0,False,45
scale_f0.02,kc_delta,1,345,22,-11.0,True,18
scale_f0.02,kc_delta,1,346,28,-17.0,True,19
scale_f0.02,kc_delta,1,347,600,-600.0,False,45
scale_f0.02,kc_delta,1,348,600,-600.0,False,35
scale_f0.02,kc_delta,1,349,268,-257.0,True,21
scale_f0.02,kc_delta,1,350,600,-600.0,False,44
scale_f0.02,kc_delta,1,351,600,-600.0,False,46
scale_f0.02,kc_delta,1,352,50,-39.0,True,19
scale_f0.02,kc_delta,1,353,41,-30.0,True,15
scale_f0.02,kc_delta,1,354,17,-6.0,True,13
scale_f0.02,kc_delta,1,355,22,-11.0,True,16
scale_f0.02,kc_delta,1,356,43,-32.0,True,29
scale_f0.02,kc_delta,1,357,600,-600.0,False,51
scale_f0.02,kc_delta,1,358,600,-600.0,False,56
scale_f0.02,kc_delta,1,359,600,-600.0,False,48
scale_f0.02,kc_delta,1,360,113,-102.0,True,20
scale_f0.02,kc_delta,1,361,600,-600.0,False,56
scale_f0.02,kc_delta,1,362,600,-600.0,False,45
scale_f0.02,kc_delta,1,363,62,-51.0,True,19
scale_f0.02,kc_delta,1,364,600,-600.0,False,45
scale_f0.02,kc_delta,1,365,20,-9.0,True,19
scale_f0.02,kc_delta,1,366,68,-57.0,True,28
scale_f0.02,kc_delta,1,367,600,-600.0,False,41
scale_f0.02,kc_delta,1,368,25,-14.0,True,16
scale_f0.02,kc_delta,1,369,600,-600.0,False,46
scale_f0.02,kc_delta,1,370,4,7.0,True,4
scale_f0.02,kc_delta,1,371,600,-600.0,False,41
scale_f0.02,kc_delta,1,372,600,-600.0,False,56
scale_f0.02,kc_delta,1,373,102,-91.0,True,29
scale_f0.02,kc_delta,1,374,115,-104.0,True,22
scale_f0.02,kc_delta,1,375,600,-600.0,False,34
scale_f0.02,kc_delta,1,376,42,-31.0,True,23
scale_f0.02,kc_delta,1,377,17,-6.0,True,17
scale_f0.02,kc_delta,1,378,59,-48.0,True,24
scale_f0.02,kc_delta,1,379,600,-600.0,False,34
scale_f0.02,kc_delta,1,380,13,-2.0,True,13
scale_f0.02,kc_delta,1,381,600,-600.0,False,44
scale_f0.02,kc_delta,1,382,30,-19.0,True,27
scale_f0.02,kc_delta,1,383,600,-600.0,False,50
scale_f0.02,kc_delta,1,384,18,-7.0,True,17
scale_f0.02,kc_delta,1,385,600,-600.0,False,48
scale_f0.02,kc_delta,1,386,600,-600.0,False,52
scale_f0.02,kc_delta,1,387,600,-600.0,False,54
scale_f0.02,kc_delta,1,388,600,-600.0,False,37
scale_f0.02,kc_delta,1,389,600,-600.0,False,56
scale_f0.02,kc_delta,1,390,125,-114.0,True,27
scale_f0.02,kc_delta,1,391,600,-600.0,False,55
scale_f0.02,kc_delta,1,392,600,-600.0,False,41
scale_f0.02,kc_delta,1,393,2,9.0,True,1
scale_f0.02,kc_delta,1,394,600,-600.0,False,53
scale_f0.02,kc_delta,1,395,600,-600.0,False,52
scale_f0.02,kc_delta,1,396,36,-25.0,True,26
scale_f0.02,kc_delta,1,397,31,-20.0,True,20
scale_f0.02,kc_delta,1,398,600,-600.0,False,55
scale_f0.02,kc_delta,1,399,600,-600.0,False,48
scale_f0.02,kc_delta,1,400,600,-600.0,False,40
scale_f0.02,kc_delta,1,401,12,-1.0,True,10
scale_f0.02,kc_delta,1,402,600,-600.0,False,43
scale_f0.02,kc_delta,1,403,600,-600.0,False,54
scale_f0.02,kc_delta,1,404,600,-600.0,False,34
scale_f0.02,kc_delta,1,405,36,-25.0,True,23
scale_f0.02,kc_delta,1,406,600,-600.0,False,52
scale_f0.02,kc_delta,1,407,58,-47.0,True,25
scale_f0.02,kc_delta,1,408,68,-57.0,True,32
scale_f0.02,kc_delta,1,409,329,-318.0,True,37
scale_f0.02,kc_delta,1,410,45,-34.0,True,25
scale_f0.02,kc_delta,1,411,36,-25.0,True,21
scale_f0.02,kc_delta,1,412,73,-62.0,True,34
scale_f0.02,kc_delta,1,413,600,-600.0,False,41
scale_f0.02,kc_delta,1,414,600,-600.0,False,41
scale_f0.02,kc_delta,1,415,586,-575.0,True,37
scale_f0.02,kc_delta,1,416,82,-71.0,True,26
scale_f0.02,kc_delta,1,417,600,-600.0,False,52
scale_f0.02,kc_delta,1,418,600,-600.0,False,43
scale_f0.02,kc_delta,1,419,600,-600.0,False,38
scale_f0.02,kc_delta,1,420,600,-600.0,False,39
scale_f0.02,kc_delta,1,421,78,-67.0,True,21
scale_f0.02,kc_delta,1,422,15,-4.0,True,15
scale_f0.02,kc_delta,1,423,600,-600.0,False,39
scale_f0.02,kc_delta,1,424,86,-75.0,True,24
scale_f0.02,kc_delta,1,425,600,-600.0,False,55
scale_f0.02,kc_delta,1,426,58,-47.0,True,30
scale_f0.02,kc_delta,1,427,600,-600.0,False,42
scale_f0.02,kc_delta,1,428,15,-4.0,True,10
scale_f0.02,kc_delta,1,429,485,-474.0,True,39
scale_f0.02,kc_delta,1,430,27,-16.0,True,19
scale_f0.02,kc_delta,1,431,35,-24.0,True,19
scale_f0.02,kc_delta,1,432,86,-75.0,True,29
scale_f0.02,kc_delta,1,433,600,-600.0,False,54
scale_f0.02,kc_delta,1,434,53,-42.0,True,26
scale_f0.02,kc_delta,1,435,600,-600.0,False,41
scale_f0.02,kc_delta,1,436,42,-31.0,True,25
scale_f0.02,kc_delta,1,437,35,-24.0,True,23
scale_f0.02,kc_delta,1,438,325,-314.0,True,36
scale_f0.02,kc_delta,1,439,34,-23.0,True,23
scale_f0.02,kc_delta,1,440,600,-600.0,False,52
scale_f0.02,kc_delta,1,441,27,-16.0,True,20
scale_f0.02,kc_delta,1,442,600,-600.0,False,46
scale_f0.02,kc_delta,1,443,600,-600.0,False,52
scale_f0.02,kc_delta,1,444,24,-13.0,True,16
scale_f0.02,kc_delta,1,445,271,-260.0,True,34
scale_f0.02,kc_delta,1,446,189,-178.0,True,39
scale_f0.02,kc_delta,1,447,36,-25.0,True,23
scale_f0.02,kc_delta,1,448,600,-600.0,False,39
scale_f0.02,kc_delta,1,449,600,-600.0,False,49
scale_f0.02,kc_delta,1,450,30,-19.0,True,21
scale_f0.02,kc_delta,1,451,600,-600.0,False,54
scale_f0.02,kc_delta,1,452,96,-85.0,True,38
scale_f0.02,kc_delta,1,453,57,-46.0,True,25
scale_f0.02,kc_delta,1,454,34,-23.0,True,22
scale_f0.02,kc_delta,1,455,39,-28.0,True,30
scale_f0.02,kc_delta,1,456,1,10.0,True,1
scale_f0.02,kc_delta,1,457,29,-18.0,True,19
scale_f0.02,kc_delta,1,458,30,-19.0,True,16
scale_f0.02,kc_delta,1,459,12,-1.0,True,11
scale_f0.02,kc_delta,1,460,145,-134.0,True,35
scale_f0.02,kc_delta,1,461,600,-600.0,False,59
scale_f0.02,kc_delta,1,462,35,-24.0,True,18
scale_f0.02,kc_delta,1,463,6,5.0,True,5
scale_f0.02,kc_delta,1,464,600,-600.0,False,30
scale_f0.02,kc_delta,1,465,17,-6.0,True,15
scale_f0.02,kc_delta,1,466,53,-42.0,True,20
scale_f0.02,kc_delta,1,467,600,-600.0,False,41
scale_f0.02,kc_delta,1,468,600,-600.0,False,43
scale_f0.02,kc_delta,1,469,62,-51.0,True,26
scale_f0.02,kc_delta,1,470,600,-600.0,False,54
scale_f0.02,kc_delta,1,471,90,-79.0,True,21
scale_f0.02,kc_delta,1,472,600,-600.0,False,57
scale_f0.02,kc_delta,1,473,90,-79.0,True,29
scale_f0.02,kc_delta,1,474,444,-433.0,True,28
scale_f0.02,kc_delta,1,475,92,-81.0,True,24
scale_f0.02,kc_delta,1,476,600,-600.0,False,46
scale_f0.02,kc_delta,1,477,600,-600.0,False,44
scale_f0.02,kc_delta,1,478,600,-600.0,False,51
scale_f0.02,kc_delta,1,479,14,-3.0,True,9
scale_f0.02,kc_delta,1,480,600,-600.0,False,33
scale_f0.02,kc_delta,1,481,600,-600.0,False,41
scale_f0.02,kc_delta,1,482,600,-600.0,False,55
scale_f0.02,kc_delta,1,483,600,-600.0,False,26
scale_f0.02,kc_delta,1,484,600,-600.0,False,39
scale_f0.02,kc_delta,1,485,187,-176.0,True,32
scale_f0.02,kc_delta,1,486,92,-81.0,True,16
scale_f0.02,kc_delta,1,487,600,-600.0,False,40
scale_f0.02,kc_delta,1,488,600,-600.0,False,43
scale_f0.02,kc_delta,1,489,465,-454.0,True,22
scale_f0.02,kc_delta,1,490,21,-10.0,True,15
scale_f0.02,kc_delta,1,491,40,-29.0,True,26
scale_f0.02,kc_delta,1,492,600,-600.0,False,57
scale_f0.02,kc_delta,1,493,93,-82.0,True,28
scale_f0.02,kc_delta,1,494,600,-600.0,False,42
scale_f0.02,kc_delta,1,495,41,-30.0,True,28
scale_f0.02,kc_delta,1,496,600,-600.0,False,30
scale_f0.02,kc_delta,1,497,33,-22.0,True,26
scale_f0.02,kc_delta,1,498,600,-600.0,False,45
scale_f0.02,kc_delta,1,499,179,-168.0,True,30
scale_f0.02,kc_delta,1,500,58,-47.0,True,22
scale_f0.02,kc_delta,1,501,98,-87.0,True,32
scale_f0.02,kc_delta,1,502,600,-600.0,False,36
scale_f0.02,kc_delta,1,503,600,-600.0,False,33
scale_f0.02,kc_delta,1,504,6,5.0,True,4
scale_f0.02,kc_delta,1,505,600,-600.0,False,52
scale_f0.02,kc_delta,1,506,600,-600.0,False,33
scale_f0.02,kc_delta,1,507,56,-45.0,True,33
scale_f0.02,kc_delta,1,508,600,-600.0,False,31
scale_f0.02,kc_delta,1,509,600,-600.0,False,49
scale_f0.02,kc_delta,1,510,18,-7.0,True,16
scale_f0.02,kc_delta,1,511,600,-600.0,False,35
scale_f0.02,kc_delta,1,512,600,-600.0,False,31
scale_f0.02,kc_delta,1,513,600,-600.0,False,42
scale_f0.02,kc_delta,1,514,600,-600.0,False,55
scale_f0.02,kc_delta,1,515,470,-459.0,True,36
scale_f0.02,kc_delta,1,516,78,-67.0,True,25
scale_f0.02,kc_delta,1,517,600,-600.0,False,34
scale_f0.02,kc_delta,1,518,363,-352.0,True,24
scale_f0.02,kc_delta,1,519,383,-372.0,True,31
scale_f0.02,kc_delta,1,520,600,-600.0,False,36
scale_f0.02,kc_delta,1,521,600,-600.0,False,46
scale_f0.02,kc_delta,1,522,600,-600.0,False,59
scale_f0.02,kc_delta,1,523,600,-600.0,False,40
scale_f0.02,kc_delta,1,524,463,-452.0,True,36
scale_f0.02,kc_delta,1,525,9,2.0,True,9
scale_f0.02,kc_delta,1,526,600,-600.0,False,36
scale_f0.02,kc_delta,1,527,11,0.0,True,9
scale_f0.02,kc_delta,1,528,600,-600.0,False,46
scale_f0.02,kc_delta,1,529,600,-600.0,False,56
scale_f0.02,kc_delta,1,530,600,-600.0,False,37
scale_f0.02,kc_delta,1,531,600,-600.0,False,52
scale_f0.02,kc_delta,1,532,600,-600.0,False,54
scale_f0.02,kc_delta,1,533,600,-600.0,False,49
scale_f0.02,kc_delta,1,534,8,3.0,True,6
scale_f0.02,kc_delta,1,535,44,-33.0,True,17
scale_f0.02,kc_delta,1,536,600,-600.0,False,52
scale_f0.02,kc_delta,1,537,33,-22.0,True,21
scale_f0.02,kc_delta,1,538,600,-600.0,False,40
scale_f0.02,kc_delta,1,539,463,-452.0,True,38
scale_f0.02,kc_delta,1,540,53,-42.0,True,25
scale_f0.02,kc_delta,1,541,416,-405.0,True,28
scale_f0.02,kc_delta,1,542,93,-82.0,True,20
scale_f0.02,kc_delta,1,543,88,-77.0,True,38
scale_f0.02,kc_delta,1,544,2,9.0,True,2
scale_f0.02,kc_delta,1,545,45,-34.0,True,16
scale_f0.02,kc_delta,1,546,40,-29.0,True,15
scale_f0.02,kc_delta,1,547,600,-600.0,False,37
scale_f0.02,kc_delta,1,548,96,-85.0,True,33
scale_f0.02,kc_delta,1,549,167,-156.0,True,24
scale_f0.02,kc_delta,1,550,107,-96.0,True,29
scale_f0.02,kc_delta,1,551,600,-600.0,False,40
scale_f0.02,kc_delta,1,552,600,-600.0,False,49
scale_f0.02,kc_delta,1,553,16,-5.0,True,12
scale_f0.02,kc_delta,1,554,600,-600.0,False,44
scale_f0.02,kc_delta,1,555,40,-29.0,True,20
scale_f0.02,kc_delta,1,556,4,7.0,True,4
scale_f0.02,kc_delta,1,557,72,-61.0,True,22
scale_f0.02,kc_delta,1,558,600,-600.0,False,47
scale_f0.02,kc_delta,1,559,54,-43.0,True,26
scale_f0.02,kc_delta,1,560,600,-600.0,False,31
scale_f0.02,kc_delta,1,561,600,-600.0,False,44
scale_f0.02,kc_delta,1,562,2,9.0,True,2
scale_f0.02,kc_delta,1,563,600,-600.0,False,54
scale_f0.02,kc_delta,1,564,15,-4.0,True,15
scale_f0.02,kc_delta,1,565,49,-38.0,True,12
scale_f0.02,kc_delta,1,566,600,-600.0,False,46
scale_f0.02,kc_delta,1,567,55,-44.0,True,36
scale_f0.02,kc_delta,1,568,600,-600.0,False,44
scale_f0.02,kc_delta,1,569,600,-600.0,False,47
scale_f0.02,kc_delta,1,570,600,-600.0,False,40
scale_f0.02,kc_delta,1,571,600,-600.0,False,46
scale_f0.02,kc_delta,1,572,3,8.0,True,3
scale_f0.02,kc_delta,1,573,50,-39.0,True,25
scale_f0.02,kc_delta,1,574,14,-3.0,True,4
scale_f0.02,kc_delta,1,575,600,-600.0,False,48
scale_f0.02,kc_delta,1,576,86,-75.0,True,26
scale_f0.02,kc_delta,1,577,38,-27.0,True,17
scale_f0.02,kc_delta,1,578,600,-600.0,False,40
scale_f0.02,kc_delta,1,579,44,-33.0,True,23
scale_f0.02,kc_delta,1,580,8,3.0,True,8
scale_f0.02,kc_delta,1,581,34,-23.0,True,24
scale_f0.02,kc_delta,1,582,22,-11.0,True,16
scale_f0.02,kc_delta,1,583,36,-25.0,True,25
scale_f0.02,kc_delta,1,584,600,-600.0,False,44
scale_f0.02,kc_delta,1,585,600,-600.0,False,32
scale_f0.02,kc_delta,1,586,414,-403.0,True,26
scale_f0.02,kc_delta,1,587,30,-19.0,True,17
scale_f0.02,kc_delta,1,588,31,-20.0,True,19
scale_f0.02,kc_delta,1,589,600,-600.0,False,50
scale_f0.02,kc_delta,1,590,8,3.0,True,8
scale_f0.02,kc_delta,1,591,96,-85.0,True,25
scale_f0.02,kc_delta,1,592,67,-56.0,True,23
scale_f0.02,kc_delta,1,593,600,-600.0,False,51
scale_f0.02,kc_delta,1,594,600,-600.0,False,43
scale_f0.02,kc_delta,1,595,600,-600.0,False,52
scale_f0.02,kc_delta,1,596,600,-600.0,False,50
scale_f0.02,kc_delta,1,597,540,-529.0,True,32
scale_f0.02,kc_delta,1,598,600,-600.0,False,52
scale_f0.02,kc_delta,1,599,151,-140.0,True,24
scale_f0.02,rand_delta,1,0,600,-600.0,False,27
scale_f0.02,rand_delta,1,1,305,-294.0,True,15
scale_f0.02,rand_delta,1,2,5,6.0,True,5
scale_f0.02,rand_delta,1,3,600,-600.0,False,45
scale_f0.02,rand_delta,1,4,191,-180.0,True,21
scale_f0.02,rand_delta,1,5,600,-600.0,False,51
scale_f0.02,rand_delta,1,6,187,-176.0,True,13
scale_f0.02,rand_delta,1,7,185,-174.0,True,19
scale_f0.02,rand_delta,1,8,388,-377.0,True,31
scale_f0.02,rand_delta,1,9,316,-305.0,True,34
scale_f0.02,rand_delta,1,10,509,-498.0,True,46
scale_f0.02,rand_delta,1,11,600,-600.0,False,35
scale_f0.02,rand_delta,1,12,600,-600.0,False,55
scale_f0.02,rand_delta,1,13,600,-600.0,False,50
scale_f0.02,rand_delta,1,14,600,-600.0,False,37
scale_f0.02,rand_delta,1,15,600,-600.0,False,39
scale_f0.02,rand_delta,1,16,235,-224.0,True,20
scale_f0.02,rand_delta,1,17,600,-600.0,False,36
scale_f0.02,rand_delta,1,18,600,-600.0,False,45
scale_f0.02,rand_delta,1,19,58,-47.0,True,31
scale_f0.02,rand_delta,1,20,188,-177.0,True,30
scale_f0.02,rand_delta,1,21,600,-600.0,False,42
scale_f0.02,rand_delta,1,22,19,-8.0,True,12
scale_f0.02,rand_delta,1,23,6,5.0,True,6
scale_f0.02,rand_delta,1,24,187,-176.0,True,26
scale_f0.02,rand_delta,1,25,16,-5.0,True,13
scale_f0.02,rand_delta,1,26,58,-47.0,True,25
scale_f0.02,rand_delta,1,27,267,-256.0,True,33
scale_f0.02,rand_delta,1,28,600,-600.0,False,45
scale_f0.02,rand_delta,1,29,600,-600.0,False,47
scale_f0.02,rand_delta,1,30,11,0.0,True,7
scale_f0.02,rand_delta,1,31,141,-130.0,True,29
scale_f0.02,rand_delta,1,32,28,-17.0,True,28
scale_f0.02,rand_delta,1,33,43,-32.0,True,29
scale_f0.02,rand_delta,1,34,600,-600.0,False,34
scale_f0.02,rand_delta,1,35,9,2.0,True,9
scale_f0.02,rand_delta,1,36,391,-380.0,True,36
scale_f0.02,rand_delta,1,37,600,-600.0,False,44
scale_f0.02,rand_delta,1,38,26,-15.0,True,20
scale_f0.02,rand_delta,1,39,338,-327.0,True,35
scale_f0.02,rand_delta,1,40,20,-9.0,True,20
scale_f0.02,rand_delta,1,41,600,-600.0,False,46
scale_f0.02,rand_delta,1,42,23,-12.0,True,21
scale_f0.02,rand_delta,1,43,171,-160.0,True,32
scale_f0.02,rand_delta,1,44,1,10.0,True,1
scale_f0.02,rand_delta,1,45,182,-171.0,True,12
scale_f0.02,rand_delta,1,46,154,-143.0,True,27
scale_f0.02,rand_delta,1,47,600,-600.0,False,43
scale_f0.02,rand_delta,1,48,19,-8.0,True,17
scale_f0.02,rand_delta,1,49,2,9.0,True,2
scale_f0.02,rand_delta,1,50,600,-600.0,False,53
scale_f0.02,rand_delta,1,51,600,-600.0,False,40
scale_f0.02,rand_delta,1,52,600,-600.0,False,53
scale_f0.02,rand_delta,1,53,279,-268.0,True,38
scale_f0.02,rand_delta,1,54,23,-12.0,True,21
scale_f0.02,rand_delta,1,55,286,-275.0,True,36
scale_f0.02,rand_delta,1,56,362,-351.0,True,39
scale_f0.02,rand_delta,1,57,27,-16.0,True,26
scale_f0.02,rand_delta,1,58,15,-4.0,True,15
scale_f0.02,rand_delta,1,59,9,2.0,True,7
scale_f0.02,rand_delta,1,60,600,-600.0,False,43
scale_f0.02,rand_delta,1,61,130,-119.0,True,41
scale_f0.02,rand_delta,1,62,30,-19.0,True,28
scale_f0.02,rand_delta,1,63,27,-16.0,True,24
scale_f0.02,rand_delta,1,64,335,-324.0,True,36
scale_f0.02,rand_delta,1,65,69,-58.0,True,41
scale_f0.02,rand_delta,1,66,600,-600.0,False,45
scale_f0.02,rand_delta,1,67,600,-600.0,False,41
scale_f0.02,rand_delta,1,68,50,-39.0,True,19
scale_f0.02,rand_delta,1,69,32,-21.0,True,30
scale_f0.02,rand_delta,1,70,142,-131.0,True,33
scale_f0.02,rand_delta,1,71,600,-600.0,False,50
scale_f0.02,rand_delta,1,72,600,-600.0,False,53
scale_f0.02,rand_delta,1,73,600,-600.0,False,47
scale_f0.02,rand_delta,1,74,600,-600.0,False,40
scale_f0.02,rand_delta,1,75,600,-600.0,False,44
scale_f0.02,rand_delta,1,76,34,-23.0,True,14
scale_f0.02,rand_delta,1,77,66,-55.0,True,23
scale_f0.02,rand_delta,1,78,13,-2.0,True,8
scale_f0.02,rand_delta,1,79,11,0.0,True,9
scale_f0.02,rand_delta,1,80,600,-600.0,False,39
scale_f0.02,rand_delta,1,81,600,-600.0,False,45
scale_f0.02,rand_delta,1,82,99,-88.0,True,30
scale_f0.02,rand_delta,1,83,600,-600.0,False,54
scale_f0.02,rand_delta,1,84,172,-161.0,True,30
scale_f0.02,rand_delta,1,85,265,-254.0,True,40
scale_f0.02,rand_delta,1,86,57,-46.0,True,32
scale_f0.02,rand_delta,1,87,600,-600.0,False,46
scale_f0.02,rand_delta,1,88,600,-600.0,False,49
scale_f0.02,rand_delta,1,89,600,-600.0,False,54
scale_f0.02,rand_delta,1,90,13,-2.0,True,13
scale_f0.02,rand_delta,1,91,103,-92.0,True,25
scale_f0.02,rand_delta,1,92,4,7.0,True,3
scale_f0.02,rand_delta,1,93,29,-18.0,True,29
scale_f0.02,rand_delta,1,94,6,5.0,True,6
scale_f0.02,rand_delta,1,95,7,4.0,True,6
scale_f0.02,rand_delta,1,96,600,-600.0,False,55
scale_f0.02,rand_delta,1,97,18,-7.0,True,10
scale_f0.02,rand_delta,1,98,32,-21.0,True,31
scale_f0.02,rand_delta,1,99,600,-600.0,False,39
scale_f0.02,rand_delta,1,100,572,-561.0,True,40
scale_f0.02,rand_delta,1,101,600,-600.0,False,50
scale_f0.02,rand_delta,1,102,42,-31.0,True,26
scale_f0.02,rand_delta,1,103,239,-228.0,True,39
scale_f0.02,rand_delta,1,104,25,-14.0,True,25
scale_f0.02,rand_delta,1,105,202,-191.0,True,45
scale_f0.02,rand_delta,1,106,600,-600.0,False,52
scale_f0.02,rand_delta,1,107,404,-393.0,True,43
scale_f0.02,rand_delta,1,108,600,-600.0,False,42
scale_f0.02,rand_delta,1,109,57,-46.0,True,38
scale_f0.02,rand_delta,1,110,600,-600.0,False,52
scale_f0.02,rand_delta,1,111,22,-11.0,True,22
scale_f0.02,rand_delta,1,112,34,-23.0,True,19
scale_f0.02,rand_delta,1,113,21,-10.0,True,20
scale_f0.02,rand_delta,1,114,23,-12.0,True,21
scale_f0.02,rand_delta,1,115,29,-18.0,True,23
scale_f0.02,rand_delta,1,116,600,-600.0,False,45
scale_f0.02,rand_delta,1,117,14,-3.0,True,8
scale_f0.02,rand_delta,1,118,600,-600.0,False,51
scale_f0.02,rand_delta,1,119,31,-20.0,True,20
scale_f0.02,rand_delta,1,120,35,-24.0,True,31
scale_f0.02,rand_delta,1,121,600,-600.0,False,46
scale_f0.02,rand_delta,1,122,600,-600.0,False,53
scale_f0.02,rand_delta,1,123,600,-600.0,False,39
scale_f0.02,rand_delta,1,124,600,-600.0,False,35
scale_f0.02,rand_delta,1,125,600,-600.0,False,46
scale_f0.02,rand_delta,1,126,38,-27.0,True,24
scale_f0.02,rand_delta,1,127,600,-600.0,False,48
scale_f0.02,rand_delta,1,128,600,-600.0,False,50
scale_f0.02,rand_delta,1,129,41,-30.0,True,29
scale_f0.02,rand_delta,1,130,22,-11.0,True,18
scale_f0.02,rand_delta,1,131,69,-58.0,True,20
scale_f0.02,rand_delta,1,132,600,-600.0,False,33
scale_f0.02,rand_delta,1,133,600,-600.0,False,45
scale_f0.02,rand_delta,1,134,18,-7.0,True,13
scale_f0.02,rand_delta,1,135,600,-600.0,False,59
scale_f0.02,rand_delta,1,136,22,-11.0,True,12
scale_f0.02,rand_delta,1,137,25,-14.0,True,18
scale_f0.02,rand_delta,1,138,33,-22.0,True,23
scale_f0.02,rand_delta,1,139,8,3.0,True,5
scale_f0.02,rand_delta,1,140,600,-600.0,False,50
scale_f0.02,rand_delta,1,141,600,-600.0,False,56
scale_f0.02,rand_delta,1,142,600,-600.0,False,51
scale_f0.02,rand_delta,1,143,62,-51.0,True,22
scale_f0.02,rand_delta,1,144,8,3.0,True,3
scale_f0.02,rand_delta,1,145,52,-41.0,True,34
scale_f0.02,rand_delta,1,146,600,-600.0,False,43
scale_f0.02,rand_delta,1,147,600,-600.0,False,52
scale_f0.02,rand_delta,1,148,60,-49.0,True,37
scale_f0.02,rand_delta,1,149,600,-600.0,False,51
scale_f0.02,rand_delta,1,150,600,-600.0,False,55
scale_f0.02,rand_delta,1,151,42,-31.0,True,21
scale_f0.02,rand_delta,1,152,62,-51.0,True,32
scale_f0.02,rand_delta,1,153,600,-600.0,False,50
scale_f0.02,rand_delta,1,154,31,-20.0,True,24
scale_f0.02,rand_delta,1,155,295,-284.0,True,36
scale_f0.02,rand_delta,1,156,17,-6.0,True,8
scale_f0.02,rand_delta,1,157,21,-10.0,True,17
scale_f0.02,rand_delta,1,158,33,-22.0,True,13
scale_f0.02,rand_delta,1,159,600,-600.0,False,47
scale_f0.02,rand_delta,1,160,423,-412.0,True,38
scale_f0.02,rand_delta,1,161,32,-21.0,True,16
scale_f0.02,rand_delta,1,162,38,-27.0,True,28
scale_f0.02,rand_delta,1,163,51,-40.0,True,38
scale_f0.02,rand_delta,1,164,600,-600.0,False,51
scale_f0.02,rand_delta,1,165,600,-600.0,False,52
scale_f0.02,rand_delta,1,166,22,-11.0,True,16
scale_f0.02,rand_delta,1,167,204,-193.0,True,40
scale_f0.02,rand_delta,1,168,600,-600.0,False,46
scale_f0.02,rand_delta,1,169,28,-17.0,True,26
scale_f0.02,rand_delta,1,170,11,0.0,True,6
scale_f0.02,rand_delta,1,171,19,-8.0,True,16
scale_f0.02,rand_delta,1,172,28,-17.0,True,19
scale_f0.02,rand_delta,1,173,34,-23.0,True,13
scale_f0.02,rand_delta,1,174,600,-600.0,False,39
scale_f0.02,rand_delta,1,175,52,-41.0,True,23
scale_f0.02,rand_delta,1,176,600,-600.0,False,46
scale_f0.02,rand_delta,1,177,600,-600.0,False,42
scale_f0.02,rand_delta,1,178,600,-600.0,False,45
scale_f0.02,rand_delta,1,179,600,-600.0,False,56
scale_f0.02,rand_delta,1,180,32,-21.0,True,18
scale_f0.02,rand_delta,1,181,600,-600.0,False,39
scale_f0.02,rand_delta,1,182,600,-600.0,False,56
scale_f0.02,rand_delta,1,183,600,-600.0,False,51
scale_f0.02,rand_delta,1,184,29,-18.0,True,14
scale_f0.02,rand_delta,1,185,21,-10.0,True,16
scale_f0.02,rand_delta,1,186,12,-1.0,True,8
scale_f0.02,rand_delta,1,187,600,-600.0,False,55
scale_f0.02,rand_delta,1,188,44,-33.0,True,32
scale_f0.02,rand_delta,1,189,171,-160.0,True,42
scale_f0.02,rand_delta,1,190,36,-25.0,True,30
scale_f0.02,rand_delta,1,191,600,-600.0,False,46
scale_f0.02,rand_delta,1,192,600,-600.0,False,50
scale_f0.02,rand_delta,1,193,600,-600.0,False,53
scale_f0.02,rand_delta,1,194,59,-48.0,True,23
scale_f0.02,rand_delta,1,195,600,-600.0,False,45
scale_f0.02,rand_delta,1,196,50,-39.0,True,20
scale_f0.02,rand_delta,1,197,51,-40.0,True,35
scale_f0.02,rand_delta,1,198,525,-514.0,True,44
scale_f0.02,rand_delta,1,199,44,-33.0,True,25
scale_f0.02,rand_delta,1,200,600,-600.0,False,46
scale_f0.02,rand_delta,1,201,600,-600.0,False,43
scale_f0.02,rand_delta,1,202,600,-600.0,False,39
scale_f0.02,rand_delta,1,203,600,-600.0,False,44
scale_f0.02,rand_delta,1,204,600,-600.0,False,57
scale_f0.02,rand_delta,1,205,600,-600.0,False,42
scale_f0.02,rand_delta,1,206,142,-131.0,True,38
scale_f0.02,rand_delta,1,207,600,-600.0,False,43
scale_f0.02,rand_delta,1,208,600,-600.0,False,41
scale_f0.02,rand_delta,1,209,85,-74.0,True,35
scale_f0.02,rand_delta,1,210,600,-600.0,False,49
scale_f0.02,rand_delta,1,211,33,-22.0,True,26
scale_f0.02,rand_delta,1,212,24,-13.0,True,18
scale_f0.02,rand_delta,1,213,600,-600.0,False,39
scale_f0.02,rand_delta,1,214,40,-29.0,True,26
scale_f0.02,rand_delta,1,215,408,-397.0,True,46
scale_f0.02,rand_delta,1,216,39,-28.0,True,28
scale_f0.02,rand_delta,1,217,84,-73.0,True,42
scale_f0.02,rand_delta,1,218,600,-600.0,False,42
scale_f0.02,rand_delta,1,219,600,-600.0,False,53
scale_f0.02,rand_delta,1,220,600,-600.0,False,56
scale_f0.02,rand_delta,1,221,600,-600.0,False,53
scale_f0.02,rand_delta,1,222,27,-16.0,True,20
scale_f0.02,rand_delta,1,223,49,-38.0,True,34
scale_f0.02,rand_delta,1,224,59,-48.0,True,37
scale_f0.02,rand_delta,1,225,60,-49.0,True,30
scale_f0.02,rand_delta,1,226,33,-22.0,True,27
scale_f0.02,rand_delta,1,227,600,-600.0,False,47
scale_f0.02,rand_delta,1,228,600,-600.0,False,51
scale_f0.02,rand_delta,1,229,600,-600.0,False,34
scale_f0.02,rand_delta,1,230,36,-25.0,True,28
scale_f0.02,rand_delta,1,231,45,-34.0,True,36
scale_f0.02,rand_delta,1,232,600,-600.0,False,52
scale_f0.02,rand_delta,1,233,600,-600.0,False,40
scale_f0.02,rand_delta,1,234,600,-600.0,False,45
scale_f0.02,rand_delta,1,235,54,-43.0,True,30
scale_f0.02,rand_delta,1,236,600,-600.0,False,54
scale_f0.02,rand_delta,1,237,600,-600.0,False,39
scale_f0.02,rand_delta,1,238,46,-35.0,True,21
scale_f0.02,rand_delta,1,239,34,-23.0,True,17
scale_f0.02,rand_delta,1,240,13,-2.0,True,5
scale_f0.02,rand_delta,1,241,42,-31.0,True,28
scale_f0.02,rand_delta,1,242,600,-600.0,False,52
scale_f0.02,rand_delta,1,243,24,-13.0,True,9
scale_f0.02,rand_delta,1,244,36,-25.0,True,25
scale_f0.02,rand_delta,1,245,600,-600.0,False,52
scale_f0.02,rand_delta,1,246,35,-24.0,True,22
scale_f0.02,rand_delta,1,247,50,-39.0,True,32
scale_f0.02,rand_delta,1,248,65,-54.0,True,37
scale_f0.02,rand_delta,1,249,600,-600.0,False,36
scale_f0.02,rand_delta,1,250,600,-600.0,False,50
scale_f0.02,rand_delta,1,251,94,-83.0,True,28
scale_f0.02,rand_delta,1,252,62,-51.0,True,30
scale_f0.02,rand_delta,1,253,389,-378.0,True,35
scale_f0.02,rand_delta,1,254,600,-600.0,False,47
scale_f0.02,rand_delta,1,255,38,-27.0,True,30
scale_f0.02,rand_delta,1,256,600,-600.0,False,53
scale_f0.02,rand_delta,1,257,600,-600.0,False,38
scale_f0.02,rand_delta,1,258,600,-600.0,False,46
scale_f0.02,rand_delta,1,259,56,-45.0,True,31
scale_f0.02,rand_delta,1,260,102,-91.0,True,25
scale_f0.02,rand_delta,1,261,600,-600.0,False,45
scale_f0.02,rand_delta,1,262,73,-62.0,True,33
scale_f0.02,rand_delta,1,263,600,-600.0,False,52
scale_f0.02,rand_delta,1,264,600,-600.0,False,43
scale_f0.02,rand_delta,1,265,600,-600.0,False,52
scale_f0.02,rand_delta,1,266,87,-76.0,True,31
scale_f0.02,rand_delta,1,267,33,-22.0,True,13
scale_f0.02,rand_delta,1,268,600,-600.0,False,45
scale_f0.02,rand_delta,1,269,45,-34.0,True,25
scale_f0.02,rand_delta,1,270,30,-19.0,True,15
scale_f0.02,rand_delta,1,271,60,-49.0,True,30
scale_f0.02,rand_delta,1,272,36,-25.0,True,22
scale_f0.02,rand_delta,1,273,600,-600.0,False,55
scale_f0.02,rand_delta,1,274,16,-5.0,True,5
scale_f0.02,rand_delta,1,275,11,0.0,True,7
scale_f0.02,rand_delta,1,276,37,-26.0,True,20
scale_f0.02,rand_delta,1,277,42,-31.0,True,18
scale_f0.02,rand_delta,1,278,600,-600.0,False,56
scale_f0.02,rand_delta,1,279,57,-46.0,True,17
scale_f0.02,rand_delta,1,280,600,-600.0,False,57
scale_f0.02,rand_delta,1,281,54,-43.0,True,33
scale_f0.02,rand_delta,1,282,600,-600.0,False,39
scale_f0.02,rand_delta,1,283,45,-34.0,True,22
scale_f0.02,rand_delta,1,284,12,-1.0,True,8
scale_f0.02,rand_delta,1,285,600,-600.0,False,46
scale_f0.02,rand_delta,1,286,4,7.0,True,3
scale_f0.02,rand_delta,1,287,600,-600.0,False,52
scale_f0.02,rand_delta,1,288,5,6.0,True,5
scale_f0.02,rand_delta,1,289,103,-92.0,True,25
scale_f0.02,rand_delta,1,290,19,-8.0,True,12
scale_f0.02,rand_delta,1,291,40,-29.0,True,23
scale_f0.02,rand_delta,1,292,28,-17.0,True,22
scale_f0.02,rand_delta,1,293,22,-11.0,True,16
scale_f0.02,rand_delta,1,294,600,-600.0,False,56
scale_f0.02,rand_delta,1,295,76,-65.0,True,33
scale_f0.02,rand_delta,1,296,191,-180.0,True,47
scale_f0.02,rand_delta,1,297,328,-317.0,True,41
scale_f0.02,rand_delta,1,298,53,-42.0,True,37
scale_f0.02,rand_delta,1,299,600,-600.0,False,55
scale_f0.02,rand_delta,1,300,337,-326.0,True,44
scale_f0.02,rand_delta,1,301,600,-600.0,False,38
scale_f0.02,rand_delta,1,302,33,-22.0,True,29
scale_f0.02,rand_delta,1,303,299,-288.0,True,45
scale_f0.02,rand_delta,1,304,516,-505.0,True,42
scale_f0.02,rand_delta,1,305,600,-600.0,False,41
scale_f0.02,rand_delta,1,306,41,-30.0,True,29
scale_f0.02,rand_delta,1,307,25,-14.0,True,20
scale_f0.02,rand_delta,1,308,39,-28.0,True,28
scale_f0.02,rand_delta,1,309,600,-600.0,False,44
scale_f0.02,rand_delta,1,310,600,-600.0,False,51
scale_f0.02,rand_delta,1,311,28,-17.0,True,21
scale_f0.02,rand_delta,1,312,600,-600.0,False,55
scale_f0.02,rand_delta,1,313,29,-18.0,True,21
scale_f0.02,rand_delta,1,314,600,-600.0,False,50
scale_f0.02,rand_delta,1,315,48,-37.0,True,16
scale_f0.02,rand_delta,1,316,600,-600.0,False,50
scale_f0.02,rand_delta,1,317,57,-46.0,True,26
scale_f0.02,rand_delta,1,318,12,-1.0,True,5
scale_f0.02,rand_delta,1,319,10,1.0,True,9
scale_f0.02,rand_delta,1,320,45,-34.0,True,19
scale_f0.02,rand_delta,1,321,47,-36.0,True,27
scale_f0.02,rand_delta,1,322,600,-600.0,False,53
scale_f0.02,rand_delta,1,323,60,-49.0,True,21
scale_f0.02,rand_delta,1,324,600,-600.0,False,53
scale_f0.02,rand_delta,1,325,600,-600.0,False,50
scale_f0.02,rand_delta,1,326,600,-600.0,False,48
scale_f0.02,rand_delta,1,327,37,-26.0,True,29
scale_f0.02,rand_delta,1,328,600,-600.0,False,53
scale_f0.02,rand_delta,1,329,600,-600.0,False,45
scale_f0.02,rand_delta,1,330,600,-600.0,False,53
scale_f0.02,rand_delta,1,331,22,-11.0,True,6
scale_f0.02,rand_delta,1,332,120,-109.0,True,35
scale_f0.02,rand_delta,1,333,600,-600.0,False,55
scale_f0.02,rand_delta,1,334,600,-600.0,False,46
scale_f0.02,rand_delta,1,335,29,-18.0,True,19
scale_f0.02,rand_delta,1,336,80,-69.0,True,21
scale_f0.02,rand_delta,1,337,600,-600.0,False,41
scale_f0.02,rand_delta,1,338,600,-600.0,False,57
scale_f0.02,rand_delta,1,339,600,-600.0,False,42
scale_f0.02,rand_delta,1,340,7,4.0,True,6
scale_f0.02,rand_delta,1,341,600,-600.0,False,57
scale_f0.02,rand_delta,1,342,600,-600.0,False,54
scale_f0.02,rand_delta,1,343,46,-35.0,True,30
scale_f0.02,rand_delta,1,344,600,-600.0,False,45
scale_f0.02,rand_delta,1,345,34,-23.0,True,18
scale_f0.02,rand_delta,1,346,25,-14.0,True,19
scale_f0.02,rand_delta,1,347,600,-600.0,False,45
scale_f0.02,rand_delta,1,348,109,-98.0,True,35
scale_f0.02,rand_delta,1,349,27,-16.0,True,21
scale_f0.02,rand_delta,1,350,600,-600.0,False,44
scale_f0.02,rand_delta,1,351,600,-600.0,False,46
scale_f0.02,rand_delta,1,352,27,-16.0,True,19
scale_f0.02,rand_delta,1,353,41,-30.0,True,15
scale_f0.02,rand_delta,1,354,15,-4.0,True,13
scale_f0.02,rand_delta,1,355,39,-28.0,True,16
scale_f0.02,rand_delta,1,356,31,-20.0,True,29
scale_f0.02,rand_delta,1,357,600,-600.0,False,51
scale_f0.02,rand_delta,1,358,600,-600.0,False,56
scale_f0.02,rand_delta,1,359,600,-600.0,False,48
scale_f0.02,rand_delta,1,360,47,-36.0,True,20
scale_f0.02,rand_delta,1,361,600,-600.0,False,56
scale_f0.02,rand_delta,1,362,600,-600.0,False,45
scale_f0.02,rand_delta,1,363,32,-21.0,True,19
scale_f0.02,rand_delta,1,364,203,-192.0,True,45
scale_f0.02,rand_delta,1,365,38,-27.0,True,19
scale_f0.02,rand_delta,1,366,43,-32.0,True,28
scale_f0.02,rand_delta,1,367,600,-600.0,False,41
scale_f0.02,rand_delta,1,368,25,-14.0,True,16
scale_f0.02,rand_delta,1,369,237,-226.0,True,46
scale_f0.02,rand_delta,1,370,4,7.0,True,4
scale_f0.02,rand_delta,1,371,600,-600.0,False,41
scale_f0.02,rand_delta,1,372,600,-600.0,False,56
scale_f0.02,rand_delta,1,373,68,-57.0,True,29
scale_f0.02,rand_delta,1,374,51,-40.0,True,22
scale_f0.02,rand_delta,1,375,46,-35.0,True,34
scale_f0.02,rand_delta,1,376,32,-21.0,True,23
scale_f0.02,rand_delta,1,377,45,-34.0,True,17
scale_f0.02,rand_delta,1,378,42,-31.0,True,24
scale_f0.02,rand_delta,1,379,70,-59.0,True,34
scale_f0.02,rand_delta,1,380,17,-6.0,True,13
scale_f0.02,rand_delta,1,381,600,-600.0,False,44
scale_f0.02,rand_delta,1,382,29,-18.0,True,27
scale_f0.02,rand_delta,1,383,600,-600.0,False,50
scale_f0.02,rand_delta,1,384,21,-10.0,True,17
scale_f0.02,rand_delta,1,385,600,-600.0,False,48
scale_f0.02,rand_delta,1,386,600,-600.0,False,52
scale_f0.02,rand_delta,1,387,600,-600.0,False,54
scale_f0.02,rand_delta,1,388,80,-69.0,True,37
scale_f0.02,rand_delta,1,389,600,-600.0,False,56
scale_f0.02,rand_delta,1,390,54,-43.0,True,27
scale_f0.02,rand_delta,1,391,600,-600.0,False,55
scale_f0.02,rand_delta,1,392,134,-123.0,True,41
scale_f0.02,rand_delta,1,393,1,10.0,True,1
scale_f0.02,rand_delta,1,394,600,-600.0,False,53
scale_f0.02,rand_delta,1,395,600,-600.0,False,52
scale_f0.02,rand_delta,1,396,30,-19.0,True,26
scale_f0.02,rand_delta,1,397,37,-26.0,True,20
scale_f0.02,rand_delta,1,398,600,-600.0,False,55
scale_f0.02,rand_delta,1,399,600,-600.0,False,48
scale_f0.02,rand_delta,1,400,47,-36.0,True,40
scale_f0.02,rand_delta,1,401,11,0.0,True,10
scale_f0.02,rand_delta,1,402,137,-126.0,True,43
scale_f0.02,rand_delta,1,403,600,-600.0,False,54
scale_f0.02,rand_delta,1,404,122,-111.0,True,34
scale_f0.02,rand_delta,1,405,34,-23.0,True,23
scale_f0.02,rand_delta,1,406,600,-600.0,False,52
scale_f0.02,rand_delta,1,407,43,-32.0,True,25
scale_f0.02,rand_delta,1,408,58,-47.0,True,32
scale_f0.02,rand_delta,1,409,600,-600.0,False,37
scale_f0.02,rand_delta,1,410,79,-68.0,True,25
scale_f0.02,rand_delta,1,411,39,-28.0,True,21
scale_f0.02,rand_delta,1,412,42,-31.0,True,34
scale_f0.02,rand_delta,1,413,600,-600.0,False,41
scale_f0.02,rand_delta,1,414,600,-600.0,False,41
scale_f0.02,rand_delta,1,415,46,-35.0,True,37
scale_f0.02,rand_delta,1,416,38,-27.0,True,26
scale_f0.02,rand_delta,1,417,600,-600.0,False,52
scale_f0.02,rand_delta,1,418,600,-600.0,False,43
scale_f0.02,rand_delta,1,419,47,-36.0,True,38
scale_f0.02,rand_delta,1,420,48,-37.0,True,39
scale_f0.02,rand_delta,1,421,81,-70.0,True,21
scale_f0.02,rand_delta,1,422,15,-4.0,True,15
scale_f0.02,rand_delta,1,423,600,-600.0,False,39
scale_f0.02,rand_delta,1,424,37,-26.0,True,24
scale_f0.02,rand_delta,1,425,600,-600.0,False,55
scale_f0.02,rand_delta,1,426,50,-39.0,True,30
scale_f0.02,rand_delta,1,427,126,-115.0,True,42
scale_f0.02,rand_delta,1,428,13,-2.0,True,10
scale_f0.02,rand_delta,1,429,600,-600.0,False,39
scale_f0.02,rand_delta,1,430,39,-28.0,True,19
scale_f0.02,rand_delta,1,431,19,-8.0,True,19
scale_f0.02,rand_delta,1,432,41,-30.0,True,29
scale_f0.02,rand_delta,1,433,600,-600.0,False,54
scale_f0.02,rand_delta,1,434,37,-26.0,True,26
scale_f0.02,rand_delta,1,435,593,-582.0,True,41
scale_f0.02,rand_delta,1,436,32,-21.0,True,25
scale_f0.02,rand_delta,1,437,46,-35.0,True,23
scale_f0.02,rand_delta,1,438,114,-103.0,True,36
scale_f0.02,rand_delta,1,439,39,-28.0,True,23
scale_f0.02,rand_delta,1,440,600,-600.0,False,52
scale_f0.02,rand_delta,1,441,34,-23.0,True,20
scale_f0.02,rand_delta,1,442,600,-600.0,False,46
scale_f0.02,rand_delta,1,443,600,-600.0,False,52
scale_f0.02,rand_delta,1,444,36,-25.0,True,16
scale_f0.02,rand_delta,1,445,49,-38.0,True,34
scale_f0.02,rand_delta,1,446,47,-36.0,True,39
scale_f0.02,rand_delta,1,447,36,-25.0,True,23
scale_f0.02,rand_delta,1,448,144,-133.0,True,39
scale_f0.02,rand_delta,1,449,600,-600.0,False,49
scale_f0.02,rand_delta,1,450,35,-24.0,True,21
scale_f0.02,rand_delta,1,451,600,-600.0,False,54
scale_f0.02,rand_delta,1,452,54,-43.0,True,38
scale_f0.02,rand_delta,1,453,55,-44.0,True,25
scale_f0.02,rand_delta,1,454,33,-22.0,True,22
scale_f0.02,rand_delta,1,455,51,-40.0,True,30
scale_f0.02,rand_delta,1,456,1,10.0,True,1
scale_f0.02,rand_delta,1,457,28,-17.0,True,19
scale_f0.02,rand_delta,1,458,18,-7.0,True,16
scale_f0.02,rand_delta,1,459,11,0.0,True,11
scale_f0.02,rand_delta,1,460,335,-324.0,True,35
scale_f0.02,rand_delta,1,461,600,-600.0,False,59
scale_f0.02,rand_delta,1,462,33,-22.0,True,18
scale_f0.02,rand_delta,1,463,5,6.0,True,5
scale_f0.02,rand_delta,1,464,44,-33.0,True,30
scale_f0.02,rand_delta,1,465,29,-18.0,True,15
scale_f0.02,rand_delta,1,466,22,-11.0,True,20
scale_f0.02,rand_delta,1,467,600,-600.0,False,41
scale_f0.02,rand_delta,1,468,600,-600.0,False,43
scale_f0.02,rand_delta,1,469,39,-28.0,True,26
scale_f0.02,rand_delta,1,470,600,-600.0,False,54
scale_f0.02,rand_delta,1,471,31,-20.0,True,21
scale_f0.02,rand_delta,1,472,600,-600.0,False,57
scale_f0.02,rand_delta,1,473,35,-24.0,True,29
scale_f0.02,rand_delta,1,474,44,-33.0,True,28
scale_f0.02,rand_delta,1,475,38,-27.0,True,24
scale_f0.02,rand_delta,1,476,600,-600.0,False,46
scale_f0.02,rand_delta,1,477,600,-600.0,False,44
scale_f0.02,rand_delta,1,478,600,-600.0,False,51
scale_f0.02,rand_delta,1,479,12,-1.0,True,9
scale_f0.02,rand_delta,1,480,71,-60.0,True,33
scale_f0.02,rand_delta,1,481,600,-600.0,False,41
scale_f0.02,rand_delta,1,482,600,-600.0,False,55
scale_f0.02,rand_delta,1,483,59,-48.0,True,26
scale_f0.02,rand_delta,1,484,43,-32.0,True,39
scale_f0.02,rand_delta,1,485,37,-26.0,True,32
scale_f0.02,rand_delta,1,486,36,-25.0,True,16
scale_f0.02,rand_delta,1,487,49,-38.0,True,40
scale_f0.02,rand_delta,1,488,600,-600.0,False,43
scale_f0.02,rand_delta,1,489,47,-36.0,True,22
scale_f0.02,rand_delta,1,490,17,-6.0,True,15
scale_f0.02,rand_delta,1,491,36,-25.0,True,26
scale_f0.02,rand_delta,1,492,600,-600.0,False,57
scale_f0.02,rand_delta,1,493,47,-36.0,True,28
scale_f0.02,rand_delta,1,494,600,-600.0,False,42
scale_f0.02,rand_delta,1,495,49,-38.0,True,28
scale_f0.02,rand_delta,1,496,46,-35.0,True,30
scale_f0.02,rand_delta,1,497,38,-27.0,True,26
scale_f0.02,rand_delta,1,498,600,-600.0,False,45
scale_f0.02,rand_delta,1,499,45,-34.0,True,30
scale_f0.02,rand_delta,1,500,48,-37.0,True,22
scale_f0.02,rand_delta,1,501,196,-185.0,True,32
scale_f0.02,rand_delta,1,502,45,-34.0,True,36
scale_f0.02,rand_delta,1,503,57,-46.0,True,33
scale_f0.02,rand_delta,1,504,5,6.0,True,4
scale_f0.02,rand_delta,1,505,600,-600.0,False,52
scale_f0.02,rand_delta,1,506,60,-49.0,True,33
scale_f0.02,rand_delta,1,507,36,-25.0,True,33
scale_f0.02,rand_delta,1,508,39,-28.0,True,31
scale_f0.02,rand_delta,1,509,600,-600.0,False,49
scale_f0.02,rand_delta,1,510,20,-9.0,True,16
scale_f0.02,rand_delta,1,511,144,-133.0,True,35
scale_f0.02,rand_delta,1,512,34,-23.0,True,31
scale_f0.02,rand_delta,1,513,248,-237.0,True,42
scale_f0.02,rand_delta,1,514,600,-600.0,False,55
scale_f0.02,rand_delta,1,515,49,-38.0,True,36
scale_f0.02,rand_delta,1,516,31,-20.0,True,25
scale_f0.02,rand_delta,1,517,38,-27.0,True,34
scale_f0.02,rand_delta,1,518,37,-26.0,True,24
scale_f0.02,rand_delta,1,519,36,-25.0,True,31
scale_f0.02,rand_delta,1,520,53,-42.0,True,36
scale_f0.02,rand_delta,1,521,600,-600.0,False,46
scale_f0.02,rand_delta,1,522,600,-600.0,False,59
scale_f0.02,rand_delta,1,523,58,-47.0,True,40
scale_f0.02,rand_delta,1,524,58,-47.0,True,36
scale_f0.02,rand_delta,1,525,9,2.0,True,9
scale_f0.02,rand_delta,1,526,80,-69.0,True,36
scale_f0.02,rand_delta,1,527,10,1.0,True,9
scale_f0.02,rand_delta,1,528,600,-600.0,False,46
scale_f0.02,rand_delta,1,529,600,-600.0,False,56
scale_f0.02,rand_delta,1,530,52,-41.0,True,37
scale_f0.02,rand_delta,1,531,600,-600.0,False,52
scale_f0.02,rand_delta,1,532,600,-600.0,False,54
scale_f0.02,rand_delta,1,533,600,-600.0,False,49
scale_f0.02,rand_delta,1,534,6,5.0,True,6
scale_f0.02,rand_delta,1,535,26,-15.0,True,17
scale_f0.02,rand_delta,1,536,600,-600.0,False,52
scale_f0.02,rand_delta,1,537,39,-28.0,True,21
scale_f0.02,rand_delta,1,538,81,-70.0,True,40
scale_f0.02,rand_delta,1,539,48,-37.0,True,38
scale_f0.02,rand_delta,1,540,36,-25.0,True,25
scale_f0.02,rand_delta,1,541,31,-20.0,True,28
scale_f0.02,rand_delta,1,542,42,-31.0,True,20
scale_f0.02,rand_delta,1,543,190,-179.0,True,38
scale_f0.02,rand_delta,1,544,2,9.0,True,2
scale_f0.02,rand_delta,1,545,16,-5.0,True,16
scale_f0.02,rand_delta,1,546,49,-38.0,True,15
scale_f0.02,rand_delta,1,547,39,-28.0,True,37
scale_f0.02,rand_delta,1,548,37,-26.0,True,33
scale_f0.02,rand_delta,1,549,29,-18.0,True,24
scale_f0.02,rand_delta,1,550,43,-32.0,True,29
scale_f0.02,rand_delta,1,551,45,-34.0,True,40
scale_f0.02,rand_delta,1,552,600,-600.0,False,49
scale_f0.02,rand_delta,1,553,12,-1.0,True,12
scale_f0.02,rand_delta,1,554,600,-600.0,False,44
scale_f0.02,rand_delta,1,555,29,-18.0,True,20
scale_f0.02,rand_delta,1,556,4,7.0,True,4
scale_f0.02,rand_delta,1,557,23,-12.0,True,22
scale_f0.02,rand_delta,1,558,600,-600.0,False,47
scale_f0.02,rand_delta,1,559,28,-17.0,True,26
scale_f0.02,rand_delta,1,560,37,-26.0,True,31
scale_f0.02,rand_delta,1,561,600,-600.0,False,44
scale_f0.02,rand_delta,1,562,2,9.0,True,2
scale_f0.02,rand_delta,1,563,600,-600.0,False,54
scale_f0.02,rand_delta,1,564,15,-4.0,True,15
scale_f0.02,rand_delta,1,565,12,-1.0,True,12
scale_f0.02,rand_delta,1,566,600,-600.0,False,46
scale_f0.02,rand_delta,1,567,55,-44.0,True,36
scale_f0.02,rand_delta,1,568,600,-600.0,False,44
scale_f0.02,rand_delta,1,569,600,-600.0,False,47
scale_f0.02,rand_delta,1,570,51,-40.0,True,40
scale_f0.02,rand_delta,1,571,600,-600.0,False,46
scale_f0.02,rand_delta,1,572,3,8.0,True,3
scale_f0.02,rand_delta,1,573,43,-32.0,True,25
scale_f0.02,rand_delta,1,574,4,7.0,True,4
scale_f0.02,rand_delta,1,575,600,-600.0,False,48
scale_f0.02,rand_delta,1,576,39,-28.0,True,26
scale_f0.02,rand_delta,1,577,25,-14.0,True,17
scale_f0.02,rand_delta,1,578,41,-30.0,True,40
scale_f0.02,rand_delta,1,579,42,-31.0,True,23
scale_f0.02,rand_delta,1,580,11,0.0,True,8
scale_f0.02,rand_delta,1,581,27,-16.0,True,24
scale_f0.02,rand_delta,1,582,16,-5.0,True,16
scale_f0.02,rand_delta,1,583,43,-32.0,True,25
scale_f0.02,rand_delta,1,584,308,-297.0,True,44
scale_f0.02,rand_delta,1,585,48,-37.0,True,32
scale_f0.02,rand_delta,1,586,36,-25.0,True,26
scale_f0.02,rand_delta,1,587,17,-6.0,True,17
scale_f0.02,rand_delta,1,588,31,-20.0,True,19
scale_f0.02,rand_delta,1,589,600,-600.0,False,50
scale_f0.02,rand_delta,1,590,8,3.0,True,8
scale_f0.02,rand_delta,1,591,35,-24.0,True,25
scale_f0.02,rand_delta,1,592,40,-29.0,True,23
scale_f0.02,rand_delta,1,593,600,-600.0,False,51
scale_f0.02,rand_delta,1,594,600,-600.0,False,43
scale_f0.02,rand_delta,1,595,600,-600.0,False,52
scale_f0.02,rand_delta,1,596,600,-600.0,False,50
scale_f0.02,rand_delta,1,597,36,-25.0,True,32
scale_f0.02,rand_delta,1,598,600,-600.0,False,52
scale_f0.02,rand_delta,1,599,28,-17.0,True,24
scale_f0.02,kc_delta,2,0,600,-600.0,False,19
scale_f0.02,kc_delta,2,1,600,-600.0,False,40
scale_f0.02,kc_delta,2,2,375,-364.0,True,14
scale_f0.02,kc_delta,2,3,528,-517.0,True,30
scale_f0.02,kc_delta,2,4,600,-600.0,False,57
scale_f0.02,kc_delta,2,5,241,-230.0,True,19
scale_f0.02,kc_delta,2,6,375,-364.0,True,15
scale_f0.02,kc_delta,2,7,600,-600.0,False,41
scale_f0.02,kc_delta,2,8,64,-53.0,True,13
scale_f0.02,kc_delta,2,9,600,-600.0,False,35
scale_f0.02,kc_delta,2,10,600,-600.0,False,45
scale_f0.02,kc_delta,2,11,110,-99.0,True,20
scale_f0.02,kc_delta,2,12,447,-436.0,True,29
scale_f0.02,kc_delta,2,13,600,-600.0,False,52
scale_f0.02,kc_delta,2,14,600,-600.0,False,21
scale_f0.02,kc_delta,2,15,600,-600.0,False,52
scale_f0.02,kc_delta,2,16,72,-61.0,True,8
scale_f0.02,kc_delta,2,17,600,-600.0,False,25
scale_f0.02,kc_delta,2,18,173,-162.0,True,13
scale_f0.02,kc_delta,2,19,387,-376.0,True,23
scale_f0.02,kc_delta,2,20,352,-341.0,True,24
scale_f0.02,kc_delta,2,21,600,-600.0,False,58
scale_f0.02,kc_delta,2,22,395,-384.0,True,30
scale_f0.02,kc_delta,2,23,598,-587.0,True,32
scale_f0.02,kc_delta,2,24,9,2.0,True,4
scale_f0.02,kc_delta,2,25,95,-84.0,True,27
scale_f0.02,kc_delta,2,26,335,-324.0,True,22
scale_f0.02,kc_delta,2,27,4,7.0,True,4
scale_f0.02,kc_delta,2,28,38,-27.0,True,24
scale_f0.02,kc_delta,2,29,261,-250.0,True,34
scale_f0.02,kc_delta,2,30,46,-35.0,True,20
scale_f0.02,kc_delta,2,31,600,-600.0,False,40
scale_f0.02,kc_delta,2,32,600,-600.0,False,34
scale_f0.02,kc_delta,2,33,600,-600.0,False,54
scale_f0.02,kc_delta,2,34,600,-600.0,False,53
scale_f0.02,kc_delta,2,35,34,-23.0,True,11
scale_f0.02,kc_delta,2,36,124,-113.0,True,17
scale_f0.02,kc_delta,2,37,600,-600.0,False,45
scale_f0.02,kc_delta,2,38,600,-600.0,False,48
scale_f0.02,kc_delta,2,39,600,-600.0,False,37
scale_f0.02,kc_delta,2,40,570,-559.0,True,29
scale_f0.02,kc_delta,2,41,498,-487.0,True,33
scale_f0.02,kc_delta,2,42,600,-600.0,False,50
scale_f0.02,kc_delta,2,43,363,-352.0,True,16
scale_f0.02,kc_delta,2,44,227,-216.0,True,31
scale_f0.02,kc_delta,2,45,465,-454.0,True,37
scale_f0.02,kc_delta,2,46,42,-31.0,True,24
scale_f0.02,kc_delta,2,47,600,-600.0,False,45
scale_f0.02,kc_delta,2,48,186,-175.0,True,30
scale_f0.02,kc_delta,2,49,600,-600.0,False,35
scale_f0.02,kc_delta,2,50,408,-397.0,True,34
scale_f0.02,kc_delta,2,51,600,-600.0,False,51
scale_f0.02,kc_delta,2,52,600,-600.0,False,39
scale_f0.02,kc_delta,2,53,600,-600.0,False,46
scale_f0.02,kc_delta,2,54,27,-16.0,True,19
scale_f0.02,kc_delta,2,55,600,-600.0,False,42
scale_f0.02,kc_delta,2,56,600,-600.0,False,55
scale_f0.02,kc_delta,2,57,600,-600.0,False,44
scale_f0.02,kc_delta,2,58,600,-600.0,False,40
scale_f0.02,kc_delta,2,59,186,-175.0,True,29
scale_f0.02,kc_delta,2,60,600,-600.0,False,46
scale_f0.02,kc_delta,2,61,52,-41.0,True,15
scale_f0.02,kc_delta,2,62,118,-107.0,True,22
scale_f0.02,kc_delta,2,63,600,-600.0,False,59
scale_f0.02,kc_delta,2,64,600,-600.0,False,28
scale_f0.02,kc_delta,2,65,337,-326.0,True,34
scale_f0.02,kc_delta,2,66,226,-215.0,True,29
scale_f0.02,kc_delta,2,67,600,-600.0,False,39
scale_f0.02,kc_delta,2,68,600,-600.0,False,44
scale_f0.02,kc_delta,2,69,23,-12.0,True,19
scale_f0.02,kc_delta,2,70,107,-96.0,True,30
scale_f0.02,kc_delta,2,71,600,-600.0,False,44
scale_f0.02,kc_delta,2,72,39,-28.0,True,20
scale_f0.02,kc_delta,2,73,89,-78.0,True,31
scale_f0.02,kc_delta,2,74,600,-600.0,False,56
scale_f0.02,kc_delta,2,75,32,-21.0,True,19
scale_f0.02,kc_delta,2,76,600,-600.0,False,28
scale_f0.02,kc_delta,2,77,600,-600.0,False,37
scale_f0.02,kc_delta,2,78,600,-600.0,False,37
scale_f0.02,kc_delta,2,79,137,-126.0,True,32
scale_f0.02,kc_delta,2,80,600,-600.0,False,39
scale_f0.02,kc_delta,2,81,26,-15.0,True,20
scale_f0.02,kc_delta,2,82,600,-600.0,False,45
scale_f0.02,kc_delta,2,83,99,-88.0,True,24
scale_f0.02,kc_delta,2,84,600,-600.0,False,45
scale_f0.02,kc_delta,2,85,18,-7.0,True,11
scale_f0.02,kc_delta,2,86,600,-600.0,False,48
scale_f0.02,kc_delta,2,87,64,-53.0,True,20
scale_f0.02,kc_delta,2,88,26,-15.0,True,20
scale_f0.02,kc_delta,2,89,28,-17.0,True,24
scale_f0.02,kc_delta,2,90,600,-600.0,False,54
scale_f0.02,kc_delta,2,91,600,-600.0,False,37
scale_f0.02,kc_delta,2,92,600,-600.0,False,34
scale_f0.02,kc_delta,2,93,600,-600.0,False,45
scale_f0.02,kc_delta,2,94,30,-19.0,True,7
scale_f0.02,kc_delta,2,95,69,-58.0,True,21
scale_f0.02,kc_delta,2,96,600,-600.0,False,37
scale_f0.02,kc_delta,2,97,600,-600.0,False,46
scale_f0.02,kc_delta,2,98,600,-600.0,False,41
scale_f0.02,kc_delta,2,99,600,-600.0,False,44
scale_f0.02,kc_delta,2,100,600,-600.0,False,35
scale_f0.02,kc_delta,2,101,600,-600.0,False,44
scale_f0.02,kc_delta,2,102,600,-600.0,False,40
scale_f0.02,kc_delta,2,103,600,-600.0,False,48
scale_f0.02,kc_delta,2,104,32,-21.0,True,17
scale_f0.02,kc_delta,2,105,600,-600.0,False,44
scale_f0.02,kc_delta,2,106,600,-600.0,False,54
scale_f0.02,kc_delta,2,107,169,-158.0,True,31
scale_f0.02,kc_delta,2,108,600,-600.0,False,58
scale_f0.02,kc_delta,2,109,600,-600.0,False,50
scale_f0.02,kc_delta,2,110,600,-600.0,False,44
scale_f0.02,kc_delta,2,111,600,-600.0,False,45
scale_f0.02,kc_delta,2,112,335,-324.0,True,30
scale_f0.02,kc_delta,2,113,600,-600.0,False,45
scale_f0.02,kc_delta,2,114,600,-600.0,False,36
scale_f0.02,kc_delta,2,115,600,-600.0,False,45
scale_f0.02,kc_delta,2,116,44,-33.0,True,25
scale_f0.02,kc_delta,2,117,600,-600.0,False,41
scale_f0.02,kc_delta,2,118,600,-600.0,False,39
scale_f0.02,kc_delta,2,119,600,-600.0,False,40
scale_f0.02,kc_delta,2,120,68,-57.0,True,18
scale_f0.02,kc_delta,2,121,76,-65.0,True,20
scale_f0.02,kc_delta,2,122,600,-600.0,False,41
scale_f0.02,kc_delta,2,123,550,-539.0,True,34
scale_f0.02,kc_delta,2,124,600,-600.0,False,50
scale_f0.02,kc_delta,2,125,7,4.0,True,6
scale_f0.02,kc_delta,2,126,28,-17.0,True,8
scale_f0.02,kc_delta,2,127,600,-600.0,False,54
scale_f0.02,kc_delta,2,128,600,-600.0,False,38
scale_f0.02,kc_delta,2,129,127,-116.0,True,25
scale_f0.02,kc_delta,2,130,270,-259.0,True,31
scale_f0.02,kc_delta,2,131,392,-381.0,True,31
scale_f0.02,kc_delta,2,132,22,-11.0,True,7
scale_f0.02,kc_delta,2,133,600,-600.0,False,40
scale_f0.02,kc_delta,2,134,70,-59.0,True,30
scale_f0.02,kc_delta,2,135,40,-29.0,True,13
scale_f0.02,kc_delta,2,136,600,-600.0,False,43
scale_f0.02,kc_delta,2,137,600,-600.0,False,46
scale_f0.02,kc_delta,2,138,600,-600.0,False,53
scale_f0.02,kc_delta,2,139,249,-238.0,True,32
scale_f0.02,kc_delta,2,140,23,-12.0,True,19
scale_f0.02,kc_delta,2,141,53,-42.0,True,21
scale_f0.02,kc_delta,2,142,600,-600.0,False,54
scale_f0.02,kc_delta,2,143,24,-13.0,True,8
scale_f0.02,kc_delta,2,144,600,-600.0,False,48
scale_f0.02,kc_delta,2,145,155,-144.0,True,24
scale_f0.02,kc_delta,2,146,600,-600.0,False,37
scale_f0.02,kc_delta,2,147,600,-600.0,False,56
scale_f0.02,kc_delta,2,148,32,-21.0,True,12
scale_f0.02,kc_delta,2,149,600,-600.0,False,39
scale_f0.02,kc_delta,2,150,166,-155.0,True,33
scale_f0.02,kc_delta,2,151,111,-100.0,True,26
scale_f0.02,kc_delta,2,152,600,-600.0,False,54
scale_f0.02,kc_delta,2,153,600,-600.0,False,38
scale_f0.02,kc_delta,2,154,600,-600.0,False,37
scale_f0.02,kc_delta,2,155,48,-37.0,True,26
scale_f0.02,kc_delta,2,156,15,-4.0,True,14
scale_f0.02,kc_delta,2,157,600,-600.0,False,52
scale_f0.02,kc_delta,2,158,24,-13.0,True,21
scale_f0.02,kc_delta,2,159,44,-33.0,True,10
scale_f0.02,kc_delta,2,160,600,-600.0,False,35
scale_f0.02,kc_delta,2,161,19,-8.0,True,14
scale_f0.02,kc_delta,2,162,29,-18.0,True,21
scale_f0.02,kc_delta,2,163,24,-13.0,True,17
scale_f0.02,kc_delta,2,164,15,-4.0,True,13
scale_f0.02,kc_delta,2,165,150,-139.0,True,25
scale_f0.02,kc_delta,2,166,600,-600.0,False,54
scale_f0.02,kc_delta,2,167,42,-31.0,True,25
scale_f0.02,kc_delta,2,168,600,-600.0,False,53
scale_f0.02,kc_delta,2,169,65,-54.0,True,17
scale_f0.02,kc_delta,2,170,600,-600.0,False,51
scale_f0.02,kc_delta,2,171,600,-600.0,False,54
scale_f0.02,kc_delta,2,172,116,-105.0,True,28
scale_f0.02,kc_delta,2,173,600,-600.0,False,38
scale_f0.02,kc_delta,2,174,24,-13.0,True,19
scale_f0.02,kc_delta,2,175,600,-600.0,False,38
scale_f0.02,kc_delta,2,176,20,-9.0,True,17
scale_f0.02,kc_delta,2,177,600,-600.0,False,41
scale_f0.02,kc_delta,2,178,600,-600.0,False,58
scale_f0.02,kc_delta,2,179,600,-600.0,False,43
scale_f0.02,kc_delta,2,180,600,-600.0,False,47
scale_f0.02,kc_delta,2,181,27,-16.0,True,14
scale_f0.02,kc_delta,2,182,58,-47.0,True,25
scale_f0.02,kc_delta,2,183,600,-600.0,False,47
scale_f0.02,kc_delta,2,184,217,-206.0,True,29
scale_f0.02,kc_delta,2,185,25,-14.0,True,20
scale_f0.02,kc_delta,2,186,600,-600.0,False,47
scale_f0.02,kc_delta,2,187,600,-600.0,False,51
scale_f0.02,kc_delta,2,188,600,-600.0,False,43
scale_f0.02,kc_delta,2,189,166,-155.0,True,30
scale_f0.02,kc_delta,2,190,600,-600.0,False,49
scale_f0.02,kc_delta,2,191,98,-87.0,True,33
scale_f0.02,kc_delta,2,192,36,-25.0,True,19
scale_f0.02,kc_delta,2,193,335,-324.0,True,26
scale_f0.02,kc_delta,2,194,600,-600.0,False,56
scale_f0.02,kc_delta,2,195,600,-600.0,False,36
scale_f0.02,kc_delta,2,196,215,-204.0,True,31
scale_f0.02,kc_delta,2,197,44,-33.0,True,29
scale_f0.02,kc_delta,2,198,600,-600.0,False,50
scale_f0.02,kc_delta,2,199,600,-600.0,False,38
scale_f0.02,kc_delta,2,200,600,-600.0,False,55
scale_f0.02,kc_delta,2,201,104,-93.0,True,24
scale_f0.02,kc_delta,2,202,143,-132.0,True,30
scale_f0.02,kc_delta,2,203,34,-23.0,True,21
scale_f0.02,kc_delta,2,204,59,-48.0,True,30
scale_f0.02,kc_delta,2,205,44,-33.0,True,23
scale_f0.02,kc_delta,2,206,9,2.0,True,9
scale_f0.02,kc_delta,2,207,71,-60.0,True,33
scale_f0.02,kc_delta,2,208,11,0.0,True,11
scale_f0.02,kc_delta,2,209,600,-600.0,False,57
scale_f0.02,kc_delta,2,210,54,-43.0,True,20
scale_f0.02,kc_delta,2,211,374,-363.0,True,36
scale_f0.02,kc_delta,2,212,15,-4.0,True,9
scale_f0.02,kc_delta,2,213,600,-600.0,False,53
scale_f0.02,kc_delta,2,214,48,-37.0,True,19
scale_f0.02,kc_delta,2,215,600,-600.0,False,51
scale_f0.02,kc_delta,2,216,37,-26.0,True,17
scale_f0.02,kc_delta,2,217,149,-138.0,True,23
scale_f0.02,kc_delta,2,218,600,-600.0,False,51
scale_f0.02,kc_delta,2,219,600,-600.0,False,39
scale_f0.02,kc_delta,2,220,8,3.0,True,5
scale_f0.02,kc_delta,2,221,41,-30.0,True,22
scale_f0.02,kc_delta,2,222,85,-74.0,True,32
scale_f0.02,kc_delta,2,223,600,-600.0,False,40
scale_f0.02,kc_delta,2,224,100,-89.0,True,28
scale_f0.02,kc_delta,2,225,600,-600.0,False,38
scale_f0.02,kc_delta,2,226,600,-600.0,False,55
scale_f0.02,kc_delta,2,227,600,-600.0,False,45
scale_f0.02,kc_delta,2,228,600,-600.0,False,37
scale_f0.02,kc_delta,2,229,21,-10.0,True,6
scale_f0.02,kc_delta,2,230,18,-7.0,True,13
scale_f0.02,kc_delta,2,231,600,-600.0,False,43
scale_f0.02,kc_delta,2,232,600,-600.0,False,41
scale_f0.02,kc_delta,2,233,3,8.0,True,3
scale_f0.02,kc_delta,2,234,34,-23.0,True,20
scale_f0.02,kc_delta,2,235,600,-600.0,False,41
scale_f0.02,kc_delta,2,236,600,-600.0,False,55
scale_f0.02,kc_delta,2,237,50,-39.0,True,30
scale_f0.02,kc_delta,2,238,28,-17.0,True,23
scale_f0.02,kc_delta,2,239,170,-159.0,True,32
scale_f0.02,kc_delta,2,240,22,-11.0,True,17
scale_f0.02,kc_delta,2,241,52,-41.0,True,23
scale_f0.02,kc_delta,2,242,600,-600.0,False,45
scale_f0.02,kc_delta,2,243,38,-27.0,True,24
scale_f0.02,kc_delta,2,244,600,-600.0,False,53
scale_f0.02,kc_delta,2,245,600,-600.0,False,35
scale_f0.02,kc_delta,2,246,8,3.0,True,5
scale_f0.02,kc_delta,2,247,600,-600.0,False,45
scale_f0.02,kc_delta,2,248,600,-600.0,False,49
scale_f0.02,kc_delta,2,249,600,-600.0,False,39
scale_f0.02,kc_delta,2,250,202,-191.0,True,30
scale_f0.02,kc_delta,2,251,55,-44.0,True,24
scale_f0.02,kc_delta,2,252,600,-600.0,False,48
scale_f0.02,kc_delta,2,253,591,-580.0,True,35
scale_f0.02,kc_delta,2,254,600,-600.0,False,46
scale_f0.02,kc_delta,2,255,74,-63.0,True,20
scale_f0.02,kc_delta,2,256,600,-600.0,False,54
scale_f0.02,kc_delta,2,257,600,-600.0,False,48
scale_f0.02,kc_delta,2,258,600,-600.0,False,53
scale_f0.02,kc_delta,2,259,600,-600.0,False,37
scale_f0.02,kc_delta,2,260,600,-600.0,False,49
scale_f0.02,kc_delta,2,261,600,-600.0,False,52
scale_f0.02,kc_delta,2,262,35,-24.0,True,16
scale_f0.02,kc_delta,2,263,27,-16.0,True,19
scale_f0.02,kc_delta,2,264,51,-40.0,True,8
scale_f0.02,kc_delta,2,265,600,-600.0,False,46
scale_f0.02,kc_delta,2,266,164,-153.0,True,32
scale_f0.02,kc_delta,2,267,30,-19.0,True,18
scale_f0.02,kc_delta,2,268,600,-600.0,False,34
scale_f0.02,kc_delta,2,269,16,-5.0,True,15
scale_f0.02,kc_delta,2,270,171,-160.0,True,28
scale_f0.02,kc_delta,2,271,16,-5.0,True,16
scale_f0.02,kc_delta,2,272,600,-600.0,False,34
scale_f0.02,kc_delta,2,273,600,-600.0,False,41
scale_f0.02,kc_delta,2,274,600,-600.0,False,53
scale_f0.02,kc_delta,2,275,414,-403.0,True,39
scale_f0.02,kc_delta,2,276,46,-35.0,True,25
scale_f0.02,kc_delta,2,277,600,-600.0,False,42
scale_f0.02,kc_delta,2,278,166,-155.0,True,38
scale_f0.02,kc_delta,2,279,146,-135.0,True,24
scale_f0.02,kc_delta,2,280,600,-600.0,False,59
scale_f0.02,kc_delta,2,281,92,-81.0,True,33
scale_f0.02,kc_delta,2,282,26,-15.0,True,22
scale_f0.02,kc_delta,2,283,107,-96.0,True,30
scale_f0.02,kc_delta,2,284,600,-600.0,False,57
scale_f0.02,kc_delta,2,285,29,-18.0,True,6
scale_f0.02,kc_delta,2,286,144,-133.0,True,36
scale_f0.02,kc_delta,2,287,18,-7.0,True,9
scale_f0.02,kc_delta,2,288,42,-31.0,True,19
scale_f0.02,kc_delta,2,289,600,-600.0,False,47
scale_f0.02,kc_delta,2,290,36,-25.0,True,26
scale_f0.02,kc_delta,2,291,14,-3.0,True,13
scale_f0.02,kc_delta,2,292,600,-600.0,False,55
scale_f0.02,kc_delta,2,293,600,-600.0,False,43
scale_f0.02,kc_delta,2,294,600,-600.0,False,54
scale_f0.02,kc_delta,2,295,76,-65.0,True,21
scale_f0.02,kc_delta,2,296,600,-600.0,False,53
scale_f0.02,kc_delta,2,297,46,-35.0,True,15
scale_f0.02,kc_delta,2,298,2,9.0,True,2
scale_f0.02,kc_delta,2,299,600,-600.0,False,43
scale_f0.02,kc_delta,2,300,600,-600.0,False,43
scale_f0.02,kc_delta,2,301,600,-600.0,False,53
scale_f0.02,kc_delta,2,302,600,-600.0,False,55
scale_f0.02,kc_delta,2,303,600,-600.0,False,39
scale_f0.02,kc_delta,2,304,175,-164.0,True,30
scale_f0.02,kc_delta,2,305,600,-600.0,False,49
scale_f0.02,kc_delta,2,306,133,-122.0,True,24
scale_f0.02,kc_delta,2,307,57,-46.0,True,17
scale_f0.02,kc_delta,2,308,600,-600.0,False,37
scale_f0.02,kc_delta,2,309,600,-600.0,False,38
scale_f0.02,kc_delta,2,310,600,-600.0,False,56
scale_f0.02,kc_delta,2,311,600,-600.0,False,47
scale_f0.02,kc_delta,2,312,600,-600.0,False,51
scale_f0.02,kc_delta,2,313,376,-365.0,True,36
scale_f0.02,kc_delta,2,314,600,-600.0,False,54
scale_f0.02,kc_delta,2,315,19,-8.0,True,11
scale_f0.02,kc_delta,2,316,8,3.0,True,8
scale_f0.02,kc_delta,2,317,14,-3.0,True,14
scale_f0.02,kc_delta,2,318,600,-600.0,False,47
scale_f0.02,kc_delta,2,319,600,-600.0,False,37
scale_f0.02,kc_delta,2,320,65,-54.0,True,19
scale_f0.02,kc_delta,2,321,600,-600.0,False,45
scale_f0.02,kc_delta,2,322,14,-3.0,True,12
scale_f0.02,kc_delta,2,323,447,-436.0,True,33
scale_f0.02,kc_delta,2,324,600,-600.0,False,39
scale_f0.02,kc_delta,2,325,600,-600.0,False,43
scale_f0.02,kc_delta,2,326,68,-57.0,True,29
scale_f0.02,kc_delta,2,327,600,-600.0,False,50
scale_f0.02,kc_delta,2,328,600,-600.0,False,39
scale_f0.02,kc_delta,2,329,600,-600.0,False,40
scale_f0.02,kc_delta,2,330,203,-192.0,True,33
scale_f0.02,kc_delta,2,331,600,-600.0,False,44
scale_f0.02,kc_delta,2,332,600,-600.0,False,41
scale_f0.02,kc_delta,2,333,11,0.0,True,7
scale_f0.02,kc_delta,2,334,600,-600.0,False,52
scale_f0.02,kc_delta,2,335,600,-600.0,False,54
scale_f0.02,kc_delta,2,336,192,-181.0,True,28
scale_f0.02,kc_delta,2,337,85,-74.0,True,15
scale_f0.02,kc_delta,2,338,27,-16.0,True,17
scale_f0.02,kc_delta,2,339,41,-30.0,True,17
scale_f0.02,kc_delta,2,340,600,-600.0,False,52
scale_f0.02,kc_delta,2,341,10,1.0,True,10
scale_f0.02,kc_delta,2,342,60,-49.0,True,22
scale_f0.02,kc_delta,2,343,33,-22.0,True,19
scale_f0.02,kc_delta,2,344,7,4.0,True,6
scale_f0.02,kc_delta,2,345,76,-65.0,True,29
scale_f0.02,kc_delta,2,346,74,-63.0,True,31
scale_f0.02,kc_delta,2,347,500,-489.0,True,33
scale_f0.02,kc_delta,2,348,600,-600.0,False,53
scale_f0.02,kc_delta,2,349,600,-600.0,False,59
scale_f0.02,kc_delta,2,350,44,-33.0,True,14
scale_f0.02,kc_delta,2,351,600,-600.0,False,35
scale_f0.02,kc_delta,2,352,600,-600.0,False,52
scale_f0.02,kc_delta,2,353,600,-600.0,False,46
scale_f0.02,kc_delta,2,354,600,-600.0,False,40
scale_f0.02,kc_delta,2,355,11,0.0,True,9
scale_f0.02,kc_delta,2,356,24,-13.0,True,9
scale_f0.02,kc_delta,2,357,600,-600.0,False,40
scale_f0.02,kc_delta,2,358,8,3.0,True,7
scale_f0.02,kc_delta,2,359,30,-19.0,True,16
scale_f0.02,kc_delta,2,360,47,-36.0,True,12
scale_f0.02,kc_delta,2,361,600,-600.0,False,54
scale_f0.02,kc_delta,2,362,600,-600.0,False,51
scale_f0.02,kc_delta,2,363,50,-39.0,True,13
scale_f0.02,kc_delta,2,364,600,-600.0,False,53
scale_f0.02,kc_delta,2,365,471,-460.0,True,25
scale_f0.02,kc_delta,2,366,600,-600.0,False,46
scale_f0.02,kc_delta,2,367,600,-600.0,False,38
scale_f0.02,kc_delta,2,368,89,-78.0,True,34
scale_f0.02,kc_delta,2,369,600,-600.0,False,47
scale_f0.02,kc_delta,2,370,11,0.0,True,11
scale_f0.02,kc_delta,2,371,56,-45.0,True,20
scale_f0.02,kc_delta,2,372,600,-600.0,False,45
scale_f0.02,kc_delta,2,373,600,-600.0,False,44
scale_f0.02,kc_delta,2,374,312,-301.0,True,40
scale_f0.02,kc_delta,2,375,339,-328.0,True,13
scale_f0.02,kc_delta,2,376,4,7.0,True,3
scale_f0.02,kc_delta,2,377,600,-600.0,False,53
scale_f0.02,kc_delta,2,378,24,-13.0,True,13
scale_f0.02,kc_delta,2,379,600,-600.0,False,45
scale_f0.02,kc_delta,2,380,600,-600.0,False,44
scale_f0.02,kc_delta,2,381,600,-600.0,False,39
scale_f0.02,kc_delta,2,382,12,-1.0,True,7
scale_f0.02,kc_delta,2,383,6,5.0,True,6
scale_f0.02,kc_delta,2,384,67,-56.0,True,25
scale_f0.02,kc_delta,2,385,79,-68.0,True,32
scale_f0.02,kc_delta,2,386,600,-600.0,False,44
scale_f0.02,kc_delta,2,387,31,-20.0,True,19
scale_f0.02,kc_delta,2,388,600,-600.0,False,43
scale_f0.02,kc_delta,2,389,196,-185.0,True,22
scale_f0.02,kc_delta,2,390,600,-600.0,False,32
scale_f0.02,kc_delta,2,391,25,-14.0,True,15
scale_f0.02,kc_delta,2,392,22,-11.0,True,15
scale_f0.02,kc_delta,2,393,600,-600.0,False,41
scale_f0.02,kc_delta,2,394,600,-600.0,False,46
scale_f0.02,kc_delta,2,395,125,-114.0,True,32
scale_f0.02,kc_delta,2,396,113,-102.0,True,24
scale_f0.02,kc_delta,2,397,600,-600.0,False,47
scale_f0.02,kc_delta,2,398,38,-27.0,True,17
scale_f0.02,kc_delta,2,399,600,-600.0,False,51
scale_f0.02,kc_delta,2,400,600,-600.0,False,47
scale_f0.02,kc_delta,2,401,600,-600.0,False,41
scale_f0.02,kc_delta,2,402,600,-600.0,False,56
scale_f0.02,kc_delta,2,403,54,-43.0,True,19
scale_f0.02,kc_delta,2,404,187,-176.0,True,25
scale_f0.02,kc_delta,2,405,93,-82.0,True,29
scale_f0.02,kc_delta,2,406,43,-32.0,True,25
scale_f0.02,kc_delta,2,407,3,8.0,True,2
scale_f0.02,kc_delta,2,408,8,3.0,True,8
scale_f0.02,kc_delta,2,409,600,-600.0,False,55
scale_f0.02,kc_delta,2,410,600,-600.0,False,42
scale_f0.02,kc_delta,2,411,32,-21.0,True,21
scale_f0.02,kc_delta,2,412,12,-1.0,True,8
scale_f0.02,kc_delta,2,413,600,-600.0,False,44
scale_f0.02,kc_delta,2,414,600,-600.0,False,37
scale_f0.02,kc_delta,2,415,61,-50.0,True,21
scale_f0.02,kc_delta,2,416,152,-141.0,True,23
scale_f0.02,kc_delta,2,417,29,-18.0,True,15
scale_f0.02,kc_delta,2,418,600,-600.0,False,51
scale_f0.02,kc_delta,2,419,600,-600.0,False,43
scale_f0.02,kc_delta,2,420,600,-600.0,False,39
scale_f0.02,kc_delta,2,421,54,-43.0,True,24
scale_f0.02,kc_delta,2,422,30,-19.0,True,23
scale_f0.02,kc_delta,2,423,22,-11.0,True,10
scale_f0.02,kc_delta,2,424,35,-24.0,True,21
scale_f0.02,kc_delta,2,425,2,9.0,True,2
scale_f0.02,kc_delta,2,426,600,-600.0,False,43
scale_f0.02,kc_delta,2,427,600,-600.0,False,49
scale_f0.02,kc_delta,2,428,600,-600.0,False,51
scale_f0.02,kc_delta,2,429,19,-8.0,True,10
scale_f0.02,kc_delta,2,430,19,-8.0,True,12
scale_f0.02,kc_delta,2,431,42,-31.0,True,21
scale_f0.02,kc_delta,2,432,600,-600.0,False,42
scale_f0.02,kc_delta,2,433,600,-600.0,False,54
scale_f0.02,kc_delta,2,434,600,-600.0,False,43
scale_f0.02,kc_delta,2,435,600,-600.0,False,53
scale_f0.02,kc_delta,2,436,56,-45.0,True,17
scale_f0.02,kc_delta,2,437,2,9.0,True,2
scale_f0.02,kc_delta,2,438,600,-600.0,False,55
scale_f0.02,kc_delta,2,439,51,-40.0,True,25
scale_f0.02,kc_delta,2,440,20,-9.0,True,18
scale_f0.02,kc_delta,2,441,30,-19.0,True,16
scale_f0.02,kc_delta,2,442,33,-22.0,True,27
scale_f0.02,kc_delta,2,443,21,-10.0,True,20
scale_f0.02,kc_delta,2,444,600,-600.0,False,46
scale_f0.02,kc_delta,2,445,600,-600.0,False,44
scale_f0.02,kc_delta,2,446,19,-8.0,True,15
scale_f0.02,kc_delta,2,447,600,-600.0,False,47
scale_f0.02,kc_delta,2,448,600,-600.0,False,34
scale_f0.02,kc_delta,2,449,600,-600.0,False,56
scale_f0.02,kc_delta,2,450,161,-150.0,True,35
scale_f0.02,kc_delta,2,451,600,-600.0,False,54
scale_f0.02,kc_delta,2,452,600,-600.0,False,41
scale_f0.02,kc_delta,2,453,600,-600.0,False,57
scale_f0.02,kc_delta,2,454,600,-600.0,False,46
scale_f0.02,kc_delta,2,455,371,-360.0,True,20
scale_f0.02,kc_delta,2,456,16,-5.0,True,16
scale_f0.02,kc_delta,2,457,600,-600.0,False,59
scale_f0.02,kc_delta,2,458,600,-600.0,False,51
scale_f0.02,kc_delta,2,459,600,-600.0,False,49
scale_f0.02,kc_delta,2,460,44,-33.0,True,36
scale_f0.02,kc_delta,2,461,46,-35.0,True,7
scale_f0.02,kc_delta,2,462,52,-41.0,True,28
scale_f0.02,kc_delta,2,463,600,-600.0,False,54
scale_f0.02,kc_delta,2,464,600,-600.0,False,54
scale_f0.02,kc_delta,2,465,27,-16.0,True,18
scale_f0.02,kc_delta,2,466,31,-20.0,True,27
scale_f0.02,kc_delta,2,467,35,-24.0,True,28
scale_f0.02,kc_delta,2,468,600,-600.0,False,45
scale_f0.02,kc_delta,2,469,600,-600.0,False,49
scale_f0.02,kc_delta,2,470,23,-12.0,True,19
scale_f0.02,kc_delta,2,471,600,-600.0,False,57
scale_f0.02,kc_delta,2,472,20,-9.0,True,12
scale_f0.02,kc_delta,2,473,114,-103.0,True,26
scale_f0.02,kc_delta,2,474,21,-10.0,True,17
scale_f0.02,kc_delta,2,475,170,-159.0,True,31
scale_f0.02,kc_delta,2,476,600,-600.0,False,53
scale_f0.02,kc_delta,2,477,135,-124.0,True,26
scale_f0.02,kc_delta,2,478,600,-600.0,False,45
scale_f0.02,kc_delta,2,479,600,-600.0,False,34
scale_f0.02,kc_delta,2,480,35,-24.0,True,29
scale_f0.02,kc_delta,2,481,11,0.0,True,10
scale_f0.02,kc_delta,2,482,600,-600.0,False,32
scale_f0.02,kc_delta,2,483,33,-22.0,True,27
scale_f0.02,kc_delta,2,484,600,-600.0,False,55
scale_f0.02,kc_delta,2,485,9,2.0,True,8
scale_f0.02,kc_delta,2,486,25,-14.0,True,21
scale_f0.02,kc_delta,2,487,600,-600.0,False,47
scale_f0.02,kc_delta,2,488,600,-600.0,False,51
scale_f0.02,kc_delta,2,489,14,-3.0,True,10
scale_f0.02,kc_delta,2,490,63,-52.0,True,22
scale_f0.02,kc_delta,2,491,6,5.0,True,6
scale_f0.02,kc_delta,2,492,390,-379.0,True,34
scale_f0.02,kc_delta,2,493,38,-27.0,True,28
scale_f0.02,kc_delta,2,494,600,-600.0,False,42
scale_f0.02,kc_delta,2,495,600,-600.0,False,50
scale_f0.02,kc_delta,2,496,69,-58.0,True,9
scale_f0.02,kc_delta,2,497,15,-4.0,True,15
scale_f0.02,kc_delta,2,498,600,-600.0,False,48
scale_f0.02,kc_delta,2,499,37,-26.0,True,33
scale_f0.02,kc_delta,2,500,600,-600.0,False,54
scale_f0.02,kc_delta,2,501,21,-10.0,True,21
scale_f0.02,kc_delta,2,502,177,-166.0,True,25
scale_f0.02,kc_delta,2,503,600,-600.0,False,35
scale_f0.02,kc_delta,2,504,34,-23.0,True,21
scale_f0.02,kc_delta,2,505,600,-600.0,False,56
scale_f0.02,kc_delta,2,506,53,-42.0,True,30
scale_f0.02,kc_delta,2,507,600,-600.0,False,47
scale_f0.02,kc_delta,2,508,39,-28.0,True,32
scale_f0.02,kc_delta,2,509,150,-139.0,True,28
scale_f0.02,kc_delta,2,510,176,-165.0,True,19
scale_f0.02,kc_delta,2,511,600,-600.0,False,42
scale_f0.02,kc_delta,2,512,600,-600.0,False,56
scale_f0.02,kc_delta,2,513,600,-600.0,False,53
scale_f0.02,kc_delta,2,514,600,-600.0,False,40
scale_f0.02,kc_delta,2,515,600,-600.0,False,48
scale_f0.02,kc_delta,2,516,45,-34.0,True,26
scale_f0.02,kc_delta,2,517,600,-600.0,False,52
scale_f0.02,kc_delta,2,518,29,-18.0,True,26
scale_f0.02,kc_delta,2,519,22,-11.0,True,17
scale_f0.02,kc_delta,2,520,72,-61.0,True,33
scale_f0.02,kc_delta,2,521,600,-600.0,False,55
scale_f0.02,kc_delta,2,522,600,-600.0,False,47
scale_f0.02,kc_delta,2,523,24,-13.0,True,23
scale_f0.02,kc_delta,2,524,27,-16.0,True,19
scale_f0.02,kc_delta,2,525,600,-600.0,False,34
scale_f0.02,kc_delta,2,526,10,1.0,True,7
scale_f0.02,kc_delta,2,527,600,-600.0,False,55
scale_f0.02,kc_delta,2,528,30,-19.0,True,21
scale_f0.02,kc_delta,2,529,600,-600.0,False,57
scale_f0.02,kc_delta,2,530,600,-600.0,False,53
scale_f0.02,kc_delta,2,531,600,-600.0,False,52
scale_f0.02,kc_delta,2,532,600,-600.0,False,34
scale_f0.02,kc_delta,2,533,34,-23.0,True,25
scale_f0.02,kc_delta,2,534,15,-4.0,True,7
scale_f0.02,kc_delta,2,535,69,-58.0,True,24
scale_f0.02,kc_delta,2,536,200,-189.0,True,34
scale_f0.02,kc_delta,2,537,600,-600.0,False,56
scale_f0.02,kc_delta,2,538,23,-12.0,True,20
scale_f0.02,kc_delta,2,539,47,-36.0,True,33
scale_f0.02,kc_delta,2,540,600,-600.0,False,46
scale_f0.02,kc_delta,2,541,5,6.0,True,5
scale_f0.02,kc_delta,2,542,72,-61.0,True,21
scale_f0.02,kc_delta,2,543,34,-23.0,True,23
scale_f0.02,kc_delta,2,544,42,-31.0,True,32
scale_f0.02,kc_delta,2,545,21,-10.0,True,19
scale_f0.02,kc_delta,2,546,55,-44.0,True,32
scale_f0.02,kc_delta,2,547,600,-600.0,False,50
scale_f0.02,kc_delta,2,548,600,-600.0,False,52
scale_f0.02,kc_delta,2,549,56,-45.0,True,33
scale_f0.02,kc_delta,2,550,600,-600.0,False,52
scale_f0.02,kc_delta,2,551,30,-19.0,True,15
scale_f0.02,kc_delta,2,552,600,-600.0,False,34
scale_f0.02,kc_delta,2,553,600,-600.0,False,38
scale_f0.02,kc_delta,2,554,600,-600.0,False,39
scale_f0.02,kc_delta,2,555,600,-600.0,False,49
scale_f0.02,kc_delta,2,556,100,-89.0,True,27
scale_f0.02,kc_delta,2,557,11,0.0,True,10
scale_f0.02,kc_delta,2,558,600,-600.0,False,51
scale_f0.02,kc_delta,2,559,600,-600.0,False,54
scale_f0.02,kc_delta,2,560,600,-600.0,False,35
scale_f0.02,kc_delta,2,561,600,-600.0,False,44
scale_f0.02,kc_delta,2,562,600,-600.0,False,52
scale_f0.02,kc_delta,2,563,98,-87.0,True,35
scale_f0.02,kc_delta,2,564,13,-2.0,True,13
scale_f0.02,kc_delta,2,565,600,-600.0,False,34
scale_f0.02,kc_delta,2,566,267,-256.0,True,31
scale_f0.02,kc_delta,2,567,600,-600.0,False,40
scale_f0.02,kc_delta,2,568,75,-64.0,True,30
scale_f0.02,kc_delta,2,569,600,-600.0,False,52
scale_f0.02,kc_delta,2,570,600,-600.0,False,56
scale_f0.02,kc_delta,2,571,600,-600.0,False,54
scale_f0.02,kc_delta,2,572,600,-600.0,False,48
scale_f0.02,kc_delta,2,573,600,-600.0,False,52
scale_f0.02,kc_delta,2,574,39,-28.0,True,26
scale_f0.02,kc_delta,2,575,600,-600.0,False,45
scale_f0.02,kc_delta,2,576,600,-600.0,False,54
scale_f0.02,kc_delta,2,577,34,-23.0,True,20
scale_f0.02,kc_delta,2,578,600,-600.0,False,44
scale_f0.02,kc_delta,2,579,600,-600.0,False,44
scale_f0.02,kc_delta,2,580,600,-600.0,False,58
scale_f0.02,kc_delta,2,581,1,10.0,True,1
scale_f0.02,kc_delta,2,582,24,-13.0,True,20
scale_f0.02,kc_delta,2,583,600,-600.0,False,55
scale_f0.02,kc_delta,2,584,59,-48.0,True,25
scale_f0.02,kc_delta,2,585,33,-22.0,True,17
scale_f0.02,kc_delta,2,586,600,-600.0,False,54
scale_f0.02,kc_delta,2,587,487,-476.0,True,31
scale_f0.02,kc_delta,2,588,600,-600.0,False,40
scale_f0.02,kc_delta,2,589,600,-600.0,False,42
scale_f0.02,kc_delta,2,590,600,-600.0,False,44
scale_f0.02,kc_delta,2,591,600,-600.0,False,41
scale_f0.02,kc_delta,2,592,600,-600.0,False,50
scale_f0.02,kc_delta,2,593,600,-600.0,False,55
scale_f0.02,kc_delta,2,594,32,-21.0,True,21
scale_f0.02,kc_delta,2,595,600,-600.0,False,46
scale_f0.02,kc_delta,2,596,600,-600.0,False,41
scale_f0.02,kc_delta,2,597,71,-60.0,True,30
scale_f0.02,kc_delta,2,598,151,-140.0,True,26
scale_f0.02,kc_delta,2,599,600,-600.0,False,55
scale_f0.02,rand_delta,2,0,600,-600.0,False,19
scale_f0.02,rand_delta,2,1,600,-600.0,False,40
scale_f0.02,rand_delta,2,2,371,-360.0,True,14
scale_f0.02,rand_delta,2,3,325,-314.0,True,30
scale_f0.02,rand_delta,2,4,600,-600.0,False,57
scale_f0.02,rand_delta,2,5,22,-11.0,True,19
scale_f0.02,rand_delta,2,6,312,-301.0,True,15
scale_f0.02,rand_delta,2,7,549,-538.0,True,41
scale_f0.02,rand_delta,2,8,15,-4.0,True,13
scale_f0.02,rand_delta,2,9,427,-416.0,True,35
scale_f0.02,rand_delta,2,10,600,-600.0,False,45
scale_f0.02,rand_delta,2,11,68,-57.0,True,20
scale_f0.02,rand_delta,2,12,59,-48.0,True,29
scale_f0.02,rand_delta,2,13,600,-600.0,False,52
scale_f0.02,rand_delta,2,14,331,-320.0,True,21
scale_f0.02,rand_delta,2,15,600,-600.0,False,52
scale_f0.02,rand_delta,2,16,28,-17.0,True,8
scale_f0.02,rand_delta,2,17,54,-43.0,True,25
scale_f0.02,rand_delta,2,18,21,-10.0,True,13
scale_f0.02,rand_delta,2,19,189,-178.0,True,23
scale_f0.02,rand_delta,2,20,85,-74.0,True,24
scale_f0.02,rand_delta,2,21,600,-600.0,False,58
scale_f0.02,rand_delta,2,22,600,-600.0,False,30
scale_f0.02,rand_delta,2,23,226,-215.0,True,32
scale_f0.02,rand_delta,2,24,4,7.0,True,4
scale_f0.02,rand_delta,2,25,71,-60.0,True,27
scale_f0.02,rand_delta,2,26,94,-83.0,True,22
scale_f0.02,rand_delta,2,27,4,7.0,True,4
scale_f0.02,rand_delta,2,28,97,-86.0,True,24
scale_f0.02,rand_delta,2,29,600,-600.0,False,34
scale_f0.02,rand_delta,2,30,26,-15.0,True,20
scale_f0.02,rand_delta,2,31,193,-182.0,True,40
scale_f0.02,rand_delta,2,32,243,-232.0,True,34
scale_f0.02,rand_delta,2,33,600,-600.0,False,54
scale_f0.02,rand_delta,2,34,600,-600.0,False,53
scale_f0.02,rand_delta,2,35,61,-50.0,True,11
scale_f0.02,rand_delta,2,36,27,-16.0,True,17
scale_f0.02,rand_delta,2,37,600,-600.0,False,45
scale_f0.02,rand_delta,2,38,600,-600.0,False,48
scale_f0.02,rand_delta,2,39,600,-600.0,False,37
scale_f0.02,rand_delta,2,40,58,-47.0,True,29
scale_f0.02,rand_delta,2,41,404,-393.0,True,33
scale_f0.02,rand_delta,2,42,600,-600.0,False,50
scale_f0.02,rand_delta,2,43,17,-6.0,True,16
scale_f0.02,rand_delta,2,44,97,-86.0,True,31
scale_f0.02,rand_delta,2,45,126,-115.0,True,37
scale_f0.02,rand_delta,2,46,30,-19.0,True,24
scale_f0.02,rand_delta,2,47,600,-600.0,False,45
scale_f0.02,rand_delta,2,48,33,-22.0,True,30
scale_f0.02,rand_delta,2,49,302,-291.0,True,35
scale_f0.02,rand_delta,2,50,114,-103.0,True,34
scale_f0.02,rand_delta,2,51,600,-600.0,False,51
scale_f0.02,rand_delta,2,52,600,-600.0,False,39
scale_f0.02,rand_delta,2,53,600,-600.0,False,46
scale_f0.02,rand_delta,2,54,19,-8.0,True,19
scale_f0.02,rand_delta,2,55,237,-226.0,True,42
scale_f0.02,rand_delta,2,56,600,-600.0,False,55
scale_f0.02,rand_delta,2,57,600,-600.0,False,44
scale_f0.02,rand_delta,2,58,600,-600.0,False,40
scale_f0.02,rand_delta,2,59,104,-93.0,True,29
scale_f0.02,rand_delta,2,60,329,-318.0,True,46
scale_f0.02,rand_delta,2,61,19,-8.0,True,15
scale_f0.02,rand_delta,2,62,27,-16.0,True,22
scale_f0.02,rand_delta,2,63,600,-600.0,False,59
scale_f0.02,rand_delta,2,64,131,-120.0,True,28
scale_f0.02,rand_delta,2,65,110,-99.0,True,34
scale_f0.02,rand_delta,2,66,29,-18.0,True,29
scale_f0.02,rand_delta,2,67,600,-600.0,False,39
scale_f0.02,rand_delta,2,68,600,-600.0,False,44
scale_f0.02,rand_delta,2,69,21,-10.0,True,19
scale_f0.02,rand_delta,2,70,39,-28.0,True,30
scale_f0.02,rand_delta,2,71,600,-600.0,False,44
scale_f0.02,rand_delta,2,72,20,-9.0,True,20
scale_f0.02,rand_delta,2,73,139,-128.0,True,31
scale_f0.02,rand_delta,2,74,600,-600.0,False,56
scale_f0.02,rand_delta,2,75,22,-11.0,True,19
scale_f0.02,rand_delta,2,76,141,-130.0,True,28
scale_f0.02,rand_delta,2,77,600,-600.0,False,37
scale_f0.02,rand_delta,2,78,600,-600.0,False,37
scale_f0.02,rand_delta,2,79,33,-22.0,True,32
scale_f0.02,rand_delta,2,80,600,-600.0,False,39
scale_f0.02,rand_delta,2,81,21,-10.0,True,20
scale_f0.02,rand_delta,2,82,471,-460.0,True,45
scale_f0.02,rand_delta,2,83,24,-13.0,True,24
scale_f0.02,rand_delta,2,84,217,-206.0,True,45
scale_f0.02,rand_delta,2,85,12,-1.0,True,11
scale_f0.02,rand_delta,2,86,302,-291.0,True,48
scale_f0.02,rand_delta,2,87,26,-15.0,True,20
scale_f0.02,rand_delta,2,88,23,-12.0,True,20
scale_f0.02,rand_delta,2,89,28,-17.0,True,24
scale_f0.02,rand_delta,2,90,600,-600.0,False,54
scale_f0.02,rand_delta,2,91,600,-600.0,False,37
scale_f0.02,rand_delta,2,92,356,-345.0,True,34
scale_f0.02,rand_delta,2,93,422,-411.0,True,45
scale_f0.02,rand_delta,2,94,11,0.0,True,7
scale_f0.02,rand_delta,2,95,21,-10.0,True,21
scale_f0.02,rand_delta,2,96,600,-600.0,False,37
scale_f0.02,rand_delta,2,97,600,-600.0,False,46
scale_f0.02,rand_delta,2,98,374,-363.0,True,41
scale_f0.02,rand_delta,2,99,600,-600.0,False,44
scale_f0.02,rand_delta,2,100,356,-345.0,True,35
scale_f0.02,rand_delta,2,101,294,-283.0,True,44
scale_f0.02,rand_delta,2,102,600,-600.0,False,40
scale_f0.02,rand_delta,2,103,600,-600.0,False,48
scale_f0.02,rand_delta,2,104,28,-17.0,True,17
scale_f0.02,rand_delta,2,105,600,-600.0,False,44
scale_f0.02,rand_delta,2,106,600,-600.0,False,54
scale_f0.02,rand_delta,2,107,36,-25.0,True,31
scale_f0.02,rand_delta,2,108,600,-600.0,False,58
scale_f0.02,rand_delta,2,109,600,-600.0,False,50
scale_f0.02,rand_delta,2,110,600,-600.0,False,44
scale_f0.02,rand_delta,2,111,600,-600.0,False,45
scale_f0.02,rand_delta,2,112,39,-28.0,True,30
scale_f0.02,rand_delta,2,113,600,-600.0,False,45
scale_f0.02,rand_delta,2,114,600,-600.0,False,36
scale_f0.02,rand_delta,2,115,600,-600.0,False,45
scale_f0.02,rand_delta,2,116,37,-26.0,True,25
scale_f0.02,rand_delta,2,117,600,-600.0,False,41
scale_f0.02,rand_delta,2,118,167,-156.0,True,39
scale_f0.02,rand_delta,2,119,44,-33.0,True,40
scale_f0.02,rand_delta,2,120,27,-16.0,True,18
scale_f0.02,rand_delta,2,121,23,-12.0,True,20
scale_f0.02,rand_delta,2,122,600,-600.0,False,41
scale_f0.02,rand_delta,2,123,157,-146.0,True,34
scale_f0.02,rand_delta,2,124,600,-600.0,False,50
scale_f0.02,rand_delta,2,125,15,-4.0,True,6
scale_f0.02,rand_delta,2,126,10,1.0,True,8
scale_f0.02,rand_delta,2,127,600,-600.0,False,54
scale_f0.02,rand_delta,2,128,600,-600.0,False,38
scale_f0.02,rand_delta,2,129,46,-35.0,True,25
scale_f0.02,rand_delta,2,130,32,-21.0,True,31
scale_f0.02,rand_delta,2,131,40,-29.0,True,31
scale_f0.02,rand_delta,2,132,9,2.0,True,7
scale_f0.02,rand_delta,2,133,45,-34.0,True,40
scale_f0.02,rand_delta,2,134,32,-21.0,True,30
scale_f0.02,rand_delta,2,135,25,-14.0,True,13
scale_f0.02,rand_delta,2,136,600,-600.0,False,43
scale_f0.02,rand_delta,2,137,600,-600.0,False,46
scale_f0.02,rand_delta,2,138,600,-600.0,False,53
scale_f0.02,rand_delta,2,139,63,-52.0,True,32
scale_f0.02,rand_delta,2,140,21,-10.0,True,19
scale_f0.02,rand_delta,2,141,33,-22.0,True,21
scale_f0.02,rand_delta,2,142,600,-600.0,False,54
scale_f0.02,rand_delta,2,143,14,-3.0,True,8
scale_f0.02,rand_delta,2,144,600,-600.0,False,48
scale_f0.02,rand_delta,2,145,92,-81.0,True,24
scale_f0.02,rand_delta,2,146,600,-600.0,False,37
scale_f0.02,rand_delta,2,147,600,-600.0,False,56
scale_f0.02,rand_delta,2,148,49,-38.0,True,12
scale_f0.02,rand_delta,2,149,600,-600.0,False,39
scale_f0.02,rand_delta,2,150,45,-34.0,True,33
scale_f0.02,rand_delta,2,151,30,-19.0,True,26
scale_f0.02,rand_delta,2,152,600,-600.0,False,54
scale_f0.02,rand_delta,2,153,335,-324.0,True,38
scale_f0.02,rand_delta,2,154,126,-115.0,True,37
scale_f0.02,rand_delta,2,155,49,-38.0,True,26
scale_f0.02,rand_delta,2,156,15,-4.0,True,14
scale_f0.02,rand_delta,2,157,600,-600.0,False,52
scale_f0.02,rand_delta,2,158,31,-20.0,True,21
scale_f0.02,rand_delta,2,159,18,-7.0,True,10
scale_f0.02,rand_delta,2,160,147,-136.0,True,35
scale_f0.02,rand_delta,2,161,22,-11.0,True,14
scale_f0.02,rand_delta,2,162,38,-27.0,True,21
scale_f0.02,rand_delta,2,163,25,-14.0,True,17
scale_f0.02,rand_delta,2,164,21,-10.0,True,13
scale_f0.02,rand_delta,2,165,53,-42.0,True,25
scale_f0.02,rand_delta,2,166,600,-600.0,False,54
scale_f0.02,rand_delta,2,167,55,-44.0,True,25
scale_f0.02,rand_delta,2,168,600,-600.0,False,53
scale_f0.02,rand_delta,2,169,25,-14.0,True,17
scale_f0.02,rand_delta,2,170,600,-600.0,False,51
scale_f0.02,rand_delta,2,171,600,-600.0,False,54
scale_f0.02,rand_delta,2,172,50,-39.0,True,28
scale_f0.02,rand_delta,2,173,600,-600.0,False,38
scale_f0.02,rand_delta,2,174,32,-21.0,True,19
scale_f0.02,rand_delta,2,175,49,-38.0,True,38
scale_f0.02,rand_delta,2,176,21,-10.0,True,17
scale_f0.02,rand_delta,2,177,600,-600.0,False,41
scale_f0.02,rand_delta,2,178,600,-600.0,False,58
scale_f0.02,rand_delta,2,179,600,-600.0,False,43
scale_f0.02,rand_delta,2,180,600,-600.0,False,47
scale_f0.02,rand_delta,2,181,26,-15.0,True,14
scale_f0.02,rand_delta,2,182,34,-23.0,True,25
scale_f0.02,rand_delta,2,183,588,-577.0,True,47
scale_f0.02,rand_delta,2,184,43,-32.0,True,29
scale_f0.02,rand_delta,2,185,24,-13.0,True,20
scale_f0.02,rand_delta,2,186,600,-600.0,False,47
scale_f0.02,rand_delta,2,187,600,-600.0,False,51
scale_f0.02,rand_delta,2,188,600,-600.0,False,43
scale_f0.02,rand_delta,2,189,34,-23.0,True,30
scale_f0.02,rand_delta,2,190,600,-600.0,False,49
scale_f0.02,rand_delta,2,191,51,-40.0,True,33
scale_f0.02,rand_delta,2,192,37,-26.0,True,19
scale_f0.02,rand_delta,2,193,76,-65.0,True,26
scale_f0.02,rand_delta,2,194,600,-600.0,False,56
scale_f0.02,rand_delta,2,195,55,-44.0,True,36
scale_f0.02,rand_delta,2,196,50,-39.0,True,31
scale_f0.02,rand_delta,2,197,32,-21.0,True,29
scale_f0.02,rand_delta,2,198,403,-392.0,True,50
scale_f0.02,rand_delta,2,199,123,-112.0,True,38
scale_f0.02,rand_delta,2,200,600,-600.0,False,55
scale_f0.02,rand_delta,2,201,51,-40.0,True,24
scale_f0.02,rand_delta,2,202,46,-35.0,True,30
scale_f0.02,rand_delta,2,203,32,-21.0,True,21
scale_f0.02,rand_delta,2,204,35,-24.0,True,30
scale_f0.02,rand_delta,2,205,46,-35.0,True,23
scale_f0.02,rand_delta,2,206,12,-1.0,True,9
scale_f0.02,rand_delta,2,207,39,-28.0,True,33
scale_f0.02,rand_delta,2,208,15,-4.0,True,11
scale_f0.02,rand_delta,2,209,600,-600.0,False,57
scale_f0.02,rand_delta,2,210,58,-47.0,True,20
scale_f0.02,rand_delta,2,211,272,-261.0,True,36
scale_f0.02,rand_delta,2,212,19,-8.0,True,9
scale_f0.02,rand_delta,2,213,600,-600.0,False,53
scale_f0.02,rand_delta,2,214,35,-24.0,True,19
scale_f0.02,rand_delta,2,215,600,-600.0,False,51
scale_f0.02,rand_delta,2,216,31,-20.0,True,17
scale_f0.02,rand_delta,2,217,51,-40.0,True,23
scale_f0.02,rand_delta,2,218,600,-600.0,False,51
scale_f0.02,rand_delta,2,219,600,-600.0,False,39
scale_f0.02,rand_delta,2,220,25,-14.0,True,5
scale_f0.02,rand_delta,2,221,56,-45.0,True,22
scale_f0.02,rand_delta,2,222,159,-148.0,True,32
scale_f0.02,rand_delta,2,223,600,-600.0,False,40
scale_f0.02,rand_delta,2,224,176,-165.0,True,28
scale_f0.02,rand_delta,2,225,45,-34.0,True,38
scale_f0.02,rand_delta,2,226,600,-600.0,False,55
scale_f0.02,rand_delta,2,227,600,-600.0,False,45
scale_f0.02,rand_delta,2,228,51,-40.0,True,37
scale_f0.02,rand_delta,2,229,9,2.0,True,6
scale_f0.02,rand_delta,2,230,16,-5.0,True,13
scale_f0.02,rand_delta,2,231,600,-600.0,False,43
scale_f0.02,rand_delta,2,232,600,-600.0,False,41
scale_f0.02,rand_delta,2,233,5,6.0,True,3
scale_f0.02,rand_delta,2,234,48,-37.0,True,20
scale_f0.02,rand_delta,2,235,600,-600.0,False,41
scale_f0.02,rand_delta,2,236,600,-600.0,False,55
scale_f0.02,rand_delta,2,237,39,-28.0,True,30
scale_f0.02,rand_delta,2,238,27,-16.0,True,23
scale_f0.02,rand_delta,2,239,36,-25.0,True,32
scale_f0.02,rand_delta,2,240,51,-40.0,True,17
scale_f0.02,rand_delta,2,241,30,-19.0,True,23
scale_f0.02,rand_delta,2,242,600,-600.0,False,45
scale_f0.02,rand_delta,2,243,29,-18.0,True,24
scale_f0.02,rand_delta,2,244,600,-600.0,False,53
scale_f0.02,rand_delta,2,245,48,-37.0,True,35
scale_f0.02,rand_delta,2,246,6,5.0,True,5
scale_f0.02,rand_delta,2,247,600,-600.0,False,45
scale_f0.02,rand_delta,2,248,600,-600.0,False,49
scale_f0.02,rand_delta,2,249,178,-167.0,True,39
scale_f0.02,rand_delta,2,250,38,-27.0,True,30
scale_f0.02,rand_delta,2,251,31,-20.0,True,24
scale_f0.02,rand_delta,2,252,600,-600.0,False,48
scale_f0.02,rand_delta,2,253,66,-55.0,True,35
scale_f0.02,rand_delta,2,254,122,-111.0,True,46
scale_f0.02,rand_delta,2,255,31,-20.0,True,20
scale_f0.02,rand_delta,2,256,600,-600.0,False,54
scale_f0.02,rand_delta,2,257,600,-600.0,False,48
scale_f0.02,rand_delta,2,258,600,-600.0,False,53
scale_f0.02,rand_delta,2,259,61,-50.0,True,37
scale_f0.02,rand_delta,2,260,600,-600.0,False,49
scale_f0.02,rand_delta,2,261,202,-191.0,True,52
scale_f0.02,rand_delta,2,262,33,-22.0,True,16
scale_f0.02,rand_delta,2,263,35,-24.0,True,19
scale_f0.02,rand_delta,2,264,8,3.0,True,8
scale_f0.02,rand_delta,2,265,600,-600.0,False,46
scale_f0.02,rand_delta,2,266,42,-31.0,True,32
scale_f0.02,rand_delta,2,267,21,-10.0,True,18
scale_f0.02,rand_delta,2,268,39,-28.0,True,34
scale_f0.02,rand_delta,2,269,20,-9.0,True,15
scale_f0.02,rand_delta,2,270,37,-26.0,True,28
scale_f0.02,rand_delta,2,271,29,-18.0,True,16
scale_f0.02,rand_delta,2,272,60,-49.0,True,34
scale_f0.02,rand_delta,2,273,600,-600.0,False,41
scale_f0.02,rand_delta,2,274,600,-600.0,False,53
scale_f0.02,rand_delta,2,275,600,-600.0,False,39
scale_f0.02,rand_delta,2,276,25,-14.0,True,25
scale_f0.02,rand_delta,2,277,600,-600.0,False,42
scale_f0.02,rand_delta,2,278,43,-32.0,True,38
scale_f0.02,rand_delta,2,279,48,-37.0,True,24
scale_f0.02,rand_delta,2,280,600,-600.0,False,59
scale_f0.02,rand_delta,2,281,149,-138.0,True,33
scale_f0.02,rand_delta,2,282,24,-13.0,True,22
scale_f0.02,rand_delta,2,283,52,-41.0,True,30
scale_f0.02,rand_delta,2,284,600,-600.0,False,57
scale_f0.02,rand_delta,2,285,6,5.0,True,6
scale_f0.02,rand_delta,2,286,36,-25.0,True,36
scale_f0.02,rand_delta,2,287,10,1.0,True,9
scale_f0.02,rand_delta,2,288,23,-12.0,True,19
scale_f0.02,rand_delta,2,289,600,-600.0,False,47
scale_f0.02,rand_delta,2,290,30,-19.0,True,26
scale_f0.02,rand_delta,2,291,18,-7.0,True,13
scale_f0.02,rand_delta,2,292,600,-600.0,False,55
scale_f0.02,rand_delta,2,293,496,-485.0,True,43
scale_f0.02,rand_delta,2,294,600,-600.0,False,54
scale_f0.02,rand_delta,2,295,35,-24.0,True,21
scale_f0.02,rand_delta,2,296,600,-600.0,False,53
scale_f0.02,rand_delta,2,297,27,-16.0,True,15
scale_f0.02,rand_delta,2,298,2,9.0,True,2
scale_f0.02,rand_delta,2,299,600,-600.0,False,43
scale_f0.02,rand_delta,2,300,600,-600.0,False,43
scale_f0.02,rand_delta,2,301,570,-559.0,True,53
scale_f0.02,rand_delta,2,302,600,-600.0,False,55
scale_f0.02,rand_delta,2,303,45,-34.0,True,39
scale_f0.02,rand_delta,2,304,35,-24.0,True,30
scale_f0.02,rand_delta,2,305,290,-279.0,True,49
scale_f0.02,rand_delta,2,306,27,-16.0,True,24
scale_f0.02,rand_delta,2,307,24,-13.0,True,17
scale_f0.02,rand_delta,2,308,44,-33.0,True,37
scale_f0.02,rand_delta,2,309,46,-35.0,True,38
scale_f0.02,rand_delta,2,310,600,-600.0,False,56
scale_f0.02,rand_delta,2,311,381,-370.0,True,47
scale_f0.02,rand_delta,2,312,600,-600.0,False,51
scale_f0.02,rand_delta,2,313,56,-45.0,True,36
scale_f0.02,rand_delta,2,314,600,-600.0,False,54
scale_f0.02,rand_delta,2,315,15,-4.0,True,11
scale_f0.02,rand_delta,2,316,8,3.0,True,8
scale_f0.02,rand_delta,2,317,24,-13.0,True,14
scale_f0.02,rand_delta,2,318,401,-390.0,True,47
scale_f0.02,rand_delta,2,319,47,-36.0,True,37
scale_f0.02,rand_delta,2,320,28,-17.0,True,19
scale_f0.02,rand_delta,2,321,386,-375.0,True,45
scale_f0.02,rand_delta,2,322,12,-1.0,True,12
scale_f0.02,rand_delta,2,323,37,-26.0,True,33
scale_f0.02,rand_delta,2,324,600,-600.0,False,39
scale_f0.02,rand_delta,2,325,600,-600.0,False,43
scale_f0.02,rand_delta,2,326,47,-36.0,True,29
scale_f0.02,rand_delta,2,327,600,-600.0,False,50
scale_f0.02,rand_delta,2,328,600,-600.0,False,39
scale_f0.02,rand_delta,2,329,99,-88.0,True,40
scale_f0.02,rand_delta,2,330,39,-28.0,True,33
scale_f0.02,rand_delta,2,331,435,-424.0,True,44
scale_f0.02,rand_delta,2,332,470,-459.0,True,41
scale_f0.02,rand_delta,2,333,7,4.0,True,7
scale_f0.02,rand_delta,2,334,600,-600.0,False,52
scale_f0.02,rand_delta,2,335,600,-600.0,False,54
scale_f0.02,rand_delta,2,336,84,-73.0,True,28
scale_f0.02,rand_delta,2,337,21,-10.0,True,15
scale_f0.02,rand_delta,2,338,36,-25.0,True,17
scale_f0.02,rand_delta,2,339,35,-24.0,True,17
scale_f0.02,rand_delta,2,340,380,-369.0,True,52
scale_f0.02,rand_delta,2,341,10,1.0,True,10
scale_f0.02,rand_delta,2,342,39,-28.0,True,22
scale_f0.02,rand_delta,2,343,40,-29.0,True,19
scale_f0.02,rand_delta,2,344,6,5.0,True,6
scale_f0.02,rand_delta,2,345,36,-25.0,True,29
scale_f0.02,rand_delta,2,346,36,-25.0,True,31
scale_f0.02,rand_delta,2,347,51,-40.0,True,33
scale_f0.02,rand_delta,2,348,600,-600.0,False,53
scale_f0.02,rand_delta,2,349,600,-600.0,False,59
scale_f0.02,rand_delta,2,350,30,-19.0,True,14
scale_f0.02,rand_delta,2,351,56,-45.0,True,35
scale_f0.02,rand_delta,2,352,600,-600.0,False,52
scale_f0.02,rand_delta,2,353,600,-600.0,False,46
scale_f0.02,rand_delta,2,354,600,-600.0,False,40
scale_f0.02,rand_delta,2,355,10,1.0,True,9
scale_f0.02,rand_delta,2,356,14,-3.0,True,9
scale_f0.02,rand_delta,2,357,269,-258.0,True,40
scale_f0.02,rand_delta,2,358,7,4.0,True,7
scale_f0.02,rand_delta,2,359,53,-42.0,True,16
scale_f0.02,rand_delta,2,360,14,-3.0,True,12
scale_f0.02,rand_delta,2,361,600,-600.0,False,54
scale_f0.02,rand_delta,2,362,600,-600.0,False,51
scale_f0.02,rand_delta,2,363,35,-24.0,True,13
scale_f0.02,rand_delta,2,364,600,-600.0,False,53
scale_f0.02,rand_delta,2,365,85,-74.0,True,25
scale_f0.02,rand_delta,2,366,600,-600.0,False,46
scale_f0.02,rand_delta,2,367,75,-64.0,True,38
scale_f0.02,rand_delta,2,368,46,-35.0,True,34
scale_f0.02,rand_delta,2,369,600,-600.0,False,47
scale_f0.02,rand_delta,2,370,15,-4.0,True,11
scale_f0.02,rand_delta,2,371,47,-36.0,True,20
scale_f0.02,rand_delta,2,372,156,-145.0,True,45
scale_f0.02,rand_delta,2,373,600,-600.0,False,44
scale_f0.02,rand_delta,2,374,86,-75.0,True,40
scale_f0.02,rand_delta,2,375,13,-2.0,True,13
scale_f0.02,rand_delta,2,376,3,8.0,True,3
scale_f0.02,rand_delta,2,377,600,-600.0,False,53
scale_f0.02,rand_delta,2,378,26,-15.0,True,13
scale_f0.02,rand_delta,2,379,600,-600.0,False,45
scale_f0.02,rand_delta,2,380,600,-600.0,False,44
scale_f0.02,rand_delta,2,381,71,-60.0,True,39
scale_f0.02,rand_delta,2,382,8,3.0,True,7
scale_f0.02,rand_delta,2,383,6,5.0,True,6
scale_f0.02,rand_delta,2,384,42,-31.0,True,25
scale_f0.02,rand_delta,2,385,38,-27.0,True,32
scale_f0.02,rand_delta,2,386,600,-600.0,False,44
scale_f0.02,rand_delta,2,387,36,-25.0,True,19
scale_f0.02,rand_delta,2,388,600,-600.0,False,43
scale_f0.02,rand_delta,2,389,30,-19.0,True,22
scale_f0.02,rand_delta,2,390,85,-74.0,True,32
scale_f0.02,rand_delta,2,391,20,-9.0,True,15
scale_f0.02,rand_delta,2,392,29,-18.0,True,15
scale_f0.02,rand_delta,2,393,600,-600.0,False,41
scale_f0.02,rand_delta,2,394,600,-600.0,False,46
scale_f0.02,rand_delta,2,395,39,-28.0,True,32
scale_f0.02,rand_delta,2,396,27,-16.0,True,24
scale_f0.02,rand_delta,2,397,600,-600.0,False,47
scale_f0.02,rand_delta,2,398,18,-7.0,True,17
scale_f0.02,rand_delta,2,399,543,-532.0,True,51
scale_f0.02,rand_delta,2,400,94,-83.0,True,47
scale_f0.02,rand_delta,2,401,600,-600.0,False,41
scale_f0.02,rand_delta,2,402,600,-600.0,False,56
scale_f0.02,rand_delta,2,403,41,-30.0,True,19
scale_f0.02,rand_delta,2,404,46,-35.0,True,25
scale_f0.02,rand_delta,2,405,52,-41.0,True,29
scale_f0.02,rand_delta,2,406,38,-27.0,True,25
scale_f0.02,rand_delta,2,407,2,9.0,True,2
scale_f0.02,rand_delta,2,408,8,3.0,True,8
scale_f0.02,rand_delta,2,409,600,-600.0,False,55
scale_f0.02,rand_delta,2,410,46,-35.0,True,42
scale_f0.02,rand_delta,2,411,49,-38.0,True,21
scale_f0.02,rand_delta,2,412,14,-3.0,True,8
scale_f0.02,rand_delta,2,413,44,-33.0,True,44
scale_f0.02,rand_delta,2,414,65,-54.0,True,37
scale_f0.02,rand_delta,2,415,24,-13.0,True,21
scale_f0.02,rand_delta,2,416,29,-18.0,True,23
scale_f0.02,rand_delta,2,417,15,-4.0,True,15
scale_f0.02,rand_delta,2,418,429,-418.0,True,51
scale_f0.02,rand_delta,2,419,600,-600.0,False,43
scale_f0.02,rand_delta,2,420,64,-53.0,True,39
scale_f0.02,rand_delta,2,421,41,-30.0,True,24
scale_f0.02,rand_delta,2,422,25,-14.0,True,23
scale_f0.02,rand_delta,2,423,13,-2.0,True,10
scale_f0.02,rand_delta,2,424,35,-24.0,True,21
scale_f0.02,rand_delta,2,425,2,9.0,True,2
scale_f0.02,rand_delta,2,426,530,-519.0,True,43
scale_f0.02,rand_delta,2,427,190,-179.0,True,49
scale_f0.02,rand_delta,2,428,600,-600.0,False,51
scale_f0.02,rand_delta,2,429,26,-15.0,True,10
scale_f0.02,rand_delta,2,430,27,-16.0,True,12
scale_f0.02,rand_delta,2,431,22,-11.0,True,21
scale_f0.02,rand_delta,2,432,104,-93.0,True,42
scale_f0.02,rand_delta,2,433,600,-600.0,False,54
scale_f0.02,rand_delta,2,434,600,-600.0,False,43
scale_f0.02,rand_delta,2,435,600,-600.0,False,53
scale_f0.02,rand_delta,2,436,27,-16.0,True,17
scale_f0.02,rand_delta,2,437,2,9.0,True,2
scale_f0.02,rand_delta,2,438,600,-600.0,False,55
scale_f0.02,rand_delta,2,439,31,-20.0,True,25
scale_f0.02,rand_delta,2,440,23,-12.0,True,18
scale_f0.02,rand_delta,2,441,21,-10.0,True,16
scale_f0.02,rand_delta,2,442,40,-29.0,True,27
scale_f0.02,rand_delta,2,443,20,-9.0,True,20
scale_f0.02,rand_delta,2,444,600,-600.0,False,46
scale_f0.02,rand_delta,2,445,600,-600.0,False,44
scale_f0.02,rand_delta,2,446,20,-9.0,True,15
scale_f0.02,rand_delta,2,447,53,-42.0,True,47
scale_f0.02,rand_delta,2,448,50,-39.0,True,34
scale_f0.02,rand_delta,2,449,600,-600.0,False,56
scale_f0.02,rand_delta,2,450,74,-63.0,True,35
scale_f0.02,rand_delta,2,451,600,-600.0,False,54
scale_f0.02,rand_delta,2,452,214,-203.0,True,41
scale_f0.02,rand_delta,2,453,600,-600.0,False,57
scale_f0.02,rand_delta,2,454,600,-600.0,False,46
scale_f0.02,rand_delta,2,455,44,-33.0,True,20
scale_f0.02,rand_delta,2,456,18,-7.0,True,16
scale_f0.02,rand_delta,2,457,600,-600.0,False,59
scale_f0.02,rand_delta,2,458,600,-600.0,False,51
scale_f0.02,rand_delta,2,459,600,-600.0,False,49
scale_f0.02,rand_delta,2,460,70,-59.0,True,36
scale_f0.02,rand_delta,2,461,7,4.0,True,7
scale_f0.02,rand_delta,2,462,45,-34.0,True,28
scale_f0.02,rand_delta,2,463,452,-441.0,True,54
scale_f0.02,rand_delta,2,464,200,-189.0,True,54
scale_f0.02,rand_delta,2,465,32,-21.0,True,18
scale_f0.02,rand_delta,2,466,29,-18.0,True,27
scale_f0.02,rand_delta,2,467,33,-22.0,True,28
scale_f0.02,rand_delta,2,468,600,-600.0,False,45
scale_f0.02,rand_delta,2,469,103,-92.0,True,49
scale_f0.02,rand_delta,2,470,25,-14.0,True,19
scale_f0.02,rand_delta,2,471,600,-600.0,False,57
scale_f0.02,rand_delta,2,472,42,-31.0,True,12
scale_f0.02,rand_delta,2,473,60,-49.0,True,26
scale_f0.02,rand_delta,2,474,39,-28.0,True,17
scale_f0.02,rand_delta,2,475,57,-46.0,True,31
scale_f0.02,rand_delta,2,476,600,-600.0,False,53
scale_f0.02,rand_delta,2,477,63,-52.0,True,26
scale_f0.02,rand_delta,2,478,600,-600.0,False,45
scale_f0.02,rand_delta,2,479,50,-39.0,True,34
scale_f0.02,rand_delta,2,480,49,-38.0,True,29
scale_f0.02,rand_delta,2,481,10,1.0,True,10
scale_f0.02,rand_delta,2,482,38,-27.0,True,32
scale_f0.02,rand_delta,2,483,32,-21.0,True,27
scale_f0.02,rand_delta,2,484,600,-600.0,False,55
scale_f0.02,rand_delta,2,485,9,2.0,True,8
scale_f0.02,rand_delta,2,486,30,-19.0,True,21
scale_f0.02,rand_delta,2,487,600,-600.0,False,47
scale_f0.02,rand_delta,2,488,100,-89.0,True,51
scale_f0.02,rand_delta,2,489,10,1.0,True,10
scale_f0.02,rand_delta,2,490,35,-24.0,True,22
scale_f0.02,rand_delta,2,491,6,5.0,True,6
scale_f0.02,rand_delta,2,492,49,-38.0,True,34
scale_f0.02,rand_delta,2,493,31,-20.0,True,28
scale_f0.02,rand_delta,2,494,62,-51.0,True,42
scale_f0.02,rand_delta,2,495,134,-123.0,True,50
scale_f0.02,rand_delta,2,496,13,-2.0,True,9
scale_f0.02,rand_delta,2,497,25,-14.0,True,15
scale_f0.02,rand_delta,2,498,56,-45.0,True,48
scale_f0.02,rand_delta,2,499,45,-34.0,True,33
scale_f0.02,rand_delta,2,500,600,-600.0,False,54
scale_f0.02,rand_delta,2,501,26,-15.0,True,21
scale_f0.02,rand_delta,2,502,30,-19.0,True,25
scale_f0.02,rand_delta,2,503,39,-28.0,True,35
scale_f0.02,rand_delta,2,504,25,-14.0,True,21
scale_f0.02,rand_delta,2,505,600,-600.0,False,56
scale_f0.02,rand_delta,2,506,50,-39.0,True,30
scale_f0.02,rand_delta,2,507,155,-144.0,True,47
scale_f0.02,rand_delta,2,508,38,-27.0,True,32
scale_f0.02,rand_delta,2,509,95,-84.0,True,28
scale_f0.02,rand_delta,2,510,31,-20.0,True,19
scale_f0.02,rand_delta,2,511,600,-600.0,False,42
scale_f0.02,rand_delta,2,512,600,-600.0,False,56
scale_f0.02,rand_delta,2,513,600,-600.0,False,53
scale_f0.02,rand_delta,2,514,55,-44.0,True,40
scale_f0.02,rand_delta,2,515,49,-38.0,True,48
scale_f0.02,rand_delta,2,516,29,-18.0,True,26
scale_f0.02,rand_delta,2,517,407,-396.0,True,52
scale_f0.02,rand_delta,2,518,31,-20.0,True,26
scale_f0.02,rand_delta,2,519,37,-26.0,True,17
scale_f0.02,rand_delta,2,520,41,-30.0,True,33
scale_f0.02,rand_delta,2,521,600,-600.0,False,55
scale_f0.02,rand_delta,2,522,514,-503.0,True,47
scale_f0.02,rand_delta,2,523,49,-38.0,True,23
scale_f0.02,rand_delta,2,524,22,-11.0,True,19
scale_f0.02,rand_delta,2,525,42,-31.0,True,34
scale_f0.02,rand_delta,2,526,11,0.0,True,7
scale_f0.02,rand_delta,2,527,600,-600.0,False,55
scale_f0.02,rand_delta,2,528,43,-32.0,True,21
scale_f0.02,rand_delta,2,529,576,-565.0,True,57
scale_f0.02,rand_delta,2,530,600,-600.0,False,53
scale_f0.02,rand_delta,2,531,173,-162.0,True,52
scale_f0.02,rand_delta,2,532,67,-56.0,True,34
scale_f0.02,rand_delta,2,533,25,-14.0,True,25
scale_f0.02,rand_delta,2,534,7,4.0,True,7
scale_f0.02,rand_delta,2,535,109,-98.0,True,24
scale_f0.02,rand_delta,2,536,40,-29.0,True,34
scale_f0.02,rand_delta,2,537,600,-600.0,False,56
scale_f0.02,rand_delta,2,538,25,-14.0,True,20
scale_f0.02,rand_delta,2,539,36,-25.0,True,33
scale_f0.02,rand_delta,2,540,600,-600.0,False,46
scale_f0.02,rand_delta,2,541,5,6.0,True,5
scale_f0.02,rand_delta,2,542,24,-13.0,True,21
scale_f0.02,rand_delta,2,543,33,-22.0,True,23
scale_f0.02,rand_delta,2,544,53,-42.0,True,32
scale_f0.02,rand_delta,2,545,19,-8.0,True,19
scale_f0.02,rand_delta,2,546,41,-30.0,True,32
scale_f0.02,rand_delta,2,547,600,-600.0,False,50
scale_f0.02,rand_delta,2,548,600,-600.0,False,52
scale_f0.02,rand_delta,2,549,61,-50.0,True,33
scale_f0.02,rand_delta,2,550,419,-408.0,True,52
scale_f0.02,rand_delta,2,551,23,-12.0,True,15
scale_f0.02,rand_delta,2,552,43,-32.0,True,34
scale_f0.02,rand_delta,2,553,47,-36.0,True,38
scale_f0.02,rand_delta,2,554,51,-40.0,True,39
scale_f0.02,rand_delta,2,555,58,-47.0,True,49
scale_f0.02,rand_delta,2,556,30,-19.0,True,27
scale_f0.02,rand_delta,2,557,11,0.0,True,10
scale_f0.02,rand_delta,2,558,600,-600.0,False,51
scale_f0.02,rand_delta,2,559,600,-600.0,False,54
scale_f0.02,rand_delta,2,560,54,-43.0,True,35
scale_f0.02,rand_delta,2,561,600,-600.0,False,44
scale_f0.02,rand_delta,2,562,600,-600.0,False,52
scale_f0.02,rand_delta,2,563,52,-41.0,True,35
scale_f0.02,rand_delta,2,564,13,-2.0,True,13
scale_f0.02,rand_delta,2,565,70,-59.0,True,34
scale_f0.02,rand_delta,2,566,32,-21.0,True,31
scale_f0.02,rand_delta,2,567,47,-36.0,True,40
scale_f0.02,rand_delta,2,568,47,-36.0,True,30
scale_f0.02,rand_delta,2,569,473,-462.0,True,52
scale_f0.02,rand_delta,2,570,600,-600.0,False,56
scale_f0.02,rand_delta,2,571,391,-380.0,True,54
scale_f0.02,rand_delta,2,572,600,-600.0,False,48
scale_f0.02,rand_delta,2,573,600,-600.0,False,52
scale_f0.02,rand_delta,2,574,65,-54.0,True,26
scale_f0.02,rand_delta,2,575,81,-70.0,True,45
scale_f0.02,rand_delta,2,576,600,-600.0,False,54
scale_f0.02,rand_delta,2,577,31,-20.0,True,20
scale_f0.02,rand_delta,2,578,52,-41.0,True,44
scale_f0.02,rand_delta,2,579,48,-37.0,True,44
scale_f0.02,rand_delta,2,580,600,-600.0,False,58
scale_f0.02,rand_delta,2,581,1,10.0,True,1
scale_f0.02,rand_delta,2,582,26,-15.0,True,20
scale_f0.02,rand_delta,2,583,600,-600.0,False,55
scale_f0.02,rand_delta,2,584,41,-30.0,True,25
scale_f0.02,rand_delta,2,585,17,-6.0,True,17
scale_f0.02,rand_delta,2,586,600,-600.0,False,54
scale_f0.02,rand_delta,2,587,42,-31.0,True,31
scale_f0.02,rand_delta,2,588,175,-164.0,True,40
scale_f0.02,rand_delta,2,589,600,-600.0,False,42
scale_f0.02,rand_delta,2,590,78,-67.0,True,44
scale_f0.02,rand_delta,2,591,80,-69.0,True,41
scale_f0.02,rand_delta,2,592,600,-600.0,False,50
scale_f0.02,rand_delta,2,593,600,-600.0,False,55
scale_f0.02,rand_delta,2,594,34,-23.0,True,21
scale_f0.02,rand_delta,2,595,81,-70.0,True,46
scale_f0.02,rand_delta,2,596,230,-219.0,True,41
scale_f0.02,rand_delta,2,597,43,-32.0,True,30
scale_f0.02,rand_delta,2,598,52,-41.0,True,26
scale_f0.02,rand_delta,2,599,600,-600.0,False,55
