maze,agent,seed,episode,policy_acc,cum_trained,cum_skipped
scale_f0.02,kc_delta,0,0,0.2603,600,0
scale_f0.02,kc_delta,0,1,0.3238,1200,0
scale_f0.02,kc_delta,0,2,0.3714,1800,0
scale_f0.02,kc_delta,0,3,0.4254,2355,0
scale_f0.02,kc_delta,0,4,0.4222,2509,0
scale_f0.02,kc_delta,0,5,0.4222,3017,0
scale_f0.02,kc_delta,0,6,0.4698,3617,0
scale_f0.02,kc_delta,0,7,0.4603,4217,0
scale_f0.02,kc_delta,0,8,0.4825,4584,0
scale_f0.02,kc_delta,0,9,0.4603,5184,0
scale_f0.02,kc_delta,0,10,0.4540,5784,0
scale_f0.02,kc_delta,0,11,0.4381,6384,0
scale_f0.02,kc_delta,0,12,0.4413,6750,0
scale_f0.02,kc_delta,0,13,0.4794,7021,0
scale_f0.02,kc_delta,0,14,0.4698,7621,0
scale_f0.02,kc_delta,0,15,0.4698,7649,0
scale_f0.02,kc_delta,0,16,0.4127,8249,0
scale_f0.02,kc_delta,0,17,0.4127,8849,0
scale_f0.02,kc_delta,0,18,0.4063,9449,0
scale_f0.02,kc_delta,0,19,0.4190,9493,0
scale_f0.02,kc_delta,0,20,0.3968,10093,0
scale_f0.02,kc_delta,0,21,0.4190,10693,0
scale_f0.02,kc_delta,0,22,0.4222,10745,0
scale_f0.02,kc_delta,0,23,0.4349,11345,0
scale_f0.02,kc_delta,0,24,0.4381,11357,0
scale_f0.02,kc_delta,0,25,0.4317,11957,0
scale_f0.02,kc_delta,0,26,0.4063,12557,0
scale_f0.02,kc_delta,0,27,0.4095,12577,0
scale_f0.02,kc_delta,0,28,0.4476,13177,0
scale_f0.02,kc_delta,0,29,0.4413,13675,0
scale_f0.02,kc_delta,0,30,0.4508,14275,0
scale_f0.02,kc_delta,0,31,0.4698,14804,0
scale_f0.02,kc_delta,0,32,0.4508,15404,0
scale_f0.02,kc_delta,0,33,0.4127,16004,0
scale_f0.02,kc_delta,0,34,0.4254,16433,0
scale_f0.02,kc_delta,0,35,0.4635,17033,0
scale_f0.02,kc_delta,0,36,0.4762,17474,0
scale_f0.02,kc_delta,0,37,0.4794,17661,0
scale_f0.02,kc_delta,0,38,0.4921,18057,0
scale_f0.02,kc_delta,0,39,0.4921,18151,0
scale_f0.02,kc_delta,0,40,0.4921,18185,0
scale_f0.02,kc_delta,0,41,0.4984,18197,0
scale_f0.02,kc_delta,0,42,0.5143,18279,0
scale_f0.02,kc_delta,0,43,0.4857,18879,0
scale_f0.02,kc_delta,0,44,0.4540,19479,0
scale_f0.02,kc_delta,0,45,0.4508,20079,0
scale_f0.02,kc_delta,0,46,0.4508,20254,0
scale_f0.02,kc_delta,0,47,0.4508,20854,0
scale_f0.02,kc_delta,0,48,0.4508,21454,0
scale_f0.02,kc_delta,0,49,0.4476,22054,0
scale_f0.02,kc_delta,0,50,0.4540,22178,0
scale_f0.02,kc_delta,0,51,0.4190,22778,0
scale_f0.02,kc_delta,0,52,0.4159,22785,0
scale_f0.02,kc_delta,0,53,0.4444,23385,0
scale_f0.02,kc_delta,0,54,0.4508,23985,0
scale_f0.02,kc_delta,0,55,0.4444,24585,0
scale_f0.02,kc_delta,0,56,0.4032,25185,0
scale_f0.02,kc_delta,0,57,0.4032,25471,0
scale_f0.02,kc_delta,0,58,0.3968,26071,0
scale_f0.02,kc_delta,0,59,0.3937,26671,0
scale_f0.02,kc_delta,0,60,0.3968,27271,0
scale_f0.02,kc_delta,0,61,0.4159,27871,0
scale_f0.02,kc_delta,0,62,0.4095,28471,0
scale_f0.02,kc_delta,0,63,0.4508,28859,0
scale_f0.02,kc_delta,0,64,0.4444,29003,0
scale_f0.02,kc_delta,0,65,0.4444,29024,0
scale_f0.02,kc_delta,0,66,0.4381,29045,0
scale_f0.02,kc_delta,0,67,0.4413,29645,0
scale_f0.02,kc_delta,0,68,0.4508,29679,0
scale_f0.02,kc_delta,0,69,0.4222,30279,0
scale_f0.02,kc_delta,0,70,0.4000,30879,0
scale_f0.02,kc_delta,0,71,0.3841,31479,0
scale_f0.02,kc_delta,0,72,0.4032,32079,0
scale_f0.02,kc_delta,0,73,0.4222,32679,0
scale_f0.02,kc_delta,0,74,0.4000,33279,0
scale_f0.02,kc_delta,0,75,0.4159,33436,0
scale_f0.02,kc_delta,0,76,0.4127,33520,0
scale_f0.02,kc_delta,0,77,0.4095,34120,0
scale_f0.02,kc_delta,0,78,0.4159,34720,0
scale_f0.02,kc_delta,0,79,0.4063,34835,0
scale_f0.02,kc_delta,0,80,0.4190,35106,0
scale_f0.02,kc_delta,0,81,0.4095,35149,0
scale_f0.02,kc_delta,0,82,0.4063,35190,0
scale_f0.02,kc_delta,0,83,0.4190,35790,0
scale_f0.02,kc_delta,0,84,0.4254,36390,0
scale_f0.02,kc_delta,0,85,0.4286,36568,0
scale_f0.02,kc_delta,0,86,0.4286,37168,0
scale_f0.02,kc_delta,0,87,0.4254,37768,0
scale_f0.02,kc_delta,0,88,0.4286,37803,0
scale_f0.02,kc_delta,0,89,0.4222,37895,0
scale_f0.02,kc_delta,0,90,0.4222,37948,0
scale_f0.02,kc_delta,0,91,0.4349,38028,0
scale_f0.02,kc_delta,0,92,0.4381,38066,0
scale_f0.02,kc_delta,0,93,0.4254,38666,0
scale_f0.02,kc_delta,0,94,0.4317,39266,0
scale_f0.02,kc_delta,0,95,0.4254,39314,0
scale_f0.02,kc_delta,0,96,0.4317,39466,0
scale_f0.02,kc_delta,0,97,0.4603,39979,0
scale_f0.02,kc_delta,0,98,0.4286,40579,0
scale_f0.02,kc_delta,0,99,0.4032,41179,0
scale_f0.02,kc_delta,0,100,0.3429,41779,0
scale_f0.02,kc_delta,0,101,0.3778,41887,0
scale_f0.02,kc_delta,0,102,0.3778,41890,0
scale_f0.02,kc_delta,0,103,0.4063,42490,0
scale_f0.02,kc_delta,0,104,0.4190,43090,0
scale_f0.02,kc_delta,0,105,0.4159,43094,0
scale_f0.02,kc_delta,0,106,0.4540,43488,0
scale_f0.02,kc_delta,0,107,0.4159,44088,0
scale_f0.02,kc_delta,0,108,0.4159,44688,0
scale_f0.02,kc_delta,0,109,0.4127,45288,0
scale_f0.02,kc_delta,0,110,0.4317,45690,0
scale_f0.02,kc_delta,0,111,0.4222,46290,0
scale_f0.02,kc_delta,0,112,0.4254,46890,0
scale_f0.02,kc_delta,0,113,0.4635,47078,0
scale_f0.02,kc_delta,0,114,0.4571,47678,0
scale_f0.02,kc_delta,0,115,0.4508,47727,0
scale_f0.02,kc_delta,0,116,0.4413,48048,0
scale_f0.02,kc_delta,0,117,0.4635,48648,0
scale_f0.02,kc_delta,0,118,0.4571,49248,0
scale_f0.02,kc_delta,0,119,0.4825,49597,0
scale_f0.02,kc_delta,0,120,0.5048,49796,0
scale_f0.02,kc_delta,0,121,0.5048,50396,0
scale_f0.02,kc_delta,0,122,0.4921,50996,0
scale_f0.02,kc_delta,0,123,0.4889,51026,0
scale_f0.02,kc_delta,0,124,0.4762,51626,0
scale_f0.02,kc_delta,0,125,0.4762,52226,0
scale_f0.02,kc_delta,0,126,0.4857,52809,0
scale_f0.02,kc_delta,0,127,0.4444,53409,0
scale_f0.02,kc_delta,0,128,0.4349,54009,0
scale_f0.02,kc_delta,0,129,0.4476,54609,0
scale_f0.02,kc_delta,0,130,0.4667,55008,0
scale_f0.02,kc_delta,0,131,0.4698,55015,0
scale_f0.02,kc_delta,0,132,0.4794,55615,0
scale_f0.02,kc_delta,0,133,0.4825,55728,0
scale_f0.02,kc_delta,0,134,0.4825,55836,0
scale_f0.02,kc_delta,0,135,0.4952,55967,0
scale_f0.02,kc_delta,0,136,0.4952,56021,0
scale_f0.02,kc_delta,0,137,0.4921,56082,0
scale_f0.02,kc_delta,0,138,0.5048,56682,0
scale_f0.02,kc_delta,0,139,0.4921,57282,0
scale_f0.02,kc_delta,0,140,0.4667,57882,0
scale_f0.02,kc_delta,0,141,0.4571,58482,0
scale_f0.02,kc_delta,0,142,0.4667,58953,0
scale_f0.02,kc_delta,0,143,0.4667,59553,0
scale_f0.02,kc_delta,0,144,0.4635,60153,0
scale_f0.02,kc_delta,0,145,0.4476,60753,0
scale_f0.02,kc_delta,0,146,0.4508,60838,0
scale_f0.02,kc_delta,0,147,0.4381,61270,0
scale_f0.02,kc_delta,0,148,0.4635,61327,0
scale_f0.02,kc_delta,0,149,0.4540,61927,0
scale_f0.02,kc_delta,0,150,0.4571,62010,0
scale_f0.02,kc_delta,0,151,0.4667,62610,0
scale_f0.02,kc_delta,0,152,0.4571,62638,0
scale_f0.02,kc_delta,0,153,0.4635,62660,0
scale_f0.02,kc_delta,0,154,0.4635,63260,0
scale_f0.02,kc_delta,0,155,0.4667,63298,0
scale_f0.02,kc_delta,0,156,0.4667,63334,0
scale_f0.02,kc_delta,0,157,0.4762,63371,0
scale_f0.02,kc_delta,0,158,0.4667,63421,0
scale_f0.02,kc_delta,0,159,0.4825,63627,0
scale_f0.02,kc_delta,0,160,0.4889,63677,0
scale_f0.02,kc_delta,0,161,0.4730,64277,0
scale_f0.02,kc_delta,0,162,0.4730,64279,0
scale_f0.02,kc_delta,0,163,0.4667,64284,0
scale_f0.02,kc_delta,0,164,0.4667,64884,0
scale_f0.02,kc_delta,0,165,0.4667,65484,0
scale_f0.02,kc_delta,0,166,0.4794,65543,0
scale_f0.02,kc_delta,0,167,0.4698,66143,0
scale_f0.02,kc_delta,0,168,0.4825,66279,0
scale_f0.02,kc_delta,0,169,0.4794,66503,0
scale_f0.02,kc_delta,0,170,0.4730,67103,0
scale_f0.02,kc_delta,0,171,0.4762,67134,0
scale_f0.02,kc_delta,0,172,0.4698,67146,0
scale_f0.02,kc_delta,0,173,0.4857,67220,0
scale_f0.02,kc_delta,0,174,0.4540,67820,0
scale_f0.02,kc_delta,0,175,0.4571,68420,0
scale_f0.02,kc_delta,0,176,0.4571,68467,0
scale_f0.02,kc_delta,0,177,0.4444,69067,0
scale_f0.02,kc_delta,0,178,0.4317,69667,0
scale_f0.02,kc_delta,0,179,0.4413,70267,0
scale_f0.02,kc_delta,0,180,0.4349,70867,0
scale_f0.02,kc_delta,0,181,0.4317,70908,0
scale_f0.02,kc_delta,0,182,0.4190,71508,0
scale_f0.02,kc_delta,0,183,0.4254,72108,0
scale_f0.02,kc_delta,0,184,0.4381,72142,0
scale_f0.02,kc_delta,0,185,0.4444,72742,0
scale_f0.02,kc_delta,0,186,0.4286,73342,0
scale_f0.02,kc_delta,0,187,0.4317,73359,0
scale_f0.02,kc_delta,0,188,0.4381,73959,0
scale_f0.02,kc_delta,0,189,0.4381,74559,0
scale_f0.02,kc_delta,0,190,0.4349,74694,0
scale_f0.02,kc_delta,0,191,0.4603,74823,0
scale_f0.02,kc_delta,0,192,0.4667,74846,0
scale_f0.02,kc_delta,0,193,0.4540,75446,0
scale_f0.02,kc_delta,0,194,0.4444,75548,0
scale_f0.02,kc_delta,0,195,0.4762,75769,0
scale_f0.02,kc_delta,0,196,0.4698,76369,0
scale_f0.02,kc_delta,0,197,0.4667,76401,0
scale_f0.02,kc_delta,0,198,0.4762,76442,0
scale_f0.02,kc_delta,0,199,0.4762,76524,0
scale_f0.02,kc_delta,0,200,0.4794,77124,0
scale_f0.02,kc_delta,0,201,0.4698,77724,0
scale_f0.02,kc_delta,0,202,0.4540,78324,0
scale_f0.02,kc_delta,0,203,0.4571,78417,0
scale_f0.02,kc_delta,0,204,0.4698,79017,0
scale_f0.02,kc_delta,0,205,0.4540,79617,0
scale_f0.02,kc_delta,0,206,0.4730,79732,0
scale_f0.02,kc_delta,0,207,0.4667,80332,0
scale_f0.02,kc_delta,0,208,0.4635,80932,0
scale_f0.02,kc_delta,0,209,0.4698,81532,0
scale_f0.02,kc_delta,0,210,0.4349,82132,0
scale_f0.02,kc_delta,0,211,0.4476,82150,0
scale_f0.02,kc_delta,0,212,0.4603,82193,0
scale_f0.02,kc_delta,0,213,0.4730,82793,0
scale_f0.02,kc_delta,0,214,0.4762,82829,0
scale_f0.02,kc_delta,0,215,0.4730,83018,0
scale_f0.02,kc_delta,0,216,0.4730,83618,0
scale_f0.02,kc_delta,0,217,0.4857,83646,0
scale_f0.02,kc_delta,0,218,0.4825,84246,0
scale_f0.02,kc_delta,0,219,0.4857,84359,0
scale_f0.02,kc_delta,0,220,0.4667,84959,0
scale_f0.02,kc_delta,0,221,0.4635,84993,0
scale_f0.02,kc_delta,0,222,0.4762,85593,0
scale_f0.02,kc_delta,0,223,0.4730,86193,0
scale_f0.02,kc_delta,0,224,0.4825,86793,0
scale_f0.02,kc_delta,0,225,0.4698,87393,0
scale_f0.02,kc_delta,0,226,0.4476,87993,0
scale_f0.02,kc_delta,0,227,0.4571,88043,0
scale_f0.02,kc_delta,0,228,0.4762,88643,0
scale_f0.02,kc_delta,0,229,0.4698,89243,0
scale_f0.02,kc_delta,0,230,0.4667,89843,0
scale_f0.02,kc_delta,0,231,0.4794,89991,0
scale_f0.02,kc_delta,0,232,0.4698,90154,0
scale_f0.02,kc_delta,0,233,0.4667,90754,0
scale_f0.02,kc_delta,0,234,0.4571,91354,0
scale_f0.02,kc_delta,0,235,0.4571,91383,0
scale_f0.02,kc_delta,0,236,0.4698,91938,0
scale_f0.02,kc_delta,0,237,0.4667,92003,0
scale_f0.02,kc_delta,0,238,0.4730,92603,0
scale_f0.02,kc_delta,0,239,0.4571,93203,0
scale_f0.02,kc_delta,0,240,0.4889,93549,0
scale_f0.02,kc_delta,0,241,0.4698,94149,0
scale_f0.02,kc_delta,0,242,0.4603,94749,0
scale_f0.02,kc_delta,0,243,0.4635,94809,0
scale_f0.02,kc_delta,0,244,0.4603,94820,0
scale_f0.02,kc_delta,0,245,0.4603,95420,0
scale_f0.02,kc_delta,0,246,0.4730,96020,0
scale_f0.02,kc_delta,0,247,0.4635,96196,0
scale_f0.02,kc_delta,0,248,0.4698,96796,0
scale_f0.02,kc_delta,0,249,0.4984,96967,0
scale_f0.02,kc_delta,0,250,0.4952,97567,0
scale_f0.02,kc_delta,0,251,0.4952,97811,0
scale_f0.02,kc_delta,0,252,0.5079,98411,0
scale_f0.02,kc_delta,0,253,0.5270,99011,0
scale_f0.02,kc_delta,0,254,0.5270,99611,0
scale_f0.02,kc_delta,0,255,0.5143,100211,0
scale_f0.02,kc_delta,0,256,0.5111,100252,0
scale_f0.02,kc_delta,0,257,0.5048,100852,0
scale_f0.02,kc_delta,0,258,0.5016,100948,0
scale_f0.02,kc_delta,0,259,0.4921,101465,0
scale_f0.02,kc_delta,0,260,0.4889,102065,0
scale_f0.02,kc_delta,0,261,0.4984,102220,0
scale_f0.02,kc_delta,0,262,0.5016,102235,0
scale_f0.02,kc_delta,0,263,0.4984,102259,0
scale_f0.02,kc_delta,0,264,0.5016,102266,0
scale_f0.02,kc_delta,0,265,0.5048,102287,0
scale_f0.02,kc_delta,0,266,0.4952,102887,0
scale_f0.02,kc_delta,0,267,0.5079,103021,0
scale_f0.02,kc_delta,0,268,0.5048,103041,0
scale_f0.02,kc_delta,0,269,0.5016,103641,0
scale_f0.02,kc_delta,0,270,0.4889,104241,0
scale_f0.02,kc_delta,0,271,0.4984,104365,0
scale_f0.02,kc_delta,0,272,0.5016,104409,0
scale_f0.02,kc_delta,0,273,0.5016,105009,0
scale_f0.02,kc_delta,0,274,0.5048,105035,0
scale_f0.02,kc_delta,0,275,0.5016,105054,0
scale_f0.02,kc_delta,0,276,0.4984,105654,0
scale_f0.02,kc_delta,0,277,0.5079,105692,0
scale_f0.02,kc_delta,0,278,0.5175,105798,0
scale_f0.02,kc_delta,0,279,0.5079,106398,0
scale_f0.02,kc_delta,0,280,0.4921,106998,0
scale_f0.02,kc_delta,0,281,0.4921,107059,0
scale_f0.02,kc_delta,0,282,0.4762,107659,0
scale_f0.02,kc_delta,0,283,0.4825,107700,0
scale_f0.02,kc_delta,0,284,0.4794,107709,0
scale_f0.02,kc_delta,0,285,0.4825,107906,0
scale_f0.02,kc_delta,0,286,0.4921,108506,0
scale_f0.02,kc_delta,0,287,0.4825,108550,0
scale_f0.02,kc_delta,0,288,0.4476,109150,0
scale_f0.02,kc_delta,0,289,0.4540,109272,0
scale_f0.02,kc_delta,0,290,0.4571,109342,0
scale_f0.02,kc_delta,0,291,0.4540,109942,0
scale_f0.02,kc_delta,0,292,0.4571,109985,0
scale_f0.02,kc_delta,0,293,0.4476,110585,0
scale_f0.02,kc_delta,0,294,0.4476,111185,0
scale_f0.02,kc_delta,0,295,0.4476,111785,0
scale_f0.02,kc_delta,0,296,0.4444,111822,0
scale_f0.02,kc_delta,0,297,0.4476,111838,0
scale_f0.02,kc_delta,0,298,0.4635,111911,0
scale_f0.02,kc_delta,0,299,0.4635,111924,0
scale_f0.02,kc_delta,0,300,0.4635,111926,0
scale_f0.02,kc_delta,0,301,0.4603,112177,0
scale_f0.02,kc_delta,0,302,0.4730,112239,0
scale_f0.02,kc_delta,0,303,0.4730,112839,0
scale_f0.02,kc_delta,0,304,0.4635,113439,0
scale_f0.02,kc_delta,0,305,0.4730,113474,0
scale_f0.02,kc_delta,0,306,0.4889,113571,0
scale_f0.02,kc_delta,0,307,0.4825,113630,0
scale_f0.02,kc_delta,0,308,0.4730,114230,0
scale_f0.02,kc_delta,0,309,0.4794,114283,0
scale_f0.02,kc_delta,0,310,0.4952,114751,0
scale_f0.02,kc_delta,0,311,0.4857,114779,0
scale_f0.02,kc_delta,0,312,0.4762,115379,0
scale_f0.02,kc_delta,0,313,0.4921,115447,0
scale_f0.02,kc_delta,0,314,0.4984,115610,0
scale_f0.02,kc_delta,0,315,0.4952,116210,0
scale_f0.02,kc_delta,0,316,0.4857,116810,0
scale_f0.02,kc_delta,0,317,0.4984,117410,0
scale_f0.02,kc_delta,0,318,0.4984,117426,0
scale_f0.02,kc_delta,0,319,0.4952,117564,0
scale_f0.02,kc_delta,0,320,0.4984,117603,0
scale_f0.02,kc_delta,0,321,0.4984,117672,0
scale_f0.02,kc_delta,0,322,0.5016,117732,0
scale_f0.02,kc_delta,0,323,0.4889,118332,0
scale_f0.02,kc_delta,0,324,0.4921,118373,0
scale_f0.02,kc_delta,0,325,0.4889,118973,0
scale_f0.02,kc_delta,0,326,0.4952,118990,0
scale_f0.02,kc_delta,0,327,0.4889,119049,0
scale_f0.02,kc_delta,0,328,0.4857,119060,0
scale_f0.02,kc_delta,0,329,0.5079,119307,0
scale_f0.02,kc_delta,0,330,0.5270,119404,0
scale_f0.02,kc_delta,0,331,0.5206,119456,0
scale_f0.02,kc_delta,0,332,0.5333,120056,0
scale_f0.02,kc_delta,0,333,0.5079,120115,0
scale_f0.02,kc_delta,0,334,0.5206,120153,0
scale_f0.02,kc_delta,0,335,0.5111,120611,0
scale_f0.02,kc_delta,0,336,0.5143,121211,0
scale_f0.02,kc_delta,0,337,0.5143,121233,0
scale_f0.02,kc_delta,0,338,0.5111,121608,0
scale_f0.02,kc_delta,0,339,0.5111,121618,0
scale_f0.02,kc_delta,0,340,0.5111,121632,0
scale_f0.02,kc_delta,0,341,0.5238,121710,0
scale_f0.02,kc_delta,0,342,0.5206,121738,0
scale_f0.02,kc_delta,0,343,0.5079,122338,0
scale_f0.02,kc_delta,0,344,0.4921,122397,0
scale_f0.02,kc_delta,0,345,0.4984,122997,0
scale_f0.02,kc_delta,0,346,0.5079,123597,0
scale_f0.02,kc_delta,0,347,0.5175,123794,0
scale_f0.02,kc_delta,0,348,0.5143,124394,0
scale_f0.02,kc_delta,0,349,0.5111,124407,0
scale_f0.02,kc_delta,0,350,0.5048,125007,0
scale_f0.02,kc_delta,0,351,0.5079,125068,0
scale_f0.02,kc_delta,0,352,0.5048,125128,0
scale_f0.02,kc_delta,0,353,0.5206,125728,0
scale_f0.02,kc_delta,0,354,0.5079,126328,0
scale_f0.02,kc_delta,0,355,0.5079,126447,0
scale_f0.02,kc_delta,0,356,0.4984,126493,0
scale_f0.02,kc_delta,0,357,0.4984,127093,0
scale_f0.02,kc_delta,0,358,0.4984,127693,0
scale_f0.02,kc_delta,0,359,0.5016,128293,0
scale_f0.02,kc_delta,0,360,0.5238,128509,0
scale_f0.02,kc_delta,0,361,0.5143,129109,0
scale_f0.02,kc_delta,0,362,0.5079,129709,0
scale_f0.02,kc_delta,0,363,0.5079,129734,0
scale_f0.02,kc_delta,0,364,0.4984,130334,0
scale_f0.02,kc_delta,0,365,0.4921,130444,0
scale_f0.02,kc_delta,0,366,0.4889,130465,0
scale_f0.02,kc_delta,0,367,0.4889,130502,0
scale_f0.02,kc_delta,0,368,0.4635,131102,0
scale_f0.02,kc_delta,0,369,0.4635,131156,0
scale_f0.02,kc_delta,0,370,0.4762,131303,0
scale_f0.02,kc_delta,0,371,0.5048,131483,0
scale_f0.02,kc_delta,0,372,0.5048,131519,0
scale_f0.02,kc_delta,0,373,0.4921,132119,0
scale_f0.02,kc_delta,0,374,0.5206,132211,0
scale_f0.02,kc_delta,0,375,0.5206,132365,0
scale_f0.02,kc_delta,0,376,0.4952,132965,0
scale_f0.02,kc_delta,0,377,0.5016,133565,0
scale_f0.02,kc_delta,0,378,0.4984,133664,0
scale_f0.02,kc_delta,0,379,0.5175,133705,0
scale_f0.02,kc_delta,0,380,0.5175,133842,0
scale_f0.02,kc_delta,0,381,0.5302,134173,0
scale_f0.02,kc_delta,0,382,0.5206,134338,0
scale_f0.02,kc_delta,0,383,0.5270,134400,0
scale_f0.02,kc_delta,0,384,0.5270,134408,0
scale_f0.02,kc_delta,0,385,0.5397,134455,0
scale_f0.02,kc_delta,0,386,0.5302,134536,0
scale_f0.02,kc_delta,0,387,0.5270,134595,0
scale_f0.02,kc_delta,0,388,0.5048,135195,0
scale_f0.02,kc_delta,0,389,0.5048,135260,0
scale_f0.02,kc_delta,0,390,0.5143,135267,0
scale_f0.02,kc_delta,0,391,0.5143,135274,0
scale_f0.02,kc_delta,0,392,0.4952,135874,0
scale_f0.02,kc_delta,0,393,0.5143,135961,0
scale_f0.02,kc_delta,0,394,0.5270,136561,0
scale_f0.02,kc_delta,0,395,0.5206,136668,0
scale_f0.02,kc_delta,0,396,0.5206,136677,0
scale_f0.02,kc_delta,0,397,0.5270,136705,0
scale_f0.02,kc_delta,0,398,0.5460,136881,0
scale_f0.02,kc_delta,0,399,0.5460,137481,0
scale_f0.02,kc_delta,0,400,0.5397,137535,0
scale_f0.02,kc_delta,0,401,0.5460,138135,0
scale_f0.02,kc_delta,0,402,0.5429,138164,0
scale_f0.02,kc_delta,0,403,0.5333,138764,0
scale_f0.02,kc_delta,0,404,0.5206,138987,0
scale_f0.02,kc_delta,0,405,0.5238,139031,0
scale_f0.02,kc_delta,0,406,0.5270,139238,0
scale_f0.02,kc_delta,0,407,0.5175,139251,0
scale_f0.02,kc_delta,0,408,0.5079,139305,0
scale_f0.02,kc_delta,0,409,0.5079,139454,0
scale_f0.02,kc_delta,0,410,0.5111,139485,0
scale_f0.02,kc_delta,0,411,0.5206,140085,0
scale_f0.02,kc_delta,0,412,0.5111,140685,0
scale_f0.02,kc_delta,0,413,0.5333,140774,0
scale_f0.02,kc_delta,0,414,0.5397,140864,0
scale_f0.02,kc_delta,0,415,0.5429,140941,0
scale_f0.02,kc_delta,0,416,0.5460,141541,0
scale_f0.02,kc_delta,0,417,0.5302,142141,0
scale_f0.02,kc_delta,0,418,0.5302,142741,0
scale_f0.02,kc_delta,0,419,0.5270,143341,0
scale_f0.02,kc_delta,0,420,0.5302,143941,0
scale_f0.02,kc_delta,0,421,0.5397,143977,0
scale_f0.02,kc_delta,0,422,0.5397,144331,0
scale_f0.02,kc_delta,0,423,0.5365,144465,0
scale_f0.02,kc_delta,0,424,0.5429,145065,0
scale_f0.02,kc_delta,0,425,0.5206,145665,0
scale_f0.02,kc_delta,0,426,0.5270,145750,0
scale_f0.02,kc_delta,0,427,0.5206,146350,0
scale_f0.02,kc_delta,0,428,0.5270,146413,0
scale_f0.02,kc_delta,0,429,0.5238,146420,0
scale_f0.02,kc_delta,0,430,0.5270,147020,0
scale_f0.02,kc_delta,0,431,0.5302,147048,0
scale_f0.02,kc_delta,0,432,0.5302,147072,0
scale_f0.02,kc_delta,0,433,0.5143,147672,0
scale_f0.02,kc_delta,0,434,0.5302,147715,0
scale_f0.02,kc_delta,0,435,0.5175,147780,0
scale_f0.02,kc_delta,0,436,0.5238,147807,0
scale_f0.02,kc_delta,0,437,0.5111,147814,0
scale_f0.02,kc_delta,0,438,0.5048,147853,0
scale_f0.02,kc_delta,0,439,0.4952,148453,0
scale_f0.02,kc_delta,0,440,0.5111,149053,0
scale_f0.02,kc_delta,0,441,0.5079,149653,0
scale_f0.02,kc_delta,0,442,0.5238,149776,0
scale_f0.02,kc_delta,0,443,0.5492,149844,0
scale_f0.02,kc_delta,0,444,0.5238,150444,0
scale_f0.02,kc_delta,0,445,0.5238,150474,0
scale_f0.02,kc_delta,0,446,0.5111,150525,0
scale_f0.02,kc_delta,0,447,0.5175,150765,0
scale_f0.02,kc_delta,0,448,0.5175,150780,0
scale_f0.02,kc_delta,0,449,0.5238,150813,0
scale_f0.02,kc_delta,0,450,0.5238,150820,0
scale_f0.02,kc_delta,0,451,0.5143,151420,0
scale_f0.02,kc_delta,0,452,0.5143,152020,0
scale_f0.02,kc_delta,0,453,0.5397,152107,0
scale_f0.02,kc_delta,0,454,0.5429,152132,0
scale_f0.02,kc_delta,0,455,0.5460,152732,0
scale_f0.02,kc_delta,0,456,0.5524,152751,0
scale_f0.02,kc_delta,0,457,0.5556,152769,0
scale_f0.02,kc_delta,0,458,0.5524,153369,0
scale_f0.02,kc_delta,0,459,0.5429,153386,0
scale_f0.02,kc_delta,0,460,0.5556,153986,0
scale_f0.02,kc_delta,0,461,0.5587,154002,0
scale_f0.02,kc_delta,0,462,0.5524,154602,0
scale_f0.02,kc_delta,0,463,0.5492,154614,0
scale_f0.02,kc_delta,0,464,0.5524,154628,0
scale_f0.02,kc_delta,0,465,0.5524,155228,0
scale_f0.02,kc_delta,0,466,0.5524,155243,0
scale_f0.02,kc_delta,0,467,0.5524,155263,0
scale_f0.02,kc_delta,0,468,0.5429,155863,0
scale_f0.02,kc_delta,0,469,0.5365,156463,0
scale_f0.02,kc_delta,0,470,0.5524,156549,0
scale_f0.02,kc_delta,0,471,0.5492,156559,0
scale_f0.02,kc_delta,0,472,0.5460,157159,0
scale_f0.02,kc_delta,0,473,0.5587,157625,0
scale_f0.02,kc_delta,0,474,0.5524,157644,0
scale_f0.02,kc_delta,0,475,0.5556,157980,0
scale_f0.02,kc_delta,0,476,0.5429,158033,0
scale_f0.02,kc_delta,0,477,0.5587,158091,0
scale_f0.02,kc_delta,0,478,0.5556,158691,0
scale_f0.02,kc_delta,0,479,0.5333,159239,0
scale_f0.02,kc_delta,0,480,0.5238,159270,0
scale_f0.02,kc_delta,0,481,0.5333,159305,0
scale_f0.02,kc_delta,0,482,0.4921,159905,0
scale_f0.02,kc_delta,0,483,0.4984,159910,0
scale_f0.02,kc_delta,0,484,0.5079,159930,0
scale_f0.02,kc_delta,0,485,0.5143,160530,0
scale_f0.02,kc_delta,0,486,0.5143,160578,0
scale_f0.02,kc_delta,0,487,0.5016,161178,0
scale_f0.02,kc_delta,0,488,0.5111,161207,0
scale_f0.02,kc_delta,0,489,0.5111,161807,0
scale_f0.02,kc_delta,0,490,0.5175,161828,0
scale_f0.02,kc_delta,0,491,0.5111,162428,0
scale_f0.02,kc_delta,0,492,0.4921,163028,0
scale_f0.02,kc_delta,0,493,0.4921,163628,0
scale_f0.02,kc_delta,0,494,0.5143,163749,0
scale_f0.02,kc_delta,0,495,0.5333,163800,0
scale_f0.02,kc_delta,0,496,0.5429,164400,0
scale_f0.02,kc_delta,0,497,0.5333,165000,0
scale_f0.02,kc_delta,0,498,0.5397,165095,0
scale_f0.02,kc_delta,0,499,0.5429,165119,0
scale_f0.02,kc_delta,0,500,0.5365,165719,0
scale_f0.02,kc_delta,0,501,0.5302,165732,0
scale_f0.02,kc_delta,0,502,0.5143,166332,0
scale_f0.02,kc_delta,0,503,0.5143,166338,0
scale_f0.02,kc_delta,0,504,0.5143,166346,0
scale_f0.02,kc_delta,0,505,0.5238,166373,0
scale_f0.02,kc_delta,0,506,0.5365,166438,0
scale_f0.02,kc_delta,0,507,0.5556,166721,0
scale_f0.02,kc_delta,0,508,0.5302,167321,0
scale_f0.02,kc_delta,0,509,0.5270,167921,0
scale_f0.02,kc_delta,0,510,0.5143,168521,0
scale_f0.02,kc_delta,0,511,0.5270,169121,0
scale_f0.02,kc_delta,0,512,0.5365,169160,0
scale_f0.02,kc_delta,0,513,0.5397,169232,0
scale_f0.02,kc_delta,0,514,0.5365,169832,0
scale_f0.02,kc_delta,0,515,0.5238,170432,0
scale_f0.02,kc_delta,0,516,0.5206,171032,0
scale_f0.02,kc_delta,0,517,0.5175,171357,0
scale_f0.02,kc_delta,0,518,0.5238,171418,0
scale_f0.02,kc_delta,0,519,0.5238,171426,0
scale_f0.02,kc_delta,0,520,0.5302,171479,0
scale_f0.02,kc_delta,0,521,0.5111,172079,0
scale_f0.02,kc_delta,0,522,0.5111,172086,0
scale_f0.02,kc_delta,0,523,0.5079,172149,0
scale_f0.02,kc_delta,0,524,0.4762,172749,0
scale_f0.02,kc_delta,0,525,0.4794,173349,0
scale_f0.02,kc_delta,0,526,0.5016,173446,0
scale_f0.02,kc_delta,0,527,0.5206,174046,0
scale_f0.02,kc_delta,0,528,0.5270,174381,0
scale_f0.02,kc_delta,0,529,0.5238,174981,0
scale_f0.02,kc_delta,0,530,0.5238,175581,0
scale_f0.02,kc_delta,0,531,0.5016,176181,0
scale_f0.02,kc_delta,0,532,0.5016,176196,0
scale_f0.02,kc_delta,0,533,0.5016,176285,0
scale_f0.02,kc_delta,0,534,0.5016,176293,0
scale_f0.02,kc_delta,0,535,0.5016,176893,0
scale_f0.02,kc_delta,0,536,0.5079,177493,0
scale_f0.02,kc_delta,0,537,0.4889,178093,0
scale_f0.02,kc_delta,0,538,0.4984,178166,0
scale_f0.02,kc_delta,0,539,0.4984,178182,0
scale_f0.02,kc_delta,0,540,0.4921,178231,0
scale_f0.02,kc_delta,0,541,0.4984,178831,0
scale_f0.02,kc_delta,0,542,0.4984,178912,0
scale_f0.02,kc_delta,0,543,0.4952,178934,0
scale_f0.02,kc_delta,0,544,0.4889,179534,0
scale_f0.02,kc_delta,0,545,0.4825,180134,0
scale_f0.02,kc_delta,0,546,0.4952,180186,0
scale_f0.02,kc_delta,0,547,0.4794,180786,0
scale_f0.02,kc_delta,0,548,0.4952,181386,0
scale_f0.02,kc_delta,0,549,0.4952,181453,0
scale_f0.02,kc_delta,0,550,0.4921,181462,0
scale_f0.02,kc_delta,0,551,0.4952,182062,0
scale_f0.02,kc_delta,0,552,0.5016,182662,0
scale_f0.02,kc_delta,0,553,0.4889,183262,0
scale_f0.02,kc_delta,0,554,0.4952,183862,0
scale_f0.02,kc_delta,0,555,0.4921,184462,0
scale_f0.02,kc_delta,0,556,0.5016,184491,0
scale_f0.02,kc_delta,0,557,0.5016,184547,0
scale_f0.02,kc_delta,0,558,0.5079,185147,0
scale_f0.02,kc_delta,0,559,0.5016,185236,0
scale_f0.02,kc_delta,0,560,0.4952,185836,0
scale_f0.02,kc_delta,0,561,0.4921,186436,0
scale_f0.02,kc_delta,0,562,0.4952,186604,0
scale_f0.02,kc_delta,0,563,0.5079,187204,0
scale_f0.02,kc_delta,0,564,0.5016,187804,0
scale_f0.02,kc_delta,0,565,0.5143,188214,0
scale_f0.02,kc_delta,0,566,0.5175,188306,0
scale_f0.02,kc_delta,0,567,0.5143,188906,0
scale_f0.02,kc_delta,0,568,0.5270,188956,0
scale_f0.02,kc_delta,0,569,0.5270,188986,0
scale_f0.02,kc_delta,0,570,0.5079,189084,0
scale_f0.02,kc_delta,0,571,0.5016,189093,0
scale_f0.02,kc_delta,0,572,0.4984,189109,0
scale_f0.02,kc_delta,0,573,0.5016,189169,0
scale_f0.02,kc_delta,0,574,0.4794,189769,0
scale_f0.02,kc_delta,0,575,0.4984,189816,0
scale_f0.02,kc_delta,0,576,0.5238,190416,0
scale_f0.02,kc_delta,0,577,0.5302,190718,0
scale_f0.02,kc_delta,0,578,0.5238,190733,0
scale_f0.02,kc_delta,0,579,0.5365,191333,0
scale_f0.02,kc_delta,0,580,0.5397,191353,0
scale_f0.02,kc_delta,0,581,0.5333,191401,0
scale_f0.02,kc_delta,0,582,0.5365,191434,0
scale_f0.02,kc_delta,0,583,0.5302,192034,0
scale_f0.02,kc_delta,0,584,0.5270,192634,0
scale_f0.02,kc_delta,0,585,0.5333,193234,0
scale_f0.02,kc_delta,0,586,0.5333,193834,0
scale_f0.02,kc_delta,0,587,0.5206,194434,0
scale_f0.02,kc_delta,0,588,0.5270,194499,0
scale_f0.02,kc_delta,0,589,0.5079,195099,0
scale_f0.02,kc_delta,0,590,0.5111,195582,0
scale_f0.02,kc_delta,0,591,0.5175,195629,0
scale_f0.02,kc_delta,0,592,0.5143,196229,0
scale_f0.02,kc_delta,0,593,0.5206,196248,0
scale_f0.02,kc_delta,0,594,0.5365,196386,0
scale_f0.02,kc_delta,0,595,0.5365,196986,0
scale_f0.02,kc_delta,0,596,0.5365,196996,0
scale_f0.02,kc_delta,0,597,0.5365,196998,0
scale_f0.02,kc_delta,0,598,0.5397,197033,0
scale_f0.02,kc_delta,0,599,0.5270,197633,0
scale_f0.02,rand_delta,0,0,0.3683,600,0
scale_f0.02,rand_delta,0,1,0.4286,1200,0
scale_f0.02,rand_delta,0,2,0.4794,1800,0
scale_f0.02,rand_delta,0,3,0.5048,2325,0
scale_f0.02,rand_delta,0,4,0.5143,2418,0
scale_f0.02,rand_delta,0,5,0.5333,2906,0
scale_f0.02,rand_delta,0,6,0.5556,3506,0
scale_f0.02,rand_delta,0,7,0.5492,4106,0
scale_f0.02,rand_delta,0,8,0.5810,4301,0
scale_f0.02,rand_delta,0,9,0.6000,4602,0
scale_f0.02,rand_delta,0,10,0.5905,4714,0
scale_f0.02,rand_delta,0,11,0.5746,5314,0
scale_f0.02,rand_delta,0,12,0.5905,5448,0
scale_f0.02,rand_delta,0,13,0.6317,5695,0
scale_f0.02,rand_delta,0,14,0.6127,6295,0
scale_f0.02,rand_delta,0,15,0.6159,6312,0
scale_f0.02,rand_delta,0,16,0.5206,6912,0
scale_f0.02,rand_delta,0,17,0.5524,7014,0
scale_f0.02,rand_delta,0,18,0.4476,7614,0
scale_f0.02,rand_delta,0,19,0.4571,7632,0
scale_f0.02,rand_delta,0,20,0.4222,8232,0
scale_f0.02,rand_delta,0,21,0.4444,8350,0
scale_f0.02,rand_delta,0,22,0.4762,8408,0
scale_f0.02,rand_delta,0,23,0.5302,8785,0
scale_f0.02,rand_delta,0,24,0.5333,8795,0
scale_f0.02,rand_delta,0,25,0.5111,9395,0
scale_f0.02,rand_delta,0,26,0.5111,9995,0
scale_f0.02,rand_delta,0,27,0.5111,10001,0
scale_f0.02,rand_delta,0,28,0.5270,10162,0
scale_f0.02,rand_delta,0,29,0.5302,10181,0
scale_f0.02,rand_delta,0,30,0.5270,10781,0
scale_f0.02,rand_delta,0,31,0.5905,11168,0
scale_f0.02,rand_delta,0,32,0.6286,11645,0
scale_f0.02,rand_delta,0,33,0.6254,12245,0
scale_f0.02,rand_delta,0,34,0.6317,12293,0
scale_f0.02,rand_delta,0,35,0.6286,12722,0
scale_f0.02,rand_delta,0,36,0.6286,12743,0
scale_f0.02,rand_delta,0,37,0.6222,12763,0
scale_f0.02,rand_delta,0,38,0.6571,12904,0
scale_f0.02,rand_delta,0,39,0.6603,13036,0
scale_f0.02,rand_delta,0,40,0.6540,13061,0
scale_f0.02,rand_delta,0,41,0.6571,13070,0
scale_f0.02,rand_delta,0,42,0.6635,13103,0
scale_f0.02,rand_delta,0,43,0.6603,13703,0
scale_f0.02,rand_delta,0,44,0.6254,14303,0
scale_f0.02,rand_delta,0,45,0.5937,14903,0
scale_f0.02,rand_delta,0,46,0.5968,14919,0
scale_f0.02,rand_delta,0,47,0.6190,15047,0
scale_f0.02,rand_delta,0,48,0.6222,15108,0
scale_f0.02,rand_delta,0,49,0.6222,15708,0
scale_f0.02,rand_delta,0,50,0.6222,15732,0
scale_f0.02,rand_delta,0,51,0.6317,16332,0
scale_f0.02,rand_delta,0,52,0.6317,16337,0
scale_f0.02,rand_delta,0,53,0.6444,16878,0
scale_f0.02,rand_delta,0,54,0.6222,17478,0
scale_f0.02,rand_delta,0,55,0.6317,17523,0
scale_f0.02,rand_delta,0,56,0.6127,18123,0
scale_f0.02,rand_delta,0,57,0.6159,18185,0
scale_f0.02,rand_delta,0,58,0.6127,18785,0
scale_f0.02,rand_delta,0,59,0.6254,19385,0
scale_f0.02,rand_delta,0,60,0.6286,19985,0
scale_f0.02,rand_delta,0,61,0.6413,20585,0
scale_f0.02,rand_delta,0,62,0.6476,21140,0
scale_f0.02,rand_delta,0,63,0.6540,21175,0
scale_f0.02,rand_delta,0,64,0.6571,21220,0
scale_f0.02,rand_delta,0,65,0.6603,21234,0
scale_f0.02,rand_delta,0,66,0.6571,21247,0
scale_f0.02,rand_delta,0,67,0.6476,21847,0
scale_f0.02,rand_delta,0,68,0.6571,21885,0
scale_f0.02,rand_delta,0,69,0.6698,22485,0
scale_f0.02,rand_delta,0,70,0.6444,23085,0
scale_f0.02,rand_delta,0,71,0.6540,23685,0
scale_f0.02,rand_delta,0,72,0.6698,24285,0
scale_f0.02,rand_delta,0,73,0.6095,24885,0
scale_f0.02,rand_delta,0,74,0.6127,25485,0
scale_f0.02,rand_delta,0,75,0.6190,25507,0
scale_f0.02,rand_delta,0,76,0.6317,25537,0
scale_f0.02,rand_delta,0,77,0.6095,26137,0
scale_f0.02,rand_delta,0,78,0.6063,26737,0
scale_f0.02,rand_delta,0,79,0.6413,26932,0
scale_f0.02,rand_delta,0,80,0.6476,26954,0
scale_f0.02,rand_delta,0,81,0.6444,26975,0
scale_f0.02,rand_delta,0,82,0.6381,26993,0
scale_f0.02,rand_delta,0,83,0.6825,27593,0
scale_f0.02,rand_delta,0,84,0.6825,28193,0
scale_f0.02,rand_delta,0,85,0.6921,28235,0
scale_f0.02,rand_delta,0,86,0.6857,28835,0
scale_f0.02,rand_delta,0,87,0.6825,29435,0
scale_f0.02,rand_delta,0,88,0.6889,29465,0
scale_f0.02,rand_delta,0,89,0.6952,29489,0
scale_f0.02,rand_delta,0,90,0.6984,29508,0
scale_f0.02,rand_delta,0,91,0.6984,29538,0
scale_f0.02,rand_delta,0,92,0.6984,29557,0
scale_f0.02,rand_delta,0,93,0.6730,30157,0
scale_f0.02,rand_delta,0,94,0.6762,30325,0
scale_f0.02,rand_delta,0,95,0.6698,30345,0
scale_f0.02,rand_delta,0,96,0.6762,30376,0
scale_f0.02,rand_delta,0,97,0.6667,30403,0
scale_f0.02,rand_delta,0,98,0.6603,31003,0
scale_f0.02,rand_delta,0,99,0.6667,31603,0
scale_f0.02,rand_delta,0,100,0.6190,32203,0
scale_f0.02,rand_delta,0,101,0.6349,32228,0
scale_f0.02,rand_delta,0,102,0.6349,32231,0
scale_f0.02,rand_delta,0,103,0.6413,32831,0
scale_f0.02,rand_delta,0,104,0.6571,33431,0
scale_f0.02,rand_delta,0,105,0.6571,33443,0
scale_f0.02,rand_delta,0,106,0.6540,33486,0
scale_f0.02,rand_delta,0,107,0.6063,34086,0
scale_f0.02,rand_delta,0,108,0.6127,34686,0
scale_f0.02,rand_delta,0,109,0.6476,35140,0
scale_f0.02,rand_delta,0,110,0.6444,35179,0
scale_f0.02,rand_delta,0,111,0.6317,35779,0
scale_f0.02,rand_delta,0,112,0.6349,36379,0
scale_f0.02,rand_delta,0,113,0.6444,36476,0
scale_f0.02,rand_delta,0,114,0.6413,37076,0
scale_f0.02,rand_delta,0,115,0.6476,37118,0
scale_f0.02,rand_delta,0,116,0.6571,37718,0
scale_f0.02,rand_delta,0,117,0.6317,38318,0
scale_f0.02,rand_delta,0,118,0.6190,38918,0
scale_f0.02,rand_delta,0,119,0.6413,39518,0
scale_f0.02,rand_delta,0,120,0.6698,39650,0
scale_f0.02,rand_delta,0,121,0.6762,39810,0
scale_f0.02,rand_delta,0,122,0.6603,40410,0
scale_f0.02,rand_delta,0,123,0.6635,40468,0
scale_f0.02,rand_delta,0,124,0.7143,40641,0
scale_f0.02,rand_delta,0,125,0.7175,41241,0
scale_f0.02,rand_delta,0,126,0.7302,41283,0
scale_f0.02,rand_delta,0,127,0.6952,41883,0
scale_f0.02,rand_delta,0,128,0.6889,42483,0
scale_f0.02,rand_delta,0,129,0.6762,43083,0
scale_f0.02,rand_delta,0,130,0.6984,43153,0
scale_f0.02,rand_delta,0,131,0.6889,43161,0
scale_f0.02,rand_delta,0,132,0.6984,43224,0
scale_f0.02,rand_delta,0,133,0.6921,43266,0
scale_f0.02,rand_delta,0,134,0.7079,43309,0
scale_f0.02,rand_delta,0,135,0.7206,43418,0
scale_f0.02,rand_delta,0,136,0.7238,43454,0
scale_f0.02,rand_delta,0,137,0.7206,43489,0
scale_f0.02,rand_delta,0,138,0.7270,44089,0
scale_f0.02,rand_delta,0,139,0.7238,44139,0
scale_f0.02,rand_delta,0,140,0.7079,44182,0
scale_f0.02,rand_delta,0,141,0.7143,44782,0
scale_f0.02,rand_delta,0,142,0.7079,45382,0
scale_f0.02,rand_delta,0,143,0.7111,45827,0
scale_f0.02,rand_delta,0,144,0.6889,46427,0
scale_f0.02,rand_delta,0,145,0.7048,46476,0
scale_f0.02,rand_delta,0,146,0.7016,46513,0
scale_f0.02,rand_delta,0,147,0.7302,47113,0
scale_f0.02,rand_delta,0,148,0.7238,47145,0
scale_f0.02,rand_delta,0,149,0.7206,47745,0
scale_f0.02,rand_delta,0,150,0.7143,47773,0
scale_f0.02,rand_delta,0,151,0.6794,48373,0
scale_f0.02,rand_delta,0,152,0.7079,48408,0
scale_f0.02,rand_delta,0,153,0.7111,48426,0
scale_f0.02,rand_delta,0,154,0.7111,49026,0
scale_f0.02,rand_delta,0,155,0.7079,49058,0
scale_f0.02,rand_delta,0,156,0.7175,49091,0
scale_f0.02,rand_delta,0,157,0.7333,49131,0
scale_f0.02,rand_delta,0,158,0.7365,49178,0
scale_f0.02,rand_delta,0,159,0.7397,49367,0
scale_f0.02,rand_delta,0,160,0.7397,49405,0
scale_f0.02,rand_delta,0,161,0.7365,50005,0
scale_f0.02,rand_delta,0,162,0.7365,50007,0
scale_f0.02,rand_delta,0,163,0.7333,50016,0
scale_f0.02,rand_delta,0,164,0.7397,50616,0
scale_f0.02,rand_delta,0,165,0.7365,51216,0
scale_f0.02,rand_delta,0,166,0.7460,51282,0
scale_f0.02,rand_delta,0,167,0.7302,51882,0
scale_f0.02,rand_delta,0,168,0.7302,51917,0
scale_f0.02,rand_delta,0,169,0.7460,52102,0
scale_f0.02,rand_delta,0,170,0.7460,52154,0
scale_f0.02,rand_delta,0,171,0.7619,52257,0
scale_f0.02,rand_delta,0,172,0.7587,52269,0
scale_f0.02,rand_delta,0,173,0.7556,52309,0
scale_f0.02,rand_delta,0,174,0.7429,52909,0
scale_f0.02,rand_delta,0,175,0.7460,53509,0
scale_f0.02,rand_delta,0,176,0.7492,53560,0
scale_f0.02,rand_delta,0,177,0.7302,54160,0
scale_f0.02,rand_delta,0,178,0.7492,54760,0
scale_f0.02,rand_delta,0,179,0.7397,55360,0
scale_f0.02,rand_delta,0,180,0.7365,55960,0
scale_f0.02,rand_delta,0,181,0.7333,55987,0
scale_f0.02,rand_delta,0,182,0.7365,56055,0
scale_f0.02,rand_delta,0,183,0.7270,56655,0
scale_f0.02,rand_delta,0,184,0.7270,56702,0
scale_f0.02,rand_delta,0,185,0.7270,57302,0
scale_f0.02,rand_delta,0,186,0.7397,57350,0
scale_f0.02,rand_delta,0,187,0.7429,57367,0
scale_f0.02,rand_delta,0,188,0.6508,57967,0
scale_f0.02,rand_delta,0,189,0.6317,58567,0
scale_f0.02,rand_delta,0,190,0.6413,59167,0
scale_f0.02,rand_delta,0,191,0.7048,59280,0
scale_f0.02,rand_delta,0,192,0.6889,59300,0
scale_f0.02,rand_delta,0,193,0.6540,59900,0
scale_f0.02,rand_delta,0,194,0.6540,60500,0
scale_f0.02,rand_delta,0,195,0.6825,60560,0
scale_f0.02,rand_delta,0,196,0.6984,61160,0
scale_f0.02,rand_delta,0,197,0.7175,61232,0
scale_f0.02,rand_delta,0,198,0.7206,61263,0
scale_f0.02,rand_delta,0,199,0.7238,61350,0
scale_f0.02,rand_delta,0,200,0.7111,61950,0
scale_f0.02,rand_delta,0,201,0.7079,62550,0
scale_f0.02,rand_delta,0,202,0.7048,63150,0
scale_f0.02,rand_delta,0,203,0.7111,63221,0
scale_f0.02,rand_delta,0,204,0.7175,63821,0
scale_f0.02,rand_delta,0,205,0.6952,64421,0
scale_f0.02,rand_delta,0,206,0.7079,64488,0
scale_f0.02,rand_delta,0,207,0.7079,64669,0
scale_f0.02,rand_delta,0,208,0.6952,65269,0
scale_f0.02,rand_delta,0,209,0.6921,65869,0
scale_f0.02,rand_delta,0,210,0.6921,66469,0
scale_f0.02,rand_delta,0,211,0.7111,66496,0
scale_f0.02,rand_delta,0,212,0.7016,66530,0
scale_f0.02,rand_delta,0,213,0.7079,66572,0
scale_f0.02,rand_delta,0,214,0.7048,66604,0
scale_f0.02,rand_delta,0,215,0.7016,67204,0
scale_f0.02,rand_delta,0,216,0.6984,67804,0
scale_f0.02,rand_delta,0,217,0.6984,67886,0
scale_f0.02,rand_delta,0,218,0.7143,68486,0
scale_f0.02,rand_delta,0,219,0.7079,68850,0
scale_f0.02,rand_delta,0,220,0.6825,69450,0
scale_f0.02,rand_delta,0,221,0.6762,69459,0
scale_f0.02,rand_delta,0,222,0.6635,70059,0
scale_f0.02,rand_delta,0,223,0.6667,70659,0
scale_f0.02,rand_delta,0,224,0.6762,71259,0
scale_f0.02,rand_delta,0,225,0.6952,71429,0
scale_f0.02,rand_delta,0,226,0.6921,72029,0
scale_f0.02,rand_delta,0,227,0.6984,72059,0
scale_f0.02,rand_delta,0,228,0.6857,72659,0
scale_f0.02,rand_delta,0,229,0.6921,73259,0
scale_f0.02,rand_delta,0,230,0.6921,73859,0
scale_f0.02,rand_delta,0,231,0.7079,73912,0
scale_f0.02,rand_delta,0,232,0.7079,73942,0
scale_f0.02,rand_delta,0,233,0.7238,74542,0
scale_f0.02,rand_delta,0,234,0.7206,75142,0
scale_f0.02,rand_delta,0,235,0.7175,75166,0
scale_f0.02,rand_delta,0,236,0.7048,75199,0
scale_f0.02,rand_delta,0,237,0.7048,75232,0
scale_f0.02,rand_delta,0,238,0.7048,75832,0
scale_f0.02,rand_delta,0,239,0.6889,76432,0
scale_f0.02,rand_delta,0,240,0.7079,76686,0
scale_f0.02,rand_delta,0,241,0.7111,77286,0
scale_f0.02,rand_delta,0,242,0.7079,77886,0
scale_f0.02,rand_delta,0,243,0.6984,77930,0
scale_f0.02,rand_delta,0,244,0.7048,77943,0
scale_f0.02,rand_delta,0,245,0.7016,78543,0
scale_f0.02,rand_delta,0,246,0.7111,78591,0
scale_f0.02,rand_delta,0,247,0.7016,78633,0
scale_f0.02,rand_delta,0,248,0.7079,79233,0
scale_f0.02,rand_delta,0,249,0.7111,79324,0
scale_f0.02,rand_delta,0,250,0.6889,79924,0
scale_f0.02,rand_delta,0,251,0.6889,79975,0
scale_f0.02,rand_delta,0,252,0.7302,80575,0
scale_f0.02,rand_delta,0,253,0.6794,81175,0
scale_f0.02,rand_delta,0,254,0.6857,81775,0
scale_f0.02,rand_delta,0,255,0.6762,82375,0
scale_f0.02,rand_delta,0,256,0.6794,82414,0
scale_f0.02,rand_delta,0,257,0.6889,83014,0
scale_f0.02,rand_delta,0,258,0.7048,83062,0
scale_f0.02,rand_delta,0,259,0.7079,83662,0
scale_f0.02,rand_delta,0,260,0.6762,84262,0
scale_f0.02,rand_delta,0,261,0.6952,84336,0
scale_f0.02,rand_delta,0,262,0.7048,84347,0
scale_f0.02,rand_delta,0,263,0.6984,84371,0
scale_f0.02,rand_delta,0,264,0.6984,84377,0
scale_f0.02,rand_delta,0,265,0.6952,84400,0
scale_f0.02,rand_delta,0,266,0.7111,84518,0
scale_f0.02,rand_delta,0,267,0.7079,84561,0
scale_f0.02,rand_delta,0,268,0.6984,84587,0
scale_f0.02,rand_delta,0,269,0.7048,85187,0
scale_f0.02,rand_delta,0,270,0.6921,85787,0
scale_f0.02,rand_delta,0,271,0.7079,85849,0
scale_f0.02,rand_delta,0,272,0.7079,85886,0
scale_f0.02,rand_delta,0,273,0.6825,86486,0
scale_f0.02,rand_delta,0,274,0.6921,86506,0
scale_f0.02,rand_delta,0,275,0.7016,86538,0
scale_f0.02,rand_delta,0,276,0.6921,87138,0
scale_f0.02,rand_delta,0,277,0.7048,87172,0
scale_f0.02,rand_delta,0,278,0.7111,87393,0
scale_f0.02,rand_delta,0,279,0.6984,87993,0
scale_f0.02,rand_delta,0,280,0.7143,88593,0
scale_f0.02,rand_delta,0,281,0.7175,88623,0
scale_f0.02,rand_delta,0,282,0.7206,89223,0
scale_f0.02,rand_delta,0,283,0.7143,89249,0
scale_f0.02,rand_delta,0,284,0.7175,89258,0
scale_f0.02,rand_delta,0,285,0.7206,89292,0
scale_f0.02,rand_delta,0,286,0.7048,89892,0
scale_f0.02,rand_delta,0,287,0.7016,89913,0
scale_f0.02,rand_delta,0,288,0.6730,90513,0
scale_f0.02,rand_delta,0,289,0.6889,90581,0
scale_f0.02,rand_delta,0,290,0.6857,90617,0
scale_f0.02,rand_delta,0,291,0.6698,91217,0
scale_f0.02,rand_delta,0,292,0.6794,91270,0
scale_f0.02,rand_delta,0,293,0.6222,91870,0
scale_f0.02,rand_delta,0,294,0.6317,92470,0
scale_f0.02,rand_delta,0,295,0.6190,93070,0
scale_f0.02,rand_delta,0,296,0.6540,93188,0
scale_f0.02,rand_delta,0,297,0.6571,93206,0
scale_f0.02,rand_delta,0,298,0.6730,93223,0
scale_f0.02,rand_delta,0,299,0.6667,93237,0
scale_f0.02,rand_delta,0,300,0.6667,93239,0
scale_f0.02,rand_delta,0,301,0.6794,93285,0
scale_f0.02,rand_delta,0,302,0.6762,93322,0
scale_f0.02,rand_delta,0,303,0.6984,93922,0
scale_f0.02,rand_delta,0,304,0.7079,94522,0
scale_f0.02,rand_delta,0,305,0.7175,94546,0
scale_f0.02,rand_delta,0,306,0.7048,94588,0
scale_f0.02,rand_delta,0,307,0.7016,94621,0
scale_f0.02,rand_delta,0,308,0.6667,95221,0
scale_f0.02,rand_delta,0,309,0.6825,95288,0
scale_f0.02,rand_delta,0,310,0.6889,95349,0
scale_f0.02,rand_delta,0,311,0.6921,95366,0
scale_f0.02,rand_delta,0,312,0.6952,95966,0
scale_f0.02,rand_delta,0,313,0.7079,95999,0
scale_f0.02,rand_delta,0,314,0.7016,96460,0
scale_f0.02,rand_delta,0,315,0.6984,96886,0
scale_f0.02,rand_delta,0,316,0.6762,97486,0
scale_f0.02,rand_delta,0,317,0.6794,98086,0
scale_f0.02,rand_delta,0,318,0.6857,98107,0
scale_f0.02,rand_delta,0,319,0.7016,98161,0
scale_f0.02,rand_delta,0,320,0.7079,98189,0
scale_f0.02,rand_delta,0,321,0.7079,98214,0
scale_f0.02,rand_delta,0,322,0.7079,98256,0
scale_f0.02,rand_delta,0,323,0.7175,98856,0
scale_f0.02,rand_delta,0,324,0.7111,98886,0
scale_f0.02,rand_delta,0,325,0.7365,99486,0
scale_f0.02,rand_delta,0,326,0.7429,99502,0
scale_f0.02,rand_delta,0,327,0.7302,99527,0
scale_f0.02,rand_delta,0,328,0.7302,99534,0
scale_f0.02,rand_delta,0,329,0.7238,100134,0
scale_f0.02,rand_delta,0,330,0.7238,100180,0
scale_f0.02,rand_delta,0,331,0.7143,100200,0
scale_f0.02,rand_delta,0,332,0.7048,100800,0
scale_f0.02,rand_delta,0,333,0.7111,100832,0
scale_f0.02,rand_delta,0,334,0.7111,100889,0
scale_f0.02,rand_delta,0,335,0.7079,100939,0
scale_f0.02,rand_delta,0,336,0.7111,101539,0
scale_f0.02,rand_delta,0,337,0.7143,101566,0
scale_f0.02,rand_delta,0,338,0.7048,101842,0
scale_f0.02,rand_delta,0,339,0.7048,101852,0
scale_f0.02,rand_delta,0,340,0.7048,101864,0
scale_f0.02,rand_delta,0,341,0.6952,101899,0
scale_f0.02,rand_delta,0,342,0.7111,101914,0
scale_f0.02,rand_delta,0,343,0.7143,102514,0
scale_f0.02,rand_delta,0,344,0.7270,102546,0
scale_f0.02,rand_delta,0,345,0.7016,103146,0
scale_f0.02,rand_delta,0,346,0.6698,103746,0
scale_f0.02,rand_delta,0,347,0.6984,103807,0
scale_f0.02,rand_delta,0,348,0.6889,104407,0
scale_f0.02,rand_delta,0,349,0.7016,104429,0
scale_f0.02,rand_delta,0,350,0.7111,104479,0
scale_f0.02,rand_delta,0,351,0.7111,104503,0
scale_f0.02,rand_delta,0,352,0.6952,104527,0
scale_f0.02,rand_delta,0,353,0.6952,105127,0
scale_f0.02,rand_delta,0,354,0.6952,105727,0
scale_f0.02,rand_delta,0,355,0.7111,105764,0
scale_f0.02,rand_delta,0,356,0.7111,105791,0
scale_f0.02,rand_delta,0,357,0.7111,106391,0
scale_f0.02,rand_delta,0,358,0.6603,106991,0
scale_f0.02,rand_delta,0,359,0.6603,107591,0
scale_f0.02,rand_delta,0,360,0.6698,107642,0
scale_f0.02,rand_delta,0,361,0.6381,108242,0
scale_f0.02,rand_delta,0,362,0.6349,108842,0
scale_f0.02,rand_delta,0,363,0.6698,108905,0
scale_f0.02,rand_delta,0,364,0.6349,109505,0
scale_f0.02,rand_delta,0,365,0.6603,109587,0
scale_f0.02,rand_delta,0,366,0.6603,109612,0
scale_f0.02,rand_delta,0,367,0.6730,109650,0
scale_f0.02,rand_delta,0,368,0.6889,110250,0
scale_f0.02,rand_delta,0,369,0.6921,110301,0
scale_f0.02,rand_delta,0,370,0.6921,110351,0
scale_f0.02,rand_delta,0,371,0.7016,110390,0
scale_f0.02,rand_delta,0,372,0.6921,110419,0
scale_f0.02,rand_delta,0,373,0.6508,111019,0
scale_f0.02,rand_delta,0,374,0.6730,111047,0
scale_f0.02,rand_delta,0,375,0.6698,111091,0
scale_f0.02,rand_delta,0,376,0.6698,111691,0
scale_f0.02,rand_delta,0,377,0.6762,112291,0
scale_f0.02,rand_delta,0,378,0.6762,112343,0
scale_f0.02,rand_delta,0,379,0.6794,112374,0
scale_f0.02,rand_delta,0,380,0.6762,112434,0
scale_f0.02,rand_delta,0,381,0.6794,112695,0
scale_f0.02,rand_delta,0,382,0.6889,112754,0
scale_f0.02,rand_delta,0,383,0.6952,112797,0
scale_f0.02,rand_delta,0,384,0.6952,112805,0
scale_f0.02,rand_delta,0,385,0.7016,112826,0
scale_f0.02,rand_delta,0,386,0.6921,112857,0
scale_f0.02,rand_delta,0,387,0.6952,112923,0
scale_f0.02,rand_delta,0,388,0.6571,113523,0
scale_f0.02,rand_delta,0,389,0.6667,113564,0
scale_f0.02,rand_delta,0,390,0.6730,113574,0
scale_f0.02,rand_delta,0,391,0.6762,113584,0
scale_f0.02,rand_delta,0,392,0.6857,114184,0
scale_f0.02,rand_delta,0,393,0.7016,114260,0
scale_f0.02,rand_delta,0,394,0.7079,114860,0
scale_f0.02,rand_delta,0,395,0.7016,114896,0
scale_f0.02,rand_delta,0,396,0.7016,114906,0
scale_f0.02,rand_delta,0,397,0.6857,114951,0
scale_f0.02,rand_delta,0,398,0.6794,114990,0
scale_f0.02,rand_delta,0,399,0.6952,115590,0
scale_f0.02,rand_delta,0,400,0.6889,115619,0
scale_f0.02,rand_delta,0,401,0.7143,116219,0
scale_f0.02,rand_delta,0,402,0.7048,116243,0
scale_f0.02,rand_delta,0,403,0.6952,116843,0
scale_f0.02,rand_delta,0,404,0.6952,116904,0
scale_f0.02,rand_delta,0,405,0.7016,116937,0
scale_f0.02,rand_delta,0,406,0.7048,116971,0
scale_f0.02,rand_delta,0,407,0.7048,116985,0
scale_f0.02,rand_delta,0,408,0.6952,117027,0
scale_f0.02,rand_delta,0,409,0.7016,117067,0
scale_f0.02,rand_delta,0,410,0.6984,117097,0
scale_f0.02,rand_delta,0,411,0.6952,117697,0
scale_f0.02,rand_delta,0,412,0.6571,118297,0
scale_f0.02,rand_delta,0,413,0.6667,118333,0
scale_f0.02,rand_delta,0,414,0.6730,118379,0
scale_f0.02,rand_delta,0,415,0.6825,118415,0
scale_f0.02,rand_delta,0,416,0.6952,119015,0
scale_f0.02,rand_delta,0,417,0.6952,119056,0
scale_f0.02,rand_delta,0,418,0.6825,119656,0
scale_f0.02,rand_delta,0,419,0.7016,120256,0
scale_f0.02,rand_delta,0,420,0.7111,120856,0
scale_f0.02,rand_delta,0,421,0.7016,120886,0
scale_f0.02,rand_delta,0,422,0.7111,120990,0
scale_f0.02,rand_delta,0,423,0.7111,121024,0
scale_f0.02,rand_delta,0,424,0.6698,121624,0
scale_f0.02,rand_delta,0,425,0.6857,121684,0
scale_f0.02,rand_delta,0,426,0.7048,121750,0
scale_f0.02,rand_delta,0,427,0.7016,122350,0
scale_f0.02,rand_delta,0,428,0.7048,122383,0
scale_f0.02,rand_delta,0,429,0.7048,122390,0
scale_f0.02,rand_delta,0,430,0.7079,122990,0
scale_f0.02,rand_delta,0,431,0.7111,122998,0
scale_f0.02,rand_delta,0,432,0.7048,123012,0
scale_f0.02,rand_delta,0,433,0.7143,123612,0
scale_f0.02,rand_delta,0,434,0.7111,123635,0
scale_f0.02,rand_delta,0,435,0.7079,123680,0
scale_f0.02,rand_delta,0,436,0.7079,123693,0
scale_f0.02,rand_delta,0,437,0.7079,123700,0
scale_f0.02,rand_delta,0,438,0.7175,123739,0
scale_f0.02,rand_delta,0,439,0.7111,124339,0
scale_f0.02,rand_delta,0,440,0.6857,124939,0
scale_f0.02,rand_delta,0,441,0.6698,125539,0
scale_f0.02,rand_delta,0,442,0.6698,125574,0
scale_f0.02,rand_delta,0,443,0.7048,125608,0
scale_f0.02,rand_delta,0,444,0.7016,126208,0
scale_f0.02,rand_delta,0,445,0.6952,126216,0
scale_f0.02,rand_delta,0,446,0.7048,126258,0
scale_f0.02,rand_delta,0,447,0.7175,126858,0
scale_f0.02,rand_delta,0,448,0.7206,126872,0
scale_f0.02,rand_delta,0,449,0.7270,126903,0
scale_f0.02,rand_delta,0,450,0.7270,126910,0
scale_f0.02,rand_delta,0,451,0.7016,127510,0
scale_f0.02,rand_delta,0,452,0.6952,128110,0
scale_f0.02,rand_delta,0,453,0.6984,128146,0
scale_f0.02,rand_delta,0,454,0.6952,128170,0
scale_f0.02,rand_delta,0,455,0.6762,128770,0
scale_f0.02,rand_delta,0,456,0.6857,128789,0
scale_f0.02,rand_delta,0,457,0.7016,128822,0
scale_f0.02,rand_delta,0,458,0.7111,128891,0
scale_f0.02,rand_delta,0,459,0.7079,128907,0
scale_f0.02,rand_delta,0,460,0.7206,129507,0
scale_f0.02,rand_delta,0,461,0.7206,129515,0
scale_f0.02,rand_delta,0,462,0.7079,130115,0
scale_f0.02,rand_delta,0,463,0.7143,130127,0
scale_f0.02,rand_delta,0,464,0.7048,130137,0
scale_f0.02,rand_delta,0,465,0.7238,130737,0
scale_f0.02,rand_delta,0,466,0.7270,130754,0
scale_f0.02,rand_delta,0,467,0.7206,130782,0
scale_f0.02,rand_delta,0,468,0.7270,131382,0
scale_f0.02,rand_delta,0,469,0.7079,131982,0
scale_f0.02,rand_delta,0,470,0.7270,132028,0
scale_f0.02,rand_delta,0,471,0.7270,132043,0
scale_f0.02,rand_delta,0,472,0.7206,132643,0
scale_f0.02,rand_delta,0,473,0.7238,132704,0
scale_f0.02,rand_delta,0,474,0.7492,132751,0
scale_f0.02,rand_delta,0,475,0.7429,132779,0
scale_f0.02,rand_delta,0,476,0.7365,132818,0
scale_f0.02,rand_delta,0,477,0.7302,132838,0
scale_f0.02,rand_delta,0,478,0.7111,133438,0
scale_f0.02,rand_delta,0,479,0.7175,133479,0
scale_f0.02,rand_delta,0,480,0.7206,133498,0
scale_f0.02,rand_delta,0,481,0.7302,133528,0
scale_f0.02,rand_delta,0,482,0.7206,134128,0
scale_f0.02,rand_delta,0,483,0.7206,134131,0
scale_f0.02,rand_delta,0,484,0.7270,134146,0
scale_f0.02,rand_delta,0,485,0.7302,134265,0
scale_f0.02,rand_delta,0,486,0.7302,134282,0
scale_f0.02,rand_delta,0,487,0.7270,134882,0
scale_f0.02,rand_delta,0,488,0.7238,134900,0
scale_f0.02,rand_delta,0,489,0.7302,135500,0
scale_f0.02,rand_delta,0,490,0.7365,135526,0
scale_f0.02,rand_delta,0,491,0.7206,136126,0
scale_f0.02,rand_delta,0,492,0.6984,136726,0
scale_f0.02,rand_delta,0,493,0.7175,137326,0
scale_f0.02,rand_delta,0,494,0.7333,137369,0
scale_f0.02,rand_delta,0,495,0.7397,137400,0
scale_f0.02,rand_delta,0,496,0.7302,138000,0
scale_f0.02,rand_delta,0,497,0.7333,138043,0
scale_f0.02,rand_delta,0,498,0.7397,138086,0
scale_f0.02,rand_delta,0,499,0.7397,138109,0
scale_f0.02,rand_delta,0,500,0.7365,138709,0
scale_f0.02,rand_delta,0,501,0.7365,138721,0
scale_f0.02,rand_delta,0,502,0.7048,139321,0
scale_f0.02,rand_delta,0,503,0.7079,139328,0
scale_f0.02,rand_delta,0,504,0.7143,139336,0
scale_f0.02,rand_delta,0,505,0.7079,139350,0
scale_f0.02,rand_delta,0,506,0.7111,139384,0
scale_f0.02,rand_delta,0,507,0.7270,139432,0
scale_f0.02,rand_delta,0,508,0.7365,140032,0
scale_f0.02,rand_delta,0,509,0.7365,140632,0
scale_f0.02,rand_delta,0,510,0.7079,141232,0
scale_f0.02,rand_delta,0,511,0.7270,141832,0
scale_f0.02,rand_delta,0,512,0.7238,141862,0
scale_f0.02,rand_delta,0,513,0.7206,141880,0
scale_f0.02,rand_delta,0,514,0.7302,142480,0
scale_f0.02,rand_delta,0,515,0.7175,143080,0
scale_f0.02,rand_delta,0,516,0.7206,143680,0
scale_f0.02,rand_delta,0,517,0.7302,143724,0
scale_f0.02,rand_delta,0,518,0.7206,143746,0
scale_f0.02,rand_delta,0,519,0.7175,143753,0
scale_f0.02,rand_delta,0,520,0.7206,143804,0
scale_f0.02,rand_delta,0,521,0.7143,144404,0
scale_f0.02,rand_delta,0,522,0.7143,144411,0
scale_f0.02,rand_delta,0,523,0.7270,144456,0
scale_f0.02,rand_delta,0,524,0.7206,145056,0
scale_f0.02,rand_delta,0,525,0.6825,145656,0
scale_f0.02,rand_delta,0,526,0.7048,145708,0
scale_f0.02,rand_delta,0,527,0.7079,146308,0
scale_f0.02,rand_delta,0,528,0.7175,146349,0
scale_f0.02,rand_delta,0,529,0.7016,146949,0
scale_f0.02,rand_delta,0,530,0.6984,147549,0
scale_f0.02,rand_delta,0,531,0.7111,148149,0
scale_f0.02,rand_delta,0,532,0.7143,148161,0
scale_f0.02,rand_delta,0,533,0.7333,148250,0
scale_f0.02,rand_delta,0,534,0.7333,148258,0
scale_f0.02,rand_delta,0,535,0.7333,148298,0
scale_f0.02,rand_delta,0,536,0.7429,148898,0
scale_f0.02,rand_delta,0,537,0.7302,149498,0
scale_f0.02,rand_delta,0,538,0.7333,149543,0
scale_f0.02,rand_delta,0,539,0.7333,149559,0
scale_f0.02,rand_delta,0,540,0.7460,149601,0
scale_f0.02,rand_delta,0,541,0.7270,150201,0
scale_f0.02,rand_delta,0,542,0.7365,150237,0
scale_f0.02,rand_delta,0,543,0.7270,150259,0
scale_f0.02,rand_delta,0,544,0.7270,150859,0
scale_f0.02,rand_delta,0,545,0.7365,151459,0
scale_f0.02,rand_delta,0,546,0.7587,151494,0
scale_f0.02,rand_delta,0,547,0.7206,152094,0
scale_f0.02,rand_delta,0,548,0.7016,152694,0
scale_f0.02,rand_delta,0,549,0.7206,152733,0
scale_f0.02,rand_delta,0,550,0.7238,152743,0
scale_f0.02,rand_delta,0,551,0.6889,153343,0
scale_f0.02,rand_delta,0,552,0.6889,153943,0
scale_f0.02,rand_delta,0,553,0.6921,154543,0
scale_f0.02,rand_delta,0,554,0.7079,155143,0
scale_f0.02,rand_delta,0,555,0.6635,155743,0
scale_f0.02,rand_delta,0,556,0.6921,155779,0
scale_f0.02,rand_delta,0,557,0.7079,155820,0
scale_f0.02,rand_delta,0,558,0.7143,156420,0
scale_f0.02,rand_delta,0,559,0.7270,156464,0
scale_f0.02,rand_delta,0,560,0.6857,157064,0
scale_f0.02,rand_delta,0,561,0.6698,157664,0
scale_f0.02,rand_delta,0,562,0.7111,157746,0
scale_f0.02,rand_delta,0,563,0.6730,158346,0
scale_f0.02,rand_delta,0,564,0.6730,158946,0
scale_f0.02,rand_delta,0,565,0.7048,159040,0
scale_f0.02,rand_delta,0,566,0.7143,159082,0
scale_f0.02,rand_delta,0,567,0.7143,159682,0
scale_f0.02,rand_delta,0,568,0.7238,159714,0
scale_f0.02,rand_delta,0,569,0.7270,159738,0
scale_f0.02,rand_delta,0,570,0.7333,159777,0
scale_f0.02,rand_delta,0,571,0.7270,159785,0
scale_f0.02,rand_delta,0,572,0.7270,159802,0
scale_f0.02,rand_delta,0,573,0.7302,159851,0
scale_f0.02,rand_delta,0,574,0.7048,160451,0
scale_f0.02,rand_delta,0,575,0.7175,160469,0
scale_f0.02,rand_delta,0,576,0.7143,161069,0
scale_f0.02,rand_delta,0,577,0.7143,161111,0
scale_f0.02,rand_delta,0,578,0.7206,161140,0
scale_f0.02,rand_delta,0,579,0.7206,161247,0
scale_f0.02,rand_delta,0,580,0.7238,161263,0
scale_f0.02,rand_delta,0,581,0.7175,161287,0
scale_f0.02,rand_delta,0,582,0.7175,161320,0
scale_f0.02,rand_delta,0,583,0.7111,161920,0
scale_f0.02,rand_delta,0,584,0.7079,162520,0
scale_f0.02,rand_delta,0,585,0.7429,162576,0
scale_f0.02,rand_delta,0,586,0.6952,163176,0
scale_f0.02,rand_delta,0,587,0.6889,163776,0
scale_f0.02,rand_delta,0,588,0.7079,163826,0
scale_f0.02,rand_delta,0,589,0.7048,164426,0
scale_f0.02,rand_delta,0,590,0.7238,164489,0
scale_f0.02,rand_delta,0,591,0.7111,164525,0
scale_f0.02,rand_delta,0,592,0.7111,165125,0
scale_f0.02,rand_delta,0,593,0.7111,165141,0
scale_f0.02,rand_delta,0,594,0.7111,165168,0
scale_f0.02,rand_delta,0,595,0.7143,165768,0
scale_f0.02,rand_delta,0,596,0.7143,165778,0
scale_f0.02,rand_delta,0,597,0.7143,165780,0
scale_f0.02,rand_delta,0,598,0.7206,165831,0
scale_f0.02,rand_delta,0,599,0.7238,166431,0
scale_f0.02,kc_delta,1,0,0.3651,600,0
scale_f0.02,kc_delta,1,1,0.4127,905,0
scale_f0.02,kc_delta,1,2,0.4222,911,0
scale_f0.02,kc_delta,1,3,0.3683,1511,0
scale_f0.02,kc_delta,1,4,0.3810,2111,0
scale_f0.02,kc_delta,1,5,0.3683,2711,0
scale_f0.02,kc_delta,1,6,0.3873,3126,0
scale_f0.02,kc_delta,1,7,0.4032,3314,0
scale_f0.02,kc_delta,1,8,0.3937,3914,0
scale_f0.02,kc_delta,1,9,0.4095,4514,0
scale_f0.02,kc_delta,1,10,0.4127,5114,0
scale_f0.02,kc_delta,1,11,0.4317,5714,0
scale_f0.02,kc_delta,1,12,0.3873,6314,0
scale_f0.02,kc_delta,1,13,0.3587,6914,0
scale_f0.02,kc_delta,1,14,0.3365,7514,0
scale_f0.02,kc_delta,1,15,0.3460,8114,0
scale_f0.02,kc_delta,1,16,0.4127,8589,0
scale_f0.02,kc_delta,1,17,0.4286,9189,0
scale_f0.02,kc_delta,1,18,0.4159,9789,0
scale_f0.02,kc_delta,1,19,0.4508,10389,0
scale_f0.02,kc_delta,1,20,0.4667,10989,0
scale_f0.02,kc_delta,1,21,0.4413,11589,0
scale_f0.02,kc_delta,1,22,0.4381,11817,0
scale_f0.02,kc_delta,1,23,0.4381,11842,0
scale_f0.02,kc_delta,1,24,0.4444,12141,0
scale_f0.02,kc_delta,1,25,0.4508,12181,0
scale_f0.02,kc_delta,1,26,0.4698,12680,0
scale_f0.02,kc_delta,1,27,0.4698,12892,0
scale_f0.02,kc_delta,1,28,0.4317,13492,0
scale_f0.02,kc_delta,1,29,0.4127,14092,0
scale_f0.02,kc_delta,1,30,0.4222,14108,0
scale_f0.02,kc_delta,1,31,0.4349,14551,0
scale_f0.02,kc_delta,1,32,0.4254,14685,0
scale_f0.02,kc_delta,1,33,0.4571,14792,0
scale_f0.02,kc_delta,1,34,0.4825,15189,0
scale_f0.02,kc_delta,1,35,0.4730,15198,0
scale_f0.02,kc_delta,1,36,0.4476,15798,0
scale_f0.02,kc_delta,1,37,0.4667,16398,0
scale_f0.02,kc_delta,1,38,0.4667,16458,0
scale_f0.02,kc_delta,1,39,0.4825,16561,0
scale_f0.02,kc_delta,1,40,0.4825,16608,0
scale_f0.02,kc_delta,1,41,0.4794,17208,0
scale_f0.02,kc_delta,1,42,0.4857,17299,0
scale_f0.02,kc_delta,1,43,0.5016,17899,0
scale_f0.02,kc_delta,1,44,0.4984,17900,0
scale_f0.02,kc_delta,1,45,0.5048,18074,0
scale_f0.02,kc_delta,1,46,0.4794,18415,0
scale_f0.02,kc_delta,1,47,0.4635,19015,0
scale_f0.02,kc_delta,1,48,0.4667,19045,0
scale_f0.02,kc_delta,1,49,0.4730,19047,0
scale_f0.02,kc_delta,1,50,0.4730,19647,0
scale_f0.02,kc_delta,1,51,0.4762,20247,0
scale_f0.02,kc_delta,1,52,0.4603,20847,0
scale_f0.02,kc_delta,1,53,0.4571,21447,0
scale_f0.02,kc_delta,1,54,0.4857,21655,0
scale_f0.02,kc_delta,1,55,0.4857,22255,0
scale_f0.02,kc_delta,1,56,0.4794,22855,0
scale_f0.02,kc_delta,1,57,0.4730,23267,0
scale_f0.02,kc_delta,1,58,0.4825,23294,0
scale_f0.02,kc_delta,1,59,0.4825,23305,0
scale_f0.02,kc_delta,1,60,0.4921,23905,0
scale_f0.02,kc_delta,1,61,0.4952,24505,0
scale_f0.02,kc_delta,1,62,0.4952,24562,0
scale_f0.02,kc_delta,1,63,0.5016,24707,0
scale_f0.02,kc_delta,1,64,0.5016,25307,0
scale_f0.02,kc_delta,1,65,0.5016,25907,0
scale_f0.02,kc_delta,1,66,0.4889,26507,0
scale_f0.02,kc_delta,1,67,0.4730,27107,0
scale_f0.02,kc_delta,1,68,0.4762,27166,0
scale_f0.02,kc_delta,1,69,0.4730,27271,0
scale_f0.02,kc_delta,1,70,0.4698,27532,0
scale_f0.02,kc_delta,1,71,0.4698,28132,0
scale_f0.02,kc_delta,1,72,0.4571,28732,0
scale_f0.02,kc_delta,1,73,0.4571,29332,0
scale_f0.02,kc_delta,1,74,0.4476,29932,0
scale_f0.02,kc_delta,1,75,0.4540,30532,0
scale_f0.02,kc_delta,1,76,0.4635,30601,0
scale_f0.02,kc_delta,1,77,0.4952,30695,0
scale_f0.02,kc_delta,1,78,0.4921,30710,0
scale_f0.02,kc_delta,1,79,0.4762,30725,0
scale_f0.02,kc_delta,1,80,0.4794,31325,0
scale_f0.02,kc_delta,1,81,0.4825,31925,0
scale_f0.02,kc_delta,1,82,0.4698,32525,0
scale_f0.02,kc_delta,1,83,0.4603,33125,0
scale_f0.02,kc_delta,1,84,0.4635,33725,0
scale_f0.02,kc_delta,1,85,0.4476,34325,0
scale_f0.02,kc_delta,1,86,0.4667,34925,0
scale_f0.02,kc_delta,1,87,0.4730,35525,0
scale_f0.02,kc_delta,1,88,0.4603,36125,0
scale_f0.02,kc_delta,1,89,0.4667,36725,0
scale_f0.02,kc_delta,1,90,0.4540,36757,0
scale_f0.02,kc_delta,1,91,0.4698,36925,0
scale_f0.02,kc_delta,1,92,0.4698,36944,0
scale_f0.02,kc_delta,1,93,0.4444,37544,0
scale_f0.02,kc_delta,1,94,0.4413,37550,0
scale_f0.02,kc_delta,1,95,0.4413,37565,0
scale_f0.02,kc_delta,1,96,0.4317,38165,0
scale_f0.02,kc_delta,1,97,0.4381,38208,0
scale_f0.02,kc_delta,1,98,0.4444,38808,0
scale_f0.02,kc_delta,1,99,0.4381,39408,0
scale_f0.02,kc_delta,1,100,0.4190,40008,0
scale_f0.02,kc_delta,1,101,0.4381,40608,0
scale_f0.02,kc_delta,1,102,0.4603,40876,0
scale_f0.02,kc_delta,1,103,0.4857,41215,0
scale_f0.02,kc_delta,1,104,0.4921,41302,0
scale_f0.02,kc_delta,1,105,0.4730,41902,0
scale_f0.02,kc_delta,1,106,0.4635,42502,0
scale_f0.02,kc_delta,1,107,0.4635,43102,0
scale_f0.02,kc_delta,1,108,0.4603,43702,0
scale_f0.02,kc_delta,1,109,0.4730,43975,0
scale_f0.02,kc_delta,1,110,0.4603,44575,0
scale_f0.02,kc_delta,1,111,0.4857,44684,0
scale_f0.02,kc_delta,1,112,0.4857,44725,0
scale_f0.02,kc_delta,1,113,0.4825,44759,0
scale_f0.02,kc_delta,1,114,0.4889,44811,0
scale_f0.02,kc_delta,1,115,0.4984,45086,0
scale_f0.02,kc_delta,1,116,0.5016,45686,0
scale_f0.02,kc_delta,1,117,0.5016,45709,0
scale_f0.02,kc_delta,1,118,0.4857,46309,0
scale_f0.02,kc_delta,1,119,0.4889,46443,0
scale_f0.02,kc_delta,1,120,0.4921,47043,0
scale_f0.02,kc_delta,1,121,0.4984,47643,0
scale_f0.02,kc_delta,1,122,0.4603,48243,0
scale_f0.02,kc_delta,1,123,0.4667,48843,0
scale_f0.02,kc_delta,1,124,0.4794,49443,0
scale_f0.02,kc_delta,1,125,0.5048,50043,0
scale_f0.02,kc_delta,1,126,0.5143,50178,0
scale_f0.02,kc_delta,1,127,0.4921,50778,0
scale_f0.02,kc_delta,1,128,0.4952,51378,0
scale_f0.02,kc_delta,1,129,0.5111,51521,0
scale_f0.02,kc_delta,1,130,0.5270,51565,0
scale_f0.02,kc_delta,1,131,0.5270,51648,0
scale_f0.02,kc_delta,1,132,0.5206,52248,0
scale_f0.02,kc_delta,1,133,0.5079,52848,0
scale_f0.02,kc_delta,1,134,0.5079,52873,0
scale_f0.02,kc_delta,1,135,0.4857,53473,0
scale_f0.02,kc_delta,1,136,0.4857,53495,0
scale_f0.02,kc_delta,1,137,0.4952,53544,0
scale_f0.02,kc_delta,1,138,0.5016,53625,0
scale_f0.02,kc_delta,1,139,0.5048,53637,0
scale_f0.02,kc_delta,1,140,0.4889,54237,0
scale_f0.02,kc_delta,1,141,0.4730,54837,0
scale_f0.02,kc_delta,1,142,0.4730,55437,0
scale_f0.02,kc_delta,1,143,0.4952,55543,0
scale_f0.02,kc_delta,1,144,0.4952,55547,0
scale_f0.02,kc_delta,1,145,0.5048,56147,0
scale_f0.02,kc_delta,1,146,0.5079,56747,0
scale_f0.02,kc_delta,1,147,0.4889,57347,0
scale_f0.02,kc_delta,1,148,0.4952,57947,0
scale_f0.02,kc_delta,1,149,0.4952,58547,0
scale_f0.02,kc_delta,1,150,0.4635,59147,0
scale_f0.02,kc_delta,1,151,0.5016,59304,0
scale_f0.02,kc_delta,1,152,0.5111,59634,0
scale_f0.02,kc_delta,1,153,0.4857,60234,0
scale_f0.02,kc_delta,1,154,0.4794,60280,0
scale_f0.02,kc_delta,1,155,0.4889,60857,0
scale_f0.02,kc_delta,1,156,0.4921,60957,0
scale_f0.02,kc_delta,1,157,0.4984,61023,0
scale_f0.02,kc_delta,1,158,0.5175,61148,0
scale_f0.02,kc_delta,1,159,0.5238,61748,0
scale_f0.02,kc_delta,1,160,0.5238,62348,0
scale_f0.02,kc_delta,1,161,0.5365,62579,0
scale_f0.02,kc_delta,1,162,0.5270,63179,0
scale_f0.02,kc_delta,1,163,0.5333,63779,0
scale_f0.02,kc_delta,1,164,0.5206,64379,0
scale_f0.02,kc_delta,1,165,0.5365,64979,0
scale_f0.02,kc_delta,1,166,0.5270,65013,0
scale_f0.02,kc_delta,1,167,0.5397,65146,0
scale_f0.02,kc_delta,1,168,0.5206,65746,0
scale_f0.02,kc_delta,1,169,0.5238,65979,0
scale_f0.02,kc_delta,1,170,0.5206,65989,0
scale_f0.02,kc_delta,1,171,0.5206,66012,0
scale_f0.02,kc_delta,1,172,0.5238,66047,0
scale_f0.02,kc_delta,1,173,0.5238,66120,0
scale_f0.02,kc_delta,1,174,0.5270,66720,0
scale_f0.02,kc_delta,1,175,0.5333,66753,0
scale_f0.02,kc_delta,1,176,0.5333,67353,0
scale_f0.02,kc_delta,1,177,0.5270,67953,0
scale_f0.02,kc_delta,1,178,0.5048,68553,0
scale_f0.02,kc_delta,1,179,0.4984,69153,0
scale_f0.02,kc_delta,1,180,0.5270,69261,0
scale_f0.02,kc_delta,1,181,0.5238,69861,0
scale_f0.02,kc_delta,1,182,0.5111,70461,0
scale_f0.02,kc_delta,1,183,0.5016,71061,0
scale_f0.02,kc_delta,1,184,0.5111,71084,0
scale_f0.02,kc_delta,1,185,0.5175,71116,0
scale_f0.02,kc_delta,1,186,0.5143,71124,0
scale_f0.02,kc_delta,1,187,0.5238,71724,0
scale_f0.02,kc_delta,1,188,0.5270,71908,0
scale_f0.02,kc_delta,1,189,0.5079,72508,0
scale_f0.02,kc_delta,1,190,0.5143,72698,0
scale_f0.02,kc_delta,1,191,0.5302,73298,0
scale_f0.02,kc_delta,1,192,0.5270,73898,0
scale_f0.02,kc_delta,1,193,0.5302,74498,0
scale_f0.02,kc_delta,1,194,0.5429,74571,0
scale_f0.02,kc_delta,1,195,0.5397,75171,0
scale_f0.02,kc_delta,1,196,0.5460,75232,0
scale_f0.02,kc_delta,1,197,0.5524,75832,0
scale_f0.02,kc_delta,1,198,0.5302,76432,0
scale_f0.02,kc_delta,1,199,0.5460,76572,0
scale_f0.02,kc_delta,1,200,0.5238,77172,0
scale_f0.02,kc_delta,1,201,0.5238,77772,0
scale_f0.02,kc_delta,1,202,0.5206,78104,0
scale_f0.02,kc_delta,1,203,0.5460,78704,0
scale_f0.02,kc_delta,1,204,0.5397,79304,0
scale_f0.02,kc_delta,1,205,0.5492,79904,0
scale_f0.02,kc_delta,1,206,0.5429,80504,0
scale_f0.02,kc_delta,1,207,0.5365,81104,0
scale_f0.02,kc_delta,1,208,0.5238,81704,0
scale_f0.02,kc_delta,1,209,0.5397,81854,0
scale_f0.02,kc_delta,1,210,0.5175,82454,0
scale_f0.02,kc_delta,1,211,0.5238,82620,0
scale_f0.02,kc_delta,1,212,0.5302,82647,0
scale_f0.02,kc_delta,1,213,0.5270,83247,0
scale_f0.02,kc_delta,1,214,0.5460,83343,0
scale_f0.02,kc_delta,1,215,0.5365,83943,0
scale_f0.02,kc_delta,1,216,0.5492,84027,0
scale_f0.02,kc_delta,1,217,0.5365,84627,0
scale_f0.02,kc_delta,1,218,0.5365,85227,0
scale_f0.02,kc_delta,1,219,0.5365,85827,0
scale_f0.02,kc_delta,1,220,0.5270,86427,0
scale_f0.02,kc_delta,1,221,0.4952,87027,0
scale_f0.02,kc_delta,1,222,0.5238,87112,0
scale_f0.02,kc_delta,1,223,0.5048,87184,0
scale_f0.02,kc_delta,1,224,0.5206,87784,0
scale_f0.02,kc_delta,1,225,0.5206,87834,0
scale_f0.02,kc_delta,1,226,0.5397,87983,0
scale_f0.02,kc_delta,1,227,0.5365,88583,0
scale_f0.02,kc_delta,1,228,0.5397,89183,0
scale_f0.02,kc_delta,1,229,0.5746,89341,0
scale_f0.02,kc_delta,1,230,0.5778,89421,0
scale_f0.02,kc_delta,1,231,0.5746,89582,0
scale_f0.02,kc_delta,1,232,0.5746,90182,0
scale_f0.02,kc_delta,1,233,0.5683,90299,0
scale_f0.02,kc_delta,1,234,0.5810,90899,0
scale_f0.02,kc_delta,1,235,0.5810,90946,0
scale_f0.02,kc_delta,1,236,0.5778,91546,0
scale_f0.02,kc_delta,1,237,0.5746,92146,0
scale_f0.02,kc_delta,1,238,0.5683,92180,0
scale_f0.02,kc_delta,1,239,0.5683,92209,0
scale_f0.02,kc_delta,1,240,0.5683,92214,0
scale_f0.02,kc_delta,1,241,0.5778,92266,0
scale_f0.02,kc_delta,1,242,0.5746,92866,0
scale_f0.02,kc_delta,1,243,0.5683,92934,0
scale_f0.02,kc_delta,1,244,0.5651,93057,0
scale_f0.02,kc_delta,1,245,0.5556,93657,0
scale_f0.02,kc_delta,1,246,0.5587,93698,0
scale_f0.02,kc_delta,1,247,0.5619,93747,0
scale_f0.02,kc_delta,1,248,0.5778,93994,0
scale_f0.02,kc_delta,1,249,0.5683,94594,0
scale_f0.02,kc_delta,1,250,0.5746,95194,0
scale_f0.02,kc_delta,1,251,0.5810,95276,0
scale_f0.02,kc_delta,1,252,0.5937,95372,0
scale_f0.02,kc_delta,1,253,0.5778,95434,0
scale_f0.02,kc_delta,1,254,0.5683,96034,0
scale_f0.02,kc_delta,1,255,0.5778,96300,0
scale_f0.02,kc_delta,1,256,0.5746,96900,0
scale_f0.02,kc_delta,1,257,0.5905,97028,0
scale_f0.02,kc_delta,1,258,0.5810,97628,0
scale_f0.02,kc_delta,1,259,0.5651,97664,0
scale_f0.02,kc_delta,1,260,0.5619,97977,0
scale_f0.02,kc_delta,1,261,0.5714,98577,0
scale_f0.02,kc_delta,1,262,0.5873,98717,0
scale_f0.02,kc_delta,1,263,0.5937,99317,0
scale_f0.02,kc_delta,1,264,0.5746,99917,0
scale_f0.02,kc_delta,1,265,0.5524,100517,0
scale_f0.02,kc_delta,1,266,0.5714,100583,0
scale_f0.02,kc_delta,1,267,0.5778,100631,0
scale_f0.02,kc_delta,1,268,0.5714,101231,0
scale_f0.02,kc_delta,1,269,0.5810,101268,0
scale_f0.02,kc_delta,1,270,0.5683,101309,0
scale_f0.02,kc_delta,1,271,0.5651,101909,0
scale_f0.02,kc_delta,1,272,0.5810,101980,0
scale_f0.02,kc_delta,1,273,0.5746,102580,0
scale_f0.02,kc_delta,1,274,0.5810,102589,0
scale_f0.02,kc_delta,1,275,0.5778,102615,0
scale_f0.02,kc_delta,1,276,0.5905,102667,0
scale_f0.02,kc_delta,1,277,0.5873,102715,0
scale_f0.02,kc_delta,1,278,0.5524,103315,0
scale_f0.02,kc_delta,1,279,0.5810,103433,0
scale_f0.02,kc_delta,1,280,0.5556,104033,0
scale_f0.02,kc_delta,1,281,0.5619,104077,0
scale_f0.02,kc_delta,1,282,0.5524,104236,0
scale_f0.02,kc_delta,1,283,0.5651,104280,0
scale_f0.02,kc_delta,1,284,0.5651,104288,0
scale_f0.02,kc_delta,1,285,0.5460,104888,0
scale_f0.02,kc_delta,1,286,0.5492,104893,0
scale_f0.02,kc_delta,1,287,0.5524,105493,0
scale_f0.02,kc_delta,1,288,0.5524,105498,0
scale_f0.02,kc_delta,1,289,0.5460,105588,0
scale_f0.02,kc_delta,1,290,0.5492,105602,0
scale_f0.02,kc_delta,1,291,0.5460,105627,0
scale_f0.02,kc_delta,1,292,0.5492,105655,0
scale_f0.02,kc_delta,1,293,0.5492,105674,0
scale_f0.02,kc_delta,1,294,0.5524,106274,0
scale_f0.02,kc_delta,1,295,0.5460,106874,0
scale_f0.02,kc_delta,1,296,0.5460,107474,0
scale_f0.02,kc_delta,1,297,0.5651,107794,0
scale_f0.02,kc_delta,1,298,0.5651,108394,0
scale_f0.02,kc_delta,1,299,0.5492,108994,0
scale_f0.02,kc_delta,1,300,0.5556,109594,0
scale_f0.02,kc_delta,1,301,0.5556,109854,0
scale_f0.02,kc_delta,1,302,0.5651,110182,0
scale_f0.02,kc_delta,1,303,0.5619,110782,0
scale_f0.02,kc_delta,1,304,0.5492,111382,0
scale_f0.02,kc_delta,1,305,0.5556,111543,0
scale_f0.02,kc_delta,1,306,0.5619,111631,0
scale_f0.02,kc_delta,1,307,0.5746,111666,0
scale_f0.02,kc_delta,1,308,0.5524,111733,0
scale_f0.02,kc_delta,1,309,0.5524,112333,0
scale_f0.02,kc_delta,1,310,0.5746,112933,0
scale_f0.02,kc_delta,1,311,0.5778,112956,0
scale_f0.02,kc_delta,1,312,0.5841,113556,0
scale_f0.02,kc_delta,1,313,0.5810,113578,0
scale_f0.02,kc_delta,1,314,0.5746,114178,0
scale_f0.02,kc_delta,1,315,0.5778,114216,0
scale_f0.02,kc_delta,1,316,0.5778,114816,0
scale_f0.02,kc_delta,1,317,0.5968,114988,0
scale_f0.02,kc_delta,1,318,0.5968,114996,0
scale_f0.02,kc_delta,1,319,0.5968,115005,0
scale_f0.02,kc_delta,1,320,0.5905,115037,0
scale_f0.02,kc_delta,1,321,0.6000,115082,0
scale_f0.02,kc_delta,1,322,0.5841,115682,0
scale_f0.02,kc_delta,1,323,0.5905,115735,0
scale_f0.02,kc_delta,1,324,0.5810,116335,0
scale_f0.02,kc_delta,1,325,0.5778,116935,0
scale_f0.02,kc_delta,1,326,0.5492,117535,0
scale_f0.02,kc_delta,1,327,0.5968,117771,0
scale_f0.02,kc_delta,1,328,0.5683,118371,0
scale_f0.02,kc_delta,1,329,0.5587,118971,0
scale_f0.02,kc_delta,1,330,0.5587,119571,0
scale_f0.02,kc_delta,1,331,0.5683,119582,0
scale_f0.02,kc_delta,1,332,0.5683,120182,0
scale_f0.02,kc_delta,1,333,0.5778,120782,0
scale_f0.02,kc_delta,1,334,0.5714,121382,0
scale_f0.02,kc_delta,1,335,0.5841,121435,0
scale_f0.02,kc_delta,1,336,0.5746,121547,0
scale_f0.02,kc_delta,1,337,0.5619,122147,0
scale_f0.02,kc_delta,1,338,0.5714,122747,0
scale_f0.02,kc_delta,1,339,0.5651,123264,0
scale_f0.02,kc_delta,1,340,0.5651,123270,0
scale_f0.02,kc_delta,1,341,0.5714,123870,0
scale_f0.02,kc_delta,1,342,0.5429,124470,0
scale_f0.02,kc_delta,1,343,0.5556,124652,0
scale_f0.02,kc_delta,1,344,0.5587,125252,0
scale_f0.02,kc_delta,1,345,0.5587,125274,0
scale_f0.02,kc_delta,1,346,0.5524,125302,0
scale_f0.02,kc_delta,1,347,0.5556,125902,0
scale_f0.02,kc_delta,1,348,0.5619,126502,0
scale_f0.02,kc_delta,1,349,0.5365,126770,0
scale_f0.02,kc_delta,1,350,0.5238,127370,0
scale_f0.02,kc_delta,1,351,0.5270,127970,0
scale_f0.02,kc_delta,1,352,0.5270,128020,0
scale_f0.02,kc_delta,1,353,0.5333,128061,0
scale_f0.02,kc_delta,1,354,0.5365,128078,0
scale_f0.02,kc_delta,1,355,0.5365,128100,0
scale_f0.02,kc_delta,1,356,0.5333,128143,0
scale_f0.02,kc_delta,1,357,0.5206,128743,0
scale_f0.02,kc_delta,1,358,0.5206,129343,0
scale_f0.02,kc_delta,1,359,0.5302,129943,0
scale_f0.02,kc_delta,1,360,0.5429,130056,0
scale_f0.02,kc_delta,1,361,0.5175,130656,0
scale_f0.02,kc_delta,1,362,0.5206,131256,0
scale_f0.02,kc_delta,1,363,0.5365,131318,0
scale_f0.02,kc_delta,1,364,0.5365,131918,0
scale_f0.02,kc_delta,1,365,0.5333,131938,0
scale_f0.02,kc_delta,1,366,0.5302,132006,0
scale_f0.02,kc_delta,1,367,0.5365,132606,0
scale_f0.02,kc_delta,1,368,0.5397,132631,0
scale_f0.02,kc_delta,1,369,0.5302,133231,0
scale_f0.02,kc_delta,1,370,0.5302,133235,0
scale_f0.02,kc_delta,1,371,0.5143,133835,0
scale_f0.02,kc_delta,1,372,0.5302,134435,0
scale_f0.02,kc_delta,1,373,0.5333,134537,0
scale_f0.02,kc_delta,1,374,0.5460,134652,0
scale_f0.02,kc_delta,1,375,0.5492,135252,0
scale_f0.02,kc_delta,1,376,0.5460,135294,0
scale_f0.02,kc_delta,1,377,0.5429,135311,0
scale_f0.02,kc_delta,1,378,0.5429,135370,0
scale_f0.02,kc_delta,1,379,0.5365,135970,0
scale_f0.02,kc_delta,1,380,0.5333,135983,0
scale_f0.02,kc_delta,1,381,0.5460,136583,0
scale_f0.02,kc_delta,1,382,0.5333,136613,0
scale_f0.02,kc_delta,1,383,0.5492,137213,0
scale_f0.02,kc_delta,1,384,0.5492,137231,0
scale_f0.02,kc_delta,1,385,0.5492,137831,0
scale_f0.02,kc_delta,1,386,0.5429,138431,0
scale_f0.02,kc_delta,1,387,0.5460,139031,0
scale_f0.02,kc_delta,1,388,0.5524,139631,0
scale_f0.02,kc_delta,1,389,0.5429,140231,0
scale_f0.02,kc_delta,1,390,0.5746,140356,0
scale_f0.02,kc_delta,1,391,0.5651,140956,0
scale_f0.02,kc_delta,1,392,0.5556,141556,0
scale_f0.02,kc_delta,1,393,0.5524,141558,0
scale_f0.02,kc_delta,1,394,0.5683,142158,0
scale_f0.02,kc_delta,1,395,0.5492,142758,0
scale_f0.02,kc_delta,1,396,0.5492,142794,0
scale_f0.02,kc_delta,1,397,0.5524,142825,0
scale_f0.02,kc_delta,1,398,0.5492,143425,0
scale_f0.02,kc_delta,1,399,0.5365,144025,0
scale_f0.02,kc_delta,1,400,0.5238,144625,0
scale_f0.02,kc_delta,1,401,0.5270,144637,0
scale_f0.02,kc_delta,1,402,0.5270,145237,0
scale_f0.02,kc_delta,1,403,0.5175,145837,0
scale_f0.02,kc_delta,1,404,0.5333,146437,0
scale_f0.02,kc_delta,1,405,0.5429,146473,0
scale_f0.02,kc_delta,1,406,0.5206,147073,0
scale_f0.02,kc_delta,1,407,0.5397,147131,0
scale_f0.02,kc_delta,1,408,0.5333,147199,0
scale_f0.02,kc_delta,1,409,0.5492,147528,0
scale_f0.02,kc_delta,1,410,0.5460,147573,0
scale_f0.02,kc_delta,1,411,0.5524,147609,0
scale_f0.02,kc_delta,1,412,0.5333,147682,0
scale_f0.02,kc_delta,1,413,0.5429,148282,0
scale_f0.02,kc_delta,1,414,0.5429,148882,0
scale_f0.02,kc_delta,1,415,0.5492,149468,0
scale_f0.02,kc_delta,1,416,0.5492,149550,0
scale_f0.02,kc_delta,1,417,0.5524,150150,0
scale_f0.02,kc_delta,1,418,0.5524,150750,0
scale_f0.02,kc_delta,1,419,0.5556,151350,0
scale_f0.02,kc_delta,1,420,0.5556,151950,0
scale_f0.02,kc_delta,1,421,0.5619,152028,0
scale_f0.02,kc_delta,1,422,0.5587,152043,0
scale_f0.02,kc_delta,1,423,0.5556,152643,0
scale_f0.02,kc_delta,1,424,0.5619,152729,0
scale_f0.02,kc_delta,1,425,0.5587,153329,0
scale_f0.02,kc_delta,1,426,0.5651,153387,0
scale_f0.02,kc_delta,1,427,0.5714,153987,0
scale_f0.02,kc_delta,1,428,0.5714,154002,0
scale_f0.02,kc_delta,1,429,0.5746,154487,0
scale_f0.02,kc_delta,1,430,0.5778,154514,0
scale_f0.02,kc_delta,1,431,0.5778,154549,0
scale_f0.02,kc_delta,1,432,0.5873,154635,0
scale_f0.02,kc_delta,1,433,0.5746,155235,0
scale_f0.02,kc_delta,1,434,0.5810,155288,0
scale_f0.02,kc_delta,1,435,0.5778,155888,0
scale_f0.02,kc_delta,1,436,0.5714,155930,0
scale_f0.02,kc_delta,1,437,0.5714,155965,0
scale_f0.02,kc_delta,1,438,0.5841,156290,0
scale_f0.02,kc_delta,1,439,0.5873,156324,0
scale_f0.02,kc_delta,1,440,0.5651,156924,0
scale_f0.02,kc_delta,1,441,0.5714,156951,0
scale_f0.02,kc_delta,1,442,0.5492,157551,0
scale_f0.02,kc_delta,1,443,0.5365,158151,0
scale_f0.02,kc_delta,1,444,0.5460,158175,0
scale_f0.02,kc_delta,1,445,0.5714,158446,0
scale_f0.02,kc_delta,1,446,0.5619,158635,0
scale_f0.02,kc_delta,1,447,0.5778,158671,0
scale_f0.02,kc_delta,1,448,0.5873,159271,0
scale_f0.02,kc_delta,1,449,0.5746,159871,0
scale_f0.02,kc_delta,1,450,0.5873,159901,0
scale_f0.02,kc_delta,1,451,0.5460,160501,0
scale_f0.02,kc_delta,1,452,0.5619,160597,0
scale_f0.02,kc_delta,1,453,0.5810,160654,0
scale_f0.02,kc_delta,1,454,0.5587,160688,0
scale_f0.02,kc_delta,1,455,0.5651,160727,0
scale_f0.02,kc_delta,1,456,0.5651,160728,0
scale_f0.02,kc_delta,1,457,0.5556,160757,0
scale_f0.02,kc_delta,1,458,0.5587,160787,0
scale_f0.02,kc_delta,1,459,0.5556,160799,0
scale_f0.02,kc_delta,1,460,0.5683,160944,0
scale_f0.02,kc_delta,1,461,0.5556,161544,0
scale_f0.02,kc_delta,1,462,0.5492,161579,0
scale_f0.02,kc_delta,1,463,0.5492,161585,0
scale_f0.02,kc_delta,1,464,0.5397,162185,0
scale_f0.02,kc_delta,1,465,0.5365,162202,0
scale_f0.02,kc_delta,1,466,0.5333,162255,0
scale_f0.02,kc_delta,1,467,0.5270,162855,0
scale_f0.02,kc_delta,1,468,0.5270,163455,0
scale_f0.02,kc_delta,1,469,0.5397,163517,0
scale_f0.02,kc_delta,1,470,0.5270,164117,0
scale_f0.02,kc_delta,1,471,0.5333,164207,0
scale_f0.02,kc_delta,1,472,0.5302,164807,0
scale_f0.02,kc_delta,1,473,0.5397,164897,0
scale_f0.02,kc_delta,1,474,0.5302,165341,0
scale_f0.02,kc_delta,1,475,0.5397,165433,0
scale_f0.02,kc_delta,1,476,0.5397,166033,0
scale_f0.02,kc_delta,1,477,0.5460,166633,0
scale_f0.02,kc_delta,1,478,0.5270,167233,0
scale_f0.02,kc_delta,1,479,0.5238,167247,0
scale_f0.02,kc_delta,1,480,0.5333,167847,0
scale_f0.02,kc_delta,1,481,0.5270,168447,0
scale_f0.02,kc_delta,1,482,0.5016,169047,0
scale_f0.02,kc_delta,1,483,0.5016,169647,0
scale_f0.02,kc_delta,1,484,0.4984,170247,0
scale_f0.02,kc_delta,1,485,0.5333,170434,0
scale_f0.02,kc_delta,1,486,0.5524,170526,0
scale_f0.02,kc_delta,1,487,0.5587,171126,0
scale_f0.02,kc_delta,1,488,0.5460,171726,0
scale_f0.02,kc_delta,1,489,0.5778,172191,0
scale_f0.02,kc_delta,1,490,0.5778,172212,0
scale_f0.02,kc_delta,1,491,0.5841,172252,0
scale_f0.02,kc_delta,1,492,0.5714,172852,0
scale_f0.02,kc_delta,1,493,0.5683,172945,0
scale_f0.02,kc_delta,1,494,0.5746,173545,0
scale_f0.02,kc_delta,1,495,0.5810,173586,0
scale_f0.02,kc_delta,1,496,0.5746,174186,0
scale_f0.02,kc_delta,1,497,0.5778,174219,0
scale_f0.02,kc_delta,1,498,0.5841,174819,0
scale_f0.02,kc_delta,1,499,0.5968,174998,0
scale_f0.02,kc_delta,1,500,0.5905,175056,0
scale_f0.02,kc_delta,1,501,0.5968,175154,0
scale_f0.02,kc_delta,1,502,0.6032,175754,0
scale_f0.02,kc_delta,1,503,0.5841,176354,0
scale_f0.02,kc_delta,1,504,0.5937,176360,0
scale_f0.02,kc_delta,1,505,0.5492,176960,0
scale_f0.02,kc_delta,1,506,0.5524,177560,0
scale_f0.02,kc_delta,1,507,0.5492,177616,0
scale_f0.02,kc_delta,1,508,0.5492,178216,0
scale_f0.02,kc_delta,1,509,0.5397,178816,0
scale_f0.02,kc_delta,1,510,0.5429,178834,0
scale_f0.02,kc_delta,1,511,0.5429,179434,0
scale_f0.02,kc_delta,1,512,0.5333,180034,0
scale_f0.02,kc_delta,1,513,0.5556,180634,0
scale_f0.02,kc_delta,1,514,0.5238,181234,0
scale_f0.02,kc_delta,1,515,0.5365,181704,0
scale_f0.02,kc_delta,1,516,0.5556,181782,0
scale_f0.02,kc_delta,1,517,0.5556,182382,0
scale_f0.02,kc_delta,1,518,0.5810,182745,0
scale_f0.02,kc_delta,1,519,0.5873,183128,0
scale_f0.02,kc_delta,1,520,0.5778,183728,0
scale_f0.02,kc_delta,1,521,0.5873,184328,0
scale_f0.02,kc_delta,1,522,0.5746,184928,0
scale_f0.02,kc_delta,1,523,0.5714,185528,0
scale_f0.02,kc_delta,1,524,0.5651,185991,0
scale_f0.02,kc_delta,1,525,0.5714,186000,0
scale_f0.02,kc_delta,1,526,0.5619,186600,0
scale_f0.02,kc_delta,1,527,0.5619,186611,0
scale_f0.02,kc_delta,1,528,0.5651,187211,0
scale_f0.02,kc_delta,1,529,0.5365,187811,0
scale_f0.02,kc_delta,1,530,0.5429,188411,0
scale_f0.02,kc_delta,1,531,0.5429,189011,0
scale_f0.02,kc_delta,1,532,0.5397,189611,0
scale_f0.02,kc_delta,1,533,0.5714,190211,0
scale_f0.02,kc_delta,1,534,0.5683,190219,0
scale_f0.02,kc_delta,1,535,0.5873,190263,0
scale_f0.02,kc_delta,1,536,0.5905,190863,0
scale_f0.02,kc_delta,1,537,0.5841,190896,0
scale_f0.02,kc_delta,1,538,0.5651,191496,0
scale_f0.02,kc_delta,1,539,0.5905,191959,0
scale_f0.02,kc_delta,1,540,0.5968,192012,0
scale_f0.02,kc_delta,1,541,0.6095,192428,0
scale_f0.02,kc_delta,1,542,0.6159,192521,0
scale_f0.02,kc_delta,1,543,0.6127,192609,0
scale_f0.02,kc_delta,1,544,0.6095,192611,0
scale_f0.02,kc_delta,1,545,0.6063,192656,0
scale_f0.02,kc_delta,1,546,0.5905,192696,0
scale_f0.02,kc_delta,1,547,0.5873,193296,0
scale_f0.02,kc_delta,1,548,0.6063,193392,0
scale_f0.02,kc_delta,1,549,0.5905,193559,0
scale_f0.02,kc_delta,1,550,0.5810,193666,0
scale_f0.02,kc_delta,1,551,0.5810,194266,0
scale_f0.02,kc_delta,1,552,0.5651,194866,0
scale_f0.02,kc_delta,1,553,0.5714,194882,0
scale_f0.02,kc_delta,1,554,0.5746,195482,0
scale_f0.02,kc_delta,1,555,0.5810,195522,0
scale_f0.02,kc_delta,1,556,0.5873,195526,0
scale_f0.02,kc_delta,1,557,0.5873,195598,0
scale_f0.02,kc_delta,1,558,0.5873,196198,0
scale_f0.02,kc_delta,1,559,0.5873,196252,0
scale_f0.02,kc_delta,1,560,0.5841,196852,0
scale_f0.02,kc_delta,1,561,0.5778,197452,0
scale_f0.02,kc_delta,1,562,0.5778,197454,0
scale_f0.02,kc_delta,1,563,0.5714,198054,0
scale_f0.02,kc_delta,1,564,0.5714,198069,0
scale_f0.02,kc_delta,1,565,0.5746,198118,0
scale_f0.02,kc_delta,1,566,0.5714,198718,0
scale_f0.02,kc_delta,1,567,0.5714,198773,0
scale_f0.02,kc_delta,1,568,0.5810,199373,0
scale_f0.02,kc_delta,1,569,0.5905,199973,0
scale_f0.02,kc_delta,1,570,0.5905,200573,0
scale_f0.02,kc_delta,1,571,0.5873,201173,0
scale_f0.02,kc_delta,1,572,0.5873,201176,0
scale_f0.02,kc_delta,1,573,0.5937,201226,0
scale_f0.02,kc_delta,1,574,0.5841,201240,0
scale_f0.02,kc_delta,1,575,0.5810,201840,0
scale_f0.02,kc_delta,1,576,0.5778,201926,0
scale_f0.02,kc_delta,1,577,0.5810,201964,0
scale_f0.02,kc_delta,1,578,0.5683,202564,0
scale_f0.02,kc_delta,1,579,0.5683,202608,0
scale_f0.02,kc_delta,1,580,0.5746,202616,0
scale_f0.02,kc_delta,1,581,0.5778,202650,0
scale_f0.02,kc_delta,1,582,0.5841,202672,0
scale_f0.02,kc_delta,1,583,0.5778,202708,0
scale_f0.02,kc_delta,1,584,0.5714,203308,0
scale_f0.02,kc_delta,1,585,0.5778,203908,0
scale_f0.02,kc_delta,1,586,0.5841,204322,0
scale_f0.02,kc_delta,1,587,0.5841,204352,0
scale_f0.02,kc_delta,1,588,0.5841,204383,0
scale_f0.02,kc_delta,1,589,0.5873,204983,0
scale_f0.02,kc_delta,1,590,0.5873,204991,0
scale_f0.02,kc_delta,1,591,0.5905,205087,0
scale_f0.02,kc_delta,1,592,0.6032,205154,0
scale_f0.02,kc_delta,1,593,0.6032,205754,0
scale_f0.02,kc_delta,1,594,0.5968,206354,0
scale_f0.02,kc_delta,1,595,0.6095,206954,0
scale_f0.02,kc_delta,1,596,0.5778,207554,0
scale_f0.02,kc_delta,1,597,0.5841,208094,0
scale_f0.02,kc_delta,1,598,0.5619,208694,0
scale_f0.02,kc_delta,1,599,0.5587,208845,0
scale_f0.02,rand_delta,1,0,0.3937,600,0
scale_f0.02,rand_delta,1,1,0.3746,905,0
scale_f0.02,rand_delta,1,2,0.3810,910,0
scale_f0.02,rand_delta,1,3,0.4667,1510,0
scale_f0.02,rand_delta,1,4,0.4825,1701,0
scale_f0.02,rand_delta,1,5,0.5016,2301,0
scale_f0.02,rand_delta,1,6,0.4984,2488,0
scale_f0.02,rand_delta,1,7,0.5079,2673,0
scale_f0.02,rand_delta,1,8,0.5524,3061,0
scale_f0.02,rand_delta,1,9,0.5492,3377,0
scale_f0.02,rand_delta,1,10,0.5714,3886,0
scale_f0.02,rand_delta,1,11,0.5746,4486,0
scale_f0.02,rand_delta,1,12,0.5365,5086,0
scale_f0.02,rand_delta,1,13,0.4984,5686,0
scale_f0.02,rand_delta,1,14,0.5111,6286,0
scale_f0.02,rand_delta,1,15,0.5175,6886,0
scale_f0.02,rand_delta,1,16,0.5651,7121,0
scale_f0.02,rand_delta,1,17,0.5968,7721,0
scale_f0.02,rand_delta,1,18,0.6222,8321,0
scale_f0.02,rand_delta,1,19,0.6444,8379,0
scale_f0.02,rand_delta,1,20,0.6540,8567,0
scale_f0.02,rand_delta,1,21,0.6603,9167,0
scale_f0.02,rand_delta,1,22,0.6571,9186,0
scale_f0.02,rand_delta,1,23,0.6540,9192,0
scale_f0.02,rand_delta,1,24,0.6635,9379,0
scale_f0.02,rand_delta,1,25,0.6667,9395,0
scale_f0.02,rand_delta,1,26,0.6635,9453,0
scale_f0.02,rand_delta,1,27,0.6698,9720,0
scale_f0.02,rand_delta,1,28,0.6540,10320,0
scale_f0.02,rand_delta,1,29,0.6381,10920,0
scale_f0.02,rand_delta,1,30,0.6381,10931,0
scale_f0.02,rand_delta,1,31,0.6508,11072,0
scale_f0.02,rand_delta,1,32,0.6603,11100,0
scale_f0.02,rand_delta,1,33,0.6667,11143,0
scale_f0.02,rand_delta,1,34,0.6762,11743,0
scale_f0.02,rand_delta,1,35,0.6730,11752,0
scale_f0.02,rand_delta,1,36,0.6889,12143,0
scale_f0.02,rand_delta,1,37,0.6444,12743,0
scale_f0.02,rand_delta,1,38,0.6476,12769,0
scale_f0.02,rand_delta,1,39,0.6540,13107,0
scale_f0.02,rand_delta,1,40,0.6540,13127,0
scale_f0.02,rand_delta,1,41,0.6222,13727,0
scale_f0.02,rand_delta,1,42,0.6286,13750,0
scale_f0.02,rand_delta,1,43,0.6381,13921,0
scale_f0.02,rand_delta,1,44,0.6381,13922,0
scale_f0.02,rand_delta,1,45,0.6698,14104,0
scale_f0.02,rand_delta,1,46,0.6889,14258,0
scale_f0.02,rand_delta,1,47,0.6825,14858,0
scale_f0.02,rand_delta,1,48,0.6825,14877,0
scale_f0.02,rand_delta,1,49,0.6857,14879,0
scale_f0.02,rand_delta,1,50,0.5651,15479,0
scale_f0.02,rand_delta,1,51,0.5968,16079,0
scale_f0.02,rand_delta,1,52,0.6000,16679,0
scale_f0.02,rand_delta,1,53,0.6508,16958,0
scale_f0.02,rand_delta,1,54,0.6540,16981,0
scale_f0.02,rand_delta,1,55,0.6921,17267,0
scale_f0.02,rand_delta,1,56,0.6921,17629,0
scale_f0.02,rand_delta,1,57,0.7016,17656,0
scale_f0.02,rand_delta,1,58,0.7016,17671,0
scale_f0.02,rand_delta,1,59,0.7048,17680,0
scale_f0.02,rand_delta,1,60,0.6984,18280,0
scale_f0.02,rand_delta,1,61,0.6921,18410,0
scale_f0.02,rand_delta,1,62,0.6984,18440,0
scale_f0.02,rand_delta,1,63,0.6952,18467,0
scale_f0.02,rand_delta,1,64,0.7048,18802,0
scale_f0.02,rand_delta,1,65,0.6952,18871,0
scale_f0.02,rand_delta,1,66,0.6667,19471,0
scale_f0.02,rand_delta,1,67,0.6921,20071,0
scale_f0.02,rand_delta,1,68,0.6952,20121,0
scale_f0.02,rand_delta,1,69,0.6921,20153,0
scale_f0.02,rand_delta,1,70,0.6952,20295,0
scale_f0.02,rand_delta,1,71,0.6254,20895,0
scale_f0.02,rand_delta,1,72,0.5683,21495,0
scale_f0.02,rand_delta,1,73,0.5619,22095,0
scale_f0.02,rand_delta,1,74,0.5714,22695,0
scale_f0.02,rand_delta,1,75,0.5429,23295,0
scale_f0.02,rand_delta,1,76,0.5651,23329,0
scale_f0.02,rand_delta,1,77,0.6222,23395,0
scale_f0.02,rand_delta,1,78,0.6254,23408,0
scale_f0.02,rand_delta,1,79,0.6222,23419,0
scale_f0.02,rand_delta,1,80,0.6508,24019,0
scale_f0.02,rand_delta,1,81,0.6286,24619,0
scale_f0.02,rand_delta,1,82,0.6476,24718,0
scale_f0.02,rand_delta,1,83,0.5651,25318,0
scale_f0.02,rand_delta,1,84,0.6540,25490,0
scale_f0.02,rand_delta,1,85,0.6603,25755,0
scale_f0.02,rand_delta,1,86,0.6667,25812,0
scale_f0.02,rand_delta,1,87,0.6825,26412,0
scale_f0.02,rand_delta,1,88,0.6857,27012,0
scale_f0.02,rand_delta,1,89,0.7016,27612,0
scale_f0.02,rand_delta,1,90,0.7016,27625,0
scale_f0.02,rand_delta,1,91,0.7143,27728,0
scale_f0.02,rand_delta,1,92,0.7111,27732,0
scale_f0.02,rand_delta,1,93,0.7143,27761,0
scale_f0.02,rand_delta,1,94,0.7175,27767,0
scale_f0.02,rand_delta,1,95,0.7143,27774,0
scale_f0.02,rand_delta,1,96,0.6730,28374,0
scale_f0.02,rand_delta,1,97,0.6825,28392,0
scale_f0.02,rand_delta,1,98,0.6857,28424,0
scale_f0.02,rand_delta,1,99,0.7048,29024,0
scale_f0.02,rand_delta,1,100,0.7016,29596,0
scale_f0.02,rand_delta,1,101,0.7016,30196,0
scale_f0.02,rand_delta,1,102,0.7079,30238,0
scale_f0.02,rand_delta,1,103,0.7302,30477,0
scale_f0.02,rand_delta,1,104,0.7302,30502,0
scale_f0.02,rand_delta,1,105,0.7302,30704,0
scale_f0.02,rand_delta,1,106,0.7111,31304,0
scale_f0.02,rand_delta,1,107,0.7111,31708,0
scale_f0.02,rand_delta,1,108,0.7111,32308,0
scale_f0.02,rand_delta,1,109,0.7143,32365,0
scale_f0.02,rand_delta,1,110,0.7048,32965,0
scale_f0.02,rand_delta,1,111,0.7016,32987,0
scale_f0.02,rand_delta,1,112,0.7079,33021,0
scale_f0.02,rand_delta,1,113,0.7016,33042,0
scale_f0.02,rand_delta,1,114,0.7016,33065,0
scale_f0.02,rand_delta,1,115,0.7079,33094,0
scale_f0.02,rand_delta,1,116,0.7079,33694,0
scale_f0.02,rand_delta,1,117,0.7048,33708,0
scale_f0.02,rand_delta,1,118,0.6825,34308,0
scale_f0.02,rand_delta,1,119,0.6825,34339,0
scale_f0.02,rand_delta,1,120,0.6762,34374,0
scale_f0.02,rand_delta,1,121,0.6762,34974,0
scale_f0.02,rand_delta,1,122,0.6762,35574,0
scale_f0.02,rand_delta,1,123,0.6730,36174,0
scale_f0.02,rand_delta,1,124,0.6603,36774,0
scale_f0.02,rand_delta,1,125,0.6698,37374,0
scale_f0.02,rand_delta,1,126,0.6825,37412,0
scale_f0.02,rand_delta,1,127,0.6667,38012,0
scale_f0.02,rand_delta,1,128,0.6762,38612,0
scale_f0.02,rand_delta,1,129,0.6825,38653,0
scale_f0.02,rand_delta,1,130,0.6825,38675,0
scale_f0.02,rand_delta,1,131,0.6857,38744,0
scale_f0.02,rand_delta,1,132,0.6857,39344,0
scale_f0.02,rand_delta,1,133,0.6889,39944,0
scale_f0.02,rand_delta,1,134,0.6921,39962,0
scale_f0.02,rand_delta,1,135,0.6603,40562,0
scale_f0.02,rand_delta,1,136,0.6667,40584,0
scale_f0.02,rand_delta,1,137,0.6698,40609,0
scale_f0.02,rand_delta,1,138,0.6762,40642,0
scale_f0.02,rand_delta,1,139,0.6762,40650,0
scale_f0.02,rand_delta,1,140,0.6698,41250,0
scale_f0.02,rand_delta,1,141,0.6381,41850,0
scale_f0.02,rand_delta,1,142,0.6508,42450,0
scale_f0.02,rand_delta,1,143,0.6540,42512,0
scale_f0.02,rand_delta,1,144,0.6603,42520,0
scale_f0.02,rand_delta,1,145,0.6603,42572,0
scale_f0.02,rand_delta,1,146,0.6540,43172,0
scale_f0.02,rand_delta,1,147,0.6540,43772,0
scale_f0.02,rand_delta,1,148,0.6667,43832,0
scale_f0.02,rand_delta,1,149,0.6508,44432,0
scale_f0.02,rand_delta,1,150,0.6190,45032,0
scale_f0.02,rand_delta,1,151,0.6476,45074,0
scale_f0.02,rand_delta,1,152,0.6730,45136,0
scale_f0.02,rand_delta,1,153,0.6571,45736,0
scale_f0.02,rand_delta,1,154,0.6730,45767,0
scale_f0.02,rand_delta,1,155,0.6921,46062,0
scale_f0.02,rand_delta,1,156,0.6952,46079,0
scale_f0.02,rand_delta,1,157,0.6921,46100,0
scale_f0.02,rand_delta,1,158,0.6889,46133,0
scale_f0.02,rand_delta,1,159,0.7048,46733,0
scale_f0.02,rand_delta,1,160,0.6889,47156,0
scale_f0.02,rand_delta,1,161,0.6889,47188,0
scale_f0.02,rand_delta,1,162,0.6921,47226,0
scale_f0.02,rand_delta,1,163,0.7016,47277,0
scale_f0.02,rand_delta,1,164,0.6952,47877,0
scale_f0.02,rand_delta,1,165,0.7111,48477,0
scale_f0.02,rand_delta,1,166,0.7016,48499,0
scale_f0.02,rand_delta,1,167,0.7016,48703,0
scale_f0.02,rand_delta,1,168,0.6952,49303,0
scale_f0.02,rand_delta,1,169,0.7016,49331,0
scale_f0.02,rand_delta,1,170,0.7016,49342,0
scale_f0.02,rand_delta,1,171,0.6921,49361,0
scale_f0.02,rand_delta,1,172,0.6825,49389,0
scale_f0.02,rand_delta,1,173,0.6794,49423,0
scale_f0.02,rand_delta,1,174,0.6762,50023,0
scale_f0.02,rand_delta,1,175,0.6921,50075,0
scale_f0.02,rand_delta,1,176,0.6857,50675,0
scale_f0.02,rand_delta,1,177,0.6889,51275,0
scale_f0.02,rand_delta,1,178,0.6952,51875,0
scale_f0.02,rand_delta,1,179,0.6730,52475,0
scale_f0.02,rand_delta,1,180,0.6857,52507,0
scale_f0.02,rand_delta,1,181,0.6857,53107,0
scale_f0.02,rand_delta,1,182,0.6540,53707,0
scale_f0.02,rand_delta,1,183,0.6698,54307,0
scale_f0.02,rand_delta,1,184,0.6921,54336,0
scale_f0.02,rand_delta,1,185,0.6857,54357,0
scale_f0.02,rand_delta,1,186,0.6857,54369,0
scale_f0.02,rand_delta,1,187,0.6984,54969,0
scale_f0.02,rand_delta,1,188,0.6857,55013,0
scale_f0.02,rand_delta,1,189,0.6952,55184,0
scale_f0.02,rand_delta,1,190,0.6984,55220,0
scale_f0.02,rand_delta,1,191,0.7048,55820,0
scale_f0.02,rand_delta,1,192,0.7048,56420,0
scale_f0.02,rand_delta,1,193,0.6921,57020,0
scale_f0.02,rand_delta,1,194,0.7111,57079,0
scale_f0.02,rand_delta,1,195,0.7016,57679,0
scale_f0.02,rand_delta,1,196,0.7048,57729,0
scale_f0.02,rand_delta,1,197,0.6952,57780,0
scale_f0.02,rand_delta,1,198,0.6952,58305,0
scale_f0.02,rand_delta,1,199,0.6794,58349,0
scale_f0.02,rand_delta,1,200,0.6508,58949,0
scale_f0.02,rand_delta,1,201,0.6508,59549,0
scale_f0.02,rand_delta,1,202,0.6444,60149,0
scale_f0.02,rand_delta,1,203,0.6381,60749,0
scale_f0.02,rand_delta,1,204,0.6127,61349,0
scale_f0.02,rand_delta,1,205,0.6127,61949,0
scale_f0.02,rand_delta,1,206,0.6571,62091,0
scale_f0.02,rand_delta,1,207,0.6603,62691,0
scale_f0.02,rand_delta,1,208,0.6730,63291,0
scale_f0.02,rand_delta,1,209,0.7016,63376,0
scale_f0.02,rand_delta,1,210,0.6857,63976,0
scale_f0.02,rand_delta,1,211,0.6825,64009,0
scale_f0.02,rand_delta,1,212,0.6794,64033,0
scale_f0.02,rand_delta,1,213,0.6921,64633,0
scale_f0.02,rand_delta,1,214,0.6889,64673,0
scale_f0.02,rand_delta,1,215,0.6921,65081,0
scale_f0.02,rand_delta,1,216,0.7016,65120,0
scale_f0.02,rand_delta,1,217,0.6889,65204,0
scale_f0.02,rand_delta,1,218,0.6825,65804,0
scale_f0.02,rand_delta,1,219,0.6952,66404,0
scale_f0.02,rand_delta,1,220,0.7016,67004,0
scale_f0.02,rand_delta,1,221,0.7048,67604,0
scale_f0.02,rand_delta,1,222,0.7048,67631,0
scale_f0.02,rand_delta,1,223,0.6921,67680,0
scale_f0.02,rand_delta,1,224,0.7079,67739,0
scale_f0.02,rand_delta,1,225,0.6984,67799,0
scale_f0.02,rand_delta,1,226,0.7048,67832,0
scale_f0.02,rand_delta,1,227,0.6952,68432,0
scale_f0.02,rand_delta,1,228,0.6889,69032,0
scale_f0.02,rand_delta,1,229,0.6857,69632,0
scale_f0.02,rand_delta,1,230,0.6921,69668,0
scale_f0.02,rand_delta,1,231,0.6984,69713,0
scale_f0.02,rand_delta,1,232,0.6794,70313,0
scale_f0.02,rand_delta,1,233,0.6857,70913,0
scale_f0.02,rand_delta,1,234,0.6889,71513,0
scale_f0.02,rand_delta,1,235,0.7016,71567,0
scale_f0.02,rand_delta,1,236,0.6794,72167,0
scale_f0.02,rand_delta,1,237,0.6952,72767,0
scale_f0.02,rand_delta,1,238,0.6952,72813,0
scale_f0.02,rand_delta,1,239,0.6921,72847,0
scale_f0.02,rand_delta,1,240,0.6952,72860,0
scale_f0.02,rand_delta,1,241,0.7048,72902,0
scale_f0.02,rand_delta,1,242,0.7048,73502,0
scale_f0.02,rand_delta,1,243,0.7016,73526,0
scale_f0.02,rand_delta,1,244,0.7016,73562,0
scale_f0.02,rand_delta,1,245,0.6857,74162,0
scale_f0.02,rand_delta,1,246,0.6921,74197,0
scale_f0.02,rand_delta,1,247,0.7048,74247,0
scale_f0.02,rand_delta,1,248,0.7175,74312,0
scale_f0.02,rand_delta,1,249,0.7238,74912,0
scale_f0.02,rand_delta,1,250,0.6984,75512,0
scale_f0.02,rand_delta,1,251,0.7048,75606,0
scale_f0.02,rand_delta,1,252,0.7143,75668,0
scale_f0.02,rand_delta,1,253,0.7111,76057,0
scale_f0.02,rand_delta,1,254,0.6952,76657,0
scale_f0.02,rand_delta,1,255,0.7079,76695,0
scale_f0.02,rand_delta,1,256,0.7016,77295,0
scale_f0.02,rand_delta,1,257,0.7016,77895,0
scale_f0.02,rand_delta,1,258,0.6984,78495,0
scale_f0.02,rand_delta,1,259,0.7175,78551,0
scale_f0.02,rand_delta,1,260,0.7302,78653,0
scale_f0.02,rand_delta,1,261,0.7333,79253,0
scale_f0.02,rand_delta,1,262,0.7397,79326,0
scale_f0.02,rand_delta,1,263,0.7111,79926,0
scale_f0.02,rand_delta,1,264,0.7143,80526,0
scale_f0.02,rand_delta,1,265,0.7111,81126,0
scale_f0.02,rand_delta,1,266,0.7302,81213,0
scale_f0.02,rand_delta,1,267,0.7333,81246,0
scale_f0.02,rand_delta,1,268,0.7175,81846,0
scale_f0.02,rand_delta,1,269,0.7302,81891,0
scale_f0.02,rand_delta,1,270,0.7270,81921,0
scale_f0.02,rand_delta,1,271,0.7143,81981,0
scale_f0.02,rand_delta,1,272,0.7206,82017,0
scale_f0.02,rand_delta,1,273,0.7111,82617,0
scale_f0.02,rand_delta,1,274,0.7079,82633,0
scale_f0.02,rand_delta,1,275,0.7048,82644,0
scale_f0.02,rand_delta,1,276,0.7079,82681,0
scale_f0.02,rand_delta,1,277,0.7111,82723,0
scale_f0.02,rand_delta,1,278,0.7048,83323,0
scale_f0.02,rand_delta,1,279,0.7206,83380,0
scale_f0.02,rand_delta,1,280,0.7016,83980,0
scale_f0.02,rand_delta,1,281,0.6984,84034,0
scale_f0.02,rand_delta,1,282,0.7175,84634,0
scale_f0.02,rand_delta,1,283,0.7238,84679,0
scale_f0.02,rand_delta,1,284,0.7175,84691,0
scale_f0.02,rand_delta,1,285,0.7206,85291,0
scale_f0.02,rand_delta,1,286,0.7206,85295,0
scale_f0.02,rand_delta,1,287,0.6889,85895,0
scale_f0.02,rand_delta,1,288,0.6889,85900,0
scale_f0.02,rand_delta,1,289,0.7143,86003,0
scale_f0.02,rand_delta,1,290,0.7143,86022,0
scale_f0.02,rand_delta,1,291,0.7206,86062,0
scale_f0.02,rand_delta,1,292,0.7270,86090,0
scale_f0.02,rand_delta,1,293,0.7143,86112,0
scale_f0.02,rand_delta,1,294,0.7143,86712,0
scale_f0.02,rand_delta,1,295,0.7111,86788,0
scale_f0.02,rand_delta,1,296,0.7175,86979,0
scale_f0.02,rand_delta,1,297,0.7175,87307,0
scale_f0.02,rand_delta,1,298,0.7270,87360,0
scale_f0.02,rand_delta,1,299,0.7206,87960,0
scale_f0.02,rand_delta,1,300,0.7270,88297,0
scale_f0.02,rand_delta,1,301,0.7175,88897,0
scale_f0.02,rand_delta,1,302,0.7143,88930,0
scale_f0.02,rand_delta,1,303,0.7270,89229,0
scale_f0.02,rand_delta,1,304,0.7365,89745,0
scale_f0.02,rand_delta,1,305,0.7270,90345,0
scale_f0.02,rand_delta,1,306,0.7238,90386,0
scale_f0.02,rand_delta,1,307,0.7143,90411,0
scale_f0.02,rand_delta,1,308,0.7111,90450,0
scale_f0.02,rand_delta,1,309,0.7175,91050,0
scale_f0.02,rand_delta,1,310,0.7270,91650,0
scale_f0.02,rand_delta,1,311,0.7270,91678,0
scale_f0.02,rand_delta,1,312,0.7175,92278,0
scale_f0.02,rand_delta,1,313,0.7143,92307,0
scale_f0.02,rand_delta,1,314,0.7111,92907,0
scale_f0.02,rand_delta,1,315,0.7111,92955,0
scale_f0.02,rand_delta,1,316,0.7016,93555,0
scale_f0.02,rand_delta,1,317,0.6984,93612,0
scale_f0.02,rand_delta,1,318,0.7048,93624,0
scale_f0.02,rand_delta,1,319,0.7048,93634,0
scale_f0.02,rand_delta,1,320,0.7079,93679,0
scale_f0.02,rand_delta,1,321,0.6984,93726,0
scale_f0.02,rand_delta,1,322,0.6794,94326,0
scale_f0.02,rand_delta,1,323,0.6921,94386,0
scale_f0.02,rand_delta,1,324,0.7048,94986,0
scale_f0.02,rand_delta,1,325,0.6984,95586,0
scale_f0.02,rand_delta,1,326,0.7016,96186,0
scale_f0.02,rand_delta,1,327,0.6952,96223,0
scale_f0.02,rand_delta,1,328,0.6857,96823,0
scale_f0.02,rand_delta,1,329,0.6921,97423,0
scale_f0.02,rand_delta,1,330,0.6603,98023,0
scale_f0.02,rand_delta,1,331,0.6857,98045,0
scale_f0.02,rand_delta,1,332,0.7048,98165,0
scale_f0.02,rand_delta,1,333,0.7143,98765,0
scale_f0.02,rand_delta,1,334,0.6889,99365,0
scale_f0.02,rand_delta,1,335,0.6889,99394,0
scale_f0.02,rand_delta,1,336,0.6984,99474,0
scale_f0.02,rand_delta,1,337,0.7270,100074,0
scale_f0.02,rand_delta,1,338,0.7270,100674,0
scale_f0.02,rand_delta,1,339,0.7175,101274,0
scale_f0.02,rand_delta,1,340,0.7175,101281,0
scale_f0.02,rand_delta,1,341,0.6984,101881,0
scale_f0.02,rand_delta,1,342,0.6984,102481,0
scale_f0.02,rand_delta,1,343,0.6984,102527,0
scale_f0.02,rand_delta,1,344,0.7111,103127,0
scale_f0.02,rand_delta,1,345,0.7175,103161,0
scale_f0.02,rand_delta,1,346,0.7270,103186,0
scale_f0.02,rand_delta,1,347,0.7175,103786,0
scale_f0.02,rand_delta,1,348,0.7111,103895,0
scale_f0.02,rand_delta,1,349,0.7143,103922,0
scale_f0.02,rand_delta,1,350,0.7111,104522,0
scale_f0.02,rand_delta,1,351,0.7079,105122,0
scale_f0.02,rand_delta,1,352,0.7238,105149,0
scale_f0.02,rand_delta,1,353,0.7238,105190,0
scale_f0.02,rand_delta,1,354,0.7206,105205,0
scale_f0.02,rand_delta,1,355,0.7333,105244,0
scale_f0.02,rand_delta,1,356,0.7302,105275,0
scale_f0.02,rand_delta,1,357,0.7111,105875,0
scale_f0.02,rand_delta,1,358,0.7016,106475,0
scale_f0.02,rand_delta,1,359,0.6952,107075,0
scale_f0.02,rand_delta,1,360,0.7175,107122,0
scale_f0.02,rand_delta,1,361,0.7143,107722,0
scale_f0.02,rand_delta,1,362,0.7111,108322,0
scale_f0.02,rand_delta,1,363,0.7111,108354,0
scale_f0.02,rand_delta,1,364,0.7111,108557,0
scale_f0.02,rand_delta,1,365,0.7206,108595,0
scale_f0.02,rand_delta,1,366,0.7079,108638,0
scale_f0.02,rand_delta,1,367,0.7175,109238,0
scale_f0.02,rand_delta,1,368,0.7206,109263,0
scale_f0.02,rand_delta,1,369,0.7143,109500,0
scale_f0.02,rand_delta,1,370,0.7143,109504,0
scale_f0.02,rand_delta,1,371,0.7111,110104,0
scale_f0.02,rand_delta,1,372,0.7048,110704,0
scale_f0.02,rand_delta,1,373,0.7143,110772,0
scale_f0.02,rand_delta,1,374,0.7365,110823,0
scale_f0.02,rand_delta,1,375,0.7206,110869,0
scale_f0.02,rand_delta,1,376,0.7111,110901,0
scale_f0.02,rand_delta,1,377,0.7206,110946,0
scale_f0.02,rand_delta,1,378,0.7143,110988,0
scale_f0.02,rand_delta,1,379,0.7206,111058,0
scale_f0.02,rand_delta,1,380,0.7270,111075,0
scale_f0.02,rand_delta,1,381,0.7397,111675,0
scale_f0.02,rand_delta,1,382,0.7333,111704,0
scale_f0.02,rand_delta,1,383,0.7302,112304,0
scale_f0.02,rand_delta,1,384,0.7238,112325,0
scale_f0.02,rand_delta,1,385,0.7270,112925,0
scale_f0.02,rand_delta,1,386,0.7206,113525,0
scale_f0.02,rand_delta,1,387,0.7143,114125,0
scale_f0.02,rand_delta,1,388,0.7365,114205,0
scale_f0.02,rand_delta,1,389,0.7143,114805,0
scale_f0.02,rand_delta,1,390,0.7238,114859,0
scale_f0.02,rand_delta,1,391,0.6952,115459,0
scale_f0.02,rand_delta,1,392,0.7238,115593,0
scale_f0.02,rand_delta,1,393,0.7270,115594,0
scale_f0.02,rand_delta,1,394,0.7302,116194,0
scale_f0.02,rand_delta,1,395,0.7238,116794,0
scale_f0.02,rand_delta,1,396,0.7206,116824,0
scale_f0.02,rand_delta,1,397,0.7270,116861,0
scale_f0.02,rand_delta,1,398,0.7270,117461,0
scale_f0.02,rand_delta,1,399,0.7397,118061,0
scale_f0.02,rand_delta,1,400,0.7333,118108,0
scale_f0.02,rand_delta,1,401,0.7333,118119,0
scale_f0.02,rand_delta,1,402,0.7302,118256,0
scale_f0.02,rand_delta,1,403,0.6984,118856,0
scale_f0.02,rand_delta,1,404,0.7206,118978,0
scale_f0.02,rand_delta,1,405,0.7206,119012,0
scale_f0.02,rand_delta,1,406,0.6921,119612,0
scale_f0.02,rand_delta,1,407,0.7079,119655,0
scale_f0.02,rand_delta,1,408,0.7079,119713,0
scale_f0.02,rand_delta,1,409,0.7079,120313,0
scale_f0.02,rand_delta,1,410,0.7143,120392,0
scale_f0.02,rand_delta,1,411,0.7206,120431,0
scale_f0.02,rand_delta,1,412,0.7238,120473,0
scale_f0.02,rand_delta,1,413,0.7143,121073,0
scale_f0.02,rand_delta,1,414,0.7143,121673,0
scale_f0.02,rand_delta,1,415,0.7111,121719,0
scale_f0.02,rand_delta,1,416,0.7143,121757,0
scale_f0.02,rand_delta,1,417,0.7175,122357,0
scale_f0.02,rand_delta,1,418,0.7175,122957,0
scale_f0.02,rand_delta,1,419,0.7302,123004,0
scale_f0.02,rand_delta,1,420,0.7206,123052,0
scale_f0.02,rand_delta,1,421,0.7206,123133,0
scale_f0.02,rand_delta,1,422,0.7206,123148,0
scale_f0.02,rand_delta,1,423,0.7206,123748,0
scale_f0.02,rand_delta,1,424,0.7238,123785,0
scale_f0.02,rand_delta,1,425,0.6921,124385,0
scale_f0.02,rand_delta,1,426,0.7016,124435,0
scale_f0.02,rand_delta,1,427,0.7238,124561,0
scale_f0.02,rand_delta,1,428,0.7270,124574,0
scale_f0.02,rand_delta,1,429,0.7460,125174,0
scale_f0.02,rand_delta,1,430,0.7429,125213,0
scale_f0.02,rand_delta,1,431,0.7397,125232,0
scale_f0.02,rand_delta,1,432,0.7397,125273,0
scale_f0.02,rand_delta,1,433,0.7492,125873,0
scale_f0.02,rand_delta,1,434,0.7492,125910,0
scale_f0.02,rand_delta,1,435,0.7587,126503,0
scale_f0.02,rand_delta,1,436,0.7460,126535,0
scale_f0.02,rand_delta,1,437,0.7556,126581,0
scale_f0.02,rand_delta,1,438,0.7556,126695,0
scale_f0.02,rand_delta,1,439,0.7460,126734,0
scale_f0.02,rand_delta,1,440,0.7397,127334,0
scale_f0.02,rand_delta,1,441,0.7397,127368,0
scale_f0.02,rand_delta,1,442,0.7429,127968,0
scale_f0.02,rand_delta,1,443,0.7302,128568,0
scale_f0.02,rand_delta,1,444,0.7492,128604,0
scale_f0.02,rand_delta,1,445,0.7556,128653,0
scale_f0.02,rand_delta,1,446,0.7429,128700,0
scale_f0.02,rand_delta,1,447,0.7429,128736,0
scale_f0.02,rand_delta,1,448,0.7651,128880,0
scale_f0.02,rand_delta,1,449,0.7397,129480,0
scale_f0.02,rand_delta,1,450,0.7333,129515,0
scale_f0.02,rand_delta,1,451,0.7238,130115,0
scale_f0.02,rand_delta,1,452,0.7270,130169,0
scale_f0.02,rand_delta,1,453,0.7238,130224,0
scale_f0.02,rand_delta,1,454,0.7270,130257,0
scale_f0.02,rand_delta,1,455,0.7333,130308,0
scale_f0.02,rand_delta,1,456,0.7333,130309,0
scale_f0.02,rand_delta,1,457,0.7397,130337,0
scale_f0.02,rand_delta,1,458,0.7429,130355,0
scale_f0.02,rand_delta,1,459,0.7429,130366,0
scale_f0.02,rand_delta,1,460,0.7429,130701,0
scale_f0.02,rand_delta,1,461,0.7302,131301,0
scale_f0.02,rand_delta,1,462,0.7397,131334,0
scale_f0.02,rand_delta,1,463,0.7397,131339,0
scale_f0.02,rand_delta,1,464,0.7270,131383,0
scale_f0.02,rand_delta,1,465,0.7333,131412,0
scale_f0.02,rand_delta,1,466,0.7333,131434,0
scale_f0.02,rand_delta,1,467,0.7206,132034,0
scale_f0.02,rand_delta,1,468,0.7143,132634,0
scale_f0.02,rand_delta,1,469,0.7238,132673,0
scale_f0.02,rand_delta,1,470,0.7143,133273,0
scale_f0.02,rand_delta,1,471,0.7111,133304,0
scale_f0.02,rand_delta,1,472,0.7175,133904,0
scale_f0.02,rand_delta,1,473,0.7143,133939,0
scale_f0.02,rand_delta,1,474,0.7143,133983,0
scale_f0.02,rand_delta,1,475,0.7302,134021,0
scale_f0.02,rand_delta,1,476,0.7238,134621,0
scale_f0.02,rand_delta,1,477,0.7079,135221,0
scale_f0.02,rand_delta,1,478,0.6984,135821,0
scale_f0.02,rand_delta,1,479,0.6984,135833,0
scale_f0.02,rand_delta,1,480,0.7175,135904,0
scale_f0.02,rand_delta,1,481,0.6952,136504,0
scale_f0.02,rand_delta,1,482,0.6889,137104,0
scale_f0.02,rand_delta,1,483,0.7111,137163,0
scale_f0.02,rand_delta,1,484,0.7175,137206,0
scale_f0.02,rand_delta,1,485,0.7111,137243,0
scale_f0.02,rand_delta,1,486,0.7175,137279,0
scale_f0.02,rand_delta,1,487,0.7143,137328,0
scale_f0.02,rand_delta,1,488,0.7016,137928,0
scale_f0.02,rand_delta,1,489,0.7048,137975,0
scale_f0.02,rand_delta,1,490,0.7079,137992,0
scale_f0.02,rand_delta,1,491,0.7206,138028,0
scale_f0.02,rand_delta,1,492,0.6952,138628,0
scale_f0.02,rand_delta,1,493,0.6921,138675,0
scale_f0.02,rand_delta,1,494,0.6667,139275,0
scale_f0.02,rand_delta,1,495,0.6794,139324,0
scale_f0.02,rand_delta,1,496,0.6730,139370,0
scale_f0.02,rand_delta,1,497,0.6921,139408,0
scale_f0.02,rand_delta,1,498,0.6698,140008,0
scale_f0.02,rand_delta,1,499,0.6730,140053,0
scale_f0.02,rand_delta,1,500,0.6889,140101,0
scale_f0.02,rand_delta,1,501,0.6825,140297,0
scale_f0.02,rand_delta,1,502,0.6952,140342,0
scale_f0.02,rand_delta,1,503,0.6984,140399,0
scale_f0.02,rand_delta,1,504,0.7016,140404,0
scale_f0.02,rand_delta,1,505,0.6857,141004,0
scale_f0.02,rand_delta,1,506,0.6921,141064,0
scale_f0.02,rand_delta,1,507,0.6952,141100,0
scale_f0.02,rand_delta,1,508,0.6921,141139,0
scale_f0.02,rand_delta,1,509,0.6984,141739,0
scale_f0.02,rand_delta,1,510,0.7048,141759,0
scale_f0.02,rand_delta,1,511,0.7111,141903,0
scale_f0.02,rand_delta,1,512,0.7016,141937,0
scale_f0.02,rand_delta,1,513,0.7175,142185,0
scale_f0.02,rand_delta,1,514,0.6889,142785,0
scale_f0.02,rand_delta,1,515,0.7048,142834,0
scale_f0.02,rand_delta,1,516,0.7016,142865,0
scale_f0.02,rand_delta,1,517,0.6984,142903,0
scale_f0.02,rand_delta,1,518,0.7048,142940,0
scale_f0.02,rand_delta,1,519,0.7048,142976,0
scale_f0.02,rand_delta,1,520,0.6952,143029,0
scale_f0.02,rand_delta,1,521,0.6667,143629,0
scale_f0.02,rand_delta,1,522,0.6825,144229,0
scale_f0.02,rand_delta,1,523,0.7079,144287,0
scale_f0.02,rand_delta,1,524,0.7079,144345,0
scale_f0.02,rand_delta,1,525,0.7079,144354,0
scale_f0.02,rand_delta,1,526,0.7143,144434,0
scale_f0.02,rand_delta,1,527,0.7238,144444,0
scale_f0.02,rand_delta,1,528,0.7048,145044,0
scale_f0.02,rand_delta,1,529,0.6952,145644,0
scale_f0.02,rand_delta,1,530,0.7016,145696,0
scale_f0.02,rand_delta,1,531,0.7111,146296,0
scale_f0.02,rand_delta,1,532,0.6762,146896,0
scale_f0.02,rand_delta,1,533,0.6857,147496,0
scale_f0.02,rand_delta,1,534,0.6857,147502,0
scale_f0.02,rand_delta,1,535,0.6921,147528,0
scale_f0.02,rand_delta,1,536,0.7016,148128,0
scale_f0.02,rand_delta,1,537,0.7079,148167,0
scale_f0.02,rand_delta,1,538,0.7175,148248,0
scale_f0.02,rand_delta,1,539,0.7238,148296,0
scale_f0.02,rand_delta,1,540,0.7143,148332,0
scale_f0.02,rand_delta,1,541,0.7111,148363,0
scale_f0.02,rand_delta,1,542,0.7175,148405,0
scale_f0.02,rand_delta,1,543,0.7079,148595,0
scale_f0.02,rand_delta,1,544,0.7079,148597,0
scale_f0.02,rand_delta,1,545,0.7079,148613,0
scale_f0.02,rand_delta,1,546,0.7460,148662,0
scale_f0.02,rand_delta,1,547,0.7460,148701,0
scale_f0.02,rand_delta,1,548,0.7365,148738,0
scale_f0.02,rand_delta,1,549,0.7333,148767,0
scale_f0.02,rand_delta,1,550,0.7302,148810,0
scale_f0.02,rand_delta,1,551,0.7270,148855,0
scale_f0.02,rand_delta,1,552,0.7206,149455,0
scale_f0.02,rand_delta,1,553,0.7206,149467,0
scale_f0.02,rand_delta,1,554,0.7365,150067,0
scale_f0.02,rand_delta,1,555,0.7397,150096,0
scale_f0.02,rand_delta,1,556,0.7397,150100,0
scale_f0.02,rand_delta,1,557,0.7397,150123,0
scale_f0.02,rand_delta,1,558,0.7365,150723,0
scale_f0.02,rand_delta,1,559,0.7397,150751,0
scale_f0.02,rand_delta,1,560,0.7524,150788,0
scale_f0.02,rand_delta,1,561,0.7333,151388,0
scale_f0.02,rand_delta,1,562,0.7333,151390,0
scale_f0.02,rand_delta,1,563,0.7333,151990,0
scale_f0.02,rand_delta,1,564,0.7333,152005,0
scale_f0.02,rand_delta,1,565,0.7333,152017,0
scale_f0.02,rand_delta,1,566,0.7365,152617,0
scale_f0.02,rand_delta,1,567,0.7460,152672,0
scale_f0.02,rand_delta,1,568,0.7365,153272,0
scale_f0.02,rand_delta,1,569,0.7524,153872,0
scale_f0.02,rand_delta,1,570,0.7429,153923,0
scale_f0.02,rand_delta,1,571,0.7429,154523,0
scale_f0.02,rand_delta,1,572,0.7429,154526,0
scale_f0.02,rand_delta,1,573,0.7397,154569,0
scale_f0.02,rand_delta,1,574,0.7397,154573,0
scale_f0.02,rand_delta,1,575,0.7397,155173,0
scale_f0.02,rand_delta,1,576,0.7365,155212,0
scale_f0.02,rand_delta,1,577,0.7460,155237,0
scale_f0.02,rand_delta,1,578,0.7429,155278,0
scale_f0.02,rand_delta,1,579,0.7556,155320,0
scale_f0.02,rand_delta,1,580,0.7619,155331,0
scale_f0.02,rand_delta,1,581,0.7587,155358,0
scale_f0.02,rand_delta,1,582,0.7587,155374,0
scale_f0.02,rand_delta,1,583,0.7556,155417,0
scale_f0.02,rand_delta,1,584,0.7492,155725,0
scale_f0.02,rand_delta,1,585,0.7460,155773,0
scale_f0.02,rand_delta,1,586,0.7460,155809,0
scale_f0.02,rand_delta,1,587,0.7397,155826,0
scale_f0.02,rand_delta,1,588,0.7460,155857,0
scale_f0.02,rand_delta,1,589,0.7333,156457,0
scale_f0.02,rand_delta,1,590,0.7333,156465,0
scale_f0.02,rand_delta,1,591,0.7302,156500,0
scale_f0.02,rand_delta,1,592,0.7333,156540,0
scale_f0.02,rand_delta,1,593,0.7333,157140,0
scale_f0.02,rand_delta,1,594,0.7619,157740,0
scale_f0.02,rand_delta,1,595,0.7333,158340,0
scale_f0.02,rand_delta,1,596,0.7460,158940,0
scale_f0.02,rand_delta,1,597,0.7524,158976,0
scale_f0.02,rand_delta,1,598,0.7524,159576,0
scale_f0.02,rand_delta,1,599,0.7460,159604,0
scale_f0.02,kc_delta,2,0,0.3397,600,0
scale_f0.02,kc_delta,2,1,0.3873,1200,0
scale_f0.02,kc_delta,2,2,0.4317,1575,0
scale_f0.02,kc_delta,2,3,0.4571,2103,0
scale_f0.02,kc_delta,2,4,0.4286,2703,0
scale_f0.02,kc_delta,2,5,0.4444,2944,0
scale_f0.02,kc_delta,2,6,0.4698,3319,0
scale_f0.02,kc_delta,2,7,0.4762,3919,0
scale_f0.02,kc_delta,2,8,0.4984,3983,0
scale_f0.02,kc_delta,2,9,0.5111,4583,0
scale_f0.02,kc_delta,2,10,0.4635,5183,0
scale_f0.02,kc_delta,2,11,0.4794,5293,0
scale_f0.02,kc_delta,2,12,0.4889,5740,0
scale_f0.02,kc_delta,2,13,0.4444,6340,0
scale_f0.02,kc_delta,2,14,0.4413,6940,0
scale_f0.02,kc_delta,2,15,0.4349,7540,0
scale_f0.02,kc_delta,2,16,0.4381,7612,0
scale_f0.02,kc_delta,2,17,0.4540,8212,0
scale_f0.02,kc_delta,2,18,0.4603,8385,0
scale_f0.02,kc_delta,2,19,0.4984,8772,0
scale_f0.02,kc_delta,2,20,0.4952,9124,0
scale_f0.02,kc_delta,2,21,0.4476,9724,0
scale_f0.02,kc_delta,2,22,0.4857,10119,0
scale_f0.02,kc_delta,2,23,0.4984,10717,0
scale_f0.02,kc_delta,2,24,0.5016,10726,0
scale_f0.02,kc_delta,2,25,0.5111,10821,0
scale_f0.02,kc_delta,2,26,0.5206,11156,0
scale_f0.02,kc_delta,2,27,0.5238,11160,0
scale_f0.02,kc_delta,2,28,0.5143,11198,0
scale_f0.02,kc_delta,2,29,0.5143,11459,0
scale_f0.02,kc_delta,2,30,0.5143,11505,0
scale_f0.02,kc_delta,2,31,0.4794,12105,0
scale_f0.02,kc_delta,2,32,0.4603,12705,0
scale_f0.02,kc_delta,2,33,0.4349,13305,0
scale_f0.02,kc_delta,2,34,0.4476,13905,0
scale_f0.02,kc_delta,2,35,0.4476,13939,0
scale_f0.02,kc_delta,2,36,0.4540,14063,0
scale_f0.02,kc_delta,2,37,0.4317,14663,0
scale_f0.02,kc_delta,2,38,0.4349,15263,0
scale_f0.02,kc_delta,2,39,0.4508,15863,0
scale_f0.02,kc_delta,2,40,0.4921,16433,0
scale_f0.02,kc_delta,2,41,0.4857,16931,0
scale_f0.02,kc_delta,2,42,0.4762,17531,0
scale_f0.02,kc_delta,2,43,0.4794,17894,0
scale_f0.02,kc_delta,2,44,0.4921,18121,0
scale_f0.02,kc_delta,2,45,0.5048,18586,0
scale_f0.02,kc_delta,2,46,0.5048,18628,0
scale_f0.02,kc_delta,2,47,0.4825,19228,0
scale_f0.02,kc_delta,2,48,0.4730,19414,0
scale_f0.02,kc_delta,2,49,0.4889,20014,0
scale_f0.02,kc_delta,2,50,0.5048,20422,0
scale_f0.02,kc_delta,2,51,0.4952,21022,0
scale_f0.02,kc_delta,2,52,0.5111,21622,0
scale_f0.02,kc_delta,2,53,0.4984,22222,0
scale_f0.02,kc_delta,2,54,0.4952,22249,0
scale_f0.02,kc_delta,2,55,0.4984,22849,0
scale_f0.02,kc_delta,2,56,0.4984,23449,0
scale_f0.02,kc_delta,2,57,0.4921,24049,0
scale_f0.02,kc_delta,2,58,0.4857,24649,0
scale_f0.02,kc_delta,2,59,0.5079,24835,0
scale_f0.02,kc_delta,2,60,0.4984,25435,0
scale_f0.02,kc_delta,2,61,0.5016,25487,0
scale_f0.02,kc_delta,2,62,0.5111,25605,0
scale_f0.02,kc_delta,2,63,0.4540,26205,0
scale_f0.02,kc_delta,2,64,0.4476,26805,0
scale_f0.02,kc_delta,2,65,0.4794,27142,0
scale_f0.02,kc_delta,2,66,0.4952,27368,0
scale_f0.02,kc_delta,2,67,0.4825,27968,0
scale_f0.02,kc_delta,2,68,0.4794,28568,0
scale_f0.02,kc_delta,2,69,0.4667,28591,0
scale_f0.02,kc_delta,2,70,0.4952,28698,0
scale_f0.02,kc_delta,2,71,0.4921,29298,0
scale_f0.02,kc_delta,2,72,0.4921,29337,0
scale_f0.02,kc_delta,2,73,0.5175,29426,0
scale_f0.02,kc_delta,2,74,0.5048,30026,0
scale_f0.02,kc_delta,2,75,0.5175,30058,0
scale_f0.02,kc_delta,2,76,0.5460,30658,0
scale_f0.02,kc_delta,2,77,0.5460,31258,0
scale_f0.02,kc_delta,2,78,0.5238,31858,0
scale_f0.02,kc_delta,2,79,0.5460,31995,0
scale_f0.02,kc_delta,2,80,0.5365,32595,0
scale_f0.02,kc_delta,2,81,0.5206,32621,0
scale_f0.02,kc_delta,2,82,0.5270,33221,0
scale_f0.02,kc_delta,2,83,0.5397,33320,0
scale_f0.02,kc_delta,2,84,0.5111,33920,0
scale_f0.02,kc_delta,2,85,0.5048,33938,0
scale_f0.02,kc_delta,2,86,0.5175,34538,0
scale_f0.02,kc_delta,2,87,0.5175,34602,0
scale_f0.02,kc_delta,2,88,0.5270,34628,0
scale_f0.02,kc_delta,2,89,0.5143,34656,0
scale_f0.02,kc_delta,2,90,0.5048,35256,0
scale_f0.02,kc_delta,2,91,0.4889,35856,0
scale_f0.02,kc_delta,2,92,0.4921,36456,0
scale_f0.02,kc_delta,2,93,0.4857,37056,0
scale_f0.02,kc_delta,2,94,0.4984,37086,0
scale_f0.02,kc_delta,2,95,0.5143,37155,0
scale_f0.02,kc_delta,2,96,0.5048,37755,0
scale_f0.02,kc_delta,2,97,0.4921,38355,0
scale_f0.02,kc_delta,2,98,0.4762,38955,0
scale_f0.02,kc_delta,2,99,0.4857,39555,0
scale_f0.02,kc_delta,2,100,0.4984,40155,0
scale_f0.02,kc_delta,2,101,0.4825,40755,0
scale_f0.02,kc_delta,2,102,0.4825,41355,0
scale_f0.02,kc_delta,2,103,0.4857,41955,0
scale_f0.02,kc_delta,2,104,0.5079,41987,0
scale_f0.02,kc_delta,2,105,0.5143,42587,0
scale_f0.02,kc_delta,2,106,0.4952,43187,0
scale_f0.02,kc_delta,2,107,0.5111,43356,0
scale_f0.02,kc_delta,2,108,0.4921,43956,0
scale_f0.02,kc_delta,2,109,0.4857,44556,0
scale_f0.02,kc_delta,2,110,0.4889,45156,0
scale_f0.02,kc_delta,2,111,0.4952,45756,0
scale_f0.02,kc_delta,2,112,0.5270,46091,0
scale_f0.02,kc_delta,2,113,0.5238,46691,0
scale_f0.02,kc_delta,2,114,0.4952,47291,0
scale_f0.02,kc_delta,2,115,0.4984,47891,0
scale_f0.02,kc_delta,2,116,0.4857,47935,0
scale_f0.02,kc_delta,2,117,0.4984,48535,0
scale_f0.02,kc_delta,2,118,0.4984,49135,0
scale_f0.02,kc_delta,2,119,0.4984,49735,0
scale_f0.02,kc_delta,2,120,0.5111,49803,0
scale_f0.02,kc_delta,2,121,0.5079,49879,0
scale_f0.02,kc_delta,2,122,0.5079,50479,0
scale_f0.02,kc_delta,2,123,0.5111,51029,0
scale_f0.02,kc_delta,2,124,0.5111,51629,0
scale_f0.02,kc_delta,2,125,0.5143,51636,0
scale_f0.02,kc_delta,2,126,0.5079,51664,0
scale_f0.02,kc_delta,2,127,0.4952,52264,0
scale_f0.02,kc_delta,2,128,0.5079,52864,0
scale_f0.02,kc_delta,2,129,0.5143,52991,0
scale_f0.02,kc_delta,2,130,0.5492,53261,0
scale_f0.02,kc_delta,2,131,0.5460,53653,0
scale_f0.02,kc_delta,2,132,0.5556,53675,0
scale_f0.02,kc_delta,2,133,0.5429,54275,0
scale_f0.02,kc_delta,2,134,0.5460,54345,0
scale_f0.02,kc_delta,2,135,0.5524,54385,0
scale_f0.02,kc_delta,2,136,0.5524,54985,0
scale_f0.02,kc_delta,2,137,0.5492,55585,0
scale_f0.02,kc_delta,2,138,0.4984,56185,0
scale_f0.02,kc_delta,2,139,0.5270,56434,0
scale_f0.02,kc_delta,2,140,0.5238,56457,0
scale_f0.02,kc_delta,2,141,0.5270,56510,0
scale_f0.02,kc_delta,2,142,0.5111,57110,0
scale_f0.02,kc_delta,2,143,0.5111,57134,0
scale_f0.02,kc_delta,2,144,0.5206,57734,0
scale_f0.02,kc_delta,2,145,0.5397,57889,0
scale_f0.02,kc_delta,2,146,0.5365,58489,0
scale_f0.02,kc_delta,2,147,0.5302,59089,0
scale_f0.02,kc_delta,2,148,0.5302,59121,0
scale_f0.02,kc_delta,2,149,0.5365,59721,0
scale_f0.02,kc_delta,2,150,0.5492,59887,0
scale_f0.02,kc_delta,2,151,0.5683,59998,0
scale_f0.02,kc_delta,2,152,0.5556,60598,0
scale_f0.02,kc_delta,2,153,0.5429,61198,0
scale_f0.02,kc_delta,2,154,0.5397,61798,0
scale_f0.02,kc_delta,2,155,0.5429,61846,0
scale_f0.02,kc_delta,2,156,0.5333,61861,0
scale_f0.02,kc_delta,2,157,0.5524,62461,0
scale_f0.02,kc_delta,2,158,0.5619,62485,0
scale_f0.02,kc_delta,2,159,0.5556,62529,0
scale_f0.02,kc_delta,2,160,0.5365,63129,0
scale_f0.02,kc_delta,2,161,0.5492,63148,0
scale_f0.02,kc_delta,2,162,0.5556,63177,0
scale_f0.02,kc_delta,2,163,0.5492,63201,0
scale_f0.02,kc_delta,2,164,0.5524,63216,0
scale_f0.02,kc_delta,2,165,0.5587,63366,0
scale_f0.02,kc_delta,2,166,0.5524,63966,0
scale_f0.02,kc_delta,2,167,0.5524,64008,0
scale_f0.02,kc_delta,2,168,0.5397,64608,0
scale_f0.02,kc_delta,2,169,0.5556,64673,0
scale_f0.02,kc_delta,2,170,0.5143,65273,0
scale_f0.02,kc_delta,2,171,0.5143,65873,0
scale_f0.02,kc_delta,2,172,0.5365,65989,0
scale_f0.02,kc_delta,2,173,0.5429,66589,0
scale_f0.02,kc_delta,2,174,0.5460,66613,0
scale_f0.02,kc_delta,2,175,0.5492,67213,0
scale_f0.02,kc_delta,2,176,0.5365,67233,0
scale_f0.02,kc_delta,2,177,0.5429,67833,0
scale_f0.02,kc_delta,2,178,0.5302,68433,0
scale_f0.02,kc_delta,2,179,0.5333,69033,0
scale_f0.02,kc_delta,2,180,0.5175,69633,0
scale_f0.02,kc_delta,2,181,0.5270,69660,0
scale_f0.02,kc_delta,2,182,0.5333,69718,0
scale_f0.02,kc_delta,2,183,0.5206,70318,0
scale_f0.02,kc_delta,2,184,0.5333,70535,0
scale_f0.02,kc_delta,2,185,0.5429,70560,0
scale_f0.02,kc_delta,2,186,0.5397,71160,0
scale_f0.02,kc_delta,2,187,0.5556,71760,0
scale_f0.02,kc_delta,2,188,0.5333,72360,0
scale_f0.02,kc_delta,2,189,0.5556,72526,0
scale_f0.02,kc_delta,2,190,0.5429,73126,0
scale_f0.02,kc_delta,2,191,0.5460,73224,0
scale_f0.02,kc_delta,2,192,0.5587,73260,0
scale_f0.02,kc_delta,2,193,0.5587,73595,0
scale_f0.02,kc_delta,2,194,0.5397,74195,0
scale_f0.02,kc_delta,2,195,0.5492,74795,0
scale_f0.02,kc_delta,2,196,0.5556,75010,0
scale_f0.02,kc_delta,2,197,0.5683,75054,0
scale_f0.02,kc_delta,2,198,0.5556,75654,0
scale_f0.02,kc_delta,2,199,0.5556,76254,0
scale_f0.02,kc_delta,2,200,0.5365,76854,0
scale_f0.02,kc_delta,2,201,0.5397,76958,0
scale_f0.02,kc_delta,2,202,0.5492,77101,0
scale_f0.02,kc_delta,2,203,0.5556,77135,0
scale_f0.02,kc_delta,2,204,0.5397,77194,0
scale_f0.02,kc_delta,2,205,0.5492,77238,0
scale_f0.02,kc_delta,2,206,0.5492,77247,0
scale_f0.02,kc_delta,2,207,0.5619,77318,0
scale_f0.02,kc_delta,2,208,0.5587,77329,0
scale_f0.02,kc_delta,2,209,0.5333,77929,0
scale_f0.02,kc_delta,2,210,0.5460,77983,0
scale_f0.02,kc_delta,2,211,0.5587,78357,0
scale_f0.02,kc_delta,2,212,0.5651,78372,0
scale_f0.02,kc_delta,2,213,0.5746,78972,0
scale_f0.02,kc_delta,2,214,0.5683,79020,0
scale_f0.02,kc_delta,2,215,0.5524,79620,0
scale_f0.02,kc_delta,2,216,0.5714,79657,0
scale_f0.02,kc_delta,2,217,0.5714,79806,0
scale_f0.02,kc_delta,2,218,0.5714,80406,0
scale_f0.02,kc_delta,2,219,0.5810,81006,0
scale_f0.02,kc_delta,2,220,0.5810,81014,0
scale_f0.02,kc_delta,2,221,0.5841,81055,0
scale_f0.02,kc_delta,2,222,0.5841,81140,0
scale_f0.02,kc_delta,2,223,0.5651,81740,0
scale_f0.02,kc_delta,2,224,0.5810,81840,0
scale_f0.02,kc_delta,2,225,0.5810,82440,0
scale_f0.02,kc_delta,2,226,0.5778,83040,0
scale_f0.02,kc_delta,2,227,0.5810,83640,0
scale_f0.02,kc_delta,2,228,0.5714,84240,0
scale_f0.02,kc_delta,2,229,0.5810,84261,0
scale_f0.02,kc_delta,2,230,0.5810,84279,0
scale_f0.02,kc_delta,2,231,0.5746,84879,0
scale_f0.02,kc_delta,2,232,0.5778,85479,0
scale_f0.02,kc_delta,2,233,0.5778,85482,0
scale_f0.02,kc_delta,2,234,0.5810,85516,0
scale_f0.02,kc_delta,2,235,0.5683,86116,0
scale_f0.02,kc_delta,2,236,0.5714,86716,0
scale_f0.02,kc_delta,2,237,0.5778,86766,0
scale_f0.02,kc_delta,2,238,0.5683,86794,0
scale_f0.02,kc_delta,2,239,0.5651,86964,0
scale_f0.02,kc_delta,2,240,0.5651,86986,0
scale_f0.02,kc_delta,2,241,0.5714,87038,0
scale_f0.02,kc_delta,2,242,0.5714,87638,0
scale_f0.02,kc_delta,2,243,0.5651,87676,0
scale_f0.02,kc_delta,2,244,0.5651,88276,0
scale_f0.02,kc_delta,2,245,0.5651,88876,0
scale_f0.02,kc_delta,2,246,0.5587,88884,0
scale_f0.02,kc_delta,2,247,0.5587,89484,0
scale_f0.02,kc_delta,2,248,0.5587,90084,0
scale_f0.02,kc_delta,2,249,0.5429,90684,0
scale_f0.02,kc_delta,2,250,0.5492,90886,0
scale_f0.02,kc_delta,2,251,0.5810,90941,0
scale_f0.02,kc_delta,2,252,0.5778,91541,0
scale_f0.02,kc_delta,2,253,0.5937,92132,0
scale_f0.02,kc_delta,2,254,0.5746,92732,0
scale_f0.02,kc_delta,2,255,0.5841,92806,0
scale_f0.02,kc_delta,2,256,0.5460,93406,0
scale_f0.02,kc_delta,2,257,0.5587,94006,0
scale_f0.02,kc_delta,2,258,0.5905,94606,0
scale_f0.02,kc_delta,2,259,0.5841,95206,0
scale_f0.02,kc_delta,2,260,0.5746,95806,0
scale_f0.02,kc_delta,2,261,0.5714,96406,0
scale_f0.02,kc_delta,2,262,0.5714,96441,0
scale_f0.02,kc_delta,2,263,0.5746,96468,0
scale_f0.02,kc_delta,2,264,0.5778,96519,0
scale_f0.02,kc_delta,2,265,0.5683,97119,0
scale_f0.02,kc_delta,2,266,0.5778,97283,0
scale_f0.02,kc_delta,2,267,0.5841,97313,0
scale_f0.02,kc_delta,2,268,0.5714,97913,0
scale_f0.02,kc_delta,2,269,0.5683,97929,0
scale_f0.02,kc_delta,2,270,0.5778,98100,0
scale_f0.02,kc_delta,2,271,0.5746,98116,0
scale_f0.02,kc_delta,2,272,0.5683,98716,0
scale_f0.02,kc_delta,2,273,0.5651,99316,0
scale_f0.02,kc_delta,2,274,0.5651,99916,0
scale_f0.02,kc_delta,2,275,0.5778,100330,0
scale_f0.02,kc_delta,2,276,0.5873,100376,0
scale_f0.02,kc_delta,2,277,0.5905,100976,0
scale_f0.02,kc_delta,2,278,0.5841,101142,0
scale_f0.02,kc_delta,2,279,0.5905,101288,0
scale_f0.02,kc_delta,2,280,0.5937,101888,0
scale_f0.02,kc_delta,2,281,0.5873,101980,0
scale_f0.02,kc_delta,2,282,0.5937,102006,0
scale_f0.02,kc_delta,2,283,0.5968,102113,0
scale_f0.02,kc_delta,2,284,0.5365,102713,0
scale_f0.02,kc_delta,2,285,0.5429,102742,0
scale_f0.02,kc_delta,2,286,0.5683,102886,0
scale_f0.02,kc_delta,2,287,0.5714,102904,0
scale_f0.02,kc_delta,2,288,0.5778,102946,0
scale_f0.02,kc_delta,2,289,0.5683,103546,0
scale_f0.02,kc_delta,2,290,0.5683,103582,0
scale_f0.02,kc_delta,2,291,0.5683,103596,0
scale_f0.02,kc_delta,2,292,0.5619,104196,0
scale_f0.02,kc_delta,2,293,0.5556,104796,0
scale_f0.02,kc_delta,2,294,0.5556,105396,0
scale_f0.02,kc_delta,2,295,0.6032,105472,0
scale_f0.02,kc_delta,2,296,0.5746,106072,0
scale_f0.02,kc_delta,2,297,0.5873,106118,0
scale_f0.02,kc_delta,2,298,0.5873,106120,0
scale_f0.02,kc_delta,2,299,0.5778,106720,0
scale_f0.02,kc_delta,2,300,0.5651,107320,0
scale_f0.02,kc_delta,2,301,0.5683,107920,0
scale_f0.02,kc_delta,2,302,0.5206,108520,0
scale_f0.02,kc_delta,2,303,0.5333,109120,0
scale_f0.02,kc_delta,2,304,0.5556,109295,0
scale_f0.02,kc_delta,2,305,0.5492,109895,0
scale_f0.02,kc_delta,2,306,0.5524,110028,0
scale_f0.02,kc_delta,2,307,0.5524,110085,0
scale_f0.02,kc_delta,2,308,0.5651,110685,0
scale_f0.02,kc_delta,2,309,0.5587,111285,0
scale_f0.02,kc_delta,2,310,0.5492,111885,0
scale_f0.02,kc_delta,2,311,0.5429,112485,0
scale_f0.02,kc_delta,2,312,0.5365,113085,0
scale_f0.02,kc_delta,2,313,0.5587,113461,0
scale_f0.02,kc_delta,2,314,0.5683,114061,0
scale_f0.02,kc_delta,2,315,0.5746,114080,0
scale_f0.02,kc_delta,2,316,0.5683,114088,0
scale_f0.02,kc_delta,2,317,0.5619,114102,0
scale_f0.02,kc_delta,2,318,0.5651,114702,0
scale_f0.02,kc_delta,2,319,0.5746,115302,0
scale_f0.02,kc_delta,2,320,0.5746,115367,0
scale_f0.02,kc_delta,2,321,0.5651,115967,0
scale_f0.02,kc_delta,2,322,0.5651,115981,0
scale_f0.02,kc_delta,2,323,0.5810,116428,0
scale_f0.02,kc_delta,2,324,0.5873,117028,0
scale_f0.02,kc_delta,2,325,0.5841,117628,0
scale_f0.02,kc_delta,2,326,0.5873,117696,0
scale_f0.02,kc_delta,2,327,0.5810,118296,0
scale_f0.02,kc_delta,2,328,0.5873,118896,0
scale_f0.02,kc_delta,2,329,0.5873,119496,0
scale_f0.02,kc_delta,2,330,0.5841,119699,0
scale_f0.02,kc_delta,2,331,0.5810,120299,0
scale_f0.02,kc_delta,2,332,0.5714,120899,0
scale_f0.02,kc_delta,2,333,0.5714,120910,0
scale_f0.02,kc_delta,2,334,0.5683,121510,0
scale_f0.02,kc_delta,2,335,0.5651,122110,0
scale_f0.02,kc_delta,2,336,0.5683,122302,0
scale_f0.02,kc_delta,2,337,0.5746,122387,0
scale_f0.02,kc_delta,2,338,0.5905,122414,0
scale_f0.02,kc_delta,2,339,0.5937,122455,0
scale_f0.02,kc_delta,2,340,0.5841,123055,0
scale_f0.02,kc_delta,2,341,0.5841,123065,0
scale_f0.02,kc_delta,2,342,0.5905,123125,0
scale_f0.02,kc_delta,2,343,0.5905,123158,0
scale_f0.02,kc_delta,2,344,0.5937,123165,0
scale_f0.02,kc_delta,2,345,0.5746,123241,0
scale_f0.02,kc_delta,2,346,0.6032,123315,0
scale_f0.02,kc_delta,2,347,0.6063,123815,0
scale_f0.02,kc_delta,2,348,0.6032,124415,0
scale_f0.02,kc_delta,2,349,0.6000,125015,0
scale_f0.02,kc_delta,2,350,0.6000,125059,0
scale_f0.02,kc_delta,2,351,0.6063,125659,0
scale_f0.02,kc_delta,2,352,0.6032,126259,0
scale_f0.02,kc_delta,2,353,0.6127,126859,0
scale_f0.02,kc_delta,2,354,0.5778,127459,0
scale_f0.02,kc_delta,2,355,0.5778,127470,0
scale_f0.02,kc_delta,2,356,0.5905,127494,0
scale_f0.02,kc_delta,2,357,0.5873,128094,0
scale_f0.02,kc_delta,2,358,0.5873,128102,0
scale_f0.02,kc_delta,2,359,0.5841,128132,0
scale_f0.02,kc_delta,2,360,0.5810,128179,0
scale_f0.02,kc_delta,2,361,0.5937,128779,0
scale_f0.02,kc_delta,2,362,0.5651,129379,0
scale_f0.02,kc_delta,2,363,0.5651,129429,0
scale_f0.02,kc_delta,2,364,0.5651,130029,0
scale_f0.02,kc_delta,2,365,0.5778,130500,0
scale_f0.02,kc_delta,2,366,0.5683,131100,0
scale_f0.02,kc_delta,2,367,0.5714,131700,0
scale_f0.02,kc_delta,2,368,0.5841,131789,0
scale_f0.02,kc_delta,2,369,0.5810,132389,0
scale_f0.02,kc_delta,2,370,0.5746,132400,0
scale_f0.02,kc_delta,2,371,0.5714,132456,0
scale_f0.02,kc_delta,2,372,0.5714,133056,0
scale_f0.02,kc_delta,2,373,0.5714,133656,0
scale_f0.02,kc_delta,2,374,0.6063,133968,0
scale_f0.02,kc_delta,2,375,0.5778,134307,0
scale_f0.02,kc_delta,2,376,0.5841,134311,0
scale_f0.02,kc_delta,2,377,0.5841,134911,0
scale_f0.02,kc_delta,2,378,0.5810,134935,0
scale_f0.02,kc_delta,2,379,0.5841,135535,0
scale_f0.02,kc_delta,2,380,0.5778,136135,0
scale_f0.02,kc_delta,2,381,0.5873,136735,0
scale_f0.02,kc_delta,2,382,0.5873,136747,0
scale_f0.02,kc_delta,2,383,0.5841,136753,0
scale_f0.02,kc_delta,2,384,0.5873,136820,0
scale_f0.02,kc_delta,2,385,0.5937,136899,0
scale_f0.02,kc_delta,2,386,0.5841,137499,0
scale_f0.02,kc_delta,2,387,0.5873,137530,0
scale_f0.02,kc_delta,2,388,0.5810,138130,0
scale_f0.02,kc_delta,2,389,0.6032,138326,0
scale_f0.02,kc_delta,2,390,0.6063,138926,0
scale_f0.02,kc_delta,2,391,0.6063,138951,0
scale_f0.02,kc_delta,2,392,0.6000,138973,0
scale_f0.02,kc_delta,2,393,0.5746,139573,0
scale_f0.02,kc_delta,2,394,0.5746,140173,0
scale_f0.02,kc_delta,2,395,0.5778,140298,0
scale_f0.02,kc_delta,2,396,0.5905,140411,0
scale_f0.02,kc_delta,2,397,0.5968,141011,0
scale_f0.02,kc_delta,2,398,0.6000,141049,0
scale_f0.02,kc_delta,2,399,0.5905,141649,0
scale_f0.02,kc_delta,2,400,0.5841,142249,0
scale_f0.02,kc_delta,2,401,0.5714,142849,0
scale_f0.02,kc_delta,2,402,0.5810,143449,0
scale_f0.02,kc_delta,2,403,0.5714,143503,0
scale_f0.02,kc_delta,2,404,0.5714,143690,0
scale_f0.02,kc_delta,2,405,0.6000,143783,0
scale_f0.02,kc_delta,2,406,0.5937,143826,0
scale_f0.02,kc_delta,2,407,0.5968,143829,0
scale_f0.02,kc_delta,2,408,0.5937,143837,0
scale_f0.02,kc_delta,2,409,0.6000,144437,0
scale_f0.02,kc_delta,2,410,0.5873,145037,0
scale_f0.02,kc_delta,2,411,0.5905,145069,0
scale_f0.02,kc_delta,2,412,0.5937,145081,0
scale_f0.02,kc_delta,2,413,0.5778,145681,0
scale_f0.02,kc_delta,2,414,0.5841,146281,0
scale_f0.02,kc_delta,2,415,0.5810,146342,0
scale_f0.02,kc_delta,2,416,0.5587,146494,0
scale_f0.02,kc_delta,2,417,0.5651,146523,0
scale_f0.02,kc_delta,2,418,0.5810,147123,0
scale_f0.02,kc_delta,2,419,0.5841,147723,0
scale_f0.02,kc_delta,2,420,0.5714,148323,0
scale_f0.02,kc_delta,2,421,0.5778,148377,0
scale_f0.02,kc_delta,2,422,0.5810,148407,0
scale_f0.02,kc_delta,2,423,0.5873,148429,0
scale_f0.02,kc_delta,2,424,0.6000,148464,0
scale_f0.02,kc_delta,2,425,0.6032,148466,0
scale_f0.02,kc_delta,2,426,0.6159,149066,0
scale_f0.02,kc_delta,2,427,0.6095,149666,0
scale_f0.02,kc_delta,2,428,0.6032,150266,0
scale_f0.02,kc_delta,2,429,0.5968,150285,0
scale_f0.02,kc_delta,2,430,0.5968,150304,0
scale_f0.02,kc_delta,2,431,0.6095,150346,0
scale_f0.02,kc_delta,2,432,0.5810,150946,0
scale_f0.02,kc_delta,2,433,0.5810,151546,0
scale_f0.02,kc_delta,2,434,0.5714,152146,0
scale_f0.02,kc_delta,2,435,0.5714,152746,0
scale_f0.02,kc_delta,2,436,0.5778,152802,0
scale_f0.02,kc_delta,2,437,0.5778,152804,0
scale_f0.02,kc_delta,2,438,0.5905,153404,0
scale_f0.02,kc_delta,2,439,0.5905,153455,0
scale_f0.02,kc_delta,2,440,0.5905,153475,0
scale_f0.02,kc_delta,2,441,0.5905,153505,0
scale_f0.02,kc_delta,2,442,0.5873,153538,0
scale_f0.02,kc_delta,2,443,0.5841,153559,0
scale_f0.02,kc_delta,2,444,0.5841,154159,0
scale_f0.02,kc_delta,2,445,0.5778,154759,0
scale_f0.02,kc_delta,2,446,0.5683,154778,0
scale_f0.02,kc_delta,2,447,0.5651,155378,0
scale_f0.02,kc_delta,2,448,0.5619,155978,0
scale_f0.02,kc_delta,2,449,0.5619,156578,0
scale_f0.02,kc_delta,2,450,0.5873,156739,0
scale_f0.02,kc_delta,2,451,0.5778,157339,0
scale_f0.02,kc_delta,2,452,0.5651,157939,0
scale_f0.02,kc_delta,2,453,0.5714,158539,0
scale_f0.02,kc_delta,2,454,0.5714,159139,0
scale_f0.02,kc_delta,2,455,0.5746,159510,0
scale_f0.02,kc_delta,2,456,0.5746,159526,0
scale_f0.02,kc_delta,2,457,0.5778,160126,0
scale_f0.02,kc_delta,2,458,0.5810,160726,0
scale_f0.02,kc_delta,2,459,0.5714,161326,0
scale_f0.02,kc_delta,2,460,0.5683,161370,0
scale_f0.02,kc_delta,2,461,0.5778,161416,0
scale_f0.02,kc_delta,2,462,0.5937,161468,0
scale_f0.02,kc_delta,2,463,0.5937,162068,0
scale_f0.02,kc_delta,2,464,0.5651,162668,0
scale_f0.02,kc_delta,2,465,0.5714,162695,0
scale_f0.02,kc_delta,2,466,0.5714,162726,0
scale_f0.02,kc_delta,2,467,0.5619,162761,0
scale_f0.02,kc_delta,2,468,0.5619,163361,0
scale_f0.02,kc_delta,2,469,0.5683,163961,0
scale_f0.02,kc_delta,2,470,0.5683,163984,0
scale_f0.02,kc_delta,2,471,0.5524,164584,0
scale_f0.02,kc_delta,2,472,0.5524,164604,0
scale_f0.02,kc_delta,2,473,0.5905,164718,0
scale_f0.02,kc_delta,2,474,0.5905,164739,0
scale_f0.02,kc_delta,2,475,0.5937,164909,0
scale_f0.02,kc_delta,2,476,0.5778,165509,0
scale_f0.02,kc_delta,2,477,0.5937,165644,0
scale_f0.02,kc_delta,2,478,0.5841,166244,0
scale_f0.02,kc_delta,2,479,0.5905,166844,0
scale_f0.02,kc_delta,2,480,0.5841,166879,0
scale_f0.02,kc_delta,2,481,0.5873,166890,0
scale_f0.02,kc_delta,2,482,0.5905,167490,0
scale_f0.02,kc_delta,2,483,0.5905,167523,0
scale_f0.02,kc_delta,2,484,0.5778,168123,0
scale_f0.02,kc_delta,2,485,0.5810,168132,0
scale_f0.02,kc_delta,2,486,0.5778,168157,0
scale_f0.02,kc_delta,2,487,0.5873,168757,0
scale_f0.02,kc_delta,2,488,0.5810,169357,0
scale_f0.02,kc_delta,2,489,0.5841,169371,0
scale_f0.02,kc_delta,2,490,0.5778,169434,0
scale_f0.02,kc_delta,2,491,0.5778,169440,0
scale_f0.02,kc_delta,2,492,0.5873,169830,0
scale_f0.02,kc_delta,2,493,0.5810,169868,0
scale_f0.02,kc_delta,2,494,0.5810,170468,0
scale_f0.02,kc_delta,2,495,0.5873,171068,0
scale_f0.02,kc_delta,2,496,0.5746,171137,0
scale_f0.02,kc_delta,2,497,0.5778,171152,0
scale_f0.02,kc_delta,2,498,0.5746,171752,0
scale_f0.02,kc_delta,2,499,0.5714,171789,0
scale_f0.02,kc_delta,2,500,0.5905,172389,0
scale_f0.02,kc_delta,2,501,0.5968,172410,0
scale_f0.02,kc_delta,2,502,0.6000,172587,0
scale_f0.02,kc_delta,2,503,0.5905,173187,0
scale_f0.02,kc_delta,2,504,0.5937,173221,0
scale_f0.02,kc_delta,2,505,0.5746,173821,0
scale_f0.02,kc_delta,2,506,0.5905,173874,0
scale_f0.02,kc_delta,2,507,0.5778,174474,0
scale_f0.02,kc_delta,2,508,0.5746,174513,0
scale_f0.02,kc_delta,2,509,0.5619,174663,0
scale_f0.02,kc_delta,2,510,0.5714,174839,0
scale_f0.02,kc_delta,2,511,0.5810,175439,0
scale_f0.02,kc_delta,2,512,0.5714,176039,0
scale_f0.02,kc_delta,2,513,0.5556,176639,0
scale_f0.02,kc_delta,2,514,0.5651,177239,0
scale_f0.02,kc_delta,2,515,0.5714,177839,0
scale_f0.02,kc_delta,2,516,0.5905,177884,0
scale_f0.02,kc_delta,2,517,0.5873,178484,0
scale_f0.02,kc_delta,2,518,0.5873,178513,0
scale_f0.02,kc_delta,2,519,0.5873,178535,0
scale_f0.02,kc_delta,2,520,0.5873,178607,0
scale_f0.02,kc_delta,2,521,0.5968,179207,0
scale_f0.02,kc_delta,2,522,0.6000,179807,0
scale_f0.02,kc_delta,2,523,0.6000,179831,0
scale_f0.02,kc_delta,2,524,0.6000,179858,0
scale_f0.02,kc_delta,2,525,0.6032,180458,0
scale_f0.02,kc_delta,2,526,0.6063,180468,0
scale_f0.02,kc_delta,2,527,0.5841,181068,0
scale_f0.02,kc_delta,2,528,0.5841,181098,0
scale_f0.02,kc_delta,2,529,0.5841,181698,0
scale_f0.02,kc_delta,2,530,0.5683,182298,0
scale_f0.02,kc_delta,2,531,0.5778,182898,0
scale_f0.02,kc_delta,2,532,0.5651,183498,0
scale_f0.02,kc_delta,2,533,0.5810,183532,0
scale_f0.02,kc_delta,2,534,0.5841,183547,0
scale_f0.02,kc_delta,2,535,0.6000,183616,0
scale_f0.02,kc_delta,2,536,0.6000,183816,0
scale_f0.02,kc_delta,2,537,0.6095,184416,0
scale_f0.02,kc_delta,2,538,0.6127,184439,0
scale_f0.02,kc_delta,2,539,0.6159,184486,0
scale_f0.02,kc_delta,2,540,0.6159,185086,0
scale_f0.02,kc_delta,2,541,0.6159,185091,0
scale_f0.02,kc_delta,2,542,0.6254,185163,0
scale_f0.02,kc_delta,2,543,0.6254,185197,0
scale_f0.02,kc_delta,2,544,0.6190,185239,0
scale_f0.02,kc_delta,2,545,0.6222,185260,0
scale_f0.02,kc_delta,2,546,0.6159,185315,0
scale_f0.02,kc_delta,2,547,0.6063,185915,0
scale_f0.02,kc_delta,2,548,0.6032,186515,0
scale_f0.02,kc_delta,2,549,0.6000,186571,0
scale_f0.02,kc_delta,2,550,0.5778,187171,0
scale_f0.02,kc_delta,2,551,0.5683,187201,0
scale_f0.02,kc_delta,2,552,0.5556,187801,0
scale_f0.02,kc_delta,2,553,0.5714,188401,0
scale_f0.02,kc_delta,2,554,0.5619,189001,0
scale_f0.02,kc_delta,2,555,0.5587,189601,0
scale_f0.02,kc_delta,2,556,0.5683,189701,0
scale_f0.02,kc_delta,2,557,0.5746,189712,0
scale_f0.02,kc_delta,2,558,0.5619,190312,0
scale_f0.02,kc_delta,2,559,0.5683,190912,0
scale_f0.02,kc_delta,2,560,0.5714,191512,0
scale_f0.02,kc_delta,2,561,0.5619,192112,0
scale_f0.02,kc_delta,2,562,0.5778,192712,0
scale_f0.02,kc_delta,2,563,0.6032,192810,0
scale_f0.02,kc_delta,2,564,0.6000,192823,0
scale_f0.02,kc_delta,2,565,0.5968,193423,0
scale_f0.02,kc_delta,2,566,0.6127,193690,0
scale_f0.02,kc_delta,2,567,0.6095,194290,0
scale_f0.02,kc_delta,2,568,0.6095,194365,0
scale_f0.02,kc_delta,2,569,0.6063,194965,0
scale_f0.02,kc_delta,2,570,0.6063,195565,0
scale_f0.02,kc_delta,2,571,0.5841,196165,0
scale_f0.02,kc_delta,2,572,0.5746,196765,0
scale_f0.02,kc_delta,2,573,0.5778,197365,0
scale_f0.02,kc_delta,2,574,0.5810,197404,0
scale_f0.02,kc_delta,2,575,0.5778,198004,0
scale_f0.02,kc_delta,2,576,0.5810,198604,0
scale_f0.02,kc_delta,2,577,0.5937,198638,0
scale_f0.02,kc_delta,2,578,0.5905,199238,0
scale_f0.02,kc_delta,2,579,0.5873,199838,0
scale_f0.02,kc_delta,2,580,0.5714,200438,0
scale_f0.02,kc_delta,2,581,0.5714,200439,0
scale_f0.02,kc_delta,2,582,0.5746,200463,0
scale_f0.02,kc_delta,2,583,0.5651,201063,0
scale_f0.02,kc_delta,2,584,0.5841,201122,0
scale_f0.02,kc_delta,2,585,0.5937,201155,0
scale_f0.02,kc_delta,2,586,0.5905,201755,0
scale_f0.02,kc_delta,2,587,0.5968,202242,0
scale_f0.02,kc_delta,2,588,0.5873,202842,0
scale_f0.02,kc_delta,2,589,0.5841,203442,0
scale_f0.02,kc_delta,2,590,0.5841,204042,0
scale_f0.02,kc_delta,2,591,0.5714,204642,0
scale_f0.02,kc_delta,2,592,0.5937,205242,0
scale_f0.02,kc_delta,2,593,0.5968,205842,0
scale_f0.02,kc_delta,2,594,0.5968,205874,0
scale_f0.02,kc_delta,2,595,0.5905,206474,0
scale_f0.02,kc_delta,2,596,0.5905,207074,0
scale_f0.02,kc_delta,2,597,0.5810,207145,0
scale_f0.02,kc_delta,2,598,0.5968,207296,0
scale_f0.02,kc_delta,2,599,0.5683,207896,0
scale_f0.02,rand_delta,2,0,0.3841,600,0
scale_f0.02,rand_delta,2,1,0.4730,1200,0
scale_f0.02,rand_delta,2,2,0.5048,1571,0
scale_f0.02,rand_delta,2,3,0.5333,1896,0
scale_f0.02,rand_delta,2,4,0.5619,2496,0
scale_f0.02,rand_delta,2,5,0.5619,2518,0
scale_f0.02,rand_delta,2,6,0.6000,2830,0
scale_f0.02,rand_delta,2,7,0.6444,3379,0
scale_f0.02,rand_delta,2,8,0.6381,3394,0
scale_f0.02,rand_delta,2,9,0.6159,3821,0
scale_f0.02,rand_delta,2,10,0.6095,4421,0
scale_f0.02,rand_delta,2,11,0.6254,4489,0
scale_f0.02,rand_delta,2,12,0.6317,4548,0
scale_f0.02,rand_delta,2,13,0.5746,5148,0
scale_f0.02,rand_delta,2,14,0.6095,5479,0
scale_f0.02,rand_delta,2,15,0.4857,6079,0
scale_f0.02,rand_delta,2,16,0.5079,6107,0
scale_f0.02,rand_delta,2,17,0.5270,6161,0
scale_f0.02,rand_delta,2,18,0.5302,6182,0
scale_f0.02,rand_delta,2,19,0.6127,6371,0
scale_f0.02,rand_delta,2,20,0.6381,6456,0
scale_f0.02,rand_delta,2,21,0.6444,7056,0
scale_f0.02,rand_delta,2,22,0.6540,7656,0
scale_f0.02,rand_delta,2,23,0.6730,7882,0
scale_f0.02,rand_delta,2,24,0.6667,7886,0
scale_f0.02,rand_delta,2,25,0.6698,7957,0
scale_f0.02,rand_delta,2,26,0.6825,8051,0
scale_f0.02,rand_delta,2,27,0.6825,8055,0
scale_f0.02,rand_delta,2,28,0.6825,8152,0
scale_f0.02,rand_delta,2,29,0.6857,8752,0
scale_f0.02,rand_delta,2,30,0.6825,8778,0
scale_f0.02,rand_delta,2,31,0.6825,8971,0
scale_f0.02,rand_delta,2,32,0.7143,9214,0
scale_f0.02,rand_delta,2,33,0.6127,9814,0
scale_f0.02,rand_delta,2,34,0.5778,10414,0
scale_f0.02,rand_delta,2,35,0.6032,10475,0
scale_f0.02,rand_delta,2,36,0.6127,10502,0
scale_f0.02,rand_delta,2,37,0.6317,11102,0
scale_f0.02,rand_delta,2,38,0.5873,11702,0
scale_f0.02,rand_delta,2,39,0.5968,12302,0
scale_f0.02,rand_delta,2,40,0.6222,12360,0
scale_f0.02,rand_delta,2,41,0.6317,12764,0
scale_f0.02,rand_delta,2,42,0.6032,13364,0
scale_f0.02,rand_delta,2,43,0.6095,13381,0
scale_f0.02,rand_delta,2,44,0.6317,13478,0
scale_f0.02,rand_delta,2,45,0.6286,13604,0
scale_f0.02,rand_delta,2,46,0.6381,13634,0
scale_f0.02,rand_delta,2,47,0.6381,14234,0
scale_f0.02,rand_delta,2,48,0.6381,14267,0
scale_f0.02,rand_delta,2,49,0.6889,14569,0
scale_f0.02,rand_delta,2,50,0.6952,14683,0
scale_f0.02,rand_delta,2,51,0.6000,15283,0
scale_f0.02,rand_delta,2,52,0.6000,15883,0
scale_f0.02,rand_delta,2,53,0.6349,16483,0
scale_f0.02,rand_delta,2,54,0.6317,16502,0
scale_f0.02,rand_delta,2,55,0.6508,16739,0
scale_f0.02,rand_delta,2,56,0.5905,17339,0
scale_f0.02,rand_delta,2,57,0.6032,17939,0
scale_f0.02,rand_delta,2,58,0.6032,18539,0
scale_f0.02,rand_delta,2,59,0.6508,18643,0
scale_f0.02,rand_delta,2,60,0.6730,18972,0
scale_f0.02,rand_delta,2,61,0.6857,18991,0
scale_f0.02,rand_delta,2,62,0.6921,19018,0
scale_f0.02,rand_delta,2,63,0.6984,19618,0
scale_f0.02,rand_delta,2,64,0.7048,19749,0
scale_f0.02,rand_delta,2,65,0.7111,19859,0
scale_f0.02,rand_delta,2,66,0.7016,19888,0
scale_f0.02,rand_delta,2,67,0.7016,20488,0
scale_f0.02,rand_delta,2,68,0.7016,21088,0
scale_f0.02,rand_delta,2,69,0.7016,21109,0
scale_f0.02,rand_delta,2,70,0.7048,21148,0
scale_f0.02,rand_delta,2,71,0.7079,21748,0
scale_f0.02,rand_delta,2,72,0.7111,21768,0
scale_f0.02,rand_delta,2,73,0.7143,21907,0
scale_f0.02,rand_delta,2,74,0.7238,22507,0
scale_f0.02,rand_delta,2,75,0.7270,22529,0
scale_f0.02,rand_delta,2,76,0.7429,22670,0
scale_f0.02,rand_delta,2,77,0.7397,23270,0
scale_f0.02,rand_delta,2,78,0.7429,23870,0
scale_f0.02,rand_delta,2,79,0.7397,23903,0
scale_f0.02,rand_delta,2,80,0.7397,24503,0
scale_f0.02,rand_delta,2,81,0.7492,24524,0
scale_f0.02,rand_delta,2,82,0.7460,24995,0
scale_f0.02,rand_delta,2,83,0.7460,25019,0
scale_f0.02,rand_delta,2,84,0.7429,25236,0
scale_f0.02,rand_delta,2,85,0.7365,25248,0
scale_f0.02,rand_delta,2,86,0.7397,25550,0
scale_f0.02,rand_delta,2,87,0.7429,25576,0
scale_f0.02,rand_delta,2,88,0.7397,25599,0
scale_f0.02,rand_delta,2,89,0.7429,25627,0
scale_f0.02,rand_delta,2,90,0.7397,26227,0
scale_f0.02,rand_delta,2,91,0.7397,26827,0
scale_f0.02,rand_delta,2,92,0.7397,27183,0
scale_f0.02,rand_delta,2,93,0.7524,27605,0
scale_f0.02,rand_delta,2,94,0.7524,27616,0
scale_f0.02,rand_delta,2,95,0.7492,27637,0
scale_f0.02,rand_delta,2,96,0.7365,28237,0
scale_f0.02,rand_delta,2,97,0.7175,28837,0
scale_f0.02,rand_delta,2,98,0.7302,29211,0
scale_f0.02,rand_delta,2,99,0.7302,29811,0
scale_f0.02,rand_delta,2,100,0.7365,30167,0
scale_f0.02,rand_delta,2,101,0.7333,30461,0
scale_f0.02,rand_delta,2,102,0.7302,31061,0
scale_f0.02,rand_delta,2,103,0.7079,31661,0
scale_f0.02,rand_delta,2,104,0.7175,31689,0
scale_f0.02,rand_delta,2,105,0.7238,32289,0
scale_f0.02,rand_delta,2,106,0.7206,32889,0
scale_f0.02,rand_delta,2,107,0.7206,32925,0
scale_f0.02,rand_delta,2,108,0.7175,33525,0
scale_f0.02,rand_delta,2,109,0.7270,34125,0
scale_f0.02,rand_delta,2,110,0.7270,34725,0
scale_f0.02,rand_delta,2,111,0.7175,35325,0
scale_f0.02,rand_delta,2,112,0.7206,35364,0
scale_f0.02,rand_delta,2,113,0.7175,35964,0
scale_f0.02,rand_delta,2,114,0.7206,36564,0
scale_f0.02,rand_delta,2,115,0.7238,37164,0
scale_f0.02,rand_delta,2,116,0.7206,37201,0
scale_f0.02,rand_delta,2,117,0.7111,37801,0
scale_f0.02,rand_delta,2,118,0.7238,37968,0
scale_f0.02,rand_delta,2,119,0.7238,38012,0
scale_f0.02,rand_delta,2,120,0.7333,38039,0
scale_f0.02,rand_delta,2,121,0.7302,38062,0
scale_f0.02,rand_delta,2,122,0.7302,38662,0
scale_f0.02,rand_delta,2,123,0.7492,38819,0
scale_f0.02,rand_delta,2,124,0.7365,39419,0
scale_f0.02,rand_delta,2,125,0.7429,39434,0
scale_f0.02,rand_delta,2,126,0.7397,39444,0
scale_f0.02,rand_delta,2,127,0.7365,40044,0
scale_f0.02,rand_delta,2,128,0.7397,40644,0
scale_f0.02,rand_delta,2,129,0.7524,40690,0
scale_f0.02,rand_delta,2,130,0.7492,40722,0
scale_f0.02,rand_delta,2,131,0.7429,40762,0
scale_f0.02,rand_delta,2,132,0.7397,40771,0
scale_f0.02,rand_delta,2,133,0.7365,40816,0
scale_f0.02,rand_delta,2,134,0.7365,40848,0
scale_f0.02,rand_delta,2,135,0.7429,40873,0
scale_f0.02,rand_delta,2,136,0.7270,41473,0
scale_f0.02,rand_delta,2,137,0.7143,42073,0
scale_f0.02,rand_delta,2,138,0.6921,42673,0
scale_f0.02,rand_delta,2,139,0.7175,42736,0
scale_f0.02,rand_delta,2,140,0.7048,42757,0
scale_f0.02,rand_delta,2,141,0.7079,42790,0
scale_f0.02,rand_delta,2,142,0.7175,43390,0
scale_f0.02,rand_delta,2,143,0.7143,43404,0
scale_f0.02,rand_delta,2,144,0.7143,44004,0
scale_f0.02,rand_delta,2,145,0.7270,44096,0
scale_f0.02,rand_delta,2,146,0.7175,44696,0
scale_f0.02,rand_delta,2,147,0.7111,45296,0
scale_f0.02,rand_delta,2,148,0.7270,45345,0
scale_f0.02,rand_delta,2,149,0.7270,45945,0
scale_f0.02,rand_delta,2,150,0.7238,45990,0
scale_f0.02,rand_delta,2,151,0.7206,46020,0
scale_f0.02,rand_delta,2,152,0.6635,46620,0
scale_f0.02,rand_delta,2,153,0.6984,46955,0
scale_f0.02,rand_delta,2,154,0.6952,47081,0
scale_f0.02,rand_delta,2,155,0.7143,47130,0
scale_f0.02,rand_delta,2,156,0.7079,47145,0
scale_f0.02,rand_delta,2,157,0.7048,47745,0
scale_f0.02,rand_delta,2,158,0.7079,47776,0
scale_f0.02,rand_delta,2,159,0.7111,47794,0
scale_f0.02,rand_delta,2,160,0.7143,47941,0
scale_f0.02,rand_delta,2,161,0.7111,47963,0
scale_f0.02,rand_delta,2,162,0.7079,48001,0
scale_f0.02,rand_delta,2,163,0.7079,48026,0
scale_f0.02,rand_delta,2,164,0.7079,48047,0
scale_f0.02,rand_delta,2,165,0.7079,48100,0
scale_f0.02,rand_delta,2,166,0.7206,48700,0
scale_f0.02,rand_delta,2,167,0.7333,48755,0
scale_f0.02,rand_delta,2,168,0.6921,49355,0
scale_f0.02,rand_delta,2,169,0.7016,49380,0
scale_f0.02,rand_delta,2,170,0.7016,49980,0
scale_f0.02,rand_delta,2,171,0.6825,50580,0
scale_f0.02,rand_delta,2,172,0.7111,50630,0
scale_f0.02,rand_delta,2,173,0.7238,51230,0
scale_f0.02,rand_delta,2,174,0.7270,51262,0
scale_f0.02,rand_delta,2,175,0.7333,51311,0
scale_f0.02,rand_delta,2,176,0.7238,51332,0
scale_f0.02,rand_delta,2,177,0.7175,51932,0
scale_f0.02,rand_delta,2,178,0.7270,52532,0
scale_f0.02,rand_delta,2,179,0.7397,53132,0
scale_f0.02,rand_delta,2,180,0.7302,53732,0
scale_f0.02,rand_delta,2,181,0.7397,53758,0
scale_f0.02,rand_delta,2,182,0.7397,53792,0
scale_f0.02,rand_delta,2,183,0.7524,54380,0
scale_f0.02,rand_delta,2,184,0.7524,54423,0
scale_f0.02,rand_delta,2,185,0.7556,54447,0
scale_f0.02,rand_delta,2,186,0.7556,55047,0
scale_f0.02,rand_delta,2,187,0.7333,55647,0
scale_f0.02,rand_delta,2,188,0.7238,56247,0
scale_f0.02,rand_delta,2,189,0.7206,56281,0
scale_f0.02,rand_delta,2,190,0.7048,56881,0
scale_f0.02,rand_delta,2,191,0.7175,56932,0
scale_f0.02,rand_delta,2,192,0.7206,56969,0
scale_f0.02,rand_delta,2,193,0.7206,57045,0
scale_f0.02,rand_delta,2,194,0.7175,57645,0
scale_f0.02,rand_delta,2,195,0.7270,57700,0
scale_f0.02,rand_delta,2,196,0.7492,57750,0
scale_f0.02,rand_delta,2,197,0.7429,57782,0
scale_f0.02,rand_delta,2,198,0.7397,58185,0
scale_f0.02,rand_delta,2,199,0.7492,58308,0
scale_f0.02,rand_delta,2,200,0.7270,58908,0
scale_f0.02,rand_delta,2,201,0.7556,58959,0
scale_f0.02,rand_delta,2,202,0.7492,59005,0
scale_f0.02,rand_delta,2,203,0.7429,59037,0
scale_f0.02,rand_delta,2,204,0.7333,59072,0
scale_f0.02,rand_delta,2,205,0.7460,59118,0
scale_f0.02,rand_delta,2,206,0.7460,59130,0
scale_f0.02,rand_delta,2,207,0.7397,59169,0
scale_f0.02,rand_delta,2,208,0.7429,59184,0
scale_f0.02,rand_delta,2,209,0.7206,59784,0
scale_f0.02,rand_delta,2,210,0.7302,59842,0
scale_f0.02,rand_delta,2,211,0.7524,60114,0
scale_f0.02,rand_delta,2,212,0.7460,60133,0
scale_f0.02,rand_delta,2,213,0.7238,60733,0
scale_f0.02,rand_delta,2,214,0.7238,60768,0
scale_f0.02,rand_delta,2,215,0.7111,61368,0
scale_f0.02,rand_delta,2,216,0.7238,61399,0
scale_f0.02,rand_delta,2,217,0.7365,61450,0
scale_f0.02,rand_delta,2,218,0.7333,62050,0
scale_f0.02,rand_delta,2,219,0.7079,62650,0
scale_f0.02,rand_delta,2,220,0.7206,62675,0
scale_f0.02,rand_delta,2,221,0.7397,62731,0
scale_f0.02,rand_delta,2,222,0.7302,62890,0
scale_f0.02,rand_delta,2,223,0.7524,63490,0
scale_f0.02,rand_delta,2,224,0.7746,63666,0
scale_f0.02,rand_delta,2,225,0.7746,63711,0
scale_f0.02,rand_delta,2,226,0.7524,64311,0
scale_f0.02,rand_delta,2,227,0.7619,64911,0
scale_f0.02,rand_delta,2,228,0.7714,64962,0
scale_f0.02,rand_delta,2,229,0.7683,64971,0
scale_f0.02,rand_delta,2,230,0.7714,64987,0
scale_f0.02,rand_delta,2,231,0.7587,65587,0
scale_f0.02,rand_delta,2,232,0.7460,66187,0
scale_f0.02,rand_delta,2,233,0.7556,66192,0
scale_f0.02,rand_delta,2,234,0.7619,66240,0
scale_f0.02,rand_delta,2,235,0.7619,66840,0
scale_f0.02,rand_delta,2,236,0.7556,67440,0
scale_f0.02,rand_delta,2,237,0.7619,67479,0
scale_f0.02,rand_delta,2,238,0.7651,67506,0
scale_f0.02,rand_delta,2,239,0.7714,67542,0
scale_f0.02,rand_delta,2,240,0.7683,67593,0
scale_f0.02,rand_delta,2,241,0.7651,67623,0
scale_f0.02,rand_delta,2,242,0.7746,68223,0
scale_f0.02,rand_delta,2,243,0.7746,68252,0
scale_f0.02,rand_delta,2,244,0.7492,68852,0
scale_f0.02,rand_delta,2,245,0.7556,68900,0
scale_f0.02,rand_delta,2,246,0.7524,68906,0
scale_f0.02,rand_delta,2,247,0.7270,69506,0
scale_f0.02,rand_delta,2,248,0.7143,70106,0
scale_f0.02,rand_delta,2,249,0.7619,70284,0
scale_f0.02,rand_delta,2,250,0.7619,70322,0
scale_f0.02,rand_delta,2,251,0.7619,70353,0
scale_f0.02,rand_delta,2,252,0.7429,70953,0
scale_f0.02,rand_delta,2,253,0.7651,71019,0
scale_f0.02,rand_delta,2,254,0.7683,71141,0
scale_f0.02,rand_delta,2,255,0.7619,71172,0
scale_f0.02,rand_delta,2,256,0.6730,71772,0
scale_f0.02,rand_delta,2,257,0.6857,72372,0
scale_f0.02,rand_delta,2,258,0.7302,72972,0
scale_f0.02,rand_delta,2,259,0.7556,73033,0
scale_f0.02,rand_delta,2,260,0.7365,73633,0
scale_f0.02,rand_delta,2,261,0.7683,73835,0
scale_f0.02,rand_delta,2,262,0.7619,73868,0
scale_f0.02,rand_delta,2,263,0.7683,73903,0
scale_f0.02,rand_delta,2,264,0.7619,73911,0
scale_f0.02,rand_delta,2,265,0.7651,74511,0
scale_f0.02,rand_delta,2,266,0.7556,74553,0
scale_f0.02,rand_delta,2,267,0.7492,74574,0
scale_f0.02,rand_delta,2,268,0.7556,74613,0
scale_f0.02,rand_delta,2,269,0.7587,74633,0
scale_f0.02,rand_delta,2,270,0.7651,74670,0
scale_f0.02,rand_delta,2,271,0.7619,74699,0
scale_f0.02,rand_delta,2,272,0.7746,74759,0
scale_f0.02,rand_delta,2,273,0.7778,75359,0
scale_f0.02,rand_delta,2,274,0.7778,75959,0
scale_f0.02,rand_delta,2,275,0.7873,76559,0
scale_f0.02,rand_delta,2,276,0.7841,76584,0
scale_f0.02,rand_delta,2,277,0.7714,77184,0
scale_f0.02,rand_delta,2,278,0.7746,77227,0
scale_f0.02,rand_delta,2,279,0.7714,77275,0
scale_f0.02,rand_delta,2,280,0.7206,77875,0
scale_f0.02,rand_delta,2,281,0.7460,78024,0
scale_f0.02,rand_delta,2,282,0.7492,78048,0
scale_f0.02,rand_delta,2,283,0.7778,78100,0
scale_f0.02,rand_delta,2,284,0.7937,78700,0
scale_f0.02,rand_delta,2,285,0.7937,78706,0
scale_f0.02,rand_delta,2,286,0.7905,78742,0
scale_f0.02,rand_delta,2,287,0.7841,78752,0
scale_f0.02,rand_delta,2,288,0.7873,78775,0
scale_f0.02,rand_delta,2,289,0.7619,79375,0
scale_f0.02,rand_delta,2,290,0.7651,79405,0
scale_f0.02,rand_delta,2,291,0.7587,79423,0
scale_f0.02,rand_delta,2,292,0.7619,80023,0
scale_f0.02,rand_delta,2,293,0.7683,80519,0
scale_f0.02,rand_delta,2,294,0.7619,81119,0
scale_f0.02,rand_delta,2,295,0.7619,81154,0
scale_f0.02,rand_delta,2,296,0.7524,81754,0
scale_f0.02,rand_delta,2,297,0.7556,81781,0
scale_f0.02,rand_delta,2,298,0.7556,81783,0
scale_f0.02,rand_delta,2,299,0.7556,82383,0
scale_f0.02,rand_delta,2,300,0.7524,82983,0
scale_f0.02,rand_delta,2,301,0.7651,83553,0
scale_f0.02,rand_delta,2,302,0.7841,84153,0
scale_f0.02,rand_delta,2,303,0.7841,84198,0
scale_f0.02,rand_delta,2,304,0.7810,84233,0
scale_f0.02,rand_delta,2,305,0.7778,84523,0
scale_f0.02,rand_delta,2,306,0.7651,84550,0
scale_f0.02,rand_delta,2,307,0.7556,84574,0
scale_f0.02,rand_delta,2,308,0.7746,84618,0
scale_f0.02,rand_delta,2,309,0.7651,84664,0
scale_f0.02,rand_delta,2,310,0.6190,85264,0
scale_f0.02,rand_delta,2,311,0.7111,85645,0
scale_f0.02,rand_delta,2,312,0.7238,86245,0
scale_f0.02,rand_delta,2,313,0.7429,86301,0
scale_f0.02,rand_delta,2,314,0.7651,86901,0
scale_f0.02,rand_delta,2,315,0.7714,86916,0
scale_f0.02,rand_delta,2,316,0.7714,86924,0
scale_f0.02,rand_delta,2,317,0.7778,86948,0
scale_f0.02,rand_delta,2,318,0.7810,87349,0
scale_f0.02,rand_delta,2,319,0.7746,87396,0
scale_f0.02,rand_delta,2,320,0.7683,87424,0
scale_f0.02,rand_delta,2,321,0.7651,87810,0
scale_f0.02,rand_delta,2,322,0.7619,87822,0
scale_f0.02,rand_delta,2,323,0.7587,87859,0
scale_f0.02,rand_delta,2,324,0.7651,88459,0
scale_f0.02,rand_delta,2,325,0.7619,89059,0
scale_f0.02,rand_delta,2,326,0.7556,89106,0
scale_f0.02,rand_delta,2,327,0.7397,89706,0
scale_f0.02,rand_delta,2,328,0.7429,90306,0
scale_f0.02,rand_delta,2,329,0.7587,90405,0
scale_f0.02,rand_delta,2,330,0.7492,90444,0
scale_f0.02,rand_delta,2,331,0.7619,90879,0
scale_f0.02,rand_delta,2,332,0.7524,91349,0
scale_f0.02,rand_delta,2,333,0.7524,91356,0
scale_f0.02,rand_delta,2,334,0.7492,91956,0
scale_f0.02,rand_delta,2,335,0.7429,92556,0
scale_f0.02,rand_delta,2,336,0.7524,92640,0
scale_f0.02,rand_delta,2,337,0.7492,92661,0
scale_f0.02,rand_delta,2,338,0.7492,92697,0
scale_f0.02,rand_delta,2,339,0.7460,92732,0
scale_f0.02,rand_delta,2,340,0.7460,93112,0
scale_f0.02,rand_delta,2,341,0.7429,93122,0
scale_f0.02,rand_delta,2,342,0.7365,93161,0
scale_f0.02,rand_delta,2,343,0.7619,93201,0
scale_f0.02,rand_delta,2,344,0.7619,93207,0
scale_f0.02,rand_delta,2,345,0.7492,93243,0
scale_f0.02,rand_delta,2,346,0.7460,93279,0
scale_f0.02,rand_delta,2,347,0.7492,93330,0
scale_f0.02,rand_delta,2,348,0.6984,93930,0
scale_f0.02,rand_delta,2,349,0.7270,94530,0
scale_f0.02,rand_delta,2,350,0.7175,94560,0
scale_f0.02,rand_delta,2,351,0.7175,94616,0
scale_f0.02,rand_delta,2,352,0.7079,95216,0
scale_f0.02,rand_delta,2,353,0.7143,95816,0
scale_f0.02,rand_delta,2,354,0.7111,96416,0
scale_f0.02,rand_delta,2,355,0.7111,96426,0
scale_f0.02,rand_delta,2,356,0.7206,96440,0
scale_f0.02,rand_delta,2,357,0.7206,96709,0
scale_f0.02,rand_delta,2,358,0.7143,96716,0
scale_f0.02,rand_delta,2,359,0.7397,96769,0
scale_f0.02,rand_delta,2,360,0.7429,96783,0
scale_f0.02,rand_delta,2,361,0.7397,97383,0
scale_f0.02,rand_delta,2,362,0.7397,97983,0
scale_f0.02,rand_delta,2,363,0.7460,98018,0
scale_f0.02,rand_delta,2,364,0.7175,98618,0
scale_f0.02,rand_delta,2,365,0.7270,98703,0
scale_f0.02,rand_delta,2,366,0.7333,99303,0
scale_f0.02,rand_delta,2,367,0.7556,99378,0
scale_f0.02,rand_delta,2,368,0.7651,99424,0
scale_f0.02,rand_delta,2,369,0.7587,100024,0
scale_f0.02,rand_delta,2,370,0.7524,100039,0
scale_f0.02,rand_delta,2,371,0.7683,100086,0
scale_f0.02,rand_delta,2,372,0.7651,100242,0
scale_f0.02,rand_delta,2,373,0.7524,100842,0
scale_f0.02,rand_delta,2,374,0.7810,100928,0
scale_f0.02,rand_delta,2,375,0.7810,100941,0
scale_f0.02,rand_delta,2,376,0.7810,100944,0
scale_f0.02,rand_delta,2,377,0.7302,101544,0
scale_f0.02,rand_delta,2,378,0.7524,101570,0
scale_f0.02,rand_delta,2,379,0.7397,102170,0
scale_f0.02,rand_delta,2,380,0.7429,102770,0
scale_f0.02,rand_delta,2,381,0.7524,102841,0
scale_f0.02,rand_delta,2,382,0.7619,102849,0
scale_f0.02,rand_delta,2,383,0.7619,102855,0
scale_f0.02,rand_delta,2,384,0.7683,102897,0
scale_f0.02,rand_delta,2,385,0.7556,102935,0
scale_f0.02,rand_delta,2,386,0.7460,103535,0
scale_f0.02,rand_delta,2,387,0.7651,103571,0
scale_f0.02,rand_delta,2,388,0.7714,104171,0
scale_f0.02,rand_delta,2,389,0.7651,104201,0
scale_f0.02,rand_delta,2,390,0.7778,104286,0
scale_f0.02,rand_delta,2,391,0.7683,104306,0
scale_f0.02,rand_delta,2,392,0.7778,104335,0
scale_f0.02,rand_delta,2,393,0.7683,104935,0
scale_f0.02,rand_delta,2,394,0.7746,105535,0
scale_f0.02,rand_delta,2,395,0.7714,105574,0
scale_f0.02,rand_delta,2,396,0.7587,105601,0
scale_f0.02,rand_delta,2,397,0.7587,106201,0
scale_f0.02,rand_delta,2,398,0.7587,106219,0
scale_f0.02,rand_delta,2,399,0.7492,106762,0
scale_f0.02,rand_delta,2,400,0.7556,106856,0
scale_f0.02,rand_delta,2,401,0.7714,107456,0
scale_f0.02,rand_delta,2,402,0.7365,108056,0
scale_f0.02,rand_delta,2,403,0.7524,108097,0
scale_f0.02,rand_delta,2,404,0.7492,108143,0
scale_f0.02,rand_delta,2,405,0.7683,108195,0
scale_f0.02,rand_delta,2,406,0.7746,108233,0
scale_f0.02,rand_delta,2,407,0.7746,108235,0
scale_f0.02,rand_delta,2,408,0.7746,108243,0
scale_f0.02,rand_delta,2,409,0.7397,108843,0
scale_f0.02,rand_delta,2,410,0.7397,108889,0
scale_f0.02,rand_delta,2,411,0.7397,108938,0
scale_f0.02,rand_delta,2,412,0.7556,108952,0
scale_f0.02,rand_delta,2,413,0.7492,108996,0
scale_f0.02,rand_delta,2,414,0.7587,109061,0
scale_f0.02,rand_delta,2,415,0.7587,109085,0
scale_f0.02,rand_delta,2,416,0.7524,109114,0
scale_f0.02,rand_delta,2,417,0.7524,109129,0
scale_f0.02,rand_delta,2,418,0.7397,109558,0
scale_f0.02,rand_delta,2,419,0.7238,110158,0
scale_f0.02,rand_delta,2,420,0.7333,110222,0
scale_f0.02,rand_delta,2,421,0.7524,110263,0
scale_f0.02,rand_delta,2,422,0.7492,110288,0
scale_f0.02,rand_delta,2,423,0.7556,110301,0
scale_f0.02,rand_delta,2,424,0.7429,110336,0
scale_f0.02,rand_delta,2,425,0.7429,110338,0
scale_f0.02,rand_delta,2,426,0.7492,110868,0
scale_f0.02,rand_delta,2,427,0.7524,111058,0
scale_f0.02,rand_delta,2,428,0.7206,111658,0
scale_f0.02,rand_delta,2,429,0.7365,111684,0
scale_f0.02,rand_delta,2,430,0.7556,111711,0
scale_f0.02,rand_delta,2,431,0.7524,111733,0
scale_f0.02,rand_delta,2,432,0.7651,111837,0
scale_f0.02,rand_delta,2,433,0.7683,112437,0
scale_f0.02,rand_delta,2,434,0.7746,113037,0
scale_f0.02,rand_delta,2,435,0.7810,113637,0
scale_f0.02,rand_delta,2,436,0.7841,113664,0
scale_f0.02,rand_delta,2,437,0.7841,113666,0
scale_f0.02,rand_delta,2,438,0.7746,114266,0
scale_f0.02,rand_delta,2,439,0.7778,114297,0
scale_f0.02,rand_delta,2,440,0.7810,114320,0
scale_f0.02,rand_delta,2,441,0.7746,114341,0
scale_f0.02,rand_delta,2,442,0.7810,114381,0
scale_f0.02,rand_delta,2,443,0.7778,114401,0
scale_f0.02,rand_delta,2,444,0.7524,115001,0
scale_f0.02,rand_delta,2,445,0.7429,115601,0
scale_f0.02,rand_delta,2,446,0.7460,115621,0
scale_f0.02,rand_delta,2,447,0.7492,115674,0
scale_f0.02,rand_delta,2,448,0.7524,115724,0
scale_f0.02,rand_delta,2,449,0.7079,116324,0
scale_f0.02,rand_delta,2,450,0.7302,116398,0
scale_f0.02,rand_delta,2,451,0.7333,116998,0
scale_f0.02,rand_delta,2,452,0.7587,117212,0
scale_f0.02,rand_delta,2,453,0.7143,117812,0
scale_f0.02,rand_delta,2,454,0.6952,118412,0
scale_f0.02,rand_delta,2,455,0.7333,118456,0
scale_f0.02,rand_delta,2,456,0.7333,118474,0
scale_f0.02,rand_delta,2,457,0.7397,119074,0
scale_f0.02,rand_delta,2,458,0.7016,119674,0
scale_f0.02,rand_delta,2,459,0.6984,120274,0
scale_f0.02,rand_delta,2,460,0.7333,120344,0
scale_f0.02,rand_delta,2,461,0.7333,120351,0
scale_f0.02,rand_delta,2,462,0.7429,120396,0
scale_f0.02,rand_delta,2,463,0.7333,120848,0
scale_f0.02,rand_delta,2,464,0.7429,121048,0
scale_f0.02,rand_delta,2,465,0.7492,121080,0
scale_f0.02,rand_delta,2,466,0.7333,121109,0
scale_f0.02,rand_delta,2,467,0.7397,121142,0
scale_f0.02,rand_delta,2,468,0.6984,121742,0
scale_f0.02,rand_delta,2,469,0.7397,121845,0
scale_f0.02,rand_delta,2,470,0.7238,121870,0
scale_f0.02,rand_delta,2,471,0.7048,122470,0
scale_f0.02,rand_delta,2,472,0.7429,122512,0
scale_f0.02,rand_delta,2,473,0.7746,122572,0
scale_f0.02,rand_delta,2,474,0.7746,122611,0
scale_f0.02,rand_delta,2,475,0.7714,122668,0
scale_f0.02,rand_delta,2,476,0.7333,123268,0
scale_f0.02,rand_delta,2,477,0.7492,123331,0
scale_f0.02,rand_delta,2,478,0.7333,123931,0
scale_f0.02,rand_delta,2,479,0.7365,123981,0
scale_f0.02,rand_delta,2,480,0.7619,124030,0
scale_f0.02,rand_delta,2,481,0.7619,124040,0
scale_f0.02,rand_delta,2,482,0.7587,124078,0
scale_f0.02,rand_delta,2,483,0.7619,124110,0
scale_f0.02,rand_delta,2,484,0.7556,124710,0
scale_f0.02,rand_delta,2,485,0.7587,124719,0
scale_f0.02,rand_delta,2,486,0.7619,124749,0
scale_f0.02,rand_delta,2,487,0.7270,125349,0
scale_f0.02,rand_delta,2,488,0.7460,125449,0
scale_f0.02,rand_delta,2,489,0.7365,125459,0
scale_f0.02,rand_delta,2,490,0.7365,125494,0
scale_f0.02,rand_delta,2,491,0.7365,125500,0
scale_f0.02,rand_delta,2,492,0.7206,125549,0
scale_f0.02,rand_delta,2,493,0.7175,125580,0
scale_f0.02,rand_delta,2,494,0.7238,125642,0
scale_f0.02,rand_delta,2,495,0.7238,125776,0
scale_f0.02,rand_delta,2,496,0.7302,125789,0
scale_f0.02,rand_delta,2,497,0.7460,125814,0
scale_f0.02,rand_delta,2,498,0.7397,125870,0
scale_f0.02,rand_delta,2,499,0.7397,125915,0
scale_f0.02,rand_delta,2,500,0.7492,126515,0
scale_f0.02,rand_delta,2,501,0.7524,126541,0
scale_f0.02,rand_delta,2,502,0.7492,126571,0
scale_f0.02,rand_delta,2,503,0.7556,126610,0
scale_f0.02,rand_delta,2,504,0.7524,126635,0
scale_f0.02,rand_delta,2,505,0.6762,127235,0
scale_f0.02,rand_delta,2,506,0.7175,127285,0
scale_f0.02,rand_delta,2,507,0.7429,127440,0
scale_f0.02,rand_delta,2,508,0.7397,127478,0
scale_f0.02,rand_delta,2,509,0.7556,127573,0
scale_f0.02,rand_delta,2,510,0.7492,127604,0
scale_f0.02,rand_delta,2,511,0.7524,128204,0
scale_f0.02,rand_delta,2,512,0.7651,128804,0
scale_f0.02,rand_delta,2,513,0.7714,129404,0
scale_f0.02,rand_delta,2,514,0.7873,129459,0
scale_f0.02,rand_delta,2,515,0.7873,129508,0
scale_f0.02,rand_delta,2,516,0.7810,129537,0
scale_f0.02,rand_delta,2,517,0.7524,129944,0
scale_f0.02,rand_delta,2,518,0.7619,129975,0
scale_f0.02,rand_delta,2,519,0.7714,130012,0
scale_f0.02,rand_delta,2,520,0.7746,130053,0
scale_f0.02,rand_delta,2,521,0.6921,130653,0
scale_f0.02,rand_delta,2,522,0.7270,131167,0
scale_f0.02,rand_delta,2,523,0.7460,131216,0
scale_f0.02,rand_delta,2,524,0.7492,131238,0
scale_f0.02,rand_delta,2,525,0.7429,131280,0
scale_f0.02,rand_delta,2,526,0.7492,131291,0
scale_f0.02,rand_delta,2,527,0.7143,131891,0
scale_f0.02,rand_delta,2,528,0.7238,131934,0
scale_f0.02,rand_delta,2,529,0.7238,132510,0
scale_f0.02,rand_delta,2,530,0.7429,133110,0
scale_f0.02,rand_delta,2,531,0.7365,133283,0
scale_f0.02,rand_delta,2,532,0.7556,133350,0
scale_f0.02,rand_delta,2,533,0.7556,133375,0
scale_f0.02,rand_delta,2,534,0.7556,133382,0
scale_f0.02,rand_delta,2,535,0.7905,133491,0
scale_f0.02,rand_delta,2,536,0.7873,133531,0
scale_f0.02,rand_delta,2,537,0.7778,134131,0
scale_f0.02,rand_delta,2,538,0.7778,134156,0
scale_f0.02,rand_delta,2,539,0.7778,134192,0
scale_f0.02,rand_delta,2,540,0.7873,134792,0
scale_f0.02,rand_delta,2,541,0.7873,134797,0
scale_f0.02,rand_delta,2,542,0.7841,134821,0
scale_f0.02,rand_delta,2,543,0.7841,134854,0
scale_f0.02,rand_delta,2,544,0.7873,134907,0
scale_f0.02,rand_delta,2,545,0.7841,134926,0
scale_f0.02,rand_delta,2,546,0.8000,134967,0
scale_f0.02,rand_delta,2,547,0.7873,135567,0
scale_f0.02,rand_delta,2,548,0.7651,136167,0
scale_f0.02,rand_delta,2,549,0.7714,136228,0
scale_f0.02,rand_delta,2,550,0.7968,136647,0
scale_f0.02,rand_delta,2,551,0.7905,136670,0
scale_f0.02,rand_delta,2,552,0.7937,136713,0
scale_f0.02,rand_delta,2,553,0.7778,136760,0
scale_f0.02,rand_delta,2,554,0.7778,136811,0
scale_f0.02,rand_delta,2,555,0.7619,136869,0
scale_f0.02,rand_delta,2,556,0.7714,136899,0
scale_f0.02,rand_delta,2,557,0.7746,136910,0
scale_f0.02,rand_delta,2,558,0.7651,137510,0
scale_f0.02,rand_delta,2,559,0.7619,138110,0
scale_f0.02,rand_delta,2,560,0.7841,138164,0
scale_f0.02,rand_delta,2,561,0.7873,138764,0
scale_f0.02,rand_delta,2,562,0.7810,139364,0
scale_f0.02,rand_delta,2,563,0.7937,139416,0
scale_f0.02,rand_delta,2,564,0.7937,139429,0
scale_f0.02,rand_delta,2,565,0.8000,139499,0
scale_f0.02,rand_delta,2,566,0.8000,139531,0
scale_f0.02,rand_delta,2,567,0.7905,139578,0
scale_f0.02,rand_delta,2,568,0.7905,139625,0
scale_f0.02,rand_delta,2,569,0.7810,140098,0
scale_f0.02,rand_delta,2,570,0.7397,140698,0
scale_f0.02,rand_delta,2,571,0.7492,141089,0
scale_f0.02,rand_delta,2,572,0.7302,141689,0
scale_f0.02,rand_delta,2,573,0.7587,142289,0
scale_f0.02,rand_delta,2,574,0.7841,142354,0
scale_f0.02,rand_delta,2,575,0.7873,142435,0
scale_f0.02,rand_delta,2,576,0.7556,143035,0
scale_f0.02,rand_delta,2,577,0.7556,143066,0
scale_f0.02,rand_delta,2,578,0.7587,143118,0
scale_f0.02,rand_delta,2,579,0.7492,143166,0
scale_f0.02,rand_delta,2,580,0.7556,143766,0
scale_f0.02,rand_delta,2,581,0.7556,143767,0
scale_f0.02,rand_delta,2,582,0.7587,143793,0
scale_f0.02,rand_delta,2,583,0.7333,144393,0
scale_f0.02,rand_delta,2,584,0.7556,144434,0
scale_f0.02,rand_delta,2,585,0.7492,144451,0
scale_f0.02,rand_delta,2,586,0.6730,145051,0
scale_f0.02,rand_delta,2,587,0.7048,145093,0
scale_f0.02,rand_delta,2,588,0.7460,145268,0
scale_f0.02,rand_delta,2,589,0.7302,145868,0
scale_f0.02,rand_delta,2,590,0.7587,145946,0
scale_f0.02,rand_delta,2,591,0.7714,146026,0
scale_f0.02,rand_delta,2,592,0.7619,146626,0
scale_f0.02,rand_delta,2,593,0.7302,147226,0
scale_f0.02,rand_delta,2,594,0.7460,147260,0
scale_f0.02,rand_delta,2,595,0.7365,147341,0
scale_f0.02,rand_delta,2,596,0.7587,147571,0
scale_f0.02,rand_delta,2,597,0.7556,147614,0
scale_f0.02,rand_delta,2,598,0.7651,147666,0
scale_f0.02,rand_delta,2,599,0.7651,148266,0
