maze,agent,seed,episode,steps,total_reward,reached_goal
original_26,qlearning,0,0,100,-100.0,False
original_26,qlearning,0,1,100,-100.0,False
original_26,qlearning,0,2,29,-18.0,True
original_26,qlearning,0,3,9,2.0,True
original_26,qlearning,0,4,9,2.0,True
original_26,qlearning,0,5,9,2.0,True
original_26,qlearning,0,6,94,-83.0,True
original_26,qlearning,0,7,11,0.0,True
original_26,qlearning,0,8,64,-53.0,True
original_26,qlearning,0,9,9,2.0,True
original_26,qlearning,0,10,9,2.0,True
original_26,qlearning,0,11,9,2.0,True
original_26,qlearning,0,12,21,-10.0,True
original_26,qlearning,0,13,9,2.0,True
original_26,qlearning,0,14,9,2.0,True
original_26,qlearning,0,15,9,2.0,True
original_26,qlearning,0,16,11,0.0,True
original_26,qlearning,0,17,9,2.0,True
original_26,qlearning,0,18,9,2.0,True
original_26,qlearning,0,19,9,2.0,True
original_26,qlearning,0,20,9,2.0,True
original_26,qlearning,0,21,10,1.0,True
original_26,qlearning,0,22,9,2.0,True
original_26,qlearning,0,23,9,2.0,True
original_26,qlearning,0,24,9,2.0,True
original_26,qlearning,0,25,9,2.0,True
original_26,qlearning,0,26,9,2.0,True
original_26,qlearning,0,27,9,2.0,True
original_26,qlearning,0,28,9,2.0,True
original_26,qlearning,0,29,9,2.0,True
original_26,qlearning,0,30,9,2.0,True
original_26,qlearning,0,31,9,2.0,True
original_26,qlearning,0,32,11,0.0,True
original_26,qlearning,0,33,9,2.0,True
original_26,qlearning,0,34,9,2.0,True
original_26,qlearning,0,35,11,0.0,True
original_26,qlearning,0,36,11,0.0,True
original_26,qlearning,0,37,9,2.0,True
original_26,qlearning,0,38,10,1.0,True
original_26,qlearning,0,39,9,2.0,True
original_26,qlearning,0,40,10,1.0,True
original_26,qlearning,0,41,9,2.0,True
original_26,qlearning,0,42,9,2.0,True
original_26,qlearning,0,43,9,2.0,True
original_26,qlearning,0,44,9,2.0,True
original_26,qlearning,0,45,9,2.0,True
original_26,qlearning,0,46,9,2.0,True
original_26,qlearning,0,47,9,2.0,True
original_26,qlearning,0,48,9,2.0,True
original_26,qlearning,0,49,9,2.0,True
original_26,qlearning,0,50,9,2.0,True
original_26,qlearning,0,51,9,2.0,True
original_26,qlearning,0,52,9,2.0,True
original_26,qlearning,0,53,9,2.0,True
original_26,qlearning,0,54,9,2.0,True
original_26,qlearning,0,55,11,0.0,True
original_26,qlearning,0,56,9,2.0,True
original_26,qlearning,0,57,9,2.0,True
original_26,qlearning,0,58,9,2.0,True
original_26,qlearning,0,59,9,2.0,True
original_26,qlearning,0,60,9,2.0,True
original_26,qlearning,0,61,9,2.0,True
original_26,qlearning,0,62,9,2.0,True
original_26,qlearning,0,63,9,2.0,True
original_26,qlearning,0,64,11,0.0,True
original_26,qlearning,0,65,9,2.0,True
original_26,qlearning,0,66,9,2.0,True
original_26,qlearning,0,67,11,0.0,True
original_26,qlearning,0,68,9,2.0,True
original_26,qlearning,0,69,10,1.0,True
original_26,qlearning,0,70,9,2.0,True
original_26,qlearning,0,71,9,2.0,True
original_26,qlearning,0,72,9,2.0,True
original_26,qlearning,0,73,9,2.0,True
original_26,qlearning,0,74,9,2.0,True
original_26,qlearning,0,75,9,2.0,True
original_26,qlearning,0,76,9,2.0,True
original_26,qlearning,0,77,9,2.0,True
original_26,qlearning,0,78,9,2.0,True
original_26,qlearning,0,79,9,2.0,True
original_26,qlearning,0,80,9,2.0,True
original_26,qlearning,0,81,9,2.0,True
original_26,qlearning,0,82,11,0.0,True
original_26,qlearning,0,83,9,2.0,True
original_26,qlearning,0,84,9,2.0,True
original_26,qlearning,0,85,9,2.0,True
original_26,qlearning,0,86,9,2.0,True
original_26,qlearning,0,87,9,2.0,True
original_26,qlearning,0,88,9,2.0,True
original_26,qlearning,0,89,9,2.0,True
original_26,qlearning,0,90,11,0.0,True
original_26,qlearning,0,91,9,2.0,True
original_26,qlearning,0,92,9,2.0,True
original_26,qlearning,0,93,9,2.0,True
original_26,qlearning,0,94,9,2.0,True
original_26,qlearning,0,95,9,2.0,True
original_26,qlearning,0,96,9,2.0,True
original_26,qlearning,0,97,9,2.0,True
original_26,qlearning,0,98,10,1.0,True
original_26,qlearning,0,99,9,2.0,True
original_26,qlearning,0,100,9,2.0,True
original_26,qlearning,0,101,9,2.0,True
original_26,qlearning,0,102,9,2.0,True
original_26,qlearning,0,103,9,2.0,True
original_26,qlearning,0,104,9,2.0,True
original_26,qlearning,0,105,9,2.0,True
original_26,qlearning,0,106,9,2.0,True
original_26,qlearning,0,107,9,2.0,True
original_26,qlearning,0,108,9,2.0,True
original_26,qlearning,0,109,9,2.0,True
original_26,qlearning,0,110,9,2.0,True
original_26,qlearning,0,111,9,2.0,True
original_26,qlearning,0,112,9,2.0,True
original_26,qlearning,0,113,9,2.0,True
original_26,qlearning,0,114,9,2.0,True
original_26,qlearning,0,115,9,2.0,True
original_26,qlearning,0,116,9,2.0,True
original_26,qlearning,0,117,9,2.0,True
original_26,qlearning,0,118,9,2.0,True
original_26,qlearning,0,119,9,2.0,True
original_26,qlearning,0,120,9,2.0,True
original_26,qlearning,0,121,9,2.0,True
original_26,qlearning,0,122,9,2.0,True
original_26,qlearning,0,123,11,0.0,True
original_26,qlearning,0,124,9,2.0,True
original_26,qlearning,0,125,9,2.0,True
original_26,qlearning,0,126,9,2.0,True
original_26,qlearning,0,127,9,2.0,True
original_26,qlearning,0,128,9,2.0,True
original_26,qlearning,0,129,9,2.0,True
original_26,qlearning,0,130,9,2.0,True
original_26,qlearning,0,131,9,2.0,True
original_26,qlearning,0,132,9,2.0,True
original_26,qlearning,0,133,9,2.0,True
original_26,qlearning,0,134,9,2.0,True
original_26,qlearning,0,135,9,2.0,True
original_26,qlearning,0,136,9,2.0,True
original_26,qlearning,0,137,9,2.0,True
original_26,qlearning,0,138,9,2.0,True
original_26,qlearning,0,139,9,2.0,True
original_26,qlearning,0,140,11,0.0,True
original_26,qlearning,0,141,9,2.0,True
original_26,qlearning,0,142,10,1.0,True
original_26,qlearning,0,143,9,2.0,True
original_26,qlearning,0,144,9,2.0,True
original_26,qlearning,0,145,9,2.0,True
original_26,qlearning,0,146,9,2.0,True
original_26,qlearning,0,147,9,2.0,True
original_26,qlearning,0,148,9,2.0,True
original_26,qlearning,0,149,9,2.0,True
original_26,qlearning,0,150,9,2.0,True
original_26,qlearning,0,151,9,2.0,True
original_26,qlearning,0,152,9,2.0,True
original_26,qlearning,0,153,9,2.0,True
original_26,qlearning,0,154,9,2.0,True
original_26,qlearning,0,155,10,1.0,True
original_26,qlearning,0,156,9,2.0,True
original_26,qlearning,0,157,9,2.0,True
original_26,qlearning,0,158,9,2.0,True
original_26,qlearning,0,159,9,2.0,True
original_26,qlearning,0,160,9,2.0,True
original_26,qlearning,0,161,9,2.0,True
original_26,qlearning,0,162,9,2.0,True
original_26,qlearning,0,163,9,2.0,True
original_26,qlearning,0,164,9,2.0,True
original_26,qlearning,0,165,9,2.0,True
original_26,qlearning,0,166,9,2.0,True
original_26,qlearning,0,167,11,0.0,True
original_26,qlearning,0,168,9,2.0,True
original_26,qlearning,0,169,9,2.0,True
original_26,qlearning,0,170,9,2.0,True
original_26,qlearning,0,171,9,2.0,True
original_26,qlearning,0,172,11,0.0,True
original_26,qlearning,0,173,9,2.0,True
original_26,qlearning,0,174,9,2.0,True
original_26,qlearning,0,175,9,2.0,True
original_26,qlearning,0,176,9,2.0,True
original_26,qlearning,0,177,9,2.0,True
original_26,qlearning,0,178,9,2.0,True
original_26,qlearning,0,179,9,2.0,True
original_26,qlearning,0,180,9,2.0,True
original_26,qlearning,0,181,9,2.0,True
original_26,qlearning,0,182,9,2.0,True
original_26,qlearning,0,183,9,2.0,True
original_26,qlearning,0,184,9,2.0,True
original_26,qlearning,0,185,9,2.0,True
original_26,qlearning,0,186,9,2.0,True
original_26,qlearning,0,187,9,2.0,True
original_26,qlearning,0,188,9,2.0,True
original_26,qlearning,0,189,9,2.0,True
original_26,qlearning,0,190,9,2.0,True
original_26,qlearning,0,191,9,2.0,True
original_26,qlearning,0,192,9,2.0,True
original_26,qlearning,0,193,9,2.0,True
original_26,qlearning,0,194,9,2.0,True
original_26,qlearning,0,195,9,2.0,True
original_26,qlearning,0,196,9,2.0,True
original_26,qlearning,0,197,9,2.0,True
original_26,qlearning,0,198,10,1.0,True
original_26,qlearning,0,199,9,2.0,True
original_26,qlearning,0,200,9,2.0,True
original_26,qlearning,0,201,9,2.0,True
original_26,qlearning,0,202,9,2.0,True
original_26,qlearning,0,203,9,2.0,True
original_26,qlearning,0,204,9,2.0,True
original_26,qlearning,0,205,9,2.0,True
original_26,qlearning,0,206,9,2.0,True
original_26,qlearning,0,207,9,2.0,True
original_26,qlearning,0,208,9,2.0,True
original_26,qlearning,0,209,11,0.0,True
original_26,qlearning,0,210,9,2.0,True
original_26,qlearning,0,211,10,1.0,True
original_26,qlearning,0,212,9,2.0,True
original_26,qlearning,0,213,9,2.0,True
original_26,qlearning,0,214,9,2.0,True
original_26,qlearning,0,215,9,2.0,True
original_26,qlearning,0,216,9,2.0,True
original_26,qlearning,0,217,9,2.0,True
original_26,qlearning,0,218,9,2.0,True
original_26,qlearning,0,219,9,2.0,True
original_26,qlearning,0,220,9,2.0,True
original_26,qlearning,0,221,9,2.0,True
original_26,qlearning,0,222,9,2.0,True
original_26,qlearning,0,223,9,2.0,True
original_26,qlearning,0,224,9,2.0,True
original_26,qlearning,0,225,9,2.0,True
original_26,qlearning,0,226,10,1.0,True
original_26,qlearning,0,227,9,2.0,True
original_26,qlearning,0,228,9,2.0,True
original_26,qlearning,0,229,9,2.0,True
original_26,qlearning,0,230,9,2.0,True
original_26,qlearning,0,231,9,2.0,True
original_26,qlearning,0,232,9,2.0,True
original_26,qlearning,0,233,9,2.0,True
original_26,qlearning,0,234,9,2.0,True
original_26,qlearning,0,235,9,2.0,True
original_26,qlearning,0,236,9,2.0,True
original_26,qlearning,0,237,9,2.0,True
original_26,qlearning,0,238,9,2.0,True
original_26,qlearning,0,239,9,2.0,True
original_26,qlearning,0,240,9,2.0,True
original_26,qlearning,0,241,9,2.0,True
original_26,qlearning,0,242,9,2.0,True
original_26,qlearning,0,243,9,2.0,True
original_26,qlearning,0,244,9,2.0,True
original_26,qlearning,0,245,9,2.0,True
original_26,qlearning,0,246,9,2.0,True
original_26,qlearning,0,247,9,2.0,True
original_26,qlearning,0,248,9,2.0,True
original_26,qlearning,0,249,9,2.0,True
original_26,qlearning,0,250,9,2.0,True
original_26,qlearning,0,251,9,2.0,True
original_26,qlearning,0,252,9,2.0,True
original_26,qlearning,0,253,9,2.0,True
original_26,qlearning,0,254,9,2.0,True
original_26,qlearning,0,255,9,2.0,True
original_26,qlearning,0,256,9,2.0,True
original_26,qlearning,0,257,9,2.0,True
original_26,qlearning,0,258,9,2.0,True
original_26,qlearning,0,259,9,2.0,True
original_26,qlearning,0,260,9,2.0,True
original_26,qlearning,0,261,9,2.0,True
original_26,qlearning,0,262,9,2.0,True
original_26,qlearning,0,263,9,2.0,True
original_26,qlearning,0,264,9,2.0,True
original_26,qlearning,0,265,9,2.0,True
original_26,qlearning,0,266,9,2.0,True
original_26,qlearning,0,267,9,2.0,True
original_26,qlearning,0,268,9,2.0,True
original_26,qlearning,0,269,9,2.0,True
original_26,qlearning,0,270,9,2.0,True
original_26,qlearning,0,271,9,2.0,True
original_26,qlearning,0,272,9,2.0,True
original_26,qlearning,0,273,9,2.0,True
original_26,qlearning,0,274,9,2.0,True
original_26,qlearning,0,275,9,2.0,True
original_26,qlearning,0,276,9,2.0,True
original_26,qlearning,0,277,9,2.0,True
original_26,qlearning,0,278,9,2.0,True
original_26,qlearning,0,279,9,2.0,True
original_26,qlearning,0,280,9,2.0,True
original_26,qlearning,0,281,11,0.0,True
original_26,qlearning,0,282,9,2.0,True
original_26,qlearning,0,283,9,2.0,True
original_26,qlearning,0,284,9,2.0,True
original_26,qlearning,0,285,9,2.0,True
original_26,qlearning,0,286,9,2.0,True
original_26,qlearning,0,287,9,2.0,True
original_26,qlearning,0,288,9,2.0,True
original_26,qlearning,0,289,9,2.0,True
original_26,qlearning,0,290,9,2.0,True
original_26,qlearning,0,291,11,0.0,True
original_26,qlearning,0,292,9,2.0,True
original_26,qlearning,0,293,9,2.0,True
original_26,qlearning,0,294,9,2.0,True
original_26,qlearning,0,295,9,2.0,True
original_26,qlearning,0,296,9,2.0,True
original_26,qlearning,0,297,9,2.0,True
original_26,qlearning,0,298,9,2.0,True
original_26,qlearning,0,299,9,2.0,True
original_26,mlp,0,0,100,-100.0,False
original_26,mlp,0,1,100,-100.0,False
original_26,mlp,0,2,100,-100.0,False
original_26,mlp,0,3,100,-100.0,False
original_26,mlp,0,4,38,-27.0,True
original_26,mlp,0,5,32,-21.0,True
original_26,mlp,0,6,9,2.0,True
original_26,mlp,0,7,11,0.0,True
original_26,mlp,0,8,9,2.0,True
original_26,mlp,0,9,9,2.0,True
original_26,mlp,0,10,20,-9.0,True
original_26,mlp,0,11,100,-100.0,False
original_26,mlp,0,12,28,-17.0,True
original_26,mlp,0,13,15,-4.0,True
original_26,mlp,0,14,10,1.0,True
original_26,mlp,0,15,9,2.0,True
original_26,mlp,0,16,9,2.0,True
original_26,mlp,0,17,10,1.0,True
original_26,mlp,0,18,11,0.0,True
original_26,mlp,0,19,9,2.0,True
original_26,mlp,0,20,9,2.0,True
original_26,mlp,0,21,9,2.0,True
original_26,mlp,0,22,10,1.0,True
original_26,mlp,0,23,9,2.0,True
original_26,mlp,0,24,9,2.0,True
original_26,mlp,0,25,9,2.0,True
original_26,mlp,0,26,9,2.0,True
original_26,mlp,0,27,9,2.0,True
original_26,mlp,0,28,9,2.0,True
original_26,mlp,0,29,9,2.0,True
original_26,mlp,0,30,9,2.0,True
original_26,mlp,0,31,9,2.0,True
original_26,mlp,0,32,9,2.0,True
original_26,mlp,0,33,10,1.0,True
original_26,mlp,0,34,9,2.0,True
original_26,mlp,0,35,100,-100.0,False
original_26,mlp,0,36,16,-5.0,True
original_26,mlp,0,37,11,0.0,True
original_26,mlp,0,38,100,-100.0,False
original_26,mlp,0,39,9,2.0,True
original_26,mlp,0,40,9,2.0,True
original_26,mlp,0,41,9,2.0,True
original_26,mlp,0,42,10,1.0,True
original_26,mlp,0,43,9,2.0,True
original_26,mlp,0,44,9,2.0,True
original_26,mlp,0,45,9,2.0,True
original_26,mlp,0,46,9,2.0,True
original_26,mlp,0,47,9,2.0,True
original_26,mlp,0,48,11,0.0,True
original_26,mlp,0,49,9,2.0,True
original_26,mlp,0,50,9,2.0,True
original_26,mlp,0,51,9,2.0,True
original_26,mlp,0,52,9,2.0,True
original_26,mlp,0,53,9,2.0,True
original_26,mlp,0,54,9,2.0,True
original_26,mlp,0,55,9,2.0,True
original_26,mlp,0,56,9,2.0,True
original_26,mlp,0,57,9,2.0,True
original_26,mlp,0,58,12,-1.0,True
original_26,mlp,0,59,9,2.0,True
original_26,mlp,0,60,17,-6.0,True
original_26,mlp,0,61,10,1.0,True
original_26,mlp,0,62,9,2.0,True
original_26,mlp,0,63,9,2.0,True
original_26,mlp,0,64,10,1.0,True
original_26,mlp,0,65,9,2.0,True
original_26,mlp,0,66,9,2.0,True
original_26,mlp,0,67,9,2.0,True
original_26,mlp,0,68,9,2.0,True
original_26,mlp,0,69,21,-10.0,True
original_26,mlp,0,70,11,0.0,True
original_26,mlp,0,71,9,2.0,True
original_26,mlp,0,72,9,2.0,True
original_26,mlp,0,73,13,-2.0,True
original_26,mlp,0,74,9,2.0,True
original_26,mlp,0,75,10,1.0,True
original_26,mlp,0,76,9,2.0,True
original_26,mlp,0,77,15,-4.0,True
original_26,mlp,0,78,9,2.0,True
original_26,mlp,0,79,9,2.0,True
original_26,mlp,0,80,9,2.0,True
original_26,mlp,0,81,9,2.0,True
original_26,mlp,0,82,17,-6.0,True
original_26,mlp,0,83,9,2.0,True
original_26,mlp,0,84,9,2.0,True
original_26,mlp,0,85,9,2.0,True
original_26,mlp,0,86,9,2.0,True
original_26,mlp,0,87,9,2.0,True
original_26,mlp,0,88,9,2.0,True
original_26,mlp,0,89,9,2.0,True
original_26,mlp,0,90,9,2.0,True
original_26,mlp,0,91,9,2.0,True
original_26,mlp,0,92,9,2.0,True
original_26,mlp,0,93,9,2.0,True
original_26,mlp,0,94,9,2.0,True
original_26,mlp,0,95,9,2.0,True
original_26,mlp,0,96,9,2.0,True
original_26,mlp,0,97,9,2.0,True
original_26,mlp,0,98,9,2.0,True
original_26,mlp,0,99,9,2.0,True
original_26,mlp,0,100,9,2.0,True
original_26,mlp,0,101,9,2.0,True
original_26,mlp,0,102,9,2.0,True
original_26,mlp,0,103,9,2.0,True
original_26,mlp,0,104,9,2.0,True
original_26,mlp,0,105,9,2.0,True
original_26,mlp,0,106,9,2.0,True
original_26,mlp,0,107,9,2.0,True
original_26,mlp,0,108,9,2.0,True
original_26,mlp,0,109,9,2.0,True
original_26,mlp,0,110,9,2.0,True
original_26,mlp,0,111,9,2.0,True
original_26,mlp,0,112,11,0.0,True
original_26,mlp,0,113,9,2.0,True
original_26,mlp,0,114,10,1.0,True
original_26,mlp,0,115,14,-3.0,True
original_26,mlp,0,116,9,2.0,True
original_26,mlp,0,117,9,2.0,True
original_26,mlp,0,118,9,2.0,True
original_26,mlp,0,119,9,2.0,True
original_26,mlp,0,120,9,2.0,True
original_26,mlp,0,121,9,2.0,True
original_26,mlp,0,122,11,0.0,True
original_26,mlp,0,123,9,2.0,True
original_26,mlp,0,124,9,2.0,True
original_26,mlp,0,125,20,-9.0,True
original_26,mlp,0,126,16,-5.0,True
original_26,mlp,0,127,9,2.0,True
original_26,mlp,0,128,9,2.0,True
original_26,mlp,0,129,9,2.0,True
original_26,mlp,0,130,9,2.0,True
original_26,mlp,0,131,9,2.0,True
original_26,mlp,0,132,9,2.0,True
original_26,mlp,0,133,9,2.0,True
original_26,mlp,0,134,9,2.0,True
original_26,mlp,0,135,9,2.0,True
original_26,mlp,0,136,9,2.0,True
original_26,mlp,0,137,9,2.0,True
original_26,mlp,0,138,9,2.0,True
original_26,mlp,0,139,9,2.0,True
original_26,mlp,0,140,9,2.0,True
original_26,mlp,0,141,9,2.0,True
original_26,mlp,0,142,9,2.0,True
original_26,mlp,0,143,9,2.0,True
original_26,mlp,0,144,9,2.0,True
original_26,mlp,0,145,9,2.0,True
original_26,mlp,0,146,10,1.0,True
original_26,mlp,0,147,9,2.0,True
original_26,mlp,0,148,9,2.0,True
original_26,mlp,0,149,9,2.0,True
original_26,mlp,0,150,9,2.0,True
original_26,mlp,0,151,9,2.0,True
original_26,mlp,0,152,9,2.0,True
original_26,mlp,0,153,9,2.0,True
original_26,mlp,0,154,9,2.0,True
original_26,mlp,0,155,9,2.0,True
original_26,mlp,0,156,9,2.0,True
original_26,mlp,0,157,9,2.0,True
original_26,mlp,0,158,9,2.0,True
original_26,mlp,0,159,9,2.0,True
original_26,mlp,0,160,9,2.0,True
original_26,mlp,0,161,9,2.0,True
original_26,mlp,0,162,9,2.0,True
original_26,mlp,0,163,9,2.0,True
original_26,mlp,0,164,9,2.0,True
original_26,mlp,0,165,9,2.0,True
original_26,mlp,0,166,9,2.0,True
original_26,mlp,0,167,9,2.0,True
original_26,mlp,0,168,9,2.0,True
original_26,mlp,0,169,9,2.0,True
original_26,mlp,0,170,9,2.0,True
original_26,mlp,0,171,9,2.0,True
original_26,mlp,0,172,9,2.0,True
original_26,mlp,0,173,9,2.0,True
original_26,mlp,0,174,9,2.0,True
original_26,mlp,0,175,9,2.0,True
original_26,mlp,0,176,9,2.0,True
original_26,mlp,0,177,9,2.0,True
original_26,mlp,0,178,9,2.0,True
original_26,mlp,0,179,9,2.0,True
original_26,mlp,0,180,9,2.0,True
original_26,mlp,0,181,9,2.0,True
original_26,mlp,0,182,9,2.0,True
original_26,mlp,0,183,9,2.0,True
original_26,mlp,0,184,9,2.0,True
original_26,mlp,0,185,9,2.0,True
original_26,mlp,0,186,9,2.0,True
original_26,mlp,0,187,9,2.0,True
original_26,mlp,0,188,9,2.0,True
original_26,mlp,0,189,9,2.0,True
original_26,mlp,0,190,9,2.0,True
original_26,mlp,0,191,9,2.0,True
original_26,mlp,0,192,9,2.0,True
original_26,mlp,0,193,9,2.0,True
original_26,mlp,0,194,9,2.0,True
original_26,mlp,0,195,9,2.0,True
original_26,mlp,0,196,9,2.0,True
original_26,mlp,0,197,9,2.0,True
original_26,mlp,0,198,9,2.0,True
original_26,mlp,0,199,9,2.0,True
original_26,mlp,0,200,9,2.0,True
original_26,mlp,0,201,9,2.0,True
original_26,mlp,0,202,9,2.0,True
original_26,mlp,0,203,9,2.0,True
original_26,mlp,0,204,9,2.0,True
original_26,mlp,0,205,9,2.0,True
original_26,mlp,0,206,9,2.0,True
original_26,mlp,0,207,9,2.0,True
original_26,mlp,0,208,9,2.0,True
original_26,mlp,0,209,9,2.0,True
original_26,mlp,0,210,9,2.0,True
original_26,mlp,0,211,9,2.0,True
original_26,mlp,0,212,9,2.0,True
original_26,mlp,0,213,9,2.0,True
original_26,mlp,0,214,9,2.0,True
original_26,mlp,0,215,9,2.0,True
original_26,mlp,0,216,9,2.0,True
original_26,mlp,0,217,9,2.0,True
original_26,mlp,0,218,9,2.0,True
original_26,mlp,0,219,9,2.0,True
original_26,mlp,0,220,9,2.0,True
original_26,mlp,0,221,9,2.0,True
original_26,mlp,0,222,9,2.0,True
original_26,mlp,0,223,9,2.0,True
original_26,mlp,0,224,9,2.0,True
original_26,mlp,0,225,9,2.0,True
original_26,mlp,0,226,9,2.0,True
original_26,mlp,0,227,9,2.0,True
original_26,mlp,0,228,9,2.0,True
original_26,mlp,0,229,9,2.0,True
original_26,mlp,0,230,9,2.0,True
original_26,mlp,0,231,9,2.0,True
original_26,mlp,0,232,9,2.0,True
original_26,mlp,0,233,9,2.0,True
original_26,mlp,0,234,9,2.0,True
original_26,mlp,0,235,9,2.0,True
original_26,mlp,0,236,9,2.0,True
original_26,mlp,0,237,9,2.0,True
original_26,mlp,0,238,9,2.0,True
original_26,mlp,0,239,9,2.0,True
original_26,mlp,0,240,9,2.0,True
original_26,mlp,0,241,9,2.0,True
original_26,mlp,0,242,9,2.0,True
original_26,mlp,0,243,9,2.0,True
original_26,mlp,0,244,9,2.0,True
original_26,mlp,0,245,10,1.0,True
original_26,mlp,0,246,9,2.0,True
original_26,mlp,0,247,9,2.0,True
original_26,mlp,0,248,9,2.0,True
original_26,mlp,0,249,9,2.0,True
original_26,mlp,0,250,9,2.0,True
original_26,mlp,0,251,9,2.0,True
original_26,mlp,0,252,9,2.0,True
original_26,mlp,0,253,9,2.0,True
original_26,mlp,0,254,11,0.0,True
original_26,mlp,0,255,9,2.0,True
original_26,mlp,0,256,9,2.0,True
original_26,mlp,0,257,9,2.0,True
original_26,mlp,0,258,9,2.0,True
original_26,mlp,0,259,9,2.0,True
original_26,mlp,0,260,11,0.0,True
original_26,mlp,0,261,9,2.0,True
original_26,mlp,0,262,9,2.0,True
original_26,mlp,0,263,9,2.0,True
original_26,mlp,0,264,9,2.0,True
original_26,mlp,0,265,9,2.0,True
original_26,mlp,0,266,9,2.0,True
original_26,mlp,0,267,9,2.0,True
original_26,mlp,0,268,9,2.0,True
original_26,mlp,0,269,9,2.0,True
original_26,mlp,0,270,9,2.0,True
original_26,mlp,0,271,9,2.0,True
original_26,mlp,0,272,9,2.0,True
original_26,mlp,0,273,9,2.0,True
original_26,mlp,0,274,9,2.0,True
original_26,mlp,0,275,9,2.0,True
original_26,mlp,0,276,9,2.0,True
original_26,mlp,0,277,9,2.0,True
original_26,mlp,0,278,9,2.0,True
original_26,mlp,0,279,9,2.0,True
original_26,mlp,0,280,10,1.0,True
original_26,mlp,0,281,9,2.0,True
original_26,mlp,0,282,9,2.0,True
original_26,mlp,0,283,10,1.0,True
original_26,mlp,0,284,9,2.0,True
original_26,mlp,0,285,9,2.0,True
original_26,mlp,0,286,9,2.0,True
original_26,mlp,0,287,9,2.0,True
original_26,mlp,0,288,9,2.0,True
original_26,mlp,0,289,9,2.0,True
original_26,mlp,0,290,9,2.0,True
original_26,mlp,0,291,9,2.0,True
original_26,mlp,0,292,9,2.0,True
original_26,mlp,0,293,9,2.0,True
original_26,mlp,0,294,9,2.0,True
original_26,mlp,0,295,9,2.0,True
original_26,mlp,0,296,10,1.0,True
original_26,mlp,0,297,9,2.0,True
original_26,mlp,0,298,9,2.0,True
original_26,mlp,0,299,9,2.0,True
original_26,connectome,0,0,100,-100.0,False
original_26,connectome,0,1,100,-100.0,False
original_26,connectome,0,2,96,-85.0,True
original_26,connectome,0,3,9,2.0,True
original_26,connectome,0,4,9,2.0,True
original_26,connectome,0,5,9,2.0,True
original_26,connectome,0,6,24,-13.0,True
original_26,connectome,0,7,11,0.0,True
original_26,connectome,0,8,9,2.0,True
original_26,connectome,0,9,9,2.0,True
original_26,connectome,0,10,10,1.0,True
original_26,connectome,0,11,9,2.0,True
original_26,connectome,0,12,9,2.0,True
original_26,connectome,0,13,14,-3.0,True
original_26,connectome,0,14,9,2.0,True
original_26,connectome,0,15,9,2.0,True
original_26,connectome,0,16,10,1.0,True
original_26,connectome,0,17,9,2.0,True
original_26,connectome,0,18,9,2.0,True
original_26,connectome,0,19,9,2.0,True
original_26,connectome,0,20,9,2.0,True
original_26,connectome,0,21,11,0.0,True
original_26,connectome,0,22,9,2.0,True
original_26,connectome,0,23,9,2.0,True
original_26,connectome,0,24,9,2.0,True
original_26,connectome,0,25,9,2.0,True
original_26,connectome,0,26,9,2.0,True
original_26,connectome,0,27,9,2.0,True
original_26,connectome,0,28,9,2.0,True
original_26,connectome,0,29,9,2.0,True
original_26,connectome,0,30,9,2.0,True
original_26,connectome,0,31,9,2.0,True
original_26,connectome,0,32,9,2.0,True
original_26,connectome,0,33,10,1.0,True
original_26,connectome,0,34,9,2.0,True
original_26,connectome,0,35,9,2.0,True
original_26,connectome,0,36,12,-1.0,True
original_26,connectome,0,37,9,2.0,True
original_26,connectome,0,38,9,2.0,True
original_26,connectome,0,39,11,0.0,True
original_26,connectome,0,40,9,2.0,True
original_26,connectome,0,41,9,2.0,True
original_26,connectome,0,42,9,2.0,True
original_26,connectome,0,43,10,1.0,True
original_26,connectome,0,44,9,2.0,True
original_26,connectome,0,45,9,2.0,True
original_26,connectome,0,46,9,2.0,True
original_26,connectome,0,47,9,2.0,True
original_26,connectome,0,48,9,2.0,True
original_26,connectome,0,49,9,2.0,True
original_26,connectome,0,50,9,2.0,True
original_26,connectome,0,51,9,2.0,True
original_26,connectome,0,52,9,2.0,True
original_26,connectome,0,53,9,2.0,True
original_26,connectome,0,54,9,2.0,True
original_26,connectome,0,55,9,2.0,True
original_26,connectome,0,56,9,2.0,True
original_26,connectome,0,57,9,2.0,True
original_26,connectome,0,58,9,2.0,True
original_26,connectome,0,59,9,2.0,True
original_26,connectome,0,60,9,2.0,True
original_26,connectome,0,61,10,1.0,True
original_26,connectome,0,62,9,2.0,True
original_26,connectome,0,63,9,2.0,True
original_26,connectome,0,64,10,1.0,True
original_26,connectome,0,65,10,1.0,True
original_26,connectome,0,66,9,2.0,True
original_26,connectome,0,67,9,2.0,True
original_26,connectome,0,68,11,0.0,True
original_26,connectome,0,69,9,2.0,True
original_26,connectome,0,70,11,0.0,True
original_26,connectome,0,71,9,2.0,True
original_26,connectome,0,72,9,2.0,True
original_26,connectome,0,73,9,2.0,True
original_26,connectome,0,74,9,2.0,True
original_26,connectome,0,75,9,2.0,True
original_26,connectome,0,76,9,2.0,True
original_26,connectome,0,77,9,2.0,True
original_26,connectome,0,78,9,2.0,True
original_26,connectome,0,79,9,2.0,True
original_26,connectome,0,80,9,2.0,True
original_26,connectome,0,81,9,2.0,True
original_26,connectome,0,82,9,2.0,True
original_26,connectome,0,83,13,-2.0,True
original_26,connectome,0,84,9,2.0,True
original_26,connectome,0,85,9,2.0,True
original_26,connectome,0,86,9,2.0,True
original_26,connectome,0,87,9,2.0,True
original_26,connectome,0,88,9,2.0,True
original_26,connectome,0,89,10,1.0,True
original_26,connectome,0,90,9,2.0,True
original_26,connectome,0,91,12,-1.0,True
original_26,connectome,0,92,9,2.0,True
original_26,connectome,0,93,9,2.0,True
original_26,connectome,0,94,9,2.0,True
original_26,connectome,0,95,9,2.0,True
original_26,connectome,0,96,9,2.0,True
original_26,connectome,0,97,9,2.0,True
original_26,connectome,0,98,11,0.0,True
original_26,connectome,0,99,10,1.0,True
original_26,connectome,0,100,9,2.0,True
original_26,connectome,0,101,9,2.0,True
original_26,connectome,0,102,9,2.0,True
original_26,connectome,0,103,9,2.0,True
original_26,connectome,0,104,9,2.0,True
original_26,connectome,0,105,9,2.0,True
original_26,connectome,0,106,9,2.0,True
original_26,connectome,0,107,9,2.0,True
original_26,connectome,0,108,9,2.0,True
original_26,connectome,0,109,9,2.0,True
original_26,connectome,0,110,9,2.0,True
original_26,connectome,0,111,9,2.0,True
original_26,connectome,0,112,9,2.0,True
original_26,connectome,0,113,9,2.0,True
original_26,connectome,0,114,9,2.0,True
original_26,connectome,0,115,9,2.0,True
original_26,connectome,0,116,9,2.0,True
original_26,connectome,0,117,9,2.0,True
original_26,connectome,0,118,9,2.0,True
original_26,connectome,0,119,9,2.0,True
original_26,connectome,0,120,9,2.0,True
original_26,connectome,0,121,9,2.0,True
original_26,connectome,0,122,9,2.0,True
original_26,connectome,0,123,11,0.0,True
original_26,connectome,0,124,9,2.0,True
original_26,connectome,0,125,9,2.0,True
original_26,connectome,0,126,9,2.0,True
original_26,connectome,0,127,9,2.0,True
original_26,connectome,0,128,9,2.0,True
original_26,connectome,0,129,9,2.0,True
original_26,connectome,0,130,9,2.0,True
original_26,connectome,0,131,9,2.0,True
original_26,connectome,0,132,9,2.0,True
original_26,connectome,0,133,9,2.0,True
original_26,connectome,0,134,9,2.0,True
original_26,connectome,0,135,9,2.0,True
original_26,connectome,0,136,9,2.0,True
original_26,connectome,0,137,9,2.0,True
original_26,connectome,0,138,9,2.0,True
original_26,connectome,0,139,9,2.0,True
original_26,connectome,0,140,9,2.0,True
original_26,connectome,0,141,9,2.0,True
original_26,connectome,0,142,11,0.0,True
original_26,connectome,0,143,9,2.0,True
original_26,connectome,0,144,9,2.0,True
original_26,connectome,0,145,9,2.0,True
original_26,connectome,0,146,9,2.0,True
original_26,connectome,0,147,9,2.0,True
original_26,connectome,0,148,9,2.0,True
original_26,connectome,0,149,9,2.0,True
original_26,connectome,0,150,9,2.0,True
original_26,connectome,0,151,9,2.0,True
original_26,connectome,0,152,9,2.0,True
original_26,connectome,0,153,9,2.0,True
original_26,connectome,0,154,9,2.0,True
original_26,connectome,0,155,9,2.0,True
original_26,connectome,0,156,9,2.0,True
original_26,connectome,0,157,9,2.0,True
original_26,connectome,0,158,9,2.0,True
original_26,connectome,0,159,9,2.0,True
original_26,connectome,0,160,9,2.0,True
original_26,connectome,0,161,9,2.0,True
original_26,connectome,0,162,9,2.0,True
original_26,connectome,0,163,9,2.0,True
original_26,connectome,0,164,9,2.0,True
original_26,connectome,0,165,9,2.0,True
original_26,connectome,0,166,9,2.0,True
original_26,connectome,0,167,11,0.0,True
original_26,connectome,0,168,9,2.0,True
original_26,connectome,0,169,9,2.0,True
original_26,connectome,0,170,9,2.0,True
original_26,connectome,0,171,9,2.0,True
original_26,connectome,0,172,9,2.0,True
original_26,connectome,0,173,9,2.0,True
original_26,connectome,0,174,9,2.0,True
original_26,connectome,0,175,9,2.0,True
original_26,connectome,0,176,9,2.0,True
original_26,connectome,0,177,9,2.0,True
original_26,connectome,0,178,9,2.0,True
original_26,connectome,0,179,9,2.0,True
original_26,connectome,0,180,9,2.0,True
original_26,connectome,0,181,10,1.0,True
original_26,connectome,0,182,9,2.0,True
original_26,connectome,0,183,9,2.0,True
original_26,connectome,0,184,9,2.0,True
original_26,connectome,0,185,9,2.0,True
original_26,connectome,0,186,9,2.0,True
original_26,connectome,0,187,9,2.0,True
original_26,connectome,0,188,9,2.0,True
original_26,connectome,0,189,9,2.0,True
original_26,connectome,0,190,9,2.0,True
original_26,connectome,0,191,9,2.0,True
original_26,connectome,0,192,31,-20.0,True
original_26,connectome,0,193,9,2.0,True
original_26,connectome,0,194,9,2.0,True
original_26,connectome,0,195,9,2.0,True
original_26,connectome,0,196,9,2.0,True
original_26,connectome,0,197,9,2.0,True
original_26,connectome,0,198,9,2.0,True
original_26,connectome,0,199,9,2.0,True
original_26,connectome,0,200,9,2.0,True
original_26,connectome,0,201,9,2.0,True
original_26,connectome,0,202,9,2.0,True
original_26,connectome,0,203,9,2.0,True
original_26,connectome,0,204,9,2.0,True
original_26,connectome,0,205,9,2.0,True
original_26,connectome,0,206,9,2.0,True
original_26,connectome,0,207,9,2.0,True
original_26,connectome,0,208,9,2.0,True
original_26,connectome,0,209,9,2.0,True
original_26,connectome,0,210,9,2.0,True
original_26,connectome,0,211,9,2.0,True
original_26,connectome,0,212,9,2.0,True
original_26,connectome,0,213,9,2.0,True
original_26,connectome,0,214,9,2.0,True
original_26,connectome,0,215,9,2.0,True
original_26,connectome,0,216,9,2.0,True
original_26,connectome,0,217,9,2.0,True
original_26,connectome,0,218,9,2.0,True
original_26,connectome,0,219,9,2.0,True
original_26,connectome,0,220,9,2.0,True
original_26,connectome,0,221,9,2.0,True
original_26,connectome,0,222,9,2.0,True
original_26,connectome,0,223,9,2.0,True
original_26,connectome,0,224,9,2.0,True
original_26,connectome,0,225,9,2.0,True
original_26,connectome,0,226,9,2.0,True
original_26,connectome,0,227,10,1.0,True
original_26,connectome,0,228,9,2.0,True
original_26,connectome,0,229,9,2.0,True
original_26,connectome,0,230,9,2.0,True
original_26,connectome,0,231,9,2.0,True
original_26,connectome,0,232,9,2.0,True
original_26,connectome,0,233,9,2.0,True
original_26,connectome,0,234,9,2.0,True
original_26,connectome,0,235,9,2.0,True
original_26,connectome,0,236,9,2.0,True
original_26,connectome,0,237,9,2.0,True
original_26,connectome,0,238,9,2.0,True
original_26,connectome,0,239,9,2.0,True
original_26,connectome,0,240,9,2.0,True
original_26,connectome,0,241,9,2.0,True
original_26,connectome,0,242,9,2.0,True
original_26,connectome,0,243,9,2.0,True
original_26,connectome,0,244,9,2.0,True
original_26,connectome,0,245,9,2.0,True
original_26,connectome,0,246,9,2.0,True
original_26,connectome,0,247,9,2.0,True
original_26,connectome,0,248,9,2.0,True
original_26,connectome,0,249,9,2.0,True
original_26,connectome,0,250,9,2.0,True
original_26,connectome,0,251,11,0.0,True
original_26,connectome,0,252,9,2.0,True
original_26,connectome,0,253,9,2.0,True
original_26,connectome,0,254,9,2.0,True
original_26,connectome,0,255,9,2.0,True
original_26,connectome,0,256,9,2.0,True
original_26,connectome,0,257,9,2.0,True
original_26,connectome,0,258,9,2.0,True
original_26,connectome,0,259,9,2.0,True
original_26,connectome,0,260,9,2.0,True
original_26,connectome,0,261,9,2.0,True
original_26,connectome,0,262,9,2.0,True
original_26,connectome,0,263,9,2.0,True
original_26,connectome,0,264,9,2.0,True
original_26,connectome,0,265,9,2.0,True
original_26,connectome,0,266,10,1.0,True
original_26,connectome,0,267,9,2.0,True
original_26,connectome,0,268,9,2.0,True
original_26,connectome,0,269,9,2.0,True
original_26,connectome,0,270,9,2.0,True
original_26,connectome,0,271,9,2.0,True
original_26,connectome,0,272,9,2.0,True
original_26,connectome,0,273,9,2.0,True
original_26,connectome,0,274,9,2.0,True
original_26,connectome,0,275,9,2.0,True
original_26,connectome,0,276,9,2.0,True
original_26,connectome,0,277,9,2.0,True
original_26,connectome,0,278,9,2.0,True
original_26,connectome,0,279,9,2.0,True
original_26,connectome,0,280,9,2.0,True
original_26,connectome,0,281,9,2.0,True
original_26,connectome,0,282,10,1.0,True
original_26,connectome,0,283,9,2.0,True
original_26,connectome,0,284,9,2.0,True
original_26,connectome,0,285,9,2.0,True
original_26,connectome,0,286,9,2.0,True
original_26,connectome,0,287,9,2.0,True
original_26,connectome,0,288,9,2.0,True
original_26,connectome,0,289,9,2.0,True
original_26,connectome,0,290,9,2.0,True
original_26,connectome,0,291,9,2.0,True
original_26,connectome,0,292,9,2.0,True
original_26,connectome,0,293,9,2.0,True
original_26,connectome,0,294,9,2.0,True
original_26,connectome,0,295,9,2.0,True
original_26,connectome,0,296,9,2.0,True
original_26,connectome,0,297,9,2.0,True
original_26,connectome,0,298,9,2.0,True
original_26,connectome,0,299,9,2.0,True
original_26,qlearning,1,0,100,-100.0,False
original_26,qlearning,1,1,100,-100.0,False
original_26,qlearning,1,2,23,-12.0,True
original_26,qlearning,1,3,9,2.0,True
original_26,qlearning,1,4,9,2.0,True
original_26,qlearning,1,5,9,2.0,True
original_26,qlearning,1,6,9,2.0,True
original_26,qlearning,1,7,73,-62.0,True
original_26,qlearning,1,8,9,2.0,True
original_26,qlearning,1,9,10,1.0,True
original_26,qlearning,1,10,10,1.0,True
original_26,qlearning,1,11,9,2.0,True
original_26,qlearning,1,12,9,2.0,True
original_26,qlearning,1,13,9,2.0,True
original_26,qlearning,1,14,9,2.0,True
original_26,qlearning,1,15,9,2.0,True
original_26,qlearning,1,16,9,2.0,True
original_26,qlearning,1,17,9,2.0,True
original_26,qlearning,1,18,9,2.0,True
original_26,qlearning,1,19,9,2.0,True
original_26,qlearning,1,20,9,2.0,True
original_26,qlearning,1,21,94,-83.0,True
original_26,qlearning,1,22,9,2.0,True
original_26,qlearning,1,23,9,2.0,True
original_26,qlearning,1,24,9,2.0,True
original_26,qlearning,1,25,10,1.0,True
original_26,qlearning,1,26,10,1.0,True
original_26,qlearning,1,27,10,1.0,True
original_26,qlearning,1,28,9,2.0,True
original_26,qlearning,1,29,10,1.0,True
original_26,qlearning,1,30,9,2.0,True
original_26,qlearning,1,31,10,1.0,True
original_26,qlearning,1,32,9,2.0,True
original_26,qlearning,1,33,9,2.0,True
original_26,qlearning,1,34,9,2.0,True
original_26,qlearning,1,35,10,1.0,True
original_26,qlearning,1,36,9,2.0,True
original_26,qlearning,1,37,9,2.0,True
original_26,qlearning,1,38,9,2.0,True
original_26,qlearning,1,39,10,1.0,True
original_26,qlearning,1,40,9,2.0,True
original_26,qlearning,1,41,9,2.0,True
original_26,qlearning,1,42,9,2.0,True
original_26,qlearning,1,43,9,2.0,True
original_26,qlearning,1,44,9,2.0,True
original_26,qlearning,1,45,31,-20.0,True
original_26,qlearning,1,46,9,2.0,True
original_26,qlearning,1,47,9,2.0,True
original_26,qlearning,1,48,9,2.0,True
original_26,qlearning,1,49,9,2.0,True
original_26,qlearning,1,50,9,2.0,True
original_26,qlearning,1,51,9,2.0,True
original_26,qlearning,1,52,12,-1.0,True
original_26,qlearning,1,53,9,2.0,True
original_26,qlearning,1,54,10,1.0,True
original_26,qlearning,1,55,9,2.0,True
original_26,qlearning,1,56,9,2.0,True
original_26,qlearning,1,57,9,2.0,True
original_26,qlearning,1,58,9,2.0,True
original_26,qlearning,1,59,9,2.0,True
original_26,qlearning,1,60,9,2.0,True
original_26,qlearning,1,61,9,2.0,True
original_26,qlearning,1,62,9,2.0,True
original_26,qlearning,1,63,9,2.0,True
original_26,qlearning,1,64,9,2.0,True
original_26,qlearning,1,65,9,2.0,True
original_26,qlearning,1,66,9,2.0,True
original_26,qlearning,1,67,9,2.0,True
original_26,qlearning,1,68,9,2.0,True
original_26,qlearning,1,69,9,2.0,True
original_26,qlearning,1,70,9,2.0,True
original_26,qlearning,1,71,9,2.0,True
original_26,qlearning,1,72,9,2.0,True
original_26,qlearning,1,73,9,2.0,True
original_26,qlearning,1,74,9,2.0,True
original_26,qlearning,1,75,9,2.0,True
original_26,qlearning,1,76,9,2.0,True
original_26,qlearning,1,77,9,2.0,True
original_26,qlearning,1,78,9,2.0,True
original_26,qlearning,1,79,9,2.0,True
original_26,qlearning,1,80,9,2.0,True
original_26,qlearning,1,81,9,2.0,True
original_26,qlearning,1,82,9,2.0,True
original_26,qlearning,1,83,9,2.0,True
original_26,qlearning,1,84,11,0.0,True
original_26,qlearning,1,85,9,2.0,True
original_26,qlearning,1,86,11,0.0,True
original_26,qlearning,1,87,9,2.0,True
original_26,qlearning,1,88,9,2.0,True
original_26,qlearning,1,89,10,1.0,True
original_26,qlearning,1,90,9,2.0,True
original_26,qlearning,1,91,9,2.0,True
original_26,qlearning,1,92,9,2.0,True
original_26,qlearning,1,93,9,2.0,True
original_26,qlearning,1,94,9,2.0,True
original_26,qlearning,1,95,9,2.0,True
original_26,qlearning,1,96,9,2.0,True
original_26,qlearning,1,97,11,0.0,True
original_26,qlearning,1,98,9,2.0,True
original_26,qlearning,1,99,9,2.0,True
original_26,qlearning,1,100,9,2.0,True
original_26,qlearning,1,101,9,2.0,True
original_26,qlearning,1,102,9,2.0,True
original_26,qlearning,1,103,9,2.0,True
original_26,qlearning,1,104,9,2.0,True
original_26,qlearning,1,105,9,2.0,True
original_26,qlearning,1,106,9,2.0,True
original_26,qlearning,1,107,9,2.0,True
original_26,qlearning,1,108,9,2.0,True
original_26,qlearning,1,109,9,2.0,True
original_26,qlearning,1,110,9,2.0,True
original_26,qlearning,1,111,9,2.0,True
original_26,qlearning,1,112,9,2.0,True
original_26,qlearning,1,113,9,2.0,True
original_26,qlearning,1,114,9,2.0,True
original_26,qlearning,1,115,9,2.0,True
original_26,qlearning,1,116,9,2.0,True
original_26,qlearning,1,117,9,2.0,True
original_26,qlearning,1,118,9,2.0,True
original_26,qlearning,1,119,9,2.0,True
original_26,qlearning,1,120,9,2.0,True
original_26,qlearning,1,121,9,2.0,True
original_26,qlearning,1,122,9,2.0,True
original_26,qlearning,1,123,9,2.0,True
original_26,qlearning,1,124,9,2.0,True
original_26,qlearning,1,125,9,2.0,True
original_26,qlearning,1,126,9,2.0,True
original_26,qlearning,1,127,9,2.0,True
original_26,qlearning,1,128,9,2.0,True
original_26,qlearning,1,129,9,2.0,True
original_26,qlearning,1,130,9,2.0,True
original_26,qlearning,1,131,9,2.0,True
original_26,qlearning,1,132,9,2.0,True
original_26,qlearning,1,133,9,2.0,True
original_26,qlearning,1,134,9,2.0,True
original_26,qlearning,1,135,9,2.0,True
original_26,qlearning,1,136,9,2.0,True
original_26,qlearning,1,137,9,2.0,True
original_26,qlearning,1,138,9,2.0,True
original_26,qlearning,1,139,9,2.0,True
original_26,qlearning,1,140,9,2.0,True
original_26,qlearning,1,141,9,2.0,True
original_26,qlearning,1,142,9,2.0,True
original_26,qlearning,1,143,9,2.0,True
original_26,qlearning,1,144,11,0.0,True
original_26,qlearning,1,145,10,1.0,True
original_26,qlearning,1,146,9,2.0,True
original_26,qlearning,1,147,9,2.0,True
original_26,qlearning,1,148,9,2.0,True
original_26,qlearning,1,149,9,2.0,True
original_26,qlearning,1,150,9,2.0,True
original_26,qlearning,1,151,9,2.0,True
original_26,qlearning,1,152,9,2.0,True
original_26,qlearning,1,153,9,2.0,True
original_26,qlearning,1,154,9,2.0,True
original_26,qlearning,1,155,9,2.0,True
original_26,qlearning,1,156,9,2.0,True
original_26,qlearning,1,157,9,2.0,True
original_26,qlearning,1,158,9,2.0,True
original_26,qlearning,1,159,9,2.0,True
original_26,qlearning,1,160,9,2.0,True
original_26,qlearning,1,161,9,2.0,True
original_26,qlearning,1,162,9,2.0,True
original_26,qlearning,1,163,9,2.0,True
original_26,qlearning,1,164,11,0.0,True
original_26,qlearning,1,165,11,0.0,True
original_26,qlearning,1,166,9,2.0,True
original_26,qlearning,1,167,9,2.0,True
original_26,qlearning,1,168,9,2.0,True
original_26,qlearning,1,169,9,2.0,True
original_26,qlearning,1,170,9,2.0,True
original_26,qlearning,1,171,11,0.0,True
original_26,qlearning,1,172,9,2.0,True
original_26,qlearning,1,173,9,2.0,True
original_26,qlearning,1,174,9,2.0,True
original_26,qlearning,1,175,9,2.0,True
original_26,qlearning,1,176,9,2.0,True
original_26,qlearning,1,177,9,2.0,True
original_26,qlearning,1,178,9,2.0,True
original_26,qlearning,1,179,9,2.0,True
original_26,qlearning,1,180,9,2.0,True
original_26,qlearning,1,181,9,2.0,True
original_26,qlearning,1,182,9,2.0,True
original_26,qlearning,1,183,9,2.0,True
original_26,qlearning,1,184,9,2.0,True
original_26,qlearning,1,185,9,2.0,True
original_26,qlearning,1,186,9,2.0,True
original_26,qlearning,1,187,11,0.0,True
original_26,qlearning,1,188,9,2.0,True
original_26,qlearning,1,189,9,2.0,True
original_26,qlearning,1,190,9,2.0,True
original_26,qlearning,1,191,9,2.0,True
original_26,qlearning,1,192,9,2.0,True
original_26,qlearning,1,193,9,2.0,True
original_26,qlearning,1,194,9,2.0,True
original_26,qlearning,1,195,9,2.0,True
original_26,qlearning,1,196,9,2.0,True
original_26,qlearning,1,197,9,2.0,True
original_26,qlearning,1,198,9,2.0,True
original_26,qlearning,1,199,9,2.0,True
original_26,qlearning,1,200,9,2.0,True
original_26,qlearning,1,201,9,2.0,True
original_26,qlearning,1,202,9,2.0,True
original_26,qlearning,1,203,9,2.0,True
original_26,qlearning,1,204,9,2.0,True
original_26,qlearning,1,205,9,2.0,True
original_26,qlearning,1,206,9,2.0,True
original_26,qlearning,1,207,9,2.0,True
original_26,qlearning,1,208,9,2.0,True
original_26,qlearning,1,209,9,2.0,True
original_26,qlearning,1,210,9,2.0,True
original_26,qlearning,1,211,9,2.0,True
original_26,qlearning,1,212,9,2.0,True
original_26,qlearning,1,213,9,2.0,True
original_26,qlearning,1,214,9,2.0,True
original_26,qlearning,1,215,9,2.0,True
original_26,qlearning,1,216,9,2.0,True
original_26,qlearning,1,217,9,2.0,True
original_26,qlearning,1,218,9,2.0,True
original_26,qlearning,1,219,9,2.0,True
original_26,qlearning,1,220,9,2.0,True
original_26,qlearning,1,221,9,2.0,True
original_26,qlearning,1,222,9,2.0,True
original_26,qlearning,1,223,9,2.0,True
original_26,qlearning,1,224,9,2.0,True
original_26,qlearning,1,225,9,2.0,True
original_26,qlearning,1,226,9,2.0,True
original_26,qlearning,1,227,9,2.0,True
original_26,qlearning,1,228,9,2.0,True
original_26,qlearning,1,229,9,2.0,True
original_26,qlearning,1,230,10,1.0,True
original_26,qlearning,1,231,9,2.0,True
original_26,qlearning,1,232,9,2.0,True
original_26,qlearning,1,233,9,2.0,True
original_26,qlearning,1,234,9,2.0,True
original_26,qlearning,1,235,9,2.0,True
original_26,qlearning,1,236,9,2.0,True
original_26,qlearning,1,237,9,2.0,True
original_26,qlearning,1,238,9,2.0,True
original_26,qlearning,1,239,9,2.0,True
original_26,qlearning,1,240,9,2.0,True
original_26,qlearning,1,241,9,2.0,True
original_26,qlearning,1,242,9,2.0,True
original_26,qlearning,1,243,9,2.0,True
original_26,qlearning,1,244,9,2.0,True
original_26,qlearning,1,245,9,2.0,True
original_26,qlearning,1,246,9,2.0,True
original_26,qlearning,1,247,9,2.0,True
original_26,qlearning,1,248,9,2.0,True
original_26,qlearning,1,249,9,2.0,True
original_26,qlearning,1,250,9,2.0,True
original_26,qlearning,1,251,9,2.0,True
original_26,qlearning,1,252,9,2.0,True
original_26,qlearning,1,253,9,2.0,True
original_26,qlearning,1,254,9,2.0,True
original_26,qlearning,1,255,9,2.0,True
original_26,qlearning,1,256,9,2.0,True
original_26,qlearning,1,257,9,2.0,True
original_26,qlearning,1,258,9,2.0,True
original_26,qlearning,1,259,9,2.0,True
original_26,qlearning,1,260,9,2.0,True
original_26,qlearning,1,261,9,2.0,True
original_26,qlearning,1,262,9,2.0,True
original_26,qlearning,1,263,9,2.0,True
original_26,qlearning,1,264,9,2.0,True
original_26,qlearning,1,265,9,2.0,True
original_26,qlearning,1,266,9,2.0,True
original_26,qlearning,1,267,9,2.0,True
original_26,qlearning,1,268,9,2.0,True
original_26,qlearning,1,269,9,2.0,True
original_26,qlearning,1,270,9,2.0,True
original_26,qlearning,1,271,9,2.0,True
original_26,qlearning,1,272,9,2.0,True
original_26,qlearning,1,273,9,2.0,True
original_26,qlearning,1,274,9,2.0,True
original_26,qlearning,1,275,9,2.0,True
original_26,qlearning,1,276,10,1.0,True
original_26,qlearning,1,277,9,2.0,True
original_26,qlearning,1,278,9,2.0,True
original_26,qlearning,1,279,9,2.0,True
original_26,qlearning,1,280,9,2.0,True
original_26,qlearning,1,281,9,2.0,True
original_26,qlearning,1,282,9,2.0,True
original_26,qlearning,1,283,9,2.0,True
original_26,qlearning,1,284,9,2.0,True
original_26,qlearning,1,285,9,2.0,True
original_26,qlearning,1,286,11,0.0,True
original_26,qlearning,1,287,9,2.0,True
original_26,qlearning,1,288,9,2.0,True
original_26,qlearning,1,289,9,2.0,True
original_26,qlearning,1,290,9,2.0,True
original_26,qlearning,1,291,9,2.0,True
original_26,qlearning,1,292,9,2.0,True
original_26,qlearning,1,293,9,2.0,True
original_26,qlearning,1,294,9,2.0,True
original_26,qlearning,1,295,9,2.0,True
original_26,qlearning,1,296,9,2.0,True
original_26,qlearning,1,297,9,2.0,True
original_26,qlearning,1,298,9,2.0,True
original_26,qlearning,1,299,9,2.0,True
original_26,mlp,1,0,100,-100.0,False
original_26,mlp,1,1,100,-100.0,False
original_26,mlp,1,2,100,-100.0,False
original_26,mlp,1,3,100,-100.0,False
original_26,mlp,1,4,41,-30.0,True
original_26,mlp,1,5,9,2.0,True
original_26,mlp,1,6,9,2.0,True
original_26,mlp,1,7,21,-10.0,True
original_26,mlp,1,8,13,-2.0,True
original_26,mlp,1,9,9,2.0,True
original_26,mlp,1,10,11,0.0,True
original_26,mlp,1,11,9,2.0,True
original_26,mlp,1,12,100,-100.0,False
original_26,mlp,1,13,22,-11.0,True
original_26,mlp,1,14,14,-3.0,True
original_26,mlp,1,15,9,2.0,True
original_26,mlp,1,16,24,-13.0,True
original_26,mlp,1,17,100,-100.0,False
original_26,mlp,1,18,11,0.0,True
original_26,mlp,1,19,18,-7.0,True
original_26,mlp,1,20,12,-1.0,True
original_26,mlp,1,21,9,2.0,True
original_26,mlp,1,22,9,2.0,True
original_26,mlp,1,23,11,0.0,True
original_26,mlp,1,24,9,2.0,True
original_26,mlp,1,25,9,2.0,True
original_26,mlp,1,26,10,1.0,True
original_26,mlp,1,27,16,-5.0,True
original_26,mlp,1,28,9,2.0,True
original_26,mlp,1,29,9,2.0,True
original_26,mlp,1,30,10,1.0,True
original_26,mlp,1,31,9,2.0,True
original_26,mlp,1,32,9,2.0,True
original_26,mlp,1,33,12,-1.0,True
original_26,mlp,1,34,32,-21.0,True
original_26,mlp,1,35,15,-4.0,True
original_26,mlp,1,36,11,0.0,True
original_26,mlp,1,37,11,0.0,True
original_26,mlp,1,38,10,1.0,True
original_26,mlp,1,39,9,2.0,True
original_26,mlp,1,40,65,-54.0,True
original_26,mlp,1,41,9,2.0,True
original_26,mlp,1,42,9,2.0,True
original_26,mlp,1,43,9,2.0,True
original_26,mlp,1,44,9,2.0,True
original_26,mlp,1,45,14,-3.0,True
original_26,mlp,1,46,11,0.0,True
original_26,mlp,1,47,9,2.0,True
original_26,mlp,1,48,11,0.0,True
original_26,mlp,1,49,9,2.0,True
original_26,mlp,1,50,9,2.0,True
original_26,mlp,1,51,9,2.0,True
original_26,mlp,1,52,9,2.0,True
original_26,mlp,1,53,13,-2.0,True
original_26,mlp,1,54,9,2.0,True
original_26,mlp,1,55,9,2.0,True
original_26,mlp,1,56,11,0.0,True
original_26,mlp,1,57,9,2.0,True
original_26,mlp,1,58,9,2.0,True
original_26,mlp,1,59,10,1.0,True
original_26,mlp,1,60,9,2.0,True
original_26,mlp,1,61,9,2.0,True
original_26,mlp,1,62,9,2.0,True
original_26,mlp,1,63,9,2.0,True
original_26,mlp,1,64,9,2.0,True
original_26,mlp,1,65,9,2.0,True
original_26,mlp,1,66,9,2.0,True
original_26,mlp,1,67,9,2.0,True
original_26,mlp,1,68,9,2.0,True
original_26,mlp,1,69,9,2.0,True
original_26,mlp,1,70,9,2.0,True
original_26,mlp,1,71,9,2.0,True
original_26,mlp,1,72,9,2.0,True
original_26,mlp,1,73,9,2.0,True
original_26,mlp,1,74,9,2.0,True
original_26,mlp,1,75,9,2.0,True
original_26,mlp,1,76,9,2.0,True
original_26,mlp,1,77,9,2.0,True
original_26,mlp,1,78,9,2.0,True
original_26,mlp,1,79,9,2.0,True
original_26,mlp,1,80,9,2.0,True
original_26,mlp,1,81,9,2.0,True
original_26,mlp,1,82,11,0.0,True
original_26,mlp,1,83,9,2.0,True
original_26,mlp,1,84,9,2.0,True
original_26,mlp,1,85,9,2.0,True
original_26,mlp,1,86,9,2.0,True
original_26,mlp,1,87,9,2.0,True
original_26,mlp,1,88,9,2.0,True
original_26,mlp,1,89,9,2.0,True
original_26,mlp,1,90,9,2.0,True
original_26,mlp,1,91,9,2.0,True
original_26,mlp,1,92,9,2.0,True
original_26,mlp,1,93,9,2.0,True
original_26,mlp,1,94,9,2.0,True
original_26,mlp,1,95,9,2.0,True
original_26,mlp,1,96,9,2.0,True
original_26,mlp,1,97,9,2.0,True
original_26,mlp,1,98,10,1.0,True
original_26,mlp,1,99,9,2.0,True
original_26,mlp,1,100,9,2.0,True
original_26,mlp,1,101,9,2.0,True
original_26,mlp,1,102,9,2.0,True
original_26,mlp,1,103,9,2.0,True
original_26,mlp,1,104,9,2.0,True
original_26,mlp,1,105,9,2.0,True
original_26,mlp,1,106,11,0.0,True
original_26,mlp,1,107,9,2.0,True
original_26,mlp,1,108,9,2.0,True
original_26,mlp,1,109,9,2.0,True
original_26,mlp,1,110,9,2.0,True
original_26,mlp,1,111,9,2.0,True
original_26,mlp,1,112,9,2.0,True
original_26,mlp,1,113,9,2.0,True
original_26,mlp,1,114,9,2.0,True
original_26,mlp,1,115,9,2.0,True
original_26,mlp,1,116,9,2.0,True
original_26,mlp,1,117,9,2.0,True
original_26,mlp,1,118,9,2.0,True
original_26,mlp,1,119,9,2.0,True
original_26,mlp,1,120,9,2.0,True
original_26,mlp,1,121,9,2.0,True
original_26,mlp,1,122,9,2.0,True
original_26,mlp,1,123,9,2.0,True
original_26,mlp,1,124,9,2.0,True
original_26,mlp,1,125,9,2.0,True
original_26,mlp,1,126,9,2.0,True
original_26,mlp,1,127,9,2.0,True
original_26,mlp,1,128,9,2.0,True
original_26,mlp,1,129,9,2.0,True
original_26,mlp,1,130,9,2.0,True
original_26,mlp,1,131,9,2.0,True
original_26,mlp,1,132,9,2.0,True
original_26,mlp,1,133,9,2.0,True
original_26,mlp,1,134,9,2.0,True
original_26,mlp,1,135,9,2.0,True
original_26,mlp,1,136,9,2.0,True
original_26,mlp,1,137,9,2.0,True
original_26,mlp,1,138,9,2.0,True
original_26,mlp,1,139,11,0.0,True
original_26,mlp,1,140,9,2.0,True
original_26,mlp,1,141,9,2.0,True
original_26,mlp,1,142,9,2.0,True
original_26,mlp,1,143,9,2.0,True
original_26,mlp,1,144,9,2.0,True
original_26,mlp,1,145,9,2.0,True
original_26,mlp,1,146,9,2.0,True
original_26,mlp,1,147,9,2.0,True
original_26,mlp,1,148,9,2.0,True
original_26,mlp,1,149,9,2.0,True
original_26,mlp,1,150,9,2.0,True
original_26,mlp,1,151,9,2.0,True
original_26,mlp,1,152,9,2.0,True
original_26,mlp,1,153,9,2.0,True
original_26,mlp,1,154,9,2.0,True
original_26,mlp,1,155,9,2.0,True
original_26,mlp,1,156,9,2.0,True
original_26,mlp,1,157,9,2.0,True
original_26,mlp,1,158,9,2.0,True
original_26,mlp,1,159,9,2.0,True
original_26,mlp,1,160,9,2.0,True
original_26,mlp,1,161,9,2.0,True
original_26,mlp,1,162,9,2.0,True
original_26,mlp,1,163,9,2.0,True
original_26,mlp,1,164,9,2.0,True
original_26,mlp,1,165,9,2.0,True
original_26,mlp,1,166,9,2.0,True
original_26,mlp,1,167,10,1.0,True
original_26,mlp,1,168,9,2.0,True
original_26,mlp,1,169,9,2.0,True
original_26,mlp,1,170,9,2.0,True
original_26,mlp,1,171,9,2.0,True
original_26,mlp,1,172,9,2.0,True
original_26,mlp,1,173,9,2.0,True
original_26,mlp,1,174,9,2.0,True
original_26,mlp,1,175,9,2.0,True
original_26,mlp,1,176,10,1.0,True
original_26,mlp,1,177,9,2.0,True
original_26,mlp,1,178,9,2.0,True
original_26,mlp,1,179,9,2.0,True
original_26,mlp,1,180,9,2.0,True
original_26,mlp,1,181,9,2.0,True
original_26,mlp,1,182,9,2.0,True
original_26,mlp,1,183,9,2.0,True
original_26,mlp,1,184,9,2.0,True
original_26,mlp,1,185,9,2.0,True
original_26,mlp,1,186,9,2.0,True
original_26,mlp,1,187,9,2.0,True
original_26,mlp,1,188,9,2.0,True
original_26,mlp,1,189,9,2.0,True
original_26,mlp,1,190,9,2.0,True
original_26,mlp,1,191,9,2.0,True
original_26,mlp,1,192,9,2.0,True
original_26,mlp,1,193,9,2.0,True
original_26,mlp,1,194,9,2.0,True
original_26,mlp,1,195,9,2.0,True
original_26,mlp,1,196,9,2.0,True
original_26,mlp,1,197,9,2.0,True
original_26,mlp,1,198,11,0.0,True
original_26,mlp,1,199,9,2.0,True
original_26,mlp,1,200,9,2.0,True
original_26,mlp,1,201,9,2.0,True
original_26,mlp,1,202,9,2.0,True
original_26,mlp,1,203,9,2.0,True
original_26,mlp,1,204,9,2.0,True
original_26,mlp,1,205,9,2.0,True
original_26,mlp,1,206,9,2.0,True
original_26,mlp,1,207,9,2.0,True
original_26,mlp,1,208,9,2.0,True
original_26,mlp,1,209,9,2.0,True
original_26,mlp,1,210,9,2.0,True
original_26,mlp,1,211,9,2.0,True
original_26,mlp,1,212,9,2.0,True
original_26,mlp,1,213,9,2.0,True
original_26,mlp,1,214,9,2.0,True
original_26,mlp,1,215,9,2.0,True
original_26,mlp,1,216,9,2.0,True
original_26,mlp,1,217,9,2.0,True
original_26,mlp,1,218,9,2.0,True
original_26,mlp,1,219,9,2.0,True
original_26,mlp,1,220,9,2.0,True
original_26,mlp,1,221,9,2.0,True
original_26,mlp,1,222,9,2.0,True
original_26,mlp,1,223,9,2.0,True
original_26,mlp,1,224,9,2.0,True
original_26,mlp,1,225,9,2.0,True
original_26,mlp,1,226,9,2.0,True
original_26,mlp,1,227,9,2.0,True
original_26,mlp,1,228,9,2.0,True
original_26,mlp,1,229,9,2.0,True
original_26,mlp,1,230,9,2.0,True
original_26,mlp,1,231,11,0.0,True
original_26,mlp,1,232,9,2.0,True
original_26,mlp,1,233,9,2.0,True
original_26,mlp,1,234,9,2.0,True
original_26,mlp,1,235,9,2.0,True
original_26,mlp,1,236,9,2.0,True
original_26,mlp,1,237,9,2.0,True
original_26,mlp,1,238,9,2.0,True
original_26,mlp,1,239,9,2.0,True
original_26,mlp,1,240,9,2.0,True
original_26,mlp,1,241,9,2.0,True
original_26,mlp,1,242,9,2.0,True
original_26,mlp,1,243,9,2.0,True
original_26,mlp,1,244,9,2.0,True
original_26,mlp,1,245,9,2.0,True
original_26,mlp,1,246,9,2.0,True
original_26,mlp,1,247,9,2.0,True
original_26,mlp,1,248,9,2.0,True
original_26,mlp,1,249,9,2.0,True
original_26,mlp,1,250,9,2.0,True
original_26,mlp,1,251,9,2.0,True
original_26,mlp,1,252,9,2.0,True
original_26,mlp,1,253,9,2.0,True
original_26,mlp,1,254,9,2.0,True
original_26,mlp,1,255,9,2.0,True
original_26,mlp,1,256,9,2.0,True
original_26,mlp,1,257,9,2.0,True
original_26,mlp,1,258,9,2.0,True
original_26,mlp,1,259,9,2.0,True
original_26,mlp,1,260,9,2.0,True
original_26,mlp,1,261,9,2.0,True
original_26,mlp,1,262,9,2.0,True
original_26,mlp,1,263,9,2.0,True
original_26,mlp,1,264,9,2.0,True
original_26,mlp,1,265,9,2.0,True
original_26,mlp,1,266,10,1.0,True
original_26,mlp,1,267,9,2.0,True
original_26,mlp,1,268,9,2.0,True
original_26,mlp,1,269,9,2.0,True
original_26,mlp,1,270,9,2.0,True
original_26,mlp,1,271,9,2.0,True
original_26,mlp,1,272,9,2.0,True
original_26,mlp,1,273,9,2.0,True
original_26,mlp,1,274,9,2.0,True
original_26,mlp,1,275,9,2.0,True
original_26,mlp,1,276,9,2.0,True
original_26,mlp,1,277,10,1.0,True
original_26,mlp,1,278,9,2.0,True
original_26,mlp,1,279,9,2.0,True
original_26,mlp,1,280,9,2.0,True
original_26,mlp,1,281,9,2.0,True
original_26,mlp,1,282,9,2.0,True
original_26,mlp,1,283,9,2.0,True
original_26,mlp,1,284,9,2.0,True
original_26,mlp,1,285,9,2.0,True
original_26,mlp,1,286,9,2.0,True
original_26,mlp,1,287,9,2.0,True
original_26,mlp,1,288,9,2.0,True
original_26,mlp,1,289,9,2.0,True
original_26,mlp,1,290,9,2.0,True
original_26,mlp,1,291,9,2.0,True
original_26,mlp,1,292,9,2.0,True
original_26,mlp,1,293,9,2.0,True
original_26,mlp,1,294,9,2.0,True
original_26,mlp,1,295,9,2.0,True
original_26,mlp,1,296,9,2.0,True
original_26,mlp,1,297,9,2.0,True
original_26,mlp,1,298,9,2.0,True
original_26,mlp,1,299,9,2.0,True
original_26,connectome,1,0,100,-100.0,False
original_26,connectome,1,1,100,-100.0,False
original_26,connectome,1,2,82,-71.0,True
original_26,connectome,1,3,9,2.0,True
original_26,connectome,1,4,9,2.0,True
original_26,connectome,1,5,10,1.0,True
original_26,connectome,1,6,9,2.0,True
original_26,connectome,1,7,11,0.0,True
original_26,connectome,1,8,9,2.0,True
original_26,connectome,1,9,11,0.0,True
original_26,connectome,1,10,9,2.0,True
original_26,connectome,1,11,31,-20.0,True
original_26,connectome,1,12,9,2.0,True
original_26,connectome,1,13,9,2.0,True
original_26,connectome,1,14,9,2.0,True
original_26,connectome,1,15,9,2.0,True
original_26,connectome,1,16,9,2.0,True
original_26,connectome,1,17,9,2.0,True
original_26,connectome,1,18,9,2.0,True
original_26,connectome,1,19,10,1.0,True
original_26,connectome,1,20,9,2.0,True
original_26,connectome,1,21,10,1.0,True
original_26,connectome,1,22,9,2.0,True
original_26,connectome,1,23,9,2.0,True
original_26,connectome,1,24,11,0.0,True
original_26,connectome,1,25,10,1.0,True
original_26,connectome,1,26,11,0.0,True
original_26,connectome,1,27,11,0.0,True
original_26,connectome,1,28,11,0.0,True
original_26,connectome,1,29,9,2.0,True
original_26,connectome,1,30,10,1.0,True
original_26,connectome,1,31,9,2.0,True
original_26,connectome,1,32,9,2.0,True
original_26,connectome,1,33,9,2.0,True
original_26,connectome,1,34,11,0.0,True
original_26,connectome,1,35,9,2.0,True
original_26,connectome,1,36,9,2.0,True
original_26,connectome,1,37,9,2.0,True
original_26,connectome,1,38,10,1.0,True
original_26,connectome,1,39,9,2.0,True
original_26,connectome,1,40,9,2.0,True
original_26,connectome,1,41,9,2.0,True
original_26,connectome,1,42,9,2.0,True
original_26,connectome,1,43,9,2.0,True
original_26,connectome,1,44,9,2.0,True
original_26,connectome,1,45,9,2.0,True
original_26,connectome,1,46,9,2.0,True
original_26,connectome,1,47,9,2.0,True
original_26,connectome,1,48,9,2.0,True
original_26,connectome,1,49,9,2.0,True
original_26,connectome,1,50,9,2.0,True
original_26,connectome,1,51,12,-1.0,True
original_26,connectome,1,52,9,2.0,True
original_26,connectome,1,53,10,1.0,True
original_26,connectome,1,54,9,2.0,True
original_26,connectome,1,55,9,2.0,True
original_26,connectome,1,56,9,2.0,True
original_26,connectome,1,57,9,2.0,True
original_26,connectome,1,58,9,2.0,True
original_26,connectome,1,59,9,2.0,True
original_26,connectome,1,60,9,2.0,True
original_26,connectome,1,61,9,2.0,True
original_26,connectome,1,62,9,2.0,True
original_26,connectome,1,63,9,2.0,True
original_26,connectome,1,64,9,2.0,True
original_26,connectome,1,65,9,2.0,True
original_26,connectome,1,66,9,2.0,True
original_26,connectome,1,67,9,2.0,True
original_26,connectome,1,68,9,2.0,True
original_26,connectome,1,69,9,2.0,True
original_26,connectome,1,70,9,2.0,True
original_26,connectome,1,71,9,2.0,True
original_26,connectome,1,72,9,2.0,True
original_26,connectome,1,73,9,2.0,True
original_26,connectome,1,74,9,2.0,True
original_26,connectome,1,75,9,2.0,True
original_26,connectome,1,76,9,2.0,True
original_26,connectome,1,77,9,2.0,True
original_26,connectome,1,78,9,2.0,True
original_26,connectome,1,79,9,2.0,True
original_26,connectome,1,80,9,2.0,True
original_26,connectome,1,81,9,2.0,True
original_26,connectome,1,82,9,2.0,True
original_26,connectome,1,83,11,0.0,True
original_26,connectome,1,84,9,2.0,True
original_26,connectome,1,85,11,0.0,True
original_26,connectome,1,86,10,1.0,True
original_26,connectome,1,87,9,2.0,True
original_26,connectome,1,88,10,1.0,True
original_26,connectome,1,89,9,2.0,True
original_26,connectome,1,90,9,2.0,True
original_26,connectome,1,91,9,2.0,True
original_26,connectome,1,92,9,2.0,True
original_26,connectome,1,93,9,2.0,True
original_26,connectome,1,94,9,2.0,True
original_26,connectome,1,95,9,2.0,True
original_26,connectome,1,96,10,1.0,True
original_26,connectome,1,97,9,2.0,True
original_26,connectome,1,98,9,2.0,True
original_26,connectome,1,99,9,2.0,True
original_26,connectome,1,100,9,2.0,True
original_26,connectome,1,101,9,2.0,True
original_26,connectome,1,102,9,2.0,True
original_26,connectome,1,103,9,2.0,True
original_26,connectome,1,104,9,2.0,True
original_26,connectome,1,105,9,2.0,True
original_26,connectome,1,106,9,2.0,True
original_26,connectome,1,107,9,2.0,True
original_26,connectome,1,108,9,2.0,True
original_26,connectome,1,109,9,2.0,True
original_26,connectome,1,110,9,2.0,True
original_26,connectome,1,111,9,2.0,True
original_26,connectome,1,112,9,2.0,True
original_26,connectome,1,113,9,2.0,True
original_26,connectome,1,114,9,2.0,True
original_26,connectome,1,115,9,2.0,True
original_26,connectome,1,116,9,2.0,True
original_26,connectome,1,117,9,2.0,True
original_26,connectome,1,118,9,2.0,True
original_26,connectome,1,119,9,2.0,True
original_26,connectome,1,120,9,2.0,True
original_26,connectome,1,121,9,2.0,True
original_26,connectome,1,122,9,2.0,True
original_26,connectome,1,123,9,2.0,True
original_26,connectome,1,124,9,2.0,True
original_26,connectome,1,125,9,2.0,True
original_26,connectome,1,126,9,2.0,True
original_26,connectome,1,127,9,2.0,True
original_26,connectome,1,128,9,2.0,True
original_26,connectome,1,129,9,2.0,True
original_26,connectome,1,130,9,2.0,True
original_26,connectome,1,131,9,2.0,True
original_26,connectome,1,132,9,2.0,True
original_26,connectome,1,133,9,2.0,True
original_26,connectome,1,134,9,2.0,True
original_26,connectome,1,135,9,2.0,True
original_26,connectome,1,136,9,2.0,True
original_26,connectome,1,137,9,2.0,True
original_26,connectome,1,138,9,2.0,True
original_26,connectome,1,139,9,2.0,True
original_26,connectome,1,140,9,2.0,True
original_26,connectome,1,141,9,2.0,True
original_26,connectome,1,142,9,2.0,True
original_26,connectome,1,143,11,0.0,True
original_26,connectome,1,144,10,1.0,True
original_26,connectome,1,145,9,2.0,True
original_26,connectome,1,146,9,2.0,True
original_26,connectome,1,147,9,2.0,True
original_26,connectome,1,148,9,2.0,True
original_26,connectome,1,149,9,2.0,True
original_26,connectome,1,150,9,2.0,True
original_26,connectome,1,151,9,2.0,True
original_26,connectome,1,152,9,2.0,True
original_26,connectome,1,153,9,2.0,True
original_26,connectome,1,154,9,2.0,True
original_26,connectome,1,155,9,2.0,True
original_26,connectome,1,156,9,2.0,True
original_26,connectome,1,157,9,2.0,True
original_26,connectome,1,158,9,2.0,True
original_26,connectome,1,159,9,2.0,True
original_26,connectome,1,160,9,2.0,True
original_26,connectome,1,161,9,2.0,True
original_26,connectome,1,162,9,2.0,True
original_26,connectome,1,163,11,0.0,True
original_26,connectome,1,164,9,2.0,True
original_26,connectome,1,165,9,2.0,True
original_26,connectome,1,166,9,2.0,True
original_26,connectome,1,167,9,2.0,True
original_26,connectome,1,168,9,2.0,True
original_26,connectome,1,169,9,2.0,True
original_26,connectome,1,170,10,1.0,True
original_26,connectome,1,171,9,2.0,True
original_26,connectome,1,172,9,2.0,True
original_26,connectome,1,173,9,2.0,True
original_26,connectome,1,174,9,2.0,True
original_26,connectome,1,175,9,2.0,True
original_26,connectome,1,176,9,2.0,True
original_26,connectome,1,177,9,2.0,True
original_26,connectome,1,178,9,2.0,True
original_26,connectome,1,179,9,2.0,True
original_26,connectome,1,180,9,2.0,True
original_26,connectome,1,181,9,2.0,True
original_26,connectome,1,182,9,2.0,True
original_26,connectome,1,183,9,2.0,True
original_26,connectome,1,184,9,2.0,True
original_26,connectome,1,185,9,2.0,True
original_26,connectome,1,186,9,2.0,True
original_26,connectome,1,187,9,2.0,True
original_26,connectome,1,188,9,2.0,True
original_26,connectome,1,189,9,2.0,True
original_26,connectome,1,190,9,2.0,True
original_26,connectome,1,191,9,2.0,True
original_26,connectome,1,192,9,2.0,True
original_26,connectome,1,193,9,2.0,True
original_26,connectome,1,194,9,2.0,True
original_26,connectome,1,195,9,2.0,True
original_26,connectome,1,196,9,2.0,True
original_26,connectome,1,197,9,2.0,True
original_26,connectome,1,198,9,2.0,True
original_26,connectome,1,199,9,2.0,True
original_26,connectome,1,200,9,2.0,True
original_26,connectome,1,201,9,2.0,True
original_26,connectome,1,202,9,2.0,True
original_26,connectome,1,203,9,2.0,True
original_26,connectome,1,204,9,2.0,True
original_26,connectome,1,205,9,2.0,True
original_26,connectome,1,206,9,2.0,True
original_26,connectome,1,207,9,2.0,True
original_26,connectome,1,208,9,2.0,True
original_26,connectome,1,209,9,2.0,True
original_26,connectome,1,210,9,2.0,True
original_26,connectome,1,211,9,2.0,True
original_26,connectome,1,212,9,2.0,True
original_26,connectome,1,213,9,2.0,True
original_26,connectome,1,214,9,2.0,True
original_26,connectome,1,215,9,2.0,True
original_26,connectome,1,216,9,2.0,True
original_26,connectome,1,217,9,2.0,True
original_26,connectome,1,218,9,2.0,True
original_26,connectome,1,219,9,2.0,True
original_26,connectome,1,220,9,2.0,True
original_26,connectome,1,221,9,2.0,True
original_26,connectome,1,222,9,2.0,True
original_26,connectome,1,223,9,2.0,True
original_26,connectome,1,224,9,2.0,True
original_26,connectome,1,225,9,2.0,True
original_26,connectome,1,226,9,2.0,True
original_26,connectome,1,227,9,2.0,True
original_26,connectome,1,228,9,2.0,True
original_26,connectome,1,229,11,0.0,True
original_26,connectome,1,230,9,2.0,True
original_26,connectome,1,231,9,2.0,True
original_26,connectome,1,232,9,2.0,True
original_26,connectome,1,233,9,2.0,True
original_26,connectome,1,234,9,2.0,True
original_26,connectome,1,235,9,2.0,True
original_26,connectome,1,236,9,2.0,True
original_26,connectome,1,237,9,2.0,True
original_26,connectome,1,238,9,2.0,True
original_26,connectome,1,239,9,2.0,True
original_26,connectome,1,240,9,2.0,True
original_26,connectome,1,241,9,2.0,True
original_26,connectome,1,242,9,2.0,True
original_26,connectome,1,243,9,2.0,True
original_26,connectome,1,244,9,2.0,True
original_26,connectome,1,245,9,2.0,True
original_26,connectome,1,246,9,2.0,True
original_26,connectome,1,247,9,2.0,True
original_26,connectome,1,248,9,2.0,True
original_26,connectome,1,249,9,2.0,True
original_26,connectome,1,250,9,2.0,True
original_26,connectome,1,251,9,2.0,True
original_26,connectome,1,252,9,2.0,True
original_26,connectome,1,253,9,2.0,True
original_26,connectome,1,254,9,2.0,True
original_26,connectome,1,255,9,2.0,True
original_26,connectome,1,256,9,2.0,True
original_26,connectome,1,257,9,2.0,True
original_26,connectome,1,258,9,2.0,True
original_26,connectome,1,259,9,2.0,True
original_26,connectome,1,260,9,2.0,True
original_26,connectome,1,261,9,2.0,True
original_26,connectome,1,262,9,2.0,True
original_26,connectome,1,263,9,2.0,True
original_26,connectome,1,264,9,2.0,True
original_26,connectome,1,265,9,2.0,True
original_26,connectome,1,266,9,2.0,True
original_26,connectome,1,267,9,2.0,True
original_26,connectome,1,268,9,2.0,True
original_26,connectome,1,269,9,2.0,True
original_26,connectome,1,270,9,2.0,True
original_26,connectome,1,271,9,2.0,True
original_26,connectome,1,272,9,2.0,True
original_26,connectome,1,273,9,2.0,True
original_26,connectome,1,274,9,2.0,True
original_26,connectome,1,275,11,0.0,True
original_26,connectome,1,276,9,2.0,True
original_26,connectome,1,277,9,2.0,True
original_26,connectome,1,278,9,2.0,True
original_26,connectome,1,279,9,2.0,True
original_26,connectome,1,280,9,2.0,True
original_26,connectome,1,281,9,2.0,True
original_26,connectome,1,282,9,2.0,True
original_26,connectome,1,283,9,2.0,True
original_26,connectome,1,284,9,2.0,True
original_26,connectome,1,285,9,2.0,True
original_26,connectome,1,286,11,0.0,True
original_26,connectome,1,287,9,2.0,True
original_26,connectome,1,288,9,2.0,True
original_26,connectome,1,289,9,2.0,True
original_26,connectome,1,290,9,2.0,True
original_26,connectome,1,291,9,2.0,True
original_26,connectome,1,292,9,2.0,True
original_26,connectome,1,293,9,2.0,True
original_26,connectome,1,294,9,2.0,True
original_26,connectome,1,295,9,2.0,True
original_26,connectome,1,296,9,2.0,True
original_26,connectome,1,297,9,2.0,True
original_26,connectome,1,298,9,2.0,True
original_26,connectome,1,299,11,0.0,True
original_26,qlearning,2,0,100,-100.0,False
original_26,qlearning,2,1,100,-100.0,False
original_26,qlearning,2,2,24,-13.0,True
original_26,qlearning,2,3,9,2.0,True
original_26,qlearning,2,4,9,2.0,True
original_26,qlearning,2,5,9,2.0,True
original_26,qlearning,2,6,9,2.0,True
original_26,qlearning,2,7,65,-54.0,True
original_26,qlearning,2,8,10,1.0,True
original_26,qlearning,2,9,9,2.0,True
original_26,qlearning,2,10,13,-2.0,True
original_26,qlearning,2,11,11,0.0,True
original_26,qlearning,2,12,10,1.0,True
original_26,qlearning,2,13,9,2.0,True
original_26,qlearning,2,14,9,2.0,True
original_26,qlearning,2,15,11,0.0,True
original_26,qlearning,2,16,9,2.0,True
original_26,qlearning,2,17,9,2.0,True
original_26,qlearning,2,18,9,2.0,True
original_26,qlearning,2,19,9,2.0,True
original_26,qlearning,2,20,10,1.0,True
original_26,qlearning,2,21,9,2.0,True
original_26,qlearning,2,22,10,1.0,True
original_26,qlearning,2,23,9,2.0,True
original_26,qlearning,2,24,9,2.0,True
original_26,qlearning,2,25,9,2.0,True
original_26,qlearning,2,26,9,2.0,True
original_26,qlearning,2,27,9,2.0,True
original_26,qlearning,2,28,9,2.0,True
original_26,qlearning,2,29,10,1.0,True
original_26,qlearning,2,30,9,2.0,True
original_26,qlearning,2,31,9,2.0,True
original_26,qlearning,2,32,9,2.0,True
original_26,qlearning,2,33,9,2.0,True
original_26,qlearning,2,34,9,2.0,True
original_26,qlearning,2,35,9,2.0,True
original_26,qlearning,2,36,9,2.0,True
original_26,qlearning,2,37,9,2.0,True
original_26,qlearning,2,38,9,2.0,True
original_26,qlearning,2,39,9,2.0,True
original_26,qlearning,2,40,11,0.0,True
original_26,qlearning,2,41,9,2.0,True
original_26,qlearning,2,42,9,2.0,True
original_26,qlearning,2,43,9,2.0,True
original_26,qlearning,2,44,9,2.0,True
original_26,qlearning,2,45,16,-5.0,True
original_26,qlearning,2,46,11,0.0,True
original_26,qlearning,2,47,9,2.0,True
original_26,qlearning,2,48,9,2.0,True
original_26,qlearning,2,49,11,0.0,True
original_26,qlearning,2,50,9,2.0,True
original_26,qlearning,2,51,11,0.0,True
original_26,qlearning,2,52,9,2.0,True
original_26,qlearning,2,53,9,2.0,True
original_26,qlearning,2,54,9,2.0,True
original_26,qlearning,2,55,10,1.0,True
original_26,qlearning,2,56,9,2.0,True
original_26,qlearning,2,57,9,2.0,True
original_26,qlearning,2,58,9,2.0,True
original_26,qlearning,2,59,9,2.0,True
original_26,qlearning,2,60,9,2.0,True
original_26,qlearning,2,61,9,2.0,True
original_26,qlearning,2,62,9,2.0,True
original_26,qlearning,2,63,9,2.0,True
original_26,qlearning,2,64,9,2.0,True
original_26,qlearning,2,65,9,2.0,True
original_26,qlearning,2,66,9,2.0,True
original_26,qlearning,2,67,9,2.0,True
original_26,qlearning,2,68,9,2.0,True
original_26,qlearning,2,69,9,2.0,True
original_26,qlearning,2,70,9,2.0,True
original_26,qlearning,2,71,9,2.0,True
original_26,qlearning,2,72,9,2.0,True
original_26,qlearning,2,73,9,2.0,True
original_26,qlearning,2,74,9,2.0,True
original_26,qlearning,2,75,9,2.0,True
original_26,qlearning,2,76,9,2.0,True
original_26,qlearning,2,77,9,2.0,True
original_26,qlearning,2,78,9,2.0,True
original_26,qlearning,2,79,9,2.0,True
original_26,qlearning,2,80,9,2.0,True
original_26,qlearning,2,81,9,2.0,True
original_26,qlearning,2,82,9,2.0,True
original_26,qlearning,2,83,9,2.0,True
original_26,qlearning,2,84,9,2.0,True
original_26,qlearning,2,85,9,2.0,True
original_26,qlearning,2,86,9,2.0,True
original_26,qlearning,2,87,9,2.0,True
original_26,qlearning,2,88,11,0.0,True
original_26,qlearning,2,89,9,2.0,True
original_26,qlearning,2,90,9,2.0,True
original_26,qlearning,2,91,9,2.0,True
original_26,qlearning,2,92,9,2.0,True
original_26,qlearning,2,93,9,2.0,True
original_26,qlearning,2,94,9,2.0,True
original_26,qlearning,2,95,9,2.0,True
original_26,qlearning,2,96,9,2.0,True
original_26,qlearning,2,97,10,1.0,True
original_26,qlearning,2,98,9,2.0,True
original_26,qlearning,2,99,9,2.0,True
original_26,qlearning,2,100,9,2.0,True
original_26,qlearning,2,101,9,2.0,True
original_26,qlearning,2,102,9,2.0,True
original_26,qlearning,2,103,9,2.0,True
original_26,qlearning,2,104,9,2.0,True
original_26,qlearning,2,105,9,2.0,True
original_26,qlearning,2,106,9,2.0,True
original_26,qlearning,2,107,9,2.0,True
original_26,qlearning,2,108,9,2.0,True
original_26,qlearning,2,109,9,2.0,True
original_26,qlearning,2,110,9,2.0,True
original_26,qlearning,2,111,9,2.0,True
original_26,qlearning,2,112,9,2.0,True
original_26,qlearning,2,113,9,2.0,True
original_26,qlearning,2,114,9,2.0,True
original_26,qlearning,2,115,9,2.0,True
original_26,qlearning,2,116,9,2.0,True
original_26,qlearning,2,117,9,2.0,True
original_26,qlearning,2,118,9,2.0,True
original_26,qlearning,2,119,9,2.0,True
original_26,qlearning,2,120,9,2.0,True
original_26,qlearning,2,121,9,2.0,True
original_26,qlearning,2,122,9,2.0,True
original_26,qlearning,2,123,9,2.0,True
original_26,qlearning,2,124,9,2.0,True
original_26,qlearning,2,125,9,2.0,True
original_26,qlearning,2,126,10,1.0,True
original_26,qlearning,2,127,9,2.0,True
original_26,qlearning,2,128,10,1.0,True
original_26,qlearning,2,129,9,2.0,True
original_26,qlearning,2,130,10,1.0,True
original_26,qlearning,2,131,9,2.0,True
original_26,qlearning,2,132,9,2.0,True
original_26,qlearning,2,133,9,2.0,True
original_26,qlearning,2,134,9,2.0,True
original_26,qlearning,2,135,94,-83.0,True
original_26,qlearning,2,136,9,2.0,True
original_26,qlearning,2,137,9,2.0,True
original_26,qlearning,2,138,9,2.0,True
original_26,qlearning,2,139,9,2.0,True
original_26,qlearning,2,140,9,2.0,True
original_26,qlearning,2,141,9,2.0,True
original_26,qlearning,2,142,9,2.0,True
original_26,qlearning,2,143,9,2.0,True
original_26,qlearning,2,144,9,2.0,True
original_26,qlearning,2,145,9,2.0,True
original_26,qlearning,2,146,9,2.0,True
original_26,qlearning,2,147,9,2.0,True
original_26,qlearning,2,148,9,2.0,True
original_26,qlearning,2,149,9,2.0,True
original_26,qlearning,2,150,9,2.0,True
original_26,qlearning,2,151,9,2.0,True
original_26,qlearning,2,152,9,2.0,True
original_26,qlearning,2,153,9,2.0,True
original_26,qlearning,2,154,9,2.0,True
original_26,qlearning,2,155,10,1.0,True
original_26,qlearning,2,156,9,2.0,True
original_26,qlearning,2,157,9,2.0,True
original_26,qlearning,2,158,9,2.0,True
original_26,qlearning,2,159,9,2.0,True
original_26,qlearning,2,160,11,0.0,True
original_26,qlearning,2,161,9,2.0,True
original_26,qlearning,2,162,9,2.0,True
original_26,qlearning,2,163,9,2.0,True
original_26,qlearning,2,164,9,2.0,True
original_26,qlearning,2,165,9,2.0,True
original_26,qlearning,2,166,11,0.0,True
original_26,qlearning,2,167,9,2.0,True
original_26,qlearning,2,168,9,2.0,True
original_26,qlearning,2,169,9,2.0,True
original_26,qlearning,2,170,10,1.0,True
original_26,qlearning,2,171,9,2.0,True
original_26,qlearning,2,172,9,2.0,True
original_26,qlearning,2,173,9,2.0,True
original_26,qlearning,2,174,9,2.0,True
original_26,qlearning,2,175,9,2.0,True
original_26,qlearning,2,176,9,2.0,True
original_26,qlearning,2,177,9,2.0,True
original_26,qlearning,2,178,9,2.0,True
original_26,qlearning,2,179,9,2.0,True
original_26,qlearning,2,180,9,2.0,True
original_26,qlearning,2,181,9,2.0,True
original_26,qlearning,2,182,9,2.0,True
original_26,qlearning,2,183,9,2.0,True
original_26,qlearning,2,184,9,2.0,True
original_26,qlearning,2,185,9,2.0,True
original_26,qlearning,2,186,9,2.0,True
original_26,qlearning,2,187,31,-20.0,True
original_26,qlearning,2,188,9,2.0,True
original_26,qlearning,2,189,9,2.0,True
original_26,qlearning,2,190,9,2.0,True
original_26,qlearning,2,191,9,2.0,True
original_26,qlearning,2,192,9,2.0,True
original_26,qlearning,2,193,9,2.0,True
original_26,qlearning,2,194,9,2.0,True
original_26,qlearning,2,195,9,2.0,True
original_26,qlearning,2,196,9,2.0,True
original_26,qlearning,2,197,10,1.0,True
original_26,qlearning,2,198,10,1.0,True
original_26,qlearning,2,199,9,2.0,True
original_26,qlearning,2,200,9,2.0,True
original_26,qlearning,2,201,9,2.0,True
original_26,qlearning,2,202,9,2.0,True
original_26,qlearning,2,203,9,2.0,True
original_26,qlearning,2,204,9,2.0,True
original_26,qlearning,2,205,9,2.0,True
original_26,qlearning,2,206,11,0.0,True
original_26,qlearning,2,207,9,2.0,True
original_26,qlearning,2,208,9,2.0,True
original_26,qlearning,2,209,9,2.0,True
original_26,qlearning,2,210,9,2.0,True
original_26,qlearning,2,211,9,2.0,True
original_26,qlearning,2,212,9,2.0,True
original_26,qlearning,2,213,11,0.0,True
original_26,qlearning,2,214,9,2.0,True
original_26,qlearning,2,215,9,2.0,True
original_26,qlearning,2,216,9,2.0,True
original_26,qlearning,2,217,9,2.0,True
original_26,qlearning,2,218,9,2.0,True
original_26,qlearning,2,219,9,2.0,True
original_26,qlearning,2,220,9,2.0,True
original_26,qlearning,2,221,9,2.0,True
original_26,qlearning,2,222,9,2.0,True
original_26,qlearning,2,223,9,2.0,True
original_26,qlearning,2,224,9,2.0,True
original_26,qlearning,2,225,9,2.0,True
original_26,qlearning,2,226,9,2.0,True
original_26,qlearning,2,227,9,2.0,True
original_26,qlearning,2,228,9,2.0,True
original_26,qlearning,2,229,9,2.0,True
original_26,qlearning,2,230,9,2.0,True
original_26,qlearning,2,231,9,2.0,True
original_26,qlearning,2,232,9,2.0,True
original_26,qlearning,2,233,9,2.0,True
original_26,qlearning,2,234,9,2.0,True
original_26,qlearning,2,235,9,2.0,True
original_26,qlearning,2,236,9,2.0,True
original_26,qlearning,2,237,9,2.0,True
original_26,qlearning,2,238,9,2.0,True
original_26,qlearning,2,239,9,2.0,True
original_26,qlearning,2,240,9,2.0,True
original_26,qlearning,2,241,9,2.0,True
original_26,qlearning,2,242,9,2.0,True
original_26,qlearning,2,243,9,2.0,True
original_26,qlearning,2,244,9,2.0,True
original_26,qlearning,2,245,9,2.0,True
original_26,qlearning,2,246,9,2.0,True
original_26,qlearning,2,247,9,2.0,True
original_26,qlearning,2,248,9,2.0,True
original_26,qlearning,2,249,9,2.0,True
original_26,qlearning,2,250,9,2.0,True
original_26,qlearning,2,251,9,2.0,True
original_26,qlearning,2,252,9,2.0,True
original_26,qlearning,2,253,9,2.0,True
original_26,qlearning,2,254,9,2.0,True
original_26,qlearning,2,255,9,2.0,True
original_26,qlearning,2,256,10,1.0,True
original_26,qlearning,2,257,9,2.0,True
original_26,qlearning,2,258,9,2.0,True
original_26,qlearning,2,259,9,2.0,True
original_26,qlearning,2,260,9,2.0,True
original_26,qlearning,2,261,9,2.0,True
original_26,qlearning,2,262,9,2.0,True
original_26,qlearning,2,263,9,2.0,True
original_26,qlearning,2,264,9,2.0,True
original_26,qlearning,2,265,9,2.0,True
original_26,qlearning,2,266,9,2.0,True
original_26,qlearning,2,267,9,2.0,True
original_26,qlearning,2,268,9,2.0,True
original_26,qlearning,2,269,9,2.0,True
original_26,qlearning,2,270,9,2.0,True
original_26,qlearning,2,271,9,2.0,True
original_26,qlearning,2,272,9,2.0,True
original_26,qlearning,2,273,9,2.0,True
original_26,qlearning,2,274,9,2.0,True
original_26,qlearning,2,275,9,2.0,True
original_26,qlearning,2,276,9,2.0,True
original_26,qlearning,2,277,9,2.0,True
original_26,qlearning,2,278,9,2.0,True
original_26,qlearning,2,279,9,2.0,True
original_26,qlearning,2,280,9,2.0,True
original_26,qlearning,2,281,9,2.0,True
original_26,qlearning,2,282,9,2.0,True
original_26,qlearning,2,283,9,2.0,True
original_26,qlearning,2,284,9,2.0,True
original_26,qlearning,2,285,9,2.0,True
original_26,qlearning,2,286,9,2.0,True
original_26,qlearning,2,287,9,2.0,True
original_26,qlearning,2,288,9,2.0,True
original_26,qlearning,2,289,9,2.0,True
original_26,qlearning,2,290,9,2.0,True
original_26,qlearning,2,291,9,2.0,True
original_26,qlearning,2,292,9,2.0,True
original_26,qlearning,2,293,9,2.0,True
original_26,qlearning,2,294,9,2.0,True
original_26,qlearning,2,295,9,2.0,True
original_26,qlearning,2,296,9,2.0,True
original_26,qlearning,2,297,9,2.0,True
original_26,qlearning,2,298,9,2.0,True
original_26,qlearning,2,299,9,2.0,True
original_26,mlp,2,0,100,-100.0,False
original_26,mlp,2,1,100,-100.0,False
original_26,mlp,2,2,100,-100.0,False
original_26,mlp,2,3,100,-100.0,False
original_26,mlp,2,4,19,-8.0,True
original_26,mlp,2,5,30,-19.0,True
original_26,mlp,2,6,9,2.0,True
original_26,mlp,2,7,9,2.0,True
original_26,mlp,2,8,9,2.0,True
original_26,mlp,2,9,11,0.0,True
original_26,mlp,2,10,34,-23.0,True
original_26,mlp,2,11,100,-100.0,False
original_26,mlp,2,12,20,-9.0,True
original_26,mlp,2,13,31,-20.0,True
original_26,mlp,2,14,23,-12.0,True
original_26,mlp,2,15,11,0.0,True
original_26,mlp,2,16,9,2.0,True
original_26,mlp,2,17,15,-4.0,True
original_26,mlp,2,18,100,-100.0,False
original_26,mlp,2,19,14,-3.0,True
original_26,mlp,2,20,10,1.0,True
original_26,mlp,2,21,9,2.0,True
original_26,mlp,2,22,9,2.0,True
original_26,mlp,2,23,11,0.0,True
original_26,mlp,2,24,9,2.0,True
original_26,mlp,2,25,10,1.0,True
original_26,mlp,2,26,12,-1.0,True
original_26,mlp,2,27,9,2.0,True
original_26,mlp,2,28,10,1.0,True
original_26,mlp,2,29,9,2.0,True
original_26,mlp,2,30,11,0.0,True
original_26,mlp,2,31,11,0.0,True
original_26,mlp,2,32,10,1.0,True
original_26,mlp,2,33,9,2.0,True
original_26,mlp,2,34,17,-6.0,True
original_26,mlp,2,35,14,-3.0,True
original_26,mlp,2,36,9,2.0,True
original_26,mlp,2,37,9,2.0,True
original_26,mlp,2,38,9,2.0,True
original_26,mlp,2,39,9,2.0,True
original_26,mlp,2,40,9,2.0,True
original_26,mlp,2,41,9,2.0,True
original_26,mlp,2,42,9,2.0,True
original_26,mlp,2,43,9,2.0,True
original_26,mlp,2,44,9,2.0,True
original_26,mlp,2,45,11,0.0,True
original_26,mlp,2,46,9,2.0,True
original_26,mlp,2,47,9,2.0,True
original_26,mlp,2,48,11,0.0,True
original_26,mlp,2,49,10,1.0,True
original_26,mlp,2,50,9,2.0,True
original_26,mlp,2,51,9,2.0,True
original_26,mlp,2,52,9,2.0,True
original_26,mlp,2,53,9,2.0,True
original_26,mlp,2,54,11,0.0,True
original_26,mlp,2,55,9,2.0,True
original_26,mlp,2,56,9,2.0,True
original_26,mlp,2,57,9,2.0,True
original_26,mlp,2,58,9,2.0,True
original_26,mlp,2,59,9,2.0,True
original_26,mlp,2,60,9,2.0,True
original_26,mlp,2,61,9,2.0,True
original_26,mlp,2,62,9,2.0,True
original_26,mlp,2,63,9,2.0,True
original_26,mlp,2,64,9,2.0,True
original_26,mlp,2,65,9,2.0,True
original_26,mlp,2,66,9,2.0,True
original_26,mlp,2,67,9,2.0,True
original_26,mlp,2,68,9,2.0,True
original_26,mlp,2,69,9,2.0,True
original_26,mlp,2,70,9,2.0,True
original_26,mlp,2,71,9,2.0,True
original_26,mlp,2,72,9,2.0,True
original_26,mlp,2,73,9,2.0,True
original_26,mlp,2,74,9,2.0,True
original_26,mlp,2,75,9,2.0,True
original_26,mlp,2,76,9,2.0,True
original_26,mlp,2,77,9,2.0,True
original_26,mlp,2,78,9,2.0,True
original_26,mlp,2,79,11,0.0,True
original_26,mlp,2,80,9,2.0,True
original_26,mlp,2,81,9,2.0,True
original_26,mlp,2,82,9,2.0,True
original_26,mlp,2,83,9,2.0,True
original_26,mlp,2,84,9,2.0,True
original_26,mlp,2,85,9,2.0,True
original_26,mlp,2,86,9,2.0,True
original_26,mlp,2,87,9,2.0,True
original_26,mlp,2,88,9,2.0,True
original_26,mlp,2,89,11,0.0,True
original_26,mlp,2,90,9,2.0,True
original_26,mlp,2,91,9,2.0,True
original_26,mlp,2,92,9,2.0,True
original_26,mlp,2,93,9,2.0,True
original_26,mlp,2,94,9,2.0,True
original_26,mlp,2,95,11,0.0,True
original_26,mlp,2,96,9,2.0,True
original_26,mlp,2,97,9,2.0,True
original_26,mlp,2,98,11,0.0,True
original_26,mlp,2,99,10,1.0,True
original_26,mlp,2,100,9,2.0,True
original_26,mlp,2,101,9,2.0,True
original_26,mlp,2,102,9,2.0,True
original_26,mlp,2,103,9,2.0,True
original_26,mlp,2,104,9,2.0,True
original_26,mlp,2,105,9,2.0,True
original_26,mlp,2,106,9,2.0,True
original_26,mlp,2,107,9,2.0,True
original_26,mlp,2,108,9,2.0,True
original_26,mlp,2,109,9,2.0,True
original_26,mlp,2,110,9,2.0,True
original_26,mlp,2,111,9,2.0,True
original_26,mlp,2,112,9,2.0,True
original_26,mlp,2,113,9,2.0,True
original_26,mlp,2,114,9,2.0,True
original_26,mlp,2,115,9,2.0,True
original_26,mlp,2,116,9,2.0,True
original_26,mlp,2,117,9,2.0,True
original_26,mlp,2,118,9,2.0,True
original_26,mlp,2,119,9,2.0,True
original_26,mlp,2,120,9,2.0,True
original_26,mlp,2,121,9,2.0,True
original_26,mlp,2,122,9,2.0,True
original_26,mlp,2,123,9,2.0,True
original_26,mlp,2,124,9,2.0,True
original_26,mlp,2,125,9,2.0,True
original_26,mlp,2,126,9,2.0,True
original_26,mlp,2,127,9,2.0,True
original_26,mlp,2,128,9,2.0,True
original_26,mlp,2,129,9,2.0,True
original_26,mlp,2,130,9,2.0,True
original_26,mlp,2,131,9,2.0,True
original_26,mlp,2,132,9,2.0,True
original_26,mlp,2,133,11,0.0,True
original_26,mlp,2,134,9,2.0,True
original_26,mlp,2,135,9,2.0,True
original_26,mlp,2,136,9,2.0,True
original_26,mlp,2,137,9,2.0,True
original_26,mlp,2,138,9,2.0,True
original_26,mlp,2,139,9,2.0,True
original_26,mlp,2,140,9,2.0,True
original_26,mlp,2,141,9,2.0,True
original_26,mlp,2,142,9,2.0,True
original_26,mlp,2,143,9,2.0,True
original_26,mlp,2,144,9,2.0,True
original_26,mlp,2,145,9,2.0,True
original_26,mlp,2,146,9,2.0,True
original_26,mlp,2,147,9,2.0,True
original_26,mlp,2,148,9,2.0,True
original_26,mlp,2,149,9,2.0,True
original_26,mlp,2,150,10,1.0,True
original_26,mlp,2,151,9,2.0,True
original_26,mlp,2,152,9,2.0,True
original_26,mlp,2,153,9,2.0,True
original_26,mlp,2,154,9,2.0,True
original_26,mlp,2,155,9,2.0,True
original_26,mlp,2,156,9,2.0,True
original_26,mlp,2,157,9,2.0,True
original_26,mlp,2,158,11,0.0,True
original_26,mlp,2,159,9,2.0,True
original_26,mlp,2,160,9,2.0,True
original_26,mlp,2,161,9,2.0,True
original_26,mlp,2,162,9,2.0,True
original_26,mlp,2,163,9,2.0,True
original_26,mlp,2,164,9,2.0,True
original_26,mlp,2,165,9,2.0,True
original_26,mlp,2,166,15,-4.0,True
original_26,mlp,2,167,9,2.0,True
original_26,mlp,2,168,9,2.0,True
original_26,mlp,2,169,9,2.0,True
original_26,mlp,2,170,9,2.0,True
original_26,mlp,2,171,11,0.0,True
original_26,mlp,2,172,9,2.0,True
original_26,mlp,2,173,9,2.0,True
original_26,mlp,2,174,9,2.0,True
original_26,mlp,2,175,9,2.0,True
original_26,mlp,2,176,9,2.0,True
original_26,mlp,2,177,9,2.0,True
original_26,mlp,2,178,10,1.0,True
original_26,mlp,2,179,9,2.0,True
original_26,mlp,2,180,9,2.0,True
original_26,mlp,2,181,9,2.0,True
original_26,mlp,2,182,9,2.0,True
original_26,mlp,2,183,9,2.0,True
original_26,mlp,2,184,9,2.0,True
original_26,mlp,2,185,9,2.0,True
original_26,mlp,2,186,9,2.0,True
original_26,mlp,2,187,9,2.0,True
original_26,mlp,2,188,9,2.0,True
original_26,mlp,2,189,9,2.0,True
original_26,mlp,2,190,9,2.0,True
original_26,mlp,2,191,9,2.0,True
original_26,mlp,2,192,9,2.0,True
original_26,mlp,2,193,9,2.0,True
original_26,mlp,2,194,9,2.0,True
original_26,mlp,2,195,9,2.0,True
original_26,mlp,2,196,9,2.0,True
original_26,mlp,2,197,9,2.0,True
original_26,mlp,2,198,9,2.0,True
original_26,mlp,2,199,9,2.0,True
original_26,mlp,2,200,9,2.0,True
original_26,mlp,2,201,9,2.0,True
original_26,mlp,2,202,9,2.0,True
original_26,mlp,2,203,9,2.0,True
original_26,mlp,2,204,9,2.0,True
original_26,mlp,2,205,9,2.0,True
original_26,mlp,2,206,9,2.0,True
original_26,mlp,2,207,9,2.0,True
original_26,mlp,2,208,9,2.0,True
original_26,mlp,2,209,9,2.0,True
original_26,mlp,2,210,9,2.0,True
original_26,mlp,2,211,9,2.0,True
original_26,mlp,2,212,9,2.0,True
original_26,mlp,2,213,9,2.0,True
original_26,mlp,2,214,9,2.0,True
original_26,mlp,2,215,9,2.0,True
original_26,mlp,2,216,9,2.0,True
original_26,mlp,2,217,9,2.0,True
original_26,mlp,2,218,9,2.0,True
original_26,mlp,2,219,9,2.0,True
original_26,mlp,2,220,9,2.0,True
original_26,mlp,2,221,10,1.0,True
original_26,mlp,2,222,11,0.0,True
original_26,mlp,2,223,9,2.0,True
original_26,mlp,2,224,9,2.0,True
original_26,mlp,2,225,9,2.0,True
original_26,mlp,2,226,9,2.0,True
original_26,mlp,2,227,9,2.0,True
original_26,mlp,2,228,9,2.0,True
original_26,mlp,2,229,9,2.0,True
original_26,mlp,2,230,9,2.0,True
original_26,mlp,2,231,9,2.0,True
original_26,mlp,2,232,9,2.0,True
original_26,mlp,2,233,9,2.0,True
original_26,mlp,2,234,9,2.0,True
original_26,mlp,2,235,9,2.0,True
original_26,mlp,2,236,9,2.0,True
original_26,mlp,2,237,9,2.0,True
original_26,mlp,2,238,9,2.0,True
original_26,mlp,2,239,9,2.0,True
original_26,mlp,2,240,9,2.0,True
original_26,mlp,2,241,9,2.0,True
original_26,mlp,2,242,9,2.0,True
original_26,mlp,2,243,9,2.0,True
original_26,mlp,2,244,9,2.0,True
original_26,mlp,2,245,9,2.0,True
original_26,mlp,2,246,11,0.0,True
original_26,mlp,2,247,9,2.0,True
original_26,mlp,2,248,9,2.0,True
original_26,mlp,2,249,9,2.0,True
original_26,mlp,2,250,9,2.0,True
original_26,mlp,2,251,9,2.0,True
original_26,mlp,2,252,9,2.0,True
original_26,mlp,2,253,9,2.0,True
original_26,mlp,2,254,9,2.0,True
original_26,mlp,2,255,9,2.0,True
original_26,mlp,2,256,9,2.0,True
original_26,mlp,2,257,9,2.0,True
original_26,mlp,2,258,9,2.0,True
original_26,mlp,2,259,9,2.0,True
original_26,mlp,2,260,9,2.0,True
original_26,mlp,2,261,9,2.0,True
original_26,mlp,2,262,11,0.0,True
original_26,mlp,2,263,9,2.0,True
original_26,mlp,2,264,9,2.0,True
original_26,mlp,2,265,9,2.0,True
original_26,mlp,2,266,9,2.0,True
original_26,mlp,2,267,9,2.0,True
original_26,mlp,2,268,9,2.0,True
original_26,mlp,2,269,9,2.0,True
original_26,mlp,2,270,9,2.0,True
original_26,mlp,2,271,9,2.0,True
original_26,mlp,2,272,9,2.0,True
original_26,mlp,2,273,9,2.0,True
original_26,mlp,2,274,9,2.0,True
original_26,mlp,2,275,11,0.0,True
original_26,mlp,2,276,9,2.0,True
original_26,mlp,2,277,9,2.0,True
original_26,mlp,2,278,9,2.0,True
original_26,mlp,2,279,9,2.0,True
original_26,mlp,2,280,9,2.0,True
original_26,mlp,2,281,9,2.0,True
original_26,mlp,2,282,9,2.0,True
original_26,mlp,2,283,9,2.0,True
original_26,mlp,2,284,9,2.0,True
original_26,mlp,2,285,9,2.0,True
original_26,mlp,2,286,9,2.0,True
original_26,mlp,2,287,9,2.0,True
original_26,mlp,2,288,9,2.0,True
original_26,mlp,2,289,9,2.0,True
original_26,mlp,2,290,9,2.0,True
original_26,mlp,2,291,9,2.0,True
original_26,mlp,2,292,9,2.0,True
original_26,mlp,2,293,9,2.0,True
original_26,mlp,2,294,9,2.0,True
original_26,mlp,2,295,9,2.0,True
original_26,mlp,2,296,9,2.0,True
original_26,mlp,2,297,9,2.0,True
original_26,mlp,2,298,9,2.0,True
original_26,mlp,2,299,9,2.0,True
original_26,connectome,2,0,100,-100.0,False
original_26,connectome,2,1,100,-100.0,False
original_26,connectome,2,2,84,-73.0,True
original_26,connectome,2,3,9,2.0,True
original_26,connectome,2,4,9,2.0,True
original_26,connectome,2,5,9,2.0,True
original_26,connectome,2,6,11,0.0,True
original_26,connectome,2,7,9,2.0,True
original_26,connectome,2,8,10,1.0,True
original_26,connectome,2,9,9,2.0,True
original_26,connectome,2,10,14,-3.0,True
original_26,connectome,2,11,38,-27.0,True
original_26,connectome,2,12,9,2.0,True
original_26,connectome,2,13,9,2.0,True
original_26,connectome,2,14,9,2.0,True
original_26,connectome,2,15,11,0.0,True
original_26,connectome,2,16,9,2.0,True
original_26,connectome,2,17,9,2.0,True
original_26,connectome,2,18,9,2.0,True
original_26,connectome,2,19,9,2.0,True
original_26,connectome,2,20,10,1.0,True
original_26,connectome,2,21,9,2.0,True
original_26,connectome,2,22,11,0.0,True
original_26,connectome,2,23,9,2.0,True
original_26,connectome,2,24,9,2.0,True
original_26,connectome,2,25,9,2.0,True
original_26,connectome,2,26,9,2.0,True
original_26,connectome,2,27,9,2.0,True
original_26,connectome,2,28,9,2.0,True
original_26,connectome,2,29,10,1.0,True
original_26,connectome,2,30,9,2.0,True
original_26,connectome,2,31,9,2.0,True
original_26,connectome,2,32,9,2.0,True
original_26,connectome,2,33,9,2.0,True
original_26,connectome,2,34,9,2.0,True
original_26,connectome,2,35,9,2.0,True
original_26,connectome,2,36,9,2.0,True
original_26,connectome,2,37,9,2.0,True
original_26,connectome,2,38,9,2.0,True
original_26,connectome,2,39,9,2.0,True
original_26,connectome,2,40,9,2.0,True
original_26,connectome,2,41,10,1.0,True
original_26,connectome,2,42,9,2.0,True
original_26,connectome,2,43,9,2.0,True
original_26,connectome,2,44,31,-20.0,True
original_26,connectome,2,45,9,2.0,True
original_26,connectome,2,46,9,2.0,True
original_26,connectome,2,47,10,1.0,True
original_26,connectome,2,48,11,0.0,True
original_26,connectome,2,49,10,1.0,True
original_26,connectome,2,50,9,2.0,True
original_26,connectome,2,51,11,0.0,True
original_26,connectome,2,52,9,2.0,True
original_26,connectome,2,53,9,2.0,True
original_26,connectome,2,54,9,2.0,True
original_26,connectome,2,55,9,2.0,True
original_26,connectome,2,56,9,2.0,True
original_26,connectome,2,57,9,2.0,True
original_26,connectome,2,58,9,2.0,True
original_26,connectome,2,59,9,2.0,True
original_26,connectome,2,60,9,2.0,True
original_26,connectome,2,61,9,2.0,True
original_26,connectome,2,62,9,2.0,True
original_26,connectome,2,63,9,2.0,True
original_26,connectome,2,64,9,2.0,True
original_26,connectome,2,65,9,2.0,True
original_26,connectome,2,66,9,2.0,True
original_26,connectome,2,67,9,2.0,True
original_26,connectome,2,68,9,2.0,True
original_26,connectome,2,69,9,2.0,True
original_26,connectome,2,70,9,2.0,True
original_26,connectome,2,71,9,2.0,True
original_26,connectome,2,72,9,2.0,True
original_26,connectome,2,73,9,2.0,True
original_26,connectome,2,74,9,2.0,True
original_26,connectome,2,75,9,2.0,True
original_26,connectome,2,76,9,2.0,True
original_26,connectome,2,77,9,2.0,True
original_26,connectome,2,78,9,2.0,True
original_26,connectome,2,79,9,2.0,True
original_26,connectome,2,80,9,2.0,True
original_26,connectome,2,81,9,2.0,True
original_26,connectome,2,82,9,2.0,True
original_26,connectome,2,83,9,2.0,True
original_26,connectome,2,84,9,2.0,True
original_26,connectome,2,85,9,2.0,True
original_26,connectome,2,86,9,2.0,True
original_26,connectome,2,87,9,2.0,True
original_26,connectome,2,88,9,2.0,True
original_26,connectome,2,89,11,0.0,True
original_26,connectome,2,90,9,2.0,True
original_26,connectome,2,91,9,2.0,True
original_26,connectome,2,92,9,2.0,True
original_26,connectome,2,93,9,2.0,True
original_26,connectome,2,94,9,2.0,True
original_26,connectome,2,95,9,2.0,True
original_26,connectome,2,96,9,2.0,True
original_26,connectome,2,97,9,2.0,True
original_26,connectome,2,98,11,0.0,True
original_26,connectome,2,99,9,2.0,True
original_26,connectome,2,100,9,2.0,True
original_26,connectome,2,101,9,2.0,True
original_26,connectome,2,102,9,2.0,True
original_26,connectome,2,103,9,2.0,True
original_26,connectome,2,104,9,2.0,True
original_26,connectome,2,105,9,2.0,True
original_26,connectome,2,106,9,2.0,True
original_26,connectome,2,107,9,2.0,True
original_26,connectome,2,108,9,2.0,True
original_26,connectome,2,109,9,2.0,True
original_26,connectome,2,110,9,2.0,True
original_26,connectome,2,111,9,2.0,True
original_26,connectome,2,112,9,2.0,True
original_26,connectome,2,113,9,2.0,True
original_26,connectome,2,114,9,2.0,True
original_26,connectome,2,115,9,2.0,True
original_26,connectome,2,116,9,2.0,True
original_26,connectome,2,117,9,2.0,True
original_26,connectome,2,118,9,2.0,True
original_26,connectome,2,119,9,2.0,True
original_26,connectome,2,120,9,2.0,True
original_26,connectome,2,121,9,2.0,True
original_26,connectome,2,122,9,2.0,True
original_26,connectome,2,123,9,2.0,True
original_26,connectome,2,124,9,2.0,True
original_26,connectome,2,125,9,2.0,True
original_26,connectome,2,126,9,2.0,True
original_26,connectome,2,127,10,1.0,True
original_26,connectome,2,128,10,1.0,True
original_26,connectome,2,129,9,2.0,True
original_26,connectome,2,130,10,1.0,True
original_26,connectome,2,131,9,2.0,True
original_26,connectome,2,132,9,2.0,True
original_26,connectome,2,133,9,2.0,True
original_26,connectome,2,134,9,2.0,True
original_26,connectome,2,135,10,1.0,True
original_26,connectome,2,136,9,2.0,True
original_26,connectome,2,137,9,2.0,True
original_26,connectome,2,138,9,2.0,True
original_26,connectome,2,139,9,2.0,True
original_26,connectome,2,140,9,2.0,True
original_26,connectome,2,141,9,2.0,True
original_26,connectome,2,142,9,2.0,True
original_26,connectome,2,143,9,2.0,True
original_26,connectome,2,144,9,2.0,True
original_26,connectome,2,145,9,2.0,True
original_26,connectome,2,146,9,2.0,True
original_26,connectome,2,147,9,2.0,True
original_26,connectome,2,148,9,2.0,True
original_26,connectome,2,149,9,2.0,True
original_26,connectome,2,150,9,2.0,True
original_26,connectome,2,151,9,2.0,True
original_26,connectome,2,152,9,2.0,True
original_26,connectome,2,153,9,2.0,True
original_26,connectome,2,154,9,2.0,True
original_26,connectome,2,155,10,1.0,True
original_26,connectome,2,156,9,2.0,True
original_26,connectome,2,157,9,2.0,True
original_26,connectome,2,158,9,2.0,True
original_26,connectome,2,159,9,2.0,True
original_26,connectome,2,160,10,1.0,True
original_26,connectome,2,161,9,2.0,True
original_26,connectome,2,162,9,2.0,True
original_26,connectome,2,163,9,2.0,True
original_26,connectome,2,164,9,2.0,True
original_26,connectome,2,165,9,2.0,True
original_26,connectome,2,166,11,0.0,True
original_26,connectome,2,167,9,2.0,True
original_26,connectome,2,168,9,2.0,True
original_26,connectome,2,169,9,2.0,True
original_26,connectome,2,170,11,0.0,True
original_26,connectome,2,171,9,2.0,True
original_26,connectome,2,172,9,2.0,True
original_26,connectome,2,173,9,2.0,True
original_26,connectome,2,174,9,2.0,True
original_26,connectome,2,175,9,2.0,True
original_26,connectome,2,176,9,2.0,True
original_26,connectome,2,177,9,2.0,True
original_26,connectome,2,178,9,2.0,True
original_26,connectome,2,179,9,2.0,True
original_26,connectome,2,180,9,2.0,True
original_26,connectome,2,181,9,2.0,True
original_26,connectome,2,182,9,2.0,True
original_26,connectome,2,183,9,2.0,True
original_26,connectome,2,184,9,2.0,True
original_26,connectome,2,185,9,2.0,True
original_26,connectome,2,186,9,2.0,True
original_26,connectome,2,187,9,2.0,True
original_26,connectome,2,188,9,2.0,True
original_26,connectome,2,189,9,2.0,True
original_26,connectome,2,190,9,2.0,True
original_26,connectome,2,191,9,2.0,True
original_26,connectome,2,192,9,2.0,True
original_26,connectome,2,193,9,2.0,True
original_26,connectome,2,194,9,2.0,True
original_26,connectome,2,195,9,2.0,True
original_26,connectome,2,196,9,2.0,True
original_26,connectome,2,197,11,0.0,True
original_26,connectome,2,198,10,1.0,True
original_26,connectome,2,199,9,2.0,True
original_26,connectome,2,200,9,2.0,True
original_26,connectome,2,201,9,2.0,True
original_26,connectome,2,202,9,2.0,True
original_26,connectome,2,203,9,2.0,True
original_26,connectome,2,204,9,2.0,True
original_26,connectome,2,205,9,2.0,True
original_26,connectome,2,206,11,0.0,True
original_26,connectome,2,207,9,2.0,True
original_26,connectome,2,208,9,2.0,True
original_26,connectome,2,209,9,2.0,True
original_26,connectome,2,210,9,2.0,True
original_26,connectome,2,211,9,2.0,True
original_26,connectome,2,212,9,2.0,True
original_26,connectome,2,213,9,2.0,True
original_26,connectome,2,214,10,1.0,True
original_26,connectome,2,215,9,2.0,True
original_26,connectome,2,216,9,2.0,True
original_26,connectome,2,217,9,2.0,True
original_26,connectome,2,218,9,2.0,True
original_26,connectome,2,219,9,2.0,True
original_26,connectome,2,220,9,2.0,True
original_26,connectome,2,221,9,2.0,True
original_26,connectome,2,222,9,2.0,True
original_26,connectome,2,223,9,2.0,True
original_26,connectome,2,224,9,2.0,True
original_26,connectome,2,225,9,2.0,True
original_26,connectome,2,226,9,2.0,True
original_26,connectome,2,227,9,2.0,True
original_26,connectome,2,228,9,2.0,True
original_26,connectome,2,229,9,2.0,True
original_26,connectome,2,230,9,2.0,True
original_26,connectome,2,231,9,2.0,True
original_26,connectome,2,232,10,1.0,True
original_26,connectome,2,233,9,2.0,True
original_26,connectome,2,234,9,2.0,True
original_26,connectome,2,235,9,2.0,True
original_26,connectome,2,236,9,2.0,True
original_26,connectome,2,237,9,2.0,True
original_26,connectome,2,238,9,2.0,True
original_26,connectome,2,239,9,2.0,True
original_26,connectome,2,240,9,2.0,True
original_26,connectome,2,241,9,2.0,True
original_26,connectome,2,242,9,2.0,True
original_26,connectome,2,243,9,2.0,True
original_26,connectome,2,244,9,2.0,True
original_26,connectome,2,245,9,2.0,True
original_26,connectome,2,246,9,2.0,True
original_26,connectome,2,247,9,2.0,True
original_26,connectome,2,248,9,2.0,True
original_26,connectome,2,249,9,2.0,True
original_26,connectome,2,250,9,2.0,True
original_26,connectome,2,251,9,2.0,True
original_26,connectome,2,252,9,2.0,True
original_26,connectome,2,253,9,2.0,True
original_26,connectome,2,254,9,2.0,True
original_26,connectome,2,255,9,2.0,True
original_26,connectome,2,256,11,0.0,True
original_26,connectome,2,257,9,2.0,True
original_26,connectome,2,258,9,2.0,True
original_26,connectome,2,259,9,2.0,True
original_26,connectome,2,260,9,2.0,True
original_26,connectome,2,261,9,2.0,True
original_26,connectome,2,262,9,2.0,True
original_26,connectome,2,263,9,2.0,True
original_26,connectome,2,264,9,2.0,True
original_26,connectome,2,265,9,2.0,True
original_26,connectome,2,266,9,2.0,True
original_26,connectome,2,267,9,2.0,True
original_26,connectome,2,268,9,2.0,True
original_26,connectome,2,269,9,2.0,True
original_26,connectome,2,270,9,2.0,True
original_26,connectome,2,271,9,2.0,True
original_26,connectome,2,272,9,2.0,True
original_26,connectome,2,273,9,2.0,True
original_26,connectome,2,274,9,2.0,True
original_26,connectome,2,275,9,2.0,True
original_26,connectome,2,276,9,2.0,True
original_26,connectome,2,277,9,2.0,True
original_26,connectome,2,278,9,2.0,True
original_26,connectome,2,279,9,2.0,True
original_26,connectome,2,280,9,2.0,True
original_26,connectome,2,281,9,2.0,True
original_26,connectome,2,282,9,2.0,True
original_26,connectome,2,283,9,2.0,True
original_26,connectome,2,284,9,2.0,True
original_26,connectome,2,285,11,0.0,True
original_26,connectome,2,286,9,2.0,True
original_26,connectome,2,287,9,2.0,True
original_26,connectome,2,288,9,2.0,True
original_26,connectome,2,289,9,2.0,True
original_26,connectome,2,290,9,2.0,True
original_26,connectome,2,291,9,2.0,True
original_26,connectome,2,292,9,2.0,True
original_26,connectome,2,293,9,2.0,True
original_26,connectome,2,294,9,2.0,True
original_26,connectome,2,295,9,2.0,True
original_26,connectome,2,296,9,2.0,True
original_26,connectome,2,297,9,2.0,True
original_26,connectome,2,298,9,2.0,True
original_26,connectome,2,299,9,2.0,True
medium_72,qlearning,0,0,250,-250.0,False
medium_72,qlearning,0,1,250,-250.0,False
medium_72,qlearning,0,2,164,-153.0,True
medium_72,qlearning,0,3,29,-18.0,True
medium_72,qlearning,0,4,31,-20.0,True
medium_72,qlearning,0,5,35,-24.0,True
medium_72,qlearning,0,6,28,-17.0,True
medium_72,qlearning,0,7,45,-34.0,True
medium_72,qlearning,0,8,29,-18.0,True
medium_72,qlearning,0,9,31,-20.0,True
medium_72,qlearning,0,10,29,-18.0,True
medium_72,qlearning,0,11,32,-21.0,True
medium_72,qlearning,0,12,30,-19.0,True
medium_72,qlearning,0,13,29,-18.0,True
medium_72,qlearning,0,14,28,-17.0,True
medium_72,qlearning,0,15,30,-19.0,True
medium_72,qlearning,0,16,29,-18.0,True
medium_72,qlearning,0,17,29,-18.0,True
medium_72,qlearning,0,18,28,-17.0,True
medium_72,qlearning,0,19,50,-39.0,True
medium_72,qlearning,0,20,31,-20.0,True
medium_72,qlearning,0,21,29,-18.0,True
medium_72,qlearning,0,22,30,-19.0,True
medium_72,qlearning,0,23,28,-17.0,True
medium_72,qlearning,0,24,29,-18.0,True
medium_72,qlearning,0,25,28,-17.0,True
medium_72,qlearning,0,26,29,-18.0,True
medium_72,qlearning,0,27,29,-18.0,True
medium_72,qlearning,0,28,35,-24.0,True
medium_72,qlearning,0,29,28,-17.0,True
medium_72,qlearning,0,30,32,-21.0,True
medium_72,qlearning,0,31,31,-20.0,True
medium_72,qlearning,0,32,28,-17.0,True
medium_72,qlearning,0,33,30,-19.0,True
medium_72,qlearning,0,34,29,-18.0,True
medium_72,qlearning,0,35,30,-19.0,True
medium_72,qlearning,0,36,30,-19.0,True
medium_72,qlearning,0,37,30,-19.0,True
medium_72,qlearning,0,38,29,-18.0,True
medium_72,qlearning,0,39,28,-17.0,True
medium_72,qlearning,0,40,29,-18.0,True
medium_72,qlearning,0,41,32,-21.0,True
medium_72,qlearning,0,42,29,-18.0,True
medium_72,qlearning,0,43,34,-23.0,True
medium_72,qlearning,0,44,29,-18.0,True
medium_72,qlearning,0,45,42,-31.0,True
medium_72,qlearning,0,46,28,-17.0,True
medium_72,qlearning,0,47,29,-18.0,True
medium_72,qlearning,0,48,30,-19.0,True
medium_72,qlearning,0,49,29,-18.0,True
medium_72,qlearning,0,50,29,-18.0,True
medium_72,qlearning,0,51,30,-19.0,True
medium_72,qlearning,0,52,28,-17.0,True
medium_72,qlearning,0,53,31,-20.0,True
medium_72,qlearning,0,54,28,-17.0,True
medium_72,qlearning,0,55,31,-20.0,True
medium_72,qlearning,0,56,43,-32.0,True
medium_72,qlearning,0,57,28,-17.0,True
medium_72,qlearning,0,58,30,-19.0,True
medium_72,qlearning,0,59,31,-20.0,True
medium_72,qlearning,0,60,28,-17.0,True
medium_72,qlearning,0,61,28,-17.0,True
medium_72,qlearning,0,62,28,-17.0,True
medium_72,qlearning,0,63,29,-18.0,True
medium_72,qlearning,0,64,28,-17.0,True
medium_72,qlearning,0,65,29,-18.0,True
medium_72,qlearning,0,66,28,-17.0,True
medium_72,qlearning,0,67,28,-17.0,True
medium_72,qlearning,0,68,28,-17.0,True
medium_72,qlearning,0,69,30,-19.0,True
medium_72,qlearning,0,70,28,-17.0,True
medium_72,qlearning,0,71,28,-17.0,True
medium_72,qlearning,0,72,28,-17.0,True
medium_72,qlearning,0,73,28,-17.0,True
medium_72,qlearning,0,74,29,-18.0,True
medium_72,qlearning,0,75,30,-19.0,True
medium_72,qlearning,0,76,28,-17.0,True
medium_72,qlearning,0,77,28,-17.0,True
medium_72,qlearning,0,78,28,-17.0,True
medium_72,qlearning,0,79,29,-18.0,True
medium_72,qlearning,0,80,28,-17.0,True
medium_72,qlearning,0,81,29,-18.0,True
medium_72,qlearning,0,82,30,-19.0,True
medium_72,qlearning,0,83,29,-18.0,True
medium_72,qlearning,0,84,28,-17.0,True
medium_72,qlearning,0,85,28,-17.0,True
medium_72,qlearning,0,86,28,-17.0,True
medium_72,qlearning,0,87,30,-19.0,True
medium_72,qlearning,0,88,28,-17.0,True
medium_72,qlearning,0,89,28,-17.0,True
medium_72,qlearning,0,90,30,-19.0,True
medium_72,qlearning,0,91,28,-17.0,True
medium_72,qlearning,0,92,30,-19.0,True
medium_72,qlearning,0,93,28,-17.0,True
medium_72,qlearning,0,94,28,-17.0,True
medium_72,qlearning,0,95,28,-17.0,True
medium_72,qlearning,0,96,28,-17.0,True
medium_72,qlearning,0,97,28,-17.0,True
medium_72,qlearning,0,98,28,-17.0,True
medium_72,qlearning,0,99,28,-17.0,True
medium_72,qlearning,0,100,28,-17.0,True
medium_72,qlearning,0,101,28,-17.0,True
medium_72,qlearning,0,102,28,-17.0,True
medium_72,qlearning,0,103,28,-17.0,True
medium_72,qlearning,0,104,28,-17.0,True
medium_72,qlearning,0,105,28,-17.0,True
medium_72,qlearning,0,106,28,-17.0,True
medium_72,qlearning,0,107,28,-17.0,True
medium_72,qlearning,0,108,28,-17.0,True
medium_72,qlearning,0,109,28,-17.0,True
medium_72,qlearning,0,110,28,-17.0,True
medium_72,qlearning,0,111,29,-18.0,True
medium_72,qlearning,0,112,30,-19.0,True
medium_72,qlearning,0,113,28,-17.0,True
medium_72,qlearning,0,114,28,-17.0,True
medium_72,qlearning,0,115,28,-17.0,True
medium_72,qlearning,0,116,29,-18.0,True
medium_72,qlearning,0,117,28,-17.0,True
medium_72,qlearning,0,118,28,-17.0,True
medium_72,qlearning,0,119,28,-17.0,True
medium_72,qlearning,0,120,28,-17.0,True
medium_72,qlearning,0,121,28,-17.0,True
medium_72,qlearning,0,122,28,-17.0,True
medium_72,qlearning,0,123,28,-17.0,True
medium_72,qlearning,0,124,28,-17.0,True
medium_72,qlearning,0,125,29,-18.0,True
medium_72,qlearning,0,126,28,-17.0,True
medium_72,qlearning,0,127,29,-18.0,True
medium_72,qlearning,0,128,28,-17.0,True
medium_72,qlearning,0,129,28,-17.0,True
medium_72,qlearning,0,130,29,-18.0,True
medium_72,qlearning,0,131,28,-17.0,True
medium_72,qlearning,0,132,28,-17.0,True
medium_72,qlearning,0,133,28,-17.0,True
medium_72,qlearning,0,134,28,-17.0,True
medium_72,qlearning,0,135,28,-17.0,True
medium_72,qlearning,0,136,28,-17.0,True
medium_72,qlearning,0,137,28,-17.0,True
medium_72,qlearning,0,138,28,-17.0,True
medium_72,qlearning,0,139,28,-17.0,True
medium_72,qlearning,0,140,28,-17.0,True
medium_72,qlearning,0,141,30,-19.0,True
medium_72,qlearning,0,142,28,-17.0,True
medium_72,qlearning,0,143,28,-17.0,True
medium_72,qlearning,0,144,28,-17.0,True
medium_72,qlearning,0,145,28,-17.0,True
medium_72,qlearning,0,146,28,-17.0,True
medium_72,qlearning,0,147,28,-17.0,True
medium_72,qlearning,0,148,28,-17.0,True
medium_72,qlearning,0,149,28,-17.0,True
medium_72,qlearning,0,150,28,-17.0,True
medium_72,qlearning,0,151,29,-18.0,True
medium_72,qlearning,0,152,28,-17.0,True
medium_72,qlearning,0,153,29,-18.0,True
medium_72,qlearning,0,154,29,-18.0,True
medium_72,qlearning,0,155,31,-20.0,True
medium_72,qlearning,0,156,28,-17.0,True
medium_72,qlearning,0,157,28,-17.0,True
medium_72,qlearning,0,158,28,-17.0,True
medium_72,qlearning,0,159,28,-17.0,True
medium_72,qlearning,0,160,28,-17.0,True
medium_72,qlearning,0,161,30,-19.0,True
medium_72,qlearning,0,162,28,-17.0,True
medium_72,qlearning,0,163,28,-17.0,True
medium_72,qlearning,0,164,28,-17.0,True
medium_72,qlearning,0,165,28,-17.0,True
medium_72,qlearning,0,166,28,-17.0,True
medium_72,qlearning,0,167,28,-17.0,True
medium_72,qlearning,0,168,28,-17.0,True
medium_72,qlearning,0,169,28,-17.0,True
medium_72,qlearning,0,170,28,-17.0,True
medium_72,qlearning,0,171,28,-17.0,True
medium_72,qlearning,0,172,28,-17.0,True
medium_72,qlearning,0,173,28,-17.0,True
medium_72,qlearning,0,174,28,-17.0,True
medium_72,qlearning,0,175,28,-17.0,True
medium_72,qlearning,0,176,28,-17.0,True
medium_72,qlearning,0,177,28,-17.0,True
medium_72,qlearning,0,178,28,-17.0,True
medium_72,qlearning,0,179,28,-17.0,True
medium_72,qlearning,0,180,28,-17.0,True
medium_72,qlearning,0,181,28,-17.0,True
medium_72,qlearning,0,182,29,-18.0,True
medium_72,qlearning,0,183,30,-19.0,True
medium_72,qlearning,0,184,28,-17.0,True
medium_72,qlearning,0,185,28,-17.0,True
medium_72,qlearning,0,186,28,-17.0,True
medium_72,qlearning,0,187,28,-17.0,True
medium_72,qlearning,0,188,28,-17.0,True
medium_72,qlearning,0,189,29,-18.0,True
medium_72,qlearning,0,190,30,-19.0,True
medium_72,qlearning,0,191,28,-17.0,True
medium_72,qlearning,0,192,28,-17.0,True
medium_72,qlearning,0,193,28,-17.0,True
medium_72,qlearning,0,194,30,-19.0,True
medium_72,qlearning,0,195,28,-17.0,True
medium_72,qlearning,0,196,28,-17.0,True
medium_72,qlearning,0,197,29,-18.0,True
medium_72,qlearning,0,198,28,-17.0,True
medium_72,qlearning,0,199,28,-17.0,True
medium_72,qlearning,0,200,30,-19.0,True
medium_72,qlearning,0,201,28,-17.0,True
medium_72,qlearning,0,202,29,-18.0,True
medium_72,qlearning,0,203,28,-17.0,True
medium_72,qlearning,0,204,28,-17.0,True
medium_72,qlearning,0,205,28,-17.0,True
medium_72,qlearning,0,206,28,-17.0,True
medium_72,qlearning,0,207,28,-17.0,True
medium_72,qlearning,0,208,30,-19.0,True
medium_72,qlearning,0,209,28,-17.0,True
medium_72,qlearning,0,210,30,-19.0,True
medium_72,qlearning,0,211,28,-17.0,True
medium_72,qlearning,0,212,28,-17.0,True
medium_72,qlearning,0,213,28,-17.0,True
medium_72,qlearning,0,214,28,-17.0,True
medium_72,qlearning,0,215,28,-17.0,True
medium_72,qlearning,0,216,28,-17.0,True
medium_72,qlearning,0,217,28,-17.0,True
medium_72,qlearning,0,218,28,-17.0,True
medium_72,qlearning,0,219,28,-17.0,True
medium_72,qlearning,0,220,28,-17.0,True
medium_72,qlearning,0,221,28,-17.0,True
medium_72,qlearning,0,222,29,-18.0,True
medium_72,qlearning,0,223,29,-18.0,True
medium_72,qlearning,0,224,28,-17.0,True
medium_72,qlearning,0,225,28,-17.0,True
medium_72,qlearning,0,226,28,-17.0,True
medium_72,qlearning,0,227,50,-39.0,True
medium_72,qlearning,0,228,28,-17.0,True
medium_72,qlearning,0,229,28,-17.0,True
medium_72,qlearning,0,230,28,-17.0,True
medium_72,qlearning,0,231,28,-17.0,True
medium_72,qlearning,0,232,28,-17.0,True
medium_72,qlearning,0,233,28,-17.0,True
medium_72,qlearning,0,234,28,-17.0,True
medium_72,qlearning,0,235,28,-17.0,True
medium_72,qlearning,0,236,28,-17.0,True
medium_72,qlearning,0,237,28,-17.0,True
medium_72,qlearning,0,238,28,-17.0,True
medium_72,qlearning,0,239,28,-17.0,True
medium_72,qlearning,0,240,28,-17.0,True
medium_72,qlearning,0,241,28,-17.0,True
medium_72,qlearning,0,242,28,-17.0,True
medium_72,qlearning,0,243,28,-17.0,True
medium_72,qlearning,0,244,28,-17.0,True
medium_72,qlearning,0,245,28,-17.0,True
medium_72,qlearning,0,246,28,-17.0,True
medium_72,qlearning,0,247,28,-17.0,True
medium_72,qlearning,0,248,29,-18.0,True
medium_72,qlearning,0,249,28,-17.0,True
medium_72,qlearning,0,250,28,-17.0,True
medium_72,qlearning,0,251,29,-18.0,True
medium_72,qlearning,0,252,28,-17.0,True
medium_72,qlearning,0,253,28,-17.0,True
medium_72,qlearning,0,254,28,-17.0,True
medium_72,qlearning,0,255,28,-17.0,True
medium_72,qlearning,0,256,28,-17.0,True
medium_72,qlearning,0,257,28,-17.0,True
medium_72,qlearning,0,258,28,-17.0,True
medium_72,qlearning,0,259,28,-17.0,True
medium_72,qlearning,0,260,28,-17.0,True
medium_72,qlearning,0,261,28,-17.0,True
medium_72,qlearning,0,262,28,-17.0,True
medium_72,qlearning,0,263,28,-17.0,True
medium_72,qlearning,0,264,28,-17.0,True
medium_72,qlearning,0,265,28,-17.0,True
medium_72,qlearning,0,266,28,-17.0,True
medium_72,qlearning,0,267,29,-18.0,True
medium_72,qlearning,0,268,28,-17.0,True
medium_72,qlearning,0,269,28,-17.0,True
medium_72,qlearning,0,270,28,-17.0,True
medium_72,qlearning,0,271,28,-17.0,True
medium_72,qlearning,0,272,29,-18.0,True
medium_72,qlearning,0,273,28,-17.0,True
medium_72,qlearning,0,274,28,-17.0,True
medium_72,qlearning,0,275,28,-17.0,True
medium_72,qlearning,0,276,28,-17.0,True
medium_72,qlearning,0,277,28,-17.0,True
medium_72,qlearning,0,278,28,-17.0,True
medium_72,qlearning,0,279,28,-17.0,True
medium_72,qlearning,0,280,28,-17.0,True
medium_72,qlearning,0,281,28,-17.0,True
medium_72,qlearning,0,282,28,-17.0,True
medium_72,qlearning,0,283,30,-19.0,True
medium_72,qlearning,0,284,28,-17.0,True
medium_72,qlearning,0,285,28,-17.0,True
medium_72,qlearning,0,286,28,-17.0,True
medium_72,qlearning,0,287,28,-17.0,True
medium_72,qlearning,0,288,28,-17.0,True
medium_72,qlearning,0,289,28,-17.0,True
medium_72,qlearning,0,290,28,-17.0,True
medium_72,qlearning,0,291,28,-17.0,True
medium_72,qlearning,0,292,28,-17.0,True
medium_72,qlearning,0,293,28,-17.0,True
medium_72,qlearning,0,294,28,-17.0,True
medium_72,qlearning,0,295,50,-39.0,True
medium_72,qlearning,0,296,28,-17.0,True
medium_72,qlearning,0,297,28,-17.0,True
medium_72,qlearning,0,298,28,-17.0,True
medium_72,qlearning,0,299,28,-17.0,True
medium_72,mlp,0,0,250,-250.0,False
medium_72,mlp,0,1,250,-250.0,False
medium_72,mlp,0,2,250,-250.0,False
medium_72,mlp,0,3,250,-250.0,False
medium_72,mlp,0,4,250,-250.0,False
medium_72,mlp,0,5,250,-250.0,False
medium_72,mlp,0,6,250,-250.0,False
medium_72,mlp,0,7,250,-250.0,False
medium_72,mlp,0,8,250,-250.0,False
medium_72,mlp,0,9,250,-250.0,False
medium_72,mlp,0,10,250,-250.0,False
medium_72,mlp,0,11,250,-250.0,False
medium_72,mlp,0,12,250,-250.0,False
medium_72,mlp,0,13,250,-250.0,False
medium_72,mlp,0,14,250,-250.0,False
medium_72,mlp,0,15,250,-250.0,False
medium_72,mlp,0,16,250,-250.0,False
medium_72,mlp,0,17,250,-250.0,False
medium_72,mlp,0,18,250,-250.0,False
medium_72,mlp,0,19,250,-250.0,False
medium_72,mlp,0,20,250,-250.0,False
medium_72,mlp,0,21,250,-250.0,False
medium_72,mlp,0,22,250,-250.0,False
medium_72,mlp,0,23,250,-250.0,False
medium_72,mlp,0,24,250,-250.0,False
medium_72,mlp,0,25,250,-250.0,False
medium_72,mlp,0,26,250,-250.0,False
medium_72,mlp,0,27,250,-250.0,False
medium_72,mlp,0,28,250,-250.0,False
medium_72,mlp,0,29,250,-250.0,False
medium_72,mlp,0,30,250,-250.0,False
medium_72,mlp,0,31,250,-250.0,False
medium_72,mlp,0,32,250,-250.0,False
medium_72,mlp,0,33,250,-250.0,False
medium_72,mlp,0,34,250,-250.0,False
medium_72,mlp,0,35,250,-250.0,False
medium_72,mlp,0,36,250,-250.0,False
medium_72,mlp,0,37,250,-250.0,False
medium_72,mlp,0,38,250,-250.0,False
medium_72,mlp,0,39,250,-250.0,False
medium_72,mlp,0,40,250,-250.0,False
medium_72,mlp,0,41,215,-204.0,True
medium_72,mlp,0,42,216,-205.0,True
medium_72,mlp,0,43,103,-92.0,True
medium_72,mlp,0,44,79,-68.0,True
medium_72,mlp,0,45,115,-104.0,True
medium_72,mlp,0,46,123,-112.0,True
medium_72,mlp,0,47,159,-148.0,True
medium_72,mlp,0,48,102,-91.0,True
medium_72,mlp,0,49,250,-250.0,False
medium_72,mlp,0,50,217,-206.0,True
medium_72,mlp,0,51,77,-66.0,True
medium_72,mlp,0,52,37,-26.0,True
medium_72,mlp,0,53,37,-26.0,True
medium_72,mlp,0,54,36,-25.0,True
medium_72,mlp,0,55,39,-28.0,True
medium_72,mlp,0,56,31,-20.0,True
medium_72,mlp,0,57,28,-17.0,True
medium_72,mlp,0,58,44,-33.0,True
medium_72,mlp,0,59,30,-19.0,True
medium_72,mlp,0,60,30,-19.0,True
medium_72,mlp,0,61,28,-17.0,True
medium_72,mlp,0,62,35,-24.0,True
medium_72,mlp,0,63,32,-21.0,True
medium_72,mlp,0,64,33,-22.0,True
medium_72,mlp,0,65,32,-21.0,True
medium_72,mlp,0,66,32,-21.0,True
medium_72,mlp,0,67,29,-18.0,True
medium_72,mlp,0,68,28,-17.0,True
medium_72,mlp,0,69,28,-17.0,True
medium_72,mlp,0,70,28,-17.0,True
medium_72,mlp,0,71,30,-19.0,True
medium_72,mlp,0,72,57,-46.0,True
medium_72,mlp,0,73,28,-17.0,True
medium_72,mlp,0,74,43,-32.0,True
medium_72,mlp,0,75,34,-23.0,True
medium_72,mlp,0,76,28,-17.0,True
medium_72,mlp,0,77,38,-27.0,True
medium_72,mlp,0,78,28,-17.0,True
medium_72,mlp,0,79,29,-18.0,True
medium_72,mlp,0,80,30,-19.0,True
medium_72,mlp,0,81,28,-17.0,True
medium_72,mlp,0,82,30,-19.0,True
medium_72,mlp,0,83,28,-17.0,True
medium_72,mlp,0,84,36,-25.0,True
medium_72,mlp,0,85,28,-17.0,True
medium_72,mlp,0,86,35,-24.0,True
medium_72,mlp,0,87,33,-22.0,True
medium_72,mlp,0,88,30,-19.0,True
medium_72,mlp,0,89,28,-17.0,True
medium_72,mlp,0,90,36,-25.0,True
medium_72,mlp,0,91,28,-17.0,True
medium_72,mlp,0,92,28,-17.0,True
medium_72,mlp,0,93,28,-17.0,True
medium_72,mlp,0,94,28,-17.0,True
medium_72,mlp,0,95,42,-31.0,True
medium_72,mlp,0,96,47,-36.0,True
medium_72,mlp,0,97,33,-22.0,True
medium_72,mlp,0,98,28,-17.0,True
medium_72,mlp,0,99,29,-18.0,True
medium_72,mlp,0,100,28,-17.0,True
medium_72,mlp,0,101,36,-25.0,True
medium_72,mlp,0,102,36,-25.0,True
medium_72,mlp,0,103,250,-250.0,False
medium_72,mlp,0,104,250,-250.0,False
medium_72,mlp,0,105,250,-250.0,False
medium_72,mlp,0,106,250,-250.0,False
medium_72,mlp,0,107,250,-250.0,False
medium_72,mlp,0,108,250,-250.0,False
medium_72,mlp,0,109,158,-147.0,True
medium_72,mlp,0,110,250,-250.0,False
medium_72,mlp,0,111,58,-47.0,True
medium_72,mlp,0,112,46,-35.0,True
medium_72,mlp,0,113,28,-17.0,True
medium_72,mlp,0,114,146,-135.0,True
medium_72,mlp,0,115,30,-19.0,True
medium_72,mlp,0,116,28,-17.0,True
medium_72,mlp,0,117,30,-19.0,True
medium_72,mlp,0,118,28,-17.0,True
medium_72,mlp,0,119,30,-19.0,True
medium_72,mlp,0,120,28,-17.0,True
medium_72,mlp,0,121,28,-17.0,True
medium_72,mlp,0,122,28,-17.0,True
medium_72,mlp,0,123,28,-17.0,True
medium_72,mlp,0,124,28,-17.0,True
medium_72,mlp,0,125,28,-17.0,True
medium_72,mlp,0,126,31,-20.0,True
medium_72,mlp,0,127,28,-17.0,True
medium_72,mlp,0,128,30,-19.0,True
medium_72,mlp,0,129,30,-19.0,True
medium_72,mlp,0,130,28,-17.0,True
medium_72,mlp,0,131,35,-24.0,True
medium_72,mlp,0,132,28,-17.0,True
medium_72,mlp,0,133,38,-27.0,True
medium_72,mlp,0,134,28,-17.0,True
medium_72,mlp,0,135,28,-17.0,True
medium_72,mlp,0,136,28,-17.0,True
medium_72,mlp,0,137,28,-17.0,True
medium_72,mlp,0,138,29,-18.0,True
medium_72,mlp,0,139,28,-17.0,True
medium_72,mlp,0,140,28,-17.0,True
medium_72,mlp,0,141,28,-17.0,True
medium_72,mlp,0,142,29,-18.0,True
medium_72,mlp,0,143,29,-18.0,True
medium_72,mlp,0,144,28,-17.0,True
medium_72,mlp,0,145,38,-27.0,True
medium_72,mlp,0,146,28,-17.0,True
medium_72,mlp,0,147,32,-21.0,True
medium_72,mlp,0,148,30,-19.0,True
medium_72,mlp,0,149,28,-17.0,True
medium_72,mlp,0,150,30,-19.0,True
medium_72,mlp,0,151,30,-19.0,True
medium_72,mlp,0,152,28,-17.0,True
medium_72,mlp,0,153,30,-19.0,True
medium_72,mlp,0,154,28,-17.0,True
medium_72,mlp,0,155,28,-17.0,True
medium_72,mlp,0,156,28,-17.0,True
medium_72,mlp,0,157,29,-18.0,True
medium_72,mlp,0,158,28,-17.0,True
medium_72,mlp,0,159,41,-30.0,True
medium_72,mlp,0,160,28,-17.0,True
medium_72,mlp,0,161,29,-18.0,True
medium_72,mlp,0,162,28,-17.0,True
medium_72,mlp,0,163,28,-17.0,True
medium_72,mlp,0,164,30,-19.0,True
medium_72,mlp,0,165,28,-17.0,True
medium_72,mlp,0,166,31,-20.0,True
medium_72,mlp,0,167,28,-17.0,True
medium_72,mlp,0,168,28,-17.0,True
medium_72,mlp,0,169,28,-17.0,True
medium_72,mlp,0,170,28,-17.0,True
medium_72,mlp,0,171,28,-17.0,True
medium_72,mlp,0,172,44,-33.0,True
medium_72,mlp,0,173,31,-20.0,True
medium_72,mlp,0,174,28,-17.0,True
medium_72,mlp,0,175,28,-17.0,True
medium_72,mlp,0,176,31,-20.0,True
medium_72,mlp,0,177,30,-19.0,True
medium_72,mlp,0,178,32,-21.0,True
medium_72,mlp,0,179,28,-17.0,True
medium_72,mlp,0,180,28,-17.0,True
medium_72,mlp,0,181,28,-17.0,True
medium_72,mlp,0,182,28,-17.0,True
medium_72,mlp,0,183,28,-17.0,True
medium_72,mlp,0,184,28,-17.0,True
medium_72,mlp,0,185,28,-17.0,True
medium_72,mlp,0,186,28,-17.0,True
medium_72,mlp,0,187,28,-17.0,True
medium_72,mlp,0,188,28,-17.0,True
medium_72,mlp,0,189,28,-17.0,True
medium_72,mlp,0,190,28,-17.0,True
medium_72,mlp,0,191,37,-26.0,True
medium_72,mlp,0,192,28,-17.0,True
medium_72,mlp,0,193,29,-18.0,True
medium_72,mlp,0,194,48,-37.0,True
medium_72,mlp,0,195,39,-28.0,True
medium_72,mlp,0,196,28,-17.0,True
medium_72,mlp,0,197,46,-35.0,True
medium_72,mlp,0,198,28,-17.0,True
medium_72,mlp,0,199,28,-17.0,True
medium_72,mlp,0,200,28,-17.0,True
medium_72,mlp,0,201,29,-18.0,True
medium_72,mlp,0,202,28,-17.0,True
medium_72,mlp,0,203,28,-17.0,True
medium_72,mlp,0,204,28,-17.0,True
medium_72,mlp,0,205,53,-42.0,True
medium_72,mlp,0,206,38,-27.0,True
medium_72,mlp,0,207,28,-17.0,True
medium_72,mlp,0,208,28,-17.0,True
medium_72,mlp,0,209,28,-17.0,True
medium_72,mlp,0,210,29,-18.0,True
medium_72,mlp,0,211,51,-40.0,True
medium_72,mlp,0,212,28,-17.0,True
medium_72,mlp,0,213,40,-29.0,True
medium_72,mlp,0,214,28,-17.0,True
medium_72,mlp,0,215,42,-31.0,True
medium_72,mlp,0,216,28,-17.0,True
medium_72,mlp,0,217,31,-20.0,True
medium_72,mlp,0,218,29,-18.0,True
medium_72,mlp,0,219,35,-24.0,True
medium_72,mlp,0,220,28,-17.0,True
medium_72,mlp,0,221,28,-17.0,True
medium_72,mlp,0,222,28,-17.0,True
medium_72,mlp,0,223,28,-17.0,True
medium_72,mlp,0,224,28,-17.0,True
medium_72,mlp,0,225,28,-17.0,True
medium_72,mlp,0,226,28,-17.0,True
medium_72,mlp,0,227,28,-17.0,True
medium_72,mlp,0,228,28,-17.0,True
medium_72,mlp,0,229,28,-17.0,True
medium_72,mlp,0,230,28,-17.0,True
medium_72,mlp,0,231,29,-18.0,True
medium_72,mlp,0,232,28,-17.0,True
medium_72,mlp,0,233,28,-17.0,True
medium_72,mlp,0,234,28,-17.0,True
medium_72,mlp,0,235,28,-17.0,True
medium_72,mlp,0,236,28,-17.0,True
medium_72,mlp,0,237,29,-18.0,True
medium_72,mlp,0,238,28,-17.0,True
medium_72,mlp,0,239,28,-17.0,True
medium_72,mlp,0,240,28,-17.0,True
medium_72,mlp,0,241,28,-17.0,True
medium_72,mlp,0,242,28,-17.0,True
medium_72,mlp,0,243,31,-20.0,True
medium_72,mlp,0,244,28,-17.0,True
medium_72,mlp,0,245,30,-19.0,True
medium_72,mlp,0,246,28,-17.0,True
medium_72,mlp,0,247,40,-29.0,True
medium_72,mlp,0,248,30,-19.0,True
medium_72,mlp,0,249,29,-18.0,True
medium_72,mlp,0,250,28,-17.0,True
medium_72,mlp,0,251,28,-17.0,True
medium_72,mlp,0,252,28,-17.0,True
medium_72,mlp,0,253,28,-17.0,True
medium_72,mlp,0,254,30,-19.0,True
medium_72,mlp,0,255,37,-26.0,True
medium_72,mlp,0,256,30,-19.0,True
medium_72,mlp,0,257,28,-17.0,True
medium_72,mlp,0,258,28,-17.0,True
medium_72,mlp,0,259,28,-17.0,True
medium_72,mlp,0,260,40,-29.0,True
medium_72,mlp,0,261,28,-17.0,True
medium_72,mlp,0,262,28,-17.0,True
medium_72,mlp,0,263,30,-19.0,True
medium_72,mlp,0,264,28,-17.0,True
medium_72,mlp,0,265,28,-17.0,True
medium_72,mlp,0,266,28,-17.0,True
medium_72,mlp,0,267,28,-17.0,True
medium_72,mlp,0,268,28,-17.0,True
medium_72,mlp,0,269,30,-19.0,True
medium_72,mlp,0,270,28,-17.0,True
medium_72,mlp,0,271,28,-17.0,True
medium_72,mlp,0,272,28,-17.0,True
medium_72,mlp,0,273,28,-17.0,True
medium_72,mlp,0,274,29,-18.0,True
medium_72,mlp,0,275,28,-17.0,True
medium_72,mlp,0,276,28,-17.0,True
medium_72,mlp,0,277,28,-17.0,True
medium_72,mlp,0,278,28,-17.0,True
medium_72,mlp,0,279,28,-17.0,True
medium_72,mlp,0,280,28,-17.0,True
medium_72,mlp,0,281,28,-17.0,True
medium_72,mlp,0,282,30,-19.0,True
medium_72,mlp,0,283,28,-17.0,True
medium_72,mlp,0,284,28,-17.0,True
medium_72,mlp,0,285,28,-17.0,True
medium_72,mlp,0,286,28,-17.0,True
medium_72,mlp,0,287,28,-17.0,True
medium_72,mlp,0,288,28,-17.0,True
medium_72,mlp,0,289,28,-17.0,True
medium_72,mlp,0,290,30,-19.0,True
medium_72,mlp,0,291,28,-17.0,True
medium_72,mlp,0,292,28,-17.0,True
medium_72,mlp,0,293,30,-19.0,True
medium_72,mlp,0,294,29,-18.0,True
medium_72,mlp,0,295,40,-29.0,True
medium_72,mlp,0,296,35,-24.0,True
medium_72,mlp,0,297,38,-27.0,True
medium_72,mlp,0,298,28,-17.0,True
medium_72,mlp,0,299,28,-17.0,True
medium_72,connectome,0,0,250,-250.0,False
medium_72,connectome,0,1,250,-250.0,False
medium_72,connectome,0,2,164,-153.0,True
medium_72,connectome,0,3,29,-18.0,True
medium_72,connectome,0,4,31,-20.0,True
medium_72,connectome,0,5,35,-24.0,True
medium_72,connectome,0,6,28,-17.0,True
medium_72,connectome,0,7,45,-34.0,True
medium_72,connectome,0,8,29,-18.0,True
medium_72,connectome,0,9,31,-20.0,True
medium_72,connectome,0,10,29,-18.0,True
medium_72,connectome,0,11,32,-21.0,True
medium_72,connectome,0,12,30,-19.0,True
medium_72,connectome,0,13,29,-18.0,True
medium_72,connectome,0,14,28,-17.0,True
medium_72,connectome,0,15,30,-19.0,True
medium_72,connectome,0,16,29,-18.0,True
medium_72,connectome,0,17,29,-18.0,True
medium_72,connectome,0,18,28,-17.0,True
medium_72,connectome,0,19,50,-39.0,True
medium_72,connectome,0,20,31,-20.0,True
medium_72,connectome,0,21,29,-18.0,True
medium_72,connectome,0,22,30,-19.0,True
medium_72,connectome,0,23,28,-17.0,True
medium_72,connectome,0,24,29,-18.0,True
medium_72,connectome,0,25,28,-17.0,True
medium_72,connectome,0,26,29,-18.0,True
medium_72,connectome,0,27,29,-18.0,True
medium_72,connectome,0,28,35,-24.0,True
medium_72,connectome,0,29,28,-17.0,True
medium_72,connectome,0,30,32,-21.0,True
medium_72,connectome,0,31,31,-20.0,True
medium_72,connectome,0,32,28,-17.0,True
medium_72,connectome,0,33,30,-19.0,True
medium_72,connectome,0,34,29,-18.0,True
medium_72,connectome,0,35,30,-19.0,True
medium_72,connectome,0,36,30,-19.0,True
medium_72,connectome,0,37,30,-19.0,True
medium_72,connectome,0,38,29,-18.0,True
medium_72,connectome,0,39,28,-17.0,True
medium_72,connectome,0,40,29,-18.0,True
medium_72,connectome,0,41,32,-21.0,True
medium_72,connectome,0,42,29,-18.0,True
medium_72,connectome,0,43,34,-23.0,True
medium_72,connectome,0,44,29,-18.0,True
medium_72,connectome,0,45,42,-31.0,True
medium_72,connectome,0,46,28,-17.0,True
medium_72,connectome,0,47,29,-18.0,True
medium_72,connectome,0,48,30,-19.0,True
medium_72,connectome,0,49,29,-18.0,True
medium_72,connectome,0,50,29,-18.0,True
medium_72,connectome,0,51,30,-19.0,True
medium_72,connectome,0,52,28,-17.0,True
medium_72,connectome,0,53,31,-20.0,True
medium_72,connectome,0,54,28,-17.0,True
medium_72,connectome,0,55,31,-20.0,True
medium_72,connectome,0,56,43,-32.0,True
medium_72,connectome,0,57,28,-17.0,True
medium_72,connectome,0,58,30,-19.0,True
medium_72,connectome,0,59,31,-20.0,True
medium_72,connectome,0,60,28,-17.0,True
medium_72,connectome,0,61,28,-17.0,True
medium_72,connectome,0,62,28,-17.0,True
medium_72,connectome,0,63,29,-18.0,True
medium_72,connectome,0,64,28,-17.0,True
medium_72,connectome,0,65,29,-18.0,True
medium_72,connectome,0,66,28,-17.0,True
medium_72,connectome,0,67,28,-17.0,True
medium_72,connectome,0,68,28,-17.0,True
medium_72,connectome,0,69,30,-19.0,True
medium_72,connectome,0,70,28,-17.0,True
medium_72,connectome,0,71,28,-17.0,True
medium_72,connectome,0,72,28,-17.0,True
medium_72,connectome,0,73,28,-17.0,True
medium_72,connectome,0,74,29,-18.0,True
medium_72,connectome,0,75,30,-19.0,True
medium_72,connectome,0,76,28,-17.0,True
medium_72,connectome,0,77,28,-17.0,True
medium_72,connectome,0,78,28,-17.0,True
medium_72,connectome,0,79,29,-18.0,True
medium_72,connectome,0,80,28,-17.0,True
medium_72,connectome,0,81,29,-18.0,True
medium_72,connectome,0,82,30,-19.0,True
medium_72,connectome,0,83,29,-18.0,True
medium_72,connectome,0,84,28,-17.0,True
medium_72,connectome,0,85,28,-17.0,True
medium_72,connectome,0,86,28,-17.0,True
medium_72,connectome,0,87,30,-19.0,True
medium_72,connectome,0,88,28,-17.0,True
medium_72,connectome,0,89,28,-17.0,True
medium_72,connectome,0,90,30,-19.0,True
medium_72,connectome,0,91,28,-17.0,True
medium_72,connectome,0,92,30,-19.0,True
medium_72,connectome,0,93,28,-17.0,True
medium_72,connectome,0,94,28,-17.0,True
medium_72,connectome,0,95,28,-17.0,True
medium_72,connectome,0,96,28,-17.0,True
medium_72,connectome,0,97,28,-17.0,True
medium_72,connectome,0,98,28,-17.0,True
medium_72,connectome,0,99,28,-17.0,True
medium_72,connectome,0,100,28,-17.0,True
medium_72,connectome,0,101,28,-17.0,True
medium_72,connectome,0,102,28,-17.0,True
medium_72,connectome,0,103,28,-17.0,True
medium_72,connectome,0,104,28,-17.0,True
medium_72,connectome,0,105,28,-17.0,True
medium_72,connectome,0,106,28,-17.0,True
medium_72,connectome,0,107,28,-17.0,True
medium_72,connectome,0,108,28,-17.0,True
medium_72,connectome,0,109,28,-17.0,True
medium_72,connectome,0,110,28,-17.0,True
medium_72,connectome,0,111,29,-18.0,True
medium_72,connectome,0,112,30,-19.0,True
medium_72,connectome,0,113,28,-17.0,True
medium_72,connectome,0,114,28,-17.0,True
medium_72,connectome,0,115,28,-17.0,True
medium_72,connectome,0,116,29,-18.0,True
medium_72,connectome,0,117,28,-17.0,True
medium_72,connectome,0,118,28,-17.0,True
medium_72,connectome,0,119,28,-17.0,True
medium_72,connectome,0,120,28,-17.0,True
medium_72,connectome,0,121,28,-17.0,True
medium_72,connectome,0,122,28,-17.0,True
medium_72,connectome,0,123,28,-17.0,True
medium_72,connectome,0,124,28,-17.0,True
medium_72,connectome,0,125,29,-18.0,True
medium_72,connectome,0,126,28,-17.0,True
medium_72,connectome,0,127,29,-18.0,True
medium_72,connectome,0,128,28,-17.0,True
medium_72,connectome,0,129,28,-17.0,True
medium_72,connectome,0,130,29,-18.0,True
medium_72,connectome,0,131,28,-17.0,True
medium_72,connectome,0,132,28,-17.0,True
medium_72,connectome,0,133,28,-17.0,True
medium_72,connectome,0,134,28,-17.0,True
medium_72,connectome,0,135,28,-17.0,True
medium_72,connectome,0,136,28,-17.0,True
medium_72,connectome,0,137,28,-17.0,True
medium_72,connectome,0,138,28,-17.0,True
medium_72,connectome,0,139,28,-17.0,True
medium_72,connectome,0,140,28,-17.0,True
medium_72,connectome,0,141,30,-19.0,True
medium_72,connectome,0,142,28,-17.0,True
medium_72,connectome,0,143,28,-17.0,True
medium_72,connectome,0,144,28,-17.0,True
medium_72,connectome,0,145,28,-17.0,True
medium_72,connectome,0,146,28,-17.0,True
medium_72,connectome,0,147,28,-17.0,True
medium_72,connectome,0,148,28,-17.0,True
medium_72,connectome,0,149,28,-17.0,True
medium_72,connectome,0,150,28,-17.0,True
medium_72,connectome,0,151,29,-18.0,True
medium_72,connectome,0,152,28,-17.0,True
medium_72,connectome,0,153,29,-18.0,True
medium_72,connectome,0,154,29,-18.0,True
medium_72,connectome,0,155,31,-20.0,True
medium_72,connectome,0,156,28,-17.0,True
medium_72,connectome,0,157,28,-17.0,True
medium_72,connectome,0,158,28,-17.0,True
medium_72,connectome,0,159,28,-17.0,True
medium_72,connectome,0,160,28,-17.0,True
medium_72,connectome,0,161,30,-19.0,True
medium_72,connectome,0,162,28,-17.0,True
medium_72,connectome,0,163,28,-17.0,True
medium_72,connectome,0,164,28,-17.0,True
medium_72,connectome,0,165,28,-17.0,True
medium_72,connectome,0,166,28,-17.0,True
medium_72,connectome,0,167,28,-17.0,True
medium_72,connectome,0,168,28,-17.0,True
medium_72,connectome,0,169,28,-17.0,True
medium_72,connectome,0,170,28,-17.0,True
medium_72,connectome,0,171,28,-17.0,True
medium_72,connectome,0,172,28,-17.0,True
medium_72,connectome,0,173,28,-17.0,True
medium_72,connectome,0,174,28,-17.0,True
medium_72,connectome,0,175,28,-17.0,True
medium_72,connectome,0,176,28,-17.0,True
medium_72,connectome,0,177,28,-17.0,True
medium_72,connectome,0,178,28,-17.0,True
medium_72,connectome,0,179,28,-17.0,True
medium_72,connectome,0,180,28,-17.0,True
medium_72,connectome,0,181,28,-17.0,True
medium_72,connectome,0,182,29,-18.0,True
medium_72,connectome,0,183,30,-19.0,True
medium_72,connectome,0,184,28,-17.0,True
medium_72,connectome,0,185,28,-17.0,True
medium_72,connectome,0,186,28,-17.0,True
medium_72,connectome,0,187,28,-17.0,True
medium_72,connectome,0,188,28,-17.0,True
medium_72,connectome,0,189,29,-18.0,True
medium_72,connectome,0,190,30,-19.0,True
medium_72,connectome,0,191,28,-17.0,True
medium_72,connectome,0,192,28,-17.0,True
medium_72,connectome,0,193,28,-17.0,True
medium_72,connectome,0,194,30,-19.0,True
medium_72,connectome,0,195,28,-17.0,True
medium_72,connectome,0,196,28,-17.0,True
medium_72,connectome,0,197,29,-18.0,True
medium_72,connectome,0,198,28,-17.0,True
medium_72,connectome,0,199,28,-17.0,True
medium_72,connectome,0,200,30,-19.0,True
medium_72,connectome,0,201,28,-17.0,True
medium_72,connectome,0,202,29,-18.0,True
medium_72,connectome,0,203,28,-17.0,True
medium_72,connectome,0,204,28,-17.0,True
medium_72,connectome,0,205,28,-17.0,True
medium_72,connectome,0,206,28,-17.0,True
medium_72,connectome,0,207,28,-17.0,True
medium_72,connectome,0,208,30,-19.0,True
medium_72,connectome,0,209,28,-17.0,True
medium_72,connectome,0,210,30,-19.0,True
medium_72,connectome,0,211,28,-17.0,True
medium_72,connectome,0,212,28,-17.0,True
medium_72,connectome,0,213,28,-17.0,True
medium_72,connectome,0,214,28,-17.0,True
medium_72,connectome,0,215,28,-17.0,True
medium_72,connectome,0,216,28,-17.0,True
medium_72,connectome,0,217,28,-17.0,True
medium_72,connectome,0,218,28,-17.0,True
medium_72,connectome,0,219,28,-17.0,True
medium_72,connectome,0,220,28,-17.0,True
medium_72,connectome,0,221,28,-17.0,True
medium_72,connectome,0,222,29,-18.0,True
medium_72,connectome,0,223,29,-18.0,True
medium_72,connectome,0,224,28,-17.0,True
medium_72,connectome,0,225,28,-17.0,True
medium_72,connectome,0,226,28,-17.0,True
medium_72,connectome,0,227,50,-39.0,True
medium_72,connectome,0,228,28,-17.0,True
medium_72,connectome,0,229,28,-17.0,True
medium_72,connectome,0,230,28,-17.0,True
medium_72,connectome,0,231,28,-17.0,True
medium_72,connectome,0,232,28,-17.0,True
medium_72,connectome,0,233,28,-17.0,True
medium_72,connectome,0,234,28,-17.0,True
medium_72,connectome,0,235,28,-17.0,True
medium_72,connectome,0,236,28,-17.0,True
medium_72,connectome,0,237,28,-17.0,True
medium_72,connectome,0,238,28,-17.0,True
medium_72,connectome,0,239,28,-17.0,True
medium_72,connectome,0,240,28,-17.0,True
medium_72,connectome,0,241,28,-17.0,True
medium_72,connectome,0,242,28,-17.0,True
medium_72,connectome,0,243,28,-17.0,True
medium_72,connectome,0,244,28,-17.0,True
medium_72,connectome,0,245,28,-17.0,True
medium_72,connectome,0,246,28,-17.0,True
medium_72,connectome,0,247,28,-17.0,True
medium_72,connectome,0,248,29,-18.0,True
medium_72,connectome,0,249,28,-17.0,True
medium_72,connectome,0,250,28,-17.0,True
medium_72,connectome,0,251,29,-18.0,True
medium_72,connectome,0,252,28,-17.0,True
medium_72,connectome,0,253,28,-17.0,True
medium_72,connectome,0,254,28,-17.0,True
medium_72,connectome,0,255,28,-17.0,True
medium_72,connectome,0,256,28,-17.0,True
medium_72,connectome,0,257,28,-17.0,True
medium_72,connectome,0,258,28,-17.0,True
medium_72,connectome,0,259,28,-17.0,True
medium_72,connectome,0,260,28,-17.0,True
medium_72,connectome,0,261,28,-17.0,True
medium_72,connectome,0,262,28,-17.0,True
medium_72,connectome,0,263,28,-17.0,True
medium_72,connectome,0,264,28,-17.0,True
medium_72,connectome,0,265,28,-17.0,True
medium_72,connectome,0,266,28,-17.0,True
medium_72,connectome,0,267,29,-18.0,True
medium_72,connectome,0,268,28,-17.0,True
medium_72,connectome,0,269,28,-17.0,True
medium_72,connectome,0,270,28,-17.0,True
medium_72,connectome,0,271,28,-17.0,True
medium_72,connectome,0,272,29,-18.0,True
medium_72,connectome,0,273,28,-17.0,True
medium_72,connectome,0,274,28,-17.0,True
medium_72,connectome,0,275,28,-17.0,True
medium_72,connectome,0,276,28,-17.0,True
medium_72,connectome,0,277,28,-17.0,True
medium_72,connectome,0,278,28,-17.0,True
medium_72,connectome,0,279,28,-17.0,True
medium_72,connectome,0,280,28,-17.0,True
medium_72,connectome,0,281,28,-17.0,True
medium_72,connectome,0,282,28,-17.0,True
medium_72,connectome,0,283,30,-19.0,True
medium_72,connectome,0,284,28,-17.0,True
medium_72,connectome,0,285,28,-17.0,True
medium_72,connectome,0,286,28,-17.0,True
medium_72,connectome,0,287,28,-17.0,True
medium_72,connectome,0,288,28,-17.0,True
medium_72,connectome,0,289,28,-17.0,True
medium_72,connectome,0,290,28,-17.0,True
medium_72,connectome,0,291,28,-17.0,True
medium_72,connectome,0,292,28,-17.0,True
medium_72,connectome,0,293,28,-17.0,True
medium_72,connectome,0,294,28,-17.0,True
medium_72,connectome,0,295,50,-39.0,True
medium_72,connectome,0,296,28,-17.0,True
medium_72,connectome,0,297,28,-17.0,True
medium_72,connectome,0,298,28,-17.0,True
medium_72,connectome,0,299,28,-17.0,True
medium_72,qlearning,1,0,250,-250.0,False
medium_72,qlearning,1,1,250,-250.0,False
medium_72,qlearning,1,2,157,-146.0,True
medium_72,qlearning,1,3,31,-20.0,True
medium_72,qlearning,1,4,28,-17.0,True
medium_72,qlearning,1,5,29,-18.0,True
medium_72,qlearning,1,6,30,-19.0,True
medium_72,qlearning,1,7,51,-40.0,True
medium_72,qlearning,1,8,30,-19.0,True
medium_72,qlearning,1,9,55,-44.0,True
medium_72,qlearning,1,10,31,-20.0,True
medium_72,qlearning,1,11,33,-22.0,True
medium_72,qlearning,1,12,30,-19.0,True
medium_72,qlearning,1,13,28,-17.0,True
medium_72,qlearning,1,14,28,-17.0,True
medium_72,qlearning,1,15,30,-19.0,True
medium_72,qlearning,1,16,33,-22.0,True
medium_72,qlearning,1,17,28,-17.0,True
medium_72,qlearning,1,18,28,-17.0,True
medium_72,qlearning,1,19,28,-17.0,True
medium_72,qlearning,1,20,31,-20.0,True
medium_72,qlearning,1,21,29,-18.0,True
medium_72,qlearning,1,22,28,-17.0,True
medium_72,qlearning,1,23,32,-21.0,True
medium_72,qlearning,1,24,28,-17.0,True
medium_72,qlearning,1,25,28,-17.0,True
medium_72,qlearning,1,26,29,-18.0,True
medium_72,qlearning,1,27,34,-23.0,True
medium_72,qlearning,1,28,29,-18.0,True
medium_72,qlearning,1,29,29,-18.0,True
medium_72,qlearning,1,30,29,-18.0,True
medium_72,qlearning,1,31,28,-17.0,True
medium_72,qlearning,1,32,30,-19.0,True
medium_72,qlearning,1,33,29,-18.0,True
medium_72,qlearning,1,34,30,-19.0,True
medium_72,qlearning,1,35,28,-17.0,True
medium_72,qlearning,1,36,28,-17.0,True
medium_72,qlearning,1,37,28,-17.0,True
medium_72,qlearning,1,38,28,-17.0,True
medium_72,qlearning,1,39,30,-19.0,True
medium_72,qlearning,1,40,30,-19.0,True
medium_72,qlearning,1,41,34,-23.0,True
medium_72,qlearning,1,42,34,-23.0,True
medium_72,qlearning,1,43,29,-18.0,True
medium_72,qlearning,1,44,30,-19.0,True
medium_72,qlearning,1,45,31,-20.0,True
medium_72,qlearning,1,46,30,-19.0,True
medium_72,qlearning,1,47,28,-17.0,True
medium_72,qlearning,1,48,30,-19.0,True
medium_72,qlearning,1,49,28,-17.0,True
medium_72,qlearning,1,50,31,-20.0,True
medium_72,qlearning,1,51,29,-18.0,True
medium_72,qlearning,1,52,29,-18.0,True
medium_72,qlearning,1,53,28,-17.0,True
medium_72,qlearning,1,54,28,-17.0,True
medium_72,qlearning,1,55,28,-17.0,True
medium_72,qlearning,1,56,30,-19.0,True
medium_72,qlearning,1,57,29,-18.0,True
medium_72,qlearning,1,58,28,-17.0,True
medium_72,qlearning,1,59,28,-17.0,True
medium_72,qlearning,1,60,28,-17.0,True
medium_72,qlearning,1,61,29,-18.0,True
medium_72,qlearning,1,62,28,-17.0,True
medium_72,qlearning,1,63,28,-17.0,True
medium_72,qlearning,1,64,28,-17.0,True
medium_72,qlearning,1,65,28,-17.0,True
medium_72,qlearning,1,66,28,-17.0,True
medium_72,qlearning,1,67,30,-19.0,True
medium_72,qlearning,1,68,30,-19.0,True
medium_72,qlearning,1,69,28,-17.0,True
medium_72,qlearning,1,70,30,-19.0,True
medium_72,qlearning,1,71,29,-18.0,True
medium_72,qlearning,1,72,28,-17.0,True
medium_72,qlearning,1,73,28,-17.0,True
medium_72,qlearning,1,74,31,-20.0,True
medium_72,qlearning,1,75,28,-17.0,True
medium_72,qlearning,1,76,28,-17.0,True
medium_72,qlearning,1,77,30,-19.0,True
medium_72,qlearning,1,78,28,-17.0,True
medium_72,qlearning,1,79,28,-17.0,True
medium_72,qlearning,1,80,28,-17.0,True
medium_72,qlearning,1,81,28,-17.0,True
medium_72,qlearning,1,82,28,-17.0,True
medium_72,qlearning,1,83,28,-17.0,True
medium_72,qlearning,1,84,28,-17.0,True
medium_72,qlearning,1,85,28,-17.0,True
medium_72,qlearning,1,86,28,-17.0,True
medium_72,qlearning,1,87,28,-17.0,True
medium_72,qlearning,1,88,28,-17.0,True
medium_72,qlearning,1,89,30,-19.0,True
medium_72,qlearning,1,90,28,-17.0,True
medium_72,qlearning,1,91,28,-17.0,True
medium_72,qlearning,1,92,30,-19.0,True
medium_72,qlearning,1,93,29,-18.0,True
medium_72,qlearning,1,94,31,-20.0,True
medium_72,qlearning,1,95,28,-17.0,True
medium_72,qlearning,1,96,28,-17.0,True
medium_72,qlearning,1,97,29,-18.0,True
medium_72,qlearning,1,98,28,-17.0,True
medium_72,qlearning,1,99,28,-17.0,True
medium_72,qlearning,1,100,28,-17.0,True
medium_72,qlearning,1,101,29,-18.0,True
medium_72,qlearning,1,102,28,-17.0,True
medium_72,qlearning,1,103,28,-17.0,True
medium_72,qlearning,1,104,28,-17.0,True
medium_72,qlearning,1,105,28,-17.0,True
medium_72,qlearning,1,106,28,-17.0,True
medium_72,qlearning,1,107,30,-19.0,True
medium_72,qlearning,1,108,30,-19.0,True
medium_72,qlearning,1,109,29,-18.0,True
medium_72,qlearning,1,110,29,-18.0,True
medium_72,qlearning,1,111,28,-17.0,True
medium_72,qlearning,1,112,28,-17.0,True
medium_72,qlearning,1,113,28,-17.0,True
medium_72,qlearning,1,114,28,-17.0,True
medium_72,qlearning,1,115,28,-17.0,True
medium_72,qlearning,1,116,30,-19.0,True
medium_72,qlearning,1,117,28,-17.0,True
medium_72,qlearning,1,118,28,-17.0,True
medium_72,qlearning,1,119,28,-17.0,True
medium_72,qlearning,1,120,28,-17.0,True
medium_72,qlearning,1,121,28,-17.0,True
medium_72,qlearning,1,122,28,-17.0,True
medium_72,qlearning,1,123,28,-17.0,True
medium_72,qlearning,1,124,28,-17.0,True
medium_72,qlearning,1,125,28,-17.0,True
medium_72,qlearning,1,126,30,-19.0,True
medium_72,qlearning,1,127,28,-17.0,True
medium_72,qlearning,1,128,29,-18.0,True
medium_72,qlearning,1,129,28,-17.0,True
medium_72,qlearning,1,130,28,-17.0,True
medium_72,qlearning,1,131,28,-17.0,True
medium_72,qlearning,1,132,28,-17.0,True
medium_72,qlearning,1,133,28,-17.0,True
medium_72,qlearning,1,134,50,-39.0,True
medium_72,qlearning,1,135,28,-17.0,True
medium_72,qlearning,1,136,28,-17.0,True
medium_72,qlearning,1,137,28,-17.0,True
medium_72,qlearning,1,138,28,-17.0,True
medium_72,qlearning,1,139,28,-17.0,True
medium_72,qlearning,1,140,29,-18.0,True
medium_72,qlearning,1,141,28,-17.0,True
medium_72,qlearning,1,142,28,-17.0,True
medium_72,qlearning,1,143,28,-17.0,True
medium_72,qlearning,1,144,28,-17.0,True
medium_72,qlearning,1,145,28,-17.0,True
medium_72,qlearning,1,146,28,-17.0,True
medium_72,qlearning,1,147,28,-17.0,True
medium_72,qlearning,1,148,28,-17.0,True
medium_72,qlearning,1,149,28,-17.0,True
medium_72,qlearning,1,150,28,-17.0,True
medium_72,qlearning,1,151,28,-17.0,True
medium_72,qlearning,1,152,28,-17.0,True
medium_72,qlearning,1,153,28,-17.0,True
medium_72,qlearning,1,154,28,-17.0,True
medium_72,qlearning,1,155,28,-17.0,True
medium_72,qlearning,1,156,28,-17.0,True
medium_72,qlearning,1,157,28,-17.0,True
medium_72,qlearning,1,158,28,-17.0,True
medium_72,qlearning,1,159,28,-17.0,True
medium_72,qlearning,1,160,28,-17.0,True
medium_72,qlearning,1,161,28,-17.0,True
medium_72,qlearning,1,162,28,-17.0,True
medium_72,qlearning,1,163,28,-17.0,True
medium_72,qlearning,1,164,28,-17.0,True
medium_72,qlearning,1,165,28,-17.0,True
medium_72,qlearning,1,166,30,-19.0,True
medium_72,qlearning,1,167,31,-20.0,True
medium_72,qlearning,1,168,28,-17.0,True
medium_72,qlearning,1,169,28,-17.0,True
medium_72,qlearning,1,170,28,-17.0,True
medium_72,qlearning,1,171,28,-17.0,True
medium_72,qlearning,1,172,28,-17.0,True
medium_72,qlearning,1,173,28,-17.0,True
medium_72,qlearning,1,174,28,-17.0,True
medium_72,qlearning,1,175,28,-17.0,True
medium_72,qlearning,1,176,28,-17.0,True
medium_72,qlearning,1,177,29,-18.0,True
medium_72,qlearning,1,178,28,-17.0,True
medium_72,qlearning,1,179,28,-17.0,True
medium_72,qlearning,1,180,28,-17.0,True
medium_72,qlearning,1,181,28,-17.0,True
medium_72,qlearning,1,182,30,-19.0,True
medium_72,qlearning,1,183,28,-17.0,True
medium_72,qlearning,1,184,29,-18.0,True
medium_72,qlearning,1,185,28,-17.0,True
medium_72,qlearning,1,186,28,-17.0,True
medium_72,qlearning,1,187,29,-18.0,True
medium_72,qlearning,1,188,29,-18.0,True
medium_72,qlearning,1,189,28,-17.0,True
medium_72,qlearning,1,190,30,-19.0,True
medium_72,qlearning,1,191,30,-19.0,True
medium_72,qlearning,1,192,28,-17.0,True
medium_72,qlearning,1,193,28,-17.0,True
medium_72,qlearning,1,194,28,-17.0,True
medium_72,qlearning,1,195,28,-17.0,True
medium_72,qlearning,1,196,30,-19.0,True
medium_72,qlearning,1,197,28,-17.0,True
medium_72,qlearning,1,198,28,-17.0,True
medium_72,qlearning,1,199,28,-17.0,True
medium_72,qlearning,1,200,29,-18.0,True
medium_72,qlearning,1,201,28,-17.0,True
medium_72,qlearning,1,202,28,-17.0,True
medium_72,qlearning,1,203,28,-17.0,True
medium_72,qlearning,1,204,28,-17.0,True
medium_72,qlearning,1,205,28,-17.0,True
medium_72,qlearning,1,206,28,-17.0,True
medium_72,qlearning,1,207,28,-17.0,True
medium_72,qlearning,1,208,28,-17.0,True
medium_72,qlearning,1,209,28,-17.0,True
medium_72,qlearning,1,210,30,-19.0,True
medium_72,qlearning,1,211,28,-17.0,True
medium_72,qlearning,1,212,28,-17.0,True
medium_72,qlearning,1,213,28,-17.0,True
medium_72,qlearning,1,214,28,-17.0,True
medium_72,qlearning,1,215,28,-17.0,True
medium_72,qlearning,1,216,29,-18.0,True
medium_72,qlearning,1,217,28,-17.0,True
medium_72,qlearning,1,218,28,-17.0,True
medium_72,qlearning,1,219,28,-17.0,True
medium_72,qlearning,1,220,28,-17.0,True
medium_72,qlearning,1,221,28,-17.0,True
medium_72,qlearning,1,222,28,-17.0,True
medium_72,qlearning,1,223,28,-17.0,True
medium_72,qlearning,1,224,28,-17.0,True
medium_72,qlearning,1,225,28,-17.0,True
medium_72,qlearning,1,226,28,-17.0,True
medium_72,qlearning,1,227,28,-17.0,True
medium_72,qlearning,1,228,28,-17.0,True
medium_72,qlearning,1,229,28,-17.0,True
medium_72,qlearning,1,230,28,-17.0,True
medium_72,qlearning,1,231,28,-17.0,True
medium_72,qlearning,1,232,28,-17.0,True
medium_72,qlearning,1,233,28,-17.0,True
medium_72,qlearning,1,234,28,-17.0,True
medium_72,qlearning,1,235,28,-17.0,True
medium_72,qlearning,1,236,28,-17.0,True
medium_72,qlearning,1,237,28,-17.0,True
medium_72,qlearning,1,238,28,-17.0,True
medium_72,qlearning,1,239,31,-20.0,True
medium_72,qlearning,1,240,28,-17.0,True
medium_72,qlearning,1,241,28,-17.0,True
medium_72,qlearning,1,242,28,-17.0,True
medium_72,qlearning,1,243,28,-17.0,True
medium_72,qlearning,1,244,28,-17.0,True
medium_72,qlearning,1,245,30,-19.0,True
medium_72,qlearning,1,246,28,-17.0,True
medium_72,qlearning,1,247,28,-17.0,True
medium_72,qlearning,1,248,28,-17.0,True
medium_72,qlearning,1,249,29,-18.0,True
medium_72,qlearning,1,250,28,-17.0,True
medium_72,qlearning,1,251,30,-19.0,True
medium_72,qlearning,1,252,28,-17.0,True
medium_72,qlearning,1,253,28,-17.0,True
medium_72,qlearning,1,254,28,-17.0,True
medium_72,qlearning,1,255,28,-17.0,True
medium_72,qlearning,1,256,29,-18.0,True
medium_72,qlearning,1,257,28,-17.0,True
medium_72,qlearning,1,258,31,-20.0,True
medium_72,qlearning,1,259,29,-18.0,True
medium_72,qlearning,1,260,28,-17.0,True
medium_72,qlearning,1,261,30,-19.0,True
medium_72,qlearning,1,262,29,-18.0,True
medium_72,qlearning,1,263,29,-18.0,True
medium_72,qlearning,1,264,28,-17.0,True
medium_72,qlearning,1,265,30,-19.0,True
medium_72,qlearning,1,266,29,-18.0,True
medium_72,qlearning,1,267,29,-18.0,True
medium_72,qlearning,1,268,28,-17.0,True
medium_72,qlearning,1,269,28,-17.0,True
medium_72,qlearning,1,270,28,-17.0,True
medium_72,qlearning,1,271,28,-17.0,True
medium_72,qlearning,1,272,28,-17.0,True
medium_72,qlearning,1,273,28,-17.0,True
medium_72,qlearning,1,274,28,-17.0,True
medium_72,qlearning,1,275,28,-17.0,True
medium_72,qlearning,1,276,30,-19.0,True
medium_72,qlearning,1,277,28,-17.0,True
medium_72,qlearning,1,278,28,-17.0,True
medium_72,qlearning,1,279,29,-18.0,True
medium_72,qlearning,1,280,29,-18.0,True
medium_72,qlearning,1,281,30,-19.0,True
medium_72,qlearning,1,282,28,-17.0,True
medium_72,qlearning,1,283,28,-17.0,True
medium_72,qlearning,1,284,28,-17.0,True
medium_72,qlearning,1,285,30,-19.0,True
medium_72,qlearning,1,286,28,-17.0,True
medium_72,qlearning,1,287,28,-17.0,True
medium_72,qlearning,1,288,28,-17.0,True
medium_72,qlearning,1,289,28,-17.0,True
medium_72,qlearning,1,290,28,-17.0,True
medium_72,qlearning,1,291,28,-17.0,True
medium_72,qlearning,1,292,28,-17.0,True
medium_72,qlearning,1,293,28,-17.0,True
medium_72,qlearning,1,294,29,-18.0,True
medium_72,qlearning,1,295,29,-18.0,True
medium_72,qlearning,1,296,29,-18.0,True
medium_72,qlearning,1,297,30,-19.0,True
medium_72,qlearning,1,298,28,-17.0,True
medium_72,qlearning,1,299,28,-17.0,True
medium_72,mlp,1,0,250,-250.0,False
medium_72,mlp,1,1,250,-250.0,False
medium_72,mlp,1,2,250,-250.0,False
medium_72,mlp,1,3,250,-250.0,False
medium_72,mlp,1,4,250,-250.0,False
medium_72,mlp,1,5,250,-250.0,False
medium_72,mlp,1,6,176,-165.0,True
medium_72,mlp,1,7,250,-250.0,False
medium_72,mlp,1,8,139,-128.0,True
medium_72,mlp,1,9,66,-55.0,True
medium_72,mlp,1,10,200,-189.0,True
medium_72,mlp,1,11,139,-128.0,True
medium_72,mlp,1,12,250,-250.0,False
medium_72,mlp,1,13,91,-80.0,True
medium_72,mlp,1,14,114,-103.0,True
medium_72,mlp,1,15,250,-250.0,False
medium_72,mlp,1,16,119,-108.0,True
medium_72,mlp,1,17,97,-86.0,True
medium_72,mlp,1,18,82,-71.0,True
medium_72,mlp,1,19,77,-66.0,True
medium_72,mlp,1,20,65,-54.0,True
medium_72,mlp,1,21,57,-46.0,True
medium_72,mlp,1,22,147,-136.0,True
medium_72,mlp,1,23,164,-153.0,True
medium_72,mlp,1,24,83,-72.0,True
medium_72,mlp,1,25,141,-130.0,True
medium_72,mlp,1,26,122,-111.0,True
medium_72,mlp,1,27,236,-225.0,True
medium_72,mlp,1,28,168,-157.0,True
medium_72,mlp,1,29,250,-250.0,False
medium_72,mlp,1,30,250,-250.0,False
medium_72,mlp,1,31,250,-250.0,False
medium_72,mlp,1,32,165,-154.0,True
medium_72,mlp,1,33,126,-115.0,True
medium_72,mlp,1,34,193,-182.0,True
medium_72,mlp,1,35,208,-197.0,True
medium_72,mlp,1,36,52,-41.0,True
medium_72,mlp,1,37,38,-27.0,True
medium_72,mlp,1,38,56,-45.0,True
medium_72,mlp,1,39,32,-21.0,True
medium_72,mlp,1,40,28,-17.0,True
medium_72,mlp,1,41,35,-24.0,True
medium_72,mlp,1,42,28,-17.0,True
medium_72,mlp,1,43,28,-17.0,True
medium_72,mlp,1,44,28,-17.0,True
medium_72,mlp,1,45,29,-18.0,True
medium_72,mlp,1,46,29,-18.0,True
medium_72,mlp,1,47,44,-33.0,True
medium_72,mlp,1,48,33,-22.0,True
medium_72,mlp,1,49,30,-19.0,True
medium_72,mlp,1,50,28,-17.0,True
medium_72,mlp,1,51,30,-19.0,True
medium_72,mlp,1,52,29,-18.0,True
medium_72,mlp,1,53,79,-68.0,True
medium_72,mlp,1,54,42,-31.0,True
medium_72,mlp,1,55,59,-48.0,True
medium_72,mlp,1,56,36,-25.0,True
medium_72,mlp,1,57,33,-22.0,True
medium_72,mlp,1,58,30,-19.0,True
medium_72,mlp,1,59,28,-17.0,True
medium_72,mlp,1,60,30,-19.0,True
medium_72,mlp,1,61,28,-17.0,True
medium_72,mlp,1,62,28,-17.0,True
medium_72,mlp,1,63,28,-17.0,True
medium_72,mlp,1,64,29,-18.0,True
medium_72,mlp,1,65,28,-17.0,True
medium_72,mlp,1,66,29,-18.0,True
medium_72,mlp,1,67,28,-17.0,True
medium_72,mlp,1,68,29,-18.0,True
medium_72,mlp,1,69,30,-19.0,True
medium_72,mlp,1,70,30,-19.0,True
medium_72,mlp,1,71,28,-17.0,True
medium_72,mlp,1,72,28,-17.0,True
medium_72,mlp,1,73,28,-17.0,True
medium_72,mlp,1,74,28,-17.0,True
medium_72,mlp,1,75,28,-17.0,True
medium_72,mlp,1,76,30,-19.0,True
medium_72,mlp,1,77,28,-17.0,True
medium_72,mlp,1,78,28,-17.0,True
medium_72,mlp,1,79,29,-18.0,True
medium_72,mlp,1,80,28,-17.0,True
medium_72,mlp,1,81,28,-17.0,True
medium_72,mlp,1,82,30,-19.0,True
medium_72,mlp,1,83,28,-17.0,True
medium_72,mlp,1,84,30,-19.0,True
medium_72,mlp,1,85,28,-17.0,True
medium_72,mlp,1,86,31,-20.0,True
medium_72,mlp,1,87,30,-19.0,True
medium_72,mlp,1,88,28,-17.0,True
medium_72,mlp,1,89,29,-18.0,True
medium_72,mlp,1,90,29,-18.0,True
medium_72,mlp,1,91,28,-17.0,True
medium_72,mlp,1,92,28,-17.0,True
medium_72,mlp,1,93,28,-17.0,True
medium_72,mlp,1,94,28,-17.0,True
medium_72,mlp,1,95,28,-17.0,True
medium_72,mlp,1,96,30,-19.0,True
medium_72,mlp,1,97,28,-17.0,True
medium_72,mlp,1,98,48,-37.0,True
medium_72,mlp,1,99,35,-24.0,True
medium_72,mlp,1,100,28,-17.0,True
medium_72,mlp,1,101,28,-17.0,True
medium_72,mlp,1,102,29,-18.0,True
medium_72,mlp,1,103,29,-18.0,True
medium_72,mlp,1,104,33,-22.0,True
medium_72,mlp,1,105,28,-17.0,True
medium_72,mlp,1,106,31,-20.0,True
medium_72,mlp,1,107,28,-17.0,True
medium_72,mlp,1,108,30,-19.0,True
medium_72,mlp,1,109,33,-22.0,True
medium_72,mlp,1,110,35,-24.0,True
medium_72,mlp,1,111,30,-19.0,True
medium_72,mlp,1,112,28,-17.0,True
medium_72,mlp,1,113,32,-21.0,True
medium_72,mlp,1,114,28,-17.0,True
medium_72,mlp,1,115,28,-17.0,True
medium_72,mlp,1,116,28,-17.0,True
medium_72,mlp,1,117,28,-17.0,True
medium_72,mlp,1,118,28,-17.0,True
medium_72,mlp,1,119,28,-17.0,True
medium_72,mlp,1,120,30,-19.0,True
medium_72,mlp,1,121,28,-17.0,True
medium_72,mlp,1,122,34,-23.0,True
medium_72,mlp,1,123,28,-17.0,True
medium_72,mlp,1,124,28,-17.0,True
medium_72,mlp,1,125,35,-24.0,True
medium_72,mlp,1,126,28,-17.0,True
medium_72,mlp,1,127,29,-18.0,True
medium_72,mlp,1,128,28,-17.0,True
medium_72,mlp,1,129,28,-17.0,True
medium_72,mlp,1,130,28,-17.0,True
medium_72,mlp,1,131,28,-17.0,True
medium_72,mlp,1,132,28,-17.0,True
medium_72,mlp,1,133,28,-17.0,True
medium_72,mlp,1,134,34,-23.0,True
medium_72,mlp,1,135,28,-17.0,True
medium_72,mlp,1,136,30,-19.0,True
medium_72,mlp,1,137,28,-17.0,True
medium_72,mlp,1,138,44,-33.0,True
medium_72,mlp,1,139,29,-18.0,True
medium_72,mlp,1,140,28,-17.0,True
medium_72,mlp,1,141,28,-17.0,True
medium_72,mlp,1,142,34,-23.0,True
medium_72,mlp,1,143,28,-17.0,True
medium_72,mlp,1,144,28,-17.0,True
medium_72,mlp,1,145,31,-20.0,True
medium_72,mlp,1,146,28,-17.0,True
medium_72,mlp,1,147,28,-17.0,True
medium_72,mlp,1,148,30,-19.0,True
medium_72,mlp,1,149,28,-17.0,True
medium_72,mlp,1,150,28,-17.0,True
medium_72,mlp,1,151,30,-19.0,True
medium_72,mlp,1,152,30,-19.0,True
medium_72,mlp,1,153,32,-21.0,True
medium_72,mlp,1,154,28,-17.0,True
medium_72,mlp,1,155,28,-17.0,True
medium_72,mlp,1,156,28,-17.0,True
medium_72,mlp,1,157,28,-17.0,True
medium_72,mlp,1,158,28,-17.0,True
medium_72,mlp,1,159,28,-17.0,True
medium_72,mlp,1,160,28,-17.0,True
medium_72,mlp,1,161,30,-19.0,True
medium_72,mlp,1,162,28,-17.0,True
medium_72,mlp,1,163,28,-17.0,True
medium_72,mlp,1,164,28,-17.0,True
medium_72,mlp,1,165,28,-17.0,True
medium_72,mlp,1,166,28,-17.0,True
medium_72,mlp,1,167,28,-17.0,True
medium_72,mlp,1,168,29,-18.0,True
medium_72,mlp,1,169,28,-17.0,True
medium_72,mlp,1,170,28,-17.0,True
medium_72,mlp,1,171,28,-17.0,True
medium_72,mlp,1,172,29,-18.0,True
medium_72,mlp,1,173,40,-29.0,True
medium_72,mlp,1,174,36,-25.0,True
medium_72,mlp,1,175,35,-24.0,True
medium_72,mlp,1,176,28,-17.0,True
medium_72,mlp,1,177,28,-17.0,True
medium_72,mlp,1,178,28,-17.0,True
medium_72,mlp,1,179,46,-35.0,True
medium_72,mlp,1,180,28,-17.0,True
medium_72,mlp,1,181,28,-17.0,True
medium_72,mlp,1,182,29,-18.0,True
medium_72,mlp,1,183,28,-17.0,True
medium_72,mlp,1,184,28,-17.0,True
medium_72,mlp,1,185,29,-18.0,True
medium_72,mlp,1,186,28,-17.0,True
medium_72,mlp,1,187,28,-17.0,True
medium_72,mlp,1,188,28,-17.0,True
medium_72,mlp,1,189,28,-17.0,True
medium_72,mlp,1,190,30,-19.0,True
medium_72,mlp,1,191,28,-17.0,True
medium_72,mlp,1,192,28,-17.0,True
medium_72,mlp,1,193,29,-18.0,True
medium_72,mlp,1,194,29,-18.0,True
medium_72,mlp,1,195,28,-17.0,True
medium_72,mlp,1,196,28,-17.0,True
medium_72,mlp,1,197,28,-17.0,True
medium_72,mlp,1,198,28,-17.0,True
medium_72,mlp,1,199,29,-18.0,True
medium_72,mlp,1,200,28,-17.0,True
medium_72,mlp,1,201,28,-17.0,True
medium_72,mlp,1,202,29,-18.0,True
medium_72,mlp,1,203,34,-23.0,True
medium_72,mlp,1,204,28,-17.0,True
medium_72,mlp,1,205,28,-17.0,True
medium_72,mlp,1,206,28,-17.0,True
medium_72,mlp,1,207,28,-17.0,True
medium_72,mlp,1,208,28,-17.0,True
medium_72,mlp,1,209,28,-17.0,True
medium_72,mlp,1,210,28,-17.0,True
medium_72,mlp,1,211,29,-18.0,True
medium_72,mlp,1,212,28,-17.0,True
medium_72,mlp,1,213,30,-19.0,True
medium_72,mlp,1,214,28,-17.0,True
medium_72,mlp,1,215,28,-17.0,True
medium_72,mlp,1,216,28,-17.0,True
medium_72,mlp,1,217,28,-17.0,True
medium_72,mlp,1,218,28,-17.0,True
medium_72,mlp,1,219,28,-17.0,True
medium_72,mlp,1,220,28,-17.0,True
medium_72,mlp,1,221,40,-29.0,True
medium_72,mlp,1,222,29,-18.0,True
medium_72,mlp,1,223,30,-19.0,True
medium_72,mlp,1,224,32,-21.0,True
medium_72,mlp,1,225,28,-17.0,True
medium_72,mlp,1,226,28,-17.0,True
medium_72,mlp,1,227,28,-17.0,True
medium_72,mlp,1,228,28,-17.0,True
medium_72,mlp,1,229,28,-17.0,True
medium_72,mlp,1,230,29,-18.0,True
medium_72,mlp,1,231,28,-17.0,True
medium_72,mlp,1,232,28,-17.0,True
medium_72,mlp,1,233,28,-17.0,True
medium_72,mlp,1,234,29,-18.0,True
medium_72,mlp,1,235,28,-17.0,True
medium_72,mlp,1,236,28,-17.0,True
medium_72,mlp,1,237,28,-17.0,True
medium_72,mlp,1,238,33,-22.0,True
medium_72,mlp,1,239,28,-17.0,True
medium_72,mlp,1,240,28,-17.0,True
medium_72,mlp,1,241,33,-22.0,True
medium_72,mlp,1,242,28,-17.0,True
medium_72,mlp,1,243,28,-17.0,True
medium_72,mlp,1,244,28,-17.0,True
medium_72,mlp,1,245,28,-17.0,True
medium_72,mlp,1,246,28,-17.0,True
medium_72,mlp,1,247,44,-33.0,True
medium_72,mlp,1,248,29,-18.0,True
medium_72,mlp,1,249,30,-19.0,True
medium_72,mlp,1,250,28,-17.0,True
medium_72,mlp,1,251,30,-19.0,True
medium_72,mlp,1,252,28,-17.0,True
medium_72,mlp,1,253,30,-19.0,True
medium_72,mlp,1,254,32,-21.0,True
medium_72,mlp,1,255,40,-29.0,True
medium_72,mlp,1,256,33,-22.0,True
medium_72,mlp,1,257,39,-28.0,True
medium_72,mlp,1,258,30,-19.0,True
medium_72,mlp,1,259,28,-17.0,True
medium_72,mlp,1,260,29,-18.0,True
medium_72,mlp,1,261,28,-17.0,True
medium_72,mlp,1,262,28,-17.0,True
medium_72,mlp,1,263,28,-17.0,True
medium_72,mlp,1,264,28,-17.0,True
medium_72,mlp,1,265,28,-17.0,True
medium_72,mlp,1,266,28,-17.0,True
medium_72,mlp,1,267,28,-17.0,True
medium_72,mlp,1,268,28,-17.0,True
medium_72,mlp,1,269,28,-17.0,True
medium_72,mlp,1,270,28,-17.0,True
medium_72,mlp,1,271,28,-17.0,True
medium_72,mlp,1,272,30,-19.0,True
medium_72,mlp,1,273,28,-17.0,True
medium_72,mlp,1,274,30,-19.0,True
medium_72,mlp,1,275,38,-27.0,True
medium_72,mlp,1,276,28,-17.0,True
medium_72,mlp,1,277,28,-17.0,True
medium_72,mlp,1,278,40,-29.0,True
medium_72,mlp,1,279,32,-21.0,True
medium_72,mlp,1,280,29,-18.0,True
medium_72,mlp,1,281,43,-32.0,True
medium_72,mlp,1,282,31,-20.0,True
medium_72,mlp,1,283,29,-18.0,True
medium_72,mlp,1,284,28,-17.0,True
medium_72,mlp,1,285,40,-29.0,True
medium_72,mlp,1,286,28,-17.0,True
medium_72,mlp,1,287,28,-17.0,True
medium_72,mlp,1,288,30,-19.0,True
medium_72,mlp,1,289,29,-18.0,True
medium_72,mlp,1,290,28,-17.0,True
medium_72,mlp,1,291,28,-17.0,True
medium_72,mlp,1,292,29,-18.0,True
medium_72,mlp,1,293,55,-44.0,True
medium_72,mlp,1,294,28,-17.0,True
medium_72,mlp,1,295,38,-27.0,True
medium_72,mlp,1,296,28,-17.0,True
medium_72,mlp,1,297,30,-19.0,True
medium_72,mlp,1,298,30,-19.0,True
medium_72,mlp,1,299,31,-20.0,True
medium_72,connectome,1,0,250,-250.0,False
medium_72,connectome,1,1,250,-250.0,False
medium_72,connectome,1,2,157,-146.0,True
medium_72,connectome,1,3,31,-20.0,True
medium_72,connectome,1,4,28,-17.0,True
medium_72,connectome,1,5,29,-18.0,True
medium_72,connectome,1,6,30,-19.0,True
medium_72,connectome,1,7,51,-40.0,True
medium_72,connectome,1,8,30,-19.0,True
medium_72,connectome,1,9,55,-44.0,True
medium_72,connectome,1,10,31,-20.0,True
medium_72,connectome,1,11,33,-22.0,True
medium_72,connectome,1,12,30,-19.0,True
medium_72,connectome,1,13,28,-17.0,True
medium_72,connectome,1,14,28,-17.0,True
medium_72,connectome,1,15,30,-19.0,True
medium_72,connectome,1,16,33,-22.0,True
medium_72,connectome,1,17,28,-17.0,True
medium_72,connectome,1,18,28,-17.0,True
medium_72,connectome,1,19,28,-17.0,True
medium_72,connectome,1,20,31,-20.0,True
medium_72,connectome,1,21,29,-18.0,True
medium_72,connectome,1,22,28,-17.0,True
medium_72,connectome,1,23,32,-21.0,True
medium_72,connectome,1,24,28,-17.0,True
medium_72,connectome,1,25,28,-17.0,True
medium_72,connectome,1,26,29,-18.0,True
medium_72,connectome,1,27,34,-23.0,True
medium_72,connectome,1,28,29,-18.0,True
medium_72,connectome,1,29,29,-18.0,True
medium_72,connectome,1,30,29,-18.0,True
medium_72,connectome,1,31,28,-17.0,True
medium_72,connectome,1,32,30,-19.0,True
medium_72,connectome,1,33,29,-18.0,True
medium_72,connectome,1,34,30,-19.0,True
medium_72,connectome,1,35,28,-17.0,True
medium_72,connectome,1,36,28,-17.0,True
medium_72,connectome,1,37,28,-17.0,True
medium_72,connectome,1,38,28,-17.0,True
medium_72,connectome,1,39,30,-19.0,True
medium_72,connectome,1,40,30,-19.0,True
medium_72,connectome,1,41,34,-23.0,True
medium_72,connectome,1,42,34,-23.0,True
medium_72,connectome,1,43,29,-18.0,True
medium_72,connectome,1,44,30,-19.0,True
medium_72,connectome,1,45,31,-20.0,True
medium_72,connectome,1,46,30,-19.0,True
medium_72,connectome,1,47,28,-17.0,True
medium_72,connectome,1,48,30,-19.0,True
medium_72,connectome,1,49,28,-17.0,True
medium_72,connectome,1,50,31,-20.0,True
medium_72,connectome,1,51,29,-18.0,True
medium_72,connectome,1,52,29,-18.0,True
medium_72,connectome,1,53,28,-17.0,True
medium_72,connectome,1,54,28,-17.0,True
medium_72,connectome,1,55,28,-17.0,True
medium_72,connectome,1,56,30,-19.0,True
medium_72,connectome,1,57,29,-18.0,True
medium_72,connectome,1,58,28,-17.0,True
medium_72,connectome,1,59,28,-17.0,True
medium_72,connectome,1,60,28,-17.0,True
medium_72,connectome,1,61,29,-18.0,True
medium_72,connectome,1,62,28,-17.0,True
medium_72,connectome,1,63,28,-17.0,True
medium_72,connectome,1,64,28,-17.0,True
medium_72,connectome,1,65,28,-17.0,True
medium_72,connectome,1,66,28,-17.0,True
medium_72,connectome,1,67,30,-19.0,True
medium_72,connectome,1,68,30,-19.0,True
medium_72,connectome,1,69,28,-17.0,True
medium_72,connectome,1,70,30,-19.0,True
medium_72,connectome,1,71,29,-18.0,True
medium_72,connectome,1,72,28,-17.0,True
medium_72,connectome,1,73,28,-17.0,True
medium_72,connectome,1,74,31,-20.0,True
medium_72,connectome,1,75,28,-17.0,True
medium_72,connectome,1,76,28,-17.0,True
medium_72,connectome,1,77,30,-19.0,True
medium_72,connectome,1,78,28,-17.0,True
medium_72,connectome,1,79,28,-17.0,True
medium_72,connectome,1,80,28,-17.0,True
medium_72,connectome,1,81,28,-17.0,True
medium_72,connectome,1,82,28,-17.0,True
medium_72,connectome,1,83,28,-17.0,True
medium_72,connectome,1,84,28,-17.0,True
medium_72,connectome,1,85,28,-17.0,True
medium_72,connectome,1,86,28,-17.0,True
medium_72,connectome,1,87,28,-17.0,True
medium_72,connectome,1,88,28,-17.0,True
medium_72,connectome,1,89,30,-19.0,True
medium_72,connectome,1,90,28,-17.0,True
medium_72,connectome,1,91,28,-17.0,True
medium_72,connectome,1,92,30,-19.0,True
medium_72,connectome,1,93,29,-18.0,True
medium_72,connectome,1,94,31,-20.0,True
medium_72,connectome,1,95,28,-17.0,True
medium_72,connectome,1,96,28,-17.0,True
medium_72,connectome,1,97,29,-18.0,True
medium_72,connectome,1,98,28,-17.0,True
medium_72,connectome,1,99,28,-17.0,True
medium_72,connectome,1,100,28,-17.0,True
medium_72,connectome,1,101,29,-18.0,True
medium_72,connectome,1,102,28,-17.0,True
medium_72,connectome,1,103,28,-17.0,True
medium_72,connectome,1,104,28,-17.0,True
medium_72,connectome,1,105,28,-17.0,True
medium_72,connectome,1,106,28,-17.0,True
medium_72,connectome,1,107,30,-19.0,True
medium_72,connectome,1,108,30,-19.0,True
medium_72,connectome,1,109,29,-18.0,True
medium_72,connectome,1,110,29,-18.0,True
medium_72,connectome,1,111,28,-17.0,True
medium_72,connectome,1,112,28,-17.0,True
medium_72,connectome,1,113,28,-17.0,True
medium_72,connectome,1,114,28,-17.0,True
medium_72,connectome,1,115,28,-17.0,True
medium_72,connectome,1,116,30,-19.0,True
medium_72,connectome,1,117,28,-17.0,True
medium_72,connectome,1,118,28,-17.0,True
medium_72,connectome,1,119,28,-17.0,True
medium_72,connectome,1,120,28,-17.0,True
medium_72,connectome,1,121,28,-17.0,True
medium_72,connectome,1,122,28,-17.0,True
medium_72,connectome,1,123,28,-17.0,True
medium_72,connectome,1,124,28,-17.0,True
medium_72,connectome,1,125,28,-17.0,True
medium_72,connectome,1,126,30,-19.0,True
medium_72,connectome,1,127,28,-17.0,True
medium_72,connectome,1,128,29,-18.0,True
medium_72,connectome,1,129,28,-17.0,True
medium_72,connectome,1,130,28,-17.0,True
medium_72,connectome,1,131,28,-17.0,True
medium_72,connectome,1,132,28,-17.0,True
medium_72,connectome,1,133,28,-17.0,True
medium_72,connectome,1,134,50,-39.0,True
medium_72,connectome,1,135,28,-17.0,True
medium_72,connectome,1,136,28,-17.0,True
medium_72,connectome,1,137,28,-17.0,True
medium_72,connectome,1,138,28,-17.0,True
medium_72,connectome,1,139,28,-17.0,True
medium_72,connectome,1,140,29,-18.0,True
medium_72,connectome,1,141,28,-17.0,True
medium_72,connectome,1,142,28,-17.0,True
medium_72,connectome,1,143,28,-17.0,True
medium_72,connectome,1,144,28,-17.0,True
medium_72,connectome,1,145,28,-17.0,True
medium_72,connectome,1,146,28,-17.0,True
medium_72,connectome,1,147,28,-17.0,True
medium_72,connectome,1,148,28,-17.0,True
medium_72,connectome,1,149,28,-17.0,True
medium_72,connectome,1,150,28,-17.0,True
medium_72,connectome,1,151,28,-17.0,True
medium_72,connectome,1,152,28,-17.0,True
medium_72,connectome,1,153,28,-17.0,True
medium_72,connectome,1,154,28,-17.0,True
medium_72,connectome,1,155,28,-17.0,True
medium_72,connectome,1,156,28,-17.0,True
medium_72,connectome,1,157,28,-17.0,True
medium_72,connectome,1,158,28,-17.0,True
medium_72,connectome,1,159,28,-17.0,True
medium_72,connectome,1,160,28,-17.0,True
medium_72,connectome,1,161,28,-17.0,True
medium_72,connectome,1,162,28,-17.0,True
medium_72,connectome,1,163,28,-17.0,True
medium_72,connectome,1,164,28,-17.0,True
medium_72,connectome,1,165,28,-17.0,True
medium_72,connectome,1,166,30,-19.0,True
medium_72,connectome,1,167,31,-20.0,True
medium_72,connectome,1,168,28,-17.0,True
medium_72,connectome,1,169,28,-17.0,True
medium_72,connectome,1,170,28,-17.0,True
medium_72,connectome,1,171,28,-17.0,True
medium_72,connectome,1,172,28,-17.0,True
medium_72,connectome,1,173,28,-17.0,True
medium_72,connectome,1,174,28,-17.0,True
medium_72,connectome,1,175,28,-17.0,True
medium_72,connectome,1,176,28,-17.0,True
medium_72,connectome,1,177,29,-18.0,True
medium_72,connectome,1,178,28,-17.0,True
medium_72,connectome,1,179,28,-17.0,True
medium_72,connectome,1,180,28,-17.0,True
medium_72,connectome,1,181,28,-17.0,True
medium_72,connectome,1,182,30,-19.0,True
medium_72,connectome,1,183,28,-17.0,True
medium_72,connectome,1,184,29,-18.0,True
medium_72,connectome,1,185,28,-17.0,True
medium_72,connectome,1,186,28,-17.0,True
medium_72,connectome,1,187,29,-18.0,True
medium_72,connectome,1,188,29,-18.0,True
medium_72,connectome,1,189,28,-17.0,True
medium_72,connectome,1,190,30,-19.0,True
medium_72,connectome,1,191,30,-19.0,True
medium_72,connectome,1,192,28,-17.0,True
medium_72,connectome,1,193,28,-17.0,True
medium_72,connectome,1,194,28,-17.0,True
medium_72,connectome,1,195,28,-17.0,True
medium_72,connectome,1,196,30,-19.0,True
medium_72,connectome,1,197,28,-17.0,True
medium_72,connectome,1,198,28,-17.0,True
medium_72,connectome,1,199,28,-17.0,True
medium_72,connectome,1,200,29,-18.0,True
medium_72,connectome,1,201,28,-17.0,True
medium_72,connectome,1,202,28,-17.0,True
medium_72,connectome,1,203,28,-17.0,True
medium_72,connectome,1,204,28,-17.0,True
medium_72,connectome,1,205,28,-17.0,True
medium_72,connectome,1,206,28,-17.0,True
medium_72,connectome,1,207,28,-17.0,True
medium_72,connectome,1,208,28,-17.0,True
medium_72,connectome,1,209,28,-17.0,True
medium_72,connectome,1,210,30,-19.0,True
medium_72,connectome,1,211,28,-17.0,True
medium_72,connectome,1,212,28,-17.0,True
medium_72,connectome,1,213,28,-17.0,True
medium_72,connectome,1,214,28,-17.0,True
medium_72,connectome,1,215,28,-17.0,True
medium_72,connectome,1,216,29,-18.0,True
medium_72,connectome,1,217,28,-17.0,True
medium_72,connectome,1,218,28,-17.0,True
medium_72,connectome,1,219,28,-17.0,True
medium_72,connectome,1,220,28,-17.0,True
medium_72,connectome,1,221,28,-17.0,True
medium_72,connectome,1,222,28,-17.0,True
medium_72,connectome,1,223,28,-17.0,True
medium_72,connectome,1,224,28,-17.0,True
medium_72,connectome,1,225,28,-17.0,True
medium_72,connectome,1,226,28,-17.0,True
medium_72,connectome,1,227,28,-17.0,True
medium_72,connectome,1,228,28,-17.0,True
medium_72,connectome,1,229,28,-17.0,True
medium_72,connectome,1,230,28,-17.0,True
medium_72,connectome,1,231,28,-17.0,True
medium_72,connectome,1,232,28,-17.0,True
medium_72,connectome,1,233,28,-17.0,True
medium_72,connectome,1,234,28,-17.0,True
medium_72,connectome,1,235,28,-17.0,True
medium_72,connectome,1,236,28,-17.0,True
medium_72,connectome,1,237,28,-17.0,True
medium_72,connectome,1,238,28,-17.0,True
medium_72,connectome,1,239,31,-20.0,True
medium_72,connectome,1,240,28,-17.0,True
medium_72,connectome,1,241,28,-17.0,True
medium_72,connectome,1,242,28,-17.0,True
medium_72,connectome,1,243,28,-17.0,True
medium_72,connectome,1,244,28,-17.0,True
medium_72,connectome,1,245,30,-19.0,True
medium_72,connectome,1,246,28,-17.0,True
medium_72,connectome,1,247,28,-17.0,True
medium_72,connectome,1,248,28,-17.0,True
medium_72,connectome,1,249,29,-18.0,True
medium_72,connectome,1,250,28,-17.0,True
medium_72,connectome,1,251,30,-19.0,True
medium_72,connectome,1,252,28,-17.0,True
medium_72,connectome,1,253,28,-17.0,True
medium_72,connectome,1,254,28,-17.0,True
medium_72,connectome,1,255,28,-17.0,True
medium_72,connectome,1,256,29,-18.0,True
medium_72,connectome,1,257,28,-17.0,True
medium_72,connectome,1,258,31,-20.0,True
medium_72,connectome,1,259,29,-18.0,True
medium_72,connectome,1,260,28,-17.0,True
medium_72,connectome,1,261,30,-19.0,True
medium_72,connectome,1,262,29,-18.0,True
medium_72,connectome,1,263,29,-18.0,True
medium_72,connectome,1,264,28,-17.0,True
medium_72,connectome,1,265,30,-19.0,True
medium_72,connectome,1,266,29,-18.0,True
medium_72,connectome,1,267,29,-18.0,True
medium_72,connectome,1,268,28,-17.0,True
medium_72,connectome,1,269,28,-17.0,True
medium_72,connectome,1,270,28,-17.0,True
medium_72,connectome,1,271,28,-17.0,True
medium_72,connectome,1,272,28,-17.0,True
medium_72,connectome,1,273,28,-17.0,True
medium_72,connectome,1,274,28,-17.0,True
medium_72,connectome,1,275,28,-17.0,True
medium_72,connectome,1,276,30,-19.0,True
medium_72,connectome,1,277,28,-17.0,True
medium_72,connectome,1,278,28,-17.0,True
medium_72,connectome,1,279,29,-18.0,True
medium_72,connectome,1,280,29,-18.0,True
medium_72,connectome,1,281,30,-19.0,True
medium_72,connectome,1,282,28,-17.0,True
medium_72,connectome,1,283,28,-17.0,True
medium_72,connectome,1,284,28,-17.0,True
medium_72,connectome,1,285,30,-19.0,True
medium_72,connectome,1,286,28,-17.0,True
medium_72,connectome,1,287,28,-17.0,True
medium_72,connectome,1,288,28,-17.0,True
medium_72,connectome,1,289,28,-17.0,True
medium_72,connectome,1,290,28,-17.0,True
medium_72,connectome,1,291,28,-17.0,True
medium_72,connectome,1,292,28,-17.0,True
medium_72,connectome,1,293,28,-17.0,True
medium_72,connectome,1,294,29,-18.0,True
medium_72,connectome,1,295,29,-18.0,True
medium_72,connectome,1,296,29,-18.0,True
medium_72,connectome,1,297,30,-19.0,True
medium_72,connectome,1,298,28,-17.0,True
medium_72,connectome,1,299,28,-17.0,True
medium_72,qlearning,2,0,250,-250.0,False
medium_72,qlearning,2,1,250,-250.0,False
medium_72,qlearning,2,2,157,-146.0,True
medium_72,qlearning,2,3,34,-23.0,True
medium_72,qlearning,2,4,33,-22.0,True
medium_72,qlearning,2,5,29,-18.0,True
medium_72,qlearning,2,6,29,-18.0,True
medium_72,qlearning,2,7,42,-31.0,True
medium_72,qlearning,2,8,29,-18.0,True
medium_72,qlearning,2,9,51,-40.0,True
medium_72,qlearning,2,10,28,-17.0,True
medium_72,qlearning,2,11,30,-19.0,True
medium_72,qlearning,2,12,28,-17.0,True
medium_72,qlearning,2,13,30,-19.0,True
medium_72,qlearning,2,14,31,-20.0,True
medium_72,qlearning,2,15,31,-20.0,True
medium_72,qlearning,2,16,29,-18.0,True
medium_72,qlearning,2,17,30,-19.0,True
medium_72,qlearning,2,18,29,-18.0,True
medium_72,qlearning,2,19,29,-18.0,True
medium_72,qlearning,2,20,29,-18.0,True
medium_72,qlearning,2,21,28,-17.0,True
medium_72,qlearning,2,22,28,-17.0,True
medium_72,qlearning,2,23,29,-18.0,True
medium_72,qlearning,2,24,28,-17.0,True
medium_72,qlearning,2,25,28,-17.0,True
medium_72,qlearning,2,26,28,-17.0,True
medium_72,qlearning,2,27,28,-17.0,True
medium_72,qlearning,2,28,53,-42.0,True
medium_72,qlearning,2,29,28,-17.0,True
medium_72,qlearning,2,30,28,-17.0,True
medium_72,qlearning,2,31,29,-18.0,True
medium_72,qlearning,2,32,29,-18.0,True
medium_72,qlearning,2,33,30,-19.0,True
medium_72,qlearning,2,34,30,-19.0,True
medium_72,qlearning,2,35,30,-19.0,True
medium_72,qlearning,2,36,31,-20.0,True
medium_72,qlearning,2,37,28,-17.0,True
medium_72,qlearning,2,38,29,-18.0,True
medium_72,qlearning,2,39,28,-17.0,True
medium_72,qlearning,2,40,30,-19.0,True
medium_72,qlearning,2,41,29,-18.0,True
medium_72,qlearning,2,42,30,-19.0,True
medium_72,qlearning,2,43,28,-17.0,True
medium_72,qlearning,2,44,28,-17.0,True
medium_72,qlearning,2,45,33,-22.0,True
medium_72,qlearning,2,46,31,-20.0,True
medium_72,qlearning,2,47,28,-17.0,True
medium_72,qlearning,2,48,29,-18.0,True
medium_72,qlearning,2,49,28,-17.0,True
medium_72,qlearning,2,50,29,-18.0,True
medium_72,qlearning,2,51,28,-17.0,True
medium_72,qlearning,2,52,30,-19.0,True
medium_72,qlearning,2,53,32,-21.0,True
medium_72,qlearning,2,54,29,-18.0,True
medium_72,qlearning,2,55,28,-17.0,True
medium_72,qlearning,2,56,28,-17.0,True
medium_72,qlearning,2,57,28,-17.0,True
medium_72,qlearning,2,58,29,-18.0,True
medium_72,qlearning,2,59,29,-18.0,True
medium_72,qlearning,2,60,28,-17.0,True
medium_72,qlearning,2,61,29,-18.0,True
medium_72,qlearning,2,62,32,-21.0,True
medium_72,qlearning,2,63,28,-17.0,True
medium_72,qlearning,2,64,30,-19.0,True
medium_72,qlearning,2,65,28,-17.0,True
medium_72,qlearning,2,66,31,-20.0,True
medium_72,qlearning,2,67,29,-18.0,True
medium_72,qlearning,2,68,28,-17.0,True
medium_72,qlearning,2,69,28,-17.0,True
medium_72,qlearning,2,70,29,-18.0,True
medium_72,qlearning,2,71,28,-17.0,True
medium_72,qlearning,2,72,30,-19.0,True
medium_72,qlearning,2,73,29,-18.0,True
medium_72,qlearning,2,74,28,-17.0,True
medium_72,qlearning,2,75,28,-17.0,True
medium_72,qlearning,2,76,28,-17.0,True
medium_72,qlearning,2,77,28,-17.0,True
medium_72,qlearning,2,78,28,-17.0,True
medium_72,qlearning,2,79,28,-17.0,True
medium_72,qlearning,2,80,29,-18.0,True
medium_72,qlearning,2,81,28,-17.0,True
medium_72,qlearning,2,82,28,-17.0,True
medium_72,qlearning,2,83,28,-17.0,True
medium_72,qlearning,2,84,28,-17.0,True
medium_72,qlearning,2,85,28,-17.0,True
medium_72,qlearning,2,86,29,-18.0,True
medium_72,qlearning,2,87,28,-17.0,True
medium_72,qlearning,2,88,28,-17.0,True
medium_72,qlearning,2,89,30,-19.0,True
medium_72,qlearning,2,90,28,-17.0,True
medium_72,qlearning,2,91,28,-17.0,True
medium_72,qlearning,2,92,28,-17.0,True
medium_72,qlearning,2,93,29,-18.0,True
medium_72,qlearning,2,94,28,-17.0,True
medium_72,qlearning,2,95,29,-18.0,True
medium_72,qlearning,2,96,28,-17.0,True
medium_72,qlearning,2,97,29,-18.0,True
medium_72,qlearning,2,98,28,-17.0,True
medium_72,qlearning,2,99,28,-17.0,True
medium_72,qlearning,2,100,28,-17.0,True
medium_72,qlearning,2,101,31,-20.0,True
medium_72,qlearning,2,102,28,-17.0,True
medium_72,qlearning,2,103,28,-17.0,True
medium_72,qlearning,2,104,28,-17.0,True
medium_72,qlearning,2,105,28,-17.0,True
medium_72,qlearning,2,106,28,-17.0,True
medium_72,qlearning,2,107,28,-17.0,True
medium_72,qlearning,2,108,31,-20.0,True
medium_72,qlearning,2,109,28,-17.0,True
medium_72,qlearning,2,110,28,-17.0,True
medium_72,qlearning,2,111,28,-17.0,True
medium_72,qlearning,2,112,28,-17.0,True
medium_72,qlearning,2,113,30,-19.0,True
medium_72,qlearning,2,114,28,-17.0,True
medium_72,qlearning,2,115,30,-19.0,True
medium_72,qlearning,2,116,28,-17.0,True
medium_72,qlearning,2,117,28,-17.0,True
medium_72,qlearning,2,118,28,-17.0,True
medium_72,qlearning,2,119,28,-17.0,True
medium_72,qlearning,2,120,28,-17.0,True
medium_72,qlearning,2,121,28,-17.0,True
medium_72,qlearning,2,122,28,-17.0,True
medium_72,qlearning,2,123,28,-17.0,True
medium_72,qlearning,2,124,29,-18.0,True
medium_72,qlearning,2,125,28,-17.0,True
medium_72,qlearning,2,126,28,-17.0,True
medium_72,qlearning,2,127,29,-18.0,True
medium_72,qlearning,2,128,28,-17.0,True
medium_72,qlearning,2,129,28,-17.0,True
medium_72,qlearning,2,130,30,-19.0,True
medium_72,qlearning,2,131,28,-17.0,True
medium_72,qlearning,2,132,28,-17.0,True
medium_72,qlearning,2,133,28,-17.0,True
medium_72,qlearning,2,134,29,-18.0,True
medium_72,qlearning,2,135,28,-17.0,True
medium_72,qlearning,2,136,28,-17.0,True
medium_72,qlearning,2,137,28,-17.0,True
medium_72,qlearning,2,138,28,-17.0,True
medium_72,qlearning,2,139,28,-17.0,True
medium_72,qlearning,2,140,28,-17.0,True
medium_72,qlearning,2,141,28,-17.0,True
medium_72,qlearning,2,142,29,-18.0,True
medium_72,qlearning,2,143,28,-17.0,True
medium_72,qlearning,2,144,28,-17.0,True
medium_72,qlearning,2,145,28,-17.0,True
medium_72,qlearning,2,146,28,-17.0,True
medium_72,qlearning,2,147,28,-17.0,True
medium_72,qlearning,2,148,28,-17.0,True
medium_72,qlearning,2,149,30,-19.0,True
medium_72,qlearning,2,150,28,-17.0,True
medium_72,qlearning,2,151,28,-17.0,True
medium_72,qlearning,2,152,28,-17.0,True
medium_72,qlearning,2,153,30,-19.0,True
medium_72,qlearning,2,154,28,-17.0,True
medium_72,qlearning,2,155,28,-17.0,True
medium_72,qlearning,2,156,30,-19.0,True
medium_72,qlearning,2,157,28,-17.0,True
medium_72,qlearning,2,158,28,-17.0,True
medium_72,qlearning,2,159,29,-18.0,True
medium_72,qlearning,2,160,28,-17.0,True
medium_72,qlearning,2,161,28,-17.0,True
medium_72,qlearning,2,162,28,-17.0,True
medium_72,qlearning,2,163,28,-17.0,True
medium_72,qlearning,2,164,28,-17.0,True
medium_72,qlearning,2,165,28,-17.0,True
medium_72,qlearning,2,166,28,-17.0,True
medium_72,qlearning,2,167,28,-17.0,True
medium_72,qlearning,2,168,28,-17.0,True
medium_72,qlearning,2,169,31,-20.0,True
medium_72,qlearning,2,170,30,-19.0,True
medium_72,qlearning,2,171,29,-18.0,True
medium_72,qlearning,2,172,28,-17.0,True
medium_72,qlearning,2,173,28,-17.0,True
medium_72,qlearning,2,174,28,-17.0,True
medium_72,qlearning,2,175,28,-17.0,True
medium_72,qlearning,2,176,28,-17.0,True
medium_72,qlearning,2,177,29,-18.0,True
medium_72,qlearning,2,178,28,-17.0,True
medium_72,qlearning,2,179,29,-18.0,True
medium_72,qlearning,2,180,30,-19.0,True
medium_72,qlearning,2,181,28,-17.0,True
medium_72,qlearning,2,182,28,-17.0,True
medium_72,qlearning,2,183,28,-17.0,True
medium_72,qlearning,2,184,28,-17.0,True
medium_72,qlearning,2,185,28,-17.0,True
medium_72,qlearning,2,186,28,-17.0,True
medium_72,qlearning,2,187,28,-17.0,True
medium_72,qlearning,2,188,29,-18.0,True
medium_72,qlearning,2,189,28,-17.0,True
medium_72,qlearning,2,190,28,-17.0,True
medium_72,qlearning,2,191,28,-17.0,True
medium_72,qlearning,2,192,28,-17.0,True
medium_72,qlearning,2,193,29,-18.0,True
medium_72,qlearning,2,194,28,-17.0,True
medium_72,qlearning,2,195,28,-17.0,True
medium_72,qlearning,2,196,28,-17.0,True
medium_72,qlearning,2,197,28,-17.0,True
medium_72,qlearning,2,198,31,-20.0,True
medium_72,qlearning,2,199,28,-17.0,True
medium_72,qlearning,2,200,28,-17.0,True
medium_72,qlearning,2,201,30,-19.0,True
medium_72,qlearning,2,202,28,-17.0,True
medium_72,qlearning,2,203,28,-17.0,True
medium_72,qlearning,2,204,29,-18.0,True
medium_72,qlearning,2,205,28,-17.0,True
medium_72,qlearning,2,206,28,-17.0,True
medium_72,qlearning,2,207,29,-18.0,True
medium_72,qlearning,2,208,28,-17.0,True
medium_72,qlearning,2,209,28,-17.0,True
medium_72,qlearning,2,210,28,-17.0,True
medium_72,qlearning,2,211,29,-18.0,True
medium_72,qlearning,2,212,28,-17.0,True
medium_72,qlearning,2,213,28,-17.0,True
medium_72,qlearning,2,214,29,-18.0,True
medium_72,qlearning,2,215,28,-17.0,True
medium_72,qlearning,2,216,28,-17.0,True
medium_72,qlearning,2,217,28,-17.0,True
medium_72,qlearning,2,218,28,-17.0,True
medium_72,qlearning,2,219,28,-17.0,True
medium_72,qlearning,2,220,28,-17.0,True
medium_72,qlearning,2,221,28,-17.0,True
medium_72,qlearning,2,222,28,-17.0,True
medium_72,qlearning,2,223,28,-17.0,True
medium_72,qlearning,2,224,28,-17.0,True
medium_72,qlearning,2,225,28,-17.0,True
medium_72,qlearning,2,226,28,-17.0,True
medium_72,qlearning,2,227,30,-19.0,True
medium_72,qlearning,2,228,28,-17.0,True
medium_72,qlearning,2,229,28,-17.0,True
medium_72,qlearning,2,230,29,-18.0,True
medium_72,qlearning,2,231,28,-17.0,True
medium_72,qlearning,2,232,28,-17.0,True
medium_72,qlearning,2,233,28,-17.0,True
medium_72,qlearning,2,234,28,-17.0,True
medium_72,qlearning,2,235,28,-17.0,True
medium_72,qlearning,2,236,28,-17.0,True
medium_72,qlearning,2,237,28,-17.0,True
medium_72,qlearning,2,238,28,-17.0,True
medium_72,qlearning,2,239,28,-17.0,True
medium_72,qlearning,2,240,29,-18.0,True
medium_72,qlearning,2,241,28,-17.0,True
medium_72,qlearning,2,242,28,-17.0,True
medium_72,qlearning,2,243,28,-17.0,True
medium_72,qlearning,2,244,28,-17.0,True
medium_72,qlearning,2,245,28,-17.0,True
medium_72,qlearning,2,246,28,-17.0,True
medium_72,qlearning,2,247,28,-17.0,True
medium_72,qlearning,2,248,29,-18.0,True
medium_72,qlearning,2,249,28,-17.0,True
medium_72,qlearning,2,250,29,-18.0,True
medium_72,qlearning,2,251,28,-17.0,True
medium_72,qlearning,2,252,28,-17.0,True
medium_72,qlearning,2,253,28,-17.0,True
medium_72,qlearning,2,254,28,-17.0,True
medium_72,qlearning,2,255,28,-17.0,True
medium_72,qlearning,2,256,28,-17.0,True
medium_72,qlearning,2,257,28,-17.0,True
medium_72,qlearning,2,258,29,-18.0,True
medium_72,qlearning,2,259,28,-17.0,True
medium_72,qlearning,2,260,28,-17.0,True
medium_72,qlearning,2,261,28,-17.0,True
medium_72,qlearning,2,262,28,-17.0,True
medium_72,qlearning,2,263,28,-17.0,True
medium_72,qlearning,2,264,28,-17.0,True
medium_72,qlearning,2,265,28,-17.0,True
medium_72,qlearning,2,266,28,-17.0,True
medium_72,qlearning,2,267,28,-17.0,True
medium_72,qlearning,2,268,28,-17.0,True
medium_72,qlearning,2,269,28,-17.0,True
medium_72,qlearning,2,270,31,-20.0,True
medium_72,qlearning,2,271,28,-17.0,True
medium_72,qlearning,2,272,28,-17.0,True
medium_72,qlearning,2,273,28,-17.0,True
medium_72,qlearning,2,274,28,-17.0,True
medium_72,qlearning,2,275,28,-17.0,True
medium_72,qlearning,2,276,51,-40.0,True
medium_72,qlearning,2,277,30,-19.0,True
medium_72,qlearning,2,278,28,-17.0,True
medium_72,qlearning,2,279,28,-17.0,True
medium_72,qlearning,2,280,28,-17.0,True
medium_72,qlearning,2,281,28,-17.0,True
medium_72,qlearning,2,282,28,-17.0,True
medium_72,qlearning,2,283,28,-17.0,True
medium_72,qlearning,2,284,28,-17.0,True
medium_72,qlearning,2,285,30,-19.0,True
medium_72,qlearning,2,286,28,-17.0,True
medium_72,qlearning,2,287,29,-18.0,True
medium_72,qlearning,2,288,29,-18.0,True
medium_72,qlearning,2,289,28,-17.0,True
medium_72,qlearning,2,290,29,-18.0,True
medium_72,qlearning,2,291,28,-17.0,True
medium_72,qlearning,2,292,28,-17.0,True
medium_72,qlearning,2,293,28,-17.0,True
medium_72,qlearning,2,294,28,-17.0,True
medium_72,qlearning,2,295,28,-17.0,True
medium_72,qlearning,2,296,28,-17.0,True
medium_72,qlearning,2,297,28,-17.0,True
medium_72,qlearning,2,298,28,-17.0,True
medium_72,qlearning,2,299,28,-17.0,True
medium_72,mlp,2,0,250,-250.0,False
medium_72,mlp,2,1,250,-250.0,False
medium_72,mlp,2,2,250,-250.0,False
medium_72,mlp,2,3,250,-250.0,False
medium_72,mlp,2,4,250,-250.0,False
medium_72,mlp,2,5,250,-250.0,False
medium_72,mlp,2,6,250,-250.0,False
medium_72,mlp,2,7,175,-164.0,True
medium_72,mlp,2,8,127,-116.0,True
medium_72,mlp,2,9,35,-24.0,True
medium_72,mlp,2,10,90,-79.0,True
medium_72,mlp,2,11,212,-201.0,True
medium_72,mlp,2,12,133,-122.0,True
medium_72,mlp,2,13,50,-39.0,True
medium_72,mlp,2,14,108,-97.0,True
medium_72,mlp,2,15,98,-87.0,True
medium_72,mlp,2,16,250,-250.0,False
medium_72,mlp,2,17,145,-134.0,True
medium_72,mlp,2,18,135,-124.0,True
medium_72,mlp,2,19,31,-20.0,True
medium_72,mlp,2,20,42,-31.0,True
medium_72,mlp,2,21,62,-51.0,True
medium_72,mlp,2,22,95,-84.0,True
medium_72,mlp,2,23,68,-57.0,True
medium_72,mlp,2,24,196,-185.0,True
medium_72,mlp,2,25,121,-110.0,True
medium_72,mlp,2,26,35,-24.0,True
medium_72,mlp,2,27,46,-35.0,True
medium_72,mlp,2,28,31,-20.0,True
medium_72,mlp,2,29,29,-18.0,True
medium_72,mlp,2,30,34,-23.0,True
medium_72,mlp,2,31,29,-18.0,True
medium_72,mlp,2,32,31,-20.0,True
medium_72,mlp,2,33,40,-29.0,True
medium_72,mlp,2,34,32,-21.0,True
medium_72,mlp,2,35,28,-17.0,True
medium_72,mlp,2,36,35,-24.0,True
medium_72,mlp,2,37,31,-20.0,True
medium_72,mlp,2,38,36,-25.0,True
medium_72,mlp,2,39,36,-25.0,True
medium_72,mlp,2,40,33,-22.0,True
medium_72,mlp,2,41,28,-17.0,True
medium_72,mlp,2,42,49,-38.0,True
medium_72,mlp,2,43,28,-17.0,True
medium_72,mlp,2,44,37,-26.0,True
medium_72,mlp,2,45,31,-20.0,True
medium_72,mlp,2,46,35,-24.0,True
medium_72,mlp,2,47,28,-17.0,True
medium_72,mlp,2,48,28,-17.0,True
medium_72,mlp,2,49,31,-20.0,True
medium_72,mlp,2,50,30,-19.0,True
medium_72,mlp,2,51,39,-28.0,True
medium_72,mlp,2,52,30,-19.0,True
medium_72,mlp,2,53,37,-26.0,True
medium_72,mlp,2,54,33,-22.0,True
medium_72,mlp,2,55,30,-19.0,True
medium_72,mlp,2,56,58,-47.0,True
medium_72,mlp,2,57,42,-31.0,True
medium_72,mlp,2,58,28,-17.0,True
medium_72,mlp,2,59,29,-18.0,True
medium_72,mlp,2,60,29,-18.0,True
medium_72,mlp,2,61,29,-18.0,True
medium_72,mlp,2,62,32,-21.0,True
medium_72,mlp,2,63,28,-17.0,True
medium_72,mlp,2,64,31,-20.0,True
medium_72,mlp,2,65,29,-18.0,True
medium_72,mlp,2,66,28,-17.0,True
medium_72,mlp,2,67,28,-17.0,True
medium_72,mlp,2,68,28,-17.0,True
medium_72,mlp,2,69,29,-18.0,True
medium_72,mlp,2,70,31,-20.0,True
medium_72,mlp,2,71,28,-17.0,True
medium_72,mlp,2,72,32,-21.0,True
medium_72,mlp,2,73,34,-23.0,True
medium_72,mlp,2,74,29,-18.0,True
medium_72,mlp,2,75,28,-17.0,True
medium_72,mlp,2,76,35,-24.0,True
medium_72,mlp,2,77,28,-17.0,True
medium_72,mlp,2,78,250,-250.0,False
medium_72,mlp,2,79,34,-23.0,True
medium_72,mlp,2,80,36,-25.0,True
medium_72,mlp,2,81,28,-17.0,True
medium_72,mlp,2,82,35,-24.0,True
medium_72,mlp,2,83,37,-26.0,True
medium_72,mlp,2,84,28,-17.0,True
medium_72,mlp,2,85,28,-17.0,True
medium_72,mlp,2,86,28,-17.0,True
medium_72,mlp,2,87,28,-17.0,True
medium_72,mlp,2,88,37,-26.0,True
medium_72,mlp,2,89,34,-23.0,True
medium_72,mlp,2,90,52,-41.0,True
medium_72,mlp,2,91,28,-17.0,True
medium_72,mlp,2,92,28,-17.0,True
medium_72,mlp,2,93,28,-17.0,True
medium_72,mlp,2,94,28,-17.0,True
medium_72,mlp,2,95,44,-33.0,True
medium_72,mlp,2,96,42,-31.0,True
medium_72,mlp,2,97,29,-18.0,True
medium_72,mlp,2,98,28,-17.0,True
medium_72,mlp,2,99,32,-21.0,True
medium_72,mlp,2,100,28,-17.0,True
medium_72,mlp,2,101,28,-17.0,True
medium_72,mlp,2,102,28,-17.0,True
medium_72,mlp,2,103,29,-18.0,True
medium_72,mlp,2,104,28,-17.0,True
medium_72,mlp,2,105,28,-17.0,True
medium_72,mlp,2,106,29,-18.0,True
medium_72,mlp,2,107,28,-17.0,True
medium_72,mlp,2,108,28,-17.0,True
medium_72,mlp,2,109,28,-17.0,True
medium_72,mlp,2,110,28,-17.0,True
medium_72,mlp,2,111,28,-17.0,True
medium_72,mlp,2,112,28,-17.0,True
medium_72,mlp,2,113,28,-17.0,True
medium_72,mlp,2,114,28,-17.0,True
medium_72,mlp,2,115,37,-26.0,True
medium_72,mlp,2,116,28,-17.0,True
medium_72,mlp,2,117,29,-18.0,True
medium_72,mlp,2,118,33,-22.0,True
medium_72,mlp,2,119,47,-36.0,True
medium_72,mlp,2,120,43,-32.0,True
medium_72,mlp,2,121,40,-29.0,True
medium_72,mlp,2,122,36,-25.0,True
medium_72,mlp,2,123,28,-17.0,True
medium_72,mlp,2,124,38,-27.0,True
medium_72,mlp,2,125,28,-17.0,True
medium_72,mlp,2,126,28,-17.0,True
medium_72,mlp,2,127,28,-17.0,True
medium_72,mlp,2,128,28,-17.0,True
medium_72,mlp,2,129,40,-29.0,True
medium_72,mlp,2,130,28,-17.0,True
medium_72,mlp,2,131,39,-28.0,True
medium_72,mlp,2,132,40,-29.0,True
medium_72,mlp,2,133,29,-18.0,True
medium_72,mlp,2,134,30,-19.0,True
medium_72,mlp,2,135,52,-41.0,True
medium_72,mlp,2,136,37,-26.0,True
medium_72,mlp,2,137,28,-17.0,True
medium_72,mlp,2,138,28,-17.0,True
medium_72,mlp,2,139,35,-24.0,True
medium_72,mlp,2,140,28,-17.0,True
medium_72,mlp,2,141,28,-17.0,True
medium_72,mlp,2,142,28,-17.0,True
medium_72,mlp,2,143,31,-20.0,True
medium_72,mlp,2,144,28,-17.0,True
medium_72,mlp,2,145,28,-17.0,True
medium_72,mlp,2,146,28,-17.0,True
medium_72,mlp,2,147,29,-18.0,True
medium_72,mlp,2,148,36,-25.0,True
medium_72,mlp,2,149,40,-29.0,True
medium_72,mlp,2,150,28,-17.0,True
medium_72,mlp,2,151,45,-34.0,True
medium_72,mlp,2,152,32,-21.0,True
medium_72,mlp,2,153,43,-32.0,True
medium_72,mlp,2,154,101,-90.0,True
medium_72,mlp,2,155,33,-22.0,True
medium_72,mlp,2,156,32,-21.0,True
medium_72,mlp,2,157,32,-21.0,True
medium_72,mlp,2,158,28,-17.0,True
medium_72,mlp,2,159,30,-19.0,True
medium_72,mlp,2,160,59,-48.0,True
medium_72,mlp,2,161,33,-22.0,True
medium_72,mlp,2,162,28,-17.0,True
medium_72,mlp,2,163,28,-17.0,True
medium_72,mlp,2,164,28,-17.0,True
medium_72,mlp,2,165,28,-17.0,True
medium_72,mlp,2,166,28,-17.0,True
medium_72,mlp,2,167,29,-18.0,True
medium_72,mlp,2,168,28,-17.0,True
medium_72,mlp,2,169,28,-17.0,True
medium_72,mlp,2,170,28,-17.0,True
medium_72,mlp,2,171,28,-17.0,True
medium_72,mlp,2,172,29,-18.0,True
medium_72,mlp,2,173,28,-17.0,True
medium_72,mlp,2,174,28,-17.0,True
medium_72,mlp,2,175,29,-18.0,True
medium_72,mlp,2,176,28,-17.0,True
medium_72,mlp,2,177,28,-17.0,True
medium_72,mlp,2,178,28,-17.0,True
medium_72,mlp,2,179,28,-17.0,True
medium_72,mlp,2,180,28,-17.0,True
medium_72,mlp,2,181,30,-19.0,True
medium_72,mlp,2,182,28,-17.0,True
medium_72,mlp,2,183,28,-17.0,True
medium_72,mlp,2,184,40,-29.0,True
medium_72,mlp,2,185,28,-17.0,True
medium_72,mlp,2,186,28,-17.0,True
medium_72,mlp,2,187,48,-37.0,True
medium_72,mlp,2,188,31,-20.0,True
medium_72,mlp,2,189,28,-17.0,True
medium_72,mlp,2,190,28,-17.0,True
medium_72,mlp,2,191,32,-21.0,True
medium_72,mlp,2,192,33,-22.0,True
medium_72,mlp,2,193,29,-18.0,True
medium_72,mlp,2,194,34,-23.0,True
medium_72,mlp,2,195,47,-36.0,True
medium_72,mlp,2,196,28,-17.0,True
medium_72,mlp,2,197,39,-28.0,True
medium_72,mlp,2,198,68,-57.0,True
medium_72,mlp,2,199,57,-46.0,True
medium_72,mlp,2,200,30,-19.0,True
medium_72,mlp,2,201,28,-17.0,True
medium_72,mlp,2,202,29,-18.0,True
medium_72,mlp,2,203,29,-18.0,True
medium_72,mlp,2,204,30,-19.0,True
medium_72,mlp,2,205,28,-17.0,True
medium_72,mlp,2,206,28,-17.0,True
medium_72,mlp,2,207,30,-19.0,True
medium_72,mlp,2,208,28,-17.0,True
medium_72,mlp,2,209,29,-18.0,True
medium_72,mlp,2,210,39,-28.0,True
medium_72,mlp,2,211,32,-21.0,True
medium_72,mlp,2,212,28,-17.0,True
medium_72,mlp,2,213,33,-22.0,True
medium_72,mlp,2,214,28,-17.0,True
medium_72,mlp,2,215,28,-17.0,True
medium_72,mlp,2,216,28,-17.0,True
medium_72,mlp,2,217,30,-19.0,True
medium_72,mlp,2,218,28,-17.0,True
medium_72,mlp,2,219,28,-17.0,True
medium_72,mlp,2,220,28,-17.0,True
medium_72,mlp,2,221,29,-18.0,True
medium_72,mlp,2,222,28,-17.0,True
medium_72,mlp,2,223,30,-19.0,True
medium_72,mlp,2,224,28,-17.0,True
medium_72,mlp,2,225,29,-18.0,True
medium_72,mlp,2,226,28,-17.0,True
medium_72,mlp,2,227,34,-23.0,True
medium_72,mlp,2,228,28,-17.0,True
medium_72,mlp,2,229,28,-17.0,True
medium_72,mlp,2,230,30,-19.0,True
medium_72,mlp,2,231,28,-17.0,True
medium_72,mlp,2,232,28,-17.0,True
medium_72,mlp,2,233,30,-19.0,True
medium_72,mlp,2,234,31,-20.0,True
medium_72,mlp,2,235,28,-17.0,True
medium_72,mlp,2,236,28,-17.0,True
medium_72,mlp,2,237,28,-17.0,True
medium_72,mlp,2,238,28,-17.0,True
medium_72,mlp,2,239,28,-17.0,True
medium_72,mlp,2,240,29,-18.0,True
medium_72,mlp,2,241,28,-17.0,True
medium_72,mlp,2,242,28,-17.0,True
medium_72,mlp,2,243,28,-17.0,True
medium_72,mlp,2,244,28,-17.0,True
medium_72,mlp,2,245,28,-17.0,True
medium_72,mlp,2,246,29,-18.0,True
medium_72,mlp,2,247,29,-18.0,True
medium_72,mlp,2,248,29,-18.0,True
medium_72,mlp,2,249,45,-34.0,True
medium_72,mlp,2,250,63,-52.0,True
medium_72,mlp,2,251,35,-24.0,True
medium_72,mlp,2,252,31,-20.0,True
medium_72,mlp,2,253,28,-17.0,True
medium_72,mlp,2,254,34,-23.0,True
medium_72,mlp,2,255,31,-20.0,True
medium_72,mlp,2,256,29,-18.0,True
medium_72,mlp,2,257,29,-18.0,True
medium_72,mlp,2,258,28,-17.0,True
medium_72,mlp,2,259,28,-17.0,True
medium_72,mlp,2,260,30,-19.0,True
medium_72,mlp,2,261,29,-18.0,True
medium_72,mlp,2,262,28,-17.0,True
medium_72,mlp,2,263,28,-17.0,True
medium_72,mlp,2,264,29,-18.0,True
medium_72,mlp,2,265,34,-23.0,True
medium_72,mlp,2,266,38,-27.0,True
medium_72,mlp,2,267,29,-18.0,True
medium_72,mlp,2,268,39,-28.0,True
medium_72,mlp,2,269,28,-17.0,True
medium_72,mlp,2,270,44,-33.0,True
medium_72,mlp,2,271,29,-18.0,True
medium_72,mlp,2,272,28,-17.0,True
medium_72,mlp,2,273,28,-17.0,True
medium_72,mlp,2,274,29,-18.0,True
medium_72,mlp,2,275,29,-18.0,True
medium_72,mlp,2,276,28,-17.0,True
medium_72,mlp,2,277,28,-17.0,True
medium_72,mlp,2,278,30,-19.0,True
medium_72,mlp,2,279,30,-19.0,True
medium_72,mlp,2,280,28,-17.0,True
medium_72,mlp,2,281,28,-17.0,True
medium_72,mlp,2,282,29,-18.0,True
medium_72,mlp,2,283,29,-18.0,True
medium_72,mlp,2,284,28,-17.0,True
medium_72,mlp,2,285,28,-17.0,True
medium_72,mlp,2,286,28,-17.0,True
medium_72,mlp,2,287,28,-17.0,True
medium_72,mlp,2,288,28,-17.0,True
medium_72,mlp,2,289,28,-17.0,True
medium_72,mlp,2,290,28,-17.0,True
medium_72,mlp,2,291,30,-19.0,True
medium_72,mlp,2,292,31,-20.0,True
medium_72,mlp,2,293,28,-17.0,True
medium_72,mlp,2,294,33,-22.0,True
medium_72,mlp,2,295,32,-21.0,True
medium_72,mlp,2,296,31,-20.0,True
medium_72,mlp,2,297,43,-32.0,True
medium_72,mlp,2,298,32,-21.0,True
medium_72,mlp,2,299,28,-17.0,True
medium_72,connectome,2,0,250,-250.0,False
medium_72,connectome,2,1,250,-250.0,False
medium_72,connectome,2,2,172,-161.0,True
medium_72,connectome,2,3,49,-38.0,True
medium_72,connectome,2,4,172,-161.0,True
medium_72,connectome,2,5,109,-98.0,True
medium_72,connectome,2,6,250,-250.0,False
medium_72,connectome,2,7,29,-18.0,True
medium_72,connectome,2,8,250,-250.0,False
medium_72,connectome,2,9,250,-250.0,False
medium_72,connectome,2,10,202,-191.0,True
medium_72,connectome,2,11,68,-57.0,True
medium_72,connectome,2,12,35,-24.0,True
medium_72,connectome,2,13,146,-135.0,True
medium_72,connectome,2,14,101,-90.0,True
medium_72,connectome,2,15,241,-230.0,True
medium_72,connectome,2,16,28,-17.0,True
medium_72,connectome,2,17,29,-18.0,True
medium_72,connectome,2,18,28,-17.0,True
medium_72,connectome,2,19,29,-18.0,True
medium_72,connectome,2,20,31,-20.0,True
medium_72,connectome,2,21,30,-19.0,True
medium_72,connectome,2,22,30,-19.0,True
medium_72,connectome,2,23,29,-18.0,True
medium_72,connectome,2,24,50,-39.0,True
medium_72,connectome,2,25,30,-19.0,True
medium_72,connectome,2,26,28,-17.0,True
medium_72,connectome,2,27,30,-19.0,True
medium_72,connectome,2,28,30,-19.0,True
medium_72,connectome,2,29,29,-18.0,True
medium_72,connectome,2,30,28,-17.0,True
medium_72,connectome,2,31,28,-17.0,True
medium_72,connectome,2,32,32,-21.0,True
medium_72,connectome,2,33,28,-17.0,True
medium_72,connectome,2,34,29,-18.0,True
medium_72,connectome,2,35,28,-17.0,True
medium_72,connectome,2,36,28,-17.0,True
medium_72,connectome,2,37,28,-17.0,True
medium_72,connectome,2,38,29,-18.0,True
medium_72,connectome,2,39,28,-17.0,True
medium_72,connectome,2,40,30,-19.0,True
medium_72,connectome,2,41,28,-17.0,True
medium_72,connectome,2,42,31,-20.0,True
medium_72,connectome,2,43,30,-19.0,True
medium_72,connectome,2,44,28,-17.0,True
medium_72,connectome,2,45,29,-18.0,True
medium_72,connectome,2,46,29,-18.0,True
medium_72,connectome,2,47,31,-20.0,True
medium_72,connectome,2,48,28,-17.0,True
medium_72,connectome,2,49,28,-17.0,True
medium_72,connectome,2,50,30,-19.0,True
medium_72,connectome,2,51,31,-20.0,True
medium_72,connectome,2,52,32,-21.0,True
medium_72,connectome,2,53,28,-17.0,True
medium_72,connectome,2,54,30,-19.0,True
medium_72,connectome,2,55,28,-17.0,True
medium_72,connectome,2,56,28,-17.0,True
medium_72,connectome,2,57,30,-19.0,True
medium_72,connectome,2,58,30,-19.0,True
medium_72,connectome,2,59,30,-19.0,True
medium_72,connectome,2,60,29,-18.0,True
medium_72,connectome,2,61,32,-21.0,True
medium_72,connectome,2,62,28,-17.0,True
medium_72,connectome,2,63,29,-18.0,True
medium_72,connectome,2,64,30,-19.0,True
medium_72,connectome,2,65,28,-17.0,True
medium_72,connectome,2,66,28,-17.0,True
medium_72,connectome,2,67,28,-17.0,True
medium_72,connectome,2,68,28,-17.0,True
medium_72,connectome,2,69,28,-17.0,True
medium_72,connectome,2,70,31,-20.0,True
medium_72,connectome,2,71,29,-18.0,True
medium_72,connectome,2,72,30,-19.0,True
medium_72,connectome,2,73,28,-17.0,True
medium_72,connectome,2,74,30,-19.0,True
medium_72,connectome,2,75,29,-18.0,True
medium_72,connectome,2,76,28,-17.0,True
medium_72,connectome,2,77,28,-17.0,True
medium_72,connectome,2,78,28,-17.0,True
medium_72,connectome,2,79,29,-18.0,True
medium_72,connectome,2,80,28,-17.0,True
medium_72,connectome,2,81,28,-17.0,True
medium_72,connectome,2,82,28,-17.0,True
medium_72,connectome,2,83,28,-17.0,True
medium_72,connectome,2,84,29,-18.0,True
medium_72,connectome,2,85,29,-18.0,True
medium_72,connectome,2,86,28,-17.0,True
medium_72,connectome,2,87,30,-19.0,True
medium_72,connectome,2,88,28,-17.0,True
medium_72,connectome,2,89,28,-17.0,True
medium_72,connectome,2,90,28,-17.0,True
medium_72,connectome,2,91,28,-17.0,True
medium_72,connectome,2,92,30,-19.0,True
medium_72,connectome,2,93,30,-19.0,True
medium_72,connectome,2,94,32,-21.0,True
medium_72,connectome,2,95,28,-17.0,True
medium_72,connectome,2,96,28,-17.0,True
medium_72,connectome,2,97,28,-17.0,True
medium_72,connectome,2,98,28,-17.0,True
medium_72,connectome,2,99,28,-17.0,True
medium_72,connectome,2,100,30,-19.0,True
medium_72,connectome,2,101,28,-17.0,True
medium_72,connectome,2,102,28,-17.0,True
medium_72,connectome,2,103,29,-18.0,True
medium_72,connectome,2,104,28,-17.0,True
medium_72,connectome,2,105,28,-17.0,True
medium_72,connectome,2,106,28,-17.0,True
medium_72,connectome,2,107,28,-17.0,True
medium_72,connectome,2,108,28,-17.0,True
medium_72,connectome,2,109,28,-17.0,True
medium_72,connectome,2,110,30,-19.0,True
medium_72,connectome,2,111,28,-17.0,True
medium_72,connectome,2,112,28,-17.0,True
medium_72,connectome,2,113,28,-17.0,True
medium_72,connectome,2,114,30,-19.0,True
medium_72,connectome,2,115,29,-18.0,True
medium_72,connectome,2,116,29,-18.0,True
medium_72,connectome,2,117,28,-17.0,True
medium_72,connectome,2,118,28,-17.0,True
medium_72,connectome,2,119,28,-17.0,True
medium_72,connectome,2,120,28,-17.0,True
medium_72,connectome,2,121,29,-18.0,True
medium_72,connectome,2,122,28,-17.0,True
medium_72,connectome,2,123,28,-17.0,True
medium_72,connectome,2,124,30,-19.0,True
medium_72,connectome,2,125,29,-18.0,True
medium_72,connectome,2,126,28,-17.0,True
medium_72,connectome,2,127,28,-17.0,True
medium_72,connectome,2,128,28,-17.0,True
medium_72,connectome,2,129,28,-17.0,True
medium_72,connectome,2,130,28,-17.0,True
medium_72,connectome,2,131,28,-17.0,True
medium_72,connectome,2,132,28,-17.0,True
medium_72,connectome,2,133,30,-19.0,True
medium_72,connectome,2,134,28,-17.0,True
medium_72,connectome,2,135,28,-17.0,True
medium_72,connectome,2,136,28,-17.0,True
medium_72,connectome,2,137,30,-19.0,True
medium_72,connectome,2,138,28,-17.0,True
medium_72,connectome,2,139,28,-17.0,True
medium_72,connectome,2,140,28,-17.0,True
medium_72,connectome,2,141,28,-17.0,True
medium_72,connectome,2,142,30,-19.0,True
medium_72,connectome,2,143,28,-17.0,True
medium_72,connectome,2,144,28,-17.0,True
medium_72,connectome,2,145,28,-17.0,True
medium_72,connectome,2,146,31,-20.0,True
medium_72,connectome,2,147,28,-17.0,True
medium_72,connectome,2,148,28,-17.0,True
medium_72,connectome,2,149,28,-17.0,True
medium_72,connectome,2,150,28,-17.0,True
medium_72,connectome,2,151,28,-17.0,True
medium_72,connectome,2,152,29,-18.0,True
medium_72,connectome,2,153,28,-17.0,True
medium_72,connectome,2,154,28,-17.0,True
medium_72,connectome,2,155,28,-17.0,True
medium_72,connectome,2,156,30,-19.0,True
medium_72,connectome,2,157,28,-17.0,True
medium_72,connectome,2,158,28,-17.0,True
medium_72,connectome,2,159,29,-18.0,True
medium_72,connectome,2,160,28,-17.0,True
medium_72,connectome,2,161,28,-17.0,True
medium_72,connectome,2,162,28,-17.0,True
medium_72,connectome,2,163,28,-17.0,True
medium_72,connectome,2,164,28,-17.0,True
medium_72,connectome,2,165,28,-17.0,True
medium_72,connectome,2,166,28,-17.0,True
medium_72,connectome,2,167,28,-17.0,True
medium_72,connectome,2,168,28,-17.0,True
medium_72,connectome,2,169,28,-17.0,True
medium_72,connectome,2,170,28,-17.0,True
medium_72,connectome,2,171,29,-18.0,True
medium_72,connectome,2,172,28,-17.0,True
medium_72,connectome,2,173,28,-17.0,True
medium_72,connectome,2,174,29,-18.0,True
medium_72,connectome,2,175,28,-17.0,True
medium_72,connectome,2,176,29,-18.0,True
medium_72,connectome,2,177,28,-17.0,True
medium_72,connectome,2,178,28,-17.0,True
medium_72,connectome,2,179,28,-17.0,True
medium_72,connectome,2,180,28,-17.0,True
medium_72,connectome,2,181,28,-17.0,True
medium_72,connectome,2,182,28,-17.0,True
medium_72,connectome,2,183,28,-17.0,True
medium_72,connectome,2,184,28,-17.0,True
medium_72,connectome,2,185,29,-18.0,True
medium_72,connectome,2,186,28,-17.0,True
medium_72,connectome,2,187,28,-17.0,True
medium_72,connectome,2,188,28,-17.0,True
medium_72,connectome,2,189,28,-17.0,True
medium_72,connectome,2,190,28,-17.0,True
medium_72,connectome,2,191,28,-17.0,True
medium_72,connectome,2,192,28,-17.0,True
medium_72,connectome,2,193,29,-18.0,True
medium_72,connectome,2,194,30,-19.0,True
medium_72,connectome,2,195,28,-17.0,True
medium_72,connectome,2,196,28,-17.0,True
medium_72,connectome,2,197,28,-17.0,True
medium_72,connectome,2,198,28,-17.0,True
medium_72,connectome,2,199,28,-17.0,True
medium_72,connectome,2,200,28,-17.0,True
medium_72,connectome,2,201,28,-17.0,True
medium_72,connectome,2,202,28,-17.0,True
medium_72,connectome,2,203,29,-18.0,True
medium_72,connectome,2,204,28,-17.0,True
medium_72,connectome,2,205,28,-17.0,True
medium_72,connectome,2,206,28,-17.0,True
medium_72,connectome,2,207,28,-17.0,True
medium_72,connectome,2,208,28,-17.0,True
medium_72,connectome,2,209,28,-17.0,True
medium_72,connectome,2,210,29,-18.0,True
medium_72,connectome,2,211,28,-17.0,True
medium_72,connectome,2,212,28,-17.0,True
medium_72,connectome,2,213,28,-17.0,True
medium_72,connectome,2,214,29,-18.0,True
medium_72,connectome,2,215,29,-18.0,True
medium_72,connectome,2,216,28,-17.0,True
medium_72,connectome,2,217,28,-17.0,True
medium_72,connectome,2,218,28,-17.0,True
medium_72,connectome,2,219,28,-17.0,True
medium_72,connectome,2,220,30,-19.0,True
medium_72,connectome,2,221,31,-20.0,True
medium_72,connectome,2,222,28,-17.0,True
medium_72,connectome,2,223,28,-17.0,True
medium_72,connectome,2,224,28,-17.0,True
medium_72,connectome,2,225,28,-17.0,True
medium_72,connectome,2,226,28,-17.0,True
medium_72,connectome,2,227,28,-17.0,True
medium_72,connectome,2,228,28,-17.0,True
medium_72,connectome,2,229,28,-17.0,True
medium_72,connectome,2,230,29,-18.0,True
medium_72,connectome,2,231,29,-18.0,True
medium_72,connectome,2,232,30,-19.0,True
medium_72,connectome,2,233,28,-17.0,True
medium_72,connectome,2,234,28,-17.0,True
medium_72,connectome,2,235,29,-18.0,True
medium_72,connectome,2,236,28,-17.0,True
medium_72,connectome,2,237,28,-17.0,True
medium_72,connectome,2,238,28,-17.0,True
medium_72,connectome,2,239,28,-17.0,True
medium_72,connectome,2,240,28,-17.0,True
medium_72,connectome,2,241,28,-17.0,True
medium_72,connectome,2,242,28,-17.0,True
medium_72,connectome,2,243,28,-17.0,True
medium_72,connectome,2,244,28,-17.0,True
medium_72,connectome,2,245,29,-18.0,True
medium_72,connectome,2,246,28,-17.0,True
medium_72,connectome,2,247,29,-18.0,True
medium_72,connectome,2,248,28,-17.0,True
medium_72,connectome,2,249,30,-19.0,True
medium_72,connectome,2,250,28,-17.0,True
medium_72,connectome,2,251,28,-17.0,True
medium_72,connectome,2,252,29,-18.0,True
medium_72,connectome,2,253,29,-18.0,True
medium_72,connectome,2,254,30,-19.0,True
medium_72,connectome,2,255,28,-17.0,True
medium_72,connectome,2,256,28,-17.0,True
medium_72,connectome,2,257,28,-17.0,True
medium_72,connectome,2,258,30,-19.0,True
medium_72,connectome,2,259,28,-17.0,True
medium_72,connectome,2,260,28,-17.0,True
medium_72,connectome,2,261,29,-18.0,True
medium_72,connectome,2,262,28,-17.0,True
medium_72,connectome,2,263,28,-17.0,True
medium_72,connectome,2,264,28,-17.0,True
medium_72,connectome,2,265,28,-17.0,True
medium_72,connectome,2,266,28,-17.0,True
medium_72,connectome,2,267,28,-17.0,True
medium_72,connectome,2,268,28,-17.0,True
medium_72,connectome,2,269,30,-19.0,True
medium_72,connectome,2,270,28,-17.0,True
medium_72,connectome,2,271,28,-17.0,True
medium_72,connectome,2,272,29,-18.0,True
medium_72,connectome,2,273,28,-17.0,True
medium_72,connectome,2,274,30,-19.0,True
medium_72,connectome,2,275,28,-17.0,True
medium_72,connectome,2,276,28,-17.0,True
medium_72,connectome,2,277,29,-18.0,True
medium_72,connectome,2,278,28,-17.0,True
medium_72,connectome,2,279,29,-18.0,True
medium_72,connectome,2,280,30,-19.0,True
medium_72,connectome,2,281,28,-17.0,True
medium_72,connectome,2,282,28,-17.0,True
medium_72,connectome,2,283,38,-27.0,True
medium_72,connectome,2,284,30,-19.0,True
medium_72,connectome,2,285,28,-17.0,True
medium_72,connectome,2,286,28,-17.0,True
medium_72,connectome,2,287,28,-17.0,True
medium_72,connectome,2,288,28,-17.0,True
medium_72,connectome,2,289,28,-17.0,True
medium_72,connectome,2,290,28,-17.0,True
medium_72,connectome,2,291,28,-17.0,True
medium_72,connectome,2,292,28,-17.0,True
medium_72,connectome,2,293,28,-17.0,True
medium_72,connectome,2,294,28,-17.0,True
medium_72,connectome,2,295,28,-17.0,True
medium_72,connectome,2,296,28,-17.0,True
medium_72,connectome,2,297,28,-17.0,True
medium_72,connectome,2,298,28,-17.0,True
medium_72,connectome,2,299,28,-17.0,True
