maze,agent,seed,episode,policy_acc,cum_trained,cum_skipped
scale_a0.05,kc_delta,0,0,0.3397,600,0
scale_a0.05,kc_delta,0,1,0.4286,1200,0
scale_a0.05,kc_delta,0,2,0.4413,1800,0
scale_a0.05,kc_delta,0,3,0.4635,2349,0
scale_a0.05,kc_delta,0,4,0.4571,2500,0
scale_a0.05,kc_delta,0,5,0.4603,3007,0
scale_a0.05,kc_delta,0,6,0.4794,3607,0
scale_a0.05,kc_delta,0,7,0.3746,4207,0
scale_a0.05,kc_delta,0,8,0.4063,4807,0
scale_a0.05,kc_delta,0,9,0.3746,5407,0
scale_a0.05,kc_delta,0,10,0.3683,6007,0
scale_a0.05,kc_delta,0,11,0.3492,6607,0
scale_a0.05,kc_delta,0,12,0.3714,7207,0
scale_a0.05,kc_delta,0,13,0.3683,7807,0
scale_a0.05,kc_delta,0,14,0.3524,8407,0
scale_a0.05,kc_delta,0,15,0.3810,8757,0
scale_a0.05,kc_delta,0,16,0.3651,9357,0
scale_a0.05,kc_delta,0,17,0.3683,9957,0
scale_a0.05,kc_delta,0,18,0.3524,10557,0
scale_a0.05,kc_delta,0,19,0.3524,10622,0
scale_a0.05,kc_delta,0,20,0.3556,11222,0
scale_a0.05,kc_delta,0,21,0.3651,11475,0
scale_a0.05,kc_delta,0,22,0.4286,11946,0
scale_a0.05,kc_delta,0,23,0.4381,12546,0
scale_a0.05,kc_delta,0,24,0.4381,12570,0
scale_a0.05,kc_delta,0,25,0.4254,13170,0
scale_a0.05,kc_delta,0,26,0.4190,13770,0
scale_a0.05,kc_delta,0,27,0.4190,13776,0
scale_a0.05,kc_delta,0,28,0.4159,14376,0
scale_a0.05,kc_delta,0,29,0.4222,14976,0
scale_a0.05,kc_delta,0,30,0.4222,15576,0
scale_a0.05,kc_delta,0,31,0.4413,16176,0
scale_a0.05,kc_delta,0,32,0.4127,16776,0
scale_a0.05,kc_delta,0,33,0.3968,17376,0
scale_a0.05,kc_delta,0,34,0.4095,17976,0
scale_a0.05,kc_delta,0,35,0.3937,18576,0
scale_a0.05,kc_delta,0,36,0.4000,18699,0
scale_a0.05,kc_delta,0,37,0.4317,19299,0
scale_a0.05,kc_delta,0,38,0.4508,19899,0
scale_a0.05,kc_delta,0,39,0.4508,20499,0
scale_a0.05,kc_delta,0,40,0.4540,21099,0
scale_a0.05,kc_delta,0,41,0.4603,21131,0
scale_a0.05,kc_delta,0,42,0.4254,21731,0
scale_a0.05,kc_delta,0,43,0.4540,22331,0
scale_a0.05,kc_delta,0,44,0.3968,22931,0
scale_a0.05,kc_delta,0,45,0.4000,23531,0
scale_a0.05,kc_delta,0,46,0.4063,23946,0
scale_a0.05,kc_delta,0,47,0.4000,24546,0
scale_a0.05,kc_delta,0,48,0.4095,25146,0
scale_a0.05,kc_delta,0,49,0.3937,25746,0
scale_a0.05,kc_delta,0,50,0.4349,26280,0
scale_a0.05,kc_delta,0,51,0.3905,26880,0
scale_a0.05,kc_delta,0,52,0.4000,26965,0
scale_a0.05,kc_delta,0,53,0.3968,27565,0
scale_a0.05,kc_delta,0,54,0.3683,28165,0
scale_a0.05,kc_delta,0,55,0.3714,28765,0
scale_a0.05,kc_delta,0,56,0.3429,29365,0
scale_a0.05,kc_delta,0,57,0.3397,29965,0
scale_a0.05,kc_delta,0,58,0.3524,30565,0
scale_a0.05,kc_delta,0,59,0.3524,31165,0
scale_a0.05,kc_delta,0,60,0.3460,31765,0
scale_a0.05,kc_delta,0,61,0.3238,32365,0
scale_a0.05,kc_delta,0,62,0.3048,32965,0
scale_a0.05,kc_delta,0,63,0.3302,33565,0
scale_a0.05,kc_delta,0,64,0.3587,34023,0
scale_a0.05,kc_delta,0,65,0.3619,34094,0
scale_a0.05,kc_delta,0,66,0.3619,34108,0
scale_a0.05,kc_delta,0,67,0.3714,34708,0
scale_a0.05,kc_delta,0,68,0.3651,35308,0
scale_a0.05,kc_delta,0,69,0.3587,35908,0
scale_a0.05,kc_delta,0,70,0.3524,36508,0
scale_a0.05,kc_delta,0,71,0.3270,37108,0
scale_a0.05,kc_delta,0,72,0.3302,37708,0
scale_a0.05,kc_delta,0,73,0.3270,38308,0
scale_a0.05,kc_delta,0,74,0.3079,38908,0
scale_a0.05,kc_delta,0,75,0.3238,39508,0
scale_a0.05,kc_delta,0,76,0.3333,40108,0
scale_a0.05,kc_delta,0,77,0.3302,40708,0
scale_a0.05,kc_delta,0,78,0.3302,41308,0
scale_a0.05,kc_delta,0,79,0.3492,41908,0
scale_a0.05,kc_delta,0,80,0.3651,42508,0
scale_a0.05,kc_delta,0,81,0.3746,43108,0
scale_a0.05,kc_delta,0,82,0.3651,43708,0
scale_a0.05,kc_delta,0,83,0.3619,44308,0
scale_a0.05,kc_delta,0,84,0.3524,44908,0
scale_a0.05,kc_delta,0,85,0.3619,45508,0
scale_a0.05,kc_delta,0,86,0.3619,46108,0
scale_a0.05,kc_delta,0,87,0.3429,46708,0
scale_a0.05,kc_delta,0,88,0.3619,47289,0
scale_a0.05,kc_delta,0,89,0.3746,47632,0
scale_a0.05,kc_delta,0,90,0.3714,47687,0
scale_a0.05,kc_delta,0,91,0.3556,48287,0
scale_a0.05,kc_delta,0,92,0.3778,48673,0
scale_a0.05,kc_delta,0,93,0.3619,49273,0
scale_a0.05,kc_delta,0,94,0.3556,49873,0
scale_a0.05,kc_delta,0,95,0.3492,50473,0
scale_a0.05,kc_delta,0,96,0.3429,51073,0
scale_a0.05,kc_delta,0,97,0.3651,51673,0
scale_a0.05,kc_delta,0,98,0.3746,52273,0
scale_a0.05,kc_delta,0,99,0.3683,52873,0
scale_a0.05,kc_delta,0,100,0.3460,53473,0
scale_a0.05,kc_delta,0,101,0.3587,54073,0
scale_a0.05,kc_delta,0,102,0.3651,54097,0
scale_a0.05,kc_delta,0,103,0.3429,54697,0
scale_a0.05,kc_delta,0,104,0.3429,55297,0
scale_a0.05,kc_delta,0,105,0.3429,55301,0
scale_a0.05,kc_delta,0,106,0.3524,55901,0
scale_a0.05,kc_delta,0,107,0.3492,56501,0
scale_a0.05,kc_delta,0,108,0.3587,57101,0
scale_a0.05,kc_delta,0,109,0.3429,57701,0
scale_a0.05,kc_delta,0,110,0.3587,58301,0
scale_a0.05,kc_delta,0,111,0.3492,58901,0
scale_a0.05,kc_delta,0,112,0.3524,59501,0
scale_a0.05,kc_delta,0,113,0.3524,60101,0
scale_a0.05,kc_delta,0,114,0.3556,60701,0
scale_a0.05,kc_delta,0,115,0.3587,61301,0
scale_a0.05,kc_delta,0,116,0.3524,61901,0
scale_a0.05,kc_delta,0,117,0.3492,62501,0
scale_a0.05,kc_delta,0,118,0.3524,63101,0
scale_a0.05,kc_delta,0,119,0.3524,63701,0
scale_a0.05,kc_delta,0,120,0.3524,64301,0
scale_a0.05,kc_delta,0,121,0.3397,64901,0
scale_a0.05,kc_delta,0,122,0.3460,65501,0
scale_a0.05,kc_delta,0,123,0.3492,66101,0
scale_a0.05,kc_delta,0,124,0.3714,66701,0
scale_a0.05,kc_delta,0,125,0.3651,67301,0
scale_a0.05,kc_delta,0,126,0.3683,67901,0
scale_a0.05,kc_delta,0,127,0.3524,68501,0
scale_a0.05,kc_delta,0,128,0.3556,69101,0
scale_a0.05,kc_delta,0,129,0.3556,69701,0
scale_a0.05,kc_delta,0,130,0.3651,70301,0
scale_a0.05,kc_delta,0,131,0.3619,70334,0
scale_a0.05,kc_delta,0,132,0.3651,70934,0
scale_a0.05,kc_delta,0,133,0.3651,71534,0
scale_a0.05,kc_delta,0,134,0.3746,72134,0
scale_a0.05,kc_delta,0,135,0.3968,72734,0
scale_a0.05,kc_delta,0,136,0.3810,73334,0
scale_a0.05,kc_delta,0,137,0.4000,73934,0
scale_a0.05,kc_delta,0,138,0.3968,74534,0
scale_a0.05,kc_delta,0,139,0.3873,75134,0
scale_a0.05,kc_delta,0,140,0.3778,75734,0
scale_a0.05,kc_delta,0,141,0.3905,76334,0
scale_a0.05,kc_delta,0,142,0.3810,76934,0
scale_a0.05,kc_delta,0,143,0.3778,77534,0
scale_a0.05,kc_delta,0,144,0.3746,78134,0
scale_a0.05,kc_delta,0,145,0.3746,78734,0
scale_a0.05,kc_delta,0,146,0.3810,79334,0
scale_a0.05,kc_delta,0,147,0.3873,79934,0
scale_a0.05,kc_delta,0,148,0.3810,80534,0
scale_a0.05,kc_delta,0,149,0.3873,81134,0
scale_a0.05,kc_delta,0,150,0.3905,81734,0
scale_a0.05,kc_delta,0,151,0.3619,82334,0
scale_a0.05,kc_delta,0,152,0.3683,82934,0
scale_a0.05,kc_delta,0,153,0.3556,83534,0
scale_a0.05,kc_delta,0,154,0.3556,84134,0
scale_a0.05,kc_delta,0,155,0.3492,84734,0
scale_a0.05,kc_delta,0,156,0.3619,85175,0
scale_a0.05,kc_delta,0,157,0.3778,85775,0
scale_a0.05,kc_delta,0,158,0.3937,86375,0
scale_a0.05,kc_delta,0,159,0.3556,86975,0
scale_a0.05,kc_delta,0,160,0.3619,87575,0
scale_a0.05,kc_delta,0,161,0.3492,88175,0
scale_a0.05,kc_delta,0,162,0.3492,88177,0
scale_a0.05,kc_delta,0,163,0.3524,88183,0
scale_a0.05,kc_delta,0,164,0.3492,88783,0
scale_a0.05,kc_delta,0,165,0.3397,89383,0
scale_a0.05,kc_delta,0,166,0.3556,89983,0
scale_a0.05,kc_delta,0,167,0.3556,90583,0
scale_a0.05,kc_delta,0,168,0.3524,91183,0
scale_a0.05,kc_delta,0,169,0.3460,91783,0
scale_a0.05,kc_delta,0,170,0.3333,92383,0
scale_a0.05,kc_delta,0,171,0.3556,92983,0
scale_a0.05,kc_delta,0,172,0.3429,93583,0
scale_a0.05,kc_delta,0,173,0.3556,94183,0
scale_a0.05,kc_delta,0,174,0.3556,94783,0
scale_a0.05,kc_delta,0,175,0.3587,95383,0
scale_a0.05,kc_delta,0,176,0.3714,95983,0
scale_a0.05,kc_delta,0,177,0.3714,96583,0
scale_a0.05,kc_delta,0,178,0.3619,97183,0
scale_a0.05,kc_delta,0,179,0.3587,97783,0
scale_a0.05,kc_delta,0,180,0.3524,98383,0
scale_a0.05,kc_delta,0,181,0.3714,98983,0
scale_a0.05,kc_delta,0,182,0.3619,99583,0
scale_a0.05,kc_delta,0,183,0.3556,100183,0
scale_a0.05,kc_delta,0,184,0.3460,100783,0
scale_a0.05,kc_delta,0,185,0.3556,101383,0
scale_a0.05,kc_delta,0,186,0.3556,101983,0
scale_a0.05,kc_delta,0,187,0.3524,102249,0
scale_a0.05,kc_delta,0,188,0.3302,102849,0
scale_a0.05,kc_delta,0,189,0.3333,103449,0
scale_a0.05,kc_delta,0,190,0.3302,104049,0
scale_a0.05,kc_delta,0,191,0.3365,104649,0
scale_a0.05,kc_delta,0,192,0.3365,104935,0
scale_a0.05,kc_delta,0,193,0.3333,105535,0
scale_a0.05,kc_delta,0,194,0.3333,106135,0
scale_a0.05,kc_delta,0,195,0.3365,106735,0
scale_a0.05,kc_delta,0,196,0.3429,107335,0
scale_a0.05,kc_delta,0,197,0.3524,107935,0
scale_a0.05,kc_delta,0,198,0.3651,108351,0
scale_a0.05,kc_delta,0,199,0.3714,108951,0
scale_a0.05,kc_delta,0,200,0.3460,109551,0
scale_a0.05,kc_delta,0,201,0.3429,110151,0
scale_a0.05,kc_delta,0,202,0.3460,110751,0
scale_a0.05,kc_delta,0,203,0.3841,111351,0
scale_a0.05,kc_delta,0,204,0.3810,111951,0
scale_a0.05,kc_delta,0,205,0.3651,112551,0
scale_a0.05,kc_delta,0,206,0.3651,113151,0
scale_a0.05,kc_delta,0,207,0.3651,113751,0
scale_a0.05,kc_delta,0,208,0.3651,114351,0
scale_a0.05,kc_delta,0,209,0.3587,114951,0
scale_a0.05,kc_delta,0,210,0.3429,115551,0
scale_a0.05,kc_delta,0,211,0.3429,115584,0
scale_a0.05,kc_delta,0,212,0.3619,116184,0
scale_a0.05,kc_delta,0,213,0.3651,116784,0
scale_a0.05,kc_delta,0,214,0.3714,117384,0
scale_a0.05,kc_delta,0,215,0.3683,117984,0
scale_a0.05,kc_delta,0,216,0.3651,118584,0
scale_a0.05,kc_delta,0,217,0.3714,119184,0
scale_a0.05,kc_delta,0,218,0.3778,119784,0
scale_a0.05,kc_delta,0,219,0.3714,120384,0
scale_a0.05,kc_delta,0,220,0.3683,120984,0
scale_a0.05,kc_delta,0,221,0.3683,121141,0
scale_a0.05,kc_delta,0,222,0.3556,121741,0
scale_a0.05,kc_delta,0,223,0.3556,122341,0
scale_a0.05,kc_delta,0,224,0.3492,122941,0
scale_a0.05,kc_delta,0,225,0.3651,123541,0
scale_a0.05,kc_delta,0,226,0.3524,124141,0
scale_a0.05,kc_delta,0,227,0.3841,124741,0
scale_a0.05,kc_delta,0,228,0.3619,125341,0
scale_a0.05,kc_delta,0,229,0.3619,125941,0
scale_a0.05,kc_delta,0,230,0.3492,126541,0
scale_a0.05,kc_delta,0,231,0.3619,127141,0
scale_a0.05,kc_delta,0,232,0.3683,127653,0
scale_a0.05,kc_delta,0,233,0.3683,128253,0
scale_a0.05,kc_delta,0,234,0.3556,128853,0
scale_a0.05,kc_delta,0,235,0.3587,128879,0
scale_a0.05,kc_delta,0,236,0.3746,129479,0
scale_a0.05,kc_delta,0,237,0.3873,130079,0
scale_a0.05,kc_delta,0,238,0.3778,130679,0
scale_a0.05,kc_delta,0,239,0.3683,131279,0
scale_a0.05,kc_delta,0,240,0.3714,131879,0
scale_a0.05,kc_delta,0,241,0.3651,132479,0
scale_a0.05,kc_delta,0,242,0.3683,133079,0
scale_a0.05,kc_delta,0,243,0.3683,133679,0
scale_a0.05,kc_delta,0,244,0.3810,133902,0
scale_a0.05,kc_delta,0,245,0.3810,134502,0
scale_a0.05,kc_delta,0,246,0.3746,135102,0
scale_a0.05,kc_delta,0,247,0.3556,135702,0
scale_a0.05,kc_delta,0,248,0.3587,136302,0
scale_a0.05,kc_delta,0,249,0.3873,136902,0
scale_a0.05,kc_delta,0,250,0.3778,137502,0
scale_a0.05,kc_delta,0,251,0.3746,138102,0
scale_a0.05,kc_delta,0,252,0.3778,138702,0
scale_a0.05,kc_delta,0,253,0.3810,139302,0
scale_a0.05,kc_delta,0,254,0.3778,139902,0
scale_a0.05,kc_delta,0,255,0.3683,140502,0
scale_a0.05,kc_delta,0,256,0.4063,141102,0
scale_a0.05,kc_delta,0,257,0.4095,141702,0
scale_a0.05,kc_delta,0,258,0.4063,142302,0
scale_a0.05,kc_delta,0,259,0.3937,142902,0
scale_a0.05,kc_delta,0,260,0.3905,143502,0
scale_a0.05,kc_delta,0,261,0.3905,143952,0
scale_a0.05,kc_delta,0,262,0.3905,143981,0
scale_a0.05,kc_delta,0,263,0.4127,144257,0
scale_a0.05,kc_delta,0,264,0.4127,144268,0
scale_a0.05,kc_delta,0,265,0.4190,144355,0
scale_a0.05,kc_delta,0,266,0.4254,144955,0
scale_a0.05,kc_delta,0,267,0.4286,145555,0
scale_a0.05,kc_delta,0,268,0.4254,146149,0
scale_a0.05,kc_delta,0,269,0.4190,146749,0
scale_a0.05,kc_delta,0,270,0.4190,147349,0
scale_a0.05,kc_delta,0,271,0.4159,147681,0
scale_a0.05,kc_delta,0,272,0.4286,147776,0
scale_a0.05,kc_delta,0,273,0.4222,148376,0
scale_a0.05,kc_delta,0,274,0.4190,148389,0
scale_a0.05,kc_delta,0,275,0.4222,148470,0
scale_a0.05,kc_delta,0,276,0.4222,149070,0
scale_a0.05,kc_delta,0,277,0.4159,149208,0
scale_a0.05,kc_delta,0,278,0.4159,149808,0
scale_a0.05,kc_delta,0,279,0.4000,150408,0
scale_a0.05,kc_delta,0,280,0.3968,151008,0
scale_a0.05,kc_delta,0,281,0.4063,151071,0
scale_a0.05,kc_delta,0,282,0.4000,151671,0
scale_a0.05,kc_delta,0,283,0.4095,151754,0
scale_a0.05,kc_delta,0,284,0.4063,151762,0
scale_a0.05,kc_delta,0,285,0.4222,152297,0
scale_a0.05,kc_delta,0,286,0.4254,152897,0
scale_a0.05,kc_delta,0,287,0.4286,152965,0
scale_a0.05,kc_delta,0,288,0.4095,153565,0
scale_a0.05,kc_delta,0,289,0.4095,153609,0
scale_a0.05,kc_delta,0,290,0.4032,153633,0
scale_a0.05,kc_delta,0,291,0.4222,154233,0
scale_a0.05,kc_delta,0,292,0.4190,154833,0
scale_a0.05,kc_delta,0,293,0.4127,155433,0
scale_a0.05,kc_delta,0,294,0.3937,156033,0
scale_a0.05,kc_delta,0,295,0.3841,156633,0
scale_a0.05,kc_delta,0,296,0.3937,156680,0
scale_a0.05,kc_delta,0,297,0.4000,156701,0
scale_a0.05,kc_delta,0,298,0.4190,156835,0
scale_a0.05,kc_delta,0,299,0.4254,156916,0
scale_a0.05,kc_delta,0,300,0.4222,156918,0
scale_a0.05,kc_delta,0,301,0.4095,157518,0
scale_a0.05,kc_delta,0,302,0.4190,158118,0
scale_a0.05,kc_delta,0,303,0.4127,158718,0
scale_a0.05,kc_delta,0,304,0.4190,159318,0
scale_a0.05,kc_delta,0,305,0.4190,159361,0
scale_a0.05,kc_delta,0,306,0.4159,159961,0
scale_a0.05,kc_delta,0,307,0.4254,160196,0
scale_a0.05,kc_delta,0,308,0.4222,160796,0
scale_a0.05,kc_delta,0,309,0.4317,161021,0
scale_a0.05,kc_delta,0,310,0.4317,161621,0
scale_a0.05,kc_delta,0,311,0.4349,161633,0
scale_a0.05,kc_delta,0,312,0.4095,162233,0
scale_a0.05,kc_delta,0,313,0.4095,162297,0
scale_a0.05,kc_delta,0,314,0.4032,162897,0
scale_a0.05,kc_delta,0,315,0.3905,163497,0
scale_a0.05,kc_delta,0,316,0.3746,164097,0
scale_a0.05,kc_delta,0,317,0.3873,164697,0
scale_a0.05,kc_delta,0,318,0.4127,164897,0
scale_a0.05,kc_delta,0,319,0.4159,165438,0
scale_a0.05,kc_delta,0,320,0.4159,166038,0
scale_a0.05,kc_delta,0,321,0.4127,166099,0
scale_a0.05,kc_delta,0,322,0.4159,166164,0
scale_a0.05,kc_delta,0,323,0.4095,166764,0
scale_a0.05,kc_delta,0,324,0.4127,166819,0
scale_a0.05,kc_delta,0,325,0.4095,167419,0
scale_a0.05,kc_delta,0,326,0.4032,167449,0
scale_a0.05,kc_delta,0,327,0.4063,167555,0
scale_a0.05,kc_delta,0,328,0.4095,167564,0
scale_a0.05,kc_delta,0,329,0.4127,168164,0
scale_a0.05,kc_delta,0,330,0.4032,168764,0
scale_a0.05,kc_delta,0,331,0.4063,168803,0
scale_a0.05,kc_delta,0,332,0.4063,169403,0
scale_a0.05,kc_delta,0,333,0.4254,169605,0
scale_a0.05,kc_delta,0,334,0.4190,169632,0
scale_a0.05,kc_delta,0,335,0.4222,170232,0
scale_a0.05,kc_delta,0,336,0.4127,170832,0
scale_a0.05,kc_delta,0,337,0.4127,170859,0
scale_a0.05,kc_delta,0,338,0.4095,171459,0
scale_a0.05,kc_delta,0,339,0.4063,171473,0
scale_a0.05,kc_delta,0,340,0.4032,171491,0
scale_a0.05,kc_delta,0,341,0.4127,171671,0
scale_a0.05,kc_delta,0,342,0.4286,171784,0
scale_a0.05,kc_delta,0,343,0.4032,172384,0
scale_a0.05,kc_delta,0,344,0.4222,172520,0
scale_a0.05,kc_delta,0,345,0.4222,173120,0
scale_a0.05,kc_delta,0,346,0.4032,173720,0
scale_a0.05,kc_delta,0,347,0.4063,174320,0
scale_a0.05,kc_delta,0,348,0.4095,174920,0
scale_a0.05,kc_delta,0,349,0.4063,174949,0
scale_a0.05,kc_delta,0,350,0.4127,175549,0
scale_a0.05,kc_delta,0,351,0.4254,175703,0
scale_a0.05,kc_delta,0,352,0.4222,176303,0
scale_a0.05,kc_delta,0,353,0.4254,176903,0
scale_a0.05,kc_delta,0,354,0.4190,177503,0
scale_a0.05,kc_delta,0,355,0.4349,177825,0
scale_a0.05,kc_delta,0,356,0.4317,177841,0
scale_a0.05,kc_delta,0,357,0.4444,178441,0
scale_a0.05,kc_delta,0,358,0.4222,179041,0
scale_a0.05,kc_delta,0,359,0.4063,179641,0
scale_a0.05,kc_delta,0,360,0.4381,180241,0
scale_a0.05,kc_delta,0,361,0.4317,180841,0
scale_a0.05,kc_delta,0,362,0.4317,181441,0
scale_a0.05,kc_delta,0,363,0.4413,181569,0
scale_a0.05,kc_delta,0,364,0.4063,182169,0
scale_a0.05,kc_delta,0,365,0.4032,182482,0
scale_a0.05,kc_delta,0,366,0.4127,182548,0
scale_a0.05,kc_delta,0,367,0.4413,182684,0
scale_a0.05,kc_delta,0,368,0.4127,183284,0
scale_a0.05,kc_delta,0,369,0.4159,183884,0
scale_a0.05,kc_delta,0,370,0.4190,184484,0
scale_a0.05,kc_delta,0,371,0.4127,185084,0
scale_a0.05,kc_delta,0,372,0.4286,185191,0
scale_a0.05,kc_delta,0,373,0.4063,185791,0
scale_a0.05,kc_delta,0,374,0.4159,185891,0
scale_a0.05,kc_delta,0,375,0.4190,186491,0
scale_a0.05,kc_delta,0,376,0.4127,187091,0
scale_a0.05,kc_delta,0,377,0.4190,187691,0
scale_a0.05,kc_delta,0,378,0.4317,187747,0
scale_a0.05,kc_delta,0,379,0.4286,187779,0
scale_a0.05,kc_delta,0,380,0.4286,188379,0
scale_a0.05,kc_delta,0,381,0.4286,188979,0
scale_a0.05,kc_delta,0,382,0.4254,189579,0
scale_a0.05,kc_delta,0,383,0.4349,190179,0
scale_a0.05,kc_delta,0,384,0.4349,190187,0
scale_a0.05,kc_delta,0,385,0.4286,190207,0
scale_a0.05,kc_delta,0,386,0.4254,190322,0
scale_a0.05,kc_delta,0,387,0.4444,190439,0
scale_a0.05,kc_delta,0,388,0.4540,191039,0
scale_a0.05,kc_delta,0,389,0.4508,191639,0
scale_a0.05,kc_delta,0,390,0.4508,191645,0
scale_a0.05,kc_delta,0,391,0.4508,191658,0
scale_a0.05,kc_delta,0,392,0.4349,192258,0
scale_a0.05,kc_delta,0,393,0.4381,192858,0
scale_a0.05,kc_delta,0,394,0.4413,193458,0
scale_a0.05,kc_delta,0,395,0.4476,194058,0
scale_a0.05,kc_delta,0,396,0.4444,194103,0
scale_a0.05,kc_delta,0,397,0.4476,194164,0
scale_a0.05,kc_delta,0,398,0.4476,194764,0
scale_a0.05,kc_delta,0,399,0.4635,195364,0
scale_a0.05,kc_delta,0,400,0.4667,195631,0
scale_a0.05,kc_delta,0,401,0.4635,196231,0
scale_a0.05,kc_delta,0,402,0.4603,196262,0
scale_a0.05,kc_delta,0,403,0.4349,196862,0
scale_a0.05,kc_delta,0,404,0.4508,196955,0
scale_a0.05,kc_delta,0,405,0.4635,197093,0
scale_a0.05,kc_delta,0,406,0.4603,197693,0
scale_a0.05,kc_delta,0,407,0.4698,197759,0
scale_a0.05,kc_delta,0,408,0.4730,197823,0
scale_a0.05,kc_delta,0,409,0.4317,198423,0
scale_a0.05,kc_delta,0,410,0.4571,198507,0
scale_a0.05,kc_delta,0,411,0.4190,199107,0
scale_a0.05,kc_delta,0,412,0.4222,199707,0
scale_a0.05,kc_delta,0,413,0.4508,199881,0
scale_a0.05,kc_delta,0,414,0.4476,200481,0
scale_a0.05,kc_delta,0,415,0.4603,200707,0
scale_a0.05,kc_delta,0,416,0.4476,201307,0
scale_a0.05,kc_delta,0,417,0.4444,201907,0
scale_a0.05,kc_delta,0,418,0.4381,202507,0
scale_a0.05,kc_delta,0,419,0.4444,203107,0
scale_a0.05,kc_delta,0,420,0.4476,203707,0
scale_a0.05,kc_delta,0,421,0.4540,203791,0
scale_a0.05,kc_delta,0,422,0.4286,204391,0
scale_a0.05,kc_delta,0,423,0.4381,204991,0
scale_a0.05,kc_delta,0,424,0.4444,205591,0
scale_a0.05,kc_delta,0,425,0.4349,206191,0
scale_a0.05,kc_delta,0,426,0.4381,206791,0
scale_a0.05,kc_delta,0,427,0.4444,207391,0
scale_a0.05,kc_delta,0,428,0.4444,207480,0
scale_a0.05,kc_delta,0,429,0.4444,207487,0
scale_a0.05,kc_delta,0,430,0.4476,208087,0
scale_a0.05,kc_delta,0,431,0.4381,208128,0
scale_a0.05,kc_delta,0,432,0.4381,208151,0
scale_a0.05,kc_delta,0,433,0.4381,208751,0
scale_a0.05,kc_delta,0,434,0.4381,208809,0
scale_a0.05,kc_delta,0,435,0.4476,208877,0
scale_a0.05,kc_delta,0,436,0.4476,208890,0
scale_a0.05,kc_delta,0,437,0.4444,208897,0
scale_a0.05,kc_delta,0,438,0.4476,209497,0
scale_a0.05,kc_delta,0,439,0.4413,210097,0
scale_a0.05,kc_delta,0,440,0.4254,210697,0
scale_a0.05,kc_delta,0,441,0.4317,211297,0
scale_a0.05,kc_delta,0,442,0.4381,211897,0
scale_a0.05,kc_delta,0,443,0.4476,211953,0
scale_a0.05,kc_delta,0,444,0.4381,212553,0
scale_a0.05,kc_delta,0,445,0.4286,212566,0
scale_a0.05,kc_delta,0,446,0.4413,212623,0
scale_a0.05,kc_delta,0,447,0.4476,213223,0
scale_a0.05,kc_delta,0,448,0.4508,213246,0
scale_a0.05,kc_delta,0,449,0.4508,213264,0
scale_a0.05,kc_delta,0,450,0.4508,213271,0
scale_a0.05,kc_delta,0,451,0.4508,213871,0
scale_a0.05,kc_delta,0,452,0.4317,214471,0
scale_a0.05,kc_delta,0,453,0.4254,215071,0
scale_a0.05,kc_delta,0,454,0.4381,215158,0
scale_a0.05,kc_delta,0,455,0.4413,215758,0
scale_a0.05,kc_delta,0,456,0.4444,215776,0
scale_a0.05,kc_delta,0,457,0.4444,215827,0
scale_a0.05,kc_delta,0,458,0.4413,216427,0
scale_a0.05,kc_delta,0,459,0.4444,216445,0
scale_a0.05,kc_delta,0,460,0.4349,217045,0
scale_a0.05,kc_delta,0,461,0.4349,217068,0
scale_a0.05,kc_delta,0,462,0.4254,217668,0
scale_a0.05,kc_delta,0,463,0.4222,217732,0
scale_a0.05,kc_delta,0,464,0.4254,217749,0
scale_a0.05,kc_delta,0,465,0.4254,218349,0
scale_a0.05,kc_delta,0,466,0.4190,218367,0
scale_a0.05,kc_delta,0,467,0.4254,218389,0
scale_a0.05,kc_delta,0,468,0.4127,218989,0
scale_a0.05,kc_delta,0,469,0.4000,219589,0
scale_a0.05,kc_delta,0,470,0.4127,220189,0
scale_a0.05,kc_delta,0,471,0.4063,220232,0
scale_a0.05,kc_delta,0,472,0.4063,220832,0
scale_a0.05,kc_delta,0,473,0.4095,221432,0
scale_a0.05,kc_delta,0,474,0.4159,221497,0
scale_a0.05,kc_delta,0,475,0.4413,222097,0
scale_a0.05,kc_delta,0,476,0.4413,222697,0
scale_a0.05,kc_delta,0,477,0.4413,222716,0
scale_a0.05,kc_delta,0,478,0.4444,223316,0
scale_a0.05,kc_delta,0,479,0.4254,223916,0
scale_a0.05,kc_delta,0,480,0.4317,224028,0
scale_a0.05,kc_delta,0,481,0.4317,224067,0
scale_a0.05,kc_delta,0,482,0.4381,224667,0
scale_a0.05,kc_delta,0,483,0.4381,224670,0
scale_a0.05,kc_delta,0,484,0.4349,224683,0
scale_a0.05,kc_delta,0,485,0.4413,225283,0
scale_a0.05,kc_delta,0,486,0.4413,225301,0
scale_a0.05,kc_delta,0,487,0.4381,225901,0
scale_a0.05,kc_delta,0,488,0.4381,225919,0
scale_a0.05,kc_delta,0,489,0.4254,226519,0
scale_a0.05,kc_delta,0,490,0.4254,226539,0
scale_a0.05,kc_delta,0,491,0.4349,227139,0
scale_a0.05,kc_delta,0,492,0.4317,227739,0
scale_a0.05,kc_delta,0,493,0.4286,228339,0
scale_a0.05,kc_delta,0,494,0.4571,228655,0
scale_a0.05,kc_delta,0,495,0.4476,228688,0
scale_a0.05,kc_delta,0,496,0.4476,229288,0
scale_a0.05,kc_delta,0,497,0.4508,229888,0
scale_a0.05,kc_delta,0,498,0.4381,230488,0
scale_a0.05,kc_delta,0,499,0.4476,230517,0
scale_a0.05,kc_delta,0,500,0.4476,231117,0
scale_a0.05,kc_delta,0,501,0.4508,231136,0
scale_a0.05,kc_delta,0,502,0.4508,231736,0
scale_a0.05,kc_delta,0,503,0.4508,231742,0
scale_a0.05,kc_delta,0,504,0.4571,231760,0
scale_a0.05,kc_delta,0,505,0.4571,231774,0
scale_a0.05,kc_delta,0,506,0.4571,232374,0
scale_a0.05,kc_delta,0,507,0.4698,232974,0
scale_a0.05,kc_delta,0,508,0.4667,233574,0
scale_a0.05,kc_delta,0,509,0.4571,234174,0
scale_a0.05,kc_delta,0,510,0.4508,234774,0
scale_a0.05,kc_delta,0,511,0.4413,235374,0
scale_a0.05,kc_delta,0,512,0.4476,235462,0
scale_a0.05,kc_delta,0,513,0.4508,235734,0
scale_a0.05,kc_delta,0,514,0.4444,236334,0
scale_a0.05,kc_delta,0,515,0.4413,236934,0
scale_a0.05,kc_delta,0,516,0.4413,237534,0
scale_a0.05,kc_delta,0,517,0.4540,237802,0
scale_a0.05,kc_delta,0,518,0.4444,238402,0
scale_a0.05,kc_delta,0,519,0.4444,238409,0
scale_a0.05,kc_delta,0,520,0.4317,239009,0
scale_a0.05,kc_delta,0,521,0.4286,239609,0
scale_a0.05,kc_delta,0,522,0.4286,239616,0
scale_a0.05,kc_delta,0,523,0.4286,240216,0
scale_a0.05,kc_delta,0,524,0.4381,240816,0
scale_a0.05,kc_delta,0,525,0.4317,241416,0
scale_a0.05,kc_delta,0,526,0.4413,241536,0
scale_a0.05,kc_delta,0,527,0.4413,242136,0
scale_a0.05,kc_delta,0,528,0.4508,242324,0
scale_a0.05,kc_delta,0,529,0.4476,242924,0
scale_a0.05,kc_delta,0,530,0.4476,243524,0
scale_a0.05,kc_delta,0,531,0.4444,244124,0
scale_a0.05,kc_delta,0,532,0.4476,244143,0
scale_a0.05,kc_delta,0,533,0.4540,244743,0
scale_a0.05,kc_delta,0,534,0.4540,244751,0
scale_a0.05,kc_delta,0,535,0.4540,245351,0
scale_a0.05,kc_delta,0,536,0.4508,245951,0
scale_a0.05,kc_delta,0,537,0.4571,246551,0
scale_a0.05,kc_delta,0,538,0.4508,247151,0
scale_a0.05,kc_delta,0,539,0.4508,247166,0
scale_a0.05,kc_delta,0,540,0.4317,247766,0
scale_a0.05,kc_delta,0,541,0.4381,248366,0
scale_a0.05,kc_delta,0,542,0.4381,248966,0
scale_a0.05,kc_delta,0,543,0.4381,249566,0
scale_a0.05,kc_delta,0,544,0.4413,250166,0
scale_a0.05,kc_delta,0,545,0.4444,250766,0
scale_a0.05,kc_delta,0,546,0.4508,250834,0
scale_a0.05,kc_delta,0,547,0.4444,251434,0
scale_a0.05,kc_delta,0,548,0.4413,252034,0
scale_a0.05,kc_delta,0,549,0.4667,252634,0
scale_a0.05,kc_delta,0,550,0.4730,252698,0
scale_a0.05,kc_delta,0,551,0.4730,253298,0
scale_a0.05,kc_delta,0,552,0.4667,253898,0
scale_a0.05,kc_delta,0,553,0.4635,254498,0
scale_a0.05,kc_delta,0,554,0.4635,255098,0
scale_a0.05,kc_delta,0,555,0.4667,255698,0
scale_a0.05,kc_delta,0,556,0.4667,255719,0
scale_a0.05,kc_delta,0,557,0.4825,255764,0
scale_a0.05,kc_delta,0,558,0.4857,256364,0
scale_a0.05,kc_delta,0,559,0.4794,256964,0
scale_a0.05,kc_delta,0,560,0.4762,257564,0
scale_a0.05,kc_delta,0,561,0.4603,258164,0
scale_a0.05,kc_delta,0,562,0.4476,258764,0
scale_a0.05,kc_delta,0,563,0.4317,259364,0
scale_a0.05,kc_delta,0,564,0.4254,259964,0
scale_a0.05,kc_delta,0,565,0.4127,260564,0
scale_a0.05,kc_delta,0,566,0.4190,260753,0
scale_a0.05,kc_delta,0,567,0.4508,261353,0
scale_a0.05,kc_delta,0,568,0.4444,261384,0
scale_a0.05,kc_delta,0,569,0.4286,261984,0
scale_a0.05,kc_delta,0,570,0.4413,262584,0
scale_a0.05,kc_delta,0,571,0.4413,262611,0
scale_a0.05,kc_delta,0,572,0.4476,262652,0
scale_a0.05,kc_delta,0,573,0.4571,263252,0
scale_a0.05,kc_delta,0,574,0.4571,263852,0
scale_a0.05,kc_delta,0,575,0.4540,263869,0
scale_a0.05,kc_delta,0,576,0.4571,264469,0
scale_a0.05,kc_delta,0,577,0.4540,265069,0
scale_a0.05,kc_delta,0,578,0.4603,265096,0
scale_a0.05,kc_delta,0,579,0.4571,265696,0
scale_a0.05,kc_delta,0,580,0.4571,265755,0
scale_a0.05,kc_delta,0,581,0.4571,266355,0
scale_a0.05,kc_delta,0,582,0.4635,266439,0
scale_a0.05,kc_delta,0,583,0.4667,267039,0
scale_a0.05,kc_delta,0,584,0.4730,267639,0
scale_a0.05,kc_delta,0,585,0.4667,268239,0
scale_a0.05,kc_delta,0,586,0.4667,268839,0
scale_a0.05,kc_delta,0,587,0.4698,269439,0
scale_a0.05,kc_delta,0,588,0.4698,270039,0
scale_a0.05,kc_delta,0,589,0.4730,270639,0
scale_a0.05,kc_delta,0,590,0.4730,271239,0
scale_a0.05,kc_delta,0,591,0.4667,271839,0
scale_a0.05,kc_delta,0,592,0.4667,272439,0
scale_a0.05,kc_delta,0,593,0.4667,272451,0
scale_a0.05,kc_delta,0,594,0.4730,272560,0
scale_a0.05,kc_delta,0,595,0.4571,273160,0
scale_a0.05,kc_delta,0,596,0.4635,273199,0
scale_a0.05,kc_delta,0,597,0.4667,273201,0
scale_a0.05,kc_delta,0,598,0.4635,273225,0
scale_a0.05,kc_delta,0,599,0.4794,273825,0
scale_a0.05,rand_delta,0,0,0.3524,600,0
scale_a0.05,rand_delta,0,1,0.4063,1200,0
scale_a0.05,rand_delta,0,2,0.4222,1800,0
scale_a0.05,rand_delta,0,3,0.5238,2349,0
scale_a0.05,rand_delta,0,4,0.5397,2410,0
scale_a0.05,rand_delta,0,5,0.4984,2963,0
scale_a0.05,rand_delta,0,6,0.5746,3563,0
scale_a0.05,rand_delta,0,7,0.3810,4163,0
scale_a0.05,rand_delta,0,8,0.3651,4763,0
scale_a0.05,rand_delta,0,9,0.3492,5363,0
scale_a0.05,rand_delta,0,10,0.3492,5963,0
scale_a0.05,rand_delta,0,11,0.3492,6563,0
scale_a0.05,rand_delta,0,12,0.3492,7163,0
scale_a0.05,rand_delta,0,13,0.3492,7763,0
scale_a0.05,rand_delta,0,14,0.3492,8363,0
scale_a0.05,rand_delta,0,15,0.3651,8753,0
scale_a0.05,rand_delta,0,16,0.3619,9353,0
scale_a0.05,rand_delta,0,17,0.3619,9953,0
scale_a0.05,rand_delta,0,18,0.3492,10553,0
scale_a0.05,rand_delta,0,19,0.3556,10713,0
scale_a0.05,rand_delta,0,20,0.3524,11313,0
scale_a0.05,rand_delta,0,21,0.3556,11502,0
scale_a0.05,rand_delta,0,22,0.3873,11834,0
scale_a0.05,rand_delta,0,23,0.3873,12434,0
scale_a0.05,rand_delta,0,24,0.3905,12457,0
scale_a0.05,rand_delta,0,25,0.3619,13057,0
scale_a0.05,rand_delta,0,26,0.3556,13657,0
scale_a0.05,rand_delta,0,27,0.3556,13663,0
scale_a0.05,rand_delta,0,28,0.3492,14263,0
scale_a0.05,rand_delta,0,29,0.3714,14863,0
scale_a0.05,rand_delta,0,30,0.3524,15463,0
scale_a0.05,rand_delta,0,31,0.3524,16063,0
scale_a0.05,rand_delta,0,32,0.3492,16663,0
scale_a0.05,rand_delta,0,33,0.3492,17263,0
scale_a0.05,rand_delta,0,34,0.3524,17863,0
scale_a0.05,rand_delta,0,35,0.3492,18463,0
scale_a0.05,rand_delta,0,36,0.3619,18677,0
scale_a0.05,rand_delta,0,37,0.3810,19277,0
scale_a0.05,rand_delta,0,38,0.4286,19877,0
scale_a0.05,rand_delta,0,39,0.4286,20477,0
scale_a0.05,rand_delta,0,40,0.4349,20528,0
scale_a0.05,rand_delta,0,41,0.4349,20536,0
scale_a0.05,rand_delta,0,42,0.4381,20634,0
scale_a0.05,rand_delta,0,43,0.4190,21234,0
scale_a0.05,rand_delta,0,44,0.3968,21834,0
scale_a0.05,rand_delta,0,45,0.3778,22434,0
scale_a0.05,rand_delta,0,46,0.4032,22624,0
scale_a0.05,rand_delta,0,47,0.4127,23224,0
scale_a0.05,rand_delta,0,48,0.4317,23824,0
scale_a0.05,rand_delta,0,49,0.4127,24424,0
scale_a0.05,rand_delta,0,50,0.4159,24495,0
scale_a0.05,rand_delta,0,51,0.4000,25095,0
scale_a0.05,rand_delta,0,52,0.4000,25100,0
scale_a0.05,rand_delta,0,53,0.4000,25700,0
scale_a0.05,rand_delta,0,54,0.3873,26300,0
scale_a0.05,rand_delta,0,55,0.3968,26900,0
scale_a0.05,rand_delta,0,56,0.3905,27500,0
scale_a0.05,rand_delta,0,57,0.3968,28100,0
scale_a0.05,rand_delta,0,58,0.3968,28700,0
scale_a0.05,rand_delta,0,59,0.3841,29300,0
scale_a0.05,rand_delta,0,60,0.3905,29900,0
scale_a0.05,rand_delta,0,61,0.3905,30500,0
scale_a0.05,rand_delta,0,62,0.3873,31100,0
scale_a0.05,rand_delta,0,63,0.3905,31700,0
scale_a0.05,rand_delta,0,64,0.4127,31816,0
scale_a0.05,rand_delta,0,65,0.4127,31836,0
scale_a0.05,rand_delta,0,66,0.4159,31851,0
scale_a0.05,rand_delta,0,67,0.4063,32451,0
scale_a0.05,rand_delta,0,68,0.4190,32527,0
scale_a0.05,rand_delta,0,69,0.3937,33127,0
scale_a0.05,rand_delta,0,70,0.3937,33727,0
scale_a0.05,rand_delta,0,71,0.3746,34327,0
scale_a0.05,rand_delta,0,72,0.3746,34927,0
scale_a0.05,rand_delta,0,73,0.3587,35527,0
scale_a0.05,rand_delta,0,74,0.3587,36127,0
scale_a0.05,rand_delta,0,75,0.3778,36344,0
scale_a0.05,rand_delta,0,76,0.4254,36597,0
scale_a0.05,rand_delta,0,77,0.4317,37197,0
scale_a0.05,rand_delta,0,78,0.4286,37797,0
scale_a0.05,rand_delta,0,79,0.4571,38397,0
scale_a0.05,rand_delta,0,80,0.4635,38436,0
scale_a0.05,rand_delta,0,81,0.4667,38478,0
scale_a0.05,rand_delta,0,82,0.4667,38500,0
scale_a0.05,rand_delta,0,83,0.4349,39100,0
scale_a0.05,rand_delta,0,84,0.4349,39700,0
scale_a0.05,rand_delta,0,85,0.4698,40300,0
scale_a0.05,rand_delta,0,86,0.4667,40900,0
scale_a0.05,rand_delta,0,87,0.4635,41500,0
scale_a0.05,rand_delta,0,88,0.4730,41584,0
scale_a0.05,rand_delta,0,89,0.4825,41636,0
scale_a0.05,rand_delta,0,90,0.4825,41659,0
scale_a0.05,rand_delta,0,91,0.4825,42259,0
scale_a0.05,rand_delta,0,92,0.4825,42278,0
scale_a0.05,rand_delta,0,93,0.4508,42878,0
scale_a0.05,rand_delta,0,94,0.4603,43478,0
scale_a0.05,rand_delta,0,95,0.4603,43498,0
scale_a0.05,rand_delta,0,96,0.4825,43682,0
scale_a0.05,rand_delta,0,97,0.5048,44228,0
scale_a0.05,rand_delta,0,98,0.5048,44828,0
scale_a0.05,rand_delta,0,99,0.5048,45428,0
scale_a0.05,rand_delta,0,100,0.4476,46028,0
scale_a0.05,rand_delta,0,101,0.4571,46080,0
scale_a0.05,rand_delta,0,102,0.4571,46083,0
scale_a0.05,rand_delta,0,103,0.4571,46683,0
scale_a0.05,rand_delta,0,104,0.4444,47283,0
scale_a0.05,rand_delta,0,105,0.4444,47287,0
scale_a0.05,rand_delta,0,106,0.4794,47533,0
scale_a0.05,rand_delta,0,107,0.3905,48133,0
scale_a0.05,rand_delta,0,108,0.3683,48733,0
scale_a0.05,rand_delta,0,109,0.3683,49333,0
scale_a0.05,rand_delta,0,110,0.4317,49899,0
scale_a0.05,rand_delta,0,111,0.4254,50499,0
scale_a0.05,rand_delta,0,112,0.3841,51099,0
scale_a0.05,rand_delta,0,113,0.4730,51493,0
scale_a0.05,rand_delta,0,114,0.4794,52093,0
scale_a0.05,rand_delta,0,115,0.4889,52159,0
scale_a0.05,rand_delta,0,116,0.4857,52759,0
scale_a0.05,rand_delta,0,117,0.4889,53359,0
scale_a0.05,rand_delta,0,118,0.4889,53959,0
scale_a0.05,rand_delta,0,119,0.4952,54559,0
scale_a0.05,rand_delta,0,120,0.5016,54695,0
scale_a0.05,rand_delta,0,121,0.4952,55295,0
scale_a0.05,rand_delta,0,122,0.4952,55895,0
scale_a0.05,rand_delta,0,123,0.5016,55917,0
scale_a0.05,rand_delta,0,124,0.5016,56517,0
scale_a0.05,rand_delta,0,125,0.4984,57117,0
scale_a0.05,rand_delta,0,126,0.5079,57717,0
scale_a0.05,rand_delta,0,127,0.4952,58317,0
scale_a0.05,rand_delta,0,128,0.4952,58917,0
scale_a0.05,rand_delta,0,129,0.4952,59517,0
scale_a0.05,rand_delta,0,130,0.4921,59546,0
scale_a0.05,rand_delta,0,131,0.4921,59553,0
scale_a0.05,rand_delta,0,132,0.4952,59592,0
scale_a0.05,rand_delta,0,133,0.4952,59626,0
scale_a0.05,rand_delta,0,134,0.5111,60226,0
scale_a0.05,rand_delta,0,135,0.5238,60292,0
scale_a0.05,rand_delta,0,136,0.5238,60315,0
scale_a0.05,rand_delta,0,137,0.5524,60915,0
scale_a0.05,rand_delta,0,138,0.5524,61515,0
scale_a0.05,rand_delta,0,139,0.5524,61659,0
scale_a0.05,rand_delta,0,140,0.5524,61704,0
scale_a0.05,rand_delta,0,141,0.5365,62304,0
scale_a0.05,rand_delta,0,142,0.5365,62904,0
scale_a0.05,rand_delta,0,143,0.5397,63504,0
scale_a0.05,rand_delta,0,144,0.5365,64104,0
scale_a0.05,rand_delta,0,145,0.5651,64371,0
scale_a0.05,rand_delta,0,146,0.5683,64410,0
scale_a0.05,rand_delta,0,147,0.5683,65010,0
scale_a0.05,rand_delta,0,148,0.5651,65032,0
scale_a0.05,rand_delta,0,149,0.5683,65122,0
scale_a0.05,rand_delta,0,150,0.5683,65144,0
scale_a0.05,rand_delta,0,151,0.5714,65744,0
scale_a0.05,rand_delta,0,152,0.5683,65764,0
scale_a0.05,rand_delta,0,153,0.5683,65794,0
scale_a0.05,rand_delta,0,154,0.5714,66394,0
scale_a0.05,rand_delta,0,155,0.5683,66419,0
scale_a0.05,rand_delta,0,156,0.5683,66441,0
scale_a0.05,rand_delta,0,157,0.5651,66477,0
scale_a0.05,rand_delta,0,158,0.5683,66871,0
scale_a0.05,rand_delta,0,159,0.5683,67408,0
scale_a0.05,rand_delta,0,160,0.5714,67453,0
scale_a0.05,rand_delta,0,161,0.5714,68053,0
scale_a0.05,rand_delta,0,162,0.5714,68055,0
scale_a0.05,rand_delta,0,163,0.5714,68064,0
scale_a0.05,rand_delta,0,164,0.5683,68664,0
scale_a0.05,rand_delta,0,165,0.5333,69264,0
scale_a0.05,rand_delta,0,166,0.5460,69456,0
scale_a0.05,rand_delta,0,167,0.5270,70056,0
scale_a0.05,rand_delta,0,168,0.5365,70095,0
scale_a0.05,rand_delta,0,169,0.5365,70695,0
scale_a0.05,rand_delta,0,170,0.5397,70739,0
scale_a0.05,rand_delta,0,171,0.5397,70758,0
scale_a0.05,rand_delta,0,172,0.5429,70768,0
scale_a0.05,rand_delta,0,173,0.5714,71047,0
scale_a0.05,rand_delta,0,174,0.5556,71647,0
scale_a0.05,rand_delta,0,175,0.5556,72247,0
scale_a0.05,rand_delta,0,176,0.5619,72271,0
scale_a0.05,rand_delta,0,177,0.5460,72871,0
scale_a0.05,rand_delta,0,178,0.5524,73471,0
scale_a0.05,rand_delta,0,179,0.5524,74071,0
scale_a0.05,rand_delta,0,180,0.5302,74671,0
scale_a0.05,rand_delta,0,181,0.5333,74689,0
scale_a0.05,rand_delta,0,182,0.5492,75289,0
scale_a0.05,rand_delta,0,183,0.5175,75889,0
scale_a0.05,rand_delta,0,184,0.5175,75913,0
scale_a0.05,rand_delta,0,185,0.5175,76513,0
scale_a0.05,rand_delta,0,186,0.5175,76553,0
scale_a0.05,rand_delta,0,187,0.5175,76565,0
scale_a0.05,rand_delta,0,188,0.5016,77165,0
scale_a0.05,rand_delta,0,189,0.5143,77765,0
scale_a0.05,rand_delta,0,190,0.5143,78365,0
scale_a0.05,rand_delta,0,191,0.5143,78402,0
scale_a0.05,rand_delta,0,192,0.5143,78421,0
scale_a0.05,rand_delta,0,193,0.5079,79021,0
scale_a0.05,rand_delta,0,194,0.5079,79621,0
scale_a0.05,rand_delta,0,195,0.5619,79845,0
scale_a0.05,rand_delta,0,196,0.5651,80445,0
scale_a0.05,rand_delta,0,197,0.5651,80471,0
scale_a0.05,rand_delta,0,198,0.5619,80488,0
scale_a0.05,rand_delta,0,199,0.5651,80797,0
scale_a0.05,rand_delta,0,200,0.5651,81397,0
scale_a0.05,rand_delta,0,201,0.5651,81997,0
scale_a0.05,rand_delta,0,202,0.5683,82597,0
scale_a0.05,rand_delta,0,203,0.5619,82623,0
scale_a0.05,rand_delta,0,204,0.5587,83223,0
scale_a0.05,rand_delta,0,205,0.5619,83823,0
scale_a0.05,rand_delta,0,206,0.5619,83876,0
scale_a0.05,rand_delta,0,207,0.5683,84476,0
scale_a0.05,rand_delta,0,208,0.5651,85076,0
scale_a0.05,rand_delta,0,209,0.5651,85676,0
scale_a0.05,rand_delta,0,210,0.5048,86276,0
scale_a0.05,rand_delta,0,211,0.5079,86289,0
scale_a0.05,rand_delta,0,212,0.5206,86326,0
scale_a0.05,rand_delta,0,213,0.5206,86362,0
scale_a0.05,rand_delta,0,214,0.5238,86381,0
scale_a0.05,rand_delta,0,215,0.5429,86981,0
scale_a0.05,rand_delta,0,216,0.5492,87581,0
scale_a0.05,rand_delta,0,217,0.5524,87600,0
scale_a0.05,rand_delta,0,218,0.5587,88200,0
scale_a0.05,rand_delta,0,219,0.5587,88584,0
scale_a0.05,rand_delta,0,220,0.5651,89184,0
scale_a0.05,rand_delta,0,221,0.5651,89190,0
scale_a0.05,rand_delta,0,222,0.5079,89790,0
scale_a0.05,rand_delta,0,223,0.5111,90390,0
scale_a0.05,rand_delta,0,224,0.5619,90709,0
scale_a0.05,rand_delta,0,225,0.5619,91309,0
scale_a0.05,rand_delta,0,226,0.5587,91909,0
scale_a0.05,rand_delta,0,227,0.5587,91932,0
scale_a0.05,rand_delta,0,228,0.5429,92532,0
scale_a0.05,rand_delta,0,229,0.5270,93132,0
scale_a0.05,rand_delta,0,230,0.5302,93732,0
scale_a0.05,rand_delta,0,231,0.5333,93759,0
scale_a0.05,rand_delta,0,232,0.5397,93771,0
scale_a0.05,rand_delta,0,233,0.5365,94371,0
scale_a0.05,rand_delta,0,234,0.5492,94971,0
scale_a0.05,rand_delta,0,235,0.5524,94985,0
scale_a0.05,rand_delta,0,236,0.5524,95014,0
scale_a0.05,rand_delta,0,237,0.5556,95039,0
scale_a0.05,rand_delta,0,238,0.5587,95639,0
scale_a0.05,rand_delta,0,239,0.5587,96239,0
scale_a0.05,rand_delta,0,240,0.5714,96839,0
scale_a0.05,rand_delta,0,241,0.5714,96883,0
scale_a0.05,rand_delta,0,242,0.5651,97483,0
scale_a0.05,rand_delta,0,243,0.5873,98083,0
scale_a0.05,rand_delta,0,244,0.5968,98183,0
scale_a0.05,rand_delta,0,245,0.5937,98783,0
scale_a0.05,rand_delta,0,246,0.5905,99383,0
scale_a0.05,rand_delta,0,247,0.5873,99983,0
scale_a0.05,rand_delta,0,248,0.5873,100583,0
scale_a0.05,rand_delta,0,249,0.5937,100700,0
scale_a0.05,rand_delta,0,250,0.6000,101300,0
scale_a0.05,rand_delta,0,251,0.5937,101355,0
scale_a0.05,rand_delta,0,252,0.5968,101493,0
scale_a0.05,rand_delta,0,253,0.6032,102093,0
scale_a0.05,rand_delta,0,254,0.6063,102693,0
scale_a0.05,rand_delta,0,255,0.6095,103293,0
scale_a0.05,rand_delta,0,256,0.6032,103321,0
scale_a0.05,rand_delta,0,257,0.6095,103921,0
scale_a0.05,rand_delta,0,258,0.6000,104521,0
scale_a0.05,rand_delta,0,259,0.5937,105121,0
scale_a0.05,rand_delta,0,260,0.6032,105721,0
scale_a0.05,rand_delta,0,261,0.6032,105752,0
scale_a0.05,rand_delta,0,262,0.6000,105759,0
scale_a0.05,rand_delta,0,263,0.5968,105784,0
scale_a0.05,rand_delta,0,264,0.5937,105795,0
scale_a0.05,rand_delta,0,265,0.5968,105826,0
scale_a0.05,rand_delta,0,266,0.6032,106426,0
scale_a0.05,rand_delta,0,267,0.6063,106471,0
scale_a0.05,rand_delta,0,268,0.6000,106505,0
scale_a0.05,rand_delta,0,269,0.6159,107105,0
scale_a0.05,rand_delta,0,270,0.6000,107705,0
scale_a0.05,rand_delta,0,271,0.6063,107731,0
scale_a0.05,rand_delta,0,272,0.6095,107765,0
scale_a0.05,rand_delta,0,273,0.6095,108365,0
scale_a0.05,rand_delta,0,274,0.6095,108377,0
scale_a0.05,rand_delta,0,275,0.6032,108396,0
scale_a0.05,rand_delta,0,276,0.6000,108466,0
scale_a0.05,rand_delta,0,277,0.6063,108506,0
scale_a0.05,rand_delta,0,278,0.6032,109106,0
scale_a0.05,rand_delta,0,279,0.6063,109706,0
scale_a0.05,rand_delta,0,280,0.6095,110306,0
scale_a0.05,rand_delta,0,281,0.6032,110336,0
scale_a0.05,rand_delta,0,282,0.5968,110936,0
scale_a0.05,rand_delta,0,283,0.6000,110989,0
scale_a0.05,rand_delta,0,284,0.5937,111015,0
scale_a0.05,rand_delta,0,285,0.6000,111064,0
scale_a0.05,rand_delta,0,286,0.6000,111664,0
scale_a0.05,rand_delta,0,287,0.5968,111679,0
scale_a0.05,rand_delta,0,288,0.5841,112279,0
scale_a0.05,rand_delta,0,289,0.5873,112310,0
scale_a0.05,rand_delta,0,290,0.5841,112330,0
scale_a0.05,rand_delta,0,291,0.5873,112930,0
scale_a0.05,rand_delta,0,292,0.5905,113013,0
scale_a0.05,rand_delta,0,293,0.5873,113613,0
scale_a0.05,rand_delta,0,294,0.5841,114213,0
scale_a0.05,rand_delta,0,295,0.5587,114813,0
scale_a0.05,rand_delta,0,296,0.5683,114831,0
scale_a0.05,rand_delta,0,297,0.5683,114843,0
scale_a0.05,rand_delta,0,298,0.5746,114887,0
scale_a0.05,rand_delta,0,299,0.5746,114910,0
scale_a0.05,rand_delta,0,300,0.5746,114912,0
scale_a0.05,rand_delta,0,301,0.5714,115512,0
scale_a0.05,rand_delta,0,302,0.5905,115786,0
scale_a0.05,rand_delta,0,303,0.5841,116386,0
scale_a0.05,rand_delta,0,304,0.5873,116986,0
scale_a0.05,rand_delta,0,305,0.5873,117027,0
scale_a0.05,rand_delta,0,306,0.5905,117124,0
scale_a0.05,rand_delta,0,307,0.5905,117174,0
scale_a0.05,rand_delta,0,308,0.5968,117774,0
scale_a0.05,rand_delta,0,309,0.6095,117997,0
scale_a0.05,rand_delta,0,310,0.6000,118041,0
scale_a0.05,rand_delta,0,311,0.5968,118068,0
scale_a0.05,rand_delta,0,312,0.6032,118668,0
scale_a0.05,rand_delta,0,313,0.5905,118691,0
scale_a0.05,rand_delta,0,314,0.5841,119291,0
scale_a0.05,rand_delta,0,315,0.5873,119891,0
scale_a0.05,rand_delta,0,316,0.5905,120491,0
scale_a0.05,rand_delta,0,317,0.6000,121091,0
scale_a0.05,rand_delta,0,318,0.6032,121108,0
scale_a0.05,rand_delta,0,319,0.6095,121142,0
scale_a0.05,rand_delta,0,320,0.6063,121164,0
scale_a0.05,rand_delta,0,321,0.6095,121189,0
scale_a0.05,rand_delta,0,322,0.5937,121222,0
scale_a0.05,rand_delta,0,323,0.5841,121822,0
scale_a0.05,rand_delta,0,324,0.5968,121840,0
scale_a0.05,rand_delta,0,325,0.5746,122440,0
scale_a0.05,rand_delta,0,326,0.5746,122455,0
scale_a0.05,rand_delta,0,327,0.5746,122471,0
scale_a0.05,rand_delta,0,328,0.5746,122478,0
scale_a0.05,rand_delta,0,329,0.5968,122576,0
scale_a0.05,rand_delta,0,330,0.5905,122626,0
scale_a0.05,rand_delta,0,331,0.5873,122653,0
scale_a0.05,rand_delta,0,332,0.5746,123253,0
scale_a0.05,rand_delta,0,333,0.5873,123305,0
scale_a0.05,rand_delta,0,334,0.5873,123382,0
scale_a0.05,rand_delta,0,335,0.5841,123982,0
scale_a0.05,rand_delta,0,336,0.5778,124582,0
scale_a0.05,rand_delta,0,337,0.5714,124613,0
scale_a0.05,rand_delta,0,338,0.5778,125213,0
scale_a0.05,rand_delta,0,339,0.5714,125236,0
scale_a0.05,rand_delta,0,340,0.5651,125265,0
scale_a0.05,rand_delta,0,341,0.5746,125311,0
scale_a0.05,rand_delta,0,342,0.5746,125349,0
scale_a0.05,rand_delta,0,343,0.5873,125949,0
scale_a0.05,rand_delta,0,344,0.5873,125999,0
scale_a0.05,rand_delta,0,345,0.5937,126599,0
scale_a0.05,rand_delta,0,346,0.5905,127199,0
scale_a0.05,rand_delta,0,347,0.5937,127240,0
scale_a0.05,rand_delta,0,348,0.5937,127840,0
scale_a0.05,rand_delta,0,349,0.5873,127864,0
scale_a0.05,rand_delta,0,350,0.5746,127914,0
scale_a0.05,rand_delta,0,351,0.5778,127970,0
scale_a0.05,rand_delta,0,352,0.5841,128025,0
scale_a0.05,rand_delta,0,353,0.5905,128625,0
scale_a0.05,rand_delta,0,354,0.5746,129225,0
scale_a0.05,rand_delta,0,355,0.5810,129260,0
scale_a0.05,rand_delta,0,356,0.5778,129285,0
scale_a0.05,rand_delta,0,357,0.5778,129885,0
scale_a0.05,rand_delta,0,358,0.5587,130485,0
scale_a0.05,rand_delta,0,359,0.5619,131085,0
scale_a0.05,rand_delta,0,360,0.5492,131140,0
scale_a0.05,rand_delta,0,361,0.5683,131740,0
scale_a0.05,rand_delta,0,362,0.5810,132340,0
scale_a0.05,rand_delta,0,363,0.5905,132453,0
scale_a0.05,rand_delta,0,364,0.5778,133053,0
scale_a0.05,rand_delta,0,365,0.5810,133102,0
scale_a0.05,rand_delta,0,366,0.5778,133142,0
scale_a0.05,rand_delta,0,367,0.5714,133179,0
scale_a0.05,rand_delta,0,368,0.5841,133779,0
scale_a0.05,rand_delta,0,369,0.5778,133820,0
scale_a0.05,rand_delta,0,370,0.5746,133941,0
scale_a0.05,rand_delta,0,371,0.5905,134025,0
scale_a0.05,rand_delta,0,372,0.5778,134058,0
scale_a0.05,rand_delta,0,373,0.5683,134658,0
scale_a0.05,rand_delta,0,374,0.5714,134678,0
scale_a0.05,rand_delta,0,375,0.5683,135278,0
scale_a0.05,rand_delta,0,376,0.5587,135878,0
scale_a0.05,rand_delta,0,377,0.5619,136478,0
scale_a0.05,rand_delta,0,378,0.5683,136519,0
scale_a0.05,rand_delta,0,379,0.5683,136547,0
scale_a0.05,rand_delta,0,380,0.5651,137147,0
scale_a0.05,rand_delta,0,381,0.5778,137747,0
scale_a0.05,rand_delta,0,382,0.5746,138347,0
scale_a0.05,rand_delta,0,383,0.5810,138404,0
scale_a0.05,rand_delta,0,384,0.5905,138447,0
scale_a0.05,rand_delta,0,385,0.5905,138468,0
scale_a0.05,rand_delta,0,386,0.5810,138528,0
scale_a0.05,rand_delta,0,387,0.5905,138637,0
scale_a0.05,rand_delta,0,388,0.6063,139237,0
scale_a0.05,rand_delta,0,389,0.6000,139274,0
scale_a0.05,rand_delta,0,390,0.6032,139307,0
scale_a0.05,rand_delta,0,391,0.6000,139337,0
scale_a0.05,rand_delta,0,392,0.6127,139937,0
scale_a0.05,rand_delta,0,393,0.5937,140537,0
scale_a0.05,rand_delta,0,394,0.5746,141137,0
scale_a0.05,rand_delta,0,395,0.5778,141200,0
scale_a0.05,rand_delta,0,396,0.6032,141302,0
scale_a0.05,rand_delta,0,397,0.6000,141335,0
scale_a0.05,rand_delta,0,398,0.6000,141396,0
scale_a0.05,rand_delta,0,399,0.5905,141996,0
scale_a0.05,rand_delta,0,400,0.5841,142029,0
scale_a0.05,rand_delta,0,401,0.5905,142629,0
scale_a0.05,rand_delta,0,402,0.5778,142658,0
scale_a0.05,rand_delta,0,403,0.5778,143258,0
scale_a0.05,rand_delta,0,404,0.6032,143356,0
scale_a0.05,rand_delta,0,405,0.6000,143412,0
scale_a0.05,rand_delta,0,406,0.5937,143452,0
scale_a0.05,rand_delta,0,407,0.6000,143488,0
scale_a0.05,rand_delta,0,408,0.5937,143522,0
scale_a0.05,rand_delta,0,409,0.6063,143698,0
scale_a0.05,rand_delta,0,410,0.5968,143798,0
scale_a0.05,rand_delta,0,411,0.6159,144398,0
scale_a0.05,rand_delta,0,412,0.5968,144998,0
scale_a0.05,rand_delta,0,413,0.6063,145039,0
scale_a0.05,rand_delta,0,414,0.6032,145071,0
scale_a0.05,rand_delta,0,415,0.6095,145110,0
scale_a0.05,rand_delta,0,416,0.6190,145710,0
scale_a0.05,rand_delta,0,417,0.6159,145752,0
scale_a0.05,rand_delta,0,418,0.6159,146352,0
scale_a0.05,rand_delta,0,419,0.6159,146952,0
scale_a0.05,rand_delta,0,420,0.5968,147552,0
scale_a0.05,rand_delta,0,421,0.6095,147581,0
scale_a0.05,rand_delta,0,422,0.6127,147655,0
scale_a0.05,rand_delta,0,423,0.6095,147729,0
scale_a0.05,rand_delta,0,424,0.6159,148329,0
scale_a0.05,rand_delta,0,425,0.6159,148929,0
scale_a0.05,rand_delta,0,426,0.6127,148972,0
scale_a0.05,rand_delta,0,427,0.6127,149572,0
scale_a0.05,rand_delta,0,428,0.6032,149617,0
scale_a0.05,rand_delta,0,429,0.6032,149639,0
scale_a0.05,rand_delta,0,430,0.5968,150239,0
scale_a0.05,rand_delta,0,431,0.6032,150266,0
scale_a0.05,rand_delta,0,432,0.6127,150295,0
scale_a0.05,rand_delta,0,433,0.6254,150895,0
scale_a0.05,rand_delta,0,434,0.6254,150940,0
scale_a0.05,rand_delta,0,435,0.6127,150974,0
scale_a0.05,rand_delta,0,436,0.6127,151050,0
scale_a0.05,rand_delta,0,437,0.6159,151075,0
scale_a0.05,rand_delta,0,438,0.6063,151137,0
scale_a0.05,rand_delta,0,439,0.6032,151737,0
scale_a0.05,rand_delta,0,440,0.5619,152337,0
scale_a0.05,rand_delta,0,441,0.5587,152937,0
scale_a0.05,rand_delta,0,442,0.5873,153024,0
scale_a0.05,rand_delta,0,443,0.6063,153062,0
scale_a0.05,rand_delta,0,444,0.5905,153662,0
scale_a0.05,rand_delta,0,445,0.5905,153688,0
scale_a0.05,rand_delta,0,446,0.5937,153726,0
scale_a0.05,rand_delta,0,447,0.6000,154326,0
scale_a0.05,rand_delta,0,448,0.6000,154358,0
scale_a0.05,rand_delta,0,449,0.6095,154421,0
scale_a0.05,rand_delta,0,450,0.6095,154428,0
scale_a0.05,rand_delta,0,451,0.6095,155028,0
scale_a0.05,rand_delta,0,452,0.5175,155628,0
scale_a0.05,rand_delta,0,453,0.5460,155695,0
scale_a0.05,rand_delta,0,454,0.5492,155714,0
scale_a0.05,rand_delta,0,455,0.5333,156314,0
scale_a0.05,rand_delta,0,456,0.5397,156331,0
scale_a0.05,rand_delta,0,457,0.5492,156410,0
scale_a0.05,rand_delta,0,458,0.5714,157010,0
scale_a0.05,rand_delta,0,459,0.5714,157056,0
scale_a0.05,rand_delta,0,460,0.5651,157656,0
scale_a0.05,rand_delta,0,461,0.5778,157685,0
scale_a0.05,rand_delta,0,462,0.5524,158285,0
scale_a0.05,rand_delta,0,463,0.5556,158321,0
scale_a0.05,rand_delta,0,464,0.5556,158343,0
scale_a0.05,rand_delta,0,465,0.5587,158943,0
scale_a0.05,rand_delta,0,466,0.5683,159005,0
scale_a0.05,rand_delta,0,467,0.5651,159031,0
scale_a0.05,rand_delta,0,468,0.5619,159631,0
scale_a0.05,rand_delta,0,469,0.5397,160231,0
scale_a0.05,rand_delta,0,470,0.5651,160352,0
scale_a0.05,rand_delta,0,471,0.5619,160379,0
scale_a0.05,rand_delta,0,472,0.5651,160979,0
scale_a0.05,rand_delta,0,473,0.5714,161020,0
scale_a0.05,rand_delta,0,474,0.5683,161055,0
scale_a0.05,rand_delta,0,475,0.5714,161105,0
scale_a0.05,rand_delta,0,476,0.5683,161163,0
scale_a0.05,rand_delta,0,477,0.5683,161189,0
scale_a0.05,rand_delta,0,478,0.5714,161789,0
scale_a0.05,rand_delta,0,479,0.5524,162389,0
scale_a0.05,rand_delta,0,480,0.5619,162445,0
scale_a0.05,rand_delta,0,481,0.5619,162503,0
scale_a0.05,rand_delta,0,482,0.5778,163103,0
scale_a0.05,rand_delta,0,483,0.5778,163106,0
scale_a0.05,rand_delta,0,484,0.5778,163122,0
scale_a0.05,rand_delta,0,485,0.5714,163722,0
scale_a0.05,rand_delta,0,486,0.5683,163774,0
scale_a0.05,rand_delta,0,487,0.5524,164374,0
scale_a0.05,rand_delta,0,488,0.5651,164421,0
scale_a0.05,rand_delta,0,489,0.5683,165021,0
scale_a0.05,rand_delta,0,490,0.5651,165107,0
scale_a0.05,rand_delta,0,491,0.5651,165707,0
scale_a0.05,rand_delta,0,492,0.5937,166307,0
scale_a0.05,rand_delta,0,493,0.5841,166907,0
scale_a0.05,rand_delta,0,494,0.5651,166956,0
scale_a0.05,rand_delta,0,495,0.5587,166984,0
scale_a0.05,rand_delta,0,496,0.5556,167584,0
scale_a0.05,rand_delta,0,497,0.5714,168184,0
scale_a0.05,rand_delta,0,498,0.5746,168273,0
scale_a0.05,rand_delta,0,499,0.5683,168310,0
scale_a0.05,rand_delta,0,500,0.5714,168910,0
scale_a0.05,rand_delta,0,501,0.5683,168924,0
scale_a0.05,rand_delta,0,502,0.5651,169524,0
scale_a0.05,rand_delta,0,503,0.5651,169533,0
scale_a0.05,rand_delta,0,504,0.5778,169571,0
scale_a0.05,rand_delta,0,505,0.5810,169601,0
scale_a0.05,rand_delta,0,506,0.5841,169659,0
scale_a0.05,rand_delta,0,507,0.5651,170259,0
scale_a0.05,rand_delta,0,508,0.6032,170859,0
scale_a0.05,rand_delta,0,509,0.6095,171459,0
scale_a0.05,rand_delta,0,510,0.6032,172059,0
scale_a0.05,rand_delta,0,511,0.6000,172659,0
scale_a0.05,rand_delta,0,512,0.6032,172684,0
scale_a0.05,rand_delta,0,513,0.6159,172706,0
scale_a0.05,rand_delta,0,514,0.6127,173306,0
scale_a0.05,rand_delta,0,515,0.6095,173906,0
scale_a0.05,rand_delta,0,516,0.6159,174506,0
scale_a0.05,rand_delta,0,517,0.6222,174539,0
scale_a0.05,rand_delta,0,518,0.6222,174564,0
scale_a0.05,rand_delta,0,519,0.6190,174572,0
scale_a0.05,rand_delta,0,520,0.6063,174624,0
scale_a0.05,rand_delta,0,521,0.6095,175224,0
scale_a0.05,rand_delta,0,522,0.6063,175231,0
scale_a0.05,rand_delta,0,523,0.6159,175271,0
scale_a0.05,rand_delta,0,524,0.6032,175871,0
scale_a0.05,rand_delta,0,525,0.6032,176471,0
scale_a0.05,rand_delta,0,526,0.6063,176508,0
scale_a0.05,rand_delta,0,527,0.6063,177108,0
scale_a0.05,rand_delta,0,528,0.6095,177171,0
scale_a0.05,rand_delta,0,529,0.6190,177771,0
scale_a0.05,rand_delta,0,530,0.6063,178371,0
scale_a0.05,rand_delta,0,531,0.5746,178971,0
scale_a0.05,rand_delta,0,532,0.5968,179018,0
scale_a0.05,rand_delta,0,533,0.5968,179091,0
scale_a0.05,rand_delta,0,534,0.5968,179101,0
scale_a0.05,rand_delta,0,535,0.5937,179701,0
scale_a0.05,rand_delta,0,536,0.5810,180301,0
scale_a0.05,rand_delta,0,537,0.5492,180901,0
scale_a0.05,rand_delta,0,538,0.6032,181019,0
scale_a0.05,rand_delta,0,539,0.5905,181047,0
scale_a0.05,rand_delta,0,540,0.5905,181106,0
scale_a0.05,rand_delta,0,541,0.6063,181706,0
scale_a0.05,rand_delta,0,542,0.5968,181749,0
scale_a0.05,rand_delta,0,543,0.5937,181772,0
scale_a0.05,rand_delta,0,544,0.6000,182372,0
scale_a0.05,rand_delta,0,545,0.6032,182972,0
scale_a0.05,rand_delta,0,546,0.5968,183013,0
scale_a0.05,rand_delta,0,547,0.6000,183613,0
scale_a0.05,rand_delta,0,548,0.5905,184213,0
scale_a0.05,rand_delta,0,549,0.5873,184267,0
scale_a0.05,rand_delta,0,550,0.5810,184280,0
scale_a0.05,rand_delta,0,551,0.5841,184880,0
scale_a0.05,rand_delta,0,552,0.5873,185480,0
scale_a0.05,rand_delta,0,553,0.5841,186080,0
scale_a0.05,rand_delta,0,554,0.5937,186680,0
scale_a0.05,rand_delta,0,555,0.5778,187280,0
scale_a0.05,rand_delta,0,556,0.5841,187384,0
scale_a0.05,rand_delta,0,557,0.5968,187496,0
scale_a0.05,rand_delta,0,558,0.5937,187545,0
scale_a0.05,rand_delta,0,559,0.6000,187798,0
scale_a0.05,rand_delta,0,560,0.5905,188398,0
scale_a0.05,rand_delta,0,561,0.5905,188998,0
scale_a0.05,rand_delta,0,562,0.5746,189043,0
scale_a0.05,rand_delta,0,563,0.5937,189643,0
scale_a0.05,rand_delta,0,564,0.5937,190243,0
scale_a0.05,rand_delta,0,565,0.5937,190325,0
scale_a0.05,rand_delta,0,566,0.5873,190388,0
scale_a0.05,rand_delta,0,567,0.6000,190988,0
scale_a0.05,rand_delta,0,568,0.5968,191027,0
scale_a0.05,rand_delta,0,569,0.5937,191048,0
scale_a0.05,rand_delta,0,570,0.5937,191104,0
scale_a0.05,rand_delta,0,571,0.5873,191113,0
scale_a0.05,rand_delta,0,572,0.5937,191156,0
scale_a0.05,rand_delta,0,573,0.5937,191218,0
scale_a0.05,rand_delta,0,574,0.5905,191818,0
scale_a0.05,rand_delta,0,575,0.5873,191859,0
scale_a0.05,rand_delta,0,576,0.6063,192459,0
scale_a0.05,rand_delta,0,577,0.6095,192500,0
scale_a0.05,rand_delta,0,578,0.6063,192526,0
scale_a0.05,rand_delta,0,579,0.5905,193126,0
scale_a0.05,rand_delta,0,580,0.5968,193166,0
scale_a0.05,rand_delta,0,581,0.5937,193208,0
scale_a0.05,rand_delta,0,582,0.5937,193245,0
scale_a0.05,rand_delta,0,583,0.5968,193845,0
scale_a0.05,rand_delta,0,584,0.6000,194445,0
scale_a0.05,rand_delta,0,585,0.6063,195045,0
scale_a0.05,rand_delta,0,586,0.5810,195645,0
scale_a0.05,rand_delta,0,587,0.5873,196245,0
scale_a0.05,rand_delta,0,588,0.5841,196291,0
scale_a0.05,rand_delta,0,589,0.5937,196891,0
scale_a0.05,rand_delta,0,590,0.5873,197491,0
scale_a0.05,rand_delta,0,591,0.6032,197543,0
scale_a0.05,rand_delta,0,592,0.5841,198143,0
scale_a0.05,rand_delta,0,593,0.5841,198173,0
scale_a0.05,rand_delta,0,594,0.5746,198252,0
scale_a0.05,rand_delta,0,595,0.5937,198852,0
scale_a0.05,rand_delta,0,596,0.5873,198863,0
scale_a0.05,rand_delta,0,597,0.5968,198869,0
scale_a0.05,rand_delta,0,598,0.5905,198913,0
scale_a0.05,rand_delta,0,599,0.5714,199513,0
scale_a0.05,kc_delta,1,0,0.4063,600,0
scale_a0.05,kc_delta,1,1,0.3968,1072,0
scale_a0.05,kc_delta,1,2,0.3810,1077,0
scale_a0.05,kc_delta,1,3,0.3810,1677,0
scale_a0.05,kc_delta,1,4,0.3968,1788,0
scale_a0.05,kc_delta,1,5,0.4063,2388,0
scale_a0.05,kc_delta,1,6,0.4317,2812,0
scale_a0.05,kc_delta,1,7,0.4444,2907,0
scale_a0.05,kc_delta,1,8,0.4032,3507,0
scale_a0.05,kc_delta,1,9,0.4063,4107,0
scale_a0.05,kc_delta,1,10,0.4127,4707,0
scale_a0.05,kc_delta,1,11,0.4349,5307,0
scale_a0.05,kc_delta,1,12,0.4063,5907,0
scale_a0.05,kc_delta,1,13,0.3746,6507,0
scale_a0.05,kc_delta,1,14,0.3714,7107,0
scale_a0.05,kc_delta,1,15,0.3810,7707,0
scale_a0.05,kc_delta,1,16,0.3937,8307,0
scale_a0.05,kc_delta,1,17,0.3873,8907,0
scale_a0.05,kc_delta,1,18,0.3651,9507,0
scale_a0.05,kc_delta,1,19,0.3587,10107,0
scale_a0.05,kc_delta,1,20,0.3778,10707,0
scale_a0.05,kc_delta,1,21,0.3651,11307,0
scale_a0.05,kc_delta,1,22,0.3746,11408,0
scale_a0.05,kc_delta,1,23,0.3714,11428,0
scale_a0.05,kc_delta,1,24,0.3810,12028,0
scale_a0.05,kc_delta,1,25,0.3841,12252,0
scale_a0.05,kc_delta,1,26,0.4032,12852,0
scale_a0.05,kc_delta,1,27,0.4127,13182,0
scale_a0.05,kc_delta,1,28,0.4063,13782,0
scale_a0.05,kc_delta,1,29,0.3873,14382,0
scale_a0.05,kc_delta,1,30,0.3905,14426,0
scale_a0.05,kc_delta,1,31,0.4000,15026,0
scale_a0.05,kc_delta,1,32,0.4127,15625,0
scale_a0.05,kc_delta,1,33,0.4127,16063,0
scale_a0.05,kc_delta,1,34,0.4063,16663,0
scale_a0.05,kc_delta,1,35,0.4127,16675,0
scale_a0.05,kc_delta,1,36,0.4222,17275,0
scale_a0.05,kc_delta,1,37,0.3937,17875,0
scale_a0.05,kc_delta,1,38,0.4095,18043,0
scale_a0.05,kc_delta,1,39,0.4159,18643,0
scale_a0.05,kc_delta,1,40,0.4254,18904,0
scale_a0.05,kc_delta,1,41,0.4032,19504,0
scale_a0.05,kc_delta,1,42,0.4222,19723,0
scale_a0.05,kc_delta,1,43,0.4254,20323,0
scale_a0.05,kc_delta,1,44,0.4254,20324,0
scale_a0.05,kc_delta,1,45,0.4286,20395,0
scale_a0.05,kc_delta,1,46,0.4127,20995,0
scale_a0.05,kc_delta,1,47,0.4349,21595,0
scale_a0.05,kc_delta,1,48,0.4476,21857,0
scale_a0.05,kc_delta,1,49,0.4444,21859,0
scale_a0.05,kc_delta,1,50,0.4063,22459,0
scale_a0.05,kc_delta,1,51,0.4095,23059,0
scale_a0.05,kc_delta,1,52,0.3778,23659,0
scale_a0.05,kc_delta,1,53,0.3778,24259,0
scale_a0.05,kc_delta,1,54,0.4127,24767,0
scale_a0.05,kc_delta,1,55,0.4190,25367,0
scale_a0.05,kc_delta,1,56,0.4127,25967,0
scale_a0.05,kc_delta,1,57,0.4222,26090,0
scale_a0.05,kc_delta,1,58,0.4286,26112,0
scale_a0.05,kc_delta,1,59,0.4286,26119,0
scale_a0.05,kc_delta,1,60,0.4222,26719,0
scale_a0.05,kc_delta,1,61,0.4222,27319,0
scale_a0.05,kc_delta,1,62,0.4317,27453,0
scale_a0.05,kc_delta,1,63,0.4444,27798,0
scale_a0.05,kc_delta,1,64,0.4413,28398,0
scale_a0.05,kc_delta,1,65,0.4444,28998,0
scale_a0.05,kc_delta,1,66,0.4413,29598,0
scale_a0.05,kc_delta,1,67,0.4381,30198,0
scale_a0.05,kc_delta,1,68,0.4540,30313,0
scale_a0.05,kc_delta,1,69,0.4571,30913,0
scale_a0.05,kc_delta,1,70,0.4635,31247,0
scale_a0.05,kc_delta,1,71,0.4476,31847,0
scale_a0.05,kc_delta,1,72,0.4095,32447,0
scale_a0.05,kc_delta,1,73,0.3937,33047,0
scale_a0.05,kc_delta,1,74,0.3968,33647,0
scale_a0.05,kc_delta,1,75,0.3714,34247,0
scale_a0.05,kc_delta,1,76,0.4032,34510,0
scale_a0.05,kc_delta,1,77,0.4190,34852,0
scale_a0.05,kc_delta,1,78,0.4222,34860,0
scale_a0.05,kc_delta,1,79,0.4222,34900,0
scale_a0.05,kc_delta,1,80,0.4190,35500,0
scale_a0.05,kc_delta,1,81,0.4317,36100,0
scale_a0.05,kc_delta,1,82,0.4254,36700,0
scale_a0.05,kc_delta,1,83,0.4222,37300,0
scale_a0.05,kc_delta,1,84,0.4381,37900,0
scale_a0.05,kc_delta,1,85,0.4222,38500,0
scale_a0.05,kc_delta,1,86,0.4222,39100,0
scale_a0.05,kc_delta,1,87,0.3937,39700,0
scale_a0.05,kc_delta,1,88,0.4000,40300,0
scale_a0.05,kc_delta,1,89,0.3778,40900,0
scale_a0.05,kc_delta,1,90,0.4032,41046,0
scale_a0.05,kc_delta,1,91,0.4127,41608,0
scale_a0.05,kc_delta,1,92,0.4127,41611,0
scale_a0.05,kc_delta,1,93,0.4222,42211,0
scale_a0.05,kc_delta,1,94,0.4254,42244,0
scale_a0.05,kc_delta,1,95,0.4286,42269,0
scale_a0.05,kc_delta,1,96,0.4127,42869,0
scale_a0.05,kc_delta,1,97,0.4095,43110,0
scale_a0.05,kc_delta,1,98,0.4063,43710,0
scale_a0.05,kc_delta,1,99,0.4127,44310,0
scale_a0.05,kc_delta,1,100,0.4095,44910,0
scale_a0.05,kc_delta,1,101,0.3873,45510,0
scale_a0.05,kc_delta,1,102,0.4127,45973,0
scale_a0.05,kc_delta,1,103,0.4032,46573,0
scale_a0.05,kc_delta,1,104,0.4000,46616,0
scale_a0.05,kc_delta,1,105,0.3905,47216,0
scale_a0.05,kc_delta,1,106,0.3810,47816,0
scale_a0.05,kc_delta,1,107,0.3714,48416,0
scale_a0.05,kc_delta,1,108,0.3619,49016,0
scale_a0.05,kc_delta,1,109,0.3587,49616,0
scale_a0.05,kc_delta,1,110,0.3460,50216,0
scale_a0.05,kc_delta,1,111,0.3651,50745,0
scale_a0.05,kc_delta,1,112,0.3714,50823,0
scale_a0.05,kc_delta,1,113,0.4159,51400,0
scale_a0.05,kc_delta,1,114,0.4127,52000,0
scale_a0.05,kc_delta,1,115,0.3873,52600,0
scale_a0.05,kc_delta,1,116,0.3937,53200,0
scale_a0.05,kc_delta,1,117,0.4000,53435,0
scale_a0.05,kc_delta,1,118,0.3968,54035,0
scale_a0.05,kc_delta,1,119,0.3905,54635,0
scale_a0.05,kc_delta,1,120,0.3937,55235,0
scale_a0.05,kc_delta,1,121,0.4032,55835,0
scale_a0.05,kc_delta,1,122,0.4032,56435,0
scale_a0.05,kc_delta,1,123,0.4000,57035,0
scale_a0.05,kc_delta,1,124,0.3905,57635,0
scale_a0.05,kc_delta,1,125,0.3841,58235,0
scale_a0.05,kc_delta,1,126,0.4222,58597,0
scale_a0.05,kc_delta,1,127,0.4063,59197,0
scale_a0.05,kc_delta,1,128,0.4159,59797,0
scale_a0.05,kc_delta,1,129,0.4095,60397,0
scale_a0.05,kc_delta,1,130,0.3968,60901,0
scale_a0.05,kc_delta,1,131,0.4190,61245,0
scale_a0.05,kc_delta,1,132,0.4254,61845,0
scale_a0.05,kc_delta,1,133,0.4222,62445,0
scale_a0.05,kc_delta,1,134,0.4349,62468,0
scale_a0.05,kc_delta,1,135,0.4254,63068,0
scale_a0.05,kc_delta,1,136,0.4413,63093,0
scale_a0.05,kc_delta,1,137,0.4349,63448,0
scale_a0.05,kc_delta,1,138,0.4444,63616,0
scale_a0.05,kc_delta,1,139,0.4444,63621,0
scale_a0.05,kc_delta,1,140,0.4254,64221,0
scale_a0.05,kc_delta,1,141,0.3905,64821,0
scale_a0.05,kc_delta,1,142,0.3968,65421,0
scale_a0.05,kc_delta,1,143,0.4000,66021,0
scale_a0.05,kc_delta,1,144,0.4000,66024,0
scale_a0.05,kc_delta,1,145,0.4000,66624,0
scale_a0.05,kc_delta,1,146,0.3905,67224,0
scale_a0.05,kc_delta,1,147,0.3810,67824,0
scale_a0.05,kc_delta,1,148,0.3778,68424,0
scale_a0.05,kc_delta,1,149,0.3778,69024,0
scale_a0.05,kc_delta,1,150,0.3714,69624,0
scale_a0.05,kc_delta,1,151,0.3873,69773,0
scale_a0.05,kc_delta,1,152,0.3810,70373,0
scale_a0.05,kc_delta,1,153,0.3841,70973,0
scale_a0.05,kc_delta,1,154,0.4000,71184,0
scale_a0.05,kc_delta,1,155,0.4000,71784,0
scale_a0.05,kc_delta,1,156,0.4032,71842,0
scale_a0.05,kc_delta,1,157,0.4159,72269,0
scale_a0.05,kc_delta,1,158,0.4159,72284,0
scale_a0.05,kc_delta,1,159,0.4127,72884,0
scale_a0.05,kc_delta,1,160,0.4159,73484,0
scale_a0.05,kc_delta,1,161,0.4190,73505,0
scale_a0.05,kc_delta,1,162,0.4127,74105,0
scale_a0.05,kc_delta,1,163,0.4190,74705,0
scale_a0.05,kc_delta,1,164,0.4095,75305,0
scale_a0.05,kc_delta,1,165,0.4063,75905,0
scale_a0.05,kc_delta,1,166,0.4159,75958,0
scale_a0.05,kc_delta,1,167,0.4095,76558,0
scale_a0.05,kc_delta,1,168,0.4127,77158,0
scale_a0.05,kc_delta,1,169,0.3905,77758,0
scale_a0.05,kc_delta,1,170,0.3968,77765,0
scale_a0.05,kc_delta,1,171,0.4095,77834,0
scale_a0.05,kc_delta,1,172,0.4095,77883,0
scale_a0.05,kc_delta,1,173,0.4190,77931,0
scale_a0.05,kc_delta,1,174,0.4222,78531,0
scale_a0.05,kc_delta,1,175,0.3873,79131,0
scale_a0.05,kc_delta,1,176,0.3873,79731,0
scale_a0.05,kc_delta,1,177,0.3841,80331,0
scale_a0.05,kc_delta,1,178,0.3905,80931,0
scale_a0.05,kc_delta,1,179,0.3810,81531,0
scale_a0.05,kc_delta,1,180,0.4032,81801,0
scale_a0.05,kc_delta,1,181,0.3968,82401,0
scale_a0.05,kc_delta,1,182,0.3873,83001,0
scale_a0.05,kc_delta,1,183,0.3810,83601,0
scale_a0.05,kc_delta,1,184,0.3937,83851,0
scale_a0.05,kc_delta,1,185,0.3905,83870,0
scale_a0.05,kc_delta,1,186,0.3873,83878,0
scale_a0.05,kc_delta,1,187,0.3937,84478,0
scale_a0.05,kc_delta,1,188,0.4032,85078,0
scale_a0.05,kc_delta,1,189,0.3968,85678,0
scale_a0.05,kc_delta,1,190,0.4000,86278,0
scale_a0.05,kc_delta,1,191,0.4000,86878,0
scale_a0.05,kc_delta,1,192,0.3810,87478,0
scale_a0.05,kc_delta,1,193,0.3778,88078,0
scale_a0.05,kc_delta,1,194,0.3905,88678,0
scale_a0.05,kc_delta,1,195,0.3556,89278,0
scale_a0.05,kc_delta,1,196,0.4190,89620,0
scale_a0.05,kc_delta,1,197,0.4190,90220,0
scale_a0.05,kc_delta,1,198,0.4159,90820,0
scale_a0.05,kc_delta,1,199,0.3937,91420,0
scale_a0.05,kc_delta,1,200,0.4127,92020,0
scale_a0.05,kc_delta,1,201,0.4032,92620,0
scale_a0.05,kc_delta,1,202,0.4127,93220,0
scale_a0.05,kc_delta,1,203,0.3937,93820,0
scale_a0.05,kc_delta,1,204,0.4063,94420,0
scale_a0.05,kc_delta,1,205,0.4095,95020,0
scale_a0.05,kc_delta,1,206,0.4095,95620,0
scale_a0.05,kc_delta,1,207,0.4095,96220,0
scale_a0.05,kc_delta,1,208,0.4063,96820,0
scale_a0.05,kc_delta,1,209,0.4032,97420,0
scale_a0.05,kc_delta,1,210,0.3905,98020,0
scale_a0.05,kc_delta,1,211,0.4032,98620,0
scale_a0.05,kc_delta,1,212,0.4286,98922,0
scale_a0.05,kc_delta,1,213,0.4286,99522,0
scale_a0.05,kc_delta,1,214,0.4317,99872,0
scale_a0.05,kc_delta,1,215,0.4286,100472,0
scale_a0.05,kc_delta,1,216,0.4317,101072,0
scale_a0.05,kc_delta,1,217,0.4286,101672,0
scale_a0.05,kc_delta,1,218,0.4286,102272,0
scale_a0.05,kc_delta,1,219,0.4190,102872,0
scale_a0.05,kc_delta,1,220,0.4190,103472,0
scale_a0.05,kc_delta,1,221,0.4127,104072,0
scale_a0.05,kc_delta,1,222,0.4095,104672,0
scale_a0.05,kc_delta,1,223,0.4032,105272,0
scale_a0.05,kc_delta,1,224,0.3968,105872,0
scale_a0.05,kc_delta,1,225,0.4159,106472,0
scale_a0.05,kc_delta,1,226,0.4286,107072,0
scale_a0.05,kc_delta,1,227,0.3905,107672,0
scale_a0.05,kc_delta,1,228,0.3968,108272,0
scale_a0.05,kc_delta,1,229,0.3905,108872,0
scale_a0.05,kc_delta,1,230,0.3778,109472,0
scale_a0.05,kc_delta,1,231,0.3651,110072,0
scale_a0.05,kc_delta,1,232,0.3651,110672,0
scale_a0.05,kc_delta,1,233,0.3651,111272,0
scale_a0.05,kc_delta,1,234,0.3556,111872,0
scale_a0.05,kc_delta,1,235,0.3619,112472,0
scale_a0.05,kc_delta,1,236,0.3778,113072,0
scale_a0.05,kc_delta,1,237,0.3810,113672,0
scale_a0.05,kc_delta,1,238,0.3810,114272,0
scale_a0.05,kc_delta,1,239,0.4127,114597,0
scale_a0.05,kc_delta,1,240,0.4063,114633,0
scale_a0.05,kc_delta,1,241,0.3937,115233,0
scale_a0.05,kc_delta,1,242,0.4000,115833,0
scale_a0.05,kc_delta,1,243,0.4000,115853,0
scale_a0.05,kc_delta,1,244,0.4222,115983,0
scale_a0.05,kc_delta,1,245,0.4317,116583,0
scale_a0.05,kc_delta,1,246,0.4349,116632,0
scale_a0.05,kc_delta,1,247,0.3968,117232,0
scale_a0.05,kc_delta,1,248,0.4000,117832,0
scale_a0.05,kc_delta,1,249,0.4032,118432,0
scale_a0.05,kc_delta,1,250,0.4032,119032,0
scale_a0.05,kc_delta,1,251,0.4190,119367,0
scale_a0.05,kc_delta,1,252,0.4095,119967,0
scale_a0.05,kc_delta,1,253,0.4032,120567,0
scale_a0.05,kc_delta,1,254,0.3937,121167,0
scale_a0.05,kc_delta,1,255,0.4000,121767,0
scale_a0.05,kc_delta,1,256,0.4127,122367,0
scale_a0.05,kc_delta,1,257,0.4127,122967,0
scale_a0.05,kc_delta,1,258,0.4159,123567,0
scale_a0.05,kc_delta,1,259,0.4063,124167,0
scale_a0.05,kc_delta,1,260,0.4095,124646,0
scale_a0.05,kc_delta,1,261,0.4032,125246,0
scale_a0.05,kc_delta,1,262,0.4127,125846,0
scale_a0.05,kc_delta,1,263,0.4063,126446,0
scale_a0.05,kc_delta,1,264,0.4095,127046,0
scale_a0.05,kc_delta,1,265,0.3968,127646,0
scale_a0.05,kc_delta,1,266,0.3968,128246,0
scale_a0.05,kc_delta,1,267,0.4032,128278,0
scale_a0.05,kc_delta,1,268,0.4032,128878,0
scale_a0.05,kc_delta,1,269,0.4095,129285,0
scale_a0.05,kc_delta,1,270,0.4032,129449,0
scale_a0.05,kc_delta,1,271,0.3937,130049,0
scale_a0.05,kc_delta,1,272,0.3746,130649,0
scale_a0.05,kc_delta,1,273,0.3810,131249,0
scale_a0.05,kc_delta,1,274,0.3810,131263,0
scale_a0.05,kc_delta,1,275,0.3905,131322,0
scale_a0.05,kc_delta,1,276,0.3841,131385,0
scale_a0.05,kc_delta,1,277,0.3810,131848,0
scale_a0.05,kc_delta,1,278,0.3841,132448,0
scale_a0.05,kc_delta,1,279,0.3937,132513,0
scale_a0.05,kc_delta,1,280,0.3905,133113,0
scale_a0.05,kc_delta,1,281,0.3968,133713,0
scale_a0.05,kc_delta,1,282,0.4000,134313,0
scale_a0.05,kc_delta,1,283,0.4000,134363,0
scale_a0.05,kc_delta,1,284,0.3937,134963,0
scale_a0.05,kc_delta,1,285,0.3968,135563,0
scale_a0.05,kc_delta,1,286,0.4000,135582,0
scale_a0.05,kc_delta,1,287,0.4190,136182,0
scale_a0.05,kc_delta,1,288,0.4190,136191,0
scale_a0.05,kc_delta,1,289,0.3937,136791,0
scale_a0.05,kc_delta,1,290,0.4127,136847,0
scale_a0.05,kc_delta,1,291,0.4095,136898,0
scale_a0.05,kc_delta,1,292,0.4095,137108,0
scale_a0.05,kc_delta,1,293,0.4127,137130,0
scale_a0.05,kc_delta,1,294,0.3968,137730,0
scale_a0.05,kc_delta,1,295,0.3905,138330,0
scale_a0.05,kc_delta,1,296,0.3937,138930,0
scale_a0.05,kc_delta,1,297,0.4063,139530,0
scale_a0.05,kc_delta,1,298,0.4032,140130,0
scale_a0.05,kc_delta,1,299,0.3905,140730,0
scale_a0.05,kc_delta,1,300,0.3905,141330,0
scale_a0.05,kc_delta,1,301,0.3905,141930,0
scale_a0.05,kc_delta,1,302,0.3937,142530,0
scale_a0.05,kc_delta,1,303,0.3873,143130,0
scale_a0.05,kc_delta,1,304,0.3905,143730,0
scale_a0.05,kc_delta,1,305,0.3905,144330,0
scale_a0.05,kc_delta,1,306,0.3810,144930,0
scale_a0.05,kc_delta,1,307,0.3810,145213,0
scale_a0.05,kc_delta,1,308,0.3714,145813,0
scale_a0.05,kc_delta,1,309,0.3683,146413,0
scale_a0.05,kc_delta,1,310,0.3937,147013,0
scale_a0.05,kc_delta,1,311,0.3873,147613,0
scale_a0.05,kc_delta,1,312,0.3873,148213,0
scale_a0.05,kc_delta,1,313,0.3841,148708,0
scale_a0.05,kc_delta,1,314,0.4000,149308,0
scale_a0.05,kc_delta,1,315,0.4000,149363,0
scale_a0.05,kc_delta,1,316,0.3968,149963,0
scale_a0.05,kc_delta,1,317,0.3873,150563,0
scale_a0.05,kc_delta,1,318,0.3873,150593,0
scale_a0.05,kc_delta,1,319,0.3873,150869,0
scale_a0.05,kc_delta,1,320,0.3841,151445,0
scale_a0.05,kc_delta,1,321,0.3841,152045,0
scale_a0.05,kc_delta,1,322,0.3968,152645,0
scale_a0.05,kc_delta,1,323,0.3556,153245,0
scale_a0.05,kc_delta,1,324,0.3619,153845,0
scale_a0.05,kc_delta,1,325,0.3397,154445,0
scale_a0.05,kc_delta,1,326,0.3619,155045,0
scale_a0.05,kc_delta,1,327,0.3683,155645,0
scale_a0.05,kc_delta,1,328,0.3619,156245,0
scale_a0.05,kc_delta,1,329,0.3651,156845,0
scale_a0.05,kc_delta,1,330,0.3651,157445,0
scale_a0.05,kc_delta,1,331,0.3746,157470,0
scale_a0.05,kc_delta,1,332,0.3746,158070,0
scale_a0.05,kc_delta,1,333,0.3683,158670,0
scale_a0.05,kc_delta,1,334,0.3619,159270,0
scale_a0.05,kc_delta,1,335,0.3778,159870,0
scale_a0.05,kc_delta,1,336,0.3841,160470,0
scale_a0.05,kc_delta,1,337,0.3905,161070,0
scale_a0.05,kc_delta,1,338,0.3905,161670,0
scale_a0.05,kc_delta,1,339,0.3937,162270,0
scale_a0.05,kc_delta,1,340,0.3937,162280,0
scale_a0.05,kc_delta,1,341,0.3873,162880,0
scale_a0.05,kc_delta,1,342,0.3778,163480,0
scale_a0.05,kc_delta,1,343,0.3841,164080,0
scale_a0.05,kc_delta,1,344,0.3778,164680,0
scale_a0.05,kc_delta,1,345,0.3841,164959,0
scale_a0.05,kc_delta,1,346,0.4000,165145,0
scale_a0.05,kc_delta,1,347,0.3968,165745,0
scale_a0.05,kc_delta,1,348,0.3968,166345,0
scale_a0.05,kc_delta,1,349,0.3968,166412,0
scale_a0.05,kc_delta,1,350,0.4032,167012,0
scale_a0.05,kc_delta,1,351,0.3873,167612,0
scale_a0.05,kc_delta,1,352,0.4063,167827,0
scale_a0.05,kc_delta,1,353,0.4063,167979,0
scale_a0.05,kc_delta,1,354,0.4032,168016,0
scale_a0.05,kc_delta,1,355,0.4127,168043,0
scale_a0.05,kc_delta,1,356,0.4095,168643,0
scale_a0.05,kc_delta,1,357,0.4000,169243,0
scale_a0.05,kc_delta,1,358,0.3746,169843,0
scale_a0.05,kc_delta,1,359,0.3841,170443,0
scale_a0.05,kc_delta,1,360,0.3905,170626,0
scale_a0.05,kc_delta,1,361,0.3968,171226,0
scale_a0.05,kc_delta,1,362,0.3873,171826,0
scale_a0.05,kc_delta,1,363,0.3968,172158,0
scale_a0.05,kc_delta,1,364,0.3937,172758,0
scale_a0.05,kc_delta,1,365,0.3937,173358,0
scale_a0.05,kc_delta,1,366,0.3905,173958,0
scale_a0.05,kc_delta,1,367,0.3937,174558,0
scale_a0.05,kc_delta,1,368,0.4000,174667,0
scale_a0.05,kc_delta,1,369,0.4063,175267,0
scale_a0.05,kc_delta,1,370,0.4000,175271,0
scale_a0.05,kc_delta,1,371,0.4000,175871,0
scale_a0.05,kc_delta,1,372,0.4000,176471,0
scale_a0.05,kc_delta,1,373,0.3968,177071,0
scale_a0.05,kc_delta,1,374,0.3873,177671,0
scale_a0.05,kc_delta,1,375,0.3810,178271,0
scale_a0.05,kc_delta,1,376,0.3778,178871,0
scale_a0.05,kc_delta,1,377,0.3873,178927,0
scale_a0.05,kc_delta,1,378,0.3841,179527,0
scale_a0.05,kc_delta,1,379,0.3810,180127,0
scale_a0.05,kc_delta,1,380,0.3810,180160,0
scale_a0.05,kc_delta,1,381,0.3714,180760,0
scale_a0.05,kc_delta,1,382,0.3810,181360,0
scale_a0.05,kc_delta,1,383,0.3683,181960,0
scale_a0.05,kc_delta,1,384,0.3778,182006,0
scale_a0.05,kc_delta,1,385,0.3746,182606,0
scale_a0.05,kc_delta,1,386,0.3746,183206,0
scale_a0.05,kc_delta,1,387,0.3873,183806,0
scale_a0.05,kc_delta,1,388,0.3810,184406,0
scale_a0.05,kc_delta,1,389,0.3746,185006,0
scale_a0.05,kc_delta,1,390,0.3905,185606,0
scale_a0.05,kc_delta,1,391,0.3873,186206,0
scale_a0.05,kc_delta,1,392,0.3873,186806,0
scale_a0.05,kc_delta,1,393,0.3873,186807,0
scale_a0.05,kc_delta,1,394,0.3873,187407,0
scale_a0.05,kc_delta,1,395,0.3937,188007,0
scale_a0.05,kc_delta,1,396,0.3873,188607,0
scale_a0.05,kc_delta,1,397,0.3810,188904,0
scale_a0.05,kc_delta,1,398,0.3810,189504,0
scale_a0.05,kc_delta,1,399,0.3746,190104,0
scale_a0.05,kc_delta,1,400,0.3841,190704,0
scale_a0.05,kc_delta,1,401,0.3841,190722,0
scale_a0.05,kc_delta,1,402,0.3778,191322,0
scale_a0.05,kc_delta,1,403,0.3746,191922,0
scale_a0.05,kc_delta,1,404,0.3714,192522,0
scale_a0.05,kc_delta,1,405,0.3746,193122,0
scale_a0.05,kc_delta,1,406,0.3778,193722,0
scale_a0.05,kc_delta,1,407,0.3873,194322,0
scale_a0.05,kc_delta,1,408,0.3841,194922,0
scale_a0.05,kc_delta,1,409,0.3746,195522,0
scale_a0.05,kc_delta,1,410,0.3873,196122,0
scale_a0.05,kc_delta,1,411,0.4095,196434,0
scale_a0.05,kc_delta,1,412,0.3873,197034,0
scale_a0.05,kc_delta,1,413,0.3841,197634,0
scale_a0.05,kc_delta,1,414,0.3778,198234,0
scale_a0.05,kc_delta,1,415,0.3746,198834,0
scale_a0.05,kc_delta,1,416,0.3873,199434,0
scale_a0.05,kc_delta,1,417,0.3905,200034,0
scale_a0.05,kc_delta,1,418,0.4032,200634,0
scale_a0.05,kc_delta,1,419,0.4000,201234,0
scale_a0.05,kc_delta,1,420,0.4032,201834,0
scale_a0.05,kc_delta,1,421,0.4000,202120,0
scale_a0.05,kc_delta,1,422,0.4032,202203,0
scale_a0.05,kc_delta,1,423,0.4000,202803,0
scale_a0.05,kc_delta,1,424,0.4222,203224,0
scale_a0.05,kc_delta,1,425,0.4032,203824,0
scale_a0.05,kc_delta,1,426,0.4095,204424,0
scale_a0.05,kc_delta,1,427,0.4032,205024,0
scale_a0.05,kc_delta,1,428,0.4159,205157,0
scale_a0.05,kc_delta,1,429,0.4063,205757,0
scale_a0.05,kc_delta,1,430,0.4063,205811,0
scale_a0.05,kc_delta,1,431,0.4095,206411,0
scale_a0.05,kc_delta,1,432,0.4063,207011,0
scale_a0.05,kc_delta,1,433,0.4190,207611,0
scale_a0.05,kc_delta,1,434,0.4413,207878,0
scale_a0.05,kc_delta,1,435,0.4349,208478,0
scale_a0.05,kc_delta,1,436,0.4349,209078,0
scale_a0.05,kc_delta,1,437,0.4381,209101,0
scale_a0.05,kc_delta,1,438,0.4286,209701,0
scale_a0.05,kc_delta,1,439,0.4222,209906,0
scale_a0.05,kc_delta,1,440,0.4159,210506,0
scale_a0.05,kc_delta,1,441,0.4349,210882,0
scale_a0.05,kc_delta,1,442,0.4286,211482,0
scale_a0.05,kc_delta,1,443,0.4381,212082,0
scale_a0.05,kc_delta,1,444,0.4444,212110,0
scale_a0.05,kc_delta,1,445,0.4413,212710,0
scale_a0.05,kc_delta,1,446,0.4317,213310,0
scale_a0.05,kc_delta,1,447,0.4476,213440,0
scale_a0.05,kc_delta,1,448,0.4444,214040,0
scale_a0.05,kc_delta,1,449,0.4413,214640,0
scale_a0.05,kc_delta,1,450,0.4476,214693,0
scale_a0.05,kc_delta,1,451,0.4063,215293,0
scale_a0.05,kc_delta,1,452,0.4000,215893,0
scale_a0.05,kc_delta,1,453,0.3746,216493,0
scale_a0.05,kc_delta,1,454,0.3841,216556,0
scale_a0.05,kc_delta,1,455,0.3905,217156,0
scale_a0.05,kc_delta,1,456,0.3905,217157,0
scale_a0.05,kc_delta,1,457,0.3905,217185,0
scale_a0.05,kc_delta,1,458,0.3968,217266,0
scale_a0.05,kc_delta,1,459,0.3937,217277,0
scale_a0.05,kc_delta,1,460,0.3841,217877,0
scale_a0.05,kc_delta,1,461,0.3714,218477,0
scale_a0.05,kc_delta,1,462,0.3937,218619,0
scale_a0.05,kc_delta,1,463,0.3968,218627,0
scale_a0.05,kc_delta,1,464,0.3905,219227,0
scale_a0.05,kc_delta,1,465,0.4032,219516,0
scale_a0.05,kc_delta,1,466,0.4032,220102,0
scale_a0.05,kc_delta,1,467,0.3937,220702,0
scale_a0.05,kc_delta,1,468,0.3937,221302,0
scale_a0.05,kc_delta,1,469,0.3778,221902,0
scale_a0.05,kc_delta,1,470,0.3778,222502,0
scale_a0.05,kc_delta,1,471,0.4063,222804,0
scale_a0.05,kc_delta,1,472,0.4000,223404,0
scale_a0.05,kc_delta,1,473,0.3905,224004,0
scale_a0.05,kc_delta,1,474,0.3810,224604,0
scale_a0.05,kc_delta,1,475,0.4127,225008,0
scale_a0.05,kc_delta,1,476,0.4063,225608,0
scale_a0.05,kc_delta,1,477,0.4032,226208,0
scale_a0.05,kc_delta,1,478,0.3810,226808,0
scale_a0.05,kc_delta,1,479,0.3905,226846,0
scale_a0.05,kc_delta,1,480,0.3937,227446,0
scale_a0.05,kc_delta,1,481,0.3968,228046,0
scale_a0.05,kc_delta,1,482,0.3873,228646,0
scale_a0.05,kc_delta,1,483,0.3873,229246,0
scale_a0.05,kc_delta,1,484,0.3873,229846,0
scale_a0.05,kc_delta,1,485,0.3937,230446,0
scale_a0.05,kc_delta,1,486,0.4032,230485,0
scale_a0.05,kc_delta,1,487,0.3937,231085,0
scale_a0.05,kc_delta,1,488,0.4032,231685,0
scale_a0.05,kc_delta,1,489,0.4127,232065,0
scale_a0.05,kc_delta,1,490,0.4127,232080,0
scale_a0.05,kc_delta,1,491,0.4000,232680,0
scale_a0.05,kc_delta,1,492,0.3937,233280,0
scale_a0.05,kc_delta,1,493,0.3968,233880,0
scale_a0.05,kc_delta,1,494,0.4032,234480,0
scale_a0.05,kc_delta,1,495,0.4063,235080,0
scale_a0.05,kc_delta,1,496,0.4190,235680,0
scale_a0.05,kc_delta,1,497,0.4190,235875,0
scale_a0.05,kc_delta,1,498,0.4127,236475,0
scale_a0.05,kc_delta,1,499,0.4159,237075,0
scale_a0.05,kc_delta,1,500,0.4190,237675,0
scale_a0.05,kc_delta,1,501,0.4222,238275,0
scale_a0.05,kc_delta,1,502,0.4190,238875,0
scale_a0.05,kc_delta,1,503,0.4095,239475,0
scale_a0.05,kc_delta,1,504,0.4095,239479,0
scale_a0.05,kc_delta,1,505,0.4063,240079,0
scale_a0.05,kc_delta,1,506,0.4063,240679,0
scale_a0.05,kc_delta,1,507,0.4095,241279,0
scale_a0.05,kc_delta,1,508,0.3905,241879,0
scale_a0.05,kc_delta,1,509,0.4000,242479,0
scale_a0.05,kc_delta,1,510,0.4063,242575,0
scale_a0.05,kc_delta,1,511,0.4127,243175,0
scale_a0.05,kc_delta,1,512,0.4095,243775,0
scale_a0.05,kc_delta,1,513,0.4190,244375,0
scale_a0.05,kc_delta,1,514,0.4190,244975,0
scale_a0.05,kc_delta,1,515,0.4190,245575,0
scale_a0.05,kc_delta,1,516,0.4159,246175,0
scale_a0.05,kc_delta,1,517,0.4159,246775,0
scale_a0.05,kc_delta,1,518,0.4032,247375,0
scale_a0.05,kc_delta,1,519,0.4000,247975,0
scale_a0.05,kc_delta,1,520,0.3937,248575,0
scale_a0.05,kc_delta,1,521,0.4000,249175,0
scale_a0.05,kc_delta,1,522,0.4095,249775,0
scale_a0.05,kc_delta,1,523,0.4032,250375,0
scale_a0.05,kc_delta,1,524,0.4032,250975,0
scale_a0.05,kc_delta,1,525,0.4063,251000,0
scale_a0.05,kc_delta,1,526,0.4000,251600,0
scale_a0.05,kc_delta,1,527,0.4159,251676,0
scale_a0.05,kc_delta,1,528,0.4190,252276,0
scale_a0.05,kc_delta,1,529,0.4190,252876,0
scale_a0.05,kc_delta,1,530,0.4159,253476,0
scale_a0.05,kc_delta,1,531,0.4190,254076,0
scale_a0.05,kc_delta,1,532,0.4095,254676,0
scale_a0.05,kc_delta,1,533,0.4032,255276,0
scale_a0.05,kc_delta,1,534,0.4032,255282,0
scale_a0.05,kc_delta,1,535,0.4032,255299,0
scale_a0.05,kc_delta,1,536,0.3968,255899,0
scale_a0.05,kc_delta,1,537,0.3968,256130,0
scale_a0.05,kc_delta,1,538,0.4159,256730,0
scale_a0.05,kc_delta,1,539,0.4000,257330,0
scale_a0.05,kc_delta,1,540,0.3937,257930,0
scale_a0.05,kc_delta,1,541,0.3968,258530,0
scale_a0.05,kc_delta,1,542,0.3937,259130,0
scale_a0.05,kc_delta,1,543,0.4000,259730,0
scale_a0.05,kc_delta,1,544,0.4000,259732,0
scale_a0.05,kc_delta,1,545,0.3905,259796,0
scale_a0.05,kc_delta,1,546,0.4032,260146,0
scale_a0.05,kc_delta,1,547,0.4032,260746,0
scale_a0.05,kc_delta,1,548,0.4063,261346,0
scale_a0.05,kc_delta,1,549,0.4000,261946,0
scale_a0.05,kc_delta,1,550,0.3937,262546,0
scale_a0.05,kc_delta,1,551,0.3905,263146,0
scale_a0.05,kc_delta,1,552,0.3746,263746,0
scale_a0.05,kc_delta,1,553,0.3873,263845,0
scale_a0.05,kc_delta,1,554,0.3841,264445,0
scale_a0.05,kc_delta,1,555,0.4032,264565,0
scale_a0.05,kc_delta,1,556,0.4063,264569,0
scale_a0.05,kc_delta,1,557,0.4286,264686,0
scale_a0.05,kc_delta,1,558,0.4286,265286,0
scale_a0.05,kc_delta,1,559,0.4317,265886,0
scale_a0.05,kc_delta,1,560,0.4317,266486,0
scale_a0.05,kc_delta,1,561,0.4349,267086,0
scale_a0.05,kc_delta,1,562,0.4381,267088,0
scale_a0.05,kc_delta,1,563,0.4254,267688,0
scale_a0.05,kc_delta,1,564,0.4286,267744,0
scale_a0.05,kc_delta,1,565,0.4413,267805,0
scale_a0.05,kc_delta,1,566,0.4413,268405,0
scale_a0.05,kc_delta,1,567,0.4413,269005,0
scale_a0.05,kc_delta,1,568,0.4222,269605,0
scale_a0.05,kc_delta,1,569,0.4000,270205,0
scale_a0.05,kc_delta,1,570,0.4032,270805,0
scale_a0.05,kc_delta,1,571,0.4063,271405,0
scale_a0.05,kc_delta,1,572,0.4063,271408,0
scale_a0.05,kc_delta,1,573,0.4222,272008,0
scale_a0.05,kc_delta,1,574,0.4190,272012,0
scale_a0.05,kc_delta,1,575,0.4254,272612,0
scale_a0.05,kc_delta,1,576,0.4349,273060,0
scale_a0.05,kc_delta,1,577,0.4381,273091,0
scale_a0.05,kc_delta,1,578,0.4317,273691,0
scale_a0.05,kc_delta,1,579,0.4444,274291,0
scale_a0.05,kc_delta,1,580,0.4444,274300,0
scale_a0.05,kc_delta,1,581,0.4317,274900,0
scale_a0.05,kc_delta,1,582,0.4349,274919,0
scale_a0.05,kc_delta,1,583,0.4317,275519,0
scale_a0.05,kc_delta,1,584,0.4286,276119,0
scale_a0.05,kc_delta,1,585,0.4254,276719,0
scale_a0.05,kc_delta,1,586,0.4063,277319,0
scale_a0.05,kc_delta,1,587,0.4063,277357,0
scale_a0.05,kc_delta,1,588,0.4159,277380,0
scale_a0.05,kc_delta,1,589,0.4254,277980,0
scale_a0.05,kc_delta,1,590,0.4254,277988,0
scale_a0.05,kc_delta,1,591,0.4444,278385,0
scale_a0.05,kc_delta,1,592,0.4349,278680,0
scale_a0.05,kc_delta,1,593,0.4413,279280,0
scale_a0.05,kc_delta,1,594,0.4444,279880,0
scale_a0.05,kc_delta,1,595,0.4413,280480,0
scale_a0.05,kc_delta,1,596,0.4127,281080,0
scale_a0.05,kc_delta,1,597,0.4190,281680,0
scale_a0.05,kc_delta,1,598,0.4222,282280,0
scale_a0.05,kc_delta,1,599,0.4317,282880,0
scale_a0.05,rand_delta,1,0,0.4000,600,0
scale_a0.05,rand_delta,1,1,0.3841,907,0
scale_a0.05,rand_delta,1,2,0.3714,912,0
scale_a0.05,rand_delta,1,3,0.4222,1512,0
scale_a0.05,rand_delta,1,4,0.4317,1773,0
scale_a0.05,rand_delta,1,5,0.4444,2373,0
scale_a0.05,rand_delta,1,6,0.4032,2629,0
scale_a0.05,rand_delta,1,7,0.4222,2721,0
scale_a0.05,rand_delta,1,8,0.4286,3321,0
scale_a0.05,rand_delta,1,9,0.3873,3921,0
scale_a0.05,rand_delta,1,10,0.3524,4521,0
scale_a0.05,rand_delta,1,11,0.3556,5121,0
scale_a0.05,rand_delta,1,12,0.3492,5721,0
scale_a0.05,rand_delta,1,13,0.3492,6321,0
scale_a0.05,rand_delta,1,14,0.3492,6921,0
scale_a0.05,rand_delta,1,15,0.3492,7521,0
scale_a0.05,rand_delta,1,16,0.3587,8121,0
scale_a0.05,rand_delta,1,17,0.3556,8721,0
scale_a0.05,rand_delta,1,18,0.3556,9321,0
scale_a0.05,rand_delta,1,19,0.3524,9921,0
scale_a0.05,rand_delta,1,20,0.3556,10521,0
scale_a0.05,rand_delta,1,21,0.3492,11121,0
scale_a0.05,rand_delta,1,22,0.3746,11617,0
scale_a0.05,rand_delta,1,23,0.3746,11626,0
scale_a0.05,rand_delta,1,24,0.3873,12226,0
scale_a0.05,rand_delta,1,25,0.3905,12271,0
scale_a0.05,rand_delta,1,26,0.4349,12871,0
scale_a0.05,rand_delta,1,27,0.4317,13471,0
scale_a0.05,rand_delta,1,28,0.3937,14071,0
scale_a0.05,rand_delta,1,29,0.3651,14671,0
scale_a0.05,rand_delta,1,30,0.3651,14678,0
scale_a0.05,rand_delta,1,31,0.3683,15278,0
scale_a0.05,rand_delta,1,32,0.3683,15878,0
scale_a0.05,rand_delta,1,33,0.4127,16411,0
scale_a0.05,rand_delta,1,34,0.4190,16862,0
scale_a0.05,rand_delta,1,35,0.4254,16908,0
scale_a0.05,rand_delta,1,36,0.4286,17508,0
scale_a0.05,rand_delta,1,37,0.4190,18108,0
scale_a0.05,rand_delta,1,38,0.4190,18137,0
scale_a0.05,rand_delta,1,39,0.4063,18737,0
scale_a0.05,rand_delta,1,40,0.4127,18773,0
scale_a0.05,rand_delta,1,41,0.4032,19373,0
scale_a0.05,rand_delta,1,42,0.4063,19427,0
scale_a0.05,rand_delta,1,43,0.4095,20027,0
scale_a0.05,rand_delta,1,44,0.4095,20028,0
scale_a0.05,rand_delta,1,45,0.4063,20040,0
scale_a0.05,rand_delta,1,46,0.4222,20640,0
scale_a0.05,rand_delta,1,47,0.4190,21240,0
scale_a0.05,rand_delta,1,48,0.4222,21264,0
scale_a0.05,rand_delta,1,49,0.4286,21299,0
scale_a0.05,rand_delta,1,50,0.3651,21899,0
scale_a0.05,rand_delta,1,51,0.3619,22499,0
scale_a0.05,rand_delta,1,52,0.3492,23099,0
scale_a0.05,rand_delta,1,53,0.3524,23699,0
scale_a0.05,rand_delta,1,54,0.4032,23983,0
scale_a0.05,rand_delta,1,55,0.4032,24583,0
scale_a0.05,rand_delta,1,56,0.4032,25183,0
scale_a0.05,rand_delta,1,57,0.4286,25746,0
scale_a0.05,rand_delta,1,58,0.4286,25765,0
scale_a0.05,rand_delta,1,59,0.4286,25774,0
scale_a0.05,rand_delta,1,60,0.3968,26374,0
scale_a0.05,rand_delta,1,61,0.3968,26974,0
scale_a0.05,rand_delta,1,62,0.4222,27164,0
scale_a0.05,rand_delta,1,63,0.4286,27764,0
scale_a0.05,rand_delta,1,64,0.4286,28364,0
scale_a0.05,rand_delta,1,65,0.4127,28964,0
scale_a0.05,rand_delta,1,66,0.3905,29564,0
scale_a0.05,rand_delta,1,67,0.3683,30164,0
scale_a0.05,rand_delta,1,68,0.3937,30234,0
scale_a0.05,rand_delta,1,69,0.4190,30386,0
scale_a0.05,rand_delta,1,70,0.4190,30530,0
scale_a0.05,rand_delta,1,71,0.3683,31130,0
scale_a0.05,rand_delta,1,72,0.3492,31730,0
scale_a0.05,rand_delta,1,73,0.3492,32330,0
scale_a0.05,rand_delta,1,74,0.3492,32930,0
scale_a0.05,rand_delta,1,75,0.3492,33530,0
scale_a0.05,rand_delta,1,76,0.3619,33771,0
scale_a0.05,rand_delta,1,77,0.4317,34371,0
scale_a0.05,rand_delta,1,78,0.4635,34569,0
scale_a0.05,rand_delta,1,79,0.4635,34600,0
scale_a0.05,rand_delta,1,80,0.4762,35200,0
scale_a0.05,rand_delta,1,81,0.4571,35800,0
scale_a0.05,rand_delta,1,82,0.4635,36400,0
scale_a0.05,rand_delta,1,83,0.4032,37000,0
scale_a0.05,rand_delta,1,84,0.4159,37600,0
scale_a0.05,rand_delta,1,85,0.4032,38200,0
scale_a0.05,rand_delta,1,86,0.4159,38800,0
scale_a0.05,rand_delta,1,87,0.4063,39400,0
scale_a0.05,rand_delta,1,88,0.4095,40000,0
scale_a0.05,rand_delta,1,89,0.3714,40600,0
scale_a0.05,rand_delta,1,90,0.4000,40703,0
scale_a0.05,rand_delta,1,91,0.4635,41297,0
scale_a0.05,rand_delta,1,92,0.4667,41319,0
scale_a0.05,rand_delta,1,93,0.5048,41919,0
scale_a0.05,rand_delta,1,94,0.5048,41925,0
scale_a0.05,rand_delta,1,95,0.5079,41933,0
scale_a0.05,rand_delta,1,96,0.4254,42533,0
scale_a0.05,rand_delta,1,97,0.4762,42680,0
scale_a0.05,rand_delta,1,98,0.5079,42988,0
scale_a0.05,rand_delta,1,99,0.4921,43588,0
scale_a0.05,rand_delta,1,100,0.4508,44188,0
scale_a0.05,rand_delta,1,101,0.3905,44788,0
scale_a0.05,rand_delta,1,102,0.4413,45158,0
scale_a0.05,rand_delta,1,103,0.4540,45758,0
scale_a0.05,rand_delta,1,104,0.4730,45841,0
scale_a0.05,rand_delta,1,105,0.4730,46441,0
scale_a0.05,rand_delta,1,106,0.4286,47041,0
scale_a0.05,rand_delta,1,107,0.3746,47641,0
scale_a0.05,rand_delta,1,108,0.3810,48241,0
scale_a0.05,rand_delta,1,109,0.4000,48841,0
scale_a0.05,rand_delta,1,110,0.3524,49441,0
scale_a0.05,rand_delta,1,111,0.3873,49586,0
scale_a0.05,rand_delta,1,112,0.4032,49737,0
scale_a0.05,rand_delta,1,113,0.4317,49841,0
scale_a0.05,rand_delta,1,114,0.4571,49917,0
scale_a0.05,rand_delta,1,115,0.5333,50241,0
scale_a0.05,rand_delta,1,116,0.5175,50841,0
scale_a0.05,rand_delta,1,117,0.5175,50849,0
scale_a0.05,rand_delta,1,118,0.5016,51449,0
scale_a0.05,rand_delta,1,119,0.5079,51473,0
scale_a0.05,rand_delta,1,120,0.4952,52073,0
scale_a0.05,rand_delta,1,121,0.5016,52673,0
scale_a0.05,rand_delta,1,122,0.4476,53273,0
scale_a0.05,rand_delta,1,123,0.4698,53873,0
scale_a0.05,rand_delta,1,124,0.4825,54473,0
scale_a0.05,rand_delta,1,125,0.4762,55073,0
scale_a0.05,rand_delta,1,126,0.4952,55158,0
scale_a0.05,rand_delta,1,127,0.4889,55758,0
scale_a0.05,rand_delta,1,128,0.4032,56358,0
scale_a0.05,rand_delta,1,129,0.4540,56477,0
scale_a0.05,rand_delta,1,130,0.4889,56599,0
scale_a0.05,rand_delta,1,131,0.5429,56887,0
scale_a0.05,rand_delta,1,132,0.5524,57010,0
scale_a0.05,rand_delta,1,133,0.5492,57610,0
scale_a0.05,rand_delta,1,134,0.5524,57625,0
scale_a0.05,rand_delta,1,135,0.4984,58225,0
scale_a0.05,rand_delta,1,136,0.5016,58237,0
scale_a0.05,rand_delta,1,137,0.5079,58262,0
scale_a0.05,rand_delta,1,138,0.5397,58320,0
scale_a0.05,rand_delta,1,139,0.5397,58325,0
scale_a0.05,rand_delta,1,140,0.5302,58925,0
scale_a0.05,rand_delta,1,141,0.4317,59525,0
scale_a0.05,rand_delta,1,142,0.4476,60125,0
scale_a0.05,rand_delta,1,143,0.4794,60194,0
scale_a0.05,rand_delta,1,144,0.4857,60203,0
scale_a0.05,rand_delta,1,145,0.5206,60803,0
scale_a0.05,rand_delta,1,146,0.5143,61403,0
scale_a0.05,rand_delta,1,147,0.4286,62003,0
scale_a0.05,rand_delta,1,148,0.4825,62238,0
scale_a0.05,rand_delta,1,149,0.4508,62838,0
scale_a0.05,rand_delta,1,150,0.3683,63438,0
scale_a0.05,rand_delta,1,151,0.4762,63628,0
scale_a0.05,rand_delta,1,152,0.5302,63846,0
scale_a0.05,rand_delta,1,153,0.5302,64446,0
scale_a0.05,rand_delta,1,154,0.5556,64636,0
scale_a0.05,rand_delta,1,155,0.5556,65236,0
scale_a0.05,rand_delta,1,156,0.5556,65244,0
scale_a0.05,rand_delta,1,157,0.5556,65265,0
scale_a0.05,rand_delta,1,158,0.5556,65279,0
scale_a0.05,rand_delta,1,159,0.5524,65879,0
scale_a0.05,rand_delta,1,160,0.5556,66479,0
scale_a0.05,rand_delta,1,161,0.5556,66499,0
scale_a0.05,rand_delta,1,162,0.5587,66546,0
scale_a0.05,rand_delta,1,163,0.5619,66588,0
scale_a0.05,rand_delta,1,164,0.5651,67188,0
scale_a0.05,rand_delta,1,165,0.5651,67788,0
scale_a0.05,rand_delta,1,166,0.5651,67804,0
scale_a0.05,rand_delta,1,167,0.5651,68404,0
scale_a0.05,rand_delta,1,168,0.5619,69004,0
scale_a0.05,rand_delta,1,169,0.5651,69036,0
scale_a0.05,rand_delta,1,170,0.5683,69042,0
scale_a0.05,rand_delta,1,171,0.5714,69061,0
scale_a0.05,rand_delta,1,172,0.5714,69080,0
scale_a0.05,rand_delta,1,173,0.5714,69093,0
scale_a0.05,rand_delta,1,174,0.5651,69693,0
scale_a0.05,rand_delta,1,175,0.5714,69724,0
scale_a0.05,rand_delta,1,176,0.5651,70324,0
scale_a0.05,rand_delta,1,177,0.5651,70924,0
scale_a0.05,rand_delta,1,178,0.5587,71524,0
scale_a0.05,rand_delta,1,179,0.5206,72124,0
scale_a0.05,rand_delta,1,180,0.5333,72153,0
scale_a0.05,rand_delta,1,181,0.5429,72753,0
scale_a0.05,rand_delta,1,182,0.5175,73353,0
scale_a0.05,rand_delta,1,183,0.4349,73953,0
scale_a0.05,rand_delta,1,184,0.4762,74008,0
scale_a0.05,rand_delta,1,185,0.4794,74030,0
scale_a0.05,rand_delta,1,186,0.4857,74039,0
scale_a0.05,rand_delta,1,187,0.3968,74639,0
scale_a0.05,rand_delta,1,188,0.4190,75239,0
scale_a0.05,rand_delta,1,189,0.4444,75839,0
scale_a0.05,rand_delta,1,190,0.4889,75975,0
scale_a0.05,rand_delta,1,191,0.4921,76575,0
scale_a0.05,rand_delta,1,192,0.4794,77175,0
scale_a0.05,rand_delta,1,193,0.4222,77775,0
scale_a0.05,rand_delta,1,194,0.4857,77895,0
scale_a0.05,rand_delta,1,195,0.4921,78495,0
scale_a0.05,rand_delta,1,196,0.5206,78553,0
scale_a0.05,rand_delta,1,197,0.5333,78594,0
scale_a0.05,rand_delta,1,198,0.5397,79194,0
scale_a0.05,rand_delta,1,199,0.5429,79223,0
scale_a0.05,rand_delta,1,200,0.5397,79823,0
scale_a0.05,rand_delta,1,201,0.5492,80423,0
scale_a0.05,rand_delta,1,202,0.5524,81023,0
scale_a0.05,rand_delta,1,203,0.5524,81623,0
scale_a0.05,rand_delta,1,204,0.5460,82223,0
scale_a0.05,rand_delta,1,205,0.5460,82823,0
scale_a0.05,rand_delta,1,206,0.5460,82865,0
scale_a0.05,rand_delta,1,207,0.5460,83465,0
scale_a0.05,rand_delta,1,208,0.5460,84065,0
scale_a0.05,rand_delta,1,209,0.5492,84665,0
scale_a0.05,rand_delta,1,210,0.4603,85265,0
scale_a0.05,rand_delta,1,211,0.4984,85327,0
scale_a0.05,rand_delta,1,212,0.5143,85345,0
scale_a0.05,rand_delta,1,213,0.5238,85945,0
scale_a0.05,rand_delta,1,214,0.5302,85977,0
scale_a0.05,rand_delta,1,215,0.5397,86577,0
scale_a0.05,rand_delta,1,216,0.5683,86996,0
scale_a0.05,rand_delta,1,217,0.5683,87596,0
scale_a0.05,rand_delta,1,218,0.5619,88196,0
scale_a0.05,rand_delta,1,219,0.5556,88796,0
scale_a0.05,rand_delta,1,220,0.5460,89396,0
scale_a0.05,rand_delta,1,221,0.5270,89996,0
scale_a0.05,rand_delta,1,222,0.5270,90021,0
scale_a0.05,rand_delta,1,223,0.5397,90065,0
scale_a0.05,rand_delta,1,224,0.5397,90107,0
scale_a0.05,rand_delta,1,225,0.5397,90148,0
scale_a0.05,rand_delta,1,226,0.5492,90748,0
scale_a0.05,rand_delta,1,227,0.5365,91348,0
scale_a0.05,rand_delta,1,228,0.5206,91948,0
scale_a0.05,rand_delta,1,229,0.5556,92548,0
scale_a0.05,rand_delta,1,230,0.5619,93148,0
scale_a0.05,rand_delta,1,231,0.5683,93748,0
scale_a0.05,rand_delta,1,232,0.5619,94348,0
scale_a0.05,rand_delta,1,233,0.5587,94948,0
scale_a0.05,rand_delta,1,234,0.5587,95548,0
scale_a0.05,rand_delta,1,235,0.5587,95625,0
scale_a0.05,rand_delta,1,236,0.5302,96225,0
scale_a0.05,rand_delta,1,237,0.5810,96774,0
scale_a0.05,rand_delta,1,238,0.5810,96933,0
scale_a0.05,rand_delta,1,239,0.5841,96957,0
scale_a0.05,rand_delta,1,240,0.5778,96962,0
scale_a0.05,rand_delta,1,241,0.5873,97004,0
scale_a0.05,rand_delta,1,242,0.5905,97604,0
scale_a0.05,rand_delta,1,243,0.5873,97623,0
scale_a0.05,rand_delta,1,244,0.5905,97705,0
scale_a0.05,rand_delta,1,245,0.5905,98305,0
scale_a0.05,rand_delta,1,246,0.5905,98327,0
scale_a0.05,rand_delta,1,247,0.5873,98359,0
scale_a0.05,rand_delta,1,248,0.5841,98396,0
scale_a0.05,rand_delta,1,249,0.5841,98996,0
scale_a0.05,rand_delta,1,250,0.5873,99596,0
scale_a0.05,rand_delta,1,251,0.5905,99624,0
scale_a0.05,rand_delta,1,252,0.5873,99654,0
scale_a0.05,rand_delta,1,253,0.5841,99924,0
scale_a0.05,rand_delta,1,254,0.5746,100524,0
scale_a0.05,rand_delta,1,255,0.5778,101124,0
scale_a0.05,rand_delta,1,256,0.5810,101724,0
scale_a0.05,rand_delta,1,257,0.5810,102324,0
scale_a0.05,rand_delta,1,258,0.5841,102924,0
scale_a0.05,rand_delta,1,259,0.5873,102963,0
scale_a0.05,rand_delta,1,260,0.5873,103056,0
scale_a0.05,rand_delta,1,261,0.5873,103656,0
scale_a0.05,rand_delta,1,262,0.5905,103718,0
scale_a0.05,rand_delta,1,263,0.5968,104318,0
scale_a0.05,rand_delta,1,264,0.6000,104918,0
scale_a0.05,rand_delta,1,265,0.5937,105518,0
scale_a0.05,rand_delta,1,266,0.5968,105549,0
scale_a0.05,rand_delta,1,267,0.6063,105594,0
scale_a0.05,rand_delta,1,268,0.6032,106194,0
scale_a0.05,rand_delta,1,269,0.5905,106220,0
scale_a0.05,rand_delta,1,270,0.5905,106242,0
scale_a0.05,rand_delta,1,271,0.5873,106842,0
scale_a0.05,rand_delta,1,272,0.5937,107002,0
scale_a0.05,rand_delta,1,273,0.6000,107602,0
scale_a0.05,rand_delta,1,274,0.6000,107610,0
scale_a0.05,rand_delta,1,275,0.6000,107617,0
scale_a0.05,rand_delta,1,276,0.5968,107637,0
scale_a0.05,rand_delta,1,277,0.5937,107658,0
scale_a0.05,rand_delta,1,278,0.5968,108258,0
scale_a0.05,rand_delta,1,279,0.5905,108279,0
scale_a0.05,rand_delta,1,280,0.5937,108879,0
scale_a0.05,rand_delta,1,281,0.5937,109120,0
scale_a0.05,rand_delta,1,282,0.5968,109720,0
scale_a0.05,rand_delta,1,283,0.6000,109760,0
scale_a0.05,rand_delta,1,284,0.6032,109770,0
scale_a0.05,rand_delta,1,285,0.6127,110370,0
scale_a0.05,rand_delta,1,286,0.6127,110374,0
scale_a0.05,rand_delta,1,287,0.5968,110974,0
scale_a0.05,rand_delta,1,288,0.5968,110990,0
scale_a0.05,rand_delta,1,289,0.5968,111050,0
scale_a0.05,rand_delta,1,290,0.5968,111084,0
scale_a0.05,rand_delta,1,291,0.6000,111128,0
scale_a0.05,rand_delta,1,292,0.5968,111184,0
scale_a0.05,rand_delta,1,293,0.5968,111238,0
scale_a0.05,rand_delta,1,294,0.6000,111838,0
scale_a0.05,rand_delta,1,295,0.6000,112301,0
scale_a0.05,rand_delta,1,296,0.6000,112901,0
scale_a0.05,rand_delta,1,297,0.6000,113501,0
scale_a0.05,rand_delta,1,298,0.6063,113583,0
scale_a0.05,rand_delta,1,299,0.6000,114183,0
scale_a0.05,rand_delta,1,300,0.5937,114783,0
scale_a0.05,rand_delta,1,301,0.5968,115228,0
scale_a0.05,rand_delta,1,302,0.6159,115598,0
scale_a0.05,rand_delta,1,303,0.6254,116198,0
scale_a0.05,rand_delta,1,304,0.6254,116798,0
scale_a0.05,rand_delta,1,305,0.6000,117398,0
scale_a0.05,rand_delta,1,306,0.6032,117469,0
scale_a0.05,rand_delta,1,307,0.6000,117505,0
scale_a0.05,rand_delta,1,308,0.5968,117574,0
scale_a0.05,rand_delta,1,309,0.6032,118174,0
scale_a0.05,rand_delta,1,310,0.6222,118774,0
scale_a0.05,rand_delta,1,311,0.6190,118795,0
scale_a0.05,rand_delta,1,312,0.6159,119395,0
scale_a0.05,rand_delta,1,313,0.6190,119416,0
scale_a0.05,rand_delta,1,314,0.6190,120016,0
scale_a0.05,rand_delta,1,315,0.6190,120032,0
scale_a0.05,rand_delta,1,316,0.6127,120632,0
scale_a0.05,rand_delta,1,317,0.6190,120674,0
scale_a0.05,rand_delta,1,318,0.6159,120687,0
scale_a0.05,rand_delta,1,319,0.6159,120696,0
scale_a0.05,rand_delta,1,320,0.6190,120718,0
scale_a0.05,rand_delta,1,321,0.6159,120745,0
scale_a0.05,rand_delta,1,322,0.6190,121345,0
scale_a0.05,rand_delta,1,323,0.6127,121366,0
scale_a0.05,rand_delta,1,324,0.6159,121966,0
scale_a0.05,rand_delta,1,325,0.6190,122566,0
scale_a0.05,rand_delta,1,326,0.6032,123166,0
scale_a0.05,rand_delta,1,327,0.6032,123197,0
scale_a0.05,rand_delta,1,328,0.6000,123797,0
scale_a0.05,rand_delta,1,329,0.6000,124397,0
scale_a0.05,rand_delta,1,330,0.5968,124997,0
scale_a0.05,rand_delta,1,331,0.5937,125006,0
scale_a0.05,rand_delta,1,332,0.6000,125041,0
scale_a0.05,rand_delta,1,333,0.5937,125641,0
scale_a0.05,rand_delta,1,334,0.5968,126241,0
scale_a0.05,rand_delta,1,335,0.5937,126260,0
scale_a0.05,rand_delta,1,336,0.5937,126281,0
scale_a0.05,rand_delta,1,337,0.5968,126881,0
scale_a0.05,rand_delta,1,338,0.5937,127481,0
scale_a0.05,rand_delta,1,339,0.6000,127963,0
scale_a0.05,rand_delta,1,340,0.6000,127969,0
scale_a0.05,rand_delta,1,341,0.6063,128569,0
scale_a0.05,rand_delta,1,342,0.5905,129169,0
scale_a0.05,rand_delta,1,343,0.6000,129317,0
scale_a0.05,rand_delta,1,344,0.6000,129917,0
scale_a0.05,rand_delta,1,345,0.6000,129935,0
scale_a0.05,rand_delta,1,346,0.6000,129954,0
scale_a0.05,rand_delta,1,347,0.5968,130554,0
scale_a0.05,rand_delta,1,348,0.6032,130769,0
scale_a0.05,rand_delta,1,349,0.6000,130798,0
scale_a0.05,rand_delta,1,350,0.6000,131398,0
scale_a0.05,rand_delta,1,351,0.6032,131998,0
scale_a0.05,rand_delta,1,352,0.6000,132021,0
scale_a0.05,rand_delta,1,353,0.5968,132044,0
scale_a0.05,rand_delta,1,354,0.5968,132068,0
scale_a0.05,rand_delta,1,355,0.5968,132092,0
scale_a0.05,rand_delta,1,356,0.5968,132139,0
scale_a0.05,rand_delta,1,357,0.5937,132739,0
scale_a0.05,rand_delta,1,358,0.5937,133339,0
scale_a0.05,rand_delta,1,359,0.5968,133939,0
scale_a0.05,rand_delta,1,360,0.5968,133959,0
scale_a0.05,rand_delta,1,361,0.5968,134559,0
scale_a0.05,rand_delta,1,362,0.5968,135159,0
scale_a0.05,rand_delta,1,363,0.5968,135179,0
scale_a0.05,rand_delta,1,364,0.5905,135779,0
scale_a0.05,rand_delta,1,365,0.5905,135803,0
scale_a0.05,rand_delta,1,366,0.5905,135886,0
scale_a0.05,rand_delta,1,367,0.5873,136486,0
scale_a0.05,rand_delta,1,368,0.5841,136516,0
scale_a0.05,rand_delta,1,369,0.5873,137116,0
scale_a0.05,rand_delta,1,370,0.5937,137123,0
scale_a0.05,rand_delta,1,371,0.5810,137723,0
scale_a0.05,rand_delta,1,372,0.5905,138323,0
scale_a0.05,rand_delta,1,373,0.5937,138352,0
scale_a0.05,rand_delta,1,374,0.5937,138374,0
scale_a0.05,rand_delta,1,375,0.5968,138410,0
scale_a0.05,rand_delta,1,376,0.5968,138433,0
scale_a0.05,rand_delta,1,377,0.5968,138450,0
scale_a0.05,rand_delta,1,378,0.5937,138514,0
scale_a0.05,rand_delta,1,379,0.5841,138620,0
scale_a0.05,rand_delta,1,380,0.5873,138657,0
scale_a0.05,rand_delta,1,381,0.5841,139257,0
scale_a0.05,rand_delta,1,382,0.5905,139314,0
scale_a0.05,rand_delta,1,383,0.5968,139914,0
scale_a0.05,rand_delta,1,384,0.5905,139931,0
scale_a0.05,rand_delta,1,385,0.5905,140531,0
scale_a0.05,rand_delta,1,386,0.5841,141131,0
scale_a0.05,rand_delta,1,387,0.5905,141731,0
scale_a0.05,rand_delta,1,388,0.5937,141770,0
scale_a0.05,rand_delta,1,389,0.5873,142370,0
scale_a0.05,rand_delta,1,390,0.5873,142406,0
scale_a0.05,rand_delta,1,391,0.5905,143006,0
scale_a0.05,rand_delta,1,392,0.5968,143606,0
scale_a0.05,rand_delta,1,393,0.5968,143609,0
scale_a0.05,rand_delta,1,394,0.5905,144209,0
scale_a0.05,rand_delta,1,395,0.5841,144809,0
scale_a0.05,rand_delta,1,396,0.5841,144899,0
scale_a0.05,rand_delta,1,397,0.5873,144936,0
scale_a0.05,rand_delta,1,398,0.5905,145536,0
scale_a0.05,rand_delta,1,399,0.5937,146136,0
scale_a0.05,rand_delta,1,400,0.5937,146736,0
scale_a0.05,rand_delta,1,401,0.5937,146825,0
scale_a0.05,rand_delta,1,402,0.6000,147425,0
scale_a0.05,rand_delta,1,403,0.5937,148025,0
scale_a0.05,rand_delta,1,404,0.6000,148095,0
scale_a0.05,rand_delta,1,405,0.6000,148120,0
scale_a0.05,rand_delta,1,406,0.6032,148720,0
scale_a0.05,rand_delta,1,407,0.6000,148749,0
scale_a0.05,rand_delta,1,408,0.6063,148922,0
scale_a0.05,rand_delta,1,409,0.6032,148965,0
scale_a0.05,rand_delta,1,410,0.5968,149002,0
scale_a0.05,rand_delta,1,411,0.5905,149055,0
scale_a0.05,rand_delta,1,412,0.6000,149164,0
scale_a0.05,rand_delta,1,413,0.6032,149764,0
scale_a0.05,rand_delta,1,414,0.6032,150364,0
scale_a0.05,rand_delta,1,415,0.5873,150964,0
scale_a0.05,rand_delta,1,416,0.6000,151044,0
scale_a0.05,rand_delta,1,417,0.5968,151644,0
scale_a0.05,rand_delta,1,418,0.5937,152244,0
scale_a0.05,rand_delta,1,419,0.6032,152346,0
scale_a0.05,rand_delta,1,420,0.5873,152946,0
scale_a0.05,rand_delta,1,421,0.6032,153037,0
scale_a0.05,rand_delta,1,422,0.5873,153065,0
scale_a0.05,rand_delta,1,423,0.6095,153665,0
scale_a0.05,rand_delta,1,424,0.6032,153705,0
scale_a0.05,rand_delta,1,425,0.5873,154305,0
scale_a0.05,rand_delta,1,426,0.5968,154355,0
scale_a0.05,rand_delta,1,427,0.6000,154955,0
scale_a0.05,rand_delta,1,428,0.6032,154978,0
scale_a0.05,rand_delta,1,429,0.6000,155578,0
scale_a0.05,rand_delta,1,430,0.5968,155620,0
scale_a0.05,rand_delta,1,431,0.5937,155659,0
scale_a0.05,rand_delta,1,432,0.5873,155708,0
scale_a0.05,rand_delta,1,433,0.5841,156308,0
scale_a0.05,rand_delta,1,434,0.5841,156343,0
scale_a0.05,rand_delta,1,435,0.5873,156943,0
scale_a0.05,rand_delta,1,436,0.5968,157053,0
scale_a0.05,rand_delta,1,437,0.5937,157089,0
scale_a0.05,rand_delta,1,438,0.5873,157689,0
scale_a0.05,rand_delta,1,439,0.6063,157817,0
scale_a0.05,rand_delta,1,440,0.6095,158417,0
scale_a0.05,rand_delta,1,441,0.6000,158448,0
scale_a0.05,rand_delta,1,442,0.5968,159048,0
scale_a0.05,rand_delta,1,443,0.5937,159648,0
scale_a0.05,rand_delta,1,444,0.5905,159667,0
scale_a0.05,rand_delta,1,445,0.5968,159743,0
scale_a0.05,rand_delta,1,446,0.5873,160343,0
scale_a0.05,rand_delta,1,447,0.5937,160413,0
scale_a0.05,rand_delta,1,448,0.6063,161013,0
scale_a0.05,rand_delta,1,449,0.5841,161613,0
scale_a0.05,rand_delta,1,450,0.5937,161657,0
scale_a0.05,rand_delta,1,451,0.5968,162257,0
scale_a0.05,rand_delta,1,452,0.5937,162857,0
scale_a0.05,rand_delta,1,453,0.6000,162935,0
scale_a0.05,rand_delta,1,454,0.5937,162974,0
scale_a0.05,rand_delta,1,455,0.5968,163080,0
scale_a0.05,rand_delta,1,456,0.5968,163081,0
scale_a0.05,rand_delta,1,457,0.5873,163111,0
scale_a0.05,rand_delta,1,458,0.5873,163149,0
scale_a0.05,rand_delta,1,459,0.5937,163195,0
scale_a0.05,rand_delta,1,460,0.6032,163466,0
scale_a0.05,rand_delta,1,461,0.6000,164066,0
scale_a0.05,rand_delta,1,462,0.6063,164098,0
scale_a0.05,rand_delta,1,463,0.6063,164103,0
scale_a0.05,rand_delta,1,464,0.6095,164137,0
scale_a0.05,rand_delta,1,465,0.6000,164167,0
scale_a0.05,rand_delta,1,466,0.5968,164230,0
scale_a0.05,rand_delta,1,467,0.5937,164830,0
scale_a0.05,rand_delta,1,468,0.5968,165430,0
scale_a0.05,rand_delta,1,469,0.6127,165742,0
scale_a0.05,rand_delta,1,470,0.5905,166342,0
scale_a0.05,rand_delta,1,471,0.5841,166377,0
scale_a0.05,rand_delta,1,472,0.5778,166977,0
scale_a0.05,rand_delta,1,473,0.5778,167017,0
scale_a0.05,rand_delta,1,474,0.5968,167089,0
scale_a0.05,rand_delta,1,475,0.5968,167144,0
scale_a0.05,rand_delta,1,476,0.5968,167744,0
scale_a0.05,rand_delta,1,477,0.6032,168344,0
scale_a0.05,rand_delta,1,478,0.5937,168944,0
scale_a0.05,rand_delta,1,479,0.6032,168964,0
scale_a0.05,rand_delta,1,480,0.6095,169004,0
scale_a0.05,rand_delta,1,481,0.6095,169604,0
scale_a0.05,rand_delta,1,482,0.5873,170204,0
scale_a0.05,rand_delta,1,483,0.6095,170276,0
scale_a0.05,rand_delta,1,484,0.6063,170876,0
scale_a0.05,rand_delta,1,485,0.6095,170930,0
scale_a0.05,rand_delta,1,486,0.6063,170952,0
scale_a0.05,rand_delta,1,487,0.6063,171552,0
scale_a0.05,rand_delta,1,488,0.6032,172152,0
scale_a0.05,rand_delta,1,489,0.6063,172181,0
scale_a0.05,rand_delta,1,490,0.6063,172207,0
scale_a0.05,rand_delta,1,491,0.6032,172245,0
scale_a0.05,rand_delta,1,492,0.6063,172845,0
scale_a0.05,rand_delta,1,493,0.6032,172900,0
scale_a0.05,rand_delta,1,494,0.6032,173500,0
scale_a0.05,rand_delta,1,495,0.5968,173547,0
scale_a0.05,rand_delta,1,496,0.6063,173601,0
scale_a0.05,rand_delta,1,497,0.5905,173701,0
scale_a0.05,rand_delta,1,498,0.5873,174301,0
scale_a0.05,rand_delta,1,499,0.5873,174392,0
scale_a0.05,rand_delta,1,500,0.5873,174431,0
scale_a0.05,rand_delta,1,501,0.6286,175006,0
scale_a0.05,rand_delta,1,502,0.6127,175606,0
scale_a0.05,rand_delta,1,503,0.6254,175674,0
scale_a0.05,rand_delta,1,504,0.6349,175712,0
scale_a0.05,rand_delta,1,505,0.6222,176312,0
scale_a0.05,rand_delta,1,506,0.6127,176351,0
scale_a0.05,rand_delta,1,507,0.6127,176396,0
scale_a0.05,rand_delta,1,508,0.6127,176453,0
scale_a0.05,rand_delta,1,509,0.6254,177053,0
scale_a0.05,rand_delta,1,510,0.6190,177074,0
scale_a0.05,rand_delta,1,511,0.6159,177124,0
scale_a0.05,rand_delta,1,512,0.6159,177173,0
scale_a0.05,rand_delta,1,513,0.6190,177773,0
scale_a0.05,rand_delta,1,514,0.6222,178373,0
scale_a0.05,rand_delta,1,515,0.6254,178973,0
scale_a0.05,rand_delta,1,516,0.6317,179011,0
scale_a0.05,rand_delta,1,517,0.6190,179049,0
scale_a0.05,rand_delta,1,518,0.6286,179087,0
scale_a0.05,rand_delta,1,519,0.6159,179139,0
scale_a0.05,rand_delta,1,520,0.6095,179739,0
scale_a0.05,rand_delta,1,521,0.6222,180339,0
scale_a0.05,rand_delta,1,522,0.6000,180939,0
scale_a0.05,rand_delta,1,523,0.6095,181491,0
scale_a0.05,rand_delta,1,524,0.6159,181564,0
scale_a0.05,rand_delta,1,525,0.6222,181574,0
scale_a0.05,rand_delta,1,526,0.5968,182174,0
scale_a0.05,rand_delta,1,527,0.6063,182199,0
scale_a0.05,rand_delta,1,528,0.6032,182799,0
scale_a0.05,rand_delta,1,529,0.6000,183399,0
scale_a0.05,rand_delta,1,530,0.6127,183464,0
scale_a0.05,rand_delta,1,531,0.6063,184064,0
scale_a0.05,rand_delta,1,532,0.6032,184664,0
scale_a0.05,rand_delta,1,533,0.5937,185264,0
scale_a0.05,rand_delta,1,534,0.5937,185270,0
scale_a0.05,rand_delta,1,535,0.5968,185289,0
scale_a0.05,rand_delta,1,536,0.5937,185889,0
scale_a0.05,rand_delta,1,537,0.6032,185915,0
scale_a0.05,rand_delta,1,538,0.6032,186515,0
scale_a0.05,rand_delta,1,539,0.6032,187115,0
scale_a0.05,rand_delta,1,540,0.6000,187142,0
scale_a0.05,rand_delta,1,541,0.5968,187181,0
scale_a0.05,rand_delta,1,542,0.6000,187223,0
scale_a0.05,rand_delta,1,543,0.6063,187823,0
scale_a0.05,rand_delta,1,544,0.6000,187825,0
scale_a0.05,rand_delta,1,545,0.6063,187872,0
scale_a0.05,rand_delta,1,546,0.5937,188059,0
scale_a0.05,rand_delta,1,547,0.6063,188138,0
scale_a0.05,rand_delta,1,548,0.6000,188181,0
scale_a0.05,rand_delta,1,549,0.5937,188222,0
scale_a0.05,rand_delta,1,550,0.5937,188274,0
scale_a0.05,rand_delta,1,551,0.5937,188874,0
scale_a0.05,rand_delta,1,552,0.6032,189474,0
scale_a0.05,rand_delta,1,553,0.6000,189492,0
scale_a0.05,rand_delta,1,554,0.6000,190092,0
scale_a0.05,rand_delta,1,555,0.6095,190122,0
scale_a0.05,rand_delta,1,556,0.6000,190126,0
scale_a0.05,rand_delta,1,557,0.5968,190221,0
scale_a0.05,rand_delta,1,558,0.5968,190821,0
scale_a0.05,rand_delta,1,559,0.6032,190870,0
scale_a0.05,rand_delta,1,560,0.6127,190923,0
scale_a0.05,rand_delta,1,561,0.6095,191523,0
scale_a0.05,rand_delta,1,562,0.6095,191525,0
scale_a0.05,rand_delta,1,563,0.6063,192125,0
scale_a0.05,rand_delta,1,564,0.6000,192208,0
scale_a0.05,rand_delta,1,565,0.6032,192223,0
scale_a0.05,rand_delta,1,566,0.6032,192823,0
scale_a0.05,rand_delta,1,567,0.6032,193130,0
scale_a0.05,rand_delta,1,568,0.6000,193730,0
scale_a0.05,rand_delta,1,569,0.5905,194330,0
scale_a0.05,rand_delta,1,570,0.5905,194930,0
scale_a0.05,rand_delta,1,571,0.5905,195530,0
scale_a0.05,rand_delta,1,572,0.5905,195533,0
scale_a0.05,rand_delta,1,573,0.5968,195618,0
scale_a0.05,rand_delta,1,574,0.6032,195653,0
scale_a0.05,rand_delta,1,575,0.5937,196253,0
scale_a0.05,rand_delta,1,576,0.6095,196338,0
scale_a0.05,rand_delta,1,577,0.6159,196383,0
scale_a0.05,rand_delta,1,578,0.6190,196444,0
scale_a0.05,rand_delta,1,579,0.6127,196470,0
scale_a0.05,rand_delta,1,580,0.6127,196488,0
scale_a0.05,rand_delta,1,581,0.6190,196563,0
scale_a0.05,rand_delta,1,582,0.6127,196584,0
scale_a0.05,rand_delta,1,583,0.6000,196615,0
scale_a0.05,rand_delta,1,584,0.5841,197215,0
scale_a0.05,rand_delta,1,585,0.5937,197315,0
scale_a0.05,rand_delta,1,586,0.5873,197388,0
scale_a0.05,rand_delta,1,587,0.6000,197413,0
scale_a0.05,rand_delta,1,588,0.6032,197440,0
scale_a0.05,rand_delta,1,589,0.6032,198040,0
scale_a0.05,rand_delta,1,590,0.6000,198048,0
scale_a0.05,rand_delta,1,591,0.6000,198095,0
scale_a0.05,rand_delta,1,592,0.6000,198145,0
scale_a0.05,rand_delta,1,593,0.5873,198745,0
scale_a0.05,rand_delta,1,594,0.5873,199345,0
scale_a0.05,rand_delta,1,595,0.5968,199945,0
scale_a0.05,rand_delta,1,596,0.5873,200545,0
scale_a0.05,rand_delta,1,597,0.5810,200588,0
scale_a0.05,rand_delta,1,598,0.5905,201188,0
scale_a0.05,rand_delta,1,599,0.6000,201277,0
scale_a0.05,kc_delta,2,0,0.3556,600,0
scale_a0.05,kc_delta,2,1,0.4000,1200,0
scale_a0.05,kc_delta,2,2,0.4159,1571,0
scale_a0.05,kc_delta,2,3,0.4286,2044,0
scale_a0.05,kc_delta,2,4,0.4984,2644,0
scale_a0.05,kc_delta,2,5,0.5111,2672,0
scale_a0.05,kc_delta,2,6,0.5175,2983,0
scale_a0.05,kc_delta,2,7,0.4476,3583,0
scale_a0.05,kc_delta,2,8,0.4540,3602,0
scale_a0.05,kc_delta,2,9,0.4667,4202,0
scale_a0.05,kc_delta,2,10,0.4095,4802,0
scale_a0.05,kc_delta,2,11,0.4317,5402,0
scale_a0.05,kc_delta,2,12,0.4222,6002,0
scale_a0.05,kc_delta,2,13,0.4032,6602,0
scale_a0.05,kc_delta,2,14,0.4349,7047,0
scale_a0.05,kc_delta,2,15,0.4127,7647,0
scale_a0.05,kc_delta,2,16,0.4413,7849,0
scale_a0.05,kc_delta,2,17,0.4635,8375,0
scale_a0.05,kc_delta,2,18,0.4508,8449,0
scale_a0.05,kc_delta,2,19,0.4667,9049,0
scale_a0.05,kc_delta,2,20,0.4667,9649,0
scale_a0.05,kc_delta,2,21,0.4032,10249,0
scale_a0.05,kc_delta,2,22,0.4190,10849,0
scale_a0.05,kc_delta,2,23,0.4190,11449,0
scale_a0.05,kc_delta,2,24,0.4222,11499,0
scale_a0.05,kc_delta,2,25,0.4222,12099,0
scale_a0.05,kc_delta,2,26,0.4444,12699,0
scale_a0.05,kc_delta,2,27,0.4413,12722,0
scale_a0.05,kc_delta,2,28,0.4508,13322,0
scale_a0.05,kc_delta,2,29,0.4508,13922,0
scale_a0.05,kc_delta,2,30,0.4698,14200,0
scale_a0.05,kc_delta,2,31,0.4444,14800,0
scale_a0.05,kc_delta,2,32,0.4508,15400,0
scale_a0.05,kc_delta,2,33,0.4349,16000,0
scale_a0.05,kc_delta,2,34,0.4349,16600,0
scale_a0.05,kc_delta,2,35,0.4476,16971,0
scale_a0.05,kc_delta,2,36,0.4444,17109,0
scale_a0.05,kc_delta,2,37,0.4508,17709,0
scale_a0.05,kc_delta,2,38,0.4190,18309,0
scale_a0.05,kc_delta,2,39,0.4063,18909,0
scale_a0.05,kc_delta,2,40,0.4286,19509,0
scale_a0.05,kc_delta,2,41,0.4476,19989,0
scale_a0.05,kc_delta,2,42,0.4476,20589,0
scale_a0.05,kc_delta,2,43,0.4571,20657,0
scale_a0.05,kc_delta,2,44,0.4635,21257,0
scale_a0.05,kc_delta,2,45,0.4540,21857,0
scale_a0.05,kc_delta,2,46,0.4540,21993,0
scale_a0.05,kc_delta,2,47,0.4540,22593,0
scale_a0.05,kc_delta,2,48,0.4571,23193,0
scale_a0.05,kc_delta,2,49,0.4571,23793,0
scale_a0.05,kc_delta,2,50,0.4603,24305,0
scale_a0.05,kc_delta,2,51,0.4381,24905,0
scale_a0.05,kc_delta,2,52,0.4349,25505,0
scale_a0.05,kc_delta,2,53,0.4222,26105,0
scale_a0.05,kc_delta,2,54,0.4476,26218,0
scale_a0.05,kc_delta,2,55,0.4349,26818,0
scale_a0.05,kc_delta,2,56,0.4063,27418,0
scale_a0.05,kc_delta,2,57,0.3937,28018,0
scale_a0.05,kc_delta,2,58,0.3905,28618,0
scale_a0.05,kc_delta,2,59,0.4349,29218,0
scale_a0.05,kc_delta,2,60,0.4286,29818,0
scale_a0.05,kc_delta,2,61,0.4349,29903,0
scale_a0.05,kc_delta,2,62,0.4603,30228,0
scale_a0.05,kc_delta,2,63,0.4127,30828,0
scale_a0.05,kc_delta,2,64,0.4508,31287,0
scale_a0.05,kc_delta,2,65,0.4540,31887,0
scale_a0.05,kc_delta,2,66,0.4667,32487,0
scale_a0.05,kc_delta,2,67,0.4635,33087,0
scale_a0.05,kc_delta,2,68,0.4603,33687,0
scale_a0.05,kc_delta,2,69,0.4762,33967,0
scale_a0.05,kc_delta,2,70,0.4603,34567,0
scale_a0.05,kc_delta,2,71,0.4603,35167,0
scale_a0.05,kc_delta,2,72,0.4571,35244,0
scale_a0.05,kc_delta,2,73,0.4825,35680,0
scale_a0.05,kc_delta,2,74,0.4286,36280,0
scale_a0.05,kc_delta,2,75,0.4540,36880,0
scale_a0.05,kc_delta,2,76,0.4857,37258,0
scale_a0.05,kc_delta,2,77,0.4762,37858,0
scale_a0.05,kc_delta,2,78,0.4857,38458,0
scale_a0.05,kc_delta,2,79,0.4889,39058,0
scale_a0.05,kc_delta,2,80,0.4857,39658,0
scale_a0.05,kc_delta,2,81,0.4889,40252,0
scale_a0.05,kc_delta,2,82,0.4476,40852,0
scale_a0.05,kc_delta,2,83,0.4603,41093,0
scale_a0.05,kc_delta,2,84,0.4381,41693,0
scale_a0.05,kc_delta,2,85,0.4413,41713,0
scale_a0.05,kc_delta,2,86,0.4254,42313,0
scale_a0.05,kc_delta,2,87,0.4508,42745,0
scale_a0.05,kc_delta,2,88,0.4476,42765,0
scale_a0.05,kc_delta,2,89,0.4476,42884,0
scale_a0.05,kc_delta,2,90,0.4476,43484,0
scale_a0.05,kc_delta,2,91,0.4476,44084,0
scale_a0.05,kc_delta,2,92,0.4413,44684,0
scale_a0.05,kc_delta,2,93,0.4508,45284,0
scale_a0.05,kc_delta,2,94,0.4349,45691,0
scale_a0.05,kc_delta,2,95,0.4381,46291,0
scale_a0.05,kc_delta,2,96,0.4444,46891,0
scale_a0.05,kc_delta,2,97,0.4317,47491,0
scale_a0.05,kc_delta,2,98,0.4317,48091,0
scale_a0.05,kc_delta,2,99,0.4000,48691,0
scale_a0.05,kc_delta,2,100,0.3968,49291,0
scale_a0.05,kc_delta,2,101,0.3968,49891,0
scale_a0.05,kc_delta,2,102,0.3937,50491,0
scale_a0.05,kc_delta,2,103,0.3841,51091,0
scale_a0.05,kc_delta,2,104,0.4063,51172,0
scale_a0.05,kc_delta,2,105,0.4222,51772,0
scale_a0.05,kc_delta,2,106,0.4190,52372,0
scale_a0.05,kc_delta,2,107,0.4159,52972,0
scale_a0.05,kc_delta,2,108,0.4254,53572,0
scale_a0.05,kc_delta,2,109,0.4222,54172,0
scale_a0.05,kc_delta,2,110,0.4127,54772,0
scale_a0.05,kc_delta,2,111,0.3968,55372,0
scale_a0.05,kc_delta,2,112,0.4063,55972,0
scale_a0.05,kc_delta,2,113,0.4032,56572,0
scale_a0.05,kc_delta,2,114,0.4159,57172,0
scale_a0.05,kc_delta,2,115,0.4095,57772,0
scale_a0.05,kc_delta,2,116,0.4127,58372,0
scale_a0.05,kc_delta,2,117,0.4127,58972,0
scale_a0.05,kc_delta,2,118,0.4159,59572,0
scale_a0.05,kc_delta,2,119,0.4063,60172,0
scale_a0.05,kc_delta,2,120,0.3968,60772,0
scale_a0.05,kc_delta,2,121,0.4095,61202,0
scale_a0.05,kc_delta,2,122,0.4127,61802,0
scale_a0.05,kc_delta,2,123,0.4254,62402,0
scale_a0.05,kc_delta,2,124,0.4000,63002,0
scale_a0.05,kc_delta,2,125,0.4032,63602,0
scale_a0.05,kc_delta,2,126,0.3968,63751,0
scale_a0.05,kc_delta,2,127,0.4127,64351,0
scale_a0.05,kc_delta,2,128,0.4159,64951,0
scale_a0.05,kc_delta,2,129,0.4032,65551,0
scale_a0.05,kc_delta,2,130,0.4127,66151,0
scale_a0.05,kc_delta,2,131,0.4095,66751,0
scale_a0.05,kc_delta,2,132,0.4286,66854,0
scale_a0.05,kc_delta,2,133,0.4254,67454,0
scale_a0.05,kc_delta,2,134,0.4222,68054,0
scale_a0.05,kc_delta,2,135,0.4159,68565,0
scale_a0.05,kc_delta,2,136,0.4222,69165,0
scale_a0.05,kc_delta,2,137,0.4127,69765,0
scale_a0.05,kc_delta,2,138,0.4159,70365,0
scale_a0.05,kc_delta,2,139,0.4159,70965,0
scale_a0.05,kc_delta,2,140,0.4063,71565,0
scale_a0.05,kc_delta,2,141,0.4222,72165,0
scale_a0.05,kc_delta,2,142,0.4127,72765,0
scale_a0.05,kc_delta,2,143,0.4222,72846,0
scale_a0.05,kc_delta,2,144,0.4095,73446,0
scale_a0.05,kc_delta,2,145,0.3778,74046,0
scale_a0.05,kc_delta,2,146,0.3778,74646,0
scale_a0.05,kc_delta,2,147,0.3810,75246,0
scale_a0.05,kc_delta,2,148,0.4095,75505,0
scale_a0.05,kc_delta,2,149,0.4317,76105,0
scale_a0.05,kc_delta,2,150,0.4254,76705,0
scale_a0.05,kc_delta,2,151,0.4476,77298,0
scale_a0.05,kc_delta,2,152,0.4222,77898,0
scale_a0.05,kc_delta,2,153,0.4222,78498,0
scale_a0.05,kc_delta,2,154,0.4222,79098,0
scale_a0.05,kc_delta,2,155,0.4190,79698,0
scale_a0.05,kc_delta,2,156,0.4190,79772,0
scale_a0.05,kc_delta,2,157,0.4190,80372,0
scale_a0.05,kc_delta,2,158,0.4286,80645,0
scale_a0.05,kc_delta,2,159,0.4571,80904,0
scale_a0.05,kc_delta,2,160,0.4571,81504,0
scale_a0.05,kc_delta,2,161,0.4603,81616,0
scale_a0.05,kc_delta,2,162,0.4476,81655,0
scale_a0.05,kc_delta,2,163,0.4413,81706,0
scale_a0.05,kc_delta,2,164,0.4222,81741,0
scale_a0.05,kc_delta,2,165,0.4254,81832,0
scale_a0.05,kc_delta,2,166,0.4222,82432,0
scale_a0.05,kc_delta,2,167,0.4190,82494,0
scale_a0.05,kc_delta,2,168,0.4063,83094,0
scale_a0.05,kc_delta,2,169,0.4317,83307,0
scale_a0.05,kc_delta,2,170,0.4254,83907,0
scale_a0.05,kc_delta,2,171,0.4254,84507,0
scale_a0.05,kc_delta,2,172,0.4317,84684,0
scale_a0.05,kc_delta,2,173,0.4286,85284,0
scale_a0.05,kc_delta,2,174,0.4159,85550,0
scale_a0.05,kc_delta,2,175,0.4317,86150,0
scale_a0.05,kc_delta,2,176,0.4317,86178,0
scale_a0.05,kc_delta,2,177,0.4381,86778,0
scale_a0.05,kc_delta,2,178,0.4286,87378,0
scale_a0.05,kc_delta,2,179,0.4317,87978,0
scale_a0.05,kc_delta,2,180,0.4254,88578,0
scale_a0.05,kc_delta,2,181,0.4254,88602,0
scale_a0.05,kc_delta,2,182,0.4190,89202,0
scale_a0.05,kc_delta,2,183,0.4190,89802,0
scale_a0.05,kc_delta,2,184,0.4095,90402,0
scale_a0.05,kc_delta,2,185,0.4222,90841,0
scale_a0.05,kc_delta,2,186,0.4254,91441,0
scale_a0.05,kc_delta,2,187,0.3937,92041,0
scale_a0.05,kc_delta,2,188,0.4095,92641,0
scale_a0.05,kc_delta,2,189,0.3937,93241,0
scale_a0.05,kc_delta,2,190,0.4000,93841,0
scale_a0.05,kc_delta,2,191,0.3905,94441,0
scale_a0.05,kc_delta,2,192,0.4000,94596,0
scale_a0.05,kc_delta,2,193,0.3968,95196,0
scale_a0.05,kc_delta,2,194,0.3746,95796,0
scale_a0.05,kc_delta,2,195,0.3683,96396,0
scale_a0.05,kc_delta,2,196,0.3683,96996,0
scale_a0.05,kc_delta,2,197,0.3810,97596,0
scale_a0.05,kc_delta,2,198,0.3810,98196,0
scale_a0.05,kc_delta,2,199,0.3905,98796,0
scale_a0.05,kc_delta,2,200,0.3968,99396,0
scale_a0.05,kc_delta,2,201,0.3810,99996,0
scale_a0.05,kc_delta,2,202,0.3810,100596,0
scale_a0.05,kc_delta,2,203,0.4000,100773,0
scale_a0.05,kc_delta,2,204,0.4032,101373,0
scale_a0.05,kc_delta,2,205,0.3905,101973,0
scale_a0.05,kc_delta,2,206,0.3587,102573,0
scale_a0.05,kc_delta,2,207,0.3556,103173,0
scale_a0.05,kc_delta,2,208,0.3587,103562,0
scale_a0.05,kc_delta,2,209,0.3556,104162,0
scale_a0.05,kc_delta,2,210,0.3810,104762,0
scale_a0.05,kc_delta,2,211,0.3683,105362,0
scale_a0.05,kc_delta,2,212,0.3905,105864,0
scale_a0.05,kc_delta,2,213,0.3841,106464,0
scale_a0.05,kc_delta,2,214,0.3841,107064,0
scale_a0.05,kc_delta,2,215,0.3905,107664,0
scale_a0.05,kc_delta,2,216,0.3873,108264,0
scale_a0.05,kc_delta,2,217,0.3841,108864,0
scale_a0.05,kc_delta,2,218,0.3873,109464,0
scale_a0.05,kc_delta,2,219,0.3873,110064,0
scale_a0.05,kc_delta,2,220,0.3968,110197,0
scale_a0.05,kc_delta,2,221,0.4000,110355,0
scale_a0.05,kc_delta,2,222,0.3968,110955,0
scale_a0.05,kc_delta,2,223,0.4032,111555,0
scale_a0.05,kc_delta,2,224,0.4032,112155,0
scale_a0.05,kc_delta,2,225,0.3873,112755,0
scale_a0.05,kc_delta,2,226,0.3778,113355,0
scale_a0.05,kc_delta,2,227,0.3937,113955,0
scale_a0.05,kc_delta,2,228,0.3937,114555,0
scale_a0.05,kc_delta,2,229,0.3937,114591,0
scale_a0.05,kc_delta,2,230,0.3937,114739,0
scale_a0.05,kc_delta,2,231,0.3778,115339,0
scale_a0.05,kc_delta,2,232,0.3968,115939,0
scale_a0.05,kc_delta,2,233,0.3968,115942,0
scale_a0.05,kc_delta,2,234,0.4000,116382,0
scale_a0.05,kc_delta,2,235,0.3905,116982,0
scale_a0.05,kc_delta,2,236,0.3873,117582,0
scale_a0.05,kc_delta,2,237,0.3968,118182,0
scale_a0.05,kc_delta,2,238,0.3968,118550,0
scale_a0.05,kc_delta,2,239,0.4000,119150,0
scale_a0.05,kc_delta,2,240,0.3905,119221,0
scale_a0.05,kc_delta,2,241,0.3841,119355,0
scale_a0.05,kc_delta,2,242,0.4127,119955,0
scale_a0.05,kc_delta,2,243,0.4127,120120,0
scale_a0.05,kc_delta,2,244,0.4159,120720,0
scale_a0.05,kc_delta,2,245,0.4095,121320,0
scale_a0.05,kc_delta,2,246,0.4095,121325,0
scale_a0.05,kc_delta,2,247,0.4127,121925,0
scale_a0.05,kc_delta,2,248,0.3905,122525,0
scale_a0.05,kc_delta,2,249,0.3905,123125,0
scale_a0.05,kc_delta,2,250,0.4032,123725,0
scale_a0.05,kc_delta,2,251,0.4000,123880,0
scale_a0.05,kc_delta,2,252,0.3905,124480,0
scale_a0.05,kc_delta,2,253,0.3810,125080,0
scale_a0.05,kc_delta,2,254,0.3810,125680,0
scale_a0.05,kc_delta,2,255,0.3968,125799,0
scale_a0.05,kc_delta,2,256,0.3968,126399,0
scale_a0.05,kc_delta,2,257,0.3873,126999,0
scale_a0.05,kc_delta,2,258,0.3841,127599,0
scale_a0.05,kc_delta,2,259,0.3937,128199,0
scale_a0.05,kc_delta,2,260,0.3873,128799,0
scale_a0.05,kc_delta,2,261,0.3873,129399,0
scale_a0.05,kc_delta,2,262,0.3905,129434,0
scale_a0.05,kc_delta,2,263,0.3968,130034,0
scale_a0.05,kc_delta,2,264,0.3968,130161,0
scale_a0.05,kc_delta,2,265,0.3873,130761,0
scale_a0.05,kc_delta,2,266,0.3873,131361,0
scale_a0.05,kc_delta,2,267,0.3746,131961,0
scale_a0.05,kc_delta,2,268,0.3778,132561,0
scale_a0.05,kc_delta,2,269,0.3746,133161,0
scale_a0.05,kc_delta,2,270,0.3714,133761,0
scale_a0.05,kc_delta,2,271,0.3746,134361,0
scale_a0.05,kc_delta,2,272,0.3937,134961,0
scale_a0.05,kc_delta,2,273,0.3841,135561,0
scale_a0.05,kc_delta,2,274,0.3714,136161,0
scale_a0.05,kc_delta,2,275,0.3714,136761,0
scale_a0.05,kc_delta,2,276,0.3587,137361,0
scale_a0.05,kc_delta,2,277,0.3524,137961,0
scale_a0.05,kc_delta,2,278,0.3524,138561,0
scale_a0.05,kc_delta,2,279,0.3683,139161,0
scale_a0.05,kc_delta,2,280,0.3810,139761,0
scale_a0.05,kc_delta,2,281,0.3873,140361,0
scale_a0.05,kc_delta,2,282,0.3714,140961,0
scale_a0.05,kc_delta,2,283,0.3683,141561,0
scale_a0.05,kc_delta,2,284,0.3714,142161,0
scale_a0.05,kc_delta,2,285,0.3746,142175,0
scale_a0.05,kc_delta,2,286,0.3714,142775,0
scale_a0.05,kc_delta,2,287,0.3714,142786,0
scale_a0.05,kc_delta,2,288,0.3873,143228,0
scale_a0.05,kc_delta,2,289,0.3873,143828,0
scale_a0.05,kc_delta,2,290,0.3873,144428,0
scale_a0.05,kc_delta,2,291,0.4032,145028,0
scale_a0.05,kc_delta,2,292,0.4032,145628,0
scale_a0.05,kc_delta,2,293,0.3937,146228,0
scale_a0.05,kc_delta,2,294,0.3683,146828,0
scale_a0.05,kc_delta,2,295,0.3683,147428,0
scale_a0.05,kc_delta,2,296,0.3556,148028,0
scale_a0.05,kc_delta,2,297,0.3556,148628,0
scale_a0.05,kc_delta,2,298,0.3556,148630,0
scale_a0.05,kc_delta,2,299,0.3651,149230,0
scale_a0.05,kc_delta,2,300,0.3683,149830,0
scale_a0.05,kc_delta,2,301,0.3810,150430,0
scale_a0.05,kc_delta,2,302,0.3968,151030,0
scale_a0.05,kc_delta,2,303,0.4000,151630,0
scale_a0.05,kc_delta,2,304,0.3968,152230,0
scale_a0.05,kc_delta,2,305,0.3905,152830,0
scale_a0.05,kc_delta,2,306,0.3937,153430,0
scale_a0.05,kc_delta,2,307,0.3841,153904,0
scale_a0.05,kc_delta,2,308,0.3778,154504,0
scale_a0.05,kc_delta,2,309,0.3841,155104,0
scale_a0.05,kc_delta,2,310,0.3873,155704,0
scale_a0.05,kc_delta,2,311,0.3841,156304,0
scale_a0.05,kc_delta,2,312,0.3873,156904,0
scale_a0.05,kc_delta,2,313,0.3905,157504,0
scale_a0.05,kc_delta,2,314,0.3810,158104,0
scale_a0.05,kc_delta,2,315,0.4032,158303,0
scale_a0.05,kc_delta,2,316,0.3905,158311,0
scale_a0.05,kc_delta,2,317,0.4000,158511,0
scale_a0.05,kc_delta,2,318,0.3937,159111,0
scale_a0.05,kc_delta,2,319,0.3873,159711,0
scale_a0.05,kc_delta,2,320,0.4032,160311,0
scale_a0.05,kc_delta,2,321,0.4000,160911,0
scale_a0.05,kc_delta,2,322,0.4063,160927,0
scale_a0.05,kc_delta,2,323,0.3968,161527,0
scale_a0.05,kc_delta,2,324,0.3968,162127,0
scale_a0.05,kc_delta,2,325,0.3937,162727,0
scale_a0.05,kc_delta,2,326,0.3937,163327,0
scale_a0.05,kc_delta,2,327,0.3968,163927,0
scale_a0.05,kc_delta,2,328,0.3873,164527,0
scale_a0.05,kc_delta,2,329,0.3841,165127,0
scale_a0.05,kc_delta,2,330,0.3810,165727,0
scale_a0.05,kc_delta,2,331,0.3810,166327,0
scale_a0.05,kc_delta,2,332,0.3841,166927,0
scale_a0.05,kc_delta,2,333,0.3841,166934,0
scale_a0.05,kc_delta,2,334,0.3937,167534,0
scale_a0.05,kc_delta,2,335,0.3778,168134,0
scale_a0.05,kc_delta,2,336,0.3746,168734,0
scale_a0.05,kc_delta,2,337,0.3810,169153,0
scale_a0.05,kc_delta,2,338,0.3905,169753,0
scale_a0.05,kc_delta,2,339,0.3937,169815,0
scale_a0.05,kc_delta,2,340,0.3683,170415,0
scale_a0.05,kc_delta,2,341,0.3683,170425,0
scale_a0.05,kc_delta,2,342,0.3778,171025,0
scale_a0.05,kc_delta,2,343,0.3778,171155,0
scale_a0.05,kc_delta,2,344,0.3810,171195,0
scale_a0.05,kc_delta,2,345,0.3810,171795,0
scale_a0.05,kc_delta,2,346,0.3778,172395,0
scale_a0.05,kc_delta,2,347,0.3746,172995,0
scale_a0.05,kc_delta,2,348,0.3524,173595,0
scale_a0.05,kc_delta,2,349,0.3556,174195,0
scale_a0.05,kc_delta,2,350,0.3683,174340,0
scale_a0.05,kc_delta,2,351,0.3587,174940,0
scale_a0.05,kc_delta,2,352,0.3556,175540,0
scale_a0.05,kc_delta,2,353,0.3492,176140,0
scale_a0.05,kc_delta,2,354,0.3492,176740,0
scale_a0.05,kc_delta,2,355,0.3492,176765,0
scale_a0.05,kc_delta,2,356,0.3587,176979,0
scale_a0.05,kc_delta,2,357,0.3587,177579,0
scale_a0.05,kc_delta,2,358,0.3587,177592,0
scale_a0.05,kc_delta,2,359,0.3778,178192,0
scale_a0.05,kc_delta,2,360,0.3810,178204,0
scale_a0.05,kc_delta,2,361,0.3810,178804,0
scale_a0.05,kc_delta,2,362,0.3778,179404,0
scale_a0.05,kc_delta,2,363,0.3778,179420,0
scale_a0.05,kc_delta,2,364,0.3778,180020,0
scale_a0.05,kc_delta,2,365,0.3778,180620,0
scale_a0.05,kc_delta,2,366,0.3683,181220,0
scale_a0.05,kc_delta,2,367,0.3746,181820,0
scale_a0.05,kc_delta,2,368,0.3746,182420,0
scale_a0.05,kc_delta,2,369,0.3746,183020,0
scale_a0.05,kc_delta,2,370,0.3873,183358,0
scale_a0.05,kc_delta,2,371,0.3778,183684,0
scale_a0.05,kc_delta,2,372,0.3683,184284,0
scale_a0.05,kc_delta,2,373,0.3683,184884,0
scale_a0.05,kc_delta,2,374,0.3746,185484,0
scale_a0.05,kc_delta,2,375,0.3810,185684,0
scale_a0.05,kc_delta,2,376,0.3778,185695,0
scale_a0.05,kc_delta,2,377,0.3746,186295,0
scale_a0.05,kc_delta,2,378,0.3683,186525,0
scale_a0.05,kc_delta,2,379,0.3683,187125,0
scale_a0.05,kc_delta,2,380,0.3746,187725,0
scale_a0.05,kc_delta,2,381,0.3587,188325,0
scale_a0.05,kc_delta,2,382,0.3587,188339,0
scale_a0.05,kc_delta,2,383,0.3587,188357,0
scale_a0.05,kc_delta,2,384,0.3460,188957,0
scale_a0.05,kc_delta,2,385,0.3492,189557,0
scale_a0.05,kc_delta,2,386,0.3714,190157,0
scale_a0.05,kc_delta,2,387,0.3810,190286,0
scale_a0.05,kc_delta,2,388,0.3683,190886,0
scale_a0.05,kc_delta,2,389,0.3810,191486,0
scale_a0.05,kc_delta,2,390,0.3746,192086,0
scale_a0.05,kc_delta,2,391,0.3778,192160,0
scale_a0.05,kc_delta,2,392,0.3778,192184,0
scale_a0.05,kc_delta,2,393,0.3810,192784,0
scale_a0.05,kc_delta,2,394,0.3778,193384,0
scale_a0.05,kc_delta,2,395,0.3778,193984,0
scale_a0.05,kc_delta,2,396,0.3746,194584,0
scale_a0.05,kc_delta,2,397,0.3746,195184,0
scale_a0.05,kc_delta,2,398,0.3619,195784,0
scale_a0.05,kc_delta,2,399,0.3524,196384,0
scale_a0.05,kc_delta,2,400,0.3556,196984,0
scale_a0.05,kc_delta,2,401,0.3524,197584,0
scale_a0.05,kc_delta,2,402,0.3556,198184,0
scale_a0.05,kc_delta,2,403,0.3365,198640,0
scale_a0.05,kc_delta,2,404,0.3460,199240,0
scale_a0.05,kc_delta,2,405,0.3429,199840,0
scale_a0.05,kc_delta,2,406,0.3587,200298,0
scale_a0.05,kc_delta,2,407,0.3587,200306,0
scale_a0.05,kc_delta,2,408,0.3651,200333,0
scale_a0.05,kc_delta,2,409,0.3619,200933,0
scale_a0.05,kc_delta,2,410,0.3587,201533,0
scale_a0.05,kc_delta,2,411,0.3778,202133,0
scale_a0.05,kc_delta,2,412,0.3778,202176,0
scale_a0.05,kc_delta,2,413,0.3587,202776,0
scale_a0.05,kc_delta,2,414,0.3556,203376,0
scale_a0.05,kc_delta,2,415,0.3619,203976,0
scale_a0.05,kc_delta,2,416,0.3619,204576,0
scale_a0.05,kc_delta,2,417,0.3651,205176,0
scale_a0.05,kc_delta,2,418,0.3714,205776,0
scale_a0.05,kc_delta,2,419,0.3683,206376,0
scale_a0.05,kc_delta,2,420,0.3683,206976,0
scale_a0.05,kc_delta,2,421,0.3778,207576,0
scale_a0.05,kc_delta,2,422,0.3841,208176,0
scale_a0.05,kc_delta,2,423,0.3810,208192,0
scale_a0.05,kc_delta,2,424,0.3778,208792,0
scale_a0.05,kc_delta,2,425,0.3778,208794,0
scale_a0.05,kc_delta,2,426,0.3841,209394,0
scale_a0.05,kc_delta,2,427,0.3873,209994,0
scale_a0.05,kc_delta,2,428,0.3746,210594,0
scale_a0.05,kc_delta,2,429,0.3714,210625,0
scale_a0.05,kc_delta,2,430,0.3778,210660,0
scale_a0.05,kc_delta,2,431,0.3841,210818,0
scale_a0.05,kc_delta,2,432,0.3810,211418,0
scale_a0.05,kc_delta,2,433,0.3746,212018,0
scale_a0.05,kc_delta,2,434,0.3810,212618,0
scale_a0.05,kc_delta,2,435,0.3714,213218,0
scale_a0.05,kc_delta,2,436,0.3683,213818,0
scale_a0.05,kc_delta,2,437,0.3651,213820,0
scale_a0.05,kc_delta,2,438,0.3683,214420,0
scale_a0.05,kc_delta,2,439,0.3651,215020,0
scale_a0.05,kc_delta,2,440,0.3746,215620,0
scale_a0.05,kc_delta,2,441,0.3714,216220,0
scale_a0.05,kc_delta,2,442,0.3778,216820,0
scale_a0.05,kc_delta,2,443,0.3587,217420,0
scale_a0.05,kc_delta,2,444,0.3587,218020,0
scale_a0.05,kc_delta,2,445,0.3651,218620,0
scale_a0.05,kc_delta,2,446,0.3651,219220,0
scale_a0.05,kc_delta,2,447,0.3746,219820,0
scale_a0.05,kc_delta,2,448,0.3556,220420,0
scale_a0.05,kc_delta,2,449,0.3587,221020,0
scale_a0.05,kc_delta,2,450,0.3556,221620,0
scale_a0.05,kc_delta,2,451,0.3492,222220,0
scale_a0.05,kc_delta,2,452,0.3556,222820,0
scale_a0.05,kc_delta,2,453,0.3587,223420,0
scale_a0.05,kc_delta,2,454,0.3587,224020,0
scale_a0.05,kc_delta,2,455,0.3429,224620,0
scale_a0.05,kc_delta,2,456,0.3556,225220,0
scale_a0.05,kc_delta,2,457,0.3460,225820,0
scale_a0.05,kc_delta,2,458,0.3524,226420,0
scale_a0.05,kc_delta,2,459,0.3460,227020,0
scale_a0.05,kc_delta,2,460,0.3492,227620,0
scale_a0.05,kc_delta,2,461,0.3492,227645,0
scale_a0.05,kc_delta,2,462,0.3460,228245,0
scale_a0.05,kc_delta,2,463,0.3460,228845,0
scale_a0.05,kc_delta,2,464,0.3460,229445,0
scale_a0.05,kc_delta,2,465,0.3429,230045,0
scale_a0.05,kc_delta,2,466,0.3587,230645,0
scale_a0.05,kc_delta,2,467,0.3524,231245,0
scale_a0.05,kc_delta,2,468,0.3619,231845,0
scale_a0.05,kc_delta,2,469,0.3746,232445,0
scale_a0.05,kc_delta,2,470,0.3873,232962,0
scale_a0.05,kc_delta,2,471,0.3587,233562,0
scale_a0.05,kc_delta,2,472,0.3651,233624,0
scale_a0.05,kc_delta,2,473,0.3397,234224,0
scale_a0.05,kc_delta,2,474,0.3714,234824,0
scale_a0.05,kc_delta,2,475,0.3683,235424,0
scale_a0.05,kc_delta,2,476,0.3683,236024,0
scale_a0.05,kc_delta,2,477,0.3683,236624,0
scale_a0.05,kc_delta,2,478,0.3810,237224,0
scale_a0.05,kc_delta,2,479,0.3746,237824,0
scale_a0.05,kc_delta,2,480,0.3714,238424,0
scale_a0.05,kc_delta,2,481,0.3746,238446,0
scale_a0.05,kc_delta,2,482,0.3714,239046,0
scale_a0.05,kc_delta,2,483,0.3651,239646,0
scale_a0.05,kc_delta,2,484,0.3683,240246,0
scale_a0.05,kc_delta,2,485,0.3683,240267,0
scale_a0.05,kc_delta,2,486,0.3778,240867,0
scale_a0.05,kc_delta,2,487,0.3778,241467,0
scale_a0.05,kc_delta,2,488,0.3651,242067,0
scale_a0.05,kc_delta,2,489,0.3778,242391,0
scale_a0.05,kc_delta,2,490,0.3778,242991,0
scale_a0.05,kc_delta,2,491,0.3810,243008,0
scale_a0.05,kc_delta,2,492,0.3746,243608,0
scale_a0.05,kc_delta,2,493,0.3714,244208,0
scale_a0.05,kc_delta,2,494,0.3651,244808,0
scale_a0.05,kc_delta,2,495,0.3841,245408,0
scale_a0.05,kc_delta,2,496,0.3746,245449,0
scale_a0.05,kc_delta,2,497,0.3841,245666,0
scale_a0.05,kc_delta,2,498,0.3810,246266,0
scale_a0.05,kc_delta,2,499,0.3778,246866,0
scale_a0.05,kc_delta,2,500,0.3778,247466,0
scale_a0.05,kc_delta,2,501,0.3714,248066,0
scale_a0.05,kc_delta,2,502,0.3873,248666,0
scale_a0.05,kc_delta,2,503,0.3873,249266,0
scale_a0.05,kc_delta,2,504,0.3937,249866,0
scale_a0.05,kc_delta,2,505,0.3778,250466,0
scale_a0.05,kc_delta,2,506,0.3968,251066,0
scale_a0.05,kc_delta,2,507,0.3937,251666,0
scale_a0.05,kc_delta,2,508,0.3905,252266,0
scale_a0.05,kc_delta,2,509,0.3841,252866,0
scale_a0.05,kc_delta,2,510,0.3905,252907,0
scale_a0.05,kc_delta,2,511,0.3841,253507,0
scale_a0.05,kc_delta,2,512,0.3905,254107,0
scale_a0.05,kc_delta,2,513,0.3841,254707,0
scale_a0.05,kc_delta,2,514,0.3841,255307,0
scale_a0.05,kc_delta,2,515,0.3841,255907,0
scale_a0.05,kc_delta,2,516,0.3810,256507,0
scale_a0.05,kc_delta,2,517,0.3873,257107,0
scale_a0.05,kc_delta,2,518,0.3841,257707,0
scale_a0.05,kc_delta,2,519,0.4032,258307,0
scale_a0.05,kc_delta,2,520,0.4032,258907,0
scale_a0.05,kc_delta,2,521,0.3937,259507,0
scale_a0.05,kc_delta,2,522,0.3841,260107,0
scale_a0.05,kc_delta,2,523,0.3968,260707,0
scale_a0.05,kc_delta,2,524,0.4032,260822,0
scale_a0.05,kc_delta,2,525,0.4063,261422,0
scale_a0.05,kc_delta,2,526,0.4063,261563,0
scale_a0.05,kc_delta,2,527,0.3968,262163,0
scale_a0.05,kc_delta,2,528,0.4127,262241,0
scale_a0.05,kc_delta,2,529,0.4159,262841,0
scale_a0.05,kc_delta,2,530,0.4032,263441,0
scale_a0.05,kc_delta,2,531,0.3937,264041,0
scale_a0.05,kc_delta,2,532,0.4063,264641,0
scale_a0.05,kc_delta,2,533,0.4095,265241,0
scale_a0.05,kc_delta,2,534,0.4127,265301,0
scale_a0.05,kc_delta,2,535,0.4095,265901,0
scale_a0.05,kc_delta,2,536,0.4063,266501,0
scale_a0.05,kc_delta,2,537,0.3905,267101,0
scale_a0.05,kc_delta,2,538,0.4063,267503,0
scale_a0.05,kc_delta,2,539,0.4000,268103,0
scale_a0.05,kc_delta,2,540,0.3937,268703,0
scale_a0.05,kc_delta,2,541,0.3905,268718,0
scale_a0.05,kc_delta,2,542,0.3968,269318,0
scale_a0.05,kc_delta,2,543,0.3937,269918,0
scale_a0.05,kc_delta,2,544,0.3937,270518,0
scale_a0.05,kc_delta,2,545,0.3905,271118,0
scale_a0.05,kc_delta,2,546,0.4063,271718,0
scale_a0.05,kc_delta,2,547,0.3937,272318,0
scale_a0.05,kc_delta,2,548,0.3937,272918,0
scale_a0.05,kc_delta,2,549,0.3937,273518,0
scale_a0.05,kc_delta,2,550,0.3905,274118,0
scale_a0.05,kc_delta,2,551,0.4032,274233,0
scale_a0.05,kc_delta,2,552,0.4063,274833,0
scale_a0.05,kc_delta,2,553,0.3968,275433,0
scale_a0.05,kc_delta,2,554,0.3873,276033,0
scale_a0.05,kc_delta,2,555,0.3810,276633,0
scale_a0.05,kc_delta,2,556,0.3841,277233,0
scale_a0.05,kc_delta,2,557,0.3873,277243,0
scale_a0.05,kc_delta,2,558,0.3873,277843,0
scale_a0.05,kc_delta,2,559,0.3810,278443,0
scale_a0.05,kc_delta,2,560,0.3841,279043,0
scale_a0.05,kc_delta,2,561,0.3873,279643,0
scale_a0.05,kc_delta,2,562,0.3746,280243,0
scale_a0.05,kc_delta,2,563,0.3714,280843,0
scale_a0.05,kc_delta,2,564,0.3810,280943,0
scale_a0.05,kc_delta,2,565,0.3810,281543,0
scale_a0.05,kc_delta,2,566,0.3841,282143,0
scale_a0.05,kc_delta,2,567,0.3810,282743,0
scale_a0.05,kc_delta,2,568,0.3873,283343,0
scale_a0.05,kc_delta,2,569,0.3810,283943,0
scale_a0.05,kc_delta,2,570,0.3778,284543,0
scale_a0.05,kc_delta,2,571,0.3810,285143,0
scale_a0.05,kc_delta,2,572,0.3714,285743,0
scale_a0.05,kc_delta,2,573,0.3778,286343,0
scale_a0.05,kc_delta,2,574,0.3873,286943,0
scale_a0.05,kc_delta,2,575,0.3968,287543,0
scale_a0.05,kc_delta,2,576,0.3968,288143,0
scale_a0.05,kc_delta,2,577,0.3937,288743,0
scale_a0.05,kc_delta,2,578,0.3873,289343,0
scale_a0.05,kc_delta,2,579,0.3937,289943,0
scale_a0.05,kc_delta,2,580,0.3968,290543,0
scale_a0.05,kc_delta,2,581,0.3968,290544,0
scale_a0.05,kc_delta,2,582,0.4000,291144,0
scale_a0.05,kc_delta,2,583,0.4000,291744,0
scale_a0.05,kc_delta,2,584,0.3968,292344,0
scale_a0.05,kc_delta,2,585,0.3810,292944,0
scale_a0.05,kc_delta,2,586,0.3810,293544,0
scale_a0.05,kc_delta,2,587,0.3873,294144,0
scale_a0.05,kc_delta,2,588,0.3841,294744,0
scale_a0.05,kc_delta,2,589,0.3841,295344,0
scale_a0.05,kc_delta,2,590,0.3841,295944,0
scale_a0.05,kc_delta,2,591,0.3873,296544,0
scale_a0.05,kc_delta,2,592,0.3873,297144,0
scale_a0.05,kc_delta,2,593,0.3810,297744,0
scale_a0.05,kc_delta,2,594,0.3841,298344,0
scale_a0.05,kc_delta,2,595,0.3873,298944,0
scale_a0.05,kc_delta,2,596,0.3873,299544,0
scale_a0.05,kc_delta,2,597,0.3873,300144,0
scale_a0.05,kc_delta,2,598,0.3714,300744,0
scale_a0.05,kc_delta,2,599,0.3810,301344,0
scale_a0.05,rand_delta,2,0,0.3460,600,0
scale_a0.05,rand_delta,2,1,0.4190,1200,0
scale_a0.05,rand_delta,2,2,0.4794,1563,0
scale_a0.05,rand_delta,2,3,0.4444,1902,0
scale_a0.05,rand_delta,2,4,0.5333,2502,0
scale_a0.05,rand_delta,2,5,0.5365,2521,0
scale_a0.05,rand_delta,2,6,0.5333,2798,0
scale_a0.05,rand_delta,2,7,0.5206,3252,0
scale_a0.05,rand_delta,2,8,0.5175,3265,0
scale_a0.05,rand_delta,2,9,0.5048,3459,0
scale_a0.05,rand_delta,2,10,0.5778,4059,0
scale_a0.05,rand_delta,2,11,0.5810,4152,0
scale_a0.05,rand_delta,2,12,0.5873,4479,0
scale_a0.05,rand_delta,2,13,0.3492,5079,0
scale_a0.05,rand_delta,2,14,0.3683,5573,0
scale_a0.05,rand_delta,2,15,0.3492,6173,0
scale_a0.05,rand_delta,2,16,0.3619,6311,0
scale_a0.05,rand_delta,2,17,0.3968,6591,0
scale_a0.05,rand_delta,2,18,0.3937,6605,0
scale_a0.05,rand_delta,2,19,0.4444,7114,0
scale_a0.05,rand_delta,2,20,0.4762,7714,0
scale_a0.05,rand_delta,2,21,0.3714,8314,0
scale_a0.05,rand_delta,2,22,0.3492,8914,0
scale_a0.05,rand_delta,2,23,0.3492,9514,0
scale_a0.05,rand_delta,2,24,0.3492,9521,0
scale_a0.05,rand_delta,2,25,0.3492,10121,0
scale_a0.05,rand_delta,2,26,0.3683,10721,0
scale_a0.05,rand_delta,2,27,0.3683,10727,0
scale_a0.05,rand_delta,2,28,0.3873,11327,0
scale_a0.05,rand_delta,2,29,0.3587,11927,0
scale_a0.05,rand_delta,2,30,0.3937,12527,0
scale_a0.05,rand_delta,2,31,0.3714,13127,0
scale_a0.05,rand_delta,2,32,0.3651,13727,0
scale_a0.05,rand_delta,2,33,0.3492,14327,0
scale_a0.05,rand_delta,2,34,0.3492,14927,0
scale_a0.05,rand_delta,2,35,0.3619,15175,0
scale_a0.05,rand_delta,2,36,0.3683,15300,0
scale_a0.05,rand_delta,2,37,0.3619,15900,0
scale_a0.05,rand_delta,2,38,0.3556,16500,0
scale_a0.05,rand_delta,2,39,0.3524,17100,0
scale_a0.05,rand_delta,2,40,0.3587,17700,0
scale_a0.05,rand_delta,2,41,0.3937,18300,0
scale_a0.05,rand_delta,2,42,0.3651,18900,0
scale_a0.05,rand_delta,2,43,0.3746,18955,0
scale_a0.05,rand_delta,2,44,0.3778,19555,0
scale_a0.05,rand_delta,2,45,0.3841,20155,0
scale_a0.05,rand_delta,2,46,0.4063,20462,0
scale_a0.05,rand_delta,2,47,0.4063,21062,0
scale_a0.05,rand_delta,2,48,0.4222,21429,0
scale_a0.05,rand_delta,2,49,0.4254,22029,0
scale_a0.05,rand_delta,2,50,0.4254,22629,0
scale_a0.05,rand_delta,2,51,0.3937,23229,0
scale_a0.05,rand_delta,2,52,0.3841,23829,0
scale_a0.05,rand_delta,2,53,0.3841,24429,0
scale_a0.05,rand_delta,2,54,0.4000,24523,0
scale_a0.05,rand_delta,2,55,0.3873,25123,0
scale_a0.05,rand_delta,2,56,0.3587,25723,0
scale_a0.05,rand_delta,2,57,0.3587,26323,0
scale_a0.05,rand_delta,2,58,0.3524,26923,0
scale_a0.05,rand_delta,2,59,0.3619,27523,0
scale_a0.05,rand_delta,2,60,0.3651,28123,0
scale_a0.05,rand_delta,2,61,0.4032,28312,0
scale_a0.05,rand_delta,2,62,0.4159,28371,0
scale_a0.05,rand_delta,2,63,0.4095,28971,0
scale_a0.05,rand_delta,2,64,0.4159,29571,0
scale_a0.05,rand_delta,2,65,0.4254,30171,0
scale_a0.05,rand_delta,2,66,0.4286,30771,0
scale_a0.05,rand_delta,2,67,0.4286,31371,0
scale_a0.05,rand_delta,2,68,0.4222,31971,0
scale_a0.05,rand_delta,2,69,0.4254,32000,0
scale_a0.05,rand_delta,2,70,0.4317,32600,0
scale_a0.05,rand_delta,2,71,0.4317,33200,0
scale_a0.05,rand_delta,2,72,0.4317,33224,0
scale_a0.05,rand_delta,2,73,0.4317,33824,0
scale_a0.05,rand_delta,2,74,0.4286,34424,0
scale_a0.05,rand_delta,2,75,0.4286,34449,0
scale_a0.05,rand_delta,2,76,0.4413,35049,0
scale_a0.05,rand_delta,2,77,0.4413,35649,0
scale_a0.05,rand_delta,2,78,0.4381,36249,0
scale_a0.05,rand_delta,2,79,0.4603,36849,0
scale_a0.05,rand_delta,2,80,0.4571,37449,0
scale_a0.05,rand_delta,2,81,0.4603,37473,0
scale_a0.05,rand_delta,2,82,0.4349,38073,0
scale_a0.05,rand_delta,2,83,0.4444,38145,0
scale_a0.05,rand_delta,2,84,0.4317,38745,0
scale_a0.05,rand_delta,2,85,0.4317,38756,0
scale_a0.05,rand_delta,2,86,0.4286,39356,0
scale_a0.05,rand_delta,2,87,0.4286,39380,0
scale_a0.05,rand_delta,2,88,0.4286,39404,0
scale_a0.05,rand_delta,2,89,0.4381,39450,0
scale_a0.05,rand_delta,2,90,0.4317,40050,0
scale_a0.05,rand_delta,2,91,0.4349,40650,0
scale_a0.05,rand_delta,2,92,0.4381,41250,0
scale_a0.05,rand_delta,2,93,0.4349,41850,0
scale_a0.05,rand_delta,2,94,0.4603,41961,0
scale_a0.05,rand_delta,2,95,0.4762,42060,0
scale_a0.05,rand_delta,2,96,0.4603,42660,0
scale_a0.05,rand_delta,2,97,0.4381,43260,0
scale_a0.05,rand_delta,2,98,0.4190,43860,0
scale_a0.05,rand_delta,2,99,0.4254,44460,0
scale_a0.05,rand_delta,2,100,0.4317,45060,0
scale_a0.05,rand_delta,2,101,0.4317,45660,0
scale_a0.05,rand_delta,2,102,0.4317,46260,0
scale_a0.05,rand_delta,2,103,0.3968,46860,0
scale_a0.05,rand_delta,2,104,0.4127,46902,0
scale_a0.05,rand_delta,2,105,0.3905,47502,0
scale_a0.05,rand_delta,2,106,0.3556,48102,0
scale_a0.05,rand_delta,2,107,0.3683,48702,0
scale_a0.05,rand_delta,2,108,0.3619,49302,0
scale_a0.05,rand_delta,2,109,0.3524,49902,0
scale_a0.05,rand_delta,2,110,0.3524,50502,0
scale_a0.05,rand_delta,2,111,0.3524,51102,0
scale_a0.05,rand_delta,2,112,0.3524,51702,0
scale_a0.05,rand_delta,2,113,0.3492,52302,0
scale_a0.05,rand_delta,2,114,0.3524,52902,0
scale_a0.05,rand_delta,2,115,0.3524,53502,0
scale_a0.05,rand_delta,2,116,0.4286,54061,0
scale_a0.05,rand_delta,2,117,0.4127,54661,0
scale_a0.05,rand_delta,2,118,0.3937,55261,0
scale_a0.05,rand_delta,2,119,0.4444,55861,0
scale_a0.05,rand_delta,2,120,0.5048,56350,0
scale_a0.05,rand_delta,2,121,0.5048,56374,0
scale_a0.05,rand_delta,2,122,0.5048,56974,0
scale_a0.05,rand_delta,2,123,0.5048,57574,0
scale_a0.05,rand_delta,2,124,0.4794,58174,0
scale_a0.05,rand_delta,2,125,0.4794,58180,0
scale_a0.05,rand_delta,2,126,0.4952,58197,0
scale_a0.05,rand_delta,2,127,0.4635,58797,0
scale_a0.05,rand_delta,2,128,0.4667,59397,0
scale_a0.05,rand_delta,2,129,0.4762,59456,0
scale_a0.05,rand_delta,2,130,0.4921,60056,0
scale_a0.05,rand_delta,2,131,0.4921,60656,0
scale_a0.05,rand_delta,2,132,0.4952,60665,0
scale_a0.05,rand_delta,2,133,0.4984,60740,0
scale_a0.05,rand_delta,2,134,0.5048,61340,0
scale_a0.05,rand_delta,2,135,0.5048,61353,0
scale_a0.05,rand_delta,2,136,0.4921,61953,0
scale_a0.05,rand_delta,2,137,0.4825,62553,0
scale_a0.05,rand_delta,2,138,0.4540,63153,0
scale_a0.05,rand_delta,2,139,0.4603,63426,0
scale_a0.05,rand_delta,2,140,0.4667,63449,0
scale_a0.05,rand_delta,2,141,0.4667,63474,0
scale_a0.05,rand_delta,2,142,0.4317,64074,0
scale_a0.05,rand_delta,2,143,0.4603,64165,0
scale_a0.05,rand_delta,2,144,0.4667,64765,0
scale_a0.05,rand_delta,2,145,0.5175,65145,0
scale_a0.05,rand_delta,2,146,0.5175,65745,0
scale_a0.05,rand_delta,2,147,0.4635,66345,0
scale_a0.05,rand_delta,2,148,0.4698,66359,0
scale_a0.05,rand_delta,2,149,0.4889,66959,0
scale_a0.05,rand_delta,2,150,0.5048,67559,0
scale_a0.05,rand_delta,2,151,0.5111,67585,0
scale_a0.05,rand_delta,2,152,0.4127,68185,0
scale_a0.05,rand_delta,2,153,0.4222,68785,0
scale_a0.05,rand_delta,2,154,0.4349,69385,0
scale_a0.05,rand_delta,2,155,0.4889,69715,0
scale_a0.05,rand_delta,2,156,0.4921,69733,0
scale_a0.05,rand_delta,2,157,0.3968,70333,0
scale_a0.05,rand_delta,2,158,0.4317,70430,0
scale_a0.05,rand_delta,2,159,0.4635,70521,0
scale_a0.05,rand_delta,2,160,0.4857,71121,0
scale_a0.05,rand_delta,2,161,0.4984,71148,0
scale_a0.05,rand_delta,2,162,0.5143,71320,0
scale_a0.05,rand_delta,2,163,0.5143,71341,0
scale_a0.05,rand_delta,2,164,0.5270,71431,0
scale_a0.05,rand_delta,2,165,0.5365,71568,0
scale_a0.05,rand_delta,2,166,0.5333,72168,0
scale_a0.05,rand_delta,2,167,0.5333,72193,0
scale_a0.05,rand_delta,2,168,0.5206,72793,0
scale_a0.05,rand_delta,2,169,0.5333,72818,0
scale_a0.05,rand_delta,2,170,0.5333,73418,0
scale_a0.05,rand_delta,2,171,0.5238,74018,0
scale_a0.05,rand_delta,2,172,0.5333,74618,0
scale_a0.05,rand_delta,2,173,0.5397,75218,0
scale_a0.05,rand_delta,2,174,0.5397,75237,0
scale_a0.05,rand_delta,2,175,0.5397,75275,0
scale_a0.05,rand_delta,2,176,0.5429,75292,0
scale_a0.05,rand_delta,2,177,0.5397,75892,0
scale_a0.05,rand_delta,2,178,0.5397,76492,0
scale_a0.05,rand_delta,2,179,0.5206,77092,0
scale_a0.05,rand_delta,2,180,0.5175,77692,0
scale_a0.05,rand_delta,2,181,0.5175,77710,0
scale_a0.05,rand_delta,2,182,0.5270,77737,0
scale_a0.05,rand_delta,2,183,0.5333,78337,0
scale_a0.05,rand_delta,2,184,0.5429,78368,0
scale_a0.05,rand_delta,2,185,0.5429,78388,0
scale_a0.05,rand_delta,2,186,0.5460,78988,0
scale_a0.05,rand_delta,2,187,0.5048,79588,0
scale_a0.05,rand_delta,2,188,0.4952,80188,0
scale_a0.05,rand_delta,2,189,0.5079,80788,0
scale_a0.05,rand_delta,2,190,0.5111,81388,0
scale_a0.05,rand_delta,2,191,0.5270,81988,0
scale_a0.05,rand_delta,2,192,0.5302,82007,0
scale_a0.05,rand_delta,2,193,0.5460,82256,0
scale_a0.05,rand_delta,2,194,0.5016,82856,0
scale_a0.05,rand_delta,2,195,0.5079,83456,0
scale_a0.05,rand_delta,2,196,0.5143,83497,0
scale_a0.05,rand_delta,2,197,0.5556,84097,0
scale_a0.05,rand_delta,2,198,0.5524,84697,0
scale_a0.05,rand_delta,2,199,0.5587,85297,0
scale_a0.05,rand_delta,2,200,0.5524,85897,0
scale_a0.05,rand_delta,2,201,0.5524,85924,0
scale_a0.05,rand_delta,2,202,0.5492,86524,0
scale_a0.05,rand_delta,2,203,0.5524,86547,0
scale_a0.05,rand_delta,2,204,0.5556,86608,0
scale_a0.05,rand_delta,2,205,0.5556,86634,0
scale_a0.05,rand_delta,2,206,0.5587,86644,0
scale_a0.05,rand_delta,2,207,0.5587,87244,0
scale_a0.05,rand_delta,2,208,0.5587,87262,0
scale_a0.05,rand_delta,2,209,0.5651,87862,0
scale_a0.05,rand_delta,2,210,0.5683,87882,0
scale_a0.05,rand_delta,2,211,0.5651,88482,0
scale_a0.05,rand_delta,2,212,0.5651,88491,0
scale_a0.05,rand_delta,2,213,0.5302,89091,0
scale_a0.05,rand_delta,2,214,0.5365,89110,0
scale_a0.05,rand_delta,2,215,0.5333,89710,0
scale_a0.05,rand_delta,2,216,0.5365,89728,0
scale_a0.05,rand_delta,2,217,0.5460,89758,0
scale_a0.05,rand_delta,2,218,0.5524,90358,0
scale_a0.05,rand_delta,2,219,0.5524,90958,0
scale_a0.05,rand_delta,2,220,0.5524,90963,0
scale_a0.05,rand_delta,2,221,0.5524,90985,0
scale_a0.05,rand_delta,2,222,0.5651,91585,0
scale_a0.05,rand_delta,2,223,0.5714,92185,0
scale_a0.05,rand_delta,2,224,0.5746,92226,0
scale_a0.05,rand_delta,2,225,0.5714,92826,0
scale_a0.05,rand_delta,2,226,0.5302,93426,0
scale_a0.05,rand_delta,2,227,0.5429,94026,0
scale_a0.05,rand_delta,2,228,0.5492,94067,0
scale_a0.05,rand_delta,2,229,0.5492,94075,0
scale_a0.05,rand_delta,2,230,0.5587,94104,0
scale_a0.05,rand_delta,2,231,0.5587,94704,0
scale_a0.05,rand_delta,2,232,0.5587,95304,0
scale_a0.05,rand_delta,2,233,0.5587,95307,0
scale_a0.05,rand_delta,2,234,0.5587,95327,0
scale_a0.05,rand_delta,2,235,0.5587,95927,0
scale_a0.05,rand_delta,2,236,0.5302,96527,0
scale_a0.05,rand_delta,2,237,0.5429,97127,0
scale_a0.05,rand_delta,2,238,0.5841,97535,0
scale_a0.05,rand_delta,2,239,0.5841,97583,0
scale_a0.05,rand_delta,2,240,0.5905,97606,0
scale_a0.05,rand_delta,2,241,0.5841,97637,0
scale_a0.05,rand_delta,2,242,0.5841,98237,0
scale_a0.05,rand_delta,2,243,0.5968,98296,0
scale_a0.05,rand_delta,2,244,0.5968,98896,0
scale_a0.05,rand_delta,2,245,0.5905,99496,0
scale_a0.05,rand_delta,2,246,0.5905,99501,0
scale_a0.05,rand_delta,2,247,0.5968,100101,0
scale_a0.05,rand_delta,2,248,0.5968,100701,0
scale_a0.05,rand_delta,2,249,0.5968,101301,0
scale_a0.05,rand_delta,2,250,0.5968,101337,0
scale_a0.05,rand_delta,2,251,0.5968,101361,0
scale_a0.05,rand_delta,2,252,0.5968,101961,0
scale_a0.05,rand_delta,2,253,0.6000,102112,0
scale_a0.05,rand_delta,2,254,0.6032,102712,0
scale_a0.05,rand_delta,2,255,0.5968,102732,0
scale_a0.05,rand_delta,2,256,0.5937,103332,0
scale_a0.05,rand_delta,2,257,0.5937,103932,0
scale_a0.05,rand_delta,2,258,0.5905,104532,0
scale_a0.05,rand_delta,2,259,0.5937,105132,0
scale_a0.05,rand_delta,2,260,0.5524,105732,0
scale_a0.05,rand_delta,2,261,0.5556,106332,0
scale_a0.05,rand_delta,2,262,0.5619,106348,0
scale_a0.05,rand_delta,2,263,0.5651,106367,0
scale_a0.05,rand_delta,2,264,0.5651,106375,0
scale_a0.05,rand_delta,2,265,0.5619,106975,0
scale_a0.05,rand_delta,2,266,0.5683,107575,0
scale_a0.05,rand_delta,2,267,0.5683,107605,0
scale_a0.05,rand_delta,2,268,0.5683,108205,0
scale_a0.05,rand_delta,2,269,0.5683,108224,0
scale_a0.05,rand_delta,2,270,0.5714,108261,0
scale_a0.05,rand_delta,2,271,0.5778,108289,0
scale_a0.05,rand_delta,2,272,0.5746,108365,0
scale_a0.05,rand_delta,2,273,0.5746,108965,0
scale_a0.05,rand_delta,2,274,0.5810,109565,0
scale_a0.05,rand_delta,2,275,0.5810,110165,0
scale_a0.05,rand_delta,2,276,0.5810,110201,0
scale_a0.05,rand_delta,2,277,0.5778,110801,0
scale_a0.05,rand_delta,2,278,0.5810,110839,0
scale_a0.05,rand_delta,2,279,0.5810,110866,0
scale_a0.05,rand_delta,2,280,0.5873,111466,0
scale_a0.05,rand_delta,2,281,0.5810,111738,0
scale_a0.05,rand_delta,2,282,0.5841,111771,0
scale_a0.05,rand_delta,2,283,0.5841,112371,0
scale_a0.05,rand_delta,2,284,0.6000,112971,0
scale_a0.05,rand_delta,2,285,0.5968,112977,0
scale_a0.05,rand_delta,2,286,0.5937,113375,0
scale_a0.05,rand_delta,2,287,0.5937,113390,0
scale_a0.05,rand_delta,2,288,0.6095,113483,0
scale_a0.05,rand_delta,2,289,0.6063,114083,0
scale_a0.05,rand_delta,2,290,0.6127,114125,0
scale_a0.05,rand_delta,2,291,0.6095,114138,0
scale_a0.05,rand_delta,2,292,0.6095,114738,0
scale_a0.05,rand_delta,2,293,0.6063,115338,0
scale_a0.05,rand_delta,2,294,0.5968,115938,0
scale_a0.05,rand_delta,2,295,0.6000,115970,0
scale_a0.05,rand_delta,2,296,0.5746,116570,0
scale_a0.05,rand_delta,2,297,0.5810,116585,0
scale_a0.05,rand_delta,2,298,0.5810,116587,0
scale_a0.05,rand_delta,2,299,0.5905,117187,0
scale_a0.05,rand_delta,2,300,0.5810,117787,0
scale_a0.05,rand_delta,2,301,0.5365,118387,0
scale_a0.05,rand_delta,2,302,0.5270,118987,0
scale_a0.05,rand_delta,2,303,0.5333,119587,0
scale_a0.05,rand_delta,2,304,0.5365,120187,0
scale_a0.05,rand_delta,2,305,0.5429,120787,0
scale_a0.05,rand_delta,2,306,0.5492,120811,0
scale_a0.05,rand_delta,2,307,0.5556,120828,0
scale_a0.05,rand_delta,2,308,0.5683,121428,0
scale_a0.05,rand_delta,2,309,0.5746,121472,0
scale_a0.05,rand_delta,2,310,0.5714,122072,0
scale_a0.05,rand_delta,2,311,0.5810,122672,0
scale_a0.05,rand_delta,2,312,0.5810,123272,0
scale_a0.05,rand_delta,2,313,0.6000,123872,0
scale_a0.05,rand_delta,2,314,0.5968,124472,0
scale_a0.05,rand_delta,2,315,0.5968,124489,0
scale_a0.05,rand_delta,2,316,0.5968,124498,0
scale_a0.05,rand_delta,2,317,0.5937,124514,0
scale_a0.05,rand_delta,2,318,0.6063,125114,0
scale_a0.05,rand_delta,2,319,0.6032,125714,0
scale_a0.05,rand_delta,2,320,0.6000,125758,0
scale_a0.05,rand_delta,2,321,0.6032,126358,0
scale_a0.05,rand_delta,2,322,0.6095,126403,0
scale_a0.05,rand_delta,2,323,0.6159,127003,0
scale_a0.05,rand_delta,2,324,0.6159,127603,0
scale_a0.05,rand_delta,2,325,0.6222,128203,0
scale_a0.05,rand_delta,2,326,0.6254,128263,0
scale_a0.05,rand_delta,2,327,0.6095,128863,0
scale_a0.05,rand_delta,2,328,0.6190,129463,0
scale_a0.05,rand_delta,2,329,0.6159,130063,0
scale_a0.05,rand_delta,2,330,0.6317,130210,0
scale_a0.05,rand_delta,2,331,0.6286,130810,0
scale_a0.05,rand_delta,2,332,0.6222,131410,0
scale_a0.05,rand_delta,2,333,0.6254,131417,0
scale_a0.05,rand_delta,2,334,0.6159,132017,0
scale_a0.05,rand_delta,2,335,0.5619,132617,0
scale_a0.05,rand_delta,2,336,0.5746,132659,0
scale_a0.05,rand_delta,2,337,0.5841,132689,0
scale_a0.05,rand_delta,2,338,0.5873,132706,0
scale_a0.05,rand_delta,2,339,0.5905,132723,0
scale_a0.05,rand_delta,2,340,0.5302,133323,0
scale_a0.05,rand_delta,2,341,0.5302,133333,0
scale_a0.05,rand_delta,2,342,0.5365,133355,0
scale_a0.05,rand_delta,2,343,0.5587,133421,0
scale_a0.05,rand_delta,2,344,0.5587,133428,0
scale_a0.05,rand_delta,2,345,0.6032,133672,0
scale_a0.05,rand_delta,2,346,0.6127,133796,0
scale_a0.05,rand_delta,2,347,0.6127,133831,0
scale_a0.05,rand_delta,2,348,0.6222,134431,0
scale_a0.05,rand_delta,2,349,0.6159,135031,0
scale_a0.05,rand_delta,2,350,0.6127,135045,0
scale_a0.05,rand_delta,2,351,0.6190,135205,0
scale_a0.05,rand_delta,2,352,0.6127,135805,0
scale_a0.05,rand_delta,2,353,0.6095,136405,0
scale_a0.05,rand_delta,2,354,0.6063,136827,0
scale_a0.05,rand_delta,2,355,0.6095,136856,0
scale_a0.05,rand_delta,2,356,0.6063,136867,0
scale_a0.05,rand_delta,2,357,0.6159,137242,0
scale_a0.05,rand_delta,2,358,0.6095,137252,0
scale_a0.05,rand_delta,2,359,0.6127,137283,0
scale_a0.05,rand_delta,2,360,0.6063,137307,0
scale_a0.05,rand_delta,2,361,0.6159,137907,0
scale_a0.05,rand_delta,2,362,0.6127,138507,0
scale_a0.05,rand_delta,2,363,0.6190,138528,0
scale_a0.05,rand_delta,2,364,0.6127,139128,0
scale_a0.05,rand_delta,2,365,0.6127,139194,0
scale_a0.05,rand_delta,2,366,0.6095,139794,0
scale_a0.05,rand_delta,2,367,0.6095,140394,0
scale_a0.05,rand_delta,2,368,0.6127,140431,0
scale_a0.05,rand_delta,2,369,0.6063,141031,0
scale_a0.05,rand_delta,2,370,0.6095,141052,0
scale_a0.05,rand_delta,2,371,0.6127,141072,0
scale_a0.05,rand_delta,2,372,0.6127,141672,0
scale_a0.05,rand_delta,2,373,0.5873,142272,0
scale_a0.05,rand_delta,2,374,0.5968,142322,0
scale_a0.05,rand_delta,2,375,0.6032,142339,0
scale_a0.05,rand_delta,2,376,0.6095,142346,0
scale_a0.05,rand_delta,2,377,0.5302,142946,0
scale_a0.05,rand_delta,2,378,0.5333,142963,0
scale_a0.05,rand_delta,2,379,0.5460,143563,0
scale_a0.05,rand_delta,2,380,0.5460,144163,0
scale_a0.05,rand_delta,2,381,0.5460,144763,0
scale_a0.05,rand_delta,2,382,0.5492,144770,0
scale_a0.05,rand_delta,2,383,0.5492,144776,0
scale_a0.05,rand_delta,2,384,0.5492,144801,0
scale_a0.05,rand_delta,2,385,0.5778,144961,0
scale_a0.05,rand_delta,2,386,0.5714,145561,0
scale_a0.05,rand_delta,2,387,0.5778,145588,0
scale_a0.05,rand_delta,2,388,0.5778,146188,0
scale_a0.05,rand_delta,2,389,0.5873,146239,0
scale_a0.05,rand_delta,2,390,0.5937,146526,0
scale_a0.05,rand_delta,2,391,0.5841,146542,0
scale_a0.05,rand_delta,2,392,0.5778,146569,0
scale_a0.05,rand_delta,2,393,0.5841,147169,0
scale_a0.05,rand_delta,2,394,0.5841,147769,0
scale_a0.05,rand_delta,2,395,0.5905,147844,0
scale_a0.05,rand_delta,2,396,0.5873,147889,0
scale_a0.05,rand_delta,2,397,0.5905,148489,0
scale_a0.05,rand_delta,2,398,0.5778,148509,0
scale_a0.05,rand_delta,2,399,0.5746,149109,0
scale_a0.05,rand_delta,2,400,0.5746,149709,0
scale_a0.05,rand_delta,2,401,0.5810,150309,0
scale_a0.05,rand_delta,2,402,0.5873,150909,0
scale_a0.05,rand_delta,2,403,0.5841,150992,0
scale_a0.05,rand_delta,2,404,0.5873,151048,0
scale_a0.05,rand_delta,2,405,0.6000,151106,0
scale_a0.05,rand_delta,2,406,0.6000,151143,0
scale_a0.05,rand_delta,2,407,0.6063,151166,0
scale_a0.05,rand_delta,2,408,0.6032,151204,0
scale_a0.05,rand_delta,2,409,0.5460,151804,0
scale_a0.05,rand_delta,2,410,0.5460,152404,0
scale_a0.05,rand_delta,2,411,0.5619,152437,0
scale_a0.05,rand_delta,2,412,0.5651,152468,0
scale_a0.05,rand_delta,2,413,0.5651,153068,0
scale_a0.05,rand_delta,2,414,0.6032,153551,0
scale_a0.05,rand_delta,2,415,0.6032,153572,0
scale_a0.05,rand_delta,2,416,0.6063,153595,0
scale_a0.05,rand_delta,2,417,0.6127,153610,0
scale_a0.05,rand_delta,2,418,0.5841,154210,0
scale_a0.05,rand_delta,2,419,0.5651,154810,0
scale_a0.05,rand_delta,2,420,0.6063,155100,0
scale_a0.05,rand_delta,2,421,0.6063,155126,0
scale_a0.05,rand_delta,2,422,0.6000,155149,0
scale_a0.05,rand_delta,2,423,0.5968,155175,0
scale_a0.05,rand_delta,2,424,0.5937,155227,0
scale_a0.05,rand_delta,2,425,0.5968,155243,0
scale_a0.05,rand_delta,2,426,0.5937,155843,0
scale_a0.05,rand_delta,2,427,0.5905,156443,0
scale_a0.05,rand_delta,2,428,0.5651,157043,0
scale_a0.05,rand_delta,2,429,0.5587,157053,0
scale_a0.05,rand_delta,2,430,0.5778,157097,0
scale_a0.05,rand_delta,2,431,0.5746,157134,0
scale_a0.05,rand_delta,2,432,0.5810,157734,0
scale_a0.05,rand_delta,2,433,0.5810,158334,0
scale_a0.05,rand_delta,2,434,0.5937,158934,0
scale_a0.05,rand_delta,2,435,0.5968,159534,0
scale_a0.05,rand_delta,2,436,0.5905,159558,0
scale_a0.05,rand_delta,2,437,0.5937,159595,0
scale_a0.05,rand_delta,2,438,0.5937,160195,0
scale_a0.05,rand_delta,2,439,0.5968,160229,0
scale_a0.05,rand_delta,2,440,0.5968,160258,0
scale_a0.05,rand_delta,2,441,0.5937,160281,0
scale_a0.05,rand_delta,2,442,0.6000,160335,0
scale_a0.05,rand_delta,2,443,0.5905,160377,0
scale_a0.05,rand_delta,2,444,0.5873,160977,0
scale_a0.05,rand_delta,2,445,0.5778,161577,0
scale_a0.05,rand_delta,2,446,0.5841,161644,0
scale_a0.05,rand_delta,2,447,0.5651,162244,0
scale_a0.05,rand_delta,2,448,0.5746,162329,0
scale_a0.05,rand_delta,2,449,0.5778,162929,0
scale_a0.05,rand_delta,2,450,0.5905,163511,0
scale_a0.05,rand_delta,2,451,0.5143,164111,0
scale_a0.05,rand_delta,2,452,0.5714,164557,0
scale_a0.05,rand_delta,2,453,0.5143,165157,0
scale_a0.05,rand_delta,2,454,0.5333,165757,0
scale_a0.05,rand_delta,2,455,0.5587,165794,0
scale_a0.05,rand_delta,2,456,0.5556,165811,0
scale_a0.05,rand_delta,2,457,0.5651,166411,0
scale_a0.05,rand_delta,2,458,0.5651,167011,0
scale_a0.05,rand_delta,2,459,0.5873,167611,0
scale_a0.05,rand_delta,2,460,0.5905,167648,0
scale_a0.05,rand_delta,2,461,0.5968,167667,0
scale_a0.05,rand_delta,2,462,0.6032,167708,0
scale_a0.05,rand_delta,2,463,0.5238,168308,0
scale_a0.05,rand_delta,2,464,0.5111,168908,0
scale_a0.05,rand_delta,2,465,0.5206,168935,0
scale_a0.05,rand_delta,2,466,0.5270,168970,0
scale_a0.05,rand_delta,2,467,0.5587,169020,0
scale_a0.05,rand_delta,2,468,0.5587,169620,0
scale_a0.05,rand_delta,2,469,0.5683,170220,0
scale_a0.05,rand_delta,2,470,0.5746,170239,0
scale_a0.05,rand_delta,2,471,0.5905,170839,0
scale_a0.05,rand_delta,2,472,0.5905,170854,0
scale_a0.05,rand_delta,2,473,0.6000,170887,0
scale_a0.05,rand_delta,2,474,0.6063,170907,0
scale_a0.05,rand_delta,2,475,0.6063,170964,0
scale_a0.05,rand_delta,2,476,0.6222,171564,0
scale_a0.05,rand_delta,2,477,0.6095,171745,0
scale_a0.05,rand_delta,2,478,0.5968,172345,0
scale_a0.05,rand_delta,2,479,0.6000,172406,0
scale_a0.05,rand_delta,2,480,0.6000,172457,0
scale_a0.05,rand_delta,2,481,0.5937,172477,0
scale_a0.05,rand_delta,2,482,0.5968,172747,0
scale_a0.05,rand_delta,2,483,0.5968,172799,0
scale_a0.05,rand_delta,2,484,0.6190,173399,0
scale_a0.05,rand_delta,2,485,0.6127,173409,0
scale_a0.05,rand_delta,2,486,0.6063,173438,0
scale_a0.05,rand_delta,2,487,0.6127,174038,0
scale_a0.05,rand_delta,2,488,0.6127,174638,0
scale_a0.05,rand_delta,2,489,0.5968,174658,0
scale_a0.05,rand_delta,2,490,0.5968,174699,0
scale_a0.05,rand_delta,2,491,0.5968,174710,0
scale_a0.05,rand_delta,2,492,0.5905,174775,0
scale_a0.05,rand_delta,2,493,0.5905,174830,0
scale_a0.05,rand_delta,2,494,0.5905,175430,0
scale_a0.05,rand_delta,2,495,0.6095,176030,0
scale_a0.05,rand_delta,2,496,0.6063,176044,0
scale_a0.05,rand_delta,2,497,0.5937,176073,0
scale_a0.05,rand_delta,2,498,0.5937,176673,0
scale_a0.05,rand_delta,2,499,0.5905,176759,0
scale_a0.05,rand_delta,2,500,0.6127,177359,0
scale_a0.05,rand_delta,2,501,0.6095,177383,0
scale_a0.05,rand_delta,2,502,0.6000,177476,0
scale_a0.05,rand_delta,2,503,0.5810,178076,0
scale_a0.05,rand_delta,2,504,0.6032,178230,0
scale_a0.05,rand_delta,2,505,0.6000,178830,0
scale_a0.05,rand_delta,2,506,0.5905,178887,0
scale_a0.05,rand_delta,2,507,0.6095,179487,0
scale_a0.05,rand_delta,2,508,0.5937,179540,0
scale_a0.05,rand_delta,2,509,0.5968,179605,0
scale_a0.05,rand_delta,2,510,0.6063,179682,0
scale_a0.05,rand_delta,2,511,0.6000,180282,0
scale_a0.05,rand_delta,2,512,0.5810,180882,0
scale_a0.05,rand_delta,2,513,0.5873,181482,0
scale_a0.05,rand_delta,2,514,0.5968,182082,0
scale_a0.05,rand_delta,2,515,0.5968,182682,0
scale_a0.05,rand_delta,2,516,0.5905,182761,0
scale_a0.05,rand_delta,2,517,0.6000,183361,0
scale_a0.05,rand_delta,2,518,0.6063,183431,0
scale_a0.05,rand_delta,2,519,0.5937,183469,0
scale_a0.05,rand_delta,2,520,0.6000,183539,0
scale_a0.05,rand_delta,2,521,0.5937,184139,0
scale_a0.05,rand_delta,2,522,0.5968,184739,0
scale_a0.05,rand_delta,2,523,0.6000,184811,0
scale_a0.05,rand_delta,2,524,0.6000,184868,0
scale_a0.05,rand_delta,2,525,0.5968,185062,0
scale_a0.05,rand_delta,2,526,0.5968,185075,0
scale_a0.05,rand_delta,2,527,0.5841,185675,0
scale_a0.05,rand_delta,2,528,0.5937,185721,0
scale_a0.05,rand_delta,2,529,0.6222,186321,0
scale_a0.05,rand_delta,2,530,0.6032,186921,0
scale_a0.05,rand_delta,2,531,0.5968,187521,0
scale_a0.05,rand_delta,2,532,0.6127,187567,0
scale_a0.05,rand_delta,2,533,0.6127,187604,0
scale_a0.05,rand_delta,2,534,0.6127,187613,0
scale_a0.05,rand_delta,2,535,0.6127,187651,0
scale_a0.05,rand_delta,2,536,0.6127,187692,0
scale_a0.05,rand_delta,2,537,0.6159,188292,0
scale_a0.05,rand_delta,2,538,0.6159,188321,0
scale_a0.05,rand_delta,2,539,0.6127,188384,0
scale_a0.05,rand_delta,2,540,0.5714,188984,0
scale_a0.05,rand_delta,2,541,0.5714,188989,0
scale_a0.05,rand_delta,2,542,0.5905,189023,0
scale_a0.05,rand_delta,2,543,0.5873,189047,0
scale_a0.05,rand_delta,2,544,0.6063,189089,0
scale_a0.05,rand_delta,2,545,0.6032,189123,0
scale_a0.05,rand_delta,2,546,0.6032,189164,0
scale_a0.05,rand_delta,2,547,0.6063,189764,0
scale_a0.05,rand_delta,2,548,0.5873,190364,0
scale_a0.05,rand_delta,2,549,0.6000,190474,0
scale_a0.05,rand_delta,2,550,0.5841,191074,0
scale_a0.05,rand_delta,2,551,0.5810,191131,0
scale_a0.05,rand_delta,2,552,0.6000,191345,0
scale_a0.05,rand_delta,2,553,0.5968,191945,0
scale_a0.05,rand_delta,2,554,0.6063,192545,0
scale_a0.05,rand_delta,2,555,0.5937,193145,0
scale_a0.05,rand_delta,2,556,0.5968,193236,0
scale_a0.05,rand_delta,2,557,0.6000,193275,0
scale_a0.05,rand_delta,2,558,0.5841,193875,0
scale_a0.05,rand_delta,2,559,0.5810,194475,0
scale_a0.05,rand_delta,2,560,0.6000,194562,0
scale_a0.05,rand_delta,2,561,0.6063,195162,0
scale_a0.05,rand_delta,2,562,0.6063,195762,0
scale_a0.05,rand_delta,2,563,0.6127,196008,0
scale_a0.05,rand_delta,2,564,0.6222,196046,0
scale_a0.05,rand_delta,2,565,0.6095,196110,0
scale_a0.05,rand_delta,2,566,0.6032,196187,0
scale_a0.05,rand_delta,2,567,0.6063,196787,0
scale_a0.05,rand_delta,2,568,0.5968,196831,0
scale_a0.05,rand_delta,2,569,0.6000,197431,0
scale_a0.05,rand_delta,2,570,0.5873,198031,0
scale_a0.05,rand_delta,2,571,0.5143,198631,0
scale_a0.05,rand_delta,2,572,0.5175,199231,0
scale_a0.05,rand_delta,2,573,0.5143,199831,0
scale_a0.05,rand_delta,2,574,0.5556,199953,0
scale_a0.05,rand_delta,2,575,0.5587,200553,0
scale_a0.05,rand_delta,2,576,0.5556,201153,0
scale_a0.05,rand_delta,2,577,0.5810,201229,0
scale_a0.05,rand_delta,2,578,0.5651,201829,0
scale_a0.05,rand_delta,2,579,0.5746,202429,0
scale_a0.05,rand_delta,2,580,0.5746,203029,0
scale_a0.05,rand_delta,2,581,0.5683,203030,0
scale_a0.05,rand_delta,2,582,0.5778,203057,0
scale_a0.05,rand_delta,2,583,0.5683,203657,0
scale_a0.05,rand_delta,2,584,0.5714,203691,0
scale_a0.05,rand_delta,2,585,0.5778,203737,0
scale_a0.05,rand_delta,2,586,0.5524,204337,0
scale_a0.05,rand_delta,2,587,0.5619,204408,0
scale_a0.05,rand_delta,2,588,0.5714,205008,0
scale_a0.05,rand_delta,2,589,0.5810,205608,0
scale_a0.05,rand_delta,2,590,0.5778,206208,0
scale_a0.05,rand_delta,2,591,0.5778,206808,0
scale_a0.05,rand_delta,2,592,0.5270,207408,0
scale_a0.05,rand_delta,2,593,0.5397,208008,0
scale_a0.05,rand_delta,2,594,0.5556,208044,0
scale_a0.05,rand_delta,2,595,0.5429,208644,0
scale_a0.05,rand_delta,2,596,0.5397,209244,0
scale_a0.05,rand_delta,2,597,0.5778,209377,0
scale_a0.05,rand_delta,2,598,0.5714,209430,0
scale_a0.05,rand_delta,2,599,0.5556,210030,0
