maze,agent,seed,episode,policy_acc,cum_trained,cum_skipped
large_rs3,khot_rank,0,0,0.4821,31,319
large_rs3,khot_rank,0,1,0.5089,56,644
large_rs3,khot_rank,0,2,0.5893,78,853
large_rs3,khot_rank,0,3,0.5804,83,914
large_rs3,khot_rank,0,4,0.5446,93,1011
large_rs3,khot_rank,0,5,0.5446,102,1120
large_rs3,khot_rank,0,6,0.5625,116,1170
large_rs3,khot_rank,0,7,0.5804,120,1211
large_rs3,khot_rank,0,8,0.5804,120,1256
large_rs3,khot_rank,0,9,0.5804,120,1273
large_rs3,khot_rank,0,10,0.5714,148,1529
large_rs3,khot_rank,0,11,0.5804,154,1550
large_rs3,khot_rank,0,12,0.6250,171,1602
large_rs3,khot_rank,0,13,0.6429,173,1614
large_rs3,khot_rank,0,14,0.6429,173,1651
large_rs3,khot_rank,0,15,0.6696,178,1734
large_rs3,khot_rank,0,16,0.6518,182,1750
large_rs3,khot_rank,0,17,0.6518,182,1782
large_rs3,khot_rank,0,18,0.6786,190,1819
large_rs3,khot_rank,0,19,0.6786,190,1820
large_rs3,khot_rank,0,20,0.6518,210,1967
large_rs3,khot_rank,0,21,0.6518,210,1970
large_rs3,khot_rank,0,22,0.6518,210,1979
large_rs3,khot_rank,0,23,0.7500,248,2172
large_rs3,khot_rank,0,24,0.7589,249,2178
large_rs3,khot_rank,0,25,0.7321,257,2195
large_rs3,khot_rank,0,26,0.7143,259,2205
large_rs3,khot_rank,0,27,0.7143,259,2207
large_rs3,khot_rank,0,28,0.7321,266,2230
large_rs3,khot_rank,0,29,0.7054,289,2332
large_rs3,khot_rank,0,30,0.7143,290,2353
large_rs3,khot_rank,0,31,0.7143,290,2366
large_rs3,khot_rank,0,32,0.7321,292,2381
large_rs3,khot_rank,0,33,0.7589,296,2409
large_rs3,khot_rank,0,34,0.7679,298,2433
large_rs3,khot_rank,0,35,0.7679,298,2450
large_rs3,khot_rank,0,36,0.7679,298,2455
large_rs3,khot_rank,0,37,0.7679,299,2460
large_rs3,khot_rank,0,38,0.7768,304,2487
large_rs3,khot_rank,0,39,0.7857,308,2517
large_rs3,khot_rank,0,40,0.7768,309,2526
large_rs3,khot_rank,0,41,0.7768,309,2529
large_rs3,khot_rank,0,42,0.7768,309,2532
large_rs3,khot_rank,0,43,0.7768,313,2554
large_rs3,khot_rank,0,44,0.7768,313,2559
large_rs3,khot_rank,0,45,0.7768,313,2564
large_rs3,khot_rank,0,46,0.7768,313,2570
large_rs3,khot_rank,0,47,0.7768,313,2583
large_rs3,khot_rank,0,48,0.7768,313,2594
large_rs3,khot_rank,0,49,0.8125,323,2665
large_rs3,khot_rank,0,50,0.8125,323,2670
large_rs3,khot_rank,0,51,0.8125,323,2688
large_rs3,khot_rank,0,52,0.8125,323,2690
large_rs3,khot_rank,0,53,0.8036,325,2713
large_rs3,khot_rank,0,54,0.8125,326,2735
large_rs3,khot_rank,0,55,0.8214,327,2769
large_rs3,khot_rank,0,56,0.8393,333,2804
large_rs3,khot_rank,0,57,0.8214,335,2810
large_rs3,khot_rank,0,58,0.8036,342,2840
large_rs3,khot_rank,0,59,0.8036,342,2845
large_rs3,khot_rank,0,60,0.8036,345,2866
large_rs3,khot_rank,0,61,0.8036,347,2890
large_rs3,khot_rank,0,62,0.8125,350,2915
large_rs3,khot_rank,0,63,0.8125,350,2929
large_rs3,khot_rank,0,64,0.8125,351,2956
large_rs3,khot_rank,0,65,0.8125,351,2959
large_rs3,khot_rank,0,66,0.8125,354,2985
large_rs3,khot_rank,0,67,0.8125,357,3011
large_rs3,khot_rank,0,68,0.8214,362,3029
large_rs3,khot_rank,0,69,0.8214,363,3046
large_rs3,khot_rank,0,70,0.8125,370,3072
large_rs3,khot_rank,0,71,0.8036,372,3093
large_rs3,khot_rank,0,72,0.8125,373,3104
large_rs3,khot_rank,0,73,0.8125,373,3124
large_rs3,khot_rank,0,74,0.7857,375,3146
large_rs3,khot_rank,0,75,0.7946,376,3149
large_rs3,khot_rank,0,76,0.8214,382,3180
large_rs3,khot_rank,0,77,0.8125,389,3212
large_rs3,khot_rank,0,78,0.8304,441,3290
large_rs3,khot_rank,0,79,0.8304,441,3303
large_rs3,khot_rank,0,80,0.7143,475,3380
large_rs3,khot_rank,0,81,0.7143,475,3387
large_rs3,khot_rank,0,82,0.7679,487,3414
large_rs3,khot_rank,0,83,0.7679,519,3442
large_rs3,khot_rank,0,84,0.7768,521,3468
large_rs3,khot_rank,0,85,0.7679,531,3489
large_rs3,khot_rank,0,86,0.7589,542,3526
large_rs3,khot_rank,0,87,0.7768,792,3546
large_rs3,khot_rank,0,88,0.7857,806,3620
large_rs3,khot_rank,0,89,0.8036,836,3660
large_rs3,khot_rank,0,90,0.8036,838,3686
large_rs3,khot_rank,0,91,0.8036,842,3695
large_rs3,khot_rank,0,92,0.8036,842,3696
large_rs3,khot_rank,0,93,0.7857,844,3726
large_rs3,khot_rank,0,94,0.8125,851,3746
large_rs3,khot_rank,0,95,0.8125,851,3751
large_rs3,khot_rank,0,96,0.8036,857,3778
large_rs3,khot_rank,0,97,0.8036,857,3789
large_rs3,khot_rank,0,98,0.7500,883,3828
large_rs3,khot_rank,0,99,0.7589,888,3852
large_rs3,khot_rank,0,100,0.7589,888,3858
large_rs3,khot_rank,0,101,0.7411,890,3883
large_rs3,khot_rank,0,102,0.7411,890,3885
large_rs3,khot_rank,0,103,0.7500,895,3908
large_rs3,khot_rank,0,104,0.7411,1069,4084
large_rs3,khot_rank,0,105,0.7411,1069,4086
large_rs3,khot_rank,0,106,0.7500,1078,4097
large_rs3,khot_rank,0,107,0.7411,1082,4123
large_rs3,khot_rank,0,108,0.7321,1087,4133
large_rs3,khot_rank,0,109,0.7321,1087,4152
large_rs3,khot_rank,0,110,0.7500,1095,4172
large_rs3,khot_rank,0,111,0.7679,1097,4199
large_rs3,khot_rank,0,112,0.7679,1097,4222
large_rs3,khot_rank,0,113,0.7589,1099,4240
large_rs3,khot_rank,0,114,0.7679,1275,4414
large_rs3,khot_rank,0,115,0.7679,1275,4437
large_rs3,khot_rank,0,116,0.7679,1621,4441
large_rs3,khot_rank,0,117,0.7321,1623,4454
large_rs3,khot_rank,0,118,0.7321,1623,4468
large_rs3,khot_rank,0,119,0.7500,1624,4483
large_rs3,khot_rank,0,120,0.7500,1624,4499
large_rs3,khot_rank,0,121,0.7411,1829,4575
large_rs3,khot_rank,0,122,0.7500,1830,4601
large_rs3,khot_rank,0,123,0.7500,1830,4607
large_rs3,khot_rank,0,124,0.7500,1830,4615
large_rs3,khot_rank,0,125,0.7589,1832,4639
large_rs3,khot_rank,0,126,0.7589,1833,4655
large_rs3,khot_rank,0,127,0.7946,1906,4754
large_rs3,khot_rank,0,128,0.7946,2080,4930
large_rs3,khot_rank,0,129,0.7857,2085,4949
large_rs3,khot_rank,0,130,0.7857,2085,4958
large_rs3,khot_rank,0,131,0.7857,2086,4961
large_rs3,khot_rank,0,132,0.7857,2086,4973
large_rs3,khot_rank,0,133,0.7857,2086,4997
large_rs3,khot_rank,0,134,0.7857,2086,5009
large_rs3,khot_rank,0,135,0.7857,2086,5021
large_rs3,khot_rank,0,136,0.7857,2086,5026
large_rs3,khot_rank,0,137,0.7857,2086,5038
large_rs3,khot_rank,0,138,0.7857,2086,5043
large_rs3,khot_rank,0,139,0.7857,2086,5058
large_rs3,khot_rank,0,140,0.7857,2086,5071
large_rs3,khot_rank,0,141,0.7857,2086,5087
large_rs3,khot_rank,0,142,0.8036,2366,5104
large_rs3,khot_rank,0,143,0.8036,2366,5120
large_rs3,khot_rank,0,144,0.8036,2366,5134
large_rs3,khot_rank,0,145,0.8036,2366,5150
large_rs3,khot_rank,0,146,0.8036,2367,5179
large_rs3,khot_rank,0,147,0.8036,2367,5195
large_rs3,khot_rank,0,148,0.8036,2367,5216
large_rs3,khot_rank,0,149,0.8036,2367,5233
large_rs3,khot_rank,0,150,0.7857,2546,5404
large_rs3,khot_rank,0,151,0.7857,2551,5431
large_rs3,khot_rank,0,152,0.7857,2551,5451
large_rs3,khot_rank,0,153,0.7857,2551,5475
large_rs3,khot_rank,0,154,0.7857,2551,5491
large_rs3,khot_rank,0,155,0.7857,2551,5513
large_rs3,khot_rank,0,156,0.7946,2621,5602
large_rs3,khot_rank,0,157,0.7946,2621,5627
large_rs3,khot_rank,0,158,0.8214,2628,5647
large_rs3,khot_rank,0,159,0.8304,2793,5827
large_rs3,khot_rank,0,160,0.8125,2796,5839
large_rs3,khot_rank,0,161,0.8125,2796,5844
large_rs3,khot_rank,0,162,0.8125,2796,5845
large_rs3,khot_rank,0,163,0.8304,2798,5871
large_rs3,khot_rank,0,164,0.8304,2798,5890
large_rs3,khot_rank,0,165,0.7946,2975,6063
large_rs3,khot_rank,0,166,0.7946,2975,6090
large_rs3,khot_rank,0,167,0.7946,2975,6109
large_rs3,khot_rank,0,168,0.7946,2975,6119
large_rs3,khot_rank,0,169,0.7946,2975,6124
large_rs3,khot_rank,0,170,0.8036,2977,6138
large_rs3,khot_rank,0,171,0.8036,2977,6165
large_rs3,khot_rank,0,172,0.7946,2983,6193
large_rs3,khot_rank,0,173,0.7946,2983,6215
large_rs3,khot_rank,0,174,0.7768,2987,6243
large_rs3,khot_rank,0,175,0.7768,2987,6257
large_rs3,khot_rank,0,176,0.7768,2987,6267
large_rs3,khot_rank,0,177,0.7768,2987,6284
large_rs3,khot_rank,0,178,0.7768,2987,6294
large_rs3,khot_rank,0,179,0.7768,2987,6309
large_rs3,khot_rank,0,180,0.8036,3336,6310
large_rs3,khot_rank,0,181,0.8036,3336,6316
large_rs3,khot_rank,0,182,0.8036,3336,6337
large_rs3,khot_rank,0,183,0.8036,3336,6341
large_rs3,khot_rank,0,184,0.8036,3336,6368
large_rs3,khot_rank,0,185,0.8036,3336,6397
large_rs3,khot_rank,0,186,0.8036,3336,6410
large_rs3,khot_rank,0,187,0.8036,3337,6437
large_rs3,khot_rank,0,188,0.7946,3385,6483
large_rs3,khot_rank,0,189,0.8036,3451,6571
large_rs3,khot_rank,0,190,0.8036,3453,6586
large_rs3,khot_rank,0,191,0.8036,3453,6598
large_rs3,khot_rank,0,192,0.7946,3793,6608
large_rs3,khot_rank,0,193,0.7946,3793,6629
large_rs3,khot_rank,0,194,0.7946,3816,6651
large_rs3,khot_rank,0,195,0.7946,3816,6663
large_rs3,khot_rank,0,196,0.7946,3817,6686
large_rs3,khot_rank,0,197,0.7946,3817,6696
large_rs3,khot_rank,0,198,0.7946,3817,6720
large_rs3,khot_rank,0,199,0.7946,3817,6733
large_rs3,khot_rank,0,200,0.7946,3817,6742
large_rs3,khot_rank,0,201,0.7946,3817,6759
large_rs3,khot_rank,0,202,0.7946,3817,6779
large_rs3,khot_rank,0,203,0.7946,4162,6784
large_rs3,khot_rank,0,204,0.7946,4180,6808
large_rs3,khot_rank,0,205,0.8036,4183,6832
large_rs3,khot_rank,0,206,0.8125,4185,6842
large_rs3,khot_rank,0,207,0.8214,4186,6867
large_rs3,khot_rank,0,208,0.8214,4186,6896
large_rs3,khot_rank,0,209,0.8214,4186,6900
large_rs3,khot_rank,0,210,0.8214,4359,7077
large_rs3,khot_rank,0,211,0.8304,4361,7101
large_rs3,khot_rank,0,212,0.8304,4361,7113
large_rs3,khot_rank,0,213,0.8304,4361,7126
large_rs3,khot_rank,0,214,0.8214,4363,7149
large_rs3,khot_rank,0,215,0.8125,4381,7168
large_rs3,khot_rank,0,216,0.8125,4381,7187
large_rs3,khot_rank,0,217,0.8125,4381,7194
large_rs3,khot_rank,0,218,0.8125,4381,7214
large_rs3,khot_rank,0,219,0.8125,4418,7233
large_rs3,khot_rank,0,220,0.8125,4592,7409
large_rs3,khot_rank,0,221,0.8125,4940,7411
large_rs3,khot_rank,0,222,0.7946,4942,7423
large_rs3,khot_rank,0,223,0.7946,4942,7438
large_rs3,khot_rank,0,224,0.7946,4942,7457
large_rs3,khot_rank,0,225,0.7946,4942,7480
large_rs3,khot_rank,0,226,0.7768,5210,7562
large_rs3,khot_rank,0,227,0.7768,5210,7571
large_rs3,khot_rank,0,228,0.8125,5546,7585
large_rs3,khot_rank,0,229,0.8125,5565,7618
large_rs3,khot_rank,0,230,0.8125,5565,7633
large_rs3,khot_rank,0,231,0.8125,5565,7644
large_rs3,khot_rank,0,232,0.8125,5565,7651
large_rs3,khot_rank,0,233,0.8125,5565,7679
large_rs3,khot_rank,0,234,0.8125,5565,7703
large_rs3,khot_rank,0,235,0.8125,5565,7710
large_rs3,khot_rank,0,236,0.8125,5565,7733
large_rs3,khot_rank,0,237,0.8125,5565,7744
large_rs3,khot_rank,0,238,0.8125,5565,7767
large_rs3,khot_rank,0,239,0.8125,5565,7779
large_rs3,khot_rank,0,240,0.8036,5566,7801
large_rs3,khot_rank,0,241,0.8036,5566,7818
large_rs3,khot_rank,0,242,0.8036,5913,7821
large_rs3,khot_rank,0,243,0.8036,5913,7826
large_rs3,khot_rank,0,244,0.8125,5937,7853
large_rs3,khot_rank,0,245,0.8125,5937,7881
large_rs3,khot_rank,0,246,0.8214,6281,7887
large_rs3,khot_rank,0,247,0.8214,6626,7892
large_rs3,khot_rank,0,248,0.8304,6636,7915
large_rs3,khot_rank,0,249,0.8482,6789,7935
large_rs3,khot_rank,0,250,0.8482,7076,7998
large_rs3,khot_rank,0,251,0.8482,7076,8011
large_rs3,khot_rank,0,252,0.8482,7080,8031
large_rs3,khot_rank,0,253,0.8482,7080,8051
large_rs3,khot_rank,0,254,0.8661,7412,8069
large_rs3,khot_rank,0,255,0.8750,7608,8092
large_rs3,khot_rank,0,256,0.8750,7608,8118
large_rs3,khot_rank,0,257,0.8750,7608,8132
large_rs3,khot_rank,0,258,0.8750,7608,8158
large_rs3,khot_rank,0,259,0.8661,7609,8172
large_rs3,khot_rank,0,260,0.8661,7609,8199
large_rs3,khot_rank,0,261,0.8661,7958,8200
large_rs3,khot_rank,0,262,0.8661,8055,8209
large_rs3,khot_rank,0,263,0.8661,8055,8228
large_rs3,khot_rank,0,264,0.8661,8055,8230
large_rs3,khot_rank,0,265,0.8661,8055,8249
large_rs3,khot_rank,0,266,0.8661,8055,8271
large_rs3,khot_rank,0,267,0.8661,8055,8287
large_rs3,khot_rank,0,268,0.8661,8055,8288
large_rs3,khot_rank,0,269,0.8482,8061,8304
large_rs3,khot_rank,0,270,0.8482,8061,8322
large_rs3,khot_rank,0,271,0.8482,8061,8329
large_rs3,khot_rank,0,272,0.8571,8227,8513
large_rs3,khot_rank,0,273,0.8571,8227,8531
large_rs3,khot_rank,0,274,0.8571,8227,8533
large_rs3,khot_rank,0,275,0.8571,8399,8711
large_rs3,khot_rank,0,276,0.8571,8562,8898
large_rs3,khot_rank,0,277,0.8571,8727,9083
large_rs3,khot_rank,0,278,0.8661,8873,9255
large_rs3,khot_rank,0,279,0.8661,8873,9281
large_rs3,khot_rank,0,280,0.8661,8873,9292
large_rs3,khot_rank,0,281,0.8661,8873,9311
large_rs3,khot_rank,0,282,0.8393,8960,9425
large_rs3,khot_rank,0,283,0.8125,9304,9431
large_rs3,khot_rank,0,284,0.8125,9304,9434
large_rs3,khot_rank,0,285,0.7946,9308,9452
large_rs3,khot_rank,0,286,0.8214,9646,9464
large_rs3,khot_rank,0,287,0.8214,9987,9473
large_rs3,khot_rank,0,288,0.8304,10011,9494
large_rs3,khot_rank,0,289,0.8304,10011,9503
large_rs3,khot_rank,0,290,0.8214,10357,9507
large_rs3,khot_rank,0,291,0.8214,10357,9524
large_rs3,khot_rank,0,292,0.8214,10357,9527
large_rs3,khot_rank,0,293,0.8125,10666,9556
large_rs3,khot_rank,0,294,0.8125,10685,9579
large_rs3,khot_rank,0,295,0.8125,10687,9606
large_rs3,khot_rank,0,296,0.8125,10687,9614
large_rs3,khot_rank,0,297,0.8125,10687,9616
large_rs3,khot_rank,0,298,0.8125,10687,9623
large_rs3,khot_rank,0,299,0.8125,10687,9647
large_rs3,kc_delta,0,0,0.4643,350,0
large_rs3,kc_delta,0,1,0.5625,700,0
large_rs3,kc_delta,0,2,0.6161,958,0
large_rs3,kc_delta,0,3,0.6875,1308,0
large_rs3,kc_delta,0,4,0.6250,1415,0
large_rs3,kc_delta,0,5,0.6696,1531,0
large_rs3,kc_delta,0,6,0.6964,1627,0
large_rs3,kc_delta,0,7,0.6964,1977,0
large_rs3,kc_delta,0,8,0.6875,2176,0
large_rs3,kc_delta,0,9,0.6875,2194,0
large_rs3,kc_delta,0,10,0.6875,2500,0
large_rs3,kc_delta,0,11,0.7054,2523,0
large_rs3,kc_delta,0,12,0.7411,2669,0
large_rs3,kc_delta,0,13,0.7232,2683,0
large_rs3,kc_delta,0,14,0.7232,2711,0
large_rs3,kc_delta,0,15,0.7321,2815,0
large_rs3,kc_delta,0,16,0.7054,2843,0
large_rs3,kc_delta,0,17,0.7143,2859,0
large_rs3,kc_delta,0,18,0.7589,3084,0
large_rs3,kc_delta,0,19,0.7589,3085,0
large_rs3,kc_delta,0,20,0.7411,3253,0
large_rs3,kc_delta,0,21,0.7589,3256,0
large_rs3,kc_delta,0,22,0.7232,3266,0
large_rs3,kc_delta,0,23,0.7679,3588,0
large_rs3,kc_delta,0,24,0.7679,3594,0
large_rs3,kc_delta,0,25,0.7857,3624,0
large_rs3,kc_delta,0,26,0.7857,3634,0
large_rs3,kc_delta,0,27,0.7857,3636,0
large_rs3,kc_delta,0,28,0.7857,3658,0
large_rs3,kc_delta,0,29,0.8214,3719,0
large_rs3,kc_delta,0,30,0.8125,3746,0
large_rs3,kc_delta,0,31,0.8125,3761,0
large_rs3,kc_delta,0,32,0.8214,3775,0
large_rs3,kc_delta,0,33,0.8125,3818,0
large_rs3,kc_delta,0,34,0.8304,3846,0
large_rs3,kc_delta,0,35,0.8304,3863,0
large_rs3,kc_delta,0,36,0.8304,3868,0
large_rs3,kc_delta,0,37,0.8304,3874,0
large_rs3,kc_delta,0,38,0.8214,3900,0
large_rs3,kc_delta,0,39,0.8304,3926,0
large_rs3,kc_delta,0,40,0.8214,3936,0
large_rs3,kc_delta,0,41,0.8214,3939,0
large_rs3,kc_delta,0,42,0.8125,3942,0
large_rs3,kc_delta,0,43,0.8304,4007,0
large_rs3,kc_delta,0,44,0.8214,4012,0
large_rs3,kc_delta,0,45,0.8214,4017,0
large_rs3,kc_delta,0,46,0.8304,4021,0
large_rs3,kc_delta,0,47,0.8214,4033,0
large_rs3,kc_delta,0,48,0.8393,4047,0
large_rs3,kc_delta,0,49,0.8304,4241,0
large_rs3,kc_delta,0,50,0.8304,4246,0
large_rs3,kc_delta,0,51,0.8661,4280,0
large_rs3,kc_delta,0,52,0.8661,4282,0
large_rs3,kc_delta,0,53,0.8571,4307,0
large_rs3,kc_delta,0,54,0.8661,4329,0
large_rs3,kc_delta,0,55,0.8661,4352,0
large_rs3,kc_delta,0,56,0.8661,4456,0
large_rs3,kc_delta,0,57,0.8839,4466,0
large_rs3,kc_delta,0,58,0.9018,4502,0
large_rs3,kc_delta,0,59,0.9018,4507,0
large_rs3,kc_delta,0,60,0.9107,4534,0
large_rs3,kc_delta,0,61,0.9018,4560,0
large_rs3,kc_delta,0,62,0.9018,4586,0
large_rs3,kc_delta,0,63,0.9018,4599,0
large_rs3,kc_delta,0,64,0.8839,4629,0
large_rs3,kc_delta,0,65,0.8750,4632,0
large_rs3,kc_delta,0,66,0.8839,4656,0
large_rs3,kc_delta,0,67,0.8929,4679,0
large_rs3,kc_delta,0,68,0.8929,4724,0
large_rs3,kc_delta,0,69,0.8929,4742,0
large_rs3,kc_delta,0,70,0.8929,4759,0
large_rs3,kc_delta,0,71,0.8929,4785,0
large_rs3,kc_delta,0,72,0.8929,4793,0
large_rs3,kc_delta,0,73,0.8929,4814,0
large_rs3,kc_delta,0,74,0.9018,4836,0
large_rs3,kc_delta,0,75,0.8929,4839,0
large_rs3,kc_delta,0,76,0.8929,4869,0
large_rs3,kc_delta,0,77,0.9018,4895,0
large_rs3,kc_delta,0,78,0.9018,4927,0
large_rs3,kc_delta,0,79,0.9018,4939,0
large_rs3,kc_delta,0,80,0.9196,5030,0
large_rs3,kc_delta,0,81,0.9286,5038,0
large_rs3,kc_delta,0,82,0.9286,5059,0
large_rs3,kc_delta,0,83,0.9286,5160,0
large_rs3,kc_delta,0,84,0.9286,5189,0
large_rs3,kc_delta,0,85,0.9375,5211,0
large_rs3,kc_delta,0,86,0.9286,5242,0
large_rs3,kc_delta,0,87,0.9286,5260,0
large_rs3,kc_delta,0,88,0.9375,5340,0
large_rs3,kc_delta,0,89,0.9375,5368,0
large_rs3,kc_delta,0,90,0.9286,5396,0
large_rs3,kc_delta,0,91,0.9375,5403,0
large_rs3,kc_delta,0,92,0.9464,5405,0
large_rs3,kc_delta,0,93,0.9286,5436,0
large_rs3,kc_delta,0,94,0.9107,5459,0
large_rs3,kc_delta,0,95,0.9286,5465,0
large_rs3,kc_delta,0,96,0.9196,5491,0
large_rs3,kc_delta,0,97,0.9107,5503,0
large_rs3,kc_delta,0,98,0.9286,5523,0
large_rs3,kc_delta,0,99,0.9464,5549,0
large_rs3,kc_delta,0,100,0.9464,5555,0
large_rs3,kc_delta,0,101,0.9286,5590,0
large_rs3,kc_delta,0,102,0.9286,5592,0
large_rs3,kc_delta,0,103,0.9107,5615,0
large_rs3,kc_delta,0,104,0.9196,5639,0
large_rs3,kc_delta,0,105,0.9196,5641,0
large_rs3,kc_delta,0,106,0.9196,5654,0
large_rs3,kc_delta,0,107,0.9554,5807,0
large_rs3,kc_delta,0,108,0.9554,5815,0
large_rs3,kc_delta,0,109,0.9554,5834,0
large_rs3,kc_delta,0,110,0.9375,5855,0
large_rs3,kc_delta,0,111,0.9286,5884,0
large_rs3,kc_delta,0,112,0.9554,5909,0
large_rs3,kc_delta,0,113,0.9375,5929,0
large_rs3,kc_delta,0,114,0.9375,5950,0
large_rs3,kc_delta,0,115,0.9286,5973,0
large_rs3,kc_delta,0,116,0.9196,5994,0
large_rs3,kc_delta,0,117,0.9464,6011,0
large_rs3,kc_delta,0,118,0.9464,6025,0
large_rs3,kc_delta,0,119,0.9375,6040,0
large_rs3,kc_delta,0,120,0.9286,6056,0
large_rs3,kc_delta,0,121,0.9554,6080,0
large_rs3,kc_delta,0,122,0.9554,6106,0
large_rs3,kc_delta,0,123,0.9375,6112,0
large_rs3,kc_delta,0,124,0.9375,6120,0
large_rs3,kc_delta,0,125,0.9375,6143,0
large_rs3,kc_delta,0,126,0.9464,6163,0
large_rs3,kc_delta,0,127,0.9643,6365,0
large_rs3,kc_delta,0,128,0.9732,6388,0
large_rs3,kc_delta,0,129,0.9554,6407,0
large_rs3,kc_delta,0,130,0.9643,6418,0
large_rs3,kc_delta,0,131,0.9643,6421,0
large_rs3,kc_delta,0,132,0.9554,6434,0
large_rs3,kc_delta,0,133,0.9554,6458,0
large_rs3,kc_delta,0,134,0.9643,6471,0
large_rs3,kc_delta,0,135,0.9643,6483,0
large_rs3,kc_delta,0,136,0.9643,6488,0
large_rs3,kc_delta,0,137,0.9643,6500,0
large_rs3,kc_delta,0,138,0.9554,6505,0
large_rs3,kc_delta,0,139,0.9554,6520,0
large_rs3,kc_delta,0,140,0.9643,6534,0
large_rs3,kc_delta,0,141,0.9643,6551,0
large_rs3,kc_delta,0,142,0.9643,6571,0
large_rs3,kc_delta,0,143,0.9643,6585,0
large_rs3,kc_delta,0,144,0.9643,6601,0
large_rs3,kc_delta,0,145,0.9643,6617,0
large_rs3,kc_delta,0,146,0.9554,6667,0
large_rs3,kc_delta,0,147,0.9643,6684,0
large_rs3,kc_delta,0,148,0.9554,6705,0
large_rs3,kc_delta,0,149,0.9643,6726,0
large_rs3,kc_delta,0,150,0.9464,6754,0
large_rs3,kc_delta,0,151,0.9464,6784,0
large_rs3,kc_delta,0,152,0.9375,6803,0
large_rs3,kc_delta,0,153,0.9375,6827,0
large_rs3,kc_delta,0,154,0.9375,6841,0
large_rs3,kc_delta,0,155,0.9375,6864,0
large_rs3,kc_delta,0,156,0.9375,6893,0
large_rs3,kc_delta,0,157,0.9375,6918,0
large_rs3,kc_delta,0,158,0.9375,6934,0
large_rs3,kc_delta,0,159,0.9375,6957,0
large_rs3,kc_delta,0,160,0.9643,6972,0
large_rs3,kc_delta,0,161,0.9643,6977,0
large_rs3,kc_delta,0,162,0.9643,6978,0
large_rs3,kc_delta,0,163,0.9643,7004,0
large_rs3,kc_delta,0,164,0.9643,7023,0
large_rs3,kc_delta,0,165,0.9643,7031,0
large_rs3,kc_delta,0,166,0.9554,7058,0
large_rs3,kc_delta,0,167,0.9554,7077,0
large_rs3,kc_delta,0,168,0.9554,7087,0
large_rs3,kc_delta,0,169,0.9554,7092,0
large_rs3,kc_delta,0,170,0.9554,7107,0
large_rs3,kc_delta,0,171,0.9464,7134,0
large_rs3,kc_delta,0,172,0.9554,7167,0
large_rs3,kc_delta,0,173,0.9554,7189,0
large_rs3,kc_delta,0,174,0.9554,7217,0
large_rs3,kc_delta,0,175,0.9464,7231,0
large_rs3,kc_delta,0,176,0.9643,7243,0
large_rs3,kc_delta,0,177,0.9643,7260,0
large_rs3,kc_delta,0,178,0.9643,7270,0
large_rs3,kc_delta,0,179,0.9643,7285,0
large_rs3,kc_delta,0,180,0.9643,7302,0
large_rs3,kc_delta,0,181,0.9643,7308,0
large_rs3,kc_delta,0,182,0.9643,7329,0
large_rs3,kc_delta,0,183,0.9643,7333,0
large_rs3,kc_delta,0,184,0.9554,7360,0
large_rs3,kc_delta,0,185,0.9464,7391,0
large_rs3,kc_delta,0,186,0.9643,7406,0
large_rs3,kc_delta,0,187,0.9554,7436,0
large_rs3,kc_delta,0,188,0.9554,7445,0
large_rs3,kc_delta,0,189,0.9554,7476,0
large_rs3,kc_delta,0,190,0.9554,7495,0
large_rs3,kc_delta,0,191,0.9643,7507,0
large_rs3,kc_delta,0,192,0.9821,7520,0
large_rs3,kc_delta,0,193,0.9821,7541,0
large_rs3,kc_delta,0,194,0.9821,7566,0
large_rs3,kc_delta,0,195,0.9821,7578,0
large_rs3,kc_delta,0,196,0.9732,7600,0
large_rs3,kc_delta,0,197,0.9732,7610,0
large_rs3,kc_delta,0,198,0.9643,7635,0
large_rs3,kc_delta,0,199,0.9643,7649,0
large_rs3,kc_delta,0,200,0.9643,7658,0
large_rs3,kc_delta,0,201,0.9821,7676,0
large_rs3,kc_delta,0,202,0.9821,7696,0
large_rs3,kc_delta,0,203,0.9821,7720,0
large_rs3,kc_delta,0,204,0.9821,7746,0
large_rs3,kc_delta,0,205,0.9821,7773,0
large_rs3,kc_delta,0,206,0.9821,7784,0
large_rs3,kc_delta,0,207,0.9821,7809,0
large_rs3,kc_delta,0,208,0.9732,7838,0
large_rs3,kc_delta,0,209,0.9732,7843,0
large_rs3,kc_delta,0,210,0.9732,7874,0
large_rs3,kc_delta,0,211,0.9732,7898,0
large_rs3,kc_delta,0,212,0.9732,7908,0
large_rs3,kc_delta,0,213,0.9732,7921,0
large_rs3,kc_delta,0,214,0.9732,7946,0
large_rs3,kc_delta,0,215,0.9821,7970,0
large_rs3,kc_delta,0,216,0.9821,7989,0
large_rs3,kc_delta,0,217,0.9821,7995,0
large_rs3,kc_delta,0,218,0.9821,8016,0
large_rs3,kc_delta,0,219,0.9821,8033,0
large_rs3,kc_delta,0,220,0.9554,8063,0
large_rs3,kc_delta,0,221,0.9554,8089,0
large_rs3,kc_delta,0,222,0.9464,8104,0
large_rs3,kc_delta,0,223,0.9464,8119,0
large_rs3,kc_delta,0,224,0.9643,8140,0
large_rs3,kc_delta,0,225,0.9643,8167,0
large_rs3,kc_delta,0,226,0.9643,8183,0
large_rs3,kc_delta,0,227,0.9643,8192,0
large_rs3,kc_delta,0,228,0.9732,8219,0
large_rs3,kc_delta,0,229,0.9732,8244,0
large_rs3,kc_delta,0,230,0.9732,8259,0
large_rs3,kc_delta,0,231,0.9643,8270,0
large_rs3,kc_delta,0,232,0.9643,8277,0
large_rs3,kc_delta,0,233,0.9643,8305,0
large_rs3,kc_delta,0,234,0.9554,8329,0
large_rs3,kc_delta,0,235,0.9554,8336,0
large_rs3,kc_delta,0,236,0.9554,8359,0
large_rs3,kc_delta,0,237,0.9643,8371,0
large_rs3,kc_delta,0,238,0.9643,8394,0
large_rs3,kc_delta,0,239,0.9643,8404,0
large_rs3,kc_delta,0,240,0.9643,8427,0
large_rs3,kc_delta,0,241,0.9643,8446,0
large_rs3,kc_delta,0,242,0.9643,8475,0
large_rs3,kc_delta,0,243,0.9643,8480,0
large_rs3,kc_delta,0,244,0.9643,8508,0
large_rs3,kc_delta,0,245,0.9643,8536,0
large_rs3,kc_delta,0,246,0.9643,8549,0
large_rs3,kc_delta,0,247,0.9643,8562,0
large_rs3,kc_delta,0,248,0.9643,8576,0
large_rs3,kc_delta,0,249,0.9732,8601,0
large_rs3,kc_delta,0,250,0.9732,8627,0
large_rs3,kc_delta,0,251,0.9732,8640,0
large_rs3,kc_delta,0,252,0.9732,8666,0
large_rs3,kc_delta,0,253,0.9732,8686,0
large_rs3,kc_delta,0,254,0.9732,8712,0
large_rs3,kc_delta,0,255,0.9732,8731,0
large_rs3,kc_delta,0,256,0.9732,8756,0
large_rs3,kc_delta,0,257,0.9732,8770,0
large_rs3,kc_delta,0,258,0.9732,8796,0
large_rs3,kc_delta,0,259,0.9732,8811,0
large_rs3,kc_delta,0,260,0.9732,8838,0
large_rs3,kc_delta,0,261,0.9732,8861,0
large_rs3,kc_delta,0,262,0.9732,8871,0
large_rs3,kc_delta,0,263,0.9732,8890,0
large_rs3,kc_delta,0,264,0.9732,8892,0
large_rs3,kc_delta,0,265,0.9732,8911,0
large_rs3,kc_delta,0,266,0.9732,8933,0
large_rs3,kc_delta,0,267,0.9643,8949,0
large_rs3,kc_delta,0,268,0.9643,8950,0
large_rs3,kc_delta,0,269,0.9643,8968,0
large_rs3,kc_delta,0,270,0.9554,8986,0
large_rs3,kc_delta,0,271,0.9554,8993,0
large_rs3,kc_delta,0,272,0.9554,9016,0
large_rs3,kc_delta,0,273,0.9643,9035,0
large_rs3,kc_delta,0,274,0.9643,9037,0
large_rs3,kc_delta,0,275,0.9643,9045,0
large_rs3,kc_delta,0,276,0.9643,9069,0
large_rs3,kc_delta,0,277,0.9643,9094,0
large_rs3,kc_delta,0,278,0.9643,9119,0
large_rs3,kc_delta,0,279,0.9554,9145,0
large_rs3,kc_delta,0,280,0.9554,9155,0
large_rs3,kc_delta,0,281,0.9554,9174,0
large_rs3,kc_delta,0,282,0.9643,9203,0
large_rs3,kc_delta,0,283,0.9821,9245,0
large_rs3,kc_delta,0,284,0.9821,9248,0
large_rs3,kc_delta,0,285,0.9821,9268,0
large_rs3,kc_delta,0,286,0.9821,9291,0
large_rs3,kc_delta,0,287,0.9643,9318,0
large_rs3,kc_delta,0,288,0.9732,9342,0
large_rs3,kc_delta,0,289,0.9732,9351,0
large_rs3,kc_delta,0,290,0.9732,9377,0
large_rs3,kc_delta,0,291,0.9732,9394,0
large_rs3,kc_delta,0,292,0.9732,9397,0
large_rs3,kc_delta,0,293,0.9821,9426,0
large_rs3,kc_delta,0,294,0.9821,9449,0
large_rs3,kc_delta,0,295,0.9732,9478,0
large_rs3,kc_delta,0,296,0.9732,9486,0
large_rs3,kc_delta,0,297,0.9732,9488,0
large_rs3,kc_delta,0,298,0.9732,9495,0
large_rs3,kc_delta,0,299,0.9732,9519,0
large_rs3,rand_delta,0,0,0.5089,350,0
large_rs3,rand_delta,0,1,0.5893,700,0
large_rs3,rand_delta,0,2,0.5893,950,0
large_rs3,rand_delta,0,3,0.6607,1124,0
large_rs3,rand_delta,0,4,0.6964,1231,0
large_rs3,rand_delta,0,5,0.6696,1345,0
large_rs3,rand_delta,0,6,0.6964,1453,0
large_rs3,rand_delta,0,7,0.7232,1499,0
large_rs3,rand_delta,0,8,0.7054,1719,0
large_rs3,rand_delta,0,9,0.6964,1735,0
large_rs3,rand_delta,0,10,0.7857,2014,0
large_rs3,rand_delta,0,11,0.7946,2039,0
large_rs3,rand_delta,0,12,0.7946,2148,0
large_rs3,rand_delta,0,13,0.8036,2162,0
large_rs3,rand_delta,0,14,0.7946,2196,0
large_rs3,rand_delta,0,15,0.8125,2298,0
large_rs3,rand_delta,0,16,0.8214,2315,0
large_rs3,rand_delta,0,17,0.8393,2348,0
large_rs3,rand_delta,0,18,0.8393,2472,0
large_rs3,rand_delta,0,19,0.8393,2473,0
large_rs3,rand_delta,0,20,0.8750,2633,0
large_rs3,rand_delta,0,21,0.8750,2636,0
large_rs3,rand_delta,0,22,0.8750,2645,0
large_rs3,rand_delta,0,23,0.8839,2721,0
large_rs3,rand_delta,0,24,0.9018,2727,0
large_rs3,rand_delta,0,25,0.9018,2746,0
large_rs3,rand_delta,0,26,0.8929,2756,0
large_rs3,rand_delta,0,27,0.8929,2758,0
large_rs3,rand_delta,0,28,0.8750,2927,0
large_rs3,rand_delta,0,29,0.8839,2975,0
large_rs3,rand_delta,0,30,0.8839,2995,0
large_rs3,rand_delta,0,31,0.8750,3008,0
large_rs3,rand_delta,0,32,0.8750,3022,0
large_rs3,rand_delta,0,33,0.8839,3051,0
large_rs3,rand_delta,0,34,0.9018,3078,0
large_rs3,rand_delta,0,35,0.9018,3098,0
large_rs3,rand_delta,0,36,0.9107,3104,0
large_rs3,rand_delta,0,37,0.9018,3110,0
large_rs3,rand_delta,0,38,0.8929,3136,0
large_rs3,rand_delta,0,39,0.8929,3163,0
large_rs3,rand_delta,0,40,0.9018,3173,0
large_rs3,rand_delta,0,41,0.9018,3177,0
large_rs3,rand_delta,0,42,0.9196,3182,0
large_rs3,rand_delta,0,43,0.9196,3203,0
large_rs3,rand_delta,0,44,0.9196,3208,0
large_rs3,rand_delta,0,45,0.9196,3213,0
large_rs3,rand_delta,0,46,0.9196,3215,0
large_rs3,rand_delta,0,47,0.9196,3227,0
large_rs3,rand_delta,0,48,0.9196,3238,0
large_rs3,rand_delta,0,49,0.9196,3299,0
large_rs3,rand_delta,0,50,0.9196,3304,0
large_rs3,rand_delta,0,51,0.9196,3319,0
large_rs3,rand_delta,0,52,0.9196,3321,0
large_rs3,rand_delta,0,53,0.9196,3347,0
large_rs3,rand_delta,0,54,0.9196,3369,0
large_rs3,rand_delta,0,55,0.9107,3402,0
large_rs3,rand_delta,0,56,0.9286,3431,0
large_rs3,rand_delta,0,57,0.9286,3438,0
large_rs3,rand_delta,0,58,0.9196,3479,0
large_rs3,rand_delta,0,59,0.9196,3484,0
large_rs3,rand_delta,0,60,0.9196,3502,0
large_rs3,rand_delta,0,61,0.9196,3525,0
large_rs3,rand_delta,0,62,0.9107,3551,0
large_rs3,rand_delta,0,63,0.9018,3564,0
large_rs3,rand_delta,0,64,0.9018,3593,0
large_rs3,rand_delta,0,65,0.9018,3597,0
large_rs3,rand_delta,0,66,0.9018,3621,0
large_rs3,rand_delta,0,67,0.9107,3644,0
large_rs3,rand_delta,0,68,0.9196,3663,0
large_rs3,rand_delta,0,69,0.9286,3681,0
large_rs3,rand_delta,0,70,0.9286,3698,0
large_rs3,rand_delta,0,71,0.9286,3721,0
large_rs3,rand_delta,0,72,0.9196,3729,0
large_rs3,rand_delta,0,73,0.9196,3749,0
large_rs3,rand_delta,0,74,0.9107,3771,0
large_rs3,rand_delta,0,75,0.9196,3775,0
large_rs3,rand_delta,0,76,0.9196,3803,0
large_rs3,rand_delta,0,77,0.9286,3829,0
large_rs3,rand_delta,0,78,0.9286,3860,0
large_rs3,rand_delta,0,79,0.9286,3872,0
large_rs3,rand_delta,0,80,0.9554,3956,0
large_rs3,rand_delta,0,81,0.9554,3963,0
large_rs3,rand_delta,0,82,0.9554,3984,0
large_rs3,rand_delta,0,83,0.9554,4014,0
large_rs3,rand_delta,0,84,0.9554,4040,0
large_rs3,rand_delta,0,85,0.9554,4060,0
large_rs3,rand_delta,0,86,0.9554,4090,0
large_rs3,rand_delta,0,87,0.9554,4109,0
large_rs3,rand_delta,0,88,0.9554,4184,0
large_rs3,rand_delta,0,89,0.9554,4208,0
large_rs3,rand_delta,0,90,0.9554,4235,0
large_rs3,rand_delta,0,91,0.9554,4243,0
large_rs3,rand_delta,0,92,0.9554,4245,0
large_rs3,rand_delta,0,93,0.9643,4293,0
large_rs3,rand_delta,0,94,0.9643,4315,0
large_rs3,rand_delta,0,95,0.9643,4320,0
large_rs3,rand_delta,0,96,0.9643,4349,0
large_rs3,rand_delta,0,97,0.9643,4360,0
large_rs3,rand_delta,0,98,0.9643,4377,0
large_rs3,rand_delta,0,99,0.9643,4402,0
large_rs3,rand_delta,0,100,0.9643,4408,0
large_rs3,rand_delta,0,101,0.9821,4438,0
large_rs3,rand_delta,0,102,0.9821,4440,0
large_rs3,rand_delta,0,103,0.9732,4462,0
large_rs3,rand_delta,0,104,0.9732,4490,0
large_rs3,rand_delta,0,105,0.9732,4492,0
large_rs3,rand_delta,0,106,0.9821,4505,0
large_rs3,rand_delta,0,107,0.9732,4531,0
large_rs3,rand_delta,0,108,0.9732,4539,0
large_rs3,rand_delta,0,109,0.9732,4558,0
large_rs3,rand_delta,0,110,0.9821,4579,0
large_rs3,rand_delta,0,111,0.9821,4606,0
large_rs3,rand_delta,0,112,0.9821,4629,0
large_rs3,rand_delta,0,113,0.9821,4649,0
large_rs3,rand_delta,0,114,0.9732,4670,0
large_rs3,rand_delta,0,115,0.9821,4694,0
large_rs3,rand_delta,0,116,0.9732,4714,0
large_rs3,rand_delta,0,117,0.9821,4730,0
large_rs3,rand_delta,0,118,0.9821,4746,0
large_rs3,rand_delta,0,119,0.9821,4761,0
large_rs3,rand_delta,0,120,0.9821,4777,0
large_rs3,rand_delta,0,121,0.9643,4800,0
large_rs3,rand_delta,0,122,0.9643,4828,0
large_rs3,rand_delta,0,123,0.9732,4834,0
large_rs3,rand_delta,0,124,0.9643,4842,0
large_rs3,rand_delta,0,125,0.9732,4866,0
large_rs3,rand_delta,0,126,0.9732,4907,0
large_rs3,rand_delta,0,127,0.9821,4936,0
large_rs3,rand_delta,0,128,0.9732,4960,0
large_rs3,rand_delta,0,129,0.9732,4979,0
large_rs3,rand_delta,0,130,0.9643,4988,0
large_rs3,rand_delta,0,131,0.9643,4991,0
large_rs3,rand_delta,0,132,0.9643,5003,0
large_rs3,rand_delta,0,133,0.9732,5028,0
large_rs3,rand_delta,0,134,0.9732,5040,0
large_rs3,rand_delta,0,135,0.9732,5052,0
large_rs3,rand_delta,0,136,0.9732,5059,0
large_rs3,rand_delta,0,137,0.9732,5071,0
large_rs3,rand_delta,0,138,0.9732,5076,0
large_rs3,rand_delta,0,139,0.9732,5091,0
large_rs3,rand_delta,0,140,0.9643,5104,0
large_rs3,rand_delta,0,141,0.9554,5121,0
large_rs3,rand_delta,0,142,0.9554,5141,0
large_rs3,rand_delta,0,143,0.9554,5155,0
large_rs3,rand_delta,0,144,0.9554,5171,0
large_rs3,rand_delta,0,145,0.9643,5187,0
large_rs3,rand_delta,0,146,0.9732,5457,0
large_rs3,rand_delta,0,147,0.9732,5473,0
large_rs3,rand_delta,0,148,0.9732,5494,0
large_rs3,rand_delta,0,149,0.9732,5511,0
large_rs3,rand_delta,0,150,0.9732,5539,0
large_rs3,rand_delta,0,151,0.9732,5569,0
large_rs3,rand_delta,0,152,0.9732,5588,0
large_rs3,rand_delta,0,153,0.9732,5612,0
large_rs3,rand_delta,0,154,0.9732,5626,0
large_rs3,rand_delta,0,155,0.9732,5648,0
large_rs3,rand_delta,0,156,0.9732,5676,0
large_rs3,rand_delta,0,157,0.9732,5701,0
large_rs3,rand_delta,0,158,0.9732,5717,0
large_rs3,rand_delta,0,159,0.9732,5739,0
large_rs3,rand_delta,0,160,0.9821,5752,0
large_rs3,rand_delta,0,161,0.9821,5757,0
large_rs3,rand_delta,0,162,0.9821,5758,0
large_rs3,rand_delta,0,163,0.9821,5784,0
large_rs3,rand_delta,0,164,0.9821,5803,0
large_rs3,rand_delta,0,165,0.9821,5811,0
large_rs3,rand_delta,0,166,0.9821,5862,0
large_rs3,rand_delta,0,167,0.9911,5882,0
large_rs3,rand_delta,0,168,0.9911,5892,0
large_rs3,rand_delta,0,169,0.9911,5897,0
large_rs3,rand_delta,0,170,0.9911,5912,0
large_rs3,rand_delta,0,171,0.9821,5939,0
large_rs3,rand_delta,0,172,0.9821,5967,0
large_rs3,rand_delta,0,173,0.9911,5989,0
large_rs3,rand_delta,0,174,0.9911,6017,0
large_rs3,rand_delta,0,175,0.9911,6031,0
large_rs3,rand_delta,0,176,0.9911,6041,0
large_rs3,rand_delta,0,177,0.9911,6058,0
large_rs3,rand_delta,0,178,0.9911,6068,0
large_rs3,rand_delta,0,179,0.9821,6084,0
large_rs3,rand_delta,0,180,0.9911,6103,0
large_rs3,rand_delta,0,181,0.9911,6109,0
large_rs3,rand_delta,0,182,0.9911,6130,0
large_rs3,rand_delta,0,183,0.9911,6134,0
large_rs3,rand_delta,0,184,0.9911,6162,0
large_rs3,rand_delta,0,185,0.9911,6191,0
large_rs3,rand_delta,0,186,0.9911,6204,0
large_rs3,rand_delta,0,187,0.9911,6232,0
large_rs3,rand_delta,0,188,0.9911,6241,0
large_rs3,rand_delta,0,189,0.9911,6273,0
large_rs3,rand_delta,0,190,0.9911,6290,0
large_rs3,rand_delta,0,191,0.9911,6303,0
large_rs3,rand_delta,0,192,1.0000,6323,0
large_rs3,rand_delta,0,193,0.9911,6344,0
large_rs3,rand_delta,0,194,1.0000,6368,0
large_rs3,rand_delta,0,195,0.9911,6380,0
large_rs3,rand_delta,0,196,0.9911,6402,0
large_rs3,rand_delta,0,197,0.9911,6412,0
large_rs3,rand_delta,0,198,0.9911,6436,0
large_rs3,rand_delta,0,199,0.9911,6449,0
large_rs3,rand_delta,0,200,0.9911,6458,0
large_rs3,rand_delta,0,201,0.9911,6475,0
large_rs3,rand_delta,0,202,0.9911,6496,0
large_rs3,rand_delta,0,203,0.9911,6519,0
large_rs3,rand_delta,0,204,0.9911,6545,0
large_rs3,rand_delta,0,205,0.9911,6571,0
large_rs3,rand_delta,0,206,0.9911,6582,0
large_rs3,rand_delta,0,207,0.9911,6607,0
large_rs3,rand_delta,0,208,0.9911,6636,0
large_rs3,rand_delta,0,209,0.9911,6640,0
large_rs3,rand_delta,0,210,0.9911,6669,0
large_rs3,rand_delta,0,211,0.9911,6693,0
large_rs3,rand_delta,0,212,0.9911,6703,0
large_rs3,rand_delta,0,213,0.9911,6716,0
large_rs3,rand_delta,0,214,0.9911,6740,0
large_rs3,rand_delta,0,215,0.9911,6761,0
large_rs3,rand_delta,0,216,0.9821,6780,0
large_rs3,rand_delta,0,217,0.9821,6786,0
large_rs3,rand_delta,0,218,0.9821,6806,0
large_rs3,rand_delta,0,219,0.9821,6822,0
large_rs3,rand_delta,0,220,0.9821,6851,0
large_rs3,rand_delta,0,221,0.9821,6880,0
large_rs3,rand_delta,0,222,0.9911,6895,0
large_rs3,rand_delta,0,223,0.9911,6910,0
large_rs3,rand_delta,0,224,1.0000,6927,0
large_rs3,rand_delta,0,225,1.0000,6950,0
large_rs3,rand_delta,0,226,0.9911,6966,0
large_rs3,rand_delta,0,227,0.9911,6975,0
large_rs3,rand_delta,0,228,0.9911,7002,0
large_rs3,rand_delta,0,229,0.9911,7025,0
large_rs3,rand_delta,0,230,0.9911,7040,0
large_rs3,rand_delta,0,231,0.9911,7051,0
large_rs3,rand_delta,0,232,0.9911,7058,0
large_rs3,rand_delta,0,233,0.9911,7086,0
large_rs3,rand_delta,0,234,1.0000,7110,0
large_rs3,rand_delta,0,235,1.0000,7117,0
large_rs3,rand_delta,0,236,1.0000,7140,0
large_rs3,rand_delta,0,237,1.0000,7151,0
large_rs3,rand_delta,0,238,0.9911,7174,0
large_rs3,rand_delta,0,239,0.9911,7184,0
large_rs3,rand_delta,0,240,0.9911,7207,0
large_rs3,rand_delta,0,241,1.0000,7224,0
large_rs3,rand_delta,0,242,1.0000,7253,0
large_rs3,rand_delta,0,243,1.0000,7258,0
large_rs3,rand_delta,0,244,1.0000,7286,0
large_rs3,rand_delta,0,245,1.0000,7314,0
large_rs3,rand_delta,0,246,1.0000,7327,0
large_rs3,rand_delta,0,247,1.0000,7340,0
large_rs3,rand_delta,0,248,1.0000,7367,0
large_rs3,rand_delta,0,249,1.0000,7389,0
large_rs3,rand_delta,0,250,1.0000,7417,0
large_rs3,rand_delta,0,251,1.0000,7430,0
large_rs3,rand_delta,0,252,1.0000,7456,0
large_rs3,rand_delta,0,253,1.0000,7476,0
large_rs3,rand_delta,0,254,1.0000,7502,0
large_rs3,rand_delta,0,255,1.0000,7521,0
large_rs3,rand_delta,0,256,1.0000,7549,0
large_rs3,rand_delta,0,257,1.0000,7563,0
large_rs3,rand_delta,0,258,1.0000,7589,0
large_rs3,rand_delta,0,259,1.0000,7604,0
large_rs3,rand_delta,0,260,1.0000,7631,0
large_rs3,rand_delta,0,261,1.0000,7652,0
large_rs3,rand_delta,0,262,1.0000,7662,0
large_rs3,rand_delta,0,263,1.0000,7681,0
large_rs3,rand_delta,0,264,1.0000,7683,0
large_rs3,rand_delta,0,265,1.0000,7702,0
large_rs3,rand_delta,0,266,1.0000,7724,0
large_rs3,rand_delta,0,267,1.0000,7740,0
large_rs3,rand_delta,0,268,1.0000,7741,0
large_rs3,rand_delta,0,269,1.0000,7759,0
large_rs3,rand_delta,0,270,1.0000,7777,0
large_rs3,rand_delta,0,271,1.0000,7784,0
large_rs3,rand_delta,0,272,1.0000,7807,0
large_rs3,rand_delta,0,273,1.0000,7825,0
large_rs3,rand_delta,0,274,1.0000,7827,0
large_rs3,rand_delta,0,275,1.0000,7835,0
large_rs3,rand_delta,0,276,1.0000,7859,0
large_rs3,rand_delta,0,277,1.0000,7884,0
large_rs3,rand_delta,0,278,1.0000,7909,0
large_rs3,rand_delta,0,279,0.9911,7936,0
large_rs3,rand_delta,0,280,0.9911,7946,0
large_rs3,rand_delta,0,281,0.9911,7965,0
large_rs3,rand_delta,0,282,0.9911,7994,0
large_rs3,rand_delta,0,283,0.9911,8033,0
large_rs3,rand_delta,0,284,0.9911,8036,0
large_rs3,rand_delta,0,285,0.9911,8056,0
large_rs3,rand_delta,0,286,0.9911,8079,0
large_rs3,rand_delta,0,287,0.9911,8107,0
large_rs3,rand_delta,0,288,0.9911,8130,0
large_rs3,rand_delta,0,289,0.9911,8140,0
large_rs3,rand_delta,0,290,0.9911,8163,0
large_rs3,rand_delta,0,291,0.9911,8180,0
large_rs3,rand_delta,0,292,0.9821,8183,0
large_rs3,rand_delta,0,293,0.9911,8211,0
large_rs3,rand_delta,0,294,0.9911,8234,0
large_rs3,rand_delta,0,295,0.9911,8263,0
large_rs3,rand_delta,0,296,0.9911,8271,0
large_rs3,rand_delta,0,297,0.9911,8273,0
large_rs3,rand_delta,0,298,0.9911,8280,0
large_rs3,rand_delta,0,299,0.9911,8304,0
large_rs3,khot_rank,1,0,0.4018,27,323
large_rs3,khot_rank,1,1,0.4375,54,646
large_rs3,khot_rank,1,2,0.5000,69,738
large_rs3,khot_rank,1,3,0.5089,96,1061
large_rs3,khot_rank,1,4,0.6339,145,1362
large_rs3,khot_rank,1,5,0.5982,168,1607
large_rs3,khot_rank,1,6,0.6429,174,1673
large_rs3,khot_rank,1,7,0.6429,174,1674
large_rs3,khot_rank,1,8,0.6429,182,1689
large_rs3,khot_rank,1,9,0.6429,182,1705
large_rs3,khot_rank,1,10,0.6161,189,1719
large_rs3,khot_rank,1,11,0.6607,207,1831
large_rs3,khot_rank,1,12,0.6696,226,1955
large_rs3,khot_rank,1,13,0.6786,229,1974
large_rs3,khot_rank,1,14,0.6607,239,1996
large_rs3,khot_rank,1,15,0.6875,240,2012
large_rs3,khot_rank,1,16,0.6875,243,2034
large_rs3,khot_rank,1,17,0.7143,248,2086
large_rs3,khot_rank,1,18,0.7143,248,2103
large_rs3,khot_rank,1,19,0.7143,248,2118
large_rs3,khot_rank,1,20,0.7321,249,2125
large_rs3,khot_rank,1,21,0.7232,276,2232
large_rs3,khot_rank,1,22,0.7232,276,2234
large_rs3,khot_rank,1,23,0.7232,276,2236
large_rs3,khot_rank,1,24,0.7232,276,2248
large_rs3,khot_rank,1,25,0.7589,278,2259
large_rs3,khot_rank,1,26,0.7589,279,2284
large_rs3,khot_rank,1,27,0.7589,279,2300
large_rs3,khot_rank,1,28,0.7768,280,2317
large_rs3,khot_rank,1,29,0.7768,280,2339
large_rs3,khot_rank,1,30,0.7768,280,2342
large_rs3,khot_rank,1,31,0.7768,280,2369
large_rs3,khot_rank,1,32,0.7768,280,2382
large_rs3,khot_rank,1,33,0.7768,280,2403
large_rs3,khot_rank,1,34,0.7768,280,2419
large_rs3,khot_rank,1,35,0.7768,283,2432
large_rs3,khot_rank,1,36,0.7768,283,2445
large_rs3,khot_rank,1,37,0.7857,284,2462
large_rs3,khot_rank,1,38,0.7143,293,2474
large_rs3,khot_rank,1,39,0.7500,300,2505
large_rs3,khot_rank,1,40,0.7500,302,2526
large_rs3,khot_rank,1,41,0.7143,304,2544
large_rs3,khot_rank,1,42,0.7679,323,2666
large_rs3,khot_rank,1,43,0.7768,325,2671
large_rs3,khot_rank,1,44,0.7768,325,2672
large_rs3,khot_rank,1,45,0.7946,326,2680
large_rs3,khot_rank,1,46,0.7857,330,2692
large_rs3,khot_rank,1,47,0.7679,332,2708
large_rs3,khot_rank,1,48,0.7946,335,2767
large_rs3,khot_rank,1,49,0.7679,374,2802
large_rs3,khot_rank,1,50,0.7857,385,2824
large_rs3,khot_rank,1,51,0.7679,398,2864
large_rs3,khot_rank,1,52,0.7679,398,2880
large_rs3,khot_rank,1,53,0.7589,401,2894
large_rs3,khot_rank,1,54,0.7768,405,2917
large_rs3,khot_rank,1,55,0.7768,405,2934
large_rs3,khot_rank,1,56,0.7768,405,2953
large_rs3,khot_rank,1,57,0.8036,408,2985
large_rs3,khot_rank,1,58,0.8214,414,2996
large_rs3,khot_rank,1,59,0.8214,414,2999
large_rs3,khot_rank,1,60,0.8304,417,3021
large_rs3,khot_rank,1,61,0.8393,418,3047
large_rs3,khot_rank,1,62,0.8393,418,3068
large_rs3,khot_rank,1,63,0.8304,420,3094
large_rs3,khot_rank,1,64,0.8304,420,3119
large_rs3,khot_rank,1,65,0.8304,420,3143
large_rs3,khot_rank,1,66,0.8304,420,3167
large_rs3,khot_rank,1,67,0.8304,420,3186
large_rs3,khot_rank,1,68,0.8482,421,3226
large_rs3,khot_rank,1,69,0.8125,422,3248
large_rs3,khot_rank,1,70,0.8125,422,3264
large_rs3,khot_rank,1,71,0.8125,422,3285
large_rs3,khot_rank,1,72,0.8125,422,3294
large_rs3,khot_rank,1,73,0.7946,426,3313
large_rs3,khot_rank,1,74,0.7768,444,3342
large_rs3,khot_rank,1,75,0.7768,444,3354
large_rs3,khot_rank,1,76,0.7768,444,3357
large_rs3,khot_rank,1,77,0.8304,446,3381
large_rs3,khot_rank,1,78,0.8304,446,3387
large_rs3,khot_rank,1,79,0.7589,457,3417
large_rs3,khot_rank,1,80,0.7679,458,3434
large_rs3,khot_rank,1,81,0.7857,463,3461
large_rs3,khot_rank,1,82,0.7857,463,3467
large_rs3,khot_rank,1,83,0.8125,466,3506
large_rs3,khot_rank,1,84,0.7946,468,3516
large_rs3,khot_rank,1,85,0.7946,590,3671
large_rs3,khot_rank,1,86,0.7946,592,3677
large_rs3,khot_rank,1,87,0.7946,592,3691
large_rs3,khot_rank,1,88,0.7411,597,3715
large_rs3,khot_rank,1,89,0.7946,603,3740
large_rs3,khot_rank,1,90,0.7946,603,3743
large_rs3,khot_rank,1,91,0.7946,603,3747
large_rs3,khot_rank,1,92,0.8304,615,3772
large_rs3,khot_rank,1,93,0.8304,615,3796
large_rs3,khot_rank,1,94,0.8304,615,3799
large_rs3,khot_rank,1,95,0.8304,615,3805
large_rs3,khot_rank,1,96,0.8304,615,3829
large_rs3,khot_rank,1,97,0.8304,615,3838
large_rs3,khot_rank,1,98,0.8304,615,3849
large_rs3,khot_rank,1,99,0.8304,615,3871
large_rs3,khot_rank,1,100,0.8125,620,3895
large_rs3,khot_rank,1,101,0.8125,620,3912
large_rs3,khot_rank,1,102,0.8125,620,3925
large_rs3,khot_rank,1,103,0.8125,620,3942
large_rs3,khot_rank,1,104,0.8125,620,3953
large_rs3,khot_rank,1,105,0.8125,620,3967
large_rs3,khot_rank,1,106,0.8125,620,3984
large_rs3,khot_rank,1,107,0.8125,620,4000
large_rs3,khot_rank,1,108,0.8125,620,4020
large_rs3,khot_rank,1,109,0.8125,620,4041
large_rs3,khot_rank,1,110,0.8304,639,4068
large_rs3,khot_rank,1,111,0.7946,653,4080
large_rs3,khot_rank,1,112,0.8125,675,4113
large_rs3,khot_rank,1,113,0.8125,675,4140
large_rs3,khot_rank,1,114,0.8125,692,4168
large_rs3,khot_rank,1,115,0.8036,696,4189
large_rs3,khot_rank,1,116,0.7946,697,4207
large_rs3,khot_rank,1,117,0.7946,697,4210
large_rs3,khot_rank,1,118,0.7946,697,4236
large_rs3,khot_rank,1,119,0.7857,699,4257
large_rs3,khot_rank,1,120,0.7857,699,4265
large_rs3,khot_rank,1,121,0.8036,703,4291
large_rs3,khot_rank,1,122,0.8036,703,4318
large_rs3,khot_rank,1,123,0.8036,703,4335
large_rs3,khot_rank,1,124,0.8036,713,4350
large_rs3,khot_rank,1,125,0.8214,714,4367
large_rs3,khot_rank,1,126,0.8214,714,4376
large_rs3,khot_rank,1,127,0.8214,714,4387
large_rs3,khot_rank,1,128,0.7946,715,4404
large_rs3,khot_rank,1,129,0.7946,716,4425
large_rs3,khot_rank,1,130,0.7946,716,4426
large_rs3,khot_rank,1,131,0.7946,716,4433
large_rs3,khot_rank,1,132,0.7946,716,4453
large_rs3,khot_rank,1,133,0.8036,717,4473
large_rs3,khot_rank,1,134,0.8125,724,4505
large_rs3,khot_rank,1,135,0.8125,728,4514
large_rs3,khot_rank,1,136,0.8125,728,4515
large_rs3,khot_rank,1,137,0.8125,728,4521
large_rs3,khot_rank,1,138,0.8125,728,4543
large_rs3,khot_rank,1,139,0.8125,728,4545
large_rs3,khot_rank,1,140,0.8125,728,4556
large_rs3,khot_rank,1,141,0.8125,728,4581
large_rs3,khot_rank,1,142,0.8125,728,4607
large_rs3,khot_rank,1,143,0.8125,728,4614
large_rs3,khot_rank,1,144,0.8304,731,4639
large_rs3,khot_rank,1,145,0.8304,731,4644
large_rs3,khot_rank,1,146,0.8393,733,4673
large_rs3,khot_rank,1,147,0.8393,733,4702
large_rs3,khot_rank,1,148,0.8393,733,4715
large_rs3,khot_rank,1,149,0.8393,733,4734
large_rs3,khot_rank,1,150,0.8393,733,4759
large_rs3,khot_rank,1,151,0.8393,733,4782
large_rs3,khot_rank,1,152,0.8304,734,4797
large_rs3,khot_rank,1,153,0.8304,1077,4804
large_rs3,khot_rank,1,154,0.8571,1088,4837
large_rs3,khot_rank,1,155,0.8482,1089,4861
large_rs3,khot_rank,1,156,0.8661,1095,4887
large_rs3,khot_rank,1,157,0.8482,1101,4912
large_rs3,khot_rank,1,158,0.8482,1101,4919
large_rs3,khot_rank,1,159,0.8482,1101,4935
large_rs3,khot_rank,1,160,0.8482,1101,4943
large_rs3,khot_rank,1,161,0.8482,1102,4966
large_rs3,khot_rank,1,162,0.8482,1102,4979
large_rs3,khot_rank,1,163,0.8482,1102,4994
large_rs3,khot_rank,1,164,0.8304,1104,5019
large_rs3,khot_rank,1,165,0.8125,1112,5030
large_rs3,khot_rank,1,166,0.8036,1182,5117
large_rs3,khot_rank,1,167,0.8036,1183,5125
large_rs3,khot_rank,1,168,0.8036,1227,5189
large_rs3,khot_rank,1,169,0.8036,1227,5200
large_rs3,khot_rank,1,170,0.8036,1227,5206
large_rs3,khot_rank,1,171,0.8036,1227,5210
large_rs3,khot_rank,1,172,0.8036,1227,5228
large_rs3,khot_rank,1,173,0.8036,1227,5235
large_rs3,khot_rank,1,174,0.8036,1227,5252
large_rs3,khot_rank,1,175,0.8036,1227,5277
large_rs3,khot_rank,1,176,0.8036,1227,5299
large_rs3,khot_rank,1,177,0.8036,1227,5319
large_rs3,khot_rank,1,178,0.8125,1228,5344
large_rs3,khot_rank,1,179,0.8036,1240,5372
large_rs3,khot_rank,1,180,0.8036,1240,5400
large_rs3,khot_rank,1,181,0.7946,1241,5417
large_rs3,khot_rank,1,182,0.8393,1251,5450
large_rs3,khot_rank,1,183,0.8393,1251,5472
large_rs3,khot_rank,1,184,0.8214,1253,5500
large_rs3,khot_rank,1,185,0.8214,1253,5509
large_rs3,khot_rank,1,186,0.8214,1253,5515
large_rs3,khot_rank,1,187,0.8214,1256,5518
large_rs3,khot_rank,1,188,0.8214,1256,5533
large_rs3,khot_rank,1,189,0.8125,1267,5555
large_rs3,khot_rank,1,190,0.8214,1268,5566
large_rs3,khot_rank,1,191,0.8304,1272,5579
large_rs3,khot_rank,1,192,0.8214,1273,5595
large_rs3,khot_rank,1,193,0.8214,1273,5599
large_rs3,khot_rank,1,194,0.8214,1273,5624
large_rs3,khot_rank,1,195,0.8304,1277,5650
large_rs3,khot_rank,1,196,0.8304,1277,5677
large_rs3,khot_rank,1,197,0.8214,1278,5689
large_rs3,khot_rank,1,198,0.8214,1278,5712
large_rs3,khot_rank,1,199,0.8304,1279,5723
large_rs3,khot_rank,1,200,0.8304,1280,5739
large_rs3,khot_rank,1,201,0.8304,1292,5775
large_rs3,khot_rank,1,202,0.8125,1293,5796
large_rs3,khot_rank,1,203,0.8125,1294,5814
large_rs3,khot_rank,1,204,0.8125,1294,5835
large_rs3,khot_rank,1,205,0.8214,1299,5856
large_rs3,khot_rank,1,206,0.8214,1299,5871
large_rs3,khot_rank,1,207,0.8125,1300,5890
large_rs3,khot_rank,1,208,0.8214,1302,5908
large_rs3,khot_rank,1,209,0.8214,1302,5933
large_rs3,khot_rank,1,210,0.8214,1302,5938
large_rs3,khot_rank,1,211,0.8214,1304,5960
large_rs3,khot_rank,1,212,0.8214,1304,5961
large_rs3,khot_rank,1,213,0.8393,1305,5977
large_rs3,khot_rank,1,214,0.8214,1306,5987
large_rs3,khot_rank,1,215,0.8214,1306,6004
large_rs3,khot_rank,1,216,0.8214,1306,6017
large_rs3,khot_rank,1,217,0.8304,1307,6043
large_rs3,khot_rank,1,218,0.8304,1307,6060
large_rs3,khot_rank,1,219,0.8304,1307,6065
large_rs3,khot_rank,1,220,0.8304,1307,6086
large_rs3,khot_rank,1,221,0.8304,1307,6100
large_rs3,khot_rank,1,222,0.8304,1307,6106
large_rs3,khot_rank,1,223,0.8304,1307,6118
large_rs3,khot_rank,1,224,0.8304,1307,6131
large_rs3,khot_rank,1,225,0.8304,1307,6142
large_rs3,khot_rank,1,226,0.8304,1308,6165
large_rs3,khot_rank,1,227,0.8304,1313,6183
large_rs3,khot_rank,1,228,0.8304,1313,6200
large_rs3,khot_rank,1,229,0.8125,1656,6207
large_rs3,khot_rank,1,230,0.8214,1660,6213
large_rs3,khot_rank,1,231,0.8304,1661,6237
large_rs3,khot_rank,1,232,0.8304,1661,6265
large_rs3,khot_rank,1,233,0.8304,1661,6273
large_rs3,khot_rank,1,234,0.8214,1669,6299
large_rs3,khot_rank,1,235,0.7857,1670,6320
large_rs3,khot_rank,1,236,0.7857,1839,6501
large_rs3,khot_rank,1,237,0.8036,1840,6518
large_rs3,khot_rank,1,238,0.8036,1840,6521
large_rs3,khot_rank,1,239,0.8036,1847,6543
large_rs3,khot_rank,1,240,0.8482,2043,6697
large_rs3,khot_rank,1,241,0.8571,2044,6710
large_rs3,khot_rank,1,242,0.8661,2045,6722
large_rs3,khot_rank,1,243,0.8661,2214,6903
large_rs3,khot_rank,1,244,0.8661,2214,6906
large_rs3,khot_rank,1,245,0.8661,2381,7089
large_rs3,khot_rank,1,246,0.8661,2549,7271
large_rs3,khot_rank,1,247,0.8661,2550,7289
large_rs3,khot_rank,1,248,0.8661,2724,7465
large_rs3,khot_rank,1,249,0.8661,2752,7515
large_rs3,khot_rank,1,250,0.8661,2920,7697
large_rs3,khot_rank,1,251,0.8661,2920,7709
large_rs3,khot_rank,1,252,0.8661,2920,7731
large_rs3,khot_rank,1,253,0.8661,2920,7752
large_rs3,khot_rank,1,254,0.8661,2935,7780
large_rs3,khot_rank,1,255,0.8661,2936,7786
large_rs3,khot_rank,1,256,0.8661,2936,7804
large_rs3,khot_rank,1,257,0.8661,3105,7985
large_rs3,khot_rank,1,258,0.8393,3241,8140
large_rs3,khot_rank,1,259,0.8482,3441,8155
large_rs3,khot_rank,1,260,0.8482,3445,8178
large_rs3,khot_rank,1,261,0.8482,3445,8192
large_rs3,khot_rank,1,262,0.8482,3446,8211
large_rs3,khot_rank,1,263,0.8393,3447,8232
large_rs3,khot_rank,1,264,0.8482,3452,8262
large_rs3,khot_rank,1,265,0.8482,3452,8279
large_rs3,khot_rank,1,266,0.8482,3452,8290
large_rs3,khot_rank,1,267,0.8482,3452,8297
large_rs3,khot_rank,1,268,0.8304,3455,8321
large_rs3,khot_rank,1,269,0.8304,3455,8332
large_rs3,khot_rank,1,270,0.8304,3455,8336
large_rs3,khot_rank,1,271,0.8304,3455,8343
large_rs3,khot_rank,1,272,0.8304,3455,8350
large_rs3,khot_rank,1,273,0.8304,3607,8525
large_rs3,khot_rank,1,274,0.8304,3607,8527
large_rs3,khot_rank,1,275,0.8304,3607,8530
large_rs3,khot_rank,1,276,0.8304,3607,8535
large_rs3,khot_rank,1,277,0.8304,3607,8541
large_rs3,khot_rank,1,278,0.8304,3779,8719
large_rs3,khot_rank,1,279,0.8304,3950,8898
large_rs3,khot_rank,1,280,0.8304,4119,9079
large_rs3,khot_rank,1,281,0.8304,4286,9262
large_rs3,khot_rank,1,282,0.8393,4341,9341
large_rs3,khot_rank,1,283,0.8393,4341,9346
large_rs3,khot_rank,1,284,0.8393,4341,9352
large_rs3,khot_rank,1,285,0.8393,4342,9377
large_rs3,khot_rank,1,286,0.8750,4354,9402
large_rs3,khot_rank,1,287,0.8750,4355,9431
large_rs3,khot_rank,1,288,0.8750,4355,9433
large_rs3,khot_rank,1,289,0.8750,4355,9443
large_rs3,khot_rank,1,290,0.8750,4355,9444
large_rs3,khot_rank,1,291,0.8929,4368,9454
large_rs3,khot_rank,1,292,0.8929,4369,9478
large_rs3,khot_rank,1,293,0.8661,4372,9503
large_rs3,khot_rank,1,294,0.8750,4374,9531
large_rs3,khot_rank,1,295,0.8750,4374,9548
large_rs3,khot_rank,1,296,0.8661,4377,9560
large_rs3,khot_rank,1,297,0.8661,4377,9577
large_rs3,khot_rank,1,298,0.8661,4377,9590
large_rs3,khot_rank,1,299,0.8750,4378,9615
large_rs3,kc_delta,1,0,0.4196,350,0
large_rs3,kc_delta,1,1,0.4911,700,0
large_rs3,kc_delta,1,2,0.4643,807,0
large_rs3,kc_delta,1,3,0.4911,1157,0
large_rs3,kc_delta,1,4,0.5625,1507,0
large_rs3,kc_delta,1,5,0.6429,1800,0
large_rs3,kc_delta,1,6,0.6607,2079,0
large_rs3,kc_delta,1,7,0.6518,2080,0
large_rs3,kc_delta,1,8,0.6339,2128,0
large_rs3,kc_delta,1,9,0.6518,2146,0
large_rs3,kc_delta,1,10,0.6518,2198,0
large_rs3,kc_delta,1,11,0.5893,2548,0
large_rs3,kc_delta,1,12,0.6071,2824,0
large_rs3,kc_delta,1,13,0.6339,2870,0
large_rs3,kc_delta,1,14,0.6429,2889,0
large_rs3,kc_delta,1,15,0.6339,2905,0
large_rs3,kc_delta,1,16,0.6964,3044,0
large_rs3,kc_delta,1,17,0.7321,3224,0
large_rs3,kc_delta,1,18,0.7232,3244,0
large_rs3,kc_delta,1,19,0.7232,3261,0
large_rs3,kc_delta,1,20,0.7054,3267,0
large_rs3,kc_delta,1,21,0.6786,3617,0
large_rs3,kc_delta,1,22,0.6786,3619,0
large_rs3,kc_delta,1,23,0.6786,3623,0
large_rs3,kc_delta,1,24,0.6607,3638,0
large_rs3,kc_delta,1,25,0.6786,3652,0
large_rs3,kc_delta,1,26,0.6964,3812,0
large_rs3,kc_delta,1,27,0.7054,3851,0
large_rs3,kc_delta,1,28,0.6964,3882,0
large_rs3,kc_delta,1,29,0.6875,3957,0
large_rs3,kc_delta,1,30,0.7054,3960,0
large_rs3,kc_delta,1,31,0.7857,4105,0
large_rs3,kc_delta,1,32,0.7857,4120,0
large_rs3,kc_delta,1,33,0.7857,4146,0
large_rs3,kc_delta,1,34,0.7768,4163,0
large_rs3,kc_delta,1,35,0.7946,4174,0
large_rs3,kc_delta,1,36,0.7946,4188,0
large_rs3,kc_delta,1,37,0.7857,4208,0
large_rs3,kc_delta,1,38,0.7768,4259,0
large_rs3,kc_delta,1,39,0.8036,4321,0
large_rs3,kc_delta,1,40,0.7946,4340,0
large_rs3,kc_delta,1,41,0.7857,4355,0
large_rs3,kc_delta,1,42,0.7589,4705,0
large_rs3,kc_delta,1,43,0.7679,4710,0
large_rs3,kc_delta,1,44,0.7679,4711,0
large_rs3,kc_delta,1,45,0.7589,4718,0
large_rs3,kc_delta,1,46,0.7589,4739,0
large_rs3,kc_delta,1,47,0.7589,4757,0
large_rs3,kc_delta,1,48,0.7768,4788,0
large_rs3,kc_delta,1,49,0.8750,4928,0
large_rs3,kc_delta,1,50,0.8661,4968,0
large_rs3,kc_delta,1,51,0.8482,5015,0
large_rs3,kc_delta,1,52,0.8482,5038,0
large_rs3,kc_delta,1,53,0.8482,5053,0
large_rs3,kc_delta,1,54,0.8750,5081,0
large_rs3,kc_delta,1,55,0.8482,5100,0
large_rs3,kc_delta,1,56,0.8482,5118,0
large_rs3,kc_delta,1,57,0.8661,5157,0
large_rs3,kc_delta,1,58,0.8839,5171,0
large_rs3,kc_delta,1,59,0.8839,5174,0
large_rs3,kc_delta,1,60,0.8750,5194,0
large_rs3,kc_delta,1,61,0.8393,5218,0
large_rs3,kc_delta,1,62,0.8750,5239,0
large_rs3,kc_delta,1,63,0.8661,5264,0
large_rs3,kc_delta,1,64,0.8482,5289,0
large_rs3,kc_delta,1,65,0.8482,5313,0
large_rs3,kc_delta,1,66,0.8839,5352,0
large_rs3,kc_delta,1,67,0.8750,5371,0
large_rs3,kc_delta,1,68,0.8839,5404,0
large_rs3,kc_delta,1,69,0.8839,5427,0
large_rs3,kc_delta,1,70,0.8661,5444,0
large_rs3,kc_delta,1,71,0.8661,5464,0
large_rs3,kc_delta,1,72,0.8482,5473,0
large_rs3,kc_delta,1,73,0.8571,5493,0
large_rs3,kc_delta,1,74,0.8929,5523,0
large_rs3,kc_delta,1,75,0.8929,5535,0
large_rs3,kc_delta,1,76,0.8929,5538,0
large_rs3,kc_delta,1,77,0.8839,5562,0
large_rs3,kc_delta,1,78,0.8929,5568,0
large_rs3,kc_delta,1,79,0.9107,5634,0
large_rs3,kc_delta,1,80,0.9107,5651,0
large_rs3,kc_delta,1,81,0.9107,5679,0
large_rs3,kc_delta,1,82,0.9107,5685,0
large_rs3,kc_delta,1,83,0.9464,5855,0
large_rs3,kc_delta,1,84,0.9464,5866,0
large_rs3,kc_delta,1,85,0.9375,5890,0
large_rs3,kc_delta,1,86,0.9375,5896,0
large_rs3,kc_delta,1,87,0.9375,5910,0
large_rs3,kc_delta,1,88,0.9286,5928,0
large_rs3,kc_delta,1,89,0.9375,5951,0
large_rs3,kc_delta,1,90,0.9375,5954,0
large_rs3,kc_delta,1,91,0.9375,5958,0
large_rs3,kc_delta,1,92,0.9375,5985,0
large_rs3,kc_delta,1,93,0.9375,6008,0
large_rs3,kc_delta,1,94,0.9375,6011,0
large_rs3,kc_delta,1,95,0.9375,6017,0
large_rs3,kc_delta,1,96,0.9375,6042,0
large_rs3,kc_delta,1,97,0.9375,6051,0
large_rs3,kc_delta,1,98,0.9375,6063,0
large_rs3,kc_delta,1,99,0.9286,6085,0
large_rs3,kc_delta,1,100,0.9196,6109,0
large_rs3,kc_delta,1,101,0.9286,6126,0
large_rs3,kc_delta,1,102,0.9375,6139,0
large_rs3,kc_delta,1,103,0.9375,6155,0
large_rs3,kc_delta,1,104,0.9375,6166,0
large_rs3,kc_delta,1,105,0.9375,6180,0
large_rs3,kc_delta,1,106,0.9375,6197,0
large_rs3,kc_delta,1,107,0.9286,6213,0
large_rs3,kc_delta,1,108,0.9286,6235,0
large_rs3,kc_delta,1,109,0.9286,6257,0
large_rs3,kc_delta,1,110,0.9107,6285,0
large_rs3,kc_delta,1,111,0.9196,6299,0
large_rs3,kc_delta,1,112,0.9375,6603,0
large_rs3,kc_delta,1,113,0.9375,6630,0
large_rs3,kc_delta,1,114,0.9375,6655,0
large_rs3,kc_delta,1,115,0.9375,6678,0
large_rs3,kc_delta,1,116,0.9375,6697,0
large_rs3,kc_delta,1,117,0.9375,6700,0
large_rs3,kc_delta,1,118,0.9375,6726,0
large_rs3,kc_delta,1,119,0.9375,6747,0
large_rs3,kc_delta,1,120,0.9464,6753,0
large_rs3,kc_delta,1,121,0.9286,6778,0
large_rs3,kc_delta,1,122,0.9464,6806,0
large_rs3,kc_delta,1,123,0.9554,6824,0
large_rs3,kc_delta,1,124,0.9643,6840,0
large_rs3,kc_delta,1,125,0.9554,6856,0
large_rs3,kc_delta,1,126,0.9554,6865,0
large_rs3,kc_delta,1,127,0.9554,6876,0
large_rs3,kc_delta,1,128,0.9554,6894,0
large_rs3,kc_delta,1,129,0.9554,6917,0
large_rs3,kc_delta,1,130,0.9554,6918,0
large_rs3,kc_delta,1,131,0.9554,6925,0
large_rs3,kc_delta,1,132,0.9554,6945,0
large_rs3,kc_delta,1,133,0.9554,6964,0
large_rs3,kc_delta,1,134,0.9464,6993,0
large_rs3,kc_delta,1,135,0.9643,7011,0
large_rs3,kc_delta,1,136,0.9643,7012,0
large_rs3,kc_delta,1,137,0.9643,7018,0
large_rs3,kc_delta,1,138,0.9554,7040,0
large_rs3,kc_delta,1,139,0.9554,7042,0
large_rs3,kc_delta,1,140,0.9554,7053,0
large_rs3,kc_delta,1,141,0.9643,7078,0
large_rs3,kc_delta,1,142,0.9643,7104,0
large_rs3,kc_delta,1,143,0.9643,7111,0
large_rs3,kc_delta,1,144,0.9643,7137,0
large_rs3,kc_delta,1,145,0.9643,7142,0
large_rs3,kc_delta,1,146,0.9732,7169,0
large_rs3,kc_delta,1,147,0.9554,7197,0
large_rs3,kc_delta,1,148,0.9643,7210,0
large_rs3,kc_delta,1,149,0.9554,7229,0
large_rs3,kc_delta,1,150,0.9554,7254,0
large_rs3,kc_delta,1,151,0.9464,7279,0
large_rs3,kc_delta,1,152,0.9464,7295,0
large_rs3,kc_delta,1,153,0.9643,7376,0
large_rs3,kc_delta,1,154,0.9554,7402,0
large_rs3,kc_delta,1,155,0.9464,7428,0
large_rs3,kc_delta,1,156,0.9554,7458,0
large_rs3,kc_delta,1,157,0.9554,7484,0
large_rs3,kc_delta,1,158,0.9554,7491,0
large_rs3,kc_delta,1,159,0.9554,7505,0
large_rs3,kc_delta,1,160,0.9554,7513,0
large_rs3,kc_delta,1,161,0.9464,7537,0
large_rs3,kc_delta,1,162,0.9554,7554,0
large_rs3,kc_delta,1,163,0.9554,7569,0
large_rs3,kc_delta,1,164,0.9464,7596,0
large_rs3,kc_delta,1,165,0.9464,7608,0
large_rs3,kc_delta,1,166,0.9464,7627,0
large_rs3,kc_delta,1,167,0.9464,7636,0
large_rs3,kc_delta,1,168,0.9375,7661,0
large_rs3,kc_delta,1,169,0.9464,7674,0
large_rs3,kc_delta,1,170,0.9464,7680,0
large_rs3,kc_delta,1,171,0.9464,7684,0
large_rs3,kc_delta,1,172,0.9464,7702,0
large_rs3,kc_delta,1,173,0.9464,7709,0
large_rs3,kc_delta,1,174,0.9464,7726,0
large_rs3,kc_delta,1,175,0.9464,7751,0
large_rs3,kc_delta,1,176,0.9554,7774,0
large_rs3,kc_delta,1,177,0.9554,7794,0
large_rs3,kc_delta,1,178,0.9643,7821,0
large_rs3,kc_delta,1,179,0.9643,7872,0
large_rs3,kc_delta,1,180,0.9554,7899,0
large_rs3,kc_delta,1,181,0.9554,7915,0
large_rs3,kc_delta,1,182,0.9554,7945,0
large_rs3,kc_delta,1,183,0.9554,7967,0
large_rs3,kc_delta,1,184,0.9464,7995,0
large_rs3,kc_delta,1,185,0.9464,8004,0
large_rs3,kc_delta,1,186,0.9464,8010,0
large_rs3,kc_delta,1,187,0.9464,8014,0
large_rs3,kc_delta,1,188,0.9554,8031,0
large_rs3,kc_delta,1,189,0.9554,8058,0
large_rs3,kc_delta,1,190,0.9554,8069,0
large_rs3,kc_delta,1,191,0.9554,8083,0
large_rs3,kc_delta,1,192,0.9554,8100,0
large_rs3,kc_delta,1,193,0.9554,8104,0
large_rs3,kc_delta,1,194,0.9554,8129,0
large_rs3,kc_delta,1,195,0.9375,8155,0
large_rs3,kc_delta,1,196,0.9554,8184,0
large_rs3,kc_delta,1,197,0.9554,8199,0
large_rs3,kc_delta,1,198,0.9554,8223,0
large_rs3,kc_delta,1,199,0.9554,8234,0
large_rs3,kc_delta,1,200,0.9643,8261,0
large_rs3,kc_delta,1,201,0.9643,8288,0
large_rs3,kc_delta,1,202,0.9554,8310,0
large_rs3,kc_delta,1,203,0.9464,8327,0
large_rs3,kc_delta,1,204,0.9464,8351,0
large_rs3,kc_delta,1,205,0.9464,8374,0
large_rs3,kc_delta,1,206,0.9464,8389,0
large_rs3,kc_delta,1,207,0.9643,8411,0
large_rs3,kc_delta,1,208,0.9643,8430,0
large_rs3,kc_delta,1,209,0.9643,8455,0
large_rs3,kc_delta,1,210,0.9643,8460,0
large_rs3,kc_delta,1,211,0.9643,8483,0
large_rs3,kc_delta,1,212,0.9643,8484,0
large_rs3,kc_delta,1,213,0.9643,8501,0
large_rs3,kc_delta,1,214,0.9643,8512,0
large_rs3,kc_delta,1,215,0.9643,8529,0
large_rs3,kc_delta,1,216,0.9643,8542,0
large_rs3,kc_delta,1,217,0.9643,8567,0
large_rs3,kc_delta,1,218,0.9643,8584,0
large_rs3,kc_delta,1,219,0.9643,8589,0
large_rs3,kc_delta,1,220,0.9643,8610,0
large_rs3,kc_delta,1,221,0.9643,8624,0
large_rs3,kc_delta,1,222,0.9643,8630,0
large_rs3,kc_delta,1,223,0.9643,8642,0
large_rs3,kc_delta,1,224,0.9643,8655,0
large_rs3,kc_delta,1,225,0.9643,8666,0
large_rs3,kc_delta,1,226,0.9643,8690,0
large_rs3,kc_delta,1,227,0.9643,8708,0
large_rs3,kc_delta,1,228,0.9643,8725,0
large_rs3,kc_delta,1,229,0.9643,8741,0
large_rs3,kc_delta,1,230,0.9554,8749,0
large_rs3,kc_delta,1,231,0.9554,8774,0
large_rs3,kc_delta,1,232,0.9464,8802,0
large_rs3,kc_delta,1,233,0.9464,8810,0
large_rs3,kc_delta,1,234,0.9375,8839,0
large_rs3,kc_delta,1,235,0.9375,8862,0
large_rs3,kc_delta,1,236,0.9464,8886,0
large_rs3,kc_delta,1,237,0.9464,8903,0
large_rs3,kc_delta,1,238,0.9464,8906,0
large_rs3,kc_delta,1,239,0.9464,8930,0
large_rs3,kc_delta,1,240,0.9464,8959,0
large_rs3,kc_delta,1,241,0.9464,8971,0
large_rs3,kc_delta,1,242,0.9464,8983,0
large_rs3,kc_delta,1,243,0.9554,9011,0
large_rs3,kc_delta,1,244,0.9464,9014,0
large_rs3,kc_delta,1,245,0.9554,9045,0
large_rs3,kc_delta,1,246,0.9554,9070,0
large_rs3,kc_delta,1,247,0.9554,9085,0
large_rs3,kc_delta,1,248,0.9554,9100,0
large_rs3,kc_delta,1,249,0.9554,9124,0
large_rs3,kc_delta,1,250,0.9554,9150,0
large_rs3,kc_delta,1,251,0.9375,9162,0
large_rs3,kc_delta,1,252,0.9375,9185,0
large_rs3,kc_delta,1,253,0.9375,9207,0
large_rs3,kc_delta,1,254,0.9464,9223,0
large_rs3,kc_delta,1,255,0.9643,9231,0
large_rs3,kc_delta,1,256,0.9643,9249,0
large_rs3,kc_delta,1,257,0.9643,9271,0
large_rs3,kc_delta,1,258,0.9643,9296,0
large_rs3,kc_delta,1,259,0.9554,9311,0
large_rs3,kc_delta,1,260,0.9643,9334,0
large_rs3,kc_delta,1,261,0.9643,9348,0
large_rs3,kc_delta,1,262,0.9643,9370,0
large_rs3,kc_delta,1,263,0.9643,9392,0
large_rs3,kc_delta,1,264,0.9643,9419,0
large_rs3,kc_delta,1,265,0.9643,9436,0
large_rs3,kc_delta,1,266,0.9643,9447,0
large_rs3,kc_delta,1,267,0.9643,9454,0
large_rs3,kc_delta,1,268,0.9643,9480,0
large_rs3,kc_delta,1,269,0.9643,9491,0
large_rs3,kc_delta,1,270,0.9643,9495,0
large_rs3,kc_delta,1,271,0.9643,9502,0
large_rs3,kc_delta,1,272,0.9643,9509,0
large_rs3,kc_delta,1,273,0.9732,9534,0
large_rs3,kc_delta,1,274,0.9732,9536,0
large_rs3,kc_delta,1,275,0.9732,9539,0
large_rs3,kc_delta,1,276,0.9732,9544,0
large_rs3,kc_delta,1,277,0.9732,9550,0
large_rs3,kc_delta,1,278,0.9732,9576,0
large_rs3,kc_delta,1,279,0.9732,9596,0
large_rs3,kc_delta,1,280,0.9732,9618,0
large_rs3,kc_delta,1,281,0.9732,9646,0
large_rs3,kc_delta,1,282,0.9732,9670,0
large_rs3,kc_delta,1,283,0.9732,9675,0
large_rs3,kc_delta,1,284,0.9732,9681,0
large_rs3,kc_delta,1,285,0.9286,9707,0
large_rs3,kc_delta,1,286,0.9554,9735,0
large_rs3,kc_delta,1,287,0.9464,9764,0
large_rs3,kc_delta,1,288,0.9464,9766,0
large_rs3,kc_delta,1,289,0.9643,9778,0
large_rs3,kc_delta,1,290,0.9643,9779,0
large_rs3,kc_delta,1,291,0.9643,9797,0
large_rs3,kc_delta,1,292,0.9643,9822,0
large_rs3,kc_delta,1,293,0.9554,9846,0
large_rs3,kc_delta,1,294,0.9643,9877,0
large_rs3,kc_delta,1,295,0.9643,9893,0
large_rs3,kc_delta,1,296,0.9464,9907,0
large_rs3,kc_delta,1,297,0.9643,9924,0
large_rs3,kc_delta,1,298,0.9554,9937,0
large_rs3,kc_delta,1,299,0.9643,9961,0
large_rs3,rand_delta,1,0,0.5000,350,0
large_rs3,rand_delta,1,1,0.5714,700,0
large_rs3,rand_delta,1,2,0.4821,807,0
large_rs3,rand_delta,1,3,0.6518,1157,0
large_rs3,rand_delta,1,4,0.7411,1507,0
large_rs3,rand_delta,1,5,0.8036,1827,0
large_rs3,rand_delta,1,6,0.8214,2000,0
large_rs3,rand_delta,1,7,0.8214,2001,0
large_rs3,rand_delta,1,8,0.8304,2020,0
large_rs3,rand_delta,1,9,0.8125,2038,0
large_rs3,rand_delta,1,10,0.7768,2053,0
large_rs3,rand_delta,1,11,0.7946,2227,0
large_rs3,rand_delta,1,12,0.8661,2314,0
large_rs3,rand_delta,1,13,0.8482,2333,0
large_rs3,rand_delta,1,14,0.7768,2366,0
large_rs3,rand_delta,1,15,0.7679,2384,0
large_rs3,rand_delta,1,16,0.7768,2406,0
large_rs3,rand_delta,1,17,0.7857,2439,0
large_rs3,rand_delta,1,18,0.7857,2456,0
large_rs3,rand_delta,1,19,0.8036,2471,0
large_rs3,rand_delta,1,20,0.7768,2479,0
large_rs3,rand_delta,1,21,0.7857,2638,0
large_rs3,rand_delta,1,22,0.7857,2640,0
large_rs3,rand_delta,1,23,0.7857,2642,0
large_rs3,rand_delta,1,24,0.7857,2654,0
large_rs3,rand_delta,1,25,0.8214,2685,0
large_rs3,rand_delta,1,26,0.8214,2710,0
large_rs3,rand_delta,1,27,0.8304,2748,0
large_rs3,rand_delta,1,28,0.8482,2770,0
large_rs3,rand_delta,1,29,0.8750,2816,0
large_rs3,rand_delta,1,30,0.8839,2819,0
large_rs3,rand_delta,1,31,0.8661,2847,0
large_rs3,rand_delta,1,32,0.8661,2863,0
large_rs3,rand_delta,1,33,0.8661,2884,0
large_rs3,rand_delta,1,34,0.8661,2900,0
large_rs3,rand_delta,1,35,0.8661,2910,0
large_rs3,rand_delta,1,36,0.8661,2923,0
large_rs3,rand_delta,1,37,0.8661,2944,0
large_rs3,rand_delta,1,38,0.8929,2993,0
large_rs3,rand_delta,1,39,0.8929,3023,0
large_rs3,rand_delta,1,40,0.8929,3042,0
large_rs3,rand_delta,1,41,0.8929,3059,0
large_rs3,rand_delta,1,42,0.9196,3409,0
large_rs3,rand_delta,1,43,0.9196,3414,0
large_rs3,rand_delta,1,44,0.9196,3415,0
large_rs3,rand_delta,1,45,0.9196,3424,0
large_rs3,rand_delta,1,46,0.9196,3437,0
large_rs3,rand_delta,1,47,0.9107,3454,0
large_rs3,rand_delta,1,48,0.9196,3514,0
large_rs3,rand_delta,1,49,0.9375,3672,0
large_rs3,rand_delta,1,50,0.9464,3691,0
large_rs3,rand_delta,1,51,0.9464,3716,0
large_rs3,rand_delta,1,52,0.9464,3733,0
large_rs3,rand_delta,1,53,0.9464,3748,0
large_rs3,rand_delta,1,54,0.9375,3774,0
large_rs3,rand_delta,1,55,0.9464,3796,0
large_rs3,rand_delta,1,56,0.9375,3813,0
large_rs3,rand_delta,1,57,0.9375,3839,0
large_rs3,rand_delta,1,58,0.9375,3849,0
large_rs3,rand_delta,1,59,0.9375,3852,0
large_rs3,rand_delta,1,60,0.9375,3872,0
large_rs3,rand_delta,1,61,0.9375,3896,0
large_rs3,rand_delta,1,62,0.9464,3919,0
large_rs3,rand_delta,1,63,0.9464,3944,0
large_rs3,rand_delta,1,64,0.9375,3970,0
large_rs3,rand_delta,1,65,0.9375,3996,0
large_rs3,rand_delta,1,66,0.9375,4019,0
large_rs3,rand_delta,1,67,0.9375,4039,0
large_rs3,rand_delta,1,68,0.9554,4110,0
large_rs3,rand_delta,1,69,0.9554,4131,0
large_rs3,rand_delta,1,70,0.9554,4147,0
large_rs3,rand_delta,1,71,0.9554,4165,0
large_rs3,rand_delta,1,72,0.9554,4174,0
large_rs3,rand_delta,1,73,0.9554,4192,0
large_rs3,rand_delta,1,74,0.9643,4235,0
large_rs3,rand_delta,1,75,0.9643,4247,0
large_rs3,rand_delta,1,76,0.9643,4250,0
large_rs3,rand_delta,1,77,0.9554,4277,0
large_rs3,rand_delta,1,78,0.9554,4283,0
large_rs3,rand_delta,1,79,0.9643,4413,0
large_rs3,rand_delta,1,80,0.9643,4431,0
large_rs3,rand_delta,1,81,0.9732,4460,0
large_rs3,rand_delta,1,82,0.9732,4466,0
large_rs3,rand_delta,1,83,0.9554,4816,0
large_rs3,rand_delta,1,84,0.9554,4827,0
large_rs3,rand_delta,1,85,0.9464,4871,0
large_rs3,rand_delta,1,86,0.9464,4876,0
large_rs3,rand_delta,1,87,0.9464,4890,0
large_rs3,rand_delta,1,88,0.9375,4908,0
large_rs3,rand_delta,1,89,0.9464,4933,0
large_rs3,rand_delta,1,90,0.9554,4937,0
large_rs3,rand_delta,1,91,0.9554,4941,0
large_rs3,rand_delta,1,92,0.9732,4971,0
large_rs3,rand_delta,1,93,0.9732,4994,0
large_rs3,rand_delta,1,94,0.9732,4997,0
large_rs3,rand_delta,1,95,0.9732,5003,0
large_rs3,rand_delta,1,96,0.9732,5031,0
large_rs3,rand_delta,1,97,0.9732,5040,0
large_rs3,rand_delta,1,98,0.9643,5051,0
large_rs3,rand_delta,1,99,0.9732,5073,0
large_rs3,rand_delta,1,100,0.9732,5097,0
large_rs3,rand_delta,1,101,0.9732,5114,0
large_rs3,rand_delta,1,102,0.9732,5127,0
large_rs3,rand_delta,1,103,0.9732,5143,0
large_rs3,rand_delta,1,104,0.9732,5154,0
large_rs3,rand_delta,1,105,0.9732,5168,0
large_rs3,rand_delta,1,106,0.9732,5185,0
large_rs3,rand_delta,1,107,0.9643,5201,0
large_rs3,rand_delta,1,108,0.9643,5221,0
large_rs3,rand_delta,1,109,0.9732,5242,0
large_rs3,rand_delta,1,110,0.9643,5270,0
large_rs3,rand_delta,1,111,0.9643,5282,0
large_rs3,rand_delta,1,112,0.9643,5632,0
large_rs3,rand_delta,1,113,0.9643,5659,0
large_rs3,rand_delta,1,114,0.9643,5682,0
large_rs3,rand_delta,1,115,0.9643,5707,0
large_rs3,rand_delta,1,116,0.9643,5726,0
large_rs3,rand_delta,1,117,0.9643,5729,0
large_rs3,rand_delta,1,118,0.9643,5755,0
large_rs3,rand_delta,1,119,0.9643,5777,0
large_rs3,rand_delta,1,120,0.9643,5783,0
large_rs3,rand_delta,1,121,0.9732,5812,0
large_rs3,rand_delta,1,122,0.9732,5839,0
large_rs3,rand_delta,1,123,0.9732,5856,0
large_rs3,rand_delta,1,124,0.9732,5872,0
large_rs3,rand_delta,1,125,0.9732,5888,0
large_rs3,rand_delta,1,126,0.9732,5898,0
large_rs3,rand_delta,1,127,0.9732,5909,0
large_rs3,rand_delta,1,128,0.9732,5927,0
large_rs3,rand_delta,1,129,0.9732,5948,0
large_rs3,rand_delta,1,130,0.9732,5949,0
large_rs3,rand_delta,1,131,0.9732,5956,0
large_rs3,rand_delta,1,132,0.9732,5978,0
large_rs3,rand_delta,1,133,0.9732,5999,0
large_rs3,rand_delta,1,134,0.9732,6037,0
large_rs3,rand_delta,1,135,0.9732,6048,0
large_rs3,rand_delta,1,136,0.9732,6049,0
large_rs3,rand_delta,1,137,0.9732,6055,0
large_rs3,rand_delta,1,138,0.9732,6077,0
large_rs3,rand_delta,1,139,0.9732,6079,0
large_rs3,rand_delta,1,140,0.9732,6090,0
large_rs3,rand_delta,1,141,0.9732,6115,0
large_rs3,rand_delta,1,142,0.9732,6141,0
large_rs3,rand_delta,1,143,0.9732,6148,0
large_rs3,rand_delta,1,144,0.9732,6174,0
large_rs3,rand_delta,1,145,0.9732,6179,0
large_rs3,rand_delta,1,146,0.9732,6208,0
large_rs3,rand_delta,1,147,0.9732,6236,0
large_rs3,rand_delta,1,148,0.9732,6249,0
large_rs3,rand_delta,1,149,0.9732,6268,0
large_rs3,rand_delta,1,150,0.9732,6293,0
large_rs3,rand_delta,1,151,0.9732,6316,0
large_rs3,rand_delta,1,152,0.9732,6334,0
large_rs3,rand_delta,1,153,0.9732,6363,0
large_rs3,rand_delta,1,154,0.9732,6388,0
large_rs3,rand_delta,1,155,0.9732,6413,0
large_rs3,rand_delta,1,156,0.9732,6441,0
large_rs3,rand_delta,1,157,0.9732,6465,0
large_rs3,rand_delta,1,158,0.9732,6472,0
large_rs3,rand_delta,1,159,0.9732,6487,0
large_rs3,rand_delta,1,160,0.9732,6495,0
large_rs3,rand_delta,1,161,0.9732,6522,0
large_rs3,rand_delta,1,162,0.9732,6535,0
large_rs3,rand_delta,1,163,0.9732,6550,0
large_rs3,rand_delta,1,164,0.9732,6576,0
large_rs3,rand_delta,1,165,0.9732,6588,0
large_rs3,rand_delta,1,166,0.9732,6607,0
large_rs3,rand_delta,1,167,0.9732,6615,0
large_rs3,rand_delta,1,168,0.9732,6640,0
large_rs3,rand_delta,1,169,0.9732,6651,0
large_rs3,rand_delta,1,170,0.9732,6657,0
large_rs3,rand_delta,1,171,0.9732,6661,0
large_rs3,rand_delta,1,172,0.9732,6679,0
large_rs3,rand_delta,1,173,0.9732,6686,0
large_rs3,rand_delta,1,174,0.9732,6703,0
large_rs3,rand_delta,1,175,0.9643,6730,0
large_rs3,rand_delta,1,176,0.9643,6752,0
large_rs3,rand_delta,1,177,0.9643,6772,0
large_rs3,rand_delta,1,178,0.9643,6797,0
large_rs3,rand_delta,1,179,0.9732,6835,0
large_rs3,rand_delta,1,180,0.9732,6865,0
large_rs3,rand_delta,1,181,0.9732,6882,0
large_rs3,rand_delta,1,182,0.9732,6916,0
large_rs3,rand_delta,1,183,0.9732,6938,0
large_rs3,rand_delta,1,184,0.9732,6966,0
large_rs3,rand_delta,1,185,0.9732,6975,0
large_rs3,rand_delta,1,186,0.9732,6981,0
large_rs3,rand_delta,1,187,0.9732,6985,0
large_rs3,rand_delta,1,188,0.9732,7000,0
large_rs3,rand_delta,1,189,0.9732,7025,0
large_rs3,rand_delta,1,190,0.9732,7036,0
large_rs3,rand_delta,1,191,0.9732,7050,0
large_rs3,rand_delta,1,192,0.9732,7067,0
large_rs3,rand_delta,1,193,0.9732,7071,0
large_rs3,rand_delta,1,194,0.9732,7096,0
large_rs3,rand_delta,1,195,0.9643,7124,0
large_rs3,rand_delta,1,196,0.9732,7151,0
large_rs3,rand_delta,1,197,0.9732,7164,0
large_rs3,rand_delta,1,198,0.9643,7187,0
large_rs3,rand_delta,1,199,0.9732,7198,0
large_rs3,rand_delta,1,200,0.9732,7225,0
large_rs3,rand_delta,1,201,0.9732,7252,0
large_rs3,rand_delta,1,202,0.9732,7274,0
large_rs3,rand_delta,1,203,0.9732,7291,0
large_rs3,rand_delta,1,204,0.9732,7312,0
large_rs3,rand_delta,1,205,0.9732,7355,0
large_rs3,rand_delta,1,206,0.9732,7370,0
large_rs3,rand_delta,1,207,0.9732,7390,0
large_rs3,rand_delta,1,208,0.9732,7409,0
large_rs3,rand_delta,1,209,0.9732,7434,0
large_rs3,rand_delta,1,210,0.9732,7439,0
large_rs3,rand_delta,1,211,0.9732,7462,0
large_rs3,rand_delta,1,212,0.9732,7463,0
large_rs3,rand_delta,1,213,0.9732,7480,0
large_rs3,rand_delta,1,214,0.9732,7491,0
large_rs3,rand_delta,1,215,0.9732,7508,0
large_rs3,rand_delta,1,216,0.9643,7521,0
large_rs3,rand_delta,1,217,0.9732,7546,0
large_rs3,rand_delta,1,218,0.9732,7564,0
large_rs3,rand_delta,1,219,0.9732,7569,0
large_rs3,rand_delta,1,220,0.9732,7590,0
large_rs3,rand_delta,1,221,0.9732,7604,0
large_rs3,rand_delta,1,222,0.9732,7610,0
large_rs3,rand_delta,1,223,0.9732,7622,0
large_rs3,rand_delta,1,224,0.9732,7635,0
large_rs3,rand_delta,1,225,0.9732,7646,0
large_rs3,rand_delta,1,226,0.9732,7670,0
large_rs3,rand_delta,1,227,0.9643,7688,0
large_rs3,rand_delta,1,228,0.9643,7705,0
large_rs3,rand_delta,1,229,0.9643,7721,0
large_rs3,rand_delta,1,230,0.9643,7728,0
large_rs3,rand_delta,1,231,0.9643,7753,0
large_rs3,rand_delta,1,232,0.9643,7781,0
large_rs3,rand_delta,1,233,0.9732,7790,0
large_rs3,rand_delta,1,234,0.9732,7816,0
large_rs3,rand_delta,1,235,0.9732,7838,0
large_rs3,rand_delta,1,236,0.9732,7861,0
large_rs3,rand_delta,1,237,0.9732,7878,0
large_rs3,rand_delta,1,238,0.9732,7881,0
large_rs3,rand_delta,1,239,0.9732,7905,0
large_rs3,rand_delta,1,240,0.9732,7938,0
large_rs3,rand_delta,1,241,0.9732,7950,0
large_rs3,rand_delta,1,242,0.9732,7962,0
large_rs3,rand_delta,1,243,0.9732,7990,0
large_rs3,rand_delta,1,244,0.9732,7993,0
large_rs3,rand_delta,1,245,0.9732,8021,0
large_rs3,rand_delta,1,246,0.9732,8046,0
large_rs3,rand_delta,1,247,0.9732,8061,0
large_rs3,rand_delta,1,248,0.9732,8078,0
large_rs3,rand_delta,1,249,0.9732,8101,0
large_rs3,rand_delta,1,250,0.9732,8125,0
large_rs3,rand_delta,1,251,0.9732,8137,0
large_rs3,rand_delta,1,252,0.9732,8158,0
large_rs3,rand_delta,1,253,0.9732,8180,0
large_rs3,rand_delta,1,254,0.9732,8195,0
large_rs3,rand_delta,1,255,0.9732,8202,0
large_rs3,rand_delta,1,256,0.9732,8220,0
large_rs3,rand_delta,1,257,0.9732,8242,0
large_rs3,rand_delta,1,258,0.9732,8268,0
large_rs3,rand_delta,1,259,0.9732,8283,0
large_rs3,rand_delta,1,260,0.9732,8306,0
large_rs3,rand_delta,1,261,0.9732,8320,0
large_rs3,rand_delta,1,262,0.9732,8340,0
large_rs3,rand_delta,1,263,0.9732,8362,0
large_rs3,rand_delta,1,264,0.9732,8391,0
large_rs3,rand_delta,1,265,0.9732,8410,0
large_rs3,rand_delta,1,266,0.9732,8421,0
large_rs3,rand_delta,1,267,0.9732,8428,0
large_rs3,rand_delta,1,268,0.9732,8453,0
large_rs3,rand_delta,1,269,0.9732,8464,0
large_rs3,rand_delta,1,270,0.9732,8468,0
large_rs3,rand_delta,1,271,0.9732,8475,0
large_rs3,rand_delta,1,272,0.9732,8482,0
large_rs3,rand_delta,1,273,0.9732,8506,0
large_rs3,rand_delta,1,274,0.9732,8508,0
large_rs3,rand_delta,1,275,0.9732,8511,0
large_rs3,rand_delta,1,276,0.9732,8516,0
large_rs3,rand_delta,1,277,0.9732,8522,0
large_rs3,rand_delta,1,278,0.9732,8545,0
large_rs3,rand_delta,1,279,0.9732,8565,0
large_rs3,rand_delta,1,280,0.9732,8586,0
large_rs3,rand_delta,1,281,0.9732,8613,0
large_rs3,rand_delta,1,282,0.9732,8635,0
large_rs3,rand_delta,1,283,0.9732,8640,0
large_rs3,rand_delta,1,284,0.9732,8646,0
large_rs3,rand_delta,1,285,0.9732,8672,0
large_rs3,rand_delta,1,286,0.9732,8698,0
large_rs3,rand_delta,1,287,0.9732,8726,0
large_rs3,rand_delta,1,288,0.9732,8728,0
large_rs3,rand_delta,1,289,0.9732,8738,0
large_rs3,rand_delta,1,290,0.9732,8739,0
large_rs3,rand_delta,1,291,0.9732,8748,0
large_rs3,rand_delta,1,292,0.9732,8773,0
large_rs3,rand_delta,1,293,0.9732,8797,0
large_rs3,rand_delta,1,294,0.9643,8828,0
large_rs3,rand_delta,1,295,0.9643,8844,0
large_rs3,rand_delta,1,296,0.9643,8858,0
large_rs3,rand_delta,1,297,0.9643,8875,0
large_rs3,rand_delta,1,298,0.9643,8888,0
large_rs3,rand_delta,1,299,0.9732,8913,0
large_rs3,khot_rank,2,0,0.4018,34,316
large_rs3,khot_rank,2,1,0.4821,58,642
large_rs3,khot_rank,2,2,0.4286,70,817
large_rs3,khot_rank,2,3,0.5268,98,1139
large_rs3,khot_rank,2,4,0.5357,132,1455
large_rs3,khot_rank,2,5,0.5714,150,1482
large_rs3,khot_rank,2,6,0.5536,155,1501
large_rs3,khot_rank,2,7,0.5714,168,1531
large_rs3,khot_rank,2,8,0.6518,174,1559
large_rs3,khot_rank,2,9,0.6607,186,1620
large_rs3,khot_rank,2,10,0.6964,206,1729
large_rs3,khot_rank,2,11,0.6875,210,1734
large_rs3,khot_rank,2,12,0.6786,232,1776
large_rs3,khot_rank,2,13,0.6786,232,1791
large_rs3,khot_rank,2,14,0.6786,232,1796
large_rs3,khot_rank,2,15,0.6786,232,1815
large_rs3,khot_rank,2,16,0.6696,234,1820
large_rs3,khot_rank,2,17,0.6607,238,1829
large_rs3,khot_rank,2,18,0.6786,241,1841
large_rs3,khot_rank,2,19,0.6786,257,1868
large_rs3,khot_rank,2,20,0.6875,260,1886
large_rs3,khot_rank,2,21,0.6875,260,1894
large_rs3,khot_rank,2,22,0.6875,263,1908
large_rs3,khot_rank,2,23,0.7143,264,1921
large_rs3,khot_rank,2,24,0.6875,286,1964
large_rs3,khot_rank,2,25,0.7321,298,1984
large_rs3,khot_rank,2,26,0.7321,298,1991
large_rs3,khot_rank,2,27,0.7321,298,1993
large_rs3,khot_rank,2,28,0.7321,298,2003
large_rs3,khot_rank,2,29,0.7321,298,2016
large_rs3,khot_rank,2,30,0.7054,341,2254
large_rs3,khot_rank,2,31,0.6875,359,2321
large_rs3,khot_rank,2,32,0.6875,359,2337
large_rs3,khot_rank,2,33,0.6696,386,2457
large_rs3,khot_rank,2,34,0.7054,393,2471
large_rs3,khot_rank,2,35,0.7054,393,2473
large_rs3,khot_rank,2,36,0.7143,394,2494
large_rs3,khot_rank,2,37,0.7500,399,2516
large_rs3,khot_rank,2,38,0.7500,399,2526
large_rs3,khot_rank,2,39,0.7500,399,2547
large_rs3,khot_rank,2,40,0.7500,407,2564
large_rs3,khot_rank,2,41,0.7321,410,2603
large_rs3,khot_rank,2,42,0.7411,420,2629
large_rs3,khot_rank,2,43,0.7411,420,2651
large_rs3,khot_rank,2,44,0.7500,421,2662
large_rs3,khot_rank,2,45,0.7500,422,2674
large_rs3,khot_rank,2,46,0.7857,432,2688
large_rs3,khot_rank,2,47,0.8036,444,2715
large_rs3,khot_rank,2,48,0.8125,445,2729
large_rs3,khot_rank,2,49,0.8125,445,2745
large_rs3,khot_rank,2,50,0.8125,445,2757
large_rs3,khot_rank,2,51,0.7768,451,2781
large_rs3,khot_rank,2,52,0.7679,452,2788
large_rs3,khot_rank,2,53,0.7768,453,2816
large_rs3,khot_rank,2,54,0.7768,453,2817
large_rs3,khot_rank,2,55,0.7768,454,2843
large_rs3,khot_rank,2,56,0.7768,454,2849
large_rs3,khot_rank,2,57,0.7857,458,2880
large_rs3,khot_rank,2,58,0.7857,458,2888
large_rs3,khot_rank,2,59,0.7857,458,2915
large_rs3,khot_rank,2,60,0.7857,458,2929
large_rs3,khot_rank,2,61,0.7857,467,3005
large_rs3,khot_rank,2,62,0.7857,467,3010
large_rs3,khot_rank,2,63,0.7768,468,3018
large_rs3,khot_rank,2,64,0.7768,468,3031
large_rs3,khot_rank,2,65,0.8125,470,3053
large_rs3,khot_rank,2,66,0.8036,471,3079
large_rs3,khot_rank,2,67,0.8036,471,3102
large_rs3,khot_rank,2,68,0.8036,471,3114
large_rs3,khot_rank,2,69,0.7679,475,3137
large_rs3,khot_rank,2,70,0.7679,475,3148
large_rs3,khot_rank,2,71,0.7857,480,3169
large_rs3,khot_rank,2,72,0.8125,488,3214
large_rs3,khot_rank,2,73,0.8125,488,3238
large_rs3,khot_rank,2,74,0.8036,489,3245
large_rs3,khot_rank,2,75,0.8393,494,3267
large_rs3,khot_rank,2,76,0.8393,494,3274
large_rs3,khot_rank,2,77,0.8304,495,3294
large_rs3,khot_rank,2,78,0.7857,511,3313
large_rs3,khot_rank,2,79,0.7857,511,3325
large_rs3,khot_rank,2,80,0.7857,511,3333
large_rs3,khot_rank,2,81,0.7946,512,3357
large_rs3,khot_rank,2,82,0.8214,521,3375
large_rs3,khot_rank,2,83,0.8214,521,3384
large_rs3,khot_rank,2,84,0.8214,521,3403
large_rs3,khot_rank,2,85,0.8125,859,3415
large_rs3,khot_rank,2,86,0.8125,859,3438
large_rs3,khot_rank,2,87,0.8214,864,3466
large_rs3,khot_rank,2,88,0.8214,864,3493
large_rs3,khot_rank,2,89,0.8214,864,3503
large_rs3,khot_rank,2,90,0.8214,864,3513
large_rs3,khot_rank,2,91,0.8214,864,3534
large_rs3,khot_rank,2,92,0.8304,865,3550
large_rs3,khot_rank,2,93,0.8304,867,3572
large_rs3,khot_rank,2,94,0.8304,867,3578
large_rs3,khot_rank,2,95,0.8125,919,3608
large_rs3,khot_rank,2,96,0.8304,923,3630
large_rs3,khot_rank,2,97,0.8304,923,3644
large_rs3,khot_rank,2,98,0.8304,926,3671
large_rs3,khot_rank,2,99,0.8304,931,3695
large_rs3,khot_rank,2,100,0.8304,931,3711
large_rs3,khot_rank,2,101,0.8304,931,3735
large_rs3,khot_rank,2,102,0.8304,931,3759
large_rs3,khot_rank,2,103,0.8304,931,3769
large_rs3,khot_rank,2,104,0.8304,933,3792
large_rs3,khot_rank,2,105,0.8304,933,3806
large_rs3,khot_rank,2,106,0.8036,949,3838
large_rs3,khot_rank,2,107,0.8214,952,3848
large_rs3,khot_rank,2,108,0.8125,953,3856
large_rs3,khot_rank,2,109,0.7857,955,3871
large_rs3,khot_rank,2,110,0.7857,955,3883
large_rs3,khot_rank,2,111,0.8125,960,3902
large_rs3,khot_rank,2,112,0.8125,960,3910
large_rs3,khot_rank,2,113,0.8304,961,3938
large_rs3,khot_rank,2,114,0.8304,961,3961
large_rs3,khot_rank,2,115,0.8214,962,3983
large_rs3,khot_rank,2,116,0.8214,962,4009
large_rs3,khot_rank,2,117,0.8214,962,4028
large_rs3,khot_rank,2,118,0.8214,962,4042
large_rs3,khot_rank,2,119,0.8214,962,4067
large_rs3,khot_rank,2,120,0.8214,962,4086
large_rs3,khot_rank,2,121,0.8214,974,4130
large_rs3,khot_rank,2,122,0.8214,976,4153
large_rs3,khot_rank,2,123,0.8214,977,4159
large_rs3,khot_rank,2,124,0.8214,977,4175
large_rs3,khot_rank,2,125,0.8214,977,4178
large_rs3,khot_rank,2,126,0.8214,977,4184
large_rs3,khot_rank,2,127,0.8304,981,4212
large_rs3,khot_rank,2,128,0.8304,981,4233
large_rs3,khot_rank,2,129,0.8393,982,4257
large_rs3,khot_rank,2,130,0.8393,982,4272
large_rs3,khot_rank,2,131,0.8482,983,4278
large_rs3,khot_rank,2,132,0.8482,983,4284
large_rs3,khot_rank,2,133,0.8482,983,4299
large_rs3,khot_rank,2,134,0.8482,983,4316
large_rs3,khot_rank,2,135,0.8482,983,4323
large_rs3,khot_rank,2,136,0.8393,984,4350
large_rs3,khot_rank,2,137,0.8393,984,4371
large_rs3,khot_rank,2,138,0.8393,1328,4377
large_rs3,khot_rank,2,139,0.7946,1366,4395
large_rs3,khot_rank,2,140,0.7946,1366,4401
large_rs3,khot_rank,2,141,0.8214,1686,4429
large_rs3,khot_rank,2,142,0.8214,1686,4452
large_rs3,khot_rank,2,143,0.8214,1686,4458
large_rs3,khot_rank,2,144,0.8214,1686,4468
large_rs3,khot_rank,2,145,0.8304,1688,4478
large_rs3,khot_rank,2,146,0.8304,1688,4495
large_rs3,khot_rank,2,147,0.8304,1688,4518
large_rs3,khot_rank,2,148,0.8304,1692,4547
large_rs3,khot_rank,2,149,0.8125,1696,4567
large_rs3,khot_rank,2,150,0.8125,1696,4583
large_rs3,khot_rank,2,151,0.8125,1704,4609
large_rs3,khot_rank,2,152,0.8125,1704,4632
large_rs3,khot_rank,2,153,0.8393,1706,4639
large_rs3,khot_rank,2,154,0.8393,1706,4660
large_rs3,khot_rank,2,155,0.8393,1706,4673
large_rs3,khot_rank,2,156,0.8125,1726,4686
large_rs3,khot_rank,2,157,0.7946,1732,4718
large_rs3,khot_rank,2,158,0.7946,1736,4747
large_rs3,khot_rank,2,159,0.7946,1736,4761
large_rs3,khot_rank,2,160,0.8036,1740,4775
large_rs3,khot_rank,2,161,0.8036,1740,4778
large_rs3,khot_rank,2,162,0.8125,1743,4782
large_rs3,khot_rank,2,163,0.7321,1773,4825
large_rs3,khot_rank,2,164,0.7321,1773,4828
large_rs3,khot_rank,2,165,0.7321,1773,4831
large_rs3,khot_rank,2,166,0.7054,1990,4964
large_rs3,khot_rank,2,167,0.7589,1997,4974
large_rs3,khot_rank,2,168,0.7054,2093,5063
large_rs3,khot_rank,2,169,0.7054,2095,5081
large_rs3,khot_rank,2,170,0.7054,2305,5106
large_rs3,khot_rank,2,171,0.7054,2305,5117
large_rs3,khot_rank,2,172,0.7232,2309,5124
large_rs3,khot_rank,2,173,0.7411,2331,5145
large_rs3,khot_rank,2,174,0.7411,2623,5151
large_rs3,khot_rank,2,175,0.7411,2623,5166
large_rs3,khot_rank,2,176,0.7411,2716,5194
large_rs3,khot_rank,2,177,0.7857,2721,5210
large_rs3,khot_rank,2,178,0.7857,2721,5218
large_rs3,khot_rank,2,179,0.7857,3062,5227
large_rs3,khot_rank,2,180,0.7857,3062,5242
large_rs3,khot_rank,2,181,0.8036,3073,5251
large_rs3,khot_rank,2,182,0.7768,3077,5273
large_rs3,khot_rank,2,183,0.7768,3077,5288
large_rs3,khot_rank,2,184,0.7768,3077,5314
large_rs3,khot_rank,2,185,0.7768,3426,5315
large_rs3,khot_rank,2,186,0.7768,3426,5334
large_rs3,khot_rank,2,187,0.7768,3426,5351
large_rs3,khot_rank,2,188,0.7857,3737,5369
large_rs3,khot_rank,2,189,0.7857,3737,5384
large_rs3,khot_rank,2,190,0.7857,3737,5395
large_rs3,khot_rank,2,191,0.7857,3737,5400
large_rs3,khot_rank,2,192,0.7857,3738,5405
large_rs3,khot_rank,2,193,0.7946,3739,5430
large_rs3,khot_rank,2,194,0.7946,3739,5450
large_rs3,khot_rank,2,195,0.7946,3739,5475
large_rs3,khot_rank,2,196,0.7946,3739,5486
large_rs3,khot_rank,2,197,0.7857,3742,5513
large_rs3,khot_rank,2,198,0.7946,3817,5533
large_rs3,khot_rank,2,199,0.7946,3817,5550
large_rs3,khot_rank,2,200,0.7946,3817,5574
large_rs3,khot_rank,2,201,0.7946,3817,5585
large_rs3,khot_rank,2,202,0.7946,3817,5591
large_rs3,khot_rank,2,203,0.7946,3817,5596
large_rs3,khot_rank,2,204,0.7857,3824,5615
large_rs3,khot_rank,2,205,0.7857,3824,5625
large_rs3,khot_rank,2,206,0.7054,4174,5625
large_rs3,khot_rank,2,207,0.7411,4180,5641
large_rs3,khot_rank,2,208,0.7411,4180,5643
large_rs3,khot_rank,2,209,0.7054,4494,5679
large_rs3,khot_rank,2,210,0.7054,4495,5684
large_rs3,khot_rank,2,211,0.7054,4526,5717
large_rs3,khot_rank,2,212,0.7143,4701,5892
large_rs3,khot_rank,2,213,0.7232,5048,5895
large_rs3,khot_rank,2,214,0.7232,5301,5932
large_rs3,khot_rank,2,215,0.7232,5506,6077
large_rs3,khot_rank,2,216,0.7589,5846,6087
large_rs3,khot_rank,2,217,0.7589,6188,6095
large_rs3,khot_rank,2,218,0.7679,6524,6109
large_rs3,khot_rank,2,219,0.7679,6755,6125
large_rs3,khot_rank,2,220,0.7679,6755,6127
large_rs3,khot_rank,2,221,0.7411,6789,6166
large_rs3,khot_rank,2,222,0.7500,7133,6172
large_rs3,khot_rank,2,223,0.7500,7175,6194
large_rs3,khot_rank,2,224,0.7411,7516,6203
large_rs3,khot_rank,2,225,0.7411,7517,6219
large_rs3,khot_rank,2,226,0.7232,7520,6241
large_rs3,khot_rank,2,227,0.7321,7867,6244
large_rs3,khot_rank,2,228,0.7321,7867,6257
large_rs3,khot_rank,2,229,0.7321,8216,6258
large_rs3,khot_rank,2,230,0.7321,8566,6258
large_rs3,khot_rank,2,231,0.7321,8566,6275
large_rs3,khot_rank,2,232,0.7232,8568,6298
large_rs3,khot_rank,2,233,0.7232,8568,6300
large_rs3,khot_rank,2,234,0.7232,8568,6307
large_rs3,khot_rank,2,235,0.7321,8743,6482
large_rs3,khot_rank,2,236,0.7411,8830,6587
large_rs3,khot_rank,2,237,0.7411,8830,6602
large_rs3,khot_rank,2,238,0.7411,9171,6611
large_rs3,khot_rank,2,239,0.7411,9171,6623
large_rs3,khot_rank,2,240,0.7411,9519,6625
large_rs3,khot_rank,2,241,0.7589,9837,6657
large_rs3,khot_rank,2,242,0.7411,9838,6668
large_rs3,khot_rank,2,243,0.7500,10175,6681
large_rs3,khot_rank,2,244,0.7589,10516,6690
large_rs3,khot_rank,2,245,0.7589,10848,6708
large_rs3,khot_rank,2,246,0.7589,11022,6884
large_rs3,khot_rank,2,247,0.7589,11027,6906
large_rs3,khot_rank,2,248,0.7679,11298,6914
large_rs3,khot_rank,2,249,0.7589,11300,6927
large_rs3,khot_rank,2,250,0.7679,11305,6951
large_rs3,khot_rank,2,251,0.7679,11305,6978
large_rs3,khot_rank,2,252,0.7679,11305,6988
large_rs3,khot_rank,2,253,0.7679,11305,7008
large_rs3,khot_rank,2,254,0.7679,11305,7027
large_rs3,khot_rank,2,255,0.7679,11305,7033
large_rs3,khot_rank,2,256,0.7589,11482,7206
large_rs3,khot_rank,2,257,0.7589,11482,7230
large_rs3,khot_rank,2,258,0.7589,11482,7239
large_rs3,khot_rank,2,259,0.7768,11485,7255
large_rs3,khot_rank,2,260,0.7589,11700,7390
large_rs3,khot_rank,2,261,0.7411,11701,7407
large_rs3,khot_rank,2,262,0.7411,12049,7409
large_rs3,khot_rank,2,263,0.7411,12049,7410
large_rs3,khot_rank,2,264,0.7143,12378,7431
large_rs3,khot_rank,2,265,0.7054,12708,7451
large_rs3,khot_rank,2,266,0.7054,12882,7627
large_rs3,khot_rank,2,267,0.7054,13231,7628
large_rs3,khot_rank,2,268,0.6964,13518,7644
large_rs3,khot_rank,2,269,0.7143,13856,7656
large_rs3,khot_rank,2,270,0.7232,14034,7828
large_rs3,khot_rank,2,271,0.7411,14206,8006
large_rs3,khot_rank,2,272,0.7589,14250,8026
large_rs3,khot_rank,2,273,0.7411,14583,8043
large_rs3,khot_rank,2,274,0.7411,14920,8056
large_rs3,khot_rank,2,275,0.7500,15248,8071
large_rs3,khot_rank,2,276,0.7143,15590,8079
large_rs3,khot_rank,2,277,0.7143,15935,8084
large_rs3,khot_rank,2,278,0.7232,16254,8094
large_rs3,khot_rank,2,279,0.7143,16599,8099
large_rs3,khot_rank,2,280,0.7143,16948,8100
large_rs3,khot_rank,2,281,0.7232,17268,8130
large_rs3,khot_rank,2,282,0.7143,17473,8138
large_rs3,khot_rank,2,283,0.7232,17565,8153
large_rs3,khot_rank,2,284,0.7054,17905,8163
large_rs3,khot_rank,2,285,0.7054,17905,8165
large_rs3,khot_rank,2,286,0.7321,18189,8195
large_rs3,khot_rank,2,287,0.7232,18539,8195
large_rs3,khot_rank,2,288,0.6964,18861,8223
large_rs3,khot_rank,2,289,0.6964,19202,8232
large_rs3,khot_rank,2,290,0.6964,19545,8239
large_rs3,khot_rank,2,291,0.7054,19890,8244
large_rs3,khot_rank,2,292,0.7232,20230,8254
large_rs3,khot_rank,2,293,0.7411,20506,8272
large_rs3,khot_rank,2,294,0.7500,20676,8294
large_rs3,khot_rank,2,295,0.7500,20676,8297
large_rs3,khot_rank,2,296,0.7054,20773,8320
large_rs3,khot_rank,2,297,0.7054,20773,8328
large_rs3,khot_rank,2,298,0.7054,20773,8329
large_rs3,khot_rank,2,299,0.7321,20942,8358
large_rs3,kc_delta,2,0,0.3393,350,0
large_rs3,kc_delta,2,1,0.5179,700,0
large_rs3,kc_delta,2,2,0.5804,1044,0
large_rs3,kc_delta,2,3,0.6339,1394,0
large_rs3,kc_delta,2,4,0.6250,1689,0
large_rs3,kc_delta,2,5,0.6161,1726,0
large_rs3,kc_delta,2,6,0.6161,1749,0
large_rs3,kc_delta,2,7,0.6339,1817,0
large_rs3,kc_delta,2,8,0.6429,1848,0
large_rs3,kc_delta,2,9,0.6875,2108,0
large_rs3,kc_delta,2,10,0.7232,2229,0
large_rs3,kc_delta,2,11,0.7054,2237,0
large_rs3,kc_delta,2,12,0.7679,2353,0
large_rs3,kc_delta,2,13,0.7500,2368,0
large_rs3,kc_delta,2,14,0.7679,2373,0
large_rs3,kc_delta,2,15,0.7589,2393,0
large_rs3,kc_delta,2,16,0.7589,2399,0
large_rs3,kc_delta,2,17,0.7589,2408,0
large_rs3,kc_delta,2,18,0.7679,2419,0
large_rs3,kc_delta,2,19,0.7589,2447,0
large_rs3,kc_delta,2,20,0.7500,2466,0
large_rs3,kc_delta,2,21,0.7232,2474,0
large_rs3,kc_delta,2,22,0.7232,2517,0
large_rs3,kc_delta,2,23,0.7143,2529,0
large_rs3,kc_delta,2,24,0.7768,2658,0
large_rs3,kc_delta,2,25,0.7857,2705,0
large_rs3,kc_delta,2,26,0.7768,2712,0
large_rs3,kc_delta,2,27,0.7768,2714,0
large_rs3,kc_delta,2,28,0.7768,2726,0
large_rs3,kc_delta,2,29,0.7679,2739,0
large_rs3,kc_delta,2,30,0.7857,2776,0
large_rs3,kc_delta,2,31,0.8125,3045,0
large_rs3,kc_delta,2,32,0.7946,3080,0
large_rs3,kc_delta,2,33,0.7589,3430,0
large_rs3,kc_delta,2,34,0.7500,3444,0
large_rs3,kc_delta,2,35,0.7500,3446,0
large_rs3,kc_delta,2,36,0.7500,3468,0
large_rs3,kc_delta,2,37,0.7679,3496,0
large_rs3,kc_delta,2,38,0.7679,3506,0
large_rs3,kc_delta,2,39,0.7768,3530,0
large_rs3,kc_delta,2,40,0.7946,3554,0
large_rs3,kc_delta,2,41,0.7946,3575,0
large_rs3,kc_delta,2,42,0.8214,3681,0
large_rs3,kc_delta,2,43,0.7946,3701,0
large_rs3,kc_delta,2,44,0.7946,3713,0
large_rs3,kc_delta,2,45,0.7946,3727,0
large_rs3,kc_delta,2,46,0.7946,3740,0
large_rs3,kc_delta,2,47,0.8125,3840,0
large_rs3,kc_delta,2,48,0.8125,3854,0
large_rs3,kc_delta,2,49,0.8125,3870,0
large_rs3,kc_delta,2,50,0.8125,3884,0
large_rs3,kc_delta,2,51,0.8482,4019,0
large_rs3,kc_delta,2,52,0.8482,4027,0
large_rs3,kc_delta,2,53,0.8571,4061,0
large_rs3,kc_delta,2,54,0.8571,4062,0
large_rs3,kc_delta,2,55,0.8304,4086,0
large_rs3,kc_delta,2,56,0.8393,4092,0
large_rs3,kc_delta,2,57,0.8482,4152,0
large_rs3,kc_delta,2,58,0.8393,4160,0
large_rs3,kc_delta,2,59,0.8482,4187,0
large_rs3,kc_delta,2,60,0.8482,4201,0
large_rs3,kc_delta,2,61,0.8393,4287,0
large_rs3,kc_delta,2,62,0.8393,4294,0
large_rs3,kc_delta,2,63,0.8304,4303,0
large_rs3,kc_delta,2,64,0.8304,4316,0
large_rs3,kc_delta,2,65,0.8214,4348,0
large_rs3,kc_delta,2,66,0.8125,4376,0
large_rs3,kc_delta,2,67,0.8036,4398,0
large_rs3,kc_delta,2,68,0.8036,4411,0
large_rs3,kc_delta,2,69,0.8304,4465,0
large_rs3,kc_delta,2,70,0.8482,4477,0
large_rs3,kc_delta,2,71,0.8393,4504,0
large_rs3,kc_delta,2,72,0.8750,4551,0
large_rs3,kc_delta,2,73,0.9018,4581,0
large_rs3,kc_delta,2,74,0.8750,4589,0
large_rs3,kc_delta,2,75,0.8750,4614,0
large_rs3,kc_delta,2,76,0.8839,4621,0
large_rs3,kc_delta,2,77,0.8750,4643,0
large_rs3,kc_delta,2,78,0.8661,4661,0
large_rs3,kc_delta,2,79,0.8571,4673,0
large_rs3,kc_delta,2,80,0.8571,4681,0
large_rs3,kc_delta,2,81,0.8482,4704,0
large_rs3,kc_delta,2,82,0.8661,4725,0
large_rs3,kc_delta,2,83,0.8661,4734,0
large_rs3,kc_delta,2,84,0.8482,4756,0
large_rs3,kc_delta,2,85,0.8750,4793,0
large_rs3,kc_delta,2,86,0.8750,4817,0
large_rs3,kc_delta,2,87,0.8929,4845,0
large_rs3,kc_delta,2,88,0.8482,4872,0
large_rs3,kc_delta,2,89,0.8750,4883,0
large_rs3,kc_delta,2,90,0.8750,4893,0
large_rs3,kc_delta,2,91,0.8839,4915,0
large_rs3,kc_delta,2,92,0.8661,4937,0
large_rs3,kc_delta,2,93,0.8929,4962,0
large_rs3,kc_delta,2,94,0.8929,4968,0
large_rs3,kc_delta,2,95,0.8839,5116,0
large_rs3,kc_delta,2,96,0.9018,5138,0
large_rs3,kc_delta,2,97,0.9107,5152,0
large_rs3,kc_delta,2,98,0.9018,5176,0
large_rs3,kc_delta,2,99,0.9107,5203,0
large_rs3,kc_delta,2,100,0.9107,5223,0
large_rs3,kc_delta,2,101,0.9018,5246,0
large_rs3,kc_delta,2,102,0.9018,5270,0
large_rs3,kc_delta,2,103,0.9018,5280,0
large_rs3,kc_delta,2,104,0.9018,5304,0
large_rs3,kc_delta,2,105,0.9018,5323,0
large_rs3,kc_delta,2,106,0.8929,5351,0
large_rs3,kc_delta,2,107,0.8929,5362,0
large_rs3,kc_delta,2,108,0.8929,5372,0
large_rs3,kc_delta,2,109,0.8929,5389,0
large_rs3,kc_delta,2,110,0.9018,5402,0
large_rs3,kc_delta,2,111,0.9107,5422,0
large_rs3,kc_delta,2,112,0.9107,5430,0
large_rs3,kc_delta,2,113,0.9196,5466,0
large_rs3,kc_delta,2,114,0.9107,5489,0
large_rs3,kc_delta,2,115,0.9196,5515,0
large_rs3,kc_delta,2,116,0.9286,5538,0
large_rs3,kc_delta,2,117,0.9196,5557,0
large_rs3,kc_delta,2,118,0.9286,5571,0
large_rs3,kc_delta,2,119,0.9286,5586,0
large_rs3,kc_delta,2,120,0.9286,5605,0
large_rs3,kc_delta,2,121,0.9286,5621,0
large_rs3,kc_delta,2,122,0.9375,5646,0
large_rs3,kc_delta,2,123,0.9375,5651,0
large_rs3,kc_delta,2,124,0.9375,5668,0
large_rs3,kc_delta,2,125,0.9375,5671,0
large_rs3,kc_delta,2,126,0.9375,5677,0
large_rs3,kc_delta,2,127,0.9375,5735,0
large_rs3,kc_delta,2,128,0.9375,5756,0
large_rs3,kc_delta,2,129,0.9196,5780,0
large_rs3,kc_delta,2,130,0.9107,5795,0
large_rs3,kc_delta,2,131,0.9107,5802,0
large_rs3,kc_delta,2,132,0.9107,5808,0
large_rs3,kc_delta,2,133,0.9196,5823,0
large_rs3,kc_delta,2,134,0.9107,5840,0
large_rs3,kc_delta,2,135,0.9196,5847,0
large_rs3,kc_delta,2,136,0.9107,5875,0
large_rs3,kc_delta,2,137,0.9107,5894,0
large_rs3,kc_delta,2,138,0.9196,5930,0
large_rs3,kc_delta,2,139,0.9196,5946,0
large_rs3,kc_delta,2,140,0.9196,5952,0
large_rs3,kc_delta,2,141,0.9018,5985,0
large_rs3,kc_delta,2,142,0.9107,6018,0
large_rs3,kc_delta,2,143,0.9107,6024,0
large_rs3,kc_delta,2,144,0.9107,6034,0
large_rs3,kc_delta,2,145,0.9107,6044,0
large_rs3,kc_delta,2,146,0.9107,6063,0
large_rs3,kc_delta,2,147,0.9286,6087,0
large_rs3,kc_delta,2,148,0.9196,6117,0
large_rs3,kc_delta,2,149,0.9196,6139,0
large_rs3,kc_delta,2,150,0.9196,6158,0
large_rs3,kc_delta,2,151,0.9196,6182,0
large_rs3,kc_delta,2,152,0.9196,6205,0
large_rs3,kc_delta,2,153,0.9107,6213,0
large_rs3,kc_delta,2,154,0.9196,6234,0
large_rs3,kc_delta,2,155,0.9196,6247,0
large_rs3,kc_delta,2,156,0.9196,6261,0
large_rs3,kc_delta,2,157,0.9375,6293,0
large_rs3,kc_delta,2,158,0.9196,6324,0
large_rs3,kc_delta,2,159,0.9196,6333,0
large_rs3,kc_delta,2,160,0.9286,6350,0
large_rs3,kc_delta,2,161,0.9286,6353,0
large_rs3,kc_delta,2,162,0.9286,6356,0
large_rs3,kc_delta,2,163,0.9286,6395,0
large_rs3,kc_delta,2,164,0.9286,6398,0
large_rs3,kc_delta,2,165,0.9286,6401,0
large_rs3,kc_delta,2,166,0.9286,6509,0
large_rs3,kc_delta,2,167,0.9196,6518,0
large_rs3,kc_delta,2,168,0.9107,6545,0
large_rs3,kc_delta,2,169,0.9107,6564,0
large_rs3,kc_delta,2,170,0.9018,6591,0
large_rs3,kc_delta,2,171,0.9018,6601,0
large_rs3,kc_delta,2,172,0.9107,6609,0
large_rs3,kc_delta,2,173,0.9286,6632,0
large_rs3,kc_delta,2,174,0.9375,6638,0
large_rs3,kc_delta,2,175,0.9375,6653,0
large_rs3,kc_delta,2,176,0.9196,6679,0
large_rs3,kc_delta,2,177,0.9286,6699,0
large_rs3,kc_delta,2,178,0.9286,6707,0
large_rs3,kc_delta,2,179,0.9196,6728,0
large_rs3,kc_delta,2,180,0.9196,6743,0
large_rs3,kc_delta,2,181,0.9286,6756,0
large_rs3,kc_delta,2,182,0.9375,6779,0
large_rs3,kc_delta,2,183,0.9375,6794,0
large_rs3,kc_delta,2,184,0.9375,6818,0
large_rs3,kc_delta,2,185,0.9375,6824,0
large_rs3,kc_delta,2,186,0.9375,6843,0
large_rs3,kc_delta,2,187,0.9286,6860,0
large_rs3,kc_delta,2,188,0.9286,6876,0
large_rs3,kc_delta,2,189,0.9286,6891,0
large_rs3,kc_delta,2,190,0.9286,6902,0
large_rs3,kc_delta,2,191,0.9286,6907,0
large_rs3,kc_delta,2,192,0.9286,6913,0
large_rs3,kc_delta,2,193,0.9464,6946,0
large_rs3,kc_delta,2,194,0.9464,6966,0
large_rs3,kc_delta,2,195,0.9375,6991,0
large_rs3,kc_delta,2,196,0.9464,7002,0
large_rs3,kc_delta,2,197,0.9554,7029,0
large_rs3,kc_delta,2,198,0.9375,7051,0
large_rs3,kc_delta,2,199,0.9286,7072,0
large_rs3,kc_delta,2,200,0.9286,7097,0
large_rs3,kc_delta,2,201,0.9286,7108,0
large_rs3,kc_delta,2,202,0.9286,7114,0
large_rs3,kc_delta,2,203,0.9286,7120,0
large_rs3,kc_delta,2,204,0.9464,7145,0
large_rs3,kc_delta,2,205,0.9464,7155,0
large_rs3,kc_delta,2,206,0.9464,7165,0
large_rs3,kc_delta,2,207,0.9464,7183,0
large_rs3,kc_delta,2,208,0.9464,7185,0
large_rs3,kc_delta,2,209,0.9464,7211,0
large_rs3,kc_delta,2,210,0.9464,7217,0
large_rs3,kc_delta,2,211,0.9464,7241,0
large_rs3,kc_delta,2,212,0.9464,7276,0
large_rs3,kc_delta,2,213,0.9464,7303,0
large_rs3,kc_delta,2,214,0.9286,7330,0
large_rs3,kc_delta,2,215,0.9107,7348,0
large_rs3,kc_delta,2,216,0.9018,7373,0
large_rs3,kc_delta,2,217,0.9018,7399,0
large_rs3,kc_delta,2,218,0.9018,7425,0
large_rs3,kc_delta,2,219,0.9018,7440,0
large_rs3,kc_delta,2,220,0.9018,7442,0
large_rs3,kc_delta,2,221,0.8839,7456,0
large_rs3,kc_delta,2,222,0.8929,7481,0
large_rs3,kc_delta,2,223,0.9107,7509,0
large_rs3,kc_delta,2,224,0.9107,7522,0
large_rs3,kc_delta,2,225,0.9107,7540,0
large_rs3,kc_delta,2,226,0.9018,7563,0
large_rs3,kc_delta,2,227,0.9107,7596,0
large_rs3,kc_delta,2,228,0.9196,7609,0
large_rs3,kc_delta,2,229,0.9196,7616,0
large_rs3,kc_delta,2,230,0.9196,7647,0
large_rs3,kc_delta,2,231,0.9286,7665,0
large_rs3,kc_delta,2,232,0.9375,7690,0
large_rs3,kc_delta,2,233,0.9375,7692,0
large_rs3,kc_delta,2,234,0.9375,7699,0
large_rs3,kc_delta,2,235,0.9375,7718,0
large_rs3,kc_delta,2,236,0.9375,7743,0
large_rs3,kc_delta,2,237,0.9375,7758,0
large_rs3,kc_delta,2,238,0.9286,7781,0
large_rs3,kc_delta,2,239,0.9286,7793,0
large_rs3,kc_delta,2,240,0.9196,7813,0
large_rs3,kc_delta,2,241,0.9196,7822,0
large_rs3,kc_delta,2,242,0.9286,7835,0
large_rs3,kc_delta,2,243,0.9375,7860,0
large_rs3,kc_delta,2,244,0.9286,7873,0
large_rs3,kc_delta,2,245,0.9196,7898,0
large_rs3,kc_delta,2,246,0.9018,7938,0
large_rs3,kc_delta,2,247,0.9196,7966,0
large_rs3,kc_delta,2,248,0.9196,7978,0
large_rs3,kc_delta,2,249,0.9286,7994,0
large_rs3,kc_delta,2,250,0.9286,8015,0
large_rs3,kc_delta,2,251,0.9286,8040,0
large_rs3,kc_delta,2,252,0.9196,8050,0
large_rs3,kc_delta,2,253,0.9107,8071,0
large_rs3,kc_delta,2,254,0.9196,8091,0
large_rs3,kc_delta,2,255,0.9375,8098,0
large_rs3,kc_delta,2,256,0.9375,8127,0
large_rs3,kc_delta,2,257,0.9375,8151,0
large_rs3,kc_delta,2,258,0.9375,8160,0
large_rs3,kc_delta,2,259,0.9375,8177,0
large_rs3,kc_delta,2,260,0.9375,8205,0
large_rs3,kc_delta,2,261,0.9375,8222,0
large_rs3,kc_delta,2,262,0.9375,8242,0
large_rs3,kc_delta,2,263,0.9375,8243,0
large_rs3,kc_delta,2,264,0.9196,8272,0
large_rs3,kc_delta,2,265,0.9286,8301,0
large_rs3,kc_delta,2,266,0.9286,8306,0
large_rs3,kc_delta,2,267,0.9286,8326,0
large_rs3,kc_delta,2,268,0.9375,8340,0
large_rs3,kc_delta,2,269,0.9375,8350,0
large_rs3,kc_delta,2,270,0.9375,8372,0
large_rs3,kc_delta,2,271,0.9196,8396,0
large_rs3,kc_delta,2,272,0.9286,8426,0
large_rs3,kc_delta,2,273,0.9286,8450,0
large_rs3,kc_delta,2,274,0.9286,8464,0
large_rs3,kc_delta,2,275,0.9286,8478,0
large_rs3,kc_delta,2,276,0.9196,8585,0
large_rs3,kc_delta,2,277,0.9196,8614,0
large_rs3,kc_delta,2,278,0.9196,8629,0
large_rs3,kc_delta,2,279,0.9196,8641,0
large_rs3,kc_delta,2,280,0.9286,8653,0
large_rs3,kc_delta,2,281,0.9196,8673,0
large_rs3,kc_delta,2,282,0.9286,8681,0
large_rs3,kc_delta,2,283,0.9375,8698,0
large_rs3,kc_delta,2,284,0.9375,8721,0
large_rs3,kc_delta,2,285,0.9375,8723,0
large_rs3,kc_delta,2,286,0.9464,8746,0
large_rs3,kc_delta,2,287,0.9286,8773,0
large_rs3,kc_delta,2,288,0.9286,8807,0
large_rs3,kc_delta,2,289,0.9286,8821,0
large_rs3,kc_delta,2,290,0.9286,8834,0
large_rs3,kc_delta,2,291,0.9286,8864,0
large_rs3,kc_delta,2,292,0.9375,8887,0
large_rs3,kc_delta,2,293,0.9464,8907,0
large_rs3,kc_delta,2,294,0.9464,8930,0
large_rs3,kc_delta,2,295,0.9464,8933,0
large_rs3,kc_delta,2,296,0.9464,8960,0
large_rs3,kc_delta,2,297,0.9464,8968,0
large_rs3,kc_delta,2,298,0.9464,8969,0
large_rs3,kc_delta,2,299,0.9286,8997,0
large_rs3,rand_delta,2,0,0.3304,350,0
large_rs3,rand_delta,2,1,0.5804,700,0
large_rs3,rand_delta,2,2,0.6339,1050,0
large_rs3,rand_delta,2,3,0.7054,1400,0
large_rs3,rand_delta,2,4,0.7500,1729,0
large_rs3,rand_delta,2,5,0.7411,1759,0
large_rs3,rand_delta,2,6,0.7143,1781,0
large_rs3,rand_delta,2,7,0.6875,1814,0
large_rs3,rand_delta,2,8,0.6786,1846,0
large_rs3,rand_delta,2,9,0.8125,2009,0
large_rs3,rand_delta,2,10,0.8036,2133,0
large_rs3,rand_delta,2,11,0.7857,2140,0
large_rs3,rand_delta,2,12,0.8482,2206,0
large_rs3,rand_delta,2,13,0.8393,2221,0
large_rs3,rand_delta,2,14,0.8125,2227,0
large_rs3,rand_delta,2,15,0.8214,2260,0
large_rs3,rand_delta,2,16,0.8125,2266,0
large_rs3,rand_delta,2,17,0.8036,2275,0
large_rs3,rand_delta,2,18,0.7679,2286,0
large_rs3,rand_delta,2,19,0.7857,2310,0
large_rs3,rand_delta,2,20,0.7857,2319,0
large_rs3,rand_delta,2,21,0.7768,2327,0
large_rs3,rand_delta,2,22,0.7857,2343,0
large_rs3,rand_delta,2,23,0.7857,2355,0
large_rs3,rand_delta,2,24,0.8304,2494,0
large_rs3,rand_delta,2,25,0.8661,2537,0
large_rs3,rand_delta,2,26,0.8482,2544,0
large_rs3,rand_delta,2,27,0.8482,2546,0
large_rs3,rand_delta,2,28,0.8750,2578,0
large_rs3,rand_delta,2,29,0.8661,2593,0
large_rs3,rand_delta,2,30,0.9018,2734,0
large_rs3,rand_delta,2,31,0.9196,2864,0
large_rs3,rand_delta,2,32,0.9375,2883,0
large_rs3,rand_delta,2,33,0.9018,3203,0
large_rs3,rand_delta,2,34,0.9018,3217,0
large_rs3,rand_delta,2,35,0.8929,3220,0
large_rs3,rand_delta,2,36,0.9107,3240,0
large_rs3,rand_delta,2,37,0.9107,3263,0
large_rs3,rand_delta,2,38,0.9107,3273,0
large_rs3,rand_delta,2,39,0.9107,3295,0
large_rs3,rand_delta,2,40,0.9107,3316,0
large_rs3,rand_delta,2,41,0.9196,3352,0
large_rs3,rand_delta,2,42,0.9107,3402,0
large_rs3,rand_delta,2,43,0.9107,3423,0
large_rs3,rand_delta,2,44,0.9107,3436,0
large_rs3,rand_delta,2,45,0.9107,3451,0
large_rs3,rand_delta,2,46,0.9196,3460,0
large_rs3,rand_delta,2,47,0.9196,3487,0
large_rs3,rand_delta,2,48,0.9286,3499,0
large_rs3,rand_delta,2,49,0.9286,3515,0
large_rs3,rand_delta,2,50,0.9286,3527,0
large_rs3,rand_delta,2,51,0.9375,3561,0
large_rs3,rand_delta,2,52,0.9375,3569,0
large_rs3,rand_delta,2,53,0.9375,3597,0
large_rs3,rand_delta,2,54,0.9375,3598,0
large_rs3,rand_delta,2,55,0.9375,3664,0
large_rs3,rand_delta,2,56,0.9375,3670,0
large_rs3,rand_delta,2,57,0.9554,3995,0
large_rs3,rand_delta,2,58,0.9464,4003,0
large_rs3,rand_delta,2,59,0.9554,4030,0
large_rs3,rand_delta,2,60,0.9554,4044,0
large_rs3,rand_delta,2,61,0.9554,4134,0
large_rs3,rand_delta,2,62,0.9554,4139,0
large_rs3,rand_delta,2,63,0.9554,4148,0
large_rs3,rand_delta,2,64,0.9554,4161,0
large_rs3,rand_delta,2,65,0.9554,4183,0
large_rs3,rand_delta,2,66,0.9554,4210,0
large_rs3,rand_delta,2,67,0.9554,4232,0
large_rs3,rand_delta,2,68,0.9554,4244,0
large_rs3,rand_delta,2,69,0.9375,4359,0
large_rs3,rand_delta,2,70,0.9464,4371,0
large_rs3,rand_delta,2,71,0.9554,4394,0
large_rs3,rand_delta,2,72,0.9643,4438,0
large_rs3,rand_delta,2,73,0.9554,4458,0
large_rs3,rand_delta,2,74,0.9554,4466,0
large_rs3,rand_delta,2,75,0.9643,4487,0
large_rs3,rand_delta,2,76,0.9643,4494,0
large_rs3,rand_delta,2,77,0.9643,4515,0
large_rs3,rand_delta,2,78,0.9554,4532,0
large_rs3,rand_delta,2,79,0.9464,4546,0
large_rs3,rand_delta,2,80,0.9464,4554,0
large_rs3,rand_delta,2,81,0.9464,4577,0
large_rs3,rand_delta,2,82,0.9464,4596,0
large_rs3,rand_delta,2,83,0.9464,4605,0
large_rs3,rand_delta,2,84,0.9554,4625,0
large_rs3,rand_delta,2,85,0.9464,4655,0
large_rs3,rand_delta,2,86,0.9554,4678,0
large_rs3,rand_delta,2,87,0.9554,4705,0
large_rs3,rand_delta,2,88,0.9554,4732,0
large_rs3,rand_delta,2,89,0.9554,4742,0
large_rs3,rand_delta,2,90,0.9554,4752,0
large_rs3,rand_delta,2,91,0.9554,4773,0
large_rs3,rand_delta,2,92,0.9554,4789,0
large_rs3,rand_delta,2,93,0.9464,4812,0
large_rs3,rand_delta,2,94,0.9464,4818,0
large_rs3,rand_delta,2,95,0.9554,4926,0
large_rs3,rand_delta,2,96,0.9643,4949,0
large_rs3,rand_delta,2,97,0.9643,4963,0
large_rs3,rand_delta,2,98,0.9643,4987,0
large_rs3,rand_delta,2,99,0.9732,5012,0
large_rs3,rand_delta,2,100,0.9732,5028,0
large_rs3,rand_delta,2,101,0.9732,5052,0
large_rs3,rand_delta,2,102,0.9732,5077,0
large_rs3,rand_delta,2,103,0.9732,5087,0
large_rs3,rand_delta,2,104,0.9643,5111,0
large_rs3,rand_delta,2,105,0.9643,5125,0
large_rs3,rand_delta,2,106,0.9732,5153,0
large_rs3,rand_delta,2,107,0.9732,5164,0
large_rs3,rand_delta,2,108,0.9732,5173,0
large_rs3,rand_delta,2,109,0.9732,5190,0
large_rs3,rand_delta,2,110,0.9732,5203,0
large_rs3,rand_delta,2,111,0.9732,5222,0
large_rs3,rand_delta,2,112,0.9732,5230,0
large_rs3,rand_delta,2,113,0.9732,5258,0
large_rs3,rand_delta,2,114,0.9732,5281,0
large_rs3,rand_delta,2,115,0.9643,5304,0
large_rs3,rand_delta,2,116,0.9732,5327,0
large_rs3,rand_delta,2,117,0.9732,5346,0
large_rs3,rand_delta,2,118,0.9643,5360,0
large_rs3,rand_delta,2,119,0.9732,5375,0
large_rs3,rand_delta,2,120,0.9732,5395,0
large_rs3,rand_delta,2,121,0.9732,5422,0
large_rs3,rand_delta,2,122,0.9732,5446,0
large_rs3,rand_delta,2,123,0.9732,5451,0
large_rs3,rand_delta,2,124,0.9732,5467,0
large_rs3,rand_delta,2,125,0.9732,5470,0
large_rs3,rand_delta,2,126,0.9732,5476,0
large_rs3,rand_delta,2,127,0.9911,5655,0
large_rs3,rand_delta,2,128,0.9911,5676,0
large_rs3,rand_delta,2,129,0.9911,5699,0
large_rs3,rand_delta,2,130,0.9911,5714,0
large_rs3,rand_delta,2,131,0.9911,5720,0
large_rs3,rand_delta,2,132,0.9911,5726,0
large_rs3,rand_delta,2,133,0.9911,5741,0
large_rs3,rand_delta,2,134,0.9911,5756,0
large_rs3,rand_delta,2,135,0.9911,5763,0
large_rs3,rand_delta,2,136,0.9911,5791,0
large_rs3,rand_delta,2,137,0.9911,5810,0
large_rs3,rand_delta,2,138,0.9821,5840,0
large_rs3,rand_delta,2,139,0.9911,5856,0
large_rs3,rand_delta,2,140,0.9911,5862,0
large_rs3,rand_delta,2,141,0.9821,5892,0
large_rs3,rand_delta,2,142,0.9911,5925,0
large_rs3,rand_delta,2,143,0.9911,5931,0
large_rs3,rand_delta,2,144,0.9911,5941,0
large_rs3,rand_delta,2,145,0.9911,5951,0
large_rs3,rand_delta,2,146,0.9911,5968,0
large_rs3,rand_delta,2,147,0.9911,5991,0
large_rs3,rand_delta,2,148,0.9911,6019,0
large_rs3,rand_delta,2,149,0.9911,6043,0
large_rs3,rand_delta,2,150,0.9911,6059,0
large_rs3,rand_delta,2,151,0.9911,6084,0
large_rs3,rand_delta,2,152,0.9911,6107,0
large_rs3,rand_delta,2,153,0.9732,6115,0
large_rs3,rand_delta,2,154,0.9732,6136,0
large_rs3,rand_delta,2,155,0.9732,6150,0
large_rs3,rand_delta,2,156,0.9821,6160,0
large_rs3,rand_delta,2,157,0.9732,6188,0
large_rs3,rand_delta,2,158,0.9732,6219,0
large_rs3,rand_delta,2,159,0.9732,6228,0
large_rs3,rand_delta,2,160,0.9911,6246,0
large_rs3,rand_delta,2,161,0.9911,6249,0
large_rs3,rand_delta,2,162,0.9911,6252,0
large_rs3,rand_delta,2,163,0.9911,6291,0
large_rs3,rand_delta,2,164,0.9911,6294,0
large_rs3,rand_delta,2,165,0.9911,6297,0
large_rs3,rand_delta,2,166,0.9911,6327,0
large_rs3,rand_delta,2,167,0.9911,6336,0
large_rs3,rand_delta,2,168,0.9911,6363,0
large_rs3,rand_delta,2,169,0.9911,6382,0
large_rs3,rand_delta,2,170,0.9911,6409,0
large_rs3,rand_delta,2,171,0.9911,6419,0
large_rs3,rand_delta,2,172,0.9911,6426,0
large_rs3,rand_delta,2,173,0.9911,6446,0
large_rs3,rand_delta,2,174,0.9911,6452,0
large_rs3,rand_delta,2,175,0.9911,6469,0
large_rs3,rand_delta,2,176,0.9911,6493,0
large_rs3,rand_delta,2,177,0.9911,6512,0
large_rs3,rand_delta,2,178,0.9911,6521,0
large_rs3,rand_delta,2,179,0.9911,6541,0
large_rs3,rand_delta,2,180,0.9911,6556,0
large_rs3,rand_delta,2,181,0.9911,6566,0
large_rs3,rand_delta,2,182,0.9911,6589,0
large_rs3,rand_delta,2,183,0.9911,6604,0
large_rs3,rand_delta,2,184,0.9911,6628,0
large_rs3,rand_delta,2,185,0.9911,6634,0
large_rs3,rand_delta,2,186,0.9911,6653,0
large_rs3,rand_delta,2,187,0.9911,6671,0
large_rs3,rand_delta,2,188,0.9911,6687,0
large_rs3,rand_delta,2,189,0.9911,6702,0
large_rs3,rand_delta,2,190,0.9911,6713,0
large_rs3,rand_delta,2,191,0.9911,6718,0
large_rs3,rand_delta,2,192,0.9911,6726,0
large_rs3,rand_delta,2,193,0.9911,6752,0
large_rs3,rand_delta,2,194,0.9911,6772,0
large_rs3,rand_delta,2,195,0.9911,6797,0
large_rs3,rand_delta,2,196,0.9911,6808,0
large_rs3,rand_delta,2,197,0.9911,6836,0
large_rs3,rand_delta,2,198,0.9911,6858,0
large_rs3,rand_delta,2,199,0.9911,6877,0
large_rs3,rand_delta,2,200,0.9911,6900,0
large_rs3,rand_delta,2,201,0.9911,6911,0
large_rs3,rand_delta,2,202,0.9911,6917,0
large_rs3,rand_delta,2,203,0.9911,6922,0
large_rs3,rand_delta,2,204,0.9911,6943,0
large_rs3,rand_delta,2,205,0.9911,6953,0
large_rs3,rand_delta,2,206,0.9911,6963,0
large_rs3,rand_delta,2,207,0.9911,6982,0
large_rs3,rand_delta,2,208,0.9911,6984,0
large_rs3,rand_delta,2,209,0.9911,7010,0
large_rs3,rand_delta,2,210,0.9911,7016,0
large_rs3,rand_delta,2,211,0.9821,7042,0
large_rs3,rand_delta,2,212,0.9821,7071,0
large_rs3,rand_delta,2,213,0.9821,7098,0
large_rs3,rand_delta,2,214,0.9821,7125,0
large_rs3,rand_delta,2,215,0.9911,7146,0
large_rs3,rand_delta,2,216,0.9911,7172,0
large_rs3,rand_delta,2,217,0.9911,7197,0
large_rs3,rand_delta,2,218,0.9911,7223,0
large_rs3,rand_delta,2,219,0.9911,7237,0
large_rs3,rand_delta,2,220,0.9911,7239,0
large_rs3,rand_delta,2,221,0.9911,7251,0
large_rs3,rand_delta,2,222,0.9911,7274,0
large_rs3,rand_delta,2,223,0.9911,7299,0
large_rs3,rand_delta,2,224,0.9911,7312,0
large_rs3,rand_delta,2,225,0.9911,7329,0
large_rs3,rand_delta,2,226,0.9911,7351,0
large_rs3,rand_delta,2,227,0.9911,7377,0
large_rs3,rand_delta,2,228,0.9911,7390,0
large_rs3,rand_delta,2,229,0.9911,7397,0
large_rs3,rand_delta,2,230,0.9821,7436,0
large_rs3,rand_delta,2,231,0.9821,7453,0
large_rs3,rand_delta,2,232,0.9911,7477,0
large_rs3,rand_delta,2,233,0.9911,7479,0
large_rs3,rand_delta,2,234,0.9911,7486,0
large_rs3,rand_delta,2,235,0.9911,7505,0
large_rs3,rand_delta,2,236,0.9911,7527,0
large_rs3,rand_delta,2,237,0.9911,7542,0
large_rs3,rand_delta,2,238,0.9911,7565,0
large_rs3,rand_delta,2,239,0.9911,7577,0
large_rs3,rand_delta,2,240,0.9911,7597,0
large_rs3,rand_delta,2,241,0.9911,7606,0
large_rs3,rand_delta,2,242,0.9911,7618,0
large_rs3,rand_delta,2,243,0.9911,7643,0
large_rs3,rand_delta,2,244,0.9911,7653,0
large_rs3,rand_delta,2,245,0.9911,7678,0
large_rs3,rand_delta,2,246,0.9821,7717,0
large_rs3,rand_delta,2,247,0.9911,7743,0
large_rs3,rand_delta,2,248,0.9911,7754,0
large_rs3,rand_delta,2,249,0.9911,7768,0
large_rs3,rand_delta,2,250,0.9911,7789,0
large_rs3,rand_delta,2,251,0.9911,7814,0
large_rs3,rand_delta,2,252,0.9911,7824,0
large_rs3,rand_delta,2,253,0.9911,7844,0
large_rs3,rand_delta,2,254,0.9911,7863,0
large_rs3,rand_delta,2,255,0.9911,7869,0
large_rs3,rand_delta,2,256,0.9911,7897,0
large_rs3,rand_delta,2,257,0.9911,7920,0
large_rs3,rand_delta,2,258,0.9911,7929,0
large_rs3,rand_delta,2,259,0.9911,7946,0
large_rs3,rand_delta,2,260,0.9911,7973,0
large_rs3,rand_delta,2,261,0.9911,7990,0
large_rs3,rand_delta,2,262,0.9911,8010,0
large_rs3,rand_delta,2,263,0.9911,8011,0
large_rs3,rand_delta,2,264,0.9911,8040,0
large_rs3,rand_delta,2,265,0.9821,8066,0
large_rs3,rand_delta,2,266,0.9821,8071,0
large_rs3,rand_delta,2,267,0.9821,8091,0
large_rs3,rand_delta,2,268,0.9911,8104,0
large_rs3,rand_delta,2,269,0.9911,8114,0
large_rs3,rand_delta,2,270,0.9911,8135,0
large_rs3,rand_delta,2,271,0.9911,8159,0
large_rs3,rand_delta,2,272,0.9911,8181,0
large_rs3,rand_delta,2,273,0.9911,8205,0
large_rs3,rand_delta,2,274,0.9911,8219,0
large_rs3,rand_delta,2,275,0.9911,8234,0
large_rs3,rand_delta,2,276,0.9821,8261,0
large_rs3,rand_delta,2,277,0.9821,8290,0
large_rs3,rand_delta,2,278,0.9821,8305,0
large_rs3,rand_delta,2,279,0.9821,8315,0
large_rs3,rand_delta,2,280,0.9821,8324,0
large_rs3,rand_delta,2,281,0.9821,8344,0
large_rs3,rand_delta,2,282,0.9821,8351,0
large_rs3,rand_delta,2,283,0.9911,8367,0
large_rs3,rand_delta,2,284,0.9911,8388,0
large_rs3,rand_delta,2,285,0.9911,8390,0
large_rs3,rand_delta,2,286,0.9911,8413,0
large_rs3,rand_delta,2,287,0.9911,8440,0
large_rs3,rand_delta,2,288,0.9911,8470,0
large_rs3,rand_delta,2,289,0.9911,8484,0
large_rs3,rand_delta,2,290,0.9911,8497,0
large_rs3,rand_delta,2,291,0.9821,8525,0
large_rs3,rand_delta,2,292,0.9821,8548,0
large_rs3,rand_delta,2,293,0.9821,8567,0
large_rs3,rand_delta,2,294,0.9821,8590,0
large_rs3,rand_delta,2,295,0.9821,8593,0
large_rs3,rand_delta,2,296,0.9821,8620,0
large_rs3,rand_delta,2,297,0.9821,8628,0
large_rs3,rand_delta,2,298,0.9821,8629,0
large_rs3,rand_delta,2,299,0.9821,8658,0
