round,agent,a,b,c,label,pred,correct,drift_pct,n_trained,n_skipped
0,connectome,32,22,54,True,False,False,0.07035523004212858,1,0
0,linear,32,22,54,True,False,False,,,
0,mlp,32,22,54,True,True,True,,,
1,connectome,6,22,39,False,False,True,0.07035523004212858,1,1
1,linear,6,22,39,False,True,False,,,
1,mlp,6,22,39,False,True,False,,,
2,connectome,14,11,52,False,True,False,0.27133905723617285,2,1
2,linear,14,11,52,False,False,True,,,
2,mlp,14,11,52,False,False,True,,,
3,connectome,15,38,53,True,False,False,0.3160667436458112,3,1
3,linear,15,38,53,True,True,True,,,
3,mlp,15,38,53,True,True,True,,,
4,connectome,20,28,48,True,True,True,0.3160667436458112,3,2
4,linear,20,28,48,True,True,True,,,
4,mlp,20,28,48,True,True,True,,,
5,connectome,47,38,85,True,True,True,0.3160667436458112,3,3
5,linear,47,38,85,True,True,True,,,
5,mlp,47,38,85,True,True,True,,,
6,connectome,11,27,38,True,True,True,0.3160667436458112,3,4
6,linear,11,27,38,True,True,True,,,
6,mlp,11,27,38,True,True,True,,,
7,connectome,22,22,44,True,True,True,0.3160667436458112,3,5
7,linear,22,22,44,True,True,True,,,
7,mlp,22,22,44,True,True,True,,,
8,connectome,31,40,71,True,False,False,0.3778363347804036,4,5
8,linear,31,40,71,True,True,True,,,
8,mlp,31,40,71,True,True,True,,,
9,connectome,30,37,69,False,True,False,0.5700570522723746,5,5
9,linear,30,37,69,False,True,False,,,
9,mlp,30,37,69,False,True,False,,,
10,connectome,42,27,69,True,False,False,0.6130188118953985,6,5
10,linear,42,27,69,True,True,True,,,
10,mlp,42,27,69,True,True,True,,,
11,connectome,33,38,32,False,True,False,0.7686981874977147,7,5
11,linear,33,38,32,False,False,True,,,
11,mlp,33,38,32,False,True,False,,,
12,connectome,13,31,44,True,True,True,0.7686981874977147,7,6
12,linear,13,31,44,True,True,True,,,
12,mlp,13,31,44,True,True,True,,,
13,connectome,45,31,76,True,True,True,0.7686981874977147,7,7
13,linear,45,31,76,True,True,True,,,
13,mlp,45,31,76,True,True,True,,,
14,connectome,19,10,29,True,False,False,0.7990883078104962,8,7
14,linear,19,10,29,True,True,True,,,
14,mlp,19,10,29,True,True,True,,,
15,connectome,39,24,36,False,True,False,0.9556725798361396,9,7
15,linear,39,24,36,False,True,False,,,
15,mlp,39,24,36,False,True,False,,,
16,connectome,33,44,74,False,False,True,0.9556725798361396,9,8
16,linear,33,44,74,False,True,False,,,
16,mlp,33,44,74,False,True,False,,,
17,connectome,35,28,63,True,False,False,0.9934074043756354,10,8
17,linear,35,28,63,True,True,True,,,
17,mlp,35,28,63,True,True,True,,,
18,connectome,40,17,75,False,True,False,1.130690133178634,11,8
18,linear,40,17,75,False,True,False,,,
18,mlp,40,17,75,False,True,False,,,
19,connectome,38,37,75,True,True,True,1.1583149434238875,12,8
19,linear,38,37,75,True,True,True,,,
19,mlp,38,37,75,True,True,True,,,
20,connectome,32,42,74,True,True,True,1.1583149434238875,12,9
20,linear,32,42,74,True,True,True,,,
20,mlp,32,42,74,True,True,True,,,
21,connectome,44,44,89,False,False,True,1.1583149434238875,12,10
21,linear,44,44,89,False,True,False,,,
21,mlp,44,44,89,False,True,False,,,
22,connectome,49,35,86,False,True,False,1.3198931915565963,13,10
22,linear,49,35,86,False,True,False,,,
22,mlp,49,35,86,False,True,False,,,
23,connectome,42,11,54,False,False,True,1.3198931915565963,13,11
23,linear,42,11,54,False,True,False,,,
23,mlp,42,11,54,False,True,False,,,
24,connectome,42,18,42,False,False,True,1.3198931915565963,13,12
24,linear,42,18,42,False,False,True,,,
24,mlp,42,18,42,False,True,False,,,
25,connectome,25,0,25,True,False,False,1.3503068342493993,14,12
25,linear,25,0,25,True,True,True,,,
25,mlp,25,0,25,True,True,True,,,
26,connectome,22,43,65,True,True,True,1.3503068342493993,14,13
26,linear,22,43,65,True,True,True,,,
26,mlp,22,43,65,True,True,True,,,
27,connectome,26,24,48,False,True,False,1.4819204310647154,15,13
27,linear,26,24,48,False,True,False,,,
27,mlp,26,24,48,False,True,False,,,
28,connectome,34,38,81,False,False,True,1.4819204310647154,15,14
28,linear,34,38,81,False,True,False,,,
28,mlp,34,38,81,False,True,False,,,
29,connectome,27,22,33,False,False,True,1.4819204310647154,15,15
29,linear,27,22,33,False,False,True,,,
29,mlp,27,22,33,False,True,False,,,
30,connectome,19,27,64,False,False,True,1.4819204310647154,15,16
30,linear,19,27,64,False,False,True,,,
30,mlp,19,27,64,False,False,True,,,
31,connectome,43,14,57,True,False,False,1.522018936926372,16,16
31,linear,43,14,57,True,True,True,,,
31,mlp,43,14,57,True,True,True,,,
32,connectome,7,32,96,False,False,True,1.522018936926372,16,17
32,linear,7,32,96,False,False,True,,,
32,mlp,7,32,96,False,False,True,,,
33,connectome,14,26,40,True,True,True,1.522018936926372,16,18
33,linear,14,26,40,True,True,True,,,
33,mlp,14,26,40,True,False,False,,,
34,connectome,28,13,41,True,False,False,1.547878615060012,17,18
34,linear,28,13,41,True,True,True,,,
34,mlp,28,13,41,True,False,False,,,
35,connectome,22,38,57,False,False,True,1.547878615060012,17,19
35,linear,22,38,57,False,True,False,,,
35,mlp,22,38,57,False,False,True,,,
36,connectome,29,24,53,True,False,False,1.5731615180781247,18,19
36,linear,29,24,53,True,True,True,,,
36,mlp,29,24,53,True,False,False,,,
37,connectome,41,4,54,False,False,True,1.5731615180781247,18,20
37,linear,41,4,54,False,True,False,,,
37,mlp,41,4,54,False,False,True,,,
38,connectome,49,42,89,False,True,False,1.703906852987647,19,20
38,linear,49,42,89,False,True,False,,,
38,mlp,49,42,89,False,False,True,,,
39,connectome,40,13,53,True,True,True,1.703906852987647,19,21
39,linear,40,13,53,True,True,True,,,
39,mlp,40,13,53,True,False,False,,,
40,connectome,35,44,78,False,False,True,1.703906852987647,19,22
40,linear,35,44,78,False,True,False,,,
40,mlp,35,44,78,False,False,True,,,
41,connectome,44,8,52,True,False,False,1.7343983738305213,20,22
41,linear,44,8,52,True,True,True,,,
41,mlp,44,8,52,True,False,False,,,
42,connectome,42,34,76,True,True,True,1.7343983738305213,20,23
42,linear,42,34,76,True,True,True,,,
42,mlp,42,34,76,True,False,False,,,
43,connectome,13,34,89,False,False,True,1.7343983738305213,20,24
43,linear,13,34,89,False,False,True,,,
43,mlp,13,34,89,False,False,True,,,
44,connectome,3,46,49,True,False,False,1.7624626393511764,21,24
44,linear,3,46,49,True,True,True,,,
44,mlp,3,46,49,True,False,False,,,
45,connectome,42,30,72,True,False,False,1.8100930748697184,22,24
45,linear,42,30,72,True,True,True,,,
45,mlp,42,30,72,True,False,False,,,
46,connectome,28,26,45,False,False,True,1.8100930748697184,22,25
46,linear,28,26,45,False,True,False,,,
46,mlp,28,26,45,False,False,True,,,
47,connectome,31,35,63,False,True,False,1.9274773800570266,23,25
47,linear,31,35,63,False,True,False,,,
47,mlp,31,35,63,False,False,True,,,
48,connectome,48,24,72,True,False,False,1.9508435269733873,24,25
48,linear,48,24,72,True,True,True,,,
48,mlp,48,24,72,True,False,False,,,
49,connectome,48,18,67,False,False,True,1.9508435269733873,24,26
49,linear,48,18,67,False,True,False,,,
49,mlp,48,18,67,False,False,True,,,
50,connectome,16,26,37,False,False,True,1.9508435269733873,24,27
50,linear,16,26,37,False,True,False,,,
50,mlp,16,26,37,False,False,True,,,
51,connectome,26,48,47,False,False,True,1.9508435269733873,24,28
51,linear,26,48,47,False,False,True,,,
51,mlp,26,48,47,False,False,True,,,
52,connectome,28,46,17,False,False,True,1.9508435269733873,24,29
52,linear,28,46,17,False,False,True,,,
52,mlp,28,46,17,False,False,True,,,
53,connectome,16,46,65,False,True,False,2.056199154544699,25,29
53,linear,16,46,65,False,True,False,,,
53,mlp,16,46,65,False,False,True,,,
54,connectome,11,25,76,False,True,False,2.155478697060457,26,29
54,linear,11,25,76,False,False,True,,,
54,mlp,11,25,76,False,False,True,,,
55,connectome,11,32,43,True,True,True,2.189053080101149,27,29
55,linear,11,32,43,True,True,True,,,
55,mlp,11,32,43,True,False,False,,,
56,connectome,4,34,39,False,False,True,2.189053080101149,27,30
56,linear,4,34,39,False,True,False,,,
56,mlp,4,34,39,False,False,True,,,
57,connectome,45,20,56,False,False,True,2.189053080101149,27,31
57,linear,45,20,56,False,False,True,,,
57,mlp,45,20,56,False,False,True,,,
58,connectome,42,4,46,True,False,False,2.223192477067358,28,31
58,linear,42,4,46,True,True,True,,,
58,mlp,42,4,46,True,False,False,,,
59,connectome,39,37,76,True,False,False,2.240509875748189,29,31
59,linear,39,37,76,True,True,True,,,
59,mlp,39,37,76,True,False,False,,,
60,connectome,3,37,42,False,False,True,2.240509875748189,29,32
60,linear,3,37,42,False,True,False,,,
60,mlp,3,37,42,False,False,True,,,
61,connectome,6,27,33,True,False,False,2.26057303549153,30,32
61,linear,6,27,33,True,True,True,,,
61,mlp,6,27,33,True,False,False,,,
62,connectome,8,28,36,True,False,False,2.2770832033066233,31,32
62,linear,8,28,36,True,True,True,,,
62,mlp,8,28,36,True,False,False,,,
63,connectome,36,3,36,False,False,True,2.2770832033066233,31,33
63,linear,36,3,36,False,True,False,,,
63,mlp,36,3,36,False,False,True,,,
64,connectome,8,37,45,True,False,False,2.2912311202145568,32,33
64,linear,8,37,45,True,True,True,,,
64,mlp,8,37,45,True,False,False,,,
65,connectome,0,38,37,False,True,False,2.39722232885145,33,33
65,linear,0,38,37,False,True,False,,,
65,mlp,0,38,37,False,False,True,,,
66,connectome,47,42,98,False,False,True,2.39722232885145,33,34
66,linear,47,42,98,False,False,True,,,
66,mlp,47,42,98,False,False,True,,,
67,connectome,23,2,25,True,True,True,2.39722232885145,33,35
67,linear,23,2,25,True,True,True,,,
67,mlp,23,2,25,True,False,False,,,
68,connectome,32,3,35,True,True,True,2.39722232885145,33,36
68,linear,32,3,35,True,True,True,,,
68,mlp,32,3,35,True,False,False,,,
69,connectome,9,27,36,True,False,False,2.4097732668779233,34,36
69,linear,9,27,36,True,True,True,,,
69,mlp,9,27,36,True,False,False,,,
70,connectome,37,3,40,True,True,True,2.4097732668779233,34,37
70,linear,37,3,40,True,True,True,,,
70,mlp,37,3,40,True,False,False,,,
71,connectome,48,7,56,False,True,False,2.501582705451852,35,37
71,linear,48,7,56,False,True,False,,,
71,mlp,48,7,56,False,False,True,,,
72,connectome,23,33,2,False,True,False,2.572459291961645,36,37
72,linear,23,33,2,False,False,True,,,
72,mlp,23,33,2,False,True,False,,,
73,connectome,28,40,68,True,False,False,2.589744267902446,37,37
73,linear,28,40,68,True,True,True,,,
73,mlp,28,40,68,True,False,False,,,
74,connectome,42,21,63,True,True,True,2.589744267902446,37,38
74,linear,42,21,63,True,True,True,,,
74,mlp,42,21,63,True,True,True,,,
75,connectome,19,45,64,True,False,False,2.6034150619399434,38,38
75,linear,19,45,64,True,True,True,,,
75,mlp,19,45,64,True,False,False,,,
76,connectome,5,0,6,False,False,True,2.6034150619399434,38,39
76,linear,5,0,6,False,True,False,,,
76,mlp,5,0,6,False,True,False,,,
77,connectome,25,43,67,False,False,True,2.6034150619399434,38,40
77,linear,25,43,67,False,True,False,,,
77,mlp,25,43,67,False,False,True,,,
78,connectome,18,11,29,True,False,False,2.6216242449065894,39,40
78,linear,18,11,29,True,True,True,,,
78,mlp,18,11,29,True,False,False,,,
79,connectome,15,22,39,False,False,True,2.6216242449065894,39,41
79,linear,15,22,39,False,True,False,,,
79,mlp,15,22,39,False,False,True,,,
80,connectome,8,9,17,True,False,False,2.6347022113935448,40,41
80,linear,8,9,17,True,True,True,,,
80,mlp,8,9,17,True,True,True,,,
81,connectome,29,16,45,True,False,False,2.644543148732541,41,41
81,linear,29,16,45,True,True,True,,,
81,mlp,29,16,45,True,True,True,,,
82,connectome,39,29,66,False,True,False,2.727600513653469,42,41
82,linear,39,29,66,False,True,False,,,
82,mlp,39,29,66,False,True,False,,,
83,connectome,22,6,28,True,False,False,2.7561465111595647,43,41
83,linear,22,6,28,True,True,True,,,
83,mlp,22,6,28,True,True,True,,,
84,connectome,14,35,94,False,False,True,2.7561465111595647,43,42
84,linear,14,35,94,False,False,True,,,
84,mlp,14,35,94,False,False,True,,,
85,connectome,24,49,42,False,False,True,2.7561465111595647,43,43
85,linear,24,49,42,False,False,True,,,
85,mlp,24,49,42,False,True,False,,,
86,connectome,6,47,53,True,False,False,2.7703581610025565,44,43
86,linear,6,47,53,True,True,True,,,
86,mlp,6,47,53,True,True,True,,,
87,connectome,20,38,58,True,True,True,2.7703581610025565,44,44
87,linear,20,38,58,True,True,True,,,
87,mlp,20,38,58,True,False,False,,,
88,connectome,13,11,24,True,True,True,2.7703581610025565,44,45
88,linear,13,11,24,True,True,True,,,
88,mlp,13,11,24,True,True,True,,,
89,connectome,17,17,2,False,False,True,2.7703581610025565,44,46
89,linear,17,17,2,False,False,True,,,
89,mlp,17,17,2,False,True,False,,,
90,connectome,46,9,39,False,False,True,2.7703581610025565,44,47
90,linear,46,9,39,False,False,True,,,
90,mlp,46,9,39,False,True,False,,,
91,connectome,27,6,33,True,False,False,2.7801673113415237,45,47
91,linear,27,6,33,True,True,True,,,
91,mlp,27,6,33,True,True,True,,,
92,connectome,47,40,78,False,False,True,2.8721588894256187,46,47
92,linear,47,40,78,False,True,False,,,
92,mlp,47,40,78,False,True,False,,,
93,connectome,45,25,89,False,False,True,2.8721588894256187,46,48
93,linear,45,25,89,False,False,True,,,
93,mlp,45,25,89,False,True,False,,,
94,connectome,13,40,53,True,False,False,2.902141659333028,47,48
94,linear,13,40,53,True,True,True,,,
94,mlp,13,40,53,True,True,True,,,
95,connectome,42,11,50,False,True,False,2.9705943281556046,48,48
95,linear,42,11,50,False,True,False,,,
95,mlp,42,11,50,False,True,False,,,
96,connectome,35,23,55,False,False,True,2.9705943281556046,48,49
96,linear,35,23,55,False,True,False,,,
96,mlp,35,23,55,False,True,False,,,
97,connectome,17,44,44,False,True,False,3.0445884246932473,49,49
97,linear,17,44,44,False,False,True,,,
97,mlp,17,44,44,False,True,False,,,
98,connectome,42,37,79,True,True,True,3.0445884246932473,49,50
98,linear,42,37,79,True,True,True,,,
98,mlp,42,37,79,True,False,False,,,
99,connectome,4,38,42,True,False,False,3.0639991562609916,50,50
99,linear,4,38,42,True,True,True,,,
99,mlp,4,38,42,True,False,False,,,
100,connectome,7,6,13,True,False,False,3.073191638799395,51,50
100,linear,7,6,13,True,True,True,,,
100,mlp,7,6,13,True,True,True,,,
101,connectome,30,43,73,True,True,True,3.073191638799395,51,51
101,linear,30,43,73,True,True,True,,,
101,mlp,30,43,73,True,True,True,,,
102,connectome,11,24,35,True,True,True,3.073191638799395,51,52
102,linear,11,24,35,True,True,True,,,
102,mlp,11,24,35,True,False,False,,,
103,connectome,40,28,68,True,True,True,3.073191638799395,51,53
103,linear,40,28,68,True,True,True,,,
103,mlp,40,28,68,True,True,True,,,
104,connectome,49,7,56,True,False,False,3.0797308604453733,52,53
104,linear,49,7,56,True,True,True,,,
104,mlp,49,7,56,True,True,True,,,
105,connectome,28,12,4,False,False,True,3.0797308604453733,52,54
105,linear,28,12,4,False,False,True,,,
105,mlp,28,12,4,False,True,False,,,
106,connectome,48,7,56,False,False,True,3.0797308604453733,52,55
106,linear,48,7,56,False,True,False,,,
106,mlp,48,7,56,False,True,False,,,
107,connectome,26,19,47,False,False,True,3.0797308604453733,52,56
107,linear,26,19,47,False,True,False,,,
107,mlp,26,19,47,False,True,False,,,
108,connectome,37,8,45,True,False,False,3.0889716592238208,53,56
108,linear,37,8,45,True,True,True,,,
108,mlp,37,8,45,True,True,True,,,
109,connectome,4,31,35,True,False,False,3.1041578984877036,54,56
109,linear,4,31,35,True,True,True,,,
109,mlp,4,31,35,True,False,False,,,
110,connectome,24,13,37,True,True,True,3.1041578984877036,54,57
110,linear,24,13,37,True,True,True,,,
110,mlp,24,13,37,True,True,True,,,
111,connectome,41,43,84,True,True,True,3.1041578984877036,54,58
111,linear,41,43,84,True,True,True,,,
111,mlp,41,43,84,True,True,True,,,
112,connectome,27,0,27,True,False,False,3.117043712559483,55,58
112,linear,27,0,27,True,True,True,,,
112,mlp,27,0,27,True,True,True,,,
113,connectome,37,17,67,False,False,True,3.117043712559483,55,59
113,linear,37,17,67,False,False,True,,,
113,mlp,37,17,67,False,True,False,,,
114,connectome,27,5,32,True,True,True,3.117043712559483,55,60
114,linear,27,5,32,True,True,True,,,
114,mlp,27,5,32,True,True,True,,,
115,connectome,25,17,45,False,True,False,3.1827181975795202,56,60
115,linear,25,17,45,False,True,False,,,
115,mlp,25,17,45,False,True,False,,,
116,connectome,49,47,69,False,False,True,3.1827181975795202,56,61
116,linear,49,47,69,False,False,True,,,
116,mlp,49,47,69,False,True,False,,,
117,connectome,45,5,9,False,False,True,3.1827181975795202,56,62
117,linear,45,5,9,False,False,True,,,
117,mlp,45,5,9,False,True,False,,,
118,connectome,27,1,82,False,True,False,3.255294911785867,57,62
118,linear,27,1,82,False,False,True,,,
118,mlp,27,1,82,False,False,True,,,
119,connectome,49,34,1,False,False,True,3.255294911785867,57,63
119,linear,49,34,1,False,False,True,,,
119,mlp,49,34,1,False,True,False,,,
120,connectome,37,12,94,False,False,True,3.255294911785867,57,64
120,linear,37,12,94,False,False,True,,,
120,mlp,37,12,94,False,False,True,,,
121,connectome,26,11,73,False,False,True,3.255294911785867,57,65
121,linear,26,11,73,False,False,True,,,
121,mlp,26,11,73,False,False,True,,,
122,connectome,19,25,43,False,False,True,3.255294911785867,57,66
122,linear,19,25,43,False,True,False,,,
122,mlp,19,25,43,False,False,True,,,
123,connectome,41,8,49,True,True,True,3.255294911785867,57,67
123,linear,41,8,49,True,True,True,,,
123,mlp,41,8,49,True,True,True,,,
124,connectome,13,30,34,False,True,False,3.3196874270947325,58,67
124,linear,13,30,34,False,True,False,,,
124,mlp,13,30,34,False,True,False,,,
125,connectome,47,42,98,False,False,True,3.3196874270947325,58,68
125,linear,47,42,98,False,True,False,,,
125,mlp,47,42,98,False,False,True,,,
126,connectome,3,45,92,False,False,True,3.3196874270947325,58,69
126,linear,3,45,92,False,False,True,,,
126,mlp,3,45,92,False,False,True,,,
127,connectome,10,29,33,False,True,False,3.405033297082752,59,69
127,linear,10,29,33,False,True,False,,,
127,mlp,10,29,33,False,False,True,,,
128,connectome,5,39,44,True,False,False,3.4212570640275834,60,69
128,linear,5,39,44,True,True,True,,,
128,mlp,5,39,44,True,False,False,,,
129,connectome,24,45,72,False,False,True,3.4212570640275834,60,70
129,linear,24,45,72,False,True,False,,,
129,mlp,24,45,72,False,False,True,,,
130,connectome,16,45,16,False,False,True,3.4212570640275834,60,71
130,linear,16,45,16,False,False,True,,,
130,mlp,16,45,16,False,False,True,,,
131,connectome,7,46,35,False,False,True,3.4212570640275834,60,72
131,linear,7,46,35,False,False,True,,,
131,mlp,7,46,35,False,False,True,,,
132,connectome,37,40,77,True,False,False,3.4360612235511168,61,72
132,linear,37,40,77,True,True,True,,,
132,mlp,37,40,77,True,False,False,,,
133,connectome,18,43,0,False,False,True,3.4360612235511168,61,73
133,linear,18,43,0,False,False,True,,,
133,mlp,18,43,0,False,False,True,,,
134,connectome,45,30,75,True,False,False,3.458046384251215,62,73
134,linear,45,30,75,True,True,True,,,
134,mlp,45,30,75,True,False,False,,,
135,connectome,40,3,46,False,True,False,3.528473661515597,63,73
135,linear,40,3,46,False,True,False,,,
135,mlp,40,3,46,False,True,False,,,
136,connectome,11,4,51,False,True,False,3.587310127089383,64,73
136,linear,11,4,51,False,False,True,,,
136,mlp,11,4,51,False,False,True,,,
137,connectome,40,40,78,False,True,False,3.667228366822441,65,73
137,linear,40,40,78,False,True,False,,,
137,mlp,40,40,78,False,True,False,,,
138,connectome,23,15,38,True,False,False,3.6876241775210863,66,73
138,linear,23,15,38,True,True,True,,,
138,mlp,23,15,38,True,False,False,,,
139,connectome,4,34,38,True,False,False,3.702892745115044,67,73
139,linear,4,34,38,True,True,True,,,
139,mlp,4,34,38,True,False,False,,,
140,connectome,33,26,59,True,True,True,3.702892745115044,67,74
140,linear,33,26,59,True,True,True,,,
140,mlp,33,26,59,True,False,False,,,
141,connectome,33,39,27,False,False,True,3.702892745115044,67,75
141,linear,33,39,27,False,False,True,,,
141,mlp,33,39,27,False,False,True,,,
142,connectome,31,11,42,True,False,False,3.735297366554667,68,75
142,linear,31,11,42,True,True,True,,,
142,mlp,31,11,42,True,False,False,,,
143,connectome,27,43,71,False,False,True,3.735297366554667,68,76
143,linear,27,43,71,False,True,False,,,
143,mlp,27,43,71,False,False,True,,,
144,connectome,30,32,62,True,True,True,3.735297366554667,68,77
144,linear,30,32,62,True,True,True,,,
144,mlp,30,32,62,True,False,False,,,
145,connectome,24,27,51,True,True,True,3.735297366554667,68,78
145,linear,24,27,51,True,True,True,,,
145,mlp,24,27,51,True,False,False,,,
146,connectome,17,15,23,False,False,True,3.735297366554667,68,79
146,linear,17,15,23,False,False,True,,,
146,mlp,17,15,23,False,False,True,,,
147,connectome,8,15,23,True,False,False,3.7424770962512306,69,79
147,linear,8,15,23,True,True,True,,,
147,mlp,8,15,23,True,False,False,,,
148,connectome,32,16,48,True,True,True,3.7424770962512306,69,80
148,linear,32,16,48,True,True,True,,,
148,mlp,32,16,48,True,False,False,,,
149,connectome,35,49,43,False,False,True,3.7424770962512306,69,81
149,linear,35,49,43,False,False,True,,,
149,mlp,35,49,43,False,False,True,,,
150,connectome,22,31,53,True,True,True,3.7424770962512306,69,82
150,linear,22,31,53,True,True,True,,,
150,mlp,22,31,53,True,False,False,,,
151,connectome,9,3,9,False,False,True,3.7424770962512306,69,83
151,linear,9,3,9,False,True,False,,,
151,mlp,9,3,9,False,False,True,,,
152,connectome,28,38,68,False,False,True,3.7424770962512306,69,84
152,linear,28,38,68,False,True,False,,,
152,mlp,28,38,68,False,False,True,,,
153,connectome,13,13,26,True,True,True,3.7424770962512306,69,85
153,linear,13,13,26,True,True,True,,,
153,mlp,13,13,26,True,False,False,,,
154,connectome,49,29,78,True,False,False,3.747029948265393,70,85
154,linear,49,29,78,True,True,True,,,
154,mlp,49,29,78,True,False,False,,,
155,connectome,30,32,62,True,True,True,3.747029948265393,70,86
155,linear,30,32,62,True,True,True,,,
155,mlp,30,32,62,True,True,True,,,
156,connectome,0,20,18,False,True,False,3.8208857713529087,71,86
156,linear,0,20,18,False,True,False,,,
156,mlp,0,20,18,False,True,False,,,
157,connectome,2,39,14,False,False,True,3.8208857713529087,71,87
157,linear,2,39,14,False,False,True,,,
157,mlp,2,39,14,False,False,True,,,
158,connectome,3,30,33,True,False,False,3.8352474558360377,72,87
158,linear,3,30,33,True,True,True,,,
158,mlp,3,30,33,True,False,False,,,
159,connectome,6,48,51,False,False,True,3.8352474558360377,72,88
159,linear,6,48,51,False,True,False,,,
159,mlp,6,48,51,False,False,True,,,
160,connectome,33,46,79,True,True,True,3.8352474558360377,72,89
160,linear,33,46,79,True,True,True,,,
160,mlp,33,46,79,True,True,True,,,
161,connectome,3,42,45,True,False,False,3.852929610342202,73,89
161,linear,3,42,45,True,True,True,,,
161,mlp,3,42,45,True,False,False,,,
162,connectome,41,36,78,False,True,False,3.909506973823923,74,89
162,linear,41,36,78,False,True,False,,,
162,mlp,41,36,78,False,True,False,,,
163,connectome,11,39,50,True,False,False,3.9338100425661398,75,89
163,linear,11,39,50,True,True,True,,,
163,mlp,11,39,50,True,False,False,,,
164,connectome,49,41,87,False,False,True,3.9338100425661398,75,90
164,linear,49,41,87,False,True,False,,,
164,mlp,49,41,87,False,False,True,,,
165,connectome,32,48,80,True,True,True,3.9338100425661398,75,91
165,linear,32,48,80,True,True,True,,,
165,mlp,32,48,80,True,False,False,,,
166,connectome,9,28,0,False,False,True,3.9338100425661398,75,92
166,linear,9,28,0,False,False,True,,,
166,mlp,9,28,0,False,False,True,,,
167,connectome,12,30,42,True,True,True,3.9338100425661398,75,93
167,linear,12,30,42,True,True,True,,,
167,mlp,12,30,42,True,True,True,,,
168,connectome,32,5,34,False,False,True,3.98473090939269,76,93
168,linear,32,5,34,False,True,False,,,
168,mlp,32,5,34,False,True,False,,,
169,connectome,37,46,66,False,False,True,3.98473090939269,76,94
169,linear,37,46,66,False,False,True,,,
169,mlp,37,46,66,False,False,True,,,
170,connectome,48,46,94,True,False,False,3.9961955266931706,77,94
170,linear,48,46,94,True,True,True,,,
170,mlp,48,46,94,True,False,False,,,
171,connectome,1,29,30,True,True,True,3.9961955266931706,77,95
171,linear,1,29,30,True,True,True,,,
171,mlp,1,29,30,True,False,False,,,
172,connectome,37,49,86,True,False,False,4.003661657259996,78,95
172,linear,37,49,86,True,True,True,,,
172,mlp,37,49,86,True,False,False,,,
173,connectome,25,23,45,False,False,True,4.003661657259996,78,96
173,linear,25,23,45,False,True,False,,,
173,mlp,25,23,45,False,False,True,,,
174,connectome,1,39,40,True,True,True,4.003661657259996,78,97
174,linear,1,39,40,True,True,True,,,
174,mlp,1,39,40,True,False,False,,,
175,connectome,48,37,85,True,False,False,4.009670989615489,79,97
175,linear,48,37,85,True,True,True,,,
175,mlp,48,37,85,True,False,False,,,
176,connectome,7,17,76,False,False,True,4.009670989615489,79,98
176,linear,7,17,76,False,False,True,,,
176,mlp,7,17,76,False,False,True,,,
177,connectome,22,38,63,False,True,False,4.070240164560859,80,98
177,linear,22,38,63,False,True,False,,,
177,mlp,22,38,63,False,True,False,,,
178,connectome,29,24,35,False,False,True,4.070240164560859,80,99
178,linear,29,24,35,False,False,True,,,
178,mlp,29,24,35,False,False,True,,,
179,connectome,6,29,35,True,False,False,4.0780750243280215,81,99
179,linear,6,29,35,True,True,True,,,
179,mlp,6,29,35,True,False,False,,,
180,connectome,15,48,63,True,True,True,4.0780750243280215,81,100
180,linear,15,48,63,True,True,True,,,
180,mlp,15,48,63,True,False,False,,,
181,connectome,25,45,70,True,True,True,4.0780750243280215,81,101
181,linear,25,45,70,True,True,True,,,
181,mlp,25,45,70,True,False,False,,,
182,connectome,44,4,48,True,False,False,4.094321677912873,82,101
182,linear,44,4,48,True,True,True,,,
182,mlp,44,4,48,True,True,True,,,
183,connectome,33,12,43,False,True,False,4.13835875201313,83,101
183,linear,33,12,43,False,True,False,,,
183,mlp,33,12,43,False,True,False,,,
184,connectome,31,11,42,True,True,True,4.13835875201313,83,102
184,linear,31,11,42,True,True,True,,,
184,mlp,31,11,42,True,True,True,,,
185,connectome,39,2,41,True,True,True,4.149237534903076,84,102
185,linear,39,2,41,True,True,True,,,
185,mlp,39,2,41,True,False,False,,,
186,connectome,34,4,38,True,False,False,4.162212988314938,85,102
186,linear,34,4,38,True,True,True,,,
186,mlp,34,4,38,True,True,True,,,
187,connectome,40,6,46,True,True,True,4.162212988314938,85,103
187,linear,40,6,46,True,True,True,,,
187,mlp,40,6,46,True,True,True,,,
188,connectome,42,11,53,True,False,False,4.191344820231569,86,103
188,linear,42,11,53,True,True,True,,,
188,mlp,42,11,53,True,True,True,,,
189,connectome,12,1,13,True,True,True,4.191344820231569,86,104
189,linear,12,1,13,True,True,True,,,
189,mlp,12,1,13,True,True,True,,,
190,connectome,31,12,34,False,True,False,4.247434889002844,87,104
190,linear,31,12,34,False,True,False,,,
190,mlp,31,12,34,False,True,False,,,
191,connectome,33,27,62,False,True,False,4.296424695577628,88,104
191,linear,33,27,62,False,True,False,,,
191,mlp,33,27,62,False,True,False,,,
192,connectome,36,31,66,False,False,True,4.296424695577628,88,105
192,linear,36,31,66,False,True,False,,,
192,mlp,36,31,66,False,True,False,,,
193,connectome,0,11,12,False,True,False,4.349563023526206,89,105
193,linear,0,11,12,False,True,False,,,
193,mlp,0,11,12,False,True,False,,,
194,connectome,27,33,60,True,True,True,4.349563023526206,89,106
194,linear,27,33,60,True,True,True,,,
194,mlp,27,33,60,True,True,True,,,
195,connectome,34,6,40,True,False,False,4.363298821978763,90,106
195,linear,34,6,40,True,True,True,,,
195,mlp,34,6,40,True,True,True,,,
196,connectome,5,16,19,False,False,True,4.363298821978763,90,107
196,linear,5,16,19,False,True,False,,,
196,mlp,5,16,19,False,True,False,,,
197,connectome,2,41,34,False,True,False,4.426757435226774,91,107
197,linear,2,41,34,False,False,True,,,
197,mlp,2,41,34,False,True,False,,,
198,connectome,1,9,10,True,True,True,4.426757435226774,91,108
198,linear,1,9,10,True,True,True,,,
198,mlp,1,9,10,True,True,True,,,
199,connectome,26,5,31,True,True,True,4.426757435226774,91,109
199,linear,26,5,31,True,True,True,,,
199,mlp,26,5,31,True,True,True,,,
200,connectome,22,31,55,False,True,False,4.468613285385037,92,109
200,linear,22,31,55,False,True,False,,,
200,mlp,22,31,55,False,True,False,,,
201,connectome,29,39,68,True,False,False,4.470521141126781,93,109
201,linear,29,39,68,True,True,True,,,
201,mlp,29,39,68,True,True,True,,,
202,connectome,44,7,51,True,True,True,4.486153352001072,94,109
202,linear,44,7,51,True,True,True,,,
202,mlp,44,7,51,True,True,True,,,
203,connectome,29,43,65,False,False,True,4.486153352001072,94,110
203,linear,29,43,65,False,True,False,,,
203,mlp,29,43,65,False,True,False,,,
204,connectome,23,7,30,True,True,True,4.486153352001072,94,111
204,linear,23,7,30,True,True,True,,,
204,mlp,23,7,30,True,True,True,,,
205,connectome,37,22,95,False,False,True,4.486153352001072,94,112
205,linear,37,22,95,False,False,True,,,
205,mlp,37,22,95,False,True,False,,,
206,connectome,48,4,51,False,True,False,4.540463030900719,95,112
206,linear,48,4,51,False,True,False,,,
206,mlp,48,4,51,False,True,False,,,
207,connectome,34,12,80,False,True,False,4.597000024892403,96,112
207,linear,34,12,80,False,False,True,,,
207,mlp,34,12,80,False,True,False,,,
208,connectome,1,1,2,True,True,True,4.597000024892403,96,113
208,linear,1,1,2,True,True,True,,,
208,mlp,1,1,2,True,True,True,,,
209,connectome,24,8,91,False,True,False,4.634365643426562,97,113
209,linear,24,8,91,False,False,True,,,
209,mlp,24,8,91,False,True,False,,,
210,connectome,6,22,25,False,False,True,4.634365643426562,97,114
210,linear,6,22,25,False,True,False,,,
210,mlp,6,22,25,False,True,False,,,
211,connectome,29,32,64,False,False,True,4.634365643426562,97,115
211,linear,29,32,64,False,True,False,,,
211,mlp,29,32,64,False,True,False,,,
212,connectome,48,20,86,False,False,True,4.634365643426562,97,116
212,linear,48,20,86,False,False,True,,,
212,mlp,48,20,86,False,True,False,,,
213,connectome,49,48,97,True,False,False,4.6374273672693604,98,116
213,linear,49,48,97,True,True,True,,,
213,mlp,49,48,97,True,True,True,,,
214,connectome,35,36,88,False,False,True,4.6374273672693604,98,117
214,linear,35,36,88,False,False,True,,,
214,mlp,35,36,88,False,True,False,,,
215,connectome,29,20,49,True,False,False,4.644535894085859,99,117
215,linear,29,20,49,True,True,True,,,
215,mlp,29,20,49,True,False,False,,,
216,connectome,42,48,9,False,False,True,4.644535894085859,99,118
216,linear,42,48,9,False,False,True,,,
216,mlp,42,48,9,False,True,False,,,
217,connectome,36,37,37,False,False,True,4.644535894085859,99,119
217,linear,36,37,37,False,False,True,,,
217,mlp,36,37,37,False,True,False,,,
218,connectome,2,25,12,False,False,True,4.644535894085859,99,120
218,linear,2,25,12,False,False,True,,,
218,mlp,2,25,12,False,True,False,,,
219,connectome,44,8,18,False,False,True,4.644535894085859,99,121
219,linear,44,8,18,False,False,True,,,
219,mlp,44,8,18,False,True,False,,,
220,connectome,1,47,47,False,False,True,4.644535894085859,99,122
220,linear,1,47,47,False,True,False,,,
220,mlp,1,47,47,False,True,False,,,
221,connectome,18,38,15,False,False,True,4.644535894085859,99,123
221,linear,18,38,15,False,False,True,,,
221,mlp,18,38,15,False,False,True,,,
222,connectome,41,16,11,False,False,True,4.644535894085859,99,124
222,linear,41,16,11,False,False,True,,,
222,mlp,41,16,11,False,True,False,,,
223,connectome,35,17,52,True,True,True,4.644535894085859,99,125
223,linear,35,17,52,True,True,True,,,
223,mlp,35,17,52,True,False,False,,,
224,connectome,46,35,81,True,False,False,4.658425541618556,100,125
224,linear,46,35,81,True,True,True,,,
224,mlp,46,35,81,True,False,False,,,
225,connectome,15,18,33,True,False,False,4.666950497156349,101,125
225,linear,15,18,33,True,True,True,,,
225,mlp,15,18,33,True,False,False,,,
226,connectome,35,26,61,True,True,True,4.666950497156349,101,126
226,linear,35,26,61,True,True,True,,,
226,mlp,35,26,61,True,False,False,,,
227,connectome,2,25,72,False,True,False,4.699027394625673,102,126
227,linear,2,25,72,False,False,True,,,
227,mlp,2,25,72,False,False,True,,,
228,connectome,48,11,22,False,False,True,4.699027394625673,102,127
228,linear,48,11,22,False,False,True,,,
228,mlp,48,11,22,False,False,True,,,
229,connectome,1,9,10,True,True,True,4.699027394625673,102,128
229,linear,1,9,10,True,True,True,,,
229,mlp,1,9,10,True,True,True,,,
230,connectome,42,28,7,False,False,True,4.699027394625673,102,129
230,linear,42,28,7,False,False,True,,,
230,mlp,42,28,7,False,False,True,,,
231,connectome,47,20,67,True,False,False,4.705954417672005,103,129
231,linear,47,20,67,True,True,True,,,
231,mlp,47,20,67,True,False,False,,,
232,connectome,47,26,73,True,False,False,4.710585147836238,104,129
232,linear,47,26,73,True,True,True,,,
232,mlp,47,26,73,True,False,False,,,
233,connectome,41,7,45,False,False,True,4.749732109852025,105,129
233,linear,41,7,45,False,True,False,,,
233,mlp,41,7,45,False,False,True,,,
234,connectome,2,36,37,False,False,True,4.749732109852025,105,130
234,linear,2,36,37,False,True,False,,,
234,mlp,2,36,37,False,False,True,,,
235,connectome,28,7,35,True,False,False,4.7522836523443575,106,130
235,linear,28,7,35,True,True,True,,,
235,mlp,28,7,35,True,False,False,,,
236,connectome,7,0,7,True,False,False,4.759993907071406,107,130
236,linear,7,0,7,True,True,True,,,
236,mlp,7,0,7,True,False,False,,,
237,connectome,32,49,18,False,False,True,4.759993907071406,107,131
237,linear,32,49,18,False,False,True,,,
237,mlp,32,49,18,False,False,True,,,
238,connectome,23,40,63,True,True,True,4.759993907071406,107,132
238,linear,23,40,63,True,True,True,,,
238,mlp,23,40,63,True,False,False,,,
239,connectome,13,47,61,False,False,True,4.759993907071406,107,133
239,linear,13,47,61,False,True,False,,,
239,mlp,13,47,61,False,False,True,,,
240,connectome,21,46,67,True,True,True,4.759993907071406,107,134
240,linear,21,46,67,True,True,True,,,
240,mlp,21,46,67,True,False,False,,,
241,connectome,40,20,60,True,True,True,4.759993907071406,107,135
241,linear,40,20,60,True,True,True,,,
241,mlp,40,20,60,True,True,True,,,
242,connectome,18,39,90,False,False,True,4.759993907071406,107,136
242,linear,18,39,90,False,False,True,,,
242,mlp,18,39,90,False,False,True,,,
243,connectome,46,43,89,True,False,False,4.768766801209425,108,136
243,linear,46,43,89,True,True,True,,,
243,mlp,46,43,89,True,False,False,,,
244,connectome,19,23,45,False,False,True,4.768766801209425,108,137
244,linear,19,23,45,False,True,False,,,
244,mlp,19,23,45,False,False,True,,,
245,connectome,22,48,70,True,False,False,4.786479471235618,109,137
245,linear,22,48,70,True,True,True,,,
245,mlp,22,48,70,True,True,True,,,
246,connectome,16,18,43,False,False,True,4.786479471235618,109,138
246,linear,16,18,43,False,True,False,,,
246,mlp,16,18,43,False,False,True,,,
247,connectome,29,25,61,False,False,True,4.786479471235618,109,139
247,linear,29,25,61,False,True,False,,,
247,mlp,29,25,61,False,False,True,,,
248,connectome,0,10,15,False,True,False,4.844634741398782,110,139
248,linear,0,10,15,False,False,True,,,
248,mlp,0,10,15,False,False,True,,,
249,connectome,14,41,68,False,False,True,4.844634741398782,110,140
249,linear,14,41,68,False,False,True,,,
249,mlp,14,41,68,False,False,True,,,
250,connectome,5,19,42,False,False,True,4.844634741398782,110,141
250,linear,5,19,42,False,False,True,,,
250,mlp,5,19,42,False,False,True,,,
251,connectome,36,0,63,False,True,False,4.890819345221002,111,141
251,linear,36,0,63,False,False,True,,,
251,mlp,36,0,63,False,False,True,,,
252,connectome,48,28,76,True,False,False,4.892237999032298,112,141
252,linear,48,28,76,True,True,True,,,
252,mlp,48,28,76,True,False,False,,,
253,connectome,29,3,29,False,False,True,4.892237999032298,112,142
253,linear,29,3,29,False,True,False,,,
253,mlp,29,3,29,False,False,True,,,
254,connectome,18,3,22,False,False,True,4.892237999032298,112,143
254,linear,18,3,22,False,True,False,,,
254,mlp,18,3,22,False,False,True,,,
255,connectome,38,34,70,False,False,True,4.892237999032298,112,144
255,linear,38,34,70,False,True,False,,,
255,mlp,38,34,70,False,False,True,,,
256,connectome,35,23,46,False,False,True,4.892237999032298,112,145
256,linear,35,23,46,False,False,True,,,
256,mlp,35,23,46,False,False,True,,,
257,connectome,17,20,73,False,False,True,4.892237999032298,112,146
257,linear,17,20,73,False,False,True,,,
257,mlp,17,20,73,False,False,True,,,
258,connectome,23,49,72,True,True,True,4.908901062317531,113,146
258,linear,23,49,72,True,True,True,,,
258,mlp,23,49,72,True,False,False,,,
259,connectome,32,0,23,False,False,True,4.908901062317531,113,147
259,linear,32,0,23,False,False,True,,,
259,mlp,32,0,23,False,False,True,,,
260,connectome,46,10,57,False,False,True,4.908901062317531,113,148
260,linear,46,10,57,False,True,False,,,
260,mlp,46,10,57,False,False,True,,,
261,connectome,10,25,35,True,True,True,4.908901062317531,113,149
261,linear,10,25,35,True,True,True,,,
261,mlp,10,25,35,True,False,False,,,
262,connectome,16,12,28,True,False,False,4.914527043452674,114,149
262,linear,16,12,28,True,True,True,,,
262,mlp,16,12,28,True,False,False,,,
263,connectome,38,17,55,True,False,False,4.915910095823938,115,149
263,linear,38,17,55,True,True,True,,,
263,mlp,38,17,55,True,False,False,,,
264,connectome,45,23,68,True,False,False,4.92333839986073,116,149
264,linear,45,23,68,True,True,True,,,
264,mlp,45,23,68,True,False,False,,,
265,connectome,44,3,47,True,False,False,4.932919001669488,117,149
265,linear,44,3,47,True,True,True,,,
265,mlp,44,3,47,True,False,False,,,
266,connectome,14,24,4,False,False,True,4.932919001669488,117,150
266,linear,14,24,4,False,False,True,,,
266,mlp,14,24,4,False,False,True,,,
267,connectome,47,25,72,True,False,False,4.937746811233901,118,150
267,linear,47,25,72,True,True,True,,,
267,mlp,47,25,72,True,False,False,,,
268,connectome,23,5,27,False,False,True,4.979333425501918,119,150
268,linear,23,5,27,False,True,False,,,
268,mlp,23,5,27,False,False,True,,,
269,connectome,25,27,25,False,False,True,4.979333425501918,119,151
269,linear,25,27,25,False,False,True,,,
269,mlp,25,27,25,False,False,True,,,
270,connectome,16,31,0,False,False,True,4.979333425501918,119,152
270,linear,16,31,0,False,False,True,,,
270,mlp,16,31,0,False,False,True,,,
271,connectome,47,11,58,True,False,False,4.983925057656116,120,152
271,linear,47,11,58,True,True,True,,,
271,mlp,47,11,58,True,False,False,,,
272,connectome,12,37,51,False,True,False,5.02870340459705,121,152
272,linear,12,37,51,False,True,False,,,
272,mlp,12,37,51,False,False,True,,,
273,connectome,1,21,22,True,True,True,5.02870340459705,121,153
273,linear,1,21,22,True,True,True,,,
273,mlp,1,21,22,True,True,True,,,
274,connectome,10,7,45,False,True,False,5.0584023165942,122,153
274,linear,10,7,45,False,False,True,,,
274,mlp,10,7,45,False,False,True,,,
275,connectome,31,19,94,False,True,False,5.082470161536201,123,153
275,linear,31,19,94,False,False,True,,,
275,mlp,31,19,94,False,True,False,,,
276,connectome,34,16,49,False,False,True,5.082470161536201,123,154
276,linear,34,16,49,False,True,False,,,
276,mlp,34,16,49,False,False,True,,,
277,connectome,0,13,13,True,True,True,5.082470161536201,123,155
277,linear,0,13,13,True,True,True,,,
277,mlp,0,13,13,True,False,False,,,
278,connectome,9,20,29,True,False,False,5.087821502991093,124,155
278,linear,9,20,29,True,True,True,,,
278,mlp,9,20,29,True,False,False,,,
279,connectome,38,3,41,True,True,True,5.087821502991093,124,156
279,linear,38,3,41,True,True,True,,,
279,mlp,38,3,41,True,False,False,,,
280,connectome,30,28,56,False,False,True,5.087821502991093,124,157
280,linear,30,28,56,False,True,False,,,
280,mlp,30,28,56,False,False,True,,,
281,connectome,42,45,87,True,True,True,5.087821502991093,124,158
281,linear,42,45,87,True,True,True,,,
281,mlp,42,45,87,True,False,False,,,
282,connectome,41,48,89,True,True,True,5.087821502991093,124,159
282,linear,41,48,89,True,True,True,,,
282,mlp,41,48,89,True,False,False,,,
283,connectome,7,39,46,True,False,False,5.091375607464342,125,159
283,linear,7,39,46,True,True,True,,,
283,mlp,7,39,46,True,False,False,,,
284,connectome,43,25,32,False,False,True,5.091375607464342,125,160
284,linear,43,25,32,False,False,True,,,
284,mlp,43,25,32,False,False,True,,,
285,connectome,18,19,36,False,False,True,5.091375607464342,125,161
285,linear,18,19,36,False,True,False,,,
285,mlp,18,19,36,False,False,True,,,
286,connectome,49,14,61,False,True,False,5.147042273395231,126,161
286,linear,49,14,61,False,True,False,,,
286,mlp,49,14,61,False,False,True,,,
287,connectome,30,26,53,False,True,False,5.17127159629738,127,161
287,linear,30,26,53,False,True,False,,,
287,mlp,30,26,53,False,True,False,,,
288,connectome,37,17,54,True,False,False,5.172370790758385,128,161
288,linear,37,17,54,True,True,True,,,
288,mlp,37,17,54,True,False,False,,,
289,connectome,31,32,63,True,True,True,5.172370790758385,128,162
289,linear,31,32,63,True,True,True,,,
289,mlp,31,32,63,True,True,True,,,
290,connectome,38,20,83,False,False,True,5.172370790758385,128,163
290,linear,38,20,83,False,False,True,,,
290,mlp,38,20,83,False,False,True,,,
291,connectome,31,36,67,True,True,True,5.172370790758385,128,164
291,linear,31,36,67,True,True,True,,,
291,mlp,31,36,67,True,True,True,,,
292,connectome,38,5,43,True,False,False,5.175715736771443,129,164
292,linear,38,5,43,True,True,True,,,
292,mlp,38,5,43,True,False,False,,,
293,connectome,22,17,39,True,False,False,5.188537341103164,130,164
293,linear,22,17,39,True,True,True,,,
293,mlp,22,17,39,True,False,False,,,
294,connectome,16,23,93,False,False,True,5.188537341103164,130,165
294,linear,16,23,93,False,False,True,,,
294,mlp,16,23,93,False,False,True,,,
295,connectome,0,26,26,True,False,False,5.203186062196555,131,165
295,linear,0,26,26,True,True,True,,,
295,mlp,0,26,26,True,False,False,,,
296,connectome,32,31,63,True,True,True,5.203186062196555,131,166
296,linear,32,31,63,True,True,True,,,
296,mlp,32,31,63,True,True,True,,,
297,connectome,29,22,51,True,False,False,5.210912846163619,132,166
297,linear,29,22,51,True,True,True,,,
297,mlp,29,22,51,True,False,False,,,
298,connectome,13,20,33,True,True,True,5.210912846163619,132,167
298,linear,13,20,33,True,True,True,,,
298,mlp,13,20,33,True,True,True,,,
299,connectome,22,26,84,False,True,False,5.225402314386865,133,167
299,linear,22,26,84,False,False,True,,,
299,mlp,22,26,84,False,True,False,,,
300,connectome,6,35,14,False,False,True,5.225402314386865,133,168
300,linear,6,35,14,False,False,True,,,
300,mlp,6,35,14,False,False,True,,,
301,connectome,6,8,14,True,False,False,5.231213931602177,134,168
301,linear,6,8,14,True,True,True,,,
301,mlp,6,8,14,True,False,False,,,
302,connectome,7,12,19,True,False,False,5.2345715924152465,135,168
302,linear,7,12,19,True,True,True,,,
302,mlp,7,12,19,True,True,True,,,
303,connectome,5,31,36,True,False,False,5.23961841440986,136,168
303,linear,5,31,36,True,True,True,,,
303,mlp,5,31,36,True,True,True,,,
304,connectome,8,10,18,True,False,False,5.243343215073265,137,168
304,linear,8,10,18,True,True,True,,,
304,mlp,8,10,18,True,True,True,,,
305,connectome,21,5,62,False,True,False,5.259371491967918,138,168
305,linear,21,5,62,False,False,True,,,
305,mlp,21,5,62,False,True,False,,,
306,connectome,3,39,41,False,False,True,5.259371491967918,138,169
306,linear,3,39,41,False,True,False,,,
306,mlp,3,39,41,False,True,False,,,
307,connectome,48,22,70,True,False,False,5.267824608885645,139,169
307,linear,48,22,70,True,True,True,,,
307,mlp,48,22,70,True,True,True,,,
308,connectome,29,43,72,True,False,False,5.273245881740602,140,169
308,linear,29,43,72,True,True,True,,,
308,mlp,29,43,72,True,False,False,,,
309,connectome,22,48,70,True,True,True,5.273245881740602,140,170
309,linear,22,48,70,True,True,True,,,
309,mlp,22,48,70,True,True,True,,,
310,connectome,36,1,37,True,True,True,5.276551411873623,141,170
310,linear,36,1,37,True,True,True,,,
310,mlp,36,1,37,True,True,True,,,
311,connectome,44,13,76,False,False,True,5.276551411873623,141,171
311,linear,44,13,76,False,False,True,,,
311,mlp,44,13,76,False,True,False,,,
312,connectome,18,2,20,True,False,False,5.28434749150075,142,171
312,linear,18,2,20,True,True,True,,,
312,mlp,18,2,20,True,False,False,,,
313,connectome,24,28,25,False,False,True,5.28434749150075,142,172
313,linear,24,28,25,False,False,True,,,
313,mlp,24,28,25,False,True,False,,,
314,connectome,32,16,85,False,False,True,5.28434749150075,142,173
314,linear,32,16,85,False,False,True,,,
314,mlp,32,16,85,False,True,False,,,
315,connectome,49,48,98,False,False,True,5.28434749150075,142,174
315,linear,49,48,98,False,True,False,,,
315,mlp,49,48,98,False,True,False,,,
316,connectome,37,36,73,True,False,False,5.2864413011926645,143,174
316,linear,37,36,73,True,True,True,,,
316,mlp,37,36,73,True,True,True,,,
317,connectome,36,1,40,False,True,False,5.335002936877057,144,174
317,linear,36,1,40,False,True,False,,,
317,mlp,36,1,40,False,True,False,,,
318,connectome,0,47,47,True,True,True,5.335002936877057,144,175
318,linear,0,47,47,True,True,True,,,
318,mlp,0,47,47,True,True,True,,,
319,connectome,23,31,54,True,True,True,5.335002936877057,144,176
319,linear,23,31,54,True,True,True,,,
319,mlp,23,31,54,True,True,True,,,
320,connectome,26,34,60,True,False,False,5.339811674241453,145,176
320,linear,26,34,60,True,True,True,,,
320,mlp,26,34,60,True,True,True,,,
321,connectome,47,0,47,True,False,False,5.343655994024967,146,176
321,linear,47,0,47,True,True,True,,,
321,mlp,47,0,47,True,True,True,,,
322,connectome,4,25,31,False,True,False,5.374891807473523,147,176
322,linear,4,25,31,False,True,False,,,
322,mlp,4,25,31,False,True,False,,,
323,connectome,30,7,73,False,True,False,5.390380976847682,148,176
323,linear,30,7,73,False,False,True,,,
323,mlp,30,7,73,False,True,False,,,
324,connectome,5,22,29,False,False,True,5.390380976847682,148,177
324,linear,5,22,29,False,True,False,,,
324,mlp,5,22,29,False,True,False,,,
325,connectome,38,30,68,True,False,False,5.393144538630208,149,177
325,linear,38,30,68,True,True,True,,,
325,mlp,38,30,68,True,True,True,,,
326,connectome,44,5,49,True,True,True,5.399840152316329,150,177
326,linear,44,5,49,True,True,True,,,
326,mlp,44,5,49,True,True,True,,,
327,connectome,24,22,46,True,True,True,5.399840152316329,150,178
327,linear,24,22,46,True,True,True,,,
327,mlp,24,22,46,True,True,True,,,
328,connectome,11,38,50,False,True,False,5.433426932287033,151,178
328,linear,11,38,50,False,True,False,,,
328,mlp,11,38,50,False,True,False,,,
329,connectome,45,22,67,True,True,True,5.433426932287033,151,179
329,linear,45,22,67,True,True,True,,,
329,mlp,45,22,67,True,True,True,,,
330,connectome,1,49,50,True,False,False,5.454939102426699,152,179
330,linear,1,49,50,True,True,True,,,
330,mlp,1,49,50,True,True,True,,,
331,connectome,21,44,67,False,True,False,5.483934568113205,153,179
331,linear,21,44,67,False,True,False,,,
331,mlp,21,44,67,False,True,False,,,
332,connectome,4,27,31,True,False,False,5.492413432500956,154,179
332,linear,4,27,31,True,True,True,,,
332,mlp,4,27,31,True,True,True,,,
333,connectome,47,15,13,False,False,True,5.492413432500956,154,180
333,linear,47,15,13,False,False,True,,,
333,mlp,47,15,13,False,True,False,,,
334,connectome,45,36,83,False,False,True,5.492413432500956,154,181
334,linear,45,36,83,False,True,False,,,
334,mlp,45,36,83,False,True,False,,,
335,connectome,42,32,74,True,True,True,5.492413432500956,154,182
335,linear,42,32,74,True,True,True,,,
335,mlp,42,32,74,True,True,True,,,
336,connectome,17,26,8,False,False,True,5.492413432500956,154,183
336,linear,17,26,8,False,False,True,,,
336,mlp,17,26,8,False,True,False,,,
337,connectome,21,16,37,True,True,True,5.492413432500956,154,184
337,linear,21,16,37,True,True,True,,,
337,mlp,21,16,37,True,True,True,,,
338,connectome,12,6,15,False,False,True,5.492413432500956,154,185
338,linear,12,6,15,False,True,False,,,
338,mlp,12,6,15,False,True,False,,,
339,connectome,32,33,65,True,True,True,5.492413432500956,154,186
339,linear,32,33,65,True,True,True,,,
339,mlp,32,33,65,True,True,True,,,
340,connectome,42,38,80,True,True,True,5.492413432500956,154,187
340,linear,42,38,80,True,True,True,,,
340,mlp,42,38,80,True,True,True,,,
341,connectome,29,47,76,True,False,False,5.492889601761392,155,187
341,linear,29,47,76,True,True,True,,,
341,mlp,29,47,76,True,True,True,,,
342,connectome,5,8,13,True,False,False,5.499903085447802,156,187
342,linear,5,8,13,True,True,True,,,
342,mlp,5,8,13,True,True,True,,,
343,connectome,40,25,65,True,True,True,5.499903085447802,156,188
343,linear,40,25,65,True,True,True,,,
343,mlp,40,25,65,True,True,True,,,
344,connectome,17,34,54,False,False,True,5.499903085447802,156,189
344,linear,17,34,54,False,True,False,,,
344,mlp,17,34,54,False,True,False,,,
345,connectome,42,12,54,True,False,False,5.518734975745018,157,189
345,linear,42,12,54,True,True,True,,,
345,mlp,42,12,54,True,True,True,,,
346,connectome,10,18,95,False,True,False,5.530208811275507,158,189
346,linear,10,18,95,False,False,True,,,
346,mlp,10,18,95,False,True,False,,,
347,connectome,18,38,65,False,False,True,5.530208811275507,158,190
347,linear,18,38,65,False,True,False,,,
347,mlp,18,38,65,False,True,False,,,
348,connectome,32,40,27,False,False,True,5.530208811275507,158,191
348,linear,32,40,27,False,False,True,,,
348,mlp,32,40,27,False,True,False,,,
349,connectome,40,45,85,True,True,True,5.530208811275507,158,192
349,linear,40,45,85,True,True,True,,,
349,mlp,40,45,85,True,True,True,,,
350,connectome,20,31,51,True,True,True,5.530208811275507,158,193
350,linear,20,31,51,True,True,True,,,
350,mlp,20,31,51,True,True,True,,,
351,connectome,46,10,58,False,True,False,5.564864905927188,159,193
351,linear,46,10,58,False,True,False,,,
351,mlp,46,10,58,False,True,False,,,
352,connectome,41,34,75,True,True,True,5.564864905927188,159,194
352,linear,41,34,75,True,True,True,,,
352,mlp,41,34,75,True,True,True,,,
353,connectome,32,41,73,True,True,True,5.564864905927188,159,195
353,linear,32,41,73,True,True,True,,,
353,mlp,32,41,73,True,True,True,,,
354,connectome,36,23,59,True,False,False,5.567653897309738,160,195
354,linear,36,23,59,True,True,True,,,
354,mlp,36,23,59,True,True,True,,,
355,connectome,20,7,27,True,True,True,5.567653897309738,160,196
355,linear,20,7,27,True,True,True,,,
355,mlp,20,7,27,True,True,True,,,
356,connectome,40,33,37,False,True,False,5.617979711495744,161,196
356,linear,40,33,37,False,False,True,,,
356,mlp,40,33,37,False,True,False,,,
357,connectome,25,31,34,False,True,False,5.658152122132468,162,196
357,linear,25,31,34,False,False,True,,,
357,mlp,25,31,34,False,True,False,,,
358,connectome,46,27,73,True,False,False,5.661080976315145,163,196
358,linear,46,27,73,True,True,True,,,
358,mlp,46,27,73,True,True,True,,,
359,connectome,5,18,23,True,False,False,5.666548976060144,164,196
359,linear,5,18,23,True,True,True,,,
359,mlp,5,18,23,True,True,True,,,
360,connectome,19,43,60,False,False,True,5.666548976060144,164,197
360,linear,19,43,60,False,True,False,,,
360,mlp,19,43,60,False,True,False,,,
361,connectome,33,37,70,True,True,True,5.666548976060144,164,198
361,linear,33,37,70,True,True,True,,,
361,mlp,33,37,70,True,True,True,,,
362,connectome,9,34,43,True,False,False,5.669533139622872,165,198
362,linear,9,34,43,True,True,True,,,
362,mlp,9,34,43,True,False,False,,,
363,connectome,18,42,60,True,False,False,5.674701705827597,166,198
363,linear,18,42,60,True,True,True,,,
363,mlp,18,42,60,True,True,True,,,
364,connectome,39,6,45,True,False,False,5.675688374308499,167,198
364,linear,39,6,45,True,True,True,,,
364,mlp,39,6,45,True,True,True,,,
365,connectome,37,11,84,False,False,True,5.675688374308499,167,199
365,linear,37,11,84,False,False,True,,,
365,mlp,37,11,84,False,True,False,,,
366,connectome,39,3,39,False,False,True,5.675688374308499,167,200
366,linear,39,3,39,False,True,False,,,
366,mlp,39,3,39,False,True,False,,,
367,connectome,0,47,47,True,True,True,5.675688374308499,167,201
367,linear,0,47,47,True,True,True,,,
367,mlp,0,47,47,True,True,True,,,
368,connectome,20,37,57,True,True,True,5.675688374308499,167,202
368,linear,20,37,57,True,True,True,,,
368,mlp,20,37,57,True,True,True,,,
369,connectome,4,17,0,False,False,True,5.675688374308499,167,203
369,linear,4,17,0,False,False,True,,,
369,mlp,4,17,0,False,True,False,,,
370,connectome,5,13,18,True,False,False,5.679532058352013,168,203
370,linear,5,13,18,True,True,True,,,
370,mlp,5,13,18,True,True,True,,,
371,connectome,44,1,43,False,False,True,5.679532058352013,168,204
371,linear,44,1,43,False,True,False,,,
371,mlp,44,1,43,False,True,False,,,
372,connectome,0,6,6,True,True,True,5.679532058352013,168,205
372,linear,0,6,6,True,True,True,,,
372,mlp,0,6,6,True,True,True,,,
373,connectome,15,27,42,True,False,False,5.681986650494257,169,205
373,linear,15,27,42,True,True,True,,,
373,mlp,15,27,42,True,True,True,,,
374,connectome,39,32,7,False,False,True,5.681986650494257,169,206
374,linear,39,32,7,False,False,True,,,
374,mlp,39,32,7,False,False,True,,,
375,connectome,21,24,45,True,True,True,5.681986650494257,169,207
375,linear,21,24,45,True,True,True,,,
375,mlp,21,24,45,True,True,True,,,
376,connectome,28,20,48,True,False,False,5.6834825467156245,170,207
376,linear,28,20,48,True,True,True,,,
376,mlp,28,20,48,True,True,True,,,
377,connectome,46,42,88,True,False,False,5.688630769240331,171,207
377,linear,46,42,88,True,True,True,,,
377,mlp,46,42,88,True,True,True,,,
378,connectome,16,17,34,False,False,True,5.688630769240331,171,208
378,linear,16,17,34,False,True,False,,,
378,mlp,16,17,34,False,True,False,,,
379,connectome,21,16,37,True,True,True,5.688630769240331,171,209
379,linear,21,16,37,True,True,True,,,
379,mlp,21,16,37,True,True,True,,,
380,connectome,2,8,10,True,True,True,5.688630769240331,171,210
380,linear,2,8,10,True,True,True,,,
380,mlp,2,8,10,True,True,True,,,
381,connectome,8,10,15,False,False,True,5.688630769240331,171,211
381,linear,8,10,15,False,True,False,,,
381,mlp,8,10,15,False,True,False,,,
382,connectome,0,40,4,False,False,True,5.688630769240331,171,212
382,linear,0,40,4,False,False,True,,,
382,mlp,0,40,4,False,True,False,,,
383,connectome,42,40,48,False,False,True,5.688630769240331,171,213
383,linear,42,40,48,False,False,True,,,
383,mlp,42,40,48,False,True,False,,,
384,connectome,10,9,19,True,True,True,5.702334780692858,172,213
384,linear,10,9,19,True,True,True,,,
384,mlp,10,9,19,True,True,True,,,
385,connectome,36,10,48,False,False,True,5.702334780692858,172,214
385,linear,36,10,48,False,True,False,,,
385,mlp,36,10,48,False,True,False,,,
386,connectome,8,26,34,True,False,False,5.703416810173847,173,214
386,linear,8,26,34,True,True,True,,,
386,mlp,8,26,34,True,True,True,,,
387,connectome,16,28,52,False,False,True,5.703416810173847,173,215
387,linear,16,28,52,False,True,False,,,
387,mlp,16,28,52,False,True,False,,,
388,connectome,32,37,96,False,True,False,5.7092827831592095,174,215
388,linear,32,37,96,False,False,True,,,
388,mlp,32,37,96,False,True,False,,,
389,connectome,19,22,41,True,False,False,5.713728512983274,175,215
389,linear,19,22,41,True,True,True,,,
389,mlp,19,22,41,True,True,True,,,
390,connectome,22,9,31,True,True,True,5.713728512983274,175,216
390,linear,22,9,31,True,True,True,,,
390,mlp,22,9,31,True,True,True,,,
391,connectome,47,18,65,True,False,False,5.7147418825442005,176,216
391,linear,47,18,65,True,True,True,,,
391,mlp,47,18,65,True,True,True,,,
392,connectome,44,47,91,True,False,False,5.726984327735392,177,216
392,linear,44,47,91,True,True,True,,,
392,mlp,44,47,91,True,True,True,,,
393,connectome,11,43,45,False,True,False,5.762683671728027,178,216
393,linear,11,43,45,False,True,False,,,
393,mlp,11,43,45,False,True,False,,,
394,connectome,6,41,47,True,False,False,5.766943765471921,179,216
394,linear,6,41,47,True,True,True,,,
394,mlp,6,41,47,True,True,True,,,
395,connectome,19,27,46,True,False,False,5.7671828037121395,180,216
395,linear,19,27,46,True,True,True,,,
395,mlp,19,27,46,True,True,True,,,
396,connectome,1,21,22,True,True,True,5.7671828037121395,180,217
396,linear,1,21,22,True,True,True,,,
396,mlp,1,21,22,True,True,True,,,
397,connectome,14,49,63,True,False,False,5.775130825199406,181,217
397,linear,14,49,63,True,True,True,,,
397,mlp,14,49,63,True,True,True,,,
398,connectome,7,4,82,False,True,False,5.7975012443398555,182,217
398,linear,7,4,82,False,False,True,,,
398,mlp,7,4,82,False,True,False,,,
399,connectome,21,22,40,False,True,False,5.826294544706178,183,217
399,linear,21,22,40,False,True,False,,,
399,mlp,21,22,40,False,True,False,,,
400,connectome,10,24,34,True,True,True,5.826294544706178,183,218
400,linear,10,24,34,True,True,True,,,
400,mlp,10,24,34,True,True,True,,,
401,connectome,44,24,66,False,False,True,5.834504491073683,184,218
401,linear,44,24,66,False,True,False,,,
401,mlp,44,24,66,False,True,False,,,
402,connectome,13,28,41,True,True,True,5.834504491073683,184,219
402,linear,13,28,41,True,True,True,,,
402,mlp,13,28,41,True,True,True,,,
403,connectome,23,28,51,True,True,True,5.834504491073683,184,220
403,linear,23,28,51,True,True,True,,,
403,mlp,23,28,51,True,True,True,,,
404,connectome,1,6,7,True,True,True,5.834504491073683,184,221
404,linear,1,6,7,True,True,True,,,
404,mlp,1,6,7,True,True,True,,,
405,connectome,28,14,42,True,False,False,5.835828101754893,185,221
405,linear,28,14,42,True,True,True,,,
405,mlp,28,14,42,True,True,True,,,
406,connectome,16,40,56,True,False,False,5.8400583157187596,186,221
406,linear,16,40,56,True,True,True,,,
406,mlp,16,40,56,True,True,True,,,
407,connectome,4,43,47,True,False,False,5.846637588984774,187,221
407,linear,4,43,47,True,True,True,,,
407,mlp,4,43,47,True,True,True,,,
408,connectome,12,19,21,False,True,False,5.884189479339103,188,221
408,linear,12,19,21,False,False,True,,,
408,mlp,12,19,21,False,True,False,,,
409,connectome,6,48,56,False,False,True,5.884189479339103,188,222
409,linear,6,48,56,False,True,False,,,
409,mlp,6,48,56,False,True,False,,,
410,connectome,5,20,28,False,False,True,5.884189479339103,188,223
410,linear,5,20,28,False,True,False,,,
410,mlp,5,20,28,False,True,False,,,
411,connectome,15,1,16,True,False,False,5.885946028960709,189,223
411,linear,15,1,16,True,True,True,,,
411,mlp,15,1,16,True,True,True,,,
412,connectome,47,35,82,True,False,False,5.889443234703906,190,223
412,linear,47,35,82,True,True,True,,,
412,mlp,47,35,82,True,True,True,,,
413,connectome,9,49,58,True,False,False,5.890348528464733,191,223
413,linear,9,49,58,True,True,True,,,
413,mlp,9,49,58,True,True,True,,,
414,connectome,4,49,53,True,False,False,5.897129331310932,192,223
414,linear,4,49,53,True,True,True,,,
414,mlp,4,49,53,True,True,True,,,
415,connectome,6,23,29,True,False,False,5.898766361812428,193,223
415,linear,6,23,29,True,True,True,,,
415,mlp,6,23,29,True,True,True,,,
416,connectome,36,14,5,False,False,True,5.898766361812428,193,224
416,linear,36,14,5,False,False,True,,,
416,mlp,36,14,5,False,True,False,,,
417,connectome,23,41,64,True,True,True,5.898766361812428,193,225
417,linear,23,41,64,True,True,True,,,
417,mlp,23,41,64,True,True,True,,,
418,connectome,40,6,83,False,True,False,5.9152243989474735,194,225
418,linear,40,6,83,False,False,True,,,
418,mlp,40,6,83,False,True,False,,,
419,connectome,36,31,76,False,False,True,5.9152243989474735,194,226
419,linear,36,31,76,False,True,False,,,
419,mlp,36,31,76,False,True,False,,,
420,connectome,19,22,44,False,False,True,5.9152243989474735,194,227
420,linear,19,22,44,False,True,False,,,
420,mlp,19,22,44,False,True,False,,,
421,connectome,45,26,71,True,True,True,5.9152243989474735,194,228
421,linear,45,26,71,True,True,True,,,
421,mlp,45,26,71,True,True,True,,,
422,connectome,10,35,45,True,True,True,5.9152243989474735,194,229
422,linear,10,35,45,True,True,True,,,
422,mlp,10,35,45,True,True,True,,,
423,connectome,17,22,93,False,False,True,5.9152243989474735,194,230
423,linear,17,22,93,False,False,True,,,
423,mlp,17,22,93,False,True,False,,,
424,connectome,27,34,61,True,False,False,5.917526413489578,195,230
424,linear,27,34,61,True,True,True,,,
424,mlp,27,34,61,True,True,True,,,
425,connectome,15,28,34,False,False,True,5.917526413489578,195,231
425,linear,15,28,34,False,True,False,,,
425,mlp,15,28,34,False,True,False,,,
426,connectome,12,5,18,False,True,False,5.952553780301599,196,231
426,linear,12,5,18,False,True,False,,,
426,mlp,12,5,18,False,True,False,,,
427,connectome,28,6,34,True,False,False,5.953206685282196,197,231
427,linear,28,6,34,True,True,True,,,
427,mlp,28,6,34,True,True,True,,,
428,connectome,10,30,4,False,False,True,5.953206685282196,197,232
428,linear,10,30,4,False,False,True,,,
428,mlp,10,30,4,False,False,True,,,
429,connectome,9,1,1,False,False,True,5.953206685282196,197,233
429,linear,9,1,1,False,False,True,,,
429,mlp,9,1,1,False,True,False,,,
430,connectome,33,45,78,True,False,False,5.958840613167346,198,233
430,linear,33,45,78,True,True,True,,,
430,mlp,33,45,78,True,True,True,,,
431,connectome,4,5,6,False,False,True,5.958840613167346,198,234
431,linear,4,5,6,False,True,False,,,
431,mlp,4,5,6,False,True,False,,,
432,connectome,9,23,32,True,False,False,5.962116581390341,199,234
432,linear,9,23,32,True,True,True,,,
432,mlp,9,23,32,True,True,True,,,
433,connectome,12,35,48,False,True,False,5.984941554631207,200,234
433,linear,12,35,48,False,True,False,,,
433,mlp,12,35,48,False,True,False,,,
434,connectome,9,33,53,False,False,True,5.984941554631207,200,235
434,linear,9,33,53,False,False,True,,,
434,mlp,9,33,53,False,True,False,,,
435,connectome,18,8,26,True,False,False,5.985896436112079,201,235
435,linear,18,8,26,True,True,True,,,
435,mlp,18,8,26,True,True,True,,,
436,connectome,5,23,28,True,False,False,5.987993106633996,202,235
436,linear,5,23,28,True,True,True,,,
436,mlp,5,23,28,True,True,True,,,
437,connectome,35,28,64,False,False,True,5.9999075099848875,203,235
437,linear,35,28,64,False,True,False,,,
437,mlp,35,28,64,False,True,False,,,
438,connectome,28,15,43,True,False,False,6.000414194765351,204,235
438,linear,28,15,43,True,True,True,,,
438,mlp,28,15,43,True,True,True,,,
439,connectome,13,9,12,False,False,True,6.000414194765351,204,236
439,linear,13,9,12,False,False,True,,,
439,mlp,13,9,12,False,True,False,,,
440,connectome,21,2,33,False,True,False,6.011695401075664,205,236
440,linear,21,2,33,False,False,True,,,
440,mlp,21,2,33,False,True,False,,,
441,connectome,11,14,25,True,True,True,6.011695401075664,205,237
441,linear,11,14,25,True,True,True,,,
441,mlp,11,14,25,True,True,True,,,
442,connectome,1,19,2,False,False,True,6.051172947891753,206,237
442,linear,1,19,2,False,False,True,,,
442,mlp,1,19,2,False,True,False,,,
443,connectome,28,20,48,True,False,False,6.052014031912521,207,237
443,linear,28,20,48,True,True,True,,,
443,mlp,28,20,48,True,True,True,,,
444,connectome,48,39,87,True,False,False,6.052441884932913,208,237
444,linear,48,39,87,True,True,True,,,
444,mlp,48,39,87,True,True,True,,,
445,connectome,45,0,45,True,False,False,6.058118407398102,209,237
445,linear,45,0,45,True,True,True,,,
445,mlp,45,0,45,True,True,True,,,
446,connectome,3,12,18,False,False,True,6.058118407398102,209,238
446,linear,3,12,18,False,True,False,,,
446,mlp,3,12,18,False,True,False,,,
447,connectome,2,13,15,True,True,True,6.058118407398102,209,239
447,linear,2,13,15,True,True,True,,,
447,mlp,2,13,15,True,True,True,,,
448,connectome,23,3,26,True,True,True,6.058118407398102,209,240
448,linear,23,3,26,True,True,True,,,
448,mlp,23,3,26,True,True,True,,,
449,connectome,43,17,6,False,False,True,6.058118407398102,209,241
449,linear,43,17,6,False,False,True,,,
449,mlp,43,17,6,False,False,True,,,
450,connectome,46,44,27,False,False,True,6.058118407398102,209,242
450,linear,46,44,27,False,False,True,,,
450,mlp,46,44,27,False,False,True,,,
451,connectome,6,42,40,False,False,True,6.09554950715232,210,242
451,linear,6,42,40,False,False,True,,,
451,mlp,6,42,40,False,True,False,,,
452,connectome,13,49,62,True,True,True,6.105296672841231,211,242
452,linear,13,49,62,True,True,True,,,
452,mlp,13,49,62,True,True,True,,,
453,connectome,1,37,38,True,False,False,6.114717703909843,212,242
453,linear,1,37,38,True,True,True,,,
453,mlp,1,37,38,True,True,True,,,
454,connectome,44,37,18,False,False,True,6.114717703909843,212,243
454,linear,44,37,18,False,False,True,,,
454,mlp,44,37,18,False,False,True,,,
455,connectome,17,25,24,False,False,True,6.114717703909843,212,244
455,linear,17,25,24,False,False,True,,,
455,mlp,17,25,24,False,False,True,,,
456,connectome,33,14,47,True,True,True,6.114717703909843,212,245
456,linear,33,14,47,True,True,True,,,
456,mlp,33,14,47,True,True,True,,,
457,connectome,15,21,63,False,False,True,6.114717703909843,212,246
457,linear,15,21,63,False,False,True,,,
457,mlp,15,21,63,False,False,True,,,
458,connectome,3,16,21,False,True,False,6.139180343392206,213,246
458,linear,3,16,21,False,True,False,,,
458,mlp,3,16,21,False,True,False,,,
459,connectome,9,49,58,True,False,False,6.139886014792851,214,246
459,linear,9,49,58,True,True,True,,,
459,mlp,9,49,58,True,True,True,,,
460,connectome,8,10,81,False,True,False,6.168451084498964,215,246
460,linear,8,10,81,False,False,True,,,
460,mlp,8,10,81,False,False,True,,,
461,connectome,18,8,26,True,False,False,6.169297890179738,216,246
461,linear,18,8,26,True,True,True,,,
461,mlp,18,8,26,True,False,False,,,
462,connectome,23,12,35,True,True,True,6.169297890179738,216,247
462,linear,23,12,35,True,True,True,,,
462,mlp,23,12,35,True,True,True,,,
463,connectome,44,6,50,True,False,False,6.1768631961866545,217,247
463,linear,44,6,50,True,True,True,,,
463,mlp,44,6,50,True,True,True,,,
464,connectome,32,47,82,False,True,False,6.191766213280278,218,247
464,linear,32,47,82,False,True,False,,,
464,mlp,32,47,82,False,True,False,,,
465,connectome,13,1,14,True,True,True,6.191766213280278,218,248
465,linear,13,1,14,True,True,True,,,
465,mlp,13,1,14,True,True,True,,,
466,connectome,15,32,47,True,False,False,6.193339669781716,219,248
466,linear,15,32,47,True,True,True,,,
466,mlp,15,32,47,True,True,True,,,
467,connectome,46,8,54,True,False,False,6.195281855483492,220,248
467,linear,46,8,54,True,True,True,,,
467,mlp,46,8,54,True,True,True,,,
468,connectome,49,8,57,True,False,False,6.195768832323937,221,248
468,linear,49,8,57,True,True,True,,,
468,mlp,49,8,57,True,True,True,,,
469,connectome,3,22,56,False,True,False,6.2101982231171275,222,248
469,linear,3,22,56,False,False,True,,,
469,mlp,3,22,56,False,True,False,,,
470,connectome,8,43,49,False,False,True,6.2101982231171275,222,249
470,linear,8,43,49,False,True,False,,,
470,mlp,8,43,49,False,True,False,,,
471,connectome,45,24,72,False,False,True,6.2101982231171275,222,250
471,linear,45,24,72,False,True,False,,,
471,mlp,45,24,72,False,True,False,,,
472,connectome,44,2,64,False,False,True,6.2101982231171275,222,251
472,linear,44,2,64,False,False,True,,,
472,mlp,44,2,64,False,True,False,,,
473,connectome,19,1,20,True,False,False,6.216983476143331,223,251
473,linear,19,1,20,True,True,True,,,
473,mlp,19,1,20,True,False,False,,,
474,connectome,9,23,33,False,False,True,6.216983476143331,223,252
474,linear,9,23,33,False,True,False,,,
474,mlp,9,23,33,False,False,True,,,
475,connectome,39,48,87,True,False,False,6.2170915519434296,224,252
475,linear,39,48,87,True,True,True,,,
475,mlp,39,48,87,True,True,True,,,
476,connectome,40,26,66,True,True,True,6.2170915519434296,224,253
476,linear,40,26,66,True,True,True,,,
476,mlp,40,26,66,True,True,True,,,
477,connectome,3,13,16,True,False,False,6.220476231706524,225,253
477,linear,3,13,16,True,True,True,,,
477,mlp,3,13,16,True,True,True,,,
478,connectome,49,17,68,False,False,True,6.220476231706524,225,254
478,linear,49,17,68,False,True,False,,,
478,mlp,49,17,68,False,True,False,,,
479,connectome,6,34,40,True,False,False,6.223188934289003,226,254
479,linear,6,34,40,True,True,True,,,
479,mlp,6,34,40,True,False,False,,,
480,connectome,42,22,64,True,True,True,6.223188934289003,226,255
480,linear,42,22,64,True,True,True,,,
480,mlp,42,22,64,True,True,True,,,
481,connectome,6,18,21,False,False,True,6.223188934289003,226,256
481,linear,6,18,21,False,True,False,,,
481,mlp,6,18,21,False,True,False,,,
482,connectome,41,1,42,True,True,True,6.223188934289003,226,257
482,linear,41,1,42,True,True,True,,,
482,mlp,41,1,42,True,True,True,,,
483,connectome,24,43,67,True,False,False,6.226888305352385,227,257
483,linear,24,43,67,True,True,True,,,
483,mlp,24,43,67,True,True,True,,,
484,connectome,27,0,27,True,False,False,6.228670284574014,228,257
484,linear,27,0,27,True,True,True,,,
484,mlp,27,0,27,True,True,True,,,
485,connectome,19,22,41,True,False,False,6.231782867616859,229,257
485,linear,19,22,41,True,True,True,,,
485,mlp,19,22,41,True,False,False,,,
486,connectome,8,11,19,True,False,False,6.23257054947758,230,257
486,linear,8,11,19,True,True,True,,,
486,mlp,8,11,19,True,True,True,,,
487,connectome,40,42,80,False,True,False,6.27331957629483,231,257
487,linear,40,42,80,False,True,False,,,
487,mlp,40,42,80,False,True,False,,,
488,connectome,46,19,7,False,False,True,6.27331957629483,231,258
488,linear,46,19,7,False,False,True,,,
488,mlp,46,19,7,False,False,True,,,
489,connectome,40,31,71,True,True,True,6.27331957629483,231,259
489,linear,40,31,71,True,True,True,,,
489,mlp,40,31,71,True,True,True,,,
490,connectome,40,26,66,True,True,True,6.27331957629483,231,260
490,linear,40,26,66,True,True,True,,,
490,mlp,40,26,66,True,True,True,,,
491,connectome,41,32,73,True,True,True,6.27331957629483,231,261
491,linear,41,32,73,True,True,True,,,
491,mlp,41,32,73,True,True,True,,,
492,connectome,24,49,73,True,True,True,6.27331957629483,231,262
492,linear,24,49,73,True,True,True,,,
492,mlp,24,49,73,True,True,True,,,
493,connectome,0,28,28,True,True,True,6.27331957629483,231,263
493,linear,0,28,28,True,True,True,,,
493,mlp,0,28,28,True,True,True,,,
494,connectome,30,14,44,True,True,True,6.27331957629483,231,264
494,linear,30,14,44,True,True,True,,,
494,mlp,30,14,44,True,True,True,,,
495,connectome,31,25,65,False,True,False,6.275475370636801,232,264
495,linear,31,25,65,False,True,False,,,
495,mlp,31,25,65,False,True,False,,,
496,connectome,44,22,67,False,True,False,6.288411408168627,233,264
496,linear,44,22,67,False,True,False,,,
496,mlp,44,22,67,False,True,False,,,
497,connectome,9,22,31,True,False,False,6.291338355131303,234,264
497,linear,9,22,31,True,True,True,,,
497,mlp,9,22,31,True,False,False,,,
498,connectome,9,21,31,False,False,True,6.291338355131303,234,265
498,linear,9,21,31,False,True,False,,,
498,mlp,9,21,31,False,False,True,,,
499,connectome,35,49,85,False,False,True,6.291338355131303,234,266
499,linear,35,49,85,False,True,False,,,
499,mlp,35,49,85,False,True,False,,,
500,connectome,49,45,49,False,False,True,6.291338355131303,234,267
500,linear,49,45,49,False,False,True,,,
500,mlp,49,45,49,False,True,False,,,
501,connectome,26,48,74,True,False,False,6.292251913512138,235,267
501,linear,26,48,74,True,True,True,,,
501,mlp,26,48,74,True,True,True,,,
502,connectome,41,2,42,False,False,True,6.292251913512138,235,268
502,linear,41,2,42,False,True,False,,,
502,mlp,41,2,42,False,True,False,,,
503,connectome,4,22,26,True,False,False,6.293338393173132,236,268
503,linear,4,22,26,True,True,True,,,
503,mlp,4,22,26,True,True,True,,,
504,connectome,20,34,81,False,True,False,6.317478712475199,237,268
504,linear,20,34,81,False,False,True,,,
504,mlp,20,34,81,False,True,False,,,
505,connectome,17,49,66,True,False,False,6.318213627915871,238,268
505,linear,17,49,66,True,True,True,,,
505,mlp,17,49,66,True,True,True,,,
506,connectome,25,33,58,True,False,False,6.319166602176742,239,268
506,linear,25,33,58,True,True,True,,,
506,mlp,25,33,58,True,True,True,,,
507,connectome,1,35,36,True,True,True,6.319166602176742,239,269
507,linear,1,35,36,True,True,True,,,
507,mlp,1,35,36,True,True,True,,,
508,connectome,34,1,35,True,True,True,6.319166602176742,239,270
508,linear,34,1,35,True,True,True,,,
508,mlp,34,1,35,True,True,True,,,
509,connectome,28,14,42,True,False,False,6.319638956997174,240,270
509,linear,28,14,42,True,True,True,,,
509,mlp,28,14,42,True,True,True,,,
510,connectome,6,34,40,True,False,False,6.322191453099507,241,270
510,linear,6,34,40,True,True,True,,,
510,mlp,6,34,40,True,True,True,,,
511,connectome,8,32,40,True,False,False,6.325426098222465,242,270
511,linear,8,32,40,True,True,True,,,
511,mlp,8,32,40,True,False,False,,,
512,connectome,1,2,1,False,True,False,6.345654073560956,243,270
512,linear,1,2,1,False,True,False,,,
512,mlp,1,2,1,False,True,False,,,
513,connectome,34,0,37,False,False,True,6.345654073560956,243,271
513,linear,34,0,37,False,True,False,,,
513,mlp,34,0,37,False,True,False,,,
514,connectome,41,46,78,False,True,False,6.352642127647345,244,271
514,linear,41,46,78,False,False,True,,,
514,mlp,41,46,78,False,True,False,,,
515,connectome,16,22,47,False,False,True,6.352642127647345,244,272
515,linear,16,22,47,False,False,True,,,
515,mlp,16,22,47,False,True,False,,,
516,connectome,8,11,21,False,False,True,6.352642127647345,244,273
516,linear,8,11,21,False,True,False,,,
516,mlp,8,11,21,False,True,False,,,
517,connectome,49,21,70,True,False,False,6.356363749610747,245,273
517,linear,49,21,70,True,True,True,,,
517,mlp,49,21,70,True,True,True,,,
518,connectome,23,20,5,False,False,True,6.356363749610747,245,274
518,linear,23,20,5,False,False,True,,,
518,mlp,23,20,5,False,False,True,,,
519,connectome,27,11,38,True,False,False,6.356656825751014,246,274
519,linear,27,11,38,True,True,True,,,
519,mlp,27,11,38,True,True,True,,,
520,connectome,43,47,90,True,True,True,6.356656825751014,246,275
520,linear,43,47,90,True,True,True,,,
520,mlp,43,47,90,True,True,True,,,
521,connectome,8,3,12,False,False,True,6.356656825751014,246,276
521,linear,8,3,12,False,True,False,,,
521,mlp,8,3,12,False,True,False,,,
522,connectome,40,25,65,True,True,True,6.356656825751014,246,277
522,linear,40,25,65,True,True,True,,,
522,mlp,40,25,65,True,True,True,,,
523,connectome,48,32,80,True,False,False,6.3609067476549,247,277
523,linear,48,32,80,True,True,True,,,
523,mlp,48,32,80,True,True,True,,,
524,connectome,18,26,46,False,False,True,6.3609067476549,247,278
524,linear,18,26,46,False,True,False,,,
524,mlp,18,26,46,False,True,False,,,
525,connectome,9,46,55,True,False,False,6.361072675795051,248,278
525,linear,9,46,55,True,True,True,,,
525,mlp,9,46,55,True,True,True,,,
526,connectome,42,35,77,True,True,True,6.361072675795051,248,279
526,linear,42,35,77,True,True,True,,,
526,mlp,42,35,77,True,True,True,,,
527,connectome,4,8,0,False,False,True,6.361072675795051,248,280
527,linear,4,8,0,False,False,True,,,
527,mlp,4,8,0,False,False,True,,,
528,connectome,39,28,76,False,False,True,6.361072675795051,248,281
528,linear,39,28,76,False,False,True,,,
528,mlp,39,28,76,False,True,False,,,
529,connectome,13,47,60,True,True,True,6.361072675795051,248,282
529,linear,13,47,60,True,True,True,,,
529,mlp,13,47,60,True,True,True,,,
530,connectome,27,3,30,True,True,True,6.362610530856458,249,282
530,linear,27,3,30,True,True,True,,,
530,mlp,27,3,30,True,True,True,,,
531,connectome,21,35,57,False,True,False,6.370636112623794,250,282
531,linear,21,35,57,False,True,False,,,
531,mlp,21,35,57,False,True,False,,,
532,connectome,47,15,62,True,False,False,6.371927936304975,251,282
532,linear,47,15,62,True,True,True,,,
532,mlp,47,15,62,True,True,True,,,
533,connectome,1,27,28,True,False,False,6.380480546532794,252,282
533,linear,1,27,28,True,True,True,,,
533,mlp,1,27,28,True,True,True,,,
534,connectome,3,17,20,True,False,False,6.389289995720847,253,282
534,linear,3,17,20,True,True,True,,,
534,mlp,3,17,20,True,True,True,,,
535,connectome,31,20,51,True,True,True,6.389289995720847,253,283
535,linear,31,20,51,True,True,True,,,
535,mlp,31,20,51,True,True,True,,,
536,connectome,32,16,48,True,True,True,6.389289995720847,253,284
536,linear,32,16,48,True,True,True,,,
536,mlp,32,16,48,True,True,True,,,
537,connectome,47,26,37,False,False,True,6.389289995720847,253,285
537,linear,47,26,37,False,False,True,,,
537,mlp,47,26,37,False,True,False,,,
538,connectome,8,11,19,True,False,False,6.389854532841363,254,285
538,linear,8,11,19,True,True,True,,,
538,mlp,8,11,19,True,True,True,,,
539,connectome,37,41,20,False,True,False,6.442481725829473,255,285
539,linear,37,41,20,False,False,True,,,
539,mlp,37,41,20,False,False,True,,,
540,connectome,6,29,34,False,False,True,6.442481725829473,255,286
540,linear,6,29,34,False,True,False,,,
540,mlp,6,29,34,False,True,False,,,
541,connectome,0,34,34,True,True,True,6.442481725829473,255,287
541,linear,0,34,34,True,True,True,,,
541,mlp,0,34,34,True,True,True,,,
542,connectome,48,2,50,True,False,False,6.446184275592858,256,287
542,linear,48,2,50,True,True,True,,,
542,mlp,48,2,50,True,True,True,,,
543,connectome,19,10,32,False,False,True,6.446184275592858,256,288
543,linear,19,10,32,False,True,False,,,
543,mlp,19,10,32,False,True,False,,,
544,connectome,46,35,81,True,False,False,6.450755246197036,257,288
544,linear,46,35,81,True,True,True,,,
544,mlp,46,35,81,True,True,True,,,
545,connectome,42,33,75,True,True,True,6.450755246197036,257,289
545,linear,42,33,75,True,True,True,,,
545,mlp,42,33,75,True,True,True,,,
546,connectome,9,14,32,False,False,True,6.450755246197036,257,290
546,linear,9,14,32,False,False,True,,,
546,mlp,9,14,32,False,True,False,,,
547,connectome,30,39,68,False,True,False,6.458665759024267,258,290
547,linear,30,39,68,False,True,False,,,
547,mlp,30,39,68,False,True,False,,,
548,connectome,43,8,51,True,True,True,6.458665759024267,258,291
548,linear,43,8,51,True,True,True,,,
548,mlp,43,8,51,True,True,True,,,
549,connectome,34,35,96,False,True,False,6.462361315647645,259,291
549,linear,34,35,96,False,False,True,,,
549,mlp,34,35,96,False,True,False,,,
550,connectome,4,0,32,False,True,False,6.485830929249101,260,291
550,linear,4,0,32,False,False,True,,,
550,mlp,4,0,32,False,True,False,,,
551,connectome,11,29,40,True,True,True,6.485830929249101,260,292
551,linear,11,29,40,True,True,True,,,
551,mlp,11,29,40,True,True,True,,,
552,connectome,44,30,74,True,True,True,6.485830929249101,260,293
552,linear,44,30,74,True,True,True,,,
552,mlp,44,30,74,True,True,True,,,
553,connectome,33,25,58,True,True,True,6.485830929249101,260,294
553,linear,33,25,58,True,True,True,,,
553,mlp,33,25,58,True,True,True,,,
554,connectome,28,1,56,False,False,True,6.485830929249101,260,295
554,linear,28,1,56,False,False,True,,,
554,mlp,28,1,56,False,True,False,,,
555,connectome,2,21,32,False,True,False,6.502495581884335,261,295
555,linear,2,21,32,False,False,True,,,
555,mlp,2,21,32,False,True,False,,,
556,connectome,31,36,66,False,True,False,6.504661548066315,262,295
556,linear,31,36,66,False,True,False,,,
556,mlp,31,36,66,False,True,False,,,
557,connectome,47,23,7,False,False,True,6.504661548066315,262,296
557,linear,47,23,7,False,False,True,,,
557,mlp,47,23,7,False,False,True,,,
558,connectome,30,20,48,False,False,True,6.504661548066315,262,297
558,linear,30,20,48,False,True,False,,,
558,mlp,30,20,48,False,False,True,,,
559,connectome,6,23,29,True,False,False,6.505182854866791,263,297
559,linear,6,23,29,True,True,True,,,
559,mlp,6,23,29,True,True,True,,,
560,connectome,45,35,80,True,True,True,6.505182854866791,263,298
560,linear,45,35,80,True,True,True,,,
560,mlp,45,35,80,True,True,True,,,
561,connectome,40,6,64,False,True,False,6.5145282328753344,264,298
561,linear,40,6,64,False,False,True,,,
561,mlp,40,6,64,False,True,False,,,
562,connectome,44,49,93,True,True,True,6.5145282328753344,264,299
562,linear,44,49,93,True,True,True,,,
562,mlp,44,49,93,True,True,True,,,
563,connectome,15,30,47,False,False,True,6.5145282328753344,264,300
563,linear,15,30,47,False,True,False,,,
563,mlp,15,30,47,False,True,False,,,
564,connectome,39,33,72,True,False,False,6.515071154835831,265,300
564,linear,39,33,72,True,True,True,,,
564,mlp,39,33,72,True,True,True,,,
565,connectome,30,47,76,False,True,False,6.51887669447931,266,300
565,linear,30,47,76,False,True,False,,,
565,mlp,30,47,76,False,True,False,,,
566,connectome,13,22,35,True,True,True,6.51887669447931,266,301
566,linear,13,22,35,True,True,True,,,
566,mlp,13,22,35,True,True,True,,,
567,connectome,10,0,1,False,True,False,6.5517361878893485,267,301
567,linear,10,0,1,False,False,True,,,
567,mlp,10,0,1,False,False,True,,,
568,connectome,41,9,5,False,False,True,6.5517361878893485,267,302
568,linear,41,9,5,False,False,True,,,
568,mlp,41,9,5,False,False,True,,,
569,connectome,13,27,40,True,True,True,6.5517361878893485,267,303
569,linear,13,27,40,True,True,True,,,
569,mlp,13,27,40,True,True,True,,,
570,connectome,39,10,34,False,False,True,6.5517361878893485,267,304
570,linear,39,10,34,False,False,True,,,
570,mlp,39,10,34,False,False,True,,,
571,connectome,42,49,88,False,True,False,6.553352238970826,268,304
571,linear,42,49,88,False,True,False,,,
571,mlp,42,49,88,False,True,False,,,
572,connectome,31,48,79,True,True,True,6.553352238970826,268,305
572,linear,31,48,79,True,True,True,,,
572,mlp,31,48,79,True,True,True,,,
573,connectome,25,43,68,True,False,False,6.5550560221723835,269,305
573,linear,25,43,68,True,True,True,,,
573,mlp,25,43,68,True,True,True,,,
574,connectome,35,15,5,False,False,True,6.5550560221723835,269,306
574,linear,35,15,5,False,False,True,,,
574,mlp,35,15,5,False,False,True,,,
575,connectome,13,19,23,False,False,True,6.5550560221723835,269,307
575,linear,13,19,23,False,False,True,,,
575,mlp,13,19,23,False,False,True,,,
576,connectome,16,23,39,True,False,False,6.5553936001126925,270,307
576,linear,16,23,39,True,True,True,,,
576,mlp,16,23,39,True,False,False,,,
577,connectome,8,13,21,True,False,False,6.557369480034499,271,307
577,linear,8,13,21,True,True,True,,,
577,mlp,8,13,21,True,False,False,,,
578,connectome,36,35,89,False,False,True,6.557369480034499,271,308
578,linear,36,35,89,False,False,True,,,
578,mlp,36,35,89,False,True,False,,,
579,connectome,48,19,67,True,False,False,6.5578653572349515,272,308
579,linear,48,19,67,True,True,True,,,
579,mlp,48,19,67,True,False,False,,,
580,connectome,44,30,74,True,True,True,6.56818977484439,273,308
580,linear,44,30,74,True,True,True,,,
580,mlp,44,30,74,True,True,True,,,
581,connectome,33,31,64,True,True,True,6.56818977484439,273,309
581,linear,33,31,64,True,True,True,,,
581,mlp,33,31,64,True,True,True,,,
582,connectome,42,29,72,False,True,False,6.577471578852875,274,309
582,linear,42,29,72,False,True,False,,,
582,mlp,42,29,72,False,True,False,,,
583,connectome,49,47,96,True,False,False,6.5777983492131735,275,309
583,linear,49,47,96,True,True,True,,,
583,mlp,49,47,96,True,True,True,,,
584,connectome,9,43,54,False,False,True,6.5777983492131735,275,310
584,linear,9,43,54,False,True,False,,,
584,mlp,9,43,54,False,True,False,,,
585,connectome,0,38,38,True,True,True,6.5777983492131735,275,311
585,linear,0,38,38,True,True,True,,,
585,mlp,0,38,38,True,True,True,,,
586,connectome,46,48,94,True,False,False,6.57996050095515,276,311
586,linear,46,48,94,True,True,True,,,
586,mlp,46,48,94,True,True,True,,,
587,connectome,18,15,27,False,False,True,6.57996050095515,276,312
587,linear,18,15,27,False,True,False,,,
587,mlp,18,15,27,False,False,True,,,
588,connectome,14,21,35,True,False,False,6.580301893335462,277,312
588,linear,14,21,35,True,True,True,,,
588,mlp,14,21,35,True,True,True,,,
589,connectome,49,44,93,True,False,False,6.581345142676416,278,312
589,linear,49,44,93,True,True,True,,,
589,mlp,49,44,93,True,True,True,,,
590,connectome,17,32,75,False,False,True,6.581345142676416,278,313
590,linear,17,32,75,False,False,True,,,
590,mlp,17,32,75,False,True,False,,,
591,connectome,18,6,82,False,False,True,6.581345142676416,278,314
591,linear,18,6,82,False,False,True,,,
591,mlp,18,6,82,False,True,False,,,
592,connectome,8,45,53,True,False,False,6.581724679456763,279,314
592,linear,8,45,53,True,True,True,,,
592,mlp,8,45,53,True,True,True,,,
593,connectome,14,17,32,False,False,True,6.581724679456763,279,315
593,linear,14,17,32,False,True,False,,,
593,mlp,14,17,32,False,True,False,,,
594,connectome,3,26,29,True,False,False,6.585836645780522,280,315
594,linear,3,26,29,True,True,True,,,
594,mlp,3,26,29,True,True,True,,,
595,connectome,19,17,36,True,False,False,6.585907848660587,281,315
595,linear,19,17,36,True,True,True,,,
595,mlp,19,17,36,True,False,False,,,
596,connectome,38,13,15,False,False,True,6.585907848660587,281,316
596,linear,38,13,15,False,False,True,,,
596,mlp,38,13,15,False,False,True,,,
597,connectome,21,36,54,False,True,False,6.590270296544575,282,316
597,linear,21,36,54,False,True,False,,,
597,mlp,21,36,54,False,True,False,,,
598,connectome,25,19,45,False,False,True,6.590270296544575,282,317
598,linear,25,19,45,False,True,False,,,
598,mlp,25,19,45,False,False,True,,,
599,connectome,6,46,25,False,False,True,6.590270296544575,282,318
599,linear,6,46,25,False,False,True,,,
599,mlp,6,46,25,False,False,True,,,
600,connectome,16,26,52,False,False,True,6.590270296544575,282,319
600,linear,16,26,52,False,False,True,,,
600,mlp,16,26,52,False,True,False,,,
601,connectome,25,45,70,True,True,True,6.590270296544575,282,320
601,linear,25,45,70,True,True,True,,,
601,mlp,25,45,70,True,True,True,,,
602,connectome,4,12,16,True,False,False,6.59092065856517,283,320
602,linear,4,12,16,True,True,True,,,
602,mlp,4,12,16,True,True,True,,,
603,connectome,2,14,16,True,True,True,6.59092065856517,283,321
603,linear,2,14,16,True,True,True,,,
603,mlp,2,14,16,True,True,True,,,
604,connectome,17,18,34,False,False,True,6.59092065856517,283,322
604,linear,17,18,34,False,True,False,,,
604,mlp,17,18,34,False,False,True,,,
605,connectome,15,35,50,True,True,True,6.59092065856517,283,323
605,linear,15,35,50,True,True,True,,,
605,mlp,15,35,50,True,True,True,,,
606,connectome,17,38,55,True,False,False,6.591049713785288,284,323
606,linear,17,38,55,True,True,True,,,
606,mlp,17,38,55,True,False,False,,,
607,connectome,39,32,17,False,False,True,6.591049713785288,284,324
607,linear,39,32,17,False,False,True,,,
607,mlp,39,32,17,False,False,True,,,
608,connectome,6,30,35,False,False,True,6.591049713785288,284,325
608,linear,6,30,35,False,True,False,,,
608,mlp,6,30,35,False,False,True,,,
609,connectome,41,15,56,True,True,True,6.591049713785288,284,326
609,linear,41,15,56,True,True,True,,,
609,mlp,41,15,56,True,True,True,,,
610,connectome,29,30,82,False,False,True,6.591049713785288,284,327
610,linear,29,30,82,False,False,True,,,
610,mlp,29,30,82,False,True,False,,,
611,connectome,22,3,28,False,True,False,6.617682133889634,285,327
611,linear,22,3,28,False,True,False,,,
611,mlp,22,3,28,False,True,False,,,
612,connectome,41,30,71,True,True,True,6.617682133889634,285,328
612,linear,41,30,71,True,True,True,,,
612,mlp,41,30,71,True,True,True,,,
613,connectome,23,24,47,True,True,True,6.617682133889634,285,329
613,linear,23,24,47,True,True,True,,,
613,mlp,23,24,47,True,True,True,,,
614,connectome,9,47,58,False,False,True,6.617682133889634,285,330
614,linear,9,47,58,False,True,False,,,
614,mlp,9,47,58,False,False,True,,,
615,connectome,20,12,30,False,True,False,6.640980733430933,286,330
615,linear,20,12,30,False,True,False,,,
615,mlp,20,12,30,False,True,False,,,
616,connectome,47,17,69,False,False,True,6.640980733430933,286,331
616,linear,47,17,69,False,True,False,,,
616,mlp,47,17,69,False,False,True,,,
617,connectome,24,17,41,True,True,True,6.640980733430933,286,332
617,linear,24,17,41,True,True,True,,,
617,mlp,24,17,41,True,True,True,,,
618,connectome,19,34,53,True,False,False,6.641126953631066,287,332
618,linear,19,34,53,True,True,True,,,
618,mlp,19,34,53,True,False,False,,,
619,connectome,2,21,2,False,True,False,6.6809923018475095,288,332
619,linear,2,21,2,False,False,True,,,
619,mlp,2,21,2,False,False,True,,,
620,connectome,41,40,35,False,False,True,6.6809923018475095,288,333
620,linear,41,40,35,False,False,True,,,
620,mlp,41,40,35,False,False,True,,,
621,connectome,42,47,98,False,True,False,6.68203110100846,289,333
621,linear,42,47,98,False,False,True,,,
621,mlp,42,47,98,False,True,False,,,
622,connectome,5,21,62,False,False,True,6.698848331243833,290,333
622,linear,5,21,62,False,False,True,,,
622,mlp,5,21,62,False,False,True,,,
623,connectome,32,46,78,True,True,True,6.698848331243833,290,334
623,linear,32,46,78,True,True,True,,,
623,mlp,32,46,78,True,True,True,,,
624,connectome,25,43,68,True,False,False,6.700084209804963,291,334
624,linear,25,43,68,True,True,True,,,
624,mlp,25,43,68,True,True,True,,,
625,connectome,14,44,58,True,False,False,6.702310571286998,292,334
625,linear,14,44,58,True,True,True,,,
625,mlp,14,44,58,True,True,True,,,
626,connectome,42,33,75,True,True,True,6.702310571286998,292,335
626,linear,42,33,75,True,True,True,,,
626,mlp,42,33,75,True,True,True,,,
627,connectome,44,16,60,True,True,True,6.702310571286998,292,336
627,linear,44,16,60,True,True,True,,,
627,mlp,44,16,60,True,True,True,,,
628,connectome,24,38,26,False,False,True,6.702310571286998,292,337
628,linear,24,38,26,False,False,True,,,
628,mlp,24,38,26,False,False,True,,,
629,connectome,44,11,55,True,False,False,6.709433402253509,293,337
629,linear,44,11,55,True,True,True,,,
629,mlp,44,11,55,True,True,True,,,
630,connectome,5,12,17,True,False,False,6.709731564313782,294,337
630,linear,5,12,17,True,True,True,,,
630,mlp,5,12,17,True,True,True,,,
631,connectome,49,45,96,False,False,True,6.709731564313782,294,338
631,linear,49,45,96,False,True,False,,,
631,mlp,49,45,96,False,True,False,,,
632,connectome,45,43,88,True,False,False,6.7127920166765795,295,338
632,linear,45,43,88,True,True,True,,,
632,mlp,45,43,88,True,True,True,,,
633,connectome,4,37,41,True,True,True,6.7127920166765795,295,339
633,linear,4,37,41,True,True,True,,,
633,mlp,4,37,41,True,True,True,,,
634,connectome,43,19,62,True,True,True,6.7127920166765795,295,340
634,linear,43,19,62,True,True,True,,,
634,mlp,43,19,62,True,True,True,,,
635,connectome,43,35,78,True,True,True,6.7127920166765795,295,341
635,linear,43,35,78,True,True,True,,,
635,mlp,43,35,78,True,True,True,,,
636,connectome,37,13,8,False,False,True,6.7127920166765795,295,342
636,linear,37,13,8,False,False,True,,,
636,mlp,37,13,8,False,False,True,,,
637,connectome,19,47,66,True,False,False,6.71282507515661,296,342
637,linear,19,47,66,True,True,True,,,
637,mlp,19,47,66,True,True,True,,,
638,connectome,5,32,73,False,False,True,6.71282507515661,296,343
638,linear,5,32,73,False,False,True,,,
638,mlp,5,32,73,False,True,False,,,
639,connectome,46,40,86,True,True,True,6.71282507515661,296,344
639,linear,46,40,86,True,True,True,,,
639,mlp,46,40,86,True,True,True,,,
640,connectome,48,2,50,True,False,False,6.716253620979744,297,344
640,linear,48,2,50,True,True,True,,,
640,mlp,48,2,50,True,True,True,,,
641,connectome,27,8,35,True,False,False,6.716953570720384,298,344
641,linear,27,8,35,True,True,True,,,
641,mlp,27,8,35,True,False,False,,,
642,connectome,5,33,47,False,False,True,6.716953570720384,298,345
642,linear,5,33,47,False,False,True,,,
642,mlp,5,33,47,False,True,False,,,
643,connectome,38,4,42,True,False,False,6.717284791260687,299,345
643,linear,38,4,42,True,True,True,,,
643,mlp,38,4,42,True,True,True,,,
644,connectome,12,14,53,False,True,False,6.719139244842382,300,345
644,linear,12,14,53,False,False,True,,,
644,mlp,12,14,53,False,True,False,,,
645,connectome,29,46,45,False,False,True,6.719139244842382,300,346
645,linear,29,46,45,False,False,True,,,
645,mlp,29,46,45,False,True,False,,,
646,connectome,20,16,63,False,True,False,6.721275966984336,301,346
646,linear,20,16,63,False,False,True,,,
646,mlp,20,16,63,False,True,False,,,
647,connectome,3,0,1,False,True,False,6.756477526556515,302,346
647,linear,3,0,1,False,True,False,,,
647,mlp,3,0,1,False,False,True,,,
648,connectome,37,23,60,True,False,False,6.757616136897556,303,346
648,linear,37,23,60,True,True,True,,,
648,mlp,37,23,60,True,True,True,,,
649,connectome,31,11,24,False,False,True,6.757616136897556,303,347
649,linear,31,11,24,False,False,True,,,
649,mlp,31,11,24,False,False,True,,,
650,connectome,29,31,62,False,False,True,6.757616136897556,303,348
650,linear,29,31,62,False,True,False,,,
650,mlp,29,31,62,False,True,False,,,
651,connectome,25,24,49,True,False,False,6.7581876671580785,304,348
651,linear,25,24,49,True,True,True,,,
651,mlp,25,24,49,True,True,True,,,
652,connectome,15,28,43,True,False,False,6.759141912898952,305,348
652,linear,15,28,43,True,True,True,,,
652,mlp,15,28,43,True,True,True,,,
653,connectome,7,37,44,True,False,False,6.759456604199239,306,348
653,linear,7,37,44,True,True,True,,,
653,mlp,7,37,44,True,True,True,,,
654,connectome,4,12,16,True,False,False,6.7599721893397104,307,348
654,linear,4,12,16,True,True,True,,,
654,mlp,4,12,16,True,True,True,,,
655,connectome,29,35,62,False,False,True,6.7599721893397104,307,349
655,linear,29,35,62,False,True,False,,,
655,mlp,29,35,62,False,True,False,,,
656,connectome,35,14,49,True,False,False,6.760735077340407,308,349
656,linear,35,14,49,True,True,True,,,
656,mlp,35,14,49,True,True,True,,,
657,connectome,35,21,53,False,True,False,6.773031560431648,309,349
657,linear,35,21,53,False,True,False,,,
657,mlp,35,21,53,False,True,False,,,
658,connectome,7,3,10,True,False,False,6.776012545294374,310,349
658,linear,7,3,10,True,True,True,,,
658,mlp,7,3,10,True,False,False,,,
659,connectome,23,20,45,False,True,False,6.785432940622986,311,349
659,linear,23,20,45,False,True,False,,,
659,mlp,23,20,45,False,True,False,,,
660,connectome,19,47,66,True,False,False,6.785452648563004,312,349
660,linear,19,47,66,True,True,True,,,
660,mlp,19,47,66,True,True,True,,,
661,connectome,46,6,52,True,False,False,6.786576636884031,313,349
661,linear,46,6,52,True,True,True,,,
661,mlp,46,6,52,True,True,True,,,
662,connectome,39,10,39,False,False,True,6.786576636884031,313,350
662,linear,39,10,39,False,False,True,,,
662,mlp,39,10,39,False,False,True,,,
663,connectome,34,33,64,False,True,False,6.790205440807348,314,350
663,linear,34,33,64,False,True,False,,,
663,mlp,34,33,64,False,True,False,,,
664,connectome,11,38,46,False,True,False,6.7991668318555405,315,350
664,linear,11,38,46,False,True,False,,,
664,mlp,11,38,46,False,True,False,,,
665,connectome,46,25,71,True,True,True,6.7991668318555405,315,351
665,linear,46,25,71,True,True,True,,,
665,mlp,46,25,71,True,True,True,,,
666,connectome,4,0,4,True,False,False,6.800842642497073,316,351
666,linear,4,0,4,True,True,True,,,
666,mlp,4,0,4,True,False,False,,,
667,connectome,42,15,57,True,True,True,6.8068898013826,317,351
667,linear,42,15,57,True,True,True,,,
667,mlp,42,15,57,True,True,True,,,
668,connectome,16,32,45,False,False,True,6.8068898013826,317,352
668,linear,16,32,45,False,True,False,,,
668,mlp,16,32,45,False,True,False,,,
669,connectome,44,24,68,True,True,True,6.808942605844477,318,352
669,linear,44,24,68,True,True,True,,,
669,mlp,44,24,68,True,True,True,,,
670,connectome,32,34,64,False,True,False,6.811886717787169,319,352
670,linear,32,34,64,False,True,False,,,
670,mlp,32,34,64,False,True,False,,,
671,connectome,1,14,15,True,True,True,6.811886717787169,319,353
671,linear,1,14,15,True,True,True,,,
671,mlp,1,14,15,True,True,True,,,
672,connectome,1,27,82,False,True,False,6.816855661631711,320,353
672,linear,1,27,82,False,False,True,,,
672,mlp,1,27,82,False,True,False,,,
673,connectome,43,14,57,True,True,True,6.816855661631711,320,354
673,linear,43,14,57,True,True,True,,,
673,mlp,43,14,57,True,True,True,,,
674,connectome,45,21,73,False,False,True,6.831234193224855,321,354
674,linear,45,21,73,False,True,False,,,
674,mlp,45,21,73,False,True,False,,,
675,connectome,18,21,39,True,False,False,6.831397578405005,322,354
675,linear,18,21,39,True,True,True,,,
675,mlp,18,21,39,True,False,False,,,
676,connectome,36,36,75,False,False,True,6.831397578405005,322,355
676,linear,36,36,75,False,True,False,,,
676,mlp,36,36,75,False,True,False,,,
677,connectome,28,32,63,False,False,True,6.831397578405005,322,356
677,linear,28,32,63,False,True,False,,,
677,mlp,28,32,63,False,True,False,,,
678,connectome,13,36,42,False,True,False,6.841990914034689,323,356
678,linear,13,36,42,False,False,True,,,
678,mlp,13,36,42,False,True,False,,,
679,connectome,17,3,2,False,False,True,6.841990914034689,323,357
679,linear,17,3,2,False,False,True,,,
679,mlp,17,3,2,False,False,True,,,
680,connectome,31,19,5,False,False,True,6.841990914034689,323,358
680,linear,31,19,5,False,False,True,,,
680,mlp,31,19,5,False,False,True,,,
681,connectome,23,15,40,False,True,False,6.850126478822125,324,358
681,linear,23,15,40,False,True,False,,,
681,mlp,23,15,40,False,True,False,,,
682,connectome,23,23,11,False,True,False,6.878164520067757,325,358
682,linear,23,23,11,False,False,True,,,
682,mlp,23,23,11,False,False,True,,,
683,connectome,8,2,13,False,False,True,6.878164520067757,325,359
683,linear,8,2,13,False,True,False,,,
683,mlp,8,2,13,False,False,True,,,
684,connectome,8,6,74,False,False,True,6.878164520067757,325,360
684,linear,8,6,74,False,False,True,,,
684,mlp,8,6,74,False,False,True,,,
685,connectome,24,38,65,False,False,True,6.880992291590342,326,360
685,linear,24,38,65,False,True,False,,,
685,mlp,24,38,65,False,False,True,,,
686,connectome,24,44,44,False,True,False,6.895233503343361,327,360
686,linear,24,44,44,False,False,True,,,
686,mlp,24,44,44,False,False,True,,,
687,connectome,12,40,25,False,False,True,6.895233503343361,327,361
687,linear,12,40,25,False,False,True,,,
687,mlp,12,40,25,False,False,True,,,
688,connectome,19,8,27,True,False,False,6.895397524263511,328,361
688,linear,19,8,27,True,True,True,,,
688,mlp,19,8,27,True,False,False,,,
689,connectome,7,34,14,False,False,True,6.895397524263511,328,362
689,linear,7,34,14,False,False,True,,,
689,mlp,7,34,14,False,False,True,,,
690,connectome,27,37,61,False,False,True,6.895397524263511,328,363
690,linear,27,37,61,False,True,False,,,
690,mlp,27,37,61,False,False,True,,,
691,connectome,12,37,49,True,False,False,6.899619473607371,329,363
691,linear,12,37,49,True,True,True,,,
691,mlp,12,37,49,True,True,True,,,
692,connectome,7,41,48,True,False,False,6.900917018948556,330,363
692,linear,7,41,48,True,True,True,,,
692,mlp,7,41,48,True,False,False,,,
693,connectome,20,20,40,True,True,True,6.900917018948556,330,364
693,linear,20,20,40,True,True,True,,,
693,mlp,20,20,40,True,False,False,,,
694,connectome,35,34,69,True,False,False,6.901312449228918,331,364
694,linear,35,34,69,True,True,True,,,
694,mlp,35,34,69,True,False,False,,,
695,connectome,5,3,7,False,False,True,6.901312449228918,331,365
695,linear,5,3,7,False,True,False,,,
695,mlp,5,3,7,False,False,True,,,
696,connectome,26,43,68,False,False,True,6.901312449228918,331,366
696,linear,26,43,68,False,True,False,,,
696,mlp,26,43,68,False,False,True,,,
697,connectome,31,30,61,True,True,True,6.901312449228918,331,367
697,linear,31,30,61,True,True,True,,,
697,mlp,31,30,61,True,False,False,,,
698,connectome,0,5,6,False,True,False,6.92200006458783,332,367
698,linear,0,5,6,False,True,False,,,
698,mlp,0,5,6,False,True,False,,,
699,connectome,5,24,30,False,False,True,6.92200006458783,332,368
699,linear,5,24,30,False,True,False,,,
699,mlp,5,24,30,False,False,True,,,
700,connectome,47,24,71,True,False,False,6.923186991168915,333,368
700,linear,47,24,71,True,False,False,,,
700,mlp,47,24,71,True,False,False,,,
701,connectome,10,40,50,True,True,True,6.923186991168915,333,369
701,linear,10,40,50,True,True,True,,,
701,mlp,10,40,50,True,False,False,,,
702,connectome,15,30,45,True,False,False,6.924534124230147,334,369
702,linear,15,30,45,True,True,True,,,
702,mlp,15,30,45,True,False,False,,,
703,connectome,29,14,34,False,False,True,6.924534124230147,334,370
703,linear,29,14,34,False,False,True,,,
703,mlp,29,14,34,False,False,True,,,
704,connectome,28,7,35,True,False,False,6.924667629630268,335,370
704,linear,28,7,35,True,True,True,,,
704,mlp,28,7,35,True,False,False,,,
705,connectome,36,17,53,True,False,False,6.925075774710642,336,370
705,linear,36,17,53,True,True,True,,,
705,mlp,36,17,53,True,False,False,,,
706,connectome,35,44,79,True,False,False,6.9257909822112955,337,370
706,linear,35,44,79,True,True,True,,,
706,mlp,35,44,79,True,True,True,,,
707,connectome,26,0,26,True,False,False,6.926534798011976,338,370
707,linear,26,0,26,True,True,True,,,
707,mlp,26,0,26,True,False,False,,,
708,connectome,28,12,40,True,False,False,6.927695023513036,339,370
708,linear,28,12,40,True,True,True,,,
708,mlp,28,12,40,True,False,False,,,
709,connectome,1,11,12,True,True,True,6.927695023513036,339,371
709,linear,1,11,12,True,True,True,,,
709,mlp,1,11,12,True,True,True,,,
710,connectome,10,27,37,True,True,True,6.927695023513036,339,372
710,linear,10,27,37,True,True,True,,,
710,mlp,10,27,37,True,True,True,,,
711,connectome,19,3,22,True,False,False,6.928955060194188,340,372
711,linear,19,3,22,True,True,True,,,
711,mlp,19,3,22,True,False,False,,,
712,connectome,32,22,54,True,True,True,6.928955060194188,340,373
712,linear,32,22,54,True,True,True,,,
712,mlp,32,22,54,True,True,True,,,
713,connectome,40,15,56,False,True,False,6.936901810201452,341,373
713,linear,40,15,56,False,True,False,,,
713,mlp,40,15,56,False,True,False,,,
714,connectome,20,14,35,False,True,False,6.9432007221272105,342,373
714,linear,20,14,35,False,True,False,,,
714,mlp,20,14,35,False,True,False,,,
715,connectome,4,3,7,True,False,False,6.945661671669461,343,373
715,linear,4,3,7,True,True,True,,,
715,mlp,4,3,7,True,True,True,,,
716,connectome,33,43,76,True,True,True,6.945661671669461,343,374
716,linear,33,43,76,True,True,True,,,
716,mlp,33,43,76,True,True,True,,,
717,connectome,30,32,52,False,True,False,6.971409141692998,344,374
717,linear,30,32,52,False,False,True,,,
717,mlp,30,32,52,False,True,False,,,
718,connectome,31,45,76,True,True,True,6.971409141692998,344,375
718,linear,31,45,76,True,True,True,,,
718,mlp,31,45,76,True,True,True,,,
719,connectome,3,37,38,False,False,True,6.971409141692998,344,376
719,linear,3,37,38,False,True,False,,,
719,mlp,3,37,38,False,True,False,,,
720,connectome,31,7,39,False,False,True,6.983064798863653,345,376
720,linear,31,7,39,False,True,False,,,
720,mlp,31,7,39,False,True,False,,,
721,connectome,23,3,26,True,True,True,6.983064798863653,345,377
721,linear,23,3,26,True,True,True,,,
721,mlp,23,3,26,True,True,True,,,
722,connectome,32,9,39,False,False,True,6.983064798863653,345,378
722,linear,32,9,39,False,True,False,,,
722,mlp,32,9,39,False,True,False,,,
723,connectome,20,37,75,False,True,False,6.984781932605222,346,378
723,linear,20,37,75,False,False,True,,,
723,mlp,20,37,75,False,True,False,,,
724,connectome,14,1,15,True,False,False,6.985013977705435,347,378
724,linear,14,1,15,True,True,True,,,
724,mlp,14,1,15,True,True,True,,,
725,connectome,41,39,80,True,True,True,6.985013977705435,347,379
725,linear,41,39,80,True,True,True,,,
725,mlp,41,39,80,True,True,True,,,
726,connectome,26,0,46,False,False,True,6.985013977705435,347,380
726,linear,26,0,46,False,False,True,,,
726,mlp,26,0,46,False,True,False,,,
727,connectome,1,35,36,True,True,True,6.985013977705435,347,381
727,linear,1,35,36,True,True,True,,,
727,mlp,1,35,36,True,True,True,,,
728,connectome,26,6,32,True,False,False,6.9856478104860145,348,381
728,linear,26,6,32,True,True,True,,,
728,mlp,26,6,32,True,True,True,,,
729,connectome,29,21,47,False,False,True,6.9856478104860145,348,382
729,linear,29,21,47,False,True,False,,,
729,mlp,29,21,47,False,True,False,,,
730,connectome,30,38,68,True,True,True,6.9856478104860145,348,383
730,linear,30,38,68,True,True,True,,,
730,mlp,30,38,68,True,True,True,,,
731,connectome,24,36,57,False,False,True,6.990582424370525,349,383
731,linear,24,36,57,False,True,False,,,
731,mlp,24,36,57,False,True,False,,,
732,connectome,29,1,79,False,False,True,6.990582424370525,349,384
732,linear,29,1,79,False,False,True,,,
732,mlp,29,1,79,False,True,False,,,
733,connectome,10,43,53,True,True,True,6.990582424370525,349,385
733,linear,10,43,53,True,True,True,,,
733,mlp,10,43,53,True,True,True,,,
734,connectome,0,2,2,True,True,True,6.990582424370525,349,386
734,linear,0,2,2,True,True,True,,,
734,mlp,0,2,2,True,False,False,,,
735,connectome,41,12,53,True,True,True,6.990582424370525,349,387
735,linear,41,12,53,True,True,True,,,
735,mlp,41,12,53,True,True,True,,,
736,connectome,45,34,79,True,False,False,6.991619316311473,350,387
736,linear,45,34,79,True,True,True,,,
736,mlp,45,34,79,True,True,True,,,
737,connectome,24,43,67,True,True,True,6.9929289407126705,351,387
737,linear,24,43,67,True,True,True,,,
737,mlp,24,43,67,True,True,True,,,
738,connectome,46,31,77,True,False,False,6.994326297233948,352,387
738,linear,46,31,77,True,True,True,,,
738,mlp,46,31,77,True,True,True,,,
739,connectome,38,31,67,False,False,True,6.994326297233948,352,388
739,linear,38,31,67,False,True,False,,,
739,mlp,38,31,67,False,True,False,,,
740,connectome,13,43,65,False,True,False,7.003735249242549,353,388
740,linear,13,43,65,False,False,True,,,
740,mlp,13,43,65,False,True,False,,,
741,connectome,15,13,28,True,False,False,7.0038808337026826,354,388
741,linear,15,13,28,True,True,True,,,
741,mlp,15,13,28,True,True,True,,,
742,connectome,42,13,55,True,True,True,7.0038808337026826,354,389
742,linear,42,13,55,True,True,True,,,
742,mlp,42,13,55,True,True,True,,,
743,connectome,33,14,47,True,True,True,7.0038808337026826,354,390
743,linear,33,14,47,True,True,True,,,
743,mlp,33,14,47,True,True,True,,,
744,connectome,3,17,17,False,False,True,7.0038808337026826,354,391
744,linear,3,17,17,False,True,False,,,
744,mlp,3,17,17,False,True,False,,,
745,connectome,27,36,65,False,False,True,7.0038808337026826,354,392
745,linear,27,36,65,False,True,False,,,
745,mlp,27,36,65,False,True,False,,,
746,connectome,20,2,25,False,True,False,7.0247661642017745,355,392
746,linear,20,2,25,False,True,False,,,
746,mlp,20,2,25,False,False,True,,,
747,connectome,13,9,22,True,False,False,7.033507589209766,356,392
747,linear,13,9,22,True,True,True,,,
747,mlp,13,9,22,True,False,False,,,
748,connectome,32,21,55,False,True,False,7.039679988875409,357,392
748,linear,32,21,55,False,True,False,,,
748,mlp,32,21,55,False,True,False,,,
749,connectome,29,14,43,True,False,False,7.0397804357955005,358,392
749,linear,29,14,43,True,True,True,,,
749,mlp,29,14,43,True,True,True,,,
750,connectome,47,22,69,True,False,False,7.040040453455738,359,392
750,linear,47,22,69,True,True,True,,,
750,mlp,47,22,69,True,True,True,,,
751,connectome,6,4,8,False,False,True,7.040040453455738,359,393
751,linear,6,4,8,False,True,False,,,
751,mlp,6,4,8,False,True,False,,,
752,connectome,45,11,35,False,False,True,7.040040453455738,359,394
752,linear,45,11,35,False,False,True,,,
752,mlp,45,11,35,False,False,True,,,
753,connectome,29,37,83,False,False,True,7.040040453455738,359,395
753,linear,29,37,83,False,False,True,,,
753,mlp,29,37,83,False,True,False,,,
754,connectome,28,17,45,True,False,False,7.0400754191557695,360,395
754,linear,28,17,45,True,True,True,,,
754,mlp,28,17,45,True,True,True,,,
755,connectome,6,4,19,False,False,True,7.0400754191557695,360,396
755,linear,6,4,19,False,False,True,,,
755,mlp,6,4,19,False,True,False,,,
756,connectome,39,20,57,False,False,True,7.0400754191557695,360,397
756,linear,39,20,57,False,True,False,,,
756,mlp,39,20,57,False,False,True,,,
757,connectome,0,10,55,False,True,False,7.048538390043507,361,397
757,linear,0,10,55,False,False,True,,,
757,mlp,0,10,55,False,True,False,,,
758,connectome,37,44,18,False,False,True,7.048538390043507,361,398
758,linear,37,44,18,False,False,True,,,
758,mlp,37,44,18,False,False,True,,,
759,connectome,0,35,32,False,True,False,7.064257061557876,362,398
759,linear,0,35,32,False,True,False,,,
759,mlp,0,35,32,False,False,True,,,
760,connectome,9,10,19,True,False,False,7.0645641239781565,363,398
760,linear,9,10,19,True,True,True,,,
760,mlp,9,10,19,True,False,False,,,
761,connectome,0,10,97,False,True,False,7.076401602788978,364,398
761,linear,0,10,97,False,False,True,,,
761,mlp,0,10,97,False,False,True,,,
762,connectome,6,35,41,True,False,False,7.0776966051701615,365,398
762,linear,6,35,41,True,True,True,,,
762,mlp,6,35,41,True,False,False,,,
763,connectome,19,17,36,True,False,False,7.077706777010171,366,398
763,linear,19,17,36,True,True,True,,,
763,mlp,19,17,36,True,False,False,,,
764,connectome,21,38,59,True,True,True,7.077706777010171,366,399
764,linear,21,38,59,True,True,True,,,
764,mlp,21,38,59,True,False,False,,,
765,connectome,46,30,76,True,False,False,7.0800761799923375,367,399
765,linear,46,30,76,True,True,True,,,
765,mlp,46,30,76,True,False,False,,,
766,connectome,0,46,45,False,True,False,7.089783929801212,368,399
766,linear,0,46,45,False,True,False,,,
766,mlp,0,46,45,False,True,False,,,
767,connectome,26,4,29,False,False,True,7.089783929801212,368,400
767,linear,26,4,29,False,True,False,,,
767,mlp,26,4,29,False,False,True,,,
768,connectome,32,2,19,False,False,True,7.089783929801212,368,401
768,linear,32,2,19,False,False,True,,,
768,mlp,32,2,19,False,False,True,,,
769,connectome,39,6,43,False,False,True,7.089783929801212,368,402
769,linear,39,6,43,False,True,False,,,
769,mlp,39,6,43,False,True,False,,,
770,connectome,27,1,76,False,False,True,7.089783929801212,368,403
770,linear,27,1,76,False,False,True,,,
770,mlp,27,1,76,False,False,True,,,
771,connectome,40,30,57,False,False,True,7.089783929801212,368,404
771,linear,40,30,57,False,False,True,,,
771,mlp,40,30,57,False,False,True,,,
772,connectome,34,19,53,True,False,False,7.092999502724151,369,404
772,linear,34,19,53,True,True,True,,,
772,mlp,34,19,53,True,True,True,,,
773,connectome,17,25,42,True,False,False,7.093200396564335,370,404
773,linear,17,25,42,True,True,True,,,
773,mlp,17,25,42,True,True,True,,,
774,connectome,45,21,69,False,False,True,7.093200396564335,370,405
774,linear,45,21,69,False,True,False,,,
774,mlp,45,21,69,False,False,True,,,
775,connectome,9,21,28,False,False,True,7.093200396564335,370,406
775,linear,9,21,28,False,True,False,,,
775,mlp,9,21,28,False,False,True,,,
776,connectome,14,22,63,False,True,False,7.098417914749104,371,406
776,linear,14,22,63,False,False,True,,,
776,mlp,14,22,63,False,False,True,,,
777,connectome,45,19,61,False,False,True,7.098417914749104,371,407
777,linear,45,19,61,False,True,False,,,
777,mlp,45,19,61,False,True,False,,,
778,connectome,43,27,46,False,False,True,7.098417914749104,371,408
778,linear,43,27,46,False,False,True,,,
778,mlp,43,27,46,False,False,True,,,
779,connectome,9,9,18,True,False,False,7.098826695569478,372,408
779,linear,9,9,18,True,True,True,,,
779,mlp,9,9,18,True,False,False,,,
780,connectome,28,19,45,False,False,True,7.098826695569478,372,409
780,linear,28,19,45,False,True,False,,,
780,mlp,28,19,45,False,False,True,,,
781,connectome,37,37,74,True,False,False,7.098871197369519,373,409
781,linear,37,37,74,True,True,True,,,
781,mlp,37,37,74,True,False,False,,,
782,connectome,46,4,50,True,False,False,7.101489174691912,374,409
782,linear,46,4,50,True,True,True,,,
782,mlp,46,4,50,True,True,True,,,
783,connectome,41,37,75,False,True,False,7.102541960132874,375,409
783,linear,41,37,75,False,True,False,,,
783,mlp,41,37,75,False,False,True,,,
784,connectome,44,20,61,False,False,True,7.102541960132874,375,410
784,linear,44,20,61,False,True,False,,,
784,mlp,44,20,61,False,True,False,,,
785,connectome,37,39,38,False,False,True,7.102541960132874,375,411
785,linear,37,39,38,False,False,True,,,
785,mlp,37,39,38,False,False,True,,,
786,connectome,29,5,33,False,False,True,7.102541960132874,375,412
786,linear,29,5,33,False,True,False,,,
786,mlp,29,5,33,False,False,True,,,
787,connectome,41,7,84,False,True,False,7.105941261915982,376,412
787,linear,41,7,84,False,False,True,,,
787,mlp,41,7,84,False,False,True,,,
788,connectome,20,1,21,True,True,True,7.105941261915982,376,413
788,linear,20,1,21,True,True,True,,,
788,mlp,20,1,21,True,False,False,,,
789,connectome,42,48,90,True,True,True,7.105941261915982,376,414
789,linear,42,48,90,True,True,True,,,
789,mlp,42,48,90,True,True,True,,,
790,connectome,40,19,57,False,True,False,7.111690258741238,377,414
790,linear,40,19,57,False,True,False,,,
790,mlp,40,19,57,False,False,True,,,
791,connectome,38,43,82,False,False,True,7.111690258741238,377,415
791,linear,38,43,82,False,True,False,,,
791,mlp,38,43,82,False,False,True,,,
792,connectome,39,42,81,True,False,False,7.113225570842641,378,415
792,linear,39,42,81,True,True,True,,,
792,mlp,39,42,81,True,False,False,,,
793,connectome,26,40,66,True,False,False,7.114608305343905,379,415
793,linear,26,40,66,True,True,True,,,
793,mlp,26,40,66,True,False,False,,,
794,connectome,48,32,35,False,False,True,7.114608305343905,379,416
794,linear,48,32,35,False,False,True,,,
794,mlp,48,32,35,False,False,True,,,
795,connectome,19,22,41,True,False,False,7.115563186824778,380,416
795,linear,19,22,41,True,True,True,,,
795,mlp,19,22,41,True,False,False,,,
796,connectome,17,49,66,True,False,False,7.1160177409251935,381,416
796,linear,17,49,66,True,True,True,,,
796,mlp,17,49,66,True,False,False,,,
797,connectome,13,26,39,True,False,False,7.1177730190667985,382,416
797,linear,13,26,39,True,True,True,,,
797,mlp,13,26,39,True,False,False,,,
798,connectome,13,34,47,True,True,True,7.1177730190667985,382,417
798,linear,13,34,47,True,True,True,,,
798,mlp,13,34,47,True,False,False,,,
799,connectome,10,42,52,True,True,True,7.1177730190667985,382,418
799,linear,10,42,52,True,True,True,,,
799,mlp,10,42,52,True,True,True,,,
