round,agent,a,b,c,label,pred,correct,drift_pct,n_trained,n_skipped
0,connectome,8,6,16,False,True,False,0.2494504098149131,1,0
0,linear,8,6,16,False,False,True,,,
0,mlp,8,6,16,False,True,False,,,
1,connectome,5,0,3,False,False,True,0.2494504098149131,1,1
1,linear,5,0,3,False,False,True,,,
1,mlp,5,0,3,False,True,False,,,
2,connectome,7,2,9,True,False,False,0.30276104317052266,2,1
2,linear,7,2,9,True,False,False,,,
2,mlp,7,2,9,True,True,True,,,
3,connectome,8,2,10,True,False,False,0.3482989802109017,3,1
3,linear,8,2,10,True,False,False,,,
3,mlp,8,2,10,True,True,True,,,
4,connectome,6,9,15,True,False,False,0.3959792418519892,4,1
4,linear,6,9,15,True,False,False,,,
4,mlp,6,9,15,True,True,True,,,
5,connectome,6,3,9,True,True,True,0.3959792418519892,4,2
5,linear,6,3,9,True,False,False,,,
5,mlp,6,3,9,True,True,True,,,
6,connectome,2,7,8,False,True,False,0.5843376799054294,5,2
6,linear,2,7,8,False,True,False,,,
6,mlp,2,7,8,False,True,False,,,
7,connectome,6,8,11,False,False,True,0.5843376799054294,5,3
7,linear,6,8,11,False,False,True,,,
7,mlp,6,8,11,False,True,False,,,
8,connectome,7,5,12,True,True,True,0.5843376799054294,5,4
8,linear,7,5,12,True,False,False,,,
8,mlp,7,5,12,True,True,True,,,
9,connectome,8,3,13,False,True,False,0.7600902678898457,6,4
9,linear,8,3,13,False,False,True,,,
9,mlp,8,3,13,False,True,False,,,
10,connectome,7,6,13,True,False,False,0.7958639934625487,7,4
10,linear,7,6,13,True,False,False,,,
10,mlp,7,6,13,True,True,True,,,
11,connectome,8,8,16,True,False,False,0.831137073784794,8,4
11,linear,8,8,16,True,False,False,,,
11,mlp,8,8,16,True,True,True,,,
12,connectome,8,5,14,False,False,True,0.9866877120369925,9,4
12,linear,8,5,14,False,False,True,,,
12,mlp,8,5,14,False,True,False,,,
13,connectome,7,6,12,False,False,True,0.9866877120369925,9,5
13,linear,7,6,12,False,False,True,,,
13,mlp,7,6,12,False,True,False,,,
14,connectome,2,5,10,False,False,True,0.9866877120369925,9,6
14,linear,2,5,10,False,False,True,,,
14,mlp,2,5,10,False,True,False,,,
15,connectome,8,8,16,True,False,False,1.017178517672366,10,6
15,linear,8,8,16,True,False,False,,,
15,mlp,8,8,16,True,True,True,,,
16,connectome,8,6,11,False,True,False,1.1524765456610504,11,6
16,linear,8,6,11,False,False,True,,,
16,mlp,8,6,11,False,True,False,,,
17,connectome,8,5,13,True,False,False,1.1807662604794118,12,6
17,linear,8,5,13,True,False,False,,,
17,mlp,8,5,13,True,True,True,,,
18,connectome,4,1,2,False,False,True,1.1807662604794118,12,7
18,linear,4,1,2,False,False,True,,,
18,mlp,4,1,2,False,False,True,,,
19,connectome,5,2,10,False,False,True,1.1807662604794118,12,8
19,linear,5,2,10,False,False,True,,,
19,mlp,5,2,10,False,False,True,,,
20,connectome,4,3,11,False,False,True,1.1807662604794118,12,9
20,linear,4,3,11,False,False,True,,,
20,mlp,4,3,11,False,False,True,,,
21,connectome,7,3,8,False,False,True,1.1807662604794118,12,10
21,linear,7,3,8,False,False,True,,,
21,mlp,7,3,8,False,False,True,,,
22,connectome,9,9,18,True,True,True,1.2058691696098598,13,10
22,linear,9,9,18,True,False,False,,,
22,mlp,9,9,18,True,False,False,,,
23,connectome,7,9,17,False,True,False,1.3785460872052147,14,10
23,linear,7,9,17,False,False,True,,,
23,mlp,7,9,17,False,False,True,,,
24,connectome,4,6,9,False,False,True,1.3785460872052147,14,11
24,linear,4,6,9,False,False,True,,,
24,mlp,4,6,9,False,False,True,,,
25,connectome,7,0,4,False,False,True,1.3785460872052147,14,12
25,linear,7,0,4,False,False,True,,,
25,mlp,7,0,4,False,False,True,,,
26,connectome,0,4,4,True,False,False,1.424712413502418,15,12
26,linear,0,4,4,True,False,False,,,
26,mlp,0,4,4,True,False,False,,,
27,connectome,6,7,13,True,False,False,1.4498629236654097,16,12
27,linear,6,7,13,True,False,False,,,
27,mlp,6,7,13,True,False,False,,,
28,connectome,2,9,14,False,True,False,1.6046090329468727,17,12
28,linear,2,9,14,False,False,True,,,
28,mlp,2,9,14,False,False,True,,,
29,connectome,1,2,18,False,False,True,1.6046090329468727,17,13
29,linear,1,2,18,False,False,True,,,
29,mlp,1,2,18,False,False,True,,,
30,connectome,5,8,13,True,False,False,1.6378351894022467,18,13
30,linear,5,8,13,True,False,False,,,
30,mlp,5,8,13,True,False,False,,,
31,connectome,6,8,14,True,False,False,1.6622007195995208,19,13
31,linear,6,8,14,True,False,False,,,
31,mlp,6,8,14,True,False,False,,,
32,connectome,1,8,9,True,True,True,1.6622007195995208,19,14
32,linear,1,8,9,True,True,True,,,
32,mlp,1,8,9,True,False,False,,,
33,connectome,6,2,12,False,False,True,1.6622007195995208,19,15
33,linear,6,2,12,False,False,True,,,
33,mlp,6,2,12,False,False,True,,,
34,connectome,6,1,7,True,False,False,1.6927747277074705,20,15
34,linear,6,1,7,True,False,False,,,
34,mlp,6,1,7,True,False,False,,,
35,connectome,9,3,9,False,False,True,1.6927747277074705,20,16
35,linear,9,3,9,False,False,True,,,
35,mlp,9,3,9,False,False,True,,,
36,connectome,5,2,1,False,True,False,1.796815962827581,21,16
36,linear,5,2,1,False,False,True,,,
36,mlp,5,2,1,False,False,True,,,
37,connectome,9,6,15,True,False,False,1.8160606073201737,22,16
37,linear,9,6,15,True,False,False,,,
37,mlp,9,6,15,True,False,False,,,
38,connectome,9,4,13,True,False,False,1.8366401468789868,23,16
38,linear,9,4,13,True,False,False,,,
38,mlp,9,4,13,True,False,False,,,
39,connectome,9,3,9,False,False,True,1.8366401468789868,23,17
39,linear,9,3,9,False,False,True,,,
39,mlp,9,3,9,False,False,True,,,
40,connectome,9,2,13,False,True,False,1.944739628292807,24,17
40,linear,9,2,13,False,False,True,,,
40,mlp,9,2,13,False,False,True,,,
41,connectome,9,5,12,False,False,True,1.944739628292807,24,18
41,linear,9,5,12,False,False,True,,,
41,mlp,9,5,12,False,False,True,,,
42,connectome,6,1,7,True,False,False,1.968385977614424,25,18
42,linear,6,1,7,True,False,False,,,
42,mlp,6,1,7,True,False,False,,,
43,connectome,8,3,14,False,False,True,1.968385977614424,25,19
43,linear,8,3,14,False,False,True,,,
43,mlp,8,3,14,False,False,True,,,
44,connectome,6,5,11,True,True,True,1.968385977614424,25,20
44,linear,6,5,11,True,False,False,,,
44,mlp,6,5,11,True,False,False,,,
45,connectome,2,7,7,False,True,False,2.092434427357824,26,20
45,linear,2,7,7,False,True,False,,,
45,mlp,2,7,7,False,True,False,,,
46,connectome,6,0,8,False,False,True,2.092434427357824,26,21
46,linear,6,0,8,False,False,True,,,
46,mlp,6,0,8,False,False,True,,,
47,connectome,1,8,14,False,True,False,2.207675494068173,27,21
47,linear,1,8,14,False,True,False,,,
47,mlp,1,8,14,False,True,False,,,
48,connectome,1,0,1,True,True,True,2.207675494068173,27,22
48,linear,1,0,1,True,False,False,,,
48,mlp,1,0,1,True,False,False,,,
49,connectome,7,7,14,True,True,True,2.207675494068173,27,23
49,linear,7,7,14,True,True,True,,,
49,mlp,7,7,14,True,False,False,,,
50,connectome,0,7,9,False,False,True,2.207675494068173,27,24
50,linear,0,7,9,False,True,False,,,
50,mlp,0,7,9,False,True,False,,,
51,connectome,1,5,6,True,False,False,2.249438367251351,28,24
51,linear,1,5,6,True,True,True,,,
51,mlp,1,5,6,True,True,True,,,
52,connectome,1,5,6,True,False,False,2.285825105119615,29,24
52,linear,1,5,6,True,True,True,,,
52,mlp,1,5,6,True,True,True,,,
53,connectome,7,0,4,False,True,False,2.3808013235714385,30,24
53,linear,7,0,4,False,True,False,,,
53,mlp,7,0,4,False,False,True,,,
54,connectome,1,7,8,True,True,True,2.3808013235714385,30,25
54,linear,1,7,8,True,True,True,,,
54,mlp,1,7,8,True,True,True,,,
55,connectome,0,7,6,False,True,False,2.469728634852732,31,25
55,linear,0,7,6,False,True,False,,,
55,mlp,0,7,6,False,True,False,,,
56,connectome,9,8,18,False,False,True,2.469728634852732,31,26
56,linear,9,8,18,False,True,False,,,
56,mlp,9,8,18,False,False,True,,,
57,connectome,2,2,4,True,True,True,2.469728634852732,31,27
57,linear,2,2,4,True,True,True,,,
57,mlp,2,2,4,True,False,False,,,
58,connectome,2,2,4,True,True,True,2.469728634852732,31,28
58,linear,2,2,4,True,True,True,,,
58,mlp,2,2,4,True,False,False,,,
59,connectome,0,2,0,False,False,True,2.5385066436206065,32,28
59,linear,0,2,0,False,True,False,,,
59,mlp,0,2,0,False,False,True,,,
60,connectome,9,1,9,False,False,True,2.5385066436206065,32,29
60,linear,9,1,9,False,True,False,,,
60,mlp,9,1,9,False,False,True,,,
61,connectome,9,9,17,False,False,True,2.5385066436206065,32,30
61,linear,9,9,17,False,True,False,,,
61,mlp,9,9,17,False,False,True,,,
62,connectome,8,8,16,True,True,True,2.5385066436206065,32,31
62,linear,8,8,16,True,True,True,,,
62,mlp,8,8,16,True,False,False,,,
63,connectome,4,3,7,True,True,True,2.552350676808262,33,31
63,linear,4,3,7,True,True,True,,,
63,mlp,4,3,7,True,False,False,,,
64,connectome,9,1,10,True,False,False,2.572483609016667,34,31
64,linear,9,1,10,True,True,True,,,
64,mlp,9,1,10,True,False,False,,,
65,connectome,0,5,3,False,False,True,2.572483609016667,34,32
65,linear,0,5,3,False,True,False,,,
65,mlp,0,5,3,False,False,True,,,
66,connectome,6,5,12,False,True,False,2.6478647313005776,35,32
66,linear,6,5,12,False,True,False,,,
66,mlp,6,5,12,False,False,True,,,
67,connectome,2,3,5,True,False,False,2.667040239068107,36,32
67,linear,2,3,5,True,True,True,,,
67,mlp,2,3,5,True,False,False,,,
68,connectome,4,7,13,False,False,True,2.667040239068107,36,33
68,linear,4,7,13,False,True,False,,,
68,mlp,4,7,13,False,False,True,,,
69,connectome,0,8,8,True,True,True,2.701257355249387,37,33
69,linear,0,8,8,True,True,True,,,
69,mlp,0,8,8,True,False,False,,,
70,connectome,0,5,5,True,True,True,2.701257355249387,37,34
70,linear,0,5,5,True,True,True,,,
70,mlp,0,5,5,True,False,False,,,
71,connectome,6,6,13,False,False,True,2.701257355249387,37,35
71,linear,6,6,13,False,True,False,,,
71,mlp,6,6,13,False,False,True,,,
72,connectome,1,2,3,True,True,True,2.701257355249387,37,36
72,linear,1,2,3,True,True,True,,,
72,mlp,1,2,3,True,False,False,,,
73,connectome,7,4,12,False,False,True,2.701257355249387,37,37
73,linear,7,4,12,False,True,False,,,
73,mlp,7,4,12,False,False,True,,,
74,connectome,8,7,15,True,False,False,2.7115175631187665,38,37
74,linear,8,7,15,True,True,True,,,
74,mlp,8,7,15,True,False,False,,,
75,connectome,8,1,9,True,True,True,2.7115175631187665,38,38
75,linear,8,1,9,True,True,True,,,
75,mlp,8,1,9,True,False,False,,,
76,connectome,9,4,13,True,False,False,2.724048952140222,39,38
76,linear,9,4,13,True,True,True,,,
76,mlp,9,4,13,True,False,False,,,
77,connectome,7,2,9,True,True,True,2.724048952140222,39,39
77,linear,7,2,9,True,True,True,,,
77,mlp,7,2,9,True,False,False,,,
78,connectome,2,3,6,False,True,False,2.7901462042606457,40,39
78,linear,2,3,6,False,True,False,,,
78,mlp,2,3,6,False,False,True,,,
79,connectome,2,8,9,False,False,True,2.7901462042606457,40,40
79,linear,2,8,9,False,True,False,,,
79,mlp,2,8,9,False,True,False,,,
80,connectome,8,5,13,True,False,False,2.8004470994900625,41,40
80,linear,8,5,13,True,True,True,,,
80,mlp,8,5,13,True,True,True,,,
81,connectome,1,9,12,False,True,False,2.869880715133536,42,40
81,linear,1,9,12,False,True,False,,,
81,mlp,1,9,12,False,True,False,,,
82,connectome,9,5,17,False,False,True,2.869880715133536,42,41
82,linear,9,5,17,False,True,False,,,
82,mlp,9,5,17,False,True,False,,,
83,connectome,2,8,10,True,False,False,2.894736241936258,43,41
83,linear,2,8,10,True,True,True,,,
83,mlp,2,8,10,True,True,True,,,
84,connectome,8,2,7,False,False,True,2.9815977160856635,44,41
84,linear,8,2,7,False,True,False,,,
84,mlp,8,2,7,False,False,True,,,
85,connectome,7,4,8,False,False,True,2.9815977160856635,44,42
85,linear,7,4,8,False,True,False,,,
85,mlp,7,4,8,False,True,False,,,
86,connectome,3,8,8,False,False,True,2.9815977160856635,44,43
86,linear,3,8,8,False,True,False,,,
86,mlp,3,8,8,False,True,False,,,
87,connectome,8,7,15,True,False,False,2.9889964582124273,45,43
87,linear,8,7,15,True,True,True,,,
87,mlp,8,7,15,True,True,True,,,
88,connectome,0,7,7,True,True,True,2.9889964582124273,45,44
88,linear,0,7,7,True,True,True,,,
88,mlp,0,7,7,True,True,True,,,
89,connectome,1,1,2,True,True,True,2.9889964582124273,45,45
89,linear,1,1,2,True,True,True,,,
89,mlp,1,1,2,True,False,False,,,
90,connectome,6,8,14,True,True,True,3.0007770382931964,46,45
90,linear,6,8,14,True,True,True,,,
90,mlp,6,8,14,True,True,True,,,
91,connectome,2,4,6,True,True,True,3.0007770382931964,46,46
91,linear,2,4,6,True,True,True,,,
91,mlp,2,4,6,True,True,True,,,
92,connectome,8,5,13,True,False,False,3.008981580870697,47,46
92,linear,8,5,13,True,True,True,,,
92,mlp,8,5,13,True,True,True,,,
93,connectome,9,1,10,True,True,True,3.0237215306541714,48,46
93,linear,9,1,10,True,True,True,,,
93,mlp,9,1,10,True,False,False,,,
94,connectome,5,2,8,False,True,False,3.0777819994735918,49,46
94,linear,5,2,8,False,True,False,,,
94,mlp,5,2,8,False,True,False,,,
95,connectome,6,1,7,True,True,True,3.089671926834461,50,46
95,linear,6,1,7,True,True,True,,,
95,mlp,6,1,7,True,True,True,,,
96,connectome,0,5,7,False,True,False,3.1437530572038996,51,46
96,linear,0,5,7,False,True,False,,,
96,mlp,0,5,7,False,True,False,,,
97,connectome,4,2,3,False,False,True,3.1437530572038996,51,47
97,linear,4,2,3,False,True,False,,,
97,mlp,4,2,3,False,False,True,,,
98,connectome,1,6,7,True,False,False,3.166021757944257,52,47
98,linear,1,6,7,True,True,True,,,
98,mlp,1,6,7,True,True,True,,,
99,connectome,3,8,10,False,True,False,3.217818038751607,53,47
99,linear,3,8,10,False,True,False,,,
99,mlp,3,8,10,False,True,False,,,
100,connectome,0,7,7,True,True,True,3.217818038751607,53,48
100,linear,0,7,7,True,True,True,,,
100,mlp,0,7,7,True,True,True,,,
101,connectome,3,6,15,False,False,True,3.217818038751607,53,49
101,linear,3,6,15,False,True,False,,,
101,mlp,3,6,15,False,True,False,,,
102,connectome,3,9,12,True,False,False,3.2345669269369184,54,49
102,linear,3,9,12,True,True,True,,,
102,mlp,3,9,12,True,True,True,,,
103,connectome,8,5,13,True,False,False,3.2405997816724335,55,49
103,linear,8,5,13,True,True,True,,,
103,mlp,8,5,13,True,True,True,,,
104,connectome,6,3,13,False,False,True,3.2405997816724335,55,50
104,linear,6,3,13,False,True,False,,,
104,mlp,6,3,13,False,True,False,,,
105,connectome,0,6,6,True,True,True,3.2405997816724335,55,51
105,linear,0,6,6,True,True,True,,,
105,mlp,0,6,6,True,True,True,,,
106,connectome,9,8,17,True,False,False,3.2451103569765567,56,51
106,linear,9,8,17,True,True,True,,,
106,mlp,9,8,17,True,True,True,,,
107,connectome,5,0,4,False,True,False,3.310779438206589,57,51
107,linear,5,0,4,False,True,False,,,
107,mlp,5,0,4,False,False,True,,,
108,connectome,8,3,18,False,False,True,3.310779438206589,57,52
108,linear,8,3,18,False,True,False,,,
108,mlp,8,3,18,False,True,False,,,
109,connectome,2,5,9,False,False,True,3.310779438206589,57,53
109,linear,2,5,9,False,True,False,,,
109,mlp,2,5,9,False,True,False,,,
110,connectome,7,9,16,True,True,True,3.310779438206589,57,54
110,linear,7,9,16,True,True,True,,,
110,mlp,7,9,16,True,True,True,,,
111,connectome,1,5,5,False,True,False,3.3516645133839646,58,54
111,linear,1,5,5,False,True,False,,,
111,mlp,1,5,5,False,True,False,,,
112,connectome,8,1,9,True,False,False,3.361735588603171,59,54
112,linear,8,1,9,True,True,True,,,
112,mlp,8,1,9,True,True,True,,,
113,connectome,2,6,11,False,False,True,3.361735588603171,59,55
113,linear,2,6,11,False,True,False,,,
113,mlp,2,6,11,False,True,False,,,
114,connectome,6,3,7,False,False,True,3.361735588603171,59,56
114,linear,6,3,7,False,True,False,,,
114,mlp,6,3,7,False,True,False,,,
115,connectome,5,7,15,False,False,True,3.361735588603171,59,57
115,linear,5,7,15,False,True,False,,,
115,mlp,5,7,15,False,True,False,,,
116,connectome,9,6,15,True,False,False,3.365593258926698,60,57
116,linear,9,6,15,True,True,True,,,
116,mlp,9,6,15,True,True,True,,,
117,connectome,8,1,9,True,True,True,3.365593258926698,60,58
117,linear,8,1,9,True,True,True,,,
117,mlp,8,1,9,True,True,True,,,
118,connectome,7,4,17,False,False,True,3.365593258926698,60,59
118,linear,7,4,17,False,False,True,,,
118,mlp,7,4,17,False,False,True,,,
119,connectome,2,9,11,True,True,True,3.365593258926698,60,60
119,linear,2,9,11,True,True,True,,,
119,mlp,2,9,11,True,True,True,,,
120,connectome,1,2,3,True,True,True,3.3794059819193247,61,60
120,linear,1,2,3,True,True,True,,,
120,mlp,1,2,3,True,False,False,,,
121,connectome,9,7,18,False,False,True,3.3794059819193247,61,61
121,linear,9,7,18,False,True,False,,,
121,mlp,9,7,18,False,False,True,,,
122,connectome,2,7,9,True,True,True,3.3794059819193247,61,62
122,linear,2,7,9,True,True,True,,,
122,mlp,2,7,9,True,False,False,,,
123,connectome,8,2,10,True,False,False,3.3861330647354744,62,62
123,linear,8,2,10,True,True,True,,,
123,mlp,8,2,10,True,False,False,,,
124,connectome,8,9,17,True,True,True,3.3861330647354744,62,63
124,linear,8,9,17,True,True,True,,,
124,mlp,8,9,17,True,False,False,,,
125,connectome,6,8,11,False,False,True,3.3861330647354744,62,64
125,linear,6,8,11,False,True,False,,,
125,mlp,6,8,11,False,False,True,,,
126,connectome,1,7,8,True,True,True,3.3861330647354744,62,65
126,linear,1,7,8,True,True,True,,,
126,mlp,1,7,8,True,False,False,,,
127,connectome,2,2,15,False,False,True,3.3861330647354744,62,66
127,linear,2,2,15,False,False,True,,,
127,mlp,2,2,15,False,False,True,,,
128,connectome,1,6,7,True,True,True,3.3861330647354744,62,67
128,linear,1,6,7,True,True,True,,,
128,mlp,1,6,7,True,True,True,,,
129,connectome,1,2,3,True,True,True,3.3861330647354744,62,68
129,linear,1,2,3,True,True,True,,,
129,mlp,1,2,3,True,False,False,,,
130,connectome,3,7,8,False,False,True,3.3861330647354744,62,69
130,linear,3,7,8,False,True,False,,,
130,mlp,3,7,8,False,True,False,,,
131,connectome,6,7,16,False,False,True,3.3861330647354744,62,70
131,linear,6,7,16,False,True,False,,,
131,mlp,6,7,16,False,False,True,,,
132,connectome,0,1,1,True,True,True,3.3861330647354744,62,71
132,linear,0,1,1,True,True,True,,,
132,mlp,0,1,1,True,False,False,,,
133,connectome,5,6,12,False,True,False,3.431722933787151,63,71
133,linear,5,6,12,False,True,False,,,
133,mlp,5,6,12,False,False,True,,,
134,connectome,6,4,10,True,True,True,3.431722933787151,63,72
134,linear,6,4,10,True,True,True,,,
134,mlp,6,4,10,True,False,False,,,
135,connectome,5,3,8,True,True,True,3.431722933787151,63,73
135,linear,5,3,8,True,True,True,,,
135,mlp,5,3,8,True,False,False,,,
136,connectome,3,1,3,False,True,False,3.4799930826812777,64,73
136,linear,3,1,3,False,True,False,,,
136,mlp,3,1,3,False,False,True,,,
137,connectome,3,3,5,False,True,False,3.520665502828459,65,73
137,linear,3,3,5,False,True,False,,,
137,mlp,3,3,5,False,False,True,,,
138,connectome,9,4,7,False,False,True,3.520665502828459,65,74
138,linear,9,4,7,False,False,True,,,
138,mlp,9,4,7,False,False,True,,,
139,connectome,3,5,9,False,False,True,3.520665502828459,65,75
139,linear,3,5,9,False,True,False,,,
139,mlp,3,5,9,False,False,True,,,
140,connectome,0,5,5,True,True,True,3.520665502828459,65,76
140,linear,0,5,5,True,True,True,,,
140,mlp,0,5,5,True,False,False,,,
141,connectome,7,7,12,False,False,True,3.520665502828459,65,77
141,linear,7,7,12,False,True,False,,,
141,mlp,7,7,12,False,False,True,,,
142,connectome,1,7,8,True,True,True,3.520665502828459,65,78
142,linear,1,7,8,True,True,True,,,
142,mlp,1,7,8,True,False,False,,,
143,connectome,0,3,2,False,False,True,3.5615877687958686,66,78
143,linear,0,3,2,False,True,False,,,
143,mlp,0,3,2,False,False,True,,,
144,connectome,0,4,2,False,False,True,3.5615877687958686,66,79
144,linear,0,4,2,False,True,False,,,
144,mlp,0,4,2,False,False,True,,,
145,connectome,0,7,4,False,True,False,3.6060863901365474,67,79
145,linear,0,7,4,False,True,False,,,
145,mlp,0,7,4,False,False,True,,,
146,connectome,6,1,7,True,True,True,3.6131332501729894,68,79
146,linear,6,1,7,True,True,True,,,
146,mlp,6,1,7,True,False,False,,,
147,connectome,9,1,7,False,False,True,3.6131332501729894,68,80
147,linear,9,1,7,False,False,True,,,
147,mlp,9,1,7,False,False,True,,,
148,connectome,0,3,6,False,False,True,3.6131332501729894,68,81
148,linear,0,3,6,False,True,False,,,
148,mlp,0,3,6,False,False,True,,,
149,connectome,8,7,18,False,False,True,3.6131332501729894,68,82
149,linear,8,7,18,False,False,True,,,
149,mlp,8,7,18,False,False,True,,,
150,connectome,4,0,13,False,False,True,3.6131332501729894,68,83
150,linear,4,0,13,False,False,True,,,
150,mlp,4,0,13,False,False,True,,,
151,connectome,1,6,10,False,False,True,3.6131332501729894,68,84
151,linear,1,6,10,False,False,True,,,
151,mlp,1,6,10,False,False,True,,,
152,connectome,1,5,0,False,False,True,3.6131332501729894,68,85
152,linear,1,5,0,False,False,True,,,
152,mlp,1,5,0,False,False,True,,,
153,connectome,2,6,8,True,False,False,3.625933557214691,69,85
153,linear,2,6,8,True,True,True,,,
153,mlp,2,6,8,True,False,False,,,
154,connectome,6,1,4,False,False,True,3.625933557214691,69,86
154,linear,6,1,4,False,False,True,,,
154,mlp,6,1,4,False,False,True,,,
155,connectome,7,9,12,False,False,True,3.625933557214691,69,87
155,linear,7,9,12,False,False,True,,,
155,mlp,7,9,12,False,False,True,,,
156,connectome,9,9,18,True,False,False,3.629254662977727,70,87
156,linear,9,9,18,True,False,False,,,
156,mlp,9,9,18,True,False,False,,,
157,connectome,0,5,5,True,True,True,3.629254662977727,70,88
157,linear,0,5,5,True,True,True,,,
157,mlp,0,5,5,True,False,False,,,
158,connectome,7,9,16,True,False,False,3.635068823153042,71,88
158,linear,7,9,16,True,False,False,,,
158,mlp,7,9,16,True,False,False,,,
159,connectome,5,4,6,False,False,True,3.635068823153042,71,89
159,linear,5,4,6,False,False,True,,,
159,mlp,5,4,6,False,False,True,,,
160,connectome,0,7,7,True,True,True,3.635068823153042,71,90
160,linear,0,7,7,True,True,True,,,
160,mlp,0,7,7,True,False,False,,,
161,connectome,9,7,16,True,False,False,3.637614008245369,72,90
161,linear,9,7,16,True,False,False,,,
161,mlp,9,7,16,True,False,False,,,
162,connectome,1,3,14,False,False,True,3.637614008245369,72,91
162,linear,1,3,14,False,False,True,,,
162,mlp,1,3,14,False,False,True,,,
163,connectome,4,7,14,False,False,True,3.637614008245369,72,92
163,linear,4,7,14,False,False,True,,,
163,mlp,4,7,14,False,False,True,,,
164,connectome,5,4,6,False,False,True,3.637614008245369,72,93
164,linear,5,4,6,False,False,True,,,
164,mlp,5,4,6,False,False,True,,,
165,connectome,5,3,8,True,True,True,3.6406166082681137,73,93
165,linear,5,3,8,True,False,False,,,
165,mlp,5,3,8,True,False,False,,,
166,connectome,9,5,14,True,False,False,3.6434990534307485,74,93
166,linear,9,5,14,True,False,False,,,
166,mlp,9,5,14,True,False,False,,,
167,connectome,9,8,17,True,False,False,3.6453582750624483,75,93
167,linear,9,8,17,True,False,False,,,
167,mlp,9,8,17,True,True,True,,,
168,connectome,0,6,6,True,True,True,3.6453582750624483,75,94
168,linear,0,6,6,True,True,True,,,
168,mlp,0,6,6,True,True,True,,,
169,connectome,2,2,5,False,False,True,3.6453582750624483,75,95
169,linear,2,2,5,False,True,False,,,
169,mlp,2,2,5,False,True,False,,,
170,connectome,3,3,6,True,True,True,3.6453582750624483,75,96
170,linear,3,3,6,True,True,True,,,
170,mlp,3,3,6,True,True,True,,,
171,connectome,0,0,0,True,True,True,3.6453582750624483,75,97
171,linear,0,0,0,True,True,True,,,
171,mlp,0,0,0,True,False,False,,,
172,connectome,2,9,11,True,True,True,3.6453582750624483,75,98
172,linear,2,9,11,True,True,True,,,
172,mlp,2,9,11,True,True,True,,,
173,connectome,1,2,3,True,True,True,3.6453582750624483,75,99
173,linear,1,2,3,True,True,True,,,
173,mlp,1,2,3,True,True,True,,,
174,connectome,3,6,9,True,True,True,3.6548384299511145,76,99
174,linear,3,6,9,True,True,True,,,
174,mlp,3,6,9,True,True,True,,,
175,connectome,0,2,2,True,True,True,3.67468750424926,77,99
175,linear,0,2,2,True,True,True,,,
175,mlp,0,2,2,True,True,True,,,
176,connectome,9,7,16,True,False,False,3.6762488816906873,78,99
176,linear,9,7,16,True,True,True,,,
176,mlp,9,7,16,True,True,True,,,
177,connectome,0,6,7,False,True,False,3.704542172546552,79,99
177,linear,0,6,7,False,True,False,,,
177,mlp,0,6,7,False,True,False,,,
178,connectome,0,9,12,False,True,False,3.731851337881517,80,99
178,linear,0,9,12,False,True,False,,,
178,mlp,0,9,12,False,True,False,,,
179,connectome,3,0,1,False,False,True,3.731851337881517,80,100
179,linear,3,0,1,False,True,False,,,
179,mlp,3,0,1,False,False,True,,,
180,connectome,5,6,11,True,True,True,3.731851337881517,80,101
180,linear,5,6,11,True,True,True,,,
180,mlp,5,6,11,True,True,True,,,
181,connectome,6,1,7,True,True,True,3.731851337881517,80,102
181,linear,6,1,7,True,True,True,,,
181,mlp,6,1,7,True,True,True,,,
182,connectome,1,3,2,False,False,True,3.731851337881517,80,103
182,linear,1,3,2,False,True,False,,,
182,mlp,1,3,2,False,True,False,,,
183,connectome,0,8,5,False,True,False,3.7622470209193035,81,103
183,linear,0,8,5,False,True,False,,,
183,mlp,0,8,5,False,True,False,,,
184,connectome,1,5,6,True,True,True,3.7622470209193035,81,104
184,linear,1,5,6,True,True,True,,,
184,mlp,1,5,6,True,True,True,,,
185,connectome,1,4,5,True,True,True,3.772171558068376,82,104
185,linear,1,4,5,True,True,True,,,
185,mlp,1,4,5,True,True,True,,,
186,connectome,6,7,11,False,False,True,3.772171558068376,82,105
186,linear,6,7,11,False,True,False,,,
186,mlp,6,7,11,False,True,False,,,
187,connectome,4,8,10,False,False,True,3.772171558068376,82,106
187,linear,4,8,10,False,True,False,,,
187,mlp,4,8,10,False,True,False,,,
188,connectome,5,8,12,False,False,True,3.801670529835343,83,106
188,linear,5,8,12,False,True,False,,,
188,mlp,5,8,12,False,True,False,,,
189,connectome,4,1,5,True,True,True,3.801670529835343,83,107
189,linear,4,1,5,True,True,True,,,
189,mlp,4,1,5,True,True,True,,,
190,connectome,7,4,14,False,False,True,3.801670529835343,83,108
190,linear,7,4,14,False,False,True,,,
190,mlp,7,4,14,False,True,False,,,
191,connectome,0,3,4,False,False,True,3.8173275345696562,84,108
191,linear,0,3,4,False,True,False,,,
191,mlp,0,3,4,False,True,False,,,
192,connectome,9,0,9,True,True,True,3.8173275345696562,84,109
192,linear,9,0,9,True,False,False,,,
192,mlp,9,0,9,True,True,True,,,
193,connectome,9,0,9,True,True,True,3.8173275345696562,84,110
193,linear,9,0,9,True,False,False,,,
193,mlp,9,0,9,True,True,True,,,
194,connectome,1,4,5,True,True,True,3.8173275345696562,84,111
194,linear,1,4,5,True,True,True,,,
194,mlp,1,4,5,True,True,True,,,
195,connectome,7,0,16,False,False,True,3.8173275345696562,84,112
195,linear,7,0,16,False,False,True,,,
195,mlp,7,0,16,False,True,False,,,
196,connectome,5,4,9,True,True,True,3.8173275345696562,84,113
196,linear,5,4,9,True,True,True,,,
196,mlp,5,4,9,True,True,True,,,
197,connectome,7,6,2,False,False,True,3.8173275345696562,84,114
197,linear,7,6,2,False,False,True,,,
197,mlp,7,6,2,False,False,True,,,
198,connectome,5,9,7,False,False,True,3.8173275345696562,84,115
198,linear,5,9,7,False,False,True,,,
198,mlp,5,9,7,False,False,True,,,
199,connectome,7,0,18,False,False,True,3.8173275345696562,84,116
199,linear,7,0,18,False,False,True,,,
199,mlp,7,0,18,False,False,True,,,
200,connectome,9,5,17,False,False,True,3.8173275345696562,84,117
200,linear,9,5,17,False,False,True,,,
200,mlp,9,5,17,False,False,True,,,
201,connectome,2,5,7,True,False,False,3.8239764213657343,85,117
201,linear,2,5,7,True,True,True,,,
201,mlp,2,5,7,True,False,False,,,
202,connectome,1,2,5,False,False,True,3.8239764213657343,85,118
202,linear,1,2,5,False,True,False,,,
202,mlp,1,2,5,False,False,True,,,
203,connectome,7,3,10,True,False,False,3.8268108681583253,86,118
203,linear,7,3,10,True,False,False,,,
203,mlp,7,3,10,True,False,False,,,
204,connectome,8,8,18,False,False,True,3.8268108681583253,86,119
204,linear,8,8,18,False,False,True,,,
204,mlp,8,8,18,False,False,True,,,
205,connectome,1,1,9,False,False,True,3.8268108681583253,86,120
205,linear,1,1,9,False,False,True,,,
205,mlp,1,1,9,False,False,True,,,
206,connectome,8,7,16,False,False,True,3.8268108681583253,86,121
206,linear,8,7,16,False,False,True,,,
206,mlp,8,7,16,False,False,True,,,
207,connectome,7,1,12,False,False,True,3.8268108681583253,86,122
207,linear,7,1,12,False,False,True,,,
207,mlp,7,1,12,False,False,True,,,
208,connectome,7,3,10,True,False,False,3.8291774103104887,87,122
208,linear,7,3,10,True,False,False,,,
208,mlp,7,3,10,True,False,False,,,
209,connectome,9,8,6,False,False,True,3.8291774103104887,87,123
209,linear,9,8,6,False,False,True,,,
209,mlp,9,8,6,False,False,True,,,
210,connectome,7,3,10,True,False,False,3.8311704552123107,88,123
210,linear,7,3,10,True,True,True,,,
210,mlp,7,3,10,True,False,False,,,
211,connectome,3,7,10,True,True,True,3.8311704552123107,88,124
211,linear,3,7,10,True,True,True,,,
211,mlp,3,7,10,True,False,False,,,
212,connectome,5,0,5,True,True,True,3.8311704552123107,88,125
212,linear,5,0,5,True,True,True,,,
212,mlp,5,0,5,True,False,False,,,
213,connectome,5,9,17,False,False,True,3.8311704552123107,88,126
213,linear,5,9,17,False,True,False,,,
213,mlp,5,9,17,False,False,True,,,
214,connectome,7,8,15,True,False,False,3.8331701753841387,89,126
214,linear,7,8,15,True,True,True,,,
214,mlp,7,8,15,True,False,False,,,
215,connectome,8,0,8,True,True,True,3.8331701753841387,89,127
215,linear,8,0,8,True,True,True,,,
215,mlp,8,0,8,True,False,False,,,
216,connectome,1,8,10,False,True,False,3.8437399886338013,90,127
216,linear,1,8,10,False,True,False,,,
216,mlp,1,8,10,False,False,True,,,
217,connectome,9,4,13,True,False,False,3.845239381425172,91,127
217,linear,9,4,13,True,True,True,,,
217,mlp,9,4,13,True,False,False,,,
218,connectome,9,5,14,True,False,False,3.846438387066268,92,127
218,linear,9,5,14,True,True,True,,,
218,mlp,9,5,14,True,False,False,,,
219,connectome,8,1,6,False,False,True,3.846438387066268,92,128
219,linear,8,1,6,False,False,True,,,
219,mlp,8,1,6,False,False,True,,,
220,connectome,0,7,6,False,True,False,3.860465036569091,93,128
220,linear,0,7,6,False,True,False,,,
220,mlp,0,7,6,False,False,True,,,
221,connectome,5,1,6,True,True,True,3.860465036569091,93,129
221,linear,5,1,6,True,True,True,,,
221,mlp,5,1,6,True,True,True,,,
222,connectome,1,0,1,True,True,True,3.860465036569091,93,130
222,linear,1,0,1,True,True,True,,,
222,mlp,1,0,1,True,False,False,,,
223,connectome,6,9,12,False,False,True,3.860465036569091,93,131
223,linear,6,9,12,False,True,False,,,
223,mlp,6,9,12,False,False,True,,,
224,connectome,1,6,12,False,False,True,3.860465036569091,93,132
224,linear,1,6,12,False,False,True,,,
224,mlp,1,6,12,False,False,True,,,
225,connectome,5,4,9,True,True,True,3.860465036569091,93,133
225,linear,5,4,9,True,True,True,,,
225,mlp,5,4,9,True,True,True,,,
226,connectome,9,8,17,True,False,False,3.861422143139966,94,133
226,linear,9,8,17,True,True,True,,,
226,mlp,9,8,17,True,True,True,,,
227,connectome,4,3,7,True,True,True,3.861422143139966,94,134
227,linear,4,3,7,True,True,True,,,
227,mlp,4,3,7,True,True,True,,,
228,connectome,7,9,10,False,False,True,3.861422143139966,94,135
228,linear,7,9,10,False,False,True,,,
228,mlp,7,9,10,False,False,True,,,
229,connectome,0,6,8,False,True,False,3.8721896715298088,95,135
229,linear,0,6,8,False,True,False,,,
229,mlp,0,6,8,False,False,True,,,
230,connectome,9,4,16,False,False,True,3.8721896715298088,95,136
230,linear,9,4,16,False,True,False,,,
230,mlp,9,4,16,False,True,False,,,
231,connectome,3,3,7,False,False,True,3.8721896715298088,95,137
231,linear,3,3,7,False,True,False,,,
231,mlp,3,3,7,False,True,False,,,
232,connectome,5,6,18,False,False,True,3.8721896715298088,95,138
232,linear,5,6,18,False,False,True,,,
232,mlp,5,6,18,False,False,True,,,
233,connectome,5,6,11,True,True,True,3.8721896715298088,95,139
233,linear,5,6,11,True,True,True,,,
233,mlp,5,6,11,True,True,True,,,
234,connectome,9,1,10,True,True,True,3.8721896715298088,95,140
234,linear,9,1,10,True,True,True,,,
234,mlp,9,1,10,True,True,True,,,
235,connectome,7,8,17,False,False,True,3.8721896715298088,95,141
235,linear,7,8,17,False,True,False,,,
235,mlp,7,8,17,False,False,True,,,
236,connectome,2,0,2,True,True,True,3.8721896715298088,95,142
236,linear,2,0,2,True,True,True,,,
236,mlp,2,0,2,True,True,True,,,
237,connectome,7,0,6,False,True,False,3.926063232789058,96,142
237,linear,7,0,6,False,True,False,,,
237,mlp,7,0,6,False,True,False,,,
238,connectome,0,2,4,False,False,True,3.926063232789058,96,143
238,linear,0,2,4,False,True,False,,,
238,mlp,0,2,4,False,False,True,,,
239,connectome,1,3,4,True,True,True,3.933032214675429,97,143
239,linear,1,3,4,True,True,True,,,
239,mlp,1,3,4,True,False,False,,,
240,connectome,0,6,5,False,True,False,3.9447991263461857,98,143
240,linear,0,6,5,False,True,False,,,
240,mlp,0,6,5,False,False,True,,,
241,connectome,9,6,12,False,False,True,3.9447991263461857,98,144
241,linear,9,6,12,False,True,False,,,
241,mlp,9,6,12,False,False,True,,,
242,connectome,4,4,14,False,False,True,3.9447991263461857,98,145
242,linear,4,4,14,False,False,True,,,
242,mlp,4,4,14,False,False,True,,,
243,connectome,5,8,13,True,False,False,3.948529330799596,99,145
243,linear,5,8,13,True,True,True,,,
243,mlp,5,8,13,True,False,False,,,
244,connectome,0,4,4,True,True,True,3.948529330799596,99,146
244,linear,0,4,4,True,True,True,,,
244,mlp,0,4,4,True,False,False,,,
245,connectome,9,6,12,False,False,True,3.948529330799596,99,147
245,linear,9,6,12,False,True,False,,,
245,mlp,9,6,12,False,False,True,,,
246,connectome,9,2,12,False,False,True,3.948529330799596,99,148
246,linear,9,2,12,False,True,False,,,
246,mlp,9,2,12,False,True,False,,,
247,connectome,2,5,7,True,True,True,3.948529330799596,99,149
247,linear,2,5,7,True,True,True,,,
247,mlp,2,5,7,True,False,False,,,
248,connectome,3,2,5,True,True,True,3.948529330799596,99,150
248,linear,3,2,5,True,True,True,,,
248,mlp,3,2,5,True,False,False,,,
249,connectome,7,3,10,True,False,False,3.949801764410759,100,150
249,linear,7,3,10,True,True,True,,,
249,mlp,7,3,10,True,False,False,,,
250,connectome,9,4,13,True,False,False,3.950744884701621,101,150
250,linear,9,4,13,True,True,True,,,
250,mlp,9,4,13,True,False,False,,,
251,connectome,8,0,8,True,False,False,3.9571862023875095,102,150
251,linear,8,0,8,True,True,True,,,
251,mlp,8,0,8,True,True,True,,,
252,connectome,2,4,0,False,False,True,3.9571862023875095,102,151
252,linear,2,4,0,False,False,True,,,
252,mlp,2,4,0,False,False,True,,,
253,connectome,9,5,14,True,False,False,3.9578699407581346,103,151
253,linear,9,5,14,True,True,True,,,
253,mlp,9,5,14,True,False,False,,,
254,connectome,4,1,4,False,False,True,3.993505075010711,104,151
254,linear,4,1,4,False,True,False,,,
254,mlp,4,1,4,False,False,True,,,
255,connectome,5,5,9,False,False,True,4.022698573707398,105,151
255,linear,5,5,9,False,True,False,,,
255,mlp,5,5,9,False,False,True,,,
256,connectome,6,0,18,False,False,True,4.022698573707398,105,152
256,linear,6,0,18,False,False,True,,,
256,mlp,6,0,18,False,False,True,,,
257,connectome,1,9,10,True,True,True,4.022698573707398,105,153
257,linear,1,9,10,True,False,False,,,
257,mlp,1,9,10,True,False,False,,,
258,connectome,7,9,17,False,False,True,4.022698573707398,105,154
258,linear,7,9,17,False,True,False,,,
258,mlp,7,9,17,False,False,True,,,
259,connectome,4,2,6,True,True,True,4.023563180108189,106,154
259,linear,4,2,6,True,True,True,,,
259,mlp,4,2,6,True,True,True,,,
260,connectome,1,4,16,False,False,True,4.023563180108189,106,155
260,linear,1,4,16,False,False,True,,,
260,mlp,1,4,16,False,False,True,,,
261,connectome,9,9,18,True,False,False,4.0243457760489045,107,155
261,linear,9,9,18,True,True,True,,,
261,mlp,9,9,18,True,True,True,,,
262,connectome,9,5,15,False,False,True,4.0243457760489045,107,156
262,linear,9,5,15,False,True,False,,,
262,mlp,9,5,15,False,True,False,,,
263,connectome,0,3,3,True,True,True,4.0380659988714465,108,156
263,linear,0,3,3,True,True,True,,,
263,mlp,0,3,3,True,False,False,,,
264,connectome,4,4,8,True,True,True,4.0380659988714465,108,157
264,linear,4,4,8,True,True,True,,,
264,mlp,4,4,8,True,True,True,,,
265,connectome,3,2,5,True,True,True,4.0380659988714465,108,158
265,linear,3,2,5,True,True,True,,,
265,mlp,3,2,5,True,True,True,,,
266,connectome,0,9,9,True,True,True,4.0380659988714465,108,159
266,linear,0,9,9,True,True,True,,,
266,mlp,0,9,9,True,False,False,,,
267,connectome,5,3,6,False,False,True,4.0380659988714465,108,160
267,linear,5,3,6,False,True,False,,,
267,mlp,5,3,6,False,False,True,,,
268,connectome,4,2,3,False,False,True,4.0380659988714465,108,161
268,linear,4,2,3,False,True,False,,,
268,mlp,4,2,3,False,False,True,,,
269,connectome,7,8,15,True,False,False,4.0391378565124265,109,161
269,linear,7,8,15,True,True,True,,,
269,mlp,7,8,15,True,True,True,,,
270,connectome,5,3,10,False,False,True,4.0391378565124265,109,162
270,linear,5,3,10,False,True,False,,,
270,mlp,5,3,10,False,True,False,,,
271,connectome,8,3,11,True,False,False,4.040634706343795,110,162
271,linear,8,3,11,True,True,True,,,
271,mlp,8,3,11,True,True,True,,,
272,connectome,5,4,11,False,False,True,4.040634706343795,110,163
272,linear,5,4,11,False,True,False,,,
272,mlp,5,4,11,False,True,False,,,
273,connectome,7,8,14,False,False,True,4.040634706343795,110,164
273,linear,7,8,14,False,True,False,,,
273,mlp,7,8,14,False,True,False,,,
274,connectome,4,9,12,False,True,False,4.0523399512344955,111,164
274,linear,4,9,12,False,True,False,,,
274,mlp,4,9,12,False,True,False,,,
275,connectome,6,7,13,True,False,False,4.05328593235536,112,164
275,linear,6,7,13,True,True,True,,,
275,mlp,6,7,13,True,True,True,,,
276,connectome,4,8,11,False,False,True,4.064569363755675,113,164
276,linear,4,8,11,False,True,False,,,
276,mlp,4,8,11,False,True,False,,,
277,connectome,4,8,11,False,False,True,4.064569363755675,113,165
277,linear,4,8,11,False,True,False,,,
277,mlp,4,8,11,False,False,True,,,
278,connectome,4,3,7,True,True,True,4.064569363755675,113,166
278,linear,4,3,7,True,True,True,,,
278,mlp,4,3,7,True,True,True,,,
279,connectome,3,4,8,False,False,True,4.064569363755675,113,167
279,linear,3,4,8,False,True,False,,,
279,mlp,3,4,8,False,False,True,,,
280,connectome,0,9,7,False,True,False,4.075624564495781,114,167
280,linear,0,9,7,False,False,True,,,
280,mlp,0,9,7,False,False,True,,,
281,connectome,5,4,9,True,True,True,4.076100733756217,115,167
281,linear,5,4,9,True,True,True,,,
281,mlp,5,4,9,True,False,False,,,
282,connectome,2,4,6,True,True,True,4.0798932407296835,116,167
282,linear,2,4,6,True,True,True,,,
282,mlp,2,4,6,True,False,False,,,
283,connectome,4,5,6,False,False,True,4.0798932407296835,116,168
283,linear,4,5,6,False,False,True,,,
283,mlp,4,5,6,False,False,True,,,
284,connectome,8,8,13,False,False,True,4.0798932407296835,116,169
284,linear,8,8,13,False,False,True,,,
284,mlp,8,8,13,False,False,True,,,
285,connectome,1,4,5,True,True,True,4.0798932407296835,116,170
285,linear,1,4,5,True,True,True,,,
285,mlp,1,4,5,True,False,False,,,
286,connectome,3,2,5,True,True,True,4.0798932407296835,116,171
286,linear,3,2,5,True,True,True,,,
286,mlp,3,2,5,True,False,False,,,
287,connectome,6,1,8,False,True,False,4.1131662830101,117,171
287,linear,6,1,8,False,True,False,,,
287,mlp,6,1,8,False,True,False,,,
288,connectome,9,0,9,True,False,False,4.119579310265963,118,171
288,linear,9,0,9,True,True,True,,,
288,mlp,9,0,9,True,True,True,,,
289,connectome,2,0,4,False,False,True,4.119579310265963,118,172
289,linear,2,0,4,False,True,False,,,
289,mlp,2,0,4,False,False,True,,,
290,connectome,3,3,4,False,False,True,4.119579310265963,118,173
290,linear,3,3,4,False,True,False,,,
290,mlp,3,3,4,False,False,True,,,
291,connectome,2,4,6,True,True,True,4.119579310265963,118,174
291,linear,2,4,6,True,True,True,,,
291,mlp,2,4,6,True,False,False,,,
292,connectome,2,9,3,False,False,True,4.119579310265963,118,175
292,linear,2,9,3,False,False,True,,,
292,mlp,2,9,3,False,False,True,,,
293,connectome,2,7,18,False,True,False,4.160314668673202,119,175
293,linear,2,7,18,False,False,True,,,
293,mlp,2,7,18,False,False,True,,,
294,connectome,3,5,8,True,True,True,4.1629796907556385,120,175
294,linear,3,5,8,True,True,True,,,
294,mlp,3,5,8,True,False,False,,,
295,connectome,9,9,0,False,False,True,4.1629796907556385,120,176
295,linear,9,9,0,False,False,True,,,
295,mlp,9,9,0,False,False,True,,,
296,connectome,5,9,14,True,True,True,4.1653338359777905,121,176
296,linear,5,9,14,True,False,False,,,
296,mlp,5,9,14,True,False,False,,,
297,connectome,0,6,11,False,True,False,4.187908645528427,122,176
297,linear,0,6,11,False,False,True,,,
297,mlp,0,6,11,False,False,True,,,
298,connectome,3,7,10,True,True,True,4.187908645528427,122,177
298,linear,3,7,10,True,True,True,,,
298,mlp,3,7,10,True,False,False,,,
299,connectome,7,7,11,False,False,True,4.187908645528427,122,178
299,linear,7,7,11,False,False,True,,,
299,mlp,7,7,11,False,False,True,,,
300,connectome,0,3,3,True,True,True,4.187908645528427,122,179
300,linear,0,3,3,True,True,True,,,
300,mlp,0,3,3,True,False,False,,,
301,connectome,1,3,4,True,True,True,4.187908645528427,122,180
301,linear,1,3,4,True,True,True,,,
301,mlp,1,3,4,True,False,False,,,
302,connectome,2,0,14,False,False,True,4.187908645528427,122,181
302,linear,2,0,14,False,False,True,,,
302,mlp,2,0,14,False,False,True,,,
303,connectome,2,7,9,True,True,True,4.187908645528427,122,182
303,linear,2,7,9,True,True,True,,,
303,mlp,2,7,9,True,False,False,,,
304,connectome,6,5,6,False,False,True,4.187908645528427,122,183
304,linear,6,5,6,False,False,True,,,
304,mlp,6,5,6,False,False,True,,,
305,connectome,6,1,7,True,False,False,4.190470995600769,123,183
305,linear,6,1,7,True,True,True,,,
305,mlp,6,1,7,True,True,True,,,
306,connectome,1,4,7,False,False,True,4.190470995600769,123,184
306,linear,1,4,7,False,True,False,,,
306,mlp,1,4,7,False,False,True,,,
307,connectome,7,6,13,True,False,False,4.190820334731089,124,184
307,linear,7,6,13,True,True,True,,,
307,mlp,7,6,13,True,True,True,,,
308,connectome,8,1,9,True,False,False,4.193284462973342,125,184
308,linear,8,1,9,True,True,True,,,
308,mlp,8,1,9,True,True,True,,,
309,connectome,4,4,8,True,True,True,4.193284462973342,125,185
309,linear,4,4,8,True,True,True,,,
309,mlp,4,4,8,True,True,True,,,
310,connectome,2,7,10,False,True,False,4.195892268455726,126,185
310,linear,2,7,10,False,True,False,,,
310,mlp,2,7,10,False,True,False,,,
311,connectome,9,4,13,True,False,False,4.1961583256459685,127,185
311,linear,9,4,13,True,True,True,,,
311,mlp,9,4,13,True,True,True,,,
312,connectome,0,9,9,True,True,True,4.1961583256459685,127,186
312,linear,0,9,9,True,True,True,,,
312,mlp,0,9,9,True,True,True,,,
313,connectome,4,8,14,False,True,False,4.206394375395326,128,186
313,linear,4,8,14,False,True,False,,,
313,mlp,4,8,14,False,True,False,,,
314,connectome,0,5,5,True,True,True,4.206394375395326,128,187
314,linear,0,5,5,True,True,True,,,
314,mlp,0,5,5,True,True,True,,,
315,connectome,9,3,2,False,False,True,4.206394375395326,128,188
315,linear,9,3,2,False,False,True,,,
315,mlp,9,3,2,False,False,True,,,
316,connectome,9,7,18,False,False,True,4.206394375395326,128,189
316,linear,9,7,18,False,True,False,,,
316,mlp,9,7,18,False,True,False,,,
317,connectome,8,6,14,True,False,False,4.206790759285688,129,189
317,linear,8,6,14,True,True,True,,,
317,mlp,8,6,14,True,True,True,,,
318,connectome,3,5,1,False,False,True,4.206790759285688,129,190
318,linear,3,5,1,False,False,True,,,
318,mlp,3,5,1,False,False,True,,,
319,connectome,4,3,7,True,False,False,4.20743794260628,130,190
319,linear,4,3,7,True,True,True,,,
319,mlp,4,3,7,True,True,True,,,
320,connectome,2,1,0,False,False,True,4.20743794260628,130,191
320,linear,2,1,0,False,False,True,,,
320,mlp,2,1,0,False,False,True,,,
321,connectome,6,6,12,True,False,False,4.207712900156531,131,191
321,linear,6,6,12,True,True,True,,,
321,mlp,6,6,12,True,True,True,,,
322,connectome,8,7,15,True,False,False,4.207902668546705,132,191
322,linear,8,7,15,True,True,True,,,
322,mlp,8,7,15,True,True,True,,,
323,connectome,5,9,14,True,True,True,4.210078170828694,133,191
323,linear,5,9,14,True,True,True,,,
323,mlp,5,9,14,True,True,True,,,
324,connectome,1,1,2,True,True,True,4.210078170828694,133,192
324,linear,1,1,2,True,True,True,,,
324,mlp,1,1,2,True,True,True,,,
325,connectome,8,5,13,True,False,False,4.210444674939029,134,192
325,linear,8,5,13,True,True,True,,,
325,mlp,8,5,13,True,True,True,,,
326,connectome,3,6,12,False,False,True,4.210444674939029,134,193
326,linear,3,6,12,False,True,False,,,
326,mlp,3,6,12,False,True,False,,,
327,connectome,8,2,10,True,False,False,4.2115753385300625,135,193
327,linear,8,2,10,True,True,True,,,
327,mlp,8,2,10,True,True,True,,,
328,connectome,2,3,18,False,False,True,4.2115753385300625,135,194
328,linear,2,3,18,False,False,True,,,
328,mlp,2,3,18,False,False,True,,,
329,connectome,3,7,11,False,True,False,4.215955269264066,136,194
329,linear,3,7,11,False,True,False,,,
329,mlp,3,7,11,False,True,False,,,
330,connectome,8,8,18,False,False,True,4.215955269264066,136,195
330,linear,8,8,18,False,True,False,,,
330,mlp,8,8,18,False,True,False,,,
331,connectome,2,4,6,True,True,True,4.215955269264066,136,196
331,linear,2,4,6,True,True,True,,,
331,mlp,2,4,6,True,True,True,,,
332,connectome,3,0,4,False,False,True,4.24450984926017,137,196
332,linear,3,0,4,False,True,False,,,
332,mlp,3,0,4,False,True,False,,,
333,connectome,5,4,12,False,False,True,4.24450984926017,137,197
333,linear,5,4,12,False,True,False,,,
333,mlp,5,4,12,False,True,False,,,
334,connectome,1,6,5,False,True,False,4.252779237317729,138,197
334,linear,1,6,5,False,True,False,,,
334,mlp,1,6,5,False,False,True,,,
335,connectome,4,1,5,True,False,False,4.253926748018778,139,197
335,linear,4,1,5,True,True,True,,,
335,mlp,4,1,5,True,True,True,,,
336,connectome,8,6,16,False,False,True,4.253926748018778,139,198
336,linear,8,6,16,False,True,False,,,
336,mlp,8,6,16,False,True,False,,,
337,connectome,7,4,18,False,False,True,4.253926748018778,139,199
337,linear,7,4,18,False,False,True,,,
337,mlp,7,4,18,False,False,True,,,
338,connectome,5,1,6,True,False,False,4.255135607629883,140,199
338,linear,5,1,6,True,True,True,,,
338,mlp,5,1,6,True,True,True,,,
339,connectome,3,3,6,True,True,True,4.255135607629883,140,200
339,linear,3,3,6,True,True,True,,,
339,mlp,3,3,6,True,False,False,,,
340,connectome,8,2,7,False,False,True,4.255135607629883,140,201
340,linear,8,2,7,False,True,False,,,
340,mlp,8,2,7,False,False,True,,,
341,connectome,0,8,6,False,True,False,4.2625079665466235,141,201
341,linear,0,8,6,False,True,False,,,
341,mlp,0,8,6,False,False,True,,,
342,connectome,3,8,11,True,True,True,4.2625079665466235,141,202
342,linear,3,8,11,True,True,True,,,
342,mlp,3,8,11,True,False,False,,,
343,connectome,7,1,8,True,False,False,4.263998458977985,142,202
343,linear,7,1,8,True,True,True,,,
343,mlp,7,1,8,True,True,True,,,
344,connectome,7,2,11,False,False,True,4.263998458977985,142,203
344,linear,7,2,11,False,True,False,,,
344,mlp,7,2,11,False,False,True,,,
345,connectome,5,4,9,True,False,False,4.264165658598139,143,203
345,linear,5,4,9,True,True,True,,,
345,mlp,5,4,9,True,False,False,,,
346,connectome,5,9,14,True,True,True,4.264165658598139,143,204
346,linear,5,9,14,True,True,True,,,
346,mlp,5,9,14,True,False,False,,,
347,connectome,4,9,13,True,True,True,4.264165658598139,143,205
347,linear,4,9,13,True,True,True,,,
347,mlp,4,9,13,True,False,False,,,
348,connectome,0,0,0,True,True,True,4.264165658598139,143,206
348,linear,0,0,0,True,True,True,,,
348,mlp,0,0,0,True,False,False,,,
349,connectome,5,9,14,True,True,True,4.264165658598139,143,207
349,linear,5,9,14,True,True,True,,,
349,mlp,5,9,14,True,False,False,,,
350,connectome,7,1,8,True,False,False,4.265423470189289,144,207
350,linear,7,1,8,True,True,True,,,
350,mlp,7,1,8,True,True,True,,,
351,connectome,2,8,7,False,False,True,4.265423470189289,144,208
351,linear,2,8,7,False,True,False,,,
351,mlp,2,8,7,False,False,True,,,
352,connectome,7,3,10,True,False,False,4.265560154289413,145,208
352,linear,7,3,10,True,True,True,,,
352,mlp,7,3,10,True,True,True,,,
353,connectome,4,0,4,True,False,False,4.268981071232541,146,208
353,linear,4,0,4,True,True,True,,,
353,mlp,4,0,4,True,True,True,,,
354,connectome,4,5,6,False,False,True,4.268981071232541,146,209
354,linear,4,5,6,False,True,False,,,
354,mlp,4,5,6,False,False,True,,,
355,connectome,9,4,13,True,False,False,4.269052591982606,147,209
355,linear,9,4,13,True,True,True,,,
355,mlp,9,4,13,True,True,True,,,
356,connectome,4,5,9,True,True,True,4.269689603463188,148,209
356,linear,4,5,9,True,True,True,,,
356,mlp,4,5,9,True,True,True,,,
357,connectome,4,9,13,True,True,True,4.269689603463188,148,210
357,linear,4,9,13,True,True,True,,,
357,mlp,4,9,13,True,True,True,,,
358,connectome,8,3,10,False,False,True,4.269689603463188,148,211
358,linear,8,3,10,False,True,False,,,
358,mlp,8,3,10,False,True,False,,,
359,connectome,4,3,7,True,False,False,4.270392096163831,149,211
359,linear,4,3,7,True,True,True,,,
359,mlp,4,3,7,True,True,True,,,
360,connectome,0,1,1,True,True,True,4.270392096163831,149,212
360,linear,0,1,1,True,True,True,,,
360,mlp,0,1,1,True,False,False,,,
361,connectome,1,2,0,False,False,True,4.270392096163831,149,213
361,linear,1,2,0,False,False,True,,,
361,mlp,1,2,0,False,False,True,,,
362,connectome,0,8,11,False,True,False,4.274809535557869,150,213
362,linear,0,8,11,False,True,False,,,
362,mlp,0,8,11,False,True,False,,,
363,connectome,8,4,16,False,False,True,4.274809535557869,150,214
363,linear,8,4,16,False,True,False,,,
363,mlp,8,4,16,False,True,False,,,
364,connectome,1,3,4,True,True,True,4.274809535557869,150,215
364,linear,1,3,4,True,True,True,,,
364,mlp,1,3,4,True,True,True,,,
365,connectome,9,9,18,True,False,False,4.274936365687985,151,215
365,linear,9,9,18,True,True,True,,,
365,mlp,9,9,18,True,True,True,,,
366,connectome,4,7,11,True,True,True,4.274936365687985,151,216
366,linear,4,7,11,True,True,True,,,
366,mlp,4,7,11,True,True,True,,,
367,connectome,3,8,11,True,True,True,4.274936365687985,151,217
367,linear,3,8,11,True,True,True,,,
367,mlp,3,8,11,True,True,True,,,
368,connectome,6,0,18,False,False,True,4.274936365687985,151,218
368,linear,6,0,18,False,False,True,,,
368,mlp,6,0,18,False,False,True,,,
369,connectome,2,2,3,False,True,False,4.29862562745964,152,218
369,linear,2,2,3,False,True,False,,,
369,mlp,2,2,3,False,False,True,,,
370,connectome,4,4,8,True,True,True,4.298804906139805,153,218
370,linear,4,4,8,True,True,True,,,
370,mlp,4,4,8,True,True,True,,,
371,connectome,1,9,10,True,True,True,4.298804906139805,153,219
371,linear,1,9,10,True,True,True,,,
371,mlp,1,9,10,True,True,True,,,
372,connectome,3,8,11,True,True,True,4.298804906139805,153,220
372,linear,3,8,11,True,True,True,,,
372,mlp,3,8,11,True,True,True,,,
373,connectome,9,2,14,False,False,True,4.298804906139805,153,221
373,linear,9,2,14,False,True,False,,,
373,mlp,9,2,14,False,True,False,,,
374,connectome,1,8,9,True,True,True,4.298804906139805,153,222
374,linear,1,8,9,True,True,True,,,
374,mlp,1,8,9,True,True,True,,,
375,connectome,3,5,8,True,True,True,4.298804906139805,153,223
375,linear,3,5,8,True,True,True,,,
375,mlp,3,5,8,True,True,True,,,
376,connectome,0,4,4,True,True,True,4.298804906139805,153,224
376,linear,0,4,4,True,True,True,,,
376,mlp,0,4,4,True,True,True,,,
377,connectome,2,9,11,True,True,True,4.298804906139805,153,225
377,linear,2,9,11,True,True,True,,,
377,mlp,2,9,11,True,True,True,,,
378,connectome,1,0,15,False,False,True,4.298804906139805,153,226
378,linear,1,0,15,False,False,True,,,
378,mlp,1,0,15,False,False,True,,,
379,connectome,4,4,5,False,False,True,4.298804906139805,153,227
379,linear,4,4,5,False,True,False,,,
379,mlp,4,4,5,False,False,True,,,
380,connectome,2,4,6,True,True,True,4.298804906139805,153,228
380,linear,2,4,6,True,True,True,,,
380,mlp,2,4,6,True,True,True,,,
381,connectome,8,4,10,False,False,True,4.298804906139805,153,229
381,linear,8,4,10,False,True,False,,,
381,mlp,8,4,10,False,True,False,,,
382,connectome,2,5,7,True,True,True,4.298804906139805,153,230
382,linear,2,5,7,True,True,True,,,
382,mlp,2,5,7,True,True,True,,,
383,connectome,4,5,9,True,True,True,4.299407269790355,154,230
383,linear,4,5,9,True,True,True,,,
383,mlp,4,5,9,True,True,True,,,
384,connectome,0,1,1,True,True,True,4.299407269790355,154,231
384,linear,0,1,1,True,True,True,,,
384,mlp,0,1,1,True,True,True,,,
385,connectome,5,2,7,True,False,False,4.299589091430521,155,231
385,linear,5,2,7,True,True,True,,,
385,mlp,5,2,7,True,True,True,,,
386,connectome,3,8,11,True,True,True,4.299589091430521,155,232
386,linear,3,8,11,True,True,True,,,
386,mlp,3,8,11,True,True,True,,,
387,connectome,0,8,8,True,True,True,4.299589091430521,155,233
387,linear,0,8,8,True,True,True,,,
387,mlp,0,8,8,True,True,True,,,
388,connectome,2,3,4,False,False,True,4.299589091430521,155,234
388,linear,2,3,4,False,True,False,,,
388,mlp,2,3,4,False,True,False,,,
389,connectome,1,9,11,False,True,False,4.30067080304151,156,234
389,linear,1,9,11,False,True,False,,,
389,mlp,1,9,11,False,True,False,,,
390,connectome,1,4,8,False,False,True,4.30067080304151,156,235
390,linear,1,4,8,False,True,False,,,
390,mlp,1,4,8,False,True,False,,,
391,connectome,3,0,3,True,True,True,4.30511240055557,157,235
391,linear,3,0,3,True,True,True,,,
391,mlp,3,0,3,True,True,True,,,
392,connectome,9,7,16,True,False,False,4.3052821431357255,158,235
392,linear,9,7,16,True,True,True,,,
392,mlp,9,7,16,True,True,True,,,
393,connectome,1,9,10,True,True,True,4.3052821431357255,158,236
393,linear,1,9,10,True,True,True,,,
393,mlp,1,9,10,True,True,True,,,
394,connectome,0,9,9,True,True,True,4.3052821431357255,158,237
394,linear,0,9,9,True,True,True,,,
394,mlp,0,9,9,True,True,True,,,
395,connectome,1,4,5,True,True,True,4.3052821431357255,158,238
395,linear,1,4,5,True,True,True,,,
395,mlp,1,4,5,True,True,True,,,
396,connectome,7,2,11,False,False,True,4.3052821431357255,158,239
396,linear,7,2,11,False,True,False,,,
396,mlp,7,2,11,False,True,False,,,
397,connectome,0,2,5,False,False,True,4.3052821431357255,158,240
397,linear,0,2,5,False,True,False,,,
397,mlp,0,2,5,False,False,True,,,
398,connectome,8,7,12,False,False,True,4.3052821431357255,158,241
398,linear,8,7,12,False,True,False,,,
398,mlp,8,7,12,False,False,True,,,
399,connectome,3,2,5,True,True,True,4.306004025906385,159,241
399,linear,3,2,5,True,True,True,,,
399,mlp,3,2,5,True,True,True,,,
400,connectome,6,5,12,False,False,True,4.306004025906385,159,242
400,linear,6,5,12,False,True,False,,,
400,mlp,6,5,12,False,True,False,,,
401,connectome,1,1,7,False,False,True,4.306004025906385,159,243
401,linear,1,1,7,False,False,True,,,
401,mlp,1,1,7,False,False,True,,,
402,connectome,6,0,6,True,True,True,4.30884228713898,160,243
402,linear,6,0,6,True,True,True,,,
402,mlp,6,0,6,True,True,True,,,
403,connectome,0,5,5,True,True,True,4.30884228713898,160,244
403,linear,0,5,5,True,True,True,,,
403,mlp,0,5,5,True,True,True,,,
404,connectome,6,3,10,False,False,True,4.30884228713898,160,245
404,linear,6,3,10,False,True,False,,,
404,mlp,6,3,10,False,True,False,,,
405,connectome,2,1,4,False,False,True,4.30884228713898,160,246
405,linear,2,1,4,False,True,False,,,
405,mlp,2,1,4,False,True,False,,,
406,connectome,5,1,6,True,False,False,4.309240896119345,161,246
406,linear,5,1,6,True,True,True,,,
406,mlp,5,1,6,True,True,True,,,
407,connectome,2,6,6,False,False,True,4.309240896119345,161,247
407,linear,2,6,6,False,True,False,,,
407,mlp,2,6,6,False,False,True,,,
408,connectome,0,6,9,False,True,False,4.31720989702663,162,247
408,linear,0,6,9,False,True,False,,,
408,mlp,0,6,9,False,False,True,,,
409,connectome,2,9,11,True,True,True,4.31720989702663,162,248
409,linear,2,9,11,True,True,True,,,
409,mlp,2,9,11,True,True,True,,,
410,connectome,9,8,17,True,False,False,4.317275060376689,163,248
410,linear,9,8,17,True,False,False,,,
410,mlp,9,8,17,True,True,True,,,
411,connectome,3,1,4,True,True,True,4.3180471666073945,164,248
411,linear,3,1,4,True,True,True,,,
411,mlp,3,1,4,True,True,True,,,
412,connectome,4,2,8,False,False,True,4.3180471666073945,164,249
412,linear,4,2,8,False,True,False,,,
412,mlp,4,2,8,False,False,True,,,
413,connectome,8,7,15,True,False,False,4.318091350537435,165,249
413,linear,8,7,15,True,False,False,,,
413,mlp,8,7,15,True,True,True,,,
414,connectome,2,7,8,False,True,False,4.319974094549156,166,249
414,linear,2,7,8,False,True,False,,,
414,mlp,2,7,8,False,True,False,,,
415,connectome,1,1,2,True,True,True,4.319974094549156,166,250
415,linear,1,1,2,True,True,True,,,
415,mlp,1,1,2,True,True,True,,,
416,connectome,4,7,12,False,False,True,4.319974094549156,166,251
416,linear,4,7,12,False,True,False,,,
416,mlp,4,7,12,False,True,False,,,
417,connectome,2,4,4,False,False,True,4.319974094549156,166,252
417,linear,2,4,4,False,True,False,,,
417,mlp,2,4,4,False,False,True,,,
418,connectome,5,9,14,True,True,True,4.321898161660916,167,252
418,linear,5,9,14,True,True,True,,,
418,mlp,5,9,14,True,True,True,,,
419,connectome,7,4,1,False,False,True,4.321898161660916,167,253
419,linear,7,4,1,False,False,True,,,
419,mlp,7,4,1,False,False,True,,,
420,connectome,4,3,7,True,False,False,4.322368609261345,168,253
420,linear,4,3,7,True,True,True,,,
420,mlp,4,3,7,True,True,True,,,
421,connectome,7,9,16,True,False,False,4.3228663936818,169,253
421,linear,7,9,16,True,False,False,,,
421,mlp,7,9,16,True,True,True,,,
422,connectome,4,0,3,False,False,True,4.353518279939821,170,253
422,linear,4,0,3,False,True,False,,,
422,mlp,4,0,3,False,False,True,,,
423,connectome,9,7,16,True,False,False,4.353642884979935,171,253
423,linear,9,7,16,True,False,False,,,
423,mlp,9,7,16,True,True,True,,,
424,connectome,9,0,9,True,False,False,4.356715098532744,172,253
424,linear,9,0,9,True,True,True,,,
424,mlp,9,0,9,True,True,True,,,
425,connectome,0,2,5,False,False,True,4.356715098532744,172,254
425,linear,0,2,5,False,True,False,,,
425,mlp,0,2,5,False,False,True,,,
426,connectome,0,2,2,True,True,True,4.356715098532744,172,255
426,linear,0,2,2,True,True,True,,,
426,mlp,0,2,2,True,True,True,,,
427,connectome,4,0,4,True,False,False,4.359442105265237,173,255
427,linear,4,0,4,True,True,True,,,
427,mlp,4,0,4,True,True,True,,,
428,connectome,8,3,14,False,False,True,4.359442105265237,173,256
428,linear,8,3,14,False,False,True,,,
428,mlp,8,3,14,False,True,False,,,
429,connectome,7,2,11,False,False,True,4.359442105265237,173,257
429,linear,7,2,11,False,True,False,,,
429,mlp,7,2,11,False,True,False,,,
430,connectome,8,4,16,False,False,True,4.359442105265237,173,258
430,linear,8,4,16,False,False,True,,,
430,mlp,8,4,16,False,True,False,,,
431,connectome,0,8,1,False,False,True,4.359442105265237,173,259
431,linear,0,8,1,False,False,True,,,
431,mlp,0,8,1,False,False,True,,,
432,connectome,8,7,18,False,False,True,4.359442105265237,173,260
432,linear,8,7,18,False,False,True,,,
432,mlp,8,7,18,False,True,False,,,
433,connectome,7,0,4,False,False,True,4.359442105265237,173,261
433,linear,7,0,4,False,False,True,,,
433,mlp,7,0,4,False,False,True,,,
434,connectome,9,8,17,True,False,False,4.359475481615267,174,261
434,linear,9,8,17,True,False,False,,,
434,mlp,9,8,17,True,True,True,,,
435,connectome,9,2,11,True,False,False,4.359640774015419,175,261
435,linear,9,2,11,True,False,False,,,
435,mlp,9,2,11,True,True,True,,,
436,connectome,0,3,5,False,False,True,4.359640774015419,175,262
436,linear,0,3,5,False,True,False,,,
436,mlp,0,3,5,False,False,True,,,
437,connectome,1,9,10,True,True,True,4.359640774015419,175,263
437,linear,1,9,10,True,True,True,,,
437,mlp,1,9,10,True,True,True,,,
438,connectome,1,2,2,False,False,True,4.375528552369942,176,263
438,linear,1,2,2,False,True,False,,,
438,mlp,1,2,2,False,False,True,,,
439,connectome,1,4,5,True,True,True,4.375528552369942,176,264
439,linear,1,4,5,True,True,True,,,
439,mlp,1,4,5,True,True,True,,,
440,connectome,2,8,10,True,True,True,4.375528552369942,176,265
440,linear,2,8,10,True,True,True,,,
440,mlp,2,8,10,True,True,True,,,
441,connectome,1,6,7,True,True,True,4.375528552369942,176,266
441,linear,1,6,7,True,True,True,,,
441,mlp,1,6,7,True,True,True,,,
442,connectome,9,9,15,False,False,True,4.375528552369942,176,267
442,linear,9,9,15,False,False,True,,,
442,mlp,9,9,15,False,False,True,,,
443,connectome,4,2,6,True,False,False,4.37584324367023,177,267
443,linear,4,2,6,True,True,True,,,
443,mlp,4,2,6,True,True,True,,,
444,connectome,4,3,6,False,False,True,4.395470126838172,178,267
444,linear,4,3,6,False,True,False,,,
444,mlp,4,3,6,False,False,True,,,
445,connectome,9,1,10,True,False,False,4.395998426778655,179,267
445,linear,9,1,10,True,False,False,,,
445,mlp,9,1,10,True,True,True,,,
446,connectome,0,4,10,False,False,True,4.395998426778655,179,268
446,linear,0,4,10,False,False,True,,,
446,mlp,0,4,10,False,False,True,,,
447,connectome,1,8,7,False,True,False,4.399467659961826,180,268
447,linear,1,8,7,False,True,False,,,
447,mlp,1,8,7,False,False,True,,,
448,connectome,9,4,16,False,False,True,4.399467659961826,180,269
448,linear,9,4,16,False,False,True,,,
448,mlp,9,4,16,False,False,True,,,
449,connectome,8,0,7,False,False,True,4.426179547566245,181,269
449,linear,8,0,7,False,True,False,,,
449,mlp,8,0,7,False,False,True,,,
450,connectome,0,1,1,True,True,True,4.426179547566245,181,270
450,linear,0,1,1,True,True,True,,,
450,mlp,0,1,1,True,False,False,,,
451,connectome,4,6,12,False,False,True,4.426179547566245,181,271
451,linear,4,6,12,False,True,False,,,
451,mlp,4,6,12,False,False,True,,,
452,connectome,0,5,2,False,False,True,4.426179547566245,181,272
452,linear,0,5,2,False,True,False,,,
452,mlp,0,5,2,False,False,True,,,
453,connectome,0,2,2,True,True,True,4.426179547566245,181,273
453,linear,0,2,2,True,True,True,,,
453,mlp,0,2,2,True,False,False,,,
454,connectome,9,3,14,False,False,True,4.426179547566245,181,274
454,linear,9,3,14,False,False,True,,,
454,mlp,9,3,14,False,False,True,,,
455,connectome,1,6,7,True,True,True,4.426179547566245,181,275
455,linear,1,6,7,True,True,True,,,
455,mlp,1,6,7,True,False,False,,,
456,connectome,8,4,12,True,False,False,4.426252975536313,182,275
456,linear,8,4,12,True,False,False,,,
456,mlp,8,4,12,True,False,False,,,
457,connectome,1,3,5,False,False,True,4.426252975536313,182,276
457,linear,1,3,5,False,True,False,,,
457,mlp,1,3,5,False,False,True,,,
458,connectome,8,0,8,True,False,False,4.428110289948011,183,276
458,linear,8,0,8,True,True,True,,,
458,mlp,8,0,8,True,False,False,,,
459,connectome,4,8,12,True,True,True,4.428110289948011,183,277
459,linear,4,8,12,True,True,True,,,
459,mlp,4,8,12,True,False,False,,,
460,connectome,5,0,5,True,False,False,4.429752724239512,184,277
460,linear,5,0,5,True,True,True,,,
460,mlp,5,0,5,True,True,True,,,
461,connectome,3,4,7,True,True,True,4.429752724239512,184,278
461,linear,3,4,7,True,True,True,,,
461,mlp,3,4,7,True,True,True,,,
462,connectome,1,2,3,True,True,True,4.429752724239512,184,279
462,linear,1,2,3,True,True,True,,,
462,mlp,1,2,3,True,True,True,,,
463,connectome,8,8,14,False,False,True,4.429752724239512,184,280
463,linear,8,8,14,False,False,True,,,
463,mlp,8,8,14,False,False,True,,,
464,connectome,9,3,1,False,False,True,4.429752724239512,184,281
464,linear,9,3,1,False,False,True,,,
464,mlp,9,3,1,False,False,True,,,
465,connectome,8,6,14,True,False,False,4.429864932349615,185,281
465,linear,8,6,14,True,True,True,,,
465,mlp,8,6,14,True,True,True,,,
466,connectome,8,5,13,True,False,False,4.429983815729723,186,281
466,linear,8,5,13,True,True,True,,,
466,mlp,8,5,13,True,True,True,,,
467,connectome,8,6,14,True,False,False,4.430060104529793,187,281
467,linear,8,6,14,True,True,True,,,
467,mlp,8,6,14,True,True,True,,,
468,connectome,4,9,13,True,True,True,4.430060104529793,187,282
468,linear,4,9,13,True,True,True,,,
468,mlp,4,9,13,True,True,True,,,
469,connectome,0,5,5,True,True,True,4.430060104529793,187,283
469,linear,0,5,5,True,True,True,,,
469,mlp,0,5,5,True,True,True,,,
470,connectome,6,2,8,True,False,False,4.430091255789821,188,283
470,linear,6,2,8,True,True,True,,,
470,mlp,6,2,8,True,True,True,,,
471,connectome,6,5,13,False,False,True,4.430091255789821,188,284
471,linear,6,5,13,False,True,False,,,
471,mlp,6,5,13,False,True,False,,,
472,connectome,7,5,12,True,False,False,4.430158326359883,189,284
472,linear,7,5,12,True,True,True,,,
472,mlp,7,5,12,True,True,True,,,
473,connectome,0,1,1,True,True,True,4.430158326359883,189,285
473,linear,0,1,1,True,True,True,,,
473,mlp,0,1,1,True,True,True,,,
474,connectome,4,1,4,False,False,True,4.430158326359883,189,286
474,linear,4,1,4,False,True,False,,,
474,mlp,4,1,4,False,True,False,,,
475,connectome,1,9,7,False,True,False,4.435984883465209,190,286
475,linear,1,9,7,False,True,False,,,
475,mlp,1,9,7,False,False,True,,,
476,connectome,4,9,16,False,False,True,4.435984883465209,190,287
476,linear,4,9,16,False,True,False,,,
476,mlp,4,9,16,False,True,False,,,
477,connectome,5,9,14,True,True,True,4.435984883465209,190,288
477,linear,5,9,14,True,True,True,,,
477,mlp,5,9,14,True,True,True,,,
478,connectome,8,0,7,False,False,True,4.435984883465209,190,289
478,linear,8,0,7,False,True,False,,,
478,mlp,8,0,7,False,True,False,,,
479,connectome,0,4,4,True,True,True,4.435984883465209,190,290
479,linear,0,4,4,True,True,True,,,
479,mlp,0,4,4,True,True,True,,,
480,connectome,4,6,15,False,False,True,4.435984883465209,190,291
480,linear,4,6,15,False,True,False,,,
480,mlp,4,6,15,False,True,False,,,
481,connectome,3,9,12,True,True,True,4.435984883465209,190,292
481,linear,3,9,12,True,True,True,,,
481,mlp,3,9,12,True,True,True,,,
482,connectome,5,6,11,True,False,False,4.436152400955362,191,292
482,linear,5,6,11,True,True,True,,,
482,mlp,5,6,11,True,True,True,,,
483,connectome,0,7,7,True,True,True,4.436152400955362,191,293
483,linear,0,7,7,True,True,True,,,
483,mlp,0,7,7,True,True,True,,,
484,connectome,6,0,6,True,False,False,4.437296415086408,192,293
484,linear,6,0,6,True,True,True,,,
484,mlp,6,0,6,True,True,True,,,
485,connectome,5,2,7,True,False,False,4.43732089107643,193,293
485,linear,5,2,7,True,True,True,,,
485,mlp,5,2,7,True,True,True,,,
486,connectome,1,6,7,True,True,True,4.43732089107643,193,294
486,linear,1,6,7,True,True,True,,,
486,mlp,1,6,7,True,True,True,,,
487,connectome,1,6,7,True,True,True,4.43732089107643,193,295
487,linear,1,6,7,True,True,True,,,
487,mlp,1,6,7,True,True,True,,,
488,connectome,0,0,1,False,False,True,4.43732089107643,193,296
488,linear,0,0,1,False,True,False,,,
488,mlp,0,0,1,False,False,True,,,
489,connectome,6,0,9,False,False,True,4.43732089107643,193,297
489,linear,6,0,9,False,False,True,,,
489,mlp,6,0,9,False,True,False,,,
490,connectome,8,9,18,False,False,True,4.43732089107643,193,298
490,linear,8,9,18,False,False,True,,,
490,mlp,8,9,18,False,True,False,,,
491,connectome,9,2,11,True,False,False,4.437351088726458,194,298
491,linear,9,2,11,True,False,False,,,
491,mlp,9,2,11,True,True,True,,,
492,connectome,8,2,10,True,False,False,4.437358717606465,195,298
492,linear,8,2,10,True,True,True,,,
492,mlp,8,2,10,True,True,True,,,
493,connectome,9,5,15,False,False,True,4.437358717606465,195,299
493,linear,9,5,15,False,False,True,,,
493,mlp,9,5,15,False,True,False,,,
494,connectome,0,5,5,True,True,True,4.437358717606465,195,300
494,linear,0,5,5,True,True,True,,,
494,mlp,0,5,5,True,True,True,,,
495,connectome,2,8,10,True,True,True,4.437358717606465,195,301
495,linear,2,8,10,True,True,True,,,
495,mlp,2,8,10,True,True,True,,,
496,connectome,1,0,13,False,False,True,4.437358717606465,195,302
496,linear,1,0,13,False,False,True,,,
496,mlp,1,0,13,False,False,True,,,
497,connectome,3,4,7,True,True,True,4.437358717606465,195,303
497,linear,3,4,7,True,True,True,,,
497,mlp,3,4,7,True,True,True,,,
498,connectome,6,3,7,False,False,True,4.437358717606465,195,304
498,linear,6,3,7,False,True,False,,,
498,mlp,6,3,7,False,False,True,,,
499,connectome,0,4,2,False,False,True,4.437358717606465,195,305
499,linear,0,4,2,False,True,False,,,
499,mlp,0,4,2,False,False,True,,,
500,connectome,5,5,11,False,False,True,4.437358717606465,195,306
500,linear,5,5,11,False,True,False,,,
500,mlp,5,5,11,False,True,False,,,
501,connectome,8,4,7,False,False,True,4.437358717606465,195,307
501,linear,8,4,7,False,False,True,,,
501,mlp,8,4,7,False,False,True,,,
502,connectome,5,0,5,True,False,False,4.43853483660754,196,307
502,linear,5,0,5,True,True,True,,,
502,mlp,5,0,5,True,True,True,,,
503,connectome,9,8,18,False,False,True,4.43853483660754,196,308
503,linear,9,8,18,False,False,True,,,
503,mlp,9,8,18,False,True,False,,,
504,connectome,1,0,1,True,True,True,4.43853483660754,196,309
504,linear,1,0,1,True,True,True,,,
504,mlp,1,0,1,True,False,False,,,
505,connectome,6,2,7,False,False,True,4.43853483660754,196,310
505,linear,6,2,7,False,True,False,,,
505,mlp,6,2,7,False,False,True,,,
506,connectome,7,4,9,False,False,True,4.43853483660754,196,311
506,linear,7,4,9,False,True,False,,,
506,mlp,7,4,9,False,False,True,,,
507,connectome,3,1,4,True,False,False,4.439160722638112,197,311
507,linear,3,1,4,True,True,True,,,
507,mlp,3,1,4,True,True,True,,,
508,connectome,1,4,8,False,False,True,4.439160722638112,197,312
508,linear,1,4,8,False,True,False,,,
508,mlp,1,4,8,False,False,True,,,
509,connectome,3,3,6,True,True,True,4.439160722638112,197,313
509,linear,3,3,6,True,True,True,,,
509,mlp,3,3,6,True,False,False,,,
510,connectome,4,2,6,True,False,False,4.439374013408307,198,313
510,linear,4,2,6,True,True,True,,,
510,mlp,4,2,6,True,False,False,,,
511,connectome,7,6,10,False,False,True,4.439374013408307,198,314
511,linear,7,6,10,False,True,False,,,
511,mlp,7,6,10,False,False,True,,,
512,connectome,7,5,12,True,False,False,4.4394277334383565,199,314
512,linear,7,5,12,True,True,True,,,
512,mlp,7,5,12,True,False,False,,,
513,connectome,0,7,10,False,True,False,4.443098814071712,200,314
513,linear,0,7,10,False,True,False,,,
513,mlp,0,7,10,False,False,True,,,
514,connectome,5,0,5,True,False,False,4.444088025512617,201,314
514,linear,5,0,5,True,True,True,,,
514,mlp,5,0,5,True,False,False,,,
515,connectome,4,0,4,True,False,False,4.4452851239337114,202,314
515,linear,4,0,4,True,True,True,,,
515,mlp,4,0,4,True,True,True,,,
516,connectome,6,9,15,True,False,False,4.446242548374586,203,314
516,linear,6,9,15,True,True,True,,,
516,mlp,6,9,15,True,False,False,,,
517,connectome,0,3,1,False,False,True,4.446242548374586,203,315
517,linear,0,3,1,False,True,False,,,
517,mlp,0,3,1,False,False,True,,,
518,connectome,4,1,14,False,False,True,4.446242548374586,203,316
518,linear,4,1,14,False,False,True,,,
518,mlp,4,1,14,False,False,True,,,
519,connectome,4,9,13,True,True,True,4.446242548374586,203,317
519,linear,4,9,13,True,True,True,,,
519,mlp,4,9,13,True,False,False,,,
520,connectome,9,6,4,False,False,True,4.446242548374586,203,318
520,linear,9,6,4,False,False,True,,,
520,mlp,9,6,4,False,False,True,,,
521,connectome,0,5,5,True,True,True,4.446242548374586,203,319
521,linear,0,5,5,True,True,True,,,
521,mlp,0,5,5,True,True,True,,,
522,connectome,8,1,9,True,False,False,4.446303261544641,204,319
522,linear,8,1,9,True,True,True,,,
522,mlp,8,1,9,True,True,True,,,
523,connectome,6,7,16,False,False,True,4.446303261544641,204,320
523,linear,6,7,16,False,True,False,,,
523,mlp,6,7,16,False,False,True,,,
524,connectome,5,2,7,True,False,False,4.4463143869946515,205,320
524,linear,5,2,7,True,True,True,,,
524,mlp,5,2,7,True,True,True,,,
525,connectome,8,0,8,True,False,False,4.447225084545485,206,320
525,linear,8,0,8,True,True,True,,,
525,mlp,8,0,8,True,True,True,,,
526,connectome,3,9,10,False,True,False,4.448821109816944,207,320
526,linear,3,9,10,False,True,False,,,
526,mlp,3,9,10,False,False,True,,,
527,connectome,5,5,10,True,False,False,4.448876737066994,208,320
527,linear,5,5,10,True,True,True,,,
527,mlp,5,5,10,True,True,True,,,
528,connectome,0,5,6,False,True,False,4.450131369958141,209,320
528,linear,0,5,6,False,True,False,,,
528,mlp,0,5,6,False,True,False,,,
529,connectome,5,6,11,True,False,False,4.450238174278239,210,320
529,linear,5,6,11,True,True,True,,,
529,mlp,5,6,11,True,True,True,,,
530,connectome,2,6,10,False,False,True,4.450238174278239,210,321
530,linear,2,6,10,False,True,False,,,
530,mlp,2,6,10,False,True,False,,,
531,connectome,5,6,8,False,False,True,4.450238174278239,210,322
531,linear,5,6,8,False,False,True,,,
531,mlp,5,6,8,False,False,True,,,
532,connectome,2,4,4,False,False,True,4.450238174278239,210,323
532,linear,2,4,4,False,True,False,,,
532,mlp,2,4,4,False,False,True,,,
533,connectome,1,4,5,True,True,True,4.450238174278239,210,324
533,linear,1,4,5,True,True,True,,,
533,mlp,1,4,5,True,True,True,,,
534,connectome,9,7,16,True,False,False,4.450280450988277,211,324
534,linear,9,7,16,True,False,False,,,
534,mlp,9,7,16,True,True,True,,,
535,connectome,8,1,11,False,False,True,4.450280450988277,211,325
535,linear,8,1,11,False,True,False,,,
535,mlp,8,1,11,False,True,False,,,
536,connectome,4,1,7,False,False,True,4.450280450988277,211,326
536,linear,4,1,7,False,True,False,,,
536,mlp,4,1,7,False,False,True,,,
537,connectome,7,7,14,True,False,False,4.450296344488292,212,326
537,linear,7,7,14,True,False,False,,,
537,mlp,7,7,14,True,True,True,,,
538,connectome,6,6,12,True,False,False,4.450310330768305,213,326
538,linear,6,6,12,True,False,False,,,
538,mlp,6,6,12,True,True,True,,,
539,connectome,9,3,14,False,False,True,4.450310330768305,213,327
539,linear,9,3,14,False,False,True,,,
539,mlp,9,3,14,False,True,False,,,
540,connectome,3,7,10,True,True,True,4.450310330768305,213,328
540,linear,3,7,10,True,True,True,,,
540,mlp,3,7,10,True,True,True,,,
541,connectome,6,6,12,True,False,False,4.450322409828316,214,328
541,linear,6,6,12,True,True,True,,,
541,mlp,6,6,12,True,True,True,,,
542,connectome,0,8,6,False,True,False,4.453941677651625,215,328
542,linear,0,8,6,False,True,False,,,
542,mlp,0,8,6,False,False,True,,,
543,connectome,2,5,7,True,True,True,4.453941677651625,215,329
543,linear,2,5,7,True,True,True,,,
543,mlp,2,5,7,True,True,True,,,
544,connectome,7,2,6,False,False,True,4.453941677651625,215,330
544,linear,7,2,6,False,False,True,,,
544,mlp,7,2,6,False,False,True,,,
545,connectome,8,9,14,False,False,True,4.453941677651625,215,331
545,linear,8,9,14,False,False,True,,,
545,mlp,8,9,14,False,False,True,,,
546,connectome,6,9,15,True,False,False,4.454708697962325,216,331
546,linear,6,9,15,True,False,False,,,
546,mlp,6,9,15,True,True,True,,,
547,connectome,5,8,13,True,True,True,4.455290400062857,217,331
547,linear,5,8,13,True,False,False,,,
547,mlp,5,8,13,True,True,True,,,
548,connectome,7,3,7,False,False,True,4.455290400062857,217,332
548,linear,7,3,7,False,False,True,,,
548,mlp,7,3,7,False,False,True,,,
549,connectome,5,1,6,True,False,False,4.455296439592863,218,332
549,linear,5,1,6,True,True,True,,,
549,mlp,5,1,6,True,True,True,,,
550,connectome,1,3,4,True,True,True,4.455296439592863,218,333
550,linear,1,3,4,True,True,True,,,
550,mlp,1,3,4,True,True,True,,,
551,connectome,4,1,5,True,False,False,4.455311061612877,219,333
551,linear,4,1,5,True,True,True,,,
551,mlp,4,1,5,True,True,True,,,
552,connectome,2,7,13,False,False,True,4.455311061612877,219,334
552,linear,2,7,13,False,False,True,,,
552,mlp,2,7,13,False,False,True,,,
553,connectome,0,1,13,False,False,True,4.455311061612877,219,335
553,linear,0,1,13,False,False,True,,,
553,mlp,0,1,13,False,False,True,,,
554,connectome,0,5,6,False,True,False,4.456249731723735,220,335
554,linear,0,5,6,False,True,False,,,
554,mlp,0,5,6,False,True,False,,,
555,connectome,5,5,7,False,False,True,4.456249731723735,220,336
555,linear,5,5,7,False,False,True,,,
555,mlp,5,5,7,False,False,True,,,
556,connectome,3,9,16,False,False,True,4.46366214226051,221,336
556,linear,3,9,16,False,False,True,,,
556,mlp,3,9,16,False,True,False,,,
557,connectome,7,0,9,False,False,True,4.46366214226051,221,337
557,linear,7,0,9,False,True,False,,,
557,mlp,7,0,9,False,True,False,,,
558,connectome,9,9,18,True,False,False,4.463667863920516,222,337
558,linear,9,9,18,True,False,False,,,
558,mlp,9,9,18,True,True,True,,,
559,connectome,3,3,5,False,False,True,4.463667863920516,222,338
559,linear,3,3,5,False,True,False,,,
559,mlp,3,3,5,False,False,True,,,
560,connectome,2,4,6,True,True,True,4.463667863920516,222,339
560,linear,2,4,6,True,True,True,,,
560,mlp,2,4,6,True,True,True,,,
561,connectome,9,8,17,True,False,False,4.46367263197052,223,339
561,linear,9,8,17,True,False,False,,,
561,mlp,9,8,17,True,True,True,,,
562,connectome,3,6,14,False,False,True,4.46367263197052,223,340
562,linear,3,6,14,False,False,True,,,
562,mlp,3,6,14,False,False,True,,,
563,connectome,3,1,15,False,False,True,4.46367263197052,223,341
563,linear,3,1,15,False,False,True,,,
563,mlp,3,1,15,False,False,True,,,
564,connectome,1,9,10,True,True,True,4.46367263197052,223,342
564,linear,1,9,10,True,True,True,,,
564,mlp,1,9,10,True,True,True,,,
565,connectome,2,3,6,False,False,True,4.46367263197052,223,343
565,linear,2,3,6,False,True,False,,,
565,mlp,2,3,6,False,False,True,,,
566,connectome,0,5,5,True,True,True,4.46367263197052,223,344
566,linear,0,5,5,True,True,True,,,
566,mlp,0,5,5,True,True,True,,,
567,connectome,3,3,6,True,True,True,4.46367263197052,223,345
567,linear,3,3,6,True,True,True,,,
567,mlp,3,3,6,True,True,True,,,
568,connectome,7,2,8,False,False,True,4.46367263197052,223,346
568,linear,7,2,8,False,True,False,,,
568,mlp,7,2,8,False,False,True,,,
569,connectome,7,1,11,False,False,True,4.46367263197052,223,347
569,linear,7,1,11,False,False,True,,,
569,mlp,7,1,11,False,False,True,,,
570,connectome,5,6,11,True,False,False,4.46372666987057,224,347
570,linear,5,6,11,True,False,False,,,
570,mlp,5,6,11,True,True,True,,,
571,connectome,1,1,5,False,False,True,4.46372666987057,224,348
571,linear,1,1,5,False,False,True,,,
571,mlp,1,1,5,False,False,True,,,
572,connectome,3,5,10,False,False,True,4.46372666987057,224,349
572,linear,3,5,10,False,False,True,,,
572,mlp,3,5,10,False,False,True,,,
573,connectome,5,9,14,True,True,True,4.46372666987057,224,350
573,linear,5,9,14,True,False,False,,,
573,mlp,5,9,14,True,True,True,,,
574,connectome,0,2,2,True,True,True,4.46372666987057,224,351
574,linear,0,2,2,True,True,True,,,
574,mlp,0,2,2,True,True,True,,,
575,connectome,0,2,2,True,True,True,4.46372666987057,224,352
575,linear,0,2,2,True,True,True,,,
575,mlp,0,2,2,True,True,True,,,
576,connectome,3,3,5,False,False,True,4.46372666987057,224,353
576,linear,3,3,5,False,True,False,,,
576,mlp,3,3,5,False,False,True,,,
577,connectome,3,7,10,True,True,True,4.46372666987057,224,354
577,linear,3,7,10,True,True,True,,,
577,mlp,3,7,10,True,True,True,,,
578,connectome,3,7,10,True,True,True,4.46372666987057,224,355
578,linear,3,7,10,True,True,True,,,
578,mlp,3,7,10,True,True,True,,,
579,connectome,7,6,14,False,False,True,4.46372666987057,224,356
579,linear,7,6,14,False,False,True,,,
579,mlp,7,6,14,False,True,False,,,
580,connectome,8,6,11,False,False,True,4.46372666987057,224,357
580,linear,8,6,11,False,False,True,,,
580,mlp,8,6,11,False,False,True,,,
581,connectome,3,5,8,True,True,True,4.46372666987057,224,358
581,linear,3,5,8,True,True,True,,,
581,mlp,3,5,8,True,True,True,,,
582,connectome,6,8,16,False,False,True,4.46372666987057,224,359
582,linear,6,8,16,False,False,True,,,
582,mlp,6,8,16,False,True,False,,,
583,connectome,5,5,10,True,False,False,4.4637495565105905,225,359
583,linear,5,5,10,True,True,True,,,
583,mlp,5,5,10,True,True,True,,,
584,connectome,6,4,8,False,False,True,4.4637495565105905,225,360
584,linear,6,4,8,False,True,False,,,
584,mlp,6,4,8,False,False,True,,,
585,connectome,4,1,5,True,False,False,4.463761317700602,226,360
585,linear,4,1,5,True,True,True,,,
585,mlp,4,1,5,True,True,True,,,
586,connectome,9,6,14,False,False,True,4.463761317700602,226,361
586,linear,9,6,14,False,False,True,,,
586,mlp,9,6,14,False,False,True,,,
587,connectome,8,8,16,True,False,False,4.4637644964006045,227,361
587,linear,8,8,16,True,False,False,,,
587,mlp,8,8,16,True,True,True,,,
588,connectome,6,2,15,False,False,True,4.4637644964006045,227,362
588,linear,6,2,15,False,False,True,,,
588,mlp,6,2,15,False,False,True,,,
589,connectome,5,3,10,False,False,True,4.4637644964006045,227,363
589,linear,5,3,10,False,True,False,,,
589,mlp,5,3,10,False,False,True,,,
590,connectome,0,2,5,False,False,True,4.4637644964006045,227,364
590,linear,0,2,5,False,False,True,,,
590,mlp,0,2,5,False,False,True,,,
591,connectome,0,8,15,False,True,False,4.479416733084913,228,364
591,linear,0,8,15,False,False,True,,,
591,mlp,0,8,15,False,False,True,,,
592,connectome,3,2,11,False,False,True,4.479416733084913,228,365
592,linear,3,2,11,False,False,True,,,
592,mlp,3,2,11,False,False,True,,,
593,connectome,4,7,11,True,True,True,4.479416733084913,228,366
593,linear,4,7,11,True,True,True,,,
593,mlp,4,7,11,True,True,True,,,
594,connectome,9,2,11,True,False,False,4.479419276044915,229,366
594,linear,9,2,11,True,True,True,,,
594,mlp,9,2,11,True,False,False,,,
595,connectome,6,9,15,True,False,False,4.479955840605406,230,366
595,linear,6,9,15,True,False,False,,,
595,mlp,6,9,15,True,True,True,,,
596,connectome,5,8,13,True,True,True,4.480350635145767,231,366
596,linear,5,8,13,True,True,True,,,
596,mlp,5,8,13,True,True,True,,,
597,connectome,2,8,10,True,True,True,4.480350635145767,231,367
597,linear,2,8,10,True,True,True,,,
597,mlp,2,8,10,True,True,True,,,
598,connectome,8,6,14,True,False,False,4.480388779545802,232,367
598,linear,8,6,14,True,False,False,,,
598,mlp,8,6,14,True,True,True,,,
599,connectome,8,3,11,True,False,False,4.4804151627558255,233,367
599,linear,8,3,11,True,True,True,,,
599,mlp,8,3,11,True,True,True,,,
600,connectome,4,7,12,False,False,True,4.484055409999153,234,367
600,linear,4,7,12,False,True,False,,,
600,mlp,4,7,12,False,True,False,,,
601,connectome,0,7,7,True,True,True,4.484055409999153,234,368
601,linear,0,7,7,True,True,True,,,
601,mlp,0,7,7,True,True,True,,,
602,connectome,1,2,3,True,True,True,4.484055409999153,234,369
602,linear,1,2,3,True,True,True,,,
602,mlp,1,2,3,True,True,True,,,
603,connectome,9,1,11,False,False,True,4.484055409999153,234,370
603,linear,9,1,11,False,True,False,,,
603,mlp,9,1,11,False,True,False,,,
604,connectome,8,0,8,True,False,False,4.484820523089853,235,370
604,linear,8,0,8,True,True,True,,,
604,mlp,8,0,8,True,True,True,,,
605,connectome,7,8,15,True,False,False,4.484837052329868,236,370
605,linear,7,8,15,True,True,True,,,
605,mlp,7,8,15,True,True,True,,,
606,connectome,3,8,11,True,True,True,4.484837052329868,236,371
606,linear,3,8,11,True,True,True,,,
606,mlp,3,8,11,True,True,True,,,
607,connectome,7,7,14,True,False,False,4.484837052329868,237,371
607,linear,7,7,14,True,True,True,,,
607,mlp,7,7,14,True,True,True,,,
608,connectome,2,0,13,False,False,True,4.484837052329868,237,372
608,linear,2,0,13,False,False,True,,,
608,mlp,2,0,13,False,False,True,,,
609,connectome,1,1,3,False,False,True,4.484837052329868,237,373
609,linear,1,1,3,False,True,False,,,
609,mlp,1,1,3,False,True,False,,,
610,connectome,3,1,4,True,False,False,4.485361219960347,238,373
610,linear,3,1,4,True,True,True,,,
610,mlp,3,1,4,True,True,True,,,
611,connectome,9,0,11,False,False,True,4.485361219960347,238,374
611,linear,9,0,11,False,False,True,,,
611,mlp,9,0,11,False,True,False,,,
612,connectome,0,0,0,True,True,True,4.485361219960347,238,375
612,linear,0,0,0,True,True,True,,,
612,mlp,0,0,0,True,True,True,,,
613,connectome,7,9,15,False,False,True,4.485361219960347,238,376
613,linear,7,9,15,False,False,True,,,
613,mlp,7,9,15,False,True,False,,,
614,connectome,0,2,2,True,True,True,4.485361219960347,238,377
614,linear,0,2,2,True,True,True,,,
614,mlp,0,2,2,True,True,True,,,
615,connectome,2,5,12,False,False,True,4.485361219960347,238,378
615,linear,2,5,12,False,False,True,,,
615,mlp,2,5,12,False,False,True,,,
616,connectome,9,0,12,False,False,True,4.485361219960347,238,379
616,linear,9,0,12,False,False,True,,,
616,mlp,9,0,12,False,False,True,,,
617,connectome,3,0,2,False,False,True,4.485361219960347,238,380
617,linear,3,0,2,False,True,False,,,
617,mlp,3,0,2,False,False,True,,,
618,connectome,5,2,7,True,False,False,4.485365670140351,239,380
618,linear,5,2,7,True,True,True,,,
618,mlp,5,2,7,True,True,True,,,
619,connectome,3,7,10,True,True,True,4.485365670140351,239,381
619,linear,3,7,10,True,True,True,,,
619,mlp,3,7,10,True,True,True,,,
620,connectome,4,6,8,False,False,True,4.485365670140351,239,382
620,linear,4,6,8,False,True,False,,,
620,mlp,4,6,8,False,False,True,,,
621,connectome,5,6,13,False,False,True,4.485365670140351,239,383
621,linear,5,6,13,False,False,True,,,
621,mlp,5,6,13,False,True,False,,,
622,connectome,5,4,9,True,False,False,4.485367259490353,240,383
622,linear,5,4,9,True,True,True,,,
622,mlp,5,4,9,True,True,True,,,
623,connectome,3,5,8,True,True,True,4.485367259490353,240,384
623,linear,3,5,8,True,True,True,,,
623,mlp,3,5,8,True,True,True,,,
624,connectome,1,7,8,True,True,True,4.485367259490353,240,385
624,linear,1,7,8,True,True,True,,,
624,mlp,1,7,8,True,True,True,,,
625,connectome,0,2,2,True,True,True,4.485367259490353,240,386
625,linear,0,2,2,True,True,True,,,
625,mlp,0,2,2,True,True,True,,,
626,connectome,5,7,10,False,False,True,4.485367259490353,240,387
626,linear,5,7,10,False,True,False,,,
626,mlp,5,7,10,False,False,True,,,
627,connectome,7,2,9,True,False,False,4.485367259490353,241,387
627,linear,7,2,9,True,True,True,,,
627,mlp,7,2,9,True,False,False,,,
628,connectome,7,4,10,False,False,True,4.485367259490353,241,388
628,linear,7,4,10,False,False,True,,,
628,mlp,7,4,10,False,False,True,,,
629,connectome,1,0,1,True,True,True,4.485367259490353,241,389
629,linear,1,0,1,True,True,True,,,
629,mlp,1,0,1,True,False,False,,,
630,connectome,4,4,10,False,False,True,4.485367259490353,241,390
630,linear,4,4,10,False,True,False,,,
630,mlp,4,4,10,False,False,True,,,
631,connectome,3,9,12,True,True,True,4.485367259490353,241,391
631,linear,3,9,12,True,True,True,,,
631,mlp,3,9,12,True,True,True,,,
632,connectome,9,1,10,True,False,False,4.485431787100412,242,391
632,linear,9,1,10,True,True,True,,,
632,mlp,9,1,10,True,False,False,,,
633,connectome,7,2,7,False,False,True,4.485431787100412,242,392
633,linear,7,2,7,False,True,False,,,
633,mlp,7,2,7,False,False,True,,,
634,connectome,6,6,9,False,False,True,4.485431787100412,242,393
634,linear,6,6,9,False,False,True,,,
634,mlp,6,6,9,False,False,True,,,
635,connectome,2,7,6,False,False,True,4.485431787100412,242,394
635,linear,2,7,6,False,True,False,,,
635,mlp,2,7,6,False,False,True,,,
636,connectome,9,5,14,True,False,False,4.4854349658004145,243,394
636,linear,9,5,14,True,False,False,,,
636,mlp,9,5,14,True,False,False,,,
637,connectome,0,0,0,True,True,True,4.4854349658004145,243,395
637,linear,0,0,0,True,True,True,,,
637,mlp,0,0,0,True,True,True,,,
638,connectome,8,3,11,True,False,False,4.4854565809604345,244,395
638,linear,8,3,11,True,True,True,,,
638,mlp,8,3,11,True,False,False,,,
639,connectome,3,6,6,False,False,True,4.4854565809604345,244,396
639,linear,3,6,6,False,True,False,,,
639,mlp,3,6,6,False,False,True,,,
640,connectome,8,4,12,True,False,False,4.485475017420451,245,396
640,linear,8,4,12,True,True,True,,,
640,mlp,8,4,12,True,True,True,,,
641,connectome,6,6,10,False,False,True,4.485475017420451,245,397
641,linear,6,6,10,False,True,False,,,
641,mlp,6,6,10,False,False,True,,,
642,connectome,0,2,2,True,True,True,4.485475017420451,245,398
642,linear,0,2,2,True,True,True,,,
642,mlp,0,2,2,True,True,True,,,
643,connectome,0,5,8,False,False,True,4.485475017420451,245,399
643,linear,0,5,8,False,True,False,,,
643,mlp,0,5,8,False,False,True,,,
644,connectome,2,9,11,True,True,True,4.485475017420451,245,400
644,linear,2,9,11,True,True,True,,,
644,mlp,2,9,11,True,True,True,,,
645,connectome,4,7,12,False,False,True,4.488259240752996,246,400
645,linear,4,7,12,False,True,False,,,
645,mlp,4,7,12,False,True,False,,,
646,connectome,0,9,9,True,True,True,4.488259240752996,246,401
646,linear,0,9,9,True,True,True,,,
646,mlp,0,9,9,True,True,True,,,
647,connectome,8,1,8,False,False,True,4.488259240752996,246,402
647,linear,8,1,8,False,True,False,,,
647,mlp,8,1,8,False,False,True,,,
648,connectome,6,8,16,False,False,True,4.488259240752996,246,403
648,linear,6,8,16,False,False,True,,,
648,mlp,6,8,16,False,True,False,,,
649,connectome,8,0,11,False,False,True,4.488259240752996,246,404
649,linear,8,0,11,False,False,True,,,
649,mlp,8,0,11,False,False,True,,,
650,connectome,0,6,7,False,True,False,4.489033572073704,247,404
650,linear,0,6,7,False,True,False,,,
650,mlp,0,6,7,False,True,False,,,
651,connectome,5,5,10,True,False,False,4.489047240483717,248,404
651,linear,5,5,10,True,True,True,,,
651,mlp,5,5,10,True,True,True,,,
652,connectome,2,3,7,False,False,True,4.489047240483717,248,405
652,linear,2,3,7,False,True,False,,,
652,mlp,2,3,7,False,False,True,,,
653,connectome,4,4,2,False,False,True,4.489047240483717,248,406
653,linear,4,4,2,False,False,True,,,
653,mlp,4,4,2,False,False,True,,,
654,connectome,1,0,2,False,False,True,4.489047240483717,248,407
654,linear,1,0,2,False,True,False,,,
654,mlp,1,0,2,False,False,True,,,
655,connectome,1,1,14,False,False,True,4.489047240483717,248,408
655,linear,1,1,14,False,False,True,,,
655,mlp,1,1,14,False,False,True,,,
656,connectome,4,7,14,False,False,True,4.489047240483717,248,409
656,linear,4,7,14,False,False,True,,,
656,mlp,4,7,14,False,False,True,,,
657,connectome,4,8,8,False,False,True,4.489047240483717,248,410
657,linear,4,8,8,False,False,True,,,
657,mlp,4,8,8,False,False,True,,,
658,connectome,2,8,9,False,True,False,4.48931329767396,249,410
658,linear,2,8,9,False,True,False,,,
658,mlp,2,8,9,False,False,True,,,
659,connectome,1,1,2,True,True,True,4.48931329767396,249,411
659,linear,1,1,2,True,True,True,,,
659,mlp,1,1,2,True,False,False,,,
660,connectome,6,5,10,False,False,True,4.48931329767396,249,412
660,linear,6,5,10,False,False,True,,,
660,mlp,6,5,10,False,False,True,,,
661,connectome,6,1,7,True,False,False,4.489318065723964,250,412
661,linear,6,1,7,True,True,True,,,
661,mlp,6,1,7,True,False,False,,,
662,connectome,5,2,7,True,False,False,4.489318065723964,251,412
662,linear,5,2,7,True,True,True,,,
662,mlp,5,2,7,True,False,False,,,
663,connectome,7,1,8,True,False,False,4.4893310983939765,252,412
663,linear,7,1,8,True,False,False,,,
663,mlp,7,1,8,True,False,False,,,
664,connectome,8,4,12,True,False,False,4.489345084673989,253,412
664,linear,8,4,12,True,False,False,,,
664,mlp,8,4,12,True,False,False,,,
665,connectome,4,7,11,True,True,True,4.489345084673989,253,413
665,linear,4,7,11,True,True,True,,,
665,mlp,4,7,11,True,False,False,,,
666,connectome,6,1,4,False,False,True,4.489345084673989,253,414
666,linear,6,1,4,False,False,True,,,
666,mlp,6,1,4,False,False,True,,,
667,connectome,0,8,7,False,True,False,4.4905437724450845,254,414
667,linear,0,8,7,False,True,False,,,
667,mlp,0,8,7,False,False,True,,,
668,connectome,6,6,12,True,False,False,4.4905437724450845,255,414
668,linear,6,6,12,True,False,False,,,
668,mlp,6,6,12,True,False,False,,,
669,connectome,6,0,3,False,False,True,4.4905437724450845,255,415
669,linear,6,0,3,False,False,True,,,
669,mlp,6,0,3,False,False,True,,,
670,connectome,5,7,12,True,False,False,4.490780903465302,256,415
670,linear,5,7,12,True,False,False,,,
670,mlp,5,7,12,True,True,True,,,
671,connectome,7,6,16,False,False,True,4.490780903465302,256,416
671,linear,7,6,16,False,False,True,,,
671,mlp,7,6,16,False,False,True,,,
672,connectome,4,2,6,True,False,False,4.490929030885437,257,416
672,linear,4,2,6,True,True,True,,,
672,mlp,4,2,6,True,True,True,,,
673,connectome,8,3,11,True,False,False,4.490941109945448,258,416
673,linear,8,3,11,True,False,False,,,
673,mlp,8,3,11,True,True,True,,,
674,connectome,6,5,9,False,False,True,4.490941109945448,258,417
674,linear,6,5,9,False,False,True,,,
674,mlp,6,5,9,False,False,True,,,
675,connectome,5,1,6,True,False,False,4.490941745685449,259,417
675,linear,5,1,6,True,True,True,,,
675,mlp,5,1,6,True,True,True,,,
676,connectome,7,3,10,True,False,False,4.490941745685449,260,417
676,linear,7,3,10,True,False,False,,,
676,mlp,7,3,10,True,True,True,,,
677,connectome,7,8,15,True,False,False,4.490949692435456,261,417
677,linear,7,8,15,True,False,False,,,
677,mlp,7,8,15,True,True,True,,,
678,connectome,5,0,5,True,False,False,4.491486892735947,262,417
678,linear,5,0,5,True,True,True,,,
678,mlp,5,0,5,True,True,True,,,
679,connectome,5,2,7,True,False,False,4.491487528475948,263,417
679,linear,5,2,7,True,True,True,,,
679,mlp,5,2,7,True,True,True,,,
680,connectome,0,2,2,True,True,True,4.491487528475948,263,418
680,linear,0,2,2,True,True,True,,,
680,mlp,0,2,2,True,True,True,,,
681,connectome,2,5,7,True,True,True,4.491487528475948,263,419
681,linear,2,5,7,True,True,True,,,
681,mlp,2,5,7,True,True,True,,,
682,connectome,3,0,3,True,True,True,4.493773331648037,264,419
682,linear,3,0,3,True,True,True,,,
682,mlp,3,0,3,True,True,True,,,
683,connectome,6,4,10,True,False,False,4.493801939948063,265,419
683,linear,6,4,10,True,True,True,,,
683,mlp,6,4,10,True,True,True,,,
684,connectome,8,3,9,False,False,True,4.493801939948063,265,420
684,linear,8,3,9,False,True,False,,,
684,mlp,8,3,9,False,False,True,,,
685,connectome,8,8,16,True,False,False,4.493803211428064,266,420
685,linear,8,8,16,True,False,False,,,
685,mlp,8,8,16,True,True,True,,,
686,connectome,5,6,11,True,False,False,4.49382101214808,267,420
686,linear,5,6,11,True,True,True,,,
686,mlp,5,6,11,True,True,True,,,
687,connectome,1,9,8,False,True,False,4.4945641922087605,268,420
687,linear,1,9,8,False,True,False,,,
687,mlp,1,9,8,False,False,True,,,
688,connectome,6,5,13,False,False,True,4.4945641922087605,268,421
688,linear,6,5,13,False,True,False,,,
688,mlp,6,5,13,False,True,False,,,
689,connectome,4,0,11,False,False,True,4.4945641922087605,268,422
689,linear,4,0,11,False,False,True,,,
689,mlp,4,0,11,False,False,True,,,
690,connectome,2,6,8,True,True,True,4.4945641922087605,268,423
690,linear,2,6,8,True,True,True,,,
690,mlp,2,6,8,True,True,True,,,
691,connectome,1,5,3,False,False,True,4.4945641922087605,268,424
691,linear,1,5,3,False,True,False,,,
691,mlp,1,5,3,False,False,True,,,
692,connectome,1,3,4,True,True,True,4.4945641922087605,268,425
692,linear,1,3,4,True,True,True,,,
692,mlp,1,3,4,True,True,True,,,
693,connectome,9,5,14,True,False,False,4.49456451007876,269,425
693,linear,9,5,14,True,False,False,,,
693,mlp,9,5,14,True,True,True,,,
694,connectome,3,3,6,True,True,True,4.494886512389055,270,425
694,linear,3,3,6,True,True,True,,,
694,mlp,3,3,6,True,True,True,,,
695,connectome,8,4,12,True,False,False,4.494897637839065,271,425
695,linear,8,4,12,True,True,True,,,
695,mlp,8,4,12,True,True,True,,,
696,connectome,1,0,1,True,True,True,4.494897637839065,271,426
696,linear,1,0,1,True,True,True,,,
696,mlp,1,0,1,True,True,True,,,
697,connectome,8,7,15,True,False,False,4.494897955709066,272,426
697,linear,8,7,15,True,True,True,,,
697,mlp,8,7,15,True,True,True,,,
698,connectome,5,0,8,False,False,True,4.494897955709066,272,427
698,linear,5,0,8,False,True,False,,,
698,mlp,5,0,8,False,True,False,,,
699,connectome,0,7,7,True,True,True,4.494897955709066,272,428
699,linear,0,7,7,True,True,True,,,
699,mlp,0,7,7,True,True,True,,,
700,connectome,5,1,6,True,False,False,4.494898591449066,273,428
700,linear,5,1,6,True,True,True,,,
700,mlp,5,1,6,True,True,True,,,
701,connectome,5,4,6,False,False,True,4.494898591449066,273,429
701,linear,5,4,6,False,True,False,,,
701,mlp,5,4,6,False,False,True,,,
702,connectome,6,7,13,True,False,False,4.49490367736907,274,429
702,linear,6,7,13,True,True,True,,,
702,mlp,6,7,13,True,True,True,,,
703,connectome,4,7,8,False,False,True,4.49490367736907,274,430
703,linear,4,7,8,False,True,False,,,
703,mlp,4,7,8,False,False,True,,,
704,connectome,5,0,15,False,False,True,4.49490367736907,274,431
704,linear,5,0,15,False,False,True,,,
704,mlp,5,0,15,False,False,True,,,
705,connectome,2,8,10,True,True,True,4.49490367736907,274,432
705,linear,2,8,10,True,True,True,,,
705,mlp,2,8,10,True,True,True,,,
706,connectome,0,0,0,True,True,True,4.49490367736907,274,433
706,linear,0,0,0,True,True,True,,,
706,mlp,0,0,0,True,True,True,,,
707,connectome,8,2,10,True,False,False,4.49490367736907,275,433
707,linear,8,2,10,True,True,True,,,
707,mlp,8,2,10,True,True,True,,,
708,connectome,9,6,15,True,False,False,4.4949332392790975,276,433
708,linear,9,6,15,True,True,True,,,
708,mlp,9,6,15,True,True,True,,,
709,connectome,4,8,12,True,True,True,4.4949332392790975,276,434
709,linear,4,8,12,True,True,True,,,
709,mlp,4,8,12,True,True,True,,,
710,connectome,9,6,15,True,False,False,4.49495707952912,277,434
710,linear,9,6,15,True,True,True,,,
710,mlp,9,6,15,True,True,True,,,
711,connectome,7,6,11,False,False,True,4.49495707952912,277,435
711,linear,7,6,11,False,True,False,,,
711,mlp,7,6,11,False,False,True,,,
712,connectome,2,8,8,False,True,False,4.496419281530456,278,435
712,linear,2,8,8,False,True,False,,,
712,mlp,2,8,8,False,False,True,,,
713,connectome,0,0,0,True,True,True,4.496419281530456,278,436
713,linear,0,0,0,True,True,True,,,
713,mlp,0,0,0,True,True,True,,,
714,connectome,3,0,3,True,True,True,4.498704131092545,279,436
714,linear,3,0,3,True,True,True,,,
714,mlp,3,0,3,True,True,True,,,
715,connectome,1,2,3,True,True,True,4.498704131092545,279,437
715,linear,1,2,3,True,True,True,,,
715,mlp,1,2,3,True,True,True,,,
716,connectome,7,9,16,True,False,False,4.498802352922635,280,437
716,linear,7,9,16,True,True,True,,,
716,mlp,7,9,16,True,True,True,,,
717,connectome,5,3,10,False,False,True,4.498802352922635,280,438
717,linear,5,3,10,False,True,False,,,
717,mlp,5,3,10,False,True,False,,,
718,connectome,6,5,8,False,False,True,4.498802352922635,280,439
718,linear,6,5,8,False,True,False,,,
718,mlp,6,5,8,False,False,True,,,
719,connectome,3,1,4,True,False,False,4.499179346742979,281,439
719,linear,3,1,4,True,True,True,,,
719,mlp,3,1,4,True,True,True,,,
720,connectome,2,4,15,False,False,True,4.499179346742979,281,440
720,linear,2,4,15,False,False,True,,,
720,mlp,2,4,15,False,False,True,,,
721,connectome,1,4,5,True,True,True,4.499179346742979,281,441
721,linear,1,4,5,True,True,True,,,
721,mlp,1,4,5,True,True,True,,,
722,connectome,3,3,6,True,True,True,4.499767724113517,282,441
722,linear,3,3,6,True,True,True,,,
722,mlp,3,3,6,True,True,True,,,
723,connectome,3,9,12,True,True,True,4.499767724113517,282,442
723,linear,3,9,12,True,True,True,,,
723,mlp,3,9,12,True,True,True,,,
724,connectome,5,4,9,True,False,False,4.499768677723518,283,442
724,linear,5,4,9,True,True,True,,,
724,mlp,5,4,9,True,True,True,,,
725,connectome,0,5,8,False,False,True,4.499768677723518,283,443
725,linear,0,5,8,False,True,False,,,
725,mlp,0,5,8,False,False,True,,,
726,connectome,7,5,14,False,False,True,4.499768677723518,283,444
726,linear,7,5,14,False,True,False,,,
726,mlp,7,5,14,False,True,False,,,
727,connectome,1,3,1,False,False,True,4.499768677723518,283,445
727,linear,1,3,1,False,True,False,,,
727,mlp,1,3,1,False,False,True,,,
728,connectome,9,9,18,True,False,False,4.499768677723518,284,445
728,linear,9,9,18,True,False,False,,,
728,mlp,9,9,18,True,True,True,,,
729,connectome,7,7,13,False,False,True,4.499768677723518,284,446
729,linear,7,7,13,False,True,False,,,
729,mlp,7,7,13,False,True,False,,,
730,connectome,5,9,14,True,True,True,4.499768677723518,284,447
730,linear,5,9,14,True,True,True,,,
730,mlp,5,9,14,True,True,True,,,
731,connectome,7,7,16,False,False,True,4.499768677723518,284,448
731,linear,7,7,16,False,False,True,,,
731,mlp,7,7,16,False,True,False,,,
732,connectome,8,2,10,True,False,False,4.499769313463519,285,448
732,linear,8,2,10,True,True,True,,,
732,mlp,8,2,10,True,True,True,,,
733,connectome,6,8,13,False,False,True,4.499769313463519,285,449
733,linear,6,8,13,False,True,False,,,
733,mlp,6,8,13,False,False,True,,,
734,connectome,2,0,2,True,True,True,4.5024000055859235,286,449
734,linear,2,0,2,True,True,True,,,
734,mlp,2,0,2,True,True,True,,,
735,connectome,2,9,5,False,False,True,4.5024000055859235,286,450
735,linear,2,9,5,False,False,True,,,
735,mlp,2,9,5,False,False,True,,,
736,connectome,4,8,10,False,False,True,4.5024000055859235,286,451
736,linear,4,8,10,False,True,False,,,
736,mlp,4,8,10,False,False,True,,,
737,connectome,4,7,11,True,True,True,4.5024000055859235,286,452
737,linear,4,7,11,True,True,True,,,
737,mlp,4,7,11,True,False,False,,,
738,connectome,9,6,15,True,False,False,4.502424799445946,287,452
738,linear,9,6,15,True,True,True,,,
738,mlp,9,6,15,True,False,False,,,
739,connectome,0,9,8,False,True,False,4.503222017406674,288,452
739,linear,0,9,8,False,True,False,,,
739,mlp,0,9,8,False,False,True,,,
740,connectome,5,0,4,False,False,True,4.503222017406674,288,453
740,linear,5,0,4,False,True,False,,,
740,mlp,5,0,4,False,False,True,,,
741,connectome,6,0,3,False,False,True,4.503222017406674,288,454
741,linear,6,0,3,False,True,False,,,
741,mlp,6,0,3,False,False,True,,,
742,connectome,7,1,6,False,False,True,4.503222017406674,288,455
742,linear,7,1,6,False,True,False,,,
742,mlp,7,1,6,False,False,True,,,
743,connectome,5,0,14,False,False,True,4.503222017406674,288,456
743,linear,5,0,14,False,False,True,,,
743,mlp,5,0,14,False,False,True,,,
744,connectome,8,6,10,False,False,True,4.503222017406674,288,457
744,linear,8,6,10,False,False,True,,,
744,mlp,8,6,10,False,False,True,,,
745,connectome,6,3,9,True,False,False,4.503223288886676,289,457
745,linear,6,3,9,True,True,True,,,
745,mlp,6,3,9,True,True,True,,,
746,connectome,3,5,8,True,True,True,4.503223288886676,289,458
746,linear,3,5,8,True,True,True,,,
746,mlp,3,5,8,True,True,True,,,
747,connectome,9,4,16,False,False,True,4.503223288886676,289,459
747,linear,9,4,16,False,False,True,,,
747,mlp,9,4,16,False,False,True,,,
748,connectome,1,4,3,False,False,True,4.503223288886676,289,460
748,linear,1,4,3,False,True,False,,,
748,mlp,1,4,3,False,False,True,,,
749,connectome,2,4,9,False,False,True,4.503223288886676,289,461
749,linear,2,4,9,False,False,True,,,
749,mlp,2,4,9,False,False,True,,,
750,connectome,9,7,16,True,False,False,4.503240453866692,290,461
750,linear,9,7,16,True,False,False,,,
750,mlp,9,7,16,True,True,True,,,
751,connectome,4,0,6,False,False,True,4.503240453866692,290,462
751,linear,4,0,6,False,True,False,,,
751,mlp,4,0,6,False,False,True,,,
752,connectome,5,2,4,False,False,True,4.503240453866692,290,463
752,linear,5,2,4,False,False,True,,,
752,mlp,5,2,4,False,False,True,,,
753,connectome,6,4,10,True,False,False,4.503262704766712,291,463
753,linear,6,4,10,True,False,False,,,
753,mlp,6,4,10,True,True,True,,,
754,connectome,5,8,8,False,False,True,4.503262704766712,291,464
754,linear,5,8,8,False,False,True,,,
754,mlp,5,8,8,False,False,True,,,
755,connectome,0,8,8,True,True,True,4.503262704766712,291,465
755,linear,0,8,8,True,True,True,,,
755,mlp,0,8,8,True,True,True,,,
756,connectome,7,1,10,False,False,True,4.503262704766712,291,466
756,linear,7,1,10,False,True,False,,,
756,mlp,7,1,10,False,True,False,,,
757,connectome,7,5,12,True,False,False,4.503277644656726,292,466
757,linear,7,5,12,True,False,False,,,
757,mlp,7,5,12,True,True,True,,,
758,connectome,4,2,9,False,False,True,4.503277644656726,292,467
758,linear,4,2,9,False,False,True,,,
758,mlp,4,2,9,False,False,True,,,
759,connectome,1,8,10,False,True,False,4.503355204936796,293,467
759,linear,1,8,10,False,True,False,,,
759,mlp,1,8,10,False,True,False,,,
760,connectome,6,2,11,False,False,True,4.503355204936796,293,468
760,linear,6,2,11,False,False,True,,,
760,mlp,6,2,11,False,False,True,,,
761,connectome,8,1,9,True,False,False,4.5033587015068,294,468
761,linear,8,1,9,True,True,True,,,
761,mlp,8,1,9,True,True,True,,,
762,connectome,9,3,9,False,False,True,4.5033587015068,294,469
762,linear,9,3,9,False,False,True,,,
762,mlp,9,3,9,False,False,True,,,
763,connectome,6,9,15,True,False,False,4.503690557787103,295,469
763,linear,6,9,15,True,False,False,,,
763,mlp,6,9,15,True,True,True,,,
764,connectome,4,7,14,False,False,True,4.503690557787103,295,470
764,linear,4,7,14,False,False,True,,,
764,mlp,4,7,14,False,False,True,,,
765,connectome,6,0,9,False,False,True,4.503690557787103,295,471
765,linear,6,0,9,False,False,True,,,
765,mlp,6,0,9,False,False,True,,,
766,connectome,1,7,10,False,True,False,4.504090756117469,296,471
766,linear,1,7,10,False,True,False,,,
766,mlp,1,7,10,False,False,True,,,
767,connectome,6,1,9,False,False,True,4.504090756117469,296,472
767,linear,6,1,9,False,True,False,,,
767,mlp,6,1,9,False,False,True,,,
768,connectome,3,3,3,False,False,True,4.504090756117469,296,473
768,linear,3,3,3,False,False,True,,,
768,mlp,3,3,3,False,False,True,,,
769,connectome,2,6,8,True,True,True,4.504090756117469,296,474
769,linear,2,6,8,True,True,True,,,
769,mlp,2,6,8,True,True,True,,,
770,connectome,2,8,10,True,True,True,4.504090756117469,296,475
770,linear,2,8,10,True,True,True,,,
770,mlp,2,8,10,True,True,True,,,
771,connectome,9,7,13,False,False,True,4.504090756117469,296,476
771,linear,9,7,13,False,False,True,,,
771,mlp,9,7,13,False,False,True,,,
772,connectome,1,6,7,True,True,True,4.504090756117469,296,477
772,linear,1,6,7,True,True,True,,,
772,mlp,1,6,7,True,True,True,,,
773,connectome,0,3,3,True,True,True,4.504090756117469,296,478
773,linear,0,3,3,True,True,True,,,
773,mlp,0,3,3,True,True,True,,,
774,connectome,6,5,11,True,False,False,4.50409139185747,297,478
774,linear,6,5,11,True,False,False,,,
774,mlp,6,5,11,True,True,True,,,
775,connectome,0,6,8,False,True,False,4.504722363808046,298,478
775,linear,0,6,8,False,True,False,,,
775,mlp,0,6,8,False,False,True,,,
776,connectome,0,3,1,False,False,True,4.504722363808046,298,479
776,linear,0,3,1,False,True,False,,,
776,mlp,0,3,1,False,False,True,,,
777,connectome,6,7,14,False,False,True,4.504722363808046,298,480
777,linear,6,7,14,False,False,True,,,
777,mlp,6,7,14,False,True,False,,,
778,connectome,5,7,13,False,False,True,4.504722363808046,298,481
778,linear,5,7,13,False,False,True,,,
778,mlp,5,7,13,False,True,False,,,
779,connectome,9,7,16,True,False,False,4.504734124998057,299,481
779,linear,9,7,16,True,False,False,,,
779,mlp,9,7,16,True,True,True,,,
780,connectome,7,9,16,True,False,False,4.504797063258114,300,481
780,linear,7,9,16,True,False,False,,,
780,mlp,7,9,16,True,True,True,,,
781,connectome,2,6,10,False,False,True,4.504797063258114,300,482
781,linear,2,6,10,False,False,True,,,
781,mlp,2,6,10,False,False,True,,,
782,connectome,6,7,13,True,False,False,4.5047983347381155,301,482
782,linear,6,7,13,True,False,False,,,
782,mlp,6,7,13,True,True,True,,,
783,connectome,8,3,11,True,False,False,4.504807552968124,302,482
783,linear,8,3,11,True,False,False,,,
783,mlp,8,3,11,True,True,True,,,
784,connectome,7,1,8,True,False,False,4.504810413798126,303,482
784,linear,7,1,8,True,True,True,,,
784,mlp,7,1,8,True,True,True,,,
785,connectome,9,3,12,True,False,False,4.504817724808134,304,482
785,linear,9,3,12,True,False,False,,,
785,mlp,9,3,12,True,True,True,,,
786,connectome,6,1,7,True,False,False,4.504817724808134,305,482
786,linear,6,1,7,True,True,True,,,
786,mlp,6,1,7,True,True,True,,,
787,connectome,4,0,7,False,False,True,4.504817724808134,305,483
787,linear,4,0,7,False,False,True,,,
787,mlp,4,0,7,False,False,True,,,
788,connectome,9,7,15,False,False,True,4.504817724808134,305,484
788,linear,9,7,15,False,False,True,,,
788,mlp,9,7,15,False,True,False,,,
789,connectome,8,4,14,False,False,True,4.504817724808134,305,485
789,linear,8,4,14,False,False,True,,,
789,mlp,8,4,14,False,False,True,,,
790,connectome,1,2,0,False,False,True,4.504817724808134,305,486
790,linear,1,2,0,False,False,True,,,
790,mlp,1,2,0,False,False,True,,,
791,connectome,8,1,9,True,False,False,4.504819632028135,306,486
791,linear,8,1,9,True,True,True,,,
791,mlp,8,1,9,True,True,True,,,
792,connectome,9,1,7,False,False,True,4.504819632028135,306,487
792,linear,9,1,7,False,False,True,,,
792,mlp,9,1,7,False,False,True,,,
793,connectome,1,4,7,False,False,True,4.504819632028135,306,488
793,linear,1,4,7,False,True,False,,,
793,mlp,1,4,7,False,False,True,,,
794,connectome,0,6,6,True,True,True,4.504819632028135,306,489
794,linear,0,6,6,True,True,True,,,
794,mlp,0,6,6,True,True,True,,,
795,connectome,0,3,3,True,True,True,4.504819632028135,306,490
795,linear,0,3,3,True,True,True,,,
795,mlp,0,3,3,True,True,True,,,
796,connectome,0,8,6,False,True,False,4.506879111760018,307,490
796,linear,0,8,6,False,True,False,,,
796,mlp,0,8,6,False,False,True,,,
797,connectome,2,0,3,False,False,True,4.506879111760018,307,491
797,linear,2,0,3,False,True,False,,,
797,mlp,2,0,3,False,False,True,,,
798,connectome,5,5,7,False,False,True,4.506879111760018,307,492
798,linear,5,5,7,False,False,True,,,
798,mlp,5,5,7,False,False,True,,,
799,connectome,4,7,11,True,True,True,4.506879111760018,307,493
799,linear,4,7,11,True,False,False,,,
799,mlp,4,7,11,True,True,True,,,
