round,agent,a,b,c,label,pred,correct,drift_pct
0,connectome,4,4,9,False,True,False,0.2128061376457893
0,linear,4,4,9,False,False,True,
0,mlp,4,4,9,False,True,False,
1,connectome,8,2,10,True,False,False,0.26546533616955337
1,linear,8,2,10,True,False,False,
1,mlp,8,2,10,True,True,True,
2,connectome,0,3,3,True,False,False,0.3276135899419919
2,linear,0,3,3,True,False,False,
2,mlp,0,3,3,True,True,True,
3,connectome,7,4,11,True,True,True,0.3654801715966081
3,linear,7,4,11,True,True,True,
3,mlp,7,4,11,True,True,True,
4,connectome,5,9,14,True,False,False,0.4113553687072955
4,linear,5,9,14,True,True,True,
4,mlp,5,9,14,True,True,True,
5,connectome,7,2,9,True,True,True,0.44947068363713905
5,linear,7,2,9,True,True,True,
5,mlp,7,2,9,True,True,True,
6,connectome,5,4,9,True,True,True,0.47974895344356827
6,linear,5,4,9,True,True,True,
6,mlp,5,4,9,True,True,True,
7,connectome,4,6,10,True,True,True,0.5208696894924093
7,linear,4,6,10,True,True,True,
7,mlp,4,6,10,True,True,True,
8,connectome,8,6,16,False,True,False,0.7311762563909135
8,linear,8,6,16,False,True,False,
8,mlp,8,6,16,False,True,False,
9,connectome,5,0,6,False,True,False,0.8777779799924313
9,linear,5,0,6,False,True,False,
9,mlp,5,0,6,False,True,False,
10,connectome,7,2,9,True,True,True,0.9087261210907229
10,linear,7,2,9,True,True,True,
10,mlp,7,2,9,True,True,True,
11,connectome,8,2,10,True,True,True,0.9351670245198942
11,linear,8,2,10,True,True,True,
11,mlp,8,2,10,True,True,True,
12,connectome,6,9,15,True,True,True,0.9721088428761651
12,linear,6,9,15,True,True,True,
12,mlp,6,9,15,True,True,True,
13,connectome,6,3,9,True,True,True,0.993570074348284
13,linear,6,3,9,True,True,True,
13,mlp,6,3,9,True,True,True,
14,connectome,2,7,8,False,True,False,1.1556011282964067
14,linear,2,7,8,False,True,False,
14,mlp,2,7,8,False,True,False,
15,connectome,6,8,2,False,True,False,1.3005913304639514
15,linear,6,8,2,False,True,False,
15,mlp,6,8,2,False,True,False,
16,connectome,7,5,12,True,True,True,1.3206156305997567
16,linear,7,5,12,True,True,True,
16,mlp,7,5,12,True,True,True,
17,connectome,8,3,13,False,True,False,1.4640348397583651
17,linear,8,3,13,False,True,False,
17,mlp,8,3,13,False,True,False,
18,connectome,7,6,13,True,True,True,1.485092137927615
18,linear,7,6,13,True,True,True,
18,mlp,7,6,13,True,True,True,
19,connectome,8,8,16,True,True,True,1.506722873577389
19,linear,8,8,16,True,True,True,
19,mlp,8,8,16,True,True,True,
20,connectome,8,5,14,False,True,False,1.6258195444562626
20,linear,8,5,14,False,True,False,
20,mlp,8,5,14,False,True,False,
21,connectome,7,6,12,False,True,False,1.730772907542207
21,linear,7,6,12,False,True,False,
21,mlp,7,6,12,False,True,False,
22,connectome,2,5,18,False,True,False,1.855323115081066
22,linear,2,5,18,False,True,False,
22,mlp,2,5,18,False,True,False,
23,connectome,8,8,16,True,False,False,1.8738892660580384
23,linear,8,8,16,True,True,True,
23,mlp,8,8,16,True,True,True,
24,connectome,8,6,11,False,True,False,1.9674999149886139
24,linear,8,6,11,False,True,False,
24,mlp,8,6,11,False,True,False,
25,connectome,8,5,13,True,False,False,1.981819163826704
25,linear,8,5,13,True,True,True,
25,mlp,8,5,13,True,True,True,
26,connectome,4,1,2,False,True,False,2.060478320488611
26,linear,4,1,2,False,True,False,
26,mlp,4,1,2,False,True,False,
27,connectome,5,2,17,False,False,True,2.1653840030745117
27,linear,5,2,17,False,False,True,
27,mlp,5,2,17,False,False,True,
28,connectome,4,3,11,False,False,True,2.2468011587939403
28,linear,4,3,11,False,False,True,
28,mlp,4,3,11,False,False,True,
29,connectome,7,3,8,False,False,True,2.3235074811090626
29,linear,7,3,8,False,False,True,
29,mlp,7,3,8,False,False,True,
30,connectome,9,9,18,True,False,False,2.3388361261330752
30,linear,9,9,18,True,False,False,
30,mlp,9,9,18,True,False,False,
31,connectome,7,9,17,False,True,False,2.4487283943485347
31,linear,7,9,17,False,False,True,
31,mlp,7,9,17,False,False,True,
32,connectome,4,6,9,False,False,True,2.5463971306378195
32,linear,4,6,9,False,False,True,
32,mlp,4,6,9,False,False,True,
33,connectome,7,0,4,False,False,True,2.626504661956051
33,linear,7,0,4,False,False,True,
33,mlp,7,0,4,False,False,True,
34,connectome,0,4,4,True,False,False,2.674527984794952
34,linear,0,4,4,True,True,True,
34,mlp,0,4,4,True,False,False,
35,connectome,6,7,13,True,False,False,2.69154674461051
35,linear,6,7,13,True,False,False,
35,mlp,6,7,13,True,False,False,
36,connectome,2,9,14,False,True,False,2.8071713214762095
36,linear,2,9,14,False,True,False,
36,mlp,2,9,14,False,False,True,
37,connectome,1,2,18,False,False,True,2.908780692159097
37,linear,1,2,18,False,False,True,
37,mlp,1,2,18,False,False,True,
38,connectome,5,8,13,True,False,False,2.9318450215101817
38,linear,5,8,13,True,True,True,
38,mlp,5,8,13,True,False,False,
39,connectome,6,8,14,True,False,False,2.9485827842454824
39,linear,6,8,14,True,True,True,
39,mlp,6,8,14,True,False,False,
40,connectome,1,8,9,True,True,True,2.9815341420856054
40,linear,1,8,9,True,True,True,
40,mlp,1,8,9,True,False,False,
41,connectome,6,2,12,False,False,True,3.035124481174596
41,linear,6,2,12,False,False,True,
41,mlp,6,2,12,False,False,True,
42,connectome,6,1,7,True,False,False,3.053148981671073
42,linear,6,1,7,True,False,False,
42,mlp,6,1,7,True,False,False,
43,connectome,9,3,1,False,False,True,3.1323634572234877
43,linear,9,3,1,False,False,True,
43,mlp,9,3,1,False,False,True,
44,connectome,5,2,1,False,False,True,3.196563343312177
44,linear,5,2,1,False,False,True,
44,mlp,5,2,1,False,False,True,
45,connectome,9,6,15,True,False,False,3.2062682322910487
45,linear,9,6,15,True,False,False,
45,mlp,9,6,15,True,False,False,
46,connectome,9,4,13,True,False,False,3.2169601076208227
46,linear,9,4,13,True,False,False,
46,mlp,9,4,13,True,False,False,
47,connectome,9,3,9,False,False,True,3.264901578934649
47,linear,9,3,9,False,False,True,
47,mlp,9,3,9,False,False,True,
48,connectome,9,2,14,False,False,True,3.3031794843696414
48,linear,9,2,14,False,False,True,
48,mlp,9,2,14,False,False,True,
49,connectome,9,5,12,False,False,True,3.3327522019766755
49,linear,9,5,12,False,False,True,
49,mlp,9,5,12,False,False,True,
50,connectome,6,1,7,True,False,False,3.3476014990402505
50,linear,6,1,7,True,False,False,
50,mlp,6,1,7,True,False,False,
51,connectome,8,3,17,False,False,True,3.385675331935056
51,linear,8,3,17,False,False,True,
51,mlp,8,3,17,False,False,True,
52,connectome,6,5,11,True,False,False,3.3925925010113795
52,linear,6,5,11,True,True,True,
52,mlp,6,5,11,True,False,False,
53,connectome,2,7,7,False,True,False,3.494092842284167
53,linear,2,7,7,False,True,False,
53,mlp,2,7,7,False,True,False,
54,connectome,6,0,8,False,False,True,3.5277282563649153
54,linear,6,0,8,False,False,True,
54,mlp,6,0,8,False,False,True,
55,connectome,1,8,14,False,True,False,3.61359320806341
55,linear,1,8,14,False,True,False,
55,mlp,1,8,14,False,False,True,
56,connectome,1,0,1,True,False,False,3.6389312615265728
56,linear,1,0,1,True,False,False,
56,mlp,1,0,1,True,False,False,
57,connectome,7,7,14,True,False,False,3.6457641950528195
57,linear,7,7,14,True,True,True,
57,mlp,7,7,14,True,False,False,
58,connectome,0,7,15,False,False,True,3.719237620529986
58,linear,0,7,15,False,True,False,
58,mlp,0,7,15,False,False,True,
59,connectome,1,5,6,True,False,False,3.7472944161056345
59,linear,1,5,6,True,True,True,
59,mlp,1,5,6,True,False,False,
60,connectome,1,5,6,True,True,True,3.7714019947976727
60,linear,1,5,6,True,True,True,
60,mlp,1,5,6,True,False,False,
61,connectome,7,0,4,False,False,True,3.8108941636337748
61,linear,7,0,4,False,True,False,
61,mlp,7,0,4,False,False,True,
62,connectome,1,7,8,True,True,True,3.8325859303236047
62,linear,1,7,8,True,True,True,
62,mlp,1,7,8,True,True,True,
63,connectome,0,7,6,False,True,False,3.8988246345941575
63,linear,0,7,6,False,True,False,
63,mlp,0,7,6,False,True,False,
64,connectome,9,8,18,False,False,True,3.923458606006677
64,linear,9,8,18,False,True,False,
64,mlp,9,8,18,False,False,True,
65,connectome,2,2,4,True,True,True,3.9285000242112855
65,linear,2,2,4,True,True,True,
65,mlp,2,2,4,True,False,False,
66,connectome,2,2,4,True,True,True,3.9339692954362855
66,linear,2,2,4,True,True,True,
66,mlp,2,2,4,True,False,False,
67,connectome,0,2,0,False,True,False,3.996722237283652
67,linear,0,2,0,False,True,False,
67,mlp,0,2,0,False,False,True,
68,connectome,9,1,9,False,False,True,4.022954141187632
68,linear,9,1,9,False,True,False,
68,mlp,9,1,9,False,False,True,
69,connectome,9,9,13,False,False,True,4.07009871241073
69,linear,9,9,13,False,True,False,
69,mlp,9,9,13,False,False,True,
70,connectome,8,8,16,True,False,False,4.074043796984336
70,linear,8,8,16,True,True,True,
70,mlp,8,8,16,True,False,False,
71,connectome,4,3,7,True,False,False,4.078449793058364
71,linear,4,3,7,True,True,True,
71,mlp,4,3,7,True,False,False,
72,connectome,9,1,10,True,False,False,4.090019943198941
72,linear,9,1,10,True,True,True,
72,mlp,9,1,10,True,False,False,
73,connectome,0,5,3,False,True,False,4.15073025242444
73,linear,0,5,3,False,True,False,
73,mlp,0,5,3,False,False,True,
74,connectome,6,5,12,False,False,True,4.16350671921612
74,linear,6,5,12,False,True,False,
74,mlp,6,5,12,False,False,True,
75,connectome,2,3,5,True,True,True,4.172846057694658
75,linear,2,3,5,True,True,True,
75,mlp,2,3,5,True,False,False,
76,connectome,4,7,13,False,False,True,4.206519616175441
76,linear,4,7,13,False,True,False,
76,mlp,4,7,13,False,False,True,
77,connectome,0,8,8,True,True,True,4.228198032325258
77,linear,0,8,8,True,True,True,
77,mlp,0,8,8,True,False,False,
78,connectome,0,5,5,True,True,True,4.246755282942223
78,linear,0,5,5,True,True,True,
78,mlp,0,5,5,True,False,False,
79,connectome,6,6,13,False,False,True,4.258834978693265
79,linear,6,6,13,False,True,False,
79,mlp,6,6,13,False,False,True,
80,connectome,1,2,3,True,True,True,4.269175607672718
80,linear,1,2,3,True,True,True,
80,mlp,1,2,3,True,False,False,
81,connectome,7,4,12,False,False,True,4.278434525041183
81,linear,7,4,12,False,True,False,
81,mlp,7,4,12,False,False,True,
82,connectome,8,7,15,True,False,False,4.281444118203934
82,linear,8,7,15,True,True,True,
82,mlp,8,7,15,True,False,False,
83,connectome,8,1,9,True,False,False,4.2912535864129016
83,linear,8,1,9,True,True,True,
83,mlp,8,1,9,True,False,False,
84,connectome,9,4,13,True,False,False,4.295932314947178
84,linear,9,4,13,True,True,True,
84,mlp,9,4,13,True,False,False,
85,connectome,7,2,9,True,False,False,4.301725495702474
85,linear,7,2,9,True,True,True,
85,mlp,7,2,9,True,False,False,
86,connectome,2,3,6,False,False,True,4.322969065691894
86,linear,2,3,6,False,True,False,
86,mlp,2,3,6,False,False,True,
87,connectome,2,8,9,False,True,False,4.358765360034618
87,linear,2,8,9,False,True,False,
87,mlp,2,8,9,False,True,False,
88,connectome,8,5,13,True,False,False,4.3621732443077335
88,linear,8,5,13,True,True,True,
88,mlp,8,5,13,True,True,True,
89,connectome,1,9,12,False,True,False,4.393304160656192
89,linear,1,9,12,False,True,False,
89,mlp,1,9,12,False,True,False,
90,connectome,9,5,17,False,False,True,4.40278622276486
90,linear,9,5,17,False,True,False,
90,mlp,9,5,17,False,True,False,
91,connectome,2,8,10,True,True,True,4.413489541414645
91,linear,2,8,10,True,True,True,
91,mlp,2,8,10,True,True,True,
92,connectome,8,2,7,False,False,True,4.433006123692486
92,linear,8,2,7,False,True,False,
92,mlp,8,2,7,False,False,True,
93,connectome,7,4,8,False,False,True,4.448622441066762
93,linear,7,4,8,False,True,False,
93,mlp,7,4,8,False,True,False,
94,connectome,3,8,8,False,False,True,4.48173178029703
94,linear,3,8,8,False,True,False,
94,mlp,3,8,8,False,True,False,
95,connectome,8,7,15,True,False,False,4.483715924838843
95,linear,8,7,15,True,True,True,
95,mlp,8,7,15,True,True,True,
96,connectome,0,7,7,True,True,True,4.497203466821173
96,linear,0,7,7,True,True,True,
96,mlp,0,7,7,True,True,True,
97,connectome,1,1,2,True,True,True,4.5056696164089125
97,linear,1,1,2,True,True,True,
97,mlp,1,1,2,True,False,False,
98,connectome,6,8,14,True,False,False,4.5097971583626855
98,linear,6,8,14,True,True,True,
98,mlp,6,8,14,True,True,True,
99,connectome,2,4,6,True,True,True,4.5162009673885395
99,linear,2,4,6,True,True,True,
99,mlp,2,4,6,True,True,True,
100,connectome,8,5,13,True,False,False,4.518822441280936
100,linear,8,5,13,True,True,True,
100,mlp,8,5,13,True,True,True,
101,connectome,9,1,10,True,False,False,4.526088313747579
101,linear,9,1,10,True,True,True,
101,mlp,9,1,10,True,False,False,
102,connectome,5,2,8,False,False,True,4.53133030792237
102,linear,5,2,8,False,True,False,
102,mlp,5,2,8,False,True,False,
103,connectome,6,1,7,True,False,False,4.5367035824072826
103,linear,6,1,7,True,True,True,
103,mlp,6,1,7,True,True,True,
104,connectome,0,5,7,False,True,False,4.559366441948
104,linear,0,5,7,False,True,False,
104,mlp,0,5,7,False,True,False,
105,connectome,4,2,3,False,False,True,4.5773782276444654
105,linear,4,2,3,False,True,False,
105,mlp,4,2,3,False,True,False,
106,connectome,1,6,7,True,True,True,4.584992485631426
106,linear,1,6,7,True,True,True,
106,mlp,1,6,7,True,True,True,
107,connectome,3,8,8,False,False,True,4.60958704116391
107,linear,3,8,8,False,True,False,
107,mlp,3,8,8,False,True,False,
108,connectome,0,7,7,True,True,True,4.619210555422707
108,linear,0,7,7,True,True,True,
108,mlp,0,7,7,True,True,True,
109,connectome,3,6,15,False,False,True,4.654006830744517
109,linear,3,6,15,False,True,False,
109,mlp,3,6,15,False,True,False,
110,connectome,3,9,12,True,True,True,4.65885625546895
110,linear,3,9,12,True,True,True,
110,mlp,3,9,12,True,True,True,
111,connectome,8,5,13,True,False,False,4.6608171955007425
111,linear,8,5,13,True,True,True,
111,mlp,8,5,13,True,True,True,
112,connectome,6,3,13,False,False,True,4.675043467363747
112,linear,6,3,13,False,True,False,
112,mlp,6,3,13,False,True,False,
113,connectome,0,6,6,True,True,True,4.6831733104911795
113,linear,0,6,6,True,True,True,
113,mlp,0,6,6,True,True,True,
114,connectome,9,8,17,True,False,False,4.684263604592176
114,linear,9,8,17,True,True,True,
114,mlp,9,8,17,True,True,True,
115,connectome,5,0,4,False,False,True,4.703251886929534
115,linear,5,0,4,False,True,False,
115,mlp,5,0,4,False,True,False,
116,connectome,8,3,18,False,False,True,4.721934378326614
116,linear,8,3,18,False,False,True,
116,mlp,8,3,18,False,True,False,
117,connectome,2,5,9,False,False,True,4.732265789076058
117,linear,2,5,9,False,True,False,
117,mlp,2,5,9,False,True,False,
118,connectome,7,9,16,True,False,False,4.734447648758053
118,linear,7,9,16,True,True,True,
118,mlp,7,9,16,True,True,True,
119,connectome,1,5,7,False,True,False,4.744409376697159
119,linear,1,5,7,False,True,False,
119,mlp,1,5,7,False,True,False,
120,connectome,8,1,9,True,False,False,4.7492467223615815
120,linear,8,1,9,True,True,True,
120,mlp,8,1,9,True,True,True,
121,connectome,2,6,11,False,False,True,4.757261814418908
121,linear,2,6,11,False,True,False,
121,mlp,2,6,11,False,True,False,
122,connectome,6,3,5,False,False,True,4.770645730781143
122,linear,6,3,5,False,False,True,
122,mlp,6,3,5,False,True,False,
123,connectome,5,7,15,False,False,True,4.781002253260611
123,linear,5,7,15,False,True,False,
123,mlp,5,7,15,False,True,False,
124,connectome,9,6,15,True,False,False,4.782196490851702
124,linear,9,6,15,True,True,True,
124,mlp,9,6,15,True,True,True,
125,connectome,8,1,9,True,False,False,4.786243611695403
125,linear,8,1,9,True,True,True,
125,mlp,8,1,9,True,True,True,
126,connectome,7,4,17,False,False,True,4.799463189267487
126,linear,7,4,17,False,False,True,
126,mlp,7,4,17,False,False,True,
127,connectome,2,9,11,True,True,True,4.8035306537912055
127,linear,2,9,11,True,True,True,
127,mlp,2,9,11,True,True,True,
128,connectome,1,2,3,True,True,True,4.808246890985517
128,linear,1,2,3,True,True,True,
128,mlp,1,2,3,True,False,False,
129,connectome,9,7,18,False,False,True,4.810858510907904
129,linear,9,7,18,False,True,False,
129,mlp,9,7,18,False,False,True,
130,connectome,2,7,9,True,True,True,4.813552141290367
130,linear,2,7,9,True,True,True,
130,mlp,2,7,9,True,True,True,
131,connectome,8,2,10,True,False,False,4.815791853312414
131,linear,8,2,10,True,True,True,
131,mlp,8,2,10,True,False,False,
132,connectome,8,9,17,True,False,False,4.8167521385832925
132,linear,8,9,17,True,True,True,
132,mlp,8,9,17,True,False,False,
133,connectome,6,8,1,False,False,True,4.871101869102977
133,linear,6,8,1,False,False,True,
133,mlp,6,8,1,False,False,True,
134,connectome,1,7,8,True,True,True,4.8742996413059
134,linear,1,7,8,True,True,True,
134,mlp,1,7,8,True,True,True,
135,connectome,2,2,15,False,False,True,4.92730986764436
135,linear,2,2,15,False,False,True,
135,mlp,2,2,15,False,False,True,
136,connectome,1,6,7,True,True,True,4.929717732896561
136,linear,1,6,7,True,True,True,
136,mlp,1,6,7,True,True,True,
137,connectome,1,2,3,True,True,True,4.933090333599644
137,linear,1,2,3,True,True,True,
137,mlp,1,2,3,True,True,True,
138,connectome,3,7,6,False,False,True,4.958681729453039
138,linear,3,7,6,False,True,False,
138,mlp,3,7,6,False,True,False,
139,connectome,6,7,16,False,False,True,4.965522291859292
139,linear,6,7,16,False,True,False,
139,mlp,6,7,16,False,True,False,
140,connectome,0,1,1,True,True,True,4.994170325635481
140,linear,0,1,1,True,True,True,
140,mlp,0,1,1,True,False,False,
141,connectome,5,6,12,False,False,True,4.9975232183985465
141,linear,5,6,12,False,True,False,
141,mlp,5,6,12,False,True,False,
142,connectome,6,4,10,True,False,False,4.998504483089444
142,linear,6,4,10,True,True,True,
142,mlp,6,4,10,True,True,True,
143,connectome,5,3,8,True,False,False,4.999414227030275
143,linear,5,3,8,True,True,True,
143,mlp,5,3,8,True,True,True,
144,connectome,3,1,3,False,False,True,5.005908629006212
144,linear,3,1,3,False,True,False,
144,mlp,3,1,3,False,True,False,
145,connectome,3,3,5,False,False,True,5.014934229794463
145,linear,3,3,5,False,True,False,
145,mlp,3,3,5,False,True,False,
146,connectome,9,4,7,False,False,True,5.02500657649367
146,linear,9,4,7,False,False,True,
146,mlp,9,4,7,False,False,True,
147,connectome,3,5,9,False,False,True,5.028081650876482
147,linear,3,5,9,False,True,False,
147,mlp,3,5,9,False,False,True,
148,connectome,0,5,5,True,True,True,5.032026735450088
148,linear,0,5,5,True,True,True,
148,mlp,0,5,5,True,True,True,
149,connectome,7,7,12,False,False,True,5.038301489255824
149,linear,7,7,12,False,True,False,
149,mlp,7,7,12,False,False,True,
150,connectome,1,7,8,True,True,True,5.039951552427333
150,linear,1,7,8,True,True,True,
150,mlp,1,7,8,True,False,False,
151,connectome,0,3,8,False,False,True,5.060272345805909
151,linear,0,3,8,False,True,False,
151,mlp,0,3,8,False,False,True,
152,connectome,0,4,2,False,True,False,5.088352663761579
152,linear,0,4,2,False,True,False,
152,mlp,0,4,2,False,False,True,
153,connectome,0,7,4,False,True,False,5.113148113134246
153,linear,0,7,4,False,True,False,
153,mlp,0,7,4,False,False,True,
154,connectome,6,1,7,True,False,False,5.1158916491067545
154,linear,6,1,7,True,True,True,
154,mlp,6,1,7,True,False,False,
155,connectome,9,1,7,False,False,True,5.127360080847238
155,linear,9,1,7,False,False,True,
155,mlp,9,1,7,False,False,True,
156,connectome,0,3,6,False,False,True,5.140077105948864
156,linear,0,3,6,False,True,False,
156,mlp,0,3,6,False,False,True,
157,connectome,8,7,18,False,False,True,5.142265323030864
157,linear,8,7,18,False,False,True,
157,mlp,8,7,18,False,False,True,
158,connectome,4,0,13,False,False,True,5.169905073166131
158,linear,4,0,13,False,False,True,
158,mlp,4,0,13,False,False,True,
159,connectome,1,6,10,False,False,True,5.173848568389736
159,linear,1,6,10,False,True,False,
159,mlp,1,6,10,False,False,True,
160,connectome,1,5,0,False,False,True,5.210710998713434
160,linear,1,5,0,False,False,True,
160,mlp,1,5,0,False,False,True,
161,connectome,2,6,8,True,True,True,5.211718646614355
161,linear,2,6,8,True,True,True,
161,mlp,2,6,8,True,False,False,
162,connectome,6,1,2,False,False,True,5.22986107688094
162,linear,6,1,2,False,False,True,
162,mlp,6,1,2,False,False,True,
163,connectome,7,9,12,False,False,True,5.241990678222029
163,linear,7,9,12,False,False,True,
163,mlp,7,9,12,False,False,True,
164,connectome,9,9,18,True,False,False,5.242510713542504
164,linear,9,9,18,True,False,False,
164,mlp,9,9,18,True,False,False,
165,connectome,0,5,5,True,True,True,5.24543766050518
165,linear,0,5,5,True,True,True,
165,mlp,0,5,5,True,False,False,
166,connectome,7,9,16,True,False,False,5.24645389089611
166,linear,7,9,16,True,True,True,
166,mlp,7,9,16,True,False,False,
167,connectome,5,4,1,False,False,True,5.27742301141442
167,linear,5,4,1,False,False,True,
167,mlp,5,4,1,False,False,True,
168,connectome,0,7,7,True,True,True,5.2799103441666935
168,linear,0,7,7,True,True,True,
168,mlp,0,7,7,True,False,False,
169,connectome,9,7,16,True,False,False,5.280488867567223
169,linear,9,7,16,True,True,True,
169,mlp,9,7,16,True,False,False,
170,connectome,1,3,14,False,False,True,5.316261321659924
170,linear,1,3,14,False,False,True,
170,mlp,1,3,14,False,False,True,
171,connectome,4,7,14,False,False,True,5.318540131692008
171,linear,4,7,14,False,True,False,
171,mlp,4,7,14,False,False,True,
172,connectome,5,4,6,False,False,True,5.327543799450239
172,linear,5,4,6,False,False,True,
172,mlp,5,4,6,False,False,True,
173,connectome,5,3,8,True,False,False,5.328186214720826
173,linear,5,3,8,True,True,True,
173,mlp,5,3,8,True,False,False,
174,connectome,9,5,14,True,False,False,5.328838801831422
174,linear,9,5,14,True,False,False,
174,mlp,9,5,14,True,False,False,
175,connectome,9,8,17,True,False,False,5.329190048181744
175,linear,9,8,17,True,True,True,
175,mlp,9,8,17,True,True,True,
176,connectome,0,6,6,True,True,True,5.331555318853906
176,linear,0,6,6,True,True,True,
176,mlp,0,6,6,True,True,True,
177,connectome,2,2,5,False,False,True,5.334030890416169
177,linear,2,2,5,False,True,False,
177,mlp,2,2,5,False,True,False,
178,connectome,3,3,6,True,False,False,5.334849087796917
178,linear,3,3,6,True,True,True,
178,mlp,3,3,6,True,True,True,
179,connectome,0,0,0,True,True,True,5.423300229817776
179,linear,0,0,0,True,True,True,
179,mlp,0,0,0,True,False,False,
180,connectome,2,9,11,True,True,True,5.424108255358514
180,linear,2,9,11,True,True,True,
180,mlp,2,9,11,True,True,True,
181,connectome,1,2,3,True,True,True,5.426099393040334
181,linear,1,2,3,True,True,True,
181,mlp,1,2,3,True,True,True,
182,connectome,3,6,9,True,True,True,5.427607368321713
182,linear,3,6,9,True,True,True,
182,mlp,3,6,9,True,True,True,
183,connectome,0,2,2,True,True,True,5.433446640227051
183,linear,0,2,2,True,True,True,
183,mlp,0,2,2,True,True,True,
184,connectome,9,7,16,True,False,False,5.433846520687417
184,linear,9,7,16,True,True,True,
184,mlp,9,7,16,True,True,True,
185,connectome,0,6,7,False,True,False,5.442821898015621
185,linear,0,6,7,False,True,False,
185,mlp,0,6,7,False,True,False,
186,connectome,0,9,12,False,True,False,5.4495976149418155
186,linear,0,9,12,False,True,False,
186,mlp,0,9,12,False,True,False,
187,connectome,3,0,1,False,False,True,5.463746008654749
187,linear,3,0,1,False,True,False,
187,mlp,3,0,1,False,False,True,
188,connectome,5,6,11,True,False,False,5.464138260235108
188,linear,5,6,11,True,True,True,
188,mlp,5,6,11,True,True,True,
189,connectome,6,1,7,True,False,False,5.466308676597092
189,linear,6,1,7,True,True,True,
189,mlp,6,1,7,True,True,True,
190,connectome,1,3,5,False,False,True,5.467478438198161
190,linear,1,3,5,False,True,False,
190,mlp,1,3,5,False,True,False,
191,connectome,0,8,5,False,True,False,5.48209092211152
191,linear,0,8,5,False,True,False,
191,mlp,0,8,5,False,True,False,
192,connectome,1,5,6,True,True,True,5.482443757811843
192,linear,1,5,6,True,True,True,
192,mlp,1,5,6,True,True,True,
193,connectome,1,4,5,True,True,True,5.482799772212168
193,linear,1,4,5,True,True,True,
193,mlp,1,4,5,True,True,True,
194,connectome,6,7,11,False,False,True,5.4875983377365545
194,linear,6,7,11,False,True,False,
194,mlp,6,7,11,False,True,False,
195,connectome,4,8,10,False,False,True,5.49215468632072
195,linear,4,8,10,False,True,False,
195,mlp,4,8,10,False,True,False,
196,connectome,5,8,12,False,False,True,5.496960244985113
196,linear,5,8,12,False,True,False,
196,mlp,5,8,12,False,True,False,
197,connectome,4,1,5,True,False,False,5.4983220000663575
197,linear,4,1,5,True,True,True,
197,mlp,4,1,5,True,True,True,
198,connectome,7,4,14,False,False,True,5.500049941387937
198,linear,7,4,14,False,False,True,
198,mlp,7,4,14,False,True,False,
199,connectome,0,3,12,False,False,True,5.525700778931386
199,linear,0,3,12,False,False,True,
199,mlp,0,3,12,False,False,True,
200,connectome,9,0,9,True,False,False,5.5299443434352655
200,linear,9,0,9,True,False,False,
200,mlp,9,0,9,True,True,True,
201,connectome,9,0,9,True,False,False,5.534498784799429
201,linear,9,0,9,True,False,False,
201,mlp,9,0,9,True,True,True,
202,connectome,1,4,5,True,True,True,5.5347956753797005
202,linear,1,4,5,True,True,True,
202,mlp,1,4,5,True,True,True,
203,connectome,7,0,16,False,False,True,5.554111363817358
203,linear,7,0,16,False,False,True,
203,mlp,7,0,16,False,False,True,
204,connectome,5,4,9,True,False,False,5.554322429497551
204,linear,5,4,9,True,True,True,
204,mlp,5,4,9,True,True,True,
205,connectome,7,6,2,False,False,True,5.583474922964201
205,linear,7,6,2,False,False,True,
205,mlp,7,6,2,False,False,True,
206,connectome,5,9,7,False,False,True,5.598704074678123
206,linear,5,9,7,False,False,True,
206,mlp,5,9,7,False,False,True,
207,connectome,7,0,18,False,False,True,5.620977225598484
207,linear,7,0,18,False,False,True,
207,mlp,7,0,18,False,False,True,
208,connectome,9,5,17,False,False,True,5.6216428453790925
208,linear,9,5,17,False,True,False,
208,mlp,9,5,17,False,True,False,
209,connectome,2,5,7,True,True,True,5.622007760139426
209,linear,2,5,7,True,True,True,
209,mlp,2,5,7,True,False,False,
210,connectome,1,2,13,False,False,True,5.647298768842546
210,linear,1,2,13,False,False,True,
210,mlp,1,2,13,False,False,True,
211,connectome,7,3,10,True,False,False,5.6477641305229715
211,linear,7,3,10,True,True,True,
211,mlp,7,3,10,True,False,False,
212,connectome,8,8,18,False,False,True,5.648619200823753
212,linear,8,8,18,False,True,False,
212,mlp,8,8,18,False,False,True,
213,connectome,1,1,9,False,False,True,5.669163774682534
213,linear,1,1,9,False,False,True,
213,mlp,1,1,9,False,False,True,
214,connectome,8,7,16,False,False,True,5.669900597343208
214,linear,8,7,16,False,True,False,
214,mlp,8,7,16,False,False,True,
215,connectome,7,1,12,False,False,True,5.675443614408275
215,linear,7,1,12,False,False,True,
215,mlp,7,1,12,False,False,True,
216,connectome,7,3,10,True,False,False,5.6758256941486245
216,linear,7,3,10,True,True,True,
216,mlp,7,3,10,True,False,False,
217,connectome,9,8,6,False,False,True,5.696738361467742
217,linear,9,8,6,False,False,True,
217,mlp,9,8,6,False,False,True,
218,connectome,7,3,10,True,False,False,5.697050509808028
218,linear,7,3,10,True,True,True,
218,mlp,7,3,10,True,False,False,
219,connectome,3,7,10,True,True,True,5.697847092028756
219,linear,3,7,10,True,True,True,
219,mlp,3,7,10,True,False,False,
220,connectome,5,0,5,True,False,False,5.701594143592181
220,linear,5,0,5,True,True,True,
220,mlp,5,0,5,True,False,False,
221,connectome,5,9,17,False,False,True,5.7024409492729555
221,linear,5,9,17,False,True,False,
221,mlp,5,9,17,False,False,True,
222,connectome,7,8,15,True,False,False,5.702688887873182
222,linear,7,8,15,True,True,True,
222,mlp,7,8,15,True,False,False,
223,connectome,8,0,8,True,False,False,5.706290990716475
223,linear,8,0,8,True,True,True,
223,mlp,8,0,8,True,False,False,
224,connectome,1,8,10,False,True,False,5.708179138518201
224,linear,1,8,10,False,True,False,
224,mlp,1,8,10,False,False,True,
225,connectome,9,4,13,True,False,False,5.708394018638398
225,linear,9,4,13,True,True,True,
225,mlp,9,4,13,True,False,False,
226,connectome,9,5,14,True,False,False,5.708568211398557
226,linear,9,5,14,True,True,True,
226,mlp,9,5,14,True,False,False,
227,connectome,8,1,6,False,False,True,5.7148938244043395
227,linear,8,1,6,False,True,False,
227,mlp,8,1,6,False,False,True,
228,connectome,0,7,8,False,True,False,5.720011531409018
228,linear,0,7,8,False,True,False,
228,mlp,0,7,8,False,False,True,
229,connectome,5,1,6,True,False,False,5.720586240369543
229,linear,5,1,6,True,True,True,
229,mlp,5,1,6,True,True,True,
230,connectome,1,0,1,True,False,False,5.736583366004167
230,linear,1,0,1,True,True,True,
230,mlp,1,0,1,True,False,False,
231,connectome,6,9,12,False,False,True,5.74294203748998
231,linear,6,9,12,False,True,False,
231,mlp,6,9,12,False,False,True,
232,connectome,1,6,12,False,False,True,5.745930651232712
232,linear,1,6,12,False,True,False,
232,mlp,1,6,12,False,False,True,
233,connectome,5,4,9,True,False,False,5.746052713312824
233,linear,5,4,9,True,True,True,
233,mlp,5,4,9,True,True,True,
234,connectome,9,8,17,True,False,False,5.746184947232944
234,linear,9,8,17,True,True,True,
234,mlp,9,8,17,True,True,True,
235,connectome,4,3,7,True,False,False,5.746835309253539
235,linear,4,3,7,True,True,True,
235,mlp,4,3,7,True,True,True,
236,connectome,7,9,10,False,False,True,5.756405739222288
236,linear,7,9,10,False,True,False,
236,mlp,7,9,10,False,False,True,
237,connectome,0,6,8,False,True,False,5.759052960584707
237,linear,0,6,8,False,True,False,
237,mlp,0,6,8,False,False,True,
238,connectome,9,4,16,False,False,True,5.759792961945385
238,linear,9,4,16,False,True,False,
238,mlp,9,4,16,False,True,False,
239,connectome,3,3,7,False,False,True,5.76016041966572
239,linear,3,3,7,False,True,False,
239,mlp,3,3,7,False,True,False,
240,connectome,5,6,18,False,False,True,5.765221545810347
240,linear,5,6,18,False,False,True,
240,mlp,5,6,18,False,False,True,
241,connectome,5,6,11,True,False,False,5.765445326290552
241,linear,5,6,11,True,True,True,
241,mlp,5,6,11,True,True,True,
242,connectome,9,1,10,True,False,False,5.766462510291482
242,linear,9,1,10,True,True,True,
242,mlp,9,1,10,True,True,True,
243,connectome,7,8,17,False,False,True,5.767168181692126
243,linear,7,8,17,False,True,False,
243,mlp,7,8,17,False,False,True,
244,connectome,2,0,2,True,False,False,5.773036697637491
244,linear,2,0,2,True,True,True,
244,mlp,2,0,2,True,True,True,
245,connectome,7,0,6,False,False,True,5.7811798913049355
245,linear,7,0,6,False,True,False,
245,mlp,7,0,6,False,True,False,
246,connectome,0,2,4,False,False,True,5.785502287568887
246,linear,0,2,4,False,True,False,
246,mlp,0,2,4,False,False,True,
247,connectome,1,3,4,True,True,True,5.785815071649172
247,linear,1,3,4,True,True,True,
247,mlp,1,3,4,True,False,False,
248,connectome,0,6,5,False,True,False,5.792751630795514
248,linear,0,6,5,False,True,False,
248,mlp,0,6,5,False,False,True,
249,connectome,9,6,12,False,False,True,5.796553355998989
249,linear,9,6,12,False,True,False,
249,mlp,9,6,12,False,False,True,
250,connectome,4,4,14,False,False,True,5.801025151163077
250,linear,4,4,14,False,False,True,
250,mlp,4,4,14,False,False,True,
251,connectome,5,8,13,True,False,False,5.801707935923702
251,linear,5,8,13,True,True,True,
251,mlp,5,8,13,True,False,False,
252,connectome,0,4,4,True,True,True,5.804083060565873
252,linear,0,4,4,True,True,True,
252,mlp,0,4,4,True,False,False,
253,connectome,9,6,12,False,False,True,5.807032258428569
253,linear,9,6,12,False,True,False,
253,mlp,9,6,12,False,False,True,
254,connectome,9,2,12,False,False,True,5.809639428170952
254,linear,9,2,12,False,True,False,
254,mlp,9,2,12,False,True,False,
255,connectome,2,5,7,True,True,True,5.809835871831131
255,linear,2,5,7,True,True,True,
255,mlp,2,5,7,True,False,False,
256,connectome,3,2,5,True,False,False,5.810593038171824
256,linear,3,2,5,True,True,True,
256,mlp,3,2,5,True,False,False,
257,connectome,7,3,10,True,False,False,5.810683948991907
257,linear,7,3,10,True,True,True,
257,mlp,7,3,10,True,False,False,
258,connectome,9,4,13,True,False,False,5.810783124431998
258,linear,9,4,13,True,True,True,
258,mlp,9,4,13,True,False,False,
259,connectome,8,0,8,True,False,False,5.813151255934162
259,linear,8,0,8,True,True,True,
259,mlp,8,0,8,True,True,True,
260,connectome,2,4,0,False,False,True,5.834824268293975
260,linear,2,4,0,False,False,True,
260,mlp,2,4,0,False,False,True,
261,connectome,9,5,14,True,False,False,5.834897378394042
261,linear,9,5,14,True,True,True,
261,mlp,9,5,14,True,False,False,
262,connectome,4,1,4,False,False,True,5.83631762155534
262,linear,4,1,4,False,True,False,
262,mlp,4,1,4,False,False,True,
263,connectome,5,5,9,False,False,True,5.837308104476246
263,linear,5,5,9,False,True,False,
263,mlp,5,5,9,False,False,True,
264,connectome,6,0,18,False,False,True,5.8541100769516055
264,linear,6,0,18,False,False,True,
264,mlp,6,0,18,False,False,True,
265,connectome,1,9,10,True,True,True,5.854577345852032
265,linear,1,9,10,True,True,True,
265,mlp,1,9,10,True,False,False,
266,connectome,7,9,17,False,False,True,5.855117724852526
266,linear,7,9,17,False,True,False,
266,mlp,7,9,17,False,False,True,
267,connectome,4,2,6,True,False,False,5.8553930002727785
267,linear,4,2,6,True,True,True,
267,mlp,4,2,6,True,True,True,
268,connectome,1,4,16,False,False,True,5.8684409280447065
268,linear,1,4,16,False,False,True,
268,mlp,1,4,16,False,False,True,
269,connectome,9,9,18,True,False,False,5.868531838864789
269,linear,9,9,18,True,True,True,
269,mlp,9,9,18,True,False,False,
270,connectome,9,5,15,False,False,True,5.868799485405034
270,linear,9,5,15,False,True,False,
270,mlp,9,5,15,False,True,False,
271,connectome,0,3,3,True,True,True,5.871468957667474
271,linear,0,3,3,True,True,True,
271,mlp,0,3,3,True,False,False,
272,connectome,4,4,8,True,False,False,5.871955298767919
272,linear,4,4,8,True,True,True,
272,mlp,4,4,8,True,True,True,
273,connectome,3,2,5,True,False,False,5.87254653696846
273,linear,3,2,5,True,True,True,
273,mlp,3,2,5,True,True,True,
274,connectome,0,9,9,True,True,True,5.874095199609875
274,linear,0,9,9,True,True,True,
274,mlp,0,9,9,True,False,False,
275,connectome,5,3,6,False,False,True,5.875467126531129
275,linear,5,3,6,False,True,False,
275,mlp,5,3,6,False,False,True,
276,connectome,4,2,3,False,False,True,5.8784347608538425
276,linear,4,2,3,False,True,False,
276,mlp,4,2,3,False,False,True,
277,connectome,7,8,15,True,False,False,5.878540929433939
277,linear,7,8,15,True,True,True,
277,mlp,7,8,15,True,True,True,
278,connectome,5,3,10,False,False,True,5.879800966115091
278,linear,5,3,10,False,True,False,
278,mlp,5,3,10,False,True,False,
279,connectome,8,3,11,True,False,False,5.879938285955217
279,linear,8,3,11,True,True,True,
279,mlp,8,3,11,True,True,True,
280,connectome,5,4,11,False,False,True,5.88006225525533
280,linear,5,4,11,False,True,False,
280,mlp,5,4,11,False,True,False,
281,connectome,7,8,8,False,False,True,5.889417169363882
281,linear,7,8,8,False,False,True,
281,mlp,7,8,8,False,False,True,
282,connectome,4,9,8,False,False,True,5.893772624107863
282,linear,4,9,8,False,False,True,
282,mlp,4,9,8,False,False,True,
283,connectome,6,7,13,True,False,False,5.893862263447946
283,linear,6,7,13,True,True,True,
283,mlp,6,7,13,True,True,True,
284,connectome,4,8,11,False,True,False,5.895994535409894
284,linear,4,8,11,False,True,False,
284,mlp,4,8,11,False,True,False,
285,connectome,4,8,11,False,True,False,5.8976372875713965
285,linear,4,8,11,False,True,False,
285,mlp,4,8,11,False,True,False,
286,connectome,4,3,7,True,False,False,5.898018731571745
286,linear,4,3,7,True,True,True,
286,mlp,4,3,7,True,True,True,
287,connectome,3,4,8,False,False,True,5.898247597971954
287,linear,3,4,8,False,True,False,
287,mlp,3,4,8,False,True,False,
288,connectome,0,9,4,False,True,False,5.9100990630627885
288,linear,0,9,4,False,False,True,
288,mlp,0,9,4,False,False,True,
289,connectome,5,4,9,True,False,False,5.910127035622814
289,linear,5,4,9,True,True,True,
289,mlp,5,4,9,True,True,True,
290,connectome,2,4,6,True,True,True,5.910802827243431
290,linear,2,4,6,True,True,True,
290,mlp,2,4,6,True,False,False,
291,connectome,4,5,6,False,False,True,5.914144912426487
291,linear,4,5,6,False,True,False,
291,mlp,4,5,6,False,False,True,
292,connectome,8,8,13,False,False,True,5.9145969235669
292,linear,8,8,13,False,False,True,
292,mlp,8,8,13,False,False,True,
293,connectome,1,4,5,True,True,True,5.9146630405269605
293,linear,1,4,5,True,True,True,
293,mlp,1,4,5,True,False,False,
294,connectome,3,2,5,True,False,False,5.915195790647448
294,linear,3,2,5,True,True,True,
294,mlp,3,2,5,True,True,True,
295,connectome,6,1,8,False,False,True,5.917310261889381
295,linear,6,1,8,False,True,False,
295,mlp,6,1,8,False,True,False,
296,connectome,9,0,9,True,False,False,5.919655506751525
296,linear,9,0,9,True,True,True,
296,mlp,9,0,9,True,True,True,
297,connectome,2,0,4,False,False,True,5.928349251259472
297,linear,2,0,4,False,True,False,
297,mlp,2,0,4,False,False,True,
298,connectome,3,3,4,False,False,True,5.932370942503148
298,linear,3,3,4,False,True,False,
298,mlp,3,3,4,False,False,True,
299,connectome,2,4,6,True,True,True,5.932937386843666
299,linear,2,4,6,True,True,True,
299,mlp,2,4,6,True,False,False,
300,connectome,2,9,3,False,False,True,5.94018227989029
300,linear,2,9,3,False,False,True,
300,mlp,2,9,3,False,False,True,
301,connectome,2,7,18,False,False,True,5.9425351536324404
301,linear,2,7,18,False,False,True,
301,mlp,2,7,18,False,False,True,
302,connectome,3,5,8,True,True,True,5.943043109892905
302,linear,3,5,8,True,True,True,
302,mlp,3,5,8,True,False,False,
303,connectome,9,9,0,False,False,True,5.960187746228578
303,linear,9,9,0,False,False,True,
303,mlp,9,9,0,False,False,True,
304,connectome,5,9,14,True,False,False,5.961122284029432
304,linear,5,9,14,True,False,False,
304,mlp,5,9,14,True,False,False,
305,connectome,0,6,11,False,False,True,5.964383630232414
305,linear,0,6,11,False,False,True,
305,mlp,0,6,11,False,False,True,
306,connectome,3,7,10,True,True,True,5.964990126192967
306,linear,3,7,10,True,True,True,
306,mlp,3,7,10,True,False,False,
307,connectome,7,7,11,False,False,True,5.965325161173274
307,linear,7,7,11,False,False,True,
307,mlp,7,7,11,False,False,True,
308,connectome,0,3,3,True,True,True,5.967493034575256
308,linear,0,3,3,True,True,True,
308,mlp,0,3,3,True,False,False,
309,connectome,1,3,4,True,True,True,5.967583945395339
309,linear,1,3,4,True,True,True,
309,mlp,1,3,4,True,False,False,
310,connectome,2,0,14,False,False,True,5.988185100114172
310,linear,2,0,14,False,False,True,
310,mlp,2,0,14,False,False,True,
311,connectome,2,7,9,True,True,True,5.988206079534191
311,linear,2,7,9,True,True,True,
311,mlp,2,7,9,True,True,True,
312,connectome,6,5,6,False,False,True,5.991734436537416
312,linear,6,5,6,False,False,True,
312,mlp,6,5,6,False,False,True,
313,connectome,6,1,7,True,False,False,5.991975381997636
313,linear,6,1,7,True,True,True,
313,mlp,6,1,7,True,True,True,
314,connectome,1,4,14,False,False,True,5.999217732084257
314,linear,1,4,14,False,False,True,
314,mlp,1,4,14,False,False,True,
315,connectome,7,6,13,True,False,False,5.9992577837042935
315,linear,7,6,13,True,True,True,
315,mlp,7,6,13,True,True,True,
316,connectome,8,1,9,True,False,False,5.999531151904544
316,linear,8,1,9,True,True,True,
316,mlp,8,1,9,True,True,True,
317,connectome,4,4,8,True,False,False,5.999917681824897
317,linear,4,4,8,True,True,True,
317,mlp,4,4,8,True,True,True,
318,connectome,2,7,10,False,True,False,5.999990156184963
318,linear,2,7,10,False,True,False,
318,mlp,2,7,10,False,True,False,
319,connectome,9,4,13,True,False,False,6.000044829825013
319,linear,9,4,13,True,True,True,
319,mlp,9,4,13,True,True,True,
320,connectome,0,9,9,True,True,True,6.0013334748061915
320,linear,0,9,9,True,True,True,
320,mlp,0,9,9,True,True,True,
321,connectome,4,8,13,False,True,False,6.0018732180666845
321,linear,4,8,13,False,True,False,
321,mlp,4,8,13,False,True,False,
322,connectome,0,5,5,True,True,True,6.002446655547209
322,linear,0,5,5,True,True,True,
322,mlp,0,5,5,True,True,True,
323,connectome,9,3,2,False,False,True,6.014722794958431
323,linear,9,3,2,False,False,True,
323,mlp,9,3,2,False,False,True,
324,connectome,9,7,15,False,False,True,6.0149764552186635
324,linear,9,7,15,False,True,False,
324,mlp,9,7,15,False,True,False,
325,connectome,8,6,14,True,False,False,6.015151919458824
325,linear,8,6,14,True,True,True,
325,mlp,8,6,14,True,True,True,
326,connectome,3,5,1,False,False,True,6.0278762555704555
326,linear,3,5,1,False,False,True,
326,mlp,3,5,1,False,False,True,
327,connectome,4,3,7,True,False,False,6.0281426306306995
327,linear,4,3,7,True,True,True,
327,mlp,4,3,7,True,True,True,
328,connectome,2,1,0,False,False,True,6.039304317820903
328,linear,2,1,0,False,False,True,
328,mlp,2,1,0,False,False,True,
329,connectome,6,6,12,True,False,False,6.0393341976009305
329,linear,6,6,12,True,True,True,
329,mlp,6,6,12,True,True,True,
330,connectome,8,7,15,True,False,False,6.039350091100945
330,linear,8,7,15,True,True,True,
330,mlp,8,7,15,True,True,True,
331,connectome,5,9,14,True,False,False,6.040065298601599
331,linear,5,9,14,True,True,True,
331,mlp,5,9,14,True,True,True,
332,connectome,1,1,2,True,True,True,6.046663644067631
332,linear,1,1,2,True,True,True,
332,mlp,1,1,2,True,True,True,
333,connectome,8,5,13,True,False,False,6.046828936467782
333,linear,8,5,13,True,True,True,
333,mlp,8,5,13,True,True,True,
334,connectome,3,6,17,False,False,True,6.0484755030692865
334,linear,3,6,17,False,False,True,
334,mlp,3,6,17,False,False,True,
335,connectome,8,2,10,True,False,False,6.048531448189338
335,linear,8,2,10,True,True,True,
335,mlp,8,2,10,True,True,True,
336,connectome,2,3,18,False,False,True,6.057499196637536
336,linear,2,3,18,False,False,True,
336,mlp,2,3,18,False,False,True,
337,connectome,3,7,11,False,True,False,6.0578494893778565
337,linear,3,7,11,False,True,False,
337,mlp,3,7,11,False,True,False,
338,connectome,8,8,18,False,False,True,6.057986809217982
338,linear,8,8,18,False,True,False,
338,mlp,8,8,18,False,True,False,
339,connectome,2,4,6,True,True,True,6.058258905938231
339,linear,2,4,6,True,True,True,
339,mlp,2,4,6,True,True,True,
340,connectome,3,0,12,False,False,True,6.07116697091003
340,linear,3,0,12,False,False,True,
340,mlp,3,0,12,False,False,True,
341,connectome,5,4,18,False,False,True,6.07335455225203
341,linear,5,4,18,False,False,True,
341,mlp,5,4,18,False,False,True,
342,connectome,1,6,5,False,True,False,6.075426428913924
342,linear,1,6,5,False,True,False,
342,mlp,1,6,5,False,False,True,
343,connectome,4,1,5,True,False,False,6.075516068254006
343,linear,4,1,5,True,True,True,
343,mlp,4,1,5,True,True,True,
344,connectome,8,6,16,False,False,True,6.075568834674055
344,linear,8,6,16,False,True,False,
344,mlp,8,6,16,False,True,False,
345,connectome,7,4,18,False,False,True,6.077404851795733
345,linear,7,4,18,False,False,True,
345,mlp,7,4,18,False,False,True,
346,connectome,5,1,6,True,False,False,6.077484319295806
346,linear,5,1,6,True,True,True,
346,mlp,5,1,6,True,True,True,
347,connectome,3,3,6,True,False,False,6.077808546696102
347,linear,3,3,6,True,True,True,
347,mlp,3,3,6,True,True,True,
348,connectome,8,2,7,False,False,True,6.0790266245372155
348,linear,8,2,7,False,True,False,
348,mlp,8,2,7,False,False,True,
349,connectome,0,8,5,False,True,False,6.084057235161814
349,linear,0,8,5,False,True,False,
349,mlp,0,8,5,False,False,True,
350,connectome,3,8,11,True,True,True,6.08442405714215
350,linear,3,8,11,True,True,True,
350,mlp,3,8,11,True,False,False,
351,connectome,7,1,8,True,False,False,6.084593163982304
351,linear,7,1,8,True,True,True,
351,mlp,7,1,8,True,True,True,
352,connectome,7,2,11,False,False,True,6.08479596504249
352,linear,7,2,11,False,True,False,
352,mlp,7,2,11,False,False,True,
353,connectome,5,4,9,True,False,False,6.084799779482493
353,linear,5,4,9,True,True,True,
353,mlp,5,4,9,True,False,False,
354,connectome,5,9,14,True,True,True,6.0853249007229735
354,linear,5,9,14,True,True,True,
354,mlp,5,9,14,True,False,False,
355,connectome,4,9,13,True,True,True,6.085731138583345
355,linear,4,9,13,True,True,True,
355,mlp,4,9,13,True,False,False,
356,connectome,0,0,0,True,True,True,6.188056034636886
356,linear,0,0,0,True,True,True,
356,mlp,0,0,0,True,False,False,
357,connectome,5,9,14,True,True,True,6.188471172857265
357,linear,5,9,14,True,True,True,
357,mlp,5,9,14,True,False,False,
358,connectome,7,1,8,True,False,False,6.188639008217419
358,linear,7,1,8,True,True,True,
358,mlp,7,1,8,True,True,True,
359,connectome,2,8,0,False,False,True,6.202907556790463
359,linear,2,8,0,False,False,True,
359,mlp,2,8,0,False,False,True,
360,connectome,7,3,10,True,False,False,6.20292662899048
360,linear,7,3,10,True,True,True,
360,mlp,7,3,10,True,True,True,
361,connectome,4,0,4,True,False,False,6.204903144652287
361,linear,4,0,4,True,True,True,
361,mlp,4,0,4,True,True,True,
362,connectome,4,5,6,False,False,True,6.206341824273602
362,linear,4,5,6,False,True,False,
362,mlp,4,5,6,False,False,True,
363,connectome,9,4,13,True,False,False,6.2063844188536414
363,linear,9,4,13,True,True,True,
363,mlp,9,4,13,True,True,True,
364,connectome,4,5,9,True,False,False,6.206627271533863
364,linear,4,5,9,True,True,True,
364,mlp,4,5,9,True,True,True,
365,connectome,4,9,13,True,True,True,6.206931155254141
365,linear,4,9,13,True,True,True,
365,mlp,4,9,13,True,True,True,
366,connectome,8,3,10,False,False,True,6.207320228134496
366,linear,8,3,10,False,True,False,
366,mlp,8,3,10,False,True,False,
367,connectome,4,3,7,True,False,False,6.207504592734665
367,linear,4,3,7,True,True,True,
367,mlp,4,3,7,True,True,True,
368,connectome,0,1,1,True,True,True,6.231226595116351
368,linear,0,1,1,True,True,True,
368,mlp,0,1,1,True,False,False,
369,connectome,1,2,0,False,False,True,6.240266182184615
369,linear,1,2,0,False,False,True,
369,mlp,1,2,0,False,False,True,
370,connectome,0,8,11,False,True,False,6.241444208405691
370,linear,0,8,11,False,True,False,
370,mlp,0,8,11,False,True,False,
371,connectome,8,4,16,False,False,True,6.241582799725818
371,linear,8,4,16,False,True,False,
371,mlp,8,4,16,False,True,False,
372,connectome,1,3,4,True,True,True,6.241636837625868
372,linear,1,3,4,True,True,True,
372,mlp,1,3,4,True,True,True,
373,connectome,9,9,18,True,False,False,6.241662267225891
373,linear,9,9,18,True,True,True,
373,mlp,9,9,18,True,True,True,
374,connectome,4,7,11,True,True,True,6.241842817386056
374,linear,4,7,11,True,True,True,
374,mlp,4,7,11,True,True,True,
375,connectome,3,8,11,True,True,True,6.242024003286222
375,linear,3,8,11,True,True,True,
375,mlp,3,8,11,True,True,True,
376,connectome,6,0,18,False,False,True,6.251076940894498
376,linear,6,0,18,False,False,True,
376,mlp,6,0,18,False,False,True,
377,connectome,2,2,3,False,False,True,6.252662476455947
377,linear,2,2,3,False,True,False,
377,mlp,2,2,3,False,True,False,
378,connectome,4,4,8,True,False,False,6.252888799896154
378,linear,4,4,8,True,True,True,
378,mlp,4,4,8,True,True,True,
379,connectome,1,9,10,True,True,True,6.253014676416269
379,linear,1,9,10,True,True,True,
379,mlp,1,9,10,True,True,True,
380,connectome,3,8,11,True,True,True,6.2531583536564
380,linear,3,8,11,True,True,True,
380,mlp,3,8,11,True,True,True,
381,connectome,9,2,14,False,False,True,6.25367266731687
381,linear,9,2,14,False,True,False,
381,mlp,9,2,14,False,True,False,
382,connectome,1,8,9,True,True,True,6.25372670521692
382,linear,1,8,9,True,True,True,
382,mlp,1,8,9,True,True,True,
383,connectome,3,5,8,True,True,True,6.253849403037032
383,linear,3,5,8,True,True,True,
383,mlp,3,5,8,True,True,True,
384,connectome,0,4,4,True,True,True,6.254893923857987
384,linear,0,4,4,True,True,True,
384,mlp,0,4,4,True,True,True,
385,connectome,2,9,11,True,True,True,6.254933975478023
385,linear,2,9,11,True,True,True,
385,mlp,2,9,11,True,True,True,
386,connectome,1,0,15,False,False,True,6.271585277573245
386,linear,1,0,15,False,False,True,
386,mlp,1,0,15,False,False,True,
387,connectome,4,4,5,False,False,True,6.273262995434779
387,linear,4,4,5,False,True,False,
387,mlp,4,4,5,False,False,True,
388,connectome,2,4,6,True,True,True,6.273348820334857
388,linear,2,4,6,True,True,True,
388,mlp,2,4,6,True,True,True,
389,connectome,8,4,10,False,False,True,6.273692755675172
389,linear,8,4,10,False,True,False,
389,mlp,8,4,10,False,True,False,
390,connectome,2,5,7,True,True,True,6.273698477335177
390,linear,2,5,7,True,True,True,
390,mlp,2,5,7,True,True,True,
391,connectome,4,5,9,True,False,False,6.273883477675346
391,linear,4,5,9,True,True,True,
391,mlp,4,5,9,True,True,True,
392,connectome,0,1,1,True,True,True,6.296333364315869
392,linear,0,1,1,True,True,True,
392,mlp,0,1,1,True,True,True,
393,connectome,5,2,7,True,False,False,6.296359429655893
393,linear,5,2,7,True,True,True,
393,mlp,5,2,7,True,True,True,
394,connectome,3,8,11,True,True,True,6.2964840346960065
394,linear,3,8,11,True,True,True,
394,mlp,3,8,11,True,True,True,
395,connectome,0,8,8,True,True,True,6.297158554836623
395,linear,0,8,8,True,True,True,
395,mlp,0,8,8,True,True,True,
396,connectome,2,3,4,False,False,True,6.298676066218011
396,linear,2,3,4,False,True,False,
396,mlp,2,3,4,False,True,False,
397,connectome,1,9,11,False,True,False,6.298975499758284
397,linear,1,9,11,False,True,False,
397,mlp,1,9,11,False,True,False,
398,connectome,1,4,8,False,False,True,6.299091840178391
398,linear,1,4,8,False,True,False,
398,mlp,1,4,8,False,True,False,
399,connectome,3,0,3,True,False,False,6.302049302661095
399,linear,3,0,3,True,True,True,
399,mlp,3,0,3,True,True,True,
400,connectome,9,7,16,True,False,False,6.302169457521204
400,linear,9,7,16,True,True,True,
400,mlp,9,7,16,True,True,True,
401,connectome,1,9,10,True,True,True,6.302226038381256
401,linear,1,9,10,True,True,True,
401,mlp,1,9,10,True,True,True,
402,connectome,0,9,9,True,True,True,6.302971761401937
402,linear,0,9,9,True,True,True,
402,mlp,0,9,9,True,True,True,
403,connectome,1,4,5,True,True,True,6.3029723971419385
403,linear,1,4,5,True,True,True,
403,mlp,1,4,5,True,True,True,
404,connectome,7,2,11,False,False,True,6.303041692802002
404,linear,7,2,11,False,True,False,
404,mlp,7,2,11,False,True,False,
405,connectome,0,2,5,False,False,True,6.307860602006407
405,linear,0,2,5,False,True,False,
405,mlp,0,2,5,False,False,True,
406,connectome,8,7,12,False,False,True,6.3086508268271295
406,linear,8,7,12,False,False,True,
406,mlp,8,7,12,False,False,True,
407,connectome,3,2,5,True,False,False,6.309020191767467
407,linear,3,2,5,True,True,True,
407,mlp,3,2,5,True,True,True,
408,connectome,6,5,12,False,False,True,6.309040535447486
408,linear,6,5,12,False,True,False,
408,mlp,6,5,12,False,True,False,
409,connectome,1,1,7,False,False,True,6.313308893811388
409,linear,1,1,7,False,False,True,
409,mlp,1,1,7,False,False,True,
410,connectome,6,0,6,True,False,False,6.314291747852286
410,linear,6,0,6,True,True,True,
410,mlp,6,0,6,True,True,True,
411,connectome,0,5,5,True,True,True,6.314539050712512
411,linear,0,5,5,True,True,True,
411,mlp,0,5,5,True,True,True,
412,connectome,6,3,10,False,False,True,6.315092780253019
412,linear,6,3,10,False,True,False,
412,mlp,6,3,10,False,True,False,
413,connectome,2,1,10,False,False,True,6.3186484740762685
413,linear,2,1,10,False,False,True,
413,mlp,2,1,10,False,False,True,
414,connectome,5,1,6,True,False,False,6.318659917396279
414,linear,5,1,6,True,True,True,
414,mlp,5,1,6,True,True,True,
415,connectome,2,6,6,False,True,False,6.31907696283666
415,linear,2,6,6,False,True,False,
415,mlp,2,6,6,False,False,True,
416,connectome,0,6,9,False,True,False,6.320765488278204
416,linear,0,6,9,False,True,False,
416,mlp,0,6,9,False,False,True,
417,connectome,2,9,11,True,True,True,6.320786467698223
417,linear,2,9,11,True,True,True,
417,mlp,2,9,11,True,True,True,
418,connectome,9,8,17,True,False,False,6.32079346083823
418,linear,9,8,17,True,False,False,
418,mlp,9,8,17,True,False,False,
419,connectome,3,1,4,True,False,False,6.3212473791986445
419,linear,3,1,4,True,True,True,
419,mlp,3,1,4,True,True,True,
420,connectome,4,2,8,False,False,True,6.321264544178661
420,linear,4,2,8,False,True,False,
420,mlp,4,2,8,False,False,True,
421,connectome,8,7,15,True,False,False,6.321270901578666
421,linear,8,7,15,True,False,False,
421,mlp,8,7,15,True,True,True,
422,connectome,2,7,8,False,True,False,6.3214171217788
422,linear,2,7,8,False,True,False,
422,mlp,2,7,8,False,True,False,
423,connectome,1,1,2,True,True,True,6.329902343566556
423,linear,1,1,2,True,True,True,
423,mlp,1,1,2,True,True,True,
424,connectome,4,7,10,False,False,True,6.3317555256682505
424,linear,4,7,10,False,True,False,
424,mlp,4,7,10,False,True,False,
425,connectome,2,4,4,False,False,True,6.332196093488654
425,linear,2,4,4,False,True,False,
425,mlp,2,4,4,False,False,True,
426,connectome,5,9,14,True,True,True,6.332399530288839
426,linear,5,9,14,True,True,True,
426,mlp,5,9,14,True,True,True,
427,connectome,7,4,1,False,False,True,6.341329134337003
427,linear,7,4,1,False,False,True,
427,mlp,7,4,1,False,False,True,
428,connectome,4,3,7,True,False,False,6.341447381977111
428,linear,4,3,7,True,True,True,
428,mlp,4,3,7,True,True,True,
429,connectome,7,9,16,True,False,False,6.341530663917187
429,linear,7,9,16,True,True,True,
429,mlp,7,9,16,True,True,True,
430,connectome,4,0,3,False,False,True,6.346565724721789
430,linear,4,0,3,False,True,False,
430,mlp,4,0,3,False,False,True,
431,connectome,9,7,16,True,False,False,6.346660449981877
431,linear,9,7,16,True,False,False,
431,mlp,9,7,16,True,True,True,
432,connectome,9,0,9,True,False,False,6.348027290983126
432,linear,9,0,9,True,True,True,
432,mlp,9,0,9,True,True,True,
433,connectome,0,2,5,False,False,True,6.35264784930735
433,linear,0,2,5,False,True,False,
433,mlp,0,2,5,False,False,True,
434,connectome,0,2,2,True,True,True,6.355226410749707
434,linear,0,2,2,True,True,True,
434,mlp,0,2,2,True,True,True,
435,connectome,4,0,4,True,False,False,6.356386000510767
435,linear,4,0,4,True,True,True,
435,mlp,4,0,4,True,True,True,
436,connectome,8,3,14,False,False,True,6.356426052130804
436,linear,8,3,14,False,True,False,
436,mlp,8,3,14,False,True,False,
437,connectome,7,2,11,False,False,True,6.356448303030824
437,linear,7,2,11,False,True,False,
437,mlp,7,2,11,False,True,False,
438,connectome,8,4,16,False,False,True,6.356461017830836
438,linear,8,4,16,False,False,True,
438,mlp,8,4,16,False,True,False,
439,connectome,0,8,1,False,True,False,6.370402796043581
439,linear,0,8,1,False,False,True,
439,mlp,0,8,1,False,False,True,
440,connectome,8,7,18,False,False,True,6.370468913003641
440,linear,8,7,18,False,False,True,
440,mlp,8,7,18,False,True,False,
441,connectome,7,0,4,False,False,True,6.377284045809871
441,linear,7,0,4,False,True,False,
441,mlp,7,0,4,False,False,True,
442,connectome,9,8,17,True,False,False,6.377289767469876
442,linear,9,8,17,True,False,False,
442,mlp,9,8,17,True,True,True,
443,connectome,9,2,11,True,False,False,6.3772948533898814
443,linear,9,2,11,True,True,True,
443,mlp,9,2,11,True,True,True,
444,connectome,0,3,5,False,False,True,6.3787081034111734
444,linear,0,3,5,False,True,False,
444,mlp,0,3,5,False,False,True,
445,connectome,1,9,10,True,True,True,6.378740526151202
445,linear,1,9,10,True,True,True,
445,mlp,1,9,10,True,True,True,
446,connectome,1,2,2,False,False,True,6.379704943732084
446,linear,1,2,2,False,True,False,
446,mlp,1,2,2,False,False,True,
447,connectome,1,4,5,True,True,True,6.379704943732084
447,linear,1,4,5,True,True,True,
447,mlp,1,4,5,True,True,True,
448,connectome,2,8,10,True,True,True,6.379720201492098
448,linear,2,8,10,True,True,True,
448,mlp,2,8,10,True,True,True,
449,connectome,1,6,7,True,True,True,6.379720201492098
449,linear,1,6,7,True,True,True,
449,mlp,1,6,7,True,True,True,
450,connectome,9,9,15,False,False,True,6.379752624232128
450,linear,9,9,15,False,False,True,
450,mlp,9,9,15,False,False,True,
451,connectome,4,2,6,True,False,False,6.379850528192217
451,linear,4,2,6,True,True,True,
451,mlp,4,2,6,True,True,True,
452,connectome,4,3,6,False,False,True,6.380565099952871
452,linear,4,3,6,False,True,False,
452,mlp,4,3,6,False,True,False,
453,connectome,9,1,10,True,False,False,6.380669997052967
453,linear,9,1,10,True,False,False,
453,mlp,9,1,10,True,True,True,
454,connectome,0,4,10,False,False,True,6.383912906795931
454,linear,0,4,10,False,False,True,
454,mlp,0,4,10,False,False,True,
455,connectome,1,8,7,False,True,False,6.3845213099764875
455,linear,1,8,7,False,True,False,
455,mlp,1,8,7,False,False,True,
456,connectome,9,4,16,False,False,True,6.384530846076496
456,linear,9,4,16,False,False,True,
456,mlp,9,4,16,False,False,True,
457,connectome,8,0,7,False,False,True,6.389066850980643
457,linear,8,0,7,False,True,False,
457,mlp,8,0,7,False,False,True,
458,connectome,0,1,1,True,True,True,6.407865047057827
458,linear,0,1,1,True,True,True,
458,mlp,0,1,1,True,False,False,
459,connectome,4,6,14,False,False,True,6.408138415258077
459,linear,4,6,14,False,False,True,
459,mlp,4,6,14,False,False,True,
460,connectome,0,5,0,False,False,True,6.422347204271066
460,linear,0,5,0,False,False,True,
460,mlp,0,5,0,False,False,True,
461,connectome,0,2,2,True,True,True,6.424284304052837
461,linear,0,2,2,True,True,True,
461,mlp,0,2,2,True,False,False,
462,connectome,9,3,13,False,False,True,6.424391744112936
462,linear,9,3,13,False,False,True,
462,mlp,9,3,13,False,False,True,
463,connectome,1,6,7,True,True,True,6.4243949228129384
463,linear,1,6,7,True,True,True,
463,mlp,1,6,7,True,False,False,
464,connectome,8,4,12,True,False,False,6.424438788872978
464,linear,8,4,12,True,True,True,
464,mlp,8,4,12,True,False,False,
465,connectome,1,3,5,False,False,True,6.424466125693003
465,linear,1,3,5,False,True,False,
465,mlp,1,3,5,False,False,True,
466,connectome,8,0,8,True,False,False,6.425262072173731
466,linear,8,0,8,True,True,True,
466,mlp,8,0,8,True,False,False,
467,connectome,4,8,12,True,True,True,6.425451522693904
467,linear,4,8,12,True,True,True,
467,mlp,4,8,12,True,False,False,
468,connectome,5,0,5,True,False,False,6.426113328034509
468,linear,5,0,5,True,True,True,
468,mlp,5,0,5,True,False,False,
469,connectome,3,4,7,True,False,False,6.426401953994773
469,linear,3,4,7,True,True,True,
469,mlp,3,4,7,True,False,False,
470,connectome,1,2,3,True,True,True,6.426998913855319
470,linear,1,2,3,True,True,True,
470,mlp,1,2,3,True,True,True,
471,connectome,8,8,14,False,False,True,6.42701099291533
471,linear,8,8,14,False,False,True,
471,mlp,8,8,14,False,False,True,
472,connectome,9,3,1,False,False,True,6.437295994644732
472,linear,9,3,1,False,False,True,
472,mlp,9,3,1,False,False,True,
473,connectome,8,6,14,True,False,False,6.43738118380481
473,linear,8,6,14,True,True,True,
473,mlp,8,6,14,True,True,True,
474,connectome,8,5,13,True,False,False,6.437452386684875
474,linear,8,5,13,True,True,True,
474,mlp,8,5,13,True,True,True,
475,connectome,8,6,14,True,False,False,6.437510874764929
475,linear,8,6,14,True,True,True,
475,mlp,8,6,14,True,True,True,
476,connectome,4,9,13,True,True,True,6.437602421325012
476,linear,4,9,13,True,True,True,
476,mlp,4,9,13,True,True,True,
477,connectome,0,5,5,True,True,True,6.437758813365155
477,linear,0,5,5,True,True,True,
477,mlp,0,5,5,True,True,True,
478,connectome,6,2,8,True,False,False,6.437760084845156
478,linear,6,2,8,True,True,True,
478,mlp,6,2,8,True,True,True,
479,connectome,6,5,13,False,False,True,6.437788057405181
479,linear,6,5,13,False,True,False,
479,mlp,6,5,13,False,True,False,
480,connectome,7,5,12,True,False,False,6.437837645125227
480,linear,7,5,12,True,True,True,
480,mlp,7,5,12,True,True,True,
481,connectome,0,1,1,True,True,True,6.453683464639712
481,linear,0,1,1,True,True,True,
481,mlp,0,1,1,True,True,True,
482,connectome,4,1,8,False,False,True,6.456429225702223
482,linear,4,1,8,False,True,False,
482,mlp,4,1,8,False,False,True,
483,connectome,1,9,1,False,False,True,6.46429142228941
483,linear,1,9,1,False,False,True,
483,mlp,1,9,1,False,False,True,
484,connectome,4,9,16,False,False,True,6.464300322649418
484,linear,4,9,16,False,True,False,
484,mlp,4,9,16,False,True,False,
485,connectome,5,9,14,True,True,True,6.464428106389535
485,linear,5,9,14,True,True,True,
485,mlp,5,9,14,True,True,True,
486,connectome,8,0,6,False,False,True,6.46816371463295
486,linear,8,0,6,False,True,False,
486,mlp,8,0,6,False,False,True,
487,connectome,0,4,4,True,True,True,6.468563595093316
487,linear,0,4,4,True,True,True,
487,mlp,0,4,4,True,True,True,
488,connectome,4,6,15,False,False,True,6.468781018173514
488,linear,4,6,15,False,True,False,
488,mlp,4,6,15,False,True,False,
489,connectome,3,9,12,True,True,True,6.468789282793522
489,linear,3,9,12,True,True,True,
489,mlp,3,9,12,True,True,True,
490,connectome,5,6,11,True,False,False,6.46879818315353
490,linear,5,6,11,True,True,True,
490,mlp,5,6,11,True,True,True,
491,connectome,0,7,7,True,True,True,6.468959025373677
491,linear,0,7,7,True,True,True,
491,mlp,0,7,7,True,True,True,
492,connectome,6,0,6,True,False,False,6.469405314854085
492,linear,6,0,6,True,True,True,
492,mlp,6,0,6,True,True,True,
493,connectome,5,2,7,True,False,False,6.469406586334086
493,linear,5,2,7,True,True,True,
493,mlp,5,2,7,True,True,True,
494,connectome,1,6,7,True,True,True,6.469407857814088
494,linear,1,6,7,True,True,True,
494,mlp,1,6,7,True,True,True,
495,connectome,1,6,7,True,True,True,6.469407857814088
495,linear,1,6,7,True,True,True,
495,mlp,1,6,7,True,True,True,
496,connectome,0,0,1,False,False,True,6.481555577745192
496,linear,0,0,1,False,True,False,
496,mlp,0,0,1,False,False,True,
497,connectome,6,0,9,False,False,True,6.4863821158296044
497,linear,6,0,9,False,False,True,
497,mlp,6,0,9,False,True,False,
498,connectome,8,9,18,False,False,True,6.48647556960969
498,linear,8,9,18,False,True,False,
498,mlp,8,9,18,False,True,False,
499,connectome,9,2,11,True,False,False,6.486477476829692
499,linear,9,2,11,True,False,False,
499,mlp,9,2,11,True,True,True,
500,connectome,8,2,10,True,False,False,6.486477476829692
500,linear,8,2,10,True,True,True,
500,mlp,8,2,10,True,True,True,
501,connectome,9,5,15,False,False,True,6.487612272730729
501,linear,9,5,15,False,False,True,
501,mlp,9,5,15,False,True,False,
502,connectome,0,5,5,True,True,True,6.487701912070811
502,linear,0,5,5,True,True,True,
502,mlp,0,5,5,True,True,True,
503,connectome,2,8,10,True,True,True,6.487708905210817
503,linear,2,8,10,True,True,True,
503,mlp,2,8,10,True,True,True,
504,connectome,1,0,13,False,False,True,6.500119821502163
504,linear,1,0,13,False,False,True,
504,mlp,1,0,13,False,False,True,
505,connectome,3,4,7,True,False,False,6.500507622902518
505,linear,3,4,7,True,True,True,
505,mlp,3,4,7,True,True,True,
506,connectome,6,3,7,False,False,True,6.500758104462746
506,linear,6,3,7,False,True,False,
506,mlp,6,3,7,False,False,True,
507,connectome,0,4,2,False,True,False,6.504057595065762
507,linear,0,4,2,False,True,False,
507,mlp,0,4,2,False,False,True,
508,connectome,5,5,11,False,False,True,6.504068402645773
508,linear,5,5,11,False,True,False,
508,mlp,5,5,11,False,True,False,
509,connectome,8,4,7,False,False,True,6.504600517026259
509,linear,8,4,7,False,False,True,
509,mlp,8,4,7,False,False,True,
510,connectome,5,0,5,True,False,False,6.50509448700671
510,linear,5,0,5,True,True,True,
510,mlp,5,0,5,True,True,True,
511,connectome,9,8,18,False,False,True,6.505099572926715
511,linear,9,8,18,False,False,True,
511,mlp,9,8,18,False,True,False,
512,connectome,1,0,1,True,False,False,6.51783725957836
512,linear,1,0,1,True,True,True,
512,mlp,1,0,1,True,False,False,
513,connectome,6,2,7,False,False,True,6.517958685918471
513,linear,6,2,7,False,True,False,
513,mlp,6,2,7,False,False,True,
514,connectome,7,4,9,False,False,True,6.5183547519388325
514,linear,7,4,9,False,True,False,
514,mlp,7,4,9,False,False,True,
515,connectome,3,1,4,True,False,False,6.518678979339129
515,linear,3,1,4,True,True,True,
515,mlp,3,1,4,True,True,True,
516,connectome,1,4,8,False,False,True,6.518709494859157
516,linear,1,4,8,False,True,False,
516,mlp,1,4,8,False,False,True,
517,connectome,3,3,6,True,False,False,6.518914203139344
517,linear,3,3,6,True,True,True,
517,mlp,3,3,6,True,False,False,
518,connectome,4,2,6,True,False,False,6.5189752341794
518,linear,4,2,6,True,True,True,
518,mlp,4,2,6,True,False,False,
519,connectome,7,6,10,False,False,True,6.519418344959805
519,linear,7,6,10,False,True,False,
519,mlp,7,6,10,False,False,True,
520,connectome,7,5,12,True,False,False,6.5194603037998435
520,linear,7,5,12,True,True,True,
520,mlp,7,5,12,True,False,False,
521,connectome,0,7,10,False,True,False,6.520336989260644
521,linear,0,7,10,False,True,False,
521,mlp,0,7,10,False,False,True,
522,connectome,5,0,5,True,False,False,6.520723519180998
522,linear,5,0,5,True,True,True,
522,mlp,5,0,5,True,False,False,
523,connectome,4,0,4,True,False,False,6.521245461721476
523,linear,4,0,4,True,True,True,
523,mlp,4,0,4,True,True,True,
524,connectome,6,9,15,True,False,False,6.521377695641596
524,linear,6,9,15,True,True,True,
524,mlp,6,9,15,True,False,False,
525,connectome,0,3,1,False,True,False,6.526447722146231
525,linear,0,3,1,False,True,False,
525,mlp,0,3,1,False,False,True,
526,connectome,4,1,14,False,False,True,6.529621336229132
526,linear,4,1,14,False,False,True,
526,mlp,4,1,14,False,False,True,
527,connectome,4,9,13,True,True,True,6.529680460049186
527,linear,4,9,13,True,True,True,
527,mlp,4,9,13,True,False,False,
528,connectome,9,6,4,False,False,True,6.534346791653452
528,linear,9,6,4,False,False,True,
528,mlp,9,6,4,False,False,True,
529,connectome,0,5,5,True,True,True,6.534424351933523
529,linear,0,5,5,True,True,True,
529,mlp,0,5,5,True,True,True,
530,connectome,8,1,9,True,False,False,6.534428166373527
530,linear,8,1,9,True,True,True,
530,mlp,8,1,9,True,True,True,
531,connectome,6,7,16,False,False,True,6.534564214733651
531,linear,6,7,16,False,False,True,
531,mlp,6,7,16,False,False,True,
532,connectome,5,2,7,True,False,False,6.534564214733651
532,linear,5,2,7,True,True,True,
532,mlp,5,2,7,True,True,True,
533,connectome,8,0,8,True,False,False,6.5350136829140615
533,linear,8,0,8,True,True,True,
533,mlp,8,0,8,True,True,True,
534,connectome,3,9,3,False,False,True,6.537524855916358
534,linear,3,9,3,False,False,True,
534,mlp,3,9,3,False,False,True,
535,connectome,5,5,10,True,False,False,6.537530577576362
535,linear,5,5,10,True,True,True,
535,mlp,5,5,10,True,True,True,
536,connectome,0,5,6,False,True,False,6.538247692297018
536,linear,0,5,6,False,True,False,
536,mlp,0,5,6,False,True,False,
537,connectome,5,6,11,True,False,False,6.538250235257021
537,linear,5,6,11,True,True,True,
537,mlp,5,6,11,True,True,True,
538,connectome,2,6,10,False,True,False,6.538251506737022
538,linear,2,6,10,False,True,False,
538,mlp,2,6,10,False,True,False,
539,connectome,5,6,2,False,False,True,6.542925467221294
539,linear,5,6,2,False,False,True,
539,mlp,5,6,2,False,False,True,
540,connectome,2,4,4,False,False,True,6.543093302581448
540,linear,2,4,4,False,True,False,
540,mlp,2,4,4,False,False,True,
541,connectome,1,4,5,True,True,True,6.543093938321448
541,linear,1,4,5,True,True,True,
541,mlp,1,4,5,True,True,True,
542,connectome,9,7,16,True,False,False,6.543129539761481
542,linear,9,7,16,True,False,False,
542,mlp,9,7,16,True,True,True,
543,connectome,8,1,11,False,False,True,6.544897532703097
543,linear,8,1,11,False,True,False,
543,mlp,8,1,11,False,True,False,
544,connectome,4,1,12,False,False,True,6.546890577604919
544,linear,4,1,12,False,False,True,
544,mlp,4,1,12,False,False,True,
545,connectome,7,7,14,True,False,False,6.546895027784923
545,linear,7,7,14,True,True,True,
545,mlp,7,7,14,True,True,True,
546,connectome,6,6,12,True,False,False,6.5468975707449255
546,linear,6,6,12,True,True,True,
546,mlp,6,6,12,True,True,True,
547,connectome,9,3,14,False,False,True,6.546901385184929
547,linear,9,3,14,False,True,False,
547,mlp,9,3,14,False,True,False,
548,connectome,3,7,10,True,True,True,6.5469395295849635
548,linear,3,7,10,True,True,True,
548,mlp,3,7,10,True,True,True,
549,connectome,6,6,12,True,False,False,6.546941436804966
549,linear,6,6,12,True,True,True,
549,mlp,6,6,12,True,True,True,
550,connectome,0,8,6,False,True,False,6.548109291186033
550,linear,0,8,6,False,True,False,
550,mlp,0,8,6,False,False,True,
551,connectome,2,5,7,True,True,True,6.548109291186033
551,linear,2,5,7,True,True,True,
551,mlp,2,5,7,True,True,True,
552,connectome,7,2,6,False,False,True,6.5483654944062675
552,linear,7,2,6,False,True,False,
552,mlp,7,2,6,False,False,True,
553,connectome,8,9,14,False,False,True,6.54941891558723
553,linear,8,9,14,False,False,True,
553,mlp,8,9,14,False,False,True,
554,connectome,6,9,15,True,False,False,6.549521905467325
554,linear,6,9,15,True,False,False,
554,mlp,6,9,15,True,True,True,
555,connectome,5,8,13,True,False,False,6.549531441567333
555,linear,5,8,13,True,True,True,
555,mlp,5,8,13,True,True,True,
556,connectome,7,3,7,False,False,True,6.549677661767467
556,linear,7,3,7,False,True,False,
556,mlp,7,3,7,False,False,True,
557,connectome,5,1,6,True,False,False,6.549678297507468
557,linear,5,1,6,True,True,True,
557,mlp,5,1,6,True,True,True,
558,connectome,1,3,4,True,True,True,6.549687833607476
558,linear,1,3,4,True,True,True,
558,mlp,1,3,4,True,True,True,
559,connectome,4,1,5,True,False,False,6.54969164804748
559,linear,4,1,5,True,True,True,
559,mlp,4,1,5,True,True,True,
560,connectome,2,7,13,False,False,True,6.549696733967484
560,linear,2,7,13,False,False,True,
560,mlp,2,7,13,False,False,True,
561,connectome,0,1,13,False,False,True,6.559914982996825
561,linear,0,1,13,False,False,True,
561,mlp,0,1,13,False,False,True,
562,connectome,0,5,6,False,True,False,6.560463626617327
562,linear,0,5,6,False,True,False,
562,mlp,0,5,6,False,True,False,
563,connectome,5,5,7,False,False,True,6.561078387197889
563,linear,5,5,7,False,False,True,
563,mlp,5,5,7,False,False,True,
564,connectome,3,9,16,False,False,True,6.561081565897892
564,linear,3,9,16,False,False,True,
564,mlp,3,9,16,False,False,True,
565,connectome,7,0,9,False,False,True,6.5643963142609225
565,linear,7,0,9,False,True,False,
565,mlp,7,0,9,False,True,False,
566,connectome,9,9,18,True,False,False,6.564397585740923
566,linear,9,9,18,True,False,False,
566,mlp,9,9,18,True,True,True,
567,connectome,3,3,5,False,False,True,6.564662689321166
567,linear,3,3,5,False,True,False,
567,mlp,3,3,5,False,False,True,
568,connectome,2,4,6,True,True,True,6.564676039861178
568,linear,2,4,6,True,True,True,
568,mlp,2,4,6,True,True,True,
569,connectome,9,8,17,True,False,False,6.564677947081179
569,linear,9,8,17,True,False,False,
569,mlp,9,8,17,True,True,True,
570,connectome,3,6,14,False,False,True,6.564749149961244
570,linear,3,6,14,False,False,True,
570,mlp,3,6,14,False,False,True,
571,connectome,3,1,15,False,False,True,6.567241886503523
571,linear,3,1,15,False,False,True,
571,mlp,3,1,15,False,False,True,
572,connectome,1,9,10,True,True,True,6.5672476081635285
572,linear,1,9,10,True,True,True,
572,mlp,1,9,10,True,True,True,
573,connectome,2,3,6,False,False,True,6.5672813023835594
573,linear,2,3,6,False,True,False,
573,mlp,2,3,6,False,False,True,
574,connectome,0,5,5,True,True,True,6.567339154723612
574,linear,0,5,5,True,True,True,
574,mlp,0,5,5,True,True,True,
575,connectome,3,3,6,True,False,False,6.567506990083766
575,linear,3,3,6,True,True,True,
575,mlp,3,3,6,True,True,True,
576,connectome,7,2,8,False,False,True,6.567556577803811
576,linear,7,2,8,False,True,False,
576,mlp,7,2,8,False,False,True,
577,connectome,7,1,16,False,False,True,6.570468902746473
577,linear,7,1,16,False,False,True,
577,mlp,7,1,16,False,False,True,
578,connectome,5,6,11,True,False,False,6.570468902746473
578,linear,5,6,11,True,True,True,
578,mlp,5,6,11,True,True,True,
579,connectome,1,1,5,False,False,True,6.571509609127425
579,linear,1,1,5,False,False,True,
579,mlp,1,1,5,False,False,True,
580,connectome,3,5,10,False,False,True,6.571538217427451
580,linear,3,5,10,False,False,True,
580,mlp,3,5,10,False,False,True,
581,connectome,5,9,14,True,True,True,6.571604334387511
581,linear,5,9,14,True,False,False,
581,mlp,5,9,14,True,True,True,
582,connectome,0,2,2,True,True,True,6.572943838568736
582,linear,0,2,2,True,True,True,
582,mlp,0,2,2,True,True,True,
583,connectome,0,2,2,True,True,True,6.574084991869779
583,linear,0,2,2,True,True,True,
583,mlp,0,2,2,True,True,True,
584,connectome,3,3,5,False,False,True,6.574300507729976
584,linear,3,3,5,False,True,False,
584,mlp,3,3,5,False,False,True,
585,connectome,3,7,10,True,True,True,6.574324030109998
585,linear,3,7,10,True,True,True,
585,mlp,3,7,10,True,True,True,
586,connectome,3,7,10,True,True,True,6.574341830830014
586,linear,3,7,10,True,True,True,
586,mlp,3,7,10,True,True,True,
587,connectome,7,6,14,False,False,True,6.574343102310015
587,linear,7,6,14,False,False,True,
587,mlp,7,6,14,False,True,False,
588,connectome,8,6,11,False,False,True,6.5754232245710025
588,linear,8,6,11,False,False,True,
588,mlp,8,6,11,False,False,True,
589,connectome,3,5,8,True,True,True,6.5754442039910215
589,linear,3,5,8,True,True,True,
589,mlp,3,5,8,True,True,True,
590,connectome,6,8,16,False,False,True,6.575458826011035
590,linear,6,8,16,False,False,True,
590,mlp,6,8,16,False,True,False,
591,connectome,5,5,10,True,False,False,6.575460097491036
591,linear,5,5,10,True,True,True,
591,mlp,5,5,10,True,True,True,
592,connectome,6,4,8,False,False,True,6.575640647651201
592,linear,6,4,8,False,True,False,
592,mlp,6,4,8,False,False,True,
593,connectome,4,1,5,True,False,False,6.575646369311206
593,linear,4,1,5,True,True,True,
593,mlp,4,1,5,True,True,True,
594,connectome,9,6,7,False,False,True,6.577441699072848
594,linear,9,6,7,False,False,True,
594,mlp,9,6,7,False,False,True,
595,connectome,8,8,16,True,False,False,6.577441699072848
595,linear,8,8,16,True,False,False,
595,mlp,8,8,16,True,True,True,
596,connectome,6,2,15,False,False,True,6.577748761493129
596,linear,6,2,15,False,False,True,
596,mlp,6,2,15,False,False,True,
597,connectome,5,3,10,False,False,True,6.578694106873993
597,linear,5,3,10,False,True,False,
597,mlp,5,3,10,False,False,True,
598,connectome,0,2,5,False,False,True,6.581684627836727
598,linear,0,2,5,False,True,False,
598,mlp,0,2,5,False,False,True,
599,connectome,0,8,15,False,True,False,6.5828353172377785
599,linear,0,8,15,False,False,True,
599,mlp,0,8,15,False,False,True,
600,connectome,3,2,11,False,False,True,6.583428462658321
600,linear,3,2,11,False,False,True,
600,mlp,3,2,11,False,False,True,
601,connectome,4,7,11,True,True,True,6.58346088539835
601,linear,4,7,11,True,True,True,
601,mlp,4,7,11,True,True,True,
602,connectome,9,2,11,True,False,False,6.58346088539835
602,linear,9,2,11,True,True,True,
602,mlp,9,2,11,True,True,True,
603,connectome,6,9,15,True,False,False,6.583530181058413
603,linear,6,9,15,True,False,False,
603,mlp,6,9,15,True,True,True,
604,connectome,5,8,13,True,False,False,6.583532088278416
604,linear,5,8,13,True,True,True,
604,mlp,5,8,13,True,True,True,
605,connectome,2,8,10,True,True,True,6.583532724018416
605,linear,2,8,10,True,True,True,
605,mlp,2,8,10,True,True,True,
606,connectome,8,6,14,True,False,False,6.583563875278444
606,linear,8,6,14,True,False,False,
606,mlp,8,6,14,True,True,True,
607,connectome,8,3,11,True,False,False,6.583589304878467
607,linear,8,3,11,True,True,True,
607,mlp,8,3,11,True,True,True,
608,connectome,4,7,12,False,False,True,6.583637621118512
608,linear,4,7,12,False,True,False,
608,mlp,4,7,12,False,True,False,
609,connectome,0,7,7,True,True,True,6.5837336178585995
609,linear,0,7,7,True,True,True,
609,mlp,0,7,7,True,True,True,
610,connectome,1,2,3,True,True,True,6.5841894434390165
610,linear,1,2,3,True,True,True,
610,mlp,1,2,3,True,True,True,
611,connectome,9,1,11,False,False,True,6.585253036459989
611,linear,9,1,11,False,True,False,
611,mlp,9,1,11,False,True,False,
612,connectome,8,0,8,True,False,False,6.585634480460337
612,linear,8,0,8,True,True,True,
612,mlp,8,0,8,True,True,True,
613,connectome,7,8,15,True,False,False,6.585635751940338
613,linear,7,8,15,True,True,True,
613,mlp,7,8,15,True,True,True,
614,connectome,3,8,11,True,True,True,6.585650373960352
614,linear,3,8,11,True,True,True,
614,mlp,3,8,11,True,True,True,
615,connectome,7,7,14,True,False,False,6.585650373960352
615,linear,7,7,14,True,True,True,
615,mlp,7,7,14,True,True,True,
616,connectome,2,0,13,False,False,True,6.590771259665033
616,linear,2,0,13,False,False,True,
616,mlp,2,0,13,False,False,True,
617,connectome,1,1,9,False,False,True,6.592104406446252
617,linear,1,1,9,False,False,True,
617,mlp,1,1,9,False,False,True,
618,connectome,3,1,4,True,False,False,6.592356159486482
618,linear,3,1,4,True,True,True,
618,mlp,3,1,4,True,True,True,
619,connectome,9,0,11,False,False,True,6.5949131057688195
619,linear,9,0,11,False,True,False,
619,mlp,9,0,11,False,True,False,
620,connectome,0,0,0,True,True,True,6.686315988612376
620,linear,0,0,0,True,True,True,
620,mlp,0,0,0,True,True,True,
621,connectome,7,9,15,False,False,True,6.686596985692633
621,linear,7,9,15,False,True,False,
621,mlp,7,9,15,False,True,False,
622,connectome,0,2,2,True,True,True,6.687570939373524
622,linear,0,2,2,True,True,True,
622,mlp,0,2,2,True,True,True,
623,connectome,2,5,12,False,False,True,6.687575389553528
623,linear,2,5,12,False,False,True,
623,mlp,2,5,12,False,False,True,
624,connectome,9,0,12,False,False,True,6.689553176695336
624,linear,9,0,12,False,True,False,
624,mlp,9,0,12,False,False,True,
625,connectome,3,0,2,False,False,True,6.692773199798279
625,linear,3,0,2,False,True,False,
625,mlp,3,0,2,False,False,True,
626,connectome,5,2,7,True,False,False,6.692796722178301
626,linear,5,2,7,True,True,True,
626,mlp,5,2,7,True,True,True,
627,connectome,3,7,10,True,True,True,6.692815794378318
627,linear,3,7,10,True,True,True,
627,mlp,3,7,10,True,True,True,
628,connectome,4,6,8,False,False,True,6.69446935411983
628,linear,4,6,8,False,True,False,
628,mlp,4,6,8,False,False,True,
629,connectome,5,6,13,False,False,True,6.6944795259598395
629,linear,5,6,13,False,True,False,
629,mlp,5,6,13,False,False,True,
630,connectome,5,4,9,True,False,False,6.694483976139844
630,linear,5,4,9,True,True,True,
630,mlp,5,4,9,True,True,True,
631,connectome,3,5,8,True,True,True,6.694499869639857
631,linear,3,5,8,True,True,True,
631,mlp,3,5,8,True,True,True,
632,connectome,1,7,8,True,True,True,6.69450241259986
632,linear,1,7,8,True,True,True,
632,mlp,1,7,8,True,True,True,
633,connectome,0,2,2,True,True,True,6.695313616840601
633,linear,0,2,2,True,True,True,
633,mlp,0,2,2,True,True,True,
634,connectome,5,7,10,False,False,True,6.696025009901252
634,linear,5,7,10,False,True,False,
634,mlp,5,7,10,False,False,True,
635,connectome,7,2,9,True,False,False,6.6960275528612545
635,linear,7,2,9,True,True,True,
635,mlp,7,2,9,True,True,True,
636,connectome,7,4,10,False,False,True,6.69699642062214
636,linear,7,4,10,False,True,False,
636,mlp,7,4,10,False,False,True,
637,connectome,1,0,1,True,False,False,6.707215305391482
637,linear,1,0,1,True,True,True,
637,mlp,1,0,1,True,True,True,
638,connectome,4,4,10,False,False,True,6.7072445494315085
638,linear,4,4,10,False,True,False,
638,mlp,4,4,10,False,False,True,
639,connectome,3,9,12,True,True,True,6.707251542571515
639,linear,3,9,12,True,True,True,
639,mlp,3,9,12,True,True,True,
640,connectome,9,1,10,True,False,False,6.707275700691537
640,linear,9,1,10,True,True,True,
640,mlp,9,1,10,True,False,False,
641,connectome,7,2,7,False,False,True,6.7072954086315555
641,linear,7,2,7,False,True,False,
641,mlp,7,2,7,False,False,True,
642,connectome,6,6,9,False,False,True,6.7076247219518566
642,linear,6,6,9,False,True,False,
642,mlp,6,6,9,False,False,True,
643,connectome,2,7,6,False,True,False,6.70774932699197
643,linear,2,7,6,False,True,False,
643,mlp,2,7,6,False,False,True,
644,connectome,9,5,14,True,False,False,6.707751234211972
644,linear,9,5,14,True,True,True,
644,mlp,9,5,14,True,True,True,
645,connectome,0,0,0,True,True,True,6.787764834945117
645,linear,0,0,0,True,True,True,
645,mlp,0,0,0,True,True,True,
646,connectome,8,3,11,True,False,False,6.7878061580451545
646,linear,8,3,11,True,True,True,
646,mlp,8,3,11,True,True,True,
647,connectome,3,6,6,False,False,True,6.788032481485362
647,linear,3,6,6,False,True,False,
647,mlp,3,6,6,False,False,True,
648,connectome,8,4,12,True,False,False,6.78805155368538
648,linear,8,4,12,True,True,True,
648,mlp,8,4,12,True,True,True,
649,connectome,6,6,10,False,False,True,6.788200316845515
649,linear,6,6,10,False,True,False,
649,mlp,6,6,10,False,False,True,
650,connectome,0,2,2,True,True,True,6.7889072597261615
650,linear,0,2,2,True,True,True,
650,mlp,0,2,2,True,True,True,
651,connectome,0,5,8,False,True,False,6.7894177589466285
651,linear,0,5,8,False,True,False,
651,mlp,0,5,8,False,False,True,
652,connectome,2,9,11,True,True,True,6.789421573386631
652,linear,2,9,11,True,True,True,
652,mlp,2,9,11,True,True,True,
653,connectome,4,7,12,False,False,True,6.789434923926644
653,linear,4,7,12,False,True,False,
653,mlp,4,7,12,False,True,False,
654,connectome,0,9,9,True,True,True,6.789904100047073
654,linear,0,9,9,True,True,True,
654,mlp,0,9,9,True,True,True,
655,connectome,8,1,6,False,False,True,6.790505510087622
655,linear,8,1,6,False,True,False,
655,mlp,8,1,6,False,False,True,
656,connectome,6,8,15,False,False,True,6.790509324527626
656,linear,6,8,15,False,True,False,
656,mlp,6,8,15,False,True,False,
657,connectome,8,0,11,False,False,True,6.791981698368972
657,linear,8,0,11,False,True,False,
657,mlp,8,0,11,False,False,True,
658,connectome,0,6,7,False,True,False,6.792402558249357
658,linear,0,6,7,False,True,False,
658,mlp,0,6,7,False,True,False,
659,connectome,5,5,10,True,False,False,6.792409551389363
659,linear,5,5,10,True,True,True,
659,mlp,5,5,10,True,True,True,
660,connectome,2,3,13,False,False,True,6.792883177689796
660,linear,2,3,13,False,False,True,
660,mlp,2,3,13,False,False,True,
661,connectome,4,4,2,False,False,True,6.796971621633534
661,linear,4,4,2,False,False,True,
661,mlp,4,4,2,False,False,True,
662,connectome,1,0,2,False,False,True,6.801475839537651
662,linear,1,0,2,False,True,False,
662,mlp,1,0,2,False,False,True,
663,connectome,1,1,14,False,False,True,6.8057098679415216
663,linear,1,1,14,False,False,True,
663,mlp,1,1,14,False,False,True,
664,connectome,4,7,14,False,False,True,6.805723854221535
664,linear,4,7,14,False,False,True,
664,mlp,4,7,14,False,False,True,
665,connectome,4,8,8,False,False,True,6.805913940481709
665,linear,4,8,8,False,False,True,
665,mlp,4,8,8,False,False,True,
666,connectome,2,8,9,False,True,False,6.8059164834417105
666,linear,2,8,9,False,True,False,
666,mlp,2,8,9,False,False,True,
667,connectome,1,1,2,True,True,True,6.8124086603276455
667,linear,1,1,2,True,True,True,
667,mlp,1,1,2,True,False,False,
668,connectome,6,5,10,False,False,True,6.812531993887759
668,linear,6,5,10,False,False,True,
668,mlp,6,5,10,False,False,True,
669,connectome,6,1,7,True,False,False,6.812541529987767
669,linear,6,1,7,True,True,True,
669,mlp,6,1,7,True,False,False,
670,connectome,5,2,7,True,False,False,6.812542801467768
670,linear,5,2,7,True,True,True,
670,mlp,5,2,7,True,False,False,
671,connectome,7,1,8,True,False,False,6.81254470868777
671,linear,7,1,8,True,True,True,
671,mlp,7,1,8,True,False,False,
672,connectome,8,4,12,True,False,False,6.812559966447784
672,linear,8,4,12,True,False,False,
672,mlp,8,4,12,True,False,False,
673,connectome,4,7,11,True,True,True,6.812591753447813
673,linear,4,7,11,True,True,True,
673,mlp,4,7,11,True,False,False,
674,connectome,6,1,1,False,False,True,6.818743173693436
674,linear,6,1,1,False,False,True,
674,mlp,6,1,1,False,False,True,
675,connectome,0,8,7,False,True,False,6.819245408293895
675,linear,0,8,7,False,True,False,
675,mlp,0,8,7,False,False,True,
676,connectome,6,6,12,True,False,False,6.819246679773896
676,linear,6,6,12,True,False,False,
676,mlp,6,6,12,True,False,False,
677,connectome,6,0,2,False,False,True,6.823514402397798
677,linear,6,0,2,False,False,True,
677,mlp,6,0,2,False,False,True,
678,connectome,5,7,12,True,False,False,6.82355953993784
678,linear,5,7,12,True,True,True,
678,mlp,5,7,12,True,True,True,
679,connectome,7,6,16,False,False,True,6.823569711777848
679,linear,7,6,16,False,False,True,
679,mlp,7,6,16,False,False,True,
680,connectome,4,2,6,True,False,False,6.823607856177883
680,linear,4,2,6,True,True,True,
680,mlp,4,2,6,True,True,True,
681,connectome,8,3,11,True,False,False,6.823621206717895
681,linear,8,3,11,True,False,False,
681,mlp,8,3,11,True,True,True,
682,connectome,6,5,9,False,False,True,6.823822100558079
682,linear,6,5,9,False,False,True,
682,mlp,6,5,9,False,False,True,
683,connectome,5,1,6,True,False,False,6.823822100558079
683,linear,5,1,6,True,True,True,
683,mlp,5,1,6,True,True,True,
684,connectome,7,3,10,True,False,False,6.823822100558079
684,linear,7,3,10,True,True,True,
684,mlp,7,3,10,True,True,True,
685,connectome,7,8,15,True,False,False,6.823822100558079
685,linear,7,8,15,True,False,False,
685,mlp,7,8,15,True,True,True,
686,connectome,5,0,5,True,False,False,6.824020451438261
686,linear,5,0,5,True,True,True,
686,mlp,5,0,5,True,True,True,
687,connectome,5,2,7,True,False,False,6.824021087178261
687,linear,5,2,7,True,True,True,
687,mlp,5,2,7,True,True,True,
688,connectome,0,2,2,True,True,True,6.824604060758794
688,linear,0,2,2,True,True,True,
688,mlp,0,2,2,True,True,True,
689,connectome,2,5,7,True,True,True,6.824604060758794
689,linear,2,5,7,True,True,True,
689,mlp,2,5,7,True,True,True,
690,connectome,3,0,3,True,False,False,6.82584629671993
690,linear,3,0,3,True,True,True,
690,mlp,3,0,3,True,True,True,
691,connectome,6,4,10,True,False,False,6.825852654119935
691,linear,6,4,10,True,True,True,
691,mlp,6,4,10,True,True,True,
692,connectome,8,3,9,False,False,True,6.8258660046599475
692,linear,8,3,9,False,True,False,
692,mlp,8,3,9,False,False,True,
693,connectome,8,8,16,True,False,False,6.8258660046599475
693,linear,8,8,16,True,True,True,
693,mlp,8,8,16,True,True,True,
694,connectome,5,6,11,True,False,False,6.8258660046599475
694,linear,5,6,11,True,True,True,
694,mlp,5,6,11,True,True,True,
695,connectome,1,9,4,False,True,False,6.826812621520813
695,linear,1,9,4,False,False,True,
695,mlp,1,9,4,False,False,True,
696,connectome,6,5,13,False,False,True,6.826813893000814
696,linear,6,5,13,False,True,False,
696,mlp,6,5,13,False,True,False,
697,connectome,4,0,11,False,False,True,6.831410928945017
697,linear,4,0,11,False,False,True,
697,mlp,4,0,11,False,False,True,
698,connectome,2,6,8,True,True,True,6.831410928945017
698,linear,2,6,8,True,True,True,
698,mlp,2,6,8,True,True,True,
699,connectome,1,5,0,False,False,True,6.838008002931048
699,linear,1,5,0,False,False,True,
699,mlp,1,5,0,False,False,True,
700,connectome,1,3,4,True,True,True,6.838009910151049
700,linear,1,3,4,True,True,True,
700,mlp,1,3,4,True,True,True,
701,connectome,9,5,14,True,False,False,6.83801054589105
701,linear,9,5,14,True,True,True,
701,mlp,9,5,14,True,True,True,
702,connectome,3,3,6,True,False,False,6.838133243711162
702,linear,3,3,6,True,True,True,
702,mlp,3,3,6,True,True,True,
703,connectome,8,4,12,True,False,False,6.838144051291172
703,linear,8,4,12,True,True,True,
703,mlp,8,4,12,True,True,True,
704,connectome,1,0,1,True,False,False,6.846151196598492
704,linear,1,0,1,True,True,True,
704,mlp,1,0,1,True,True,True,
705,connectome,8,7,15,True,False,False,6.846156918258497
705,linear,8,7,15,True,True,True,
705,mlp,8,7,15,True,True,True,
706,connectome,5,0,8,False,False,True,6.848333692020487
706,linear,5,0,8,False,True,False,
706,mlp,5,0,8,False,True,False,
707,connectome,0,7,7,True,True,True,6.848408709340555
707,linear,0,7,7,True,True,True,
707,mlp,0,7,7,True,True,True,
708,connectome,5,1,6,True,False,False,6.848411252300558
708,linear,5,1,6,True,True,True,
708,mlp,5,1,6,True,True,True,
709,connectome,5,4,1,False,False,True,6.852713304884491
709,linear,5,4,1,False,False,True,
709,mlp,5,4,1,False,False,True,
710,connectome,6,7,13,True,False,False,6.852713940624491
710,linear,6,7,13,True,True,True,
710,mlp,6,7,13,True,True,True,
711,connectome,4,7,1,False,False,True,6.857422231068795
711,linear,4,7,1,False,False,True,
711,mlp,4,7,1,False,False,True,
712,connectome,5,0,15,False,False,True,6.859972184211126
712,linear,5,0,15,False,False,True,
712,mlp,5,0,15,False,False,True,
713,connectome,2,8,10,True,True,True,6.859972184211126
713,linear,2,8,10,True,True,True,
713,mlp,2,8,10,True,True,True,
714,connectome,0,0,0,True,True,True,6.92947191681466
714,linear,0,0,0,True,True,True,
714,mlp,0,0,0,True,True,True,
715,connectome,8,2,10,True,False,False,6.929489081794676
715,linear,8,2,10,True,True,True,
715,mlp,8,2,10,True,True,True,
716,connectome,9,6,15,True,False,False,6.929518961574703
716,linear,9,6,15,True,True,True,
716,mlp,9,6,15,True,True,True,
717,connectome,4,8,12,True,True,True,6.929561556154742
717,linear,4,8,12,True,True,True,
717,mlp,4,8,12,True,True,True,
718,connectome,9,6,15,True,False,False,6.929583171314762
718,linear,9,6,15,True,True,True,
718,mlp,9,6,15,True,True,True,
719,connectome,7,6,5,False,False,True,6.9318444984968295
719,linear,7,6,5,False,False,True,
719,mlp,7,6,5,False,False,True,
720,connectome,2,8,8,False,True,False,6.9319036223168835
720,linear,2,8,8,False,True,False,
720,mlp,2,8,8,False,True,False,
721,connectome,0,0,0,True,True,True,6.992413991312199
721,linear,0,0,0,True,True,True,
721,mlp,0,0,0,True,True,True,
722,connectome,3,0,3,True,False,False,6.993440711413138
722,linear,3,0,3,True,True,True,
722,mlp,3,0,3,True,True,True,
723,connectome,1,2,3,True,True,True,6.993808804873475
723,linear,1,2,3,True,True,True,
723,mlp,1,2,3,True,True,True,
724,connectome,7,9,16,True,False,False,6.993846313533509
724,linear,7,9,16,True,True,True,
724,mlp,7,9,16,True,True,True,
725,connectome,5,3,15,False,False,True,6.995213790274759
725,linear,5,3,15,False,False,True,
725,mlp,5,3,15,False,False,True,
726,connectome,6,5,8,False,False,True,6.9959366266554195
726,linear,6,5,8,False,True,False,
726,mlp,6,5,8,False,False,True,
727,connectome,3,1,4,True,False,False,6.996075217975546
727,linear,3,1,4,True,True,True,
727,mlp,3,1,4,True,True,True,
728,connectome,2,4,15,False,False,True,6.9962430533357
728,linear,2,4,15,False,False,True,
728,mlp,2,4,15,False,False,True,
729,connectome,1,4,5,True,True,True,6.996248774995705
729,linear,1,4,5,True,True,True,
729,mlp,1,4,5,True,True,True,
730,connectome,3,3,6,True,False,False,6.996354943575803
730,linear,3,3,6,True,True,True,
730,mlp,3,3,6,True,True,True,
731,connectome,3,9,12,True,True,True,6.996354943575803
731,linear,3,9,12,True,True,True,
731,mlp,3,9,12,True,True,True,
732,connectome,5,4,9,True,False,False,6.996356215055804
732,linear,5,4,9,True,True,True,
732,mlp,5,4,9,True,True,True,
733,connectome,0,5,8,False,True,False,6.996728122956143
733,linear,0,5,8,False,True,False,
733,mlp,0,5,8,False,False,True,
734,connectome,7,5,14,False,False,True,6.997581286036923
734,linear,7,5,14,False,True,False,
734,mlp,7,5,14,False,True,False,
735,connectome,1,3,1,False,False,True,6.999501220838678
735,linear,1,3,1,False,True,False,
735,mlp,1,3,1,False,False,True,
736,connectome,9,9,18,True,False,False,6.999501220838678
736,linear,9,9,18,True,False,False,
736,mlp,9,9,18,True,True,True,
737,connectome,7,7,13,False,False,True,6.999506306758684
737,linear,7,7,13,False,True,False,
737,mlp,7,7,13,False,True,False,
738,connectome,5,9,14,True,True,True,6.999530464878705
738,linear,5,9,14,True,True,True,
738,mlp,5,9,14,True,True,True,
739,connectome,7,7,15,False,False,True,6.999531736358707
739,linear,7,7,15,False,True,False,
739,mlp,7,7,15,False,True,False,
740,connectome,8,2,10,True,False,False,6.999531736358707
740,linear,8,2,10,True,True,True,
740,mlp,8,2,10,True,True,True,
741,connectome,6,8,13,False,False,True,7.000105173839231
741,linear,6,8,13,False,True,False,
741,mlp,6,8,13,False,True,False,
742,connectome,2,0,2,True,False,False,7.001683716260674
742,linear,2,0,2,True,True,True,
742,mlp,2,0,2,True,True,True,
743,connectome,2,9,5,False,False,True,7.001889060280861
743,linear,2,9,5,False,False,True,
743,mlp,2,9,5,False,False,True,
744,connectome,4,8,10,False,False,True,7.002017479760979
744,linear,4,8,10,False,True,False,
744,mlp,4,8,10,False,False,True,
745,connectome,4,7,11,True,True,True,7.0020327375209925
745,linear,4,7,11,True,True,True,
745,mlp,4,7,11,True,False,False,
746,connectome,9,6,15,True,False,False,7.00205180972101
746,linear,9,6,15,True,True,True,
746,mlp,9,6,15,True,False,False,
747,connectome,0,9,10,False,True,False,7.002306741461243
747,linear,0,9,10,False,True,False,
747,mlp,0,9,10,False,False,True,
748,connectome,5,0,4,False,False,True,7.004028325382817
748,linear,5,0,4,False,True,False,
748,mlp,5,0,4,False,False,True,
749,connectome,6,0,3,False,False,True,7.006603072385171
749,linear,6,0,3,False,True,False,
749,mlp,6,0,3,False,False,True,
750,connectome,7,1,5,False,False,True,7.006809052145359
750,linear,7,1,5,False,True,False,
750,mlp,7,1,5,False,False,True,
751,connectome,5,0,14,False,False,True,7.009793215708087
751,linear,5,0,14,False,False,True,
751,mlp,5,0,14,False,False,True,
752,connectome,8,6,10,False,False,True,7.010439127548677
752,linear,8,6,10,False,False,True,
752,mlp,8,6,10,False,False,True,
753,connectome,6,3,9,True,False,False,7.010439127548677
753,linear,6,3,9,True,True,True,
753,mlp,6,3,9,True,True,True,
754,connectome,3,5,8,True,True,True,7.010446120688684
754,linear,3,5,8,True,True,True,
754,mlp,3,5,8,True,False,False,
755,connectome,9,4,16,False,False,True,7.010448027908685
755,linear,9,4,16,False,False,True,
755,mlp,9,4,16,False,False,True,
756,connectome,1,4,4,False,True,False,7.010510966168743
756,linear,1,4,4,False,True,False,
756,mlp,1,4,4,False,False,True,
757,connectome,2,4,9,False,False,True,7.0105160520887475
757,linear,2,4,9,False,True,False,
757,mlp,2,4,9,False,False,True,
758,connectome,9,7,16,True,False,False,7.010531309848762
758,linear,9,7,16,True,False,False,
758,mlp,9,7,16,True,True,True,
759,connectome,4,0,6,False,False,True,7.0118110544699315
759,linear,4,0,6,False,True,False,
759,mlp,4,0,6,False,False,True,
760,connectome,5,2,4,False,False,True,7.011922308970034
760,linear,5,2,4,False,True,False,
760,mlp,5,2,4,False,False,True,
761,connectome,6,4,10,True,False,False,7.011926123410037
761,linear,6,4,10,True,False,False,
761,mlp,6,4,10,True,True,True,
762,connectome,5,8,8,False,False,True,7.012451244650517
762,linear,5,8,8,False,False,True,
762,mlp,5,8,8,False,False,True,
763,connectome,0,8,8,True,True,True,7.012704904910749
763,linear,0,8,8,True,True,True,
763,mlp,0,8,8,True,True,True,
764,connectome,7,1,12,False,False,True,7.01283777457087
764,linear,7,1,12,False,False,True,
764,mlp,7,1,12,False,False,True,
765,connectome,7,5,12,True,False,False,7.012850489370882
765,linear,7,5,12,True,False,False,
765,mlp,7,5,12,True,True,True,
766,connectome,4,2,9,False,False,True,7.01347224309145
766,linear,4,2,9,False,False,True,
766,mlp,4,2,9,False,False,True,
767,connectome,1,8,10,False,True,False,7.013528823951502
767,linear,1,8,10,False,True,False,
767,mlp,1,8,10,False,True,False,
768,connectome,6,2,11,False,False,True,7.013530731171504
768,linear,6,2,11,False,False,True,
768,mlp,6,2,11,False,False,True,
769,connectome,8,1,9,True,False,False,7.013530731171504
769,linear,8,1,9,True,True,True,
769,mlp,8,1,9,True,True,True,
770,connectome,9,3,9,False,False,True,7.013564425391535
770,linear,9,3,9,False,False,True,
770,mlp,9,3,9,False,False,True,
771,connectome,6,9,15,True,False,False,7.013601934051569
771,linear,6,9,15,True,False,False,
771,mlp,6,9,15,True,True,True,
772,connectome,4,7,14,False,False,True,7.01360320553157
772,linear,4,7,14,False,False,True,
772,mlp,4,7,14,False,False,True,
773,connectome,6,0,17,False,False,True,7.015785700953566
773,linear,6,0,17,False,False,True,
773,mlp,6,0,17,False,False,True,
774,connectome,1,7,10,False,True,False,7.015870890113643
774,linear,1,7,10,False,True,False,
774,mlp,1,7,10,False,False,True,
775,connectome,6,1,9,False,False,True,7.015910941733679
775,linear,6,1,9,False,True,False,
775,mlp,6,1,9,False,False,True,
776,connectome,3,3,1,False,False,True,7.0185359121960795
776,linear,3,3,1,False,False,True,
776,mlp,3,3,1,False,False,True,
777,connectome,2,6,8,True,True,True,7.0185359121960795
777,linear,2,6,8,True,True,True,
777,mlp,2,6,8,True,True,True,
778,connectome,2,8,10,True,True,True,7.0185359121960795
778,linear,2,8,10,True,True,True,
778,mlp,2,8,10,True,True,True,
779,connectome,9,7,13,False,False,True,7.018938971356448
779,linear,9,7,13,False,False,True,
779,mlp,9,7,13,False,False,True,
780,connectome,1,6,7,True,True,True,7.018938971356448
780,linear,1,6,7,True,True,True,
780,mlp,1,6,7,True,True,True,
781,connectome,0,3,3,True,True,True,7.019141136676633
781,linear,0,3,3,True,True,True,
781,mlp,0,3,3,True,True,True,
782,connectome,6,5,11,True,False,False,7.019141136676633
782,linear,6,5,11,True,False,False,
782,mlp,6,5,11,True,True,True,
783,connectome,0,6,8,False,True,False,7.019351566616825
783,linear,0,6,8,False,True,False,
783,mlp,0,6,8,False,False,True,
784,connectome,0,3,4,False,True,False,7.02022062319762
784,linear,0,3,4,False,True,False,
784,mlp,0,3,4,False,False,True,
785,connectome,6,7,14,False,False,True,7.020226344857624
785,linear,6,7,14,False,False,True,
785,mlp,6,7,14,False,True,False,
786,connectome,5,7,13,False,False,True,7.020226344857624
786,linear,5,7,13,False,False,True,
786,mlp,5,7,13,False,True,False,
787,connectome,9,7,16,True,False,False,7.0202358809576335
787,linear,9,7,16,True,False,False,
787,mlp,9,7,16,True,True,True,
788,connectome,7,9,16,True,False,False,7.020258767597654
788,linear,7,9,16,True,False,False,
788,mlp,7,9,16,True,True,True,
789,connectome,2,6,15,False,False,True,7.020263853517659
789,linear,2,6,15,False,False,True,
789,mlp,2,6,15,False,False,True,
790,connectome,6,7,13,True,False,False,7.020263853517659
790,linear,6,7,13,True,False,False,
790,mlp,6,7,13,True,True,True,
791,connectome,8,3,11,True,False,False,7.0202733896176674
791,linear,8,3,11,True,False,False,
791,mlp,8,3,11,True,True,True,
792,connectome,7,1,8,True,False,False,7.0202733896176674
792,linear,7,1,8,True,True,True,
792,mlp,7,1,8,True,True,True,
793,connectome,9,3,12,True,False,False,7.020282289977676
793,linear,9,3,12,True,False,False,
793,mlp,9,3,12,True,True,True,
794,connectome,6,1,7,True,False,False,7.020282289977676
794,linear,6,1,7,True,True,True,
794,mlp,6,1,7,True,True,True,
795,connectome,4,0,7,False,False,True,7.021975901339224
795,linear,4,0,7,False,True,False,
795,mlp,4,0,7,False,False,True,
796,connectome,9,7,15,False,False,True,7.021978444299227
796,linear,9,7,15,False,False,True,
796,mlp,9,7,15,False,True,False,
797,connectome,8,4,14,False,False,True,7.023318584220451
797,linear,8,4,14,False,False,True,
797,mlp,8,4,14,False,False,True,
798,connectome,1,2,0,False,False,True,7.027277337204071
798,linear,1,2,0,False,True,False,
798,mlp,1,2,0,False,False,True,
799,connectome,8,1,9,True,False,False,7.027277337204071
799,linear,8,1,9,True,True,True,
799,mlp,8,1,9,True,True,True,
